return {
  ["Astro's marsha idle"] = {
    {Time = 0.000, Data = {
      ["Head"] = CFrame.new(0.000000, -0.000000, 0.000000, 0.961199, 0.194577, 0.195540, -0.227576, 0.959942, 0.163464, -0.155901, -0.201622, 0.966976),
      ["LeftFoot"] = CFrame.new(0.000000, -0.000000, 0.000000, 0.982040, -0.176589, 0.066442, 0.171947, 0.982608, 0.070108, -0.077667, -0.057425, 0.995324),
      ["LeftHand"] = CFrame.new(-0.000000, 0.000000, -0.000000, 0.160113, -0.757915, -0.632399, 0.755791, 0.506227, -0.415348, 0.634936, -0.411459, 0.653879),
      ["LeftLowerArm"] = CFrame.new(0.000000, -0.000000, 0.000000, 1.000000, -0.000000, -0.000000, 0.000000, 0.344498, -0.938787, -0.000000, 0.938787, 0.344498),
      ["LeftLowerLeg"] = CFrame.new(0.000000, -0.000000, -0.000000, 1.000000, -0.000000, 0.000000, -0.000000, 0.999993, 0.003675, 0.000000, -0.003675, 0.999993),
      ["LeftUpperArm"] = CFrame.new(0.000000, -0.065238, 0.000000, 0.080367, -0.160782, -0.983712, -0.446290, 0.876651, -0.179744, 0.891272, 0.453466, -0.001301),
      ["LeftUpperLeg"] = CFrame.new(0.000026, 0.000125, 0.004997, 0.752352, 0.599045, 0.274066, -0.616419, 0.786924, -0.027872, -0.232366, -0.147969, 0.961307),
      ["LowerTorso"] = CFrame.new(0.195750, 0.040269, 0.075384, 0.889867, -0.209929, -0.405051, 0.204673, 0.977181, -0.056799, 0.407732, -0.032360, 0.912528),
      ["RightFoot"] = CFrame.new(0.000000, 0.000000, -0.000000, 0.955964, 0.253353, 0.148136, -0.242914, 0.966311, -0.085072, -0.164699, 0.045342, 0.985301),
      ["RightHand"] = CFrame.new(0.000000, 0.000000, -0.000000, 0.450495, -0.788190, 0.419294, 0.890998, 0.426580, -0.155417, -0.056361, 0.443605, 0.894449),
      ["RightLowerArm"] = CFrame.new(0.000000, -0.000000, 0.000000, 1.000000, 0.000001, -0.000000, 0.000001, 0.066557, -0.997783, 0.000001, 0.997783, 0.066554),
      ["RightLowerLeg"] = CFrame.new(0.000000, -0.000000, -0.000000, 1.000000, 0.000000, -0.000000, -0.000000, 0.999999, 0.001400, -0.000000, -0.001400, 0.999999),
      ["RightUpperArm"] = CFrame.new(-0.000000, -0.065238, -0.000000, -0.084859, -0.132836, 0.987499, 0.452415, 0.877885, 0.156969, -0.887761, 0.460079, -0.014400),
      ["RightUpperLeg"] = CFrame.new(-0.000025, -0.000126, -0.004998, 0.968552, -0.030188, -0.246974, 0.074018, 0.982634, 0.170153, 0.237548, -0.183083, 0.953966),
      ["UpperTorso"] = CFrame.new(-0.000000, -0.000000, -0.000000, 0.968029, 0.247085, 0.043231, -0.248813, 0.967701, 0.040583, -0.031808, -0.050042, 0.998240)
    }},
    {Time = 0.033, Data = {
      ["Head"] = CFrame.new(-0.000000, 0.000000, -0.000000, 0.961153, 0.194830, 0.195514, -0.227774, 0.959949, 0.163150, -0.155897, -0.201345, 0.967035),
      ["LeftFoot"] = CFrame.new(-0.000000, -0.000000, 0.000000, 0.982040, -0.176586, 0.066449, 0.171947, 0.982611, 0.070066, -0.077667, -0.057382, 0.995327),
      ["LeftHand"] = CFrame.new(0.000000, 0.000000, -0.000000, 0.160114, -0.757915, -0.632399, 0.755791, 0.506228, -0.415347, 0.634935, -0.411459, 0.653879),
      ["LeftLowerArm"] = CFrame.new(0.000000, -0.000000, -0.000000, 1.000000, -0.000000, -0.000000, 0.000000, 0.344499, -0.938787, -0.000000, 0.938787, 0.344498),
      ["LeftLowerLeg"] = CFrame.new(-0.000000, -0.000000, 0.000000, 1.000000, 0.000000, 0.000000, 0.000000, 0.999993, 0.003676, 0.000000, -0.003676, 0.999993),
      ["LeftUpperArm"] = CFrame.new(0.000000, -0.065238, -0.000000, 0.080330, -0.160769, -0.983718, -0.446550, 0.876525, -0.179716, 0.891145, 0.453716, -0.001381),
      ["LeftUpperLeg"] = CFrame.new(0.000025, 0.000126, 0.004997, 0.752326, 0.599017, 0.274199, -0.616505, 0.786870, -0.027482, -0.232222, -0.148369, 0.961280),
      ["LowerTorso"] = CFrame.new(0.195728, 0.040269, 0.075380, 0.889823, -0.210098, -0.405060, 0.204671, 0.977157, -0.057218, 0.407829, -0.031990, 0.912498),
      ["RightFoot"] = CFrame.new(0.000000, 0.000001, 0.000000, 0.955966, 0.253344, 0.148141, -0.242911, 0.966315, -0.085032, -0.164693, 0.045303, 0.985304),
      ["RightHand"] = CFrame.new(-0.000000, -0.000000, -0.000000, 0.450459, -0.788209, 0.419297, 0.891020, 0.426521, -0.155453, -0.056306, 0.443628, 0.894441),
      ["RightLowerArm"] = CFrame.new(-0.000000, 0.000000, 0.000000, 1.000000, 0.000001, -0.000000, 0.000001, 0.066650, -0.997777, 0.000001, 0.997776, 0.066647),
      ["RightLowerLeg"] = CFrame.new(0.000000, -0.000000, -0.000000, 1.000000, 0.000000, 0.000000, -0.000000, 0.999999, 0.001397, -0.000000, -0.001397, 0.999999),
      ["RightUpperArm"] = CFrame.new(-0.000000, -0.065238, 0.000000, -0.084832, -0.132840, 0.987500, 0.452678, 0.877750, 0.156964, -0.887629, 0.460336, -0.014327),
      ["RightUpperLeg"] = CFrame.new(-0.000026, -0.000126, -0.004997, 0.968578, -0.030206, -0.246866, 0.074090, 0.982576, 0.170455, 0.237416, -0.183390, 0.953940),
      ["UpperTorso"] = CFrame.new(0.000000, 0.000000, -0.000000, 0.968031, 0.247034, 0.043474, -0.248797, 0.967676, 0.041280, -0.031871, -0.050776, 0.998201)
    }},
    {Time = 0.067, Data = {
      ["Head"] = CFrame.new(0.000000, 0.000000, -0.000000, 0.961009, 0.195515, 0.195538, -0.228407, 0.959857, 0.162806, -0.155858, -0.201121, 0.967088),
      ["LeftFoot"] = CFrame.new(0.000000, 0.000000, 0.000000, 0.982038, -0.176602, 0.066431, 0.171966, 0.982609, 0.070044, -0.077645, -0.057362, 0.995329),
      ["LeftHand"] = CFrame.new(0.000000, 0.000000, 0.000000, 0.160110, -0.757914, -0.632402, 0.755786, 0.506230, -0.415354, 0.634943, -0.411457, 0.653873),
      ["LeftLowerArm"] = CFrame.new(0.000000, 0.000000, 0.000000, 1.000000, 0.000000, -0.000000, 0.000000, 0.344498, -0.938787, 0.000000, 0.938787, 0.344498),
      ["LeftLowerLeg"] = CFrame.new(0.000000, -0.000000, -0.000000, 1.000000, 0.000000, 0.000000, -0.000000, 0.999993, 0.003676, 0.000000, -0.003676, 0.999993),
      ["LeftUpperArm"] = CFrame.new(0.000000, -0.065238, -0.000000, 0.080285, -0.160718, -0.983730, -0.446810, 0.876406, -0.179650, 0.891019, 0.453963, -0.001448),
      ["LeftUpperLeg"] = CFrame.new(0.000026, 0.000126, 0.004997, 0.752270, 0.599027, 0.274330, -0.616629, 0.786787, -0.027098, -0.232072, -0.148775, 0.961254),
      ["LowerTorso"] = CFrame.new(0.195728, 0.040262, 0.075380, 0.889771, -0.210280, -0.405081, 0.204688, 0.977129, -0.057629, 0.407934, -0.031639, 0.912463),
      ["RightFoot"] = CFrame.new(0.000000, 0.000000, 0.000000, 0.955972, 0.253321, 0.148141, -0.242893, 0.966322, -0.085005, -0.164686, 0.045280, 0.985306),
      ["RightHand"] = CFrame.new(0.000000, 0.000000, -0.000000, 0.450533, -0.788150, 0.419328, 0.890985, 0.426555, -0.155559, -0.056259, 0.443700, 0.894408),
      ["RightLowerArm"] = CFrame.new(0.000000, 0.000000, 0.000000, 1.000000, 0.000000, -0.000000, 0.000001, 0.066719, -0.997772, 0.000001, 0.997772, 0.066715),
      ["RightLowerLeg"] = CFrame.new(0.000000, 0.000000, 0.000000, 1.000000, 0.000000, -0.000000, -0.000000, 0.999999, 0.001396, 0.000000, -0.001396, 0.999999),
      ["RightUpperArm"] = CFrame.new(-0.000000, -0.065238, 0.000000, -0.084918, -0.132851, 0.987492, 0.452959, 0.877595, 0.157018, -0.887478, 0.460627, -0.014347),
      ["RightUpperLeg"] = CFrame.new(-0.000026, -0.000126, -0.004998, 0.968611, -0.030209, -0.246738, 0.074163, 0.982504, 0.170836, 0.237261, -0.183772, 0.953905),
      ["UpperTorso"] = CFrame.new(-0.000000, -0.000000, 0.000000, 0.968047, 0.246936, 0.043687, -0.248731, 0.967663, 0.041963, -0.031912, -0.051488, 0.998164)
    }},
    {Time = 0.100, Data = {
      ["Head"] = CFrame.new(0.000000, -0.000000, 0.000000, 0.960812, 0.196412, 0.195610, -0.229263, 0.959710, 0.162466, -0.155818, -0.200945, 0.967131),
      ["LeftFoot"] = CFrame.new(-0.000000, 0.000000, 0.000000, 0.982038, -0.176610, 0.066412, 0.171975, 0.982608, 0.070034, -0.077625, -0.057355, 0.995331),
      ["LeftHand"] = CFrame.new(0.000000, 0.000000, -0.000000, 0.160107, -0.757914, -0.632403, 0.755780, 0.506233, -0.415361, 0.634950, -0.411455, 0.653867),
      ["LeftLowerArm"] = CFrame.new(0.000000, 0.000000, 0.000000, 1.000000, -0.000000, -0.000000, 0.000000, 0.344498, -0.938787, -0.000000, 0.938787, 0.344498),
      ["LeftLowerLeg"] = CFrame.new(0.000000, -0.000000, 0.000000, 1.000000, 0.000000, -0.000000, -0.000000, 0.999993, 0.003676, 0.000000, -0.003676, 0.999993),
      ["LeftUpperArm"] = CFrame.new(0.000000, -0.065238, -0.000000, 0.080295, -0.160714, -0.983729, -0.447050, 0.876283, -0.179650, 0.890898, 0.454201, -0.001486),
      ["LeftUpperLeg"] = CFrame.new(0.000026, 0.000126, 0.004998, 0.752221, 0.599033, 0.274453, -0.616746, 0.786708, -0.026722, -0.231922, -0.149166, 0.961229),
      ["LowerTorso"] = CFrame.new(0.195706, 0.040262, 0.075377, 0.889712, -0.210488, -0.405102, 0.204719, 0.977096, -0.058072, 0.408048, -0.031265, 0.912425),
      ["RightFoot"] = CFrame.new(0.000000, 0.000000, 0.000000, 0.955979, 0.253293, 0.148143, -0.242872, 0.966331, -0.084956, -0.164674, 0.045236, 0.985310),
      ["RightHand"] = CFrame.new(-0.000000, 0.000000, 0.000000, 0.450608, -0.788091, 0.419358, 0.890951, 0.426590, -0.155664, -0.056213, 0.443771, 0.894376),
      ["RightLowerArm"] = CFrame.new(-0.000000, -0.000000, -0.000000, 1.000000, 0.000001, -0.000000, 0.000001, 0.066787, -0.997768, 0.000001, 0.997767, 0.066783),
      ["RightLowerLeg"] = CFrame.new(-0.000000, 0.000000, -0.000000, 1.000000, 0.000000, 0.000000, -0.000000, 0.999999, 0.001393, -0.000000, -0.001393, 0.999999),
      ["RightUpperArm"] = CFrame.new(0.000000, -0.065238, 0.000000, -0.084888, -0.132800, 0.987501, 0.453166, 0.877499, 0.156962, -0.887375, 0.460826, -0.014308),
      ["RightUpperLeg"] = CFrame.new(-0.000025, -0.000126, -0.004997, 0.968640, -0.030194, -0.246628, 0.074210, 0.982441, 0.171178, 0.237129, -0.184112, 0.953873),
      ["UpperTorso"] = CFrame.new(-0.000000, -0.000000, 0.000000, 0.968061, 0.246843, 0.043898, -0.248671, 0.967648, 0.042655, -0.031949, -0.052209, 0.998125)
    }},
    {Time = 0.133, Data = {
      ["Head"] = CFrame.new(0.000000, -0.000000, -0.000000, 0.960523, 0.197740, 0.195689, -0.230548, 0.959463, 0.162105, -0.155701, -0.200821, 0.967175),
      ["LeftFoot"] = CFrame.new(0.000000, 0.000000, -0.000000, 0.982034, -0.176638, 0.066393, 0.172007, 0.982605, 0.070001, -0.077603, -0.057324, 0.995335),
      ["LeftHand"] = CFrame.new(0.000000, 0.000000, 0.000000, 0.160105, -0.757912, -0.632405, 0.755774, 0.506237, -0.415367, 0.634958, -0.411454, 0.653861),
      ["LeftLowerArm"] = CFrame.new(-0.000000, -0.000000, 0.000000, 1.000000, -0.000000, -0.000000, 0.000000, 0.344498, -0.938787, -0.000000, 0.938787, 0.344498),
      ["LeftLowerLeg"] = CFrame.new(0.000000, 0.000000, -0.000000, 1.000000, -0.000000, -0.000000, 0.000000, 0.999993, 0.003678, 0.000000, -0.003678, 0.999993),
      ["LeftUpperArm"] = CFrame.new(0.000000, -0.065238, 0.000000, 0.080345, -0.160675, -0.983732, -0.447258, 0.876180, -0.179638, 0.890789, 0.454415, -0.001466),
      ["LeftUpperLeg"] = CFrame.new(0.000025, 0.000126, 0.004997, 0.752136, 0.599071, 0.274601, -0.616918, 0.786588, -0.026278, -0.231741, -0.149641, 0.961199),
      ["LowerTorso"] = CFrame.new(0.195684, 0.040262, 0.075525, 0.889653, -0.210695, -0.405124, 0.204750, 0.977064, -0.058516, 0.408161, -0.030891, 0.912387),
      ["RightFoot"] = CFrame.new(-0.000000, 0.000000, -0.000000, 0.955987, 0.253260, 0.148146, -0.242847, 0.966342, -0.084912, -0.164665, 0.045198, 0.985314),
      ["RightHand"] = CFrame.new(-0.000000, -0.000000, -0.000000, 0.450682, -0.788032, 0.419389, 0.890916, 0.426624, -0.155770, -0.056166, 0.443843, 0.894343),
      ["RightLowerArm"] = CFrame.new(-0.000000, 0.000000, -0.000000, 1.000000, 0.000001, -0.000000, 0.000001, 0.066856, -0.997763, 0.000001, 0.997763, 0.066852),
      ["RightLowerLeg"] = CFrame.new(0.000000, -0.000000, -0.000000, 1.000000, 0.000000, -0.000000, -0.000000, 0.999999, 0.001391, 0.000000, -0.001391, 0.999999),
      ["RightUpperArm"] = CFrame.new(-0.000000, -0.065238, 0.000000, -0.084756, -0.132762, 0.987517, 0.453337, 0.877427, 0.156870, -0.887301, 0.460973, -0.014181),
      ["RightUpperLeg"] = CFrame.new(-0.000025, -0.000126, -0.004998, 0.968673, -0.030160, -0.246499, 0.074242, 0.982376, 0.171542, 0.236981, -0.184468, 0.953840),
      ["UpperTorso"] = CFrame.new(-0.000000, -0.000000, -0.000000, 0.968080, 0.246728, 0.044126, -0.248586, 0.967646, 0.043203, -0.032039, -0.052793, 0.998091)
    }},
    {Time = 0.167, Data = {
      ["Head"] = CFrame.new(-0.000000, 0.000000, 0.000000, 0.960179, 0.199284, 0.195812, -0.232055, 0.959163, 0.161733, -0.155585, -0.200731, 0.967213),
      ["LeftFoot"] = CFrame.new(0.000000, 0.000000, 0.000000, 0.982033, -0.176654, 0.066372, 0.172024, 0.982602, 0.070006, -0.077584, -0.057332, 0.995336),
      ["LeftHand"] = CFrame.new(0.000000, 0.000000, 0.000000, 0.160101, -0.757911, -0.632407, 0.755769, 0.506239, -0.415373, 0.634965, -0.411452, 0.653855),
      ["LeftLowerArm"] = CFrame.new(-0.000000, 0.000000, -0.000000, 1.000000, -0.000000, -0.000000, 0.000000, 0.344498, -0.938787, -0.000000, 0.938787, 0.344498),
      ["LeftLowerLeg"] = CFrame.new(0.000000, 0.000000, 0.000000, 1.000000, 0.000000, -0.000000, 0.000000, 0.999993, 0.003677, -0.000000, -0.003677, 0.999993),
      ["LeftUpperArm"] = CFrame.new(-0.000000, -0.065238, 0.000000, 0.080438, -0.160627, -0.983732, -0.447447, 0.876084, -0.179636, 0.890686, 0.454617, -0.001401),
      ["LeftUpperLeg"] = CFrame.new(0.000025, 0.000125, 0.004997, 0.752058, 0.599117, 0.274715, -0.617071, 0.786480, -0.025920, -0.231587, -0.150025, 0.961176),
      ["LowerTorso"] = CFrame.new(0.195705, 0.040262, 0.075530, 0.889587, -0.210929, -0.405147, 0.204793, 0.977026, -0.058992, 0.408282, -0.030493, 0.912346),
      ["RightFoot"] = CFrame.new(0.000000, 0.000000, 0.000000, 0.955995, 0.253230, 0.148148, -0.242823, 0.966352, -0.084868, -0.164655, 0.045160, 0.985317),
      ["RightHand"] = CFrame.new(-0.000000, -0.000000, -0.000000, 0.450757, -0.787973, 0.419419, 0.890881, 0.426658, -0.155876, -0.056119, 0.443915, 0.894310),
      ["RightLowerArm"] = CFrame.new(0.000000, 0.000000, -0.000000, 1.000000, 0.000001, -0.000000, 0.000001, 0.066925, -0.997758, 0.000001, 0.997758, 0.066921),
      ["RightLowerLeg"] = CFrame.new(0.000000, -0.000000, -0.000000, 1.000000, 0.000000, 0.000000, -0.000000, 0.999999, 0.001388, -0.000000, -0.001388, 0.999999),
      ["RightUpperArm"] = CFrame.new(0.000000, -0.065238, 0.000000, -0.084625, -0.132698, 0.987537, 0.453448, 0.877390, 0.156755, -0.887256, 0.461062, -0.014078),
      ["RightUpperLeg"] = CFrame.new(-0.000026, -0.000126, -0.004997, 0.968708, -0.030119, -0.246369, 0.074274, 0.982303, 0.171943, 0.236830, -0.184861, 0.953802),
      ["UpperTorso"] = CFrame.new(-0.000000, -0.000000, -0.000000, 0.968110, 0.246573, 0.044338, -0.248464, 0.967646, 0.043894, -0.032080, -0.053510, 0.998052)
    }},
    {Time = 0.200, Data = {
      ["Head"] = CFrame.new(0.000000, -0.000000, 0.000000, 0.959783, 0.201043, 0.195957, -0.233780, 0.958810, 0.161339, -0.155449, -0.200660, 0.967249),
      ["LeftFoot"] = CFrame.new(-0.000000, -0.000000, -0.000000, 0.982031, -0.176670, 0.066353, 0.172042, 0.982600, 0.069985, -0.077563, -0.057313, 0.995339),
      ["LeftHand"] = CFrame.new(0.000000, 0.000000, -0.000000, 0.160098, -0.757911, -0.632409, 0.755763, 0.506242, -0.415380, 0.634973, -0.411450, 0.653849),
      ["LeftLowerArm"] = CFrame.new(-0.000000, 0.000000, 0.000000, 1.000000, -0.000000, 0.000000, 0.000000, 0.344499, -0.938787, 0.000000, 0.938787, 0.344497),
      ["LeftLowerLeg"] = CFrame.new(0.000000, -0.000000, -0.000000, 1.000000, -0.000000, 0.000000, 0.000000, 0.999993, 0.003677, -0.000000, -0.003677, 0.999993),
      ["LeftUpperArm"] = CFrame.new(0.000000, -0.065239, -0.000000, 0.080573, -0.160585, -0.983728, -0.447624, 0.875988, -0.179660, 0.890584, 0.454816, -0.001300),
      ["LeftUpperLeg"] = CFrame.new(0.000025, 0.000126, 0.004998, 0.751981, 0.599150, 0.274854, -0.617233, 0.786367, -0.025485, -0.231406, -0.150484, 0.961148),
      ["LowerTorso"] = CFrame.new(0.195684, 0.040256, 0.075676, 0.889520, -0.211171, -0.405169, 0.204847, 0.976986, -0.059470, 0.408402, -0.030098, 0.912306),
      ["RightFoot"] = CFrame.new(-0.000000, 0.000000, -0.000000, 0.956003, 0.253196, 0.148151, -0.242798, 0.966363, -0.084814, -0.164643, 0.045112, 0.985321),
      ["RightHand"] = CFrame.new(0.000000, 0.000000, 0.000000, 0.450986, -0.787792, 0.419513, 0.890764, 0.426846, -0.156032, -0.056142, 0.444056, 0.894238),
      ["RightLowerArm"] = CFrame.new(-0.000000, -0.000001, 0.000000, 1.000000, 0.000001, -0.000000, 0.000001, 0.067061, -0.997749, 0.000001, 0.997749, 0.067057),
      ["RightLowerLeg"] = CFrame.new(0.000000, 0.000000, -0.000000, 1.000000, 0.000000, 0.000000, -0.000000, 0.999999, 0.001385, 0.000000, -0.001385, 0.999999),
      ["RightUpperArm"] = CFrame.new(0.000000, -0.065238, 0.000000, -0.084388, -0.132618, 0.987568, 0.453492, 0.877399, 0.156575, -0.887256, 0.461067, -0.013901),
      ["RightUpperLeg"] = CFrame.new(-0.000026, -0.000125, -0.004997, 0.968747, -0.030068, -0.246222, 0.074287, 0.982237, 0.172316, 0.236667, -0.185222, 0.953772),
      ["UpperTorso"] = CFrame.new(0.000000, 0.000000, 0.000000, 0.968138, 0.246424, 0.044557, -0.248347, 0.967647, 0.044527, -0.032143, -0.054174, 0.998014)
    }},
    {Time = 0.233, Data = {
      ["Head"] = CFrame.new(0.000000, 0.000000, -0.000000, 0.958862, 0.205058, 0.196301, -0.237737, 0.957967, 0.160561, -0.155125, -0.200624, 0.967309),
      ["LeftFoot"] = CFrame.new(-0.000000, 0.000000, -0.000000, 0.982026, -0.176710, 0.066331, 0.172085, 0.982593, 0.069975, -0.077542, -0.057303, 0.995341),
      ["LeftHand"] = CFrame.new(0.000000, -0.000000, 0.000000, 0.160095, -0.757909, -0.632411, 0.755758, 0.506245, -0.415386, 0.634980, -0.411448, 0.653843),
      ["LeftLowerArm"] = CFrame.new(0.000000, 0.000000, 0.000000, 1.000000, 0.000000, -0.000000, 0.000000, 0.344498, -0.938787, 0.000000, 0.938787, 0.344498),
      ["LeftLowerLeg"] = CFrame.new(-0.000000, -0.000000, -0.000000, 1.000000, -0.000000, 0.000000, 0.000000, 0.999993, 0.003677, 0.000000, -0.003677, 0.999993),
      ["LeftUpperArm"] = CFrame.new(0.000000, -0.065239, 0.000000, 0.080930, -0.160497, -0.983713, -0.447871, 0.875845, -0.179744, 0.890428, 0.455123, -0.001000),
      ["LeftUpperLeg"] = CFrame.new(0.000025, 0.000125, 0.004998, 0.751769, 0.599285, 0.275139, -0.617635, 0.786080, -0.024594, -0.231021, -0.151446, 0.961090),
      ["LowerTorso"] = CFrame.new(0.195684, 0.040249, 0.075977, 0.889375, -0.211715, -0.405203, 0.204973, 0.976894, -0.060524, 0.408655, -0.029228, 0.912221),
      ["RightFoot"] = CFrame.new(0.000000, 0.000000, 0.000000, 0.956016, 0.253141, 0.148161, -0.242759, 0.966381, -0.084710, -0.164624, 0.045017, 0.985329),
      ["RightHand"] = CFrame.new(-0.000000, 0.000000, 0.000000, 0.451685, -0.787255, 0.419769, 0.890400, 0.427464, -0.156417, -0.056292, 0.444414, 0.894051),
      ["RightLowerArm"] = CFrame.new(-0.000000, -0.000000, -0.000000, 1.000000, 0.000001, -0.000001, 0.000001, 0.067198, -0.997740, 0.000001, 0.997740, 0.067194),
      ["RightLowerLeg"] = CFrame.new(-0.000000, 0.000000, -0.000000, 1.000000, -0.000000, -0.000000, -0.000000, 0.999999, 0.001379, 0.000000, -0.001379, 0.999999),
      ["RightUpperArm"] = CFrame.new(0.000000, -0.065238, 0.000000, -0.083872, -0.132445, 0.987635, 0.453603, 0.877411, 0.156185, -0.887248, 0.461094, -0.013513),
      ["RightUpperLeg"] = CFrame.new(-0.000026, -0.000126, -0.004998, 0.968826, -0.029922, -0.245926, 0.074288, 0.982089, 0.173156, 0.236340, -0.186027, 0.953697),
      ["UpperTorso"] = CFrame.new(-0.000000, -0.000000, 0.000000, 0.968208, 0.246073, 0.044958, -0.248062, 0.967658, 0.045855, -0.032220, -0.055549, 0.997936)
    }},
    {Time = 0.267, Data = {
      ["Head"] = CFrame.new(0.000000, -0.000000, 0.000000, 0.958604, 0.206171, 0.196400, -0.238836, 0.957729, 0.160353, -0.155037, -0.200622, 0.967323),
      ["LeftFoot"] = CFrame.new(0.000000, 0.000000, 0.000000, 0.982024, -0.176723, 0.066311, 0.172100, 0.982591, 0.069966, -0.077521, -0.057297, 0.995343),
      ["LeftHand"] = CFrame.new(-0.000000, 0.000000, -0.000000, 0.160091, -0.757908, -0.632413, 0.755753, 0.506247, -0.415393, 0.634987, -0.411447, 0.653837),
      ["LeftLowerArm"] = CFrame.new(-0.000000, 0.000000, -0.000000, 1.000000, -0.000000, 0.000000, 0.000000, 0.344498, -0.938787, -0.000000, 0.938787, 0.344498),
      ["LeftLowerLeg"] = CFrame.new(-0.000000, 0.000000, 0.000000, 1.000000, -0.000000, -0.000000, 0.000000, 0.999993, 0.003677, -0.000000, -0.003677, 0.999993),
      ["LeftUpperArm"] = CFrame.new(0.000000, -0.065238, 0.000000, 0.081042, -0.160476, -0.983707, -0.447929, 0.875808, -0.179776, 0.890388, 0.455201, -0.000905),
      ["LeftUpperLeg"] = CFrame.new(0.000025, 0.000126, 0.004998, 0.751717, 0.599315, 0.275215, -0.617737, 0.786007, -0.024354, -0.230918, -0.151703, 0.961074),
      ["LowerTorso"] = CFrame.new(0.195684, 0.040249, 0.075984, 0.889332, -0.211868, -0.405216, 0.205011, 0.976868, -0.060816, 0.408728, -0.028988, 0.912196),
      ["RightFoot"] = CFrame.new(-0.000000, 0.000000, 0.000000, 0.956023, 0.253113, 0.148163, -0.242737, 0.966390, -0.084674, -0.164615, 0.044987, 0.985331),
      ["RightHand"] = CFrame.new(0.000000, -0.000000, -0.000000, 0.451863, -0.787109, 0.419851, 0.890306, 0.427625, -0.156510, -0.056344, 0.444518, 0.893996),
      ["RightLowerArm"] = CFrame.new(0.000000, 0.000000, -0.000000, 1.000000, 0.000001, -0.000000, 0.000000, 0.067271, -0.997735, 0.000001, 0.997735, 0.067267),
      ["RightLowerLeg"] = CFrame.new(0.000000, -0.000000, -0.000000, 1.000000, -0.000000, 0.000000, -0.000000, 0.999999, 0.001377, -0.000000, -0.001377, 0.999999),
      ["RightUpperArm"] = CFrame.new(-0.000000, -0.065238, -0.000000, -0.083773, -0.132408, 0.987649, 0.453610, 0.877422, 0.156106, -0.887254, 0.461084, -0.013442),
      ["RightUpperLeg"] = CFrame.new(-0.000026, -0.000126, -0.004998, 0.968849, -0.029883, -0.245842, 0.074290, 0.982048, 0.173388, 0.236246, -0.186250, 0.953676),
      ["UpperTorso"] = CFrame.new(-0.000000, 0.000000, -0.000000, 0.968228, 0.245974, 0.045071, -0.247981, 0.967661, 0.046228, -0.032243, -0.055936, 0.997914)
    }},
    {Time = 0.300, Data = {
      ["Head"] = CFrame.new(-0.000000, 0.000000, -0.000000, 0.958344, 0.207283, 0.196498, -0.239934, 0.957489, 0.160144, -0.154949, -0.200619, 0.967338),
      ["LeftFoot"] = CFrame.new(0.000000, -0.000000, 0.000000, 0.982023, -0.176737, 0.066291, 0.172115, 0.982589, 0.069957, -0.077501, -0.057291, 0.995345),
      ["LeftHand"] = CFrame.new(0.000000, -0.000000, 0.000000, 0.160088, -0.757907, -0.632415, 0.755747, 0.506251, -0.415399, 0.634994, -0.411445, 0.653831),
      ["LeftLowerArm"] = CFrame.new(0.000000, 0.000000, 0.000000, 1.000000, -0.000000, 0.000000, 0.000000, 0.344498, -0.938787, -0.000000, 0.938787, 0.344498),
      ["LeftLowerLeg"] = CFrame.new(0.000000, 0.000000, 0.000000, 1.000000, 0.000000, 0.000000, 0.000000, 0.999993, 0.003677, -0.000000, -0.003677, 0.999993),
      ["LeftUpperArm"] = CFrame.new(0.000000, -0.065238, -0.000000, 0.081152, -0.160455, -0.983701, -0.447988, 0.875772, -0.179808, 0.890349, 0.455278, -0.000811),
      ["LeftUpperLeg"] = CFrame.new(0.000025, 0.000125, 0.004997, 0.751665, 0.599346, 0.275292, -0.617839, 0.785934, -0.024115, -0.230814, -0.151959, 0.961058),
      ["LowerTorso"] = CFrame.new(0.195684, 0.040242, 0.076132, 0.889290, -0.212021, -0.405229, 0.205049, 0.976842, -0.061108, 0.408801, -0.028749, 0.912171),
      ["RightFoot"] = CFrame.new(0.000000, 0.000000, -0.000000, 0.956031, 0.253085, 0.148164, -0.242714, 0.966399, -0.084638, -0.164606, 0.044956, 0.985334),
      ["RightHand"] = CFrame.new(0.000000, -0.000000, -0.000000, 0.452042, -0.786963, 0.419932, 0.890212, 0.427787, -0.156603, -0.056397, 0.444620, 0.893942),
      ["RightLowerArm"] = CFrame.new(0.000000, -0.000000, -0.000000, 1.000000, 0.000001, -0.000000, 0.000001, 0.067344, -0.997730, 0.000001, 0.997730, 0.067340),
      ["RightLowerLeg"] = CFrame.new(0.000000, 0.000000, -0.000000, 1.000000, 0.000000, 0.000000, -0.000000, 0.999999, 0.001375, -0.000000, -0.001375, 0.999999),
      ["RightUpperArm"] = CFrame.new(0.000000, -0.065238, 0.000000, -0.083672, -0.132371, 0.987662, 0.453617, 0.877432, 0.156026, -0.887260, 0.461075, -0.013371),
      ["RightUpperLeg"] = CFrame.new(-0.000026, -0.000126, -0.004997, 0.968872, -0.029844, -0.245757, 0.074291, 0.982007, 0.173620, 0.236153, -0.186473, 0.953656),
      ["UpperTorso"] = CFrame.new(-0.000000, 0.000000, 0.000000, 0.968248, 0.245874, 0.045185, -0.247900, 0.967664, 0.046601, -0.032266, -0.056322, 0.997891)
    }},
    {Time = 0.333, Data = {
      ["Head"] = CFrame.new(-0.000000, -0.000000, 0.000000, 0.957824, 0.209470, 0.196713, -0.242100, 0.957011, 0.159743, -0.154795, -0.200630, 0.967360),
      ["LeftFoot"] = CFrame.new(-0.000000, 0.000000, 0.000000, 0.982019, -0.176769, 0.066268, 0.172148, 0.982583, 0.069967, -0.077482, -0.057302, 0.995346),
      ["LeftHand"] = CFrame.new(0.000000, 0.000000, -0.000000, 0.160086, -0.757906, -0.632416, 0.755742, 0.506253, -0.415406, 0.635002, -0.411443, 0.653825),
      ["LeftLowerArm"] = CFrame.new(-0.000000, -0.000000, -0.000000, 1.000000, -0.000000, -0.000000, 0.000000, 0.344498, -0.938787, 0.000000, 0.938787, 0.344498),
      ["LeftLowerLeg"] = CFrame.new(0.000000, 0.000000, 0.000000, 1.000000, 0.000000, -0.000000, -0.000000, 0.999993, 0.003676, 0.000000, -0.003676, 0.999993),
      ["LeftUpperArm"] = CFrame.new(0.000000, -0.065238, -0.000000, 0.081405, -0.160430, -0.983685, -0.448072, 0.875710, -0.179900, 0.890284, 0.455406, -0.000597),
      ["LeftUpperLeg"] = CFrame.new(0.000025, 0.000126, 0.004997, 0.751529, 0.599451, 0.275434, -0.618082, 0.785757, -0.023660, -0.230607, -0.152459, 0.961029),
      ["LowerTorso"] = CFrame.new(0.195684, 0.040236, 0.076284, 0.889204, -0.212331, -0.405256, 0.205118, 0.976789, -0.061713, 0.408953, -0.028250, 0.912118),
      ["RightFoot"] = CFrame.new(0.000000, 0.000000, -0.000000, 0.956041, 0.253043, 0.148168, -0.242681, 0.966412, -0.084583, -0.164595, 0.044908, 0.985338),
      ["RightHand"] = CFrame.new(-0.000000, 0.000000, 0.000000, 0.452416, -0.786716, 0.419993, 0.890019, 0.428114, -0.156804, -0.056439, 0.444743, 0.893878),
      ["RightLowerArm"] = CFrame.new(0.000000, 0.000000, 0.000000, 1.000000, 0.000001, -0.000001, 0.000001, 0.067417, -0.997725, 0.000001, 0.997725, 0.067412),
      ["RightLowerLeg"] = CFrame.new(0.000000, 0.000000, 0.000000, 1.000000, 0.000000, 0.000000, 0.000000, 0.999999, 0.001372, 0.000000, -0.001372, 0.999999),
      ["RightUpperArm"] = CFrame.new(0.000000, -0.065238, 0.000000, -0.083404, -0.132277, 0.987698, 0.453645, 0.877454, 0.155820, -0.887271, 0.461060, -0.013177),
      ["RightUpperLeg"] = CFrame.new(-0.000026, -0.000125, -0.004997, 0.968922, -0.029752, -0.245571, 0.074288, 0.981916, 0.174134, 0.235949, -0.186965, 0.953610),
      ["UpperTorso"] = CFrame.new(-0.000000, 0.000000, 0.000000, 0.968293, 0.245656, 0.045419, -0.247718, 0.967677, 0.047299, -0.032331, -0.057050, 0.997848)
    }},
    {Time = 0.367, Data = {
      ["Head"] = CFrame.new(0.000000, 0.000000, -0.000000, 0.957275, 0.211761, 0.196930, -0.244368, 0.956502, 0.159334, -0.154623, -0.200650, 0.967384),
      ["LeftFoot"] = CFrame.new(0.000000, -0.000000, 0.000000, 0.982017, -0.176790, 0.066246, 0.172170, 0.982579, 0.069974, -0.077462, -0.057311, 0.995347),
      ["LeftHand"] = CFrame.new(0.000000, 0.000000, -0.000000, 0.160083, -0.757905, -0.632419, 0.755736, 0.506257, -0.415412, 0.635009, -0.411442, 0.653819),
      ["LeftLowerArm"] = CFrame.new(-0.000000, -0.000000, 0.000000, 1.000000, -0.000000, -0.000000, 0.000000, 0.344498, -0.938787, -0.000000, 0.938787, 0.344498),
      ["LeftLowerLeg"] = CFrame.new(-0.000000, 0.000000, -0.000000, 1.000000, -0.000000, -0.000000, -0.000000, 0.999993, 0.003674, -0.000000, -0.003674, 0.999993),
      ["LeftUpperArm"] = CFrame.new(-0.000000, -0.065237, 0.000000, 0.081682, -0.160395, -0.983667, -0.448152, 0.875649, -0.179996, 0.890218, 0.455534, -0.000356),
      ["LeftUpperLeg"] = CFrame.new(0.000026, 0.000126, 0.004997, 0.751410, 0.599533, 0.275578, -0.618301, 0.785598, -0.023200, -0.230403, -0.152957, 0.960999),
      ["LowerTorso"] = CFrame.new(0.195684, 0.040229, 0.076436, 0.889116, -0.212649, -0.405282, 0.205196, 0.976735, -0.062320, 0.409106, -0.027753, 0.912065),
      ["RightFoot"] = CFrame.new(0.000000, 0.000000, 0.000000, 0.956052, 0.253000, 0.148174, -0.242650, 0.966427, -0.084507, -0.164580, 0.044839, 0.985344),
      ["RightHand"] = CFrame.new(-0.000000, -0.000000, -0.000000, 0.452830, -0.786470, 0.420007, 0.889809, 0.428459, -0.157052, -0.056435, 0.444845, 0.893828),
      ["RightLowerArm"] = CFrame.new(0.000000, -0.000000, 0.000000, 1.000000, 0.000001, -0.000000, 0.000001, 0.067490, -0.997720, 0.000001, 0.997720, 0.067486),
      ["RightLowerLeg"] = CFrame.new(0.000000, 0.000000, -0.000000, 1.000000, 0.000000, 0.000000, 0.000000, 0.999999, 0.001368, 0.000000, -0.001368, 0.999999),
      ["RightUpperArm"] = CFrame.new(0.000000, -0.065236, -0.000000, -0.083254, -0.132219, 0.987718, 0.453735, 0.877429, 0.155701, -0.887239, 0.461125, -0.013057),
      ["RightUpperLeg"] = CFrame.new(-0.000025, -0.000125, -0.004997, 0.968967, -0.029661, -0.245403, 0.074271, 0.981839, 0.174574, 0.235769, -0.187383, 0.953573),
      ["UpperTorso"] = CFrame.new(-0.000000, -0.000000, 0.000000, 0.968338, 0.245438, 0.045628, -0.247535, 0.967689, 0.048011, -0.032370, -0.057786, 0.997804)
    }},
    {Time = 0.400, Data = {
      ["Head"] = CFrame.new(0.000000, 0.000000, -0.000000, 0.956227, 0.216057, 0.197354, -0.248625, 0.955534, 0.158559, -0.154320, -0.200685, 0.967425),
      ["LeftFoot"] = CFrame.new(0.000000, -0.000000, 0.000000, 0.982010, -0.176838, 0.066221, 0.172219, 0.982569, 0.069984, -0.077443, -0.057321, 0.995348),
      ["LeftHand"] = CFrame.new(0.000000, -0.000000, -0.000000, 0.160080, -0.757904, -0.632421, 0.755731, 0.506259, -0.415418, 0.635016, -0.411440, 0.653813),
      ["LeftLowerArm"] = CFrame.new(-0.000000, 0.000001, 0.000000, 1.000000, -0.000000, -0.000000, 0.000000, 0.344498, -0.938787, 0.000000, 0.938787, 0.344497),
      ["LeftLowerLeg"] = CFrame.new(-0.000000, 0.000000, -0.000000, 1.000000, -0.000000, 0.000000, -0.000000, 0.999993, 0.003673, 0.000000, -0.003673, 0.999993),
      ["LeftUpperArm"] = CFrame.new(0.000000, -0.065238, 0.000000, 0.082237, -0.160286, -0.983639, -0.448233, 0.875576, -0.180151, 0.890126, 0.455714, 0.000160),
      ["LeftUpperLeg"] = CFrame.new(0.000026, 0.000126, 0.004997, 0.751150, 0.599737, 0.275844, -0.618765, 0.785258, -0.022341, -0.230007, -0.153900, 0.960943),
      ["LowerTorso"] = CFrame.new(0.195684, 0.040210, 0.076735, 0.888944, -0.213256, -0.405341, 0.205374, 0.976627, -0.063415, 0.409391, -0.026874, 0.911963),
      ["RightFoot"] = CFrame.new(0.000000, 0.000000, -0.000000, 0.956075, 0.252903, 0.148191, -0.242571, 0.966457, -0.084381, -0.164560, 0.044728, 0.985352),
      ["RightHand"] = CFrame.new(0.000000, -0.000000, 0.000000, 0.453557, -0.786073, 0.419966, 0.889439, 0.429082, -0.157448, -0.056431, 0.444947, 0.893778),
      ["RightLowerArm"] = CFrame.new(0.000000, 0.000001, -0.000000, 1.000000, 0.000001, -0.000000, 0.000001, 0.067563, -0.997715, 0.000001, 0.997715, 0.067559),
      ["RightLowerLeg"] = CFrame.new(0.000000, -0.000000, 0.000000, 1.000000, 0.000000, 0.000000, -0.000000, 0.999999, 0.001360, -0.000000, -0.001360, 0.999999),
      ["RightUpperArm"] = CFrame.new(-0.000000, -0.065238, -0.000000, -0.083020, -0.132095, 0.987754, 0.453893, 0.877386, 0.155484, -0.887181, 0.461243, -0.012884),
      ["RightUpperLeg"] = CFrame.new(-0.000026, -0.000125, -0.004997, 0.969053, -0.029439, -0.245090, 0.074186, 0.981699, 0.175395, 0.235441, -0.188149, 0.953503),
      ["UpperTorso"] = CFrame.new(-0.000000, -0.000000, -0.000000, 0.968433, 0.244993, 0.046011, -0.247153, 0.967724, 0.049240, -0.032463, -0.059057, 0.997727)
    }},
    {Time = 0.433, Data = {
      ["Head"] = CFrame.new(-0.000000, -0.000000, 0.000000, 0.955961, 0.217134, 0.197465, -0.249692, 0.955288, 0.158362, -0.154250, -0.200693, 0.967434),
      ["LeftFoot"] = CFrame.new(-0.000000, -0.000000, 0.000000, 0.982006, -0.176862, 0.066208, 0.172241, 0.982563, 0.070017, -0.077437, -0.057354, 0.995346),
      ["LeftHand"] = CFrame.new(0.000000, 0.000000, -0.000000, 0.160077, -0.757903, -0.632423, 0.755726, 0.506262, -0.415424, 0.635023, -0.411438, 0.653807),
      ["LeftLowerArm"] = CFrame.new(0.000000, 0.000000, 0.000000, 1.000000, -0.000000, -0.000000, -0.000000, 0.344498, -0.938787, -0.000000, 0.938787, 0.344497),
      ["LeftLowerLeg"] = CFrame.new(-0.000000, -0.000000, -0.000000, 1.000000, -0.000000, 0.000000, 0.000000, 0.999993, 0.003672, 0.000000, -0.003672, 0.999993),
      ["LeftUpperArm"] = CFrame.new(-0.000000, -0.065239, -0.000000, 0.082406, -0.160256, -0.983630, -0.448251, 0.875556, -0.180202, 0.890101, 0.455762, 0.000316),
      ["LeftUpperLeg"] = CFrame.new(0.000025, 0.000125, 0.004997, 0.751082, 0.599798, 0.275897, -0.618881, 0.785172, -0.022159, -0.229918, -0.154104, 0.960932),
      ["LowerTorso"] = CFrame.new(0.195684, 0.040209, 0.076746, 0.888903, -0.213406, -0.405351, 0.205425, 0.976599, -0.063669, 0.409453, -0.026674, 0.911941),
      ["RightFoot"] = CFrame.new(-0.000000, 0.000000, -0.000000, 0.956091, 0.252839, 0.148195, -0.242513, 0.966475, -0.084343, -0.164553, 0.044701, 0.985355),
      ["RightHand"] = CFrame.new(0.000000, 0.000000, 0.000000, 0.453774, -0.785945, 0.419972, 0.889328, 0.429272, -0.157559, -0.056444, 0.444989, 0.893755),
      ["RightLowerArm"] = CFrame.new(-0.000000, -0.000000, 0.000000, 1.000000, 0.000000, -0.000000, 0.000001, 0.067595, -0.997713, 0.000001, 0.997713, 0.067590),
      ["RightLowerLeg"] = CFrame.new(0.000000, -0.000000, 0.000000, 1.000000, 0.000000, -0.000000, -0.000000, 0.999999, 0.001358, -0.000000, -0.001358, 0.999999),
      ["RightUpperArm"] = CFrame.new(0.000000, -0.065239, 0.000000, -0.082929, -0.132046, 0.987769, 0.453930, 0.877382, 0.155399, -0.887170, 0.461264, -0.012821),
      ["RightUpperLeg"] = CFrame.new(-0.000026, -0.000125, -0.004998, 0.969075, -0.029375, -0.245011, 0.074152, 0.981668, 0.175581, 0.235363, -0.188319, 0.953489),
      ["UpperTorso"] = CFrame.new(-0.000000, 0.000000, -0.000000, 0.968457, 0.244876, 0.046126, -0.247052, 0.967736, 0.049519, -0.032512, -0.059352, 0.997708)
    }},
    {Time = 0.467, Data = {
      ["Head"] = CFrame.new(0.000000, 0.000000, 0.000000, 0.955693, 0.218210, 0.197576, -0.250759, 0.955041, 0.158166, -0.154180, -0.200702, 0.967444),
      ["LeftFoot"] = CFrame.new(0.000000, -0.000000, 0.000000, 0.982003, -0.176885, 0.066196, 0.172262, 0.982557, 0.070050, -0.077432, -0.057387, 0.995345),
      ["LeftHand"] = CFrame.new(-0.000000, -0.000000, 0.000000, 0.160073, -0.757902, -0.632425, 0.755720, 0.506265, -0.415431, 0.635030, -0.411437, 0.653801),
      ["LeftLowerArm"] = CFrame.new(0.000000, 0.000000, -0.000000, 1.000000, 0.000000, -0.000000, 0.000000, 0.344498, -0.938787, 0.000000, 0.938787, 0.344498),
      ["LeftLowerLeg"] = CFrame.new(0.000000, -0.000000, 0.000000, 1.000000, 0.000000, 0.000000, 0.000000, 0.999993, 0.003671, 0.000000, -0.003671, 0.999993),
      ["LeftUpperArm"] = CFrame.new(0.000000, -0.065238, 0.000000, 0.082576, -0.160226, -0.983620, -0.448268, 0.875537, -0.180252, 0.890077, 0.455810, 0.000474),
      ["LeftUpperLeg"] = CFrame.new(0.000025, 0.000126, 0.004998, 0.751014, 0.599858, 0.275952, -0.618996, 0.785086, -0.021977, -0.229829, -0.154307, 0.960920),
      ["LowerTorso"] = CFrame.new(0.195663, 0.040203, 0.077035, 0.888863, -0.213555, -0.405362, 0.205476, 0.976572, -0.063922, 0.409516, -0.026474, 0.911919),
      ["RightFoot"] = CFrame.new(0.000000, 0.000001, 0.000000, 0.956107, 0.252776, 0.148200, -0.242455, 0.966493, -0.084306, -0.164546, 0.044674, 0.985357),
      ["RightHand"] = CFrame.new(-0.000000, 0.000000, -0.000000, 0.453990, -0.785817, 0.419977, 0.889216, 0.429462, -0.157672, -0.056460, 0.445033, 0.893733),
      ["RightLowerArm"] = CFrame.new(-0.000000, -0.000000, -0.000000, 1.000000, 0.000001, -0.000000, 0.000001, 0.067626, -0.997711, 0.000001, 0.997711, 0.067622),
      ["RightLowerLeg"] = CFrame.new(0.000000, -0.000000, 0.000000, 1.000000, 0.000000, 0.000000, -0.000000, 0.999999, 0.001356, -0.000000, -0.001356, 0.999999),
      ["RightUpperArm"] = CFrame.new(0.000000, -0.065238, -0.000000, -0.082839, -0.131996, 0.987783, 0.453966, 0.877378, 0.155314, -0.887160, 0.461286, -0.012759),
      ["RightUpperLeg"] = CFrame.new(-0.000026, -0.000126, -0.004998, 0.969096, -0.029311, -0.244933, 0.074118, 0.981638, 0.175767, 0.235285, -0.188489, 0.953475),
      ["UpperTorso"] = CFrame.new(-0.000000, 0.000000, 0.000000, 0.968481, 0.244759, 0.046240, -0.246950, 0.967748, 0.049798, -0.032560, -0.059647, 0.997688)
    }},
    {Time = 0.500, Data = {
      ["Head"] = CFrame.new(-0.000000, 0.000000, -0.000000, 0.955197, 0.220178, 0.197790, -0.252712, 0.954588, 0.157795, -0.154065, -0.200710, 0.967461),
      ["LeftFoot"] = CFrame.new(-0.000000, 0.000000, 0.000000, 0.981999, -0.176912, 0.066180, 0.172286, 0.982549, 0.070105, -0.077428, -0.057442, 0.995342),
      ["LeftHand"] = CFrame.new(-0.000000, 0.000000, -0.000000, 0.160070, -0.757901, -0.632427, 0.755715, 0.506268, -0.415437, 0.635038, -0.411435, 0.653795),
      ["LeftLowerArm"] = CFrame.new(-0.000000, 0.000000, -0.000000, 1.000000, -0.000000, 0.000000, 0.000000, 0.344498, -0.938787, -0.000000, 0.938787, 0.344498),
      ["LeftLowerLeg"] = CFrame.new(-0.000000, 0.000000, 0.000000, 1.000000, 0.000000, 0.000000, -0.000000, 0.999993, 0.003669, -0.000000, -0.003669, 0.999993),
      ["LeftUpperArm"] = CFrame.new(0.000000, -0.065238, -0.000000, 0.082916, -0.160206, -0.983595, -0.448281, 0.875502, -0.180390, 0.890039, 0.455884, 0.000777),
      ["LeftUpperLeg"] = CFrame.new(0.000025, 0.000125, 0.004997, 0.750886, 0.599982, 0.276030, -0.619207, 0.784927, -0.021694, -0.229680, -0.154630, 0.960904),
      ["LowerTorso"] = CFrame.new(0.195683, 0.040190, 0.077196, 0.888786, -0.213845, -0.405378, 0.205589, 0.976518, -0.064379, 0.409626, -0.026123, 0.911880),
      ["RightFoot"] = CFrame.new(0.000000, 0.000000, 0.000000, 0.956124, 0.252705, 0.148207, -0.242392, 0.966513, -0.084251, -0.164535, 0.044630, 0.985361),
      ["RightHand"] = CFrame.new(0.000000, -0.000000, 0.000000, 0.454387, -0.785610, 0.419937, 0.889013, 0.429812, -0.157864, -0.056470, 0.445061, 0.893718),
      ["RightLowerArm"] = CFrame.new(0.000000, 0.000000, -0.000000, 1.000000, 0.000001, -0.000000, 0.000001, 0.067657, -0.997709, 0.000001, 0.997709, 0.067654),
      ["RightLowerLeg"] = CFrame.new(-0.000000, -0.000000, 0.000000, 1.000000, 0.000000, -0.000000, -0.000000, 0.999999, 0.001353, 0.000000, -0.001353, 0.999999),
      ["RightUpperArm"] = CFrame.new(0.000000, -0.065238, -0.000000, -0.082700, -0.131923, 0.987804, 0.454063, 0.877350, 0.155186, -0.887123, 0.461360, -0.012656),
      ["RightUpperLeg"] = CFrame.new(-0.000026, -0.000126, -0.004998, 0.969139, -0.029177, -0.244783, 0.074040, 0.981579, 0.176129, 0.235134, -0.188818, 0.953446),
      ["UpperTorso"] = CFrame.new(-0.000000, -0.000000, -0.000000, 0.968537, 0.244521, 0.046331, -0.246736, 0.967774, 0.050349, -0.032527, -0.060196, 0.997656)
    }},
    {Time = 0.533, Data = {
      ["Head"] = CFrame.new(0.000000, -0.000000, -0.000000, 0.954751, 0.221937, 0.197978, -0.254451, 0.954185, 0.157433, -0.153967, -0.200685, 0.967481),
      ["LeftFoot"] = CFrame.new(0.000000, -0.000000, 0.000000, 0.981995, -0.176944, 0.066165, 0.172314, 0.982540, 0.070157, -0.077423, -0.057493, 0.995339),
      ["LeftHand"] = CFrame.new(0.000000, 0.000000, 0.000000, 0.160068, -0.757900, -0.632429, 0.755709, 0.506271, -0.415444, 0.635045, -0.411433, 0.653789),
      ["LeftLowerArm"] = CFrame.new(-0.000000, 0.000000, 0.000000, 1.000000, -0.000000, -0.000000, 0.000000, 0.344498, -0.938787, -0.000000, 0.938787, 0.344497),
      ["LeftLowerLeg"] = CFrame.new(-0.000000, -0.000000, -0.000000, 1.000000, -0.000000, 0.000000, -0.000000, 0.999993, 0.003667, -0.000000, -0.003667, 0.999993),
      ["LeftUpperArm"] = CFrame.new(0.000000, -0.065238, 0.000000, 0.083254, -0.160178, -0.983571, -0.448237, 0.875498, -0.180518, 0.890029, 0.455902, 0.001091),
      ["LeftUpperLeg"] = CFrame.new(0.000025, 0.000126, 0.004997, 0.750755, 0.600110, 0.276108, -0.619421, 0.784766, -0.021410, -0.229530, -0.154953, 0.960888),
      ["LowerTorso"] = CFrame.new(0.195663, 0.040183, 0.077490, 0.888706, -0.214120, -0.405407, 0.205693, 0.976467, -0.064822, 0.409746, -0.025782, 0.911835),
      ["RightFoot"] = CFrame.new(0.000000, 0.000000, 0.000000, 0.956144, 0.252625, 0.148217, -0.242323, 0.966537, -0.084181, -0.164523, 0.044573, 0.985366),
      ["RightHand"] = CFrame.new(-0.000000, 0.000000, -0.000000, 0.454899, -0.785304, 0.419955, 0.888747, 0.430274, -0.158101, -0.056536, 0.445154, 0.893668),
      ["RightLowerArm"] = CFrame.new(0.000000, 0.000000, 0.000000, 1.000000, 0.000001, -0.000000, 0.000000, 0.067688, -0.997707, 0.000001, 0.997707, 0.067686),
      ["RightLowerLeg"] = CFrame.new(0.000000, -0.000000, 0.000000, 1.000000, -0.000000, -0.000000, -0.000000, 0.999999, 0.001348, -0.000000, -0.001348, 0.999999),
      ["RightUpperArm"] = CFrame.new(-0.000000, -0.065238, -0.000000, -0.082457, -0.131790, 0.987842, 0.454022, 0.877413, 0.154955, -0.887167, 0.461278, -0.012513),
      ["RightUpperLeg"] = CFrame.new(-0.000026, -0.000126, -0.004998, 0.969177, -0.029027, -0.244649, 0.073935, 0.981533, 0.176426, 0.235010, -0.189076, 0.953426),
      ["UpperTorso"] = CFrame.new(0.000000, 0.000000, -0.000000, 0.968588, 0.244289, 0.046473, -0.246528, 0.967802, 0.050822, -0.032562, -0.060682, 0.997626)
    }},
    {Time = 0.567, Data = {
      ["Head"] = CFrame.new(0.000000, 0.000000, 0.000000, 0.954359, 0.223490, 0.198122, -0.255979, 0.953832, 0.157098, -0.153865, -0.200643, 0.967506),
      ["LeftFoot"] = CFrame.new(-0.000000, 0.000000, -0.000000, 0.981987, -0.176994, 0.066147, 0.172361, 0.982528, 0.070214, -0.077419, -0.057548, 0.995336),
      ["LeftHand"] = CFrame.new(-0.000000, -0.000000, -0.000000, 0.160064, -0.757899, -0.632431, 0.755704, 0.506274, -0.415450, 0.635052, -0.411431, 0.653783),
      ["LeftLowerArm"] = CFrame.new(0.000000, -0.000000, -0.000000, 1.000000, -0.000000, -0.000000, 0.000000, 0.344498, -0.938787, -0.000000, 0.938787, 0.344497),
      ["LeftLowerLeg"] = CFrame.new(0.000000, 0.000000, 0.000000, 1.000000, 0.000000, 0.000000, -0.000000, 0.999993, 0.003665, 0.000000, -0.003665, 0.999993),
      ["LeftUpperArm"] = CFrame.new(0.000000, -0.065238, 0.000000, 0.083572, -0.160099, -0.983557, -0.448210, 0.875497, -0.180593, 0.890013, 0.455932, 0.001410),
      ["LeftUpperLeg"] = CFrame.new(0.000025, 0.000125, 0.004998, 0.750593, 0.600286, 0.276165, -0.619669, 0.784577, -0.021187, -0.229391, -0.155227, 0.960877),
      ["LowerTorso"] = CFrame.new(0.195640, 0.040170, 0.077821, 0.888640, -0.214369, -0.405420, 0.205795, 0.976420, -0.065206, 0.409839, -0.025489, 0.911802),
      ["RightFoot"] = CFrame.new(0.000000, 0.000000, -0.000000, 0.956161, 0.252555, 0.148226, -0.242263, 0.966558, -0.084117, -0.164513, 0.044520, 0.985370),
      ["RightHand"] = CFrame.new(0.000000, -0.000000, -0.000000, 0.455413, -0.784970, 0.420022, 0.888475, 0.430762, -0.158298, -0.056667, 0.445270, 0.893601),
      ["RightLowerArm"] = CFrame.new(0.000000, 0.000000, 0.000000, 1.000000, 0.000000, -0.000000, 0.000001, 0.067720, -0.997705, 0.000001, 0.997704, 0.067717),
      ["RightLowerLeg"] = CFrame.new(0.000000, -0.000001, 0.000000, 1.000000, 0.000000, 0.000000, 0.000000, 0.999999, 0.001345, 0.000000, -0.001345, 0.999999),
      ["RightUpperArm"] = CFrame.new(-0.000000, -0.065238, 0.000000, -0.082230, -0.131764, 0.987865, 0.454004, 0.877444, 0.154828, -0.887197, 0.461226, -0.012331),
      ["RightUpperLeg"] = CFrame.new(-0.000026, -0.000126, -0.004998, 0.969211, -0.028903, -0.244529, 0.073848, 0.981494, 0.176681, 0.234896, -0.189299, 0.953409),
      ["UpperTorso"] = CFrame.new(0.000000, 0.000000, -0.000000, 0.968644, 0.244042, 0.046614, -0.246303, 0.967838, 0.051230, -0.032613, -0.061105, 0.997598)
    }},
    {Time = 0.600, Data = {
      ["Head"] = CFrame.new(0.000000, 0.000000, -0.000000, 0.954014, 0.224788, 0.198314, -0.257267, 0.953537, 0.156784, -0.153857, -0.200594, 0.967518),
      ["LeftFoot"] = CFrame.new(-0.000000, 0.000000, 0.000000, 0.981986, -0.177005, 0.066133, 0.172368, 0.982523, 0.070267, -0.077415, -0.057602, 0.995334),
      ["LeftHand"] = CFrame.new(0.000000, 0.000000, 0.000000, 0.160062, -0.757897, -0.632434, 0.755698, 0.506277, -0.415456, 0.635059, -0.411430, 0.653777),
      ["LeftLowerArm"] = CFrame.new(-0.000000, -0.000000, 0.000000, 1.000000, -0.000000, -0.000000, 0.000000, 0.344498, -0.938787, -0.000000, 0.938787, 0.344498),
      ["LeftLowerLeg"] = CFrame.new(-0.000000, 0.000000, 0.000000, 1.000000, 0.000000, 0.000000, 0.000000, 0.999993, 0.003663, 0.000000, -0.003663, 0.999993),
      ["LeftUpperArm"] = CFrame.new(0.000000, -0.065238, -0.000000, 0.083939, -0.160089, -0.983527, -0.448190, 0.875474, -0.180751, 0.889989, 0.455979, 0.001736),
      ["LeftUpperLeg"] = CFrame.new(0.000025, 0.000125, 0.004998, 0.750492, 0.600390, 0.276215, -0.619834, 0.784452, -0.020985, -0.229277, -0.155458, 0.960867),
      ["LowerTorso"] = CFrame.new(0.195656, 0.040162, 0.078006, 0.888564, -0.214644, -0.405442, 0.205933, 0.976367, -0.065572, 0.409935, -0.025229, 0.911766),
      ["RightFoot"] = CFrame.new(0.000000, 0.000000, -0.000000, 0.956179, 0.252480, 0.148237, -0.242197, 0.966580, -0.084048, -0.164504, 0.044463, 0.985374),
      ["RightHand"] = CFrame.new(0.000000, 0.000000, 0.000000, 0.455997, -0.784557, 0.420160, 0.888164, 0.431320, -0.158527, -0.056847, 0.445460, 0.893496),
      ["RightLowerArm"] = CFrame.new(-0.000000, 0.000000, -0.000000, 1.000000, 0.000001, -0.000000, 0.000001, 0.067751, -0.997702, 0.000001, 0.997702, 0.067748),
      ["RightLowerLeg"] = CFrame.new(0.000000, 0.000000, 0.000000, 1.000000, 0.000000, 0.000000, -0.000000, 0.999999, 0.001341, 0.000000, -0.001341, 0.999999),
      ["RightUpperArm"] = CFrame.new(-0.000000, -0.065238, 0.000000, -0.081830, -0.131612, 0.987918, 0.453884, 0.877563, 0.154506, -0.887295, 0.461043, -0.012075),
      ["RightUpperLeg"] = CFrame.new(-0.000026, -0.000126, -0.004997, 0.969245, -0.028721, -0.244415, 0.073698, 0.981463, 0.176915, 0.234803, -0.189487, 0.953395),
      ["UpperTorso"] = CFrame.new(-0.000000, -0.000001, 0.000000, 0.968695, 0.243822, 0.046710, -0.246102, 0.967868, 0.051626, -0.032622, -0.061505, 0.997573)
    }},
    {Time = 0.633, Data = {
      ["Head"] = CFrame.new(-0.000000, 0.000000, -0.000000, 0.953767, 0.225722, 0.198439, -0.258184, 0.953333, 0.156515, -0.153850, -0.200512, 0.967535),
      ["LeftFoot"] = CFrame.new(-0.000000, 0.000000, -0.000000, 0.981979, -0.177051, 0.066117, 0.172412, 0.982512, 0.070318, -0.077411, -0.057652, 0.995331),
      ["LeftHand"] = CFrame.new(0.000000, 0.000000, -0.000000, 0.160057, -0.757897, -0.632435, 0.755693, 0.506280, -0.415463, 0.635067, -0.411428, 0.653771),
      ["LeftLowerArm"] = CFrame.new(-0.000000, 0.000000, 0.000000, 1.000000, -0.000000, 0.000000, 0.000000, 0.344498, -0.938787, -0.000000, 0.938787, 0.344498),
      ["LeftLowerLeg"] = CFrame.new(0.000000, 0.000000, 0.000000, 1.000000, -0.000000, -0.000000, 0.000000, 0.999993, 0.003661, -0.000000, -0.003661, 0.999993),
      ["LeftUpperArm"] = CFrame.new(0.000000, -0.065237, -0.000000, 0.084201, -0.159847, -0.983544, -0.448227, 0.875475, -0.180656, 0.889946, 0.456062, 0.002068),
      ["LeftUpperLeg"] = CFrame.new(0.000025, 0.000126, 0.004997, 0.750340, 0.600561, 0.276255, -0.620061, 0.784277, -0.020812, -0.229160, -0.155678, 0.960859),
      ["LowerTorso"] = CFrame.new(0.195651, 0.040148, 0.078342, 0.888505, -0.214873, -0.405449, 0.206045, 0.976322, -0.065884, 0.410005, -0.025003, 0.911740),
      ["RightFoot"] = CFrame.new(0.000000, 0.000000, -0.000000, 0.956200, 0.252396, 0.148247, -0.242123, 0.966604, -0.083987, -0.164495, 0.044415, 0.985378),
      ["RightHand"] = CFrame.new(0.000000, -0.000000, 0.000000, 0.456652, -0.784054, 0.420386, 0.887809, 0.431974, -0.158736, -0.057133, 0.445711, 0.893352),
      ["RightLowerArm"] = CFrame.new(0.000000, -0.000000, -0.000000, 1.000000, 0.000001, -0.000001, 0.000001, 0.067783, -0.997700, 0.000001, 0.997700, 0.067779),
      ["RightLowerLeg"] = CFrame.new(-0.000000, -0.000000, -0.000000, 1.000000, 0.000000, 0.000000, -0.000000, 0.999999, 0.001337, -0.000000, -0.001337, 0.999999),
      ["RightUpperArm"] = CFrame.new(-0.000000, -0.065237, -0.000000, -0.081424, -0.131617, 0.987951, 0.453658, 0.877713, 0.154320, -0.887448, 0.460756, -0.011758),
      ["RightUpperLeg"] = CFrame.new(-0.000026, -0.000126, -0.004998, 0.969276, -0.028528, -0.244313, 0.073532, 0.981440, 0.177113, 0.234726, -0.189636, 0.953385),
      ["UpperTorso"] = CFrame.new(-0.000000, -0.000000, -0.000000, 0.968757, 0.243561, 0.046784, -0.245850, 0.967927, 0.051726, -0.032685, -0.061612, 0.997565)
    }},
    {Time = 0.667, Data = {
      ["Head"] = CFrame.new(0.000000, 0.000000, -0.000000, 0.953576, 0.226427, 0.198554, -0.258868, 0.953193, 0.156241, -0.153883, -0.200387, 0.967556),
      ["LeftFoot"] = CFrame.new(0.000000, 0.000000, -0.000000, 0.981974, -0.177082, 0.066100, 0.172439, 0.982502, 0.070385, -0.077407, -0.057718, 0.995327),
      ["LeftHand"] = CFrame.new(0.000000, 0.000000, 0.000000, 0.160055, -0.757895, -0.632437, 0.755687, 0.506283, -0.415469, 0.635074, -0.411427, 0.653765),
      ["LeftLowerArm"] = CFrame.new(-0.000000, 0.000000, 0.000000, 1.000000, -0.000000, -0.000000, 0.000000, 0.344498, -0.938787, -0.000000, 0.938787, 0.344498),
      ["LeftLowerLeg"] = CFrame.new(0.000000, -0.000000, 0.000000, 1.000000, 0.000000, -0.000000, -0.000000, 0.999993, 0.003658, -0.000000, -0.003658, 0.999993),
      ["LeftUpperArm"] = CFrame.new(0.000000, -0.065238, 0.000000, 0.084495, -0.159701, -0.983543, -0.448145, 0.875516, -0.180660, 0.889959, 0.456034, 0.002408),
      ["LeftUpperLeg"] = CFrame.new(0.000026, 0.000125, 0.004997, 0.750196, 0.600735, 0.276270, -0.620272, 0.784113, -0.020700, -0.229062, -0.155833, 0.960857),
      ["LowerTorso"] = CFrame.new(0.195669, 0.040141, 0.078528, 0.888435, -0.215133, -0.405464, 0.206194, 0.976270, -0.066188, 0.410082, -0.024801, 0.911711),
      ["RightFoot"] = CFrame.new(0.000000, 0.000001, 0.000000, 0.956217, 0.252326, 0.148257, -0.242062, 0.966625, -0.083920, -0.164485, 0.044359, 0.985382),
      ["RightHand"] = CFrame.new(-0.000000, 0.000000, -0.000000, 0.457375, -0.783464, 0.420699, 0.887413, 0.432710, -0.158949, -0.057505, 0.446034, 0.893167),
      ["RightLowerArm"] = CFrame.new(0.000000, -0.000000, 0.000000, 1.000000, 0.000001, -0.000001, 0.000001, 0.067815, -0.997698, 0.000001, 0.997698, 0.067810),
      ["RightLowerLeg"] = CFrame.new(0.000000, -0.000000, 0.000000, 1.000000, -0.000000, 0.000000, -0.000000, 0.999999, 0.001333, 0.000000, -0.001333, 0.999999),
      ["RightUpperArm"] = CFrame.new(0.000000, -0.065238, -0.000000, -0.080884, -0.131587, 0.987999, 0.453358, 0.877917, 0.154040, -0.887651, 0.460376, -0.011353),
      ["RightUpperLeg"] = CFrame.new(-0.000026, -0.000126, -0.004998, 0.969307, -0.028352, -0.244213, 0.073376, 0.981420, 0.177287, 0.234650, -0.189765, 0.953378),
      ["UpperTorso"] = CFrame.new(-0.000000, -0.000000, 0.000000, 0.968813, 0.243323, 0.046850, -0.245626, 0.967967, 0.052036, -0.032688, -0.061920, 0.997546)
    }},
    {Time = 0.700, Data = {
      ["Head"] = CFrame.new(-0.000000, -0.000000, 0.000000, 0.953455, 0.226835, 0.198670, -0.259265, 0.953122, 0.156014, -0.153967, -0.200261, 0.967569),
      ["LeftFoot"] = CFrame.new(0.000000, -0.000000, 0.000000, 0.981967, -0.177127, 0.066082, 0.172480, 0.982490, 0.070448, -0.077403, -0.057780, 0.995324),
      ["LeftHand"] = CFrame.new(0.000000, -0.000000, -0.000000, 0.160051, -0.757895, -0.632439, 0.755682, 0.506285, -0.415476, 0.635081, -0.411425, 0.653759),
      ["LeftLowerArm"] = CFrame.new(-0.000000, -0.000001, 0.000000, 1.000000, -0.000000, 0.000000, 0.000000, 0.344498, -0.938787, 0.000000, 0.938787, 0.344497),
      ["LeftLowerLeg"] = CFrame.new(0.000000, -0.000000, 0.000000, 1.000000, -0.000000, -0.000000, 0.000000, 0.999993, 0.003655, 0.000000, -0.003655, 0.999993),
      ["LeftUpperArm"] = CFrame.new(0.000000, -0.065238, 0.000000, 0.084796, -0.159613, -0.983531, -0.448079, 0.875538, -0.180719, 0.889963, 0.456024, 0.002723),
      ["LeftUpperLeg"] = CFrame.new(0.000026, 0.000126, 0.004997, 0.750042, 0.600925, 0.276273, -0.620486, 0.783945, -0.020634, -0.228982, -0.155946, 0.960858),
      ["LowerTorso"] = CFrame.new(0.195705, 0.040127, 0.078869, 0.888382, -0.215340, -0.405470, 0.206319, 0.976228, -0.066418, 0.410133, -0.024651, 0.911692),
      ["RightFoot"] = CFrame.new(-0.000000, 0.000000, 0.000000, 0.956240, 0.252233, 0.148267, -0.241978, 0.966651, -0.083864, -0.164476, 0.044317, 0.985385),
      ["RightHand"] = CFrame.new(-0.000000, -0.000000, -0.000000, 0.458150, -0.782775, 0.421139, 0.886988, 0.433467, -0.159254, -0.057886, 0.446508, 0.892905),
      ["RightLowerArm"] = CFrame.new(0.000000, 0.000000, 0.000000, 1.000000, 0.000001, -0.000001, 0.000001, 0.067846, -0.997696, 0.000001, 0.997696, 0.067842),
      ["RightLowerLeg"] = CFrame.new(0.000000, 0.000000, 0.000000, 1.000000, 0.000000, 0.000000, -0.000000, 0.999999, 0.001330, -0.000000, -0.001330, 0.999999),
      ["RightUpperArm"] = CFrame.new(-0.000000, -0.065238, -0.000000, -0.080232, -0.131463, 0.988069, 0.452891, 0.878231, 0.153625, -0.887948, 0.459813, -0.010924),
      ["RightUpperLeg"] = CFrame.new(-0.000025, -0.000125, -0.004998, 0.969333, -0.028172, -0.244129, 0.073208, 0.981410, 0.177414, 0.234593, -0.189846, 0.953376),
      ["UpperTorso"] = CFrame.new(-0.000000, 0.000000, -0.000000, 0.968868, 0.243084, 0.046963, -0.245401, 0.968013, 0.052239, -0.032763, -0.062137, 0.997530)
    }},
    {Time = 0.733, Data = {
      ["Head"] = CFrame.new(0.000000, 0.000000, 0.000000, 0.953368, 0.227151, 0.198729, -0.259568, 0.953064, 0.155862, -0.153997, -0.200177, 0.967582),
      ["LeftFoot"] = CFrame.new(0.000000, 0.000000, 0.000000, 0.981961, -0.177170, 0.066063, 0.172518, 0.982478, 0.070524, -0.077400, -0.057855, 0.995320),
      ["LeftHand"] = CFrame.new(-0.000000, -0.000000, 0.000000, 0.160049, -0.757894, -0.632441, 0.755677, 0.506288, -0.415482, 0.635088, -0.411423, 0.653753),
      ["LeftLowerArm"] = CFrame.new(0.000000, 0.000000, -0.000000, 1.000000, 0.000000, -0.000000, 0.000000, 0.344498, -0.938787, 0.000000, 0.938787, 0.344497),
      ["LeftLowerLeg"] = CFrame.new(-0.000000, 0.000000, -0.000000, 1.000000, 0.000000, 0.000000, -0.000000, 0.999993, 0.003651, 0.000000, -0.003651, 0.999993),
      ["LeftUpperArm"] = CFrame.new(0.000000, -0.065238, 0.000000, 0.085177, -0.159683, -0.983487, -0.447948, 0.875556, -0.180955, 0.889993, 0.455964, 0.003047),
      ["LeftUpperLeg"] = CFrame.new(0.000025, 0.000126, 0.004997, 0.749891, 0.601120, 0.276258, -0.620695, 0.783781, -0.020604, -0.228911, -0.156021, 0.960863),
      ["LowerTorso"] = CFrame.new(0.195702, 0.040112, 0.079215, 0.888330, -0.215548, -0.405475, 0.206444, 0.976186, -0.066648, 0.410184, -0.024502, 0.911673),
      ["RightFoot"] = CFrame.new(-0.000000, 0.000000, -0.000000, 0.956263, 0.252140, 0.148279, -0.241892, 0.966677, -0.083807, -0.164469, 0.044275, 0.985388),
      ["RightHand"] = CFrame.new(0.000000, -0.000000, 0.000000, 0.458806, -0.782096, 0.421685, 0.886638, 0.433992, -0.159773, -0.058046, 0.447188, 0.892555),
      ["RightLowerArm"] = CFrame.new(-0.000000, -0.000000, 0.000000, 1.000000, 0.000001, -0.000000, 0.000001, 0.068128, -0.997677, 0.000001, 0.997677, 0.068124),
      ["RightLowerLeg"] = CFrame.new(-0.000000, 0.000000, -0.000000, 1.000000, -0.000000, -0.000000, 0.000000, 0.999999, 0.001327, 0.000000, -0.001327, 0.999999),
      ["RightUpperArm"] = CFrame.new(0.000000, -0.065238, 0.000000, -0.079584, -0.131313, 0.988141, 0.452299, 0.878612, 0.153186, -0.888308, 0.459127, -0.010531),
      ["RightUpperLeg"] = CFrame.new(-0.000025, -0.000126, -0.004997, 0.969359, -0.027992, -0.244046, 0.073040, 0.981399, 0.177541, 0.234537, -0.189927, 0.953373),
      ["UpperTorso"] = CFrame.new(0.000000, 0.000000, -0.000000, 0.968920, 0.242857, 0.047057, -0.245187, 0.968056, 0.052447, -0.032817, -0.062354, 0.997514)
    }},
    {Time = 0.767, Data = {
      ["Head"] = CFrame.new(0.000000, -0.000000, 0.000000, 0.953299, 0.227388, 0.198786, -0.259799, 0.953021, 0.155745, -0.154033, -0.200116, 0.967589),
      ["LeftFoot"] = CFrame.new(-0.000000, -0.000000, -0.000000, 0.981955, -0.177209, 0.066046, 0.172553, 0.982468, 0.070585, -0.077396, -0.057915, 0.995317),
      ["LeftHand"] = CFrame.new(0.000000, 0.000000, -0.000000, 0.160045, -0.757893, -0.632443, 0.755671, 0.506291, -0.415489, 0.635096, -0.411422, 0.653747),
      ["LeftLowerArm"] = CFrame.new(0.000000, -0.000000, -0.000000, 1.000000, -0.000000, -0.000000, 0.000000, 0.344498, -0.938787, -0.000000, 0.938787, 0.344498),
      ["LeftLowerLeg"] = CFrame.new(0.000000, -0.000000, 0.000000, 1.000000, 0.000000, -0.000000, -0.000000, 0.999993, 0.003648, 0.000000, -0.003648, 0.999993),
      ["LeftUpperArm"] = CFrame.new(-0.000000, -0.065239, 0.000000, 0.085615, -0.159886, -0.983416, -0.447802, 0.875552, -0.181335, 0.890024, 0.455900, 0.003363),
      ["LeftUpperLeg"] = CFrame.new(0.000025, 0.000125, 0.004997, 0.749743, 0.601311, 0.276243, -0.620897, 0.783621, -0.020587, -0.228850, -0.156083, 0.960867),
      ["LowerTorso"] = CFrame.new(0.195696, 0.040104, 0.079561, 0.888273, -0.215757, -0.405487, 0.206595, 0.976142, -0.066824, 0.410230, -0.024414, 0.911655),
      ["RightFoot"] = CFrame.new(-0.000000, 0.000000, -0.000000, 0.956287, 0.252041, 0.148290, -0.241801, 0.966705, -0.083752, -0.164461, 0.044235, 0.985391),
      ["RightHand"] = CFrame.new(-0.000000, -0.000000, 0.000000, 0.459387, -0.781405, 0.422334, 0.886338, 0.434348, -0.160471, -0.058043, 0.448049, 0.892123),
      ["RightLowerArm"] = CFrame.new(-0.000000, 0.000000, 0.000000, 1.000000, 0.000001, -0.000000, 0.000001, 0.068514, -0.997650, 0.000001, 0.997650, 0.068510),
      ["RightLowerLeg"] = CFrame.new(-0.000000, -0.000000, -0.000000, 1.000000, 0.000000, 0.000000, -0.000000, 0.999999, 0.001324, -0.000000, -0.001324, 0.999999),
      ["RightUpperArm"] = CFrame.new(0.000000, -0.065239, -0.000000, -0.078953, -0.131110, 0.988219, 0.451604, 0.879053, 0.152707, -0.888719, 0.458340, -0.010194),
      ["RightUpperLeg"] = CFrame.new(-0.000026, -0.000126, -0.004997, 0.969386, -0.027760, -0.243968, 0.072810, 0.981401, 0.177626, 0.234498, -0.189951, 0.953378),
      ["UpperTorso"] = CFrame.new(-0.000000, 0.000000, -0.000000, 0.968951, 0.242722, 0.047111, -0.245061, 0.968079, 0.052613, -0.032837, -0.062524, 0.997503)
    }},
    {Time = 0.800, Data = {
      ["Head"] = CFrame.new(-0.000000, 0.000000, -0.000000, 0.953285, 0.227383, 0.198860, -0.259778, 0.953057, 0.155555, -0.154154, -0.199948, 0.967604),
      ["LeftFoot"] = CFrame.new(-0.000000, 0.000000, 0.000000, 0.981952, -0.177230, 0.066027, 0.172568, 0.982459, 0.070673, -0.077394, -0.058003, 0.995312),
      ["LeftHand"] = CFrame.new(-0.000000, 0.000000, -0.000000, 0.160043, -0.757892, -0.632445, 0.755665, 0.506295, -0.415495, 0.635104, -0.411419, 0.653741),
      ["LeftLowerArm"] = CFrame.new(0.000000, 0.000000, 0.000000, 1.000000, 0.000000, -0.000000, 0.000000, 0.344499, -0.938787, 0.000000, 0.938787, 0.344498),
      ["LeftLowerLeg"] = CFrame.new(0.000000, 0.000000, -0.000000, 1.000000, -0.000000, 0.000000, 0.000000, 0.999993, 0.003644, 0.000000, -0.003644, 0.999993),
      ["LeftUpperArm"] = CFrame.new(0.000000, -0.065238, 0.000000, 0.085910, -0.159832, -0.983399, -0.447673, 0.875600, -0.181420, 0.890061, 0.455826, 0.003671),
      ["LeftUpperLeg"] = CFrame.new(0.000025, 0.000126, 0.004997, 0.749623, 0.601484, 0.276193, -0.621054, 0.783495, -0.020648, -0.228816, -0.156052, 0.960880),
      ["LowerTorso"] = CFrame.new(0.195754, 0.040091, 0.079755, 0.888217, -0.215966, -0.405499, 0.206746, 0.976098, -0.066999, 0.410276, -0.024326, 0.911637),
      ["RightFoot"] = CFrame.new(-0.000000, 0.000001, 0.000000, 0.956312, 0.251939, 0.148302, -0.241709, 0.966734, -0.083683, -0.164452, 0.044182, 0.985395),
      ["RightHand"] = CFrame.new(0.000000, 0.000000, -0.000000, 0.459843, -0.780781, 0.422992, 0.886112, 0.434516, -0.161260, -0.057884, 0.448973, 0.891669),
      ["RightLowerArm"] = CFrame.new(0.000000, 0.000000, 0.000000, 1.000000, 0.000001, -0.000000, 0.000001, 0.069089, -0.997611, 0.000001, 0.997611, 0.069085),
      ["RightLowerLeg"] = CFrame.new(0.000000, 0.000000, -0.000000, 1.000000, 0.000000, 0.000000, -0.000000, 0.999999, 0.001320, 0.000000, -0.001320, 0.999999),
      ["RightUpperArm"] = CFrame.new(-0.000000, -0.065238, -0.000000, -0.078523, -0.131198, 0.988242, 0.450849, 0.879463, 0.152579, -0.889140, 0.457528, -0.009908),
      ["RightUpperLeg"] = CFrame.new(-0.000026, -0.000126, -0.004997, 0.969407, -0.027526, -0.243911, 0.072570, 0.981412, 0.177661, 0.234486, -0.189927, 0.953386),
      ["UpperTorso"] = CFrame.new(-0.000000, 0.000000, -0.000000, 0.968990, 0.242564, 0.047128, -0.244909, 0.968109, 0.052765, -0.032827, -0.062671, 0.997494)
    }},
    {Time = 0.833, Data = {
      ["Head"] = CFrame.new(-0.000000, -0.000000, 0.000000, 0.953271, 0.227378, 0.198932, -0.259758, 0.953094, 0.155365, -0.154274, -0.199780, 0.967619),
      ["LeftFoot"] = CFrame.new(0.000000, 0.000000, 0.000000, 0.981945, -0.177276, 0.066013, 0.172608, 0.982445, 0.070764, -0.077399, -0.058093, 0.995306),
      ["LeftHand"] = CFrame.new(-0.000000, 0.000000, 0.000000, 0.160040, -0.757891, -0.632447, 0.755660, 0.506297, -0.415501, 0.635110, -0.411418, 0.653735),
      ["LeftLowerArm"] = CFrame.new(0.000000, -0.000000, 0.000000, 1.000000, -0.000000, 0.000000, 0.000000, 0.344498, -0.938787, -0.000000, 0.938787, 0.344498),
      ["LeftLowerLeg"] = CFrame.new(0.000000, 0.000000, -0.000000, 1.000000, -0.000000, 0.000000, 0.000000, 0.999993, 0.003641, 0.000000, -0.003641, 0.999993),
      ["LeftUpperArm"] = CFrame.new(0.000000, -0.065238, -0.000000, 0.086210, -0.159811, -0.983376, -0.447503, 0.875663, -0.181538, 0.890118, 0.455713, 0.003975),
      ["LeftUpperLeg"] = CFrame.new(0.000025, 0.000126, 0.004998, 0.749497, 0.601656, 0.276159, -0.621220, 0.783362, -0.020683, -0.228777, -0.156054, 0.960889),
      ["LowerTorso"] = CFrame.new(0.195753, 0.040076, 0.080089, 0.888173, -0.216140, -0.405504, 0.206893, 0.976060, -0.067096, 0.410298, -0.024304, 0.911628),
      ["RightFoot"] = CFrame.new(-0.000000, 0.000000, -0.000000, 0.956333, 0.251854, 0.148313, -0.241629, 0.966758, -0.083637, -0.164448, 0.044149, 0.985397),
      ["RightHand"] = CFrame.new(0.000000, 0.000000, 0.000000, 0.460213, -0.780202, 0.423657, 0.885938, 0.434545, -0.162135, -0.057596, 0.449950, 0.891194),
      ["RightLowerArm"] = CFrame.new(0.000000, 0.000000, -0.000000, 1.000000, 0.000001, -0.000000, 0.000001, 0.069677, -0.997570, 0.000001, 0.997570, 0.069673),
      ["RightLowerLeg"] = CFrame.new(-0.000000, 0.000000, 0.000000, 1.000000, 0.000000, 0.000000, 0.000000, 0.999999, 0.001317, -0.000000, -0.001317, 0.999999),
      ["RightUpperArm"] = CFrame.new(-0.000000, -0.065238, -0.000000, -0.078187, -0.131355, 0.988247, 0.450095, 0.879853, 0.152557, -0.889551, 0.456732, -0.009671),
      ["RightUpperLeg"] = CFrame.new(-0.000025, -0.000125, -0.004997, 0.969424, -0.027331, -0.243862, 0.072364, 0.981427, 0.177662, 0.234478, -0.189877, 0.953398),
      ["UpperTorso"] = CFrame.new(-0.000000, -0.000000, 0.000000, 0.969052, 0.242320, 0.047107, -0.244662, 0.968173, 0.052728, -0.032831, -0.062621, 0.997497)
    }},
    {Time = 0.867, Data = {
      ["Head"] = CFrame.new(-0.000000, 0.000000, -0.000000, 0.953460, 0.226887, 0.198585, -0.259130, 0.953332, 0.154953, -0.154161, -0.199200, 0.967757),
      ["LeftFoot"] = CFrame.new(0.000000, 0.000000, 0.000000, 0.981937, -0.177329, 0.065994, 0.172652, 0.982428, 0.070888, -0.077405, -0.058214, 0.995299),
      ["LeftHand"] = CFrame.new(0.000000, 0.000000, -0.000000, 0.160036, -0.757889, -0.632449, 0.755655, 0.506300, -0.415508, 0.635117, -0.411416, 0.653729),
      ["LeftLowerArm"] = CFrame.new(0.000000, -0.000000, -0.000000, 1.000000, -0.000000, 0.000000, -0.000000, 0.344498, -0.938787, -0.000000, 0.938787, 0.344497),
      ["LeftLowerLeg"] = CFrame.new(-0.000000, 0.000000, 0.000000, 1.000000, -0.000000, 0.000000, -0.000000, 0.999993, 0.003637, 0.000000, -0.003637, 0.999993),
      ["LeftUpperArm"] = CFrame.new(0.000000, -0.065238, 0.000000, 0.086452, -0.159707, -0.983372, -0.447351, 0.875737, -0.181555, 0.890170, 0.455608, 0.004264),
      ["LeftUpperLeg"] = CFrame.new(0.000026, 0.000126, 0.004997, 0.749349, 0.601873, 0.276090, -0.621405, 0.783213, -0.020807, -0.228761, -0.155971, 0.960907),
      ["LowerTorso"] = CFrame.new(0.195787, 0.040062, 0.080441, 0.888128, -0.216313, -0.405509, 0.207041, 0.976022, -0.067192, 0.410320, -0.024282, 0.911618),
      ["RightFoot"] = CFrame.new(-0.000000, 0.000000, 0.000000, 0.956354, 0.251768, 0.148324, -0.241550, 0.966782, -0.083591, -0.164443, 0.044116, 0.985400),
      ["RightHand"] = CFrame.new(-0.000000, 0.000000, 0.000000, 0.460435, -0.779754, 0.424240, 0.885853, 0.434377, -0.163050, -0.057138, 0.450888, 0.890750),
      ["RightLowerArm"] = CFrame.new(-0.000000, -0.000000, -0.000000, 1.000000, 0.000001, -0.000000, 0.000001, 0.070355, -0.997522, 0.000001, 0.997522, 0.070352),
      ["RightLowerLeg"] = CFrame.new(0.000000, 0.000000, -0.000000, 1.000000, 0.000000, 0.000000, 0.000000, 0.999999, 0.001314, -0.000000, -0.001314, 0.999999),
      ["RightUpperArm"] = CFrame.new(0.000000, -0.065238, -0.000000, -0.078017, -0.131569, 0.988232, 0.449389, 0.880195, 0.152663, -0.889923, 0.456011, -0.009544),
      ["RightUpperLeg"] = CFrame.new(-0.000026, -0.000126, -0.004997, 0.969442, -0.027136, -0.243814, 0.072157, 0.981443, 0.177663, 0.234468, -0.189827, 0.953410),
      ["UpperTorso"] = CFrame.new(-0.000000, 0.000000, -0.000000, 0.969089, 0.242177, 0.047089, -0.244519, 0.968209, 0.052741, -0.032819, -0.062624, 0.997497)
    }},
    {Time = 0.900, Data = {
      ["Head"] = CFrame.new(-0.000000, 0.000000, -0.000000, 0.953916, 0.225882, 0.197540, -0.257806, 0.953797, 0.154297, -0.153560, -0.198113, 0.968076),
      ["LeftFoot"] = CFrame.new(-0.000000, -0.000000, 0.000000, 0.981927, -0.177392, 0.065976, 0.172707, 0.982410, 0.071003, -0.077411, -0.058326, 0.995292),
      ["LeftHand"] = CFrame.new(0.000000, 0.000000, -0.000000, 0.160033, -0.757889, -0.632451, 0.755649, 0.506303, -0.415514, 0.635125, -0.411415, 0.653723),
      ["LeftLowerArm"] = CFrame.new(0.000000, -0.000000, -0.000000, 1.000000, -0.000000, -0.000000, 0.000000, 0.344498, -0.938787, 0.000000, 0.938787, 0.344497),
      ["LeftLowerLeg"] = CFrame.new(0.000000, -0.000000, 0.000000, 1.000000, -0.000000, 0.000000, -0.000000, 0.999993, 0.003633, 0.000000, -0.003633, 0.999993),
      ["LeftUpperArm"] = CFrame.new(0.000000, -0.065238, -0.000000, 0.086679, -0.159628, -0.983365, -0.447183, 0.875816, -0.181586, 0.890233, 0.455483, 0.004532),
      ["LeftUpperLeg"] = CFrame.new(0.000025, 0.000126, 0.004997, 0.749196, 0.602098, 0.276016, -0.621593, 0.783060, -0.020952, -0.228753, -0.155872, 0.960925),
      ["LowerTorso"] = CFrame.new(0.195825, 0.040054, 0.080793, 0.888091, -0.216453, -0.405516, 0.207175, 0.975991, -0.067234, 0.410333, -0.024304, 0.911612),
      ["RightFoot"] = CFrame.new(0.000000, 0.000000, 0.000000, 0.956377, 0.251670, 0.148336, -0.241458, 0.966808, -0.083550, -0.164440, 0.044089, 0.985401),
      ["RightHand"] = CFrame.new(-0.000000, -0.000000, -0.000000, 0.460525, -0.779446, 0.424709, 0.885842, 0.434067, -0.163930, -0.056574, 0.451719, 0.890365),
      ["RightLowerArm"] = CFrame.new(0.000000, 0.000000, -0.000000, 1.000000, 0.000001, -0.000000, 0.000001, 0.071041, -0.997474, 0.000001, 0.997473, 0.071037),
      ["RightLowerLeg"] = CFrame.new(0.000000, -0.000000, 0.000000, 1.000000, -0.000000, 0.000000, -0.000000, 0.999999, 0.001311, 0.000000, -0.001311, 0.999999),
      ["RightUpperArm"] = CFrame.new(-0.000000, -0.065238, -0.000000, -0.077982, -0.131794, 0.988205, 0.448738, 0.880497, 0.152841, -0.890255, 0.455363, -0.009521),
      ["RightUpperLeg"] = CFrame.new(-0.000025, -0.000125, -0.004998, 0.969459, -0.026905, -0.243772, 0.071905, 0.981468, 0.177625, 0.234475, -0.189728, 0.953428),
      ["UpperTorso"] = CFrame.new(-0.000000, -0.000000, -0.000000, 0.969129, 0.242024, 0.047048, -0.244363, 0.968249, 0.052720, -0.032795, -0.062590, 0.997500)
    }},
    {Time = 0.933, Data = {
      ["Head"] = CFrame.new(-0.000000, 0.000000, -0.000000, 0.954613, 0.224319, 0.195948, -0.255807, 0.954450, 0.153586, -0.152570, -0.196741, 0.968512),
      ["LeftFoot"] = CFrame.new(0.000000, 0.000000, -0.000000, 0.981917, -0.177453, 0.065956, 0.172759, 0.982392, 0.071131, -0.077417, -0.058451, 0.995284),
      ["LeftHand"] = CFrame.new(0.000000, 0.000000, 0.000000, 0.160030, -0.757888, -0.632454, 0.755644, 0.506305, -0.415520, 0.635132, -0.411413, 0.653717),
      ["LeftLowerArm"] = CFrame.new(-0.000000, 0.000000, 0.000000, 1.000000, 0.000000, -0.000000, 0.000000, 0.344498, -0.938788, 0.000000, 0.938787, 0.344496),
      ["LeftLowerLeg"] = CFrame.new(0.000000, -0.000000, 0.000000, 1.000000, 0.000000, 0.000000, 0.000000, 0.999993, 0.003628, -0.000000, -0.003628, 0.999993),
      ["LeftUpperArm"] = CFrame.new(-0.000000, -0.065238, -0.000000, 0.086895, -0.159581, -0.983353, -0.446993, 0.875901, -0.181643, 0.890307, 0.455336, 0.004780),
      ["LeftUpperLeg"] = CFrame.new(0.000026, 0.000126, 0.004998, 0.749044, 0.602328, 0.275927, -0.621776, 0.782909, -0.021130, -0.228754, -0.155737, 0.960946),
      ["LowerTorso"] = CFrame.new(0.195862, 0.040040, 0.081145, 0.888053, -0.216592, -0.405524, 0.207310, 0.975959, -0.067275, 0.410347, -0.024325, 0.911605),
      ["RightFoot"] = CFrame.new(-0.000000, 0.000000, -0.000000, 0.956413, 0.251529, 0.148349, -0.241321, 0.966846, -0.083507, -0.164435, 0.044068, 0.985403),
      ["RightHand"] = CFrame.new(-0.000000, 0.000000, 0.000000, 0.460518, -0.779265, 0.425048, 0.885888, 0.433652, -0.164780, -0.055912, 0.452429, 0.890046),
      ["RightLowerArm"] = CFrame.new(0.000000, 0.000000, 0.000000, 1.000000, 0.000001, -0.000001, 0.000001, 0.071637, -0.997431, 0.000001, 0.997431, 0.071633),
      ["RightLowerLeg"] = CFrame.new(-0.000000, -0.000000, 0.000000, 1.000000, -0.000000, 0.000000, 0.000000, 0.999999, 0.001308, 0.000000, -0.001308, 0.999999),
      ["RightUpperArm"] = CFrame.new(-0.000000, -0.065238, 0.000000, -0.078130, -0.132042, 0.988160, 0.448195, 0.880724, 0.153123, -0.890515, 0.454852, -0.009630),
      ["RightUpperLeg"] = CFrame.new(-0.000026, -0.000126, -0.004997, 0.969473, -0.026611, -0.243748, 0.071581, 0.981508, 0.177536, 0.234516, -0.189564, 0.953450),
      ["UpperTorso"] = CFrame.new(-0.000000, 0.000000, -0.000000, 0.969164, 0.241897, 0.046986, -0.244231, 0.968284, 0.052691, -0.032751, -0.062541, 0.997505)
    }},
    {Time = 0.967, Data = {
      ["Head"] = CFrame.new(-0.000000, 0.000000, 0.000000, 0.955494, 0.222375, 0.193859, -0.253350, 0.955196, 0.153016, -0.151147, -0.195320, 0.969023),
      ["LeftFoot"] = CFrame.new(-0.000000, 0.000000, -0.000000, 0.981907, -0.177513, 0.065938, 0.172812, 0.982374, 0.071248, -0.077423, -0.058565, 0.995277),
      ["LeftHand"] = CFrame.new(-0.000000, 0.000000, -0.000000, 0.160028, -0.757886, -0.632456, 0.755638, 0.506310, -0.415526, 0.635139, -0.411412, 0.653711),
      ["LeftLowerArm"] = CFrame.new(0.000000, 0.000000, 0.000000, 1.000000, -0.000000, -0.000000, 0.000000, 0.344498, -0.938787, -0.000000, 0.938787, 0.344498),
      ["LeftLowerLeg"] = CFrame.new(0.000000, -0.000000, 0.000000, 1.000000, -0.000000, 0.000000, -0.000000, 0.999993, 0.003624, -0.000000, -0.003624, 0.999993),
      ["LeftUpperArm"] = CFrame.new(0.000000, -0.065238, -0.000000, 0.087069, -0.159547, -0.983343, -0.446757, 0.876012, -0.181690, 0.890408, 0.455136, 0.004995),
      ["LeftUpperLeg"] = CFrame.new(0.000025, 0.000126, 0.004997, 0.748893, 0.602562, 0.275825, -0.621952, 0.782764, -0.021347, -0.228770, -0.155562, 0.960971),
      ["LowerTorso"] = CFrame.new(0.195940, 0.040026, 0.081503, 0.888022, -0.216715, -0.405526, 0.207460, 0.975930, -0.067243, 0.410338, -0.024418, 0.911607),
      ["RightFoot"] = CFrame.new(0.000000, 0.000000, -0.000000, 0.956441, 0.251414, 0.148359, -0.241209, 0.966876, -0.083484, -0.164434, 0.044062, 0.985404),
      ["RightHand"] = CFrame.new(0.000000, 0.000000, 0.000000, 0.460363, -0.779265, 0.425216, 0.886013, 0.433118, -0.165506, -0.055193, 0.452940, 0.889831),
      ["RightLowerArm"] = CFrame.new(0.000000, 0.000000, 0.000000, 1.000000, 0.000001, -0.000000, 0.000001, 0.072224, -0.997389, 0.000001, 0.997388, 0.072221),
      ["RightLowerLeg"] = CFrame.new(0.000000, -0.000000, 0.000000, 1.000000, 0.000000, 0.000000, -0.000000, 0.999999, 0.001305, -0.000000, -0.001305, 0.999999),
      ["RightUpperArm"] = CFrame.new(0.000000, -0.065238, -0.000000, -0.078436, -0.132315, 0.988099, 0.447853, 0.880832, 0.153502, -0.890660, 0.454564, -0.009831),
      ["RightUpperLeg"] = CFrame.new(-0.000026, -0.000126, -0.004997, 0.969484, -0.026386, -0.243729, 0.071323, 0.981545, 0.177431, 0.234550, -0.189400, 0.953475),
      ["UpperTorso"] = CFrame.new(-0.000000, 0.000000, -0.000000, 0.969196, 0.241781, 0.046908, -0.244106, 0.968324, 0.052544, -0.032718, -0.062376, 0.997516)
    }},
    {Time = 1.000, Data = {
      ["Head"] = CFrame.new(0.000000, -0.000000, 0.000000, 0.956494, 0.220095, 0.191514, -0.250568, 0.955965, 0.152798, -0.149451, -0.194137, 0.969523),
      ["LeftFoot"] = CFrame.new(-0.000000, 0.000000, -0.000000, 0.981895, -0.177588, 0.065919, 0.172875, 0.982351, 0.071419, -0.077438, -0.058730, 0.995266),
      ["LeftHand"] = CFrame.new(0.000000, 0.000000, 0.000000, 0.160025, -0.757885, -0.632457, 0.755633, 0.506312, -0.415532, 0.635147, -0.411410, 0.653705),
      ["LeftLowerArm"] = CFrame.new(0.000000, -0.000000, 0.000000, 1.000000, -0.000000, -0.000000, 0.000000, 0.344498, -0.938787, 0.000000, 0.938787, 0.344498),
      ["LeftLowerLeg"] = CFrame.new(-0.000000, -0.000000, -0.000000, 1.000000, 0.000000, -0.000000, 0.000000, 0.999993, 0.003619, -0.000000, -0.003619, 0.999993),
      ["LeftUpperArm"] = CFrame.new(0.000000, -0.065238, 0.000000, 0.087197, -0.159448, -0.983348, -0.446582, 0.876107, -0.181659, 0.890484, 0.454986, 0.005187),
      ["LeftUpperLeg"] = CFrame.new(0.000025, 0.000126, 0.004997, 0.748742, 0.602801, 0.275713, -0.622122, 0.782622, -0.021602, -0.228801, -0.155352, 0.960997),
      ["LowerTorso"] = CFrame.new(0.195982, 0.040005, 0.081856, 0.887991, -0.216838, -0.405528, 0.207610, 0.975900, -0.067210, 0.410329, -0.024510, 0.911608),
      ["RightFoot"] = CFrame.new(-0.000000, 0.000000, 0.000000, 0.956470, 0.251300, 0.148370, -0.241098, 0.966906, -0.083450, -0.164431, 0.044046, 0.985405),
      ["RightHand"] = CFrame.new(-0.000000, 0.000000, -0.000000, 0.460026, -0.779515, 0.425122, 0.886241, 0.432423, -0.166106, -0.054345, 0.453174, 0.889764),
      ["RightLowerArm"] = CFrame.new(0.000000, 0.000000, -0.000000, 1.000000, 0.000001, -0.000000, 0.000001, 0.072722, -0.997353, 0.000001, 0.997352, 0.072718),
      ["RightLowerLeg"] = CFrame.new(-0.000000, 0.000001, -0.000000, 1.000000, 0.000000, 0.000000, -0.000000, 0.999999, 0.001302, -0.000000, -0.001302, 0.999999),
      ["RightUpperArm"] = CFrame.new(0.000000, -0.065238, -0.000000, -0.078971, -0.132588, 0.988020, 0.447705, 0.880822, 0.153987, -0.890687, 0.454502, -0.010199),
      ["RightUpperLeg"] = CFrame.new(-0.000025, -0.000126, -0.004997, 0.969492, -0.026170, -0.243723, 0.071068, 0.981590, 0.177288, 0.234596, -0.189200, 0.953503),
      ["UpperTorso"] = CFrame.new(0.000000, 0.000000, -0.000000, 0.969229, 0.241665, 0.046842, -0.243980, 0.968366, 0.052350, -0.032709, -0.062167, 0.997530)
    }},
    {Time = 1.033, Data = {
      ["Head"] = CFrame.new(0.000000, -0.000001, 0.000000, 0.957649, 0.217273, 0.188948, -0.247272, 0.956784, 0.153039, -0.147531, -0.193279, 0.969989),
      ["LeftFoot"] = CFrame.new(0.000000, 0.000000, -0.000000, 0.981885, -0.177650, 0.065903, 0.172926, 0.982331, 0.071572, -0.077453, -0.058879, 0.995256),
      ["LeftHand"] = CFrame.new(0.000000, 0.000000, 0.000000, 0.160021, -0.757884, -0.632460, 0.755627, 0.506315, -0.415539, 0.635154, -0.411408, 0.653699),
      ["LeftLowerArm"] = CFrame.new(0.000000, -0.000000, -0.000000, 1.000000, -0.000000, -0.000000, 0.000000, 0.344498, -0.938787, 0.000000, 0.938787, 0.344497),
      ["LeftLowerLeg"] = CFrame.new(-0.000000, -0.000000, 0.000000, 1.000000, 0.000000, 0.000000, -0.000000, 0.999993, 0.003615, 0.000000, -0.003615, 0.999993),
      ["LeftUpperArm"] = CFrame.new(0.000000, -0.065239, 0.000000, 0.087311, -0.159374, -0.983350, -0.446392, 0.876207, -0.181644, 0.890568, 0.454819, 0.005359),
      ["LeftUpperLeg"] = CFrame.new(0.000026, 0.000126, 0.004997, 0.748631, 0.602997, 0.275584, -0.622233, 0.782525, -0.021905, -0.228861, -0.155079, 0.961027),
      ["LowerTorso"] = CFrame.new(0.196036, 0.039990, 0.082368, 0.887974, -0.216912, -0.405526, 0.207757, 0.975879, -0.067064, 0.410292, -0.024700, 0.911620),
      ["RightFoot"] = CFrame.new(-0.000000, 0.000000, 0.000000, 0.956500, 0.251177, 0.148379, -0.240973, 0.966937, -0.083455, -0.164435, 0.044070, 0.985403),
      ["RightHand"] = CFrame.new(-0.000000, 0.000000, -0.000000, 0.459655, -0.779836, 0.424936, 0.886480, 0.431760, -0.166553, -0.053582, 0.453254, 0.889769),
      ["RightLowerArm"] = CFrame.new(-0.000000, -0.000000, -0.000000, 1.000000, 0.000001, -0.000000, 0.000001, 0.073123, -0.997323, 0.000001, 0.997323, 0.073120),
      ["RightLowerLeg"] = CFrame.new(0.000000, -0.000000, -0.000000, 1.000000, 0.000000, 0.000000, -0.000000, 0.999999, 0.001301, 0.000000, -0.001301, 0.999999),
      ["RightUpperArm"] = CFrame.new(0.000000, -0.065239, -0.000000, -0.079565, -0.132842, 0.987938, 0.447665, 0.880756, 0.154483, -0.890655, 0.454556, -0.010609),
      ["RightUpperLeg"] = CFrame.new(-0.000025, -0.000125, -0.004998, 0.969499, -0.025891, -0.243723, 0.070747, 0.981641, 0.177130, 0.234662, -0.188970, 0.953532),
      ["UpperTorso"] = CFrame.new(0.000000, -0.000000, -0.000000, 0.969260, 0.241556, 0.046750, -0.243858, 0.968408, 0.052140, -0.032678, -0.061938, 0.997545)
    }},
    {Time = 1.067, Data = {
      ["Head"] = CFrame.new(0.000000, 0.000000, 0.000000, 0.958985, 0.213828, 0.186081, -0.243360, 0.957682, 0.153690, -0.145343, -0.192671, 0.970440),
      ["LeftFoot"] = CFrame.new(0.000000, 0.000000, -0.000000, 0.981872, -0.177728, 0.065883, 0.172991, 0.982306, 0.071754, -0.077470, -0.059057, 0.995244),
      ["LeftHand"] = CFrame.new(0.000000, -0.000000, -0.000000, 0.160020, -0.757883, -0.632461, 0.755621, 0.506319, -0.415546, 0.635162, -0.411405, 0.653693),
      ["LeftLowerArm"] = CFrame.new(-0.000000, 0.000000, 0.000000, 1.000000, -0.000000, -0.000000, 0.000000, 0.344499, -0.938787, -0.000000, 0.938787, 0.344499),
      ["LeftLowerLeg"] = CFrame.new(0.000000, 0.000000, 0.000000, 1.000000, -0.000000, 0.000000, 0.000000, 0.999994, 0.003609, -0.000000, -0.003609, 0.999994),
      ["LeftUpperArm"] = CFrame.new(0.000000, -0.065238, 0.000000, 0.087367, -0.159263, -0.983363, -0.446183, 0.876330, -0.181569, 0.890667, 0.454623, 0.005502),
      ["LeftUpperLeg"] = CFrame.new(0.000026, 0.000126, 0.004997, 0.748483, 0.603255, 0.275421, -0.622384, 0.782394, -0.022287, -0.228933, -0.154736, 0.961065),
      ["LowerTorso"] = CFrame.new(0.196116, 0.039975, 0.082743, 0.887957, -0.216986, -0.405525, 0.207904, 0.975857, -0.066919, 0.410255, -0.024889, 0.911631),
      ["RightFoot"] = CFrame.new(0.000000, 0.000000, 0.000000, 0.956532, 0.251050, 0.148390, -0.240847, 0.966970, -0.083437, -0.164436, 0.044072, 0.985403),
      ["RightHand"] = CFrame.new(-0.000000, -0.000000, 0.000000, 0.459361, -0.780062, 0.424837, 0.886668, 0.431226, -0.166935, -0.052977, 0.453373, 0.889745),
      ["RightLowerArm"] = CFrame.new(-0.000000, 0.000000, -0.000000, 1.000000, 0.000001, -0.000001, 0.000001, 0.073426, -0.997301, 0.000001, 0.997301, 0.073422),
      ["RightLowerLeg"] = CFrame.new(0.000000, -0.000000, 0.000000, 1.000000, 0.000000, 0.000000, -0.000000, 0.999999, 0.001298, -0.000000, -0.001299, 0.999999),
      ["RightUpperArm"] = CFrame.new(-0.000000, -0.065238, 0.000000, -0.079977, -0.132997, 0.987884, 0.447522, 0.880772, 0.154807, -0.890690, 0.454481, -0.010923),
      ["RightUpperLeg"] = CFrame.new(-0.000025, -0.000126, -0.004998, 0.969503, -0.025612, -0.243737, 0.070409, 0.981708, 0.176894, 0.234748, -0.188660, 0.953573),
      ["UpperTorso"] = CFrame.new(0.000000, -0.000000, -0.000000, 0.969292, 0.241453, 0.046629, -0.243737, 0.968455, 0.051829, -0.032644, -0.061602, 0.997567)
    }},
    {Time = 1.100, Data = {
      ["Head"] = CFrame.new(0.000000, 0.000000, 0.000000, 0.960454, 0.209894, 0.182958, -0.238959, 0.958632, 0.154670, -0.142925, -0.192272, 0.970878),
      ["LeftFoot"] = CFrame.new(-0.000000, 0.000000, 0.000000, 0.981858, -0.177810, 0.065872, 0.173059, 0.982280, 0.071945, -0.077497, -0.059241, 0.995231),
      ["LeftHand"] = CFrame.new(-0.000000, 0.000000, 0.000000, 0.160016, -0.757883, -0.632463, 0.755616, 0.506321, -0.415552, 0.635169, -0.411404, 0.653687),
      ["LeftLowerArm"] = CFrame.new(-0.000000, 0.000000, 0.000000, 1.000000, -0.000000, 0.000000, 0.000000, 0.344498, -0.938787, 0.000000, 0.938787, 0.344498),
      ["LeftLowerLeg"] = CFrame.new(-0.000000, -0.000000, 0.000000, 1.000000, 0.000000, 0.000000, 0.000000, 0.999994, 0.003604, -0.000000, -0.003604, 0.999994),
      ["LeftUpperArm"] = CFrame.new(-0.000000, -0.065238, 0.000000, 0.087364, -0.159155, -0.983380, -0.445974, 0.876456, -0.181470, 0.890772, 0.454416, 0.005592),
      ["LeftUpperLeg"] = CFrame.new(0.000026, 0.000126, 0.004997, 0.748332, 0.603526, 0.275239, -0.622530, 0.782265, -0.022739, -0.229034, -0.154328, 0.961107),
      ["LowerTorso"] = CFrame.new(0.196158, 0.039961, 0.083096, 0.887950, -0.217040, -0.405510, 0.208067, 0.975838, -0.066686, 0.410186, -0.025160, 0.911655),
      ["RightFoot"] = CFrame.new(-0.000000, 0.000000, 0.000000, 0.956561, 0.250933, 0.148400, -0.240730, 0.967000, -0.083429, -0.164438, 0.044081, 0.985402),
      ["RightHand"] = CFrame.new(-0.000000, -0.000000, -0.000000, 0.459175, -0.780172, 0.424836, 0.886788, 0.430868, -0.167220, -0.052584, 0.453523, 0.889692),
      ["RightLowerArm"] = CFrame.new(-0.000000, -0.000000, -0.000000, 1.000000, 0.000001, -0.000000, 0.000001, 0.073619, -0.997287, 0.000001, 0.997286, 0.073615),
      ["RightLowerLeg"] = CFrame.new(-0.000000, -0.000000, 0.000000, 1.000000, -0.000000, -0.000000, -0.000000, 0.999999, 0.001296, -0.000000, -0.001296, 0.999999),
      ["RightUpperArm"] = CFrame.new(0.000000, -0.065238, -0.000000, -0.080236, -0.133091, 0.987851, 0.447287, 0.880856, 0.155006, -0.890784, 0.454290, -0.011146),
      ["RightUpperLeg"] = CFrame.new(-0.000026, -0.000126, -0.004998, 0.969500, -0.025345, -0.243775, 0.070073, 0.981786, 0.176595, 0.234859, -0.188291, 0.953618),
      ["UpperTorso"] = CFrame.new(-0.000000, 0.000000, -0.000000, 0.969317, 0.241378, 0.046495, -0.243641, 0.968501, 0.051429, -0.032617, -0.061179, 0.997594)
    }},
    {Time = 1.133, Data = {
      ["Head"] = CFrame.new(0.000000, -0.000000, 0.000000, 0.961970, 0.205714, 0.179707, -0.234322, 0.959582, 0.155872, -0.140379, -0.192054, 0.971292),
      ["LeftFoot"] = CFrame.new(0.000000, -0.000000, 0.000000, 0.981845, -0.177883, 0.065863, 0.173118, 0.982256, 0.072125, -0.077524, -0.059414, 0.995219),
      ["LeftHand"] = CFrame.new(-0.000000, 0.000000, -0.000000, 0.160012, -0.757881, -0.632466, 0.755611, 0.506324, -0.415558, 0.635176, -0.411404, 0.653681),
      ["LeftLowerArm"] = CFrame.new(0.000000, 0.000000, -0.000000, 1.000000, -0.000000, -0.000000, 0.000000, 0.344498, -0.938787, -0.000000, 0.938787, 0.344498),
      ["LeftLowerLeg"] = CFrame.new(-0.000000, 0.000000, 0.000000, 1.000000, -0.000000, -0.000000, 0.000000, 0.999994, 0.003599, 0.000000, -0.003599, 0.999994),
      ["LeftUpperArm"] = CFrame.new(-0.000000, -0.065238, 0.000000, 0.087336, -0.159055, -0.983399, -0.445765, 0.876584, -0.181367, 0.890880, 0.454205, 0.005657),
      ["LeftUpperLeg"] = CFrame.new(0.000026, 0.000126, 0.004997, 0.748214, 0.603758, 0.275049, -0.622627, 0.782174, -0.023211, -0.229151, -0.153885, 0.961150),
      ["LowerTorso"] = CFrame.new(0.196290, 0.039939, 0.083370, 0.887947, -0.217051, -0.405511, 0.208214, 0.975828, -0.066385, 0.410118, -0.025487, 0.911676),
      ["RightFoot"] = CFrame.new(-0.000000, 0.000000, 0.000000, 0.956592, 0.250811, 0.148407, -0.240604, 0.967031, -0.083438, -0.164442, 0.044109, 0.985400),
      ["RightHand"] = CFrame.new(0.000000, 0.000000, 0.000000, 0.459066, -0.780183, 0.424935, 0.886857, 0.430649, -0.167418, -0.052377, 0.453714, 0.889607),
      ["RightLowerArm"] = CFrame.new(-0.000000, -0.000000, -0.000000, 1.000000, 0.000000, -0.000000, 0.000000, 0.073812, -0.997272, 0.000001, 0.997272, 0.073809),
      ["RightLowerLeg"] = CFrame.new(0.000000, 0.000000, -0.000000, 1.000000, 0.000000, -0.000000, -0.000000, 0.999999, 0.001294, 0.000000, -0.001295, 0.999999),
      ["RightUpperArm"] = CFrame.new(0.000000, -0.065238, 0.000000, -0.080302, -0.133115, 0.987842, 0.446995, 0.880996, 0.155054, -0.890925, 0.454012, -0.011244),
      ["RightUpperLeg"] = CFrame.new(-0.000026, -0.000126, -0.004998, 0.969492, -0.025083, -0.243835, 0.069729, 0.981876, 0.176230, 0.234995, -0.187856, 0.953671),
      ["UpperTorso"] = CFrame.new(0.000000, 0.000000, -0.000000, 0.969341, 0.241312, 0.046346, -0.243552, 0.968545, 0.051019, -0.032577, -0.060742, 0.997622)
    }},
    {Time = 1.167, Data = {
      ["Head"] = CFrame.new(-0.000000, 0.000000, -0.000000, 0.963465, 0.201499, 0.176445, -0.229663, 0.960494, 0.157180, -0.137803, -0.191960, 0.971680),
      ["LeftFoot"] = CFrame.new(0.000000, -0.000000, 0.000000, 0.981832, -0.177961, 0.065847, 0.173181, 0.982229, 0.072344, -0.077551, -0.059626, 0.995204),
      ["LeftHand"] = CFrame.new(0.000000, 0.000000, -0.000000, 0.160010, -0.757880, -0.632467, 0.755605, 0.506327, -0.415565, 0.635183, -0.411401, 0.653675),
      ["LeftLowerArm"] = CFrame.new(-0.000000, -0.000000, -0.000000, 1.000000, -0.000000, 0.000000, 0.000000, 0.344498, -0.938787, -0.000000, 0.938787, 0.344498),
      ["LeftLowerLeg"] = CFrame.new(-0.000000, 0.000000, 0.000000, 1.000000, -0.000000, 0.000000, 0.000000, 0.999994, 0.003593, -0.000000, -0.003593, 0.999994),
      ["LeftUpperArm"] = CFrame.new(-0.000000, -0.065238, 0.000000, 0.087296, -0.158956, -0.983419, -0.445557, 0.876712, -0.181260, 0.890987, 0.453992, 0.005709),
      ["LeftUpperLeg"] = CFrame.new(0.000026, 0.000126, 0.004997, 0.748092, 0.604013, 0.274821, -0.622719, 0.782084, -0.023790, -0.229303, -0.153339, 0.961201),
      ["LowerTorso"] = CFrame.new(0.196337, 0.039927, 0.083760, 0.887949, -0.217045, -0.405511, 0.208365, 0.975819, -0.066037, 0.410038, -0.025857, 0.911702),
      ["RightFoot"] = CFrame.new(-0.000000, 0.000000, -0.000000, 0.956623, 0.250691, 0.148413, -0.240479, 0.967060, -0.083461, -0.164448, 0.044151, 0.985397),
      ["RightHand"] = CFrame.new(-0.000000, -0.000000, 0.000000, 0.459141, -0.780023, 0.425147, 0.886813, 0.430710, -0.167496, -0.052461, 0.453931, 0.889491),
      ["RightLowerArm"] = CFrame.new(0.000000, 0.000000, -0.000000, 1.000000, 0.000001, -0.000000, 0.000000, 0.073765, -0.997276, 0.000001, 0.997276, 0.073761),
      ["RightLowerLeg"] = CFrame.new(-0.000000, -0.000000, -0.000000, 1.000000, 0.000000, 0.000000, -0.000000, 0.999999, 0.001293, -0.000000, -0.001294, 0.999999),
      ["RightUpperArm"] = CFrame.new(-0.000000, -0.065237, 0.000000, -0.080193, -0.133055, 0.987859, 0.446625, 0.881203, 0.154946, -0.891120, 0.453628, -0.011241),
      ["RightUpperLeg"] = CFrame.new(-0.000026, -0.000126, -0.004997, 0.969482, -0.024812, -0.243902, 0.069378, 0.981966, 0.175866, 0.235141, -0.187420, 0.953721),
      ["UpperTorso"] = CFrame.new(-0.000000, -0.000000, 0.000000, 0.969359, 0.241271, 0.046181, -0.243485, 0.968589, 0.050508, -0.032545, -0.060204, 0.997655)
    }},
    {Time = 1.200, Data = {
      ["Head"] = CFrame.new(-0.000000, -0.000000, -0.000000, 0.964915, 0.197355, 0.173179, -0.225077, 0.961361, 0.158508, -0.135205, -0.191925, 0.972052),
      ["LeftFoot"] = CFrame.new(-0.000000, 0.000000, -0.000000, 0.981818, -0.178044, 0.065833, 0.173248, 0.982203, 0.072545, -0.077577, -0.059821, 0.995190),
      ["LeftHand"] = CFrame.new(0.000000, -0.000000, 0.000000, 0.159869, -0.757827, -0.632566, 0.755359, 0.506461, -0.415847, 0.635511, -0.411333, 0.653399),
      ["LeftLowerArm"] = CFrame.new(-0.000000, -0.000000, 0.000000, 1.000000, 0.000000, -0.000000, 0.000000, 0.344498, -0.938787, 0.000000, 0.938787, 0.344498),
      ["LeftLowerLeg"] = CFrame.new(-0.000000, 0.000000, -0.000000, 1.000000, -0.000000, -0.000000, 0.000000, 0.999994, 0.003588, 0.000000, -0.003588, 0.999994),
      ["LeftUpperArm"] = CFrame.new(0.000000, -0.065238, 0.000000, 0.087235, -0.158880, -0.983436, -0.445347, 0.876839, -0.181163, 0.891098, 0.453774, 0.005734),
      ["LeftUpperLeg"] = CFrame.new(0.000025, 0.000126, 0.004997, 0.747968, 0.604270, 0.274595, -0.622812, 0.781991, -0.024364, -0.229454, -0.152797, 0.961251),
      ["LowerTorso"] = CFrame.new(0.196455, 0.039908, 0.084176, 0.887961, -0.217021, -0.405496, 0.208518, 0.975813, -0.065637, 0.409933, -0.026271, 0.911737),
      ["RightFoot"] = CFrame.new(0.000000, 0.000000, 0.000000, 0.956656, 0.250560, 0.148420, -0.240343, 0.967092, -0.083482, -0.164453, 0.044192, 0.985395),
      ["RightHand"] = CFrame.new(-0.000000, 0.000000, -0.000000, 0.459218, -0.779862, 0.425360, 0.886768, 0.430771, -0.167575, -0.052543, 0.454150, 0.889375),
      ["RightLowerArm"] = CFrame.new(-0.000000, -0.000000, -0.000000, 1.000000, 0.000001, -0.000000, 0.000001, 0.073718, -0.997279, 0.000001, 0.997279, 0.073714),
      ["RightLowerLeg"] = CFrame.new(-0.000000, -0.000000, -0.000000, 1.000000, 0.000000, 0.000000, -0.000000, 0.999999, 0.001293, -0.000000, -0.001293, 0.999999),
      ["RightUpperArm"] = CFrame.new(-0.000000, -0.065238, -0.000000, -0.079967, -0.132931, 0.987894, 0.446160, 0.881477, 0.154727, -0.891374, 0.453131, -0.011181),
      ["RightUpperLeg"] = CFrame.new(-0.000025, -0.000126, -0.004998, 0.969470, -0.024499, -0.243983, 0.068973, 0.982071, 0.175443, 0.235311, -0.186915, 0.953778),
      ["UpperTorso"] = CFrame.new(0.000000, 0.000000, -0.000000, 0.969373, 0.241247, 0.046000, -0.243432, 0.968630, 0.049961, -0.032504, -0.059628, 0.997691)
    }},
    {Time = 1.233, Data = {
      ["Head"] = CFrame.new(-0.000000, -0.000000, -0.000000, 0.966254, 0.193533, 0.169995, -0.220817, 0.962141, 0.159763, -0.132640, -0.191909, 0.972408),
      ["LeftFoot"] = CFrame.new(0.000000, -0.000000, 0.000000, 0.981804, -0.178127, 0.065818, 0.173316, 0.982175, 0.072750, -0.077604, -0.060019, 0.995176),
      ["LeftHand"] = CFrame.new(-0.000000, 0.000000, -0.000000, 0.159675, -0.757752, -0.632706, 0.755018, 0.506649, -0.416239, 0.635965, -0.411241, 0.653015),
      ["LeftLowerArm"] = CFrame.new(0.000000, -0.000000, 0.000000, 1.000000, -0.000000, 0.000000, 0.000000, 0.344498, -0.938787, -0.000000, 0.938787, 0.344498),
      ["LeftLowerLeg"] = CFrame.new(-0.000000, -0.000000, 0.000000, 1.000000, -0.000000, -0.000000, 0.000000, 0.999994, 0.003582, -0.000000, -0.003582, 0.999994),
      ["LeftUpperArm"] = CFrame.new(0.000000, -0.065238, -0.000000, 0.087172, -0.158807, -0.983454, -0.445136, 0.876966, -0.181067, 0.891210, 0.453555, 0.005757),
      ["LeftUpperLeg"] = CFrame.new(0.000025, 0.000125, 0.004997, 0.747842, 0.604533, 0.274359, -0.622903, 0.781900, -0.024974, -0.229619, -0.152222, 0.961303),
      ["LowerTorso"] = CFrame.new(0.196501, 0.039887, 0.084582, 0.887978, -0.216984, -0.405479, 0.208672, 0.975810, -0.065202, 0.409818, -0.026715, 0.911776),
      ["RightFoot"] = CFrame.new(-0.000000, 0.000000, 0.000000, 0.956691, 0.250416, 0.148434, -0.240196, 0.967128, -0.083486, -0.164462, 0.044218, 0.985392),
      ["RightHand"] = CFrame.new(-0.000000, 0.000000, 0.000000, 0.459303, -0.779700, 0.425564, 0.886714, 0.430890, -0.167558, -0.052721, 0.454314, 0.889280),
      ["RightLowerArm"] = CFrame.new(-0.000000, -0.000001, -0.000000, 1.000000, 0.000001, -0.000000, 0.000001, 0.073671, -0.997283, 0.000001, 0.997283, 0.073666),
      ["RightLowerLeg"] = CFrame.new(0.000000, -0.000000, 0.000000, 1.000000, 0.000000, 0.000000, -0.000000, 0.999999, 0.001291, 0.000000, -0.001291, 0.999999),
      ["RightUpperArm"] = CFrame.new(-0.000000, -0.065238, 0.000000, -0.079728, -0.132801, 0.987931, 0.445742, 0.881728, 0.154497, -0.891604, 0.452680, -0.011103),
      ["RightUpperLeg"] = CFrame.new(-0.000026, -0.000126, -0.004997, 0.969455, -0.024232, -0.244070, 0.068603, 0.982182, 0.174966, 0.235481, -0.186365, 0.953843),
      ["UpperTorso"] = CFrame.new(-0.000000, -0.000000, 0.000000, 0.969392, 0.241209, 0.045810, -0.243364, 0.968677, 0.049383, -0.032463, -0.059020, 0.997729)
    }},
    {Time = 1.267, Data = {
      ["Head"] = CFrame.new(-0.000000, 0.000000, -0.000000, 0.967436, 0.190226, 0.166976, -0.217077, 0.962813, 0.160835, -0.130172, -0.191845, 0.972754),
      ["LeftFoot"] = CFrame.new(0.000000, -0.000000, 0.000000, 0.981790, -0.178210, 0.065803, 0.173384, 0.982147, 0.072967, -0.077631, -0.060230, 0.995161),
      ["LeftHand"] = CFrame.new(-0.000000, 0.000000, 0.000000, 0.159438, -0.757669, -0.632865, 0.754595, 0.506876, -0.416728, 0.636526, -0.411114, 0.652548),
      ["LeftLowerArm"] = CFrame.new(0.000000, 0.000000, -0.000000, 1.000000, -0.000000, 0.000000, -0.000000, 0.344498, -0.938787, 0.000000, 0.938787, 0.344498),
      ["LeftLowerLeg"] = CFrame.new(0.000000, 0.000000, 0.000000, 1.000000, -0.000000, -0.000000, -0.000000, 0.999994, 0.003576, 0.000000, -0.003576, 0.999994),
      ["LeftUpperArm"] = CFrame.new(0.000000, -0.065238, 0.000000, 0.087100, -0.158762, -0.983467, -0.444888, 0.877107, -0.180993, 0.891341, 0.453297, 0.005765),
      ["LeftUpperLeg"] = CFrame.new(0.000026, 0.000126, 0.004997, 0.747716, 0.604805, 0.274102, -0.622987, 0.781812, -0.025631, -0.229798, -0.151597, 0.961359),
      ["LowerTorso"] = CFrame.new(0.196618, 0.039866, 0.084999, 0.887991, -0.216938, -0.405475, 0.208824, 0.975807, -0.064752, 0.409712, -0.027174, 0.911810),
      ["RightFoot"] = CFrame.new(-0.000000, 0.000000, -0.000000, 0.956729, 0.250261, 0.148450, -0.240038, 0.967167, -0.083488, -0.164471, 0.044242, 0.985389),
      ["RightHand"] = CFrame.new(0.000000, 0.000000, 0.000000, 0.459371, -0.779539, 0.425787, 0.886665, 0.431017, -0.167490, -0.052952, 0.454471, 0.889187),
      ["RightLowerArm"] = CFrame.new(-0.000000, 0.000000, -0.000000, 1.000000, 0.000001, -0.000000, 0.000001, 0.073623, -0.997286, 0.000001, 0.997286, 0.073619),
      ["RightLowerLeg"] = CFrame.new(0.000000, 0.000000, -0.000000, 1.000000, 0.000000, 0.000000, -0.000000, 0.999999, 0.001290, 0.000000, -0.001290, 0.999999),
      ["RightUpperArm"] = CFrame.new(-0.000000, -0.065238, 0.000000, -0.079551, -0.132703, 0.987958, 0.445344, 0.881959, 0.154325, -0.891818, 0.452258, -0.011063),
      ["RightUpperLeg"] = CFrame.new(-0.000026, -0.000126, -0.004998, 0.969437, -0.023926, -0.244168, 0.068188, 0.982300, 0.174465, 0.235672, -0.185783, 0.953910),
      ["UpperTorso"] = CFrame.new(0.000000, -0.000000, 0.000000, 0.969399, 0.241216, 0.045619, -0.243342, 0.968711, 0.048818, -0.032416, -0.058425, 0.997765)
    }},
    {Time = 1.300, Data = {
      ["Head"] = CFrame.new(-0.000000, 0.000000, 0.000000, 0.968389, 0.187694, 0.164299, -0.214135, 0.963342, 0.161609, -0.127944, -0.191683, 0.973082),
      ["LeftFoot"] = CFrame.new(-0.000000, -0.000000, 0.000000, 0.981776, -0.178294, 0.065788, 0.173448, 0.982117, 0.073224, -0.077666, -0.060479, 0.995143),
      ["LeftHand"] = CFrame.new(0.000000, -0.000000, 0.000000, 0.159141, -0.757566, -0.633063, 0.754092, 0.507143, -0.417315, 0.637197, -0.410975, 0.651981),
      ["LeftLowerArm"] = CFrame.new(0.000000, -0.000000, 0.000000, 1.000000, 0.000000, -0.000000, 0.000001, 0.344498, -0.938787, 0.000000, 0.938787, 0.344498),
      ["LeftLowerLeg"] = CFrame.new(0.000000, -0.000000, 0.000000, 1.000000, -0.000000, 0.000000, 0.000000, 0.999994, 0.003570, 0.000000, -0.003570, 0.999994),
      ["LeftUpperArm"] = CFrame.new(0.000000, -0.065239, -0.000000, 0.086992, -0.158686, -0.983489, -0.444696, 0.877228, -0.180876, 0.891447, 0.453088, 0.005745),
      ["LeftUpperLeg"] = CFrame.new(0.000025, 0.000126, 0.004998, 0.747600, 0.605071, 0.273834, -0.623055, 0.781735, -0.026327, -0.229995, -0.150931, 0.961417),
      ["LowerTorso"] = CFrame.new(0.196747, 0.039855, 0.085417, 0.888019, -0.216882, -0.405445, 0.208980, 0.975806, -0.064265, 0.409573, -0.027662, 0.911858),
      ["RightFoot"] = CFrame.new(0.000000, 0.000000, 0.000000, 0.956757, 0.250149, 0.148462, -0.239920, 0.967194, -0.083513, -0.164483, 0.044283, 0.985386),
      ["RightHand"] = CFrame.new(0.000000, -0.000000, 0.000000, 0.459362, -0.779484, 0.425897, 0.886658, 0.431086, -0.167348, -0.053151, 0.454499, 0.889161),
      ["RightLowerArm"] = CFrame.new(-0.000000, 0.000000, 0.000000, 1.000000, 0.000000, -0.000000, 0.000000, 0.073576, -0.997290, 0.000001, 0.997290, 0.073573),
      ["RightLowerLeg"] = CFrame.new(-0.000000, -0.000000, 0.000000, 1.000000, 0.000000, 0.000000, -0.000000, 0.999999, 0.001289, -0.000000, -0.001289, 0.999999),
      ["RightUpperArm"] = CFrame.new(0.000000, -0.065238, -0.000000, -0.079355, -0.132573, 0.987991, 0.444978, 0.882181, 0.154116, -0.892019, 0.451864, -0.011013),
      ["RightUpperLeg"] = CFrame.new(-0.000026, -0.000126, -0.004997, 0.969417, -0.023616, -0.244281, 0.067770, 0.982419, 0.173955, 0.235878, -0.185190, 0.953974),
      ["UpperTorso"] = CFrame.new(-0.000000, -0.000000, 0.000000, 0.969401, 0.241245, 0.045416, -0.243338, 0.968744, 0.048184, -0.032373, -0.057761, 0.997805)
    }},
    {Time = 1.333, Data = {
      ["Head"] = CFrame.new(-0.000000, 0.000000, -0.000000, 0.969110, 0.186055, 0.161894, -0.212087, 0.963728, 0.162011, -0.125879, -0.191342, 0.973418),
      ["LeftFoot"] = CFrame.new(0.000000, 0.000000, 0.000000, 0.981761, -0.178383, 0.065771, 0.173518, 0.982085, 0.073485, -0.077701, -0.060733, 0.995125),
      ["LeftHand"] = CFrame.new(-0.000000, 0.000000, -0.000000, 0.158798, -0.757434, -0.633306, 0.753493, 0.507469, -0.417999, 0.637990, -0.410814, 0.651306),
      ["LeftLowerArm"] = CFrame.new(-0.000000, 0.000000, 0.000000, 1.000000, -0.000000, 0.000000, 0.000000, 0.344498, -0.938787, -0.000000, 0.938787, 0.344497),
      ["LeftLowerLeg"] = CFrame.new(0.000000, 0.000000, -0.000000, 1.000000, -0.000000, -0.000000, -0.000000, 0.999994, 0.003563, -0.000000, -0.003563, 0.999994),
      ["LeftUpperArm"] = CFrame.new(-0.000000, -0.065238, 0.000000, 0.086873, -0.158633, -0.983508, -0.444475, 0.877362, -0.180773, 0.891569, 0.452849, 0.005710),
      ["LeftUpperLeg"] = CFrame.new(0.000025, 0.000126, 0.004997, 0.747474, 0.605349, 0.273561, -0.623133, 0.781648, -0.027031, -0.230192, -0.150259, 0.961475),
      ["LowerTorso"] = CFrame.new(0.196794, 0.039835, 0.085823, 0.888037, -0.216819, -0.405438, 0.209129, 0.975806, -0.063779, 0.409457, -0.028151, 0.911895),
      ["RightFoot"] = CFrame.new(0.000000, 0.000000, 0.000000, 0.956782, 0.250046, 0.148472, -0.239811, 0.967219, -0.083542, -0.164495, 0.044327, 0.985381),
      ["RightHand"] = CFrame.new(0.000000, 0.000000, 0.000000, 0.459350, -0.779429, 0.426010, 0.886652, 0.431155, -0.167203, -0.053348, 0.454528, 0.889133),
      ["RightLowerArm"] = CFrame.new(0.000000, 0.000000, 0.000000, 1.000000, 0.000001, -0.000000, 0.000001, 0.073529, -0.997293, 0.000001, 0.997293, 0.073524),
      ["RightLowerLeg"] = CFrame.new(-0.000000, 0.000000, 0.000000, 1.000000, 0.000000, -0.000000, 0.000000, 0.999999, 0.001288, 0.000000, -0.001288, 0.999999),
      ["RightUpperArm"] = CFrame.new(0.000000, -0.065238, -0.000000, -0.079194, -0.132517, 0.988012, 0.444732, 0.882327, 0.153989, -0.892156, 0.451595, -0.010940),
      ["RightUpperLeg"] = CFrame.new(-0.000026, -0.000126, -0.004998, 0.969397, -0.023350, -0.244383, 0.067397, 0.982533, 0.173456, 0.236064, -0.184619, 0.954039),
      ["UpperTorso"] = CFrame.new(-0.000000, -0.000000, -0.000000, 0.969400, 0.241287, 0.045209, -0.243347, 0.968773, 0.047554, -0.032323, -0.057100, 0.997845)
    }},
    {Time = 1.367, Data = {
      ["Head"] = CFrame.new(-0.000000, -0.000000, 0.000000, 0.969595, 0.185149, 0.160017, -0.210833, 0.963985, 0.162120, -0.124238, -0.190928, 0.973710),
      ["LeftFoot"] = CFrame.new(0.000000, 0.000000, -0.000000, 0.981745, -0.178481, 0.065748, 0.173597, 0.982052, 0.073743, -0.077729, -0.060984, 0.995108),
      ["LeftHand"] = CFrame.new(0.000000, 0.000000, -0.000000, 0.158414, -0.757287, -0.633578, 0.752820, 0.507836, -0.418765, 0.638880, -0.410632, 0.650549),
      ["LeftLowerArm"] = CFrame.new(0.000000, -0.000000, 0.000000, 1.000000, -0.000000, -0.000000, 0.000000, 0.344498, -0.938787, 0.000000, 0.938787, 0.344498),
      ["LeftLowerLeg"] = CFrame.new(-0.000000, -0.000000, 0.000000, 1.000000, 0.000000, -0.000000, -0.000000, 0.999994, 0.003557, -0.000000, -0.003557, 0.999994),
      ["LeftUpperArm"] = CFrame.new(-0.000000, -0.065239, 0.000000, 0.086756, -0.158582, -0.983527, -0.444304, 0.877468, -0.180673, 0.891665, 0.452660, 0.005667),
      ["LeftUpperLeg"] = CFrame.new(0.000026, 0.000126, 0.004997, 0.747357, 0.605617, 0.273290, -0.623201, 0.781569, -0.027728, -0.230388, -0.149591, 0.961532),
      ["LowerTorso"] = CFrame.new(0.196911, 0.039814, 0.086240, 0.888061, -0.216753, -0.405421, 0.209281, 0.975806, -0.063276, 0.409328, -0.028654, 0.911937),
      ["RightFoot"] = CFrame.new(0.000000, 0.000000, -0.000000, 0.956809, 0.249935, 0.148484, -0.239693, 0.967245, -0.083572, -0.164508, 0.044373, 0.985377),
      ["RightHand"] = CFrame.new(-0.000000, 0.000000, 0.000000, 0.459230, -0.779512, 0.425989, 0.886706, 0.431125, -0.166990, -0.053480, 0.454414, 0.889184),
      ["RightLowerArm"] = CFrame.new(-0.000000, -0.000000, -0.000000, 1.000000, 0.000001, -0.000000, 0.000001, 0.073481, -0.997297, 0.000001, 0.997297, 0.073478),
      ["RightLowerLeg"] = CFrame.new(-0.000000, 0.000000, 0.000000, 1.000000, 0.000000, 0.000000, -0.000000, 0.999999, 0.001287, -0.000000, -0.001288, 0.999999),
      ["RightUpperArm"] = CFrame.new(0.000000, -0.065238, -0.000000, -0.079120, -0.132428, 0.988030, 0.444491, 0.882468, 0.153873, -0.892282, 0.451345, -0.010958),
      ["RightUpperLeg"] = CFrame.new(-0.000025, -0.000125, -0.004998, 0.969376, -0.023046, -0.244496, 0.066985, 0.982651, 0.172946, 0.236269, -0.184027, 0.954102),
      ["UpperTorso"] = CFrame.new(0.000000, 0.000000, -0.000000, 0.969399, 0.241329, 0.045008, -0.243358, 0.968800, 0.046931, -0.032278, -0.056447, 0.997884)
    }},
    {Time = 1.400, Data = {
      ["Head"] = CFrame.new(0.000000, 0.000000, 0.000000, 0.969950, 0.184473, 0.158643, -0.209897, 0.964185, 0.162144, -0.123050, -0.190569, 0.973931),
      ["LeftFoot"] = CFrame.new(0.000000, 0.000000, 0.000000, 0.981727, -0.178583, 0.065723, 0.173681, 0.982018, 0.074001, -0.077757, -0.061235, 0.995090),
      ["LeftHand"] = CFrame.new(-0.000000, 0.000000, 0.000000, 0.157991, -0.757145, -0.633853, 0.752091, 0.508219, -0.419612, 0.639843, -0.410420, 0.649735),
      ["LeftLowerArm"] = CFrame.new(0.000000, -0.000000, 0.000000, 1.000000, -0.000000, 0.000000, -0.000000, 0.344499, -0.938787, -0.000000, 0.938787, 0.344498),
      ["LeftLowerLeg"] = CFrame.new(-0.000000, 0.000000, -0.000000, 1.000000, -0.000000, -0.000000, -0.000000, 0.999994, 0.003551, -0.000000, -0.003551, 0.999994),
      ["LeftUpperArm"] = CFrame.new(0.000000, -0.065238, -0.000000, 0.086607, -0.158507, -0.983552, -0.444114, 0.877593, -0.180538, 0.891774, 0.452445, 0.005610),
      ["LeftUpperLeg"] = CFrame.new(0.000026, 0.000126, 0.004997, 0.747230, 0.605894, 0.273020, -0.623280, 0.781482, -0.028427, -0.230584, -0.148925, 0.961588),
      ["LowerTorso"] = CFrame.new(0.197039, 0.039794, 0.086658, 0.888087, -0.216682, -0.405403, 0.209430, 0.975807, -0.062771, 0.409196, -0.029158, 0.911980),
      ["RightFoot"] = CFrame.new(-0.000000, 0.000000, -0.000000, 0.956848, 0.249785, 0.148485, -0.239532, 0.967280, -0.083628, -0.164517, 0.044452, 0.985372),
      ["RightHand"] = CFrame.new(-0.000000, -0.000000, 0.000000, 0.459162, -0.779570, 0.425957, 0.886732, 0.431150, -0.166787, -0.053626, 0.454292, 0.889237),
      ["RightLowerArm"] = CFrame.new(0.000000, -0.000000, 0.000000, 1.000000, 0.000001, -0.000000, 0.000000, 0.073273, -0.997312, 0.000001, 0.997312, 0.073270),
      ["RightLowerLeg"] = CFrame.new(0.000000, -0.000000, 0.000000, 1.000000, 0.000000, 0.000000, 0.000000, 0.999999, 0.001287, 0.000000, -0.001287, 0.999999),
      ["RightUpperArm"] = CFrame.new(-0.000000, -0.065238, 0.000000, -0.079095, -0.132378, 0.988038, 0.444362, 0.882544, 0.153816, -0.892349, 0.451213, -0.010981),
      ["RightUpperLeg"] = CFrame.new(-0.000026, -0.000126, -0.004997, 0.969358, -0.022735, -0.244597, 0.066566, 0.982767, 0.172449, 0.236462, -0.183447, 0.954166),
      ["UpperTorso"] = CFrame.new(-0.000000, -0.000000, -0.000000, 0.969396, 0.241384, 0.044794, -0.243380, 0.968826, 0.046284, -0.032226, -0.055769, 0.997923)
    }},
    {Time = 1.433, Data = {
      ["Head"] = CFrame.new(0.000000, -0.000000, -0.000000, 0.970176, 0.184034, 0.157763, -0.209286, 0.964323, 0.162113, -0.122300, -0.190296, 0.974079),
      ["LeftFoot"] = CFrame.new(0.000000, 0.000000, 0.000000, 0.981710, -0.178688, 0.065706, 0.173766, 0.981983, 0.074260, -0.077792, -0.061485, 0.995072),
      ["LeftHand"] = CFrame.new(-0.000000, 0.000000, 0.000000, 0.157525, -0.756972, -0.634176, 0.751278, 0.508656, -0.420535, 0.640911, -0.410198, 0.648822),
      ["LeftLowerArm"] = CFrame.new(0.000000, -0.000000, -0.000000, 1.000000, -0.000000, -0.000000, 0.000000, 0.344498, -0.938787, -0.000000, 0.938787, 0.344497),
      ["LeftLowerLeg"] = CFrame.new(-0.000000, -0.000000, 0.000000, 1.000000, -0.000000, 0.000000, -0.000000, 0.999994, 0.003545, -0.000000, -0.003545, 0.999994),
      ["LeftUpperArm"] = CFrame.new(0.000000, -0.065238, 0.000000, 0.086439, -0.158449, -0.983576, -0.443916, 0.877720, -0.180408, 0.891889, 0.452219, 0.005531),
      ["LeftUpperLeg"] = CFrame.new(0.000025, 0.000126, 0.004997, 0.747104, 0.606173, 0.272748, -0.623360, 0.781392, -0.029125, -0.230778, -0.148260, 0.961645),
      ["LowerTorso"] = CFrame.new(0.197168, 0.039773, 0.087076, 0.888111, -0.216615, -0.405384, 0.209582, 0.975806, -0.062266, 0.409064, -0.029662, 0.912023),
      ["RightFoot"] = CFrame.new(-0.000000, 0.000000, 0.000000, 0.956887, 0.249636, 0.148488, -0.239373, 0.967315, -0.083677, -0.164524, 0.044526, 0.985368),
      ["RightHand"] = CFrame.new(-0.000000, 0.000000, 0.000000, 0.459016, -0.779712, 0.425853, 0.886803, 0.431095, -0.166554, -0.053715, 0.454099, 0.889331),
      ["RightLowerArm"] = CFrame.new(0.000000, 0.000000, -0.000000, 1.000000, 0.000001, -0.000000, 0.000001, 0.073065, -0.997327, 0.000001, 0.997327, 0.073061),
      ["RightLowerLeg"] = CFrame.new(-0.000000, -0.000000, -0.000000, 1.000000, 0.000000, 0.000000, -0.000000, 0.999999, 0.001287, -0.000000, -0.001287, 0.999999),
      ["RightUpperArm"] = CFrame.new(-0.000000, -0.065238, 0.000000, -0.079185, -0.132321, 0.988039, 0.444265, 0.882594, 0.153804, -0.892389, 0.451130, -0.011103),
      ["RightUpperLeg"] = CFrame.new(-0.000026, -0.000126, -0.004997, 0.969337, -0.022426, -0.244710, 0.066147, 0.982885, 0.171933, 0.236667, -0.182848, 0.954230),
      ["UpperTorso"] = CFrame.new(0.000000, -0.000000, -0.000000, 0.969387, 0.241458, 0.044586, -0.243423, 0.968845, 0.045663, -0.032171, -0.055119, 0.997961)
    }},
    {Time = 1.467, Data = {
      ["Head"] = CFrame.new(0.000000, 0.000000, -0.000000, 0.970302, 0.183766, 0.157300, -0.208926, 0.964405, 0.162087, -0.121915, -0.190137, 0.974158),
      ["LeftFoot"] = CFrame.new(-0.000000, 0.000000, -0.000000, 0.981691, -0.178796, 0.065690, 0.173856, 0.981948, 0.074510, -0.077826, -0.061726, 0.995054),
      ["LeftHand"] = CFrame.new(-0.000000, -0.000000, 0.000000, 0.157028, -0.756793, -0.634512, 0.750403, 0.509124, -0.421531, 0.642057, -0.409948, 0.647847),
      ["LeftLowerArm"] = CFrame.new(0.000000, -0.000000, 0.000000, 1.000000, -0.000000, 0.000000, 0.000000, 0.344498, -0.938787, -0.000000, 0.938787, 0.344498),
      ["LeftLowerLeg"] = CFrame.new(0.000000, 0.000000, 0.000000, 1.000000, 0.000000, -0.000000, 0.000000, 0.999994, 0.003540, -0.000000, -0.003540, 0.999994),
      ["LeftUpperArm"] = CFrame.new(0.000000, -0.065238, 0.000000, 0.086271, -0.158391, -0.983600, -0.443771, 0.877819, -0.180280, 0.891978, 0.452046, 0.005441),
      ["LeftUpperLeg"] = CFrame.new(0.000026, 0.000126, 0.004997, 0.746975, 0.606447, 0.272492, -0.623447, 0.781297, -0.029783, -0.230960, -0.147637, 0.961697),
      ["LowerTorso"] = CFrame.new(0.197296, 0.039752, 0.087494, 0.888130, -0.216547, -0.405379, 0.209726, 0.975806, -0.061778, 0.408949, -0.030152, 0.912059),
      ["RightFoot"] = CFrame.new(-0.000000, 0.000000, -0.000000, 0.956926, 0.249482, 0.148496, -0.239209, 0.967352, -0.083724, -0.164536, 0.044597, 0.985363),
      ["RightHand"] = CFrame.new(0.000000, 0.000000, -0.000000, 0.458809, -0.779926, 0.425683, 0.886905, 0.431001, -0.166256, -0.053798, 0.453820, 0.889468),
      ["RightLowerArm"] = CFrame.new(-0.000000, -0.000000, 0.000000, 1.000000, 0.000001, -0.000000, 0.000001, 0.072810, -0.997346, 0.000001, 0.997346, 0.072806),
      ["RightLowerLeg"] = CFrame.new(-0.000000, 0.000000, -0.000000, 1.000000, 0.000000, 0.000000, 0.000000, 0.999999, 0.001286, -0.000000, -0.001286, 0.999999),
      ["RightUpperArm"] = CFrame.new(0.000000, -0.065238, -0.000000, -0.079316, -0.132304, 0.988031, 0.444278, 0.882581, 0.153849, -0.892371, 0.451162, -0.011223),
      ["RightUpperLeg"] = CFrame.new(-0.000026, -0.000126, -0.004997, 0.969318, -0.022113, -0.244813, 0.065724, 0.983003, 0.171423, 0.236861, -0.182254, 0.954296),
      ["UpperTorso"] = CFrame.new(0.000000, -0.000000, 0.000000, 0.969376, 0.241533, 0.044409, -0.243469, 0.968860, 0.045080, -0.032138, -0.054512, 0.997996)
    }},
    {Time = 1.500, Data = {
      ["Head"] = CFrame.new(-0.000000, 0.000000, -0.000000, 0.970238, 0.183858, 0.157590, -0.209060, 0.964395, 0.161977, -0.122198, -0.190102, 0.974130),
      ["LeftFoot"] = CFrame.new(-0.000000, -0.000000, -0.000000, 0.981670, -0.178916, 0.065671, 0.173956, 0.981910, 0.074776, -0.077862, -0.061982, 0.995036),
      ["LeftHand"] = CFrame.new(-0.000000, -0.000000, 0.000000, 0.156503, -0.756608, -0.634864, 0.749479, 0.509613, -0.422581, 0.643263, -0.409681, 0.646817),
      ["LeftLowerArm"] = CFrame.new(0.000000, 0.000000, -0.000000, 1.000000, -0.000000, -0.000000, 0.000000, 0.344498, -0.938787, 0.000000, 0.938787, 0.344497),
      ["LeftLowerLeg"] = CFrame.new(0.000000, 0.000000, -0.000000, 1.000000, 0.000000, 0.000000, 0.000000, 0.999994, 0.003534, 0.000000, -0.003534, 0.999994),
      ["LeftUpperArm"] = CFrame.new(-0.000000, -0.065238, 0.000000, 0.086104, -0.158333, -0.983624, -0.443635, 0.877914, -0.180152, 0.892062, 0.451882, 0.005350),
      ["LeftUpperLeg"] = CFrame.new(0.000026, 0.000126, 0.004997, 0.746846, 0.606721, 0.272233, -0.623533, 0.781204, -0.030449, -0.231144, -0.147005, 0.961749),
      ["LowerTorso"] = CFrame.new(0.197424, 0.039732, 0.087912, 0.888150, -0.216494, -0.405364, 0.209867, 0.975804, -0.061331, 0.408834, -0.030602, 0.912096),
      ["RightFoot"] = CFrame.new(-0.000000, 0.000000, -0.000000, 0.956965, 0.249326, 0.148504, -0.239043, 0.967389, -0.083770, -0.164548, 0.044667, 0.985357),
      ["RightHand"] = CFrame.new(-0.000000, 0.000000, 0.000000, 0.458583, -0.780193, 0.425437, 0.887019, 0.430883, -0.165950, -0.053837, 0.453473, 0.889643),
      ["RightLowerArm"] = CFrame.new(-0.000000, -0.000000, 0.000000, 1.000000, 0.000001, -0.000000, 0.000001, 0.072545, -0.997365, 0.000001, 0.997365, 0.072541),
      ["RightLowerLeg"] = CFrame.new(0.000000, -0.000000, -0.000000, 1.000000, 0.000000, -0.000000, -0.000000, 0.999999, 0.001285, -0.000000, -0.001285, 0.999999),
      ["RightUpperArm"] = CFrame.new(-0.000000, -0.065238, 0.000000, -0.079463, -0.132292, 0.988020, 0.444342, 0.882538, 0.153906, -0.892326, 0.451249, -0.011346),
      ["RightUpperLeg"] = CFrame.new(-0.000026, -0.000125, -0.004997, 0.969300, -0.021795, -0.244912, 0.065304, 0.983112, 0.170956, 0.237050, -0.181701, 0.954354),
      ["UpperTorso"] = CFrame.new(-0.000000, 0.000000, -0.000000, 0.969362, 0.241619, 0.044238, -0.243530, 0.968868, 0.044575, -0.032090, -0.053982, 0.998026)
    }},
    {Time = 1.533, Data = {
      ["Head"] = CFrame.new(-0.000000, 0.000000, -0.000000, 0.970173, 0.183950, 0.157880, -0.209194, 0.964384, 0.161868, -0.122482, -0.190068, 0.974101),
      ["LeftFoot"] = CFrame.new(0.000000, 0.000000, 0.000000, 0.981649, -0.179040, 0.065655, 0.174063, 0.981872, 0.075021, -0.077896, -0.062217, 0.995018),
      ["LeftHand"] = CFrame.new(0.000000, 0.000000, -0.000000, 0.155940, -0.756400, -0.635249, 0.748494, 0.510139, -0.423691, 0.644545, -0.409410, 0.645712),
      ["LeftLowerArm"] = CFrame.new(-0.000000, 0.000000, 0.000000, 1.000000, 0.000000, 0.000000, 0.000000, 0.344499, -0.938787, 0.000000, 0.938787, 0.344498),
      ["LeftLowerLeg"] = CFrame.new(-0.000000, -0.000000, -0.000000, 1.000000, -0.000000, -0.000000, 0.000000, 0.999994, 0.003529, -0.000000, -0.003529, 0.999994),
      ["LeftUpperArm"] = CFrame.new(0.000000, -0.065238, 0.000000, 0.085927, -0.158359, -0.983636, -0.443536, 0.877976, -0.180094, 0.892128, 0.451753, 0.005204),
      ["LeftUpperLeg"] = CFrame.new(0.000026, 0.000126, 0.004998, 0.746717, 0.606994, 0.271979, -0.623622, 0.781107, -0.031097, -0.231321, -0.146391, 0.961801),
      ["LowerTorso"] = CFrame.new(0.197578, 0.039711, 0.088162, 0.888176, -0.216423, -0.405346, 0.210011, 0.975804, -0.060834, 0.408704, -0.031096, 0.912137),
      ["RightFoot"] = CFrame.new(-0.000000, 0.000000, 0.000000, 0.957001, 0.249184, 0.148512, -0.238891, 0.967422, -0.083825, -0.164562, 0.044742, 0.985352),
      ["RightHand"] = CFrame.new(-0.000000, -0.000000, -0.000000, 0.458341, -0.780463, 0.425203, 0.887139, 0.430771, -0.165600, -0.053918, 0.453116, 0.889820),
      ["RightLowerArm"] = CFrame.new(0.000000, -0.000000, -0.000000, 1.000000, 0.000001, -0.000000, 0.000001, 0.072281, -0.997385, 0.000001, 0.997384, 0.072278),
      ["RightLowerLeg"] = CFrame.new(0.000000, 0.000000, -0.000000, 1.000000, -0.000000, 0.000000, 0.000000, 0.999999, 0.001285, -0.000000, -0.001285, 0.999999),
      ["RightUpperArm"] = CFrame.new(-0.000000, -0.065238, -0.000000, -0.079627, -0.132303, 0.988006, 0.444466, 0.882461, 0.153991, -0.892249, 0.451397, -0.011464),
      ["RightUpperLeg"] = CFrame.new(-0.000025, -0.000125, -0.004997, 0.969280, -0.021527, -0.245014, 0.064927, 0.983224, 0.170455, 0.237235, -0.181127, 0.954418),
      ["UpperTorso"] = CFrame.new(0.000000, 0.000000, 0.000000, 0.969342, 0.241737, 0.044052, -0.243619, 0.968873, 0.043986, -0.032048, -0.053369, 0.998060)
    }},
    {Time = 1.567, Data = {
      ["Head"] = CFrame.new(0.000000, 0.000000, 0.000000, 0.970109, 0.184042, 0.158169, -0.209328, 0.964373, 0.161759, -0.122764, -0.190033, 0.974072),
      ["LeftFoot"] = CFrame.new(-0.000000, 0.000000, 0.000000, 0.981632, -0.179141, 0.065637, 0.174143, 0.981838, 0.075290, -0.077932, -0.062477, 0.994999),
      ["LeftHand"] = CFrame.new(-0.000000, -0.000000, 0.000000, 0.155346, -0.756189, -0.635645, 0.747452, 0.510690, -0.424868, 0.645898, -0.409112, 0.644548),
      ["LeftLowerArm"] = CFrame.new(-0.000000, 0.000000, 0.000000, 1.000000, -0.000000, 0.000000, -0.000000, 0.344499, -0.938787, -0.000000, 0.938787, 0.344498),
      ["LeftLowerLeg"] = CFrame.new(-0.000000, 0.000000, 0.000000, 1.000000, 0.000000, 0.000000, -0.000000, 0.999994, 0.003522, 0.000000, -0.003522, 0.999994),
      ["LeftUpperArm"] = CFrame.new(-0.000000, -0.065238, -0.000000, 0.085761, -0.158385, -0.983646, -0.443392, 0.878060, -0.180041, 0.892215, 0.451581, 0.005076),
      ["LeftUpperLeg"] = CFrame.new(0.000026, 0.000126, 0.004997, 0.746608, 0.607265, 0.271674, -0.623674, 0.781035, -0.031857, -0.231533, -0.145651, 0.961862),
      ["LowerTorso"] = CFrame.new(0.197790, 0.039690, 0.088564, 0.888213, -0.216328, -0.405314, 0.210153, 0.975808, -0.060282, 0.408549, -0.031635, 0.912188),
      ["RightFoot"] = CFrame.new(0.000000, 0.000000, -0.000000, 0.957038, 0.249036, 0.148519, -0.238731, 0.967456, -0.083881, -0.164576, 0.044822, 0.985346),
      ["RightHand"] = CFrame.new(-0.000000, 0.000000, 0.000000, 0.458082, -0.780765, 0.424928, 0.887269, 0.430646, -0.165231, -0.053983, 0.452715, 0.890020),
      ["RightLowerArm"] = CFrame.new(0.000000, -0.000001, 0.000000, 1.000000, 0.000001, -0.000001, 0.000001, 0.071972, -0.997407, 0.000001, 0.997407, 0.071968),
      ["RightLowerLeg"] = CFrame.new(0.000000, -0.000000, 0.000000, 1.000000, -0.000000, 0.000000, -0.000000, 0.999999, 0.001284, -0.000000, -0.001285, 0.999999),
      ["RightUpperArm"] = CFrame.new(0.000000, -0.065238, -0.000000, -0.079821, -0.132299, 0.987991, 0.444605, 0.882376, 0.154076, -0.892163, 0.451564, -0.011611),
      ["RightUpperLeg"] = CFrame.new(-0.000026, -0.000126, -0.004997, 0.969252, -0.021225, -0.245153, 0.064511, 0.983346, 0.169908, 0.237464, -0.180499, 0.954480),
      ["UpperTorso"] = CFrame.new(-0.000000, -0.000000, 0.000000, 0.969317, 0.241870, 0.043868, -0.243725, 0.968869, 0.043471, -0.031988, -0.052829, 0.998091)
    }},
    {Time = 1.600, Data = {
      ["Head"] = CFrame.new(0.000000, 0.000000, -0.000000, 0.969839, 0.184374, 0.159435, -0.209848, 0.964334, 0.161322, -0.124005, -0.189913, 0.973938),
      ["LeftFoot"] = CFrame.new(-0.000000, 0.000000, 0.000000, 0.981614, -0.179245, 0.065620, 0.174228, 0.981803, 0.075547, -0.077967, -0.062726, 0.994981),
      ["LeftHand"] = CFrame.new(-0.000000, -0.000000, -0.000000, 0.154723, -0.755964, -0.636065, 0.746367, 0.511263, -0.426083, 0.647299, -0.408813, 0.643331),
      ["LeftLowerArm"] = CFrame.new(0.000000, -0.000000, -0.000000, 1.000000, -0.000000, -0.000000, 0.000000, 0.344498, -0.938788, -0.000000, 0.938787, 0.344497),
      ["LeftLowerLeg"] = CFrame.new(-0.000000, 0.000000, -0.000000, 1.000000, 0.000000, 0.000000, -0.000000, 0.999994, 0.003516, 0.000000, -0.003516, 0.999994),
      ["LeftUpperArm"] = CFrame.new(0.000000, -0.065238, -0.000000, 0.085578, -0.158377, -0.983663, -0.443320, 0.878115, -0.179951, 0.892269, 0.451477, 0.004936),
      ["LeftUpperLeg"] = CFrame.new(0.000026, 0.000126, 0.004997, 0.746500, 0.607535, 0.271364, -0.623724, 0.780963, -0.032623, -0.231746, -0.144903, 0.961924),
      ["LowerTorso"] = CFrame.new(0.197932, 0.039669, 0.088984, 0.888252, -0.216212, -0.405292, 0.210293, 0.975815, -0.059683, 0.408394, -0.032217, 0.912237),
      ["RightFoot"] = CFrame.new(0.000000, 0.000000, 0.000000, 0.957075, 0.248889, 0.148527, -0.238567, 0.967489, -0.083968, -0.164598, 0.044931, 0.985337),
      ["RightHand"] = CFrame.new(0.000000, -0.000000, -0.000001, 0.457840, -0.781061, 0.424644, 0.887388, 0.430552, -0.164836, -0.054081, 0.452292, 0.890229),
      ["RightLowerArm"] = CFrame.new(-0.000000, 0.000000, 0.000000, 1.000000, 0.000001, -0.000001, 0.000001, 0.071609, -0.997433, 0.000001, 0.997433, 0.071607),
      ["RightLowerLeg"] = CFrame.new(-0.000000, -0.000000, -0.000000, 1.000000, 0.000000, 0.000000, 0.000000, 0.999999, 0.001284, -0.000000, -0.001284, 0.999999),
      ["RightUpperArm"] = CFrame.new(-0.000000, -0.065238, 0.000000, -0.080020, -0.132327, 0.987971, 0.444756, 0.882279, 0.154194, -0.892070, 0.451744, -0.011746),
      ["RightUpperLeg"] = CFrame.new(-0.000026, -0.000126, -0.004997, 0.969221, -0.020920, -0.245300, 0.064080, 0.983478, 0.169308, 0.237705, -0.179816, 0.954548),
      ["UpperTorso"] = CFrame.new(0.000000, -0.000000, -0.000000, 0.969286, 0.242032, 0.043661, -0.243855, 0.968866, 0.042809, -0.031941, -0.052141, 0.998129)
    }},
    {Time = 1.633, Data = {
      ["Head"] = CFrame.new(-0.000000, 0.000001, -0.000000, 0.969498, 0.184790, 0.161015, -0.210501, 0.964279, 0.160796, -0.125549, -0.189785, 0.973765),
      ["LeftFoot"] = CFrame.new(-0.000000, 0.000000, 0.000000, 0.981595, -0.179349, 0.065608, 0.174313, 0.981767, 0.075816, -0.078010, -0.062985, 0.994961),
      ["LeftHand"] = CFrame.new(0.000000, -0.000000, 0.000000, 0.154083, -0.755741, -0.636486, 0.745247, 0.511849, -0.427338, 0.648741, -0.408493, 0.642080),
      ["LeftLowerArm"] = CFrame.new(0.000000, -0.000000, -0.000000, 1.000000, -0.000000, -0.000000, 0.000000, 0.344498, -0.938787, -0.000000, 0.938787, 0.344497),
      ["LeftLowerLeg"] = CFrame.new(0.000000, 0.000000, -0.000000, 1.000000, 0.000000, 0.000000, 0.000000, 0.999994, 0.003510, -0.000000, -0.003510, 0.999994),
      ["LeftUpperArm"] = CFrame.new(0.000000, -0.065238, 0.000000, 0.085390, -0.158436, -0.983670, -0.443194, 0.878185, -0.179918, 0.892349, 0.451319, 0.004771),
      ["LeftUpperLeg"] = CFrame.new(0.000025, 0.000126, 0.004997, 0.746394, 0.607813, 0.271035, -0.623769, 0.780893, -0.033428, -0.231968, -0.144112, 0.961989),
      ["LowerTorso"] = CFrame.new(0.198061, 0.039648, 0.089403, 0.888303, -0.216088, -0.405247, 0.210429, 0.975823, -0.059070, 0.408213, -0.032804, 0.912297),
      ["RightFoot"] = CFrame.new(0.000000, 0.000001, 0.000000, 0.957112, 0.248743, 0.148534, -0.238402, 0.967521, -0.084069, -0.164622, 0.045054, 0.985327),
      ["RightHand"] = CFrame.new(-0.000000, -0.000000, -0.000000, 0.457592, -0.781359, 0.424362, 0.887508, 0.430470, -0.164404, -0.054213, 0.451855, 0.890443),
      ["RightLowerArm"] = CFrame.new(0.000000, 0.000000, 0.000000, 1.000000, 0.000001, -0.000001, 0.000001, 0.071285, -0.997456, 0.000001, 0.997456, 0.071281),
      ["RightLowerLeg"] = CFrame.new(0.000000, 0.000000, 0.000000, 1.000000, 0.000000, -0.000000, -0.000000, 0.999999, 0.001285, -0.000000, -0.001285, 0.999999),
      ["RightUpperArm"] = CFrame.new(-0.000000, -0.065238, 0.000000, -0.080167, -0.132373, 0.987953, 0.444909, 0.882183, 0.154303, -0.891980, 0.451919, -0.011828),
      ["RightUpperLeg"] = CFrame.new(-0.000025, -0.000126, -0.004998, 0.969188, -0.020611, -0.245457, 0.063655, 0.983603, 0.168739, 0.237955, -0.179165, 0.954609),
      ["UpperTorso"] = CFrame.new(-0.000000, -0.000000, -0.000000, 0.969255, 0.242192, 0.043445, -0.243984, 0.968861, 0.042181, -0.031876, -0.051483, 0.998165)
    }},
    {Time = 1.667, Data = {
      ["Head"] = CFrame.new(-0.000000, -0.000000, -0.000000, 0.969105, 0.185214, 0.162884, -0.211208, 0.964221, 0.160213, -0.127383, -0.189665, 0.973550),
      ["LeftFoot"] = CFrame.new(-0.000000, -0.000000, 0.000000, 0.981577, -0.179455, 0.065599, 0.174399, 0.981732, 0.076071, -0.078051, -0.063230, 0.994942),
      ["LeftHand"] = CFrame.new(0.000000, -0.000000, 0.000000, 0.153425, -0.755504, -0.636926, 0.744076, 0.512465, -0.428636, 0.650239, -0.408157, 0.640778),
      ["LeftLowerArm"] = CFrame.new(0.000000, -0.000000, 0.000000, 1.000000, 0.000000, -0.000000, 0.000000, 0.344498, -0.938787, 0.000000, 0.938787, 0.344497),
      ["LeftLowerLeg"] = CFrame.new(0.000000, -0.000000, -0.000000, 1.000000, -0.000000, -0.000000, 0.000000, 0.999994, 0.003504, -0.000000, -0.003504, 0.999994),
      ["LeftUpperArm"] = CFrame.new(0.000000, -0.065238, 0.000000, 0.085195, -0.158462, -0.983683, -0.443086, 0.878253, -0.179853, 0.892422, 0.451179, 0.004610),
      ["LeftUpperLeg"] = CFrame.new(0.000026, 0.000126, 0.004998, 0.746288, 0.608081, 0.270725, -0.623823, 0.780818, -0.034161, -0.232160, -0.143390, 0.962050),
      ["LowerTorso"] = CFrame.new(0.198189, 0.039628, 0.089821, 0.888341, -0.215975, -0.405223, 0.210563, 0.975829, -0.058491, 0.408060, -0.033365, 0.912345),
      ["RightFoot"] = CFrame.new(0.000000, 0.000000, 0.000000, 0.957152, 0.248585, 0.148542, -0.238233, 0.967558, -0.084125, -0.164635, 0.045134, 0.985321),
      ["RightHand"] = CFrame.new(0.000000, 0.000000, 0.000000, 0.457390, -0.781610, 0.424119, 0.887602, 0.430435, -0.163984, -0.054380, 0.451454, 0.890636),
      ["RightLowerArm"] = CFrame.new(-0.000000, -0.000000, 0.000000, 1.000000, 0.000001, -0.000000, 0.000001, 0.070923, -0.997482, 0.000001, 0.997482, 0.070919),
      ["RightLowerLeg"] = CFrame.new(-0.000000, 0.000000, -0.000000, 1.000000, -0.000000, -0.000000, -0.000000, 0.999999, 0.001285, -0.000000, -0.001285, 0.999999),
      ["RightUpperArm"] = CFrame.new(-0.000000, -0.065238, -0.000000, -0.080296, -0.132366, 0.987943, 0.444992, 0.882132, 0.154357, -0.891927, 0.452021, -0.011930),
      ["RightUpperLeg"] = CFrame.new(-0.000025, -0.000126, -0.004998, 0.969154, -0.020301, -0.245618, 0.063226, 0.983730, 0.168159, 0.238208, -0.178502, 0.954670),
      ["UpperTorso"] = CFrame.new(-0.000000, -0.000000, 0.000000, 0.969214, 0.242398, 0.043212, -0.244158, 0.968845, 0.041555, -0.031793, -0.050826, 0.998201)
    }},
    {Time = 1.700, Data = {
      ["Head"] = CFrame.new(-0.000000, 0.000000, -0.000000, 0.968690, 0.185635, 0.164864, -0.211936, 0.964155, 0.159647, -0.129319, -0.189589, 0.973310),
      ["LeftFoot"] = CFrame.new(0.000000, -0.000000, -0.000000, 0.981557, -0.179573, 0.065578, 0.174494, 0.981692, 0.076373, -0.078092, -0.063522, 0.994920),
      ["LeftHand"] = CFrame.new(0.000000, 0.000000, 0.000000, 0.152747, -0.755239, -0.637404, 0.742859, 0.513122, -0.429963, 0.651790, -0.407824, 0.639413),
      ["LeftLowerArm"] = CFrame.new(0.000000, -0.000000, 0.000000, 1.000000, -0.000000, -0.000000, 0.000000, 0.344498, -0.938787, -0.000000, 0.938787, 0.344497),
      ["LeftLowerLeg"] = CFrame.new(-0.000000, 0.000000, 0.000000, 1.000000, 0.000000, 0.000000, -0.000000, 0.999994, 0.003498, 0.000000, -0.003498, 0.999994),
      ["LeftUpperArm"] = CFrame.new(0.000000, -0.065238, 0.000000, 0.085011, -0.158538, -0.983686, -0.442982, 0.878309, -0.179837, 0.892491, 0.451043, 0.004437),
      ["LeftUpperLeg"] = CFrame.new(0.000026, 0.000126, 0.004997, 0.746179, 0.608356, 0.270409, -0.623883, 0.780737, -0.034899, -0.232349, -0.142662, 0.962113),
      ["LowerTorso"] = CFrame.new(0.198310, 0.039605, 0.090169, 0.888389, -0.215874, -0.405172, 0.210697, 0.975833, -0.057939, 0.407887, -0.033896, 0.912403),
      ["RightFoot"] = CFrame.new(0.000000, 0.000000, -0.000000, 0.957191, 0.248432, 0.148547, -0.238067, 0.967593, -0.084196, -0.164651, 0.045228, 0.985315),
      ["RightHand"] = CFrame.new(-0.000000, 0.000000, -0.000000, 0.457205, -0.781828, 0.423916, 0.887684, 0.430432, -0.163551, -0.054594, 0.451080, 0.890812),
      ["RightLowerArm"] = CFrame.new(-0.000000, -0.000000, -0.000000, 1.000000, 0.000001, -0.000000, 0.000001, 0.070566, -0.997507, 0.000001, 0.997507, 0.070562),
      ["RightLowerLeg"] = CFrame.new(0.000000, 0.000000, 0.000000, 1.000000, 0.000000, 0.000000, -0.000000, 0.999999, 0.001286, -0.000000, -0.001286, 0.999999),
      ["RightUpperArm"] = CFrame.new(0.000000, -0.065238, -0.000000, -0.080391, -0.132393, 0.987932, 0.445100, 0.882065, 0.154425, -0.891865, 0.452143, -0.011982),
      ["RightUpperLeg"] = CFrame.new(-0.000026, -0.000126, -0.004998, 0.969123, -0.019997, -0.245763, 0.062821, 0.983841, 0.167659, 0.238440, -0.177922, 0.954720),
      ["UpperTorso"] = CFrame.new(-0.000000, -0.000000, 0.000000, 0.969175, 0.242586, 0.043034, -0.244316, 0.968831, 0.040931, -0.031764, -0.050183, 0.998235)
    }},
    {Time = 1.733, Data = {
      ["Head"] = CFrame.new(-0.000000, 0.000000, 0.000000, 0.967923, 0.186293, 0.168585, -0.213209, 0.964004, 0.158869, -0.132921, -0.189716, 0.972800),
      ["LeftFoot"] = CFrame.new(-0.000000, 0.000000, 0.000000, 0.981509, -0.179853, 0.065524, 0.174728, 0.981600, 0.077008, -0.078168, -0.064136, 0.994875),
      ["LeftHand"] = CFrame.new(-0.000000, -0.000000, -0.000000, 0.151459, -0.754819, -0.638208, 0.740585, 0.514281, -0.432493, 0.654671, -0.407142, 0.636899),
      ["LeftLowerArm"] = CFrame.new(0.000000, 0.000000, -0.000000, 1.000000, 0.000000, -0.000000, 0.000000, 0.344498, -0.938787, 0.000000, 0.938787, 0.344498),
      ["LeftLowerLeg"] = CFrame.new(-0.000000, 0.000000, -0.000000, 1.000000, 0.000000, 0.000000, 0.000000, 0.999994, 0.003486, 0.000000, -0.003486, 0.999994),
      ["LeftUpperArm"] = CFrame.new(-0.000000, -0.065238, 0.000000, 0.084670, -0.158633, -0.983700, -0.442816, 0.878406, -0.179768, 0.892606, 0.450819, 0.004130),
      ["LeftUpperLeg"] = CFrame.new(0.000026, 0.000126, 0.004998, 0.745954, 0.608886, 0.269835, -0.624034, 0.780557, -0.036206, -0.232668, -0.141378, 0.962225),
      ["LowerTorso"] = CFrame.new(0.198714, 0.039569, 0.090800, 0.888469, -0.215690, -0.405093, 0.210927, 0.975840, -0.056967, 0.407593, -0.034832, 0.912499),
      ["RightFoot"] = CFrame.new(-0.000000, 0.000000, -0.000000, 0.957268, 0.248137, 0.148545, -0.237728, 0.967655, -0.084438, -0.164693, 0.045516, 0.985294),
      ["RightHand"] = CFrame.new(-0.000000, -0.000000, -0.000000, 0.456789, -0.782334, 0.423431, 0.887878, 0.430346, -0.162720, -0.054917, 0.450284, 0.891195),
      ["RightLowerArm"] = CFrame.new(0.000000, -0.000000, 0.000000, 1.000000, 0.000001, -0.000001, 0.000001, 0.069909, -0.997554, 0.000001, 0.997553, 0.069906),
      ["RightLowerLeg"] = CFrame.new(0.000000, 0.000000, 0.000000, 1.000000, 0.000000, 0.000000, -0.000000, 0.999999, 0.001287, 0.000000, -0.001287, 0.999999),
      ["RightUpperArm"] = CFrame.new(0.000000, -0.065237, 0.000000, -0.080651, -0.132436, 0.987905, 0.445371, 0.881901, 0.154585, -0.891706, 0.452451, -0.012143),
      ["RightUpperLeg"] = CFrame.new(-0.000026, -0.000126, -0.004997, 0.969068, -0.019396, -0.246032, 0.062035, 0.984045, 0.166755, 0.238872, -0.176859, 0.954809),
      ["UpperTorso"] = CFrame.new(-0.000000, 0.000000, 0.000000, 0.969089, 0.242999, 0.042637, -0.244680, 0.968778, 0.040016, -0.031582, -0.049211, 0.998289)
    }},
    {Time = 1.767, Data = {
      ["Head"] = CFrame.new(-0.000000, 0.000001, 0.000000, 0.967786, 0.186406, 0.169245, -0.213432, 0.963976, 0.158735, -0.133559, -0.189743, 0.972707),
      ["LeftFoot"] = CFrame.new(0.000000, 0.000000, -0.000000, 0.981493, -0.179945, 0.065516, 0.174812, 0.981577, 0.077117, -0.078186, -0.064238, 0.994867),
      ["LeftHand"] = CFrame.new(0.000000, -0.000000, 0.000000, 0.151231, -0.754746, -0.638348, 0.740182, 0.514484, -0.432940, 0.655179, -0.407019, 0.636455),
      ["LeftLowerArm"] = CFrame.new(-0.000000, 0.000000, -0.000000, 1.000000, -0.000000, 0.000000, -0.000000, 0.344498, -0.938787, 0.000000, 0.938787, 0.344498),
      ["LeftLowerLeg"] = CFrame.new(-0.000000, 0.000000, -0.000000, 1.000000, 0.000000, -0.000000, -0.000000, 0.999994, 0.003488, 0.000000, -0.003488, 0.999994),
      ["LeftUpperArm"] = CFrame.new(0.000000, -0.065238, 0.000000, 0.084556, -0.158668, -0.983705, -0.442774, 0.878432, -0.179747, 0.892637, 0.450757, 0.004022),
      ["LeftUpperLeg"] = CFrame.new(0.000025, 0.000126, 0.004997, 0.745913, 0.608968, 0.269763, -0.624064, 0.780525, -0.036390, -0.232718, -0.141205, 0.962239),
      ["LowerTorso"] = CFrame.new(0.198788, 0.039563, 0.090912, 0.888496, -0.215633, -0.405065, 0.210997, 0.975843, -0.056667, 0.407499, -0.035119, 0.912530),
      ["RightFoot"] = CFrame.new(0.000000, 0.000000, 0.000000, 0.957296, 0.248028, 0.148546, -0.237601, 0.967677, -0.084540, -0.164712, 0.045636, 0.985285),
      ["RightHand"] = CFrame.new(0.000000, -0.000000, -0.000000, 0.456648, -0.782505, 0.423267, 0.887945, 0.430308, -0.162455, -0.055009, 0.450023, 0.891321),
      ["RightLowerArm"] = CFrame.new(0.000000, -0.000000, 0.000000, 1.000000, 0.000001, -0.000000, 0.000001, 0.069685, -0.997569, 0.000001, 0.997569, 0.069681),
      ["RightLowerLeg"] = CFrame.new(0.000000, -0.000000, -0.000000, 1.000000, 0.000000, -0.000000, -0.000000, 0.999999, 0.001287, 0.000000, -0.001288, 0.999999),
      ["RightUpperArm"] = CFrame.new(0.000000, -0.065238, -0.000000, -0.080751, -0.132462, 0.987893, 0.445475, 0.881836, 0.154654, -0.891645, 0.452570, -0.012201),
      ["RightUpperLeg"] = CFrame.new(-0.000025, -0.000126, -0.004997, 0.969050, -0.019208, -0.246115, 0.061792, 0.984106, 0.166486, 0.239005, -0.176542, 0.954835),
      ["UpperTorso"] = CFrame.new(0.000000, -0.000000, 0.000000, 0.969062, 0.243127, 0.042529, -0.244794, 0.968762, 0.039707, -0.031547, -0.048889, 0.998306)
    }},
    {Time = 1.800, Data = {
      ["Head"] = CFrame.new(0.000000, 0.000000, 0.000000, 0.967481, 0.186564, 0.170806, -0.213875, 0.963900, 0.158604, -0.135050, -0.189977, 0.972456),
      ["LeftFoot"] = CFrame.new(0.000000, 0.000000, 0.000000, 0.981474, -0.180058, 0.065490, 0.174906, 0.981540, 0.077375, -0.078213, -0.064487, 0.994849),
      ["LeftHand"] = CFrame.new(0.000000, 0.000000, -0.000000, 0.150607, -0.754490, -0.638797, 0.739086, 0.515074, -0.434109, 0.656559, -0.406746, 0.635207),
      ["LeftLowerArm"] = CFrame.new(0.000000, -0.000000, -0.000000, 1.000000, -0.000000, -0.000000, 0.000000, 0.344498, -0.938787, 0.000000, 0.938787, 0.344498),
      ["LeftLowerLeg"] = CFrame.new(0.000000, 0.000000, -0.000000, 1.000000, 0.000000, 0.000000, 0.000000, 0.999994, 0.003480, 0.000000, -0.003480, 0.999994),
      ["LeftUpperArm"] = CFrame.new(-0.000000, -0.065238, -0.000000, 0.084439, -0.158703, -0.983709, -0.442732, 0.878457, -0.179726, 0.892669, 0.450695, 0.003913),
      ["LeftUpperLeg"] = CFrame.new(0.000026, 0.000126, 0.004997, 0.745806, 0.609220, 0.269491, -0.624144, 0.780433, -0.036976, -0.232847, -0.140625, 0.962293),
      ["LowerTorso"] = CFrame.new(0.199075, 0.039542, 0.091342, 0.888522, -0.215577, -0.405038, 0.211066, 0.975845, -0.056368, 0.407406, -0.035406, 0.912561),
      ["RightFoot"] = CFrame.new(-0.000000, 0.000000, -0.000000, 0.957324, 0.247920, 0.148545, -0.237474, 0.967699, -0.084643, -0.164732, 0.045756, 0.985277),
      ["RightHand"] = CFrame.new(-0.000000, -0.000000, 0.000000, 0.456508, -0.782676, 0.423101, 0.888011, 0.430271, -0.162191, -0.055101, 0.449761, 0.891448),
      ["RightLowerArm"] = CFrame.new(0.000000, 0.000000, -0.000000, 1.000000, 0.000001, -0.000000, 0.000001, 0.069461, -0.997585, 0.000001, 0.997585, 0.069458),
      ["RightLowerLeg"] = CFrame.new(-0.000000, -0.000000, -0.000000, 1.000000, 0.000000, 0.000000, 0.000000, 0.999999, 0.001288, -0.000000, -0.001288, 0.999999),
      ["RightUpperArm"] = CFrame.new(0.000000, -0.065238, 0.000000, -0.080848, -0.132488, 0.987882, 0.445581, 0.881770, 0.154724, -0.891584, 0.452690, -0.012255),
      ["RightUpperLeg"] = CFrame.new(-0.000026, -0.000126, -0.004997, 0.969033, -0.019020, -0.246198, 0.061550, 0.984166, 0.166218, 0.239138, -0.176225, 0.954860),
      ["UpperTorso"] = CFrame.new(-0.000000, -0.000000, 0.000000, 0.969034, 0.243256, 0.042424, -0.244908, 0.968745, 0.039398, -0.031514, -0.048568, 0.998323)
    }},
    {Time = 1.833, Data = {
      ["Head"] = CFrame.new(0.000000, -0.000000, 0.000000, 0.967175, 0.186643, 0.172446, -0.214280, 0.963800, 0.158661, -0.136590, -0.190404, 0.972157),
      ["LeftFoot"] = CFrame.new(0.000000, 0.000000, -0.000000, 0.981446, -0.180220, 0.065460, 0.175042, 0.981488, 0.077730, -0.078256, -0.064830, 0.994823),
      ["LeftHand"] = CFrame.new(0.000000, 0.000000, -0.000000, 0.149864, -0.754248, -0.639259, 0.737817, 0.515712, -0.435508, 0.658154, -0.406389, 0.633783),
      ["LeftLowerArm"] = CFrame.new(0.000000, -0.000000, -0.000000, 1.000000, 0.000000, -0.000000, 0.000000, 0.344498, -0.938787, 0.000000, 0.938787, 0.344498),
      ["LeftLowerLeg"] = CFrame.new(0.000000, -0.000000, -0.000000, 1.000000, 0.000000, 0.000000, 0.000000, 0.999994, 0.003474, -0.000000, -0.003474, 0.999994),
      ["LeftUpperArm"] = CFrame.new(0.000000, -0.065238, -0.000000, 0.084243, -0.158811, -0.983708, -0.442664, 0.878490, -0.179733, 0.892721, 0.450593, 0.003707),
      ["LeftUpperLeg"] = CFrame.new(0.000026, 0.000126, 0.004997, 0.745684, 0.609498, 0.269198, -0.624234, 0.780331, -0.037624, -0.232996, -0.139987, 0.962350),
      ["LowerTorso"] = CFrame.new(0.199323, 0.039516, 0.091715, 0.888568, -0.215481, -0.404989, 0.211183, 0.975848, -0.055867, 0.407246, -0.035885, 0.912613),
      ["RightFoot"] = CFrame.new(-0.000000, 0.000000, -0.000000, 0.957357, 0.247791, 0.148547, -0.237327, 0.967726, -0.084748, -0.164753, 0.045880, 0.985267),
      ["RightHand"] = CFrame.new(0.000000, 0.000000, -0.000000, 0.456239, -0.782990, 0.422813, 0.888141, 0.430171, -0.161743, -0.055236, 0.449311, 0.891666),
      ["RightLowerArm"] = CFrame.new(-0.000000, 0.000000, 0.000000, 1.000000, 0.000001, -0.000000, 0.000001, 0.069130, -0.997608, 0.000001, 0.997608, 0.069127),
      ["RightLowerLeg"] = CFrame.new(0.000000, 0.000000, 0.000000, 1.000000, 0.000000, -0.000000, -0.000000, 0.999999, 0.001289, 0.000000, -0.001289, 0.999999),
      ["RightUpperArm"] = CFrame.new(-0.000000, -0.065239, -0.000000, -0.081078, -0.132557, 0.987854, 0.445796, 0.881632, 0.154892, -0.891455, 0.452939, -0.012388),
      ["RightUpperLeg"] = CFrame.new(-0.000026, -0.000126, -0.004997, 0.969005, -0.018695, -0.246333, 0.061133, 0.984268, 0.165769, 0.239359, -0.175690, 0.954904),
      ["UpperTorso"] = CFrame.new(0.000000, 0.000000, 0.000000, 0.968971, 0.243537, 0.042242, -0.245166, 0.968698, 0.038951, -0.031434, -0.048098, 0.998348)
    }},
    {Time = 1.867, Data = {
      ["Head"] = CFrame.new(0.000000, 0.000000, 0.000000, 0.966970, 0.186354, 0.173901, -0.214314, 0.963750, 0.158920, -0.137982, -0.190940, 0.971855),
      ["LeftFoot"] = CFrame.new(0.000000, -0.000000, -0.000000, 0.981415, -0.180401, 0.065428, 0.175196, 0.981431, 0.078102, -0.078302, -0.065189, 0.994796),
      ["LeftHand"] = CFrame.new(0.000000, 0.000000, 0.000000, 0.149170, -0.754001, -0.639711, 0.736512, 0.516392, -0.436909, 0.659772, -0.405982, 0.632361),
      ["LeftLowerArm"] = CFrame.new(-0.000000, 0.000000, 0.000000, 1.000000, 0.000000, -0.000000, 0.000000, 0.344497, -0.938787, 0.000000, 0.938787, 0.344498),
      ["LeftLowerLeg"] = CFrame.new(0.000000, -0.000000, 0.000000, 1.000000, 0.000000, 0.000000, 0.000000, 0.999994, 0.003468, -0.000000, -0.003468, 0.999994),
      ["LeftUpperArm"] = CFrame.new(-0.000000, -0.065237, -0.000000, 0.084063, -0.158887, -0.983711, -0.442619, 0.878515, -0.179720, 0.892761, 0.450517, 0.003524),
      ["LeftUpperLeg"] = CFrame.new(0.000025, 0.000126, 0.004997, 0.745556, 0.609785, 0.268901, -0.624331, 0.780221, -0.038278, -0.233144, -0.139344, 0.962407),
      ["LowerTorso"] = CFrame.new(0.199552, 0.039491, 0.092058, 0.888612, -0.215386, -0.404941, 0.211295, 0.975852, -0.055380, 0.407090, -0.036351, 0.912664),
      ["RightFoot"] = CFrame.new(0.000000, 0.000000, -0.000000, 0.957398, 0.247634, 0.148545, -0.237144, 0.967759, -0.084889, -0.164778, 0.046046, 0.985255),
      ["RightHand"] = CFrame.new(-0.000000, -0.000000, -0.000000, 0.455981, -0.783313, 0.422491, 0.888265, 0.430092, -0.161273, -0.055379, 0.448822, 0.891904),
      ["RightLowerArm"] = CFrame.new(-0.000000, -0.000000, -0.000000, 1.000000, 0.000000, -0.000000, 0.000000, 0.068747, -0.997634, 0.000001, 0.997634, 0.068743),
      ["RightLowerLeg"] = CFrame.new(0.000000, 0.000000, -0.000000, 1.000000, -0.000000, 0.000000, 0.000000, 0.999999, 0.001290, 0.000000, -0.001290, 0.999999),
      ["RightUpperArm"] = CFrame.new(0.000000, -0.065238, 0.000000, -0.081313, -0.132618, 0.987826, 0.446029, 0.881485, 0.155056, -0.891317, 0.453207, -0.012525),
      ["RightUpperLeg"] = CFrame.new(-0.000025, -0.000126, -0.004997, 0.968975, -0.018388, -0.246474, 0.060735, 0.984368, 0.165323, 0.239581, -0.175164, 0.954944),
      ["UpperTorso"] = CFrame.new(0.000000, 0.000000, -0.000000, 0.968921, 0.243771, 0.042047, -0.245378, 0.968661, 0.038535, -0.031336, -0.047655, 0.998372)
    }},
    {Time = 1.900, Data = {
      ["Head"] = CFrame.new(0.000000, -0.000000, 0.000000, 0.966852, 0.185625, 0.175332, -0.213921, 0.963776, 0.159291, -0.139412, -0.191518, 0.971537),
      ["LeftFoot"] = CFrame.new(0.000000, 0.000000, 0.000000, 0.981387, -0.180563, 0.065399, 0.175336, 0.981380, 0.078418, -0.078340, -0.065492, 0.994773),
      ["LeftHand"] = CFrame.new(-0.000000, 0.000000, -0.000000, 0.148401, -0.753731, -0.640209, 0.735201, 0.517060, -0.438325, 0.661405, -0.405634, 0.630876),
      ["LeftLowerArm"] = CFrame.new(-0.000000, 0.000000, 0.000000, 1.000000, -0.000000, -0.000000, 0.000000, 0.344498, -0.938787, -0.000000, 0.938787, 0.344498),
      ["LeftLowerLeg"] = CFrame.new(0.000000, -0.000000, -0.000000, 1.000000, -0.000000, -0.000000, -0.000000, 0.999994, 0.003463, -0.000000, -0.003463, 0.999994),
      ["LeftUpperArm"] = CFrame.new(0.000000, -0.065238, -0.000000, 0.083937, -0.159121, -0.983684, -0.442571, 0.878508, -0.179872, 0.892796, 0.450448, 0.003317),
      ["LeftUpperLeg"] = CFrame.new(0.000026, 0.000126, 0.004998, 0.745433, 0.610060, 0.268619, -0.624426, 0.780115, -0.038899, -0.233285, -0.138736, 0.962461),
      ["LowerTorso"] = CFrame.new(0.199781, 0.039465, 0.092402, 0.888654, -0.215294, -0.404899, 0.211404, 0.975855, -0.054902, 0.406943, -0.036809, 0.912712),
      ["RightFoot"] = CFrame.new(0.000000, 0.000000, -0.000000, 0.957440, 0.247471, 0.148543, -0.236955, 0.967792, -0.085035, -0.164803, 0.046219, 0.985243),
      ["RightHand"] = CFrame.new(0.000000, 0.000000, -0.000000, 0.455737, -0.783636, 0.422155, 0.888379, 0.430042, -0.160778, -0.055550, 0.448307, 0.892152),
      ["RightLowerArm"] = CFrame.new(0.000000, 0.000000, 0.000000, 1.000000, 0.000001, -0.000001, 0.000001, 0.068349, -0.997662, 0.000001, 0.997661, 0.068347),
      ["RightLowerLeg"] = CFrame.new(0.000000, 0.000000, 0.000000, 1.000000, 0.000000, 0.000000, 0.000000, 0.999999, 0.001291, 0.000000, -0.001291, 0.999999),
      ["RightUpperArm"] = CFrame.new(-0.000000, -0.065238, 0.000000, -0.081530, -0.132725, 0.987794, 0.446322, 0.881302, 0.155254, -0.891151, 0.453531, -0.012615),
      ["RightUpperLeg"] = CFrame.new(-0.000025, -0.000126, -0.004997, 0.968948, -0.018062, -0.246603, 0.060324, 0.984462, 0.164909, 0.239793, -0.174664, 0.954983),
      ["UpperTorso"] = CFrame.new(-0.000000, -0.000000, 0.000000, 0.968844, 0.244105, 0.041882, -0.245690, 0.968599, 0.038096, -0.031267, -0.047198, 0.998396)
    }},
    {Time = 1.933, Data = {
      ["Head"] = CFrame.new(0.000000, 0.000000, 0.000000, 0.966787, 0.184648, 0.176715, -0.213282, 0.963845, 0.159728, -0.140832, -0.192113, 0.971215),
      ["LeftFoot"] = CFrame.new(-0.000000, 0.000000, -0.000000, 0.981356, -0.180742, 0.065361, 0.175489, 0.981324, 0.078774, -0.078379, -0.065836, 0.994747),
      ["LeftHand"] = CFrame.new(-0.000000, 0.000000, -0.000000, 0.147672, -0.753476, -0.640677, 0.733919, 0.517713, -0.439699, 0.662990, -0.405274, 0.629442),
      ["LeftLowerArm"] = CFrame.new(-0.000000, -0.000001, 0.000000, 1.000000, -0.000000, -0.000000, 0.000000, 0.344498, -0.938787, 0.000000, 0.938787, 0.344497),
      ["LeftLowerLeg"] = CFrame.new(0.000000, -0.000000, 0.000000, 1.000000, -0.000000, 0.000000, -0.000000, 0.999994, 0.003457, 0.000000, -0.003457, 0.999994),
      ["LeftUpperArm"] = CFrame.new(0.000000, -0.065237, -0.000000, 0.083791, -0.159322, -0.983664, -0.442559, 0.878491, -0.179986, 0.892816, 0.450411, 0.003101),
      ["LeftUpperLeg"] = CFrame.new(0.000026, 0.000126, 0.004997, 0.745310, 0.610334, 0.268341, -0.624519, 0.780008, -0.039519, -0.233428, -0.138130, 0.962513),
      ["LowerTorso"] = CFrame.new(0.200010, 0.039440, 0.092746, 0.888696, -0.215203, -0.404854, 0.211508, 0.975859, -0.054440, 0.406796, -0.037249, 0.912759),
      ["RightFoot"] = CFrame.new(0.000000, 0.000000, 0.000000, 0.957495, 0.247268, 0.148531, -0.236717, 0.967833, -0.085235, -0.164830, 0.046453, 0.985228),
      ["RightHand"] = CFrame.new(-0.000000, 0.000000, -0.000000, 0.455468, -0.783988, 0.421792, 0.888507, 0.429971, -0.160260, -0.055713, 0.447759, 0.892417),
      ["RightLowerArm"] = CFrame.new(0.000000, 0.000000, 0.000000, 1.000000, 0.000001, -0.000001, 0.000001, 0.068017, -0.997684, 0.000001, 0.997684, 0.068014),
      ["RightLowerLeg"] = CFrame.new(0.000000, -0.000000, 0.000000, 1.000000, -0.000000, 0.000000, -0.000000, 0.999999, 0.001292, 0.000000, -0.001292, 0.999999),
      ["RightUpperArm"] = CFrame.new(0.000000, -0.065237, 0.000000, -0.081784, -0.132817, 0.987761, 0.446623, 0.881114, 0.155456, -0.890976, 0.453870, -0.012741),
      ["RightUpperLeg"] = CFrame.new(-0.000026, -0.000126, -0.004998, 0.968921, -0.017768, -0.246731, 0.059946, 0.984554, 0.164498, 0.239997, -0.174176, 0.955021),
      ["UpperTorso"] = CFrame.new(-0.000000, -0.000000, -0.000000, 0.968750, 0.244502, 0.041739, -0.246069, 0.968517, 0.037754, -0.031194, -0.046845, 0.998415)
    }},
    {Time = 1.967, Data = {
      ["Head"] = CFrame.new(0.000000, -0.000000, 0.000000, 0.966753, 0.183691, 0.177892, -0.212635, 0.963904, 0.160236, -0.142036, -0.192735, 0.970917),
      ["LeftFoot"] = CFrame.new(0.000000, 0.000000, -0.000000, 0.981328, -0.180904, 0.065338, 0.175627, 0.981275, 0.079086, -0.078421, -0.066135, 0.994724),
      ["LeftHand"] = CFrame.new(0.000000, 0.000000, 0.000000, 0.146920, -0.753213, -0.641159, 0.732577, 0.518398, -0.441130, 0.664640, -0.404887, 0.627949),
      ["LeftLowerArm"] = CFrame.new(-0.000000, 0.000000, 0.000000, 1.000000, -0.000000, -0.000000, 0.000000, 0.344498, -0.938787, 0.000000, 0.938787, 0.344498),
      ["LeftLowerLeg"] = CFrame.new(-0.000000, -0.000000, 0.000000, 1.000000, -0.000000, 0.000000, 0.000000, 0.999994, 0.003452, -0.000000, -0.003452, 0.999994),
      ["LeftUpperArm"] = CFrame.new(0.000000, -0.065239, 0.000000, 0.083756, -0.159776, -0.983594, -0.442514, 0.878434, -0.180375, 0.892842, 0.450362, 0.002871),
      ["LeftUpperLeg"] = CFrame.new(0.000025, 0.000126, 0.004998, 0.745192, 0.610593, 0.268079, -0.624610, 0.779906, -0.040103, -0.233563, -0.137560, 0.962562),
      ["LowerTorso"] = CFrame.new(0.200352, 0.039414, 0.093106, 0.888736, -0.215113, -0.404814, 0.211609, 0.975862, -0.053989, 0.406656, -0.037680, 0.912804),
      ["RightFoot"] = CFrame.new(-0.000000, 0.000000, -0.000000, 0.957538, 0.247102, 0.148528, -0.236525, 0.967867, -0.085385, -0.164855, 0.046629, 0.985215),
      ["RightHand"] = CFrame.new(0.000000, -0.000000, 0.000000, 0.455203, -0.784338, 0.421427, 0.888633, 0.429901, -0.159749, -0.055871, 0.447213, 0.892681),
      ["RightLowerArm"] = CFrame.new(0.000000, -0.000000, -0.000000, 1.000000, 0.000001, -0.000001, 0.000001, 0.067635, -0.997710, 0.000001, 0.997710, 0.067631),
      ["RightLowerLeg"] = CFrame.new(0.000000, -0.000000, -0.000000, 1.000000, 0.000000, -0.000000, -0.000000, 0.999999, 0.001293, -0.000000, -0.001293, 0.999999),
      ["RightUpperArm"] = CFrame.new(0.000000, -0.065238, 0.000000, -0.082069, -0.133009, 0.987711, 0.446975, 0.880881, 0.155762, -0.890774, 0.454265, -0.012842),
      ["RightUpperLeg"] = CFrame.new(-0.000026, -0.000125, -0.004998, 0.968894, -0.017461, -0.246858, 0.059557, 0.984644, 0.164099, 0.240202, -0.173696, 0.955056),
      ["UpperTorso"] = CFrame.new(-0.000000, 0.000000, -0.000000, 0.968646, 0.244939, 0.041597, -0.246492, 0.968418, 0.037518, -0.031094, -0.046595, 0.998430)
    }},
    {Time = 2.000, Data = {
      ["Head"] = CFrame.new(-0.000000, 0.000000, -0.000000, 0.966717, 0.182972, 0.178827, -0.212183, 0.963913, 0.160777, -0.142956, -0.193370, 0.970655),
      ["LeftFoot"] = CFrame.new(-0.000000, 0.000000, 0.000000, 0.981301, -0.181059, 0.065312, 0.175760, 0.981226, 0.079390, -0.078460, -0.066426, 0.994702),
      ["LeftHand"] = CFrame.new(0.000000, -0.000000, -0.000000, 0.146192, -0.752962, -0.641620, 0.731283, 0.519053, -0.442504, 0.666224, -0.404515, 0.626509),
      ["LeftLowerArm"] = CFrame.new(0.000000, -0.000001, 0.000000, 1.000000, 0.000000, -0.000000, 0.000000, 0.344498, -0.938787, 0.000000, 0.938787, 0.344498),
      ["LeftLowerLeg"] = CFrame.new(0.000000, 0.000000, -0.000000, 1.000000, 0.000000, -0.000000, -0.000000, 0.999994, 0.003447, 0.000000, -0.003447, 0.999994),
      ["LeftUpperArm"] = CFrame.new(0.000000, -0.065238, -0.000000, 0.083668, -0.160147, -0.983541, -0.442504, 0.878379, -0.180667, 0.892855, 0.450337, 0.002627),
      ["LeftUpperLeg"] = CFrame.new(0.000025, 0.000126, 0.004997, 0.745075, 0.610850, 0.267818, -0.624699, 0.779804, -0.040684, -0.233698, -0.136992, 0.962610),
      ["LowerTorso"] = CFrame.new(0.200606, 0.039389, 0.093453, 0.888775, -0.215026, -0.404776, 0.211706, 0.975865, -0.053551, 0.406521, -0.038099, 0.912847),
      ["RightFoot"] = CFrame.new(0.000000, 0.000000, -0.000000, 0.957581, 0.246938, 0.148525, -0.236334, 0.967900, -0.085535, -0.164880, 0.046806, 0.985203),
      ["RightHand"] = CFrame.new(0.000000, 0.000000, -0.000000, 0.454930, -0.784679, 0.421087, 0.888765, 0.429801, -0.159282, -0.055995, 0.446710, 0.892925),
      ["RightLowerArm"] = CFrame.new(0.000000, -0.000001, 0.000000, 1.000000, 0.000001, -0.000000, 0.000001, 0.067301, -0.997733, 0.000001, 0.997733, 0.067299),
      ["RightLowerLeg"] = CFrame.new(0.000000, 0.000000, 0.000000, 1.000000, -0.000000, -0.000000, -0.000000, 0.999999, 0.001294, 0.000000, -0.001294, 0.999999),
      ["RightUpperArm"] = CFrame.new(0.000000, -0.065238, 0.000000, -0.082290, -0.133021, 0.987691, 0.447303, 0.880694, 0.155878, -0.890589, 0.454624, -0.012972),
      ["RightUpperLeg"] = CFrame.new(-0.000026, -0.000126, -0.004997, 0.968870, -0.017166, -0.246974, 0.059181, 0.984731, 0.163712, 0.240393, -0.173232, 0.955093),
      ["UpperTorso"] = CFrame.new(-0.000000, 0.000000, 0.000000, 0.968542, 0.245369, 0.041489, -0.246914, 0.968315, 0.037416, -0.030993, -0.046483, 0.998438)
    }},
    {Time = 2.033, Data = {
      ["Head"] = CFrame.new(0.000000, -0.000000, -0.000000, 0.966676, 0.182554, 0.179475, -0.211983, 0.963857, 0.161377, -0.143528, -0.194045, 0.970436),
      ["LeftFoot"] = CFrame.new(-0.000000, 0.000000, -0.000000, 0.981275, -0.181212, 0.065285, 0.175891, 0.981179, 0.079689, -0.078497, -0.066714, 0.994680),
      ["LeftHand"] = CFrame.new(-0.000000, -0.000000, 0.000000, 0.145470, -0.752716, -0.642073, 0.730001, 0.519697, -0.443861, 0.667785, -0.404145, 0.625084),
      ["LeftLowerArm"] = CFrame.new(0.000000, 0.000000, 0.000000, 1.000000, -0.000000, 0.000000, 0.000000, 0.344498, -0.938787, -0.000000, 0.938787, 0.344497),
      ["LeftLowerLeg"] = CFrame.new(0.000000, -0.000000, 0.000000, 1.000000, -0.000000, 0.000000, 0.000000, 0.999994, 0.003442, -0.000000, -0.003442, 0.999994),
      ["LeftUpperArm"] = CFrame.new(0.000000, -0.065238, 0.000000, 0.083536, -0.160376, -0.983515, -0.442544, 0.878329, -0.180812, 0.892847, 0.450353, 0.002398),
      ["LeftUpperLeg"] = CFrame.new(0.000025, 0.000125, 0.004997, 0.744963, 0.611094, 0.267572, -0.624784, 0.779707, -0.041236, -0.233828, -0.136455, 0.962655),
      ["LowerTorso"] = CFrame.new(0.200853, 0.039363, 0.093674, 0.888810, -0.214942, -0.404744, 0.211798, 0.975868, -0.053134, 0.406397, -0.038498, 0.912885),
      ["RightFoot"] = CFrame.new(-0.000000, 0.000000, -0.000000, 0.957615, 0.246807, 0.148522, -0.236178, 0.967926, -0.085674, -0.164904, 0.046966, 0.985191),
      ["RightHand"] = CFrame.new(0.000000, -0.000000, -0.000000, 0.454605, -0.785053, 0.420740, 0.888927, 0.429633, -0.158832, -0.056068, 0.446214, 0.893168),
      ["RightLowerArm"] = CFrame.new(-0.000000, -0.000000, 0.000000, 1.000000, 0.000001, -0.000000, 0.000001, 0.067048, -0.997750, 0.000001, 0.997750, 0.067045),
      ["RightLowerLeg"] = CFrame.new(0.000000, -0.000000, 0.000000, 1.000000, 0.000000, -0.000000, 0.000000, 0.999999, 0.001295, 0.000000, -0.001295, 0.999999),
      ["RightUpperArm"] = CFrame.new(0.000000, -0.065238, -0.000000, -0.082578, -0.133092, 0.987658, 0.447657, 0.880479, 0.156078, -0.890384, 0.455020, -0.013128),
      ["RightUpperLeg"] = CFrame.new(-0.000026, -0.000126, -0.004998, 0.968845, -0.016891, -0.247088, 0.058825, 0.984818, 0.163322, 0.240578, -0.172769, 0.955130),
      ["UpperTorso"] = CFrame.new(-0.000000, -0.000000, 0.000000, 0.968458, 0.245718, 0.041382, -0.247251, 0.968237, 0.037196, -0.030928, -0.046254, 0.998451)
    }},
    {Time = 2.067, Data = {
      ["Head"] = CFrame.new(-0.000000, -0.000000, 0.000000, 0.966647, 0.182321, 0.179870, -0.211924, 0.963763, 0.162017, -0.143813, -0.194732, 0.970256),
      ["LeftFoot"] = CFrame.new(0.000000, 0.000000, 0.000000, 0.981249, -0.181365, 0.065252, 0.176023, 0.981131, 0.079985, -0.078528, -0.067000, 0.994658),
      ["LeftHand"] = CFrame.new(0.000000, 0.000000, 0.000000, 0.144747, -0.752472, -0.642522, 0.728719, 0.520339, -0.445215, 0.669341, -0.403774, 0.623657),
      ["LeftLowerArm"] = CFrame.new(-0.000000, 0.000000, 0.000000, 1.000000, -0.000000, 0.000000, 0.000000, 0.344498, -0.938787, 0.000000, 0.938787, 0.344497),
      ["LeftLowerLeg"] = CFrame.new(0.000000, -0.000000, -0.000000, 1.000000, 0.000000, -0.000000, 0.000000, 0.999994, 0.003438, -0.000000, -0.003438, 0.999994),
      ["LeftUpperArm"] = CFrame.new(0.000000, -0.065238, -0.000000, 0.083403, -0.160607, -0.983488, -0.442585, 0.878278, -0.180958, 0.892840, 0.450370, 0.002169),
      ["LeftUpperLeg"] = CFrame.new(0.000025, 0.000126, 0.004998, 0.744850, 0.611334, 0.267338, -0.624868, 0.779611, -0.041783, -0.233963, -0.135928, 0.962697),
      ["LowerTorso"] = CFrame.new(0.201087, 0.039338, 0.093988, 0.888844, -0.214858, -0.404714, 0.211889, 0.975871, -0.052721, 0.406276, -0.038894, 0.912922),
      ["RightFoot"] = CFrame.new(0.000000, 0.000000, -0.000000, 0.957649, 0.246677, 0.148518, -0.236023, 0.967951, -0.085819, -0.164928, 0.047132, 0.985179),
      ["RightHand"] = CFrame.new(0.000000, 0.000000, -0.000000, 0.454281, -0.785417, 0.420412, 0.889089, 0.429449, -0.158418, -0.056119, 0.445750, 0.893397),
      ["RightLowerArm"] = CFrame.new(-0.000000, -0.000000, -0.000000, 1.000000, 0.000001, -0.000000, 0.000001, 0.066809, -0.997766, 0.000001, 0.997766, 0.066807),
      ["RightLowerLeg"] = CFrame.new(0.000000, 0.000000, -0.000000, 1.000000, 0.000000, 0.000000, -0.000000, 0.999999, 0.001295, 0.000000, -0.001296, 0.999999),
      ["RightUpperArm"] = CFrame.new(-0.000000, -0.065238, 0.000000, -0.082941, -0.133255, 0.987605, 0.448031, 0.880232, 0.156394, -0.890162, 0.455449, -0.013305),
      ["RightUpperLeg"] = CFrame.new(-0.000026, -0.000126, -0.004997, 0.968823, -0.016619, -0.247196, 0.058476, 0.984899, 0.162956, 0.240755, -0.172330, 0.955165),
      ["UpperTorso"] = CFrame.new(0.000000, -0.000000, -0.000000, 0.968380, 0.246045, 0.041268, -0.247560, 0.968173, 0.036809, -0.030898, -0.045861, 0.998470)
    }},
    {Time = 2.100, Data = {
      ["Head"] = CFrame.new(-0.000000, 0.000000, -0.000000, 0.966636, 0.182173, 0.180075, -0.211921, 0.963646, 0.162711, -0.143887, -0.195444, 0.970102),
      ["LeftFoot"] = CFrame.new(-0.000000, 0.000000, -0.000000, 0.981223, -0.181513, 0.065226, 0.176150, 0.981085, 0.080271, -0.078562, -0.067275, 0.994637),
      ["LeftHand"] = CFrame.new(-0.000000, 0.000000, -0.000000, 0.144060, -0.752241, -0.642947, 0.727498, 0.520947, -0.446498, 0.670816, -0.403420, 0.622301),
      ["LeftLowerArm"] = CFrame.new(0.000000, -0.000000, -0.000000, 1.000000, 0.000000, 0.000000, 0.000000, 0.344498, -0.938787, 0.000000, 0.938787, 0.344498),
      ["LeftLowerLeg"] = CFrame.new(-0.000000, 0.000000, -0.000000, 1.000000, 0.000000, -0.000000, 0.000000, 0.999994, 0.003434, 0.000000, -0.003434, 0.999994),
      ["LeftUpperArm"] = CFrame.new(0.000000, -0.065238, 0.000000, 0.083093, -0.160631, -0.983511, -0.442743, 0.878223, -0.180840, 0.892790, 0.450469, 0.001856),
      ["LeftUpperLeg"] = CFrame.new(0.000026, 0.000126, 0.004997, 0.744750, 0.611551, 0.267121, -0.624938, 0.779527, -0.042293, -0.234093, -0.135436, 0.962735),
      ["LowerTorso"] = CFrame.new(0.201205, 0.039312, 0.094316, 0.888875, -0.214774, -0.404689, 0.211976, 0.975873, -0.052315, 0.406161, -0.039283, 0.912957),
      ["RightFoot"] = CFrame.new(-0.000000, 0.000000, -0.000000, 0.957693, 0.246508, 0.148515, -0.235824, 0.967984, -0.085988, -0.164957, 0.047328, 0.985165),
      ["RightHand"] = CFrame.new(-0.000000, 0.000000, -0.000000, 0.453936, -0.785798, 0.420072, 0.889263, 0.429244, -0.157998, -0.056157, 0.445276, 0.893631),
      ["RightLowerArm"] = CFrame.new(0.000000, 0.000000, 0.000000, 1.000000, 0.000001, -0.000000, 0.000000, 0.066570, -0.997782, 0.000001, 0.997782, 0.066568),
      ["RightLowerLeg"] = CFrame.new(0.000000, -0.000000, 0.000000, 1.000000, -0.000000, 0.000000, 0.000000, 0.999999, 0.001296, -0.000000, -0.001296, 0.999999),
      ["RightUpperArm"] = CFrame.new(-0.000000, -0.065238, 0.000000, -0.083312, -0.133475, 0.987544, 0.448389, 0.879984, 0.156765, -0.889948, 0.455864, -0.013465),
      ["RightUpperLeg"] = CFrame.new(-0.000025, -0.000125, -0.004997, 0.968801, -0.016365, -0.247299, 0.058143, 0.984980, 0.162585, 0.240923, -0.171891, 0.955201),
      ["UpperTorso"] = CFrame.new(0.000000, 0.000000, -0.000000, 0.968305, 0.246360, 0.041138, -0.247859, 0.968109, 0.036463, -0.030843, -0.045504, 0.998488)
    }},
    {Time = 2.133, Data = {
      ["Head"] = CFrame.new(-0.000000, 0.000000, 0.000000, 0.966653, 0.182116, 0.180041, -0.212054, 0.963393, 0.164035, -0.143577, -0.196743, 0.969885),
      ["LeftFoot"] = CFrame.new(0.000000, 0.000000, -0.000000, 0.981186, -0.181730, 0.065185, 0.176335, 0.981016, 0.080708, -0.078615, -0.067696, 0.994604),
      ["LeftHand"] = CFrame.new(0.000000, 0.000000, -0.000000, 0.142857, -0.751814, -0.643715, 0.725313, 0.522053, -0.448755, 0.673433, -0.402787, 0.619879),
      ["LeftLowerArm"] = CFrame.new(-0.000000, -0.000000, 0.000000, 1.000000, 0.000000, -0.000000, 0.000000, 0.344498, -0.938787, 0.000000, 0.938787, 0.344498),
      ["LeftLowerLeg"] = CFrame.new(0.000000, -0.000000, 0.000000, 1.000000, 0.000000, -0.000000, -0.000000, 0.999994, 0.003426, -0.000000, -0.003426, 0.999994),
      ["LeftUpperArm"] = CFrame.new(0.000000, -0.065238, -0.000000, 0.082784, -0.160655, -0.983533, -0.442900, 0.878168, -0.180723, 0.892741, 0.450568, 0.001544),
      ["LeftUpperLeg"] = CFrame.new(0.000026, 0.000126, 0.004997, 0.744577, 0.611926, 0.266745, -0.625051, 0.779386, -0.043216, -0.234342, -0.134550, 0.962798),
      ["LowerTorso"] = CFrame.new(0.201609, 0.039277, 0.094810, 0.888923, -0.214632, -0.404660, 0.212122, 0.975878, -0.051633, 0.405981, -0.039940, 0.913008),
      ["RightFoot"] = CFrame.new(-0.000000, 0.000000, -0.000000, 0.957743, 0.246318, 0.148511, -0.235604, 0.968023, -0.086156, -0.164985, 0.047526, 0.985150),
      ["RightHand"] = CFrame.new(-0.000000, -0.000000, 0.000000, 0.453372, -0.786428, 0.419501, 0.889544, 0.428935, -0.157259, -0.056263, 0.444462, 0.894029),
      ["RightLowerArm"] = CFrame.new(-0.000000, 0.000000, -0.000000, 1.000000, 0.000001, -0.000001, 0.000001, 0.066140, -0.997811, 0.000001, 0.997810, 0.066137),
      ["RightLowerLeg"] = CFrame.new(0.000000, 0.000000, -0.000000, 1.000000, 0.000000, 0.000000, 0.000000, 0.999999, 0.001297, 0.000000, -0.001297, 0.999999),
      ["RightUpperArm"] = CFrame.new(-0.000000, -0.065238, 0.000000, -0.083907, -0.133650, 0.987470, 0.449049, 0.879569, 0.157203, -0.889559, 0.456613, -0.013786),
      ["RightUpperLeg"] = CFrame.new(-0.000025, -0.000126, -0.004998, 0.968768, -0.015961, -0.247452, 0.057601, 0.985116, 0.161953, 0.241185, -0.171148, 0.955269),
      ["UpperTorso"] = CFrame.new(-0.000000, -0.000000, -0.000000, 0.968196, 0.246799, 0.041071, -0.248277, 0.968023, 0.035908, -0.030895, -0.044962, 0.998511)
    }},
    {Time = 2.167, Data = {
      ["Head"] = CFrame.new(-0.000000, 0.000000, 0.000000, 0.966658, 0.182109, 0.180025, -0.212086, 0.963335, 0.164330, -0.143498, -0.197031, 0.969839),
      ["LeftFoot"] = CFrame.new(0.000000, 0.000000, -0.000000, 0.981173, -0.181801, 0.065176, 0.176398, 0.980994, 0.080831, -0.078633, -0.067814, 0.994595),
      ["LeftHand"] = CFrame.new(-0.000000, 0.000000, -0.000000, 0.142590, -0.751718, -0.643885, 0.724828, 0.522298, -0.449254, 0.674012, -0.402647, 0.619341),
      ["LeftLowerArm"] = CFrame.new(-0.000000, -0.000000, -0.000000, 1.000000, 0.000000, -0.000000, 0.000000, 0.344498, -0.938787, 0.000000, 0.938787, 0.344498),
      ["LeftLowerLeg"] = CFrame.new(0.000000, 0.000000, -0.000000, 1.000000, -0.000000, 0.000000, 0.000000, 0.999994, 0.003424, 0.000000, -0.003424, 0.999994),
      ["LeftUpperArm"] = CFrame.new(-0.000000, -0.065238, -0.000000, 0.082705, -0.160754, -0.983523, -0.442958, 0.878128, -0.180775, 0.892719, 0.450611, 0.001418),
      ["LeftUpperLeg"] = CFrame.new(0.000025, 0.000126, 0.004998, 0.744524, 0.612035, 0.266642, -0.625087, 0.779343, -0.043479, -0.234417, -0.134302, 0.962814),
      ["LowerTorso"] = CFrame.new(0.201705, 0.039269, 0.094917, 0.888934, -0.214595, -0.404655, 0.212168, 0.975878, -0.051437, 0.405932, -0.040131, 0.913022),
      ["RightFoot"] = CFrame.new(-0.000000, 0.000000, -0.000000, 0.957765, 0.246233, 0.148510, -0.235505, 0.968040, -0.086233, -0.164998, 0.047616, 0.985144),
      ["RightHand"] = CFrame.new(-0.000000, -0.000000, 0.000000, 0.453267, -0.786557, 0.419373, 0.889596, 0.428885, -0.157099, -0.056291, 0.444281, 0.894118),
      ["RightLowerArm"] = CFrame.new(-0.000000, -0.000001, 0.000000, 1.000000, 0.000001, -0.000000, 0.000001, 0.065992, -0.997820, 0.000001, 0.997820, 0.065988),
      ["RightLowerLeg"] = CFrame.new(0.000000, 0.000000, 0.000000, 1.000000, -0.000000, 0.000000, -0.000000, 0.999999, 0.001297, 0.000000, -0.001297, 0.999999),
      ["RightUpperArm"] = CFrame.new(0.000000, -0.065238, 0.000000, -0.083988, -0.133590, 0.987471, 0.449200, 0.879495, 0.157189, -0.889475, 0.456774, -0.013859),
      ["RightUpperLeg"] = CFrame.new(-0.000025, -0.000126, -0.004998, 0.968760, -0.015831, -0.247494, 0.057430, 0.985156, 0.161768, 0.241260, -0.170928, 0.955289),
      ["UpperTorso"] = CFrame.new(-0.000000, -0.000000, 0.000000, 0.968143, 0.247014, 0.041026, -0.248491, 0.967967, 0.035949, -0.030832, -0.044998, 0.998511)
    }},
    {Time = 2.200, Data = {
      ["Head"] = CFrame.new(0.000000, 0.000000, -0.000000, 0.966773, 0.182204, 0.179309, -0.212117, 0.963235, 0.164877, -0.142675, -0.197433, 0.969878),
      ["LeftFoot"] = CFrame.new(0.000000, 0.000000, -0.000000, 0.981161, -0.181872, 0.065167, 0.176459, 0.980973, 0.080955, -0.078651, -0.067931, 0.994585),
      ["LeftHand"] = CFrame.new(-0.000000, -0.000000, -0.000000, 0.142080, -0.751553, -0.644191, 0.723929, 0.522738, -0.450192, 0.675086, -0.402385, 0.618341),
      ["LeftLowerArm"] = CFrame.new(0.000000, 0.000000, 0.000000, 1.000000, -0.000000, 0.000000, 0.000000, 0.344498, -0.938787, -0.000000, 0.938787, 0.344497),
      ["LeftLowerLeg"] = CFrame.new(0.000000, -0.000000, 0.000000, 1.000000, 0.000000, -0.000000, -0.000000, 0.999994, 0.003421, 0.000000, -0.003421, 0.999994),
      ["LeftUpperArm"] = CFrame.new(0.000000, -0.065238, -0.000000, 0.082624, -0.160853, -0.983514, -0.443017, 0.878087, -0.180828, 0.892698, 0.450654, 0.001291),
      ["LeftUpperLeg"] = CFrame.new(0.000026, 0.000126, 0.004997, 0.744470, 0.612146, 0.266539, -0.625123, 0.779299, -0.043742, -0.234491, -0.134054, 0.962831),
      ["LowerTorso"] = CFrame.new(0.201797, 0.039249, 0.095054, 0.888945, -0.214558, -0.404650, 0.212214, 0.975879, -0.051241, 0.405884, -0.040322, 0.913035),
      ["RightFoot"] = CFrame.new(0.000000, 0.000000, -0.000000, 0.957787, 0.246149, 0.148509, -0.235407, 0.968057, -0.086310, -0.165011, 0.047707, 0.985137),
      ["RightHand"] = CFrame.new(-0.000000, -0.000000, -0.000000, 0.453043, -0.786806, 0.419148, 0.889706, 0.428772, -0.156784, -0.056357, 0.443948, 0.894279),
      ["RightLowerArm"] = CFrame.new(0.000000, -0.000000, -0.000000, 1.000000, 0.000001, -0.000000, 0.000001, 0.065844, -0.997830, 0.000001, 0.997830, 0.065841),
      ["RightLowerLeg"] = CFrame.new(0.000000, -0.000000, -0.000000, 1.000000, -0.000000, 0.000000, -0.000000, 0.999999, 0.001297, 0.000000, -0.001298, 0.999999),
      ["RightUpperArm"] = CFrame.new(-0.000000, -0.065238, -0.000000, -0.084267, -0.133781, 0.987422, 0.449482, 0.879297, 0.157491, -0.889306, 0.457099, -0.013963),
      ["RightUpperLeg"] = CFrame.new(-0.000025, -0.000126, -0.004997, 0.968751, -0.015701, -0.247537, 0.057259, 0.985197, 0.161583, 0.241336, -0.170708, 0.955309),
      ["UpperTorso"] = CFrame.new(0.000000, -0.000000, 0.000000, 0.968098, 0.247196, 0.040993, -0.248665, 0.967930, 0.035730, -0.030846, -0.044784, 0.998520)
    }},
    {Time = 2.233, Data = {
      ["Head"] = CFrame.new(-0.000000, 0.000000, -0.000000, 0.967080, 0.182485, 0.177357, -0.212094, 0.963132, 0.165510, -0.140615, -0.197677, 0.970129),
      ["LeftFoot"] = CFrame.new(0.000000, -0.000000, 0.000000, 0.981147, -0.181948, 0.065154, 0.176525, 0.980949, 0.081106, -0.078670, -0.068076, 0.994574),
      ["LeftHand"] = CFrame.new(-0.000000, -0.000000, 0.000000, 0.141441, -0.751345, -0.644573, 0.722798, 0.523291, -0.451366, 0.676430, -0.402054, 0.617085),
      ["LeftLowerArm"] = CFrame.new(0.000000, -0.000000, 0.000000, 1.000000, -0.000000, -0.000000, 0.000000, 0.344499, -0.938787, 0.000000, 0.938787, 0.344498),
      ["LeftLowerLeg"] = CFrame.new(-0.000000, -0.000000, -0.000000, 1.000000, -0.000000, 0.000000, 0.000000, 0.999994, 0.003417, -0.000000, -0.003417, 0.999994),
      ["LeftUpperArm"] = CFrame.new(0.000000, -0.065238, 0.000000, 0.082528, -0.161103, -0.983481, -0.443117, 0.878000, -0.181008, 0.892657, 0.450735, 0.001072),
      ["LeftUpperLeg"] = CFrame.new(0.000026, 0.000126, 0.004997, 0.744384, 0.612306, 0.266411, -0.625189, 0.779227, -0.044080, -0.234586, -0.133744, 0.962851),
      ["LowerTorso"] = CFrame.new(0.201893, 0.039224, 0.095346, 0.888945, -0.214547, -0.404656, 0.212286, 0.975873, -0.051055, 0.405847, -0.040518, 0.913042),
      ["RightFoot"] = CFrame.new(0.000000, 0.000000, 0.000000, 0.957810, 0.246055, 0.148510, -0.235303, 0.968078, -0.086362, -0.165020, 0.047774, 0.985133),
      ["RightHand"] = CFrame.new(-0.000000, -0.000000, -0.000000, 0.452779, -0.787102, 0.418878, 0.889834, 0.428650, -0.156390, -0.056454, 0.443542, 0.894474),
      ["RightLowerArm"] = CFrame.new(-0.000000, -0.000000, 0.000000, 1.000000, 0.000001, -0.000000, 0.000001, 0.065695, -0.997840, 0.000001, 0.997840, 0.065692),
      ["RightLowerLeg"] = CFrame.new(0.000000, -0.000000, -0.000000, 1.000000, -0.000000, -0.000000, 0.000000, 0.999999, 0.001296, -0.000000, -0.001296, 0.999999),
      ["RightUpperArm"] = CFrame.new(0.000000, -0.065238, -0.000000, -0.084508, -0.133887, 0.987387, 0.449817, 0.879088, 0.157700, -0.889114, 0.457470, -0.014065),
      ["RightUpperLeg"] = CFrame.new(-0.000025, -0.000126, -0.004998, 0.968744, -0.015531, -0.247575, 0.057030, 0.985251, 0.161335, 0.241418, -0.170412, 0.955342),
      ["UpperTorso"] = CFrame.new(0.000000, -0.000000, 0.000000, 0.968003, 0.247569, 0.041002, -0.249034, 0.967841, 0.035584, -0.030874, -0.044656, 0.998525)
    }},
    {Time = 2.267, Data = {
      ["Head"] = CFrame.new(0.000000, -0.000000, -0.000000, 0.967521, 0.183020, 0.174373, -0.212114, 0.963014, 0.166165, -0.137512, -0.197755, 0.970558),
      ["LeftFoot"] = CFrame.new(-0.000000, 0.000000, -0.000000, 0.981137, -0.182011, 0.065140, 0.176581, 0.980931, 0.081198, -0.078677, -0.068164, 0.994567),
      ["LeftHand"] = CFrame.new(-0.000000, 0.000000, -0.000001, 0.140851, -0.751148, -0.644933, 0.721740, 0.523811, -0.452453, 0.677681, -0.401745, 0.615912),
      ["LeftLowerArm"] = CFrame.new(0.000000, -0.000000, 0.000000, 1.000000, 0.000000, -0.000000, 0.000000, 0.344498, -0.938787, 0.000000, 0.938787, 0.344497),
      ["LeftLowerLeg"] = CFrame.new(0.000000, 0.000000, 0.000000, 1.000000, -0.000000, 0.000000, 0.000000, 0.999994, 0.003416, -0.000000, -0.003416, 0.999994),
      ["LeftUpperArm"] = CFrame.new(-0.000000, -0.065238, -0.000000, 0.082434, -0.161361, -0.983447, -0.443225, 0.877907, -0.181196, 0.892612, 0.450824, 0.000850),
      ["LeftUpperLeg"] = CFrame.new(0.000026, 0.000126, 0.004997, 0.744297, 0.612445, 0.266333, -0.625269, 0.779150, -0.044308, -0.234650, -0.133551, 0.962862),
      ["LowerTorso"] = CFrame.new(0.201969, 0.039210, 0.095486, 0.888945, -0.214536, -0.404662, 0.212357, 0.975867, -0.050869, 0.405810, -0.040713, 0.913050),
      ["RightFoot"] = CFrame.new(0.000000, 0.000000, -0.000000, 0.957825, 0.245998, 0.148508, -0.235238, 0.968089, -0.086415, -0.165028, 0.047836, 0.985128),
      ["RightHand"] = CFrame.new(-0.000000, -0.000000, 0.000000, 0.452602, -0.787315, 0.418669, 0.889913, 0.428630, -0.155998, -0.056630, 0.443184, 0.894640),
      ["RightLowerArm"] = CFrame.new(0.000000, 0.000000, -0.000000, 1.000000, 0.000001, -0.000000, 0.000001, 0.065473, -0.997855, 0.000001, 0.997854, 0.065469),
      ["RightLowerLeg"] = CFrame.new(0.000000, 0.000000, -0.000000, 1.000000, 0.000000, 0.000000, -0.000000, 0.999999, 0.001297, -0.000000, -0.001297, 0.999999),
      ["RightUpperArm"] = CFrame.new(0.000000, -0.065238, -0.000000, -0.084677, -0.133992, 0.987358, 0.450120, 0.878901, 0.157877, -0.888944, 0.457798, -0.014110),
      ["RightUpperLeg"] = CFrame.new(-0.000025, -0.000126, -0.004998, 0.968747, -0.015384, -0.247572, 0.056851, 0.985279, 0.161224, 0.241447, -0.170260, 0.955361),
      ["UpperTorso"] = CFrame.new(0.000000, 0.000000, -0.000000, 0.967917, 0.247899, 0.041038, -0.249368, 0.967752, 0.035650, -0.030876, -0.044739, 0.998521)
    }},
    {Time = 2.300, Data = {
      ["Head"] = CFrame.new(0.000000, -0.000000, 0.000000, 0.968010, 0.183858, 0.170742, -0.212319, 0.962837, 0.166930, -0.133706, -0.197842, 0.971072),
      ["LeftFoot"] = CFrame.new(0.000000, 0.000000, 0.000000, 0.981130, -0.182054, 0.065122, 0.176614, 0.980913, 0.081339, -0.078688, -0.068303, 0.994557),
      ["LeftHand"] = CFrame.new(0.000000, -0.000000, -0.000000, 0.140296, -0.750971, -0.645260, 0.720742, 0.524295, -0.453481, 0.678858, -0.401444, 0.614813),
      ["LeftLowerArm"] = CFrame.new(-0.000000, 0.000001, 0.000000, 1.000000, -0.000000, -0.000000, 0.000000, 0.344498, -0.938787, -0.000000, 0.938787, 0.344498),
      ["LeftLowerLeg"] = CFrame.new(-0.000000, -0.000000, -0.000000, 1.000000, -0.000000, 0.000000, 0.000000, 0.999994, 0.003411, 0.000000, -0.003411, 0.999994),
      ["LeftUpperArm"] = CFrame.new(0.000000, -0.065238, 0.000000, 0.082362, -0.161639, -0.983407, -0.443345, 0.877802, -0.181412, 0.892559, 0.450929, 0.000636),
      ["LeftUpperLeg"] = CFrame.new(0.000026, 0.000126, 0.004997, 0.744225, 0.612562, 0.266265, -0.625333, 0.779087, -0.044505, -0.234706, -0.133382, 0.962872),
      ["LowerTorso"] = CFrame.new(0.202026, 0.039189, 0.095668, 0.888918, -0.214595, -0.404690, 0.212416, 0.975854, -0.050884, 0.405837, -0.040731, 0.913037),
      ["RightFoot"] = CFrame.new(0.000000, 0.000000, 0.000000, 0.957845, 0.245919, 0.148514, -0.235161, 0.968110, -0.086386, -0.165023, 0.047820, 0.985130),
      ["RightHand"] = CFrame.new(0.000000, -0.000000, -0.000000, 0.452493, -0.787459, 0.418517, 0.889953, 0.428685, -0.155614, -0.056869, 0.442874, 0.894778),
      ["RightLowerArm"] = CFrame.new(-0.000000, 0.000000, -0.000000, 1.000000, 0.000001, -0.000000, 0.000001, 0.065250, -0.997869, 0.000001, 0.997869, 0.065247),
      ["RightLowerLeg"] = CFrame.new(0.000000, -0.000000, -0.000000, 1.000000, -0.000000, 0.000000, 0.000000, 0.999999, 0.001293, -0.000000, -0.001293, 0.999999),
      ["RightUpperArm"] = CFrame.new(0.000000, -0.065238, 0.000000, -0.084769, -0.134106, 0.987335, 0.450405, 0.878728, 0.158024, -0.888791, 0.458096, -0.014087),
      ["RightUpperLeg"] = CFrame.new(-0.000025, -0.000126, -0.004997, 0.968749, -0.015230, -0.247574, 0.056649, 0.985321, 0.161040, 0.241488, -0.170033, 0.955392),
      ["UpperTorso"] = CFrame.new(0.000000, -0.000000, -0.000000, 0.967819, 0.248271, 0.041095, -0.249744, 0.967654, 0.035694, -0.030904, -0.044808, 0.998518)
    }},
    {Time = 2.333, Data = {
      ["Head"] = CFrame.new(-0.000000, -0.000000, 0.000000, 0.968467, 0.185034, 0.166836, -0.212832, 0.962550, 0.167929, -0.129516, -0.198142, 0.971579),
      ["LeftFoot"] = CFrame.new(-0.000000, 0.000000, -0.000000, 0.981123, -0.182098, 0.065105, 0.176648, 0.980896, 0.081480, -0.078698, -0.068442, 0.994546),
      ["LeftHand"] = CFrame.new(0.000000, 0.000000, -0.000000, 0.139774, -0.750790, -0.645583, 0.719816, 0.524753, -0.454423, 0.679947, -0.401184, 0.613777),
      ["LeftLowerArm"] = CFrame.new(0.000000, -0.000000, 0.000000, 1.000000, -0.000000, 0.000000, 0.000000, 0.344498, -0.938787, -0.000000, 0.938787, 0.344498),
      ["LeftLowerLeg"] = CFrame.new(-0.000000, 0.000000, 0.000000, 1.000000, -0.000000, -0.000000, 0.000000, 0.999994, 0.003406, 0.000000, -0.003406, 0.999994),
      ["LeftUpperArm"] = CFrame.new(0.000000, -0.065238, -0.000000, 0.082285, -0.161873, -0.983375, -0.443494, 0.877690, -0.181586, 0.892492, 0.451062, 0.000431),
      ["LeftUpperLeg"] = CFrame.new(0.000025, 0.000126, 0.004998, 0.744153, 0.612679, 0.266198, -0.625398, 0.779024, -0.044702, -0.234763, -0.133214, 0.962881),
      ["LowerTorso"] = CFrame.new(0.202080, 0.039175, 0.095874, 0.888892, -0.214653, -0.404717, 0.212474, 0.975840, -0.050898, 0.405864, -0.040749, 0.913024),
      ["RightFoot"] = CFrame.new(-0.000000, 0.000000, 0.000000, 0.957860, 0.245857, 0.148518, -0.235099, 0.968125, -0.086385, -0.165023, 0.047829, 0.985129),
      ["RightHand"] = CFrame.new(-0.000000, 0.000000, -0.000000, 0.452448, -0.787549, 0.418395, 0.889956, 0.428821, -0.155220, -0.057170, 0.442583, 0.894904),
      ["RightLowerArm"] = CFrame.new(0.000000, -0.000000, 0.000000, 1.000000, 0.000001, -0.000000, 0.000001, 0.064986, -0.997886, 0.000001, 0.997886, 0.064982),
      ["RightLowerLeg"] = CFrame.new(-0.000000, -0.000000, -0.000000, 1.000000, -0.000000, -0.000000, 0.000000, 0.999999, 0.001290, 0.000000, -0.001290, 0.999999),
      ["RightUpperArm"] = CFrame.new(-0.000000, -0.065238, -0.000000, -0.084802, -0.134205, 0.987318, 0.450633, 0.878592, 0.158131, -0.888672, 0.458328, -0.014029),
      ["RightUpperLeg"] = CFrame.new(-0.000026, -0.000126, -0.004997, 0.968757, -0.015124, -0.247550, 0.056513, 0.985344, 0.160947, 0.241489, -0.169908, 0.955414),
      ["UpperTorso"] = CFrame.new(0.000000, 0.000000, 0.000000, 0.967719, 0.248649, 0.041163, -0.250129, 0.967549, 0.035828, -0.030918, -0.044967, 0.998510)
    }},
    {Time = 2.367, Data = {
      ["Head"] = CFrame.new(0.000000, 0.000001, -0.000000, 0.968857, 0.186484, 0.162912, -0.213632, 0.962166, 0.169109, -0.125212, -0.198645, 0.972040),
      ["LeftFoot"] = CFrame.new(0.000000, 0.000000, 0.000000, 0.981122, -0.182108, 0.065094, 0.176661, 0.980895, 0.081456, -0.078683, -0.068419, 0.994549),
      ["LeftHand"] = CFrame.new(0.000000, 0.000000, 0.000000, 0.139279, -0.750632, -0.645874, 0.718930, 0.525180, -0.455330, 0.680986, -0.400920, 0.612798),
      ["LeftLowerArm"] = CFrame.new(-0.000000, -0.000000, 0.000000, 1.000000, -0.000000, -0.000000, 0.000000, 0.344498, -0.938787, 0.000000, 0.938787, 0.344498),
      ["LeftLowerLeg"] = CFrame.new(0.000000, -0.000000, -0.000000, 1.000000, -0.000000, 0.000000, -0.000000, 0.999994, 0.003407, 0.000000, -0.003407, 0.999994),
      ["LeftUpperArm"] = CFrame.new(-0.000000, -0.065237, 0.000000, 0.082234, -0.162147, -0.983334, -0.443684, 0.877548, -0.181808, 0.892402, 0.451240, 0.000222),
      ["LeftUpperLeg"] = CFrame.new(0.000025, 0.000126, 0.004997, 0.744078, 0.612758, 0.266225, -0.625484, 0.778955, -0.044704, -0.234771, -0.133256, 0.962874),
      ["LowerTorso"] = CFrame.new(0.202069, 0.039163, 0.096070, 0.888865, -0.214711, -0.404744, 0.212533, 0.975827, -0.050912, 0.405892, -0.040768, 0.913011),
      ["RightFoot"] = CFrame.new(-0.000000, 0.000000, -0.000000, 0.957876, 0.245795, 0.148520, -0.235036, 0.968141, -0.086384, -0.165022, 0.047838, 0.985129),
      ["RightHand"] = CFrame.new(-0.000000, 0.000000, 0.000000, 0.452455, -0.787573, 0.418342, 0.889930, 0.429011, -0.154846, -0.057517, 0.442356, 0.894993),
      ["RightLowerArm"] = CFrame.new(0.000000, 0.000000, -0.000000, 1.000000, 0.000001, -0.000001, 0.000001, 0.064769, -0.997901, 0.000001, 0.997900, 0.064765),
      ["RightLowerLeg"] = CFrame.new(0.000000, 0.000000, 0.000000, 1.000000, -0.000000, 0.000000, -0.000000, 0.999999, 0.001288, 0.000000, -0.001288, 0.999999),
      ["RightUpperArm"] = CFrame.new(-0.000000, -0.065237, -0.000000, -0.084783, -0.134296, 0.987308, 0.450863, 0.878461, 0.158207, -0.888557, 0.458554, -0.013929),
      ["RightUpperLeg"] = CFrame.new(-0.000026, -0.000125, -0.004997, 0.968765, -0.015017, -0.247526, 0.056376, 0.985367, 0.160853, 0.241489, -0.169784, 0.955435),
      ["UpperTorso"] = CFrame.new(-0.000000, -0.000000, 0.000000, 0.967619, 0.249019, 0.041279, -0.250512, 0.967440, 0.036086, -0.030949, -0.045259, 0.998496)
    }},
    {Time = 2.400, Data = {
      ["Head"] = CFrame.new(-0.000000, 0.000000, 0.000000, 0.969222, 0.188114, 0.158814, -0.214576, 0.961735, 0.170361, -0.120689, -0.199195, 0.972500),
      ["LeftFoot"] = CFrame.new(-0.000000, -0.000000, 0.000000, 0.981121, -0.182119, 0.065083, 0.176674, 0.980895, 0.081431, -0.078669, -0.068396, 0.994552),
      ["LeftHand"] = CFrame.new(0.000000, 0.000000, -0.000000, 0.138815, -0.750472, -0.646160, 0.718112, 0.525582, -0.456157, 0.681943, -0.400693, 0.611881),
      ["LeftLowerArm"] = CFrame.new(0.000000, 0.000001, -0.000000, 1.000000, 0.000000, -0.000000, 0.000000, 0.344498, -0.938787, 0.000000, 0.938787, 0.344498),
      ["LeftLowerLeg"] = CFrame.new(0.000000, 0.000000, -0.000000, 1.000000, -0.000000, 0.000000, 0.000000, 0.999994, 0.003407, 0.000000, -0.003407, 0.999994),
      ["LeftUpperArm"] = CFrame.new(0.000000, -0.065238, 0.000000, 0.082187, -0.162432, -0.983291, -0.443943, 0.877369, -0.182041, 0.892278, 0.451486, -0.000002),
      ["LeftUpperLeg"] = CFrame.new(0.000026, 0.000126, 0.004997, 0.744003, 0.612837, 0.266253, -0.625570, 0.778885, -0.044706, -0.234778, -0.133298, 0.962866),
      ["LowerTorso"] = CFrame.new(0.202105, 0.039151, 0.096273, 0.888839, -0.214769, -0.404772, 0.212591, 0.975813, -0.050927, 0.405919, -0.040786, 0.912999),
      ["RightFoot"] = CFrame.new(-0.000000, 0.000000, -0.000000, 0.957887, 0.245753, 0.148517, -0.234984, 0.968148, -0.086440, -0.165030, 0.047901, 0.985125),
      ["RightHand"] = CFrame.new(-0.000000, 0.000000, 0.000000, 0.452456, -0.787613, 0.418266, 0.889911, 0.429172, -0.154507, -0.057814, 0.442127, 0.895087),
      ["RightLowerArm"] = CFrame.new(0.000000, -0.000000, -0.000000, 1.000000, 0.000001, -0.000000, 0.000001, 0.064551, -0.997915, 0.000001, 0.997914, 0.064548),
      ["RightLowerLeg"] = CFrame.new(-0.000000, 0.000000, -0.000000, 1.000000, 0.000000, -0.000000, 0.000000, 0.999999, 0.001289, -0.000000, -0.001289, 0.999999),
      ["RightUpperArm"] = CFrame.new(-0.000000, -0.065238, -0.000000, -0.084756, -0.134396, 0.987296, 0.451177, 0.878285, 0.158289, -0.888401, 0.458861, -0.013803),
      ["RightUpperLeg"] = CFrame.new(-0.000026, -0.000126, -0.004997, 0.968787, -0.014946, -0.247442, 0.056315, 0.985354, 0.160956, 0.241413, -0.169867, 0.955440),
      ["UpperTorso"] = CFrame.new(0.000000, -0.000000, 0.000000, 0.967519, 0.249380, 0.041441, -0.250890, 0.967330, 0.036426, -0.031003, -0.045640, 0.998477)
    }},
    {Time = 2.433, Data = {
      ["Head"] = CFrame.new(-0.000000, -0.000000, 0.000000, 0.969559, 0.189878, 0.154603, -0.215623, 0.961275, 0.171632, -0.116027, -0.199744, 0.972954),
      ["LeftFoot"] = CFrame.new(0.000000, -0.000000, 0.000000, 0.981119, -0.182129, 0.065071, 0.176687, 0.980895, 0.081407, -0.078655, -0.068373, 0.994555),
      ["LeftHand"] = CFrame.new(0.000000, 0.000000, -0.000000, 0.138404, -0.750342, -0.646399, 0.717377, 0.525935, -0.456905, 0.682799, -0.400474, 0.611069),
      ["LeftLowerArm"] = CFrame.new(0.000000, -0.000000, -0.000000, 1.000000, -0.000000, 0.000000, 0.000000, 0.344498, -0.938787, 0.000000, 0.938787, 0.344497),
      ["LeftLowerLeg"] = CFrame.new(0.000000, 0.000000, 0.000000, 1.000000, 0.000000, 0.000000, -0.000000, 0.999994, 0.003407, -0.000000, -0.003407, 0.999994),
      ["LeftUpperArm"] = CFrame.new(0.000000, -0.065238, -0.000000, 0.082146, -0.162728, -0.983245, -0.444240, 0.877168, -0.182286, 0.892134, 0.451771, -0.000235),
      ["LeftUpperLeg"] = CFrame.new(0.000025, 0.000125, 0.004998, 0.743928, 0.612916, 0.266280, -0.625657, 0.778816, -0.044708, -0.234785, -0.133340, 0.962858),
      ["LowerTorso"] = CFrame.new(0.202095, 0.039148, 0.096469, 0.888813, -0.214827, -0.404799, 0.212650, 0.975799, -0.050941, 0.405946, -0.040804, 0.912986),
      ["RightFoot"] = CFrame.new(0.000000, 0.000000, 0.000000, 0.957885, 0.245764, 0.148511, -0.234995, 0.968145, -0.086447, -0.165027, 0.047907, 0.985125),
      ["RightHand"] = CFrame.new(0.000000, -0.000000, 0.000000, 0.452444, -0.787666, 0.418179, 0.889899, 0.429318, -0.154171, -0.058092, 0.441891, 0.895186),
      ["RightLowerArm"] = CFrame.new(0.000000, -0.000000, -0.000000, 1.000000, 0.000001, -0.000000, 0.000000, 0.064342, -0.997928, 0.000001, 0.997928, 0.064338),
      ["RightLowerLeg"] = CFrame.new(-0.000000, 0.000000, -0.000000, 1.000000, 0.000000, 0.000000, 0.000000, 0.999999, 0.001290, 0.000000, -0.001290, 0.999999),
      ["RightUpperArm"] = CFrame.new(-0.000000, -0.065239, 0.000000, -0.084742, -0.134525, 0.987280, 0.451586, 0.878054, 0.158403, -0.888194, 0.459265, -0.013659),
      ["RightUpperLeg"] = CFrame.new(-0.000026, -0.000126, -0.004997, 0.968809, -0.014874, -0.247359, 0.056252, 0.985340, 0.161059, 0.241338, -0.169950, 0.955444),
      ["UpperTorso"] = CFrame.new(-0.000000, -0.000000, 0.000000, 0.967421, 0.249725, 0.041657, -0.251259, 0.967218, 0.036861, -0.031086, -0.046127, 0.998452)
    }},
    {Time = 2.467, Data = {
      ["Head"] = CFrame.new(-0.000000, 0.000000, -0.000000, 0.969870, 0.191769, 0.150254, -0.216762, 0.960787, 0.172922, -0.111201, -0.200282, 0.973407),
      ["LeftFoot"] = CFrame.new(0.000000, -0.000000, -0.000000, 0.981120, -0.182132, 0.065060, 0.176692, 0.980895, 0.081393, -0.078641, -0.068361, 0.994556),
      ["LeftHand"] = CFrame.new(-0.000000, 0.000000, -0.000000, 0.138046, -0.750214, -0.646624, 0.716699, 0.526274, -0.457579, 0.683584, -0.400267, 0.610327),
      ["LeftLowerArm"] = CFrame.new(0.000000, 0.000000, 0.000000, 1.000000, 0.000000, -0.000000, 0.000000, 0.344498, -0.938787, 0.000000, 0.938787, 0.344498),
      ["LeftLowerLeg"] = CFrame.new(0.000000, -0.000000, 0.000000, 1.000000, -0.000000, 0.000000, -0.000000, 0.999994, 0.003407, -0.000000, -0.003407, 0.999994),
      ["LeftUpperArm"] = CFrame.new(-0.000000, -0.065238, 0.000000, 0.082110, -0.163007, -0.983202, -0.444598, 0.876938, -0.182518, 0.891959, 0.452116, -0.000467),
      ["LeftUpperLeg"] = CFrame.new(0.000025, 0.000125, 0.004997, 0.743857, 0.612967, 0.266363, -0.625754, 0.778745, -0.044577, -0.234753, -0.133518, 0.962842),
      ["LowerTorso"] = CFrame.new(0.202152, 0.039139, 0.096522, 0.888762, -0.214945, -0.404846, 0.212690, 0.975780, -0.051149, 0.406035, -0.040648, 0.912953),
      ["RightFoot"] = CFrame.new(0.000000, 0.000000, 0.000000, 0.957888, 0.245751, 0.148514, -0.234993, 0.968152, -0.086376, -0.165012, 0.047839, 0.985131),
      ["RightHand"] = CFrame.new(0.000000, 0.000000, -0.000000, 0.452413, -0.787751, 0.418052, 0.889898, 0.429443, -0.153831, -0.058346, 0.441619, 0.895304),
      ["RightLowerArm"] = CFrame.new(0.000000, -0.000000, -0.000000, 1.000000, 0.000001, -0.000000, 0.000001, 0.064132, -0.997942, 0.000001, 0.997941, 0.064129),
      ["RightLowerLeg"] = CFrame.new(0.000000, -0.000000, 0.000000, 1.000000, 0.000000, 0.000000, -0.000000, 0.999999, 0.001286, 0.000000, -0.001286, 0.999999),
      ["RightUpperArm"] = CFrame.new(-0.000000, -0.065238, 0.000000, -0.084772, -0.134668, 0.987258, 0.452065, 0.877781, 0.158552, -0.887948, 0.459745, -0.013533),
      ["RightUpperLeg"] = CFrame.new(-0.000025, -0.000126, -0.004997, 0.968831, -0.014794, -0.247280, 0.056165, 0.985340, 0.161093, 0.241272, -0.169960, 0.955459),
      ["UpperTorso"] = CFrame.new(-0.000000, -0.000000, -0.000000, 0.967327, 0.250050, 0.041892, -0.251613, 0.967103, 0.037439, -0.031152, -0.046756, 0.998420)
    }},
    {Time = 2.500, Data = {
      ["Head"] = CFrame.new(0.000000, 0.000000, 0.000000, 0.970152, 0.193763, 0.145809, -0.217976, 0.960277, 0.174223, -0.106259, -0.200806, 0.973851),
      ["LeftFoot"] = CFrame.new(0.000000, 0.000000, 0.000000, 0.981120, -0.182135, 0.065048, 0.176697, 0.980895, 0.081379, -0.078627, -0.068350, 0.994558),
      ["LeftHand"] = CFrame.new(-0.000000, 0.000000, 0.000000, 0.137729, -0.750114, -0.646808, 0.716120, 0.526553, -0.458164, 0.684254, -0.400090, 0.609693),
      ["LeftLowerArm"] = CFrame.new(0.000000, -0.000000, 0.000000, 1.000000, -0.000000, 0.000000, 0.000000, 0.344498, -0.938787, 0.000000, 0.938787, 0.344498),
      ["LeftLowerLeg"] = CFrame.new(-0.000000, -0.000000, 0.000000, 1.000000, -0.000000, -0.000000, -0.000000, 0.999994, 0.003406, -0.000000, -0.003406, 0.999994),
      ["LeftUpperArm"] = CFrame.new(0.000000, -0.065238, 0.000000, 0.082083, -0.163288, -0.983158, -0.444966, 0.876702, -0.182757, 0.891778, 0.452473, -0.000695),
      ["LeftUpperLeg"] = CFrame.new(0.000025, 0.000126, 0.004997, 0.743785, 0.613018, 0.266446, -0.625851, 0.778674, -0.044446, -0.234721, -0.133697, 0.962825),
      ["LowerTorso"] = CFrame.new(0.202149, 0.039136, 0.096674, 0.888712, -0.215063, -0.404894, 0.212729, 0.975760, -0.051356, 0.406124, -0.040492, 0.912920),
      ["RightFoot"] = CFrame.new(-0.000000, 0.000000, 0.000000, 0.957887, 0.245756, 0.148513, -0.235004, 0.968152, -0.086346, -0.165004, 0.047809, 0.985134),
      ["RightHand"] = CFrame.new(0.000000, -0.000000, -0.000000, 0.452361, -0.787857, 0.417908, 0.889913, 0.429511, -0.153551, -0.058516, 0.441363, 0.895419),
      ["RightLowerArm"] = CFrame.new(0.000000, 0.000000, 0.000000, 1.000000, 0.000001, -0.000000, 0.000001, 0.063958, -0.997953, 0.000001, 0.997953, 0.063954),
      ["RightLowerLeg"] = CFrame.new(-0.000000, -0.000000, 0.000000, 1.000000, 0.000000, -0.000000, 0.000000, 0.999999, 0.001285, 0.000000, -0.001285, 0.999999),
      ["RightUpperArm"] = CFrame.new(0.000000, -0.065238, -0.000000, -0.084856, -0.134797, 0.987233, 0.452550, 0.877502, 0.158712, -0.887692, 0.460240, -0.013459),
      ["RightUpperLeg"] = CFrame.new(-0.000025, -0.000126, -0.004997, 0.968860, -0.014756, -0.247170, 0.056149, 0.985313, 0.161263, 0.241160, -0.170120, 0.955459),
      ["UpperTorso"] = CFrame.new(-0.000000, -0.000000, 0.000000, 0.967239, 0.250345, 0.042150, -0.251938, 0.966995, 0.038037, -0.031237, -0.047410, 0.998387)
    }},
    {Time = 2.533, Data = {
      ["Head"] = CFrame.new(0.000000, -0.000000, 0.000000, 0.970402, 0.195859, 0.141276, -0.219258, 0.959757, 0.175479, -0.101221, -0.201261, 0.974294),
      ["LeftFoot"] = CFrame.new(-0.000000, 0.000000, -0.000000, 0.981120, -0.182137, 0.065038, 0.176701, 0.980897, 0.081350, -0.078613, -0.068322, 0.994561),
      ["LeftHand"] = CFrame.new(0.000000, 0.000000, 0.000000, 0.137431, -0.750025, -0.646974, 0.715634, 0.526776, -0.458666, 0.684821, -0.399962, 0.609139),
      ["LeftLowerArm"] = CFrame.new(0.000000, -0.000000, -0.000000, 1.000000, 0.000000, -0.000000, 0.000000, 0.344498, -0.938787, 0.000000, 0.938787, 0.344498),
      ["LeftLowerLeg"] = CFrame.new(-0.000000, 0.000000, -0.000000, 1.000000, 0.000000, -0.000000, -0.000000, 0.999994, 0.003407, -0.000000, -0.003407, 0.999994),
      ["LeftUpperArm"] = CFrame.new(0.000000, -0.065238, -0.000000, 0.082065, -0.163558, -0.983114, -0.445392, 0.876437, -0.182989, 0.891567, 0.452888, -0.000923),
      ["LeftUpperLeg"] = CFrame.new(0.000026, 0.000126, 0.004997, 0.743720, 0.613044, 0.266568, -0.625953, 0.778606, -0.044214, -0.234657, -0.133975, 0.962801),
      ["LowerTorso"] = CFrame.new(0.202143, 0.039127, 0.096719, 0.888655, -0.215196, -0.404948, 0.212758, 0.975740, -0.051625, 0.406234, -0.040279, 0.912881),
      ["RightFoot"] = CFrame.new(0.000000, 0.000000, 0.000000, 0.957888, 0.245753, 0.148514, -0.235009, 0.968156, -0.086291, -0.164991, 0.047756, 0.985138),
      ["RightHand"] = CFrame.new(0.000000, -0.000000, 0.000000, 0.452288, -0.787998, 0.417721, 0.889942, 0.429547, -0.153285, -0.058639, 0.441077, 0.895552),
      ["RightLowerArm"] = CFrame.new(-0.000000, 0.000000, -0.000000, 1.000000, 0.000001, -0.000000, 0.000001, 0.063783, -0.997964, 0.000001, 0.997964, 0.063779),
      ["RightLowerLeg"] = CFrame.new(0.000000, -0.000000, 0.000000, 1.000000, -0.000000, 0.000000, 0.000000, 0.999999, 0.001282, -0.000000, -0.001282, 0.999999),
      ["RightUpperArm"] = CFrame.new(0.000000, -0.065238, -0.000000, -0.084955, -0.134953, 0.987203, 0.453142, 0.877161, 0.158906, -0.887381, 0.460843, -0.013366),
      ["RightUpperLeg"] = CFrame.new(-0.000025, -0.000125, -0.004998, 0.968888, -0.014713, -0.247060, 0.056124, 0.985290, 0.161411, 0.241051, -0.170256, 0.955462),
      ["UpperTorso"] = CFrame.new(0.000000, 0.000000, -0.000000, 0.967157, 0.250609, 0.042453, -0.252239, 0.966890, 0.038712, -0.031346, -0.048149, 0.998348)
    }},
    {Time = 2.567, Data = {
      ["Head"] = CFrame.new(0.000000, -0.000000, 0.000000, 0.970628, 0.198013, 0.136648, -0.220560, 0.959244, 0.176648, -0.096100, -0.201598, 0.974742),
      ["LeftFoot"] = CFrame.new(0.000000, -0.000000, 0.000000, 0.981121, -0.182134, 0.065028, 0.176702, 0.980898, 0.081328, -0.078598, -0.068303, 0.994564),
      ["LeftHand"] = CFrame.new(-0.000000, 0.000000, 0.000000, 0.137213, -0.749941, -0.647117, 0.715224, 0.526985, -0.459067, 0.685294, -0.399844, 0.608684),
      ["LeftLowerArm"] = CFrame.new(0.000000, -0.000000, -0.000000, 1.000000, -0.000000, 0.000000, 0.000000, 0.344498, -0.938787, 0.000000, 0.938787, 0.344498),
      ["LeftLowerLeg"] = CFrame.new(0.000000, 0.000000, 0.000000, 1.000000, -0.000000, 0.000000, 0.000000, 0.999994, 0.003407, -0.000000, -0.003407, 0.999994),
      ["LeftUpperArm"] = CFrame.new(0.000000, -0.065238, -0.000000, 0.082019, -0.163758, -0.983085, -0.445895, 0.876148, -0.183146, 0.891319, 0.453374, -0.001159),
      ["LeftUpperLeg"] = CFrame.new(0.000025, 0.000126, 0.004998, 0.743660, 0.613061, 0.266695, -0.626048, 0.778543, -0.043976, -0.234594, -0.134260, 0.962777),
      ["LowerTorso"] = CFrame.new(0.202143, 0.039124, 0.096719, 0.888592, -0.215336, -0.405012, 0.212780, 0.975719, -0.051931, 0.406361, -0.040034, 0.912835),
      ["RightFoot"] = CFrame.new(0.000000, 0.000000, -0.000000, 0.957887, 0.245755, 0.148513, -0.235019, 0.968157, -0.086248, -0.164981, 0.047713, 0.985142),
      ["RightHand"] = CFrame.new(-0.000000, 0.000000, 0.000000, 0.452202, -0.788155, 0.417519, 0.889981, 0.429549, -0.153051, -0.058713, 0.440794, 0.895686),
      ["RightLowerArm"] = CFrame.new(0.000000, 0.000000, 0.000000, 1.000000, 0.000001, -0.000001, 0.000001, 0.063635, -0.997974, 0.000001, 0.997973, 0.063631),
      ["RightLowerLeg"] = CFrame.new(0.000000, -0.000000, -0.000000, 1.000000, -0.000000, 0.000000, 0.000000, 0.999999, 0.001280, -0.000000, -0.001280, 0.999999),
      ["RightUpperArm"] = CFrame.new(0.000000, -0.065238, 0.000000, -0.085084, -0.135123, 0.987169, 0.453839, 0.876760, 0.159127, -0.887012, 0.461555, -0.013274),
      ["RightUpperLeg"] = CFrame.new(-0.000026, -0.000126, -0.004997, 0.968923, -0.014695, -0.246926, 0.056138, 0.985252, 0.161637, 0.240909, -0.170475, 0.955459),
      ["UpperTorso"] = CFrame.new(-0.000000, -0.000000, 0.000000, 0.967083, 0.250836, 0.042798, -0.252508, 0.966785, 0.039562, -0.031453, -0.049066, 0.998300)
    }},
    {Time = 2.600, Data = {
      ["Head"] = CFrame.new(-0.000000, -0.000000, -0.000000, 0.970833, 0.200234, 0.131870, -0.221884, 0.958732, 0.177765, -0.090833, -0.201839, 0.975197),
      ["LeftFoot"] = CFrame.new(0.000000, 0.000000, -0.000000, 0.981122, -0.182131, 0.065020, 0.176702, 0.980901, 0.081294, -0.078584, -0.068270, 0.994567),
      ["LeftHand"] = CFrame.new(-0.000000, 0.000000, 0.000000, 0.137049, -0.749887, -0.647216, 0.714920, 0.527133, -0.459370, 0.685643, -0.399750, 0.608351),
      ["LeftLowerArm"] = CFrame.new(0.000000, 0.000000, 0.000000, 1.000000, -0.000000, 0.000000, 0.000000, 0.344499, -0.938787, -0.000000, 0.938787, 0.344497),
      ["LeftLowerLeg"] = CFrame.new(0.000000, 0.000000, -0.000000, 1.000000, -0.000000, -0.000000, 0.000000, 0.999994, 0.003408, 0.000000, -0.003408, 0.999994),
      ["LeftUpperArm"] = CFrame.new(-0.000000, -0.065238, 0.000000, 0.081993, -0.163983, -0.983050, -0.446395, 0.875854, -0.183334, 0.891072, 0.453860, -0.001388),
      ["LeftUpperLeg"] = CFrame.new(0.000026, 0.000126, 0.004998, 0.743607, 0.613059, 0.266848, -0.626139, 0.778487, -0.043682, -0.234519, -0.134601, 0.962748),
      ["LowerTorso"] = CFrame.new(0.202121, 0.039124, 0.096866, 0.888535, -0.215480, -0.405062, 0.212794, 0.975698, -0.052257, 0.406479, -0.039763, 0.912795),
      ["RightFoot"] = CFrame.new(0.000000, 0.000000, -0.000000, 0.957886, 0.245761, 0.148513, -0.235032, 0.968158, -0.086206, -0.164970, 0.047671, 0.985146),
      ["RightHand"] = CFrame.new(0.000000, 0.000000, 0.000000, 0.452085, -0.788349, 0.417279, 0.890040, 0.429500, -0.152846, -0.058722, 0.440495, 0.895833),
      ["RightLowerArm"] = CFrame.new(0.000000, 0.000000, -0.000000, 1.000000, 0.000001, -0.000001, 0.000001, 0.063487, -0.997983, 0.000001, 0.997983, 0.063483),
      ["RightLowerLeg"] = CFrame.new(-0.000000, -0.000000, -0.000000, 1.000000, 0.000000, 0.000000, -0.000000, 0.999999, 0.001277, 0.000000, -0.001278, 0.999999),
      ["RightUpperArm"] = CFrame.new(0.000000, -0.065238, -0.000000, -0.085276, -0.135291, 0.987129, 0.454571, 0.876336, 0.159375, -0.886619, 0.462310, -0.013231),
      ["RightUpperLeg"] = CFrame.new(-0.000026, -0.000126, -0.004997, 0.968959, -0.014700, -0.246785, 0.056179, 0.985210, 0.161881, 0.240755, -0.170720, 0.955454),
      ["UpperTorso"] = CFrame.new(-0.000000, -0.000000, 0.000000, 0.967020, 0.251020, 0.043153, -0.252737, 0.966691, 0.040405, -0.031573, -0.049978, 0.998251)
    }},
    {Time = 2.633, Data = {
      ["Head"] = CFrame.new(0.000000, -0.000000, -0.000000, 0.971012, 0.202475, 0.127046, -0.223209, 0.958222, 0.178855, -0.085524, -0.202028, 0.975638),
      ["LeftFoot"] = CFrame.new(0.000000, 0.000000, 0.000000, 0.981124, -0.182125, 0.065011, 0.176698, 0.980905, 0.081260, -0.078569, -0.068240, 0.994570),
      ["LeftHand"] = CFrame.new(0.000000, -0.000000, -0.000000, 0.136942, -0.749854, -0.647276, 0.714728, 0.527224, -0.459565, 0.685865, -0.399692, 0.608140),
      ["LeftLowerArm"] = CFrame.new(0.000000, 0.000000, -0.000000, 1.000000, -0.000000, -0.000000, 0.000000, 0.344498, -0.938787, -0.000000, 0.938787, 0.344498),
      ["LeftLowerLeg"] = CFrame.new(-0.000000, 0.000000, 0.000000, 1.000000, 0.000000, -0.000000, -0.000000, 0.999994, 0.003408, -0.000000, -0.003408, 0.999994),
      ["LeftUpperArm"] = CFrame.new(-0.000000, -0.065238, 0.000000, 0.081979, -0.164180, -0.983018, -0.446868, 0.875578, -0.183502, 0.890836, 0.454322, -0.001587),
      ["LeftUpperLeg"] = CFrame.new(0.000026, 0.000126, 0.004997, 0.743562, 0.613045, 0.267007, -0.626222, 0.778437, -0.043376, -0.234440, -0.134953, 0.962718),
      ["LowerTorso"] = CFrame.new(0.202052, 0.039124, 0.096904, 0.888474, -0.215625, -0.405118, 0.212803, 0.975678, -0.052604, 0.406608, -0.039473, 0.912750),
      ["RightFoot"] = CFrame.new(0.000000, 0.000001, -0.000000, 0.957884, 0.245769, 0.148512, -0.235047, 0.968158, -0.086163, -0.164960, 0.047627, 0.985150),
      ["RightHand"] = CFrame.new(0.000000, 0.000000, -0.000000, 0.451852, -0.788628, 0.417004, 0.890166, 0.429296, -0.152686, -0.058602, 0.440195, 0.895988),
      ["RightLowerArm"] = CFrame.new(-0.000000, 0.000000, -0.000000, 1.000000, 0.000001, -0.000001, 0.000001, 0.063577, -0.997977, 0.000001, 0.997977, 0.063574),
      ["RightLowerLeg"] = CFrame.new(-0.000000, -0.000000, -0.000000, 1.000000, 0.000000, 0.000000, 0.000000, 0.999999, 0.001275, 0.000000, -0.001275, 0.999999),
      ["RightUpperArm"] = CFrame.new(0.000000, -0.065238, -0.000000, -0.085571, -0.135474, 0.987079, 0.455291, 0.875906, 0.159685, -0.886221, 0.463072, -0.013272),
      ["RightUpperLeg"] = CFrame.new(-0.000026, -0.000125, -0.004997, 0.968994, -0.014721, -0.246645, 0.056240, 0.985164, 0.162142, 0.240599, -0.170986, 0.955446),
      ["UpperTorso"] = CFrame.new(-0.000000, 0.000000, 0.000000, 0.966967, 0.251165, 0.043498, -0.252925, 0.966607, 0.041214, -0.031694, -0.050855, 0.998203)
    }},
    {Time = 2.667, Data = {
      ["Head"] = CFrame.new(0.000000, 0.000000, 0.000000, 0.971180, 0.204696, 0.122104, -0.224487, 0.957711, 0.179989, -0.080097, -0.202213, 0.976061),
      ["LeftFoot"] = CFrame.new(-0.000000, 0.000000, 0.000000, 0.981127, -0.182114, 0.065003, 0.176691, 0.980909, 0.081225, -0.078554, -0.068207, 0.994574),
      ["LeftHand"] = CFrame.new(-0.000000, -0.000000, -0.000000, 0.137015, -0.749881, -0.647228, 0.714852, 0.527162, -0.459442, 0.685721, -0.399723, 0.608283),
      ["LeftLowerArm"] = CFrame.new(0.000000, 0.000000, 0.000000, 1.000000, -0.000000, 0.000000, -0.000000, 0.344499, -0.938787, -0.000000, 0.938787, 0.344499),
      ["LeftLowerLeg"] = CFrame.new(-0.000000, -0.000000, 0.000000, 1.000000, 0.000000, -0.000000, -0.000000, 0.999994, 0.003409, -0.000000, -0.003409, 0.999994),
      ["LeftUpperArm"] = CFrame.new(0.000000, -0.065238, -0.000000, 0.081978, -0.164321, -0.982995, -0.447227, 0.875368, -0.183626, 0.890656, 0.454674, -0.001728),
      ["LeftUpperLeg"] = CFrame.new(0.000026, 0.000126, 0.004997, 0.743528, 0.613010, 0.267179, -0.626292, 0.778399, -0.043044, -0.234358, -0.135327, 0.962685),
      ["LowerTorso"] = CFrame.new(0.201969, 0.039124, 0.096892, 0.888405, -0.215768, -0.405192, 0.212799, 0.975659, -0.052972, 0.406758, -0.039165, 0.912696),
      ["RightFoot"] = CFrame.new(-0.000000, 0.000000, -0.000000, 0.957881, 0.245779, 0.148512, -0.235065, 0.968157, -0.086116, -0.164949, 0.047580, 0.985154),
      ["RightHand"] = CFrame.new(0.000000, -0.000000, -0.000000, 0.451569, -0.788962, 0.416679, 0.890328, 0.428983, -0.152621, -0.058332, 0.439901, 0.896150),
      ["RightLowerArm"] = CFrame.new(-0.000000, -0.000000, 0.000000, 1.000000, 0.000001, -0.000000, 0.000001, 0.063668, -0.997971, 0.000001, 0.997971, 0.063664),
      ["RightLowerLeg"] = CFrame.new(0.000000, 0.000000, 0.000000, 1.000000, -0.000000, 0.000000, 0.000000, 0.999999, 0.001273, -0.000000, -0.001273, 0.999999),
      ["RightUpperArm"] = CFrame.new(-0.000000, -0.065238, 0.000000, -0.085958, -0.135681, 0.987017, 0.455944, 0.875498, 0.160059, -0.885848, 0.463783, -0.013393),
      ["RightUpperLeg"] = CFrame.new(-0.000026, -0.000126, -0.004998, 0.969029, -0.014763, -0.246505, 0.056324, 0.985115, 0.162405, 0.240438, -0.171259, 0.955437),
      ["UpperTorso"] = CFrame.new(-0.000000, 0.000000, -0.000000, 0.966921, 0.251288, 0.043790, -0.253086, 0.966534, 0.041930, -0.031788, -0.051626, 0.998160)
    }},
    {Time = 2.700, Data = {
      ["Head"] = CFrame.new(0.000000, 0.000000, 0.000000, 0.971340, 0.207040, 0.116762, -0.225799, 0.957181, 0.181162, -0.074255, -0.202334, 0.976497),
      ["LeftFoot"] = CFrame.new(0.000000, 0.000000, -0.000000, 0.981130, -0.182099, 0.064998, 0.176681, 0.980915, 0.081172, -0.078538, -0.068157, 0.994578),
      ["LeftHand"] = CFrame.new(0.000000, 0.000000, -0.000000, 0.137087, -0.749909, -0.647181, 0.714977, 0.527100, -0.459319, 0.685576, -0.399753, 0.608426),
      ["LeftLowerArm"] = CFrame.new(0.000000, -0.000001, 0.000000, 1.000000, -0.000000, -0.000000, 0.000000, 0.344498, -0.938787, -0.000000, 0.938787, 0.344498),
      ["LeftLowerLeg"] = CFrame.new(-0.000000, 0.000000, 0.000000, 1.000000, 0.000000, 0.000000, -0.000000, 0.999994, 0.003412, -0.000000, -0.003412, 0.999994),
      ["LeftUpperArm"] = CFrame.new(0.000000, -0.065238, 0.000000, 0.082011, -0.164451, -0.982970, -0.447494, 0.875205, -0.183757, 0.890519, 0.454943, -0.001814),
      ["LeftUpperLeg"] = CFrame.new(0.000025, 0.000126, 0.004997, 0.743512, 0.612947, 0.267370, -0.626346, 0.778376, -0.042666, -0.234268, -0.135743, 0.962649),
      ["LowerTorso"] = CFrame.new(0.201887, 0.039133, 0.096880, 0.888346, -0.215905, -0.405249, 0.212791, 0.975641, -0.053334, 0.406893, -0.038854, 0.912649),
      ["RightFoot"] = CFrame.new(-0.000000, 0.000000, -0.000000, 0.957877, 0.245797, 0.148510, -0.235089, 0.968155, -0.086082, -0.164939, 0.047543, 0.985157),
      ["RightHand"] = CFrame.new(0.000000, -0.000000, -0.000000, 0.451334, -0.789225, 0.416435, 0.890467, 0.428674, -0.152675, -0.058016, 0.439730, 0.896255),
      ["RightLowerArm"] = CFrame.new(-0.000000, 0.000000, -0.000000, 1.000000, 0.000001, -0.000000, 0.000001, 0.063759, -0.997966, 0.000001, 0.997965, 0.063756),
      ["RightLowerLeg"] = CFrame.new(-0.000000, 0.000000, -0.000000, 1.000000, 0.000000, -0.000000, 0.000000, 0.999999, 0.001271, -0.000000, -0.001271, 0.999999),
      ["RightUpperArm"] = CFrame.new(0.000000, -0.065238, -0.000000, -0.086330, -0.135872, 0.986958, 0.456433, 0.875179, 0.160408, -0.885560, 0.464328, -0.013538),
      ["RightUpperLeg"] = CFrame.new(-0.000026, -0.000126, -0.004998, 0.969069, -0.014834, -0.246345, 0.056442, 0.985059, 0.162703, 0.240250, -0.171574, 0.955428),
      ["UpperTorso"] = CFrame.new(-0.000000, 0.000000, -0.000000, 0.966890, 0.251362, 0.044056, -0.253193, 0.966480, 0.042545, -0.031885, -0.052291, 0.998123)
    }},
    {Time = 2.733, Data = {
      ["Head"] = CFrame.new(0.000000, -0.000000, 0.000000, 0.971496, 0.209564, 0.110806, -0.227153, 0.956645, 0.182296, -0.067799, -0.202269, 0.976980),
      ["LeftFoot"] = CFrame.new(0.000000, 0.000000, 0.000000, 0.981134, -0.182079, 0.064992, 0.176665, 0.980922, 0.081122, -0.078523, -0.068111, 0.994583),
      ["LeftHand"] = CFrame.new(-0.000000, -0.000000, 0.000000, 0.137159, -0.749937, -0.647134, 0.715102, 0.527037, -0.459196, 0.685432, -0.399783, 0.608569),
      ["LeftLowerArm"] = CFrame.new(-0.000000, 0.000000, 0.000000, 1.000000, -0.000000, 0.000000, 0.000000, 0.344499, -0.938787, -0.000000, 0.938787, 0.344498),
      ["LeftLowerLeg"] = CFrame.new(-0.000000, -0.000000, 0.000000, 1.000000, -0.000000, 0.000000, 0.000000, 0.999994, 0.003413, 0.000000, -0.003413, 0.999994),
      ["LeftUpperArm"] = CFrame.new(0.000000, -0.065238, -0.000000, 0.082055, -0.164522, -0.982955, -0.447713, 0.875075, -0.183840, 0.890404, 0.455167, -0.001854),
      ["LeftUpperLeg"] = CFrame.new(0.000026, 0.000126, 0.004997, 0.743513, 0.612857, 0.267575, -0.626380, 0.778371, -0.042260, -0.234172, -0.136182, 0.962610),
      ["LowerTorso"] = CFrame.new(0.201804, 0.039136, 0.096868, 0.888287, -0.216035, -0.405309, 0.212756, 0.975626, -0.053738, 0.407039, -0.038498, 0.912599),
      ["RightFoot"] = CFrame.new(0.000000, 0.000000, -0.000000, 0.957873, 0.245813, 0.148508, -0.235114, 0.968153, -0.086035, -0.164927, 0.047494, 0.985162),
      ["RightHand"] = CFrame.new(-0.000000, -0.000000, -0.000000, 0.451197, -0.789346, 0.416354, 0.890554, 0.428443, -0.152822, -0.057751, 0.439739, 0.896267),
      ["RightLowerArm"] = CFrame.new(-0.000000, -0.000000, -0.000000, 1.000000, 0.000001, -0.000000, 0.000001, 0.063850, -0.997960, 0.000001, 0.997959, 0.063847),
      ["RightLowerLeg"] = CFrame.new(0.000000, -0.000000, -0.000000, 1.000000, 0.000000, 0.000000, 0.000000, 0.999999, 0.001268, -0.000000, -0.001268, 0.999999),
      ["RightUpperArm"] = CFrame.new(-0.000000, -0.065238, -0.000000, -0.086566, -0.136007, 0.986919, 0.456719, 0.874987, 0.160643, -0.885389, 0.464651, -0.013627),
      ["RightUpperLeg"] = CFrame.new(-0.000025, -0.000126, -0.004998, 0.969104, -0.014937, -0.246200, 0.056592, 0.985003, 0.162990, 0.240073, -0.171887, 0.955416),
      ["UpperTorso"] = CFrame.new(0.000000, -0.000000, 0.000000, 0.966882, 0.251349, 0.044312, -0.253211, 0.966450, 0.043115, -0.031988, -0.052907, 0.998087)
    }},
    {Time = 2.767, Data = {
      ["Head"] = CFrame.new(-0.000000, 0.000000, 0.000000, 0.971631, 0.212173, 0.104483, -0.228501, 0.956128, 0.183320, -0.061003, -0.201994, 0.977485),
      ["LeftFoot"] = CFrame.new(-0.000000, 0.000000, -0.000000, 0.981138, -0.182057, 0.064987, 0.176647, 0.980929, 0.081072, -0.078508, -0.068064, 0.994587),
      ["LeftHand"] = CFrame.new(0.000000, 0.000000, 0.000000, 0.137231, -0.749964, -0.647087, 0.715227, 0.526975, -0.459073, 0.685287, -0.399815, 0.608711),
      ["LeftLowerArm"] = CFrame.new(-0.000000, -0.000000, -0.000000, 1.000000, -0.000000, 0.000000, 0.000000, 0.344499, -0.938787, -0.000000, 0.938787, 0.344498),
      ["LeftLowerLeg"] = CFrame.new(-0.000000, 0.000000, 0.000000, 1.000000, 0.000000, 0.000000, -0.000000, 0.999994, 0.003415, 0.000000, -0.003415, 0.999994),
      ["LeftUpperArm"] = CFrame.new(0.000000, -0.065238, 0.000000, 0.082099, -0.164523, -0.982951, -0.447917, 0.874967, -0.183860, 0.890298, 0.455375, -0.001858),
      ["LeftUpperLeg"] = CFrame.new(0.000026, 0.000126, 0.004997, 0.743529, 0.612743, 0.267791, -0.626400, 0.778379, -0.041822, -0.234069, -0.136648, 0.962569),
      ["LowerTorso"] = CFrame.new(0.201743, 0.039145, 0.096712, 0.888224, -0.216154, -0.405385, 0.212697, 0.975615, -0.054171, 0.407209, -0.038109, 0.912540),
      ["RightFoot"] = CFrame.new(-0.000000, 0.000000, 0.000000, 0.957869, 0.245829, 0.148507, -0.235138, 0.968151, -0.085987, -0.164916, 0.047445, 0.985166),
      ["RightHand"] = CFrame.new(0.000000, 0.000000, -0.000000, 0.451215, -0.789275, 0.416470, 0.890554, 0.428359, -0.153049, -0.057596, 0.439947, 0.896175),
      ["RightLowerArm"] = CFrame.new(-0.000000, -0.000000, 0.000000, 1.000000, 0.000001, -0.000001, 0.000001, 0.063942, -0.997954, 0.000001, 0.997954, 0.063937),
      ["RightLowerLeg"] = CFrame.new(-0.000000, 0.000000, -0.000000, 1.000000, 0.000000, -0.000000, 0.000000, 0.999999, 0.001265, 0.000000, -0.001266, 0.999999),
      ["RightUpperArm"] = CFrame.new(-0.000000, -0.065238, 0.000000, -0.086647, -0.136053, 0.986905, 0.456793, 0.874934, 0.160722, -0.885343, 0.464737, -0.013662),
      ["RightUpperLeg"] = CFrame.new(-0.000025, -0.000125, -0.004998, 0.969142, -0.015064, -0.246043, 0.056770, 0.984942, 0.163299, 0.239878, -0.172228, 0.955404),
      ["UpperTorso"] = CFrame.new(0.000000, 0.000000, 0.000000, 0.966897, 0.251249, 0.044561, -0.253143, 0.966441, 0.043695, -0.032087, -0.053529, 0.998051)
    }},
    {Time = 2.800, Data = {
      ["Head"] = CFrame.new(-0.000000, 0.000000, -0.000000, 0.971715, 0.214777, 0.098184, -0.229834, 0.955645, 0.184170, -0.054273, -0.201527, 0.977978),
      ["LeftFoot"] = CFrame.new(-0.000000, 0.000000, -0.000000, 0.981144, -0.182029, 0.064983, 0.176624, 0.980938, 0.081016, -0.078492, -0.068011, 0.994592),
      ["LeftHand"] = CFrame.new(0.000000, -0.000000, -0.000000, 0.137492, -0.750042, -0.646941, 0.715695, 0.526754, -0.458597, 0.684745, -0.399959, 0.609225),
      ["LeftLowerArm"] = CFrame.new(0.000000, 0.000000, 0.000000, 1.000000, -0.000000, 0.000000, -0.000000, 0.344499, -0.938787, -0.000000, 0.938787, 0.344497),
      ["LeftLowerLeg"] = CFrame.new(0.000000, -0.000000, 0.000000, 1.000000, 0.000000, 0.000000, -0.000000, 0.999994, 0.003418, -0.000000, -0.003418, 0.999994),
      ["LeftUpperArm"] = CFrame.new(0.000000, -0.065238, 0.000000, 0.082150, -0.164471, -0.982955, -0.448093, 0.874881, -0.183837, 0.890204, 0.455557, -0.001827),
      ["LeftUpperLeg"] = CFrame.new(0.000026, 0.000126, 0.004997, 0.743565, 0.612601, 0.268013, -0.626395, 0.778407, -0.041367, -0.233965, -0.137123, 0.962527),
      ["LowerTorso"] = CFrame.new(0.201607, 0.039148, 0.096640, 0.888170, -0.216259, -0.405445, 0.212625, 0.975607, -0.054598, 0.407363, -0.037716, 0.912487),
      ["RightFoot"] = CFrame.new(0.000000, 0.000000, 0.000000, 0.957863, 0.245852, 0.148505, -0.235168, 0.968148, -0.085945, -0.164905, 0.047401, 0.985170),
      ["RightHand"] = CFrame.new(0.000000, 0.000000, -0.000000, 0.451265, -0.789126, 0.416699, 0.890539, 0.428286, -0.153343, -0.057457, 0.440285, 0.896018),
      ["RightLowerArm"] = CFrame.new(-0.000000, 0.000000, -0.000000, 1.000000, 0.000000, -0.000000, 0.000000, 0.064221, -0.997936, 0.000001, 0.997936, 0.064218),
      ["RightLowerLeg"] = CFrame.new(-0.000000, 0.000000, 0.000000, 1.000000, -0.000000, 0.000000, 0.000000, 0.999999, 0.001263, -0.000000, -0.001263, 0.999999),
      ["RightUpperArm"] = CFrame.new(0.000000, -0.065238, -0.000000, -0.086462, -0.135929, 0.986939, 0.456636, 0.875052, 0.160523, -0.885442, 0.464551, -0.013589),
      ["RightUpperLeg"] = CFrame.new(-0.000025, -0.000125, -0.004997, 0.969175, -0.015228, -0.245900, 0.056990, 0.984877, 0.163616, 0.239689, -0.172586, 0.955386),
      ["UpperTorso"] = CFrame.new(0.000000, 0.000000, -0.000000, 0.966934, 0.251061, 0.044798, -0.252986, 0.966458, 0.044238, -0.032189, -0.054109, 0.998016)
    }},
    {Time = 2.833, Data = {
      ["Head"] = CFrame.new(0.000000, 0.000000, -0.000000, 0.971748, 0.217193, 0.092372, -0.231065, 0.955235, 0.184758, -0.048109, -0.200882, 0.978433),
      ["LeftFoot"] = CFrame.new(0.000000, -0.000000, 0.000000, 0.981158, -0.181951, 0.064982, 0.176556, 0.980961, 0.080892, -0.078463, -0.067895, 0.994602),
      ["LeftHand"] = CFrame.new(-0.000000, 0.000000, -0.000000, 0.137809, -0.750147, -0.646752, 0.716290, 0.526464, -0.458002, 0.684060, -0.400145, 0.609874),
      ["LeftLowerArm"] = CFrame.new(-0.000000, 0.000000, 0.000000, 1.000000, -0.000000, 0.000000, -0.000000, 0.344498, -0.938787, -0.000000, 0.938787, 0.344498),
      ["LeftLowerLeg"] = CFrame.new(-0.000000, 0.000000, 0.000000, 1.000000, 0.000000, 0.000000, 0.000000, 0.999994, 0.003420, -0.000000, -0.003420, 0.999994),
      ["LeftUpperArm"] = CFrame.new(0.000000, -0.065238, 0.000000, 0.082217, -0.164390, -0.982963, -0.448236, 0.874816, -0.183795, 0.890126, 0.455711, -0.001761),
      ["LeftUpperLeg"] = CFrame.new(0.000025, 0.000125, 0.004997, 0.743615, 0.612441, 0.268240, -0.626376, 0.778447, -0.040897, -0.233858, -0.137607, 0.962484),
      ["LowerTorso"] = CFrame.new(0.201508, 0.039160, 0.096592, 0.888117, -0.216352, -0.405512, 0.212529, 0.975603, -0.055047, 0.407529, -0.037295, 0.912431),
      ["RightFoot"] = CFrame.new(-0.000000, 0.000000, -0.000000, 0.957859, 0.245872, 0.148503, -0.235194, 0.968145, -0.085909, -0.164895, 0.047362, 0.985173),
      ["RightHand"] = CFrame.new(0.000000, 0.000000, -0.000000, 0.451366, -0.788899, 0.417016, 0.890493, 0.428268, -0.153664, -0.057365, 0.440709, 0.895815),
      ["RightLowerArm"] = CFrame.new(-0.000000, 0.000000, -0.000000, 1.000000, 0.000001, -0.000001, 0.000001, 0.064555, -0.997914, 0.000001, 0.997914, 0.064551),
      ["RightLowerLeg"] = CFrame.new(0.000000, -0.000000, -0.000000, 1.000000, 0.000000, -0.000000, 0.000000, 0.999999, 0.001261, -0.000000, -0.001261, 0.999999),
      ["RightUpperArm"] = CFrame.new(-0.000000, -0.065238, -0.000000, -0.086277, -0.135804, 0.986972, 0.456480, 0.875170, 0.160324, -0.885541, 0.464365, -0.013515),
      ["RightUpperLeg"] = CFrame.new(-0.000026, -0.000126, -0.004998, 0.969213, -0.015400, -0.245740, 0.057224, 0.984804, 0.163970, 0.239481, -0.172984, 0.955367),
      ["UpperTorso"] = CFrame.new(-0.000000, 0.000000, -0.000000, 0.966996, 0.250783, 0.045021, -0.252736, 0.966501, 0.044728, -0.032296, -0.054630, 0.997984)
    }},
    {Time = 2.867, Data = {
      ["Head"] = CFrame.new(0.000000, -0.000000, 0.000000, 0.971750, 0.219334, 0.087152, -0.232133, 0.954913, 0.185082, -0.042628, -0.200084, 0.978851),
      ["LeftFoot"] = CFrame.new(0.000000, 0.000000, 0.000000, 0.981174, -0.181868, 0.064984, 0.176484, 0.980986, 0.080748, -0.078433, -0.067759, 0.994614),
      ["LeftHand"] = CFrame.new(-0.000000, -0.000000, -0.000000, 0.138207, -0.750272, -0.646522, 0.717003, 0.526122, -0.457276, 0.683231, -0.400360, 0.610661),
      ["LeftLowerArm"] = CFrame.new(-0.000000, -0.000001, 0.000000, 1.000000, -0.000000, -0.000000, 0.000000, 0.344497, -0.938787, -0.000000, 0.938787, 0.344498),
      ["LeftLowerLeg"] = CFrame.new(-0.000000, 0.000000, -0.000000, 1.000000, 0.000000, 0.000000, -0.000000, 0.999994, 0.003424, -0.000000, -0.003424, 0.999994),
      ["LeftUpperArm"] = CFrame.new(0.000000, -0.065238, 0.000000, 0.082288, -0.164248, -0.982981, -0.448358, 0.874774, -0.183701, 0.890058, 0.455843, -0.001658),
      ["LeftUpperLeg"] = CFrame.new(0.000026, 0.000126, 0.004997, 0.743684, 0.612248, 0.268490, -0.626337, 0.778506, -0.040377, -0.233742, -0.138137, 0.962436),
      ["LowerTorso"] = CFrame.new(0.201324, 0.039171, 0.096473, 0.888071, -0.216434, -0.405570, 0.212425, 0.975600, -0.055487, 0.407684, -0.036878, 0.912378),
      ["RightFoot"] = CFrame.new(-0.000000, 0.000000, 0.000000, 0.957851, 0.245904, 0.148499, -0.235233, 0.968138, -0.085874, -0.164885, 0.047323, 0.985177),
      ["RightHand"] = CFrame.new(-0.000000, 0.000000, -0.000000, 0.451546, -0.788578, 0.417431, 0.890405, 0.428315, -0.154037, -0.057317, 0.441238, 0.895558),
      ["RightLowerArm"] = CFrame.new(-0.000000, -0.000000, 0.000000, 1.000000, 0.000001, -0.000000, 0.000001, 0.064923, -0.997891, 0.000001, 0.997890, 0.064919),
      ["RightLowerLeg"] = CFrame.new(0.000000, 0.000000, 0.000000, 1.000000, -0.000000, 0.000000, -0.000000, 0.999999, 0.001259, -0.000000, -0.001259, 0.999999),
      ["RightUpperArm"] = CFrame.new(-0.000000, -0.065238, 0.000000, -0.086184, -0.135841, 0.986975, 0.456293, 0.875270, 0.160311, -0.885646, 0.464166, -0.013451),
      ["RightUpperLeg"] = CFrame.new(-0.000026, -0.000126, -0.004997, 0.969248, -0.015626, -0.245590, 0.057512, 0.984731, 0.164309, 0.239273, -0.173380, 0.955347),
      ["UpperTorso"] = CFrame.new(0.000000, 0.000000, 0.000000, 0.967076, 0.250436, 0.045244, -0.252419, 0.966559, 0.045249, -0.032399, -0.055179, 0.997951)
    }},
    {Time = 2.900, Data = {
      ["Head"] = CFrame.new(-0.000000, 0.000000, 0.000000, 0.971753, 0.221187, 0.082293, -0.232986, 0.954675, 0.185238, -0.037591, -0.199179, 0.979242),
      ["LeftFoot"] = CFrame.new(-0.000000, 0.000000, 0.000000, 0.981190, -0.181782, 0.064984, 0.176408, 0.981010, 0.080614, -0.078404, -0.067635, 0.994625),
      ["LeftHand"] = CFrame.new(0.000000, 0.000000, -0.000000, 0.138675, -0.750444, -0.646223, 0.717874, 0.525684, -0.456414, 0.682221, -0.400614, 0.611623),
      ["LeftLowerArm"] = CFrame.new(0.000000, -0.000000, -0.000000, 1.000000, -0.000000, -0.000000, 0.000000, 0.344498, -0.938787, -0.000000, 0.938787, 0.344497),
      ["LeftLowerLeg"] = CFrame.new(-0.000000, 0.000000, -0.000000, 1.000000, 0.000000, -0.000000, -0.000000, 0.999994, 0.003426, 0.000000, -0.003426, 0.999994),
      ["LeftUpperArm"] = CFrame.new(0.000000, -0.065238, -0.000000, 0.082364, -0.164065, -0.983005, -0.448456, 0.874751, -0.183572, 0.890002, 0.455953, -0.001528),
      ["LeftUpperLeg"] = CFrame.new(0.000026, 0.000126, 0.004998, 0.743767, 0.612043, 0.268728, -0.626279, 0.778578, -0.039879, -0.233634, -0.138638, 0.962390),
      ["LowerTorso"] = CFrame.new(0.201188, 0.039179, 0.096345, 0.888024, -0.216502, -0.405636, 0.212303, 0.975602, -0.055932, 0.407848, -0.036449, 0.912322),
      ["RightFoot"] = CFrame.new(0.000000, 0.000000, 0.000000, 0.957844, 0.245934, 0.148496, -0.235270, 0.968132, -0.085839, -0.164875, 0.047284, 0.985180),
      ["RightHand"] = CFrame.new(0.000000, 0.000000, -0.000000, 0.451753, -0.788212, 0.417896, 0.890304, 0.428373, -0.154463, -0.057262, 0.441834, 0.895267),
      ["RightLowerArm"] = CFrame.new(-0.000000, 0.000000, 0.000000, 1.000000, 0.000001, -0.000000, 0.000001, 0.065325, -0.997864, 0.000001, 0.997864, 0.065321),
      ["RightLowerLeg"] = CFrame.new(0.000000, -0.000000, -0.000000, 1.000000, 0.000000, 0.000000, -0.000000, 0.999999, 0.001257, -0.000000, -0.001257, 0.999999),
      ["RightUpperArm"] = CFrame.new(-0.000000, -0.065238, 0.000000, -0.085922, -0.135701, 0.987017, 0.455978, 0.875480, 0.160060, -0.885834, 0.463810, -0.013346),
      ["RightUpperLeg"] = CFrame.new(-0.000026, -0.000125, -0.004997, 0.969280, -0.015866, -0.245446, 0.057813, 0.984657, 0.164647, 0.239068, -0.173779, 0.955326),
      ["UpperTorso"] = CFrame.new(0.000000, 0.000000, 0.000000, 0.967170, 0.250035, 0.045450, -0.252045, 0.966634, 0.045736, -0.032498, -0.055690, 0.997919)
    }},
    {Time = 2.933, Data = {
      ["Head"] = CFrame.new(0.000000, 0.000000, -0.000000, 0.971760, 0.222823, 0.077671, -0.233675, 0.954493, 0.185307, -0.032846, -0.198224, 0.979606),
      ["LeftFoot"] = CFrame.new(-0.000000, 0.000000, 0.000000, 0.981207, -0.181684, 0.064988, 0.176323, 0.981038, 0.080457, -0.078373, -0.067487, 0.994637),
      ["LeftHand"] = CFrame.new(0.000000, 0.000000, 0.000000, 0.139237, -0.750626, -0.645890, 0.718812, 0.525237, -0.455451, 0.681118, -0.400857, 0.612691),
      ["LeftLowerArm"] = CFrame.new(0.000000, 0.000000, 0.000000, 1.000000, 0.000000, -0.000000, 0.000000, 0.344498, -0.938787, 0.000000, 0.938787, 0.344497),
      ["LeftLowerLeg"] = CFrame.new(-0.000000, 0.000000, 0.000000, 1.000000, -0.000000, 0.000000, -0.000000, 0.999994, 0.003429, 0.000000, -0.003429, 0.999994),
      ["LeftUpperArm"] = CFrame.new(0.000000, -0.065238, -0.000000, 0.082454, -0.163857, -0.983032, -0.448527, 0.874744, -0.183428, 0.889958, 0.456041, -0.001368),
      ["LeftUpperLeg"] = CFrame.new(0.000026, 0.000125, 0.004998, 0.743859, 0.611823, 0.268972, -0.626212, 0.778658, -0.039361, -0.233520, -0.139154, 0.962343),
      ["LowerTorso"] = CFrame.new(0.201083, 0.039187, 0.096222, 0.887981, -0.216566, -0.405696, 0.212172, 0.975604, -0.056390, 0.408010, -0.036005, 0.912267),
      ["RightFoot"] = CFrame.new(-0.000000, 0.000000, -0.000000, 0.957821, 0.246024, 0.148491, -0.235367, 0.968112, -0.085802, -0.164866, 0.047234, 0.985184),
      ["RightHand"] = CFrame.new(0.000000, -0.000000, -0.000000, 0.451961, -0.787825, 0.418401, 0.890204, 0.428406, -0.154949, -0.057169, 0.442493, 0.894948),
      ["RightLowerArm"] = CFrame.new(-0.000000, -0.000000, -0.000000, 1.000000, 0.000001, -0.000000, 0.000001, 0.065791, -0.997834, 0.000001, 0.997833, 0.065788),
      ["RightLowerLeg"] = CFrame.new(0.000000, -0.000000, 0.000000, 1.000000, 0.000000, -0.000000, -0.000000, 0.999999, 0.001255, 0.000000, -0.001255, 0.999999),
      ["RightUpperArm"] = CFrame.new(-0.000000, -0.065238, -0.000000, -0.085590, -0.135455, 0.987080, 0.455562, 0.875766, 0.159682, -0.886080, 0.463343, -0.013249),
      ["RightUpperLeg"] = CFrame.new(-0.000025, -0.000126, -0.004998, 0.969314, -0.016119, -0.245296, 0.058130, 0.984580, 0.164996, 0.238854, -0.174192, 0.955304),
      ["UpperTorso"] = CFrame.new(0.000000, 0.000000, -0.000000, 0.967276, 0.249585, 0.045657, -0.251623, 0.966720, 0.046231, -0.032599, -0.056207, 0.997887)
    }},
    {Time = 2.967, Data = {
      ["Head"] = CFrame.new(-0.000000, 0.000000, 0.000000, 0.971754, 0.224277, 0.073446, -0.234266, 0.954345, 0.185325, -0.028529, -0.197296, 0.979929),
      ["LeftFoot"] = CFrame.new(0.000000, 0.000000, -0.000000, 0.981226, -0.181583, 0.064993, 0.176235, 0.981068, 0.080290, -0.078342, -0.067329, 0.994650),
      ["LeftHand"] = CFrame.new(-0.000000, 0.000000, 0.000000, 0.139785, -0.750800, -0.645569, 0.719820, 0.524747, -0.454422, 0.679940, -0.401172, 0.613793),
      ["LeftLowerArm"] = CFrame.new(-0.000000, 0.000000, -0.000000, 1.000000, -0.000000, 0.000000, -0.000000, 0.344498, -0.938787, 0.000000, 0.938787, 0.344498),
      ["LeftLowerLeg"] = CFrame.new(0.000000, -0.000000, 0.000000, 1.000000, 0.000000, 0.000000, 0.000000, 0.999994, 0.003433, -0.000000, -0.003433, 0.999994),
      ["LeftUpperArm"] = CFrame.new(0.000000, -0.065238, 0.000000, 0.082565, -0.163644, -0.983058, -0.448574, 0.874749, -0.183289, 0.889924, 0.456108, -0.001183),
      ["LeftUpperLeg"] = CFrame.new(0.000026, 0.000125, 0.004998, 0.743966, 0.611578, 0.269235, -0.626132, 0.778751, -0.038798, -0.233395, -0.139712, 0.962293),
      ["LowerTorso"] = CFrame.new(0.200904, 0.039202, 0.096010, 0.887936, -0.216623, -0.405764, 0.212025, 0.975608, -0.056864, 0.408185, -0.035541, 0.912207),
      ["RightFoot"] = CFrame.new(-0.000000, 0.000000, 0.000000, 0.957798, 0.246116, 0.148486, -0.235465, 0.968091, -0.085768, -0.164858, 0.047186, 0.985188),
      ["RightHand"] = CFrame.new(0.000000, 0.000000, 0.000000, 0.452177, -0.787412, 0.418945, 0.890102, 0.428421, -0.155488, -0.057048, 0.443213, 0.894600),
      ["RightLowerArm"] = CFrame.new(0.000000, 0.000000, -0.000000, 1.000000, 0.000001, -0.000000, 0.000001, 0.066304, -0.997800, 0.000001, 0.997799, 0.066301),
      ["RightLowerLeg"] = CFrame.new(0.000000, -0.000000, -0.000000, 1.000000, 0.000000, 0.000000, -0.000000, 0.999999, 0.001253, -0.000000, -0.001254, 0.999999),
      ["RightUpperArm"] = CFrame.new(0.000000, -0.065238, -0.000000, -0.085239, -0.135141, 0.987153, 0.455124, 0.876075, 0.159234, -0.886339, 0.462850, -0.013169),
      ["RightUpperLeg"] = CFrame.new(-0.000025, -0.000126, -0.004998, 0.969346, -0.016391, -0.245150, 0.058472, 0.984497, 0.165367, 0.238639, -0.174632, 0.955278),
      ["UpperTorso"] = CFrame.new(0.000000, -0.000000, 0.000000, 0.967393, 0.249098, 0.045844, -0.251162, 0.966818, 0.046696, -0.032690, -0.056688, 0.997857)
    }},
    {Time = 3.000, Data = {
      ["Head"] = CFrame.new(-0.000000, 0.000000, -0.000000, 0.971722, 0.225592, 0.069744, -0.234827, 0.954206, 0.185329, -0.024742, -0.196466, 0.980198),
      ["LeftFoot"] = CFrame.new(0.000000, -0.000000, 0.000000, 0.981247, -0.181467, 0.064997, 0.176132, 0.981100, 0.080119, -0.078306, -0.067169, 0.994664),
      ["LeftHand"] = CFrame.new(0.000000, -0.000000, 0.000000, 0.140405, -0.750997, -0.645206, 0.720939, 0.524206, -0.453271, 0.678626, -0.401513, 0.615024),
      ["LeftLowerArm"] = CFrame.new(0.000000, 0.000000, 0.000000, 1.000000, -0.000000, 0.000000, 0.000000, 0.344498, -0.938787, -0.000000, 0.938787, 0.344498),
      ["LeftLowerLeg"] = CFrame.new(0.000000, -0.000000, -0.000000, 1.000000, 0.000000, -0.000000, -0.000000, 0.999994, 0.003436, -0.000000, -0.003436, 0.999994),
      ["LeftUpperArm"] = CFrame.new(-0.000000, -0.065238, 0.000000, 0.082685, -0.163392, -0.983090, -0.448608, 0.874767, -0.183120, 0.889896, 0.456163, -0.000969),
      ["LeftUpperLeg"] = CFrame.new(0.000026, 0.000126, 0.004998, 0.744079, 0.611325, 0.269497, -0.626046, 0.778848, -0.038224, -0.233266, -0.140275, 0.962242),
      ["LowerTorso"] = CFrame.new(0.200685, 0.039213, 0.095840, 0.887894, -0.216677, -0.405828, 0.211869, 0.975614, -0.057351, 0.408358, -0.035062, 0.912148),
      ["RightFoot"] = CFrame.new(0.000000, 0.000000, 0.000000, 0.957776, 0.246205, 0.148482, -0.235562, 0.968071, -0.085733, -0.164849, 0.047136, 0.985192),
      ["RightHand"] = CFrame.new(-0.000000, 0.000000, -0.000000, 0.452389, -0.786997, 0.419496, 0.890003, 0.428421, -0.156054, -0.056903, 0.443950, 0.894243),
      ["RightLowerArm"] = CFrame.new(-0.000000, 0.000000, -0.000000, 1.000000, 0.000001, -0.000000, 0.000001, 0.066855, -0.997763, 0.000001, 0.997763, 0.066852),
      ["RightLowerLeg"] = CFrame.new(-0.000000, 0.000000, -0.000000, 1.000000, -0.000000, 0.000000, -0.000000, 0.999999, 0.001252, 0.000000, -0.001252, 0.999999),
      ["RightUpperArm"] = CFrame.new(0.000000, -0.065238, 0.000000, -0.084949, -0.134927, 0.987207, 0.454621, 0.876396, 0.158902, -0.886625, 0.462303, -0.013108),
      ["RightUpperLeg"] = CFrame.new(-0.000026, -0.000126, -0.004998, 0.969378, -0.016666, -0.245007, 0.058818, 0.984414, 0.165742, 0.238425, -0.175078, 0.955249),
      ["UpperTorso"] = CFrame.new(0.000000, 0.000000, -0.000000, 0.967520, 0.248572, 0.046025, -0.250662, 0.966926, 0.047151, -0.032782, -0.057156, 0.997827)
    }},
    {Time = 3.033, Data = {
      ["Head"] = CFrame.new(-0.000000, 0.000001, -0.000000, 0.971683, 0.226745, 0.066476, -0.235317, 0.954089, 0.185309, -0.021406, -0.195705, 0.980429),
      ["LeftFoot"] = CFrame.new(-0.000000, 0.000000, 0.000000, 0.981269, -0.181347, 0.065001, 0.176025, 0.981134, 0.079948, -0.078273, -0.067009, 0.994677),
      ["LeftHand"] = CFrame.new(-0.000000, 0.000000, -0.000000, 0.141091, -0.751215, -0.644802, 0.722149, 0.523621, -0.452020, 0.677196, -0.401867, 0.616367),
      ["LeftLowerArm"] = CFrame.new(0.000000, -0.000000, -0.000000, 1.000000, -0.000000, 0.000000, 0.000000, 0.344498, -0.938787, 0.000000, 0.938787, 0.344498),
      ["LeftLowerLeg"] = CFrame.new(-0.000000, -0.000000, -0.000000, 1.000000, 0.000000, 0.000000, -0.000000, 0.999994, 0.003440, 0.000000, -0.003440, 0.999994),
      ["LeftUpperArm"] = CFrame.new(-0.000000, -0.065237, 0.000000, 0.082825, -0.163138, -0.983121, -0.448616, 0.874798, -0.182957, 0.889879, 0.456196, -0.000731),
      ["LeftUpperLeg"] = CFrame.new(0.000026, 0.000126, 0.004997, 0.744206, 0.611054, 0.269760, -0.625943, 0.778960, -0.037648, -0.233137, -0.140835, 0.962191),
      ["LowerTorso"] = CFrame.new(0.200558, 0.039228, 0.095636, 0.887854, -0.216725, -0.405889, 0.211706, 0.975620, -0.057840, 0.408528, -0.034576, 0.912090),
      ["RightFoot"] = CFrame.new(0.000000, 0.000000, -0.000000, 0.957746, 0.246327, 0.148478, -0.235692, 0.968043, -0.085692, -0.164841, 0.047076, 0.985196),
      ["RightHand"] = CFrame.new(0.000000, -0.000000, 0.000000, 0.452590, -0.786600, 0.420023, 0.889914, 0.428387, -0.156653, -0.056705, 0.444684, 0.893890),
      ["RightLowerArm"] = CFrame.new(0.000000, -0.000000, 0.000000, 1.000000, 0.000001, -0.000000, 0.000001, 0.067416, -0.997725, 0.000001, 0.997725, 0.067412),
      ["RightLowerLeg"] = CFrame.new(0.000000, -0.000000, 0.000000, 1.000000, -0.000000, -0.000000, 0.000000, 0.999999, 0.001250, 0.000000, -0.001250, 0.999999),
      ["RightUpperArm"] = CFrame.new(0.000000, -0.065238, -0.000000, -0.084699, -0.134695, 0.987260, 0.454168, 0.876691, 0.158574, -0.886881, 0.461812, -0.013081),
      ["RightUpperLeg"] = CFrame.new(-0.000025, -0.000126, -0.004998, 0.969409, -0.016975, -0.244864, 0.059202, 0.984325, 0.166132, 0.238206, -0.175547, 0.955218),
      ["UpperTorso"] = CFrame.new(-0.000000, 0.000000, 0.000000, 0.967648, 0.248039, 0.046202, -0.250154, 0.967035, 0.047611, -0.032870, -0.057628, 0.997797)
    }},
    {Time = 3.067, Data = {
      ["Head"] = CFrame.new(-0.000000, -0.000001, 0.000000, 0.971657, 0.227683, 0.063583, -0.235670, 0.954019, 0.185221, -0.018488, -0.194956, 0.980638),
      ["LeftFoot"] = CFrame.new(0.000000, 0.000000, -0.000000, 0.981292, -0.181218, 0.065008, 0.175911, 0.981170, 0.079748, -0.078236, -0.066821, 0.994693),
      ["LeftHand"] = CFrame.new(-0.000000, -0.000000, 0.000000, 0.141797, -0.751470, -0.644350, 0.723446, 0.522965, -0.450703, 0.675663, -0.402244, 0.617803),
      ["LeftLowerArm"] = CFrame.new(0.000000, -0.000000, 0.000000, 1.000000, -0.000000, -0.000000, 0.000000, 0.344498, -0.938787, -0.000000, 0.938787, 0.344498),
      ["LeftLowerLeg"] = CFrame.new(-0.000000, 0.000000, 0.000000, 1.000000, 0.000000, 0.000000, -0.000000, 0.999994, 0.003444, 0.000000, -0.003444, 0.999994),
      ["LeftUpperArm"] = CFrame.new(0.000000, -0.065239, -0.000000, 0.082979, -0.162881, -0.983150, -0.448600, 0.874839, -0.182799, 0.889872, 0.456210, -0.000475),
      ["LeftUpperLeg"] = CFrame.new(0.000026, 0.000125, 0.004998, 0.744339, 0.610768, 0.270044, -0.625841, 0.779072, -0.037009, -0.232988, -0.141457, 0.962137),
      ["LowerTorso"] = CFrame.new(0.200373, 0.039245, 0.095471, 0.887813, -0.216775, -0.405951, 0.211535, 0.975627, -0.058351, 0.408706, -0.034068, 0.912030),
      ["RightFoot"] = CFrame.new(0.000000, 0.000000, 0.000000, 0.957715, 0.246449, 0.148474, -0.235823, 0.968015, -0.085644, -0.164833, 0.047010, 0.985201),
      ["RightHand"] = CFrame.new(0.000000, 0.000000, -0.000000, 0.452768, -0.786230, 0.420524, 0.889839, 0.428318, -0.157270, -0.056464, 0.445406, 0.893547),
      ["RightLowerArm"] = CFrame.new(0.000000, -0.000000, -0.000000, 1.000000, 0.000001, -0.000000, 0.000001, 0.068003, -0.997685, 0.000001, 0.997685, 0.067999),
      ["RightLowerLeg"] = CFrame.new(0.000000, 0.000000, -0.000000, 1.000000, 0.000000, -0.000000, 0.000000, 0.999999, 0.001248, 0.000000, -0.001248, 0.999999),
      ["RightUpperArm"] = CFrame.new(-0.000000, -0.065239, 0.000000, -0.084502, -0.134452, 0.987310, 0.453681, 0.876999, 0.158260, -0.887149, 0.461298, -0.013110),
      ["RightUpperLeg"] = CFrame.new(-0.000026, -0.000126, -0.004998, 0.969439, -0.017296, -0.244722, 0.059598, 0.984235, 0.166519, 0.237985, -0.176016, 0.955187),
      ["UpperTorso"] = CFrame.new(-0.000000, -0.000000, 0.000000, 0.967782, 0.247484, 0.046372, -0.249623, 0.967151, 0.048032, -0.032962, -0.058060, 0.997769)
    }},
    {Time = 3.100, Data = {
      ["Head"] = CFrame.new(0.000000, 0.000000, 0.000000, 0.971663, 0.228343, 0.061070, -0.235826, 0.954009, 0.185075, -0.016001, -0.194232, 0.980825),
      ["LeftFoot"] = CFrame.new(0.000000, -0.000000, 0.000000, 0.981316, -0.181085, 0.065015, 0.175793, 0.981207, 0.079552, -0.078199, -0.066636, 0.994708),
      ["LeftHand"] = CFrame.new(-0.000000, 0.000000, -0.000000, 0.142530, -0.751718, -0.643898, 0.724760, 0.522314, -0.449346, 0.674098, -0.402626, 0.619260),
      ["LeftLowerArm"] = CFrame.new(0.000000, 0.000000, 0.000000, 1.000000, -0.000000, -0.000000, -0.000000, 0.344499, -0.938787, -0.000000, 0.938787, 0.344498),
      ["LeftLowerLeg"] = CFrame.new(-0.000000, 0.000000, 0.000000, 1.000000, 0.000000, 0.000000, -0.000000, 0.999994, 0.003449, -0.000000, -0.003449, 0.999994),
      ["LeftUpperArm"] = CFrame.new(-0.000000, -0.065238, 0.000000, 0.083147, -0.162624, -0.983178, -0.448580, 0.874881, -0.182647, 0.889867, 0.456220, -0.000205),
      ["LeftUpperLeg"] = CFrame.new(0.000026, 0.000126, 0.004997, 0.744479, 0.610473, 0.270322, -0.625729, 0.779192, -0.036375, -0.232839, -0.142067, 0.962083),
      ["LowerTorso"] = CFrame.new(0.200160, 0.039256, 0.095255, 0.887781, -0.216827, -0.405994, 0.211363, 0.975633, -0.058865, 0.408865, -0.033554, 0.911978),
      ["RightFoot"] = CFrame.new(0.000000, 0.000000, -0.000000, 0.957683, 0.246576, 0.148469, -0.235959, 0.967985, -0.085606, -0.164825, 0.046951, 0.985205),
      ["RightHand"] = CFrame.new(-0.000000, -0.000000, 0.000000, 0.452923, -0.785895, 0.420983, 0.889778, 0.428215, -0.157892, -0.056182, 0.446094, 0.893221),
      ["RightLowerArm"] = CFrame.new(0.000000, 0.000000, 0.000000, 1.000000, 0.000001, -0.000001, 0.000001, 0.068601, -0.997644, 0.000001, 0.997644, 0.068598),
      ["RightLowerLeg"] = CFrame.new(0.000000, 0.000000, 0.000000, 1.000000, -0.000000, -0.000000, 0.000000, 0.999999, 0.001246, 0.000000, -0.001246, 0.999999),
      ["RightUpperArm"] = CFrame.new(0.000000, -0.065237, 0.000000, -0.084348, -0.134248, 0.987352, 0.453246, 0.877271, 0.158000, -0.887386, 0.460839, -0.013149),
      ["RightUpperLeg"] = CFrame.new(-0.000026, -0.000126, -0.004997, 0.969468, -0.017633, -0.244580, 0.060018, 0.984139, 0.166936, 0.237758, -0.176518, 0.955151),
      ["UpperTorso"] = CFrame.new(-0.000000, 0.000000, 0.000000, 0.967918, 0.246921, 0.046538, -0.249085, 0.967268, 0.048471, -0.033046, -0.058508, 0.997740)
    }},
    {Time = 3.133, Data = {
      ["Head"] = CFrame.new(-0.000000, -0.000000, -0.000000, 0.971694, 0.228716, 0.059163, -0.235820, 0.954051, 0.184865, -0.014163, -0.193584, 0.980981),
      ["LeftFoot"] = CFrame.new(-0.000000, -0.000000, 0.000000, 0.981343, -0.180936, 0.065030, 0.175663, 0.981250, 0.079308, -0.078160, -0.066405, 0.994727),
      ["LeftHand"] = CFrame.new(-0.000000, 0.000000, -0.000000, 0.143303, -0.751972, -0.643430, 0.726127, 0.521641, -0.447917, 0.672461, -0.403024, 0.620780),
      ["LeftLowerArm"] = CFrame.new(0.000000, -0.000000, 0.000000, 1.000000, -0.000000, -0.000000, 0.000000, 0.344498, -0.938787, 0.000000, 0.938787, 0.344498),
      ["LeftLowerLeg"] = CFrame.new(-0.000000, -0.000000, 0.000000, 1.000000, -0.000000, 0.000000, 0.000000, 0.999994, 0.003453, -0.000000, -0.003453, 0.999994),
      ["LeftUpperArm"] = CFrame.new(0.000000, -0.065238, -0.000000, 0.083328, -0.162364, -0.983206, -0.448546, 0.874929, -0.182498, 0.889867, 0.456220, 0.000078),
      ["LeftUpperLeg"] = CFrame.new(0.000025, 0.000126, 0.004997, 0.744631, 0.610162, 0.270605, -0.625605, 0.779321, -0.035721, -0.232685, -0.142692, 0.962027),
      ["LowerTorso"] = CFrame.new(0.199952, 0.039271, 0.095009, 0.887747, -0.216880, -0.406040, 0.211187, 0.975640, -0.059390, 0.409030, -0.033028, 0.911923),
      ["RightFoot"] = CFrame.new(0.000000, 0.000000, 0.000000, 0.957648, 0.246713, 0.148465, -0.236107, 0.967954, -0.085549, -0.164814, 0.046873, 0.985210),
      ["RightHand"] = CFrame.new(0.000000, 0.000000, -0.000000, 0.453078, -0.785570, 0.421422, 0.889717, 0.428113, -0.158512, -0.055890, 0.446765, 0.892904),
      ["RightLowerArm"] = CFrame.new(0.000000, 0.000000, 0.000000, 1.000000, 0.000001, -0.000000, 0.000001, 0.069198, -0.997603, 0.000001, 0.997603, 0.069195),
      ["RightLowerLeg"] = CFrame.new(0.000000, 0.000000, -0.000000, 1.000000, 0.000000, 0.000000, 0.000000, 0.999999, 0.001245, 0.000000, -0.001245, 0.999999),
      ["RightUpperArm"] = CFrame.new(0.000000, -0.065238, -0.000000, -0.084195, -0.134025, 0.987395, 0.452787, 0.877557, 0.157726, -0.887634, 0.460359, -0.013201),
      ["RightUpperLeg"] = CFrame.new(-0.000026, -0.000126, -0.004997, 0.969498, -0.017974, -0.244438, 0.060447, 0.984038, 0.167376, 0.237528, -0.177046, 0.955110),
      ["UpperTorso"] = CFrame.new(-0.000000, 0.000000, 0.000000, 0.968051, 0.246367, 0.046692, -0.248555, 0.967382, 0.048913, -0.033119, -0.058956, 0.997711)
    }},
    {Time = 3.167, Data = {
      ["Head"] = CFrame.new(0.000000, 0.000000, -0.000000, 0.971755, 0.228796, 0.057839, -0.235638, 0.954147, 0.184606, -0.012950, -0.193020, 0.981109),
      ["LeftFoot"] = CFrame.new(-0.000000, -0.000000, 0.000000, 0.981369, -0.180788, 0.065042, 0.175533, 0.981293, 0.079074, -0.078121, -0.066185, 0.994745),
      ["LeftHand"] = CFrame.new(0.000000, -0.000000, -0.000000, 0.144118, -0.752244, -0.642931, 0.727574, 0.520924, -0.446401, 0.670720, -0.403445, 0.622388),
      ["LeftLowerArm"] = CFrame.new(-0.000000, -0.000000, 0.000000, 1.000000, 0.000000, -0.000000, 0.000000, 0.344498, -0.938787, 0.000000, 0.938787, 0.344497),
      ["LeftLowerLeg"] = CFrame.new(0.000000, 0.000000, 0.000000, 1.000000, 0.000000, 0.000000, -0.000000, 0.999994, 0.003457, 0.000000, -0.003457, 0.999994),
      ["LeftUpperArm"] = CFrame.new(-0.000000, -0.065238, 0.000000, 0.083526, -0.162101, -0.983233, -0.448506, 0.874980, -0.182355, 0.889869, 0.456216, 0.000380),
      ["LeftUpperLeg"] = CFrame.new(0.000025, 0.000125, 0.004997, 0.744780, 0.609861, 0.270876, -0.625485, 0.779447, -0.035091, -0.232534, -0.143293, 0.961975),
      ["LowerTorso"] = CFrame.new(0.199744, 0.039288, 0.094763, 0.887711, -0.216933, -0.406091, 0.211010, 0.975645, -0.059921, 0.409200, -0.032497, 0.911866),
      ["RightFoot"] = CFrame.new(0.000000, 0.000000, 0.000000, 0.957614, 0.246849, 0.148461, -0.236254, 0.967924, -0.085489, -0.164802, 0.046791, 0.985216),
      ["RightHand"] = CFrame.new(-0.000000, -0.000000, -0.000000, 0.453264, -0.785226, 0.421863, 0.889639, 0.428043, -0.159134, -0.055616, 0.447436, 0.892585),
      ["RightLowerArm"] = CFrame.new(0.000000, 0.000000, -0.000000, 1.000000, 0.000001, -0.000001, 0.000001, 0.069769, -0.997563, 0.000001, 0.997563, 0.069765),
      ["RightLowerLeg"] = CFrame.new(0.000000, 0.000000, 0.000000, 1.000000, 0.000000, 0.000000, 0.000000, 0.999999, 0.001243, 0.000000, -0.001244, 0.999999),
      ["RightUpperArm"] = CFrame.new(0.000000, -0.065238, -0.000000, -0.084050, -0.133799, 0.987438, 0.452299, 0.877859, 0.157450, -0.887897, 0.459850, -0.013267),
      ["RightUpperLeg"] = CFrame.new(-0.000026, -0.000126, -0.004998, 0.969526, -0.018315, -0.244301, 0.060875, 0.983938, 0.167809, 0.237304, -0.177567, 0.955069),
      ["UpperTorso"] = CFrame.new(-0.000000, -0.000000, -0.000000, 0.968186, 0.245809, 0.046847, -0.248021, 0.967498, 0.049330, -0.033199, -0.059379, 0.997683)
    }},
    {Time = 3.200, Data = {
      ["Head"] = CFrame.new(0.000000, 0.000000, 0.000000, 0.971880, 0.228606, 0.056461, -0.235180, 0.954358, 0.184099, -0.011798, -0.192200, 0.981285),
      ["LeftFoot"] = CFrame.new(0.000000, 0.000000, 0.000000, 0.981416, -0.180525, 0.065068, 0.175299, 0.981367, 0.078665, -0.078056, -0.065797, 0.994775),
      ["LeftHand"] = CFrame.new(-0.000000, 0.000000, 0.000000, 0.145537, -0.752748, -0.642020, 0.730138, 0.519620, -0.443727, 0.667621, -0.404184, 0.625234),
      ["LeftLowerArm"] = CFrame.new(0.000000, -0.000000, -0.000000, 1.000000, -0.000000, -0.000000, 0.000000, 0.344498, -0.938787, -0.000000, 0.938787, 0.344498),
      ["LeftLowerLeg"] = CFrame.new(-0.000000, 0.000000, -0.000000, 1.000000, 0.000000, -0.000000, 0.000000, 0.999994, 0.003465, 0.000000, -0.003465, 0.999994),
      ["LeftUpperArm"] = CFrame.new(-0.000000, -0.065238, 0.000000, 0.083850, -0.161575, -0.983292, -0.448412, 0.875094, -0.182034, 0.889885, 0.456183, 0.000925),
      ["LeftUpperLeg"] = CFrame.new(0.000026, 0.000126, 0.004997, 0.745046, 0.609328, 0.271344, -0.625272, 0.779667, -0.033965, -0.232254, -0.144358, 0.961883),
      ["LowerTorso"] = CFrame.new(0.199316, 0.039317, 0.094257, 0.887658, -0.217025, -0.406157, 0.210711, 0.975654, -0.060819, 0.409469, -0.031596, 0.911777),
      ["RightFoot"] = CFrame.new(-0.000000, 0.000000, 0.000000, 0.957568, 0.247029, 0.148456, -0.236450, 0.967883, -0.085410, -0.164786, 0.046684, 0.985224),
      ["RightHand"] = CFrame.new(-0.000000, 0.000000, 0.000000, 0.453640, -0.784529, 0.422755, 0.889475, 0.427958, -0.160275, -0.055177, 0.448737, 0.891959),
      ["RightLowerArm"] = CFrame.new(0.000000, -0.000000, -0.000000, 1.000000, 0.000000, -0.000000, 0.000000, 0.070826, -0.997489, 0.000001, 0.997489, 0.070822),
      ["RightLowerLeg"] = CFrame.new(0.000000, -0.000000, 0.000000, 1.000000, 0.000000, 0.000000, -0.000000, 0.999999, 0.001241, -0.000000, -0.001241, 0.999999),
      ["RightUpperArm"] = CFrame.new(-0.000000, -0.065238, 0.000000, -0.083704, -0.133371, 0.987525, 0.451400, 0.878420, 0.156897, -0.888387, 0.458902, -0.013323),
      ["RightUpperLeg"] = CFrame.new(-0.000026, -0.000126, -0.004997, 0.969568, -0.018917, -0.244088, 0.061624, 0.983768, 0.168531, 0.236938, -0.178444, 0.954997),
      ["UpperTorso"] = CFrame.new(0.000000, -0.000000, -0.000000, 0.968439, 0.244765, 0.047077, -0.247014, 0.967720, 0.050013, -0.033316, -0.060064, 0.997638)
    }},
    {Time = 3.233, Data = {
      ["Head"] = CFrame.new(0.000000, -0.000000, -0.000000, 0.971925, 0.228526, 0.056020, -0.235014, 0.954433, 0.183917, -0.011438, -0.191918, 0.981344),
      ["LeftFoot"] = CFrame.new(-0.000000, -0.000000, 0.000000, 0.981434, -0.180424, 0.065079, 0.175210, 0.981396, 0.078501, -0.078032, -0.065641, 0.994788),
      ["LeftHand"] = CFrame.new(0.000000, 0.000000, 0.000000, 0.146035, -0.752929, -0.641695, 0.731044, 0.519155, -0.442779, 0.666520, -0.404445, 0.626238),
      ["LeftLowerArm"] = CFrame.new(0.000000, 0.000000, 0.000000, 1.000000, -0.000000, -0.000000, 0.000000, 0.344498, -0.938787, 0.000000, 0.938787, 0.344497),
      ["LeftLowerLeg"] = CFrame.new(0.000000, -0.000000, -0.000000, 1.000000, -0.000000, -0.000000, 0.000000, 0.999994, 0.003467, -0.000000, -0.003467, 0.999994),
      ["LeftUpperArm"] = CFrame.new(0.000000, -0.065239, -0.000000, 0.083963, -0.161384, -0.983314, -0.448377, 0.875137, -0.181916, 0.889892, 0.456169, 0.001118),
      ["LeftUpperLeg"] = CFrame.new(0.000026, 0.000126, 0.004997, 0.745141, 0.609138, 0.271510, -0.625196, 0.779745, -0.033562, -0.232153, -0.144738, 0.961850),
      ["LowerTorso"] = CFrame.new(0.199160, 0.039327, 0.094073, 0.887640, -0.217058, -0.406179, 0.210605, 0.975657, -0.061135, 0.409562, -0.031278, 0.911746),
      ["RightFoot"] = CFrame.new(-0.000000, 0.000000, -0.000000, 0.957532, 0.247171, 0.148451, -0.236604, 0.967851, -0.085349, -0.164775, 0.046600, 0.985230),
      ["RightHand"] = CFrame.new(-0.000000, -0.000000, -0.000000, 0.453774, -0.784277, 0.423079, 0.889416, 0.427928, -0.160683, -0.055024, 0.449208, 0.891731),
      ["RightLowerArm"] = CFrame.new(-0.000000, -0.000000, -0.000000, 1.000000, 0.000001, -0.000000, 0.000001, 0.071207, -0.997462, 0.000001, 0.997462, 0.071203),
      ["RightLowerLeg"] = CFrame.new(-0.000000, 0.000000, -0.000000, 1.000000, -0.000000, 0.000000, -0.000000, 0.999999, 0.001240, 0.000000, -0.001240, 0.999999),
      ["RightUpperArm"] = CFrame.new(0.000000, -0.065238, -0.000000, -0.083573, -0.133216, 0.987557, 0.451080, 0.878621, 0.156694, -0.888562, 0.458562, -0.013338),
      ["RightUpperLeg"] = CFrame.new(-0.000026, -0.000125, -0.004998, 0.969583, -0.019130, -0.244013, 0.061889, 0.983708, 0.168784, 0.236809, -0.178752, 0.954971),
      ["UpperTorso"] = CFrame.new(-0.000000, 0.000000, -0.000000, 0.968530, 0.244390, 0.047156, -0.246652, 0.967800, 0.050253, -0.033356, -0.060303, 0.997623)
    }},
    {Time = 3.267, Data = {
      ["Head"] = CFrame.new(0.000000, -0.000000, 0.000000, 0.971973, 0.228440, 0.055533, -0.234834, 0.954521, 0.183694, -0.011045, -0.191587, 0.981414),
      ["LeftFoot"] = CFrame.new(0.000000, 0.000000, -0.000000, 0.981452, -0.180319, 0.065092, 0.175118, 0.981426, 0.078339, -0.078009, -0.065488, 0.994800),
      ["LeftHand"] = CFrame.new(0.000000, 0.000000, -0.000000, 0.146660, -0.753141, -0.641303, 0.732088, 0.518636, -0.441660, 0.665235, -0.404717, 0.627429),
      ["LeftLowerArm"] = CFrame.new(0.000000, 0.000001, 0.000000, 1.000000, -0.000000, -0.000000, -0.000000, 0.344498, -0.938787, 0.000000, 0.938787, 0.344498),
      ["LeftLowerLeg"] = CFrame.new(0.000000, -0.000000, 0.000000, 1.000000, 0.000000, 0.000000, -0.000000, 0.999994, 0.003470, 0.000000, -0.003470, 0.999994),
      ["LeftUpperArm"] = CFrame.new(-0.000000, -0.065238, -0.000000, 0.084069, -0.161101, -0.983351, -0.448326, 0.875206, -0.181712, 0.889908, 0.456138, 0.001352),
      ["LeftUpperLeg"] = CFrame.new(0.000026, 0.000126, 0.004997, 0.745247, 0.608930, 0.271684, -0.625112, 0.779831, -0.033125, -0.232038, -0.145146, 0.961816),
      ["LowerTorso"] = CFrame.new(0.199015, 0.039345, 0.093901, 0.887620, -0.217096, -0.406204, 0.210488, 0.975660, -0.061491, 0.409666, -0.030921, 0.911711),
      ["RightFoot"] = CFrame.new(0.000000, 0.000001, -0.000000, 0.957496, 0.247313, 0.148450, -0.236760, 0.967819, -0.085277, -0.164763, 0.046506, 0.985236),
      ["RightHand"] = CFrame.new(-0.000000, 0.000000, 0.000000, 0.453969, -0.783916, 0.423538, 0.889327, 0.427918, -0.161205, -0.054865, 0.449846, 0.891419),
      ["RightLowerArm"] = CFrame.new(0.000000, 0.000000, 0.000000, 1.000000, 0.000001, -0.000000, 0.000001, 0.071674, -0.997428, 0.000001, 0.997428, 0.071670),
      ["RightLowerLeg"] = CFrame.new(0.000000, 0.000000, 0.000000, 1.000000, -0.000000, 0.000000, 0.000000, 0.999999, 0.001239, 0.000000, -0.001239, 0.999999),
      ["RightUpperArm"] = CFrame.new(0.000000, -0.065238, 0.000000, -0.083327, -0.132980, 0.987610, 0.450607, 0.878922, 0.156364, -0.888825, 0.458053, -0.013317),
      ["RightUpperLeg"] = CFrame.new(-0.000026, -0.000125, -0.004998, 0.969599, -0.019368, -0.243932, 0.062192, 0.983636, 0.169093, 0.236665, -0.179123, 0.954937),
      ["UpperTorso"] = CFrame.new(-0.000000, -0.000000, -0.000000, 0.968647, 0.243907, 0.047256, -0.246182, 0.967909, 0.050467, -0.033431, -0.060518, 0.997607)
    }},
    {Time = 3.300, Data = {
      ["Head"] = CFrame.new(0.000000, -0.000000, -0.000000, 0.972044, 0.228318, 0.054781, -0.234566, 0.954649, 0.183371, -0.010429, -0.191094, 0.981516),
      ["LeftFoot"] = CFrame.new(0.000000, -0.000000, 0.000000, 0.981478, -0.180174, 0.065111, 0.174992, 0.981469, 0.078074, -0.077972, -0.065234, 0.994819),
      ["LeftHand"] = CFrame.new(-0.000000, -0.000000, -0.000000, 0.147535, -0.753444, -0.640747, 0.733617, 0.517862, -0.440028, 0.663355, -0.405143, 0.629142),
      ["LeftLowerArm"] = CFrame.new(0.000000, -0.000000, 0.000000, 1.000000, 0.000000, -0.000000, 0.000001, 0.344498, -0.938787, 0.000000, 0.938787, 0.344497),
      ["LeftLowerLeg"] = CFrame.new(0.000000, 0.000000, -0.000000, 1.000000, -0.000000, -0.000000, -0.000000, 0.999994, 0.003475, 0.000000, -0.003475, 0.999994),
      ["LeftUpperArm"] = CFrame.new(0.000000, -0.065239, 0.000000, 0.084216, -0.160678, -0.983407, -0.448254, 0.875306, -0.181403, 0.889930, 0.456093, 0.001690),
      ["LeftUpperLeg"] = CFrame.new(0.000025, 0.000125, 0.004997, 0.745399, 0.608630, 0.271939, -0.624992, 0.779954, -0.032489, -0.231874, -0.145742, 0.961766),
      ["LowerTorso"] = CFrame.new(0.198817, 0.039364, 0.093582, 0.887592, -0.217149, -0.406236, 0.210327, 0.975664, -0.061980, 0.409809, -0.030430, 0.911664),
      ["RightFoot"] = CFrame.new(-0.000000, 0.000000, 0.000000, 0.957455, 0.247472, 0.148446, -0.236932, 0.967783, -0.085209, -0.164751, 0.046412, 0.985243),
      ["RightHand"] = CFrame.new(0.000000, 0.000000, 0.000000, 0.454300, -0.783331, 0.424265, 0.889168, 0.427966, -0.161955, -0.054702, 0.450819, 0.890938),
      ["RightLowerArm"] = CFrame.new(0.000000, -0.000001, 0.000000, 1.000000, 0.000001, -0.000000, 0.000001, 0.072344, -0.997380, 0.000001, 0.997380, 0.072340),
      ["RightLowerLeg"] = CFrame.new(-0.000000, -0.000000, 0.000000, 1.000000, -0.000000, 0.000000, -0.000000, 0.999999, 0.001238, -0.000000, -0.001238, 0.999999),
      ["RightUpperArm"] = CFrame.new(0.000000, -0.065238, 0.000000, -0.082865, -0.132584, 0.987702, 0.449835, 0.879420, 0.155788, -0.889259, 0.457212, -0.013232),
      ["RightUpperLeg"] = CFrame.new(-0.000026, -0.000126, -0.004997, 0.969620, -0.019715, -0.243821, 0.062632, 0.983533, 0.169532, 0.236463, -0.179653, 0.954888),
      ["UpperTorso"] = CFrame.new(-0.000000, -0.000000, 0.000000, 0.968817, 0.243215, 0.047337, -0.245509, 0.968059, 0.050863, -0.033454, -0.060898, 0.997583)
    }},
    {Time = 3.333, Data = {
      ["Head"] = CFrame.new(-0.000000, 0.000000, 0.000000, 0.972120, 0.228167, 0.054054, -0.234275, 0.954786, 0.183025, -0.009850, -0.190586, 0.981621),
      ["LeftFoot"] = CFrame.new(0.000000, -0.000000, 0.000000, 0.981503, -0.180028, 0.065132, 0.174866, 0.981513, 0.077802, -0.077935, -0.064974, 0.994839),
      ["LeftHand"] = CFrame.new(0.000000, 0.000000, -0.000000, 0.148398, -0.753747, -0.640190, 0.735156, 0.517076, -0.438383, 0.661456, -0.405584, 0.630854),
      ["LeftLowerArm"] = CFrame.new(-0.000000, 0.000000, 0.000000, 1.000000, -0.000000, 0.000000, 0.000000, 0.344498, -0.938787, -0.000000, 0.938787, 0.344498),
      ["LeftLowerLeg"] = CFrame.new(0.000000, -0.000000, -0.000000, 1.000000, -0.000000, 0.000000, -0.000000, 0.999994, 0.003480, 0.000000, -0.003480, 0.999994),
      ["LeftUpperArm"] = CFrame.new(0.000000, -0.065238, -0.000000, 0.084369, -0.160276, -0.983460, -0.448169, 0.875410, -0.181115, 0.889959, 0.456036, 0.002027),
      ["LeftUpperLeg"] = CFrame.new(0.000026, 0.000126, 0.004998, 0.745555, 0.608327, 0.272190, -0.624870, 0.780079, -0.031846, -0.231703, -0.146340, 0.961716),
      ["LowerTorso"] = CFrame.new(0.198614, 0.039382, 0.093303, 0.887573, -0.217204, -0.406248, 0.210176, 0.975667, -0.062454, 0.409928, -0.029951, 0.911626),
      ["RightFoot"] = CFrame.new(-0.000000, 0.000000, 0.000000, 0.957415, 0.247630, 0.148443, -0.237103, 0.967747, -0.085141, -0.164740, 0.046320, 0.985249),
      ["RightHand"] = CFrame.new(0.000000, 0.000000, -0.000000, 0.454731, -0.782632, 0.425093, 0.888951, 0.428127, -0.162716, -0.054643, 0.451880, 0.890404),
      ["RightLowerArm"] = CFrame.new(0.000000, 0.000000, -0.000000, 1.000000, 0.000001, -0.000000, 0.000001, 0.073013, -0.997331, 0.000001, 0.997331, 0.073010),
      ["RightLowerLeg"] = CFrame.new(0.000000, -0.000000, 0.000000, 1.000000, -0.000000, 0.000000, -0.000000, 0.999999, 0.001238, -0.000000, -0.001238, 0.999999),
      ["RightUpperArm"] = CFrame.new(-0.000000, -0.065238, 0.000000, -0.082273, -0.132159, 0.987808, 0.448968, 0.879979, 0.155127, -0.889752, 0.456257, -0.013063),
      ["RightUpperLeg"] = CFrame.new(-0.000026, -0.000126, -0.004997, 0.969639, -0.020048, -0.243718, 0.063056, 0.983431, 0.169961, 0.236273, -0.180168, 0.954838),
      ["UpperTorso"] = CFrame.new(0.000000, 0.000000, 0.000000, 0.968986, 0.242524, 0.047427, -0.244835, 0.968213, 0.051181, -0.033507, -0.061205, 0.997563)
    }},
    {Time = 3.367, Data = {
      ["Head"] = CFrame.new(0.000000, 0.000000, 0.000000, 0.972207, 0.227962, 0.053347, -0.233936, 0.954938, 0.182669, -0.009302, -0.190072, 0.981726),
      ["LeftFoot"] = CFrame.new(0.000000, -0.000000, -0.000000, 0.981529, -0.179875, 0.065159, 0.174733, 0.981558, 0.077532, -0.077904, -0.064715, 0.994858),
      ["LeftHand"] = CFrame.new(-0.000000, 0.000000, -0.000000, 0.149259, -0.754052, -0.639630, 0.736692, 0.516285, -0.436734, 0.659551, -0.406024, 0.632564),
      ["LeftLowerArm"] = CFrame.new(0.000000, 0.000000, -0.000000, 1.000000, -0.000000, 0.000000, -0.000000, 0.344498, -0.938787, -0.000000, 0.938787, 0.344498),
      ["LeftLowerLeg"] = CFrame.new(-0.000000, 0.000000, 0.000000, 1.000000, -0.000000, 0.000000, -0.000000, 0.999994, 0.003485, 0.000000, -0.003485, 0.999994),
      ["LeftUpperArm"] = CFrame.new(0.000000, -0.065238, -0.000000, 0.084544, -0.159897, -0.983507, -0.448075, 0.875511, -0.180856, 0.889990, 0.455974, 0.002373),
      ["LeftUpperLeg"] = CFrame.new(0.000026, 0.000126, 0.004997, 0.745698, 0.608046, 0.272425, -0.624761, 0.780191, -0.031234, -0.231535, -0.146909, 0.961670),
      ["LowerTorso"] = CFrame.new(0.198417, 0.039404, 0.092985, 0.887553, -0.217262, -0.406260, 0.210031, 0.975668, -0.062918, 0.410044, -0.029484, 0.911589),
      ["RightFoot"] = CFrame.new(-0.000000, 0.000000, 0.000000, 0.957378, 0.247771, 0.148444, -0.237259, 0.967716, -0.085059, -0.164727, 0.046214, 0.985256),
      ["RightHand"] = CFrame.new(-0.000000, -0.000000, -0.000000, 0.455210, -0.781843, 0.426032, 0.888708, 0.428314, -0.163546, -0.054604, 0.453066, 0.889803),
      ["RightLowerArm"] = CFrame.new(-0.000000, -0.000000, 0.000000, 1.000000, 0.000001, -0.000000, 0.000001, 0.073733, -0.997278, 0.000001, 0.997278, 0.073729),
      ["RightLowerLeg"] = CFrame.new(0.000000, 0.000000, -0.000000, 1.000000, 0.000000, 0.000000, -0.000000, 0.999999, 0.001237, -0.000000, -0.001237, 0.999999),
      ["RightUpperArm"] = CFrame.new(0.000000, -0.065238, -0.000000, -0.081602, -0.131764, 0.987917, 0.447986, 0.880598, 0.154454, -0.890309, 0.455176, -0.012830),
      ["RightUpperLeg"] = CFrame.new(-0.000026, -0.000126, -0.004997, 0.969656, -0.020358, -0.243624, 0.063455, 0.983334, 0.170377, 0.236095, -0.180666, 0.954787),
      ["UpperTorso"] = CFrame.new(-0.000000, -0.000000, -0.000000, 0.969151, 0.241847, 0.047505, -0.244172, 0.968365, 0.051469, -0.033554, -0.061480, 0.997544)
    }},
    {Time = 3.400, Data = {
      ["Head"] = CFrame.new(0.000000, -0.000000, 0.000000, 0.972301, 0.227738, 0.052601, -0.233571, 0.955093, 0.182322, -0.008717, -0.189557, 0.981831),
      ["LeftFoot"] = CFrame.new(0.000000, 0.000000, 0.000000, 0.981555, -0.179722, 0.065186, 0.174599, 0.981603, 0.077265, -0.077873, -0.064459, 0.994877),
      ["LeftHand"] = CFrame.new(-0.000000, -0.000000, -0.000000, 0.150114, -0.754342, -0.639089, 0.738228, 0.515500, -0.435064, 0.657636, -0.406483, 0.634259),
      ["LeftLowerArm"] = CFrame.new(0.000000, -0.000000, 0.000000, 1.000000, -0.000000, -0.000000, 0.000000, 0.344498, -0.938787, 0.000000, 0.938787, 0.344498),
      ["LeftLowerLeg"] = CFrame.new(0.000000, -0.000000, 0.000000, 1.000000, 0.000000, 0.000000, 0.000000, 0.999994, 0.003489, 0.000000, -0.003489, 0.999994),
      ["LeftUpperArm"] = CFrame.new(-0.000000, -0.065238, -0.000000, 0.084716, -0.159520, -0.983553, -0.447954, 0.875626, -0.180600, 0.890034, 0.455886, 0.002722),
      ["LeftUpperLeg"] = CFrame.new(0.000026, 0.000126, 0.004997, 0.745842, 0.607768, 0.272652, -0.624650, 0.780303, -0.030637, -0.231372, -0.147461, 0.961625),
      ["LowerTorso"] = CFrame.new(0.198182, 0.039426, 0.092648, 0.887532, -0.217321, -0.406275, 0.209890, 0.975669, -0.063375, 0.410162, -0.029026, 0.911551),
      ["RightFoot"] = CFrame.new(-0.000000, 0.000000, -0.000000, 0.957340, 0.247917, 0.148444, -0.237420, 0.967683, -0.084983, -0.164715, 0.046114, 0.985263),
      ["RightHand"] = CFrame.new(0.000000, -0.000000, 0.000000, 0.455642, -0.781011, 0.427094, 0.888498, 0.428365, -0.164556, -0.054428, 0.454451, 0.889108),
      ["RightLowerArm"] = CFrame.new(0.000000, -0.000000, -0.000000, 1.000000, 0.000001, -0.000001, 0.000001, 0.074627, -0.997212, 0.000001, 0.997212, 0.074623),
      ["RightLowerLeg"] = CFrame.new(-0.000000, -0.000000, 0.000000, 1.000000, 0.000000, -0.000000, -0.000000, 0.999999, 0.001237, -0.000000, -0.001237, 0.999999),
      ["RightUpperArm"] = CFrame.new(-0.000000, -0.065238, -0.000000, -0.080952, -0.131465, 0.988010, 0.446900, 0.881251, 0.153877, -0.890914, 0.453998, -0.012587),
      ["RightUpperLeg"] = CFrame.new(-0.000025, -0.000125, -0.004997, 0.969672, -0.020673, -0.243533, 0.063863, 0.983233, 0.170807, 0.235918, -0.181179, 0.954734),
      ["UpperTorso"] = CFrame.new(0.000000, 0.000000, -0.000000, 0.969311, 0.241196, 0.047555, -0.243535, 0.968509, 0.051769, -0.033571, -0.061761, 0.997526)
    }},
    {Time = 3.433, Data = {
      ["Head"] = CFrame.new(-0.000000, 0.000000, 0.000000, 0.972400, 0.227483, 0.051860, -0.233178, 0.955246, 0.182025, -0.008132, -0.189093, 0.981925),
      ["LeftFoot"] = CFrame.new(0.000000, 0.000000, 0.000000, 0.981580, -0.179584, 0.065204, 0.174478, 0.981644, 0.077023, -0.077839, -0.064228, 0.994895),
      ["LeftHand"] = CFrame.new(0.000000, -0.000000, -0.000000, 0.150969, -0.754627, -0.638551, 0.739730, 0.514735, -0.433414, 0.655749, -0.406923, 0.635929),
      ["LeftLowerArm"] = CFrame.new(0.000000, 0.000001, 0.000000, 1.000000, -0.000000, -0.000000, 0.000000, 0.344499, -0.938787, 0.000000, 0.938787, 0.344498),
      ["LeftLowerLeg"] = CFrame.new(0.000000, 0.000000, 0.000000, 1.000000, -0.000000, 0.000000, 0.000000, 0.999994, 0.003493, -0.000000, -0.003493, 0.999994),
      ["LeftUpperArm"] = CFrame.new(-0.000000, -0.065238, 0.000000, 0.084882, -0.159075, -0.983611, -0.447827, 0.875757, -0.180278, 0.890082, 0.455790, 0.003098),
      ["LeftUpperLeg"] = CFrame.new(0.000025, 0.000125, 0.004997, 0.745985, 0.607494, 0.272870, -0.624536, 0.780417, -0.030064, -0.231216, -0.147989, 0.961581),
      ["LowerTorso"] = CFrame.new(0.197964, 0.039445, 0.092321, 0.887513, -0.217379, -0.406286, 0.209758, 0.975669, -0.063812, 0.410272, -0.028588, 0.911515),
      ["RightFoot"] = CFrame.new(0.000000, 0.000000, -0.000000, 0.957302, 0.248066, 0.148442, -0.237585, 0.967650, -0.084892, -0.164699, 0.046000, 0.985271),
      ["RightHand"] = CFrame.new(-0.000000, -0.000000, 0.000000, 0.455983, -0.780192, 0.428225, 0.888345, 0.428218, -0.165754, -0.054051, 0.455993, 0.888341),
      ["RightLowerArm"] = CFrame.new(-0.000000, -0.000000, -0.000000, 1.000000, 0.000001, -0.000000, 0.000001, 0.075694, -0.997131, 0.000001, 0.997131, 0.075691),
      ["RightLowerLeg"] = CFrame.new(0.000000, -0.000000, 0.000000, 1.000000, 0.000000, 0.000000, 0.000000, 0.999999, 0.001237, -0.000000, -0.001237, 0.999999),
      ["RightUpperArm"] = CFrame.new(-0.000000, -0.065238, 0.000000, -0.080384, -0.131232, 0.988087, 0.445676, 0.881955, 0.153393, -0.891578, 0.452697, -0.012409),
      ["RightUpperLeg"] = CFrame.new(-0.000025, -0.000126, -0.004998, 0.969687, -0.020965, -0.243448, 0.064243, 0.983138, 0.171212, 0.235754, -0.181662, 0.954683),
      ["UpperTorso"] = CFrame.new(-0.000000, -0.000000, -0.000000, 0.969470, 0.240546, 0.047610, -0.242897, 0.968659, 0.051971, -0.033616, -0.061948, 0.997513)
    }},
    {Time = 3.467, Data = {
      ["Head"] = CFrame.new(0.000000, -0.000000, 0.000000, 0.972502, 0.227214, 0.051127, -0.232773, 0.955404, 0.181715, -0.007558, -0.188619, 0.982021),
      ["LeftFoot"] = CFrame.new(0.000000, -0.000000, -0.000000, 0.981604, -0.179446, 0.065223, 0.174358, 0.981685, 0.076774, -0.077805, -0.063990, 0.994913),
      ["LeftHand"] = CFrame.new(-0.000000, 0.000000, 0.000000, 0.151804, -0.754930, -0.637994, 0.741223, 0.513953, -0.431789, 0.653869, -0.407348, 0.637591),
      ["LeftLowerArm"] = CFrame.new(0.000000, 0.000000, 0.000000, 1.000000, -0.000001, 0.000000, -0.000000, 0.344498, -0.938787, -0.000000, 0.938787, 0.344497),
      ["LeftLowerLeg"] = CFrame.new(-0.000000, 0.000000, -0.000000, 1.000000, 0.000000, -0.000000, 0.000000, 0.999994, 0.003498, 0.000000, -0.003498, 0.999994),
      ["LeftUpperArm"] = CFrame.new(0.000000, -0.065238, 0.000000, 0.085051, -0.158694, -0.983658, -0.447651, 0.875902, -0.180015, 0.890155, 0.455645, 0.003457),
      ["LeftUpperLeg"] = CFrame.new(0.000026, 0.000126, 0.004997, 0.746128, 0.607221, 0.273087, -0.624422, 0.780530, -0.029495, -0.231063, -0.148514, 0.961537),
      ["LowerTorso"] = CFrame.new(0.197763, 0.039466, 0.091982, 0.887496, -0.217433, -0.406293, 0.209633, 0.975669, -0.064224, 0.410372, -0.028174, 0.911483),
      ["RightFoot"] = CFrame.new(0.000000, 0.000000, -0.000000, 0.957262, 0.248221, 0.148439, -0.237757, 0.967616, -0.084804, -0.164682, 0.045888, 0.985279),
      ["RightHand"] = CFrame.new(0.000000, -0.000000, 0.000000, 0.456260, -0.779386, 0.429395, 0.888235, 0.427933, -0.167078, -0.053531, 0.457635, 0.887527),
      ["RightLowerArm"] = CFrame.new(-0.000000, -0.000000, -0.000000, 1.000000, 0.000001, -0.000000, 0.000000, 0.076847, -0.997043, 0.000001, 0.997043, 0.076843),
      ["RightLowerLeg"] = CFrame.new(0.000000, -0.000000, 0.000000, 1.000000, -0.000000, -0.000000, -0.000000, 0.999999, 0.001236, -0.000000, -0.001237, 0.999999),
      ["RightUpperArm"] = CFrame.new(0.000000, -0.065238, 0.000000, -0.079897, -0.131062, 0.988149, 0.444378, 0.882677, 0.153002, -0.892269, 0.451336, -0.012282),
      ["RightUpperLeg"] = CFrame.new(-0.000026, -0.000126, -0.004997, 0.969700, -0.021269, -0.243370, 0.064632, 0.983044, 0.171602, 0.235594, -0.182132, 0.954633),
      ["UpperTorso"] = CFrame.new(0.000000, 0.000000, 0.000000, 0.969622, 0.239928, 0.047626, -0.242286, 0.968801, 0.052160, -0.033625, -0.062115, 0.997502)
    }},
    {Time = 3.500, Data = {
      ["Head"] = CFrame.new(0.000000, -0.000000, 0.000000, 0.972610, 0.226902, 0.050457, -0.232338, 0.955567, 0.181411, -0.007053, -0.188166, 0.982112),
      ["LeftFoot"] = CFrame.new(-0.000000, 0.000000, -0.000000, 0.981627, -0.179305, 0.065259, 0.174239, 0.981730, 0.076465, -0.077777, -0.063690, 0.994934),
      ["LeftHand"] = CFrame.new(-0.000000, 0.000000, -0.000000, 0.152620, -0.755220, -0.637457, 0.742663, 0.513203, -0.430203, 0.652042, -0.407757, 0.639198),
      ["LeftLowerArm"] = CFrame.new(0.000000, 0.000000, -0.000000, 1.000000, -0.000000, -0.000000, 0.000000, 0.344498, -0.938787, 0.000000, 0.938787, 0.344497),
      ["LeftLowerLeg"] = CFrame.new(0.000000, 0.000000, -0.000000, 1.000000, 0.000000, -0.000000, -0.000000, 0.999994, 0.003504, 0.000000, -0.003504, 0.999994),
      ["LeftUpperArm"] = CFrame.new(-0.000000, -0.065238, -0.000000, 0.085220, -0.158311, -0.983705, -0.447450, 0.876058, -0.179751, 0.890239, 0.455477, 0.003822),
      ["LeftUpperLeg"] = CFrame.new(0.000026, 0.000126, 0.004997, 0.746242, 0.606983, 0.273305, -0.624346, 0.780612, -0.028920, -0.230899, -0.149055, 0.961493),
      ["LowerTorso"] = CFrame.new(0.197564, 0.039488, 0.091635, 0.887483, -0.217481, -0.406296, 0.209515, 0.975669, -0.064604, 0.410461, -0.027791, 0.911455),
      ["RightFoot"] = CFrame.new(-0.000000, 0.000000, -0.000000, 0.957223, 0.248372, 0.148443, -0.237928, 0.967584, -0.084694, -0.164667, 0.045752, 0.985288),
      ["RightHand"] = CFrame.new(-0.000000, 0.000000, -0.000000, 0.456444, -0.778634, 0.430564, 0.888181, 0.427489, -0.168496, -0.052862, 0.459328, 0.886693),
      ["RightLowerArm"] = CFrame.new(0.000000, 0.000000, 0.000000, 1.000000, 0.000001, -0.000000, 0.000001, 0.078123, -0.996944, 0.000001, 0.996944, 0.078120),
      ["RightLowerLeg"] = CFrame.new(0.000000, -0.000000, -0.000000, 1.000000, 0.000000, 0.000000, -0.000000, 0.999999, 0.001237, -0.000000, -0.001237, 0.999999),
      ["RightUpperArm"] = CFrame.new(-0.000000, -0.065238, 0.000000, -0.079496, -0.130952, 0.988196, 0.443064, 0.883389, 0.152706, -0.892958, 0.449973, -0.012206),
      ["RightUpperLeg"] = CFrame.new(-0.000026, -0.000125, -0.004997, 0.969710, -0.021564, -0.243304, 0.065009, 0.982955, 0.171969, 0.235448, -0.182577, 0.954584),
      ["UpperTorso"] = CFrame.new(0.000000, -0.000000, 0.000000, 0.969779, 0.239291, 0.047629, -0.241653, 0.968955, 0.052239, -0.033650, -0.062170, 0.997498)
    }},
    {Time = 3.533, Data = {
      ["Head"] = CFrame.new(-0.000000, 0.000000, 0.000000, 0.972714, 0.226611, 0.049761, -0.231918, 0.955723, 0.181129, -0.006511, -0.187727, 0.982200),
      ["LeftFoot"] = CFrame.new(0.000000, -0.000000, -0.000000, 0.981649, -0.179171, 0.065289, 0.174125, 0.981772, 0.076188, -0.077749, -0.063422, 0.994954),
      ["LeftHand"] = CFrame.new(0.000000, 0.000000, 0.000000, 0.153432, -0.755500, -0.636930, 0.744075, 0.512472, -0.428631, 0.650239, -0.408157, 0.640777),
      ["LeftLowerArm"] = CFrame.new(-0.000000, -0.000000, 0.000000, 1.000000, -0.000000, -0.000000, 0.000000, 0.344499, -0.938787, 0.000000, 0.938787, 0.344498),
      ["LeftLowerLeg"] = CFrame.new(0.000000, -0.000000, 0.000000, 1.000000, 0.000000, -0.000000, 0.000000, 0.999994, 0.003508, -0.000000, -0.003508, 0.999994),
      ["LeftUpperArm"] = CFrame.new(0.000000, -0.065238, -0.000000, 0.085402, -0.157922, -0.983752, -0.447255, 0.876213, -0.179486, 0.890320, 0.455316, 0.004199),
      ["LeftUpperLeg"] = CFrame.new(0.000026, 0.000126, 0.004997, 0.746373, 0.606738, 0.273491, -0.624238, 0.780716, -0.028430, -0.230769, -0.149504, 0.961454),
      ["LowerTorso"] = CFrame.new(0.197366, 0.039509, 0.091273, 0.887473, -0.217519, -0.406298, 0.209403, 0.975670, -0.064944, 0.410539, -0.027444, 0.911430),
      ["RightFoot"] = CFrame.new(-0.000000, 0.000001, 0.000000, 0.957182, 0.248525, 0.148447, -0.238099, 0.967550, -0.084591, -0.164653, 0.045624, 0.985296),
      ["RightHand"] = CFrame.new(-0.000000, 0.000000, 0.000000, 0.456540, -0.777960, 0.431679, 0.888178, 0.426919, -0.169953, -0.052071, 0.460997, 0.885872),
      ["RightLowerArm"] = CFrame.new(-0.000000, -0.000000, 0.000000, 1.000000, 0.000001, -0.000001, 0.000001, 0.079449, -0.996839, 0.000001, 0.996839, 0.079445),
      ["RightLowerLeg"] = CFrame.new(0.000000, -0.000000, 0.000000, 1.000000, -0.000000, 0.000000, -0.000000, 0.999999, 0.001237, -0.000000, -0.001237, 0.999999),
      ["RightUpperArm"] = CFrame.new(-0.000000, -0.065238, 0.000000, -0.079213, -0.130899, 0.988226, 0.441786, 0.884061, 0.152514, -0.893616, 0.448666, -0.012200),
      ["RightUpperLeg"] = CFrame.new(-0.000025, -0.000126, -0.004997, 0.969718, -0.021852, -0.243247, 0.065378, 0.982868, 0.172324, 0.235314, -0.183009, 0.954534),
      ["UpperTorso"] = CFrame.new(0.000000, 0.000000, -0.000000, 0.969929, 0.238682, 0.047638, -0.241047, 0.969103, 0.052300, -0.033684, -0.062211, 0.997494)
    }},
    {Time = 3.567, Data = {
      ["Head"] = CFrame.new(0.000000, -0.000000, -0.000000, 0.972833, 0.226259, 0.049029, -0.231433, 0.955893, 0.180853, -0.005947, -0.187287, 0.982287),
      ["LeftFoot"] = CFrame.new(0.000000, 0.000000, 0.000000, 0.981673, -0.179032, 0.065320, 0.174006, 0.981815, 0.075906, -0.077721, -0.063149, 0.994973),
      ["LeftHand"] = CFrame.new(0.000000, -0.000000, 0.000000, 0.154215, -0.755772, -0.636417, 0.745440, 0.511761, -0.427105, 0.648488, -0.408545, 0.642304),
      ["LeftLowerArm"] = CFrame.new(-0.000000, -0.000000, 0.000000, 1.000000, -0.000000, 0.000000, 0.000000, 0.344498, -0.938787, 0.000000, 0.938787, 0.344498),
      ["LeftLowerLeg"] = CFrame.new(0.000000, -0.000000, 0.000000, 1.000000, 0.000000, -0.000000, -0.000000, 0.999994, 0.003513, -0.000000, -0.003513, 0.999994),
      ["LeftUpperArm"] = CFrame.new(0.000000, -0.065238, 0.000000, 0.085557, -0.157535, -0.983800, -0.447046, 0.876375, -0.179211, 0.890410, 0.455137, 0.004555),
      ["LeftUpperLeg"] = CFrame.new(0.000025, 0.000126, 0.004997, 0.746517, 0.606481, 0.273668, -0.624109, 0.780836, -0.027970, -0.230653, -0.149918, 0.961418),
      ["LowerTorso"] = CFrame.new(0.197175, 0.039530, 0.090920, 0.887469, -0.217540, -0.406294, 0.209294, 0.975674, -0.065236, 0.410602, -0.027140, 0.911411),
      ["RightFoot"] = CFrame.new(0.000000, 0.000000, 0.000000, 0.957146, 0.248666, 0.148446, -0.238257, 0.967520, -0.084497, -0.164636, 0.045508, 0.985304),
      ["RightHand"] = CFrame.new(0.000000, 0.000000, -0.000000, 0.456561, -0.777385, 0.432692, 0.888219, 0.426252, -0.171405, -0.051185, 0.462582, 0.885098),
      ["RightLowerArm"] = CFrame.new(0.000000, 0.000000, 0.000000, 1.000000, 0.000001, -0.000000, 0.000001, 0.080738, -0.996736, 0.000001, 0.996735, 0.080735),
      ["RightLowerLeg"] = CFrame.new(-0.000000, -0.000000, 0.000000, 1.000000, -0.000000, -0.000000, -0.000000, 0.999999, 0.001238, -0.000000, -0.001238, 0.999999),
      ["RightUpperArm"] = CFrame.new(-0.000000, -0.065238, -0.000000, -0.079044, -0.130873, 0.988243, 0.440563, 0.884692, 0.152397, -0.894235, 0.447429, -0.012272),
      ["RightUpperLeg"] = CFrame.new(-0.000025, -0.000125, -0.004997, 0.969724, -0.022122, -0.243201, 0.065718, 0.982791, 0.172634, 0.235196, -0.183390, 0.954490),
      ["UpperTorso"] = CFrame.new(-0.000000, 0.000000, 0.000000, 0.970069, 0.238120, 0.047607, -0.240485, 0.969239, 0.052359, -0.033675, -0.062240, 0.997493)
    }},
    {Time = 3.600, Data = {
      ["Head"] = CFrame.new(0.000000, -0.000000, -0.000000, 0.972948, 0.225904, 0.048362, -0.230959, 0.956062, 0.180565, -0.005447, -0.186850, 0.982373),
      ["LeftFoot"] = CFrame.new(0.000000, 0.000000, 0.000000, 0.981696, -0.178892, 0.065356, 0.173887, 0.981859, 0.075607, -0.077696, -0.062859, 0.994994),
      ["LeftHand"] = CFrame.new(0.000000, 0.000000, 0.000000, 0.154957, -0.756034, -0.635925, 0.746737, 0.511082, -0.425653, 0.646817, -0.408911, 0.643754),
      ["LeftLowerArm"] = CFrame.new(0.000000, -0.000000, -0.000000, 1.000000, -0.000000, -0.000000, 0.000000, 0.344498, -0.938787, 0.000000, 0.938787, 0.344498),
      ["LeftLowerLeg"] = CFrame.new(0.000000, -0.000000, 0.000000, 1.000000, 0.000000, -0.000000, 0.000000, 0.999994, 0.003519, 0.000000, -0.003519, 0.999994),
      ["LeftUpperArm"] = CFrame.new(0.000000, -0.065238, 0.000000, 0.085705, -0.157163, -0.983847, -0.446810, 0.876550, -0.178946, 0.890514, 0.454929, 0.004903),
      ["LeftUpperLeg"] = CFrame.new(0.000026, 0.000126, 0.004997, 0.746659, 0.606228, 0.273839, -0.623978, 0.780957, -0.027530, -0.230547, -0.150313, 0.961381),
      ["LowerTorso"] = CFrame.new(0.196989, 0.039551, 0.090560, 0.887475, -0.217532, -0.406286, 0.209191, 0.975682, -0.065445, 0.410643, -0.026911, 0.911399),
      ["RightFoot"] = CFrame.new(0.000000, 0.000000, -0.000000, 0.957108, 0.248811, 0.148443, -0.238418, 0.967487, -0.084419, -0.164622, 0.045408, 0.985311),
      ["RightHand"] = CFrame.new(-0.000000, 0.000000, 0.000001, 0.456497, -0.776930, 0.433574, 0.888305, 0.425514, -0.172787, -0.050244, 0.464023, 0.884397),
      ["RightLowerArm"] = CFrame.new(-0.000000, -0.000000, 0.000000, 1.000000, 0.000001, -0.000000, 0.000001, 0.082009, -0.996632, 0.000001, 0.996632, 0.082005),
      ["RightLowerLeg"] = CFrame.new(0.000000, -0.000000, -0.000000, 1.000000, -0.000000, 0.000000, -0.000000, 0.999999, 0.001240, -0.000000, -0.001240, 0.999999),
      ["RightUpperArm"] = CFrame.new(0.000000, -0.065238, -0.000000, -0.078995, -0.130880, 0.988246, 0.439462, 0.885244, 0.152367, -0.894781, 0.446333, -0.012413),
      ["RightUpperLeg"] = CFrame.new(-0.000026, -0.000126, -0.004997, 0.969725, -0.022385, -0.243170, 0.066048, 0.982720, 0.172911, 0.235098, -0.183737, 0.954448),
      ["UpperTorso"] = CFrame.new(-0.000000, 0.000000, -0.000000, 0.970215, 0.237534, 0.047548, -0.239894, 0.969390, 0.052292, -0.033672, -0.062141, 0.997499)
    }},
    {Time = 3.633, Data = {
      ["Head"] = CFrame.new(-0.000000, 0.000000, 0.000000, 0.973067, 0.225528, 0.047731, -0.230470, 0.956229, 0.180304, -0.004978, -0.186449, 0.982452),
      ["LeftFoot"] = CFrame.new(0.000000, 0.000000, 0.000000, 0.981717, -0.178762, 0.065388, 0.173776, 0.981899, 0.075337, -0.077672, -0.062598, 0.995012),
      ["LeftHand"] = CFrame.new(-0.000000, 0.000000, -0.000000, 0.155665, -0.756308, -0.635427, 0.748015, 0.510389, -0.424237, 0.645168, -0.409269, 0.645179),
      ["LeftLowerArm"] = CFrame.new(0.000000, 0.000000, 0.000000, 1.000000, -0.000000, 0.000000, 0.000000, 0.344498, -0.938787, -0.000000, 0.938787, 0.344497),
      ["LeftLowerLeg"] = CFrame.new(0.000000, -0.000000, -0.000000, 1.000000, -0.000000, 0.000000, -0.000000, 0.999994, 0.003523, 0.000000, -0.003523, 0.999994),
      ["LeftUpperArm"] = CFrame.new(-0.000000, -0.065238, 0.000000, 0.085842, -0.156754, -0.983900, -0.446580, 0.876729, -0.178642, 0.890616, 0.454725, 0.005256),
      ["LeftUpperLeg"] = CFrame.new(0.000025, 0.000126, 0.004998, 0.746777, 0.606023, 0.273973, -0.623871, 0.781055, -0.027172, -0.230456, -0.150632, 0.961353),
      ["LowerTorso"] = CFrame.new(0.196811, 0.039572, 0.090194, 0.887480, -0.217524, -0.406279, 0.209088, 0.975690, -0.065654, 0.410683, -0.026682, 0.911388),
      ["RightFoot"] = CFrame.new(0.000000, 0.000000, 0.000000, 0.957068, 0.248965, 0.148447, -0.238590, 0.967454, -0.084314, -0.164607, 0.045277, 0.985319),
      ["RightHand"] = CFrame.new(-0.000000, 0.000000, 0.000000, 0.456351, -0.776616, 0.434290, 0.888435, 0.424716, -0.174075, -0.049257, 0.465278, 0.883793),
      ["RightLowerArm"] = CFrame.new(-0.000000, -0.000000, 0.000000, 1.000000, 0.000001, -0.000000, 0.000001, 0.083209, -0.996532, 0.000001, 0.996532, 0.083205),
      ["RightLowerLeg"] = CFrame.new(-0.000000, -0.000000, -0.000000, 1.000000, 0.000000, 0.000000, -0.000000, 0.999999, 0.001240, -0.000000, -0.001240, 0.999999),
      ["RightUpperArm"] = CFrame.new(0.000000, -0.065238, -0.000000, -0.079097, -0.130900, 0.988235, 0.438515, 0.885705, 0.152418, -0.895236, 0.445412, -0.012655),
      ["RightUpperLeg"] = CFrame.new(-0.000026, -0.000125, -0.004998, 0.969722, -0.022629, -0.243159, 0.066344, 0.982664, 0.173121, 0.235026, -0.184011, 0.954412),
      ["UpperTorso"] = CFrame.new(-0.000000, 0.000000, 0.000000, 0.970340, 0.237025, 0.047538, -0.239383, 0.969518, 0.052256, -0.033703, -0.062086, 0.997502)
    }},
    {Time = 3.667, Data = {
      ["Head"] = CFrame.new(0.000000, -0.000000, 0.000000, 0.973192, 0.225133, 0.047036, -0.229951, 0.956404, 0.180038, -0.004453, -0.186028, 0.982534),
      ["LeftFoot"] = CFrame.new(-0.000000, -0.000000, -0.000000, 0.981737, -0.178643, 0.065424, 0.173676, 0.981938, 0.075067, -0.077653, -0.062334, 0.995030),
      ["LeftHand"] = CFrame.new(-0.000000, 0.000000, -0.000000, 0.156331, -0.756558, -0.634965, 0.749200, 0.509751, -0.422911, 0.643631, -0.409601, 0.646502),
      ["LeftLowerArm"] = CFrame.new(-0.000000, 0.000000, 0.000000, 1.000000, -0.000000, 0.000000, 0.000000, 0.344498, -0.938787, 0.000000, 0.938787, 0.344497),
      ["LeftLowerLeg"] = CFrame.new(-0.000000, -0.000000, 0.000000, 1.000000, 0.000000, 0.000000, 0.000000, 0.999994, 0.003529, -0.000000, -0.003529, 0.999994),
      ["LeftUpperArm"] = CFrame.new(-0.000000, -0.065239, -0.000000, 0.085996, -0.156411, -0.983941, -0.446339, 0.876900, -0.178405, 0.890722, 0.454513, 0.005597),
      ["LeftUpperLeg"] = CFrame.new(0.000026, 0.000126, 0.004997, 0.746902, 0.605813, 0.274095, -0.623742, 0.781168, -0.026880, -0.230398, -0.150887, 0.961327),
      ["LowerTorso"] = CFrame.new(0.196647, 0.039594, 0.089815, 0.887506, -0.217454, -0.406261, 0.208993, 0.975708, -0.065694, 0.410677, -0.026603, 0.911393),
      ["RightFoot"] = CFrame.new(0.000000, 0.000000, 0.000000, 0.957024, 0.249136, 0.148446, -0.238773, 0.967414, -0.084253, -0.164600, 0.045188, 0.985325),
      ["RightHand"] = CFrame.new(0.000000, -0.000000, -0.000000, 0.456127, -0.776467, 0.434792, 0.888606, 0.423882, -0.175229, -0.048237, 0.466286, 0.883318),
      ["RightLowerArm"] = CFrame.new(0.000000, 0.000000, 0.000000, 1.000000, 0.000001, -0.000000, 0.000001, 0.084266, -0.996444, 0.000001, 0.996443, 0.084263),
      ["RightLowerLeg"] = CFrame.new(0.000000, -0.000000, 0.000000, 1.000000, -0.000000, -0.000000, -0.000000, 0.999999, 0.001243, 0.000000, -0.001244, 0.999999),
      ["RightUpperArm"] = CFrame.new(0.000000, -0.065238, -0.000000, -0.079344, -0.130920, 0.988213, 0.437763, 0.886057, 0.152535, -0.895582, 0.444706, -0.012991),
      ["RightUpperLeg"] = CFrame.new(-0.000025, -0.000125, -0.004998, 0.969714, -0.022893, -0.243167, 0.066658, 0.982610, 0.173303, 0.234972, -0.184263, 0.954377),
      ["UpperTorso"] = CFrame.new(-0.000000, 0.000000, -0.000000, 0.970463, 0.236539, 0.047444, -0.238888, 0.969647, 0.052127, -0.033674, -0.061921, 0.997513)
    }},
    {Time = 3.700, Data = {
      ["Head"] = CFrame.new(-0.000000, 0.000000, -0.000000, 0.973325, 0.224696, 0.046373, -0.229397, 0.956585, 0.179782, -0.003963, -0.185625, 0.982613),
      ["LeftFoot"] = CFrame.new(-0.000000, 0.000000, 0.000000, 0.981759, -0.178510, 0.065458, 0.173559, 0.981976, 0.074835, -0.077637, -0.062109, 0.995045),
      ["LeftHand"] = CFrame.new(-0.000000, 0.000000, -0.000000, 0.156973, -0.756768, -0.634556, 0.750284, 0.509193, -0.421659, 0.642210, -0.409908, 0.647721),
      ["LeftLowerArm"] = CFrame.new(0.000000, 0.000000, -0.000000, 1.000000, 0.000000, -0.000000, 0.000000, 0.344498, -0.938787, 0.000000, 0.938787, 0.344498),
      ["LeftLowerLeg"] = CFrame.new(-0.000000, 0.000000, -0.000000, 1.000000, -0.000000, 0.000000, 0.000000, 0.999994, 0.003533, 0.000000, -0.003533, 0.999994),
      ["LeftUpperArm"] = CFrame.new(-0.000000, -0.065238, 0.000000, 0.086097, -0.156025, -0.983994, -0.446094, 0.877086, -0.178105, 0.890835, 0.454287, 0.005913),
      ["LeftUpperLeg"] = CFrame.new(0.000026, 0.000125, 0.004997, 0.747046, 0.605603, 0.274168, -0.623577, 0.781306, -0.026697, -0.230378, -0.151020, 0.961311),
      ["LowerTorso"] = CFrame.new(0.196495, 0.039615, 0.089430, 0.887531, -0.217384, -0.406243, 0.208897, 0.975726, -0.065734, 0.410672, -0.026523, 0.911398),
      ["RightFoot"] = CFrame.new(0.000000, 0.000000, -0.000000, 0.956984, 0.249288, 0.148446, -0.238939, 0.967379, -0.084181, -0.164589, 0.045091, 0.985331),
      ["RightHand"] = CFrame.new(-0.000000, 0.000000, -0.000000, 0.455860, -0.776441, 0.435119, 0.888796, 0.423073, -0.176219, -0.047260, 0.467064, 0.882960),
      ["RightLowerArm"] = CFrame.new(-0.000000, -0.000000, 0.000000, 1.000000, 0.000000, -0.000000, 0.000001, 0.085200, -0.996364, 0.000001, 0.996364, 0.085197),
      ["RightLowerLeg"] = CFrame.new(0.000000, -0.000000, -0.000000, 1.000000, 0.000000, -0.000000, 0.000000, 0.999999, 0.001246, 0.000000, -0.001246, 0.999999),
      ["RightUpperArm"] = CFrame.new(0.000000, -0.065238, -0.000000, -0.079689, -0.130931, 0.988183, 0.437169, 0.886324, 0.152689, -0.895842, 0.444170, -0.013392),
      ["RightUpperLeg"] = CFrame.new(-0.000026, -0.000126, -0.004998, 0.969702, -0.023126, -0.243192, 0.066929, 0.982571, 0.173423, 0.234943, -0.184446, 0.954349),
      ["UpperTorso"] = CFrame.new(-0.000000, 0.000000, -0.000000, 0.970587, 0.236046, 0.047360, -0.238374, 0.969799, 0.051654, -0.033737, -0.061424, 0.997541)
    }},
    {Time = 3.733, Data = {
      ["Head"] = CFrame.new(-0.000000, -0.000000, -0.000000, 0.973449, 0.224274, 0.045806, -0.228876, 0.956758, 0.179527, -0.003562, -0.185244, 0.982686),
      ["LeftFoot"] = CFrame.new(-0.000000, -0.000000, -0.000000, 0.981775, -0.178406, 0.065494, 0.173470, 0.982008, 0.074618, -0.077627, -0.061897, 0.995059),
      ["LeftHand"] = CFrame.new(-0.000000, 0.000000, 0.000000, 0.157565, -0.756974, -0.634164, 0.751303, 0.508656, -0.420491, 0.640872, -0.410194, 0.648863),
      ["LeftLowerArm"] = CFrame.new(0.000000, -0.000000, 0.000000, 1.000000, -0.000000, 0.000000, 0.000000, 0.344498, -0.938787, -0.000000, 0.938787, 0.344498),
      ["LeftLowerLeg"] = CFrame.new(0.000000, -0.000000, 0.000000, 1.000000, -0.000000, -0.000000, -0.000000, 0.999994, 0.003536, 0.000000, -0.003536, 0.999994),
      ["LeftUpperArm"] = CFrame.new(0.000000, -0.065238, 0.000000, 0.086213, -0.155722, -0.984031, -0.445837, 0.877261, -0.177886, 0.890953, 0.454053, 0.006204),
      ["LeftUpperLeg"] = CFrame.new(0.000026, 0.000125, 0.004997, 0.747190, 0.605392, 0.274242, -0.623412, 0.781443, -0.026515, -0.230357, -0.151154, 0.961295),
      ["LowerTorso"] = CFrame.new(0.196368, 0.039637, 0.089048, 0.887556, -0.217314, -0.406226, 0.208802, 0.975743, -0.065774, 0.410666, -0.026443, 0.911402),
      ["RightFoot"] = CFrame.new(0.000000, 0.000000, -0.000000, 0.956945, 0.249436, 0.148447, -0.239105, 0.967346, -0.084087, -0.164575, 0.044972, 0.985339),
      ["RightHand"] = CFrame.new(0.000000, 0.000000, 0.000000, 0.455639, -0.776420, 0.435386, 0.888953, 0.422392, -0.177061, -0.046426, 0.467714, 0.882660),
      ["RightLowerArm"] = CFrame.new(-0.000000, 0.000000, -0.000000, 1.000000, 0.000001, -0.000000, 0.000001, 0.085994, -0.996296, 0.000001, 0.996296, 0.085989),
      ["RightLowerLeg"] = CFrame.new(-0.000000, -0.000001, -0.000000, 1.000000, 0.000000, 0.000000, 0.000000, 0.999999, 0.001246, -0.000000, -0.001246, 0.999999),
      ["RightUpperArm"] = CFrame.new(-0.000000, -0.065238, 0.000000, -0.079987, -0.130908, 0.988162, 0.436633, 0.886570, 0.152793, -0.896077, 0.443686, -0.013756),
      ["RightUpperLeg"] = CFrame.new(-0.000025, -0.000125, -0.004998, 0.969685, -0.023363, -0.243236, 0.067188, 0.982546, 0.173463, 0.234938, -0.184548, 0.954330),
      ["UpperTorso"] = CFrame.new(0.000000, -0.000000, -0.000000, 0.970722, 0.235529, 0.047176, -0.237828, 0.969961, 0.051119, -0.033719, -0.060842, 0.997578)
    }},
    {Time = 3.767, Data = {
      ["Head"] = CFrame.new(-0.000000, -0.000000, 0.000000, 0.973578, 0.223835, 0.045210, -0.228333, 0.956935, 0.179276, -0.003135, -0.184862, 0.982760),
      ["LeftFoot"] = CFrame.new(0.000000, 0.000000, -0.000000, 0.981789, -0.178315, 0.065530, 0.173394, 0.982040, 0.074378, -0.077616, -0.061662, 0.995075),
      ["LeftHand"] = CFrame.new(0.000000, -0.000000, -0.000000, 0.158092, -0.757189, -0.633776, 0.752264, 0.508121, -0.419418, 0.639613, -0.410461, 0.649936),
      ["LeftLowerArm"] = CFrame.new(-0.000000, -0.000000, 0.000000, 1.000000, -0.000000, -0.000000, 0.000000, 0.344498, -0.938787, -0.000000, 0.938787, 0.344498),
      ["LeftLowerLeg"] = CFrame.new(0.000000, -0.000000, 0.000000, 1.000000, -0.000000, -0.000000, 0.000000, 0.999994, 0.003541, -0.000000, -0.003541, 0.999994),
      ["LeftUpperArm"] = CFrame.new(0.000000, -0.065238, -0.000000, 0.086356, -0.155485, -0.984056, -0.445570, 0.877426, -0.177739, 0.891072, 0.453815, 0.006492),
      ["LeftUpperLeg"] = CFrame.new(0.000025, 0.000126, 0.004997, 0.747328, 0.605199, 0.274291, -0.623243, 0.781581, -0.026411, -0.230365, -0.151211, 0.961284),
      ["LowerTorso"] = CFrame.new(0.196261, 0.039659, 0.088670, 0.887602, -0.217175, -0.406200, 0.208707, 0.975773, -0.065641, 0.410614, -0.026514, 0.911424),
      ["RightFoot"] = CFrame.new(-0.000000, 0.000000, -0.000000, 0.956913, 0.249563, 0.148443, -0.239237, 0.967316, -0.084062, -0.164570, 0.044927, 0.985342),
      ["RightHand"] = CFrame.new(0.000000, 0.000000, 0.000000, 0.455510, -0.776339, 0.435666, 0.889054, 0.421871, -0.177797, -0.045760, 0.468320, 0.882373),
      ["RightLowerArm"] = CFrame.new(0.000000, 0.000000, 0.000000, 1.000000, 0.000001, -0.000000, 0.000001, 0.086664, -0.996238, 0.000001, 0.996238, 0.086660),
      ["RightLowerLeg"] = CFrame.new(-0.000000, -0.000000, -0.000000, 1.000000, 0.000000, 0.000000, -0.000000, 0.999999, 0.001250, -0.000000, -0.001250, 0.999999),
      ["RightUpperArm"] = CFrame.new(-0.000000, -0.065238, 0.000000, -0.080166, -0.130833, 0.988158, 0.436096, 0.886834, 0.152796, -0.896323, 0.443180, -0.014038),
      ["RightUpperLeg"] = CFrame.new(-0.000025, -0.000126, -0.004997, 0.969665, -0.023571, -0.243300, 0.067415, 0.982528, 0.173479, 0.234959, -0.184618, 0.954311),
      ["UpperTorso"] = CFrame.new(0.000000, -0.000000, 0.000000, 0.970836, 0.235085, 0.047044, -0.237362, 0.970097, 0.050705, -0.033717, -0.060392, 0.997605)
    }},
    {Time = 3.800, Data = {
      ["Head"] = CFrame.new(0.000000, 0.000000, -0.000000, 0.973722, 0.223334, 0.044585, -0.227725, 0.957120, 0.179063, -0.002683, -0.184510, 0.982827),
      ["LeftFoot"] = CFrame.new(-0.000000, -0.000000, -0.000000, 0.981802, -0.178230, 0.065564, 0.173323, 0.982067, 0.074181, -0.077610, -0.061468, 0.995087),
      ["LeftHand"] = CFrame.new(0.000000, 0.000000, 0.000000, 0.158581, -0.757360, -0.633450, 0.753107, 0.507675, -0.418446, 0.638500, -0.410698, 0.650880),
      ["LeftLowerArm"] = CFrame.new(-0.000000, 0.000000, 0.000000, 1.000000, -0.000000, 0.000000, 0.000000, 0.344498, -0.938787, 0.000000, 0.938787, 0.344497),
      ["LeftLowerLeg"] = CFrame.new(0.000000, -0.000000, -0.000000, 1.000000, -0.000000, 0.000000, 0.000000, 0.999994, 0.003546, 0.000000, -0.003546, 0.999994),
      ["LeftUpperArm"] = CFrame.new(0.000000, -0.065238, -0.000000, 0.086417, -0.155118, -0.984109, -0.445337, 0.877606, -0.177437, 0.891183, 0.453593, 0.006760),
      ["LeftUpperLeg"] = CFrame.new(0.000026, 0.000126, 0.004997, 0.747467, 0.605005, 0.274340, -0.623073, 0.781720, -0.026308, -0.230374, -0.151269, 0.961273),
      ["LowerTorso"] = CFrame.new(0.196179, 0.039680, 0.088295, 0.887648, -0.217035, -0.406174, 0.208612, 0.975802, -0.065509, 0.410563, -0.026584, 0.911445),
      ["RightFoot"] = CFrame.new(0.000000, 0.000000, 0.000000, 0.956881, 0.249689, 0.148439, -0.239369, 0.967285, -0.084037, -0.164566, 0.044882, 0.985344),
      ["RightHand"] = CFrame.new(-0.000000, -0.000000, -0.000000, 0.455472, -0.776195, 0.435962, 0.889097, 0.421524, -0.178402, -0.045288, 0.468870, 0.882105),
      ["RightLowerArm"] = CFrame.new(-0.000000, -0.000001, 0.000000, 1.000000, 0.000001, -0.000000, 0.000001, 0.087228, -0.996189, 0.000001, 0.996188, 0.087223),
      ["RightLowerLeg"] = CFrame.new(0.000000, -0.000000, -0.000000, 1.000000, 0.000000, -0.000000, -0.000000, 0.999999, 0.001254, -0.000000, -0.001254, 0.999999),
      ["RightUpperArm"] = CFrame.new(0.000000, -0.065238, -0.000000, -0.080214, -0.130704, 0.988171, 0.435548, 0.887121, 0.152693, -0.896585, 0.442643, -0.014231),
      ["RightUpperLeg"] = CFrame.new(-0.000026, -0.000126, -0.004998, 0.969643, -0.023779, -0.243363, 0.067642, 0.982509, 0.173494, 0.234981, -0.184689, 0.954292),
      ["UpperTorso"] = CFrame.new(-0.000000, 0.000000, -0.000000, 0.970940, 0.234690, 0.046875, -0.236944, 0.970219, 0.050316, -0.033670, -0.059960, 0.997633)
    }},
    {Time = 3.833, Data = {
      ["Head"] = CFrame.new(0.000000, -0.000000, -0.000000, 0.973858, 0.222850, 0.044019, -0.227144, 0.957302, 0.178824, -0.002289, -0.184148, 0.982896),
      ["LeftFoot"] = CFrame.new(0.000000, -0.000000, 0.000000, 0.981817, -0.178138, 0.065593, 0.173240, 0.982093, 0.074037, -0.077608, -0.061328, 0.995096),
      ["LeftHand"] = CFrame.new(0.000000, -0.000000, 0.000000, 0.158980, -0.757500, -0.633182, 0.753838, 0.507281, -0.417605, 0.637537, -0.410926, 0.651680),
      ["LeftLowerArm"] = CFrame.new(0.000000, -0.000000, 0.000000, 1.000000, 0.000000, -0.000000, 0.000000, 0.344498, -0.938787, 0.000000, 0.938787, 0.344498),
      ["LeftLowerLeg"] = CFrame.new(0.000000, 0.000000, -0.000000, 1.000000, 0.000000, 0.000000, -0.000000, 0.999994, 0.003547, 0.000000, -0.003547, 0.999994),
      ["LeftUpperArm"] = CFrame.new(-0.000000, -0.065238, 0.000000, 0.086498, -0.154841, -0.984145, -0.445105, 0.877766, -0.177225, 0.891291, 0.453377, 0.007004),
      ["LeftUpperLeg"] = CFrame.new(0.000026, 0.000126, 0.004997, 0.747610, 0.604835, 0.274327, -0.622881, 0.781872, -0.026356, -0.230430, -0.151169, 0.961275),
      ["LowerTorso"] = CFrame.new(0.196118, 0.039702, 0.087909, 0.887694, -0.216895, -0.406148, 0.208517, 0.975831, -0.065377, 0.410511, -0.026655, 0.911466),
      ["RightFoot"] = CFrame.new(-0.000000, 0.000001, -0.000000, 0.956851, 0.249803, 0.148437, -0.239494, 0.967259, -0.083982, -0.164557, 0.044809, 0.985349),
      ["RightHand"] = CFrame.new(-0.000000, 0.000000, -0.000000, 0.455549, -0.775959, 0.436303, 0.889071, 0.421373, -0.178886, -0.045035, 0.469396, 0.881839),
      ["RightLowerArm"] = CFrame.new(-0.000000, -0.000000, 0.000000, 1.000000, 0.000001, -0.000000, 0.000001, 0.087686, -0.996148, 0.000001, 0.996148, 0.087683),
      ["RightLowerLeg"] = CFrame.new(0.000000, -0.000000, -0.000000, 1.000000, -0.000000, 0.000000, -0.000000, 0.999999, 0.001256, 0.000000, -0.001256, 0.999999),
      ["RightUpperArm"] = CFrame.new(0.000000, -0.065238, -0.000000, -0.080108, -0.130513, 0.988205, 0.434978, 0.887440, 0.152466, -0.896871, 0.442061, -0.014321),
      ["RightUpperLeg"] = CFrame.new(-0.000025, -0.000126, -0.004998, 0.969616, -0.023964, -0.243454, 0.067826, 0.982512, 0.173409, 0.235042, -0.184653, 0.954285),
      ["UpperTorso"] = CFrame.new(-0.000000, 0.000000, -0.000000, 0.971038, 0.234321, 0.046682, -0.236551, 0.970336, 0.049912, -0.033602, -0.059509, 0.997662)
    }},
    {Time = 3.867, Data = {
      ["Head"] = CFrame.new(0.000000, 0.000000, 0.000000, 0.973997, 0.222347, 0.043488, -0.226552, 0.957486, 0.178593, -0.001929, -0.183801, 0.982961),
      ["LeftFoot"] = CFrame.new(-0.000000, -0.000000, 0.000000, 0.981822, -0.178100, 0.065623, 0.173210, 0.982108, 0.073906, -0.077611, -0.061197, 0.995104),
      ["LeftHand"] = CFrame.new(0.000000, 0.000000, -0.000000, 0.159325, -0.757631, -0.632939, 0.754472, 0.506932, -0.416884, 0.636701, -0.411114, 0.652377),
      ["LeftLowerArm"] = CFrame.new(0.000000, 0.000000, -0.000000, 1.000000, -0.000000, 0.000000, 0.000000, 0.344498, -0.938787, 0.000000, 0.938787, 0.344498),
      ["LeftLowerLeg"] = CFrame.new(0.000000, -0.000000, 0.000000, 1.000000, -0.000000, -0.000000, -0.000000, 0.999994, 0.003552, 0.000000, -0.003552, 0.999994),
      ["LeftUpperArm"] = CFrame.new(0.000000, -0.065238, 0.000000, 0.086598, -0.154654, -0.984166, -0.444864, 0.877913, -0.177102, 0.891402, 0.453156, 0.007226),
      ["LeftUpperLeg"] = CFrame.new(0.000026, 0.000126, 0.004997, 0.747748, 0.604659, 0.274340, -0.622698, 0.782017, -0.026363, -0.230480, -0.151118, 0.961271),
      ["LowerTorso"] = CFrame.new(0.196076, 0.039722, 0.087517, 0.887754, -0.216713, -0.406115, 0.208430, 0.975866, -0.065124, 0.410427, -0.026833, 0.911499),
      ["RightFoot"] = CFrame.new(-0.000000, 0.000000, -0.000000, 0.956826, 0.249904, 0.148427, -0.239591, 0.967233, -0.084006, -0.164558, 0.044818, 0.985349),
      ["RightHand"] = CFrame.new(0.000000, 0.000000, -0.000000, 0.455730, -0.775643, 0.436674, 0.888981, 0.421411, -0.179247, -0.044984, 0.469883, 0.881582),
      ["RightLowerArm"] = CFrame.new(0.000000, -0.000000, 0.000000, 1.000000, 0.000001, -0.000000, 0.000001, 0.088006, -0.996120, 0.000001, 0.996120, 0.088003),
      ["RightLowerLeg"] = CFrame.new(0.000000, -0.000000, 0.000000, 1.000000, 0.000000, 0.000000, 0.000000, 0.999999, 0.001261, 0.000000, -0.001261, 0.999999),
      ["RightUpperArm"] = CFrame.new(-0.000000, -0.065238, -0.000000, -0.079846, -0.130270, 0.988258, 0.434401, 0.887781, 0.152122, -0.897174, 0.441446, -0.014296),
      ["RightUpperLeg"] = CFrame.new(-0.000026, -0.000126, -0.004997, 0.969589, -0.024152, -0.243544, 0.068024, 0.982505, 0.173368, 0.235096, -0.184663, 0.954269),
      ["UpperTorso"] = CFrame.new(-0.000000, 0.000000, 0.000000, 0.971125, 0.234005, 0.046466, -0.236210, 0.970437, 0.049569, -0.033493, -0.059113, 0.997689)
    }},
    {Time = 3.900, Data = {
      ["Head"] = CFrame.new(-0.000000, 0.000000, -0.000000, 0.974141, 0.221822, 0.042955, -0.225937, 0.957676, 0.178348, -0.001575, -0.183442, 0.983029),
      ["LeftFoot"] = CFrame.new(-0.000000, 0.000000, 0.000000, 0.981825, -0.178074, 0.065647, 0.173192, 0.982119, 0.073806, -0.077616, -0.061096, 0.995110),
      ["LeftHand"] = CFrame.new(-0.000000, 0.000000, 0.000000, 0.159634, -0.757726, -0.632747, 0.754978, 0.506674, -0.416281, 0.636023, -0.411257, 0.652948),
      ["LeftLowerArm"] = CFrame.new(0.000000, 0.000000, -0.000000, 1.000000, 0.000000, -0.000000, 0.000000, 0.344498, -0.938787, 0.000000, 0.938787, 0.344498),
      ["LeftLowerLeg"] = CFrame.new(0.000000, 0.000000, 0.000000, 1.000000, 0.000000, 0.000000, 0.000000, 0.999994, 0.003555, 0.000000, -0.003555, 0.999994),
      ["LeftUpperArm"] = CFrame.new(0.000000, -0.065238, 0.000000, 0.086635, -0.154415, -0.984200, -0.444651, 0.878061, -0.176903, 0.891504, 0.452952, 0.007410),
      ["LeftUpperLeg"] = CFrame.new(0.000025, 0.000125, 0.004997, 0.747854, 0.604539, 0.274314, -0.622547, 0.782135, -0.026452, -0.230543, -0.150991, 0.961276),
      ["LowerTorso"] = CFrame.new(0.196078, 0.039742, 0.087132, 0.887813, -0.216532, -0.406082, 0.208343, 0.975902, -0.064871, 0.410343, -0.027011, 0.911531),
      ["RightFoot"] = CFrame.new(-0.000000, 0.000000, 0.000000, 0.956807, 0.249980, 0.148422, -0.239670, 0.967214, -0.084002, -0.164555, 0.044802, 0.985350),
      ["RightHand"] = CFrame.new(-0.000000, -0.000000, -0.000000, 0.455967, -0.775308, 0.437022, 0.888856, 0.421560, -0.179515, -0.045048, 0.470302, 0.881355),
      ["RightLowerArm"] = CFrame.new(0.000000, -0.000000, 0.000000, 1.000000, 0.000001, -0.000001, 0.000001, 0.088176, -0.996105, 0.000001, 0.996105, 0.088173),
      ["RightLowerLeg"] = CFrame.new(-0.000000, -0.000000, -0.000000, 1.000000, -0.000000, 0.000000, 0.000000, 0.999999, 0.001264, 0.000000, -0.001264, 0.999999),
      ["RightUpperArm"] = CFrame.new(-0.000000, -0.065238, -0.000000, -0.079536, -0.130021, 0.988316, 0.433848, 0.888114, 0.151754, -0.897469, 0.440849, -0.014228),
      ["RightUpperLeg"] = CFrame.new(-0.000026, -0.000126, -0.004997, 0.969559, -0.024273, -0.243652, 0.068136, 0.982520, 0.173241, 0.235188, -0.184569, 0.954265),
      ["UpperTorso"] = CFrame.new(-0.000000, -0.000000, -0.000000, 0.971199, 0.233735, 0.046272, -0.235910, 0.970537, 0.049024, -0.033450, -0.058528, 0.997725)
    }},
    {Time = 3.933, Data = {
      ["Head"] = CFrame.new(0.000000, -0.000000, 0.000000, 0.974283, 0.221297, 0.042424, -0.225323, 0.957864, 0.178117, -0.001220, -0.183095, 0.983094),
      ["LeftFoot"] = CFrame.new(-0.000000, 0.000000, -0.000000, 0.981827, -0.178050, 0.065675, 0.173176, 0.982131, 0.073678, -0.077619, -0.060966, 0.995117),
      ["LeftHand"] = CFrame.new(-0.000000, 0.000000, -0.000000, 0.159882, -0.757825, -0.632566, 0.755379, 0.506455, -0.415820, 0.635484, -0.411344, 0.653418),
      ["LeftLowerArm"] = CFrame.new(-0.000000, -0.000000, 0.000000, 1.000000, 0.000000, -0.000000, 0.000000, 0.344498, -0.938787, 0.000000, 0.938787, 0.344498),
      ["LeftLowerLeg"] = CFrame.new(0.000000, -0.000000, 0.000000, 1.000000, -0.000000, -0.000000, 0.000000, 0.999994, 0.003560, -0.000000, -0.003560, 0.999994),
      ["LeftUpperArm"] = CFrame.new(-0.000000, -0.065238, 0.000000, 0.086660, -0.154215, -0.984230, -0.444454, 0.878194, -0.176735, 0.891600, 0.452761, 0.007563),
      ["LeftUpperLeg"] = CFrame.new(0.000025, 0.000126, 0.004998, 0.747960, 0.604412, 0.274303, -0.622397, 0.782252, -0.026518, -0.230602, -0.150890, 0.961278),
      ["LowerTorso"] = CFrame.new(0.196121, 0.039762, 0.086753, 0.887876, -0.216340, -0.406047, 0.208273, 0.975938, -0.064555, 0.410243, -0.027252, 0.911569),
      ["RightFoot"] = CFrame.new(0.000000, 0.000000, 0.000000, 0.956785, 0.250070, 0.148412, -0.239757, 0.967190, -0.084023, -0.164555, 0.044810, 0.985350),
      ["RightHand"] = CFrame.new(0.000000, -0.000000, 0.000000, 0.456205, -0.774986, 0.437345, 0.888725, 0.421768, -0.179671, -0.045212, 0.470647, 0.881163),
      ["RightLowerArm"] = CFrame.new(0.000000, -0.000000, 0.000000, 1.000000, 0.000001, -0.000000, 0.000000, 0.088346, -0.996090, 0.000001, 0.996090, 0.088343),
      ["RightLowerLeg"] = CFrame.new(0.000000, 0.000000, 0.000000, 1.000000, -0.000000, 0.000000, 0.000000, 0.999999, 0.001269, 0.000000, -0.001269, 0.999999),
      ["RightUpperArm"] = CFrame.new(0.000000, -0.065238, -0.000000, -0.079186, -0.129778, 0.988376, 0.433337, 0.888429, 0.151372, -0.897747, 0.440286, -0.014113),
      ["RightUpperLeg"] = CFrame.new(-0.000026, -0.000125, -0.004997, 0.969528, -0.024401, -0.243759, 0.068261, 0.982530, 0.173135, 0.235276, -0.184498, 0.954257),
      ["UpperTorso"] = CFrame.new(-0.000000, 0.000000, -0.000000, 0.971262, 0.233511, 0.046072, -0.235657, 0.970626, 0.048475, -0.033399, -0.057939, 0.997761)
    }},
    {Time = 3.967, Data = {
      ["Head"] = CFrame.new(-0.000000, 0.000000, -0.000000, 0.974417, 0.220796, 0.041971, -0.224748, 0.958048, 0.177854, -0.000941, -0.182737, 0.983161),
      ["LeftFoot"] = CFrame.new(0.000000, -0.000000, -0.000000, 0.981830, -0.178028, 0.065699, 0.173160, 0.982141, 0.073576, -0.077624, -0.060863, 0.995123),
      ["LeftHand"] = CFrame.new(0.000000, 0.000000, -0.000000, 0.160043, -0.757872, -0.632468, 0.755636, 0.506327, -0.415510, 0.635138, -0.411416, 0.653709),
      ["LeftLowerArm"] = CFrame.new(0.000000, 0.000000, 0.000000, 1.000000, -0.000000, -0.000000, 0.000000, 0.344497, -0.938788, -0.000000, 0.938787, 0.344496),
      ["LeftLowerLeg"] = CFrame.new(-0.000000, -0.000000, 0.000000, 1.000000, 0.000000, -0.000000, 0.000000, 0.999994, 0.003563, -0.000000, -0.003563, 0.999994),
      ["LeftUpperArm"] = CFrame.new(0.000000, -0.065238, 0.000000, 0.086687, -0.154052, -0.984253, -0.444267, 0.878317, -0.176600, 0.891691, 0.452579, 0.007699),
      ["LeftUpperLeg"] = CFrame.new(0.000025, 0.000126, 0.004997, 0.748053, 0.604321, 0.274251, -0.622252, 0.782361, -0.026688, -0.230692, -0.150689, 0.961288),
      ["LowerTorso"] = CFrame.new(0.196189, 0.039779, 0.086381, 0.887938, -0.216149, -0.406013, 0.208217, 0.975972, -0.064212, 0.410137, -0.027523, 0.911609),
      ["RightFoot"] = CFrame.new(0.000000, 0.000000, -0.000000, 0.956766, 0.250149, 0.148407, -0.239839, 0.967171, -0.084010, -0.164551, 0.044784, 0.985352),
      ["RightHand"] = CFrame.new(-0.000000, -0.000000, 0.000000, 0.456536, -0.774628, 0.437633, 0.888542, 0.422117, -0.179760, -0.045481, 0.470922, 0.881002),
      ["RightLowerArm"] = CFrame.new(-0.000000, -0.000000, 0.000000, 1.000000, 0.000001, -0.000000, 0.000001, 0.088228, -0.996101, 0.000001, 0.996100, 0.088224),
      ["RightLowerLeg"] = CFrame.new(-0.000000, 0.000000, 0.000000, 1.000000, 0.000000, 0.000000, -0.000000, 0.999999, 0.001272, -0.000000, -0.001272, 0.999999),
      ["RightUpperArm"] = CFrame.new(-0.000000, -0.065238, -0.000000, -0.078748, -0.129534, 0.988443, 0.432859, 0.888733, 0.150953, -0.898015, 0.439744, -0.013916),
      ["RightUpperLeg"] = CFrame.new(-0.000025, -0.000125, -0.004997, 0.969484, -0.024497, -0.243926, 0.068327, 0.982570, 0.172882, 0.235440, -0.184273, 0.954260),
      ["UpperTorso"] = CFrame.new(0.000000, 0.000000, -0.000000, 0.971314, 0.233334, 0.045869, -0.235450, 0.970703, 0.047937, -0.033340, -0.057362, 0.997797)
    }},
    {Time = 4.000, Data = {
      ["Head"] = CFrame.new(-0.000000, 0.000000, 0.000000, 0.974639, 0.219942, 0.041285, -0.223782, 0.958331, 0.177548, -0.000514, -0.182284, 0.983246),
      ["LeftFoot"] = CFrame.new(0.000000, -0.000000, -0.000000, 0.981819, -0.178082, 0.065719, 0.173217, 0.982135, 0.073521, -0.077638, -0.060801, 0.995126),
      ["LeftHand"] = CFrame.new(0.000000, 0.000000, 0.000000, 0.160041, -0.757872, -0.632469, 0.755634, 0.506327, -0.415512, 0.635141, -0.411415, 0.653707),
      ["LeftLowerArm"] = CFrame.new(0.000000, -0.000000, -0.000000, 1.000000, -0.000000, -0.000000, 0.000000, 0.344497, -0.938788, 0.000000, 0.938787, 0.344496),
      ["LeftLowerLeg"] = CFrame.new(0.000000, -0.000000, 0.000000, 1.000000, 0.000000, 0.000000, -0.000000, 0.999994, 0.003569, 0.000000, -0.003569, 0.999994),
      ["LeftUpperArm"] = CFrame.new(0.000000, -0.065239, 0.000000, 0.086640, -0.153822, -0.984293, -0.443915, 0.878541, -0.176370, 0.891871, 0.452223, 0.007833),
      ["LeftUpperLeg"] = CFrame.new(0.000026, 0.000126, 0.004997, 0.748164, 0.604226, 0.274158, -0.622065, 0.782500, -0.026992, -0.230838, -0.150349, 0.961306),
      ["LowerTorso"] = CFrame.new(0.196402, 0.039806, 0.085770, 0.888054, -0.215819, -0.405935, 0.208146, 0.976030, -0.063556, 0.409921, -0.028053, 0.911689),
      ["RightFoot"] = CFrame.new(-0.000000, 0.000000, 0.000000, 0.956750, 0.250219, 0.148387, -0.239887, 0.967146, -0.084157, -0.164570, 0.044921, 0.985342),
      ["RightHand"] = CFrame.new(-0.000000, 0.000000, -0.000000, 0.457082, -0.774042, 0.438099, 0.888223, 0.422843, -0.179628, -0.046204, 0.471235, 0.880797),
      ["RightLowerArm"] = CFrame.new(0.000000, 0.000000, -0.000000, 1.000000, 0.000001, -0.000000, 0.000001, 0.088109, -0.996111, 0.000001, 0.996111, 0.088106),
      ["RightLowerLeg"] = CFrame.new(0.000000, 0.000000, -0.000000, 1.000000, 0.000000, 0.000000, -0.000000, 0.999999, 0.001284, 0.000000, -0.001284, 0.999999),
      ["RightUpperArm"] = CFrame.new(0.000000, -0.065239, 0.000000, -0.077918, -0.129118, 0.988563, 0.432109, 0.889225, 0.150202, -0.898449, 0.438871, -0.013494),
      ["RightUpperLeg"] = CFrame.new(-0.000025, -0.000125, -0.004998, 0.969442, -0.024588, -0.244086, 0.068418, 0.982587, 0.172745, 0.235588, -0.184167, 0.954244),
      ["UpperTorso"] = CFrame.new(0.000000, 0.000000, 0.000000, 0.971370, 0.233174, 0.045501, -0.235235, 0.970807, 0.046877, -0.033243, -0.056239, 0.997864)
    }},
    {Time = 4.033, Data = {
      ["Head"] = CFrame.new(-0.000000, 0.000000, -0.000000, 0.974743, 0.219539, 0.040967, -0.223329, 0.958459, 0.177430, -0.000313, -0.182097, 0.983280),
      ["LeftFoot"] = CFrame.new(0.000000, 0.000000, -0.000000, 0.981808, -0.178138, 0.065735, 0.173273, 0.982126, 0.073508, -0.077654, -0.060781, 0.995126),
      ["LeftHand"] = CFrame.new(0.000000, -0.000000, -0.000000, 0.160040, -0.757871, -0.632470, 0.755631, 0.506329, -0.415515, 0.635144, -0.411415, 0.653704),
      ["LeftLowerArm"] = CFrame.new(0.000000, -0.000000, -0.000000, 1.000000, 0.000000, -0.000000, 0.000000, 0.344497, -0.938788, 0.000000, 0.938787, 0.344496),
      ["LeftLowerLeg"] = CFrame.new(-0.000000, 0.000000, 0.000000, 1.000000, 0.000000, 0.000000, -0.000000, 0.999994, 0.003572, -0.000000, -0.003572, 0.999994),
      ["LeftUpperArm"] = CFrame.new(0.000000, -0.065238, -0.000000, 0.086616, -0.153721, -0.984311, -0.443749, 0.878645, -0.176267, 0.891955, 0.452054, 0.007891),
      ["LeftUpperLeg"] = CFrame.new(0.000025, 0.000125, 0.004998, 0.748210, 0.604189, 0.274114, -0.621984, 0.782559, -0.027134, -0.230905, -0.150193, 0.961314),
      ["LowerTorso"] = CFrame.new(0.196513, 0.039819, 0.085487, 0.888110, -0.215663, -0.405896, 0.208115, 0.976057, -0.063243, 0.409817, -0.028306, 0.911729),
      ["RightFoot"] = CFrame.new(-0.000000, 0.000000, -0.000000, 0.956742, 0.250258, 0.148377, -0.239920, 0.967135, -0.084200, -0.164573, 0.044959, 0.985340),
      ["RightHand"] = CFrame.new(-0.000000, -0.000000, -0.000000, 0.457361, -0.773758, 0.438311, 0.888061, 0.423222, -0.179540, -0.046578, 0.471362, 0.880709),
      ["RightLowerArm"] = CFrame.new(0.000000, 0.000000, 0.000000, 1.000000, 0.000001, -0.000000, 0.000001, 0.087991, -0.996122, 0.000001, 0.996121, 0.087987),
      ["RightLowerLeg"] = CFrame.new(0.000000, 0.000000, -0.000000, 1.000000, 0.000000, 0.000000, -0.000000, 0.999999, 0.001288, -0.000000, -0.001289, 0.999999),
      ["RightUpperArm"] = CFrame.new(0.000000, -0.065238, -0.000000, -0.077502, -0.128875, 0.988628, 0.431771, 0.889458, 0.149796, -0.898647, 0.438470, -0.013291),
      ["RightUpperLeg"] = CFrame.new(-0.000026, -0.000126, -0.004997, 0.969419, -0.024612, -0.244172, 0.068431, 0.982607, 0.172630, 0.235677, -0.184060, 0.954242),
      ["UpperTorso"] = CFrame.new(-0.000000, -0.000001, 0.000000, 0.971392, 0.233116, 0.045326, -0.235149, 0.970853, 0.046366, -0.033196, -0.055698, 0.997896)
    }},
    {Time = 4.067, Data = {
      ["Head"] = CFrame.new(0.000000, 0.000000, -0.000000, 0.974837, 0.219167, 0.040728, -0.222919, 0.958573, 0.177327, -0.000176, -0.181944, 0.983309),
      ["LeftFoot"] = CFrame.new(-0.000000, -0.000000, -0.000000, 0.981798, -0.178184, 0.065746, 0.173316, 0.982117, 0.073538, -0.077674, -0.060805, 0.995123),
      ["LeftHand"] = CFrame.new(0.000000, 0.000000, -0.000000, 0.160039, -0.757870, -0.632472, 0.755629, 0.506330, -0.415517, 0.635147, -0.411415, 0.653701),
      ["LeftLowerArm"] = CFrame.new(-0.000000, -0.000000, 0.000000, 1.000000, -0.000000, -0.000000, 0.000000, 0.344497, -0.938788, 0.000000, 0.938787, 0.344497),
      ["LeftLowerLeg"] = CFrame.new(0.000000, -0.000000, 0.000000, 1.000000, 0.000000, -0.000000, 0.000000, 0.999994, 0.003572, 0.000000, -0.003572, 0.999994),
      ["LeftUpperArm"] = CFrame.new(-0.000000, -0.065238, 0.000000, 0.086580, -0.153666, -0.984322, -0.443626, 0.878720, -0.176201, 0.892020, 0.451926, 0.007910),
      ["LeftUpperLeg"] = CFrame.new(0.000025, 0.000126, 0.004997, 0.748262, 0.604161, 0.274035, -0.621890, 0.782627, -0.027353, -0.230993, -0.149952, 0.961331),
      ["LowerTorso"] = CFrame.new(0.196605, 0.039832, 0.085252, 0.888147, -0.215531, -0.405885, 0.208086, 0.976080, -0.062983, 0.409751, -0.028521, 0.911751),
      ["RightFoot"] = CFrame.new(-0.000000, 0.000000, 0.000000, 0.956734, 0.250292, 0.148370, -0.239951, 0.967125, -0.084220, -0.164572, 0.044976, 0.985339),
      ["RightHand"] = CFrame.new(0.000000, 0.000000, -0.000000, 0.457449, -0.773729, 0.438271, 0.888003, 0.423429, -0.179338, -0.046814, 0.471224, 0.880770),
      ["RightLowerArm"] = CFrame.new(-0.000000, -0.000001, 0.000000, 1.000000, 0.000001, -0.000000, 0.000001, 0.087769, -0.996141, 0.000001, 0.996141, 0.087766),
      ["RightLowerLeg"] = CFrame.new(-0.000000, 0.000000, -0.000000, 1.000000, -0.000000, -0.000000, 0.000000, 0.999999, 0.001292, -0.000000, -0.001292, 0.999999),
      ["RightUpperArm"] = CFrame.new(0.000000, -0.065238, -0.000000, -0.077366, -0.128810, 0.988647, 0.431624, 0.889550, 0.149675, -0.898730, 0.438303, -0.013223),
      ["RightUpperLeg"] = CFrame.new(-0.000026, -0.000125, -0.004997, 0.969396, -0.024637, -0.244260, 0.068440, 0.982630, 0.172495, 0.235768, -0.183933, 0.954244),
      ["UpperTorso"] = CFrame.new(-0.000000, -0.000000, 0.000000, 0.971402, 0.233104, 0.045176, -0.235115, 0.970880, 0.045956, -0.033148, -0.055263, 0.997921)
    }},
    {Time = 4.100, Data = {
      ["Head"] = CFrame.new(0.000000, -0.000000, -0.000000, 0.974970, 0.218644, 0.040348, -0.222335, 0.958736, 0.177179, 0.000056, -0.181715, 0.983351),
      ["LeftFoot"] = CFrame.new(-0.000000, -0.000000, 0.000000, 0.981784, -0.178256, 0.065764, 0.173392, 0.982107, 0.073484, -0.077686, -0.060743, 0.995126),
      ["LeftHand"] = CFrame.new(-0.000000, 0.000000, 0.000000, 0.160037, -0.757870, -0.632472, 0.755627, 0.506331, -0.415519, 0.635150, -0.411414, 0.653699),
      ["LeftLowerArm"] = CFrame.new(0.000000, 0.000000, 0.000000, 1.000000, 0.000000, -0.000000, 0.000000, 0.344497, -0.938787, 0.000000, 0.938787, 0.344497),
      ["LeftLowerLeg"] = CFrame.new(-0.000000, 0.000000, 0.000000, 1.000000, -0.000000, 0.000000, -0.000000, 0.999994, 0.003579, 0.000000, -0.003579, 0.999994),
      ["LeftUpperArm"] = CFrame.new(-0.000000, -0.065238, 0.000000, 0.086517, -0.153608, -0.984337, -0.443416, 0.878843, -0.176119, 0.892131, 0.451708, 0.007923),
      ["LeftUpperLeg"] = CFrame.new(0.000025, 0.000126, 0.004997, 0.748300, 0.604130, 0.273998, -0.621815, 0.782680, -0.027505, -0.231070, -0.149794, 0.961337),
      ["LowerTorso"] = CFrame.new(0.196781, 0.039854, 0.084879, 0.888223, -0.215311, -0.405834, 0.208051, 0.976118, -0.062520, 0.409603, -0.028903, 0.911806),
      ["RightFoot"] = CFrame.new(0.000000, 0.000000, 0.000000, 0.956724, 0.250338, 0.148357, -0.239985, 0.967110, -0.084295, -0.164580, 0.045044, 0.985335),
      ["RightHand"] = CFrame.new(0.000000, 0.000000, 0.000000, 0.457536, -0.773700, 0.438231, 0.887946, 0.423636, -0.179133, -0.047051, 0.471085, 0.880832),
      ["RightLowerArm"] = CFrame.new(0.000000, 0.000000, -0.000000, 1.000000, 0.000001, -0.000000, 0.000001, 0.087548, -0.996161, 0.000001, 0.996160, 0.087543),
      ["RightLowerLeg"] = CFrame.new(0.000000, -0.000000, -0.000000, 1.000000, 0.000000, -0.000000, -0.000000, 0.999999, 0.001298, 0.000000, -0.001298, 0.999999),
      ["RightUpperArm"] = CFrame.new(-0.000000, -0.065238, 0.000000, -0.077202, -0.128627, 0.988683, 0.431508, 0.889646, 0.149437, -0.898800, 0.438162, -0.013179),
      ["RightUpperLeg"] = CFrame.new(-0.000026, -0.000126, -0.004997, 0.969364, -0.024658, -0.244388, 0.068445, 0.982659, 0.172327, 0.235901, -0.183775, 0.954242),
      ["UpperTorso"] = CFrame.new(-0.000000, 0.000000, -0.000000, 0.971410, 0.233116, 0.044937, -0.235091, 0.970919, 0.045258, -0.033080, -0.054528, 0.997964)
    }},
    {Time = 4.133, Data = {
      ["Head"] = CFrame.new(0.000000, 0.000000, -0.000000, 0.975108, 0.218089, 0.040025, -0.221731, 0.958900, 0.177050, 0.000233, -0.181518, 0.983388),
      ["LeftFoot"] = CFrame.new(-0.000000, 0.000000, -0.000000, 0.981772, -0.178315, 0.065780, 0.173451, 0.982098, 0.073465, -0.077702, -0.060716, 0.995126),
      ["LeftHand"] = CFrame.new(0.000000, 0.000000, -0.000000, 0.160037, -0.757869, -0.632474, 0.755625, 0.506333, -0.415522, 0.635153, -0.411414, 0.653696),
      ["LeftLowerArm"] = CFrame.new(0.000000, 0.000000, 0.000000, 1.000000, -0.000000, 0.000000, -0.000000, 0.344497, -0.938787, -0.000000, 0.938787, 0.344497),
      ["LeftLowerLeg"] = CFrame.new(-0.000000, 0.000000, 0.000000, 1.000000, -0.000000, 0.000000, -0.000000, 0.999994, 0.003582, -0.000000, -0.003582, 0.999994),
      ["LeftUpperArm"] = CFrame.new(0.000000, -0.065238, 0.000000, 0.086418, -0.153546, -0.984355, -0.443223, 0.878961, -0.176017, 0.892236, 0.451499, 0.007903),
      ["LeftUpperLeg"] = CFrame.new(0.000026, 0.000126, 0.004998, 0.748356, 0.604097, 0.273917, -0.621706, 0.782758, -0.027760, -0.231181, -0.149521, 0.961353),
      ["LowerTorso"] = CFrame.new(0.196947, 0.039869, 0.084504, 0.888302, -0.215091, -0.405779, 0.208017, 0.976155, -0.062052, 0.409449, -0.029289, 0.911863),
      ["RightFoot"] = CFrame.new(0.000000, 0.000000, -0.000000, 0.956714, 0.250381, 0.148345, -0.240018, 0.967096, -0.084362, -0.164587, 0.045106, 0.985331),
      ["RightHand"] = CFrame.new(-0.000000, -0.000000, 0.000000, 0.457509, -0.773849, 0.437995, 0.887950, 0.423764, -0.178808, -0.047232, 0.470725, 0.881015),
      ["RightLowerArm"] = CFrame.new(-0.000000, 0.000000, -0.000000, 1.000000, 0.000001, -0.000000, 0.000001, 0.087197, -0.996191, 0.000001, 0.996191, 0.087193),
      ["RightLowerLeg"] = CFrame.new(-0.000000, -0.000000, -0.000000, 1.000000, 0.000000, 0.000000, 0.000000, 0.999999, 0.001305, 0.000000, -0.001305, 0.999999),
      ["RightUpperArm"] = CFrame.new(-0.000000, -0.065238, 0.000000, -0.077303, -0.128620, 0.988676, 0.431610, 0.889590, 0.149476, -0.898742, 0.438278, -0.013254),
      ["RightUpperLeg"] = CFrame.new(-0.000025, -0.000126, -0.004997, 0.969328, -0.024674, -0.244530, 0.068440, 0.982694, 0.172131, 0.236051, -0.183587, 0.954241),
      ["UpperTorso"] = CFrame.new(0.000000, 0.000000, -0.000000, 0.971408, 0.233175, 0.044690, -0.235113, 0.970946, 0.044561, -0.033001, -0.053794, 0.998007)
    }},
    {Time = 4.167, Data = {
      ["Head"] = CFrame.new(-0.000000, 0.000000, -0.000000, 0.975238, 0.217561, 0.039739, -0.221160, 0.959051, 0.176943, 0.000384, -0.181350, 0.983418),
      ["LeftFoot"] = CFrame.new(0.000000, -0.000000, 0.000000, 0.981761, -0.178375, 0.065793, 0.173509, 0.982087, 0.073485, -0.077723, -0.060730, 0.995124),
      ["LeftHand"] = CFrame.new(0.000000, 0.000000, 0.000000, 0.160036, -0.757869, -0.632473, 0.755622, 0.506334, -0.415525, 0.635157, -0.411412, 0.653694),
      ["LeftLowerArm"] = CFrame.new(0.000000, 0.000000, 0.000000, 1.000000, 0.000000, -0.000000, 0.000000, 0.344497, -0.938787, 0.000000, 0.938787, 0.344497),
      ["LeftLowerLeg"] = CFrame.new(0.000000, -0.000000, 0.000000, 1.000000, -0.000000, 0.000000, 0.000000, 0.999994, 0.003585, -0.000000, -0.003585, 0.999994),
      ["LeftUpperArm"] = CFrame.new(-0.000000, -0.065238, 0.000000, 0.086289, -0.153479, -0.984377, -0.443060, 0.879067, -0.175898, 0.892330, 0.451316, 0.007853),
      ["LeftUpperLeg"] = CFrame.new(0.000025, 0.000125, 0.004998, 0.748411, 0.604073, 0.273821, -0.621596, 0.782836, -0.028048, -0.231301, -0.149214, 0.961372),
      ["LowerTorso"] = CFrame.new(0.197122, 0.039886, 0.084131, 0.888372, -0.214858, -0.405747, 0.207970, 0.976194, -0.061584, 0.409320, -0.029674, 0.911908),
      ["RightFoot"] = CFrame.new(-0.000000, 0.000000, 0.000000, 0.956706, 0.250418, 0.148333, -0.240047, 0.967084, -0.084425, -0.164593, 0.045163, 0.985327),
      ["RightHand"] = CFrame.new(-0.000000, 0.000000, -0.000000, 0.457371, -0.774142, 0.437622, 0.888015, 0.423793, -0.178415, -0.047338, 0.470217, 0.881281),
      ["RightLowerArm"] = CFrame.new(-0.000000, -0.000000, 0.000000, 1.000000, 0.000001, -0.000001, 0.000001, 0.086822, -0.996224, 0.000001, 0.996224, 0.086819),
      ["RightLowerLeg"] = CFrame.new(-0.000000, -0.000000, 0.000000, 1.000000, 0.000000, 0.000000, -0.000000, 0.999999, 0.001311, -0.000000, -0.001311, 0.999999),
      ["RightUpperArm"] = CFrame.new(0.000000, -0.065238, -0.000000, -0.077304, -0.128407, 0.988704, 0.431735, 0.889561, 0.149287, -0.898682, 0.438398, -0.013328),
      ["RightUpperLeg"] = CFrame.new(-0.000026, -0.000126, -0.004997, 0.969291, -0.024688, -0.244672, 0.068429, 0.982732, 0.171917, 0.236203, -0.183380, 0.954243),
      ["UpperTorso"] = CFrame.new(-0.000000, -0.000000, 0.000000, 0.971394, 0.233274, 0.044455, -0.235178, 0.970960, 0.043900, -0.032923, -0.053099, 0.998046)
    }},
    {Time = 4.200, Data = {
      ["Head"] = CFrame.new(-0.000000, -0.000000, 0.000000, 0.975356, 0.217079, 0.039458, -0.220635, 0.959187, 0.176864, 0.000546, -0.181211, 0.983444),
      ["LeftFoot"] = CFrame.new(-0.000000, -0.000000, 0.000000, 0.981748, -0.178438, 0.065807, 0.173570, 0.982075, 0.073495, -0.077742, -0.060732, 0.995122),
      ["LeftHand"] = CFrame.new(0.000000, 0.000000, 0.000000, 0.160034, -0.757869, -0.632474, 0.755620, 0.506335, -0.415528, 0.635159, -0.411411, 0.653692),
      ["LeftLowerArm"] = CFrame.new(-0.000000, -0.000000, -0.000000, 1.000000, -0.000000, 0.000000, 0.000000, 0.344498, -0.938788, -0.000000, 0.938787, 0.344497),
      ["LeftLowerLeg"] = CFrame.new(0.000000, 0.000000, -0.000000, 1.000000, -0.000000, 0.000000, 0.000000, 0.999994, 0.003589, 0.000000, -0.003589, 0.999994),
      ["LeftUpperArm"] = CFrame.new(0.000000, -0.065238, -0.000000, 0.086135, -0.153443, -0.984396, -0.442905, 0.879165, -0.175794, 0.892421, 0.451136, 0.007766),
      ["LeftUpperLeg"] = CFrame.new(0.000025, 0.000125, 0.004997, 0.748464, 0.604047, 0.273734, -0.621489, 0.782910, -0.028319, -0.231416, -0.148926, 0.961388),
      ["LowerTorso"] = CFrame.new(0.197315, 0.039908, 0.083760, 0.888455, -0.214617, -0.405695, 0.207922, 0.976235, -0.061098, 0.409166, -0.030070, 0.911964),
      ["RightFoot"] = CFrame.new(0.000000, 0.000000, -0.000000, 0.956698, 0.250459, 0.148322, -0.240077, 0.967071, -0.084486, -0.164598, 0.045220, 0.985324),
      ["RightHand"] = CFrame.new(0.000000, 0.000000, 0.000000, 0.457171, -0.774526, 0.437151, 0.888114, 0.423775, -0.177964, -0.047413, 0.469600, 0.881605),
      ["RightLowerArm"] = CFrame.new(0.000000, 0.000000, 0.000000, 1.000000, 0.000001, -0.000000, 0.000001, 0.086372, -0.996263, 0.000001, 0.996263, 0.086368),
      ["RightLowerLeg"] = CFrame.new(-0.000000, 0.000000, 0.000000, 1.000000, 0.000000, -0.000000, 0.000000, 0.999999, 0.001317, 0.000000, -0.001317, 0.999999),
      ["RightUpperArm"] = CFrame.new(0.000000, -0.065238, -0.000000, -0.077488, -0.128337, 0.988699, 0.432011, 0.889423, 0.149309, -0.898533, 0.438699, -0.013476),
      ["RightUpperLeg"] = CFrame.new(-0.000026, -0.000126, -0.004998, 0.969249, -0.024709, -0.244836, 0.068423, 0.982774, 0.171677, 0.236377, -0.183150, 0.954244),
      ["UpperTorso"] = CFrame.new(-0.000000, -0.000000, -0.000000, 0.971372, 0.233415, 0.044214, -0.235283, 0.970967, 0.043186, -0.032850, -0.052352, 0.998088)
    }},
    {Time = 4.233, Data = {
      ["Head"] = CFrame.new(0.000000, -0.000000, 0.000000, 0.975456, 0.216669, 0.039233, -0.220191, 0.959300, 0.176804, 0.000671, -0.181104, 0.983464),
      ["LeftFoot"] = CFrame.new(-0.000000, 0.000000, -0.000000, 0.981737, -0.178493, 0.065822, 0.173623, 0.982065, 0.073508, -0.077762, -0.060738, 0.995120),
      ["LeftHand"] = CFrame.new(0.000000, 0.000000, -0.000001, 0.160032, -0.757868, -0.632476, 0.755618, 0.506336, -0.415530, 0.635162, -0.411412, 0.653689),
      ["LeftLowerArm"] = CFrame.new(-0.000000, 0.000000, -0.000000, 1.000000, -0.000000, -0.000000, 0.000000, 0.344497, -0.938788, -0.000000, 0.938787, 0.344496),
      ["LeftLowerLeg"] = CFrame.new(0.000000, -0.000000, -0.000000, 1.000000, -0.000000, 0.000000, 0.000000, 0.999994, 0.003592, 0.000000, -0.003592, 0.999994),
      ["LeftUpperArm"] = CFrame.new(0.000000, -0.065238, -0.000000, 0.085969, -0.153435, -0.984412, -0.442749, 0.879261, -0.175710, 0.892515, 0.450953, 0.007656),
      ["LeftUpperLeg"] = CFrame.new(0.000026, 0.000125, 0.004998, 0.748532, 0.604003, 0.273642, -0.621362, 0.783001, -0.028600, -0.231537, -0.148623, 0.961406),
      ["LowerTorso"] = CFrame.new(0.197481, 0.039930, 0.083385, 0.888532, -0.214375, -0.405652, 0.207871, 0.976276, -0.060615, 0.409023, -0.030465, 0.912015),
      ["RightFoot"] = CFrame.new(0.000000, 0.000000, 0.000000, 0.956689, 0.250500, 0.148309, -0.240109, 0.967057, -0.084550, -0.164605, 0.045278, 0.985320),
      ["RightHand"] = CFrame.new(-0.000000, -0.000000, -0.000000, 0.456955, -0.774938, 0.436646, 0.888220, 0.423760, -0.177467, -0.047504, 0.468933, 0.881956),
      ["RightLowerArm"] = CFrame.new(-0.000000, -0.000001, -0.000000, 1.000000, 0.000001, -0.000000, 0.000000, 0.085872, -0.996306, 0.000001, 0.996306, 0.085869),
      ["RightLowerLeg"] = CFrame.new(-0.000000, -0.000000, 0.000000, 1.000000, 0.000000, 0.000000, -0.000000, 0.999999, 0.001323, -0.000000, -0.001323, 0.999999),
      ["RightUpperArm"] = CFrame.new(0.000000, -0.065238, 0.000000, -0.077753, -0.128352, 0.988676, 0.432362, 0.889230, 0.149444, -0.898341, 0.439086, -0.013646),
      ["RightUpperLeg"] = CFrame.new(-0.000026, -0.000126, -0.004998, 0.969209, -0.024737, -0.244993, 0.068425, 0.982814, 0.171447, 0.236542, -0.182932, 0.954246),
      ["UpperTorso"] = CFrame.new(-0.000000, -0.000000, 0.000000, 0.971342, 0.233582, 0.043975, -0.235415, 0.970965, 0.042511, -0.032768, -0.051645, 0.998128)
    }},
    {Time = 4.267, Data = {
      ["Head"] = CFrame.new(-0.000000, -0.000000, -0.000000, 0.975559, 0.216229, 0.039104, -0.219736, 0.959410, 0.176775, 0.000708, -0.181047, 0.983474),
      ["LeftFoot"] = CFrame.new(0.000000, 0.000000, -0.000000, 0.981727, -0.178542, 0.065836, 0.173670, 0.982055, 0.073524, -0.077782, -0.060747, 0.995118),
      ["LeftHand"] = CFrame.new(0.000000, 0.000000, -0.000000, 0.160021, -0.757883, -0.632462, 0.755623, 0.506319, -0.415542, 0.635159, -0.411406, 0.653695),
      ["LeftLowerArm"] = CFrame.new(-0.000000, -0.000000, 0.000000, 1.000000, 0.000000, -0.000000, 0.000000, 0.344498, -0.938787, 0.000000, 0.938787, 0.344499),
      ["LeftLowerLeg"] = CFrame.new(-0.000000, 0.000000, 0.000000, 1.000000, 0.000000, -0.000000, 0.000000, 0.999994, 0.003595, 0.000000, -0.003595, 0.999994),
      ["LeftUpperArm"] = CFrame.new(0.000000, -0.065238, 0.000000, 0.085775, -0.153440, -0.984428, -0.442601, 0.879352, -0.175626, 0.892607, 0.450773, 0.007513),
      ["LeftUpperLeg"] = CFrame.new(0.000026, 0.000126, 0.004997, 0.748611, 0.603946, 0.273553, -0.621222, 0.783102, -0.028873, -0.231658, -0.148322, 0.961424),
      ["LowerTorso"] = CFrame.new(0.197602, 0.039952, 0.083004, 0.888606, -0.214138, -0.405616, 0.207817, 0.976316, -0.060151, 0.408890, -0.030844, 0.912062),
      ["RightFoot"] = CFrame.new(-0.000000, 0.000000, 0.000000, 0.956677, 0.250550, 0.148300, -0.240152, 0.967042, -0.084597, -0.164609, 0.045318, 0.985317),
      ["RightHand"] = CFrame.new(-0.000000, -0.000000, 0.000000, 0.456728, -0.775371, 0.436114, 0.888330, 0.423765, -0.176907, -0.047638, 0.468212, 0.882331),
      ["RightLowerArm"] = CFrame.new(0.000000, 0.000000, 0.000000, 1.000000, 0.000001, -0.000000, 0.000001, 0.085334, -0.996353, 0.000001, 0.996352, 0.085331),
      ["RightLowerLeg"] = CFrame.new(0.000000, -0.000000, -0.000000, 1.000000, 0.000000, 0.000000, -0.000000, 0.999999, 0.001328, 0.000000, -0.001328, 0.999999),
      ["RightUpperArm"] = CFrame.new(-0.000000, -0.065238, -0.000000, -0.078049, -0.128427, 0.988643, 0.432746, 0.889009, 0.149648, -0.898131, 0.439510, -0.013809),
      ["RightUpperLeg"] = CFrame.new(-0.000026, -0.000126, -0.004998, 0.969171, -0.024786, -0.245139, 0.068442, 0.982856, 0.171199, 0.236693, -0.182699, 0.954252),
      ["UpperTorso"] = CFrame.new(0.000000, 0.000000, -0.000000, 0.971304, 0.233785, 0.043742, -0.235586, 0.970951, 0.041872, -0.032683, -0.050976, 0.998165)
    }},
    {Time = 4.300, Data = {
      ["Head"] = CFrame.new(0.000000, 0.000000, -0.000000, 0.975657, 0.215815, 0.038956, -0.219302, 0.959510, 0.176771, 0.000771, -0.181011, 0.983481),
      ["LeftFoot"] = CFrame.new(0.000000, 0.000000, 0.000000, 0.981721, -0.178573, 0.065852, 0.173701, 0.982051, 0.073509, -0.077797, -0.060727, 0.995118),
      ["LeftHand"] = CFrame.new(0.000000, 0.000000, -0.000000, 0.160019, -0.757883, -0.632462, 0.755621, 0.506319, -0.415545, 0.635162, -0.411406, 0.653693),
      ["LeftLowerArm"] = CFrame.new(-0.000000, 0.000000, 0.000000, 1.000000, -0.000000, -0.000000, 0.000000, 0.344499, -0.938787, -0.000000, 0.938787, 0.344497),
      ["LeftLowerLeg"] = CFrame.new(0.000000, -0.000000, 0.000000, 1.000000, -0.000000, -0.000000, -0.000000, 0.999994, 0.003598, 0.000000, -0.003598, 0.999994),
      ["LeftUpperArm"] = CFrame.new(-0.000000, -0.065238, 0.000000, 0.085602, -0.153503, -0.984433, -0.442482, 0.879416, -0.175604, 0.892683, 0.450626, 0.007357),
      ["LeftUpperLeg"] = CFrame.new(0.000026, 0.000125, 0.004998, 0.748694, 0.603879, 0.273471, -0.621078, 0.783207, -0.029126, -0.231774, -0.148040, 0.961439),
      ["LowerTorso"] = CFrame.new(0.197732, 0.039973, 0.082624, 0.888685, -0.213893, -0.405572, 0.207752, 0.976358, -0.059692, 0.408752, -0.031211, 0.912112),
      ["RightFoot"] = CFrame.new(0.000000, 0.000000, -0.000000, 0.956666, 0.250600, 0.148290, -0.240195, 0.967027, -0.084646, -0.164613, 0.045360, 0.985315),
      ["RightHand"] = CFrame.new(-0.000000, 0.000000, 0.000000, 0.456513, -0.775809, 0.435561, 0.888431, 0.423809, -0.176294, -0.047821, 0.467447, 0.882727),
      ["RightLowerArm"] = CFrame.new(0.000000, -0.000000, 0.000000, 1.000000, 0.000001, -0.000000, 0.000001, 0.084734, -0.996404, 0.000001, 0.996404, 0.084731),
      ["RightLowerLeg"] = CFrame.new(0.000000, -0.000000, -0.000000, 1.000000, 0.000000, -0.000000, -0.000000, 0.999999, 0.001334, -0.000000, -0.001334, 0.999999),
      ["RightUpperArm"] = CFrame.new(0.000000, -0.065238, -0.000000, -0.078332, -0.128555, 0.988604, 0.433133, 0.888779, 0.149893, -0.897920, 0.439938, -0.013938),
      ["RightUpperLeg"] = CFrame.new(-0.000026, -0.000126, -0.004997, 0.969133, -0.024849, -0.245284, 0.068474, 0.982896, 0.170958, 0.236841, -0.182477, 0.954258),
      ["UpperTorso"] = CFrame.new(0.000000, -0.000000, 0.000000, 0.971258, 0.234019, 0.043516, -0.235787, 0.970930, 0.041221, -0.032604, -0.050296, 0.998202)
    }},
    {Time = 4.333, Data = {
      ["Head"] = CFrame.new(-0.000000, -0.000000, 0.000000, 0.975757, 0.215375, 0.038878, -0.218854, 0.959612, 0.176772, 0.000764, -0.180995, 0.983484),
      ["LeftFoot"] = CFrame.new(-0.000000, 0.000000, 0.000000, 0.981715, -0.178599, 0.065869, 0.173728, 0.982047, 0.073493, -0.077812, -0.060706, 0.995118),
      ["LeftHand"] = CFrame.new(-0.000000, 0.000000, -0.000000, 0.160017, -0.757882, -0.632463, 0.755619, 0.506320, -0.415548, 0.635165, -0.411405, 0.653690),
      ["LeftLowerArm"] = CFrame.new(-0.000000, -0.000000, -0.000000, 1.000000, 0.000000, -0.000000, 0.000000, 0.344498, -0.938787, -0.000000, 0.938787, 0.344497),
      ["LeftLowerLeg"] = CFrame.new(0.000000, 0.000000, 0.000000, 1.000000, -0.000000, -0.000000, 0.000000, 0.999994, 0.003601, -0.000000, -0.003601, 0.999994),
      ["LeftUpperArm"] = CFrame.new(-0.000000, -0.065238, -0.000000, 0.085407, -0.153567, -0.984440, -0.442371, 0.879478, -0.175572, 0.892756, 0.450483, 0.007180),
      ["LeftUpperLeg"] = CFrame.new(0.000025, 0.000126, 0.004998, 0.748790, 0.603798, 0.273389, -0.620919, 0.783324, -0.029376, -0.231890, -0.147756, 0.961455),
      ["LowerTorso"] = CFrame.new(0.197853, 0.039995, 0.082242, 0.888765, -0.213642, -0.405529, 0.207680, 0.976402, -0.059233, 0.408613, -0.031576, 0.912161),
      ["RightFoot"] = CFrame.new(-0.000000, 0.000000, 0.000000, 0.956653, 0.250655, 0.148279, -0.240242, 0.967011, -0.084701, -0.164619, 0.045408, 0.985312),
      ["RightHand"] = CFrame.new(-0.000000, -0.000000, 0.000000, 0.456327, -0.776207, 0.435047, 0.888514, 0.423894, -0.175670, -0.048054, 0.466708, 0.883105),
      ["RightLowerArm"] = CFrame.new(-0.000000, 0.000000, -0.000000, 1.000000, 0.000001, -0.000000, 0.000000, 0.084108, -0.996457, 0.000001, 0.996457, 0.084105),
      ["RightLowerLeg"] = CFrame.new(0.000000, 0.000000, -0.000000, 1.000000, 0.000000, -0.000000, -0.000000, 0.999999, 0.001339, 0.000000, -0.001340, 0.999999),
      ["RightUpperArm"] = CFrame.new(0.000000, -0.065238, -0.000000, -0.078443, -0.128483, 0.988604, 0.433543, 0.888580, 0.149884, -0.897712, 0.440360, -0.014000),
      ["RightUpperLeg"] = CFrame.new(-0.000025, -0.000125, -0.004998, 0.969093, -0.024930, -0.245430, 0.068529, 0.982930, 0.170738, 0.236984, -0.182280, 0.954260),
      ["UpperTorso"] = CFrame.new(0.000000, 0.000000, -0.000000, 0.971203, 0.234288, 0.043303, -0.236024, 0.970898, 0.040608, -0.032528, -0.049659, 0.998236)
    }},
    {Time = 4.367, Data = {
      ["Head"] = CFrame.new(-0.000000, -0.000000, -0.000000, 0.975884, 0.214809, 0.038825, -0.218288, 0.959733, 0.176815, 0.000720, -0.181026, 0.983478),
      ["LeftFoot"] = CFrame.new(-0.000000, 0.000000, 0.000000, 0.981709, -0.178624, 0.065889, 0.173755, 0.982046, 0.073444, -0.077825, -0.060653, 0.995120),
      ["LeftHand"] = CFrame.new(-0.000000, 0.000000, 0.000000, 0.160016, -0.757882, -0.632464, 0.755617, 0.506321, -0.415551, 0.635168, -0.411405, 0.653688),
      ["LeftLowerArm"] = CFrame.new(-0.000000, -0.000000, -0.000000, 1.000000, -0.000000, -0.000000, 0.000000, 0.344498, -0.938787, 0.000000, 0.938787, 0.344497),
      ["LeftLowerLeg"] = CFrame.new(0.000000, 0.000000, -0.000000, 1.000000, -0.000000, 0.000000, 0.000000, 0.999994, 0.003607, -0.000000, -0.003607, 0.999994),
      ["LeftUpperArm"] = CFrame.new(0.000000, -0.065239, -0.000000, 0.085046, -0.153670, -0.984456, -0.442231, 0.879563, -0.175500, 0.892860, 0.450283, 0.006846),
      ["LeftUpperLeg"] = CFrame.new(0.000025, 0.000126, 0.004998, 0.748942, 0.603664, 0.273271, -0.620670, 0.783507, -0.029747, -0.232067, -0.147331, 0.961477),
      ["LowerTorso"] = CFrame.new(0.198026, 0.040030, 0.081750, 0.888898, -0.213247, -0.405446, 0.207566, 0.976469, -0.058512, 0.408383, -0.032146, 0.912244),
      ["RightFoot"] = CFrame.new(-0.000000, 0.000000, 0.000000, 0.956637, 0.250724, 0.148263, -0.240296, 0.966989, -0.084803, -0.164631, 0.045499, 0.985305),
      ["RightHand"] = CFrame.new(-0.000000, 0.000000, -0.000000, 0.456046, -0.776822, 0.434242, 0.888632, 0.424097, -0.174580, -0.048539, 0.465499, 0.883717),
      ["RightLowerArm"] = CFrame.new(0.000000, 0.000000, 0.000000, 1.000000, 0.000001, -0.000000, 0.000001, 0.083074, -0.996544, 0.000001, 0.996543, 0.083070),
      ["RightLowerLeg"] = CFrame.new(-0.000000, -0.000000, 0.000000, 1.000000, 0.000000, 0.000000, -0.000000, 0.999999, 0.001348, -0.000000, -0.001349, 0.999999),
      ["RightUpperArm"] = CFrame.new(-0.000000, -0.065239, 0.000000, -0.078699, -0.128641, 0.988564, 0.434141, 0.888244, 0.150148, -0.897401, 0.440992, -0.014055),
      ["RightUpperLeg"] = CFrame.new(-0.000026, -0.000125, -0.004997, 0.969031, -0.025059, -0.245662, 0.068617, 0.982987, 0.170380, 0.237213, -0.181960, 0.954265),
      ["UpperTorso"] = CFrame.new(-0.000000, -0.000000, -0.000000, 0.971093, 0.234802, 0.042971, -0.236490, 0.970825, 0.039632, -0.032412, -0.048649, 0.998290)
    }},
    {Time = 4.400, Data = {
      ["Head"] = CFrame.new(0.000000, -0.000001, 0.000000, 0.975941, 0.214557, 0.038790, -0.218034, 0.959785, 0.176844, 0.000713, -0.181048, 0.983474),
      ["LeftFoot"] = CFrame.new(0.000000, 0.000000, 0.000000, 0.981703, -0.178653, 0.065905, 0.173783, 0.982042, 0.073432, -0.077840, -0.060636, 0.995120),
      ["LeftHand"] = CFrame.new(0.000000, 0.000000, 0.000000, 0.160015, -0.757881, -0.632465, 0.755615, 0.506322, -0.415553, 0.635171, -0.411405, 0.653685),
      ["LeftLowerArm"] = CFrame.new(0.000000, -0.000000, -0.000000, 1.000000, 0.000000, -0.000000, 0.000000, 0.344498, -0.938787, 0.000000, 0.938787, 0.344497),
      ["LeftLowerLeg"] = CFrame.new(0.000000, 0.000000, 0.000000, 1.000000, -0.000000, 0.000000, 0.000000, 0.999994, 0.003610, 0.000000, -0.003610, 0.999994),
      ["LeftUpperArm"] = CFrame.new(0.000000, -0.065239, -0.000000, 0.084856, -0.153728, -0.984463, -0.442165, 0.879603, -0.175466, 0.892911, 0.450184, 0.006666),
      ["LeftUpperLeg"] = CFrame.new(0.000025, 0.000126, 0.004998, 0.749018, 0.603595, 0.273213, -0.620544, 0.783600, -0.029933, -0.232157, -0.147120, 0.961488),
      ["LowerTorso"] = CFrame.new(0.198117, 0.040048, 0.081518, 0.888967, -0.213044, -0.405401, 0.207507, 0.976504, -0.058143, 0.408263, -0.032436, 0.912288),
      ["RightFoot"] = CFrame.new(0.000000, 0.000000, -0.000000, 0.956626, 0.250773, 0.148254, -0.240339, 0.966975, -0.084839, -0.164634, 0.045529, 0.985304),
      ["RightHand"] = CFrame.new(0.000000, 0.000000, -0.000000, 0.455904, -0.777139, 0.433824, 0.888690, 0.424211, -0.174005, -0.048803, 0.464865, 0.884036),
      ["RightLowerArm"] = CFrame.new(-0.000000, -0.000001, 0.000000, 1.000000, 0.000001, -0.000000, 0.000001, 0.082535, -0.996588, 0.000001, 0.996588, 0.082532),
      ["RightLowerLeg"] = CFrame.new(-0.000000, -0.000000, 0.000000, 1.000000, 0.000000, 0.000000, -0.000000, 0.999999, 0.001353, -0.000000, -0.001353, 0.999999),
      ["RightUpperArm"] = CFrame.new(-0.000000, -0.065239, 0.000000, -0.078807, -0.128694, 0.988548, 0.434461, 0.888071, 0.150248, -0.897236, 0.441326, -0.014074),
      ["RightUpperLeg"] = CFrame.new(-0.000026, -0.000126, -0.004997, 0.968999, -0.025123, -0.245782, 0.068658, 0.983016, 0.170195, 0.237332, -0.181793, 0.954267),
      ["UpperTorso"] = CFrame.new(0.000000, 0.000000, -0.000000, 0.971034, 0.235076, 0.042802, -0.236739, 0.970785, 0.039123, -0.032354, -0.048123, 0.998317)
    }},
    {Time = 4.433, Data = {
      ["Head"] = CFrame.new(0.000000, 0.000000, 0.000000, 0.975991, 0.214340, 0.038740, -0.217812, 0.959831, 0.176870, 0.000727, -0.181062, 0.983471),
      ["LeftFoot"] = CFrame.new(0.000000, 0.000000, 0.000000, 0.981696, -0.178683, 0.065919, 0.173813, 0.982037, 0.073435, -0.077857, -0.060634, 0.995119),
      ["LeftHand"] = CFrame.new(-0.000000, 0.000000, 0.000000, 0.160015, -0.757881, -0.632465, 0.755612, 0.506324, -0.415556, 0.635174, -0.411403, 0.653683),
      ["LeftLowerArm"] = CFrame.new(-0.000000, -0.000000, 0.000000, 1.000000, -0.000000, -0.000000, 0.000000, 0.344498, -0.938787, 0.000000, 0.938787, 0.344498),
      ["LeftLowerLeg"] = CFrame.new(-0.000000, 0.000000, 0.000000, 1.000000, -0.000000, -0.000000, -0.000000, 0.999994, 0.003612, 0.000000, -0.003612, 0.999994),
      ["LeftUpperArm"] = CFrame.new(0.000000, -0.065238, -0.000000, 0.084723, -0.153803, -0.984463, -0.442135, 0.879617, -0.175473, 0.892938, 0.450132, 0.006522),
      ["LeftUpperLeg"] = CFrame.new(0.000025, 0.000126, 0.004998, 0.749076, 0.603552, 0.273150, -0.620440, 0.783674, -0.030132, -0.232247, -0.146901, 0.961499),
      ["LowerTorso"] = CFrame.new(0.198178, 0.040061, 0.081293, 0.889018, -0.212869, -0.405381, 0.207460, 0.976533, -0.057815, 0.408175, -0.032702, 0.912318),
      ["RightFoot"] = CFrame.new(-0.000000, 0.000000, 0.000000, 0.956615, 0.250818, 0.148246, -0.240379, 0.966962, -0.084871, -0.164636, 0.045554, 0.985302),
      ["RightHand"] = CFrame.new(-0.000000, -0.000000, -0.000000, 0.455782, -0.777382, 0.433516, 0.888743, 0.424270, -0.173593, -0.048977, 0.464405, 0.884268),
      ["RightLowerArm"] = CFrame.new(-0.000000, -0.000000, 0.000000, 1.000000, 0.000001, -0.000000, 0.000001, 0.082131, -0.996622, 0.000001, 0.996622, 0.082127),
      ["RightLowerLeg"] = CFrame.new(-0.000000, 0.000000, -0.000000, 1.000000, 0.000000, 0.000000, -0.000000, 0.999999, 0.001357, 0.000000, -0.001358, 0.999999),
      ["RightUpperArm"] = CFrame.new(-0.000000, -0.065238, 0.000000, -0.078895, -0.128713, 0.988539, 0.434743, 0.887922, 0.150309, -0.897092, 0.441619, -0.014096),
      ["RightUpperLeg"] = CFrame.new(-0.000026, -0.000126, -0.004998, 0.968972, -0.025165, -0.245886, 0.068683, 0.983040, 0.170043, 0.237436, -0.181655, 0.954267),
      ["UpperTorso"] = CFrame.new(-0.000000, 0.000000, 0.000000, 0.970982, 0.235310, 0.042692, -0.236958, 0.970744, 0.038822, -0.032308, -0.047812, 0.998334)
    }},
    {Time = 4.467, Data = {
      ["Head"] = CFrame.new(0.000000, -0.000000, -0.000000, 0.976075, 0.213971, 0.038655, -0.217433, 0.959909, 0.176913, 0.000750, -0.181085, 0.983467),
      ["LeftFoot"] = CFrame.new(-0.000000, 0.000000, 0.000000, 0.981690, -0.178714, 0.065934, 0.173843, 0.982031, 0.073439, -0.077873, -0.060633, 0.995118),
      ["LeftHand"] = CFrame.new(0.000000, -0.000000, 0.000000, 0.160012, -0.757880, -0.632466, 0.755610, 0.506325, -0.415559, 0.635177, -0.411403, 0.653680),
      ["LeftLowerArm"] = CFrame.new(-0.000000, 0.000000, -0.000000, 1.000000, -0.000000, -0.000000, 0.000000, 0.344498, -0.938787, -0.000000, 0.938787, 0.344498),
      ["LeftLowerLeg"] = CFrame.new(-0.000000, -0.000000, -0.000000, 1.000000, 0.000000, 0.000000, 0.000000, 0.999993, 0.003614, 0.000000, -0.003614, 0.999993),
      ["LeftUpperArm"] = CFrame.new(-0.000000, -0.065238, 0.000000, 0.084487, -0.153942, -0.984461, -0.442080, 0.879641, -0.175490, 0.892988, 0.450037, 0.006264),
      ["LeftUpperLeg"] = CFrame.new(0.000025, 0.000126, 0.004998, 0.749134, 0.603508, 0.273087, -0.620337, 0.783749, -0.030332, -0.232338, -0.146683, 0.961511),
      ["LowerTorso"] = CFrame.new(0.198280, 0.040082, 0.080909, 0.889069, -0.212693, -0.405361, 0.207413, 0.976563, -0.057487, 0.408087, -0.032967, 0.912347),
      ["RightFoot"] = CFrame.new(-0.000000, 0.000000, 0.000000, 0.956605, 0.250863, 0.148238, -0.240420, 0.966949, -0.084904, -0.164638, 0.045580, 0.985300),
      ["RightHand"] = CFrame.new(-0.000000, 0.000000, -0.000000, 0.455561, -0.777821, 0.432961, 0.888839, 0.424369, -0.172854, -0.049282, 0.463579, 0.884684),
      ["RightLowerArm"] = CFrame.new(0.000000, -0.000000, 0.000000, 1.000000, 0.000001, -0.000000, 0.000001, 0.081441, -0.996678, 0.000001, 0.996678, 0.081437),
      ["RightLowerLeg"] = CFrame.new(0.000000, -0.000000, 0.000000, 1.000000, 0.000000, -0.000000, 0.000000, 0.999999, 0.001362, 0.000000, -0.001362, 0.999999),
      ["RightUpperArm"] = CFrame.new(0.000000, -0.065238, -0.000000, -0.079076, -0.128781, 0.988515, 0.435230, 0.887659, 0.150458, -0.896840, 0.442128, -0.014144),
      ["RightUpperLeg"] = CFrame.new(-0.000025, -0.000125, -0.004997, 0.968944, -0.025207, -0.245990, 0.068708, 0.983065, 0.169891, 0.237542, -0.181517, 0.954267),
      ["UpperTorso"] = CFrame.new(0.000000, 0.000000, 0.000000, 0.970890, 0.235726, 0.042511, -0.237348, 0.970670, 0.038283, -0.032240, -0.047258, 0.998362)
    }},
    {Time = 4.500, Data = {
      ["Head"] = CFrame.new(-0.000000, -0.000000, 0.000000, 0.976142, 0.213673, 0.038619, -0.217134, 0.959970, 0.176948, 0.000736, -0.181112, 0.983462),
      ["LeftFoot"] = CFrame.new(0.000000, -0.000000, 0.000000, 0.981683, -0.178745, 0.065949, 0.173873, 0.982026, 0.073429, -0.077889, -0.060618, 0.995118),
      ["LeftHand"] = CFrame.new(-0.000000, 0.000000, 0.000000, 0.160011, -0.757880, -0.632468, 0.755608, 0.506326, -0.415561, 0.635180, -0.411403, 0.653677),
      ["LeftLowerArm"] = CFrame.new(0.000000, 0.000000, 0.000000, 1.000000, -0.000000, -0.000000, 0.000000, 0.344498, -0.938787, 0.000000, 0.938787, 0.344497),
      ["LeftLowerLeg"] = CFrame.new(-0.000000, 0.000000, 0.000000, 1.000000, 0.000000, -0.000000, 0.000000, 0.999993, 0.003617, -0.000000, -0.003617, 0.999993),
      ["LeftUpperArm"] = CFrame.new(0.000000, -0.065238, -0.000000, 0.084237, -0.154068, -0.984463, -0.442047, 0.879657, -0.175490, 0.893028, 0.449962, 0.005994),
      ["LeftUpperLeg"] = CFrame.new(0.000026, 0.000126, 0.004998, 0.749202, 0.603456, 0.273017, -0.620216, 0.783835, -0.030555, -0.232439, -0.146438, 0.961524),
      ["LowerTorso"] = CFrame.new(0.198393, 0.040104, 0.080642, 0.889137, -0.212488, -0.405322, 0.207364, 0.976596, -0.057087, 0.407966, -0.033291, 0.912390),
      ["RightFoot"] = CFrame.new(-0.000000, 0.000001, 0.000000, 0.956593, 0.250914, 0.148227, -0.240463, 0.966933, -0.084961, -0.164644, 0.045631, 0.985297),
      ["RightHand"] = CFrame.new(-0.000000, -0.000000, -0.000000, 0.455317, -0.778283, 0.432387, 0.888948, 0.424442, -0.172114, -0.049566, 0.462737, 0.885109),
      ["RightLowerArm"] = CFrame.new(0.000000, 0.000000, -0.000000, 1.000000, 0.000001, -0.000001, 0.000001, 0.080751, -0.996735, 0.000001, 0.996734, 0.080747),
      ["RightLowerLeg"] = CFrame.new(0.000000, -0.000000, 0.000000, 1.000000, -0.000000, 0.000000, -0.000000, 0.999999, 0.001367, 0.000000, -0.001367, 0.999999),
      ["RightUpperArm"] = CFrame.new(0.000000, -0.065238, 0.000000, -0.079286, -0.128866, 0.988487, 0.435753, 0.887372, 0.150635, -0.896568, 0.442679, -0.014202),
      ["RightUpperLeg"] = CFrame.new(-0.000025, -0.000125, -0.004998, 0.968916, -0.025255, -0.246098, 0.068735, 0.983092, 0.169721, 0.237651, -0.181361, 0.954270),
      ["UpperTorso"] = CFrame.new(-0.000000, -0.000000, -0.000000, 0.970790, 0.236165, 0.042343, -0.237763, 0.970588, 0.037779, -0.032175, -0.046743, 0.998389)
    }},
    {Time = 4.533, Data = {
      ["Head"] = CFrame.new(-0.000000, 0.000000, 0.000000, 0.976209, 0.213372, 0.038568, -0.216828, 0.960036, 0.176963, 0.000732, -0.181116, 0.983461),
      ["LeftFoot"] = CFrame.new(0.000000, -0.000000, -0.000000, 0.981676, -0.178775, 0.065965, 0.173904, 0.982022, 0.073415, -0.077904, -0.060599, 0.995117),
      ["LeftHand"] = CFrame.new(0.000000, -0.000000, -0.000000, 0.160010, -0.757879, -0.632468, 0.755605, 0.506328, -0.415563, 0.635183, -0.411402, 0.653675),
      ["LeftLowerArm"] = CFrame.new(0.000000, 0.000000, 0.000000, 1.000000, -0.000000, -0.000000, 0.000000, 0.344498, -0.938787, 0.000000, 0.938787, 0.344498),
      ["LeftLowerLeg"] = CFrame.new(0.000000, 0.000000, -0.000000, 1.000000, -0.000000, 0.000000, 0.000000, 0.999993, 0.003620, 0.000000, -0.003620, 0.999993),
      ["LeftUpperArm"] = CFrame.new(0.000000, -0.065238, -0.000000, 0.083978, -0.154237, -0.984459, -0.442027, 0.879661, -0.175525, 0.893062, 0.449897, 0.005696),
      ["LeftUpperLeg"] = CFrame.new(0.000026, 0.000126, 0.004997, 0.749264, 0.603405, 0.272957, -0.620106, 0.783915, -0.030753, -0.232532, -0.146220, 0.961534),
      ["LowerTorso"] = CFrame.new(0.198502, 0.040125, 0.080365, 0.889201, -0.212299, -0.405278, 0.207326, 0.976627, -0.056706, 0.407844, -0.033602, 0.912433),
      ["RightFoot"] = CFrame.new(-0.000000, 0.000000, -0.000000, 0.956580, 0.250970, 0.148216, -0.240511, 0.966917, -0.085011, -0.164649, 0.045673, 0.985294),
      ["RightHand"] = CFrame.new(-0.000000, 0.000000, 0.000000, 0.455057, -0.778767, 0.431789, 0.889065, 0.424511, -0.171337, -0.049864, 0.461857, 0.885552),
      ["RightLowerArm"] = CFrame.new(-0.000000, -0.000000, -0.000000, 1.000000, 0.000001, -0.000000, 0.000001, 0.080041, -0.996792, 0.000001, 0.996792, 0.080038),
      ["RightLowerLeg"] = CFrame.new(0.000000, 0.000000, -0.000000, 1.000000, -0.000000, 0.000000, -0.000000, 0.999999, 0.001372, -0.000000, -0.001372, 0.999999),
      ["RightUpperArm"] = CFrame.new(-0.000000, -0.065238, -0.000000, -0.079515, -0.128952, 0.988458, 0.436294, 0.887074, 0.150822, -0.896284, 0.443250, -0.014275),
      ["RightUpperLeg"] = CFrame.new(-0.000025, -0.000125, -0.004998, 0.968883, -0.025313, -0.246221, 0.068774, 0.983120, 0.169544, 0.237774, -0.181202, 0.954269),
      ["UpperTorso"] = CFrame.new(0.000000, 0.000000, -0.000000, 0.970684, 0.236629, 0.042184, -0.238205, 0.970497, 0.037328, -0.032106, -0.046282, 0.998412)
    }},
    {Time = 4.567, Data = {
      ["Head"] = CFrame.new(0.000000, 0.000000, 0.000000, 0.976320, 0.212879, 0.038498, -0.216331, 0.960147, 0.176970, 0.000710, -0.181108, 0.983463),
      ["LeftFoot"] = CFrame.new(0.000000, 0.000000, -0.000000, 0.981677, -0.178766, 0.065978, 0.173900, 0.982028, 0.073339, -0.077902, -0.060522, 0.995122),
      ["LeftHand"] = CFrame.new(0.000000, -0.000000, -0.000000, 0.160008, -0.757879, -0.632469, 0.755604, 0.506328, -0.415566, 0.635185, -0.411402, 0.653673),
      ["LeftLowerArm"] = CFrame.new(0.000000, -0.000000, 0.000000, 1.000000, -0.000000, 0.000000, 0.000000, 0.344498, -0.938787, -0.000000, 0.938787, 0.344497),
      ["LeftLowerLeg"] = CFrame.new(0.000000, -0.000000, -0.000000, 1.000000, -0.000000, 0.000000, 0.000000, 0.999993, 0.003625, 0.000000, -0.003625, 0.999993),
      ["LeftUpperArm"] = CFrame.new(0.000000, -0.065238, 0.000000, 0.083583, -0.154517, -0.984448, -0.442030, 0.879645, -0.175597, 0.893098, 0.449832, 0.005223),
      ["LeftUpperLeg"] = CFrame.new(0.000026, 0.000125, 0.004997, 0.749376, 0.603302, 0.272880, -0.619922, 0.784050, -0.031015, -0.232663, -0.145922, 0.961548),
      ["LowerTorso"] = CFrame.new(0.198671, 0.040154, 0.079758, 0.889296, -0.211996, -0.405228, 0.207234, 0.976678, -0.056164, 0.407684, -0.034031, 0.912489),
      ["RightFoot"] = CFrame.new(-0.000000, 0.000000, 0.000000, 0.956566, 0.251030, 0.148202, -0.240559, 0.966898, -0.085095, -0.164658, 0.045748, 0.985289),
      ["RightHand"] = CFrame.new(-0.000000, 0.000000, 0.000000, 0.454601, -0.779556, 0.430845, 0.889272, 0.424577, -0.170093, -0.050326, 0.460463, 0.886251),
      ["RightLowerArm"] = CFrame.new(-0.000000, 0.000000, -0.000000, 1.000000, 0.000001, -0.000000, 0.000001, 0.078962, -0.996878, 0.000001, 0.996878, 0.078958),
      ["RightLowerLeg"] = CFrame.new(-0.000000, 0.000000, -0.000000, 1.000000, 0.000000, -0.000000, -0.000000, 0.999999, 0.001379, 0.000000, -0.001379, 0.999999),
      ["RightUpperArm"] = CFrame.new(0.000000, -0.065238, 0.000000, -0.079906, -0.129097, 0.988407, 0.437189, 0.886579, 0.151141, -0.895813, 0.444197, -0.014403),
      ["RightUpperLeg"] = CFrame.new(-0.000026, -0.000126, -0.004998, 0.968835, -0.025411, -0.246400, 0.068846, 0.983158, 0.169295, 0.237949, -0.180982, 0.954267),
      ["UpperTorso"] = CFrame.new(-0.000000, -0.000000, -0.000000, 0.970510, 0.237379, 0.041967, -0.238924, 0.970346, 0.036665, -0.032019, -0.045610, 0.998446)
    }},
    {Time = 4.600, Data = {
      ["Head"] = CFrame.new(-0.000000, -0.000000, 0.000000, 0.976377, 0.212620, 0.038475, -0.216072, 0.960205, 0.176974, 0.000684, -0.181106, 0.983463),
      ["LeftFoot"] = CFrame.new(0.000000, 0.000000, -0.000000, 0.981680, -0.178746, 0.065988, 0.173884, 0.982035, 0.073289, -0.077903, -0.060473, 0.995125),
      ["LeftHand"] = CFrame.new(0.000000, 0.000000, 0.000000, 0.160007, -0.757878, -0.632470, 0.755601, 0.506330, -0.415569, 0.635189, -0.411401, 0.653670),
      ["LeftLowerArm"] = CFrame.new(0.000000, -0.000000, 0.000000, 1.000000, -0.000000, -0.000000, 0.000000, 0.344498, -0.938787, -0.000000, 0.938787, 0.344498),
      ["LeftLowerLeg"] = CFrame.new(-0.000000, 0.000000, -0.000000, 1.000000, 0.000000, 0.000000, -0.000000, 0.999993, 0.003628, -0.000000, -0.003628, 0.999993),
      ["LeftUpperArm"] = CFrame.new(-0.000000, -0.065238, 0.000000, 0.083372, -0.154657, -0.984444, -0.442040, 0.879634, -0.175628, 0.893112, 0.449806, 0.004972),
      ["LeftUpperLeg"] = CFrame.new(0.000025, 0.000126, 0.004997, 0.749463, 0.603209, 0.272844, -0.619789, 0.784150, -0.031144, -0.232737, -0.145764, 0.961554),
      ["LowerTorso"] = CFrame.new(0.198764, 0.040168, 0.079416, 0.889347, -0.211826, -0.405207, 0.207175, 0.976707, -0.055876, 0.407604, -0.034255, 0.912516),
      ["RightFoot"] = CFrame.new(0.000000, 0.000000, -0.000000, 0.956554, 0.251084, 0.148193, -0.240608, 0.966882, -0.085130, -0.164660, 0.045776, 0.985288),
      ["RightHand"] = CFrame.new(0.000000, 0.000000, 0.000000, 0.454346, -0.779986, 0.430335, 0.889389, 0.424602, -0.169423, -0.050569, 0.459712, 0.886627),
      ["RightLowerArm"] = CFrame.new(0.000000, -0.000000, -0.000000, 1.000000, 0.000001, -0.000001, 0.000001, 0.078388, -0.996923, 0.000001, 0.996923, 0.078384),
      ["RightLowerLeg"] = CFrame.new(0.000000, 0.000000, 0.000000, 1.000000, -0.000000, 0.000000, 0.000000, 0.999999, 0.001383, 0.000000, -0.001383, 0.999999),
      ["RightUpperArm"] = CFrame.new(0.000000, -0.065238, 0.000000, -0.080123, -0.129181, 0.988379, 0.437685, 0.886303, 0.151321, -0.895551, 0.444723, -0.014472),
      ["RightUpperLeg"] = CFrame.new(-0.000026, -0.000125, -0.004997, 0.968807, -0.025498, -0.246501, 0.068919, 0.983177, 0.169157, 0.238041, -0.180869, 0.954266),
      ["UpperTorso"] = CFrame.new(0.000000, -0.000000, -0.000000, 0.970415, 0.237787, 0.041855, -0.239315, 0.970263, 0.036311, -0.031976, -0.045253, 0.998464)
    }},
    {Time = 4.633, Data = {
      ["Head"] = CFrame.new(-0.000000, 0.000000, -0.000000, 0.976453, 0.212277, 0.038442, -0.215728, 0.960284, 0.176961, 0.000650, -0.181087, 0.983467),
      ["LeftFoot"] = CFrame.new(0.000000, 0.000000, -0.000000, 0.981680, -0.178741, 0.065999, 0.173882, 0.982040, 0.073228, -0.077902, -0.060411, 0.995129),
      ["LeftHand"] = CFrame.new(0.000000, 0.000000, -0.000000, 0.160006, -0.757878, -0.632471, 0.755598, 0.506331, -0.415571, 0.635192, -0.411400, 0.653668),
      ["LeftLowerArm"] = CFrame.new(-0.000000, 0.000000, 0.000000, 1.000000, 0.000000, -0.000000, 0.000000, 0.344498, -0.938787, 0.000000, 0.938787, 0.344498),
      ["LeftLowerLeg"] = CFrame.new(0.000000, 0.000000, 0.000000, 1.000000, 0.000000, -0.000000, 0.000000, 0.999993, 0.003631, -0.000000, -0.003631, 0.999993),
      ["LeftUpperArm"] = CFrame.new(0.000000, -0.065238, -0.000000, 0.083086, -0.154894, -0.984431, -0.442096, 0.879589, -0.175710, 0.893112, 0.449811, 0.004603),
      ["LeftUpperLeg"] = CFrame.new(0.000025, 0.000125, 0.004998, 0.749542, 0.603125, 0.272813, -0.619666, 0.784242, -0.031264, -0.232808, -0.145619, 0.961559),
      ["LowerTorso"] = CFrame.new(0.198838, 0.040196, 0.079112, 0.889414, -0.211617, -0.405168, 0.207088, 0.976744, -0.055552, 0.407501, -0.034497, 0.912553),
      ["RightFoot"] = CFrame.new(0.000000, 0.000000, -0.000000, 0.956543, 0.251130, 0.148183, -0.240647, 0.966868, -0.085182, -0.164665, 0.045821, 0.985285),
      ["RightHand"] = CFrame.new(0.000000, 0.000000, 0.000000, 0.454000, -0.780542, 0.429691, 0.889547, 0.424616, -0.168552, -0.050887, 0.458754, 0.887105),
      ["RightLowerArm"] = CFrame.new(0.000000, -0.000001, 0.000000, 1.000000, 0.000001, -0.000001, 0.000001, 0.077668, -0.996980, 0.000001, 0.996979, 0.077664),
      ["RightLowerLeg"] = CFrame.new(-0.000000, -0.000000, -0.000000, 1.000000, 0.000000, 0.000000, -0.000000, 0.999999, 0.001388, -0.000000, -0.001388, 0.999999),
      ["RightUpperArm"] = CFrame.new(-0.000000, -0.065238, 0.000000, -0.080432, -0.129302, 0.988338, 0.438362, 0.885925, 0.151578, -0.895193, 0.445441, -0.014576),
      ["RightUpperLeg"] = CFrame.new(-0.000026, -0.000126, -0.004998, 0.968780, -0.025575, -0.246601, 0.068986, 0.983193, 0.169036, 0.238132, -0.180771, 0.954261),
      ["UpperTorso"] = CFrame.new(0.000000, -0.000000, -0.000000, 0.970287, 0.238333, 0.041733, -0.239845, 0.970143, 0.036000, -0.031907, -0.044939, 0.998480)
    }},
    {Time = 4.667, Data = {
      ["Head"] = CFrame.new(-0.000000, 0.000001, 0.000000, 0.976511, 0.212014, 0.038417, -0.215466, 0.960345, 0.176951, 0.000622, -0.181072, 0.983470),
      ["LeftFoot"] = CFrame.new(-0.000000, 0.000000, 0.000000, 0.981681, -0.178735, 0.066010, 0.173881, 0.982045, 0.073163, -0.077901, -0.060346, 0.995133),
      ["LeftHand"] = CFrame.new(-0.000000, 0.000000, 0.000000, 0.160005, -0.757878, -0.632471, 0.755597, 0.506332, -0.415574, 0.635195, -0.411399, 0.653665),
      ["LeftLowerArm"] = CFrame.new(0.000000, -0.000000, 0.000000, 1.000000, -0.000000, -0.000000, 0.000000, 0.344498, -0.938787, -0.000000, 0.938787, 0.344498),
      ["LeftLowerLeg"] = CFrame.new(-0.000000, 0.000000, 0.000000, 1.000000, -0.000000, 0.000000, -0.000000, 0.999993, 0.003635, 0.000000, -0.003635, 0.999993),
      ["LeftUpperArm"] = CFrame.new(-0.000000, -0.065238, 0.000000, 0.082867, -0.155075, -0.984421, -0.442138, 0.879555, -0.175774, 0.893111, 0.449816, 0.004322),
      ["LeftUpperLeg"] = CFrame.new(0.000025, 0.000126, 0.004997, 0.749607, 0.603047, 0.272809, -0.619573, 0.784314, -0.031311, -0.232850, -0.145554, 0.961559),
      ["LowerTorso"] = CFrame.new(0.198894, 0.040218, 0.078880, 0.889466, -0.211457, -0.405138, 0.207022, 0.976772, -0.055304, 0.407422, -0.034682, 0.912581),
      ["RightFoot"] = CFrame.new(0.000000, 0.000000, 0.000000, 0.956532, 0.251179, 0.148173, -0.240689, 0.966854, -0.085227, -0.164669, 0.045859, 0.985282),
      ["RightHand"] = CFrame.new(-0.000000, 0.000000, 0.000000, 0.453738, -0.780967, 0.429198, 0.889667, 0.424627, -0.167888, -0.051131, 0.458021, 0.887470),
      ["RightLowerArm"] = CFrame.new(0.000000, -0.000000, 0.000000, 1.000000, 0.000000, -0.000000, 0.000001, 0.077119, -0.997022, 0.000001, 0.997022, 0.077116),
      ["RightLowerLeg"] = CFrame.new(-0.000000, 0.000000, -0.000000, 1.000000, 0.000000, 0.000000, -0.000000, 0.999999, 0.001393, -0.000000, -0.001393, 0.999999),
      ["RightUpperArm"] = CFrame.new(0.000000, -0.065238, -0.000000, -0.080668, -0.129393, 0.988307, 0.438878, 0.885636, 0.151774, -0.894918, 0.445989, -0.014655),
      ["RightUpperLeg"] = CFrame.new(-0.000026, -0.000126, -0.004998, 0.968761, -0.025648, -0.246665, 0.069057, 0.983198, 0.168978, 0.238187, -0.180734, 0.954255),
      ["UpperTorso"] = CFrame.new(-0.000000, -0.000000, -0.000000, 0.970188, 0.238750, 0.041640, -0.240250, 0.970052, 0.035762, -0.031854, -0.044699, 0.998492)
    }},
    {Time = 4.700, Data = {
      ["Head"] = CFrame.new(0.000000, 0.000000, -0.000000, 0.976555, 0.211812, 0.038408, -0.215265, 0.960396, 0.176918, 0.000586, -0.181038, 0.983476),
      ["LeftFoot"] = CFrame.new(0.000000, 0.000000, -0.000000, 0.981681, -0.178728, 0.066018, 0.173876, 0.982048, 0.073127, -0.077902, -0.060309, 0.995135),
      ["LeftHand"] = CFrame.new(0.000000, 0.000000, -0.000000, 0.160004, -0.757877, -0.632473, 0.755595, 0.506333, -0.415576, 0.635197, -0.411399, 0.653663),
      ["LeftLowerArm"] = CFrame.new(-0.000000, 0.000000, -0.000000, 1.000000, -0.000000, 0.000000, 0.000000, 0.344498, -0.938787, 0.000000, 0.938787, 0.344498),
      ["LeftLowerLeg"] = CFrame.new(-0.000000, -0.000000, -0.000000, 1.000000, -0.000000, 0.000000, -0.000000, 0.999993, 0.003637, 0.000000, -0.003637, 0.999993),
      ["LeftUpperArm"] = CFrame.new(-0.000000, -0.065237, -0.000000, 0.082676, -0.155273, -0.984406, -0.442211, 0.879501, -0.175865, 0.893093, 0.449854, 0.004050),
      ["LeftUpperLeg"] = CFrame.new(0.000025, 0.000126, 0.004997, 0.749670, 0.602976, 0.272791, -0.619479, 0.784386, -0.031380, -0.232896, -0.145463, 0.961561),
      ["LowerTorso"] = CFrame.new(0.198944, 0.040227, 0.078732, 0.889510, -0.211308, -0.405118, 0.206939, 0.976800, -0.055120, 0.407367, -0.034806, 0.912601),
      ["RightFoot"] = CFrame.new(0.000000, 0.000000, 0.000000, 0.956523, 0.251215, 0.148166, -0.240722, 0.966844, -0.085246, -0.164670, 0.045874, 0.985282),
      ["RightHand"] = CFrame.new(-0.000000, 0.000000, 0.000000, 0.453564, -0.781241, 0.428881, 0.889747, 0.424633, -0.167456, -0.051289, 0.457548, 0.887705),
      ["RightLowerArm"] = CFrame.new(-0.000000, 0.000000, 0.000000, 1.000000, 0.000001, -0.000000, 0.000001, 0.076763, -0.997050, 0.000001, 0.997049, 0.076759),
      ["RightLowerLeg"] = CFrame.new(-0.000000, -0.000000, 0.000000, 1.000000, 0.000000, 0.000000, -0.000000, 0.999999, 0.001396, -0.000000, -0.001396, 0.999999),
      ["RightUpperArm"] = CFrame.new(0.000000, -0.065238, 0.000000, -0.080787, -0.129369, 0.988300, 0.439240, 0.885450, 0.151811, -0.894730, 0.446365, -0.014708),
      ["RightUpperLeg"] = CFrame.new(-0.000026, -0.000126, -0.004997, 0.968742, -0.025713, -0.246731, 0.069117, 0.983207, 0.168899, 0.238245, -0.180673, 0.954252),
      ["UpperTorso"] = CFrame.new(-0.000000, -0.000000, -0.000000, 0.970118, 0.239039, 0.041605, -0.240534, 0.969986, 0.035635, -0.031838, -0.044577, 0.998498)
    }},
    {Time = 4.733, Data = {
      ["Head"] = CFrame.new(0.000000, 0.000000, -0.000000, 0.976599, 0.211611, 0.038399, -0.215065, 0.960447, 0.176885, 0.000551, -0.181004, 0.983482),
      ["LeftFoot"] = CFrame.new(-0.000000, 0.000000, 0.000000, 0.981691, -0.178673, 0.066030, 0.173823, 0.982060, 0.073094, -0.077905, -0.060279, 0.995137),
      ["LeftHand"] = CFrame.new(0.000000, 0.000000, 0.000000, 0.160003, -0.757877, -0.632473, 0.755592, 0.506335, -0.415579, 0.635201, -0.411398, 0.653660),
      ["LeftLowerArm"] = CFrame.new(-0.000000, 0.000000, -0.000000, 1.000000, 0.000000, -0.000000, 0.000000, 0.344498, -0.938787, 0.000000, 0.938787, 0.344498),
      ["LeftLowerLeg"] = CFrame.new(0.000000, 0.000000, 0.000000, 1.000000, -0.000000, -0.000000, 0.000000, 0.999993, 0.003638, -0.000000, -0.003638, 0.999993),
      ["LeftUpperArm"] = CFrame.new(0.000000, -0.065238, 0.000000, 0.082483, -0.155471, -0.984391, -0.442284, 0.879446, -0.175956, 0.893074, 0.449893, 0.003777),
      ["LeftUpperLeg"] = CFrame.new(0.000026, 0.000126, 0.004997, 0.749828, 0.602791, 0.272767, -0.619260, 0.784554, -0.031469, -0.232970, -0.145317, 0.961565),
      ["LowerTorso"] = CFrame.new(0.199006, 0.040244, 0.078464, 0.889555, -0.211158, -0.405098, 0.206857, 0.976828, -0.054935, 0.407311, -0.034930, 0.912621),
      ["RightFoot"] = CFrame.new(-0.000000, 0.000000, 0.000000, 0.956503, 0.251296, 0.148159, -0.240801, 0.966822, -0.085264, -0.164671, 0.045879, 0.985281),
      ["RightHand"] = CFrame.new(0.000000, 0.000000, 0.000000, 0.453247, -0.781748, 0.428290, 0.889891, 0.424640, -0.166666, -0.051576, 0.456673, 0.888138),
      ["RightLowerArm"] = CFrame.new(0.000000, 0.000000, 0.000000, 1.000000, 0.000001, -0.000000, 0.000001, 0.076130, -0.997098, 0.000001, 0.997098, 0.076128),
      ["RightLowerLeg"] = CFrame.new(-0.000000, -0.000000, -0.000000, 1.000000, 0.000000, -0.000000, -0.000000, 0.999999, 0.001397, -0.000000, -0.001397, 0.999999),
      ["RightUpperArm"] = CFrame.new(-0.000000, -0.065238, 0.000000, -0.081167, -0.129602, 0.988238, 0.439878, 0.885067, 0.152200, -0.894382, 0.447057, -0.014829),
      ["RightUpperLeg"] = CFrame.new(-0.000025, -0.000126, -0.004997, 0.968711, -0.025907, -0.246834, 0.069297, 0.983220, 0.168752, 0.238321, -0.180577, 0.954251),
      ["UpperTorso"] = CFrame.new(-0.000000, -0.000000, -0.000000, 0.969993, 0.239560, 0.041542, -0.241046, 0.969866, 0.035451, -0.031798, -0.044401, 0.998508)
    }},
    {Time = 4.767, Data = {
      ["Head"] = CFrame.new(-0.000000, 0.000000, -0.000000, 0.976708, 0.211115, 0.038368, -0.214573, 0.960582, 0.176753, 0.000460, -0.180869, 0.983507),
      ["LeftFoot"] = CFrame.new(-0.000000, 0.000000, -0.000000, 0.981692, -0.178661, 0.066042, 0.173816, 0.982067, 0.073022, -0.077904, -0.060206, 0.995141),
      ["LeftHand"] = CFrame.new(-0.000000, 0.000000, 0.000000, 0.160002, -0.757876, -0.632474, 0.755590, 0.506336, -0.415581, 0.635203, -0.411397, 0.653658),
      ["LeftLowerArm"] = CFrame.new(0.000000, -0.000000, -0.000000, 1.000000, 0.000000, -0.000000, 0.000000, 0.344498, -0.938787, 0.000000, 0.938787, 0.344498),
      ["LeftLowerLeg"] = CFrame.new(0.000000, 0.000000, 0.000000, 1.000000, 0.000000, 0.000000, -0.000000, 0.999993, 0.003643, -0.000000, -0.003643, 0.999993),
      ["LeftUpperArm"] = CFrame.new(0.000000, -0.065238, -0.000000, 0.082168, -0.155993, -0.984335, -0.442486, 0.879279, -0.176281, 0.893003, 0.450039, 0.003224),
      ["LeftUpperLeg"] = CFrame.new(0.000025, 0.000126, 0.004998, 0.749960, 0.602629, 0.272762, -0.619076, 0.784697, -0.031525, -0.233034, -0.145218, 0.961565),
      ["LowerTorso"] = CFrame.new(0.199041, 0.040270, 0.078038, 0.889634, -0.210888, -0.405066, 0.206695, 0.976879, -0.054629, 0.407221, -0.035126, 0.912654),
      ["RightFoot"] = CFrame.new(-0.000000, 0.000000, 0.000000, 0.956488, 0.251358, 0.148149, -0.240852, 0.966803, -0.085336, -0.164681, 0.045942, 0.985276),
      ["RightHand"] = CFrame.new(0.000000, 0.000000, -0.000000, 0.452707, -0.782627, 0.427258, 0.890145, 0.424597, -0.165415, -0.051952, 0.455206, 0.888869),
      ["RightLowerArm"] = CFrame.new(0.000000, 0.000000, -0.000000, 1.000000, 0.000001, -0.000000, 0.000001, 0.075145, -0.997173, 0.000001, 0.997173, 0.075142),
      ["RightLowerLeg"] = CFrame.new(-0.000000, -0.000000, 0.000000, 1.000000, -0.000000, 0.000000, -0.000000, 0.999999, 0.001403, -0.000000, -0.001403, 0.999999),
      ["RightUpperArm"] = CFrame.new(-0.000000, -0.065238, 0.000000, -0.081765, -0.129933, 0.988146, 0.441043, 0.884386, 0.152784, -0.893754, 0.448307, -0.015006),
      ["RightUpperLeg"] = CFrame.new(-0.000026, -0.000126, -0.004997, 0.968681, -0.026070, -0.246935, 0.069458, 0.983224, 0.168658, 0.238396, -0.180527, 0.954242),
      ["UpperTorso"] = CFrame.new(-0.000000, 0.000000, 0.000000, 0.969776, 0.240444, 0.041485, -0.241921, 0.969655, 0.035257, -0.031749, -0.044228, 0.998517)
    }},
    {Time = 4.800, Data = {
      ["Head"] = CFrame.new(0.000000, -0.000000, -0.000000, 0.976775, 0.210808, 0.038348, -0.214268, 0.960665, 0.176670, 0.000404, -0.180783, 0.983523),
      ["LeftFoot"] = CFrame.new(-0.000000, 0.000000, 0.000000, 0.981693, -0.178654, 0.066051, 0.173811, 0.982071, 0.072980, -0.077904, -0.060164, 0.995144),
      ["LeftHand"] = CFrame.new(0.000000, -0.000000, -0.000000, 0.160000, -0.757876, -0.632475, 0.755588, 0.506336, -0.415584, 0.635207, -0.411397, 0.653655),
      ["LeftLowerArm"] = CFrame.new(-0.000000, 0.000000, -0.000000, 1.000000, -0.000000, 0.000000, 0.000000, 0.344498, -0.938787, 0.000000, 0.938787, 0.344498),
      ["LeftLowerLeg"] = CFrame.new(-0.000000, -0.000000, 0.000000, 1.000000, -0.000000, 0.000000, -0.000000, 0.999993, 0.003645, -0.000000, -0.003645, 0.999993),
      ["LeftUpperArm"] = CFrame.new(0.000000, -0.065238, 0.000000, 0.082010, -0.156346, -0.984292, -0.442605, 0.879170, -0.176525, 0.892959, 0.450129, 0.002901),
      ["LeftUpperLeg"] = CFrame.new(0.000026, 0.000126, 0.004997, 0.750034, 0.602535, 0.272766, -0.618976, 0.784776, -0.031534, -0.233062, -0.145183, 0.961563),
      ["LowerTorso"] = CFrame.new(0.199054, 0.040285, 0.077793, 0.889677, -0.210734, -0.405051, 0.206588, 0.976909, -0.054489, 0.407180, -0.035202, 0.912669),
      ["RightFoot"] = CFrame.new(0.000000, 0.000000, 0.000000, 0.956476, 0.251409, 0.148143, -0.240899, 0.966789, -0.085366, -0.164686, 0.045963, 0.985275),
      ["RightHand"] = CFrame.new(0.000000, -0.000000, -0.000000, 0.452385, -0.783146, 0.426647, 0.890297, 0.424558, -0.164697, -0.052151, 0.454350, 0.889296),
      ["RightLowerArm"] = CFrame.new(-0.000000, 0.000000, 0.000000, 1.000000, 0.000001, -0.000000, 0.000001, 0.074579, -0.997215, 0.000001, 0.997215, 0.074575),
      ["RightLowerLeg"] = CFrame.new(0.000000, 0.000000, -0.000000, 1.000000, 0.000000, 0.000000, -0.000000, 0.999999, 0.001406, -0.000000, -0.001406, 0.999999),
      ["RightUpperArm"] = CFrame.new(0.000000, -0.065238, -0.000000, -0.082119, -0.130137, 0.988090, 0.441728, 0.883983, 0.153137, -0.893383, 0.449042, -0.015107),
      ["RightUpperLeg"] = CFrame.new(-0.000026, -0.000125, -0.004997, 0.968665, -0.026173, -0.246987, 0.069561, 0.983225, 0.168612, 0.238431, -0.180509, 0.954237),
      ["UpperTorso"] = CFrame.new(0.000000, 0.000000, 0.000000, 0.969648, 0.240966, 0.041462, -0.242439, 0.969529, 0.035156, -0.031727, -0.044140, 0.998521)
    }},
    {Time = 4.833, Data = {
      ["Head"] = CFrame.new(0.000000, -0.000000, -0.000000, 0.976851, 0.210449, 0.038384, -0.213921, 0.960770, 0.176519, 0.000270, -0.180644, 0.983549),
      ["LeftFoot"] = CFrame.new(-0.000000, 0.000000, 0.000000, 0.981693, -0.178646, 0.066060, 0.173807, 0.982075, 0.072937, -0.077905, -0.060121, 0.995146),
      ["LeftHand"] = CFrame.new(0.000000, -0.000000, -0.000000, 0.159998, -0.757875, -0.632476, 0.755586, 0.506338, -0.415586, 0.635209, -0.411397, 0.653653),
      ["LeftLowerArm"] = CFrame.new(0.000000, -0.000000, 0.000000, 1.000000, -0.000000, -0.000000, 0.000000, 0.344498, -0.938787, -0.000000, 0.938787, 0.344497),
      ["LeftLowerLeg"] = CFrame.new(0.000000, -0.000000, 0.000000, 1.000000, -0.000000, -0.000000, 0.000000, 0.999993, 0.003647, -0.000000, -0.003647, 0.999993),
      ["LeftUpperArm"] = CFrame.new(0.000000, -0.065238, 0.000000, 0.081905, -0.156505, -0.984275, -0.442700, 0.879103, -0.176621, 0.892921, 0.450204, 0.002719),
      ["LeftUpperLeg"] = CFrame.new(0.000025, 0.000126, 0.004997, 0.750108, 0.602441, 0.272771, -0.618876, 0.784855, -0.031545, -0.233090, -0.145149, 0.961562),
      ["LowerTorso"] = CFrame.new(0.199049, 0.040285, 0.077640, 0.889721, -0.210581, -0.405035, 0.206482, 0.976940, -0.054348, 0.407140, -0.035278, 0.912684),
      ["RightFoot"] = CFrame.new(0.000000, 0.000000, -0.000000, 0.956464, 0.251460, 0.148138, -0.240946, 0.966775, -0.085396, -0.164690, 0.045985, 0.985273),
      ["RightHand"] = CFrame.new(-0.000000, 0.000000, 0.000000, 0.452218, -0.783433, 0.426298, 0.890373, 0.424567, -0.164261, -0.052301, 0.453846, 0.889544),
      ["RightLowerArm"] = CFrame.new(0.000000, -0.000000, -0.000000, 1.000000, 0.000001, -0.000000, 0.000000, 0.074230, -0.997241, 0.000001, 0.997241, 0.074227),
      ["RightLowerLeg"] = CFrame.new(0.000000, -0.000000, 0.000000, 1.000000, -0.000000, 0.000000, -0.000000, 0.999999, 0.001408, -0.000000, -0.001409, 0.999999),
      ["RightUpperArm"] = CFrame.new(-0.000000, -0.065238, -0.000000, -0.082344, -0.130290, 0.988051, 0.442174, 0.883717, 0.153383, -0.893141, 0.449520, -0.015158),
      ["RightUpperLeg"] = CFrame.new(-0.000026, -0.000126, -0.004998, 0.968649, -0.026276, -0.247040, 0.069665, 0.983226, 0.168565, 0.238466, -0.180491, 0.954231),
      ["UpperTorso"] = CFrame.new(-0.000000, -0.000000, -0.000000, 0.969509, 0.241530, 0.041429, -0.242998, 0.969392, 0.035066, -0.031692, -0.044064, 0.998526)
    }},
    {Time = 4.867, Data = {
      ["Head"] = CFrame.new(-0.000000, -0.000000, -0.000000, 0.976927, 0.210090, 0.038421, -0.213574, 0.960875, 0.176368, 0.000136, -0.180505, 0.983574),
      ["LeftFoot"] = CFrame.new(-0.000000, -0.000000, 0.000000, 0.981705, -0.178579, 0.066076, 0.173743, 0.982090, 0.072877, -0.077906, -0.060064, 0.995150),
      ["LeftHand"] = CFrame.new(0.000000, 0.000000, 0.000000, 0.159997, -0.757874, -0.632478, 0.755584, 0.506339, -0.415588, 0.635212, -0.411397, 0.653650),
      ["LeftLowerArm"] = CFrame.new(-0.000000, 0.000000, -0.000000, 1.000000, 0.000000, 0.000000, 0.000000, 0.344497, -0.938787, 0.000000, 0.938787, 0.344498),
      ["LeftLowerLeg"] = CFrame.new(-0.000000, 0.000000, 0.000000, 1.000000, 0.000000, 0.000000, -0.000000, 0.999993, 0.003650, -0.000000, -0.003650, 0.999993),
      ["LeftUpperArm"] = CFrame.new(0.000000, -0.065238, -0.000000, 0.081718, -0.157182, -0.984183, -0.443001, 0.878846, -0.177142, 0.892789, 0.450470, 0.002185),
      ["LeftUpperLeg"] = CFrame.new(0.000026, 0.000126, 0.004997, 0.750304, 0.602187, 0.272792, -0.618621, 0.785057, -0.031515, -0.233136, -0.145109, 0.961557),
      ["LowerTorso"] = CFrame.new(0.198986, 0.040303, 0.077354, 0.889764, -0.210427, -0.405020, 0.206375, 0.976970, -0.054208, 0.407099, -0.035354, 0.912700),
      ["RightFoot"] = CFrame.new(-0.000000, 0.000000, 0.000000, 0.956439, 0.251559, 0.148129, -0.241042, 0.966748, -0.085421, -0.164692, 0.045995, 0.985272),
      ["RightHand"] = CFrame.new(-0.000000, 0.000000, -0.000000, 0.451778, -0.784215, 0.425324, 0.890570, 0.424627, -0.163034, -0.052747, 0.452437, 0.890235),
      ["RightLowerArm"] = CFrame.new(-0.000000, 0.000000, -0.000000, 1.000000, 0.000001, -0.000000, 0.000001, 0.073249, -0.997314, 0.000001, 0.997314, 0.073246),
      ["RightLowerLeg"] = CFrame.new(-0.000000, 0.000000, 0.000000, 1.000000, -0.000000, 0.000000, -0.000000, 0.999999, 0.001410, 0.000000, -0.001411, 0.999999),
      ["RightUpperArm"] = CFrame.new(-0.000000, -0.065238, 0.000000, -0.082925, -0.130733, 0.987944, 0.443400, 0.882984, 0.154061, -0.892480, 0.450830, -0.015254),
      ["RightUpperLeg"] = CFrame.new(-0.000026, -0.000126, -0.004997, 0.968618, -0.026563, -0.247131, 0.069950, 0.983221, 0.168474, 0.238509, -0.180474, 0.954224),
      ["UpperTorso"] = CFrame.new(-0.000000, -0.000000, 0.000000, 0.969314, 0.242302, 0.041486, -0.243778, 0.969191, 0.035225, -0.031673, -0.044257, 0.998518)
    }},
    {Time = 4.900, Data = {
      ["Head"] = CFrame.new(-0.000000, -0.000000, 0.000000, 0.976992, 0.209778, 0.038470, -0.213276, 0.960967, 0.176227, 0.000000, -0.180377, 0.983598),
      ["LeftFoot"] = CFrame.new(0.000000, -0.000000, 0.000000, 0.981708, -0.178558, 0.066084, 0.173724, 0.982096, 0.072847, -0.077908, -0.060035, 0.995151),
      ["LeftHand"] = CFrame.new(-0.000000, 0.000000, -0.000000, 0.159996, -0.757874, -0.632478, 0.755581, 0.506341, -0.415592, 0.635215, -0.411395, 0.653648),
      ["LeftLowerArm"] = CFrame.new(0.000000, -0.000000, -0.000000, 1.000000, -0.000000, 0.000000, 0.000000, 0.344499, -0.938787, 0.000000, 0.938787, 0.344498),
      ["LeftLowerLeg"] = CFrame.new(0.000000, -0.000000, 0.000000, 1.000000, 0.000000, 0.000000, -0.000000, 0.999993, 0.003652, -0.000000, -0.003652, 0.999993),
      ["LeftUpperArm"] = CFrame.new(0.000000, -0.065238, -0.000000, 0.081564, -0.157525, -0.984141, -0.443173, 0.878712, -0.177380, 0.892718, 0.450612, 0.001860),
      ["LeftUpperLeg"] = CFrame.new(0.000026, 0.000126, 0.004997, 0.750386, 0.602080, 0.272804, -0.618515, 0.785141, -0.031494, -0.233152, -0.145101, 0.961554),
      ["LowerTorso"] = CFrame.new(0.198936, 0.040318, 0.077220, 0.889793, -0.210325, -0.405009, 0.206288, 0.976992, -0.054152, 0.407080, -0.035365, 0.912708),
      ["RightFoot"] = CFrame.new(0.000000, 0.000000, -0.000000, 0.956422, 0.251625, 0.148125, -0.241107, 0.966731, -0.085431, -0.164694, 0.045995, 0.985272),
      ["RightHand"] = CFrame.new(-0.000000, 0.000000, 0.000000, 0.451526, -0.784670, 0.424751, 0.890681, 0.424671, -0.162310, -0.053017, 0.451605, 0.890641),
      ["RightLowerArm"] = CFrame.new(-0.000000, -0.000001, -0.000000, 1.000000, 0.000001, -0.000001, 0.000001, 0.072671, -0.997356, 0.000001, 0.997356, 0.072668),
      ["RightLowerLeg"] = CFrame.new(-0.000000, -0.000000, 0.000000, 1.000000, 0.000000, 0.000000, -0.000000, 0.999999, 0.001412, 0.000000, -0.001412, 0.999999),
      ["RightUpperArm"] = CFrame.new(0.000000, -0.065238, -0.000000, -0.083253, -0.130996, 0.987881, 0.444117, 0.882555, 0.154458, -0.892093, 0.451594, -0.015298),
      ["RightUpperLeg"] = CFrame.new(-0.000026, -0.000125, -0.004998, 0.968606, -0.026680, -0.247166, 0.070071, 0.983215, 0.168457, 0.238523, -0.180488, 0.954217),
      ["UpperTorso"] = CFrame.new(-0.000000, 0.000000, 0.000000, 0.969171, 0.242864, 0.041538, -0.244344, 0.969047, 0.035259, -0.031689, -0.044322, 0.998515)
    }},
    {Time = 4.933, Data = {
      ["Head"] = CFrame.new(0.000000, -0.000001, -0.000000, 0.977047, 0.209513, 0.038524, -0.213026, 0.961044, 0.176110, -0.000126, -0.180274, 0.983616),
      ["LeftFoot"] = CFrame.new(0.000000, -0.000000, 0.000000, 0.981711, -0.178536, 0.066093, 0.173704, 0.982102, 0.072817, -0.077910, -0.060005, 0.995153),
      ["LeftHand"] = CFrame.new(-0.000000, 0.000000, 0.000000, 0.159995, -0.757874, -0.632479, 0.755578, 0.506342, -0.415595, 0.635219, -0.411394, 0.653645),
      ["LeftLowerArm"] = CFrame.new(-0.000000, -0.000000, -0.000000, 1.000000, 0.000000, -0.000000, 0.000001, 0.344499, -0.938787, 0.000000, 0.938787, 0.344499),
      ["LeftLowerLeg"] = CFrame.new(-0.000000, 0.000001, 0.000000, 1.000000, 0.000000, 0.000000, -0.000000, 0.999993, 0.003653, 0.000000, -0.003653, 0.999993),
      ["LeftUpperArm"] = CFrame.new(0.000000, -0.065238, 0.000000, 0.081514, -0.157794, -0.984102, -0.443256, 0.878626, -0.177597, 0.892681, 0.450686, 0.001677),
      ["LeftUpperLeg"] = CFrame.new(0.000026, 0.000126, 0.004998, 0.750468, 0.601971, 0.272816, -0.618410, 0.785225, -0.031472, -0.233168, -0.145093, 0.961551),
      ["LowerTorso"] = CFrame.new(0.198904, 0.040327, 0.077066, 0.889822, -0.210223, -0.404999, 0.206200, 0.977013, -0.054096, 0.407062, -0.035376, 0.912715),
      ["RightFoot"] = CFrame.new(0.000000, 0.000000, 0.000000, 0.956405, 0.251690, 0.148120, -0.241172, 0.966714, -0.085442, -0.164696, 0.045995, 0.985272),
      ["RightHand"] = CFrame.new(0.000000, 0.000000, -0.000000, 0.451422, -0.784889, 0.424457, 0.890724, 0.424734, -0.161913, -0.053194, 0.451165, 0.890854),
      ["RightLowerArm"] = CFrame.new(0.000000, -0.000000, 0.000000, 1.000000, 0.000001, -0.000000, 0.000000, 0.072327, -0.997381, 0.000001, 0.997381, 0.072324),
      ["RightLowerLeg"] = CFrame.new(-0.000000, 0.000000, 0.000000, 1.000000, 0.000000, -0.000000, -0.000000, 0.999999, 0.001413, 0.000000, -0.001413, 0.999999),
      ["RightUpperArm"] = CFrame.new(-0.000000, -0.065238, -0.000000, -0.083402, -0.131149, 0.987848, 0.444506, 0.882322, 0.154668, -0.891885, 0.452004, -0.015291),
      ["RightUpperLeg"] = CFrame.new(-0.000025, -0.000126, -0.004998, 0.968594, -0.026797, -0.247200, 0.070193, 0.983209, 0.168441, 0.238536, -0.180502, 0.954212),
      ["UpperTorso"] = CFrame.new(-0.000000, -0.000000, 0.000000, 0.969046, 0.243360, 0.041551, -0.244843, 0.968918, 0.035359, -0.031655, -0.044438, 0.998510)
    }},
    {Time = 4.967, Data = {
      ["Head"] = CFrame.new(0.000000, -0.000000, -0.000000, 0.977101, 0.209249, 0.038576, -0.212775, 0.961121, 0.175992, -0.000250, -0.180170, 0.983635),
      ["LeftFoot"] = CFrame.new(0.000000, -0.000000, -0.000000, 0.981716, -0.178505, 0.066106, 0.173677, 0.982111, 0.072754, -0.077910, -0.059943, 0.995157),
      ["LeftHand"] = CFrame.new(0.000000, -0.000000, -0.000000, 0.159994, -0.757873, -0.632480, 0.755577, 0.506343, -0.415596, 0.635221, -0.411394, 0.653643),
      ["LeftLowerArm"] = CFrame.new(0.000000, -0.000001, 0.000000, 1.000000, -0.000000, -0.000000, 0.000000, 0.344498, -0.938787, 0.000000, 0.938787, 0.344499),
      ["LeftLowerLeg"] = CFrame.new(0.000000, 0.000000, 0.000000, 1.000000, -0.000000, 0.000000, 0.000000, 0.999993, 0.003657, 0.000000, -0.003657, 0.999993),
      ["LeftUpperArm"] = CFrame.new(0.000000, -0.065238, 0.000000, 0.081428, -0.158272, -0.984032, -0.443467, 0.878441, -0.177985, 0.892584, 0.450879, 0.001341),
      ["LeftUpperLeg"] = CFrame.new(0.000025, 0.000125, 0.004998, 0.750577, 0.601813, 0.272865, -0.618279, 0.785333, -0.031359, -0.233163, -0.145169, 0.961541),
      ["LowerTorso"] = CFrame.new(0.198872, 0.040344, 0.076784, 0.889850, -0.210121, -0.404989, 0.206112, 0.977035, -0.054040, 0.407043, -0.035386, 0.912723),
      ["RightFoot"] = CFrame.new(0.000000, 0.000000, 0.000000, 0.956385, 0.251773, 0.148114, -0.241251, 0.966692, -0.085472, -0.164701, 0.046012, 0.985270),
      ["RightHand"] = CFrame.new(0.000000, -0.000000, -0.000000, 0.451253, -0.785260, 0.423952, 0.890788, 0.424870, -0.161194, -0.053543, 0.450392, 0.891224),
      ["RightLowerArm"] = CFrame.new(-0.000000, -0.000000, 0.000000, 1.000000, 0.000001, -0.000000, 0.000000, 0.071734, -0.997424, 0.000001, 0.997424, 0.071733),
      ["RightLowerLeg"] = CFrame.new(-0.000000, 0.000000, -0.000000, 1.000000, 0.000000, 0.000000, 0.000000, 0.999999, 0.001416, -0.000000, -0.001416, 0.999999),
      ["RightUpperArm"] = CFrame.new(0.000000, -0.065238, -0.000000, -0.083636, -0.131433, 0.987791, 0.445201, 0.881906, 0.155040, -0.891516, 0.452732, -0.015245),
      ["RightUpperLeg"] = CFrame.new(-0.000025, -0.000126, -0.004998, 0.968582, -0.026960, -0.247227, 0.070375, 0.983189, 0.168486, 0.238529, -0.180591, 0.954197),
      ["UpperTorso"] = CFrame.new(-0.000000, -0.000000, 0.000000, 0.968911, 0.243885, 0.041608, -0.245373, 0.968781, 0.035431, -0.031668, -0.044539, 0.998506)
    }},
    {Time = 5.000, Data = {
      ["Head"] = CFrame.new(-0.000000, 0.000000, 0.000000, 0.977160, 0.208952, 0.038693, -0.212504, 0.961214, 0.175811, -0.000456, -0.180018, 0.983663),
      ["LeftFoot"] = CFrame.new(0.000000, -0.000000, 0.000000, 0.981723, -0.178464, 0.066115, 0.173637, 0.982120, 0.072737, -0.077914, -0.059929, 0.995157),
      ["LeftHand"] = CFrame.new(0.000000, 0.000000, -0.000000, 0.159992, -0.757873, -0.632480, 0.755575, 0.506344, -0.415600, 0.635224, -0.411393, 0.653641),
      ["LeftLowerArm"] = CFrame.new(0.000000, -0.000000, 0.000000, 1.000000, -0.000000, 0.000000, 0.000000, 0.344498, -0.938787, 0.000000, 0.938787, 0.344498),
      ["LeftLowerLeg"] = CFrame.new(-0.000000, 0.000000, -0.000000, 1.000000, -0.000000, 0.000000, 0.000000, 0.999993, 0.003657, 0.000000, -0.003657, 0.999993),
      ["LeftUpperArm"] = CFrame.new(0.000000, -0.065238, 0.000000, 0.081321, -0.158721, -0.983969, -0.443688, 0.878258, -0.178338, 0.892484, 0.451078, 0.000998),
      ["LeftUpperLeg"] = CFrame.new(0.000025, 0.000125, 0.004997, 0.750691, 0.601659, 0.272892, -0.618141, 0.785444, -0.031283, -0.233163, -0.145201, 0.961536),
      ["LowerTorso"] = CFrame.new(0.198841, 0.040351, 0.076651, 0.889867, -0.210054, -0.404986, 0.206015, 0.977052, -0.054092, 0.407055, -0.035299, 0.912721),
      ["RightFoot"] = CFrame.new(0.000000, 0.000000, 0.000000, 0.956367, 0.251841, 0.148111, -0.241322, 0.966675, -0.085458, -0.164698, 0.045987, 0.985272),
      ["RightHand"] = CFrame.new(-0.000000, 0.000000, -0.000000, 0.451136, -0.785558, 0.423523, 0.890823, 0.425068, -0.160482, -0.053955, 0.449684, 0.891557),
      ["RightLowerArm"] = CFrame.new(0.000000, 0.000000, 0.000000, 1.000000, 0.000001, -0.000001, 0.000001, 0.071179, -0.997464, 0.000001, 0.997464, 0.071176),
      ["RightLowerLeg"] = CFrame.new(0.000000, 0.000000, 0.000000, 1.000000, 0.000000, -0.000000, -0.000000, 0.999999, 0.001416, 0.000000, -0.001416, 0.999999),
      ["RightUpperArm"] = CFrame.new(-0.000000, -0.065238, -0.000000, -0.083788, -0.131702, 0.987742, 0.445822, 0.881537, 0.155359, -0.891192, 0.453374, -0.015147),
      ["RightUpperLeg"] = CFrame.new(-0.000026, -0.000126, -0.004997, 0.968570, -0.027119, -0.247256, 0.070543, 0.983176, 0.168492, 0.238527, -0.180639, 0.954188),
      ["UpperTorso"] = CFrame.new(-0.000000, 0.000000, -0.000000, 0.968752, 0.244506, 0.041667, -0.246002, 0.968615, 0.035613, -0.031651, -0.044750, 0.998497)
    }},
    {Time = 5.033, Data = {
      ["Head"] = CFrame.new(-0.000000, -0.000000, -0.000000, 0.977210, 0.208695, 0.038832, -0.212276, 0.961295, 0.175643, -0.000673, -0.179883, 0.983688),
      ["LeftFoot"] = CFrame.new(-0.000000, 0.000000, 0.000000, 0.981726, -0.178443, 0.066126, 0.173619, 0.982127, 0.072686, -0.077914, -0.059878, 0.995160),
      ["LeftHand"] = CFrame.new(0.000000, -0.000000, -0.000000, 0.159991, -0.757872, -0.632481, 0.755572, 0.506345, -0.415602, 0.635227, -0.411392, 0.653638),
      ["LeftLowerArm"] = CFrame.new(0.000000, -0.000001, -0.000000, 1.000000, -0.000000, 0.000000, -0.000000, 0.344498, -0.938787, -0.000000, 0.938787, 0.344498),
      ["LeftLowerLeg"] = CFrame.new(0.000000, -0.000000, -0.000000, 1.000000, 0.000000, 0.000000, 0.000000, 0.999993, 0.003660, -0.000000, -0.003660, 0.999993),
      ["LeftUpperArm"] = CFrame.new(-0.000000, -0.065237, 0.000000, 0.081214, -0.159116, -0.983914, -0.443925, 0.878076, -0.178643, 0.892376, 0.451292, 0.000677),
      ["LeftUpperLeg"] = CFrame.new(0.000026, 0.000126, 0.004997, 0.750775, 0.601524, 0.272960, -0.618053, 0.785521, -0.031105, -0.233127, -0.145350, 0.961522),
      ["LowerTorso"] = CFrame.new(0.198787, 0.040360, 0.076496, 0.889885, -0.209986, -0.404983, 0.205918, 0.977070, -0.054145, 0.407067, -0.035211, 0.912719),
      ["RightFoot"] = CFrame.new(-0.000000, 0.000000, 0.000000, 0.956348, 0.251916, 0.148108, -0.241397, 0.966657, -0.085458, -0.164698, 0.045975, 0.985272),
      ["RightHand"] = CFrame.new(-0.000000, -0.000000, 0.000000, 0.451085, -0.785780, 0.423165, 0.890821, 0.425326, -0.159807, -0.054406, 0.449051, 0.891848),
      ["RightLowerArm"] = CFrame.new(-0.000000, 0.000000, 0.000000, 1.000000, 0.000001, -0.000001, 0.000001, 0.070623, -0.997503, 0.000001, 0.997503, 0.070620),
      ["RightLowerLeg"] = CFrame.new(-0.000000, -0.000000, -0.000000, 1.000000, 0.000000, 0.000000, -0.000000, 0.999999, 0.001417, 0.000000, -0.001417, 0.999999),
      ["RightUpperArm"] = CFrame.new(0.000000, -0.065238, -0.000000, -0.083867, -0.131943, 0.987703, 0.446351, 0.881223, 0.155619, -0.890919, 0.453914, -0.015013),
      ["RightUpperLeg"] = CFrame.new(-0.000025, -0.000126, -0.004997, 0.968565, -0.027279, -0.247261, 0.070729, 0.983146, 0.168585, 0.238494, -0.180774, 0.954170),
      ["UpperTorso"] = CFrame.new(0.000000, 0.000000, -0.000000, 0.968599, 0.245103, 0.041721, -0.246610, 0.968450, 0.035877, -0.031612, -0.045039, 0.998485)
    }},
    {Time = 5.067, Data = {
      ["Head"] = CFrame.new(-0.000000, -0.000001, -0.000000, 0.977248, 0.208482, 0.039015, -0.212099, 0.961366, 0.175466, -0.000926, -0.179749, 0.983712),
      ["LeftFoot"] = CFrame.new(0.000000, 0.000000, 0.000000, 0.981729, -0.178421, 0.066137, 0.173600, 0.982134, 0.072635, -0.077915, -0.059827, 0.995163),
      ["LeftHand"] = CFrame.new(0.000000, 0.000000, -0.000000, 0.159990, -0.757872, -0.632482, 0.755570, 0.506347, -0.415604, 0.635230, -0.411392, 0.653636),
      ["LeftLowerArm"] = CFrame.new(0.000000, 0.000000, 0.000000, 1.000000, 0.000000, -0.000000, 0.000000, 0.344498, -0.938787, 0.000000, 0.938787, 0.344498),
      ["LeftLowerLeg"] = CFrame.new(-0.000000, -0.000000, 0.000000, 1.000000, 0.000000, -0.000000, 0.000000, 0.999993, 0.003662, -0.000000, -0.003662, 0.999993),
      ["LeftUpperArm"] = CFrame.new(0.000000, -0.065239, 0.000000, 0.081177, -0.159586, -0.983841, -0.444128, 0.877892, -0.179045, 0.892278, 0.451485, 0.000388),
      ["LeftUpperLeg"] = CFrame.new(0.000026, 0.000126, 0.004997, 0.750859, 0.601388, 0.273028, -0.617964, 0.785597, -0.030927, -0.233090, -0.145499, 0.961509),
      ["LowerTorso"] = CFrame.new(0.198681, 0.040368, 0.076349, 0.889901, -0.209919, -0.404981, 0.205820, 0.977088, -0.054197, 0.407079, -0.035123, 0.912717),
      ["RightFoot"] = CFrame.new(0.000000, 0.000000, -0.000000, 0.956329, 0.251990, 0.148105, -0.241473, 0.966638, -0.085457, -0.164698, 0.045962, 0.985273),
      ["RightHand"] = CFrame.new(-0.000000, -0.000000, 0.000000, 0.451078, -0.785937, 0.422881, 0.890797, 0.425609, -0.159191, -0.054863, 0.448509, 0.892093),
      ["RightLowerArm"] = CFrame.new(0.000000, -0.000000, 0.000000, 1.000000, 0.000001, -0.000000, 0.000001, 0.070109, -0.997540, 0.000001, 0.997539, 0.070105),
      ["RightLowerLeg"] = CFrame.new(0.000000, -0.000000, -0.000000, 1.000000, 0.000000, 0.000000, -0.000000, 0.999999, 0.001418, -0.000000, -0.001419, 0.999999),
      ["RightUpperArm"] = CFrame.new(-0.000000, -0.065239, -0.000000, -0.083896, -0.132174, 0.987670, 0.446841, 0.880934, 0.155846, -0.890671, 0.454406, -0.014846),
      ["RightUpperLeg"] = CFrame.new(-0.000026, -0.000126, -0.004998, 0.968559, -0.027438, -0.247264, 0.070915, 0.983117, 0.168679, 0.238461, -0.180910, 0.954153),
      ["UpperTorso"] = CFrame.new(-0.000000, 0.000000, -0.000000, 0.968442, 0.245705, 0.041825, -0.247229, 0.968278, 0.036269, -0.031586, -0.045465, 0.998466)
    }},
    {Time = 5.100, Data = {
      ["Head"] = CFrame.new(0.000000, 0.000000, -0.000000, 0.977278, 0.208295, 0.039244, -0.211956, 0.961433, 0.175272, -0.001222, -0.179608, 0.983738),
      ["LeftFoot"] = CFrame.new(0.000000, 0.000000, -0.000000, 0.981735, -0.178383, 0.066148, 0.173565, 0.982143, 0.072598, -0.077916, -0.059791, 0.995165),
      ["LeftHand"] = CFrame.new(-0.000000, 0.000000, 0.000000, 0.159989, -0.757871, -0.632483, 0.755568, 0.506348, -0.415607, 0.635232, -0.411392, 0.653633),
      ["LeftLowerArm"] = CFrame.new(-0.000000, -0.000000, 0.000000, 1.000000, -0.000000, 0.000000, -0.000000, 0.344498, -0.938787, -0.000000, 0.938787, 0.344498),
      ["LeftLowerLeg"] = CFrame.new(-0.000000, 0.000000, 0.000000, 1.000000, 0.000000, 0.000000, 0.000000, 0.999993, 0.003664, 0.000000, -0.003664, 0.999993),
      ["LeftUpperArm"] = CFrame.new(-0.000000, -0.065238, 0.000000, 0.081084, -0.159890, -0.983799, -0.444365, 0.877725, -0.179274, 0.892169, 0.451702, 0.000120),
      ["LeftUpperLeg"] = CFrame.new(0.000025, 0.000126, 0.004997, 0.750953, 0.601232, 0.273111, -0.617871, 0.785680, -0.030697, -0.233035, -0.145695, 0.961493),
      ["LowerTorso"] = CFrame.new(0.198584, 0.040376, 0.076184, 0.889905, -0.209912, -0.404978, 0.205738, 0.977096, -0.054364, 0.407114, -0.034940, 0.912709),
      ["RightFoot"] = CFrame.new(0.000000, 0.000000, -0.000000, 0.956309, 0.252066, 0.148103, -0.241554, 0.966619, -0.085435, -0.164695, 0.045928, 0.985275),
      ["RightHand"] = CFrame.new(0.000000, 0.000000, -0.000000, 0.451062, -0.786077, 0.422638, 0.890781, 0.425840, -0.158658, -0.055255, 0.448043, 0.892303),
      ["RightLowerArm"] = CFrame.new(-0.000000, 0.000000, 0.000000, 1.000000, 0.000001, -0.000000, 0.000001, 0.069664, -0.997571, 0.000001, 0.997571, 0.069660),
      ["RightLowerLeg"] = CFrame.new(0.000000, -0.000000, -0.000000, 1.000000, 0.000000, 0.000000, -0.000000, 0.999999, 0.001418, -0.000000, -0.001418, 0.999999),
      ["RightUpperArm"] = CFrame.new(0.000000, -0.065238, -0.000000, -0.083922, -0.132404, 0.987637, 0.447309, 0.880657, 0.156071, -0.890434, 0.454876, -0.014681),
      ["RightUpperLeg"] = CFrame.new(-0.000026, -0.000126, -0.004997, 0.968561, -0.027610, -0.247240, 0.071120, 0.983078, 0.168821, 0.238395, -0.181097, 0.954134),
      ["UpperTorso"] = CFrame.new(-0.000000, 0.000000, -0.000000, 0.968305, 0.246232, 0.041907, -0.247771, 0.968126, 0.036631, -0.031552, -0.045853, 0.998450)
    }},
    {Time = 5.133, Data = {
      ["Head"] = CFrame.new(-0.000000, 0.000000, 0.000000, 0.977301, 0.208144, 0.039492, -0.211852, 0.961492, 0.175079, -0.001530, -0.179471, 0.983762),
      ["LeftFoot"] = CFrame.new(0.000000, 0.000000, -0.000000, 0.981752, -0.178288, 0.066157, 0.173481, 0.982169, 0.072447, -0.077894, -0.059649, 0.995176),
      ["LeftHand"] = CFrame.new(-0.000000, -0.000000, -0.000000, 0.159986, -0.757871, -0.632484, 0.755567, 0.506348, -0.415609, 0.635235, -0.411392, 0.653630),
      ["LeftLowerArm"] = CFrame.new(0.000000, -0.000000, 0.000000, 1.000000, -0.000000, -0.000000, 0.000000, 0.344498, -0.938788, -0.000000, 0.938787, 0.344497),
      ["LeftLowerLeg"] = CFrame.new(-0.000000, 0.000000, 0.000000, 1.000000, -0.000000, -0.000000, 0.000000, 0.999993, 0.003667, -0.000000, -0.003667, 0.999993),
      ["LeftUpperArm"] = CFrame.new(0.000000, -0.065238, -0.000000, 0.081038, -0.160276, -0.983740, -0.444591, 0.877544, -0.179599, 0.892060, 0.451916, -0.000143),
      ["LeftUpperLeg"] = CFrame.new(0.000026, 0.000126, 0.004997, 0.751044, 0.601073, 0.273212, -0.617786, 0.785757, -0.030421, -0.232965, -0.145939, 0.961473),
      ["LowerTorso"] = CFrame.new(0.198488, 0.040390, 0.076001, 0.889908, -0.209904, -0.404975, 0.205655, 0.977104, -0.054531, 0.407149, -0.034758, 0.912700),
      ["RightFoot"] = CFrame.new(0.000000, 0.000000, 0.000000, 0.956289, 0.252143, 0.148102, -0.241635, 0.966601, -0.085413, -0.164692, 0.045894, 0.985277),
      ["RightHand"] = CFrame.new(-0.000000, -0.000000, -0.000000, 0.450976, -0.786233, 0.422439, 0.890807, 0.425945, -0.158230, -0.055527, 0.447670, 0.892473),
      ["RightLowerArm"] = CFrame.new(-0.000000, -0.000000, -0.000000, 1.000000, 0.000001, -0.000000, 0.000001, 0.069353, -0.997592, 0.000001, 0.997592, 0.069349),
      ["RightLowerLeg"] = CFrame.new(0.000000, -0.000000, -0.000000, 1.000000, 0.000000, 0.000000, -0.000000, 0.999999, 0.001418, 0.000000, -0.001418, 0.999999),
      ["RightUpperArm"] = CFrame.new(-0.000000, -0.065238, 0.000000, -0.084031, -0.132628, 0.987597, 0.447715, 0.880405, 0.156327, -0.890219, 0.455298, -0.014602),
      ["RightUpperLeg"] = CFrame.new(-0.000025, -0.000126, -0.004998, 0.968562, -0.027782, -0.247216, 0.071326, 0.983038, 0.168963, 0.238328, -0.181284, 0.954115),
      ["UpperTorso"] = CFrame.new(0.000000, 0.000000, -0.000000, 0.968164, 0.246760, 0.042057, -0.248318, 0.967970, 0.037036, -0.031571, -0.046300, 0.998429)
    }},
    {Time = 5.167, Data = {
      ["Head"] = CFrame.new(-0.000000, 0.000000, 0.000000, 0.977305, 0.208074, 0.039755, -0.211830, 0.961533, 0.174879, -0.001837, -0.179331, 0.983787),
      ["LeftFoot"] = CFrame.new(0.000000, -0.000000, 0.000000, 0.981770, -0.178189, 0.066164, 0.173391, 0.982194, 0.072318, -0.077872, -0.059528, 0.995185),
      ["LeftHand"] = CFrame.new(0.000000, 0.000000, -0.000000, 0.159986, -0.757870, -0.632485, 0.755563, 0.506350, -0.415612, 0.635239, -0.411391, 0.653628),
      ["LeftLowerArm"] = CFrame.new(0.000000, 0.000000, 0.000000, 1.000000, -0.000000, -0.000000, 0.000000, 0.344498, -0.938787, 0.000000, 0.938787, 0.344498),
      ["LeftLowerLeg"] = CFrame.new(-0.000000, -0.000000, 0.000000, 1.000000, -0.000000, 0.000000, 0.000000, 0.999993, 0.003668, -0.000000, -0.003668, 0.999993),
      ["LeftUpperArm"] = CFrame.new(0.000000, -0.065238, -0.000000, 0.080989, -0.160606, -0.983690, -0.444834, 0.877365, -0.179871, 0.891944, 0.452146, -0.000386),
      ["LeftUpperLeg"] = CFrame.new(0.000026, 0.000126, 0.004997, 0.751126, 0.600924, 0.273313, -0.617717, 0.785823, -0.030135, -0.232885, -0.146194, 0.961453),
      ["LowerTorso"] = CFrame.new(0.198353, 0.040397, 0.075891, 0.889899, -0.209941, -0.404976, 0.205583, 0.977105, -0.054783, 0.407205, -0.034505, 0.912685),
      ["RightFoot"] = CFrame.new(0.000000, 0.000000, -0.000000, 0.956265, 0.252232, 0.148106, -0.241736, 0.966582, -0.085343, -0.164683, 0.045808, 0.985282),
      ["RightHand"] = CFrame.new(0.000000, 0.000000, 0.000000, 0.450754, -0.786443, 0.422285, 0.890913, 0.425840, -0.157916, -0.055631, 0.447400, 0.892602),
      ["RightLowerArm"] = CFrame.new(0.000000, -0.000000, -0.000000, 1.000000, 0.000001, -0.000000, 0.000001, 0.069401, -0.997589, 0.000001, 0.997589, 0.069398),
      ["RightLowerLeg"] = CFrame.new(-0.000000, 0.000000, -0.000000, 1.000000, 0.000000, -0.000000, -0.000000, 0.999999, 0.001417, -0.000000, -0.001417, 0.999999),
      ["RightUpperArm"] = CFrame.new(-0.000000, -0.065238, 0.000000, -0.084221, -0.132863, 0.987550, 0.448094, 0.880159, 0.156629, -0.890010, 0.455706, -0.014593),
      ["RightUpperLeg"] = CFrame.new(-0.000026, -0.000126, -0.004997, 0.968569, -0.027964, -0.247167, 0.071553, 0.982986, 0.169171, 0.238232, -0.181539, 0.954091),
      ["UpperTorso"] = CFrame.new(-0.000000, 0.000000, 0.000000, 0.968045, 0.247202, 0.042203, -0.248782, 0.967834, 0.037474, -0.031582, -0.046775, 0.998406)
    }},
    {Time = 5.200, Data = {
      ["Head"] = CFrame.new(0.000000, -0.000000, -0.000000, 0.977291, 0.208075, 0.040092, -0.211891, 0.961559, 0.174661, -0.002208, -0.179190, 0.983812),
      ["LeftFoot"] = CFrame.new(-0.000000, 0.000000, 0.000000, 0.981790, -0.178071, 0.066184, 0.173286, 0.982226, 0.072137, -0.077853, -0.059355, 0.995196),
      ["LeftHand"] = CFrame.new(0.000000, -0.000000, 0.000000, 0.159985, -0.757870, -0.632486, 0.755562, 0.506351, -0.415615, 0.635241, -0.411389, 0.653626),
      ["LeftLowerArm"] = CFrame.new(0.000000, -0.000000, 0.000000, 1.000000, -0.000000, 0.000000, -0.000000, 0.344498, -0.938787, -0.000000, 0.938787, 0.344497),
      ["LeftLowerLeg"] = CFrame.new(0.000000, 0.000000, -0.000000, 1.000000, 0.000000, 0.000000, -0.000000, 0.999993, 0.003670, 0.000000, -0.003670, 0.999993),
      ["LeftUpperArm"] = CFrame.new(0.000000, -0.065238, -0.000000, 0.080946, -0.160899, -0.983646, -0.445091, 0.877185, -0.180112, 0.891820, 0.452391, -0.000610),
      ["LeftUpperLeg"] = CFrame.new(0.000026, 0.000125, 0.004997, 0.751200, 0.600780, 0.273428, -0.617662, 0.785878, -0.029810, -0.232791, -0.146492, 0.961430),
      ["LowerTorso"] = CFrame.new(0.198141, 0.040402, 0.075771, 0.889881, -0.209994, -0.404988, 0.205520, 0.977103, -0.055054, 0.407276, -0.034242, 0.912663),
      ["RightFoot"] = CFrame.new(-0.000000, 0.000000, -0.000000, 0.956241, 0.252319, 0.148110, -0.241836, 0.966563, -0.085276, -0.164676, 0.045726, 0.985287),
      ["RightHand"] = CFrame.new(0.000000, 0.000000, 0.000000, 0.450517, -0.786655, 0.422143, 0.891035, 0.425655, -0.157730, -0.055604, 0.447204, 0.892702),
      ["RightLowerArm"] = CFrame.new(-0.000000, -0.000000, 0.000000, 1.000000, 0.000001, -0.000001, 0.000001, 0.069450, -0.997586, 0.000001, 0.997585, 0.069446),
      ["RightLowerLeg"] = CFrame.new(0.000000, 0.000000, -0.000000, 1.000000, 0.000000, 0.000000, -0.000000, 0.999999, 0.001417, 0.000000, -0.001417, 0.999999),
      ["RightUpperArm"] = CFrame.new(0.000000, -0.065238, 0.000000, -0.084448, -0.133095, 0.987499, 0.448463, 0.879914, 0.156946, -0.889803, 0.456110, -0.014619),
      ["RightUpperLeg"] = CFrame.new(-0.000026, -0.000126, -0.004997, 0.968577, -0.028125, -0.247118, 0.071769, 0.982928, 0.169414, 0.238135, -0.181826, 0.954061),
      ["UpperTorso"] = CFrame.new(-0.000000, -0.000000, 0.000000, 0.967939, 0.247583, 0.042389, -0.249184, 0.967714, 0.037889, -0.031640, -0.047236, 0.998383)
    }},
    {Time = 5.233, Data = {
      ["Head"] = CFrame.new(0.000000, 0.000000, 0.000000, 0.977228, 0.208258, 0.040671, -0.212174, 0.961560, 0.174312, -0.002806, -0.178972, 0.983850),
      ["LeftFoot"] = CFrame.new(-0.000000, -0.000000, 0.000000, 0.981812, -0.177940, 0.066206, 0.173170, 0.982261, 0.071942, -0.077833, -0.059170, 0.995209),
      ["LeftHand"] = CFrame.new(0.000000, -0.000000, 0.000000, 0.159983, -0.757870, -0.632487, 0.755559, 0.506352, -0.415617, 0.635245, -0.411389, 0.653623),
      ["LeftLowerArm"] = CFrame.new(0.000000, -0.000000, -0.000000, 1.000000, -0.000000, -0.000000, 0.000000, 0.344498, -0.938787, 0.000000, 0.938787, 0.344498),
      ["LeftLowerLeg"] = CFrame.new(0.000000, 0.000000, 0.000000, 1.000000, 0.000000, -0.000000, -0.000000, 0.999993, 0.003673, -0.000000, -0.003673, 0.999993),
      ["LeftUpperArm"] = CFrame.new(-0.000000, -0.065238, 0.000000, 0.080892, -0.161257, -0.983592, -0.445478, 0.876928, -0.180406, 0.891631, 0.452762, -0.000899),
      ["LeftUpperLeg"] = CFrame.new(0.000026, 0.000126, 0.004997, 0.751294, 0.600572, 0.273624, -0.617613, 0.785938, -0.029250, -0.232619, -0.147018, 0.961392),
      ["LowerTorso"] = CFrame.new(0.197857, 0.040409, 0.075639, 0.889842, -0.210117, -0.405010, 0.205435, 0.977093, -0.055550, 0.407404, -0.033773, 0.912623),
      ["RightFoot"] = CFrame.new(0.000000, 0.000000, 0.000000, 0.956217, 0.252408, 0.148117, -0.241941, 0.966545, -0.085181, -0.164662, 0.045616, 0.985295),
      ["RightHand"] = CFrame.new(0.000000, 0.000000, -0.000000, 0.450160, -0.786956, 0.421964, 0.891226, 0.425295, -0.157616, -0.055418, 0.447018, 0.892807),
      ["RightLowerArm"] = CFrame.new(0.000000, 0.000000, 0.000000, 1.000000, 0.000001, -0.000000, 0.000001, 0.069499, -0.997582, 0.000001, 0.997582, 0.069495),
      ["RightLowerLeg"] = CFrame.new(0.000000, -0.000000, 0.000000, 1.000000, 0.000000, 0.000000, -0.000000, 0.999999, 0.001414, 0.000000, -0.001414, 0.999999),
      ["RightUpperArm"] = CFrame.new(0.000000, -0.065238, -0.000000, -0.084848, -0.133405, 0.987423, 0.449015, 0.879549, 0.157414, -0.889486, 0.456724, -0.014727),
      ["RightUpperLeg"] = CFrame.new(-0.000026, -0.000125, -0.004998, 0.968596, -0.028351, -0.247016, 0.072071, 0.982842, 0.169788, 0.237964, -0.182258, 0.954021),
      ["UpperTorso"] = CFrame.new(0.000000, 0.000000, -0.000000, 0.967818, 0.248006, 0.042678, -0.249648, 0.967561, 0.038751, -0.031683, -0.048158, 0.998337)
    }},
    {Time = 5.267, Data = {
      ["Head"] = CFrame.new(-0.000000, -0.000000, -0.000000, 0.977179, 0.208417, 0.041038, -0.212394, 0.961552, 0.174087, -0.003178, -0.178830, 0.983875),
      ["LeftFoot"] = CFrame.new(0.000000, -0.000000, -0.000000, 0.981827, -0.177853, 0.066212, 0.173093, 0.982285, 0.071803, -0.077809, -0.059038, 0.995219),
      ["LeftHand"] = CFrame.new(-0.000000, -0.000000, -0.000000, 0.159982, -0.757870, -0.632487, 0.755557, 0.506353, -0.415621, 0.635248, -0.411388, 0.653620),
      ["LeftLowerArm"] = CFrame.new(0.000000, -0.000000, -0.000000, 1.000000, -0.000000, 0.000000, 0.000000, 0.344498, -0.938787, -0.000000, 0.938787, 0.344498),
      ["LeftLowerLeg"] = CFrame.new(-0.000000, -0.000000, 0.000000, 1.000000, -0.000000, 0.000000, -0.000000, 0.999993, 0.003674, -0.000000, -0.003674, 0.999993),
      ["LeftUpperArm"] = CFrame.new(0.000000, -0.065238, 0.000000, 0.080854, -0.161452, -0.983563, -0.445731, 0.876767, -0.180563, 0.891508, 0.453004, -0.001074),
      ["LeftUpperLeg"] = CFrame.new(0.000026, 0.000126, 0.004997, 0.751352, 0.600441, 0.273753, -0.617586, 0.785973, -0.028877, -0.232502, -0.147369, 0.961366),
      ["LowerTorso"] = CFrame.new(0.197720, 0.040414, 0.075560, 0.889814, -0.210208, -0.405024, 0.205380, 0.977084, -0.055898, 0.407493, -0.033446, 0.912596),
      ["RightFoot"] = CFrame.new(-0.000000, 0.000000, 0.000000, 0.956204, 0.252456, 0.148120, -0.241999, 0.966536, -0.085121, -0.164654, 0.045549, 0.985299),
      ["RightHand"] = CFrame.new(0.000000, -0.000000, 0.000000, 0.449923, -0.787152, 0.421850, 0.891355, 0.425044, -0.157566, -0.055272, 0.446911, 0.892869),
      ["RightLowerArm"] = CFrame.new(-0.000000, -0.000001, -0.000000, 1.000000, 0.000001, -0.000000, 0.000001, 0.069548, -0.997579, 0.000001, 0.997579, 0.069544),
      ["RightLowerLeg"] = CFrame.new(-0.000000, -0.000000, 0.000000, 1.000000, 0.000000, 0.000000, -0.000000, 0.999999, 0.001412, -0.000000, -0.001412, 0.999999),
      ["RightUpperArm"] = CFrame.new(0.000000, -0.065238, -0.000000, -0.085116, -0.133600, 0.987373, 0.449383, 0.879307, 0.157716, -0.889275, 0.457133, -0.014806),
      ["RightUpperLeg"] = CFrame.new(-0.000026, -0.000126, -0.004997, 0.968611, -0.028490, -0.246942, 0.072258, 0.982786, 0.170033, 0.237847, -0.182539, 0.953996),
      ["UpperTorso"] = CFrame.new(-0.000000, 0.000000, -0.000000, 0.967748, 0.248244, 0.042890, -0.249914, 0.967470, 0.039313, -0.031736, -0.048763, 0.998306)
    }},
    {Time = 5.300, Data = {
      ["Head"] = CFrame.new(0.000000, 0.000000, 0.000000, 0.977129, 0.208618, 0.041210, -0.212623, 0.961522, 0.173974, -0.003330, -0.178757, 0.983888),
      ["LeftFoot"] = CFrame.new(0.000000, 0.000000, 0.000000, 0.981844, -0.177765, 0.066206, 0.173007, 0.982302, 0.071767, -0.077792, -0.059011, 0.995222),
      ["LeftHand"] = CFrame.new(-0.000000, -0.000000, -0.000000, 0.159981, -0.757869, -0.632488, 0.755554, 0.506355, -0.415622, 0.635251, -0.411388, 0.653618),
      ["LeftLowerArm"] = CFrame.new(-0.000000, -0.000000, -0.000000, 1.000000, -0.000000, 0.000000, 0.000000, 0.344498, -0.938787, -0.000000, 0.938787, 0.344498),
      ["LeftLowerLeg"] = CFrame.new(-0.000000, 0.000000, -0.000000, 1.000000, 0.000000, 0.000000, 0.000000, 0.999993, 0.003668, 0.000000, -0.003668, 0.999993),
      ["LeftUpperArm"] = CFrame.new(-0.000000, -0.065238, -0.000000, 0.080818, -0.161472, -0.983563, -0.445871, 0.876696, -0.180564, 0.891441, 0.453135, -0.001143),
      ["LeftUpperLeg"] = CFrame.new(0.000025, 0.000126, 0.004997, 0.751382, 0.600392, 0.273778, -0.617571, 0.785989, -0.028746, -0.232446, -0.147478, 0.961363),
      ["LowerTorso"] = CFrame.new(0.197649, 0.040416, 0.075519, 0.889777, -0.210330, -0.405041, 0.205331, 0.977071, -0.056312, 0.407598, -0.033063, 0.912563),
      ["RightFoot"] = CFrame.new(0.000000, 0.000000, -0.000000, 0.956190, 0.252506, 0.148124, -0.242058, 0.966526, -0.085067, -0.164646, 0.045486, 0.985303),
      ["RightHand"] = CFrame.new(0.000000, -0.000000, -0.000000, 0.449683, -0.787363, 0.421713, 0.891496, 0.424708, -0.157674, -0.054954, 0.446859, 0.892915),
      ["RightLowerArm"] = CFrame.new(0.000000, 0.000000, 0.000000, 1.000000, 0.000001, -0.000001, 0.000001, 0.069596, -0.997576, 0.000001, 0.997575, 0.069592),
      ["RightLowerLeg"] = CFrame.new(-0.000000, 0.000000, -0.000000, 1.000000, 0.000000, 0.000000, -0.000000, 0.999999, 0.001410, -0.000000, -0.001410, 0.999999),
      ["RightUpperArm"] = CFrame.new(0.000000, -0.065238, -0.000000, -0.085216, -0.133518, 0.987376, 0.449578, 0.879211, 0.157693, -0.889167, 0.457341, -0.014896),
      ["RightUpperLeg"] = CFrame.new(-0.000026, -0.000125, -0.004997, 0.968630, -0.028627, -0.246851, 0.072462, 0.982713, 0.170364, 0.237706, -0.182907, 0.953961),
      ["UpperTorso"] = CFrame.new(-0.000000, 0.000000, 0.000000, 0.967733, 0.248265, 0.043090, -0.249952, 0.967452, 0.039510, -0.031879, -0.049005, 0.998290)
    }},
    {Time = 5.333, Data = {
      ["Head"] = CFrame.new(0.000000, 0.000000, 0.000000, 0.976925, 0.209467, 0.041734, -0.213551, 0.961369, 0.173682, -0.003741, -0.178586, 0.983917),
      ["LeftFoot"] = CFrame.new(0.000000, 0.000000, 0.000000, 0.981856, -0.177688, 0.066222, 0.172948, 0.982330, 0.071533, -0.077762, -0.058782, 0.995238),
      ["LeftHand"] = CFrame.new(-0.000000, 0.000000, 0.000000, 0.159979, -0.757869, -0.632489, 0.755552, 0.506356, -0.415626, 0.635254, -0.411386, 0.653616),
      ["LeftLowerArm"] = CFrame.new(0.000000, -0.000000, 0.000000, 1.000000, -0.000000, -0.000000, 0.000000, 0.344499, -0.938787, -0.000000, 0.938787, 0.344498),
      ["LeftLowerLeg"] = CFrame.new(0.000000, 0.000000, -0.000000, 1.000000, -0.000000, 0.000000, 0.000000, 0.999993, 0.003676, -0.000000, -0.003676, 0.999993),
      ["LeftUpperArm"] = CFrame.new(0.000000, -0.065238, 0.000000, 0.080734, -0.161506, -0.983564, -0.446288, 0.876486, -0.180556, 0.891240, 0.453530, -0.001316),
      ["LeftUpperLeg"] = CFrame.new(0.000026, 0.000126, 0.004997, 0.751432, 0.600214, 0.274034, -0.617594, 0.785996, -0.028045, -0.232224, -0.148167, 0.961311),
      ["LowerTorso"] = CFrame.new(0.197426, 0.040423, 0.075487, 0.889740, -0.210453, -0.405058, 0.205281, 0.977058, -0.056725, 0.407703, -0.032680, 0.912530),
      ["RightFoot"] = CFrame.new(-0.000000, 0.000000, -0.000000, 0.956177, 0.252555, 0.148127, -0.242117, 0.966516, -0.085012, -0.164638, 0.045423, 0.985308),
      ["RightHand"] = CFrame.new(-0.000000, -0.000000, -0.000000, 0.449441, -0.787575, 0.421575, 0.891638, 0.424371, -0.157780, -0.054636, 0.446805, 0.892961),
      ["RightLowerArm"] = CFrame.new(-0.000000, 0.000000, 0.000000, 1.000000, 0.000001, -0.000000, 0.000001, 0.069645, -0.997572, 0.000001, 0.997572, 0.069640),
      ["RightLowerLeg"] = CFrame.new(-0.000000, -0.000000, -0.000000, 1.000000, -0.000000, 0.000000, -0.000000, 0.999999, 0.001409, -0.000000, -0.001409, 0.999999),
      ["RightUpperArm"] = CFrame.new(-0.000000, -0.065238, -0.000000, -0.085767, -0.133836, 0.987285, 0.450121, 0.878836, 0.158238, -0.888839, 0.457969, -0.015133),
      ["RightUpperLeg"] = CFrame.new(-0.000025, -0.000126, -0.004998, 0.968650, -0.028764, -0.246760, 0.072667, 0.982641, 0.170696, 0.237566, -0.183275, 0.953925),
      ["UpperTorso"] = CFrame.new(0.000000, 0.000000, -0.000000, 0.967704, 0.248340, 0.043312, -0.250074, 0.967373, 0.040649, -0.031805, -0.050168, 0.998234)
    }},
    {Time = 5.367, Data = {
      ["Head"] = CFrame.new(0.000000, -0.000000, 0.000000, 0.976771, 0.210114, 0.042086, -0.214250, 0.961246, 0.173502, -0.004000, -0.178489, 0.983934),
      ["LeftFoot"] = CFrame.new(0.000000, -0.000000, 0.000000, 0.981869, -0.177621, 0.066218, 0.172887, 0.982346, 0.071459, -0.077742, -0.058716, 0.995243),
      ["LeftHand"] = CFrame.new(-0.000000, 0.000000, 0.000000, 0.159979, -0.757868, -0.632490, 0.755551, 0.506357, -0.415627, 0.635256, -0.411387, 0.653613),
      ["LeftLowerArm"] = CFrame.new(-0.000000, 0.000000, -0.000000, 1.000000, -0.000000, 0.000000, 0.000000, 0.344498, -0.938787, -0.000000, 0.938787, 0.344497),
      ["LeftLowerLeg"] = CFrame.new(-0.000000, -0.000000, 0.000000, 1.000000, 0.000000, -0.000000, 0.000000, 0.999993, 0.003677, -0.000000, -0.003677, 0.999993),
      ["LeftUpperArm"] = CFrame.new(0.000000, -0.065238, 0.000000, 0.080686, -0.161519, -0.983566, -0.446564, 0.876347, -0.180546, 0.891106, 0.453793, -0.001420),
      ["LeftUpperLeg"] = CFrame.new(0.000026, 0.000126, 0.004997, 0.751466, 0.600108, 0.274173, -0.617606, 0.786002, -0.027629, -0.232081, -0.148567, 0.961284),
      ["LowerTorso"] = CFrame.new(0.197273, 0.040428, 0.075494, 0.889700, -0.210588, -0.405075, 0.205234, 0.977042, -0.057165, 0.407814, -0.032275, 0.912494),
      ["RightFoot"] = CFrame.new(0.000000, 0.000000, -0.000000, 0.956165, 0.252597, 0.148132, -0.242170, 0.966508, -0.084950, -0.164629, 0.045354, 0.985312),
      ["RightHand"] = CFrame.new(-0.000000, 0.000000, 0.000000, 0.449184, -0.787782, 0.421463, 0.891788, 0.424003, -0.157919, -0.054292, 0.446791, 0.892990),
      ["RightLowerArm"] = CFrame.new(-0.000000, -0.000000, 0.000000, 1.000000, 0.000001, -0.000000, 0.000001, 0.069788, -0.997562, 0.000001, 0.997562, 0.069784),
      ["RightLowerLeg"] = CFrame.new(-0.000000, 0.000000, 0.000000, 1.000000, 0.000000, 0.000000, 0.000000, 0.999999, 0.001406, 0.000000, -0.001406, 0.999999),
      ["RightUpperArm"] = CFrame.new(0.000000, -0.065238, -0.000000, -0.086068, -0.133921, 0.987247, 0.450483, 0.878611, 0.158457, -0.888627, 0.458376, -0.015291),
      ["RightUpperLeg"] = CFrame.new(-0.000026, -0.000125, -0.004998, 0.968673, -0.028880, -0.246655, 0.072848, 0.982568, 0.171034, 0.237416, -0.183644, 0.953891),
      ["UpperTorso"] = CFrame.new(0.000000, 0.000000, -0.000000, 0.967699, 0.248320, 0.043539, -0.250086, 0.967341, 0.041315, -0.031858, -0.050869, 0.998197)
    }},
    {Time = 5.400, Data = {
      ["Head"] = CFrame.new(-0.000000, 0.000000, 0.000000, 0.976676, 0.210505, 0.042341, -0.214680, 0.961160, 0.173448, -0.004184, -0.178492, 0.983932),
      ["LeftFoot"] = CFrame.new(0.000000, -0.000000, 0.000000, 0.981881, -0.177555, 0.066210, 0.172824, 0.982359, 0.071436, -0.077725, -0.058700, 0.995245),
      ["LeftHand"] = CFrame.new(-0.000000, 0.000000, -0.000000, 0.159976, -0.757867, -0.632491, 0.755548, 0.506358, -0.415630, 0.635259, -0.411387, 0.653610),
      ["LeftLowerArm"] = CFrame.new(0.000000, 0.000000, 0.000000, 1.000000, -0.000000, -0.000000, 0.000000, 0.344498, -0.938787, -0.000000, 0.938787, 0.344497),
      ["LeftLowerLeg"] = CFrame.new(-0.000000, 0.000000, -0.000000, 1.000000, 0.000000, -0.000000, -0.000000, 0.999993, 0.003674, 0.000000, -0.003674, 0.999993),
      ["LeftUpperArm"] = CFrame.new(0.000000, -0.065238, 0.000000, 0.080651, -0.161483, -0.983575, -0.446700, 0.876288, -0.180497, 0.891041, 0.453919, -0.001461),
      ["LeftUpperLeg"] = CFrame.new(0.000026, 0.000126, 0.004998, 0.751482, 0.600067, 0.274218, -0.617612, 0.786003, -0.027459, -0.232014, -0.148725, 0.961275),
      ["LowerTorso"] = CFrame.new(0.197235, 0.040429, 0.075503, 0.889668, -0.210703, -0.405088, 0.205212, 0.977027, -0.057497, 0.407896, -0.031976, 0.912468),
      ["RightFoot"] = CFrame.new(0.000000, 0.000000, -0.000000, 0.956153, 0.252639, 0.148136, -0.242222, 0.966500, -0.084893, -0.164621, 0.045290, 0.985317),
      ["RightHand"] = CFrame.new(0.000000, 0.000000, -0.000000, 0.449059, -0.787844, 0.421478, 0.891861, 0.423807, -0.158032, -0.054118, 0.446866, 0.892962),
      ["RightLowerArm"] = CFrame.new(0.000000, 0.000000, 0.000000, 1.000000, 0.000001, -0.000001, 0.000001, 0.069931, -0.997552, 0.000001, 0.997552, 0.069928),
      ["RightLowerLeg"] = CFrame.new(-0.000000, 0.000000, -0.000000, 1.000000, -0.000000, 0.000000, 0.000000, 0.999999, 0.001404, 0.000000, -0.001404, 0.999999),
      ["RightUpperArm"] = CFrame.new(-0.000000, -0.065238, 0.000000, -0.086107, -0.133892, 0.987248, 0.450618, 0.878542, 0.158452, -0.888554, 0.458515, -0.015315),
      ["RightUpperLeg"] = CFrame.new(-0.000025, -0.000126, -0.004998, 0.968690, -0.028961, -0.246577, 0.072977, 0.982515, 0.171284, 0.237305, -0.183915, 0.953867),
      ["UpperTorso"] = CFrame.new(0.000000, 0.000000, 0.000000, 0.967704, 0.248279, 0.043681, -0.250063, 0.967333, 0.041647, -0.031914, -0.051225, 0.998177)
    }},
    {Time = 5.433, Data = {
      ["Head"] = CFrame.new(-0.000000, -0.000000, -0.000000, 0.976473, 0.211322, 0.042934, -0.215590, 0.960971, 0.173365, -0.004622, -0.178543, 0.983921),
      ["LeftFoot"] = CFrame.new(-0.000000, 0.000000, -0.000000, 0.981890, -0.177504, 0.066210, 0.172782, 0.982375, 0.071310, -0.077701, -0.058580, 0.995254),
      ["LeftHand"] = CFrame.new(0.000000, 0.000000, -0.000000, 0.159976, -0.757867, -0.632491, 0.755546, 0.506359, -0.415633, 0.635262, -0.411385, 0.653609),
      ["LeftLowerArm"] = CFrame.new(-0.000000, -0.000000, -0.000000, 1.000000, -0.000000, -0.000000, 0.000000, 0.344498, -0.938787, 0.000000, 0.938787, 0.344498),
      ["LeftLowerLeg"] = CFrame.new(0.000000, 0.000000, 0.000000, 1.000000, 0.000000, 0.000000, -0.000000, 0.999993, 0.003678, -0.000000, -0.003678, 0.999993),
      ["LeftUpperArm"] = CFrame.new(0.000000, -0.065238, 0.000000, 0.080580, -0.161415, -0.983591, -0.446954, 0.876177, -0.180404, 0.890920, 0.454157, -0.001543),
      ["LeftUpperLeg"] = CFrame.new(0.000026, 0.000125, 0.004997, 0.751492, 0.599978, 0.274384, -0.617659, 0.785982, -0.026991, -0.231855, -0.149191, 0.961241),
      ["LowerTorso"] = CFrame.new(0.197196, 0.040431, 0.075512, 0.889635, -0.210817, -0.405100, 0.205190, 0.977012, -0.057828, 0.407979, -0.031677, 0.912442),
      ["RightFoot"] = CFrame.new(0.000000, 0.000000, -0.000000, 0.956141, 0.252682, 0.148140, -0.242274, 0.966492, -0.084836, -0.164613, 0.045225, 0.985321),
      ["RightHand"] = CFrame.new(0.000000, -0.000000, 0.000000, 0.448923, -0.787913, 0.421495, 0.891941, 0.423597, -0.158142, -0.053938, 0.446943, 0.892935),
      ["RightLowerArm"] = CFrame.new(0.000000, -0.000000, -0.000000, 1.000000, 0.000001, -0.000000, 0.000001, 0.070119, -0.997539, 0.000001, 0.997539, 0.070115),
      ["RightLowerLeg"] = CFrame.new(-0.000000, 0.000000, -0.000000, 1.000000, -0.000000, 0.000000, -0.000000, 0.999999, 0.001402, 0.000000, -0.001403, 0.999999),
      ["RightUpperArm"] = CFrame.new(-0.000000, -0.065238, -0.000000, -0.086204, -0.133940, 0.987233, 0.450825, 0.878420, 0.158543, -0.888440, 0.458736, -0.015340),
      ["RightUpperLeg"] = CFrame.new(-0.000025, -0.000126, -0.004998, 0.968708, -0.029042, -0.246499, 0.073106, 0.982462, 0.171533, 0.237194, -0.184186, 0.953842),
      ["UpperTorso"] = CFrame.new(0.000000, -0.000000, 0.000000, 0.967719, 0.248187, 0.043857, -0.250001, 0.967321, 0.042303, -0.031925, -0.051902, 0.998142)
    }},
    {Time = 5.467, Data = {
      ["Head"] = CFrame.new(-0.000000, 0.000000, 0.000000, 0.976254, 0.212170, 0.043721, -0.216564, 0.960758, 0.173332, -0.005229, -0.178684, 0.983893),
      ["LeftFoot"] = CFrame.new(0.000000, 0.000000, 0.000000, 0.981902, -0.177443, 0.066206, 0.172727, 0.982390, 0.071238, -0.077681, -0.058513, 0.995260),
      ["LeftHand"] = CFrame.new(0.000000, 0.000000, 0.000000, 0.159974, -0.757866, -0.632493, 0.755544, 0.506361, -0.415635, 0.635265, -0.411385, 0.653606),
      ["LeftLowerArm"] = CFrame.new(0.000000, 0.000000, 0.000000, 1.000000, -0.000000, 0.000000, -0.000000, 0.344498, -0.938787, 0.000000, 0.938787, 0.344498),
      ["LeftLowerLeg"] = CFrame.new(-0.000000, 0.000000, -0.000000, 1.000000, 0.000000, 0.000000, 0.000000, 0.999993, 0.003678, 0.000000, -0.003678, 0.999993),
      ["LeftUpperArm"] = CFrame.new(-0.000000, -0.065237, 0.000000, 0.080510, -0.161349, -0.983608, -0.447183, 0.876079, -0.180313, 0.890812, 0.454370, -0.001620),
      ["LeftUpperLeg"] = CFrame.new(0.000025, 0.000126, 0.004997, 0.751499, 0.599905, 0.274525, -0.617711, 0.785957, -0.026556, -0.231696, -0.149620, 0.961213),
      ["LowerTorso"] = CFrame.new(0.197039, 0.040435, 0.075549, 0.889587, -0.210987, -0.405118, 0.205167, 0.976989, -0.058299, 0.408096, -0.031255, 0.912404),
      ["RightFoot"] = CFrame.new(-0.000000, 0.000000, -0.000000, 0.956136, 0.252697, 0.148147, -0.242304, 0.966492, -0.084752, -0.164600, 0.045138, 0.985327),
      ["RightHand"] = CFrame.new(0.000000, 0.000000, 0.000000, 0.448828, -0.787908, 0.421605, 0.891998, 0.423420, -0.158297, -0.053789, 0.447120, 0.892856),
      ["RightLowerArm"] = CFrame.new(-0.000000, -0.000000, 0.000000, 1.000000, 0.000001, -0.000000, 0.000001, 0.070307, -0.997526, 0.000001, 0.997525, 0.070303),
      ["RightLowerLeg"] = CFrame.new(-0.000000, -0.000000, 0.000000, 1.000000, 0.000000, 0.000000, -0.000000, 0.999999, 0.001399, -0.000000, -0.001399, 0.999999),
      ["RightUpperArm"] = CFrame.new(-0.000000, -0.065238, 0.000000, -0.086210, -0.133903, 0.987237, 0.450934, 0.878369, 0.158515, -0.888384, 0.458845, -0.015343),
      ["RightUpperLeg"] = CFrame.new(-0.000026, -0.000126, -0.004997, 0.968732, -0.029125, -0.246393, 0.073249, 0.982395, 0.171855, 0.237051, -0.184530, 0.953811),
      ["UpperTorso"] = CFrame.new(-0.000000, -0.000000, 0.000000, 0.967743, 0.248058, 0.044064, -0.249904, 0.967318, 0.042941, -0.031972, -0.052568, 0.998105)
    }},
    {Time = 5.500, Data = {
      ["Head"] = CFrame.new(-0.000000, 0.000000, -0.000000, 0.976019, 0.213025, 0.044809, -0.217601, 0.960523, 0.173338, -0.006115, -0.178931, 0.983843),
      ["LeftFoot"] = CFrame.new(0.000000, 0.000000, 0.000000, 0.981912, -0.177387, 0.066198, 0.172677, 0.982403, 0.071175, -0.077659, -0.058457, 0.995265),
      ["LeftHand"] = CFrame.new(0.000000, -0.000000, -0.000000, 0.159973, -0.757866, -0.632494, 0.755542, 0.506362, -0.415638, 0.635268, -0.411385, 0.653603),
      ["LeftLowerArm"] = CFrame.new(-0.000000, -0.000000, -0.000000, 1.000000, 0.000000, 0.000000, 0.000000, 0.344498, -0.938787, 0.000000, 0.938787, 0.344498),
      ["LeftLowerLeg"] = CFrame.new(0.000000, 0.000000, -0.000000, 1.000000, -0.000000, 0.000000, -0.000000, 0.999993, 0.003678, -0.000000, -0.003678, 0.999993),
      ["LeftUpperArm"] = CFrame.new(0.000000, -0.065238, 0.000000, 0.080414, -0.161226, -0.983636, -0.447407, 0.875997, -0.180160, 0.890708, 0.454573, -0.001691),
      ["LeftUpperLeg"] = CFrame.new(0.000026, 0.000126, 0.004997, 0.751497, 0.599843, 0.274666, -0.617775, 0.785921, -0.026114, -0.231530, -0.150056, 0.961185),
      ["LowerTorso"] = CFrame.new(0.196878, 0.040440, 0.075614, 0.889535, -0.211172, -0.405135, 0.205147, 0.976963, -0.058798, 0.408219, -0.030810, 0.912364),
      ["RightFoot"] = CFrame.new(0.000000, 0.000000, -0.000000, 0.956131, 0.252711, 0.148155, -0.242333, 0.966493, -0.084660, -0.164586, 0.045044, 0.985334),
      ["RightHand"] = CFrame.new(-0.000000, 0.000000, 0.000000, 0.448776, -0.787846, 0.421776, 0.892031, 0.423286, -0.158469, -0.053678, 0.447355, 0.892744),
      ["RightLowerArm"] = CFrame.new(-0.000000, -0.000000, -0.000000, 1.000000, 0.000000, -0.000000, 0.000001, 0.070495, -0.997512, 0.000001, 0.997512, 0.070490),
      ["RightLowerLeg"] = CFrame.new(-0.000000, 0.000000, 0.000000, 1.000000, 0.000000, -0.000000, 0.000000, 0.999999, 0.001395, 0.000000, -0.001395, 0.999999),
      ["RightUpperArm"] = CFrame.new(-0.000000, -0.065238, -0.000000, -0.086057, -0.133759, 0.987270, 0.450921, 0.878411, 0.158315, -0.888406, 0.458805, -0.015279),
      ["RightUpperLeg"] = CFrame.new(-0.000026, -0.000125, -0.004998, 0.968759, -0.029208, -0.246276, 0.073392, 0.982328, 0.172182, 0.236895, -0.184877, 0.953783),
      ["UpperTorso"] = CFrame.new(0.000000, 0.000000, -0.000000, 0.967770, 0.247912, 0.044285, -0.249790, 0.967318, 0.043596, -0.032030, -0.053252, 0.998067)
    }},
    {Time = 5.533, Data = {
      ["Head"] = CFrame.new(-0.000000, -0.000000, 0.000000, 0.975765, 0.213871, 0.046274, -0.218696, 0.960266, 0.173380, -0.007355, -0.179298, 0.983767),
      ["LeftFoot"] = CFrame.new(0.000000, -0.000000, -0.000000, 0.981923, -0.177333, 0.066190, 0.172628, 0.982417, 0.071112, -0.077636, -0.058401, 0.995270),
      ["LeftHand"] = CFrame.new(0.000000, 0.000000, -0.000000, 0.159972, -0.757865, -0.632494, 0.755539, 0.506363, -0.415640, 0.635271, -0.411383, 0.653601),
      ["LeftLowerArm"] = CFrame.new(0.000000, -0.000000, -0.000000, 1.000000, 0.000000, 0.000000, 0.000000, 0.344498, -0.938787, 0.000000, 0.938787, 0.344499),
      ["LeftLowerLeg"] = CFrame.new(-0.000000, 0.000000, 0.000000, 1.000000, 0.000000, -0.000000, -0.000000, 0.999993, 0.003678, -0.000000, -0.003678, 0.999993),
      ["LeftUpperArm"] = CFrame.new(-0.000000, -0.065239, 0.000000, 0.080295, -0.161050, -0.983675, -0.447617, 0.875932, -0.179948, 0.890613, 0.454758, -0.001755),
      ["LeftUpperLeg"] = CFrame.new(0.000026, 0.000126, 0.004998, 0.751486, 0.599790, 0.274810, -0.617852, 0.785875, -0.025663, -0.231359, -0.150506, 0.961156),
      ["LowerTorso"] = CFrame.new(0.196788, 0.040445, 0.075691, 0.889474, -0.211370, -0.405165, 0.205134, 0.976935, -0.059316, 0.408358, -0.030354, 0.912317),
      ["RightFoot"] = CFrame.new(0.000000, 0.000000, 0.000000, 0.956126, 0.252723, 0.148163, -0.242359, 0.966494, -0.084576, -0.164574, 0.044957, 0.985340),
      ["RightHand"] = CFrame.new(-0.000000, -0.000000, 0.000000, 0.448760, -0.787740, 0.421992, 0.892042, 0.423199, -0.158638, -0.053618, 0.447626, 0.892612),
      ["RightLowerArm"] = CFrame.new(-0.000000, 0.000000, 0.000000, 1.000000, 0.000001, -0.000000, 0.000001, 0.070682, -0.997499, 0.000001, 0.997499, 0.070678),
      ["RightLowerLeg"] = CFrame.new(0.000000, -0.000000, -0.000000, 1.000000, 0.000000, 0.000000, -0.000000, 0.999999, 0.001392, -0.000000, -0.001392, 0.999999),
      ["RightUpperArm"] = CFrame.new(-0.000000, -0.065238, 0.000000, -0.085905, -0.133648, 0.987299, 0.450917, 0.878444, 0.158147, -0.888422, 0.458775, -0.015199),
      ["RightUpperLeg"] = CFrame.new(-0.000025, -0.000125, -0.004997, 0.968791, -0.029269, -0.246143, 0.073522, 0.982251, 0.172561, 0.236724, -0.185272, 0.953748),
      ["UpperTorso"] = CFrame.new(0.000000, 0.000001, 0.000000, 0.967806, 0.247733, 0.044498, -0.249643, 0.967326, 0.044241, -0.032084, -0.053926, 0.998029)
    }},
    {Time = 5.567, Data = {
      ["Head"] = CFrame.new(0.000000, 0.000000, -0.000000, 0.975496, 0.214685, 0.048153, -0.219835, 0.959991, 0.173462, -0.008986, -0.179798, 0.983663),
      ["LeftFoot"] = CFrame.new(-0.000000, 0.000000, 0.000000, 0.981933, -0.177279, 0.066181, 0.172579, 0.982430, 0.071049, -0.077614, -0.058345, 0.995275),
      ["LeftHand"] = CFrame.new(0.000000, -0.000000, -0.000000, 0.159970, -0.757865, -0.632495, 0.755537, 0.506364, -0.415643, 0.635274, -0.411383, 0.653598),
      ["LeftLowerArm"] = CFrame.new(0.000000, 0.000000, -0.000000, 1.000000, -0.000000, -0.000000, 0.000000, 0.344498, -0.938787, -0.000000, 0.938787, 0.344498),
      ["LeftLowerLeg"] = CFrame.new(-0.000000, 0.000000, 0.000000, 1.000000, 0.000000, 0.000000, 0.000000, 0.999993, 0.003678, -0.000000, -0.003678, 0.999993),
      ["LeftUpperArm"] = CFrame.new(0.000000, -0.065238, -0.000000, 0.080204, -0.160927, -0.983702, -0.447799, 0.875871, -0.179797, 0.890530, 0.454920, -0.001814),
      ["LeftUpperLeg"] = CFrame.new(0.000026, 0.000126, 0.004997, 0.751469, 0.599744, 0.274957, -0.617939, 0.785821, -0.025200, -0.231181, -0.150970, 0.961126),
      ["LowerTorso"] = CFrame.new(0.196704, 0.040448, 0.075767, 0.889414, -0.211584, -0.405184, 0.205132, 0.976903, -0.059846, 0.408488, -0.029889, 0.912274),
      ["RightFoot"] = CFrame.new(0.000000, 0.000000, -0.000000, 0.956122, 0.252734, 0.148171, -0.242382, 0.966494, -0.084498, -0.164563, 0.044877, 0.985345),
      ["RightHand"] = CFrame.new(0.000000, 0.000000, -0.000000, 0.448768, -0.787615, 0.422217, 0.892040, 0.423142, -0.158799, -0.053582, 0.447899, 0.892477),
      ["RightLowerArm"] = CFrame.new(0.000000, 0.000000, -0.000000, 1.000000, 0.000001, -0.000000, 0.000001, 0.070861, -0.997486, 0.000001, 0.997486, 0.070858),
      ["RightLowerLeg"] = CFrame.new(-0.000000, 0.000000, 0.000000, 1.000000, 0.000000, -0.000000, -0.000000, 0.999999, 0.001389, 0.000000, -0.001389, 0.999999),
      ["RightUpperArm"] = CFrame.new(-0.000000, -0.065238, -0.000000, -0.085754, -0.133537, 0.987327, 0.450913, 0.878476, 0.157979, -0.888439, 0.458746, -0.015119),
      ["RightUpperLeg"] = CFrame.new(-0.000026, -0.000125, -0.004998, 0.968824, -0.029310, -0.246008, 0.073640, 0.982169, 0.172978, 0.236552, -0.185701, 0.953708),
      ["UpperTorso"] = CFrame.new(-0.000000, -0.000000, 0.000000, 0.967844, 0.247547, 0.044706, -0.249491, 0.967335, 0.044912, -0.032128, -0.054622, 0.997990)
    }},
    {Time = 5.600, Data = {
      ["Head"] = CFrame.new(-0.000000, -0.000000, 0.000000, 0.975208, 0.215448, 0.050516, -0.221014, 0.959699, 0.173581, -0.011082, -0.180443, 0.983523),
      ["LeftFoot"] = CFrame.new(0.000000, 0.000000, 0.000000, 0.981943, -0.177226, 0.066172, 0.172531, 0.982442, 0.070988, -0.077591, -0.058290, 0.995280),
      ["LeftHand"] = CFrame.new(-0.000000, -0.000000, -0.000000, 0.159969, -0.757864, -0.632497, 0.755535, 0.506365, -0.415645, 0.635277, -0.411383, 0.653596),
      ["LeftLowerArm"] = CFrame.new(0.000000, -0.000000, 0.000000, 1.000000, -0.000000, 0.000000, 0.000000, 0.344498, -0.938787, -0.000000, 0.938787, 0.344498),
      ["LeftLowerLeg"] = CFrame.new(-0.000000, -0.000000, -0.000000, 1.000000, 0.000000, -0.000000, 0.000000, 0.999993, 0.003678, -0.000000, -0.003678, 0.999993),
      ["LeftUpperArm"] = CFrame.new(0.000000, -0.065238, 0.000000, 0.080065, -0.160700, -0.983751, -0.447990, 0.875827, -0.179531, 0.890446, 0.455084, -0.001869),
      ["LeftUpperLeg"] = CFrame.new(0.000026, 0.000126, 0.004998, 0.751446, 0.599704, 0.275109, -0.618038, 0.785759, -0.024721, -0.230995, -0.151451, 0.961095),
      ["LowerTorso"] = CFrame.new(0.196539, 0.040450, 0.075862, 0.889352, -0.211813, -0.405202, 0.205135, 0.976868, -0.060403, 0.408623, -0.029401, 0.912230),
      ["RightFoot"] = CFrame.new(0.000000, 0.000001, -0.000000, 0.956119, 0.252744, 0.148179, -0.242406, 0.966496, -0.084413, -0.164550, 0.044790, 0.985351),
      ["RightHand"] = CFrame.new(-0.000000, -0.000000, 0.000000, 0.448787, -0.787476, 0.422455, 0.892033, 0.423097, -0.158965, -0.053555, 0.448186, 0.892335),
      ["RightLowerArm"] = CFrame.new(-0.000000, 0.000000, -0.000000, 1.000000, 0.000001, -0.000000, 0.000001, 0.071041, -0.997474, 0.000001, 0.997473, 0.071037),
      ["RightLowerLeg"] = CFrame.new(0.000000, -0.000000, 0.000000, 1.000000, 0.000000, 0.000000, -0.000000, 0.999999, 0.001385, 0.000000, -0.001386, 0.999999),
      ["RightUpperArm"] = CFrame.new(-0.000000, -0.065237, -0.000000, -0.085610, -0.133443, 0.987352, 0.450909, 0.878505, 0.157829, -0.888455, 0.458718, -0.015038),
      ["RightUpperLeg"] = CFrame.new(-0.000025, -0.000126, -0.004998, 0.968860, -0.029351, -0.245861, 0.073757, 0.982086, 0.173400, 0.236367, -0.186135, 0.953669),
      ["UpperTorso"] = CFrame.new(0.000000, -0.000000, 0.000000, 0.967886, 0.247343, 0.044921, -0.249320, 0.967348, 0.045576, -0.032181, -0.055312, 0.997950)
    }},
    {Time = 5.633, Data = {
      ["Head"] = CFrame.new(-0.000000, 0.000000, -0.000000, 0.974901, 0.216140, 0.053405, -0.222219, 0.959393, 0.173734, -0.013685, -0.181242, 0.983343),
      ["LeftFoot"] = CFrame.new(-0.000000, 0.000000, -0.000000, 0.981954, -0.177172, 0.066163, 0.172482, 0.982455, 0.070935, -0.077570, -0.058243, 0.995284),
      ["LeftHand"] = CFrame.new(-0.000000, 0.000000, -0.000000, 0.159968, -0.757864, -0.632497, 0.755532, 0.506367, -0.415648, 0.635280, -0.411381, 0.653593),
      ["LeftLowerArm"] = CFrame.new(0.000000, -0.000000, 0.000000, 1.000000, -0.000000, 0.000000, 0.000000, 0.344498, -0.938787, -0.000000, 0.938787, 0.344498),
      ["LeftLowerLeg"] = CFrame.new(-0.000000, -0.000000, -0.000000, 1.000000, 0.000000, -0.000000, -0.000000, 0.999993, 0.003677, 0.000000, -0.003677, 0.999993),
      ["LeftUpperArm"] = CFrame.new(0.000000, -0.065238, 0.000000, 0.079964, -0.160549, -0.983783, -0.448143, 0.875786, -0.179350, 0.890378, 0.455217, -0.001917),
      ["LeftUpperLeg"] = CFrame.new(0.000026, 0.000126, 0.004997, 0.751415, 0.599671, 0.275266, -0.618148, 0.785688, -0.024224, -0.230800, -0.151952, 0.961063),
      ["LowerTorso"] = CFrame.new(0.196369, 0.040452, 0.075985, 0.889278, -0.212062, -0.405235, 0.205139, 0.976830, -0.061007, 0.408782, -0.028877, 0.912175),
      ["RightFoot"] = CFrame.new(-0.000000, 0.000000, 0.000000, 0.956114, 0.252756, 0.148189, -0.242435, 0.966498, -0.084310, -0.164535, 0.044684, 0.985359),
      ["RightHand"] = CFrame.new(0.000000, 0.000000, -0.000000, 0.448829, -0.787325, 0.422693, 0.892012, 0.423084, -0.159117, -0.053555, 0.448464, 0.892195),
      ["RightLowerArm"] = CFrame.new(0.000000, -0.000000, -0.000000, 1.000000, 0.000001, -0.000000, 0.000000, 0.071161, -0.997465, 0.000001, 0.997465, 0.071157),
      ["RightLowerLeg"] = CFrame.new(0.000000, 0.000000, 0.000000, 1.000000, 0.000000, -0.000000, -0.000000, 0.999999, 0.001381, -0.000000, -0.001381, 0.999999),
      ["RightUpperArm"] = CFrame.new(-0.000000, -0.065238, -0.000000, -0.085396, -0.133268, 0.987394, 0.450860, 0.878576, 0.157574, -0.888500, 0.458632, -0.014942),
      ["RightUpperLeg"] = CFrame.new(-0.000025, -0.000125, -0.004997, 0.968896, -0.029413, -0.245714, 0.073891, 0.982004, 0.173805, 0.236181, -0.186555, 0.953633),
      ["UpperTorso"] = CFrame.new(0.000000, 0.000001, 0.000000, 0.967936, 0.247111, 0.045136, -0.249122, 0.967367, 0.046261, -0.032232, -0.056022, 0.997909)
    }},
    {Time = 5.667, Data = {
      ["Head"] = CFrame.new(-0.000000, 0.000000, 0.000000, 0.974569, 0.216738, 0.056915, -0.223448, 0.959074, 0.173917, -0.016891, -0.182212, 0.983114),
      ["LeftFoot"] = CFrame.new(0.000000, 0.000000, -0.000000, 0.981967, -0.177103, 0.066156, 0.172419, 0.982471, 0.070859, -0.077545, -0.058175, 0.995290),
      ["LeftHand"] = CFrame.new(-0.000000, -0.000000, -0.000000, 0.159967, -0.757863, -0.632498, 0.755531, 0.506368, -0.415651, 0.635283, -0.411381, 0.653591),
      ["LeftLowerArm"] = CFrame.new(-0.000000, -0.000001, -0.000000, 1.000000, -0.000000, -0.000000, 0.000000, 0.344499, -0.938787, -0.000000, 0.938787, 0.344498),
      ["LeftLowerLeg"] = CFrame.new(-0.000000, 0.000000, -0.000000, 1.000000, -0.000000, 0.000000, -0.000000, 0.999993, 0.003676, 0.000000, -0.003676, 0.999993),
      ["LeftUpperArm"] = CFrame.new(0.000000, -0.065238, -0.000000, 0.079869, -0.160416, -0.983813, -0.448272, 0.875754, -0.179189, 0.890322, 0.455327, -0.001964),
      ["LeftUpperLeg"] = CFrame.new(0.000026, 0.000125, 0.004998, 0.751379, 0.599642, 0.275427, -0.618267, 0.785610, -0.023715, -0.230599, -0.152468, 0.961029),
      ["LowerTorso"] = CFrame.new(0.196230, 0.040452, 0.076154, 0.889202, -0.212330, -0.405261, 0.205155, 0.976787, -0.061628, 0.408939, -0.028342, 0.912121),
      ["RightFoot"] = CFrame.new(-0.000000, 0.000000, -0.000000, 0.956108, 0.252771, 0.148201, -0.242469, 0.966499, -0.084193, -0.164518, 0.044564, 0.985367),
      ["RightHand"] = CFrame.new(-0.000000, -0.000000, -0.000000, 0.448861, -0.787198, 0.422895, 0.891996, 0.423069, -0.159247, -0.053551, 0.448700, 0.892076),
      ["RightLowerArm"] = CFrame.new(0.000000, -0.000000, 0.000000, 1.000000, 0.000001, -0.000000, 0.000001, 0.071282, -0.997456, 0.000001, 0.997456, 0.071278),
      ["RightLowerLeg"] = CFrame.new(0.000000, 0.000000, -0.000000, 1.000000, 0.000000, -0.000000, 0.000000, 0.999999, 0.001376, 0.000000, -0.001376, 0.999999),
      ["RightUpperArm"] = CFrame.new(0.000000, -0.065238, 0.000000, -0.085188, -0.133101, 0.987435, 0.450810, 0.878646, 0.157329, -0.888546, 0.458547, -0.014847),
      ["RightUpperLeg"] = CFrame.new(-0.000025, -0.000126, -0.004997, 0.968933, -0.029477, -0.245560, 0.074030, 0.981919, 0.174226, 0.235985, -0.186992, 0.953596),
      ["UpperTorso"] = CFrame.new(-0.000000, -0.000000, 0.000000, 0.967984, 0.246880, 0.045350, -0.248927, 0.967382, 0.046986, -0.032271, -0.056771, 0.997866)
    }},
    {Time = 5.700, Data = {
      ["Head"] = CFrame.new(-0.000000, 0.000000, 0.000000, 0.974203, 0.217192, 0.061288, -0.224700, 0.958740, 0.174150, -0.020935, -0.183429, 0.982810),
      ["LeftFoot"] = CFrame.new(-0.000000, -0.000000, -0.000000, 0.981980, -0.177033, 0.066149, 0.172356, 0.982488, 0.070781, -0.077521, -0.058105, 0.995296),
      ["LeftHand"] = CFrame.new(-0.000000, -0.000000, 0.000000, 0.159966, -0.757863, -0.632499, 0.755529, 0.506369, -0.415653, 0.635285, -0.411381, 0.653588),
      ["LeftLowerArm"] = CFrame.new(-0.000000, -0.000000, -0.000000, 1.000000, -0.000000, 0.000000, 0.000000, 0.344498, -0.938787, -0.000000, 0.938787, 0.344498),
      ["LeftLowerLeg"] = CFrame.new(0.000000, -0.000000, 0.000000, 1.000000, -0.000000, 0.000000, 0.000000, 0.999993, 0.003676, 0.000000, -0.003676, 0.999993),
      ["LeftUpperArm"] = CFrame.new(0.000000, -0.065238, 0.000000, 0.079743, -0.160201, -0.983858, -0.448409, 0.875734, -0.178940, 0.890264, 0.455440, -0.002002),
      ["LeftUpperLeg"] = CFrame.new(0.000025, 0.000126, 0.004998, 0.751340, 0.599614, 0.275593, -0.618390, 0.785529, -0.023195, -0.230394, -0.152996, 0.960995),
      ["LowerTorso"] = CFrame.new(0.196101, 0.040450, 0.076309, 0.889122, -0.212605, -0.405291, 0.205177, 0.976743, -0.062258, 0.409102, -0.027801, 0.912065),
      ["RightFoot"] = CFrame.new(-0.000000, 0.000000, -0.000000, 0.956104, 0.252778, 0.148213, -0.242494, 0.966503, -0.084084, -0.164503, 0.044453, 0.985374),
      ["RightHand"] = CFrame.new(-0.000000, 0.000000, -0.000000, 0.448823, -0.787150, 0.423025, 0.892020, 0.422969, -0.159377, -0.053469, 0.448879, 0.891991),
      ["RightLowerArm"] = CFrame.new(0.000000, -0.000000, -0.000000, 1.000000, 0.000001, -0.000001, 0.000001, 0.071403, -0.997448, 0.000001, 0.997448, 0.071399),
      ["RightLowerLeg"] = CFrame.new(-0.000000, 0.000000, -0.000000, 1.000000, 0.000000, 0.000000, -0.000000, 0.999999, 0.001371, 0.000000, -0.001372, 0.999999),
      ["RightUpperArm"] = CFrame.new(-0.000000, -0.065238, 0.000000, -0.085078, -0.132926, 0.987468, 0.450805, 0.878685, 0.157123, -0.888559, 0.458523, -0.014833),
      ["RightUpperLeg"] = CFrame.new(-0.000026, -0.000126, -0.004997, 0.968977, -0.029503, -0.245384, 0.074135, 0.981829, 0.174689, 0.235771, -0.187461, 0.953557),
      ["UpperTorso"] = CFrame.new(-0.000000, -0.000000, -0.000000, 0.968036, 0.246637, 0.045563, -0.248719, 0.967401, 0.047691, -0.032315, -0.057499, 0.997822)
    }},
    {Time = 5.733, Data = {
      ["Head"] = CFrame.new(0.000000, -0.000000, 0.000000, 0.973770, 0.217483, 0.066878, -0.226026, 0.958371, 0.174466, -0.026150, -0.185006, 0.982389),
      ["LeftFoot"] = CFrame.new(0.000000, 0.000000, 0.000000, 0.981993, -0.176963, 0.066142, 0.172292, 0.982505, 0.070702, -0.077496, -0.058034, 0.995302),
      ["LeftHand"] = CFrame.new(0.000000, 0.000000, -0.000000, 0.159964, -0.757862, -0.632500, 0.755526, 0.506370, -0.415655, 0.635289, -0.411380, 0.653586),
      ["LeftLowerArm"] = CFrame.new(-0.000000, 0.000000, -0.000000, 1.000000, -0.000000, -0.000000, 0.000000, 0.344498, -0.938787, -0.000000, 0.938787, 0.344498),
      ["LeftLowerLeg"] = CFrame.new(-0.000000, 0.000000, -0.000000, 1.000000, 0.000000, -0.000000, 0.000000, 0.999993, 0.003675, -0.000000, -0.003675, 0.999993),
      ["LeftUpperArm"] = CFrame.new(0.000000, -0.065238, -0.000000, 0.079621, -0.159987, -0.983903, -0.448527, 0.875724, -0.178693, 0.890216, 0.455534, -0.002033),
      ["LeftUpperLeg"] = CFrame.new(0.000026, 0.000126, 0.004998, 0.751304, 0.599586, 0.275753, -0.618508, 0.785450, -0.022687, -0.230193, -0.153510, 0.960961),
      ["LowerTorso"] = CFrame.new(0.195918, 0.040447, 0.076457, 0.889045, -0.212876, -0.405318, 0.205201, 0.976698, -0.062868, 0.409257, -0.027279, 0.912011),
      ["RightFoot"] = CFrame.new(-0.000000, 0.000000, -0.000000, 0.956100, 0.252787, 0.148225, -0.242522, 0.966506, -0.083969, -0.164487, 0.044335, 0.985382),
      ["RightHand"] = CFrame.new(-0.000000, 0.000000, 0.000000, 0.448775, -0.787107, 0.423155, 0.892049, 0.422859, -0.159506, -0.053383, 0.449057, 0.891907),
      ["RightLowerArm"] = CFrame.new(0.000000, 0.000000, 0.000000, 1.000000, 0.000001, -0.000000, 0.000001, 0.071559, -0.997437, 0.000001, 0.997436, 0.071555),
      ["RightLowerLeg"] = CFrame.new(-0.000000, -0.000000, 0.000000, 1.000000, 0.000000, 0.000000, -0.000000, 0.999999, 0.001367, -0.000000, -0.001367, 0.999999),
      ["RightUpperArm"] = CFrame.new(-0.000000, -0.065238, 0.000000, -0.084970, -0.132752, 0.987500, 0.450802, 0.878723, 0.156918, -0.888571, 0.458500, -0.014820),
      ["RightUpperLeg"] = CFrame.new(-0.000025, -0.000125, -0.004998, 0.969017, -0.029536, -0.245222, 0.074240, 0.981746, 0.175109, 0.235574, -0.187889, 0.953521),
      ["UpperTorso"] = CFrame.new(0.000000, 0.000000, 0.000000, 0.968093, 0.246378, 0.045766, -0.248493, 0.967425, 0.048363, -0.032360, -0.058192, 0.997781)
    }},
    {Time = 5.767, Data = {
      ["Head"] = CFrame.new(-0.000000, -0.000000, -0.000000, 0.973243, 0.217596, 0.073828, -0.227445, 0.957961, 0.174869, -0.032674, -0.186982, 0.981820),
      ["LeftFoot"] = CFrame.new(0.000000, -0.000000, 0.000000, 0.982010, -0.176866, 0.066145, 0.172205, 0.982530, 0.070573, -0.077471, -0.057914, 0.995311),
      ["LeftHand"] = CFrame.new(-0.000000, -0.000000, -0.000000, 0.159963, -0.757863, -0.632500, 0.755524, 0.506371, -0.415659, 0.635292, -0.411379, 0.653584),
      ["LeftLowerArm"] = CFrame.new(0.000000, -0.000000, -0.000000, 1.000000, -0.000000, -0.000000, 0.000000, 0.344498, -0.938787, -0.000000, 0.938787, 0.344498),
      ["LeftLowerLeg"] = CFrame.new(-0.000000, -0.000000, 0.000000, 1.000000, 0.000000, 0.000000, 0.000000, 0.999993, 0.003674, -0.000000, -0.003674, 0.999993),
      ["LeftUpperArm"] = CFrame.new(0.000000, -0.065238, -0.000000, 0.079487, -0.159751, -0.983952, -0.448631, 0.875726, -0.178422, 0.890176, 0.455613, -0.002061),
      ["LeftUpperLeg"] = CFrame.new(0.000026, 0.000126, 0.004997, 0.751270, 0.599561, 0.275901, -0.618621, 0.785375, -0.022211, -0.230004, -0.153991, 0.960929),
      ["LowerTorso"] = CFrame.new(0.195715, 0.040445, 0.076641, 0.888968, -0.213142, -0.405347, 0.205236, 0.976654, -0.063444, 0.409406, -0.026793, 0.911959),
      ["RightFoot"] = CFrame.new(-0.000000, 0.000000, -0.000000, 0.956094, 0.252802, 0.148238, -0.242556, 0.966507, -0.083848, -0.164470, 0.044211, 0.985391),
      ["RightHand"] = CFrame.new(-0.000000, 0.000000, 0.000000, 0.448699, -0.787094, 0.423260, 0.892096, 0.422697, -0.159672, -0.053230, 0.449234, 0.891827),
      ["RightLowerArm"] = CFrame.new(-0.000000, 0.000000, 0.000000, 1.000000, 0.000001, -0.000001, 0.000001, 0.071715, -0.997425, 0.000001, 0.997425, 0.071712),
      ["RightLowerLeg"] = CFrame.new(0.000000, -0.000000, -0.000000, 1.000000, 0.000000, -0.000000, -0.000000, 0.999999, 0.001361, -0.000000, -0.001362, 0.999999),
      ["RightUpperArm"] = CFrame.new(0.000000, -0.065238, 0.000000, -0.084881, -0.132625, 0.987525, 0.450798, 0.878753, 0.156764, -0.888581, 0.458481, -0.014803),
      ["RightUpperLeg"] = CFrame.new(-0.000025, -0.000126, -0.004997, 0.969053, -0.029581, -0.245076, 0.074346, 0.981673, 0.175471, 0.235393, -0.188261, 0.953492),
      ["UpperTorso"] = CFrame.new(-0.000000, -0.000000, -0.000000, 0.968153, 0.246106, 0.045964, -0.248254, 0.967454, 0.049007, -0.032407, -0.058857, 0.997740)
    }},
    {Time = 5.800, Data = {
      ["Head"] = CFrame.new(-0.000000, 0.000000, 0.000000, 0.972606, 0.217531, 0.081961, -0.228933, 0.957520, 0.175345, -0.040337, -0.189305, 0.981089),
      ["LeftFoot"] = CFrame.new(0.000000, 0.000000, 0.000000, 0.982028, -0.176766, 0.066147, 0.172113, 0.982554, 0.070458, -0.077447, -0.057807, 0.995319),
      ["LeftHand"] = CFrame.new(0.000000, 0.000000, -0.000000, 0.159962, -0.757861, -0.632501, 0.755521, 0.506373, -0.415661, 0.635295, -0.411379, 0.653581),
      ["LeftLowerArm"] = CFrame.new(0.000000, -0.000000, 0.000000, 1.000000, -0.000000, 0.000000, 0.000000, 0.344498, -0.938787, -0.000000, 0.938787, 0.344498),
      ["LeftLowerLeg"] = CFrame.new(-0.000000, -0.000000, 0.000000, 1.000000, 0.000000, -0.000000, -0.000000, 0.999993, 0.003673, 0.000000, -0.003673, 0.999993),
      ["LeftUpperArm"] = CFrame.new(0.000000, -0.065238, 0.000000, 0.079411, -0.159613, -0.983980, -0.448720, 0.875713, -0.178265, 0.890137, 0.455687, -0.002080),
      ["LeftUpperLeg"] = CFrame.new(0.000025, 0.000126, 0.004997, 0.751238, 0.599543, 0.276026, -0.618721, 0.785307, -0.021803, -0.229838, -0.154403, 0.960903),
      ["LowerTorso"] = CFrame.new(0.195498, 0.040440, 0.076822, 0.888893, -0.213406, -0.405372, 0.205282, 0.976609, -0.063990, 0.409546, -0.026336, 0.911909),
      ["RightFoot"] = CFrame.new(0.000000, 0.000000, 0.000000, 0.956089, 0.252813, 0.148250, -0.242588, 0.966510, -0.083725, -0.164453, 0.044086, 0.985399),
      ["RightHand"] = CFrame.new(-0.000000, 0.000000, 0.000000, 0.448578, -0.787115, 0.423350, 0.892170, 0.422471, -0.159859, -0.053021, 0.449409, 0.891751),
      ["RightLowerArm"] = CFrame.new(0.000000, -0.000000, -0.000000, 1.000000, 0.000001, -0.000000, 0.000001, 0.071890, -0.997413, 0.000001, 0.997413, 0.071886),
      ["RightLowerLeg"] = CFrame.new(0.000000, -0.000000, 0.000000, 1.000000, 0.000000, 0.000000, 0.000000, 0.999999, 0.001356, 0.000000, -0.001356, 0.999999),
      ["RightUpperArm"] = CFrame.new(0.000000, -0.065238, -0.000000, -0.084879, -0.132455, 0.987548, 0.450775, 0.878792, 0.156611, -0.888593, 0.458455, -0.014883),
      ["RightUpperLeg"] = CFrame.new(-0.000026, -0.000126, -0.004998, 0.969086, -0.029604, -0.244939, 0.074423, 0.981609, 0.175801, 0.235230, -0.188596, 0.953467),
      ["UpperTorso"] = CFrame.new(-0.000000, -0.000000, 0.000000, 0.968214, 0.245829, 0.046149, -0.248008, 0.967488, 0.049588, -0.032459, -0.059458, 0.997703)
    }},
    {Time = 5.833, Data = {
      ["Head"] = CFrame.new(0.000000, -0.000000, 0.000000, 0.971851, 0.217293, 0.091047, -0.230461, 0.957057, 0.175866, -0.048923, -0.191899, 0.980195),
      ["LeftFoot"] = CFrame.new(0.000000, -0.000000, 0.000000, 0.982047, -0.176662, 0.066147, 0.172017, 0.982578, 0.070358, -0.077424, -0.057717, 0.995326),
      ["LeftHand"] = CFrame.new(0.000000, -0.000000, 0.000000, 0.159960, -0.757861, -0.632503, 0.755520, 0.506374, -0.415663, 0.635298, -0.411379, 0.653578),
      ["LeftLowerArm"] = CFrame.new(0.000000, -0.000000, -0.000000, 1.000000, 0.000000, 0.000000, 0.000000, 0.344498, -0.938787, 0.000000, 0.938787, 0.344498),
      ["LeftLowerLeg"] = CFrame.new(0.000000, -0.000000, 0.000000, 1.000000, 0.000000, 0.000000, -0.000000, 0.999993, 0.003670, -0.000000, -0.003670, 0.999993),
      ["LeftUpperArm"] = CFrame.new(-0.000000, -0.065238, -0.000000, 0.079276, -0.159366, -0.984031, -0.448794, 0.875732, -0.177982, 0.890112, 0.455737, -0.002098),
      ["LeftUpperLeg"] = CFrame.new(0.000025, 0.000126, 0.004997, 0.751208, 0.599536, 0.276123, -0.618810, 0.785247, -0.021472, -0.229699, -0.154737, 0.960882),
      ["LowerTorso"] = CFrame.new(0.195279, 0.040435, 0.077003, 0.888822, -0.213659, -0.405395, 0.205334, 0.976564, -0.064494, 0.409674, -0.025918, 0.911864),
      ["RightFoot"] = CFrame.new(0.000000, 0.000000, 0.000000, 0.956083, 0.252825, 0.148268, -0.242623, 0.966514, -0.083577, -0.164434, 0.043934, 0.985409),
      ["RightHand"] = CFrame.new(-0.000000, 0.000000, -0.000000, 0.448418, -0.787169, 0.423420, 0.892263, 0.422210, -0.160025, -0.052802, 0.449560, 0.891688),
      ["RightLowerArm"] = CFrame.new(-0.000000, -0.000000, 0.000000, 1.000000, 0.000001, -0.000000, 0.000001, 0.072064, -0.997400, 0.000001, 0.997400, 0.072061),
      ["RightLowerLeg"] = CFrame.new(0.000000, -0.000000, 0.000000, 1.000000, -0.000000, 0.000000, -0.000000, 0.999999, 0.001351, 0.000000, -0.001351, 0.999999),
      ["RightUpperArm"] = CFrame.new(0.000000, -0.065238, 0.000000, -0.084875, -0.132285, 0.987571, 0.450752, 0.878831, 0.156459, -0.888605, 0.458429, -0.014963),
      ["RightUpperLeg"] = CFrame.new(-0.000025, -0.000126, -0.004998, 0.969117, -0.029618, -0.244815, 0.074487, 0.981550, 0.176102, 0.235082, -0.188899, 0.953443),
      ["UpperTorso"] = CFrame.new(-0.000000, -0.000000, -0.000000, 0.968277, 0.245551, 0.046309, -0.247756, 0.967526, 0.050110, -0.032501, -0.059993, 0.997670)
    }},
    {Time = 5.867, Data = {
      ["Head"] = CFrame.new(-0.000000, 0.000000, -0.000000, 0.970972, 0.216888, 0.100860, -0.232000, 0.956581, 0.176434, -0.058214, -0.194712, 0.979131),
      ["LeftFoot"] = CFrame.new(-0.000000, 0.000000, 0.000000, 0.982064, -0.176566, 0.066149, 0.171930, 0.982601, 0.070241, -0.077400, -0.057609, 0.995334),
      ["LeftHand"] = CFrame.new(0.000000, -0.000000, -0.000000, 0.159959, -0.757861, -0.632503, 0.755517, 0.506375, -0.415666, 0.635301, -0.411377, 0.653576),
      ["LeftLowerArm"] = CFrame.new(-0.000000, 0.000000, 0.000000, 1.000000, 0.000000, -0.000000, 0.000000, 0.344498, -0.938787, 0.000000, 0.938787, 0.344498),
      ["LeftLowerLeg"] = CFrame.new(-0.000000, 0.000000, -0.000000, 1.000000, 0.000000, -0.000000, 0.000000, 0.999993, 0.003669, 0.000000, -0.003669, 0.999993),
      ["LeftUpperArm"] = CFrame.new(0.000000, -0.065238, 0.000000, 0.079092, -0.159016, -0.984103, -0.448865, 0.875776, -0.177587, 0.890092, 0.455775, -0.002110),
      ["LeftUpperLeg"] = CFrame.new(0.000025, 0.000126, 0.004997, 0.751165, 0.599543, 0.276226, -0.618916, 0.785172, -0.021128, -0.229553, -0.155089, 0.960860),
      ["LowerTorso"] = CFrame.new(0.195071, 0.040429, 0.077217, 0.888753, -0.213905, -0.405417, 0.205398, 0.976520, -0.064955, 0.409792, -0.025544, 0.911821),
      ["RightFoot"] = CFrame.new(0.000000, 0.000000, -0.000000, 0.956077, 0.252839, 0.148286, -0.242661, 0.966517, -0.083431, -0.164416, 0.043784, 0.985419),
      ["RightHand"] = CFrame.new(0.000000, 0.000000, 0.000000, 0.448252, -0.787206, 0.423524, 0.892358, 0.421946, -0.160191, -0.052597, 0.449741, 0.891609),
      ["RightLowerArm"] = CFrame.new(-0.000000, 0.000000, 0.000000, 1.000000, 0.000001, -0.000000, 0.000001, 0.072309, -0.997383, 0.000001, 0.997382, 0.072305),
      ["RightLowerLeg"] = CFrame.new(-0.000000, -0.000000, -0.000000, 1.000000, 0.000000, 0.000000, -0.000000, 0.999999, 0.001346, -0.000000, -0.001346, 0.999999),
      ["RightUpperArm"] = CFrame.new(-0.000000, -0.065238, -0.000000, -0.084873, -0.132116, 0.987594, 0.450729, 0.878869, 0.156306, -0.888617, 0.458404, -0.015044),
      ["RightUpperLeg"] = CFrame.new(-0.000026, -0.000126, -0.004997, 0.969148, -0.029628, -0.244693, 0.074538, 0.981498, 0.176367, 0.234939, -0.189165, 0.953425),
      ["UpperTorso"] = CFrame.new(-0.000000, 0.000000, -0.000000, 0.968342, 0.245270, 0.046448, -0.247499, 0.967565, 0.050604, -0.032530, -0.060498, 0.997638)
    }},
    {Time = 5.900, Data = {
      ["Head"] = CFrame.new(-0.000000, -0.000000, 0.000000, 0.969963, 0.216321, 0.111252, -0.233533, 0.956099, 0.177022, -0.068074, -0.197685, 0.977899),
      ["LeftFoot"] = CFrame.new(0.000000, 0.000000, -0.000000, 0.982080, -0.176475, 0.066155, 0.171847, 0.982624, 0.070131, -0.077382, -0.057506, 0.995342),
      ["LeftHand"] = CFrame.new(0.000000, 0.000000, -0.000000, 0.159957, -0.757860, -0.632504, 0.755516, 0.506375, -0.415668, 0.635303, -0.411377, 0.653574),
      ["LeftLowerArm"] = CFrame.new(0.000000, -0.000000, -0.000000, 1.000000, 0.000000, -0.000000, 0.000000, 0.344498, -0.938787, 0.000000, 0.938787, 0.344497),
      ["LeftLowerLeg"] = CFrame.new(0.000000, -0.000000, 0.000000, 1.000000, 0.000000, -0.000000, -0.000000, 0.999993, 0.003667, -0.000000, -0.003667, 0.999993),
      ["LeftUpperArm"] = CFrame.new(0.000000, -0.065238, 0.000000, 0.078944, -0.158736, -0.984160, -0.448923, 0.875810, -0.177270, 0.890077, 0.455806, -0.002120),
      ["LeftUpperLeg"] = CFrame.new(0.000026, 0.000126, 0.004997, 0.751109, 0.599576, 0.276306, -0.619031, 0.785089, -0.020848, -0.229425, -0.155382, 0.960844),
      ["LowerTorso"] = CFrame.new(0.194857, 0.040422, 0.077470, 0.888686, -0.214145, -0.405437, 0.205474, 0.976476, -0.065374, 0.409899, -0.025210, 0.911782),
      ["RightFoot"] = CFrame.new(0.000000, 0.000000, -0.000000, 0.956071, 0.252851, 0.148304, -0.242697, 0.966521, -0.083282, -0.164397, 0.043631, 0.985429),
      ["RightHand"] = CFrame.new(-0.000000, 0.000000, 0.000000, 0.448129, -0.787187, 0.423690, 0.892432, 0.421705, -0.160414, -0.052392, 0.450002, 0.891490),
      ["RightLowerArm"] = CFrame.new(0.000000, -0.000000, 0.000000, 1.000000, 0.000001, -0.000000, 0.000001, 0.072554, -0.997365, 0.000001, 0.997365, 0.072550),
      ["RightLowerLeg"] = CFrame.new(0.000000, -0.000000, 0.000000, 1.000000, 0.000000, 0.000000, -0.000000, 0.999999, 0.001341, -0.000000, -0.001341, 0.999999),
      ["RightUpperArm"] = CFrame.new(-0.000000, -0.065238, -0.000000, -0.084837, -0.131998, 0.987613, 0.450607, 0.878954, 0.156183, -0.888682, 0.458276, -0.015089),
      ["RightUpperLeg"] = CFrame.new(-0.000025, -0.000125, -0.004997, 0.969176, -0.029619, -0.244580, 0.074559, 0.981458, 0.176582, 0.234815, -0.189375, 0.953415),
      ["UpperTorso"] = CFrame.new(-0.000000, 0.000000, -0.000000, 0.968407, 0.244985, 0.046585, -0.247238, 0.967608, 0.051058, -0.032567, -0.060962, 0.997609)
    }},
    {Time = 5.933, Data = {
      ["Head"] = CFrame.new(0.000000, -0.000000, -0.000000, 0.968819, 0.215599, 0.122089, -0.235043, 0.955623, 0.177594, -0.078382, -0.200753, 0.976501),
      ["LeftFoot"] = CFrame.new(0.000000, 0.000000, 0.000000, 0.982096, -0.176380, 0.066160, 0.171760, 0.982646, 0.070037, -0.077365, -0.057420, 0.995348),
      ["LeftHand"] = CFrame.new(0.000000, 0.000000, -0.000000, 0.159957, -0.757860, -0.632506, 0.755513, 0.506377, -0.415670, 0.635306, -0.411377, 0.653571),
      ["LeftLowerArm"] = CFrame.new(0.000000, 0.000000, 0.000000, 1.000000, 0.000000, -0.000000, 0.000001, 0.344498, -0.938787, 0.000000, 0.938787, 0.344498),
      ["LeftLowerLeg"] = CFrame.new(0.000000, 0.000000, -0.000000, 1.000000, 0.000000, -0.000000, -0.000000, 0.999993, 0.003664, 0.000000, -0.003664, 0.999993),
      ["LeftUpperArm"] = CFrame.new(0.000000, -0.065239, -0.000000, 0.078825, -0.158520, -0.984204, -0.448944, 0.875849, -0.177024, 0.890076, 0.455807, -0.002127),
      ["LeftUpperLeg"] = CFrame.new(0.000026, 0.000126, 0.004997, 0.751054, 0.599622, 0.276355, -0.619135, 0.785013, -0.020649, -0.229324, -0.155592, 0.960834),
      ["LowerTorso"] = CFrame.new(0.194661, 0.040413, 0.077694, 0.888624, -0.214378, -0.405449, 0.205558, 0.976433, -0.065756, 0.409991, -0.024911, 0.911749),
      ["RightFoot"] = CFrame.new(-0.000000, 0.000000, 0.000000, 0.956070, 0.252842, 0.148323, -0.242712, 0.966530, -0.083142, -0.164381, 0.043490, 0.985438),
      ["RightHand"] = CFrame.new(-0.000000, 0.000000, -0.000000, 0.448069, -0.787117, 0.423883, 0.892471, 0.421540, -0.160631, -0.052244, 0.450278, 0.891359),
      ["RightLowerArm"] = CFrame.new(-0.000000, 0.000000, -0.000000, 1.000000, 0.000001, -0.000000, 0.000001, 0.072713, -0.997353, 0.000001, 0.997353, 0.072709),
      ["RightLowerLeg"] = CFrame.new(0.000000, -0.000000, 0.000000, 1.000000, 0.000000, 0.000000, -0.000000, 0.999999, 0.001336, 0.000000, -0.001336, 0.999999),
      ["RightUpperArm"] = CFrame.new(-0.000000, -0.065239, 0.000000, -0.084802, -0.131879, 0.987632, 0.450486, 0.879038, 0.156059, -0.888747, 0.458148, -0.015135),
      ["RightUpperLeg"] = CFrame.new(-0.000025, -0.000126, -0.004997, 0.969202, -0.029589, -0.244481, 0.074554, 0.981425, 0.176766, 0.234709, -0.189549, 0.953406),
      ["UpperTorso"] = CFrame.new(0.000000, 0.000000, -0.000000, 0.968473, 0.244702, 0.046698, -0.246976, 0.967654, 0.051468, -0.032593, -0.061378, 0.997582)
    }},
    {Time = 5.967, Data = {
      ["Head"] = CFrame.new(-0.000000, 0.000000, 0.000000, 0.967548, 0.214738, 0.133185, -0.236510, 0.955159, 0.178143, -0.088959, -0.203862, 0.974950),
      ["LeftFoot"] = CFrame.new(0.000000, 0.000000, 0.000000, 0.982107, -0.176318, 0.066163, 0.171704, 0.982662, 0.069953, -0.077350, -0.057341, 0.995354),
      ["LeftHand"] = CFrame.new(-0.000000, -0.000000, 0.000000, 0.159955, -0.757859, -0.632506, 0.755511, 0.506378, -0.415673, 0.635309, -0.411376, 0.653568),
      ["LeftLowerArm"] = CFrame.new(0.000000, -0.000000, -0.000000, 1.000000, 0.000000, -0.000000, 0.000000, 0.344498, -0.938787, 0.000000, 0.938787, 0.344497),
      ["LeftLowerLeg"] = CFrame.new(0.000000, -0.000000, 0.000000, 1.000000, -0.000000, -0.000000, 0.000000, 0.999993, 0.003662, -0.000000, -0.003662, 0.999993),
      ["LeftUpperArm"] = CFrame.new(0.000000, -0.065238, 0.000000, 0.078626, -0.158114, -0.984285, -0.449006, 0.875909, -0.176572, 0.890063, 0.455833, -0.002125),
      ["LeftUpperLeg"] = CFrame.new(0.000026, 0.000126, 0.004997, 0.750987, 0.599681, 0.276408, -0.619256, 0.784923, -0.020439, -0.229217, -0.155818, 0.960823),
      ["LowerTorso"] = CFrame.new(0.194494, 0.040403, 0.077914, 0.888565, -0.214601, -0.405462, 0.205648, 0.976391, -0.066103, 0.410075, -0.024646, 0.911719),
      ["RightFoot"] = CFrame.new(0.000000, 0.000000, 0.000000, 0.956070, 0.252831, 0.148342, -0.242721, 0.966539, -0.083007, -0.164365, 0.043356, 0.985446),
      ["RightHand"] = CFrame.new(-0.000000, -0.000000, -0.000000, 0.448062, -0.787011, 0.424090, 0.892478, 0.421466, -0.160786, -0.052195, 0.450533, 0.891233),
      ["RightLowerArm"] = CFrame.new(0.000000, 0.000000, 0.000000, 1.000000, 0.000000, -0.000000, 0.000001, 0.072872, -0.997342, 0.000001, 0.997341, 0.072868),
      ["RightLowerLeg"] = CFrame.new(0.000000, 0.000000, 0.000000, 1.000000, -0.000000, 0.000000, -0.000000, 0.999999, 0.001331, -0.000000, -0.001331, 0.999999),
      ["RightUpperArm"] = CFrame.new(-0.000000, -0.065238, 0.000000, -0.084616, -0.131716, 0.987670, 0.450273, 0.879189, 0.155825, -0.888872, 0.457906, -0.015085),
      ["RightUpperLeg"] = CFrame.new(-0.000025, -0.000125, -0.004998, 0.969229, -0.029535, -0.244381, 0.074522, 0.981397, 0.176938, 0.234608, -0.189705, 0.953400),
      ["UpperTorso"] = CFrame.new(0.000000, 0.000000, -0.000000, 0.968539, 0.244423, 0.046802, -0.246715, 0.967702, 0.051809, -0.032627, -0.061726, 0.997560)
    }},
    {Time = 6.000, Data = {
      ["Head"] = CFrame.new(0.000000, -0.000000, 0.000000, 0.966169, 0.213749, 0.144320, -0.237901, 0.954719, 0.178646, -0.099600, -0.206936, 0.973271),
      ["LeftFoot"] = CFrame.new(0.000000, 0.000000, -0.000000, 0.982117, -0.176262, 0.066164, 0.171653, 0.982676, 0.069881, -0.077335, -0.057274, 0.995359),
      ["LeftHand"] = CFrame.new(-0.000000, -0.000000, -0.000000, 0.159953, -0.757859, -0.632506, 0.755508, 0.506379, -0.415677, 0.635312, -0.411375, 0.653566),
      ["LeftLowerArm"] = CFrame.new(0.000000, 0.000000, 0.000000, 1.000000, -0.000000, -0.000000, 0.000000, 0.344498, -0.938787, -0.000000, 0.938787, 0.344498),
      ["LeftLowerLeg"] = CFrame.new(0.000000, 0.000000, -0.000000, 1.000000, 0.000000, -0.000000, -0.000000, 0.999993, 0.003660, -0.000000, -0.003660, 0.999993),
      ["LeftUpperArm"] = CFrame.new(-0.000000, -0.065238, 0.000000, 0.078456, -0.157763, -0.984355, -0.449045, 0.875968, -0.176181, 0.890058, 0.455842, -0.002118),
      ["LeftUpperLeg"] = CFrame.new(0.000026, 0.000126, 0.004998, 0.750905, 0.599770, 0.276438, -0.619388, 0.784822, -0.020296, -0.229128, -0.155982, 0.960817),
      ["LowerTorso"] = CFrame.new(0.194346, 0.040390, 0.078208, 0.888504, -0.214817, -0.405481, 0.205746, 0.976349, -0.066413, 0.410158, -0.024418, 0.911688),
      ["RightFoot"] = CFrame.new(-0.000000, 0.000000, -0.000000, 0.956073, 0.252810, 0.148361, -0.242723, 0.966550, -0.082868, -0.164349, 0.043218, 0.985455),
      ["RightHand"] = CFrame.new(-0.000000, -0.000000, -0.000000, 0.448125, -0.786812, 0.424389, 0.892443, 0.421484, -0.160936, -0.052243, 0.450863, 0.891063),
      ["RightLowerArm"] = CFrame.new(-0.000000, -0.000000, 0.000000, 1.000000, 0.000001, -0.000000, 0.000001, 0.073027, -0.997330, 0.000001, 0.997330, 0.073023),
      ["RightLowerLeg"] = CFrame.new(-0.000000, -0.000000, -0.000000, 1.000000, -0.000000, -0.000000, -0.000000, 0.999999, 0.001326, -0.000000, -0.001326, 0.999999),
      ["RightUpperArm"] = CFrame.new(0.000000, -0.065238, -0.000000, -0.084322, -0.131532, 0.987719, 0.450003, 0.879381, 0.155522, -0.889037, 0.457590, -0.014962),
      ["RightUpperLeg"] = CFrame.new(-0.000025, -0.000125, -0.004997, 0.969253, -0.029441, -0.244296, 0.074439, 0.981381, 0.177063, 0.234535, -0.189804, 0.953398),
      ["UpperTorso"] = CFrame.new(0.000000, -0.000000, 0.000000, 0.968604, 0.244148, 0.046898, -0.246455, 0.967753, 0.052096, -0.032667, -0.062018, 0.997540)
    }},
    {Time = 6.033, Data = {
      ["Head"] = CFrame.new(-0.000000, 0.000000, 0.000000, 0.964615, 0.212529, 0.156041, -0.239225, 0.954308, 0.179075, -0.110852, -0.210068, 0.971382),
      ["LeftFoot"] = CFrame.new(-0.000000, 0.000000, 0.000000, 0.982124, -0.176227, 0.066162, 0.171619, 0.982682, 0.069872, -0.077330, -0.057268, 0.995359),
      ["LeftHand"] = CFrame.new(0.000000, 0.000000, 0.000000, 0.159953, -0.757858, -0.632508, 0.755506, 0.506381, -0.415678, 0.635315, -0.411375, 0.653563),
      ["LeftLowerArm"] = CFrame.new(-0.000000, 0.000000, 0.000000, 1.000000, -0.000000, -0.000000, 0.000000, 0.344498, -0.938787, 0.000000, 0.938787, 0.344498),
      ["LeftLowerLeg"] = CFrame.new(0.000000, 0.000000, 0.000000, 1.000000, 0.000000, -0.000000, 0.000000, 0.999993, 0.003656, -0.000000, -0.003656, 0.999993),
      ["LeftUpperArm"] = CFrame.new(0.000000, -0.065238, 0.000000, 0.078319, -0.157481, -0.984411, -0.449041, 0.876032, -0.175868, 0.890072, 0.455816, -0.002105),
      ["LeftUpperLeg"] = CFrame.new(0.000026, 0.000126, 0.004997, 0.750822, 0.599875, 0.276437, -0.619513, 0.784725, -0.020232, -0.229065, -0.156065, 0.960819),
      ["LowerTorso"] = CFrame.new(0.194213, 0.040376, 0.078513, 0.888444, -0.215033, -0.405498, 0.205863, 0.976306, -0.066682, 0.410229, -0.024233, 0.911661),
      ["RightFoot"] = CFrame.new(-0.000000, 0.000000, -0.000000, 0.956082, 0.252767, 0.148376, -0.242693, 0.966565, -0.082780, -0.164339, 0.043135, 0.985460),
      ["RightHand"] = CFrame.new(0.000000, 0.000000, -0.000000, 0.448292, -0.786490, 0.424811, 0.892351, 0.421606, -0.161122, -0.052378, 0.451311, 0.890828),
      ["RightLowerArm"] = CFrame.new(-0.000000, -0.000000, 0.000000, 1.000000, 0.000001, -0.000000, 0.000001, 0.073182, -0.997319, 0.000001, 0.997319, 0.073178),
      ["RightLowerLeg"] = CFrame.new(0.000000, -0.000000, 0.000000, 1.000000, 0.000000, 0.000000, 0.000000, 0.999999, 0.001323, 0.000000, -0.001323, 0.999999),
      ["RightUpperArm"] = CFrame.new(0.000000, -0.065238, 0.000000, -0.083930, -0.131339, 0.987778, 0.449627, 0.879636, 0.155164, -0.889265, 0.457154, -0.014774),
      ["RightUpperLeg"] = CFrame.new(-0.000025, -0.000125, -0.004997, 0.969277, -0.029354, -0.244212, 0.074368, 0.981361, 0.177201, 0.234458, -0.189918, 0.953394),
      ["UpperTorso"] = CFrame.new(-0.000000, -0.000000, 0.000000, 0.968667, 0.243882, 0.046968, -0.246203, 0.967802, 0.052382, -0.032681, -0.062304, 0.997522)
    }},
    {Time = 6.067, Data = {
      ["Head"] = CFrame.new(-0.000000, -0.000000, 0.000000, 0.962690, 0.210858, 0.169608, -0.240535, 0.953928, 0.179342, -0.123978, -0.213448, 0.969056),
      ["LeftFoot"] = CFrame.new(-0.000000, 0.000000, 0.000000, 0.982130, -0.176193, 0.066163, 0.171588, 0.982690, 0.069837, -0.077322, -0.057237, 0.995362),
      ["LeftHand"] = CFrame.new(-0.000000, 0.000000, 0.000000, 0.159951, -0.757858, -0.632508, 0.755504, 0.506382, -0.415682, 0.635318, -0.411374, 0.653561),
      ["LeftLowerArm"] = CFrame.new(0.000000, 0.000000, -0.000000, 1.000000, -0.000000, 0.000000, 0.000000, 0.344498, -0.938787, 0.000000, 0.938787, 0.344498),
      ["LeftLowerLeg"] = CFrame.new(0.000000, -0.000000, -0.000000, 1.000000, -0.000000, -0.000000, -0.000000, 0.999993, 0.003654, 0.000000, -0.003654, 0.999993),
      ["LeftUpperArm"] = CFrame.new(-0.000000, -0.065238, 0.000000, 0.078309, -0.157462, -0.984415, -0.448945, 0.876086, -0.175848, 0.890121, 0.455719, -0.002086),
      ["LeftUpperLeg"] = CFrame.new(0.000026, 0.000126, 0.004997, 0.750738, 0.599974, 0.276449, -0.619638, 0.784628, -0.020149, -0.228999, -0.156172, 0.960817),
      ["LowerTorso"] = CFrame.new(0.194111, 0.040360, 0.078782, 0.888391, -0.215237, -0.405504, 0.205992, 0.976264, -0.066895, 0.410278, -0.024102, 0.911642),
      ["RightFoot"] = CFrame.new(0.000000, 0.000000, -0.000000, 0.956094, 0.252711, 0.148392, -0.242652, 0.966584, -0.082684, -0.164329, 0.043047, 0.985466),
      ["RightHand"] = CFrame.new(-0.000000, -0.000000, 0.000000, 0.448436, -0.786135, 0.425316, 0.892276, 0.421652, -0.161423, -0.052431, 0.451887, 0.890533),
      ["RightLowerArm"] = CFrame.new(-0.000000, -0.000000, -0.000000, 1.000000, 0.000001, -0.000001, 0.000001, 0.073472, -0.997298, 0.000001, 0.997297, 0.073468),
      ["RightLowerLeg"] = CFrame.new(0.000000, 0.000000, 0.000000, 1.000000, 0.000000, 0.000000, -0.000000, 0.999999, 0.001319, 0.000000, -0.001319, 0.999999),
      ["RightUpperArm"] = CFrame.new(-0.000000, -0.065238, -0.000000, -0.083502, -0.131204, 0.987832, 0.449132, 0.879946, 0.154840, -0.889555, 0.456596, -0.014550),
      ["RightUpperLeg"] = CFrame.new(-0.000026, -0.000126, -0.004998, 0.969300, -0.029207, -0.244138, 0.074222, 0.981360, 0.177269, 0.234409, -0.189948, 0.953400),
      ["UpperTorso"] = CFrame.new(-0.000000, -0.000001, -0.000000, 0.968729, 0.243624, 0.047023, -0.245956, 0.967853, 0.052583, -0.032701, -0.062504, 0.997509)
    }},
    {Time = 6.100, Data = {
      ["Head"] = CFrame.new(0.000000, -0.000000, -0.000000, 0.960326, 0.208722, 0.184957, -0.241806, 0.953601, 0.179373, -0.138936, -0.216980, 0.966238),
      ["LeftFoot"] = CFrame.new(-0.000000, 0.000000, -0.000000, 0.982133, -0.176178, 0.066158, 0.171573, 0.982693, 0.069835, -0.077316, -0.057237, 0.995362),
      ["LeftHand"] = CFrame.new(-0.000000, 0.000000, 0.000000, 0.159949, -0.757858, -0.632510, 0.755502, 0.506382, -0.415684, 0.635321, -0.411374, 0.653558),
      ["LeftLowerArm"] = CFrame.new(0.000000, -0.000000, 0.000000, 1.000000, -0.000000, -0.000000, 0.000000, 0.344498, -0.938788, -0.000000, 0.938787, 0.344497),
      ["LeftLowerLeg"] = CFrame.new(0.000000, 0.000000, 0.000000, 1.000000, 0.000000, -0.000000, -0.000000, 0.999993, 0.003650, 0.000000, -0.003650, 0.999993),
      ["LeftUpperArm"] = CFrame.new(0.000000, -0.065238, 0.000000, 0.078298, -0.157444, -0.984419, -0.448848, 0.876139, -0.175827, 0.890171, 0.455621, -0.002068),
      ["LeftUpperLeg"] = CFrame.new(0.000026, 0.000125, 0.004997, 0.750613, 0.600143, 0.276422, -0.619809, 0.784493, -0.020154, -0.228947, -0.156201, 0.960825),
      ["LowerTorso"] = CFrame.new(0.194024, 0.040343, 0.079084, 0.888339, -0.215442, -0.405511, 0.206122, 0.976222, -0.067107, 0.410326, -0.023971, 0.911624),
      ["RightFoot"] = CFrame.new(0.000000, 0.000000, 0.000000, 0.956107, 0.252655, 0.148408, -0.242610, 0.966602, -0.082590, -0.164319, 0.042960, 0.985471),
      ["RightHand"] = CFrame.new(-0.000000, 0.000000, -0.000000, 0.448578, -0.785744, 0.425888, 0.892208, 0.421618, -0.161880, -0.052362, 0.452597, 0.890177),
      ["RightLowerArm"] = CFrame.new(-0.000000, -0.000000, -0.000000, 1.000000, 0.000001, -0.000000, 0.000001, 0.073762, -0.997276, 0.000001, 0.997276, 0.073758),
      ["RightLowerLeg"] = CFrame.new(0.000000, 0.000000, -0.000000, 1.000000, 0.000000, 0.000000, -0.000000, 0.999999, 0.001314, -0.000000, -0.001315, 0.999999),
      ["RightUpperArm"] = CFrame.new(-0.000000, -0.065239, 0.000000, -0.083099, -0.131158, 0.987873, 0.448532, 0.880294, 0.154604, -0.889895, 0.455940, -0.014323),
      ["RightUpperLeg"] = CFrame.new(-0.000026, -0.000126, -0.004997, 0.969323, -0.029061, -0.244064, 0.074076, 0.981358, 0.177338, 0.234361, -0.189978, 0.953406),
      ["UpperTorso"] = CFrame.new(-0.000000, -0.000000, -0.000000, 0.968788, 0.243385, 0.047060, -0.245724, 0.967905, 0.052729, -0.032716, -0.062646, 0.997499)
    }},
    {Time = 6.133, Data = {
      ["Head"] = CFrame.new(0.000000, 0.000000, 0.000000, 0.957638, 0.206303, 0.200919, -0.242965, 0.953350, 0.179144, -0.154588, -0.220371, 0.963088),
      ["LeftFoot"] = CFrame.new(-0.000000, 0.000000, -0.000000, 0.982136, -0.176163, 0.066157, 0.171560, 0.982698, 0.069800, -0.077309, -0.057204, 0.995365),
      ["LeftHand"] = CFrame.new(-0.000000, 0.000000, 0.000000, 0.159948, -0.757858, -0.632510, 0.755500, 0.506384, -0.415687, 0.635324, -0.411373, 0.653556),
      ["LeftLowerArm"] = CFrame.new(0.000000, 0.000000, -0.000000, 1.000000, 0.000000, -0.000000, 0.000000, 0.344498, -0.938787, 0.000000, 0.938787, 0.344497),
      ["LeftLowerLeg"] = CFrame.new(0.000000, -0.000000, 0.000000, 1.000000, 0.000000, 0.000000, -0.000000, 0.999993, 0.003648, -0.000000, -0.003648, 0.999993),
      ["LeftUpperArm"] = CFrame.new(0.000000, -0.065238, 0.000000, 0.078142, -0.157101, -0.984486, -0.448825, 0.876227, -0.175451, 0.890197, 0.455571, -0.002041),
      ["LeftUpperLeg"] = CFrame.new(0.000026, 0.000126, 0.004997, 0.750488, 0.600304, 0.276410, -0.619981, 0.784358, -0.020133, -0.228891, -0.156259, 0.960829),
      ["LowerTorso"] = CFrame.new(0.193945, 0.040326, 0.079397, 0.888289, -0.215636, -0.405518, 0.206272, 0.976181, -0.067247, 0.410360, -0.023912, 0.911610),
      ["RightFoot"] = CFrame.new(-0.000000, 0.000000, 0.000000, 0.956119, 0.252597, 0.148423, -0.242566, 0.966621, -0.082500, -0.164308, 0.042878, 0.985477),
      ["RightHand"] = CFrame.new(-0.000000, -0.000000, 0.000000, 0.448664, -0.785354, 0.426516, 0.892178, 0.421452, -0.162483, -0.052145, 0.453429, 0.889766),
      ["RightLowerArm"] = CFrame.new(-0.000000, -0.000000, -0.000000, 1.000000, 0.000001, -0.000001, 0.000001, 0.074211, -0.997243, 0.000001, 0.997243, 0.074206),
      ["RightLowerLeg"] = CFrame.new(0.000000, 0.000000, -0.000000, 1.000000, 0.000000, 0.000000, -0.000000, 0.999999, 0.001311, -0.000000, -0.001311, 0.999999),
      ["RightUpperArm"] = CFrame.new(0.000000, -0.065238, 0.000000, -0.082745, -0.131174, 0.987900, 0.447872, 0.880657, 0.154447, -0.890261, 0.455233, -0.014121),
      ["RightUpperLeg"] = CFrame.new(-0.000025, -0.000125, -0.004997, 0.969343, -0.028879, -0.244008, 0.073885, 0.981369, 0.177357, 0.234340, -0.189948, 0.953417),
      ["UpperTorso"] = CFrame.new(0.000000, -0.000000, -0.000000, 0.968847, 0.243148, 0.047069, -0.245490, 0.967960, 0.052803, -0.032722, -0.062713, 0.997495)
    }},
    {Time = 6.167, Data = {
      ["Head"] = CFrame.new(0.000000, -0.000000, -0.000000, 0.954801, 0.203801, 0.216382, -0.243935, 0.953204, 0.178600, -0.169858, -0.223311, 0.959834),
      ["LeftFoot"] = CFrame.new(-0.000000, -0.000000, -0.000000, 0.982130, -0.176199, 0.066147, 0.171588, 0.982685, 0.069915, -0.077321, -0.057316, 0.995357),
      ["LeftHand"] = CFrame.new(0.000000, 0.000000, 0.000000, 0.159947, -0.757857, -0.632511, 0.755497, 0.506385, -0.415689, 0.635327, -0.411373, 0.653554),
      ["LeftLowerArm"] = CFrame.new(0.000000, -0.000001, 0.000000, 1.000000, -0.000000, -0.000000, 0.000000, 0.344498, -0.938787, -0.000000, 0.938787, 0.344498),
      ["LeftLowerLeg"] = CFrame.new(0.000000, -0.000000, 0.000000, 1.000000, 0.000000, 0.000000, -0.000000, 0.999993, 0.003642, 0.000000, -0.003642, 0.999993),
      ["LeftUpperArm"] = CFrame.new(0.000000, -0.065238, 0.000000, 0.078056, -0.156899, -0.984525, -0.448736, 0.876316, -0.175232, 0.890249, 0.455469, -0.002004),
      ["LeftUpperLeg"] = CFrame.new(0.000025, 0.000125, 0.004998, 0.750360, 0.600499, 0.276337, -0.620140, 0.784229, -0.020265, -0.228881, -0.156161, 0.960847),
      ["LowerTorso"] = CFrame.new(0.193887, 0.040307, 0.079703, 0.888239, -0.215829, -0.405525, 0.206421, 0.976140, -0.067387, 0.410393, -0.023853, 0.911597),
      ["RightFoot"] = CFrame.new(-0.000000, 0.000000, -0.000000, 0.956132, 0.252540, 0.148439, -0.242522, 0.966640, -0.082411, -0.164299, 0.042797, 0.985482),
      ["RightHand"] = CFrame.new(0.000000, 0.000000, -0.000000, 0.448668, -0.785040, 0.427090, 0.892196, 0.421155, -0.163146, -0.051792, 0.454247, 0.889369),
      ["RightLowerArm"] = CFrame.new(0.000000, -0.000000, -0.000000, 1.000000, 0.000001, -0.000000, 0.000001, 0.074698, -0.997206, 0.000001, 0.997206, 0.074695),
      ["RightLowerLeg"] = CFrame.new(0.000000, 0.000000, 0.000000, 1.000000, 0.000000, -0.000000, -0.000000, 0.999999, 0.001307, 0.000000, -0.001307, 0.999999),
      ["RightUpperArm"] = CFrame.new(0.000000, -0.065238, -0.000000, -0.082473, -0.131244, 0.987913, 0.447211, 0.881006, 0.154376, -0.890618, 0.454537, -0.013966),
      ["RightUpperLeg"] = CFrame.new(-0.000026, -0.000126, -0.004998, 0.969362, -0.028697, -0.243952, 0.073695, 0.981380, 0.177376, 0.234319, -0.189920, 0.953428),
      ["UpperTorso"] = CFrame.new(-0.000000, -0.000000, -0.000000, 0.968899, 0.242939, 0.047074, -0.245284, 0.968007, 0.052897, -0.032717, -0.062799, 0.997490)
    }},
    {Time = 6.200, Data = {
      ["Head"] = CFrame.new(0.000000, 0.000000, 0.000000, 0.951892, 0.201313, 0.231029, -0.244721, 0.953163, 0.177740, -0.184427, -0.225727, 0.956574),
      ["LeftFoot"] = CFrame.new(-0.000000, 0.000000, -0.000000, 0.982123, -0.176237, 0.066141, 0.171622, 0.982673, 0.069995, -0.077330, -0.057393, 0.995352),
      ["LeftHand"] = CFrame.new(0.000000, 0.000000, -0.000000, 0.159946, -0.757856, -0.632512, 0.755495, 0.506387, -0.415691, 0.635330, -0.411371, 0.653551),
      ["LeftLowerArm"] = CFrame.new(0.000000, 0.000000, 0.000000, 1.000000, 0.000000, -0.000000, 0.000000, 0.344498, -0.938787, 0.000000, 0.938787, 0.344497),
      ["LeftLowerLeg"] = CFrame.new(0.000000, 0.000000, 0.000000, 1.000000, -0.000000, -0.000000, 0.000000, 0.999993, 0.003639, -0.000000, -0.003639, 0.999993),
      ["LeftUpperArm"] = CFrame.new(0.000000, -0.065238, -0.000000, 0.077977, -0.156708, -0.984562, -0.448621, 0.876416, -0.175026, 0.890314, 0.455343, -0.001962),
      ["LeftUpperLeg"] = CFrame.new(0.000025, 0.000126, 0.004998, 0.750230, 0.600687, 0.276280, -0.620302, 0.784098, -0.020370, -0.228867, -0.156095, 0.960861),
      ["LowerTorso"] = CFrame.new(0.193831, 0.040287, 0.080050, 0.888195, -0.216006, -0.405527, 0.206587, 0.976100, -0.067451, 0.410405, -0.023867, 0.911591),
      ["RightFoot"] = CFrame.new(-0.000000, 0.000000, 0.000000, 0.956145, 0.252481, 0.148453, -0.242477, 0.966659, -0.082320, -0.164289, 0.042714, 0.985487),
      ["RightHand"] = CFrame.new(0.000000, -0.000000, 0.000000, 0.448628, -0.784770, 0.427628, 0.892241, 0.420798, -0.163824, -0.051377, 0.455044, 0.888986),
      ["RightLowerArm"] = CFrame.new(0.000000, -0.000000, 0.000000, 1.000000, 0.000001, -0.000001, 0.000001, 0.075216, -0.997168, 0.000001, 0.997167, 0.075213),
      ["RightLowerLeg"] = CFrame.new(0.000000, -0.000000, -0.000000, 1.000000, 0.000000, 0.000000, -0.000000, 0.999999, 0.001304, 0.000000, -0.001304, 0.999999),
      ["RightUpperArm"] = CFrame.new(-0.000000, -0.065238, -0.000000, -0.082296, -0.131346, 0.987915, 0.446572, 0.881330, 0.154376, -0.890955, 0.453879, -0.013874),
      ["RightUpperLeg"] = CFrame.new(-0.000025, -0.000126, -0.004997, 0.969378, -0.028491, -0.243913, 0.073464, 0.981408, 0.177316, 0.234327, -0.189805, 0.953449),
      ["UpperTorso"] = CFrame.new(-0.000000, 0.000000, 0.000000, 0.968951, 0.242735, 0.047063, -0.245078, 0.968061, 0.052851, -0.032731, -0.062744, 0.997493)
    }},
    {Time = 6.233, Data = {
      ["Head"] = CFrame.new(0.000000, 0.000000, -0.000000, 0.948776, 0.198773, 0.245590, -0.245428, 0.953179, 0.176677, -0.198972, -0.227901, 0.953137),
      ["LeftFoot"] = CFrame.new(0.000000, 0.000000, 0.000000, 0.982117, -0.176278, 0.066132, 0.171654, 0.982660, 0.070097, -0.077341, -0.057492, 0.995346),
      ["LeftHand"] = CFrame.new(0.000000, 0.000000, 0.000000, 0.159945, -0.757856, -0.632513, 0.755493, 0.506388, -0.415693, 0.635333, -0.411371, 0.653549),
      ["LeftLowerArm"] = CFrame.new(-0.000000, 0.000000, -0.000000, 1.000000, -0.000000, 0.000000, 0.000000, 0.344498, -0.938787, 0.000000, 0.938787, 0.344498),
      ["LeftLowerLeg"] = CFrame.new(-0.000000, 0.000000, -0.000000, 1.000000, -0.000000, -0.000000, -0.000000, 0.999993, 0.003634, -0.000000, -0.003634, 0.999993),
      ["LeftUpperArm"] = CFrame.new(0.000000, -0.065238, 0.000000, 0.077911, -0.156532, -0.984595, -0.448496, 0.876517, -0.174839, 0.890382, 0.455209, -0.001914),
      ["LeftUpperLeg"] = CFrame.new(0.000026, 0.000126, 0.004997, 0.750094, 0.600896, 0.276196, -0.620466, 0.783964, -0.020537, -0.228869, -0.155965, 0.960882),
      ["LowerTorso"] = CFrame.new(0.193784, 0.040269, 0.080436, 0.888151, -0.216183, -0.405528, 0.206753, 0.976061, -0.067515, 0.410416, -0.023881, 0.911586),
      ["RightFoot"] = CFrame.new(-0.000000, 0.000000, 0.000000, 0.956164, 0.252403, 0.148467, -0.242407, 0.966681, -0.082262, -0.164284, 0.042667, 0.985490),
      ["RightHand"] = CFrame.new(-0.000000, 0.000000, -0.000000, 0.448522, -0.784588, 0.428074, 0.892322, 0.420361, -0.164499, -0.050878, 0.455762, 0.888647),
      ["RightLowerArm"] = CFrame.new(0.000000, -0.000000, -0.000000, 1.000000, 0.000001, -0.000000, 0.000001, 0.075731, -0.997129, 0.000001, 0.997128, 0.075727),
      ["RightLowerLeg"] = CFrame.new(-0.000000, -0.000000, -0.000000, 1.000000, 0.000000, 0.000000, -0.000000, 0.999999, 0.001300, 0.000000, -0.001300, 0.999999),
      ["RightUpperArm"] = CFrame.new(0.000000, -0.065238, -0.000000, -0.082226, -0.131482, 0.987903, 0.446023, 0.881593, 0.154457, -0.891236, 0.453327, -0.013846),
      ["RightUpperLeg"] = CFrame.new(-0.000025, -0.000125, -0.004998, 0.969393, -0.028286, -0.243877, 0.073234, 0.981436, 0.177257, 0.234335, -0.189691, 0.953470),
      ["UpperTorso"] = CFrame.new(-0.000000, 0.000000, -0.000000, 0.968992, 0.242577, 0.047029, -0.244921, 0.968097, 0.052927, -0.032690, -0.062804, 0.997490)
    }},
    {Time = 6.267, Data = {
      ["Head"] = CFrame.new(0.000000, -0.000000, 0.000000, 0.945467, 0.196179, 0.260013, -0.246045, 0.953246, 0.175456, -0.213435, -0.229862, 0.949531),
      ["LeftFoot"] = CFrame.new(0.000000, 0.000000, 0.000000, 0.982109, -0.176323, 0.066125, 0.171694, 0.982648, 0.070174, -0.077351, -0.057566, 0.995341),
      ["LeftHand"] = CFrame.new(0.000000, 0.000000, 0.000000, 0.159943, -0.757855, -0.632514, 0.755491, 0.506389, -0.415696, 0.635336, -0.411371, 0.653546),
      ["LeftLowerArm"] = CFrame.new(0.000000, -0.000000, 0.000000, 1.000000, -0.000000, -0.000000, 0.000000, 0.344498, -0.938787, 0.000000, 0.938787, 0.344497),
      ["LeftLowerLeg"] = CFrame.new(0.000000, -0.000000, 0.000000, 1.000000, -0.000000, -0.000000, -0.000000, 0.999993, 0.003632, -0.000000, -0.003632, 0.999993),
      ["LeftUpperArm"] = CFrame.new(0.000000, -0.065238, 0.000000, 0.077842, -0.156345, -0.984630, -0.448362, 0.876625, -0.174641, 0.890456, 0.455065, -0.001861),
      ["LeftUpperLeg"] = CFrame.new(0.000026, 0.000126, 0.004997, 0.749955, 0.601102, 0.276125, -0.620635, 0.783827, -0.020684, -0.228868, -0.155860, 0.960899),
      ["LowerTorso"] = CFrame.new(0.193767, 0.040248, 0.080776, 0.888110, -0.216339, -0.405534, 0.206923, 0.976024, -0.067519, 0.410418, -0.023951, 0.911583),
      ["RightFoot"] = CFrame.new(-0.000000, 0.000000, 0.000000, 0.956183, 0.252323, 0.148478, -0.242334, 0.966703, -0.082216, -0.164280, 0.042633, 0.985492),
      ["RightHand"] = CFrame.new(0.000000, 0.000000, -0.000000, 0.448311, -0.784567, 0.428331, 0.892462, 0.419831, -0.165098, -0.050291, 0.456285, 0.888412),
      ["RightLowerArm"] = CFrame.new(-0.000000, -0.000000, -0.000000, 1.000000, 0.000001, -0.000000, 0.000001, 0.076189, -0.997094, 0.000001, 0.997093, 0.076185),
      ["RightLowerLeg"] = CFrame.new(-0.000000, -0.000000, -0.000000, 1.000000, 0.000000, -0.000000, -0.000000, 0.999999, 0.001297, -0.000000, -0.001297, 0.999999),
      ["RightUpperArm"] = CFrame.new(-0.000000, -0.065238, 0.000000, -0.082299, -0.131618, 0.987878, 0.445601, 0.881781, 0.154604, -0.891441, 0.452923, -0.013921),
      ["RightUpperLeg"] = CFrame.new(-0.000025, -0.000125, -0.004998, 0.969406, -0.028054, -0.243852, 0.072976, 0.981470, 0.177179, 0.234363, -0.189553, 0.953490),
      ["UpperTorso"] = CFrame.new(0.000000, 0.000000, -0.000000, 0.969040, 0.242397, 0.046972, -0.244736, 0.968147, 0.052871, -0.032660, -0.062729, 0.997496)
    }},
    {Time = 6.300, Data = {
      ["Head"] = CFrame.new(0.000000, -0.000000, 0.000000, 0.942245, 0.193672, 0.273251, -0.246424, 0.953417, 0.173988, -0.226825, -0.231275, 0.946077),
      ["LeftFoot"] = CFrame.new(0.000000, 0.000000, 0.000000, 0.982101, -0.176372, 0.066114, 0.171735, 0.982632, 0.070288, -0.077362, -0.057676, 0.995333),
      ["LeftHand"] = CFrame.new(0.000000, 0.000000, 0.000000, 0.159942, -0.757854, -0.632515, 0.755489, 0.506390, -0.415699, 0.635339, -0.411370, 0.653543),
      ["LeftLowerArm"] = CFrame.new(0.000000, 0.000000, 0.000000, 1.000000, -0.000000, 0.000000, -0.000000, 0.344498, -0.938787, -0.000000, 0.938787, 0.344498),
      ["LeftLowerLeg"] = CFrame.new(0.000000, -0.000000, 0.000000, 1.000000, -0.000000, -0.000000, -0.000000, 0.999993, 0.003626, 0.000000, -0.003626, 0.999993),
      ["LeftUpperArm"] = CFrame.new(0.000000, -0.065238, -0.000000, 0.077781, -0.156168, -0.984663, -0.448201, 0.876744, -0.174457, 0.890542, 0.454897, -0.001800),
      ["LeftUpperLeg"] = CFrame.new(0.000026, 0.000126, 0.004997, 0.749801, 0.601346, 0.276010, -0.620811, 0.783680, -0.020934, -0.228892, -0.155653, 0.960927),
      ["LowerTorso"] = CFrame.new(0.193826, 0.040221, 0.081066, 0.888070, -0.216495, -0.405539, 0.207093, 0.975988, -0.067522, 0.410420, -0.024020, 0.911580),
      ["RightFoot"] = CFrame.new(-0.000000, 0.000000, -0.000000, 0.956205, 0.252231, 0.148492, -0.242249, 0.966729, -0.082160, -0.164275, 0.042590, 0.985495),
      ["RightHand"] = CFrame.new(0.000000, -0.000000, -0.000000, 0.448004, -0.784701, 0.428408, 0.892654, 0.419211, -0.165634, -0.049616, 0.456626, 0.888274),
      ["RightLowerArm"] = CFrame.new(0.000000, -0.000000, -0.000000, 1.000000, 0.000001, -0.000000, 0.000001, 0.076594, -0.997063, 0.000001, 0.997062, 0.076590),
      ["RightLowerLeg"] = CFrame.new(0.000000, -0.000000, -0.000000, 1.000000, 0.000000, -0.000000, -0.000000, 0.999999, 0.001294, -0.000000, -0.001294, 0.999999),
      ["RightUpperArm"] = CFrame.new(-0.000000, -0.065238, 0.000000, -0.082533, -0.131744, 0.987842, 0.445346, 0.881872, 0.154819, -0.891547, 0.452709, -0.014111),
      ["RightUpperLeg"] = CFrame.new(-0.000025, -0.000125, -0.004997, 0.969418, -0.027785, -0.243835, 0.072672, 0.981512, 0.177069, 0.234407, -0.189374, 0.953515),
      ["UpperTorso"] = CFrame.new(0.000000, 0.000000, -0.000000, 0.969087, 0.242217, 0.046924, -0.244546, 0.968206, 0.052671, -0.032674, -0.062518, 0.997509)
    }},
    {Time = 6.333, Data = {
      ["Head"] = CFrame.new(0.000000, 0.000000, 0.000000, 0.939454, 0.191406, 0.284238, -0.246420, 0.953740, 0.172213, -0.238126, -0.231827, 0.943161),
      ["LeftFoot"] = CFrame.new(-0.000000, 0.000000, -0.000000, 0.982092, -0.176426, 0.066104, 0.171782, 0.982617, 0.070384, -0.077373, -0.057768, 0.995327),
      ["LeftHand"] = CFrame.new(0.000000, -0.000000, 0.000000, 0.159941, -0.757855, -0.632515, 0.755486, 0.506391, -0.415702, 0.635342, -0.411368, 0.653541),
      ["LeftLowerArm"] = CFrame.new(0.000000, 0.000000, 0.000000, 1.000000, 0.000000, -0.000000, 0.000000, 0.344498, -0.938787, 0.000000, 0.938787, 0.344498),
      ["LeftLowerLeg"] = CFrame.new(-0.000000, 0.000000, -0.000000, 1.000000, -0.000000, -0.000000, 0.000000, 0.999993, 0.003622, -0.000000, -0.003622, 0.999993),
      ["LeftUpperArm"] = CFrame.new(-0.000000, -0.065237, -0.000000, 0.077738, -0.156006, -0.984692, -0.448041, 0.876859, -0.174294, 0.890627, 0.454731, -0.001732),
      ["LeftUpperLeg"] = CFrame.new(0.000025, 0.000126, 0.004998, 0.749646, 0.601595, 0.275889, -0.620984, 0.783535, -0.021212, -0.228930, -0.155421, 0.960956),
      ["LowerTorso"] = CFrame.new(0.193868, 0.040195, 0.081472, 0.888041, -0.216622, -0.405536, 0.207271, 0.975956, -0.067437, 0.410393, -0.024169, 0.911588),
      ["RightFoot"] = CFrame.new(-0.000000, 0.000001, 0.000000, 0.956226, 0.252145, 0.148504, -0.242168, 0.966753, -0.082124, -0.164274, 0.042567, 0.985496),
      ["RightHand"] = CFrame.new(-0.000000, -0.000000, -0.000000, 0.447595, -0.785022, 0.428248, 0.892899, 0.418523, -0.166047, -0.048878, 0.456705, 0.888275),
      ["RightLowerArm"] = CFrame.new(-0.000000, -0.000001, -0.000000, 1.000000, 0.000000, -0.000000, 0.000001, 0.076885, -0.997040, 0.000001, 0.997040, 0.076881),
      ["RightLowerLeg"] = CFrame.new(-0.000000, -0.000000, 0.000000, 1.000000, -0.000000, 0.000000, 0.000000, 0.999999, 0.001292, 0.000000, -0.001292, 0.999999),
      ["RightUpperArm"] = CFrame.new(0.000000, -0.065238, -0.000000, -0.082947, -0.131844, 0.987794, 0.445296, 0.881848, 0.155095, -0.891533, 0.452726, -0.014437),
      ["RightUpperLeg"] = CFrame.new(-0.000026, -0.000126, -0.004997, 0.969430, -0.027512, -0.243820, 0.072362, 0.981558, 0.176941, 0.234455, -0.189175, 0.953543),
      ["UpperTorso"] = CFrame.new(0.000000, 0.000000, -0.000000, 0.969131, 0.242048, 0.046880, -0.244369, 0.968260, 0.052500, -0.032685, -0.062335, 0.997520)
    }},
    {Time = 6.367, Data = {
      ["Head"] = CFrame.new(0.000000, 0.000000, 0.000000, 0.937258, 0.189474, 0.292657, -0.246008, 0.954232, 0.170065, -0.247040, -0.231390, 0.940973),
      ["LeftFoot"] = CFrame.new(-0.000000, 0.000000, 0.000000, 0.982082, -0.176484, 0.066093, 0.171832, 0.982601, 0.070488, -0.077383, -0.057868, 0.995321),
      ["LeftHand"] = CFrame.new(-0.000000, 0.000000, 0.000000, 0.159940, -0.757853, -0.632517, 0.755484, 0.506393, -0.415704, 0.635345, -0.411369, 0.653538),
      ["LeftLowerArm"] = CFrame.new(0.000000, -0.000000, 0.000000, 1.000000, -0.000000, 0.000000, -0.000000, 0.344498, -0.938787, -0.000000, 0.938787, 0.344498),
      ["LeftLowerLeg"] = CFrame.new(-0.000000, 0.000000, 0.000000, 1.000000, 0.000000, -0.000000, -0.000000, 0.999993, 0.003617, -0.000000, -0.003617, 0.999993),
      ["LeftUpperArm"] = CFrame.new(-0.000000, -0.065237, 0.000000, 0.077680, -0.155842, -0.984723, -0.447853, 0.876989, -0.174121, 0.890727, 0.454536, -0.001670),
      ["LeftUpperLeg"] = CFrame.new(0.000025, 0.000125, 0.004997, 0.749482, 0.601860, 0.275758, -0.621168, 0.783382, -0.021510, -0.228969, -0.155170, 0.960986),
      ["LowerTorso"] = CFrame.new(0.193910, 0.040168, 0.081877, 0.888011, -0.216749, -0.405532, 0.207449, 0.975924, -0.067352, 0.410367, -0.024318, 0.911596),
      ["RightFoot"] = CFrame.new(0.000000, 0.000000, 0.000000, 0.956264, 0.251994, 0.148516, -0.242016, 0.966792, -0.082113, -0.164277, 0.042579, 0.985495),
      ["RightHand"] = CFrame.new(0.000000, 0.000000, 0.000000, 0.447137, -0.785479, 0.427887, 0.893169, 0.417839, -0.166324, -0.048140, 0.456545, 0.888397),
      ["RightLowerArm"] = CFrame.new(-0.000000, -0.000000, -0.000000, 1.000000, 0.000001, -0.000001, 0.000001, 0.077019, -0.997030, 0.000001, 0.997030, 0.077016),
      ["RightLowerLeg"] = CFrame.new(-0.000000, -0.000000, -0.000000, 1.000000, 0.000000, -0.000000, -0.000000, 0.999999, 0.001289, -0.000000, -0.001289, 0.999999),
      ["RightUpperArm"] = CFrame.new(0.000000, -0.065237, 0.000000, -0.083487, -0.131893, 0.987742, 0.445430, 0.881730, 0.155386, -0.891416, 0.452942, -0.014864),
      ["RightUpperLeg"] = CFrame.new(-0.000026, -0.000126, -0.004997, 0.969438, -0.027232, -0.243818, 0.072035, 0.981613, 0.176769, 0.234522, -0.188930, 0.953575),
      ["UpperTorso"] = CFrame.new(0.000000, -0.000000, -0.000000, 0.969168, 0.241912, 0.046814, -0.244219, 0.968315, 0.052183, -0.032707, -0.062007, 0.997540)
    }},
    {Time = 6.400, Data = {
      ["Head"] = CFrame.new(0.000000, -0.000000, 0.000000, 0.935443, 0.187839, 0.299439, -0.245366, 0.954843, 0.167541, -0.254446, -0.230197, 0.939290),
      ["LeftFoot"] = CFrame.new(0.000000, -0.000000, 0.000000, 0.982071, -0.176549, 0.066082, 0.171890, 0.982584, 0.070589, -0.077393, -0.057965, 0.995314),
      ["LeftHand"] = CFrame.new(-0.000000, 0.000000, 0.000000, 0.159938, -0.757854, -0.632517, 0.755482, 0.506394, -0.415707, 0.635348, -0.411367, 0.653536),
      ["LeftLowerArm"] = CFrame.new(0.000000, 0.000000, 0.000000, 1.000000, 0.000000, -0.000000, 0.000000, 0.344498, -0.938787, 0.000000, 0.938787, 0.344497),
      ["LeftLowerLeg"] = CFrame.new(-0.000000, 0.000000, 0.000000, 1.000000, 0.000000, -0.000000, -0.000000, 0.999994, 0.003612, -0.000000, -0.003612, 0.999994),
      ["LeftUpperArm"] = CFrame.new(0.000000, -0.065238, -0.000000, 0.077639, -0.155712, -0.984747, -0.447645, 0.877122, -0.173987, 0.890834, 0.454325, -0.001604),
      ["LeftUpperLeg"] = CFrame.new(0.000026, 0.000126, 0.004997, 0.749310, 0.602144, 0.275606, -0.621353, 0.783225, -0.021873, -0.229033, -0.154859, 0.961022),
      ["LowerTorso"] = CFrame.new(0.193992, 0.040141, 0.082288, 0.887991, -0.216841, -0.405526, 0.207627, 0.975898, -0.067181, 0.410320, -0.024542, 0.911611),
      ["RightFoot"] = CFrame.new(0.000000, 0.000000, 0.000000, 0.956304, 0.251837, 0.148527, -0.241856, 0.966831, -0.082119, -0.164281, 0.042610, 0.985493),
      ["RightHand"] = CFrame.new(0.000000, 0.000000, -0.000000, 0.446713, -0.785928, 0.427505, 0.893414, 0.417248, -0.166490, -0.047522, 0.456312, 0.888550),
      ["RightLowerArm"] = CFrame.new(0.000000, 0.000000, 0.000000, 1.000000, 0.000001, -0.000000, 0.000001, 0.077154, -0.997019, 0.000001, 0.997019, 0.077151),
      ["RightLowerLeg"] = CFrame.new(-0.000000, 0.000000, 0.000000, 1.000000, 0.000000, -0.000000, -0.000000, 0.999999, 0.001288, -0.000000, -0.001288, 0.999999),
      ["RightUpperArm"] = CFrame.new(0.000000, -0.065238, -0.000000, -0.084027, -0.132081, 0.987671, 0.445578, 0.881582, 0.155802, -0.891291, 0.453176, -0.015224),
      ["RightUpperLeg"] = CFrame.new(-0.000026, -0.000126, -0.004997, 0.969445, -0.026913, -0.243827, 0.071666, 0.981675, 0.176575, 0.234607, -0.188653, 0.953609),
      ["UpperTorso"] = CFrame.new(-0.000000, -0.000000, -0.000000, 0.969205, 0.241778, 0.046746, -0.244069, 0.968372, 0.051826, -0.032737, -0.061639, 0.997561)
    }},
    {Time = 6.433, Data = {
      ["Head"] = CFrame.new(0.000000, -0.000000, 0.000000, 0.933780, 0.186425, 0.305451, -0.244644, 0.955521, 0.164708, -0.261159, -0.228528, 0.937854),
      ["LeftFoot"] = CFrame.new(-0.000000, -0.000000, 0.000000, 0.982062, -0.176603, 0.066070, 0.171936, 0.982567, 0.070710, -0.077405, -0.058082, 0.995306),
      ["LeftHand"] = CFrame.new(0.000000, 0.000000, -0.000000, 0.159937, -0.757854, -0.632518, 0.755480, 0.506394, -0.415710, 0.635350, -0.411367, 0.653534),
      ["LeftLowerArm"] = CFrame.new(0.000000, 0.000000, -0.000000, 1.000000, -0.000000, -0.000000, 0.000000, 0.344498, -0.938787, 0.000000, 0.938787, 0.344497),
      ["LeftLowerLeg"] = CFrame.new(-0.000000, -0.000000, 0.000000, 1.000000, 0.000000, -0.000000, 0.000000, 0.999994, 0.003606, 0.000000, -0.003606, 0.999994),
      ["LeftUpperArm"] = CFrame.new(0.000000, -0.065238, 0.000000, 0.077601, -0.155572, -0.984772, -0.447438, 0.877255, -0.173846, 0.890942, 0.454115, -0.001533),
      ["LeftUpperLeg"] = CFrame.new(0.000026, 0.000126, 0.004997, 0.749154, 0.602417, 0.275431, -0.621509, 0.783090, -0.022294, -0.229118, -0.154480, 0.961062),
      ["LowerTorso"] = CFrame.new(0.194094, 0.040114, 0.082703, 0.887971, -0.216934, -0.405521, 0.207805, 0.975872, -0.067011, 0.410273, -0.024766, 0.911626),
      ["RightFoot"] = CFrame.new(-0.000000, 0.000000, 0.000000, 0.956343, 0.251684, 0.148532, -0.241697, 0.966869, -0.082148, -0.164287, 0.042662, 0.985490),
      ["RightHand"] = CFrame.new(0.000000, 0.000000, 0.000000, 0.446487, -0.786210, 0.427223, 0.893548, 0.416918, -0.166599, -0.047131, 0.456128, 0.888665),
      ["RightLowerArm"] = CFrame.new(-0.000000, 0.000000, 0.000000, 1.000000, 0.000001, -0.000000, 0.000001, 0.077080, -0.997025, 0.000001, 0.997025, 0.077075),
      ["RightLowerLeg"] = CFrame.new(-0.000000, -0.000000, 0.000000, 1.000000, 0.000000, -0.000000, 0.000000, 0.999999, 0.001285, 0.000000, -0.001285, 0.999999),
      ["RightUpperArm"] = CFrame.new(-0.000000, -0.065238, 0.000000, -0.084335, -0.132137, 0.987637, 0.445628, 0.881523, 0.155993, -0.891237, 0.453274, -0.015459),
      ["RightUpperLeg"] = CFrame.new(-0.000026, -0.000125, -0.004998, 0.969447, -0.026611, -0.243851, 0.071299, 0.981749, 0.176308, 0.234710, -0.188308, 0.953652),
      ["UpperTorso"] = CFrame.new(0.000000, 0.000000, -0.000000, 0.969243, 0.241647, 0.046632, -0.243920, 0.968426, 0.051507, -0.032713, -0.061297, 0.997583)
    }},
    {Time = 6.467, Data = {
      ["Head"] = CFrame.new(-0.000000, -0.000000, 0.000000, 0.932250, 0.185189, 0.310829, -0.243852, 0.956246, 0.161649, -0.267293, -0.226493, 0.936619),
      ["LeftFoot"] = CFrame.new(-0.000000, 0.000000, -0.000000, 0.982052, -0.176669, 0.066056, 0.171993, 0.982548, 0.070829, -0.077417, -0.058197, 0.995299),
      ["LeftHand"] = CFrame.new(-0.000000, 0.000000, -0.000000, 0.159935, -0.757853, -0.632519, 0.755478, 0.506395, -0.415712, 0.635353, -0.411367, 0.653531),
      ["LeftLowerArm"] = CFrame.new(-0.000000, 0.000000, 0.000000, 1.000000, -0.000000, -0.000000, 0.000000, 0.344498, -0.938788, -0.000000, 0.938787, 0.344497),
      ["LeftLowerLeg"] = CFrame.new(0.000000, 0.000000, 0.000000, 1.000000, -0.000000, 0.000000, -0.000000, 0.999994, 0.003600, -0.000000, -0.003600, 0.999994),
      ["LeftUpperArm"] = CFrame.new(-0.000000, -0.065238, 0.000000, 0.077572, -0.155436, -0.984796, -0.447238, 0.877384, -0.173711, 0.891045, 0.453913, -0.001456),
      ["LeftUpperLeg"] = CFrame.new(0.000025, 0.000126, 0.004997, 0.748986, 0.602717, 0.275233, -0.621672, 0.782946, -0.022783, -0.229225, -0.154040, 0.961107),
      ["LowerTorso"] = CFrame.new(0.194176, 0.040088, 0.083114, 0.887957, -0.216988, -0.405522, 0.207980, 0.975852, -0.066755, 0.410215, -0.025066, 0.911644),
      ["RightFoot"] = CFrame.new(0.000000, 0.000000, -0.000000, 0.956384, 0.251527, 0.148537, -0.241531, 0.966906, -0.082193, -0.164295, 0.042733, 0.985485),
      ["RightHand"] = CFrame.new(0.000000, -0.000000, -0.000000, 0.446395, -0.786350, 0.427062, 0.893604, 0.416779, -0.166647, -0.046944, 0.456015, 0.888733),
      ["RightLowerArm"] = CFrame.new(0.000000, -0.000000, 0.000000, 1.000000, 0.000001, -0.000001, 0.000001, 0.077005, -0.997031, 0.000001, 0.997031, 0.077001),
      ["RightLowerLeg"] = CFrame.new(0.000000, 0.000000, -0.000000, 1.000000, 0.000000, 0.000000, -0.000000, 0.999999, 0.001283, 0.000000, -0.001283, 0.999999),
      ["RightUpperArm"] = CFrame.new(0.000000, -0.065238, -0.000000, -0.084477, -0.132144, 0.987624, 0.445570, 0.881539, 0.156062, -0.891252, 0.453240, -0.015591),
      ["RightUpperLeg"] = CFrame.new(-0.000026, -0.000126, -0.004997, 0.969446, -0.026279, -0.243891, 0.070898, 0.981831, 0.176013, 0.234834, -0.187926, 0.953696),
      ["UpperTorso"] = CFrame.new(0.000000, -0.000000, -0.000000, 0.969279, 0.241534, 0.046480, -0.243789, 0.968476, 0.051190, -0.032651, -0.060948, 0.997607)
    }},
    {Time = 6.500, Data = {
      ["Head"] = CFrame.new(0.000000, -0.000000, 0.000000, 0.930830, 0.184091, 0.315700, -0.243003, 0.956999, 0.158440, -0.272957, -0.224196, 0.935538),
      ["LeftFoot"] = CFrame.new(-0.000000, -0.000000, -0.000000, 0.982030, -0.176797, 0.066038, 0.172106, 0.982513, 0.071043, -0.077443, -0.058401, 0.995285),
      ["LeftHand"] = CFrame.new(-0.000000, -0.000000, -0.000000, 0.159935, -0.757852, -0.632520, 0.755476, 0.506397, -0.415715, 0.635356, -0.411366, 0.653529),
      ["LeftLowerArm"] = CFrame.new(-0.000000, -0.000000, 0.000000, 1.000000, -0.000000, -0.000000, 0.000000, 0.344498, -0.938787, -0.000000, 0.938787, 0.344497),
      ["LeftLowerLeg"] = CFrame.new(-0.000000, 0.000000, 0.000000, 1.000000, 0.000000, 0.000000, 0.000000, 0.999994, 0.003596, -0.000000, -0.003596, 0.999994),
      ["LeftUpperArm"] = CFrame.new(0.000000, -0.065238, 0.000000, 0.077549, -0.155322, -0.984815, -0.447016, 0.877519, -0.173600, 0.891158, 0.453691, -0.001381),
      ["LeftUpperLeg"] = CFrame.new(0.000026, 0.000125, 0.004997, 0.748810, 0.603025, 0.275036, -0.621843, 0.782796, -0.023280, -0.229336, -0.153596, 0.961152),
      ["LowerTorso"] = CFrame.new(0.194329, 0.040061, 0.083457, 0.887955, -0.217017, -0.405512, 0.208157, 0.975837, -0.066430, 0.410130, -0.025424, 0.911673),
      ["RightFoot"] = CFrame.new(0.000000, 0.000000, 0.000000, 0.956424, 0.251374, 0.148538, -0.241367, 0.966943, -0.082247, -0.164303, 0.042811, 0.985480),
      ["RightHand"] = CFrame.new(0.000000, 0.000000, -0.000000, 0.446487, -0.786290, 0.427076, 0.893552, 0.416913, -0.166589, -0.047062, 0.455995, 0.888737),
      ["RightLowerArm"] = CFrame.new(0.000000, 0.000000, 0.000000, 1.000000, 0.000001, -0.000000, 0.000001, 0.076930, -0.997037, 0.000001, 0.997036, 0.076927),
      ["RightLowerLeg"] = CFrame.new(-0.000000, 0.000000, 0.000000, 1.000000, 0.000000, 0.000000, -0.000000, 0.999999, 0.001282, 0.000000, -0.001282, 0.999999),
      ["RightUpperArm"] = CFrame.new(0.000000, -0.065238, -0.000000, -0.084419, -0.132066, 0.987640, 0.445396, 0.881645, 0.155963, -0.891345, 0.453057, -0.015606),
      ["RightUpperLeg"] = CFrame.new(-0.000026, -0.000126, -0.004997, 0.969442, -0.025953, -0.243942, 0.070494, 0.981922, 0.175672, 0.234972, -0.187501, 0.953746),
      ["UpperTorso"] = CFrame.new(0.000000, -0.000000, -0.000000, 0.969318, 0.241411, 0.046302, -0.243644, 0.968529, 0.050875, -0.032563, -0.060595, 0.997631)
    }},
    {Time = 6.533, Data = {
      ["Head"] = CFrame.new(0.000000, -0.000000, 0.000000, 0.929507, 0.183066, 0.320164, -0.242078, 0.957769, 0.155167, -0.278237, -0.221734, 0.934569),
      ["LeftFoot"] = CFrame.new(0.000000, 0.000000, 0.000000, 0.982009, -0.176918, 0.066020, 0.172210, 0.982479, 0.071265, -0.077471, -0.058614, 0.995270),
      ["LeftHand"] = CFrame.new(-0.000000, 0.000000, -0.000000, 0.159933, -0.757852, -0.632521, 0.755474, 0.506398, -0.415717, 0.635359, -0.411365, 0.653526),
      ["LeftLowerArm"] = CFrame.new(0.000000, -0.000000, -0.000000, 1.000000, 0.000000, 0.000000, 0.000000, 0.344498, -0.938787, 0.000000, 0.938787, 0.344497),
      ["LeftLowerLeg"] = CFrame.new(-0.000000, 0.000000, -0.000000, 1.000000, -0.000000, 0.000000, -0.000000, 0.999994, 0.003591, 0.000000, -0.003591, 0.999994),
      ["LeftUpperArm"] = CFrame.new(0.000000, -0.065238, 0.000000, 0.077526, -0.155213, -0.984834, -0.446788, 0.877657, -0.173492, 0.891275, 0.453462, -0.001306),
      ["LeftUpperLeg"] = CFrame.new(0.000025, 0.000126, 0.004998, 0.748651, 0.603321, 0.274821, -0.621989, 0.782664, -0.023815, -0.229461, -0.153106, 0.961200),
      ["LowerTorso"] = CFrame.new(0.194527, 0.040034, 0.083764, 0.887954, -0.217039, -0.405502, 0.208335, 0.975822, -0.066088, 0.410041, -0.025797, 0.911702),
      ["RightFoot"] = CFrame.new(-0.000000, 0.000000, 0.000000, 0.956463, 0.251222, 0.148540, -0.241204, 0.966979, -0.082299, -0.164311, 0.042887, 0.985476),
      ["RightHand"] = CFrame.new(0.000000, 0.000000, -0.000000, 0.446579, -0.786230, 0.427090, 0.893499, 0.417049, -0.166532, -0.047181, 0.455975, 0.888741),
      ["RightLowerArm"] = CFrame.new(0.000000, -0.000000, 0.000000, 1.000000, 0.000001, -0.000000, 0.000001, 0.076856, -0.997043, 0.000001, 0.997042, 0.076852),
      ["RightLowerLeg"] = CFrame.new(0.000000, 0.000000, 0.000000, 1.000000, 0.000000, 0.000000, 0.000000, 0.999999, 0.001281, 0.000000, -0.001281, 0.999999),
      ["RightUpperArm"] = CFrame.new(0.000000, -0.065238, -0.000000, -0.084181, -0.131915, 0.987680, 0.445128, 0.881824, 0.155716, -0.891501, 0.452752, -0.015514),
      ["RightUpperLeg"] = CFrame.new(-0.000025, -0.000126, -0.004997, 0.969436, -0.025629, -0.244000, 0.070088, 0.982016, 0.175309, 0.235118, -0.187052, 0.953798),
      ["UpperTorso"] = CFrame.new(-0.000000, -0.000000, -0.000000, 0.969351, 0.241310, 0.046138, -0.243517, 0.968588, 0.050363, -0.032536, -0.060055, 0.997665)
    }},
    {Time = 6.567, Data = {
      ["Head"] = CFrame.new(0.000000, -0.000000, -0.000000, 0.928254, 0.182051, 0.324347, -0.241075, 0.958542, 0.151921, -0.283243, -0.219213, 0.933659),
      ["LeftFoot"] = CFrame.new(0.000000, 0.000000, 0.000000, 0.981988, -0.177045, 0.065996, 0.172318, 0.982441, 0.071526, -0.077500, -0.058866, 0.995253),
      ["LeftHand"] = CFrame.new(-0.000000, 0.000000, 0.000000, 0.159776, -0.757799, -0.632623, 0.755194, 0.506546, -0.416043, 0.635730, -0.411280, 0.653220),
      ["LeftLowerArm"] = CFrame.new(-0.000000, 0.000000, -0.000000, 1.000000, -0.000000, -0.000000, 0.000000, 0.344498, -0.938787, 0.000000, 0.938787, 0.344497),
      ["LeftLowerLeg"] = CFrame.new(0.000000, -0.000000, -0.000000, 1.000000, -0.000000, 0.000000, 0.000000, 0.999994, 0.003585, -0.000000, -0.003585, 0.999994),
      ["LeftUpperArm"] = CFrame.new(0.000000, -0.065238, -0.000000, 0.077517, -0.155116, -0.984850, -0.446578, 0.877781, -0.173402, 0.891380, 0.453255, -0.001229),
      ["LeftUpperLeg"] = CFrame.new(0.000026, 0.000126, 0.004997, 0.748488, 0.603628, 0.274590, -0.622132, 0.782531, -0.024396, -0.229602, -0.152571, 0.961252),
      ["LowerTorso"] = CFrame.new(0.194730, 0.040007, 0.084193, 0.887960, -0.217033, -0.405492, 0.208502, 0.975812, -0.065701, 0.409943, -0.026206, 0.911735),
      ["RightFoot"] = CFrame.new(0.000000, 0.000000, 0.000000, 0.956504, 0.251063, 0.148549, -0.241033, 0.967017, -0.082354, -0.164326, 0.042967, 0.985470),
      ["RightHand"] = CFrame.new(0.000000, 0.000000, 0.000000, 0.446826, -0.786040, 0.427182, 0.893359, 0.417396, -0.166411, -0.047494, 0.455984, 0.888720),
      ["RightLowerArm"] = CFrame.new(-0.000000, -0.000000, -0.000000, 1.000000, 0.000001, -0.000001, 0.000001, 0.076647, -0.997059, 0.000001, 0.997058, 0.076643),
      ["RightLowerLeg"] = CFrame.new(-0.000000, -0.000000, 0.000000, 1.000000, 0.000000, 0.000000, -0.000000, 0.999999, 0.001280, -0.000000, -0.001280, 0.999999),
      ["RightUpperArm"] = CFrame.new(-0.000000, -0.065238, -0.000000, -0.083867, -0.131763, 0.987727, 0.444832, 0.882023, 0.155433, -0.891678, 0.452409, -0.015360),
      ["RightUpperLeg"] = CFrame.new(-0.000026, -0.000125, -0.004997, 0.969427, -0.025284, -0.244074, 0.069654, 0.982118, 0.174909, 0.235287, -0.186562, 0.953853),
      ["UpperTorso"] = CFrame.new(-0.000000, 0.000000, 0.000000, 0.969375, 0.241248, 0.045967, -0.243428, 0.968637, 0.049859, -0.032497, -0.059521, 0.997698)
    }},
    {Time = 6.600, Data = {
      ["Head"] = CFrame.new(-0.000000, 0.000000, 0.000000, 0.927037, 0.181004, 0.328389, -0.240008, 0.959302, 0.148781, -0.288094, -0.216741, 0.932751),
      ["LeftFoot"] = CFrame.new(0.000000, 0.000000, 0.000000, 0.981967, -0.177171, 0.065971, 0.172424, 0.982402, 0.071805, -0.077531, -0.059136, 0.995235),
      ["LeftHand"] = CFrame.new(0.000000, -0.000000, -0.000000, 0.159556, -0.757712, -0.632783, 0.754812, 0.506758, -0.416480, 0.636240, -0.411180, 0.652786),
      ["LeftLowerArm"] = CFrame.new(0.000000, 0.000000, 0.000000, 1.000000, 0.000000, 0.000000, 0.000000, 0.344498, -0.938787, 0.000000, 0.938787, 0.344498),
      ["LeftLowerLeg"] = CFrame.new(0.000000, -0.000000, -0.000000, 1.000000, 0.000000, -0.000000, -0.000000, 0.999994, 0.003578, -0.000000, -0.003578, 0.999994),
      ["LeftUpperArm"] = CFrame.new(-0.000000, -0.065238, 0.000000, 0.077529, -0.155068, -0.984857, -0.446373, 0.877893, -0.173366, 0.891482, 0.453054, -0.001156),
      ["LeftUpperLeg"] = CFrame.new(0.000026, 0.000126, 0.004997, 0.748325, 0.603948, 0.274331, -0.622265, 0.782405, -0.025060, -0.229774, -0.151953, 0.961309),
      ["LowerTorso"] = CFrame.new(0.194872, 0.039981, 0.084613, 0.887973, -0.217013, -0.405474, 0.208670, 0.975805, -0.065277, 0.409830, -0.026646, 0.911773),
      ["RightFoot"] = CFrame.new(-0.000000, 0.000000, 0.000000, 0.956545, 0.250902, 0.148557, -0.240861, 0.967055, -0.082415, -0.164341, 0.043052, 0.985464),
      ["RightHand"] = CFrame.new(0.000000, 0.000000, -0.000000, 0.447090, -0.785837, 0.427279, 0.893207, 0.417786, -0.166249, -0.047863, 0.455978, 0.888703),
      ["RightLowerArm"] = CFrame.new(0.000000, 0.000001, 0.000000, 1.000000, 0.000001, -0.000000, 0.000001, 0.076437, -0.997075, 0.000001, 0.997074, 0.076434),
      ["RightLowerLeg"] = CFrame.new(-0.000000, -0.000000, 0.000000, 1.000000, 0.000000, -0.000000, -0.000000, 0.999999, 0.001279, 0.000000, -0.001280, 0.999999),
      ["RightUpperArm"] = CFrame.new(0.000000, -0.065237, -0.000000, -0.083550, -0.131644, 0.987770, 0.444541, 0.882215, 0.155178, -0.891854, 0.452069, -0.015188),
      ["RightUpperLeg"] = CFrame.new(-0.000025, -0.000126, -0.004998, 0.969415, -0.024929, -0.244158, 0.069208, 0.982224, 0.174488, 0.235468, -0.186049, 0.953908),
      ["UpperTorso"] = CFrame.new(0.000000, -0.000000, -0.000000, 0.969390, 0.241221, 0.045783, -0.243373, 0.968677, 0.049338, -0.032448, -0.058970, 0.997732)
    }},
    {Time = 6.633, Data = {
      ["Head"] = CFrame.new(-0.000000, 0.000000, 0.000000, 0.925806, 0.179882, 0.332454, -0.238891, 0.960037, 0.145806, -0.292940, -0.214408, 0.931781),
      ["LeftFoot"] = CFrame.new(-0.000000, -0.000000, 0.000000, 0.981943, -0.177310, 0.065946, 0.172543, 0.982360, 0.072086, -0.077565, -0.059407, 0.995216),
      ["LeftHand"] = CFrame.new(0.000000, -0.000000, 0.000000, 0.159286, -0.757611, -0.632973, 0.754340, 0.507014, -0.417023, 0.636867, -0.411051, 0.652256),
      ["LeftLowerArm"] = CFrame.new(0.000000, 0.000000, 0.000000, 1.000000, -0.000000, 0.000000, 0.000000, 0.344498, -0.938787, 0.000000, 0.938787, 0.344497),
      ["LeftLowerLeg"] = CFrame.new(0.000000, 0.000000, 0.000000, 1.000000, 0.000000, -0.000000, -0.000000, 0.999994, 0.003572, 0.000000, -0.003572, 0.999994),
      ["LeftUpperArm"] = CFrame.new(0.000000, -0.065238, -0.000000, 0.077556, -0.155054, -0.984857, -0.446158, 0.878002, -0.173365, 0.891587, 0.452848, -0.001084),
      ["LeftUpperLeg"] = CFrame.new(0.000026, 0.000125, 0.004998, 0.748169, 0.604258, 0.274074, -0.622391, 0.782284, -0.025712, -0.229941, -0.151343, 0.961365),
      ["LowerTorso"] = CFrame.new(0.195052, 0.039959, 0.085039, 0.887990, -0.216973, -0.405459, 0.208829, 0.975801, -0.064822, 0.409712, -0.027110, 0.911812),
      ["RightFoot"] = CFrame.new(-0.000000, 0.000000, 0.000000, 0.956584, 0.250749, 0.148563, -0.240693, 0.967090, -0.082490, -0.164358, 0.043151, 0.985456),
      ["RightHand"] = CFrame.new(0.000000, 0.000000, 0.000000, 0.447355, -0.785640, 0.427365, 0.893055, 0.418178, -0.166081, -0.048231, 0.455958, 0.888693),
      ["RightLowerArm"] = CFrame.new(-0.000000, 0.000000, 0.000000, 1.000000, 0.000001, -0.000000, 0.000001, 0.076212, -0.997092, 0.000001, 0.997092, 0.076209),
      ["RightLowerLeg"] = CFrame.new(-0.000000, -0.000000, 0.000000, 1.000000, 0.000000, 0.000000, -0.000000, 0.999999, 0.001279, -0.000000, -0.001279, 0.999999),
      ["RightUpperArm"] = CFrame.new(-0.000000, -0.065238, 0.000000, -0.083255, -0.131529, 0.987810, 0.444242, 0.882408, 0.154936, -0.892030, 0.451726, -0.015034),
      ["RightUpperLeg"] = CFrame.new(-0.000025, -0.000126, -0.004997, 0.969400, -0.024608, -0.244249, 0.068786, 0.982336, 0.174025, 0.235652, -0.185501, 0.953969),
      ["UpperTorso"] = CFrame.new(0.000000, 0.000000, -0.000000, 0.969397, 0.241230, 0.045591, -0.243352, 0.968711, 0.048759, -0.032402, -0.058362, 0.997770)
    }},
    {Time = 6.667, Data = {
      ["Head"] = CFrame.new(-0.000000, 0.000000, -0.000000, 0.924549, 0.178643, 0.336594, -0.237733, 0.960731, 0.143103, -0.297812, -0.212325, 0.930713),
      ["LeftFoot"] = CFrame.new(-0.000000, 0.000000, 0.000000, 0.981920, -0.177447, 0.065923, 0.172659, 0.982319, 0.072366, -0.077599, -0.059676, 0.995197),
      ["LeftHand"] = CFrame.new(0.000000, 0.000000, 0.000000, 0.158977, -0.757499, -0.633184, 0.753797, 0.507306, -0.417648, 0.637586, -0.410896, 0.651651),
      ["LeftLowerArm"] = CFrame.new(-0.000000, 0.000000, 0.000000, 1.000000, -0.000000, -0.000000, 0.000000, 0.344498, -0.938787, 0.000000, 0.938787, 0.344498),
      ["LeftLowerLeg"] = CFrame.new(0.000000, -0.000000, 0.000000, 1.000000, -0.000000, 0.000000, -0.000000, 0.999994, 0.003567, -0.000000, -0.003567, 0.999994),
      ["LeftUpperArm"] = CFrame.new(0.000000, -0.065238, 0.000000, 0.077595, -0.155060, -0.984853, -0.445931, 0.878113, -0.173388, 0.891698, 0.452631, -0.001009),
      ["LeftUpperLeg"] = CFrame.new(0.000025, 0.000125, 0.004997, 0.748025, 0.604554, 0.273813, -0.622498, 0.782177, -0.026382, -0.230119, -0.150712, 0.961421),
      ["LowerTorso"] = CFrame.new(0.195255, 0.039940, 0.085468, 0.888007, -0.216910, -0.405454, 0.208977, 0.975801, -0.064341, 0.409599, -0.027595, 0.911848),
      ["RightFoot"] = CFrame.new(-0.000000, 0.000000, -0.000000, 0.956624, 0.250593, 0.148569, -0.240522, 0.967126, -0.082564, -0.164376, 0.043249, 0.985449),
      ["RightHand"] = CFrame.new(0.000000, -0.000000, 0.000000, 0.447599, -0.785465, 0.427431, 0.892914, 0.418544, -0.165918, -0.048573, 0.455924, 0.888692),
      ["RightLowerArm"] = CFrame.new(0.000000, 0.000000, 0.000000, 1.000000, 0.000001, -0.000000, 0.000001, 0.075987, -0.997109, 0.000001, 0.997109, 0.075984),
      ["RightLowerLeg"] = CFrame.new(0.000000, 0.000000, 0.000000, 1.000000, 0.000000, -0.000000, -0.000000, 0.999999, 0.001278, 0.000000, -0.001278, 0.999999),
      ["RightUpperArm"] = CFrame.new(-0.000000, -0.065238, -0.000000, -0.082992, -0.131442, 0.987844, 0.443972, 0.882579, 0.154735, -0.892189, 0.451417, -0.014891),
      ["RightUpperLeg"] = CFrame.new(-0.000025, -0.000126, -0.004997, 0.969383, -0.024285, -0.244349, 0.068356, 0.982454, 0.173530, 0.235847, -0.184920, 0.954034),
      ["UpperTorso"] = CFrame.new(0.000000, -0.000000, 0.000000, 0.969398, 0.241262, 0.045392, -0.243352, 0.968743, 0.048135, -0.032360, -0.057708, 0.997809)
    }},
    {Time = 6.700, Data = {
      ["Head"] = CFrame.new(-0.000000, -0.000000, -0.000000, 0.923276, 0.177422, 0.340710, -0.236662, 0.961349, 0.140708, -0.302577, -0.210546, 0.929579),
      ["LeftFoot"] = CFrame.new(-0.000000, 0.000000, 0.000000, 0.981896, -0.177589, 0.065899, 0.172779, 0.982275, 0.072681, -0.077638, -0.059980, 0.995176),
      ["LeftHand"] = CFrame.new(-0.000000, 0.000000, -0.000000, 0.158606, -0.757360, -0.633442, 0.753167, 0.507646, -0.418372, 0.638423, -0.410732, 0.650934),
      ["LeftLowerArm"] = CFrame.new(0.000000, -0.000000, -0.000000, 1.000000, -0.000000, -0.000000, 0.000000, 0.344498, -0.938787, 0.000000, 0.938787, 0.344498),
      ["LeftLowerLeg"] = CFrame.new(-0.000000, 0.000000, 0.000000, 1.000000, -0.000000, -0.000000, -0.000000, 0.999994, 0.003560, 0.000000, -0.003560, 0.999994),
      ["LeftUpperArm"] = CFrame.new(-0.000000, -0.065238, 0.000000, 0.077630, -0.155077, -0.984848, -0.445692, 0.878228, -0.173420, 0.891814, 0.452401, -0.000940),
      ["LeftUpperLeg"] = CFrame.new(0.000025, 0.000126, 0.004997, 0.747880, 0.604859, 0.273535, -0.622600, 0.782071, -0.027097, -0.230314, -0.150037, 0.961480),
      ["LowerTorso"] = CFrame.new(0.195434, 0.039914, 0.085894, 0.888035, -0.216839, -0.405433, 0.209120, 0.975803, -0.063847, 0.409467, -0.028086, 0.911892),
      ["RightFoot"] = CFrame.new(-0.000000, 0.000000, 0.000000, 0.956665, 0.250437, 0.148570, -0.240350, 0.967161, -0.082652, -0.164391, 0.043362, 0.985442),
      ["RightHand"] = CFrame.new(-0.000000, 0.000000, 0.000000, 0.447812, -0.785319, 0.427476, 0.892791, 0.418871, -0.165756, -0.048882, 0.455874, 0.888701),
      ["RightLowerArm"] = CFrame.new(0.000000, 0.000000, 0.000000, 1.000000, 0.000001, -0.000000, 0.000001, 0.075767, -0.997126, 0.000001, 0.997126, 0.075764),
      ["RightLowerLeg"] = CFrame.new(0.000000, 0.000000, -0.000000, 1.000000, 0.000000, 0.000000, -0.000000, 0.999999, 0.001278, -0.000000, -0.001278, 0.999999),
      ["RightUpperArm"] = CFrame.new(0.000000, -0.065238, 0.000000, -0.082768, -0.131387, 0.987870, 0.443758, 0.882714, 0.154581, -0.892316, 0.451169, -0.014756),
      ["RightUpperLeg"] = CFrame.new(-0.000026, -0.000125, -0.004998, 0.969365, -0.023962, -0.244454, 0.067926, 0.982571, 0.173031, 0.236047, -0.184335, 0.954098),
      ["UpperTorso"] = CFrame.new(-0.000000, -0.000000, 0.000000, 0.969397, 0.241304, 0.045190, -0.243362, 0.968771, 0.047511, -0.032314, -0.057055, 0.997848)
    }},
    {Time = 6.733, Data = {
      ["Head"] = CFrame.new(0.000000, -0.000000, -0.000000, 0.922117, 0.176521, 0.344298, -0.235860, 0.961859, 0.138552, -0.306709, -0.208967, 0.928581),
      ["LeftFoot"] = CFrame.new(-0.000000, 0.000000, -0.000000, 0.981874, -0.177721, 0.065877, 0.172889, 0.982233, 0.072983, -0.077677, -0.060271, 0.995155),
      ["LeftHand"] = CFrame.new(-0.000000, 0.000000, 0.000000, 0.158200, -0.757219, -0.633714, 0.752463, 0.508019, -0.419184, 0.639353, -0.410532, 0.650147),
      ["LeftLowerArm"] = CFrame.new(0.000000, -0.000000, 0.000000, 1.000000, 0.000000, -0.000000, 0.000000, 0.344498, -0.938787, 0.000000, 0.938787, 0.344499),
      ["LeftLowerLeg"] = CFrame.new(0.000000, 0.000000, -0.000000, 1.000000, -0.000000, 0.000000, 0.000000, 0.999994, 0.003554, -0.000000, -0.003554, 0.999994),
      ["LeftUpperArm"] = CFrame.new(0.000000, -0.065238, 0.000000, 0.077669, -0.155091, -0.984842, -0.445485, 0.878327, -0.173450, 0.891914, 0.452204, -0.000872),
      ["LeftUpperLeg"] = CFrame.new(0.000026, 0.000126, 0.004997, 0.747744, 0.605150, 0.273264, -0.622692, 0.781973, -0.027800, -0.230509, -0.149371, 0.961537),
      ["LowerTorso"] = CFrame.new(0.195639, 0.039887, 0.086323, 0.888059, -0.216759, -0.405423, 0.209265, 0.975806, -0.063327, 0.409341, -0.028604, 0.911933),
      ["RightFoot"] = CFrame.new(0.000000, 0.000000, 0.000000, 0.956706, 0.250278, 0.148570, -0.240174, 0.967197, -0.082748, -0.164406, 0.043483, 0.985434),
      ["RightHand"] = CFrame.new(-0.000000, 0.000000, 0.000000, 0.447971, -0.785241, 0.427452, 0.892697, 0.419141, -0.165582, -0.049137, 0.455761, 0.888745),
      ["RightLowerArm"] = CFrame.new(0.000000, 0.000001, -0.000000, 1.000000, 0.000001, -0.000000, 0.000001, 0.075547, -0.997142, 0.000001, 0.997142, 0.075544),
      ["RightLowerLeg"] = CFrame.new(0.000000, 0.000000, -0.000000, 1.000000, 0.000000, 0.000000, -0.000000, 0.999999, 0.001278, -0.000000, -0.001278, 0.999999),
      ["RightUpperArm"] = CFrame.new(-0.000000, -0.065238, -0.000000, -0.082648, -0.131330, 0.987888, 0.443567, 0.882829, 0.154473, -0.892422, 0.450961, -0.014710),
      ["RightUpperLeg"] = CFrame.new(-0.000026, -0.000125, -0.004997, 0.969346, -0.023620, -0.244561, 0.067477, 0.982690, 0.172534, 0.236253, -0.183747, 0.954160),
      ["UpperTorso"] = CFrame.new(-0.000000, 0.000000, 0.000000, 0.969398, 0.241341, 0.044975, -0.243367, 0.968801, 0.046867, -0.032261, -0.056378, 0.997888)
    }},
    {Time = 6.767, Data = {
      ["Head"] = CFrame.new(0.000000, 0.000000, 0.000000, 0.921180, 0.175937, 0.347094, -0.235235, 0.962301, 0.136531, -0.309988, -0.207418, 0.927839),
      ["LeftFoot"] = CFrame.new(0.000000, -0.000000, 0.000000, 0.981848, -0.177873, 0.065855, 0.173018, 0.982188, 0.073284, -0.077717, -0.060560, 0.995135),
      ["LeftHand"] = CFrame.new(-0.000000, -0.000000, -0.000000, 0.157767, -0.757059, -0.634013, 0.751681, 0.508444, -0.420073, 0.640379, -0.410301, 0.649282),
      ["LeftLowerArm"] = CFrame.new(0.000000, -0.000001, 0.000000, 1.000000, 0.000000, -0.000000, 0.000000, 0.344498, -0.938787, 0.000000, 0.938787, 0.344498),
      ["LeftLowerLeg"] = CFrame.new(0.000000, 0.000000, -0.000000, 1.000000, -0.000000, -0.000000, 0.000000, 0.999994, 0.003549, 0.000000, -0.003549, 0.999994),
      ["LeftUpperArm"] = CFrame.new(-0.000000, -0.065238, 0.000000, 0.077716, -0.155109, -0.984836, -0.445291, 0.878418, -0.173488, 0.892007, 0.452021, -0.000801),
      ["LeftUpperLeg"] = CFrame.new(0.000026, 0.000125, 0.004998, 0.747614, 0.605437, 0.272984, -0.622773, 0.781882, -0.028521, -0.230709, -0.148684, 0.961596),
      ["LowerTorso"] = CFrame.new(0.195817, 0.039860, 0.086748, 0.888086, -0.216667, -0.405413, 0.209409, 0.975811, -0.062778, 0.409208, -0.029145, 0.911975),
      ["RightFoot"] = CFrame.new(-0.000000, 0.000000, 0.000000, 0.956749, 0.250111, 0.148573, -0.239986, 0.967234, -0.082859, -0.164430, 0.043620, 0.985424),
      ["RightHand"] = CFrame.new(-0.000000, -0.000000, -0.000000, 0.448091, -0.785234, 0.427340, 0.892624, 0.419379, -0.165368, -0.049362, 0.455554, 0.888838),
      ["RightLowerArm"] = CFrame.new(-0.000000, -0.000000, -0.000000, 1.000000, 0.000001, -0.000001, 0.000001, 0.075284, -0.997162, 0.000001, 0.997162, 0.075281),
      ["RightLowerLeg"] = CFrame.new(-0.000000, 0.000000, 0.000000, 1.000000, -0.000000, 0.000000, -0.000000, 0.999999, 0.001278, -0.000000, -0.001278, 0.999999),
      ["RightUpperArm"] = CFrame.new(-0.000000, -0.065238, -0.000000, -0.082591, -0.131301, 0.987896, 0.443466, 0.882889, 0.154419, -0.892478, 0.450852, -0.014691),
      ["RightUpperLeg"] = CFrame.new(-0.000026, -0.000126, -0.004997, 0.969325, -0.023266, -0.244677, 0.067012, 0.982813, 0.172012, 0.236470, -0.183132, 0.954225),
      ["UpperTorso"] = CFrame.new(0.000000, -0.000000, 0.000000, 0.969396, 0.241387, 0.044771, -0.243381, 0.968828, 0.046241, -0.032213, -0.055722, 0.997927)
    }},
    {Time = 6.800, Data = {
      ["Head"] = CFrame.new(0.000000, -0.000000, 0.000000, 0.920392, 0.175381, 0.349459, -0.234543, 0.962747, 0.134564, -0.312840, -0.205815, 0.927239),
      ["LeftFoot"] = CFrame.new(-0.000000, 0.000000, -0.000000, 0.981821, -0.178029, 0.065826, 0.173152, 0.982141, 0.073596, -0.077752, -0.060861, 0.995113),
      ["LeftHand"] = CFrame.new(-0.000000, 0.000000, 0.000000, 0.157278, -0.756875, -0.634353, 0.750837, 0.508898, -0.421031, 0.641488, -0.410077, 0.648328),
      ["LeftLowerArm"] = CFrame.new(-0.000000, 0.000000, 0.000000, 1.000000, -0.000000, -0.000000, 0.000000, 0.344498, -0.938787, -0.000000, 0.938787, 0.344498),
      ["LeftLowerLeg"] = CFrame.new(0.000000, 0.000000, 0.000000, 1.000000, 0.000000, 0.000000, 0.000000, 0.999994, 0.003542, -0.000000, -0.003542, 0.999994),
      ["LeftUpperArm"] = CFrame.new(0.000000, -0.065238, 0.000000, 0.077766, -0.155147, -0.984826, -0.445073, 0.878517, -0.173544, 0.892111, 0.451816, -0.000733),
      ["LeftUpperLeg"] = CFrame.new(0.000025, 0.000125, 0.004997, 0.747468, 0.605748, 0.272692, -0.622872, 0.781775, -0.029269, -0.230914, -0.147975, 0.961656),
      ["LowerTorso"] = CFrame.new(0.196023, 0.039834, 0.087188, 0.888118, -0.216567, -0.405395, 0.209548, 0.975816, -0.062223, 0.409066, -0.029689, 0.912022),
      ["RightFoot"] = CFrame.new(0.000000, 0.000000, 0.000000, 0.956792, 0.249946, 0.148577, -0.239801, 0.967271, -0.082967, -0.164452, 0.043754, 0.985414),
      ["RightHand"] = CFrame.new(0.000000, 0.000000, -0.000000, 0.448168, -0.785288, 0.427158, 0.892576, 0.419571, -0.165143, -0.049534, 0.455283, 0.888968),
      ["RightLowerArm"] = CFrame.new(-0.000000, 0.000000, 0.000000, 1.000000, 0.000001, -0.000001, 0.000001, 0.075003, -0.997184, 0.000001, 0.997183, 0.074999),
      ["RightLowerLeg"] = CFrame.new(0.000000, -0.000000, -0.000000, 1.000000, 0.000000, -0.000000, -0.000000, 0.999999, 0.001278, -0.000000, -0.001278, 0.999999),
      ["RightUpperArm"] = CFrame.new(0.000000, -0.065238, -0.000000, -0.082583, -0.131290, 0.987898, 0.443444, 0.882902, 0.154406, -0.892489, 0.450829, -0.014693),
      ["RightUpperLeg"] = CFrame.new(-0.000026, -0.000126, -0.004998, 0.969302, -0.022932, -0.244801, 0.066562, 0.982939, 0.171468, 0.236692, -0.182499, 0.954291),
      ["UpperTorso"] = CFrame.new(-0.000000, 0.000000, -0.000000, 0.969390, 0.241448, 0.044568, -0.243409, 0.968851, 0.045603, -0.032169, -0.055055, 0.997965)
    }},
    {Time = 6.833, Data = {
      ["Head"] = CFrame.new(0.000000, -0.000000, -0.000000, 0.919682, 0.174680, 0.351670, -0.233677, 0.963222, 0.132659, -0.315564, -0.204181, 0.926677),
      ["LeftFoot"] = CFrame.new(-0.000000, -0.000000, 0.000000, 0.981796, -0.178181, 0.065793, 0.173281, 0.982095, 0.073916, -0.077785, -0.061171, 0.995092),
      ["LeftHand"] = CFrame.new(0.000000, 0.000000, 0.000000, 0.156765, -0.756692, -0.634698, 0.749948, 0.509370, -0.422044, 0.642653, -0.409829, 0.647331),
      ["LeftLowerArm"] = CFrame.new(0.000000, 0.000000, 0.000000, 1.000000, -0.000000, -0.000000, 0.000000, 0.344498, -0.938787, 0.000000, 0.938787, 0.344498),
      ["LeftLowerLeg"] = CFrame.new(-0.000000, 0.000000, 0.000000, 1.000000, 0.000000, 0.000000, -0.000000, 0.999994, 0.003537, 0.000000, -0.003537, 0.999994),
      ["LeftUpperArm"] = CFrame.new(-0.000000, -0.065238, 0.000000, 0.077810, -0.155173, -0.984818, -0.444886, 0.878603, -0.173587, 0.892200, 0.451639, -0.000670),
      ["LeftUpperLeg"] = CFrame.new(0.000025, 0.000126, 0.004997, 0.747329, 0.606048, 0.272406, -0.622962, 0.781676, -0.030011, -0.231121, -0.147270, 0.961714),
      ["LowerTorso"] = CFrame.new(0.196203, 0.039814, 0.087617, 0.888156, -0.216465, -0.405367, 0.209691, 0.975822, -0.061654, 0.408912, -0.030243, 0.912073),
      ["RightFoot"] = CFrame.new(0.000000, 0.000001, -0.000000, 0.956840, 0.249764, 0.148577, -0.239597, 0.967311, -0.083088, -0.164473, 0.043903, 0.985404),
      ["RightHand"] = CFrame.new(0.000000, 0.000000, 0.000000, 0.448225, -0.785380, 0.426930, 0.892537, 0.419757, -0.164877, -0.049713, 0.454953, 0.889127),
      ["RightLowerArm"] = CFrame.new(0.000000, 0.000000, 0.000000, 1.000000, 0.000001, -0.000000, 0.000001, 0.074717, -0.997205, 0.000001, 0.997205, 0.074715),
      ["RightLowerLeg"] = CFrame.new(0.000000, -0.000000, -0.000000, 1.000000, -0.000000, 0.000000, -0.000000, 0.999999, 0.001279, -0.000000, -0.001279, 0.999999),
      ["RightUpperArm"] = CFrame.new(0.000000, -0.065238, -0.000000, -0.082638, -0.131287, 0.987894, 0.443474, 0.882883, 0.154429, -0.892470, 0.450866, -0.014738),
      ["RightUpperLeg"] = CFrame.new(-0.000026, -0.000126, -0.004998, 0.969280, -0.022588, -0.244921, 0.066107, 0.983061, 0.170943, 0.236911, -0.181883, 0.954354),
      ["UpperTorso"] = CFrame.new(0.000000, -0.000000, -0.000000, 0.969383, 0.241516, 0.044350, -0.243443, 0.968874, 0.044920, -0.032120, -0.054341, 0.998006)
    }},
    {Time = 6.867, Data = {
      ["Head"] = CFrame.new(0.000000, -0.000000, -0.000000, 0.919027, 0.173874, 0.353777, -0.232702, 0.963703, 0.130865, -0.318182, -0.202593, 0.926130),
      ["LeftFoot"] = CFrame.new(-0.000000, 0.000000, -0.000000, 0.981768, -0.178345, 0.065763, 0.173420, 0.982044, 0.074260, -0.077826, -0.061502, 0.995068),
      ["LeftHand"] = CFrame.new(-0.000000, 0.000000, -0.000000, 0.156219, -0.756497, -0.635066, 0.748991, 0.509878, -0.423129, 0.643901, -0.409557, 0.646261),
      ["LeftLowerArm"] = CFrame.new(0.000000, -0.000000, -0.000000, 1.000000, -0.000000, 0.000000, 0.000000, 0.344498, -0.938787, -0.000000, 0.938787, 0.344498),
      ["LeftLowerLeg"] = CFrame.new(0.000000, -0.000000, 0.000000, 1.000000, -0.000000, 0.000000, 0.000000, 0.999994, 0.003530, -0.000000, -0.003530, 0.999994),
      ["LeftUpperArm"] = CFrame.new(0.000000, -0.065238, -0.000000, 0.077860, -0.155224, -0.984806, -0.444693, 0.878688, -0.173656, 0.892293, 0.451457, -0.000612),
      ["LeftUpperLeg"] = CFrame.new(0.000025, 0.000126, 0.004997, 0.747191, 0.606353, 0.272107, -0.623047, 0.781578, -0.030784, -0.231340, -0.146534, 0.961774),
      ["LowerTorso"] = CFrame.new(0.196443, 0.039795, 0.088014, 0.888190, -0.216358, -0.405349, 0.209830, 0.975828, -0.061081, 0.408766, -0.030804, 0.912119),
      ["RightFoot"] = CFrame.new(-0.000000, 0.000000, -0.000000, 0.956886, 0.249587, 0.148578, -0.239398, 0.967350, -0.083204, -0.164493, 0.044048, 0.985394),
      ["RightHand"] = CFrame.new(-0.000000, 0.000000, -0.000000, 0.448281, -0.785487, 0.426674, 0.892498, 0.419961, -0.164572, -0.049914, 0.454581, 0.889306),
      ["RightLowerArm"] = CFrame.new(-0.000000, -0.000000, -0.000000, 1.000000, 0.000001, -0.000000, 0.000001, 0.074397, -0.997229, 0.000001, 0.997229, 0.074393),
      ["RightLowerLeg"] = CFrame.new(0.000000, 0.000000, -0.000000, 1.000000, 0.000000, 0.000000, -0.000000, 0.999999, 0.001279, -0.000000, -0.001279, 0.999999),
      ["RightUpperArm"] = CFrame.new(-0.000000, -0.065238, 0.000000, -0.082705, -0.131306, 0.987886, 0.443557, 0.882833, 0.154478, -0.892422, 0.450960, -0.014773),
      ["RightUpperLeg"] = CFrame.new(-0.000026, -0.000125, -0.004997, 0.969256, -0.022270, -0.245043, 0.065672, 0.983185, 0.170396, 0.237128, -0.181250, 0.954421),
      ["UpperTorso"] = CFrame.new(0.000000, -0.000000, 0.000000, 0.969372, 0.241601, 0.044130, -0.243495, 0.968892, 0.044253, -0.032066, -0.053643, 0.998045)
    }},
    {Time = 6.900, Data = {
      ["Head"] = CFrame.new(0.000000, 0.000000, -0.000000, 0.918412, 0.172989, 0.355801, -0.231667, 0.964176, 0.129210, -0.320703, -0.201096, 0.925586),
      ["LeftFoot"] = CFrame.new(-0.000000, -0.000000, 0.000000, 0.981739, -0.178514, 0.065734, 0.173565, 0.981993, 0.074595, -0.077866, -0.061824, 0.995045),
      ["LeftHand"] = CFrame.new(-0.000000, 0.000000, 0.000000, 0.155639, -0.756285, -0.635460, 0.747971, 0.510421, -0.424276, 0.645226, -0.409272, 0.645120),
      ["LeftLowerArm"] = CFrame.new(0.000000, -0.000000, -0.000000, 1.000000, -0.000000, 0.000000, 0.000000, 0.344498, -0.938787, -0.000000, 0.938787, 0.344498),
      ["LeftLowerLeg"] = CFrame.new(-0.000000, 0.000000, 0.000000, 1.000000, -0.000000, -0.000000, 0.000000, 0.999994, 0.003524, 0.000000, -0.003525, 0.999994),
      ["LeftUpperArm"] = CFrame.new(0.000000, -0.065238, -0.000000, 0.077929, -0.155302, -0.984788, -0.444505, 0.878763, -0.173757, 0.892380, 0.451284, -0.000552),
      ["LeftUpperLeg"] = CFrame.new(0.000026, 0.000125, 0.004997, 0.747045, 0.606661, 0.271822, -0.623145, 0.781470, -0.031528, -0.231548, -0.145832, 0.961831),
      ["LowerTorso"] = CFrame.new(0.196683, 0.039767, 0.088412, 0.888225, -0.216249, -0.405331, 0.209966, 0.975834, -0.060506, 0.408621, -0.031363, 0.912165),
      ["RightFoot"] = CFrame.new(0.000000, 0.000000, 0.000000, 0.956923, 0.249445, 0.148577, -0.239234, 0.967380, -0.083331, -0.164517, 0.044197, 0.985384),
      ["RightHand"] = CFrame.new(-0.000000, 0.000000, 0.000000, 0.448324, -0.785631, 0.426364, 0.892467, 0.420148, -0.164262, -0.050082, 0.454158, 0.889512),
      ["RightLowerArm"] = CFrame.new(0.000000, -0.000000, -0.000000, 1.000000, 0.000001, -0.000001, 0.000001, 0.074037, -0.997256, 0.000001, 0.997256, 0.074033),
      ["RightLowerLeg"] = CFrame.new(0.000000, -0.000000, -0.000000, 1.000000, 0.000000, 0.000000, -0.000000, 0.999999, 0.001279, -0.000000, -0.001279, 0.999999),
      ["RightUpperArm"] = CFrame.new(0.000000, -0.065238, -0.000000, -0.082795, -0.131329, 0.987875, 0.443667, 0.882767, 0.154539, -0.892359, 0.451082, -0.014822),
      ["RightUpperLeg"] = CFrame.new(-0.000026, -0.000126, -0.004997, 0.969232, -0.021931, -0.245169, 0.065214, 0.983312, 0.169840, 0.237352, -0.180603, 0.954488),
      ["UpperTorso"] = CFrame.new(-0.000000, -0.000001, 0.000000, 0.969358, 0.241695, 0.043923, -0.243557, 0.968906, 0.043593, -0.032021, -0.052955, 0.998083)
    }},
    {Time = 6.933, Data = {
      ["Head"] = CFrame.new(0.000000, 0.000000, 0.000000, 0.917879, 0.171998, 0.357651, -0.230549, 0.964634, 0.127782, -0.323024, -0.199745, 0.925072),
      ["LeftFoot"] = CFrame.new(0.000000, -0.000000, -0.000000, 0.981712, -0.178676, 0.065704, 0.173702, 0.981943, 0.074939, -0.077907, -0.062156, 0.995021),
      ["LeftHand"] = CFrame.new(0.000000, 0.000000, 0.000000, 0.155039, -0.756068, -0.635864, 0.746906, 0.510986, -0.425470, 0.646602, -0.408966, 0.643935),
      ["LeftLowerArm"] = CFrame.new(0.000000, -0.000001, 0.000000, 1.000000, -0.000000, 0.000000, 0.000000, 0.344498, -0.938787, -0.000000, 0.938787, 0.344498),
      ["LeftLowerLeg"] = CFrame.new(0.000000, -0.000000, -0.000000, 1.000000, -0.000000, -0.000000, 0.000000, 0.999994, 0.003518, 0.000000, -0.003518, 0.999994),
      ["LeftUpperArm"] = CFrame.new(0.000000, -0.065238, 0.000000, 0.078000, -0.155392, -0.984769, -0.444328, 0.878830, -0.173869, 0.892462, 0.451122, -0.000496),
      ["LeftUpperLeg"] = CFrame.new(0.000026, 0.000126, 0.004997, 0.746913, 0.606958, 0.271522, -0.623222, 0.781377, -0.032300, -0.231766, -0.145093, 0.961890),
      ["LowerTorso"] = CFrame.new(0.196923, 0.039739, 0.088810, 0.888260, -0.216138, -0.405314, 0.210102, 0.975841, -0.059932, 0.408476, -0.031922, 0.912211),
      ["RightFoot"] = CFrame.new(-0.000000, 0.000000, 0.000000, 0.956961, 0.249299, 0.148576, -0.239065, 0.967411, -0.083457, -0.164541, 0.044346, 0.985373),
      ["RightHand"] = CFrame.new(-0.000000, -0.000000, -0.000000, 0.448384, -0.785761, 0.426061, 0.892426, 0.420362, -0.163939, -0.050279, 0.453735, 0.889717),
      ["RightLowerArm"] = CFrame.new(0.000000, -0.000000, 0.000000, 1.000000, 0.000001, -0.000001, 0.000001, 0.073677, -0.997282, 0.000001, 0.997282, 0.073673),
      ["RightLowerLeg"] = CFrame.new(0.000000, 0.000000, -0.000000, 1.000000, 0.000000, 0.000000, 0.000000, 0.999999, 0.001279, 0.000000, -0.001280, 0.999999),
      ["RightUpperArm"] = CFrame.new(-0.000000, -0.065238, 0.000000, -0.082891, -0.131343, 0.987865, 0.443778, 0.882701, 0.154598, -0.892295, 0.451207, -0.014881),
      ["RightUpperLeg"] = CFrame.new(-0.000026, -0.000126, -0.004997, 0.969210, -0.021577, -0.245289, 0.064740, 0.983438, 0.169287, 0.237574, -0.179954, 0.954555),
      ["UpperTorso"] = CFrame.new(0.000000, -0.000000, 0.000000, 0.969338, 0.241811, 0.043719, -0.243642, 0.968912, 0.042986, -0.031966, -0.052319, 0.998119)
    }},
    {Time = 6.967, Data = {
      ["Head"] = CFrame.new(-0.000000, 0.000000, 0.000000, 0.917456, 0.171011, 0.359208, -0.229441, 0.965057, 0.126575, -0.325010, -0.198544, 0.924634),
      ["LeftFoot"] = CFrame.new(0.000000, -0.000000, 0.000000, 0.981687, -0.178821, 0.065676, 0.173822, 0.981896, 0.075275, -0.077947, -0.062481, 0.994998),
      ["LeftHand"] = CFrame.new(-0.000000, 0.000000, 0.000000, 0.154410, -0.755850, -0.636277, 0.745804, 0.511562, -0.426709, 0.648023, -0.408649, 0.642707),
      ["LeftLowerArm"] = CFrame.new(0.000000, 0.000000, 0.000000, 1.000000, -0.000000, -0.000000, 0.000000, 0.344498, -0.938787, -0.000000, 0.938787, 0.344497),
      ["LeftLowerLeg"] = CFrame.new(-0.000000, -0.000000, 0.000000, 1.000000, 0.000000, -0.000000, -0.000000, 0.999994, 0.003512, -0.000000, -0.003512, 0.999994),
      ["LeftUpperArm"] = CFrame.new(-0.000000, -0.065238, 0.000000, 0.078063, -0.155467, -0.984752, -0.444166, 0.878893, -0.173964, 0.892537, 0.450973, -0.000444),
      ["LeftUpperLeg"] = CFrame.new(0.000025, 0.000126, 0.004997, 0.746780, 0.607250, 0.271234, -0.623303, 0.781281, -0.033042, -0.231975, -0.144385, 0.961946),
      ["LowerTorso"] = CFrame.new(0.197163, 0.039711, 0.089208, 0.888292, -0.216029, -0.405302, 0.210234, 0.975847, -0.059365, 0.408337, -0.032476, 0.912253),
      ["RightFoot"] = CFrame.new(-0.000000, 0.000000, 0.000000, 0.957006, 0.249125, 0.148577, -0.238871, 0.967449, -0.083572, -0.164561, 0.044488, 0.985363),
      ["RightHand"] = CFrame.new(0.000000, 0.000000, 0.000000, 0.448473, -0.785867, 0.425773, 0.892368, 0.420610, -0.163611, -0.050505, 0.453322, 0.889915),
      ["RightLowerArm"] = CFrame.new(-0.000000, 0.000000, 0.000000, 1.000000, 0.000001, -0.000000, 0.000000, 0.073316, -0.997309, 0.000001, 0.997309, 0.073313),
      ["RightLowerLeg"] = CFrame.new(-0.000000, -0.000000, -0.000000, 1.000000, 0.000000, -0.000000, -0.000000, 0.999999, 0.001280, -0.000000, -0.001280, 0.999999),
      ["RightUpperArm"] = CFrame.new(0.000000, -0.065238, -0.000000, -0.082976, -0.131365, 0.987855, 0.443893, 0.882632, 0.154658, -0.892230, 0.451335, -0.014926),
      ["RightUpperLeg"] = CFrame.new(-0.000025, -0.000126, -0.004997, 0.969185, -0.021256, -0.245416, 0.064302, 0.983561, 0.168742, 0.237794, -0.179323, 0.954619),
      ["UpperTorso"] = CFrame.new(0.000000, 0.000000, 0.000000, 0.969319, 0.241922, 0.043527, -0.243723, 0.968920, 0.042348, -0.031930, -0.051657, 0.998154)
    }},
    {Time = 7.000, Data = {
      ["Head"] = CFrame.new(0.000000, -0.000000, 0.000000, 0.917175, 0.169925, 0.360437, -0.228272, 0.965447, 0.125713, -0.326621, -0.197578, 0.924274),
      ["LeftFoot"] = CFrame.new(0.000000, -0.000000, -0.000000, 0.981666, -0.178947, 0.065654, 0.173925, 0.981854, 0.075583, -0.077988, -0.062779, 0.994976),
      ["LeftHand"] = CFrame.new(0.000000, 0.000000, 0.000000, 0.153760, -0.755619, -0.636709, 0.744657, 0.512165, -0.427987, 0.649495, -0.408322, 0.641427),
      ["LeftLowerArm"] = CFrame.new(0.000000, 0.000000, -0.000000, 1.000000, -0.000000, 0.000000, 0.000000, 0.344498, -0.938787, 0.000000, 0.938787, 0.344498),
      ["LeftLowerLeg"] = CFrame.new(-0.000000, 0.000000, 0.000000, 1.000000, -0.000000, -0.000000, -0.000000, 0.999994, 0.003505, -0.000000, -0.003505, 0.999994),
      ["LeftUpperArm"] = CFrame.new(0.000000, -0.065238, 0.000000, 0.078142, -0.155573, -0.984729, -0.444006, 0.878948, -0.174095, 0.892610, 0.450829, -0.000393),
      ["LeftUpperLeg"] = CFrame.new(0.000025, 0.000126, 0.004997, 0.746646, 0.607548, 0.270935, -0.623380, 0.781186, -0.033822, -0.232200, -0.143642, 0.962003),
      ["LowerTorso"] = CFrame.new(0.197403, 0.039688, 0.089606, 0.888324, -0.215920, -0.405290, 0.210364, 0.975853, -0.058808, 0.408201, -0.033018, 0.912295),
      ["RightFoot"] = CFrame.new(-0.000000, 0.000000, 0.000000, 0.957052, 0.248951, 0.148578, -0.238674, 0.967487, -0.083688, -0.164581, 0.044633, 0.985353),
      ["RightHand"] = CFrame.new(-0.000000, 0.000000, 0.000000, 0.448577, -0.785957, 0.425496, 0.892303, 0.420877, -0.163285, -0.050743, 0.452917, 0.890108),
      ["RightLowerArm"] = CFrame.new(0.000000, 0.000000, -0.000000, 1.000000, 0.000001, -0.000001, 0.000001, 0.072935, -0.997337, 0.000001, 0.997337, 0.072932),
      ["RightLowerLeg"] = CFrame.new(0.000000, 0.000000, 0.000000, 1.000000, 0.000000, 0.000000, -0.000000, 0.999999, 0.001280, -0.000000, -0.001280, 0.999999),
      ["RightUpperArm"] = CFrame.new(0.000000, -0.065238, 0.000000, -0.083013, -0.131391, 0.987849, 0.444018, 0.882562, 0.154700, -0.892164, 0.451464, -0.014924),
      ["RightUpperLeg"] = CFrame.new(-0.000026, -0.000126, -0.004997, 0.969161, -0.020932, -0.245537, 0.063865, 0.983679, 0.168215, 0.238009, -0.178708, 0.954681),
      ["UpperTorso"] = CFrame.new(-0.000000, -0.000000, -0.000000, 0.969300, 0.242035, 0.043332, -0.243806, 0.968926, 0.041724, -0.031887, -0.051008, 0.998189)
    }},
    {Time = 7.033, Data = {
      ["Head"] = CFrame.new(-0.000000, 0.000000, -0.000000, 0.917021, 0.168807, 0.361355, -0.227093, 0.965801, 0.125127, -0.327875, -0.196806, 0.923994),
      ["LeftFoot"] = CFrame.new(0.000000, -0.000000, 0.000000, 0.981637, -0.179112, 0.065633, 0.174069, 0.981806, 0.075871, -0.078029, -0.063053, 0.994955),
      ["LeftHand"] = CFrame.new(0.000000, 0.000000, -0.000000, 0.153083, -0.755373, -0.637164, 0.743470, 0.512790, -0.429300, 0.651013, -0.407993, 0.640096),
      ["LeftLowerArm"] = CFrame.new(0.000000, -0.000000, 0.000000, 1.000000, -0.000000, -0.000000, 0.000000, 0.344498, -0.938787, 0.000000, 0.938787, 0.344497),
      ["LeftLowerLeg"] = CFrame.new(0.000000, 0.000000, -0.000000, 1.000000, 0.000000, 0.000000, 0.000000, 0.999994, 0.003500, -0.000000, -0.003500, 0.999994),
      ["LeftUpperArm"] = CFrame.new(-0.000000, -0.065238, -0.000000, 0.078228, -0.155697, -0.984702, -0.443862, 0.878991, -0.174244, 0.892674, 0.450703, -0.000346),
      ["LeftUpperLeg"] = CFrame.new(0.000025, 0.000126, 0.004997, 0.746511, 0.607836, 0.270662, -0.623468, 0.781086, -0.034530, -0.232400, -0.142972, 0.962055),
      ["LowerTorso"] = CFrame.new(0.197593, 0.039670, 0.089996, 0.888362, -0.215814, -0.405263, 0.210494, 0.975858, -0.058254, 0.408051, -0.033555, 0.912342),
      ["RightFoot"] = CFrame.new(0.000000, 0.000000, 0.000000, 0.957097, 0.248776, 0.148575, -0.238478, 0.967525, -0.083807, -0.164600, 0.044780, 0.985343),
      ["RightHand"] = CFrame.new(-0.000000, 0.000000, -0.000000, 0.448721, -0.786021, 0.425226, 0.892211, 0.421222, -0.162892, -0.051075, 0.452485, 0.890308),
      ["RightLowerArm"] = CFrame.new(-0.000000, -0.000000, 0.000000, 1.000000, 0.000001, -0.000000, 0.000001, 0.072514, -0.997368, 0.000001, 0.997367, 0.072511),
      ["RightLowerLeg"] = CFrame.new(-0.000000, -0.000000, 0.000000, 1.000000, 0.000000, 0.000000, -0.000000, 0.999999, 0.001280, -0.000000, -0.001280, 0.999999),
      ["RightUpperArm"] = CFrame.new(-0.000000, -0.065237, -0.000000, -0.082999, -0.131428, 0.987845, 0.444154, 0.882489, 0.154729, -0.892098, 0.451598, -0.014871),
      ["RightUpperLeg"] = CFrame.new(-0.000026, -0.000126, -0.004998, 0.969136, -0.020610, -0.245664, 0.063424, 0.983803, 0.167658, 0.238230, -0.178065, 0.954746),
      ["UpperTorso"] = CFrame.new(-0.000000, 0.000000, -0.000000, 0.969268, 0.242193, 0.043144, -0.243937, 0.968916, 0.041172, -0.031832, -0.050431, 0.998220)
    }},
    {Time = 7.067, Data = {
      ["Head"] = CFrame.new(-0.000000, -0.000000, 0.000000, 0.916957, 0.167626, 0.362065, -0.225838, 0.966157, 0.124649, -0.328917, -0.196065, 0.923781),
      ["LeftFoot"] = CFrame.new(0.000000, 0.000000, 0.000000, 0.981609, -0.179274, 0.065612, 0.174209, 0.981759, 0.076162, -0.078069, -0.063331, 0.994934),
      ["LeftHand"] = CFrame.new(0.000000, -0.000000, -0.000000, 0.152394, -0.755129, -0.637619, 0.742259, 0.513421, -0.430639, 0.652555, -0.407651, 0.638743),
      ["LeftLowerArm"] = CFrame.new(0.000000, -0.000001, 0.000000, 1.000000, -0.000000, 0.000000, 0.000000, 0.344498, -0.938787, -0.000000, 0.938787, 0.344498),
      ["LeftLowerLeg"] = CFrame.new(0.000000, -0.000000, -0.000000, 1.000000, -0.000000, -0.000000, -0.000000, 0.999994, 0.003494, -0.000000, -0.003494, 0.999994),
      ["LeftUpperArm"] = CFrame.new(-0.000000, -0.065237, -0.000000, 0.078349, -0.155896, -0.984661, -0.443725, 0.879014, -0.174476, 0.892732, 0.450589, -0.000305),
      ["LeftUpperLeg"] = CFrame.new(0.000025, 0.000125, 0.004997, 0.746382, 0.608115, 0.270388, -0.623546, 0.780991, -0.035241, -0.232602, -0.142296, 0.962106),
      ["LowerTorso"] = CFrame.new(0.197737, 0.039642, 0.090380, 0.888393, -0.215706, -0.405251, 0.210619, 0.975863, -0.057708, 0.407918, -0.034086, 0.912382),
      ["RightFoot"] = CFrame.new(0.000000, 0.000000, -0.000000, 0.957143, 0.248600, 0.148573, -0.238279, 0.967563, -0.083938, -0.164621, 0.044939, 0.985333),
      ["RightHand"] = CFrame.new(-0.000000, 0.000000, 0.000000, 0.448874, -0.786102, 0.424915, 0.892115, 0.421583, -0.162485, -0.051403, 0.452009, 0.890531),
      ["RightLowerArm"] = CFrame.new(-0.000000, 0.000000, 0.000000, 1.000000, 0.000001, -0.000000, 0.000001, 0.072074, -0.997400, 0.000001, 0.997399, 0.072070),
      ["RightLowerLeg"] = CFrame.new(0.000000, 0.000000, -0.000000, 1.000000, -0.000000, -0.000000, 0.000000, 0.999999, 0.001281, 0.000000, -0.001281, 0.999999),
      ["RightUpperArm"] = CFrame.new(0.000000, -0.065238, 0.000000, -0.083017, -0.131502, 0.987834, 0.444326, 0.882389, 0.154806, -0.892010, 0.451771, -0.014824),
      ["RightUpperLeg"] = CFrame.new(-0.000026, -0.000126, -0.004997, 0.969113, -0.020283, -0.245781, 0.062988, 0.983917, 0.167151, 0.238437, -0.177470, 0.954805),
      ["UpperTorso"] = CFrame.new(-0.000000, 0.000000, -0.000000, 0.969220, 0.242418, 0.042971, -0.244135, 0.968891, 0.040586, -0.031796, -0.049827, 0.998252)
    }},
    {Time = 7.100, Data = {
      ["Head"] = CFrame.new(0.000000, 0.000000, -0.000000, 0.916968, 0.165827, 0.362865, -0.223889, 0.966694, 0.124001, -0.330217, -0.194946, 0.923554),
      ["LeftFoot"] = CFrame.new(-0.000000, 0.000000, -0.000000, 0.981572, -0.179491, 0.065573, 0.174394, 0.981691, 0.076606, -0.078123, -0.063760, 0.994903),
      ["LeftHand"] = CFrame.new(-0.000000, 0.000000, 0.000000, 0.151447, -0.754798, -0.638236, 0.740589, 0.514287, -0.432478, 0.654669, -0.407172, 0.636882),
      ["LeftLowerArm"] = CFrame.new(0.000000, -0.000000, -0.000000, 1.000000, -0.000000, -0.000000, 0.000000, 0.344499, -0.938787, -0.000000, 0.938787, 0.344497),
      ["LeftLowerLeg"] = CFrame.new(0.000000, 0.000000, 0.000000, 1.000000, -0.000000, 0.000000, 0.000000, 0.999994, 0.003487, 0.000000, -0.003487, 0.999994),
      ["LeftUpperArm"] = CFrame.new(0.000000, -0.065238, 0.000000, 0.078560, -0.156273, -0.984585, -0.443573, 0.879005, -0.174908, 0.892788, 0.450476, -0.000264),
      ["LeftUpperLeg"] = CFrame.new(0.000026, 0.000126, 0.004997, 0.746213, 0.608486, 0.270021, -0.623648, 0.780867, -0.036191, -0.232873, -0.141391, 0.962174),
      ["LowerTorso"] = CFrame.new(0.198067, 0.039605, 0.090852, 0.888437, -0.215556, -0.405234, 0.210779, 0.975871, -0.056980, 0.407739, -0.034793, 0.912435),
      ["RightFoot"] = CFrame.new(0.000000, 0.000000, 0.000000, 0.957204, 0.248367, 0.148575, -0.238015, 0.967614, -0.084103, -0.164651, 0.045141, 0.985318),
      ["RightHand"] = CFrame.new(0.000000, 0.000000, 0.000000, 0.449116, -0.786241, 0.424401, 0.891965, 0.422139, -0.161863, -0.051890, 0.451247, 0.890889),
      ["RightLowerArm"] = CFrame.new(0.000000, -0.000000, -0.000000, 1.000000, 0.000001, -0.000000, 0.000001, 0.071389, -0.997449, 0.000001, 0.997449, 0.071385),
      ["RightLowerLeg"] = CFrame.new(0.000000, 0.000000, -0.000000, 1.000000, 0.000000, -0.000000, -0.000000, 0.999999, 0.001281, -0.000000, -0.001281, 0.999999),
      ["RightUpperArm"] = CFrame.new(-0.000000, -0.065238, 0.000000, -0.083107, -0.131692, 0.987801, 0.444686, 0.882169, 0.155023, -0.891823, 0.452144, -0.014753),
      ["RightUpperLeg"] = CFrame.new(-0.000025, -0.000125, -0.004997, 0.969082, -0.019862, -0.245937, 0.062418, 0.984070, 0.166467, 0.238712, -0.176671, 0.954884),
      ["UpperTorso"] = CFrame.new(-0.000000, 0.000000, 0.000000, 0.969122, 0.242847, 0.042753, -0.244530, 0.968822, 0.039865, -0.031739, -0.049088, 0.998290)
    }},
    {Time = 7.133, Data = {
      ["Head"] = CFrame.new(0.000000, 0.000000, -0.000000, 0.917018, 0.163960, 0.363586, -0.221848, 0.967247, 0.123354, -0.331452, -0.193778, 0.923358),
      ["LeftFoot"] = CFrame.new(-0.000000, 0.000000, 0.000000, 0.981534, -0.179714, 0.065534, 0.174585, 0.981622, 0.077056, -0.078177, -0.064193, 0.994871),
      ["LeftHand"] = CFrame.new(0.000000, 0.000000, -0.000000, 0.150486, -0.754464, -0.638858, 0.738901, 0.515156, -0.434327, 0.656795, -0.406692, 0.634997),
      ["LeftLowerArm"] = CFrame.new(-0.000000, 0.000000, 0.000000, 1.000000, 0.000000, -0.000000, 0.000000, 0.344498, -0.938787, 0.000000, 0.938787, 0.344498),
      ["LeftLowerLeg"] = CFrame.new(0.000000, -0.000000, 0.000000, 1.000000, 0.000000, 0.000000, 0.000000, 0.999994, 0.003479, -0.000000, -0.003479, 0.999994),
      ["LeftUpperArm"] = CFrame.new(0.000000, -0.065238, 0.000000, 0.078784, -0.156682, -0.984502, -0.443430, 0.878985, -0.175374, 0.892840, 0.450374, -0.000228),
      ["LeftUpperLeg"] = CFrame.new(0.000025, 0.000126, 0.004997, 0.746031, 0.608873, 0.269651, -0.623765, 0.780729, -0.037145, -0.233142, -0.140487, 0.962241),
      ["LowerTorso"] = CFrame.new(0.198404, 0.039568, 0.091264, 0.888487, -0.215410, -0.405203, 0.210936, 0.975879, -0.056267, 0.407549, -0.035480, 0.912494),
      ["RightFoot"] = CFrame.new(0.000000, 0.000000, 0.000000, 0.957263, 0.248136, 0.148577, -0.237755, 0.967664, -0.084263, -0.164681, 0.045337, 0.985304),
      ["RightHand"] = CFrame.new(-0.000000, 0.000000, -0.000000, 0.449346, -0.786424, 0.423819, 0.891821, 0.422698, -0.161196, -0.052375, 0.450403, 0.891288),
      ["RightLowerArm"] = CFrame.new(-0.000000, 0.000000, -0.000000, 1.000000, 0.000001, -0.000000, 0.000001, 0.070669, -0.997500, 0.000001, 0.997500, 0.070665),
      ["RightLowerLeg"] = CFrame.new(0.000000, 0.000000, 0.000000, 1.000000, 0.000000, 0.000000, -0.000000, 0.999999, 0.001282, -0.000000, -0.001282, 0.999999),
      ["RightUpperArm"] = CFrame.new(-0.000000, -0.065238, 0.000000, -0.083228, -0.131920, 0.987760, 0.445104, 0.881912, 0.155288, -0.891603, 0.452580, -0.014682),
      ["RightUpperLeg"] = CFrame.new(-0.000025, -0.000126, -0.004997, 0.969051, -0.019459, -0.246094, 0.061866, 0.984221, 0.165776, 0.238985, -0.175870, 0.954964),
      ["UpperTorso"] = CFrame.new(0.000000, 0.000000, -0.000000, 0.969012, 0.243322, 0.042547, -0.244972, 0.968738, 0.039183, -0.031683, -0.048391, 0.998326)
    }},
    {Time = 7.167, Data = {
      ["Head"] = CFrame.new(-0.000000, 0.000000, 0.000000, 0.917047, 0.163482, 0.363728, -0.221322, 0.967387, 0.123203, -0.331724, -0.193484, 0.923322),
      ["LeftFoot"] = CFrame.new(-0.000000, 0.000000, -0.000000, 0.981515, -0.179824, 0.065516, 0.174679, 0.981589, 0.077266, -0.078203, -0.064394, 0.994856),
      ["LeftHand"] = CFrame.new(0.000000, -0.000000, -0.000000, 0.150245, -0.754378, -0.639015, 0.738471, 0.515379, -0.434793, 0.657333, -0.406569, 0.634520),
      ["LeftLowerArm"] = CFrame.new(-0.000000, 0.000000, 0.000000, 1.000000, 0.000000, -0.000000, 0.000000, 0.344498, -0.938787, 0.000000, 0.938787, 0.344498),
      ["LeftLowerLeg"] = CFrame.new(0.000000, 0.000000, 0.000000, 1.000000, -0.000000, -0.000000, 0.000000, 0.999994, 0.003476, 0.000000, -0.003476, 0.999994),
      ["LeftUpperArm"] = CFrame.new(0.000000, -0.065238, -0.000000, 0.078915, -0.156933, -0.984451, -0.443372, 0.878957, -0.175657, 0.892857, 0.450340, -0.000217),
      ["LeftUpperLeg"] = CFrame.new(0.000026, 0.000126, 0.004997, 0.745948, 0.609047, 0.269488, -0.623819, 0.780665, -0.037570, -0.233262, -0.140086, 0.962271),
      ["LowerTorso"] = CFrame.new(0.198483, 0.039558, 0.091395, 0.888506, -0.215337, -0.405200, 0.211010, 0.975883, -0.055922, 0.407470, -0.035814, 0.912516),
      ["RightFoot"] = CFrame.new(-0.000000, 0.000000, 0.000000, 0.957291, 0.248031, 0.148572, -0.237630, 0.967684, -0.084378, -0.164699, 0.045470, 0.985295),
      ["RightHand"] = CFrame.new(0.000000, -0.000000, -0.000000, 0.449465, -0.786443, 0.423658, 0.891752, 0.422910, -0.161022, -0.052532, 0.450172, 0.891395),
      ["RightLowerArm"] = CFrame.new(-0.000000, -0.000000, 0.000000, 1.000000, 0.000001, -0.000000, 0.000001, 0.070298, -0.997526, 0.000001, 0.997526, 0.070296),
      ["RightLowerLeg"] = CFrame.new(-0.000000, -0.000000, -0.000000, 1.000000, 0.000000, -0.000000, -0.000000, 0.999999, 0.001283, -0.000000, -0.001283, 0.999999),
      ["RightUpperArm"] = CFrame.new(0.000000, -0.065238, 0.000000, -0.083322, -0.132065, 0.987733, 0.445361, 0.881751, 0.155464, -0.891465, 0.452852, -0.014652),
      ["RightUpperLeg"] = CFrame.new(-0.000026, -0.000126, -0.004997, 0.969037, -0.019243, -0.246163, 0.061585, 0.984289, 0.165478, 0.239111, -0.175514, 0.954998),
      ["UpperTorso"] = CFrame.new(-0.000000, 0.000000, 0.000000, 0.968997, 0.243412, 0.042389, -0.245039, 0.968741, 0.038688, -0.031647, -0.047875, 0.998352)
    }},
    {Time = 7.200, Data = {
      ["Head"] = CFrame.new(-0.000000, -0.000000, 0.000000, 0.917141, 0.162043, 0.364135, -0.219726, 0.967810, 0.122737, -0.332524, -0.192576, 0.923223),
      ["LeftFoot"] = CFrame.new(-0.000000, 0.000000, -0.000000, 0.981496, -0.179934, 0.065498, 0.174773, 0.981556, 0.077476, -0.078230, -0.064596, 0.994840),
      ["LeftHand"] = CFrame.new(0.000000, 0.000000, -0.000000, 0.149514, -0.754120, -0.639491, 0.737171, 0.516050, -0.436201, 0.658957, -0.406195, 0.633072),
      ["LeftLowerArm"] = CFrame.new(-0.000000, 0.000000, -0.000000, 1.000000, -0.000000, -0.000000, 0.000000, 0.344498, -0.938787, -0.000000, 0.938787, 0.344497),
      ["LeftLowerLeg"] = CFrame.new(0.000000, -0.000000, 0.000000, 1.000000, 0.000000, 0.000000, -0.000000, 0.999994, 0.003473, -0.000000, -0.003473, 0.999994),
      ["LeftUpperArm"] = CFrame.new(-0.000000, -0.065238, 0.000000, 0.079047, -0.157183, -0.984401, -0.443314, 0.878930, -0.175940, 0.892874, 0.450306, -0.000204),
      ["LeftUpperLeg"] = CFrame.new(0.000025, 0.000126, 0.004997, 0.745865, 0.609221, 0.269325, -0.623873, 0.780601, -0.037994, -0.233383, -0.139686, 0.962300),
      ["LowerTorso"] = CFrame.new(0.198723, 0.039531, 0.091793, 0.888525, -0.215264, -0.405197, 0.211083, 0.975887, -0.055577, 0.407390, -0.036149, 0.912538),
      ["RightFoot"] = CFrame.new(0.000000, 0.000000, -0.000000, 0.957319, 0.247926, 0.148567, -0.237505, 0.967705, -0.084493, -0.164718, 0.045602, 0.985286),
      ["RightHand"] = CFrame.new(-0.000000, -0.000000, -0.000000, 0.449573, -0.786626, 0.423202, 0.891674, 0.423295, -0.160442, -0.052928, 0.449489, 0.891717),
      ["RightLowerArm"] = CFrame.new(-0.000000, -0.000000, 0.000000, 1.000000, 0.000001, -0.000001, 0.000001, 0.069928, -0.997552, 0.000001, 0.997552, 0.069924),
      ["RightLowerLeg"] = CFrame.new(0.000000, 0.000000, -0.000000, 1.000000, -0.000000, -0.000000, -0.000000, 0.999999, 0.001283, -0.000000, -0.001284, 0.999999),
      ["RightUpperArm"] = CFrame.new(-0.000000, -0.065238, 0.000000, -0.083418, -0.132208, 0.987706, 0.445619, 0.881590, 0.155640, -0.891328, 0.453123, -0.014625),
      ["RightUpperLeg"] = CFrame.new(-0.000026, -0.000126, -0.004997, 0.969024, -0.019027, -0.246232, 0.061304, 0.984356, 0.165179, 0.239237, -0.175158, 0.955032),
      ["UpperTorso"] = CFrame.new(0.000000, 0.000000, -0.000000, 0.968882, 0.243875, 0.042349, -0.245497, 0.968629, 0.038589, -0.031610, -0.047785, 0.998357)
    }},
    {Time = 7.233, Data = {
      ["Head"] = CFrame.new(0.000000, -0.000000, -0.000000, 0.917266, 0.160582, 0.364466, -0.218090, 0.968239, 0.122273, -0.333255, -0.191643, 0.923154),
      ["LeftFoot"] = CFrame.new(0.000000, 0.000000, 0.000000, 0.981468, -0.180099, 0.065467, 0.174914, 0.981503, 0.077816, -0.078271, -0.064924, 0.994816),
      ["LeftHand"] = CFrame.new(0.000000, -0.000000, 0.000000, 0.148775, -0.753862, -0.639968, 0.735865, 0.516720, -0.437611, 0.660582, -0.405824, 0.631615),
      ["LeftLowerArm"] = CFrame.new(-0.000000, -0.000000, 0.000000, 1.000000, 0.000000, -0.000000, 0.000000, 0.344498, -0.938787, 0.000000, 0.938787, 0.344498),
      ["LeftLowerLeg"] = CFrame.new(0.000000, -0.000000, 0.000000, 1.000000, 0.000000, 0.000000, 0.000000, 0.999994, 0.003467, 0.000000, -0.003467, 0.999994),
      ["LeftUpperArm"] = CFrame.new(-0.000000, -0.065238, 0.000000, 0.079274, -0.157621, -0.984313, -0.443251, 0.878863, -0.176433, 0.892885, 0.450284, -0.000195),
      ["LeftUpperLeg"] = CFrame.new(0.000025, 0.000126, 0.004998, 0.745734, 0.609501, 0.269055, -0.623958, 0.780499, -0.038686, -0.233577, -0.139029, 0.962348),
      ["LowerTorso"] = CFrame.new(0.198964, 0.039503, 0.092191, 0.888556, -0.215158, -0.405187, 0.211190, 0.975892, -0.055075, 0.407269, -0.036634, 0.912573),
      ["RightFoot"] = CFrame.new(0.000000, 0.000000, -0.000000, 0.957353, 0.247804, 0.148553, -0.237349, 0.967726, -0.084692, -0.164746, 0.045822, 0.985271),
      ["RightHand"] = CFrame.new(-0.000000, -0.000000, 0.000000, 0.449772, -0.786792, 0.422684, 0.891550, 0.423773, -0.159870, -0.053335, 0.448749, 0.892065),
      ["RightLowerArm"] = CFrame.new(0.000000, 0.000000, 0.000000, 1.000000, 0.000001, -0.000000, 0.000001, 0.069305, -0.997596, 0.000001, 0.997595, 0.069302),
      ["RightLowerLeg"] = CFrame.new(0.000000, -0.000000, 0.000000, 1.000000, 0.000000, 0.000000, -0.000000, 0.999999, 0.001284, 0.000000, -0.001284, 0.999999),
      ["RightUpperArm"] = CFrame.new(-0.000000, -0.065238, 0.000000, -0.083573, -0.132469, 0.987658, 0.446060, 0.881312, 0.155950, -0.891093, 0.453587, -0.014564),
      ["RightUpperLeg"] = CFrame.new(-0.000025, -0.000125, -0.004997, 0.969001, -0.018726, -0.246344, 0.060901, 0.984460, 0.164713, 0.239431, -0.174610, 0.955083),
      ["UpperTorso"] = CFrame.new(-0.000000, 0.000000, 0.000000, 0.968767, 0.244351, 0.042233, -0.245954, 0.968530, 0.038145, -0.031584, -0.047341, 0.998379)
    }},
    {Time = 7.267, Data = {
      ["Head"] = CFrame.new(0.000000, -0.000000, 0.000000, 0.917418, 0.159056, 0.364754, -0.216394, 0.968670, 0.121865, -0.333943, -0.190732, 0.923094),
      ["LeftFoot"] = CFrame.new(-0.000000, -0.000000, -0.000000, 0.981440, -0.180262, 0.065440, 0.175054, 0.981453, 0.078137, -0.078311, -0.065232, 0.994793),
      ["LeftHand"] = CFrame.new(-0.000000, 0.000000, 0.000000, 0.148040, -0.753606, -0.640439, 0.734560, 0.517387, -0.439013, 0.662197, -0.405449, 0.630163),
      ["LeftLowerArm"] = CFrame.new(0.000000, -0.000000, 0.000000, 1.000000, 0.000000, -0.000000, 0.000000, 0.344499, -0.938787, 0.000000, 0.938787, 0.344498),
      ["LeftLowerLeg"] = CFrame.new(-0.000000, 0.000000, -0.000000, 1.000000, -0.000000, -0.000000, 0.000000, 0.999994, 0.003462, -0.000000, -0.003462, 0.999994),
      ["LeftUpperArm"] = CFrame.new(0.000000, -0.065238, -0.000000, 0.079538, -0.158137, -0.984208, -0.443198, 0.878773, -0.177013, 0.892888, 0.450278, -0.000190),
      ["LeftUpperLeg"] = CFrame.new(0.000026, 0.000126, 0.004997, 0.745613, 0.609755, 0.268814, -0.624036, 0.780406, -0.039308, -0.233753, -0.138441, 0.962390),
      ["LowerTorso"] = CFrame.new(0.199212, 0.039475, 0.092532, 0.888583, -0.215054, -0.405183, 0.211292, 0.975897, -0.054592, 0.407157, -0.037103, 0.912604),
      ["RightFoot"] = CFrame.new(0.000000, 0.000000, 0.000000, 0.957400, 0.247622, 0.148552, -0.237142, 0.967764, -0.084831, -0.164770, 0.045990, 0.985259),
      ["RightHand"] = CFrame.new(-0.000000, 0.000000, 0.000000, 0.449991, -0.786948, 0.422159, 0.891412, 0.424290, -0.159264, -0.053782, 0.447986, 0.892422),
      ["RightLowerArm"] = CFrame.new(0.000000, -0.000000, -0.000000, 1.000000, 0.000001, -0.000000, 0.000001, 0.068662, -0.997640, 0.000001, 0.997640, 0.068659),
      ["RightLowerLeg"] = CFrame.new(0.000000, 0.000000, 0.000000, 1.000000, 0.000000, 0.000000, -0.000000, 0.999999, 0.001284, -0.000000, -0.001285, 0.999999),
      ["RightUpperArm"] = CFrame.new(-0.000000, -0.065238, 0.000000, -0.083722, -0.132737, 0.987609, 0.446535, 0.881015, 0.156265, -0.890841, 0.454085, -0.014489),
      ["RightUpperLeg"] = CFrame.new(-0.000025, -0.000126, -0.004997, 0.968982, -0.018403, -0.246446, 0.060476, 0.984563, 0.164251, 0.239619, -0.174060, 0.955137),
      ["UpperTorso"] = CFrame.new(0.000000, -0.000000, 0.000000, 0.968639, 0.244878, 0.042111, -0.246464, 0.968414, 0.037807, -0.031523, -0.047000, 0.998397)
    }},
    {Time = 7.300, Data = {
      ["Head"] = CFrame.new(0.000000, -0.000001, -0.000000, 0.917566, 0.157586, 0.365019, -0.214750, 0.969088, 0.121453, -0.334596, -0.189829, 0.923044),
      ["LeftFoot"] = CFrame.new(0.000000, 0.000000, 0.000000, 0.981412, -0.180427, 0.065406, 0.175195, 0.981402, 0.078465, -0.078346, -0.065548, 0.994769),
      ["LeftHand"] = CFrame.new(-0.000000, 0.000000, -0.000000, 0.147297, -0.753352, -0.640910, 0.733250, 0.518049, -0.440418, 0.663813, -0.405075, 0.628702),
      ["LeftLowerArm"] = CFrame.new(-0.000000, -0.000000, -0.000000, 1.000000, 0.000000, -0.000000, 0.000000, 0.344498, -0.938787, 0.000000, 0.938787, 0.344497),
      ["LeftLowerLeg"] = CFrame.new(-0.000000, 0.000000, -0.000000, 1.000000, -0.000000, 0.000000, -0.000000, 0.999994, 0.003457, -0.000000, -0.003457, 0.999994),
      ["LeftUpperArm"] = CFrame.new(0.000000, -0.065239, 0.000000, 0.079762, -0.158576, -0.984120, -0.443174, 0.878686, -0.177505, 0.892880, 0.450294, -0.000191),
      ["LeftUpperLeg"] = CFrame.new(0.000026, 0.000126, 0.004997, 0.745486, 0.610017, 0.268571, -0.624121, 0.780306, -0.039937, -0.233931, -0.137848, 0.962431),
      ["LowerTorso"] = CFrame.new(0.199470, 0.039447, 0.092809, 0.888615, -0.214956, -0.405163, 0.211393, 0.975901, -0.054122, 0.407033, -0.037556, 0.912641),
      ["RightFoot"] = CFrame.new(0.000000, 0.000000, 0.000000, 0.957445, 0.247449, 0.148551, -0.236944, 0.967801, -0.084968, -0.164793, 0.046154, 0.985248),
      ["RightHand"] = CFrame.new(0.000000, 0.000000, -0.000000, 0.450177, -0.787118, 0.421644, 0.891294, 0.424756, -0.158686, -0.054188, 0.447245, 0.892768),
      ["RightLowerArm"] = CFrame.new(0.000000, -0.000000, 0.000000, 1.000000, 0.000001, -0.000001, 0.000001, 0.068078, -0.997680, 0.000001, 0.997680, 0.068076),
      ["RightLowerLeg"] = CFrame.new(0.000000, -0.000000, -0.000000, 1.000000, -0.000000, -0.000000, 0.000000, 0.999999, 0.001285, 0.000000, -0.001285, 0.999999),
      ["RightUpperArm"] = CFrame.new(0.000000, -0.065238, -0.000000, -0.083910, -0.133059, 0.987550, 0.447016, 0.880704, 0.156645, -0.890582, 0.454594, -0.014420),
      ["RightUpperLeg"] = CFrame.new(-0.000025, -0.000125, -0.004997, 0.968962, -0.018115, -0.246545, 0.060087, 0.984664, 0.163791, 0.239796, -0.173521, 0.955190),
      ["UpperTorso"] = CFrame.new(0.000000, -0.000000, 0.000000, 0.968509, 0.245409, 0.042018, -0.246977, 0.968300, 0.037382, -0.031512, -0.046582, 0.998417)
    }},
    {Time = 7.333, Data = {
      ["Head"] = CFrame.new(-0.000000, -0.000000, -0.000000, 0.917688, 0.156310, 0.365263, -0.213306, 0.969458, 0.121045, -0.335186, -0.188994, 0.923001),
      ["LeftFoot"] = CFrame.new(-0.000000, -0.000000, 0.000000, 0.981387, -0.180574, 0.065367, 0.175319, 0.981354, 0.078785, -0.078374, -0.065859, 0.994746),
      ["LeftHand"] = CFrame.new(0.000000, -0.000000, -0.000000, 0.146565, -0.753100, -0.641373, 0.731947, 0.518710, -0.441807, 0.665411, -0.404697, 0.627254),
      ["LeftLowerArm"] = CFrame.new(-0.000000, -0.000000, -0.000000, 1.000000, 0.000000, -0.000000, 0.000000, 0.344498, -0.938787, 0.000000, 0.938787, 0.344497),
      ["LeftLowerLeg"] = CFrame.new(0.000000, 0.000000, -0.000000, 1.000000, 0.000000, 0.000000, 0.000000, 0.999994, 0.003452, -0.000000, -0.003452, 0.999994),
      ["LeftUpperArm"] = CFrame.new(0.000000, -0.065238, -0.000000, 0.080028, -0.159123, -0.984010, -0.443125, 0.878588, -0.178114, 0.892881, 0.450293, -0.000201),
      ["LeftUpperLeg"] = CFrame.new(0.000026, 0.000126, 0.004997, 0.745358, 0.610276, 0.268340, -0.624211, 0.780203, -0.040538, -0.234100, -0.137285, 0.962471),
      ["LowerTorso"] = CFrame.new(0.199710, 0.039419, 0.093207, 0.888649, -0.214864, -0.405139, 0.211493, 0.975905, -0.053667, 0.406908, -0.037993, 0.912679),
      ["RightFoot"] = CFrame.new(0.000000, 0.000000, -0.000000, 0.957488, 0.247287, 0.148544, -0.236757, 0.967834, -0.085109, -0.164812, 0.046322, 0.985237),
      ["RightHand"] = CFrame.new(0.000000, 0.000000, 0.000000, 0.450302, -0.787295, 0.421178, 0.891212, 0.425104, -0.158208, -0.054485, 0.446601, 0.893073),
      ["RightLowerArm"] = CFrame.new(-0.000000, -0.000001, -0.000000, 1.000000, 0.000001, -0.000000, 0.000001, 0.067592, -0.997713, 0.000001, 0.997713, 0.067590),
      ["RightLowerLeg"] = CFrame.new(0.000000, -0.000000, 0.000000, 1.000000, -0.000000, -0.000000, -0.000000, 0.999999, 0.001285, 0.000000, -0.001285, 0.999999),
      ["RightUpperArm"] = CFrame.new(-0.000000, -0.065238, 0.000000, -0.084023, -0.133141, 0.987529, 0.447461, 0.880454, 0.156777, -0.890347, 0.455054, -0.014402),
      ["RightUpperLeg"] = CFrame.new(-0.000026, -0.000126, -0.004998, 0.968944, -0.017842, -0.246633, 0.059718, 0.984758, 0.163359, 0.239959, -0.173014, 0.955241),
      ["UpperTorso"] = CFrame.new(-0.000000, -0.000000, 0.000000, 0.968382, 0.245920, 0.041945, -0.247486, 0.968168, 0.037424, -0.031406, -0.046622, 0.998419)
    }},
    {Time = 7.367, Data = {
      ["Head"] = CFrame.new(-0.000000, 0.000000, 0.000000, 0.917758, 0.155257, 0.365535, -0.212118, 0.969765, 0.120674, -0.335747, -0.188286, 0.922942),
      ["LeftFoot"] = CFrame.new(0.000000, -0.000000, -0.000000, 0.981366, -0.180695, 0.065346, 0.175420, 0.981314, 0.079063, -0.078411, -0.066127, 0.994726),
      ["LeftHand"] = CFrame.new(-0.000000, 0.000000, -0.000000, 0.145836, -0.752845, -0.641838, 0.730653, 0.519367, -0.443176, 0.666992, -0.404330, 0.625810),
      ["LeftLowerArm"] = CFrame.new(0.000000, 0.000000, 0.000000, 1.000000, -0.000000, -0.000000, 0.000000, 0.344498, -0.938787, 0.000000, 0.938787, 0.344497),
      ["LeftLowerLeg"] = CFrame.new(0.000000, -0.000000, -0.000000, 1.000000, -0.000000, 0.000000, -0.000000, 0.999994, 0.003449, -0.000000, -0.003449, 0.999994),
      ["LeftUpperArm"] = CFrame.new(-0.000000, -0.065238, 0.000000, 0.080212, -0.159500, -0.983934, -0.443105, 0.878513, -0.178533, 0.892874, 0.450306, -0.000208),
      ["LeftUpperLeg"] = CFrame.new(0.000026, 0.000126, 0.004998, 0.745252, 0.610495, 0.268134, -0.624282, 0.780119, -0.041063, -0.234245, -0.136789, 0.962506),
      ["LowerTorso"] = CFrame.new(0.199927, 0.039396, 0.093576, 0.888673, -0.214779, -0.405130, 0.211588, 0.975907, -0.053244, 0.406805, -0.038405, 0.912707),
      ["RightFoot"] = CFrame.new(-0.000000, 0.000000, 0.000000, 0.957529, 0.247134, 0.148536, -0.236577, 0.967865, -0.085256, -0.164832, 0.046495, 0.985225),
      ["RightHand"] = CFrame.new(0.000000, 0.000000, -0.000000, 0.450372, -0.787459, 0.420797, 0.891163, 0.425357, -0.157807, -0.054719, 0.446071, 0.893323),
      ["RightLowerArm"] = CFrame.new(0.000000, -0.000000, 0.000000, 1.000000, 0.000001, -0.000000, 0.000001, 0.067257, -0.997736, 0.000001, 0.997736, 0.067253),
      ["RightLowerLeg"] = CFrame.new(-0.000000, -0.000000, -0.000000, 1.000000, -0.000000, 0.000000, -0.000000, 0.999999, 0.001286, -0.000000, -0.001286, 0.999999),
      ["RightUpperArm"] = CFrame.new(0.000000, -0.065238, 0.000000, -0.084177, -0.133218, 0.987506, 0.447835, 0.880238, 0.156922, -0.890145, 0.455449, -0.014436),
      ["RightUpperLeg"] = CFrame.new(-0.000026, -0.000126, -0.004997, 0.968927, -0.017602, -0.246719, 0.059394, 0.984841, 0.162977, 0.240110, -0.172567, 0.955284),
      ["UpperTorso"] = CFrame.new(0.000000, -0.000000, 0.000000, 0.968294, 0.246280, 0.041874, -0.247836, 0.968087, 0.037202, -0.031376, -0.046400, 0.998430)
    }},
    {Time = 7.400, Data = {
      ["Head"] = CFrame.new(-0.000000, 0.000000, 0.000000, 0.917820, 0.154363, 0.365757, -0.211105, 0.970026, 0.120354, -0.336216, -0.187677, 0.922896),
      ["LeftFoot"] = CFrame.new(0.000000, 0.000000, 0.000000, 0.981338, -0.180859, 0.065320, 0.175566, 0.981267, 0.079317, -0.078441, -0.066369, 0.994707),
      ["LeftHand"] = CFrame.new(0.000000, -0.000000, -0.000000, 0.145117, -0.752599, -0.642290, 0.729370, 0.520012, -0.444529, 0.668551, -0.403958, 0.624386),
      ["LeftLowerArm"] = CFrame.new(0.000000, -0.000000, 0.000000, 1.000000, -0.000000, -0.000000, 0.000000, 0.344498, -0.938787, 0.000000, 0.938787, 0.344498),
      ["LeftLowerLeg"] = CFrame.new(0.000000, 0.000000, 0.000000, 1.000000, -0.000000, 0.000000, 0.000000, 0.999994, 0.003444, 0.000000, -0.003444, 0.999994),
      ["LeftUpperArm"] = CFrame.new(0.000000, -0.065238, -0.000000, 0.080303, -0.159682, -0.983897, -0.443131, 0.878458, -0.178737, 0.892853, 0.450348, -0.000217),
      ["LeftUpperLeg"] = CFrame.new(0.000025, 0.000125, 0.004997, 0.745135, 0.610728, 0.267929, -0.624368, 0.780022, -0.041590, -0.234391, -0.136295, 0.962541),
      ["LowerTorso"] = CFrame.new(0.200134, 0.039375, 0.093863, 0.888693, -0.214700, -0.405129, 0.211674, 0.975910, -0.052856, 0.406718, -0.038783, 0.912730),
      ["RightFoot"] = CFrame.new(0.000000, 0.000001, -0.000000, 0.957564, 0.247000, 0.148533, -0.236420, 0.967892, -0.085391, -0.164856, 0.046652, 0.985214),
      ["RightHand"] = CFrame.new(0.000000, 0.000000, -0.000000, 0.450404, -0.787622, 0.420459, 0.891135, 0.425547, -0.157451, -0.054910, 0.445602, 0.893546),
      ["RightLowerArm"] = CFrame.new(0.000000, -0.000000, -0.000000, 1.000000, 0.000001, -0.000000, 0.000001, 0.066985, -0.997754, 0.000001, 0.997754, 0.066982),
      ["RightLowerLeg"] = CFrame.new(-0.000000, -0.000000, -0.000000, 1.000000, 0.000000, 0.000000, -0.000000, 0.999999, 0.001286, -0.000000, -0.001286, 0.999999),
      ["RightUpperArm"] = CFrame.new(0.000000, -0.065238, 0.000000, -0.084359, -0.133305, 0.987478, 0.448162, 0.880042, 0.157087, -0.889963, 0.455802, -0.014497),
      ["RightUpperLeg"] = CFrame.new(-0.000026, -0.000126, -0.004997, 0.968911, -0.017350, -0.246801, 0.059063, 0.984919, 0.162620, 0.240258, -0.172142, 0.955324),
      ["UpperTorso"] = CFrame.new(-0.000000, -0.000000, 0.000000, 0.968243, 0.246507, 0.041726, -0.248046, 0.968046, 0.036887, -0.031299, -0.046065, 0.998448)
    }},
    {Time = 7.433, Data = {
      ["Head"] = CFrame.new(0.000000, -0.000000, 0.000000, 0.917854, 0.153579, 0.366002, -0.210241, 0.970243, 0.120111, -0.336664, -0.187193, 0.922830),
      ["LeftFoot"] = CFrame.new(0.000000, -0.000000, 0.000000, 0.981309, -0.181027, 0.065294, 0.175715, 0.981220, 0.079566, -0.078471, -0.066606, 0.994689),
      ["LeftHand"] = CFrame.new(-0.000000, -0.000000, -0.000000, 0.144407, -0.752361, -0.642729, 0.728103, 0.520645, -0.445865, 0.670084, -0.403586, 0.622980),
      ["LeftLowerArm"] = CFrame.new(0.000000, -0.000001, 0.000000, 1.000000, -0.000000, -0.000000, 0.000000, 0.344498, -0.938787, 0.000000, 0.938787, 0.344497),
      ["LeftLowerLeg"] = CFrame.new(0.000000, 0.000000, 0.000000, 1.000000, 0.000000, -0.000000, 0.000000, 0.999994, 0.003440, -0.000000, -0.003440, 0.999994),
      ["LeftUpperArm"] = CFrame.new(0.000000, -0.065238, 0.000000, 0.080393, -0.159865, -0.983860, -0.443158, 0.878403, -0.178941, 0.892832, 0.450390, -0.000228),
      ["LeftUpperLeg"] = CFrame.new(0.000025, 0.000125, 0.004998, 0.745013, 0.610964, 0.267730, -0.624461, 0.779920, -0.042096, -0.234528, -0.135825, 0.962574),
      ["LowerTorso"] = CFrame.new(0.200401, 0.039348, 0.094104, 0.888715, -0.214622, -0.405121, 0.211758, 0.975912, -0.052475, 0.406625, -0.039153, 0.912756),
      ["RightFoot"] = CFrame.new(-0.000000, 0.000000, -0.000000, 0.957600, 0.246859, 0.148532, -0.236255, 0.967920, -0.085524, -0.164880, 0.046807, 0.985202),
      ["RightHand"] = CFrame.new(0.000000, 0.000000, -0.000000, 0.450429, -0.787771, 0.420152, 0.891113, 0.425702, -0.157155, -0.055053, 0.445190, 0.893742),
      ["RightLowerArm"] = CFrame.new(-0.000000, 0.000000, -0.000000, 1.000000, 0.000001, -0.000000, 0.000001, 0.066729, -0.997771, 0.000001, 0.997771, 0.066725),
      ["RightLowerLeg"] = CFrame.new(0.000000, 0.000000, -0.000000, 1.000000, -0.000000, 0.000000, 0.000000, 0.999999, 0.001287, -0.000000, -0.001287, 0.999999),
      ["RightUpperArm"] = CFrame.new(0.000000, -0.065238, 0.000000, -0.084555, -0.133457, 0.987441, 0.448477, 0.879841, 0.157317, -0.889786, 0.456146, -0.014543),
      ["RightUpperLeg"] = CFrame.new(-0.000025, -0.000126, -0.004998, 0.968895, -0.017075, -0.246881, 0.058709, 0.984999, 0.162267, 0.240406, -0.171714, 0.955363),
      ["UpperTorso"] = CFrame.new(-0.000000, -0.000000, 0.000000, 0.968181, 0.246761, 0.041652, -0.248290, 0.967989, 0.036718, -0.031258, -0.045891, 0.998457)
    }},
    {Time = 7.467, Data = {
      ["Head"] = CFrame.new(0.000000, 0.000000, -0.000000, 0.917861, 0.152953, 0.366246, -0.209561, 0.970414, 0.119922, -0.337068, -0.186823, 0.922758),
      ["LeftFoot"] = CFrame.new(0.000000, 0.000000, 0.000000, 0.981287, -0.181155, 0.065259, 0.175823, 0.981177, 0.079866, -0.078499, -0.066898, 0.994667),
      ["LeftHand"] = CFrame.new(0.000000, -0.000000, 0.000000, 0.143711, -0.752121, -0.643165, 0.726872, 0.521261, -0.447150, 0.671568, -0.403238, 0.621607),
      ["LeftLowerArm"] = CFrame.new(-0.000000, -0.000000, -0.000000, 1.000000, -0.000000, -0.000000, 0.000000, 0.344497, -0.938787, -0.000000, 0.938787, 0.344498),
      ["LeftLowerLeg"] = CFrame.new(0.000000, 0.000000, -0.000000, 1.000000, 0.000000, -0.000000, -0.000000, 0.999994, 0.003436, 0.000000, -0.003436, 0.999994),
      ["LeftUpperArm"] = CFrame.new(0.000000, -0.065238, 0.000000, 0.080361, -0.159789, -0.983875, -0.443257, 0.878370, -0.178858, 0.892785, 0.450483, -0.000240),
      ["LeftUpperLeg"] = CFrame.new(0.000025, 0.000126, 0.004997, 0.744901, 0.611181, 0.267545, -0.624547, 0.779826, -0.042570, -0.234657, -0.135384, 0.962604),
      ["LowerTorso"] = CFrame.new(0.200583, 0.039327, 0.094392, 0.888732, -0.214567, -0.405113, 0.211850, 0.975911, -0.052132, 0.406540, -0.039493, 0.912779),
      ["RightFoot"] = CFrame.new(0.000000, 0.000000, -0.000000, 0.957636, 0.246725, 0.148526, -0.236099, 0.967948, -0.085647, -0.164897, 0.046952, 0.985193),
      ["RightHand"] = CFrame.new(-0.000000, 0.000000, -0.000000, 0.450446, -0.787906, 0.419881, 0.891095, 0.425851, -0.156857, -0.055214, 0.444809, 0.893922),
      ["RightLowerArm"] = CFrame.new(-0.000000, 0.000000, -0.000000, 1.000000, 0.000001, -0.000001, 0.000001, 0.066542, -0.997784, 0.000001, 0.997784, 0.066539),
      ["RightLowerLeg"] = CFrame.new(-0.000000, -0.000000, 0.000000, 1.000000, 0.000000, -0.000000, 0.000000, 0.999999, 0.001287, -0.000000, -0.001287, 0.999999),
      ["RightUpperArm"] = CFrame.new(-0.000000, -0.065238, -0.000000, -0.084781, -0.133665, 0.987393, 0.448769, 0.879639, 0.157611, -0.889617, 0.456474, -0.014592),
      ["RightUpperLeg"] = CFrame.new(-0.000025, -0.000125, -0.004998, 0.968883, -0.016827, -0.246946, 0.058386, 0.985072, 0.161942, 0.240535, -0.171321, 0.955402),
      ["UpperTorso"] = CFrame.new(-0.000000, -0.000000, 0.000000, 0.968148, 0.246903, 0.041567, -0.248419, 0.967968, 0.036403, -0.031248, -0.045569, 0.998472)
    }},
    {Time = 7.500, Data = {
      ["Head"] = CFrame.new(0.000000, 0.000000, 0.000000, 0.917833, 0.152462, 0.366522, -0.209075, 0.970528, 0.119848, -0.337447, -0.186631, 0.922658),
      ["LeftFoot"] = CFrame.new(0.000000, -0.000000, 0.000000, 0.981265, -0.181284, 0.065234, 0.175933, 0.981136, 0.080120, -0.078527, -0.067143, 0.994648),
      ["LeftHand"] = CFrame.new(0.000000, 0.000000, 0.000000, 0.143038, -0.751891, -0.643583, 0.725671, 0.521860, -0.448401, 0.673009, -0.402892, 0.620272),
      ["LeftLowerArm"] = CFrame.new(0.000000, -0.000000, 0.000000, 1.000000, -0.000000, 0.000000, 0.000000, 0.344498, -0.938787, -0.000000, 0.938787, 0.344498),
      ["LeftLowerLeg"] = CFrame.new(0.000000, -0.000000, 0.000000, 1.000000, -0.000000, -0.000000, 0.000000, 0.999994, 0.003431, -0.000000, -0.003431, 0.999994),
      ["LeftUpperArm"] = CFrame.new(0.000000, -0.065237, -0.000000, 0.080428, -0.159933, -0.983846, -0.443308, 0.878312, -0.179017, 0.892754, 0.450545, -0.000258),
      ["LeftUpperLeg"] = CFrame.new(0.000026, 0.000126, 0.004997, 0.744802, 0.611378, 0.267371, -0.624618, 0.779745, -0.043015, -0.234780, -0.134966, 0.962633),
      ["LowerTorso"] = CFrame.new(0.200754, 0.039300, 0.094759, 0.888750, -0.214514, -0.405102, 0.211927, 0.975910, -0.051827, 0.406460, -0.039791, 0.912802),
      ["RightFoot"] = CFrame.new(-0.000000, 0.000000, 0.000000, 0.957669, 0.246600, 0.148519, -0.235952, 0.967972, -0.085776, -0.164915, 0.047102, 0.985182),
      ["RightHand"] = CFrame.new(0.000000, 0.000000, -0.000000, 0.450474, -0.788011, 0.419652, 0.891072, 0.425993, -0.156605, -0.055358, 0.444487, 0.894073),
      ["RightLowerArm"] = CFrame.new(0.000000, 0.000000, -0.000000, 1.000000, 0.000001, -0.000001, 0.000001, 0.066355, -0.997796, 0.000001, 0.997796, 0.066350),
      ["RightLowerLeg"] = CFrame.new(-0.000000, -0.000000, 0.000000, 1.000000, 0.000000, -0.000000, -0.000000, 0.999999, 0.001288, -0.000000, -0.001288, 0.999999),
      ["RightUpperArm"] = CFrame.new(0.000000, -0.065238, -0.000000, -0.084903, -0.133702, 0.987378, 0.449033, 0.879488, 0.157704, -0.889472, 0.456754, -0.014635),
      ["RightUpperLeg"] = CFrame.new(-0.000025, -0.000126, -0.004997, 0.968872, -0.016628, -0.247002, 0.058126, 0.985132, 0.161670, 0.240641, -0.170994, 0.955433),
      ["UpperTorso"] = CFrame.new(0.000000, 0.000000, -0.000000, 0.968111, 0.247060, 0.041519, -0.248565, 0.967941, 0.036132, -0.031261, -0.045300, 0.998484)
    }},
    {Time = 7.533, Data = {
      ["Head"] = CFrame.new(0.000000, -0.000000, -0.000000, 0.917746, 0.152123, 0.366880, -0.208800, 0.970585, 0.119867, -0.337854, -0.186611, 0.922513),
      ["LeftFoot"] = CFrame.new(0.000000, -0.000000, -0.000000, 0.981241, -0.181422, 0.065207, 0.176052, 0.981094, 0.080372, -0.078556, -0.067385, 0.994630),
      ["LeftHand"] = CFrame.new(-0.000000, -0.000000, 0.000000, 0.142215, -0.751612, -0.644093, 0.724181, 0.522602, -0.449943, 0.674786, -0.402451, 0.618624),
      ["LeftLowerArm"] = CFrame.new(0.000000, 0.000000, 0.000000, 1.000000, -0.000000, 0.000000, 0.000000, 0.344498, -0.938787, -0.000000, 0.938787, 0.344497),
      ["LeftLowerLeg"] = CFrame.new(-0.000000, -0.000000, 0.000000, 1.000000, 0.000000, 0.000000, 0.000000, 0.999994, 0.003427, -0.000000, -0.003427, 0.999994),
      ["LeftUpperArm"] = CFrame.new(0.000000, -0.065238, -0.000000, 0.080588, -0.160291, -0.983774, -0.443310, 0.878231, -0.179410, 0.892739, 0.450575, -0.000284),
      ["LeftUpperLeg"] = CFrame.new(0.000025, 0.000126, 0.004997, 0.744681, 0.611606, 0.267189, -0.624720, 0.779638, -0.043466, -0.234895, -0.134550, 0.962663),
      ["LowerTorso"] = CFrame.new(0.200968, 0.039275, 0.095051, 0.888767, -0.214469, -0.405087, 0.212019, 0.975907, -0.051508, 0.406375, -0.040108, 0.912826),
      ["RightFoot"] = CFrame.new(-0.000000, 0.000000, -0.000000, 0.957707, 0.246454, 0.148517, -0.235784, 0.968002, -0.085901, -0.164935, 0.047251, 0.985172),
      ["RightHand"] = CFrame.new(-0.000000, -0.000000, 0.000000, 0.450511, -0.788105, 0.419437, 0.891039, 0.426175, -0.156294, -0.055574, 0.444147, 0.894229),
      ["RightLowerArm"] = CFrame.new(-0.000000, -0.000000, 0.000000, 1.000000, 0.000001, -0.000001, 0.000001, 0.066197, -0.997807, 0.000001, 0.997807, 0.066193),
      ["RightLowerLeg"] = CFrame.new(0.000000, -0.000000, -0.000000, 1.000000, 0.000000, -0.000000, 0.000000, 0.999999, 0.001287, -0.000000, -0.001287, 0.999999),
      ["RightUpperArm"] = CFrame.new(-0.000000, -0.065238, 0.000000, -0.085025, -0.133696, 0.987368, 0.449298, 0.879343, 0.157759, -0.889327, 0.457036, -0.014697),
      ["RightUpperLeg"] = CFrame.new(-0.000026, -0.000126, -0.004998, 0.968860, -0.016363, -0.247067, 0.057785, 0.985206, 0.161339, 0.240771, -0.170592, 0.955472),
      ["UpperTorso"] = CFrame.new(-0.000000, -0.000000, 0.000000, 0.968059, 0.247264, 0.041510, -0.248763, 0.967898, 0.035932, -0.031293, -0.045110, 0.998492)
    }},
    {Time = 7.567, Data = {
      ["Head"] = CFrame.new(0.000000, 0.000000, -0.000000, 0.917623, 0.151852, 0.367299, -0.208644, 0.970604, 0.119978, -0.338283, -0.186729, 0.922332),
      ["LeftFoot"] = CFrame.new(-0.000000, 0.000000, 0.000000, 0.981224, -0.181525, 0.065187, 0.176142, 0.981063, 0.080557, -0.078575, -0.067562, 0.994616),
      ["LeftHand"] = CFrame.new(-0.000000, -0.000000, 0.000000, 0.141329, -0.751314, -0.644634, 0.722594, 0.523386, -0.451581, 0.676672, -0.401987, 0.616864),
      ["LeftLowerArm"] = CFrame.new(-0.000000, 0.000000, 0.000000, 1.000000, -0.000000, -0.000000, 0.000000, 0.344498, -0.938787, 0.000000, 0.938787, 0.344498),
      ["LeftLowerLeg"] = CFrame.new(0.000000, 0.000000, -0.000000, 1.000000, 0.000000, -0.000000, 0.000000, 0.999994, 0.003423, 0.000000, -0.003423, 0.999994),
      ["LeftUpperArm"] = CFrame.new(0.000000, -0.065238, -0.000000, 0.080668, -0.160468, -0.983739, -0.443414, 0.878139, -0.179603, 0.892680, 0.450691, -0.000316),
      ["LeftUpperLeg"] = CFrame.new(0.000026, 0.000126, 0.004997, 0.744556, 0.611838, 0.267005, -0.624826, 0.779528, -0.043919, -0.235010, -0.134131, 0.962694),
      ["LowerTorso"] = CFrame.new(0.201160, 0.039241, 0.095363, 0.888775, -0.214432, -0.405091, 0.212116, 0.975902, -0.051201, 0.406308, -0.040421, 0.912841),
      ["RightFoot"] = CFrame.new(-0.000000, 0.000000, -0.000000, 0.957746, 0.246302, 0.148514, -0.235609, 0.968033, -0.086029, -0.164956, 0.047403, 0.985161),
      ["RightHand"] = CFrame.new(0.000000, -0.000000, -0.000000, 0.450562, -0.788181, 0.419240, 0.891002, 0.426350, -0.156023, -0.055765, 0.443842, 0.894368),
      ["RightLowerArm"] = CFrame.new(0.000000, -0.000001, -0.000000, 1.000000, 0.000000, -0.000000, 0.000001, 0.066038, -0.997817, 0.000001, 0.997817, 0.066035),
      ["RightLowerLeg"] = CFrame.new(-0.000000, 0.000000, -0.000000, 1.000000, 0.000000, 0.000000, -0.000000, 0.999999, 0.001287, 0.000000, -0.001287, 0.999999),
      ["RightUpperArm"] = CFrame.new(0.000000, -0.065238, -0.000000, -0.085101, -0.133672, 0.987365, 0.449569, 0.879201, 0.157777, -0.889182, 0.457315, -0.014726),
      ["RightUpperLeg"] = CFrame.new(-0.000025, -0.000126, -0.004998, 0.968851, -0.016067, -0.247123, 0.057418, 0.985277, 0.161035, 0.240898, -0.170208, 0.955509),
      ["UpperTorso"] = CFrame.new(0.000000, 0.000000, -0.000000, 0.968011, 0.247449, 0.041529, -0.248941, 0.967860, 0.035694, -0.031362, -0.044891, 0.998500)
    }},
    {Time = 7.600, Data = {
      ["Head"] = CFrame.new(0.000000, -0.000000, 0.000000, 0.917509, 0.151898, 0.367564, -0.208805, 0.970551, 0.120130, -0.338492, -0.186969, 0.922207),
      ["LeftFoot"] = CFrame.new(-0.000000, 0.000000, -0.000000, 0.981210, -0.181605, 0.065171, 0.176211, 0.981037, 0.080715, -0.078593, -0.067715, 0.994604),
      ["LeftHand"] = CFrame.new(-0.000000, -0.000000, -0.000000, 0.140997, -0.751204, -0.644835, 0.721999, 0.523678, -0.452193, 0.677375, -0.401812, 0.616205),
      ["LeftLowerArm"] = CFrame.new(-0.000000, 0.000000, 0.000000, 1.000000, 0.000000, 0.000000, 0.000000, 0.344498, -0.938787, 0.000000, 0.938787, 0.344498),
      ["LeftLowerLeg"] = CFrame.new(0.000000, 0.000000, 0.000000, 1.000000, -0.000000, 0.000000, -0.000000, 0.999994, 0.003420, 0.000000, -0.003420, 0.999994),
      ["LeftUpperArm"] = CFrame.new(-0.000000, -0.065238, -0.000000, 0.080688, -0.160527, -0.983728, -0.443462, 0.878101, -0.179665, 0.892654, 0.450743, -0.000336),
      ["LeftUpperLeg"] = CFrame.new(0.000025, 0.000126, 0.004997, 0.744480, 0.611971, 0.266910, -0.624896, 0.779458, -0.044143, -0.235061, -0.133927, 0.962710),
      ["LowerTorso"] = CFrame.new(0.201207, 0.039232, 0.095486, 0.888770, -0.214442, -0.405095, 0.212184, 0.975894, -0.051074, 0.406282, -0.040562, 0.912847),
      ["RightFoot"] = CFrame.new(-0.000000, 0.000000, 0.000000, 0.957760, 0.246247, 0.148515, -0.235549, 0.968045, -0.086055, -0.164961, 0.047438, 0.985159),
      ["RightHand"] = CFrame.new(0.000000, 0.000000, 0.000000, 0.450586, -0.788190, 0.419196, 0.890980, 0.426460, -0.155853, -0.055925, 0.443721, 0.894418),
      ["RightLowerArm"] = CFrame.new(0.000000, -0.000000, -0.000000, 1.000000, 0.000001, -0.000000, 0.000001, 0.066066, -0.997815, 0.000001, 0.997815, 0.066062),
      ["RightLowerLeg"] = CFrame.new(0.000000, -0.000000, 0.000000, 1.000000, 0.000000, -0.000000, -0.000000, 0.999999, 0.001286, 0.000000, -0.001286, 0.999999),
      ["RightUpperArm"] = CFrame.new(0.000000, -0.065238, -0.000000, -0.085087, -0.133639, 0.987371, 0.449649, 0.879166, 0.157742, -0.889143, 0.457392, -0.014715),
      ["RightUpperLeg"] = CFrame.new(-0.000026, -0.000125, -0.004997, 0.968848, -0.015935, -0.247144, 0.057251, 0.985310, 0.160892, 0.240949, -0.170029, 0.955528),
      ["UpperTorso"] = CFrame.new(-0.000000, 0.000000, 0.000000, 0.967999, 0.247496, 0.041510, -0.248990, 0.967845, 0.035773, -0.031322, -0.044964, 0.998497)
    }},
    {Time = 7.633, Data = {
      ["Head"] = CFrame.new(0.000000, 0.000000, 0.000000, 0.917396, 0.151944, 0.367829, -0.208965, 0.970498, 0.120281, -0.338702, -0.187208, 0.922081),
      ["LeftFoot"] = CFrame.new(0.000000, 0.000000, 0.000000, 0.981203, -0.181643, 0.065161, 0.176242, 0.981024, 0.080807, -0.078603, -0.067805, 0.994597),
      ["LeftHand"] = CFrame.new(-0.000000, -0.000000, -0.000000, 0.140182, -0.750935, -0.645326, 0.720540, 0.524393, -0.453690, 0.679096, -0.401384, 0.614589),
      ["LeftLowerArm"] = CFrame.new(-0.000000, 0.000000, -0.000000, 1.000000, -0.000000, -0.000000, 0.000000, 0.344498, -0.938787, 0.000000, 0.938787, 0.344497),
      ["LeftLowerLeg"] = CFrame.new(0.000000, -0.000000, 0.000000, 1.000000, -0.000000, -0.000000, 0.000000, 0.999994, 0.003418, -0.000000, -0.003418, 0.999994),
      ["LeftUpperArm"] = CFrame.new(-0.000000, -0.065238, -0.000000, 0.080738, -0.160671, -0.983700, -0.443583, 0.878010, -0.179816, 0.892589, 0.450870, -0.000382),
      ["LeftUpperLeg"] = CFrame.new(0.000026, 0.000126, 0.004997, 0.744405, 0.612104, 0.266815, -0.624968, 0.779388, -0.044367, -0.235111, -0.133723, 0.962726),
      ["LowerTorso"] = CFrame.new(0.201322, 0.039209, 0.095790, 0.888766, -0.214453, -0.405099, 0.212251, 0.975886, -0.050948, 0.406256, -0.040702, 0.912852),
      ["RightFoot"] = CFrame.new(-0.000000, 0.000000, -0.000000, 0.957774, 0.246192, 0.148517, -0.235489, 0.968058, -0.086081, -0.164966, 0.047473, 0.985156),
      ["RightHand"] = CFrame.new(0.000000, 0.000000, 0.000000, 0.450612, -0.788199, 0.419152, 0.890957, 0.426570, -0.155684, -0.056084, 0.443600, 0.894468),
      ["RightLowerArm"] = CFrame.new(0.000000, 0.000000, -0.000000, 1.000000, 0.000001, -0.000000, 0.000001, 0.066094, -0.997814, 0.000001, 0.997813, 0.066090),
      ["RightLowerLeg"] = CFrame.new(-0.000000, -0.000000, -0.000000, 1.000000, 0.000000, 0.000000, 0.000000, 0.999999, 0.001286, -0.000000, -0.001286, 0.999999),
      ["RightUpperArm"] = CFrame.new(-0.000000, -0.065238, 0.000000, -0.085055, -0.133556, 0.987385, 0.449847, 0.879080, 0.157657, -0.889046, 0.457581, -0.014690),
      ["RightUpperLeg"] = CFrame.new(-0.000025, -0.000126, -0.004998, 0.968845, -0.015803, -0.247164, 0.057084, 0.985343, 0.160748, 0.241001, -0.169849, 0.955547),
      ["UpperTorso"] = CFrame.new(-0.000000, -0.000000, -0.000000, 0.967967, 0.247614, 0.041557, -0.249108, 0.967817, 0.035714, -0.031377, -0.044922, 0.998498)
    }},
    {Time = 7.667, Data = {
      ["Head"] = CFrame.new(-0.000000, 0.000000, -0.000000, 0.917317, 0.152091, 0.367965, -0.209205, 0.970428, 0.120431, -0.338767, -0.187453, 0.922008),
      ["LeftFoot"] = CFrame.new(-0.000000, 0.000000, 0.000000, 0.981201, -0.181661, 0.065152, 0.176253, 0.981014, 0.080907, -0.078613, -0.067904, 0.994590),
      ["LeftHand"] = CFrame.new(0.000000, 0.000000, 0.000000, 0.140032, -0.750886, -0.645416, 0.720275, 0.524521, -0.453961, 0.679408, -0.401308, 0.614294),
      ["LeftLowerArm"] = CFrame.new(-0.000000, 0.000000, -0.000000, 1.000000, -0.000000, -0.000000, 0.000000, 0.344498, -0.938787, 0.000000, 0.938787, 0.344498),
      ["LeftLowerLeg"] = CFrame.new(0.000000, -0.000000, -0.000000, 1.000000, -0.000000, -0.000000, 0.000000, 0.999994, 0.003414, -0.000000, -0.003414, 0.999994),
      ["LeftUpperArm"] = CFrame.new(-0.000000, -0.065238, 0.000000, 0.080746, -0.160711, -0.983693, -0.443659, 0.877963, -0.179854, 0.892551, 0.450947, -0.000409),
      ["LeftUpperLeg"] = CFrame.new(0.000026, 0.000126, 0.004997, 0.744364, 0.612173, 0.266771, -0.625013, 0.779348, -0.044451, -0.235119, -0.133647, 0.962734),
      ["LowerTorso"] = CFrame.new(0.201314, 0.039204, 0.095845, 0.888750, -0.214518, -0.405100, 0.212295, 0.975873, -0.051011, 0.406269, -0.040666, 0.912848),
      ["RightFoot"] = CFrame.new(-0.000000, 0.000000, 0.000000, 0.957788, 0.246137, 0.148521, -0.235435, 0.968072, -0.086072, -0.164965, 0.047472, 0.985156),
      ["RightHand"] = CFrame.new(-0.000000, -0.000000, 0.000000, 0.450659, -0.788146, 0.419199, 0.890925, 0.426661, -0.155616, -0.056203, 0.443605, 0.894458),
      ["RightLowerArm"] = CFrame.new(0.000000, -0.000000, 0.000000, 1.000000, 0.000001, -0.000001, 0.000001, 0.066122, -0.997812, 0.000001, 0.997812, 0.066118),
      ["RightLowerLeg"] = CFrame.new(-0.000000, 0.000000, -0.000000, 1.000000, 0.000000, -0.000000, 0.000000, 0.999999, 0.001283, -0.000000, -0.001283, 0.999999),
      ["RightUpperArm"] = CFrame.new(-0.000000, -0.065238, -0.000000, -0.085009, -0.133501, 0.987396, 0.449903, 0.879064, 0.157588, -0.889022, 0.457629, -0.014666),
      ["RightUpperLeg"] = CFrame.new(-0.000026, -0.000126, -0.004997, 0.968846, -0.015730, -0.247164, 0.056990, 0.985362, 0.160670, 0.241018, -0.169750, 0.955560),
      ["UpperTorso"] = CFrame.new(-0.000000, 0.000000, -0.000000, 0.967957, 0.247648, 0.041589, -0.249147, 0.967803, 0.035827, -0.031377, -0.045040, 0.998492)
    }},
    {Time = 7.700, Data = {
      ["Head"] = CFrame.new(0.000000, -0.000000, 0.000000, 0.917237, 0.152238, 0.368102, -0.209445, 0.970357, 0.120580, -0.338834, -0.187698, 0.921933),
      ["LeftFoot"] = CFrame.new(-0.000000, 0.000000, -0.000000, 0.981198, -0.181679, 0.065143, 0.176264, 0.981004, 0.081007, -0.078623, -0.068003, 0.994582),
      ["LeftHand"] = CFrame.new(-0.000000, 0.000000, -0.000000, 0.139515, -0.750714, -0.645728, 0.719360, 0.524968, -0.454896, 0.680483, -0.401046, 0.613274),
      ["LeftLowerArm"] = CFrame.new(-0.000000, 0.000000, 0.000000, 1.000000, -0.000000, 0.000000, 0.000000, 0.344498, -0.938787, -0.000000, 0.938787, 0.344497),
      ["LeftLowerLeg"] = CFrame.new(0.000000, -0.000000, 0.000000, 1.000000, 0.000000, 0.000000, 0.000000, 0.999994, 0.003411, -0.000000, -0.003411, 0.999994),
      ["LeftUpperArm"] = CFrame.new(-0.000000, -0.065237, -0.000000, 0.080754, -0.160750, -0.983686, -0.443734, 0.877917, -0.179893, 0.892513, 0.451022, -0.000435),
      ["LeftUpperLeg"] = CFrame.new(0.000026, 0.000126, 0.004997, 0.744323, 0.612242, 0.266726, -0.625058, 0.779307, -0.044535, -0.235127, -0.133570, 0.962743),
      ["LowerTorso"] = CFrame.new(0.201316, 0.039193, 0.096047, 0.888733, -0.214584, -0.405102, 0.212340, 0.975860, -0.051074, 0.406282, -0.040629, 0.912844),
      ["RightFoot"] = CFrame.new(0.000000, 0.000000, -0.000000, 0.957801, 0.246082, 0.148525, -0.235380, 0.968086, -0.086062, -0.164964, 0.047471, 0.985157),
      ["RightHand"] = CFrame.new(-0.000000, 0.000000, 0.000000, 0.450708, -0.788093, 0.419246, 0.890893, 0.426752, -0.155550, -0.056322, 0.443612, 0.894448),
      ["RightLowerArm"] = CFrame.new(0.000000, 0.000000, 0.000000, 1.000000, 0.000001, -0.000000, 0.000001, 0.066150, -0.997810, 0.000001, 0.997810, 0.066146),
      ["RightLowerLeg"] = CFrame.new(0.000000, 0.000000, 0.000000, 1.000000, -0.000000, 0.000000, 0.000000, 0.999999, 0.001279, -0.000000, -0.001280, 0.999999),
      ["RightUpperArm"] = CFrame.new(0.000000, -0.065238, -0.000000, -0.084963, -0.133446, 0.987407, 0.449959, 0.879048, 0.157519, -0.888999, 0.457676, -0.014642),
      ["RightUpperLeg"] = CFrame.new(-0.000025, -0.000126, -0.004997, 0.968847, -0.015657, -0.247163, 0.056896, 0.985380, 0.160592, 0.241035, -0.169651, 0.955573),
      ["UpperTorso"] = CFrame.new(0.000000, 0.000000, 0.000000, 0.967947, 0.247682, 0.041620, -0.249186, 0.967788, 0.035940, -0.031377, -0.045159, 0.998487)
    }},
    {Time = 7.733, Data = {
      ["Head"] = CFrame.new(0.000000, -0.000000, 0.000000, 0.917095, 0.152656, 0.368285, -0.210032, 0.970195, 0.120865, -0.338857, -0.188196, 0.921823),
      ["LeftFoot"] = CFrame.new(0.000000, 0.000000, -0.000000, 0.981195, -0.181696, 0.065134, 0.176274, 0.980994, 0.081108, -0.078633, -0.068102, 0.994575),
      ["LeftHand"] = CFrame.new(0.000000, -0.000000, -0.000000, 0.139043, -0.750552, -0.646018, 0.718504, 0.525390, -0.455761, 0.681483, -0.400795, 0.612326),
      ["LeftLowerArm"] = CFrame.new(0.000000, -0.000000, -0.000000, 1.000000, -0.000000, 0.000000, 0.000000, 0.344498, -0.938787, 0.000000, 0.938787, 0.344497),
      ["LeftLowerLeg"] = CFrame.new(0.000000, 0.000000, 0.000000, 1.000000, 0.000000, 0.000000, 0.000000, 0.999994, 0.003408, 0.000000, -0.003408, 0.999994),
      ["LeftUpperArm"] = CFrame.new(0.000000, -0.065239, -0.000000, 0.080748, -0.160792, -0.983680, -0.443920, 0.877816, -0.179928, 0.892421, 0.451204, -0.000497),
      ["LeftUpperLeg"] = CFrame.new(0.000026, 0.000126, 0.004997, 0.744283, 0.612311, 0.266681, -0.625103, 0.779265, -0.044618, -0.235136, -0.133494, 0.962752),
      ["LowerTorso"] = CFrame.new(0.201375, 0.039189, 0.096200, 0.888717, -0.214650, -0.405103, 0.212384, 0.975847, -0.051136, 0.406295, -0.040592, 0.912840),
      ["RightFoot"] = CFrame.new(-0.000000, 0.000000, -0.000000, 0.957815, 0.246027, 0.148530, -0.235326, 0.968100, -0.086053, -0.164963, 0.047470, 0.985157),
      ["RightHand"] = CFrame.new(0.000000, 0.000000, -0.000000, 0.450757, -0.788041, 0.419293, 0.890861, 0.426843, -0.155483, -0.056442, 0.443617, 0.894438),
      ["RightLowerArm"] = CFrame.new(0.000000, 0.000000, 0.000000, 1.000000, 0.000001, -0.000000, 0.000001, 0.066178, -0.997808, 0.000001, 0.997808, 0.066174),
      ["RightLowerLeg"] = CFrame.new(0.000000, -0.000000, -0.000000, 1.000000, 0.000000, -0.000000, -0.000000, 0.999999, 0.001276, 0.000000, -0.001276, 0.999999),
      ["RightUpperArm"] = CFrame.new(-0.000000, -0.065238, 0.000000, -0.084858, -0.133348, 0.987430, 0.450083, 0.879008, 0.157385, -0.888946, 0.457781, -0.014573),
      ["RightUpperLeg"] = CFrame.new(-0.000026, -0.000125, -0.004998, 0.968848, -0.015584, -0.247163, 0.056802, 0.985398, 0.160513, 0.241052, -0.169552, 0.955587),
      ["UpperTorso"] = CFrame.new(0.000000, 0.000000, 0.000000, 0.967938, 0.247703, 0.041714, -0.249219, 0.967771, 0.036182, -0.031407, -0.045417, 0.998474)
    }},
    {Time = 7.767, Data = {
      ["Head"] = CFrame.new(0.000000, 0.000000, -0.000000, 0.916944, 0.153243, 0.368415, -0.210794, 0.969991, 0.121174, -0.338790, -0.188769, 0.921730),
      ["LeftFoot"] = CFrame.new(0.000000, -0.000000, 0.000000, 0.981199, -0.181677, 0.065131, 0.176256, 0.980998, 0.081095, -0.078627, -0.068091, 0.994576),
      ["LeftHand"] = CFrame.new(0.000000, -0.000000, 0.000000, 0.138616, -0.750410, -0.646274, 0.717720, 0.525774, -0.456553, 0.682396, -0.400558, 0.611465),
      ["LeftLowerArm"] = CFrame.new(-0.000000, 0.000000, 0.000000, 1.000000, -0.000000, 0.000000, -0.000000, 0.344498, -0.938787, -0.000000, 0.938787, 0.344498),
      ["LeftLowerLeg"] = CFrame.new(0.000000, -0.000000, -0.000000, 1.000000, 0.000000, 0.000000, 0.000000, 0.999994, 0.003404, -0.000000, -0.003404, 0.999994),
      ["LeftUpperArm"] = CFrame.new(-0.000000, -0.065238, 0.000000, 0.080720, -0.160825, -0.983676, -0.444163, 0.877690, -0.179945, 0.892302, 0.451438, -0.000585),
      ["LeftUpperLeg"] = CFrame.new(0.000026, 0.000126, 0.004997, 0.744242, 0.612380, 0.266636, -0.625148, 0.779224, -0.044702, -0.235144, -0.133417, 0.962760),
      ["LowerTorso"] = CFrame.new(0.201367, 0.039173, 0.096254, 0.888700, -0.214715, -0.405105, 0.212428, 0.975834, -0.051199, 0.406309, -0.040555, 0.912836),
      ["RightFoot"] = CFrame.new(0.000000, 0.000000, -0.000000, 0.957815, 0.246024, 0.148535, -0.235327, 0.968102, -0.086024, -0.164961, 0.047442, 0.985159),
      ["RightHand"] = CFrame.new(-0.000000, 0.000000, 0.000000, 0.450788, -0.787992, 0.419352, 0.890839, 0.426907, -0.155433, -0.056541, 0.443642, 0.894419),
      ["RightLowerArm"] = CFrame.new(-0.000000, -0.000001, 0.000000, 1.000000, 0.000000, -0.000000, 0.000001, 0.066205, -0.997806, 0.000001, 0.997806, 0.066202),
      ["RightLowerLeg"] = CFrame.new(0.000000, -0.000000, 0.000000, 1.000000, 0.000000, 0.000000, 0.000000, 0.999999, 0.001277, 0.000000, -0.001277, 0.999999),
      ["RightUpperArm"] = CFrame.new(-0.000000, -0.065238, 0.000000, -0.084761, -0.133245, 0.987452, 0.450269, 0.878937, 0.157253, -0.888861, 0.457948, -0.014504),
      ["RightUpperLeg"] = CFrame.new(-0.000025, -0.000125, -0.004997, 0.968861, -0.015513, -0.247120, 0.056748, 0.985384, 0.160620, 0.241016, -0.169642, 0.955580),
      ["UpperTorso"] = CFrame.new(0.000000, 0.000000, 0.000000, 0.967932, 0.247704, 0.041845, -0.249237, 0.967752, 0.036545, -0.031444, -0.045803, 0.998456)
    }},
    {Time = 7.800, Data = {
      ["Head"] = CFrame.new(0.000000, 0.000000, 0.000000, 0.916789, 0.153983, 0.368492, -0.211721, 0.969746, 0.121521, -0.338632, -0.189426, 0.921654),
      ["LeftFoot"] = CFrame.new(0.000000, 0.000000, -0.000000, 0.981200, -0.181670, 0.065136, 0.176255, 0.981006, 0.081002, -0.078614, -0.067999, 0.994583),
      ["LeftHand"] = CFrame.new(-0.000000, 0.000000, -0.000000, 0.138222, -0.750275, -0.646516, 0.717012, 0.526121, -0.457263, 0.683219, -0.400356, 0.610678),
      ["LeftLowerArm"] = CFrame.new(-0.000000, -0.000000, 0.000000, 1.000000, 0.000000, 0.000000, 0.000000, 0.344498, -0.938787, 0.000000, 0.938787, 0.344497),
      ["LeftLowerLeg"] = CFrame.new(0.000000, -0.000000, 0.000000, 1.000000, 0.000000, -0.000000, -0.000000, 0.999994, 0.003407, -0.000000, -0.003407, 0.999994),
      ["LeftUpperArm"] = CFrame.new(-0.000000, -0.065238, 0.000000, 0.080688, -0.160855, -0.983674, -0.444473, 0.877530, -0.179957, 0.892151, 0.451737, -0.000690),
      ["LeftUpperLeg"] = CFrame.new(0.000025, 0.000125, 0.004997, 0.744197, 0.612413, 0.266686, -0.625226, 0.779171, -0.044556, -0.235081, -0.133580, 0.962753),
      ["LowerTorso"] = CFrame.new(0.201308, 0.039161, 0.096446, 0.888683, -0.214781, -0.405106, 0.212472, 0.975821, -0.051262, 0.406322, -0.040518, 0.912831),
      ["RightFoot"] = CFrame.new(0.000000, 0.000000, -0.000000, 0.957815, 0.246021, 0.148540, -0.235329, 0.968104, -0.085996, -0.164959, 0.047413, 0.985160),
      ["RightHand"] = CFrame.new(-0.000000, 0.000000, 0.000000, 0.450816, -0.787944, 0.419412, 0.890818, 0.426969, -0.155382, -0.056640, 0.443668, 0.894399),
      ["RightLowerArm"] = CFrame.new(-0.000000, 0.000001, -0.000000, 1.000000, 0.000001, -0.000001, 0.000001, 0.066234, -0.997804, 0.000001, 0.997804, 0.066230),
      ["RightLowerLeg"] = CFrame.new(0.000000, 0.000000, 0.000000, 1.000000, 0.000000, 0.000000, 0.000000, 0.999999, 0.001277, -0.000000, -0.001277, 0.999999),
      ["RightUpperArm"] = CFrame.new(0.000000, -0.065238, -0.000000, -0.084681, -0.133154, 0.987471, 0.450520, 0.878828, 0.157138, -0.888741, 0.458182, -0.014431),
      ["RightUpperLeg"] = CFrame.new(-0.000025, -0.000125, -0.004998, 0.968873, -0.015442, -0.247077, 0.056695, 0.985369, 0.160727, 0.240980, -0.169731, 0.955573),
      ["UpperTorso"] = CFrame.new(0.000000, -0.000000, -0.000000, 0.967930, 0.247682, 0.042017, -0.249238, 0.967734, 0.037014, -0.031494, -0.046300, 0.998431)
    }},
    {Time = 7.833, Data = {
      ["Head"] = CFrame.new(-0.000000, 0.000000, -0.000000, 0.916618, 0.154945, 0.368516, -0.212896, 0.969436, 0.121936, -0.338360, -0.190225, 0.921589),
      ["LeftFoot"] = CFrame.new(-0.000000, 0.000000, -0.000000, 0.981201, -0.181662, 0.065141, 0.176254, 0.981014, 0.080909, -0.078602, -0.067907, 0.994591),
      ["LeftHand"] = CFrame.new(-0.000000, 0.000000, -0.000000, 0.137870, -0.750163, -0.646721, 0.716394, 0.526416, -0.457893, 0.683938, -0.400177, 0.609989),
      ["LeftLowerArm"] = CFrame.new(-0.000000, 0.000000, 0.000000, 1.000000, 0.000000, -0.000000, 0.000000, 0.344498, -0.938787, 0.000000, 0.938787, 0.344498),
      ["LeftLowerLeg"] = CFrame.new(0.000000, -0.000000, 0.000000, 1.000000, 0.000000, -0.000000, 0.000000, 0.999994, 0.003409, 0.000000, -0.003409, 0.999994),
      ["LeftUpperArm"] = CFrame.new(0.000000, -0.065238, -0.000000, 0.080636, -0.160854, -0.983679, -0.444822, 0.877358, -0.179932, 0.891982, 0.452071, -0.000805),
      ["LeftUpperLeg"] = CFrame.new(0.000025, 0.000125, 0.004997, 0.744153, 0.612446, 0.266736, -0.625303, 0.779117, -0.044409, -0.235017, -0.133743, 0.962746),
      ["LowerTorso"] = CFrame.new(0.201206, 0.039161, 0.096578, 0.888667, -0.214847, -0.405108, 0.212516, 0.975809, -0.051325, 0.406335, -0.040481, 0.912827),
      ["RightFoot"] = CFrame.new(-0.000000, 0.000000, 0.000000, 0.957815, 0.246018, 0.148545, -0.235330, 0.968106, -0.085968, -0.164957, 0.047384, 0.985162),
      ["RightHand"] = CFrame.new(-0.000000, 0.000000, -0.000000, 0.450846, -0.787895, 0.419471, 0.890797, 0.427032, -0.155332, -0.056739, 0.443694, 0.894380),
      ["RightLowerArm"] = CFrame.new(0.000000, 0.000000, -0.000000, 1.000000, 0.000001, -0.000000, 0.000001, 0.066261, -0.997803, 0.000001, 0.997802, 0.066258),
      ["RightLowerLeg"] = CFrame.new(0.000000, -0.000000, 0.000000, 1.000000, -0.000000, -0.000000, 0.000000, 0.999999, 0.001278, 0.000000, -0.001278, 0.999999),
      ["RightUpperArm"] = CFrame.new(0.000000, -0.065237, 0.000000, -0.084619, -0.133065, 0.987488, 0.450802, 0.878702, 0.157036, -0.888604, 0.458450, -0.014369),
      ["RightUpperLeg"] = CFrame.new(-0.000026, -0.000126, -0.004997, 0.968885, -0.015370, -0.247034, 0.056642, 0.985355, 0.160833, 0.240945, -0.169821, 0.955566),
      ["UpperTorso"] = CFrame.new(0.000000, -0.000000, -0.000000, 0.967929, 0.247650, 0.042217, -0.249233, 0.967715, 0.037565, -0.031551, -0.046882, 0.998402)
    }},
    {Time = 7.867, Data = {
      ["Head"] = CFrame.new(-0.000000, -0.000000, 0.000000, 0.916435, 0.156094, 0.368485, -0.214292, 0.969064, 0.122447, -0.337972, -0.191179, 0.921534),
      ["LeftFoot"] = CFrame.new(0.000000, -0.000000, -0.000000, 0.981206, -0.181635, 0.065141, 0.176232, 0.981021, 0.080864, -0.078593, -0.067865, 0.994594),
      ["LeftHand"] = CFrame.new(-0.000000, 0.000000, 0.000000, 0.137566, -0.750066, -0.646897, 0.715863, 0.526670, -0.458432, 0.684555, -0.400025, 0.609396),
      ["LeftLowerArm"] = CFrame.new(0.000000, 0.000000, 0.000000, 1.000000, -0.000000, -0.000000, 0.000000, 0.344498, -0.938788, -0.000000, 0.938787, 0.344497),
      ["LeftLowerLeg"] = CFrame.new(0.000000, -0.000000, 0.000000, 1.000000, 0.000000, 0.000000, -0.000000, 0.999994, 0.003408, -0.000000, -0.003408, 0.999994),
      ["LeftUpperArm"] = CFrame.new(0.000000, -0.065238, -0.000000, 0.080578, -0.160866, -0.983682, -0.445179, 0.877181, -0.179916, 0.891809, 0.452411, -0.000932),
      ["LeftUpperLeg"] = CFrame.new(0.000026, 0.000126, 0.004997, 0.744124, 0.612457, 0.266789, -0.625366, 0.779077, -0.044233, -0.234940, -0.133925, 0.962739),
      ["LowerTorso"] = CFrame.new(0.201169, 0.039157, 0.096626, 0.888627, -0.214980, -0.405126, 0.212549, 0.975788, -0.051583, 0.406406, -0.040271, 0.912805),
      ["RightFoot"] = CFrame.new(-0.000000, 0.000000, -0.000000, 0.957811, 0.246029, 0.148552, -0.235353, 0.968107, -0.085898, -0.164948, 0.047313, 0.985167),
      ["RightHand"] = CFrame.new(-0.000000, 0.000000, 0.000000, 0.450794, -0.787922, 0.419477, 0.890826, 0.426961, -0.155355, -0.056689, 0.443715, 0.894373),
      ["RightLowerArm"] = CFrame.new(-0.000000, 0.000000, 0.000000, 1.000000, 0.000001, -0.000000, 0.000001, 0.066289, -0.997801, 0.000001, 0.997800, 0.066286),
      ["RightLowerLeg"] = CFrame.new(-0.000000, -0.000000, -0.000000, 1.000000, -0.000000, 0.000000, 0.000000, 0.999999, 0.001275, 0.000000, -0.001275, 0.999999),
      ["RightUpperArm"] = CFrame.new(-0.000000, -0.065238, -0.000000, -0.084563, -0.133001, 0.987502, 0.451135, 0.878545, 0.156959, -0.888440, 0.458770, -0.014291),
      ["RightUpperLeg"] = CFrame.new(-0.000026, -0.000126, -0.004997, 0.968901, -0.015408, -0.246967, 0.056707, 0.985326, 0.160987, 0.240862, -0.169985, 0.955558),
      ["UpperTorso"] = CFrame.new(-0.000000, -0.000000, 0.000000, 0.967933, 0.247599, 0.042428, -0.249209, 0.967698, 0.038140, -0.031615, -0.047490, 0.998371)
    }},
    {Time = 7.900, Data = {
      ["Head"] = CFrame.new(0.000000, 0.000001, -0.000000, 0.916224, 0.157449, 0.368434, -0.215921, 0.968631, 0.123011, -0.337509, -0.192258, 0.921480),
      ["LeftFoot"] = CFrame.new(0.000000, 0.000000, 0.000000, 0.981211, -0.181608, 0.065143, 0.176208, 0.981029, 0.080819, -0.078584, -0.067822, 0.994598),
      ["LeftHand"] = CFrame.new(-0.000000, 0.000000, 0.000000, 0.137317, -0.749984, -0.647046, 0.715417, 0.526885, -0.458880, 0.685072, -0.399895, 0.608901),
      ["LeftLowerArm"] = CFrame.new(-0.000000, -0.000000, 0.000000, 1.000000, -0.000000, -0.000000, 0.000000, 0.344498, -0.938787, 0.000000, 0.938787, 0.344497),
      ["LeftLowerLeg"] = CFrame.new(0.000000, -0.000000, 0.000000, 1.000000, -0.000000, 0.000000, 0.000000, 0.999994, 0.003407, -0.000000, -0.003407, 0.999994),
      ["LeftUpperArm"] = CFrame.new(0.000000, -0.065238, 0.000000, 0.080503, -0.160850, -0.983690, -0.445619, 0.876967, -0.179867, 0.891596, 0.452830, -0.001079),
      ["LeftUpperLeg"] = CFrame.new(0.000026, 0.000126, 0.004997, 0.744096, 0.612468, 0.266841, -0.625428, 0.779037, -0.044056, -0.234863, -0.134108, 0.962733),
      ["LowerTorso"] = CFrame.new(0.201038, 0.039145, 0.096755, 0.888586, -0.215113, -0.405144, 0.212581, 0.975767, -0.051840, 0.406477, -0.040062, 0.912782),
      ["RightFoot"] = CFrame.new(-0.000000, 0.000000, -0.000000, 0.957806, 0.246041, 0.148559, -0.235376, 0.968107, -0.085829, -0.164939, 0.047241, 0.985172),
      ["RightHand"] = CFrame.new(0.000000, -0.000000, 0.000000, 0.450741, -0.787949, 0.419483, 0.890856, 0.426891, -0.155379, -0.056640, 0.443735, 0.894367),
      ["RightLowerArm"] = CFrame.new(0.000000, 0.000000, 0.000000, 1.000000, 0.000001, -0.000000, 0.000001, 0.066317, -0.997799, 0.000001, 0.997799, 0.066314),
      ["RightLowerLeg"] = CFrame.new(0.000000, -0.000000, -0.000000, 1.000000, 0.000000, 0.000000, 0.000000, 0.999999, 0.001272, -0.000000, -0.001272, 0.999999),
      ["RightUpperArm"] = CFrame.new(0.000000, -0.065238, -0.000000, -0.084535, -0.132940, 0.987512, 0.451546, 0.878345, 0.156898, -0.888234, 0.459170, -0.014222),
      ["RightUpperLeg"] = CFrame.new(-0.000026, -0.000126, -0.004998, 0.968918, -0.015446, -0.246900, 0.056771, 0.985297, 0.161140, 0.240780, -0.170148, 0.955549),
      ["UpperTorso"] = CFrame.new(-0.000000, -0.000000, -0.000000, 0.967938, 0.247537, 0.042684, -0.249184, 0.967675, 0.038895, -0.031677, -0.048284, 0.998331)
    }},
    {Time = 7.933, Data = {
      ["Head"] = CFrame.new(-0.000000, 0.000000, -0.000000, 0.915992, 0.158936, 0.368371, -0.217708, 0.968151, 0.123637, -0.336988, -0.193448, 0.921421),
      ["LeftFoot"] = CFrame.new(0.000000, 0.000000, -0.000000, 0.981224, -0.181535, 0.065150, 0.176145, 0.981052, 0.080687, -0.078563, -0.067696, 0.994608),
      ["LeftHand"] = CFrame.new(-0.000000, -0.000000, -0.000000, 0.137126, -0.749914, -0.647168, 0.715062, 0.527063, -0.459229, 0.685480, -0.399792, 0.608509),
      ["LeftLowerArm"] = CFrame.new(-0.000000, 0.000000, -0.000000, 1.000000, 0.000000, -0.000000, 0.000000, 0.344498, -0.938787, 0.000000, 0.938787, 0.344498),
      ["LeftLowerLeg"] = CFrame.new(-0.000000, 0.000000, 0.000000, 1.000000, 0.000000, -0.000000, 0.000000, 0.999994, 0.003408, 0.000000, -0.003408, 0.999994),
      ["LeftUpperArm"] = CFrame.new(0.000000, -0.065238, 0.000000, 0.080410, -0.160815, -0.983703, -0.446124, 0.876726, -0.179794, 0.891352, 0.453311, -0.001246),
      ["LeftUpperLeg"] = CFrame.new(0.000026, 0.000125, 0.004997, 0.744086, 0.612439, 0.266936, -0.625480, 0.779011, -0.043775, -0.234756, -0.134390, 0.962720),
      ["LowerTorso"] = CFrame.new(0.200911, 0.039145, 0.096757, 0.888544, -0.215265, -0.405154, 0.212613, 0.975744, -0.052146, 0.406552, -0.039807, 0.912760),
      ["RightFoot"] = CFrame.new(-0.000000, 0.000000, 0.000000, 0.957804, 0.246044, 0.148567, -0.235390, 0.968110, -0.085761, -0.164931, 0.047171, 0.985177),
      ["RightHand"] = CFrame.new(-0.000000, -0.000000, 0.000000, 0.450670, -0.787985, 0.419492, 0.890896, 0.426801, -0.155398, -0.056585, 0.443757, 0.894359),
      ["RightLowerArm"] = CFrame.new(0.000000, 0.000000, -0.000000, 1.000000, 0.000001, -0.000000, 0.000001, 0.066403, -0.997793, 0.000001, 0.997793, 0.066400),
      ["RightLowerLeg"] = CFrame.new(-0.000000, -0.000000, 0.000000, 1.000000, -0.000000, 0.000000, -0.000000, 0.999999, 0.001270, 0.000000, -0.001270, 0.999999),
      ["RightUpperArm"] = CFrame.new(-0.000000, -0.065238, -0.000000, -0.084541, -0.132890, 0.987519, 0.452015, 0.878110, 0.156864, -0.887995, 0.459634, -0.014168),
      ["RightUpperLeg"] = CFrame.new(-0.000025, -0.000126, -0.004998, 0.968937, -0.015451, -0.246824, 0.056816, 0.985260, 0.161351, 0.240693, -0.170362, 0.955533),
      ["UpperTorso"] = CFrame.new(0.000000, -0.000000, 0.000000, 0.967951, 0.247439, 0.042959, -0.249123, 0.967659, 0.039660, -0.031757, -0.049091, 0.998289)
    }},
    {Time = 7.967, Data = {
      ["Head"] = CFrame.new(-0.000000, 0.000000, -0.000000, 0.915732, 0.160585, 0.368305, -0.219687, 0.967616, 0.124325, -0.336413, -0.194760, 0.921355),
      ["LeftFoot"] = CFrame.new(-0.000000, -0.000000, 0.000000, 0.981237, -0.181464, 0.065157, 0.176083, 0.981073, 0.080559, -0.078543, -0.067575, 0.994618),
      ["LeftHand"] = CFrame.new(0.000000, -0.000000, 0.000000, 0.136991, -0.749869, -0.647248, 0.714816, 0.527182, -0.459474, 0.685763, -0.399719, 0.608238),
      ["LeftLowerArm"] = CFrame.new(0.000000, 0.000000, 0.000000, 1.000000, -0.000000, 0.000000, 0.000000, 0.344498, -0.938787, -0.000000, 0.938787, 0.344498),
      ["LeftLowerLeg"] = CFrame.new(0.000000, 0.000000, -0.000000, 1.000000, -0.000000, 0.000000, -0.000000, 0.999994, 0.003408, -0.000000, -0.003408, 0.999994),
      ["LeftUpperArm"] = CFrame.new(-0.000000, -0.065238, 0.000000, 0.080327, -0.160796, -0.983714, -0.446609, 0.876490, -0.179738, 0.891116, 0.453773, -0.001407),
      ["LeftUpperLeg"] = CFrame.new(0.000026, 0.000126, 0.004997, 0.744076, 0.612410, 0.267031, -0.625534, 0.778983, -0.043485, -0.234644, -0.134680, 0.962706),
      ["LowerTorso"] = CFrame.new(0.200725, 0.039148, 0.096790, 0.888495, -0.215416, -0.405183, 0.212633, 0.975722, -0.052475, 0.406649, -0.039531, 0.912729),
      ["RightFoot"] = CFrame.new(0.000000, 0.000000, -0.000000, 0.957800, 0.246056, 0.148574, -0.235414, 0.968110, -0.085692, -0.164922, 0.047100, 0.985181),
      ["RightHand"] = CFrame.new(-0.000000, 0.000000, -0.000000, 0.450599, -0.788021, 0.419501, 0.890935, 0.426711, -0.155418, -0.056530, 0.443780, 0.894351),
      ["RightLowerArm"] = CFrame.new(-0.000000, -0.000000, -0.000000, 1.000000, 0.000001, -0.000001, 0.000001, 0.066488, -0.997787, 0.000001, 0.997787, 0.066485),
      ["RightLowerLeg"] = CFrame.new(0.000000, 0.000001, 0.000000, 1.000000, 0.000000, -0.000000, -0.000000, 0.999999, 0.001267, 0.000000, -0.001267, 0.999999),
      ["RightUpperArm"] = CFrame.new(-0.000000, -0.065238, 0.000000, -0.084592, -0.132850, 0.987520, 0.452483, 0.877869, 0.156860, -0.887752, 0.460105, -0.014148),
      ["RightUpperLeg"] = CFrame.new(-0.000026, -0.000126, -0.004998, 0.968956, -0.015503, -0.246748, 0.056913, 0.985217, 0.161579, 0.240595, -0.170606, 0.955514),
      ["UpperTorso"] = CFrame.new(-0.000000, 0.000000, -0.000000, 0.967961, 0.247349, 0.043258, -0.249074, 0.967639, 0.040464, -0.031849, -0.049942, 0.998244)
    }},
    {Time = 8.000, Data = {
      ["Head"] = CFrame.new(0.000000, -0.000001, 0.000000, 0.915453, 0.162288, 0.368251, -0.221778, 0.967032, 0.125158, -0.335799, -0.196246, 0.921263),
      ["LeftFoot"] = CFrame.new(-0.000000, 0.000000, 0.000000, 0.981251, -0.181387, 0.065165, 0.176016, 0.981095, 0.080434, -0.078522, -0.067457, 0.994628),
      ["LeftHand"] = CFrame.new(0.000000, -0.000000, -0.000000, 0.137035, -0.749884, -0.647221, 0.714898, 0.527142, -0.459394, 0.685669, -0.399743, 0.608327),
      ["LeftLowerArm"] = CFrame.new(0.000000, 0.000000, 0.000000, 1.000000, 0.000000, -0.000000, 0.000000, 0.344498, -0.938787, 0.000000, 0.938787, 0.344497),
      ["LeftLowerLeg"] = CFrame.new(0.000000, 0.000000, -0.000000, 1.000000, -0.000000, 0.000000, -0.000000, 0.999994, 0.003408, -0.000000, -0.003408, 0.999994),
      ["LeftUpperArm"] = CFrame.new(0.000000, -0.065238, -0.000000, 0.080250, -0.160774, -0.983723, -0.447029, 0.876287, -0.179683, 0.890912, 0.454173, -0.001549),
      ["LeftUpperLeg"] = CFrame.new(0.000026, 0.000126, 0.004997, 0.744078, 0.612365, 0.267129, -0.625574, 0.778968, -0.043187, -0.234531, -0.134973, 0.962693),
      ["LowerTorso"] = CFrame.new(0.200567, 0.039156, 0.096767, 0.888457, -0.215569, -0.405185, 0.212648, 0.975700, -0.052819, 0.406726, -0.039235, 0.912707),
      ["RightFoot"] = CFrame.new(0.000000, 0.000000, 0.000000, 0.957787, 0.246097, 0.148590, -0.235477, 0.968107, -0.085555, -0.164906, 0.046955, 0.985191),
      ["RightHand"] = CFrame.new(0.000000, 0.000000, -0.000000, 0.450526, -0.788057, 0.419511, 0.890975, 0.426621, -0.155437, -0.056475, 0.443803, 0.894343),
      ["RightLowerArm"] = CFrame.new(0.000000, -0.000000, -0.000000, 1.000000, 0.000001, -0.000001, 0.000001, 0.066574, -0.997782, 0.000001, 0.997781, 0.066571),
      ["RightLowerLeg"] = CFrame.new(-0.000000, -0.000000, 0.000000, 1.000000, 0.000000, 0.000000, 0.000000, 0.999999, 0.001265, -0.000000, -0.001265, 0.999999),
      ["RightUpperArm"] = CFrame.new(0.000000, -0.065238, 0.000000, -0.084657, -0.132846, 0.987515, 0.452955, 0.877620, 0.156893, -0.887505, 0.460581, -0.014123),
      ["RightUpperLeg"] = CFrame.new(-0.000026, -0.000126, -0.004998, 0.968976, -0.015561, -0.246665, 0.057018, 0.985171, 0.161823, 0.240489, -0.170867, 0.955494),
      ["UpperTorso"] = CFrame.new(0.000000, -0.000000, 0.000000, 0.967969, 0.247270, 0.043518, -0.249032, 0.967618, 0.041196, -0.031922, -0.050714, 0.998203)
    }},
    {Time = 8.033, Data = {
      ["Head"] = CFrame.new(-0.000000, -0.000000, 0.000000, 0.915157, 0.164024, 0.368217, -0.223976, 0.966392, 0.126180, -0.335146, -0.197947, 0.921138),
      ["LeftFoot"] = CFrame.new(-0.000000, 0.000000, 0.000000, 0.981269, -0.181281, 0.065188, 0.175922, 0.981127, 0.080252, -0.078506, -0.067281, 0.994641),
      ["LeftHand"] = CFrame.new(0.000000, 0.000000, 0.000000, 0.137080, -0.749899, -0.647195, 0.714979, 0.527103, -0.459312, 0.685575, -0.399769, 0.608417),
      ["LeftLowerArm"] = CFrame.new(0.000000, -0.000000, -0.000000, 1.000000, -0.000000, -0.000000, 0.000000, 0.344498, -0.938787, 0.000000, 0.938787, 0.344498),
      ["LeftLowerLeg"] = CFrame.new(-0.000000, -0.000000, 0.000000, 1.000000, 0.000000, -0.000000, -0.000000, 0.999994, 0.003409, -0.000000, -0.003409, 0.999994),
      ["LeftUpperArm"] = CFrame.new(0.000000, -0.065238, -0.000000, 0.080190, -0.160747, -0.983733, -0.447340, 0.876139, -0.179631, 0.890762, 0.454467, -0.001651),
      ["LeftUpperLeg"] = CFrame.new(0.000025, 0.000126, 0.004998, 0.744089, 0.612297, 0.267253, -0.625608, 0.778960, -0.042831, -0.234406, -0.135325, 0.962674),
      ["LowerTorso"] = CFrame.new(0.200515, 0.039156, 0.096759, 0.888423, -0.215723, -0.405177, 0.212658, 0.975679, -0.053173, 0.406793, -0.038925, 0.912691),
      ["RightFoot"] = CFrame.new(-0.000000, 0.000000, 0.000000, 0.957774, 0.246140, 0.148605, -0.235542, 0.968103, -0.085423, -0.164892, 0.046814, 0.985200),
      ["RightHand"] = CFrame.new(0.000000, 0.000000, 0.000000, 0.450415, -0.788175, 0.419409, 0.891042, 0.426461, -0.155492, -0.056302, 0.443747, 0.894382),
      ["RightLowerArm"] = CFrame.new(0.000000, 0.000000, 0.000000, 1.000000, 0.000001, -0.000000, 0.000000, 0.066652, -0.997777, 0.000001, 0.997776, 0.066648),
      ["RightLowerLeg"] = CFrame.new(0.000000, 0.000000, -0.000000, 1.000000, -0.000000, -0.000000, 0.000000, 0.999999, 0.001263, 0.000000, -0.001263, 0.999999),
      ["RightUpperArm"] = CFrame.new(-0.000000, -0.065238, 0.000000, -0.084776, -0.132852, 0.987504, 0.453342, 0.877408, 0.156959, -0.887296, 0.460983, -0.014155),
      ["RightUpperLeg"] = CFrame.new(-0.000026, -0.000126, -0.004997, 0.968998, -0.015630, -0.246575, 0.057140, 0.985119, 0.162097, 0.240372, -0.171161, 0.955471),
      ["UpperTorso"] = CFrame.new(0.000000, 0.000000, 0.000000, 0.967978, 0.247196, 0.043737, -0.248989, 0.967602, 0.041831, -0.031980, -0.051381, 0.998167)
    }},
    {Time = 8.067, Data = {
      ["Head"] = CFrame.new(0.000000, -0.000000, 0.000000, 0.914839, 0.165857, 0.368186, -0.226314, 0.965699, 0.127307, -0.334442, -0.199791, 0.920995),
      ["LeftFoot"] = CFrame.new(0.000000, -0.000000, 0.000000, 0.981287, -0.181173, 0.065212, 0.175827, 0.981159, 0.080067, -0.078490, -0.067103, 0.994654),
      ["LeftHand"] = CFrame.new(-0.000000, 0.000000, 0.000000, 0.137123, -0.749914, -0.647168, 0.715061, 0.527062, -0.459231, 0.685481, -0.399794, 0.608506),
      ["LeftLowerArm"] = CFrame.new(-0.000000, -0.000001, 0.000000, 1.000000, -0.000000, -0.000000, 0.000000, 0.344498, -0.938787, -0.000000, 0.938787, 0.344497),
      ["LeftLowerLeg"] = CFrame.new(0.000000, 0.000000, -0.000000, 1.000000, 0.000000, 0.000000, -0.000000, 0.999994, 0.003411, -0.000000, -0.003411, 0.999994),
      ["LeftUpperArm"] = CFrame.new(0.000000, -0.065238, -0.000000, 0.080162, -0.160706, -0.983742, -0.447571, 0.876031, -0.179581, 0.890648, 0.454690, -0.001703),
      ["LeftUpperLeg"] = CFrame.new(0.000025, 0.000126, 0.004997, 0.744106, 0.612221, 0.267380, -0.625634, 0.778959, -0.042473, -0.234282, -0.135677, 0.962655),
      ["LowerTorso"] = CFrame.new(0.200303, 0.039159, 0.096728, 0.888383, -0.215871, -0.405186, 0.212666, 0.975658, -0.053524, 0.406877, -0.038620, 0.912666),
      ["RightFoot"] = CFrame.new(0.000000, 0.000000, 0.000000, 0.957756, 0.246209, 0.148607, -0.235628, 0.968091, -0.085325, -0.164873, 0.046706, 0.985208),
      ["RightHand"] = CFrame.new(0.000000, 0.000000, -0.000000, 0.450304, -0.788293, 0.419306, 0.891110, 0.426300, -0.155546, -0.056130, 0.443691, 0.894421),
      ["RightLowerArm"] = CFrame.new(0.000000, -0.000000, 0.000000, 1.000000, 0.000001, -0.000000, 0.000000, 0.066730, -0.997771, 0.000001, 0.997771, 0.066726),
      ["RightLowerLeg"] = CFrame.new(0.000000, 0.000000, 0.000000, 1.000000, -0.000000, 0.000000, 0.000000, 0.999999, 0.001260, -0.000000, -0.001260, 0.999999),
      ["RightUpperArm"] = CFrame.new(0.000000, -0.065238, 0.000000, -0.084883, -0.132853, 0.987494, 0.453642, 0.877243, 0.157014, -0.887133, 0.461296, -0.014195),
      ["RightUpperLeg"] = CFrame.new(-0.000026, -0.000126, -0.004997, 0.969016, -0.015739, -0.246493, 0.057301, 0.985068, 0.162351, 0.240257, -0.171445, 0.955449),
      ["UpperTorso"] = CFrame.new(0.000000, 0.000000, 0.000000, 0.967989, 0.247122, 0.043923, -0.248943, 0.967589, 0.042402, -0.032021, -0.051978, 0.998135)
    }},
    {Time = 8.100, Data = {
      ["Head"] = CFrame.new(0.000000, 0.000000, 0.000000, 0.914501, 0.167766, 0.368162, -0.228755, 0.964966, 0.128497, -0.333706, -0.201729, 0.920840),
      ["LeftFoot"] = CFrame.new(0.000000, 0.000000, -0.000000, 0.981308, -0.181058, 0.065214, 0.175722, 0.981188, 0.079943, -0.078461, -0.066989, 0.994664),
      ["LeftHand"] = CFrame.new(0.000000, 0.000000, -0.000000, 0.137167, -0.749929, -0.647142, 0.715143, 0.527022, -0.459150, 0.685387, -0.399818, 0.608596),
      ["LeftLowerArm"] = CFrame.new(0.000000, -0.000000, -0.000000, 1.000000, -0.000000, 0.000000, 0.000000, 0.344498, -0.938787, -0.000000, 0.938787, 0.344497),
      ["LeftLowerLeg"] = CFrame.new(-0.000000, -0.000000, 0.000000, 1.000000, 0.000000, -0.000000, -0.000000, 0.999994, 0.003411, 0.000000, -0.003411, 0.999994),
      ["LeftUpperArm"] = CFrame.new(-0.000000, -0.065238, 0.000000, 0.080184, -0.160688, -0.983743, -0.447775, 0.875928, -0.179574, 0.890544, 0.454894, -0.001717),
      ["LeftUpperLeg"] = CFrame.new(0.000026, 0.000126, 0.004997, 0.744135, 0.612131, 0.267506, -0.625646, 0.778969, -0.042113, -0.234158, -0.136026, 0.962635),
      ["LowerTorso"] = CFrame.new(0.200095, 0.039167, 0.096671, 0.888337, -0.216028, -0.405204, 0.212660, 0.975637, -0.053924, 0.406981, -0.038268, 0.912635),
      ["RightFoot"] = CFrame.new(-0.000000, 0.000000, 0.000000, 0.957739, 0.246274, 0.148609, -0.235709, 0.968079, -0.085234, -0.164857, 0.046604, 0.985216),
      ["RightHand"] = CFrame.new(-0.000000, -0.000000, -0.000000, 0.450395, -0.788223, 0.419340, 0.891066, 0.426350, -0.155659, -0.056088, 0.443768, 0.894385),
      ["RightLowerArm"] = CFrame.new(-0.000000, -0.000000, 0.000000, 1.000000, 0.000001, -0.000000, 0.000001, 0.066807, -0.997766, 0.000001, 0.997766, 0.066803),
      ["RightLowerLeg"] = CFrame.new(0.000000, 0.000000, 0.000000, 1.000000, -0.000000, 0.000000, -0.000000, 0.999999, 0.001258, 0.000000, -0.001258, 0.999999),
      ["RightUpperArm"] = CFrame.new(0.000000, -0.065238, -0.000000, -0.084881, -0.132837, 0.987497, 0.453870, 0.877127, 0.157003, -0.887016, 0.461521, -0.014160),
      ["RightUpperLeg"] = CFrame.new(-0.000025, -0.000126, -0.004998, 0.969039, -0.015844, -0.246397, 0.057472, 0.985004, 0.162677, 0.240125, -0.171801, 0.955419),
      ["UpperTorso"] = CFrame.new(0.000000, 0.000000, -0.000000, 0.968008, 0.247013, 0.044105, -0.248863, 0.967584, 0.042989, -0.032057, -0.052589, 0.998102)
    }},
    {Time = 8.133, Data = {
      ["Head"] = CFrame.new(-0.000000, -0.000000, -0.000000, 0.914158, 0.169668, 0.368141, -0.231199, 0.964220, 0.129721, -0.332959, -0.203699, 0.920676),
      ["LeftFoot"] = CFrame.new(0.000000, -0.000000, 0.000000, 0.981329, -0.180944, 0.065216, 0.175619, 0.981218, 0.079807, -0.078432, -0.066864, 0.994675),
      ["LeftHand"] = CFrame.new(-0.000000, -0.000000, 0.000000, 0.137432, -0.750028, -0.646970, 0.715634, 0.526775, -0.458669, 0.684821, -0.399957, 0.609141),
      ["LeftLowerArm"] = CFrame.new(-0.000000, 0.000000, -0.000000, 1.000000, -0.000000, 0.000000, 0.000000, 0.344499, -0.938787, -0.000000, 0.938787, 0.344498),
      ["LeftLowerLeg"] = CFrame.new(0.000000, 0.000000, 0.000000, 1.000000, 0.000000, 0.000000, 0.000000, 0.999994, 0.003412, -0.000000, -0.003412, 0.999994),
      ["LeftUpperArm"] = CFrame.new(-0.000000, -0.065238, 0.000000, 0.080225, -0.160639, -0.983747, -0.447958, 0.875840, -0.179550, 0.890448, 0.455082, -0.001696),
      ["LeftUpperLeg"] = CFrame.new(0.000026, 0.000125, 0.004998, 0.744168, 0.612028, 0.267651, -0.625660, 0.778980, -0.041700, -0.234017, -0.136426, 0.962613),
      ["LowerTorso"] = CFrame.new(0.199896, 0.039170, 0.096559, 0.888287, -0.216187, -0.405229, 0.212648, 0.975616, -0.054347, 0.407097, -0.037896, 0.912599),
      ["RightFoot"] = CFrame.new(0.000000, 0.000000, 0.000000, 0.957722, 0.246340, 0.148610, -0.235792, 0.968068, -0.085137, -0.164838, 0.046497, 0.985224),
      ["RightHand"] = CFrame.new(-0.000000, 0.000000, -0.000000, 0.450486, -0.788153, 0.419374, 0.891022, 0.426399, -0.155772, -0.056046, 0.443846, 0.894349),
      ["RightLowerArm"] = CFrame.new(-0.000000, -0.000000, -0.000000, 1.000000, 0.000001, -0.000000, 0.000001, 0.066885, -0.997761, 0.000001, 0.997761, 0.066882),
      ["RightLowerLeg"] = CFrame.new(0.000000, 0.000000, 0.000000, 1.000000, -0.000000, 0.000000, 0.000000, 0.999999, 0.001256, 0.000000, -0.001256, 0.999999),
      ["RightUpperArm"] = CFrame.new(0.000000, -0.065238, -0.000000, -0.084805, -0.132811, 0.987507, 0.454041, 0.877048, 0.156948, -0.886936, 0.461679, -0.014076),
      ["RightUpperLeg"] = CFrame.new(-0.000026, -0.000126, -0.004997, 0.969063, -0.015966, -0.246295, 0.057659, 0.984939, 0.163006, 0.239983, -0.172164, 0.955389),
      ["UpperTorso"] = CFrame.new(-0.000000, -0.000000, 0.000000, 0.968027, 0.246904, 0.044290, -0.248781, 0.967581, 0.043524, -0.032108, -0.053150, 0.998070)
    }},
    {Time = 8.167, Data = {
      ["Head"] = CFrame.new(0.000000, -0.000000, -0.000000, 0.913812, 0.171566, 0.368119, -0.233643, 0.963463, 0.130956, -0.332202, -0.205678, 0.920510),
      ["LeftFoot"] = CFrame.new(-0.000000, -0.000000, 0.000000, 0.981347, -0.180840, 0.065232, 0.175531, 0.981251, 0.079593, -0.078403, -0.066659, 0.994691),
      ["LeftHand"] = CFrame.new(-0.000000, 0.000000, -0.000000, 0.137818, -0.750147, -0.646750, 0.716273, 0.526476, -0.458012, 0.684075, -0.400127, 0.609868),
      ["LeftLowerArm"] = CFrame.new(-0.000000, -0.000000, 0.000000, 1.000000, -0.000000, 0.000000, 0.000000, 0.344498, -0.938787, 0.000000, 0.938787, 0.344497),
      ["LeftLowerLeg"] = CFrame.new(0.000000, 0.000000, 0.000000, 1.000000, 0.000000, 0.000000, 0.000000, 0.999994, 0.003414, 0.000000, -0.003414, 0.999994),
      ["LeftUpperArm"] = CFrame.new(-0.000000, -0.065238, 0.000000, 0.080310, -0.160609, -0.983745, -0.448117, 0.875756, -0.179562, 0.890360, 0.455253, -0.001639),
      ["LeftUpperLeg"] = CFrame.new(0.000026, 0.000126, 0.004997, 0.744200, 0.611919, 0.267808, -0.625676, 0.778991, -0.041265, -0.233871, -0.136851, 0.962588),
      ["LowerTorso"] = CFrame.new(0.199688, 0.039181, 0.096503, 0.888250, -0.216340, -0.405228, 0.212631, 0.975597, -0.054761, 0.407186, -0.037523, 0.912574),
      ["RightFoot"] = CFrame.new(0.000000, 0.000000, 0.000000, 0.957697, 0.246430, 0.148619, -0.235904, 0.968051, -0.085007, -0.164819, 0.046352, 0.985234),
      ["RightHand"] = CFrame.new(-0.000000, -0.000000, 0.000000, 0.450572, -0.788084, 0.419410, 0.890982, 0.426445, -0.155882, -0.056003, 0.443924, 0.894313),
      ["RightLowerArm"] = CFrame.new(0.000000, -0.000000, 0.000000, 1.000000, 0.000001, -0.000001, 0.000001, 0.066973, -0.997755, 0.000001, 0.997755, 0.066970),
      ["RightLowerLeg"] = CFrame.new(0.000000, 0.000000, -0.000000, 1.000000, 0.000000, 0.000000, 0.000000, 0.999999, 0.001254, 0.000000, -0.001254, 0.999999),
      ["RightUpperArm"] = CFrame.new(0.000000, -0.065238, -0.000000, -0.084678, -0.132755, 0.987525, 0.454143, 0.877015, 0.156840, -0.886896, 0.461758, -0.013975),
      ["RightUpperLeg"] = CFrame.new(-0.000026, -0.000125, -0.004998, 0.969085, -0.016092, -0.246200, 0.057851, 0.984874, 0.163327, 0.239849, -0.172521, 0.955358),
      ["UpperTorso"] = CFrame.new(0.000000, 0.000000, -0.000000, 0.968057, 0.246758, 0.044461, -0.248662, 0.967587, 0.044072, -0.032145, -0.053720, 0.998038)
    }},
    {Time = 8.200, Data = {
      ["Head"] = CFrame.new(0.000000, 0.000000, -0.000000, 0.913461, 0.173459, 0.368104, -0.236088, 0.962695, 0.132214, -0.331438, -0.207677, 0.920336),
      ["LeftFoot"] = CFrame.new(0.000000, -0.000000, -0.000000, 0.981365, -0.180735, 0.065250, 0.175443, 0.981285, 0.079364, -0.078372, -0.066438, 0.994708),
      ["LeftHand"] = CFrame.new(0.000000, -0.000000, -0.000000, 0.138271, -0.750294, -0.646483, 0.717093, 0.526081, -0.457184, 0.683125, -0.400373, 0.610772),
      ["LeftLowerArm"] = CFrame.new(0.000000, -0.000000, -0.000000, 1.000000, 0.000000, -0.000000, 0.000000, 0.344498, -0.938787, 0.000000, 0.938787, 0.344498),
      ["LeftLowerLeg"] = CFrame.new(0.000000, -0.000000, 0.000000, 1.000000, -0.000000, 0.000000, 0.000000, 0.999994, 0.003417, -0.000000, -0.003417, 0.999994),
      ["LeftUpperArm"] = CFrame.new(-0.000000, -0.065238, 0.000000, 0.080426, -0.160573, -0.983742, -0.448251, 0.875684, -0.179582, 0.890282, 0.455406, -0.001550),
      ["LeftUpperLeg"] = CFrame.new(0.000026, 0.000126, 0.004997, 0.744243, 0.611789, 0.267986, -0.625686, 0.779009, -0.040772, -0.233708, -0.137330, 0.962560),
      ["LowerTorso"] = CFrame.new(0.199492, 0.039192, 0.096365, 0.888199, -0.216487, -0.405260, 0.212602, 0.975579, -0.055189, 0.407311, -0.037140, 0.912534),
      ["RightFoot"] = CFrame.new(0.000000, 0.000000, -0.000000, 0.957672, 0.246523, 0.148626, -0.236019, 0.968035, -0.084879, -0.164800, 0.046208, 0.985244),
      ["RightHand"] = CFrame.new(-0.000000, 0.000000, -0.000000, 0.450785, -0.787913, 0.419504, 0.890872, 0.426619, -0.156030, -0.056027, 0.444061, 0.894243),
      ["RightLowerArm"] = CFrame.new(0.000000, 0.000000, -0.000000, 1.000000, 0.000001, -0.000001, 0.000001, 0.067062, -0.997749, 0.000001, 0.997749, 0.067058),
      ["RightLowerLeg"] = CFrame.new(-0.000000, 0.000000, -0.000000, 1.000000, 0.000000, 0.000000, 0.000000, 0.999999, 0.001251, -0.000000, -0.001252, 0.999999),
      ["RightUpperArm"] = CFrame.new(0.000000, -0.065238, -0.000000, -0.084504, -0.132673, 0.987551, 0.454189, 0.877018, 0.156688, -0.886888, 0.461776, -0.013852),
      ["RightUpperLeg"] = CFrame.new(-0.000026, -0.000126, -0.004998, 0.969108, -0.016240, -0.246099, 0.058067, 0.984806, 0.163664, 0.239702, -0.172899, 0.955327),
      ["UpperTorso"] = CFrame.new(0.000000, -0.000000, 0.000000, 0.968084, 0.246619, 0.044638, -0.248549, 0.967593, 0.044585, -0.032196, -0.054257, 0.998008)
    }},
    {Time = 8.233, Data = {
      ["Head"] = CFrame.new(-0.000000, 0.000000, 0.000000, 0.913109, 0.175342, 0.368087, -0.238512, 0.961927, 0.133451, -0.330673, -0.209649, 0.920164),
      ["LeftFoot"] = CFrame.new(0.000000, 0.000000, -0.000000, 0.981380, -0.180647, 0.065265, 0.175371, 0.981316, 0.079144, -0.078343, -0.066225, 0.994724),
      ["LeftHand"] = CFrame.new(-0.000000, 0.000000, 0.000000, 0.138781, -0.750473, -0.646166, 0.718041, 0.525609, -0.456237, 0.682024, -0.400657, 0.611815),
      ["LeftLowerArm"] = CFrame.new(-0.000000, 0.000000, 0.000000, 1.000000, -0.000000, -0.000000, -0.000000, 0.344498, -0.938787, -0.000000, 0.938787, 0.344497),
      ["LeftLowerLeg"] = CFrame.new(-0.000000, 0.000000, 0.000000, 1.000000, -0.000000, -0.000000, -0.000000, 0.999994, 0.003419, -0.000000, -0.003419, 0.999994),
      ["LeftUpperArm"] = CFrame.new(0.000000, -0.065238, 0.000000, 0.080578, -0.160541, -0.983735, -0.448363, 0.875618, -0.179622, 0.890212, 0.455543, -0.001425),
      ["LeftUpperLeg"] = CFrame.new(0.000026, 0.000125, 0.004997, 0.744295, 0.611650, 0.268159, -0.625681, 0.779037, -0.040299, -0.233555, -0.137788, 0.962531),
      ["LowerTorso"] = CFrame.new(0.199296, 0.039203, 0.096228, 0.888160, -0.216635, -0.405268, 0.212570, 0.975561, -0.055625, 0.407414, -0.036744, 0.912504),
      ["RightFoot"] = CFrame.new(0.000000, 0.000000, -0.000000, 0.957645, 0.246621, 0.148638, -0.236138, 0.968017, -0.084756, -0.164787, 0.046068, 0.985253),
      ["RightHand"] = CFrame.new(0.000000, -0.000000, -0.000000, 0.451066, -0.787695, 0.419610, 0.890728, 0.426857, -0.156206, -0.056068, 0.444217, 0.894163),
      ["RightLowerArm"] = CFrame.new(0.000000, -0.000000, -0.000000, 1.000000, 0.000001, -0.000001, 0.000001, 0.067151, -0.997743, 0.000001, 0.997743, 0.067148),
      ["RightLowerLeg"] = CFrame.new(-0.000000, 0.000000, -0.000000, 1.000000, -0.000000, 0.000000, 0.000000, 0.999999, 0.001249, -0.000000, -0.001250, 0.999999),
      ["RightUpperArm"] = CFrame.new(-0.000000, -0.065238, 0.000000, -0.084287, -0.132597, 0.987580, 0.454197, 0.877044, 0.156521, -0.886905, 0.461748, -0.013699),
      ["RightUpperLeg"] = CFrame.new(-0.000026, -0.000126, -0.004997, 0.969130, -0.016404, -0.246005, 0.058307, 0.984732, 0.164023, 0.239558, -0.173303, 0.955290),
      ["UpperTorso"] = CFrame.new(-0.000000, -0.000000, 0.000000, 0.968123, 0.246436, 0.044806, -0.248392, 0.967608, 0.045112, -0.032237, -0.054804, 0.997977)
    }},
    {Time = 8.267, Data = {
      ["Head"] = CFrame.new(0.000000, 0.000000, 0.000000, 0.912762, 0.177159, 0.368076, -0.240877, 0.961161, 0.134712, -0.329915, -0.211621, 0.919985),
      ["LeftFoot"] = CFrame.new(-0.000000, 0.000000, 0.000000, 0.981396, -0.180558, 0.065281, 0.175298, 0.981346, 0.078931, -0.078314, -0.066019, 0.994740),
      ["LeftHand"] = CFrame.new(0.000000, 0.000000, 0.000000, 0.139388, -0.750664, -0.645814, 0.719126, 0.525088, -0.455127, 0.680756, -0.400982, 0.613012),
      ["LeftLowerArm"] = CFrame.new(-0.000000, 0.000000, -0.000000, 1.000000, -0.000000, 0.000000, 0.000000, 0.344498, -0.938787, -0.000000, 0.938787, 0.344497),
      ["LeftLowerLeg"] = CFrame.new(0.000000, -0.000000, -0.000000, 1.000000, -0.000000, -0.000000, 0.000000, 0.999994, 0.003421, 0.000000, -0.003421, 0.999994),
      ["LeftUpperArm"] = CFrame.new(-0.000000, -0.065238, 0.000000, 0.080744, -0.160488, -0.983730, -0.448448, 0.875569, -0.179651, 0.890154, 0.455657, -0.001274),
      ["LeftUpperLeg"] = CFrame.new(0.000026, 0.000125, 0.004997, 0.744349, 0.611514, 0.268319, -0.625669, 0.779069, -0.039861, -0.233415, -0.138208, 0.962505),
      ["LowerTorso"] = CFrame.new(0.199100, 0.039214, 0.096091, 0.888129, -0.216774, -0.405262, 0.212537, 0.975544, -0.056042, 0.407499, -0.036361, 0.912481),
      ["RightFoot"] = CFrame.new(0.000000, 0.000001, 0.000000, 0.957618, 0.246720, 0.148649, -0.236256, 0.967997, -0.084645, -0.164776, 0.045939, 0.985261),
      ["RightHand"] = CFrame.new(-0.000000, -0.000000, 0.000000, 0.451410, -0.787431, 0.419736, 0.890549, 0.427161, -0.156395, -0.056141, 0.444394, 0.894071),
      ["RightLowerArm"] = CFrame.new(0.000000, -0.000000, -0.000000, 1.000000, 0.000001, -0.000000, 0.000001, 0.067237, -0.997737, 0.000001, 0.997737, 0.067233),
      ["RightLowerLeg"] = CFrame.new(-0.000000, 0.000000, -0.000000, 1.000000, -0.000000, -0.000000, -0.000000, 0.999999, 0.001248, 0.000000, -0.001248, 0.999999),
      ["RightUpperArm"] = CFrame.new(0.000000, -0.065238, 0.000000, -0.084028, -0.132500, 0.987615, 0.454186, 0.877087, 0.156315, -0.886935, 0.461695, -0.013521),
      ["RightUpperLeg"] = CFrame.new(-0.000025, -0.000125, -0.004997, 0.969154, -0.016568, -0.245900, 0.058549, 0.984654, 0.164401, 0.239402, -0.173727, 0.955252),
      ["UpperTorso"] = CFrame.new(0.000000, 0.000000, 0.000000, 0.968166, 0.246238, 0.044960, -0.248219, 0.967629, 0.045616, -0.032272, -0.055323, 0.997947)
    }},
    {Time = 8.300, Data = {
      ["Head"] = CFrame.new(0.000000, 0.000000, -0.000000, 0.912429, 0.178903, 0.368058, -0.243137, 0.960423, 0.135909, -0.329177, -0.213496, 0.919816),
      ["LeftFoot"] = CFrame.new(-0.000000, 0.000000, 0.000000, 0.981416, -0.180442, 0.065297, 0.175198, 0.981382, 0.078705, -0.078284, -0.065803, 0.994757),
      ["LeftHand"] = CFrame.new(-0.000000, 0.000000, 0.000000, 0.140038, -0.750877, -0.645426, 0.720285, 0.524524, -0.453942, 0.679396, -0.401321, 0.614298),
      ["LeftLowerArm"] = CFrame.new(0.000000, -0.000000, -0.000000, 1.000000, 0.000000, -0.000000, 0.000001, 0.344498, -0.938787, 0.000000, 0.938787, 0.344498),
      ["LeftLowerLeg"] = CFrame.new(0.000000, -0.000000, 0.000000, 1.000000, -0.000000, 0.000000, -0.000000, 0.999994, 0.003424, 0.000000, -0.003424, 0.999994),
      ["LeftUpperArm"] = CFrame.new(-0.000000, -0.065238, 0.000000, 0.080934, -0.160431, -0.983723, -0.448512, 0.875528, -0.179687, 0.890105, 0.455754, -0.001095),
      ["LeftUpperLeg"] = CFrame.new(0.000026, 0.000126, 0.004998, 0.744403, 0.611367, 0.268506, -0.625665, 0.779098, -0.039357, -0.233255, -0.138697, 0.962474),
      ["LowerTorso"] = CFrame.new(0.198905, 0.039226, 0.095953, 0.888086, -0.216911, -0.405282, 0.212487, 0.975529, -0.056491, 0.407618, -0.035949, 0.912445),
      ["RightFoot"] = CFrame.new(-0.000000, 0.000000, 0.000000, 0.957593, 0.246812, 0.148656, -0.236369, 0.967981, -0.084521, -0.164757, 0.045799, 0.985270),
      ["RightHand"] = CFrame.new(0.000000, 0.000000, 0.000000, 0.451787, -0.787132, 0.419892, 0.890351, 0.427498, -0.156596, -0.056236, 0.444600, 0.893962),
      ["RightLowerArm"] = CFrame.new(0.000000, 0.000000, 0.000000, 1.000000, 0.000000, -0.000000, 0.000001, 0.067322, -0.997732, 0.000001, 0.997731, 0.067318),
      ["RightLowerLeg"] = CFrame.new(0.000000, 0.000000, -0.000000, 1.000000, 0.000000, 0.000000, 0.000000, 0.999999, 0.001246, -0.000000, -0.001247, 0.999999),
      ["RightUpperArm"] = CFrame.new(-0.000000, -0.065238, 0.000000, -0.083778, -0.132406, 0.987649, 0.454145, 0.877143, 0.156115, -0.886980, 0.461615, -0.013353),
      ["RightUpperLeg"] = CFrame.new(-0.000025, -0.000125, -0.004997, 0.969177, -0.016732, -0.245795, 0.058788, 0.984579, 0.164770, 0.239248, -0.174141, 0.955215),
      ["UpperTorso"] = CFrame.new(0.000000, -0.000000, 0.000000, 0.968204, 0.246061, 0.045111, -0.248066, 0.967646, 0.046086, -0.032311, -0.055811, 0.997918)
    }},
    {Time = 8.333, Data = {
      ["Head"] = CFrame.new(0.000000, -0.000000, -0.000000, 0.912121, 0.180500, 0.368043, -0.245231, 0.959725, 0.137078, -0.328477, -0.215287, 0.919649),
      ["LeftFoot"] = CFrame.new(-0.000000, 0.000000, 0.000000, 0.981436, -0.180327, 0.065315, 0.175100, 0.981418, 0.078473, -0.078253, -0.065581, 0.994774),
      ["LeftHand"] = CFrame.new(0.000000, 0.000000, 0.000000, 0.140764, -0.751128, -0.644975, 0.721574, 0.523887, -0.452630, 0.677877, -0.401683, 0.615738),
      ["LeftLowerArm"] = CFrame.new(0.000000, -0.000000, 0.000000, 1.000000, -0.000000, -0.000000, -0.000000, 0.344498, -0.938787, -0.000000, 0.938787, 0.344498),
      ["LeftLowerLeg"] = CFrame.new(-0.000000, 0.000000, 0.000000, 1.000000, 0.000000, 0.000000, 0.000000, 0.999994, 0.003427, -0.000000, -0.003427, 0.999994),
      ["LeftUpperArm"] = CFrame.new(0.000000, -0.065238, 0.000000, 0.081153, -0.160379, -0.983714, -0.448547, 0.875499, -0.179740, 0.890067, 0.455828, -0.000888),
      ["LeftUpperLeg"] = CFrame.new(0.000025, 0.000126, 0.004997, 0.744459, 0.611211, 0.268706, -0.625663, 0.779127, -0.038817, -0.233081, -0.139221, 0.962440),
      ["LowerTorso"] = CFrame.new(0.198712, 0.039237, 0.095792, 0.888039, -0.217049, -0.405311, 0.212430, 0.975514, -0.056963, 0.407750, -0.035515, 0.912402),
      ["RightFoot"] = CFrame.new(0.000000, 0.000000, 0.000000, 0.957568, 0.246905, 0.148664, -0.236485, 0.967964, -0.084391, -0.164738, 0.045654, 0.985280),
      ["RightHand"] = CFrame.new(0.000000, -0.000000, -0.000000, 0.452184, -0.786841, 0.420010, 0.890145, 0.427853, -0.156803, -0.056320, 0.444773, 0.893871),
      ["RightLowerArm"] = CFrame.new(0.000000, 0.000000, -0.000000, 1.000000, 0.000001, -0.000000, 0.000001, 0.067408, -0.997726, 0.000001, 0.997726, 0.067404),
      ["RightLowerLeg"] = CFrame.new(0.000000, 0.000000, 0.000000, 1.000000, -0.000000, 0.000000, 0.000000, 0.999999, 0.001244, -0.000000, -0.001244, 0.999999),
      ["RightUpperArm"] = CFrame.new(0.000000, -0.065239, -0.000000, -0.083505, -0.132300, 0.987686, 0.454093, 0.877210, 0.155894, -0.887033, 0.461519, -0.013175),
      ["RightUpperLeg"] = CFrame.new(-0.000026, -0.000126, -0.004997, 0.969200, -0.016912, -0.245692, 0.059045, 0.984501, 0.165140, 0.239091, -0.174560, 0.955178),
      ["UpperTorso"] = CFrame.new(-0.000000, -0.000000, 0.000000, 0.968255, 0.245836, 0.045242, -0.247862, 0.967677, 0.046526, -0.032342, -0.056262, 0.997892)
    }},
    {Time = 8.367, Data = {
      ["Head"] = CFrame.new(0.000000, 0.000000, 0.000000, 0.911829, 0.182027, 0.368014, -0.247222, 0.959057, 0.138173, -0.327795, -0.216971, 0.919496),
      ["LeftFoot"] = CFrame.new(-0.000000, -0.000000, -0.000000, 0.981457, -0.180207, 0.065333, 0.174996, 0.981454, 0.078249, -0.078222, -0.065366, 0.994791),
      ["LeftHand"] = CFrame.new(0.000000, -0.000000, -0.000000, 0.141531, -0.751376, -0.644518, 0.722946, 0.523217, -0.451212, 0.676253, -0.402091, 0.617256),
      ["LeftLowerArm"] = CFrame.new(0.000000, 0.000001, 0.000000, 1.000000, -0.000000, 0.000000, 0.000000, 0.344499, -0.938787, 0.000000, 0.938787, 0.344498),
      ["LeftLowerLeg"] = CFrame.new(0.000000, 0.000000, 0.000000, 1.000000, -0.000000, -0.000000, -0.000000, 0.999994, 0.003430, 0.000000, -0.003430, 0.999994),
      ["LeftUpperArm"] = CFrame.new(-0.000000, -0.065237, -0.000000, 0.081385, -0.160315, -0.983705, -0.448565, 0.875480, -0.179789, 0.890037, 0.455887, -0.000661),
      ["LeftUpperLeg"] = CFrame.new(0.000025, 0.000126, 0.004997, 0.744524, 0.611048, 0.268897, -0.625646, 0.779166, -0.038300, -0.232919, -0.139719, 0.962407),
      ["LowerTorso"] = CFrame.new(0.198529, 0.039248, 0.095572, 0.888007, -0.217186, -0.405307, 0.212370, 0.975500, -0.057432, 0.407851, -0.035076, 0.912375),
      ["RightFoot"] = CFrame.new(-0.000000, 0.000000, 0.000000, 0.957542, 0.247001, 0.148669, -0.236601, 0.967945, -0.084274, -0.164720, 0.045522, 0.985290),
      ["RightHand"] = CFrame.new(0.000000, 0.000000, -0.000000, 0.452561, -0.786581, 0.420089, 0.889949, 0.428189, -0.156997, -0.056382, 0.444909, 0.893799),
      ["RightLowerArm"] = CFrame.new(-0.000000, -0.000000, -0.000000, 1.000000, 0.000001, -0.000000, 0.000001, 0.067474, -0.997721, 0.000001, 0.997721, 0.067470),
      ["RightLowerLeg"] = CFrame.new(0.000000, 0.000000, 0.000000, 1.000000, -0.000000, -0.000000, 0.000000, 0.999999, 0.001243, 0.000000, -0.001243, 0.999999),
      ["RightUpperArm"] = CFrame.new(0.000000, -0.065237, 0.000000, -0.083274, -0.132197, 0.987719, 0.454037, 0.877274, 0.155695, -0.887083, 0.461426, -0.013032),
      ["RightUpperLeg"] = CFrame.new(-0.000026, -0.000126, -0.004997, 0.969224, -0.017096, -0.245585, 0.059313, 0.984417, 0.165547, 0.238928, -0.175019, 0.955135),
      ["UpperTorso"] = CFrame.new(-0.000000, -0.000000, 0.000000, 0.968306, 0.245613, 0.045375, -0.247661, 0.967708, 0.046958, -0.032376, -0.056707, 0.997866)
    }},
    {Time = 8.400, Data = {
      ["Head"] = CFrame.new(0.000000, -0.000000, -0.000000, 0.911570, 0.183388, 0.367978, -0.249014, 0.958443, 0.139211, -0.327156, -0.218532, 0.919354),
      ["LeftFoot"] = CFrame.new(-0.000000, 0.000000, -0.000000, 0.981477, -0.180091, 0.065353, 0.174899, 0.981492, 0.078000, -0.078190, -0.065126, 0.994809),
      ["LeftHand"] = CFrame.new(-0.000000, 0.000000, -0.000000, 0.142355, -0.751651, -0.644015, 0.724424, 0.522488, -0.449685, 0.674496, -0.402525, 0.618893),
      ["LeftLowerArm"] = CFrame.new(-0.000000, 0.000001, 0.000000, 1.000000, -0.000000, 0.000000, 0.000000, 0.344499, -0.938787, 0.000000, 0.938787, 0.344498),
      ["LeftLowerLeg"] = CFrame.new(-0.000000, 0.000000, 0.000000, 1.000000, -0.000000, 0.000000, 0.000000, 0.999994, 0.003434, -0.000000, -0.003434, 0.999994),
      ["LeftUpperArm"] = CFrame.new(-0.000000, -0.065238, 0.000000, 0.081651, -0.160276, -0.983689, -0.448565, 0.875462, -0.179875, 0.890013, 0.455936, -0.000412),
      ["LeftUpperLeg"] = CFrame.new(0.000025, 0.000126, 0.004997, 0.744588, 0.610869, 0.269126, -0.625642, 0.779199, -0.037687, -0.232725, -0.140315, 0.962367),
      ["LowerTorso"] = CFrame.new(0.198336, 0.039259, 0.095411, 0.887966, -0.217325, -0.405323, 0.212303, 0.975485, -0.057927, 0.407976, -0.034615, 0.912336),
      ["RightFoot"] = CFrame.new(-0.000000, 0.000000, 0.000000, 0.957516, 0.247098, 0.148674, -0.236719, 0.967927, -0.084154, -0.164701, 0.045386, 0.985299),
      ["RightHand"] = CFrame.new(-0.000000, -0.000000, 0.000000, 0.452931, -0.786332, 0.420159, 0.889758, 0.428514, -0.157193, -0.056435, 0.445037, 0.893732),
      ["RightLowerArm"] = CFrame.new(0.000000, -0.000000, 0.000000, 1.000000, 0.000001, -0.000000, 0.000001, 0.067540, -0.997717, 0.000001, 0.997717, 0.067537),
      ["RightLowerLeg"] = CFrame.new(-0.000000, 0.000000, 0.000000, 1.000000, -0.000000, -0.000000, 0.000000, 0.999999, 0.001241, 0.000000, -0.001241, 0.999999),
      ["RightUpperArm"] = CFrame.new(-0.000000, -0.065238, 0.000000, -0.083079, -0.132124, 0.987745, 0.454037, 0.877302, 0.155540, -0.887101, 0.461395, -0.012896),
      ["RightUpperLeg"] = CFrame.new(-0.000026, -0.000126, -0.004998, 0.969250, -0.017295, -0.245468, 0.059600, 0.984328, 0.165970, 0.238751, -0.175497, 0.955091),
      ["UpperTorso"] = CFrame.new(0.000000, -0.000000, -0.000000, 0.968355, 0.245395, 0.045511, -0.247466, 0.967734, 0.047440, -0.032401, -0.057201, 0.997837)
    }},
    {Time = 8.433, Data = {
      ["Head"] = CFrame.new(-0.000000, 0.000000, -0.000000, 0.911337, 0.184607, 0.367948, -0.250637, 0.957876, 0.140193, -0.326568, -0.219984, 0.919217),
      ["LeftFoot"] = CFrame.new(-0.000000, 0.000000, -0.000000, 0.981498, -0.179969, 0.065372, 0.174795, 0.981529, 0.077766, -0.078159, -0.064901, 0.994826),
      ["LeftHand"] = CFrame.new(-0.000000, -0.000000, 0.000000, 0.143224, -0.751959, -0.643463, 0.725974, 0.521709, -0.448086, 0.672643, -0.402960, 0.620624),
      ["LeftLowerArm"] = CFrame.new(0.000000, 0.000001, -0.000000, 1.000000, -0.000000, 0.000000, -0.000000, 0.344498, -0.938788, -0.000000, 0.938787, 0.344497),
      ["LeftLowerLeg"] = CFrame.new(0.000000, -0.000000, 0.000000, 1.000000, 0.000000, 0.000000, -0.000000, 0.999994, 0.003437, -0.000000, -0.003437, 0.999994),
      ["LeftUpperArm"] = CFrame.new(-0.000000, -0.065238, 0.000000, 0.081922, -0.160210, -0.983678, -0.448558, 0.875453, -0.179940, 0.889991, 0.455977, -0.000144),
      ["LeftUpperLeg"] = CFrame.new(0.000025, 0.000126, 0.004998, 0.744660, 0.610687, 0.269339, -0.625622, 0.779243, -0.037117, -0.232548, -0.140864, 0.962330),
      ["LowerTorso"] = CFrame.new(0.198156, 0.039272, 0.095168, 0.887924, -0.217464, -0.405340, 0.212235, 0.975471, -0.058422, 0.408102, -0.034154, 0.912297),
      ["RightFoot"] = CFrame.new(0.000000, 0.000001, 0.000000, 0.957488, 0.247208, 0.148675, -0.236848, 0.967905, -0.084045, -0.164680, 0.045259, 0.985308),
      ["RightHand"] = CFrame.new(0.000000, 0.000000, 0.000000, 0.453271, -0.786128, 0.420173, 0.889584, 0.428805, -0.157385, -0.056444, 0.445117, 0.893692),
      ["RightLowerArm"] = CFrame.new(-0.000000, -0.000000, -0.000000, 1.000000, 0.000001, -0.000001, 0.000001, 0.067607, -0.997712, 0.000001, 0.997712, 0.067604),
      ["RightLowerLeg"] = CFrame.new(0.000000, 0.000000, 0.000000, 1.000000, -0.000000, 0.000000, -0.000000, 0.999999, 0.001240, -0.000000, -0.001240, 0.999999),
      ["RightUpperArm"] = CFrame.new(-0.000000, -0.065238, 0.000000, -0.082951, -0.132043, 0.987767, 0.454044, 0.877321, 0.155409, -0.887109, 0.461381, -0.012822),
      ["RightUpperLeg"] = CFrame.new(-0.000026, -0.000125, -0.004998, 0.969276, -0.017504, -0.245350, 0.059904, 0.984232, 0.166427, 0.238569, -0.176011, 0.955042),
      ["UpperTorso"] = CFrame.new(0.000000, -0.000000, 0.000000, 0.968406, 0.245164, 0.045654, -0.247260, 0.967763, 0.047931, -0.032431, -0.057705, 0.997807)
    }},
    {Time = 8.467, Data = {
      ["Head"] = CFrame.new(-0.000000, 0.000000, -0.000000, 0.911110, 0.185773, 0.367921, -0.252192, 0.957329, 0.141139, -0.326002, -0.221380, 0.919083),
      ["LeftFoot"] = CFrame.new(0.000000, 0.000000, 0.000000, 0.981519, -0.179847, 0.065392, 0.174691, 0.981567, 0.077512, -0.078127, -0.064656, 0.994845),
      ["LeftHand"] = CFrame.new(0.000000, -0.000000, -0.000000, 0.144101, -0.752252, -0.642924, 0.727551, 0.520925, -0.446439, 0.670750, -0.403428, 0.622367),
      ["LeftLowerArm"] = CFrame.new(-0.000000, 0.000000, 0.000000, 1.000000, -0.000000, -0.000000, 0.000000, 0.344499, -0.938787, -0.000000, 0.938787, 0.344498),
      ["LeftLowerLeg"] = CFrame.new(0.000000, -0.000000, 0.000000, 1.000000, -0.000000, 0.000000, 0.000000, 0.999994, 0.003442, -0.000000, -0.003442, 0.999994),
      ["LeftUpperArm"] = CFrame.new(-0.000000, -0.065238, 0.000000, 0.082207, -0.160161, -0.983662, -0.448524, 0.875452, -0.180027, 0.889982, 0.455995, 0.000133),
      ["LeftUpperLeg"] = CFrame.new(0.000026, 0.000126, 0.004997, 0.744741, 0.610482, 0.269577, -0.625597, 0.779292, -0.036486, -0.232354, -0.141474, 0.962287),
      ["LowerTorso"] = CFrame.new(0.197976, 0.039292, 0.094924, 0.887881, -0.217598, -0.405362, 0.212159, 0.975457, -0.058923, 0.408234, -0.033685, 0.912255),
      ["RightFoot"] = CFrame.new(-0.000000, 0.000000, 0.000000, 0.957458, 0.247324, 0.148675, -0.236984, 0.967881, -0.083935, -0.164660, 0.045131, 0.985317),
      ["RightHand"] = CFrame.new(-0.000000, 0.000000, 0.000000, 0.453610, -0.785959, 0.420122, 0.889413, 0.429084, -0.157587, -0.056407, 0.445146, 0.893680),
      ["RightLowerArm"] = CFrame.new(0.000000, 0.000000, 0.000000, 1.000000, 0.000001, -0.000000, 0.000001, 0.067673, -0.997708, 0.000001, 0.997708, 0.067670),
      ["RightLowerLeg"] = CFrame.new(-0.000000, -0.000000, -0.000000, 1.000000, -0.000000, 0.000000, -0.000000, 0.999999, 0.001239, 0.000000, -0.001239, 0.999999),
      ["RightUpperArm"] = CFrame.new(-0.000000, -0.065238, 0.000000, -0.082845, -0.131959, 0.987787, 0.454063, 0.877333, 0.155286, -0.887110, 0.461382, -0.012765),
      ["RightUpperLeg"] = CFrame.new(-0.000025, -0.000125, -0.004998, 0.969301, -0.017747, -0.245234, 0.060243, 0.984135, 0.166882, 0.238382, -0.176532, 0.954993),
      ["UpperTorso"] = CFrame.new(0.000000, 0.000000, -0.000000, 0.968459, 0.244933, 0.045784, -0.247051, 0.967794, 0.048369, -0.032462, -0.058155, 0.997780)
    }},
    {Time = 8.500, Data = {
      ["Head"] = CFrame.new(-0.000000, 0.000000, -0.000000, 0.910888, 0.186901, 0.367901, -0.253699, 0.956794, 0.142064, -0.325454, -0.222740, 0.918949),
      ["LeftFoot"] = CFrame.new(0.000000, -0.000000, -0.000000, 0.981542, -0.179710, 0.065414, 0.174573, 0.981609, 0.077253, -0.078094, -0.064408, 0.994863),
      ["LeftHand"] = CFrame.new(0.000000, -0.000000, -0.000000, 0.145010, -0.752562, -0.642358, 0.729183, 0.520106, -0.444727, 0.668779, -0.403906, 0.624175),
      ["LeftLowerArm"] = CFrame.new(-0.000000, 0.000000, 0.000000, 1.000000, -0.000000, 0.000000, 0.000000, 0.344498, -0.938787, 0.000000, 0.938787, 0.344498),
      ["LeftLowerLeg"] = CFrame.new(0.000000, -0.000000, 0.000000, 1.000000, 0.000000, 0.000000, -0.000000, 0.999994, 0.003446, 0.000000, -0.003446, 0.999994),
      ["LeftUpperArm"] = CFrame.new(-0.000000, -0.065237, 0.000000, 0.082494, -0.160077, -0.983651, -0.448497, 0.875454, -0.180082, 0.889969, 0.456021, 0.000426),
      ["LeftUpperLeg"] = CFrame.new(0.000026, 0.000126, 0.004997, 0.744830, 0.610273, 0.269807, -0.625561, 0.779349, -0.035875, -0.232168, -0.142060, 0.962246),
      ["LowerTorso"] = CFrame.new(0.197804, 0.039304, 0.094693, 0.887833, -0.217734, -0.405394, 0.212073, 0.975444, -0.059450, 0.408384, -0.033192, 0.912207),
      ["RightFoot"] = CFrame.new(-0.000000, 0.000000, -0.000000, 0.957422, 0.247462, 0.148676, -0.237143, 0.967852, -0.083823, -0.164639, 0.044997, 0.985327),
      ["RightHand"] = CFrame.new(-0.000000, 0.000000, 0.000000, 0.453973, -0.785774, 0.420076, 0.889230, 0.429385, -0.157800, -0.056375, 0.445182, 0.893664),
      ["RightLowerArm"] = CFrame.new(-0.000000, 0.000000, -0.000000, 1.000000, 0.000000, -0.000000, 0.000001, 0.067716, -0.997705, 0.000001, 0.997705, 0.067712),
      ["RightLowerLeg"] = CFrame.new(0.000000, -0.000000, 0.000000, 1.000000, -0.000000, 0.000000, 0.000000, 0.999999, 0.001237, 0.000000, -0.001238, 0.999999),
      ["RightUpperArm"] = CFrame.new(0.000000, -0.065238, -0.000000, -0.082699, -0.131843, 0.987815, 0.454062, 0.877364, 0.155115, -0.887124, 0.461357, -0.012692),
      ["RightUpperLeg"] = CFrame.new(-0.000026, -0.000126, -0.004997, 0.969326, -0.017969, -0.245119, 0.060557, 0.984040, 0.167325, 0.238200, -0.177036, 0.954945),
      ["UpperTorso"] = CFrame.new(-0.000000, 0.000000, -0.000000, 0.968512, 0.244694, 0.045924, -0.246836, 0.967825, 0.048846, -0.032494, -0.058643, 0.997750)
    }},
    {Time = 8.533, Data = {
      ["Head"] = CFrame.new(-0.000000, -0.000000, 0.000000, 0.910617, 0.188246, 0.367887, -0.255513, 0.956141, 0.143209, -0.324793, -0.224408, 0.918777),
      ["LeftFoot"] = CFrame.new(-0.000000, 0.000000, -0.000000, 0.981569, -0.179559, 0.065438, 0.174441, 0.981653, 0.076988, -0.078061, -0.064154, 0.994882),
      ["LeftHand"] = CFrame.new(0.000000, 0.000000, 0.000000, 0.146153, -0.752960, -0.641631, 0.731211, 0.519082, -0.442590, 0.666311, -0.404482, 0.626438),
      ["LeftLowerArm"] = CFrame.new(0.000000, -0.000000, 0.000000, 1.000000, 0.000000, 0.000000, 0.000000, 0.344498, -0.938787, 0.000000, 0.938787, 0.344498),
      ["LeftLowerLeg"] = CFrame.new(0.000000, 0.000000, -0.000000, 1.000000, 0.000000, 0.000000, -0.000000, 0.999994, 0.003449, -0.000000, -0.003450, 0.999994),
      ["LeftUpperArm"] = CFrame.new(0.000000, -0.065238, -0.000000, 0.082859, -0.160010, -0.983632, -0.448447, 0.875458, -0.180189, 0.889960, 0.456037, 0.000783),
      ["LeftUpperLeg"] = CFrame.new(0.000026, 0.000126, 0.004997, 0.744949, 0.610008, 0.270077, -0.625498, 0.779433, -0.035162, -0.231957, -0.142738, 0.962196),
      ["LowerTorso"] = CFrame.new(0.197595, 0.039325, 0.094431, 0.887795, -0.217893, -0.405393, 0.211967, 0.975428, -0.060077, 0.408522, -0.032594, 0.912166),
      ["RightFoot"] = CFrame.new(-0.000000, 0.000000, 0.000000, 0.957383, 0.247614, 0.148675, -0.237314, 0.967819, -0.083714, -0.164620, 0.044864, 0.985336),
      ["RightHand"] = CFrame.new(-0.000000, 0.000000, 0.000001, 0.454491, -0.785476, 0.420074, 0.888965, 0.429833, -0.158079, -0.056390, 0.445276, 0.893616),
      ["RightLowerArm"] = CFrame.new(0.000000, 0.000000, 0.000000, 1.000000, 0.000001, -0.000000, 0.000001, 0.067757, -0.997702, 0.000001, 0.997702, 0.067753),
      ["RightLowerLeg"] = CFrame.new(0.000000, 0.000000, -0.000000, 1.000000, 0.000000, 0.000000, -0.000000, 0.999999, 0.001236, -0.000000, -0.001236, 0.999999),
      ["RightUpperArm"] = CFrame.new(0.000000, -0.065238, 0.000000, -0.082565, -0.131771, 0.987836, 0.454066, 0.877384, 0.154989, -0.887134, 0.461340, -0.012608),
      ["RightUpperLeg"] = CFrame.new(-0.000026, -0.000126, -0.004997, 0.969356, -0.018266, -0.244980, 0.060969, 0.983922, 0.167871, 0.237975, -0.177663, 0.954884),
      ["UpperTorso"] = CFrame.new(0.000000, 0.000000, 0.000000, 0.968585, 0.244382, 0.046062, -0.246548, 0.967874, 0.049326, -0.032528, -0.059133, 0.997720)
    }},
    {Time = 8.567, Data = {
      ["Head"] = CFrame.new(0.000000, 0.000000, -0.000000, 0.910271, 0.189960, 0.367861, -0.257845, 0.955284, 0.144736, -0.323918, -0.226600, 0.918547),
      ["LeftFoot"] = CFrame.new(0.000000, -0.000000, -0.000000, 0.981608, -0.179329, 0.065478, 0.174245, 0.981725, 0.076518, -0.078003, -0.063702, 0.994916),
      ["LeftHand"] = CFrame.new(0.000000, -0.000000, 0.000000, 0.147679, -0.753487, -0.640663, 0.733924, 0.517706, -0.439701, 0.662983, -0.405262, 0.629456),
      ["LeftLowerArm"] = CFrame.new(0.000000, 0.000000, 0.000000, 1.000000, 0.000000, 0.000000, 0.000000, 0.344499, -0.938787, 0.000000, 0.938787, 0.344498),
      ["LeftLowerLeg"] = CFrame.new(-0.000000, 0.000000, 0.000000, 1.000000, 0.000000, 0.000000, -0.000000, 0.999994, 0.003458, 0.000000, -0.003458, 0.999994),
      ["LeftUpperArm"] = CFrame.new(-0.000000, -0.065238, 0.000000, 0.083377, -0.159941, -0.983599, -0.448347, 0.875474, -0.180364, 0.889963, 0.456031, 0.001286),
      ["LeftUpperLeg"] = CFrame.new(0.000025, 0.000126, 0.004998, 0.745108, 0.609637, 0.270475, -0.625422, 0.779540, -0.034121, -0.231648, -0.143737, 0.962122),
      ["LowerTorso"] = CFrame.new(0.197216, 0.039355, 0.093978, 0.887739, -0.218089, -0.405410, 0.211819, 0.975410, -0.060889, 0.408720, -0.031820, 0.912105),
      ["RightFoot"] = CFrame.new(0.000000, 0.000000, 0.000000, 0.957324, 0.247835, 0.148685, -0.237574, 0.967775, -0.083497, -0.164588, 0.044611, 0.985353),
      ["RightHand"] = CFrame.new(0.000000, 0.000000, 0.000000, 0.455215, -0.785031, 0.420121, 0.888587, 0.430494, -0.158402, -0.056506, 0.445422, 0.893536),
      ["RightLowerArm"] = CFrame.new(-0.000000, -0.000000, 0.000000, 1.000000, 0.000001, -0.000000, 0.000001, 0.067799, -0.997699, 0.000001, 0.997699, 0.067796),
      ["RightLowerLeg"] = CFrame.new(0.000000, 0.000000, 0.000000, 1.000000, -0.000000, 0.000000, -0.000000, 0.999999, 0.001234, 0.000000, -0.001234, 0.999999),
      ["RightUpperArm"] = CFrame.new(0.000000, -0.065238, -0.000000, -0.082226, -0.131631, 0.987883, 0.453988, 0.877474, 0.154707, -0.887205, 0.461208, -0.012392),
      ["RightUpperLeg"] = CFrame.new(-0.000026, -0.000125, -0.004998, 0.969395, -0.018688, -0.244793, 0.061547, 0.983758, 0.168618, 0.237666, -0.178524, 0.954801),
      ["UpperTorso"] = CFrame.new(-0.000000, 0.000000, 0.000000, 0.968676, 0.243984, 0.046256, -0.246184, 0.967932, 0.050002, -0.032573, -0.059823, 0.997677)
    }},
    {Time = 8.600, Data = {
      ["Head"] = CFrame.new(0.000000, 0.000000, 0.000000, 0.910230, 0.190160, 0.367859, -0.258119, 0.955182, 0.144921, -0.323814, -0.226862, 0.918519),
      ["LeftFoot"] = CFrame.new(0.000000, 0.000000, 0.000000, 0.981622, -0.179246, 0.065493, 0.174175, 0.981750, 0.076346, -0.077982, -0.063536, 0.994928),
      ["LeftHand"] = CFrame.new(0.000000, 0.000000, -0.000000, 0.147870, -0.753553, -0.640541, 0.734261, 0.517535, -0.439339, 0.662567, -0.405359, 0.629832),
      ["LeftLowerArm"] = CFrame.new(0.000000, -0.000000, 0.000000, 1.000000, -0.000000, -0.000000, 0.000000, 0.344499, -0.938787, -0.000000, 0.938787, 0.344498),
      ["LeftLowerLeg"] = CFrame.new(0.000000, 0.000000, 0.000000, 1.000000, -0.000000, 0.000000, 0.000000, 0.999994, 0.003460, -0.000000, -0.003460, 0.999994),
      ["LeftUpperArm"] = CFrame.new(0.000000, -0.065238, -0.000000, 0.083533, -0.159813, -0.983607, -0.448320, 0.875496, -0.180321, 0.889961, 0.456033, 0.001485),
      ["LeftUpperLeg"] = CFrame.new(0.000026, 0.000126, 0.004997, 0.745169, 0.609499, 0.270619, -0.625393, 0.779580, -0.033739, -0.231534, -0.144102, 0.962095),
      ["LowerTorso"] = CFrame.new(0.197183, 0.039360, 0.093908, 0.887715, -0.218156, -0.405427, 0.211758, 0.975404, -0.061192, 0.408805, -0.031531, 0.912077),
      ["RightFoot"] = CFrame.new(0.000000, 0.000000, -0.000000, 0.957299, 0.247934, 0.148685, -0.237687, 0.967753, -0.083421, -0.164574, 0.044519, 0.985360),
      ["RightHand"] = CFrame.new(-0.000000, -0.000000, -0.000000, 0.455533, -0.784800, 0.420209, 0.888417, 0.430803, -0.158518, -0.056619, 0.445531, 0.893474),
      ["RightLowerArm"] = CFrame.new(0.000000, -0.000000, 0.000000, 1.000000, 0.000001, -0.000000, 0.000001, 0.067841, -0.997696, 0.000001, 0.997696, 0.067837),
      ["RightLowerLeg"] = CFrame.new(0.000000, 0.000000, -0.000000, 1.000000, 0.000000, -0.000000, -0.000000, 0.999999, 0.001234, -0.000000, -0.001234, 0.999999),
      ["RightUpperArm"] = CFrame.new(0.000000, -0.065238, 0.000000, -0.082049, -0.131640, 0.987896, 0.453879, 0.877544, 0.154632, -0.887277, 0.461073, -0.012253),
      ["RightUpperLeg"] = CFrame.new(-0.000026, -0.000125, -0.004998, 0.969409, -0.018856, -0.244727, 0.061776, 0.983695, 0.168900, 0.237552, -0.178852, 0.954768),
      ["UpperTorso"] = CFrame.new(-0.000000, 0.000000, -0.000000, 0.968710, 0.243834, 0.046322, -0.246046, 0.967955, 0.050243, -0.032587, -0.060069, 0.997662)
    }},
    {Time = 8.633, Data = {
      ["Head"] = CFrame.new(-0.000000, -0.000000, -0.000000, 0.910029, 0.191169, 0.367832, -0.259497, 0.954668, 0.145846, -0.323276, -0.228176, 0.918383),
      ["LeftFoot"] = CFrame.new(0.000000, 0.000000, 0.000000, 0.981636, -0.179163, 0.065507, 0.174105, 0.981776, 0.076174, -0.077961, -0.063370, 0.994940),
      ["LeftHand"] = CFrame.new(0.000000, 0.000000, 0.000000, 0.148836, -0.753888, -0.639922, 0.735974, 0.516661, -0.437498, 0.660447, -0.405850, 0.631739),
      ["LeftLowerArm"] = CFrame.new(0.000000, -0.000000, 0.000000, 1.000000, -0.000000, -0.000000, 0.000000, 0.344498, -0.938787, -0.000000, 0.938787, 0.344497),
      ["LeftLowerLeg"] = CFrame.new(0.000000, -0.000000, -0.000000, 1.000000, -0.000000, 0.000000, 0.000000, 0.999994, 0.003463, -0.000000, -0.003463, 0.999994),
      ["LeftUpperArm"] = CFrame.new(0.000000, -0.065238, -0.000000, 0.083688, -0.159685, -0.983614, -0.448294, 0.875519, -0.180278, 0.889960, 0.456035, 0.001685),
      ["LeftUpperLeg"] = CFrame.new(0.000025, 0.000125, 0.004997, 0.745229, 0.609362, 0.270764, -0.625363, 0.779620, -0.033357, -0.231420, -0.144466, 0.962068),
      ["LowerTorso"] = CFrame.new(0.197008, 0.039382, 0.093584, 0.887690, -0.218223, -0.405445, 0.211696, 0.975399, -0.061496, 0.408890, -0.031242, 0.912049),
      ["RightFoot"] = CFrame.new(-0.000000, 0.000000, -0.000000, 0.957273, 0.248034, 0.148685, -0.237800, 0.967732, -0.083345, -0.164560, 0.044427, 0.985366),
      ["RightHand"] = CFrame.new(0.000000, 0.000000, 0.000000, 0.455853, -0.784567, 0.420298, 0.888245, 0.431113, -0.158635, -0.056732, 0.445642, 0.893412),
      ["RightLowerArm"] = CFrame.new(-0.000000, -0.000001, -0.000000, 1.000000, 0.000001, -0.000000, 0.000001, 0.067883, -0.997694, 0.000001, 0.997693, 0.067880),
      ["RightLowerLeg"] = CFrame.new(-0.000000, 0.000000, 0.000000, 1.000000, -0.000000, 0.000000, -0.000000, 0.999999, 0.001233, 0.000000, -0.001234, 0.999999),
      ["RightUpperArm"] = CFrame.new(0.000000, -0.065238, -0.000000, -0.081870, -0.131650, 0.987910, 0.453770, 0.877613, 0.154556, -0.887350, 0.460937, -0.012111),
      ["RightUpperLeg"] = CFrame.new(-0.000025, -0.000126, -0.004998, 0.969422, -0.019025, -0.244660, 0.062005, 0.983632, 0.169182, 0.237437, -0.179179, 0.954735),
      ["UpperTorso"] = CFrame.new(0.000000, -0.000000, -0.000000, 0.968745, 0.243684, 0.046390, -0.245908, 0.967977, 0.050484, -0.032602, -0.060314, 0.997647)
    }},
    {Time = 8.667, Data = {
      ["Head"] = CFrame.new(0.000000, -0.000000, -0.000000, 0.909848, 0.192140, 0.367777, -0.260817, 0.954169, 0.146748, -0.322725, -0.229441, 0.918262),
      ["LeftFoot"] = CFrame.new(0.000000, 0.000000, -0.000000, 0.981659, -0.179030, 0.065536, 0.173991, 0.981818, 0.075892, -0.077931, -0.063098, 0.994960),
      ["LeftHand"] = CFrame.new(-0.000000, 0.000000, -0.000000, 0.149799, -0.754223, -0.639303, 0.737678, 0.515788, -0.435655, 0.658325, -0.406339, 0.633638),
      ["LeftLowerArm"] = CFrame.new(-0.000000, 0.000000, 0.000000, 1.000000, -0.000000, -0.000000, 0.000000, 0.344499, -0.938787, -0.000000, 0.938787, 0.344498),
      ["LeftLowerLeg"] = CFrame.new(-0.000000, 0.000000, -0.000000, 1.000000, 0.000000, 0.000000, 0.000000, 0.999994, 0.003467, 0.000000, -0.003467, 0.999994),
      ["LeftUpperArm"] = CFrame.new(-0.000000, -0.065238, 0.000000, 0.083957, -0.159541, -0.983615, -0.448245, 0.875545, -0.180272, 0.889959, 0.456035, 0.001994),
      ["LeftUpperLeg"] = CFrame.new(0.000026, 0.000126, 0.004997, 0.745345, 0.609117, 0.270996, -0.625287, 0.779707, -0.032760, -0.231252, -0.145033, 0.962023),
      ["LowerTorso"] = CFrame.new(0.196818, 0.039398, 0.093359, 0.887660, -0.218324, -0.405455, 0.211592, 0.975391, -0.061976, 0.409008, -0.030777, 0.912012),
      ["RightFoot"] = CFrame.new(0.000000, 0.000000, 0.000000, 0.957243, 0.248150, 0.148685, -0.237931, 0.967707, -0.083265, -0.164546, 0.044328, 0.985373),
      ["RightHand"] = CFrame.new(-0.000000, 0.000000, -0.000000, 0.456510, -0.784046, 0.420557, 0.887890, 0.431757, -0.158872, -0.057011, 0.445936, 0.893248),
      ["RightLowerArm"] = CFrame.new(-0.000000, -0.000000, 0.000000, 1.000000, 0.000001, -0.000000, 0.000000, 0.067925, -0.997691, 0.000001, 0.997690, 0.067921),
      ["RightLowerLeg"] = CFrame.new(0.000000, 0.000000, -0.000000, 1.000000, 0.000000, 0.000000, -0.000000, 0.999999, 0.001233, -0.000000, -0.001233, 0.999999),
      ["RightUpperArm"] = CFrame.new(-0.000000, -0.065238, -0.000000, -0.081413, -0.131560, 0.987959, 0.453492, 0.877809, 0.154262, -0.887534, 0.460590, -0.011804),
      ["RightUpperLeg"] = CFrame.new(-0.000026, -0.000126, -0.004997, 0.969444, -0.019311, -0.244552, 0.062383, 0.983534, 0.169618, 0.237250, -0.179691, 0.954685),
      ["UpperTorso"] = CFrame.new(-0.000000, 0.000000, -0.000000, 0.968842, 0.243288, 0.046435, -0.245516, 0.968075, 0.050529, -0.032660, -0.060355, 0.997643)
    }},
    {Time = 8.700, Data = {
      ["Head"] = CFrame.new(-0.000000, -0.000000, 0.000000, 0.909668, 0.193090, 0.367723, -0.262132, 0.953664, 0.147691, -0.322167, -0.230742, 0.918132),
      ["LeftFoot"] = CFrame.new(0.000000, 0.000000, -0.000000, 0.981684, -0.178884, 0.065560, 0.173867, 0.981863, 0.075600, -0.077895, -0.062818, 0.994981),
      ["LeftHand"] = CFrame.new(-0.000000, 0.000000, 0.000000, 0.150753, -0.754551, -0.638691, 0.739353, 0.514929, -0.433826, 0.656225, -0.406817, 0.635506),
      ["LeftLowerArm"] = CFrame.new(-0.000000, -0.000000, -0.000000, 1.000000, -0.000000, -0.000000, 0.000000, 0.344498, -0.938787, -0.000000, 0.938787, 0.344498),
      ["LeftLowerLeg"] = CFrame.new(0.000000, 0.000000, -0.000000, 1.000000, -0.000000, -0.000000, -0.000000, 0.999994, 0.003473, -0.000000, -0.003473, 0.999994),
      ["LeftUpperArm"] = CFrame.new(-0.000000, -0.065238, 0.000000, 0.084249, -0.159431, -0.983608, -0.448179, 0.875571, -0.180307, 0.889965, 0.456023, 0.002312),
      ["LeftUpperLeg"] = CFrame.new(0.000025, 0.000126, 0.004998, 0.745460, 0.608866, 0.271243, -0.625219, 0.779788, -0.032112, -0.231064, -0.145648, 0.961975),
      ["LowerTorso"] = CFrame.new(0.196628, 0.039423, 0.093000, 0.887631, -0.218423, -0.405466, 0.211486, 0.975383, -0.062457, 0.409127, -0.030312, 0.911974),
      ["RightFoot"] = CFrame.new(0.000000, 0.000000, 0.000000, 0.957206, 0.248292, 0.148686, -0.238093, 0.967677, -0.083154, -0.164527, 0.044195, 0.985382),
      ["RightHand"] = CFrame.new(-0.000000, 0.000000, 0.000000, 0.457218, -0.783424, 0.420945, 0.887500, 0.432479, -0.159090, -0.057411, 0.446328, 0.893026),
      ["RightLowerArm"] = CFrame.new(0.000000, -0.000001, 0.000000, 1.000000, 0.000001, -0.000000, 0.000000, 0.068072, -0.997681, 0.000001, 0.997680, 0.068068),
      ["RightLowerLeg"] = CFrame.new(0.000000, 0.000000, 0.000000, 1.000000, 0.000000, 0.000000, 0.000000, 0.999999, 0.001232, 0.000000, -0.001232, 0.999999),
      ["RightUpperArm"] = CFrame.new(0.000000, -0.065238, 0.000000, -0.080801, -0.131468, 0.988022, 0.453126, 0.878063, 0.153893, -0.887777, 0.460133, -0.011377),
      ["RightUpperLeg"] = CFrame.new(-0.000026, -0.000126, -0.004997, 0.969463, -0.019597, -0.244453, 0.062758, 0.983437, 0.170040, 0.237072, -0.180189, 0.954636),
      ["UpperTorso"] = CFrame.new(0.000000, 0.000000, 0.000000, 0.968919, 0.242966, 0.046522, -0.245206, 0.968143, 0.050716, -0.032718, -0.060547, 0.997629)
    }},
    {Time = 8.733, Data = {
      ["Head"] = CFrame.new(-0.000000, 0.000000, 0.000000, 0.909510, 0.193994, 0.367639, -0.263375, 0.953180, 0.148600, -0.321599, -0.231980, 0.918019),
      ["LeftFoot"] = CFrame.new(-0.000000, -0.000000, -0.000000, 0.981707, -0.178748, 0.065582, 0.173750, 0.981903, 0.075345, -0.077863, -0.062572, 0.994999),
      ["LeftHand"] = CFrame.new(0.000000, 0.000000, 0.000000, 0.151688, -0.754880, -0.638081, 0.741002, 0.514076, -0.432021, 0.654145, -0.407287, 0.637346),
      ["LeftLowerArm"] = CFrame.new(0.000000, -0.000000, -0.000000, 1.000000, 0.000000, -0.000000, 0.000000, 0.344498, -0.938787, 0.000000, 0.938787, 0.344498),
      ["LeftLowerLeg"] = CFrame.new(0.000000, -0.000000, -0.000000, 1.000000, 0.000000, 0.000000, -0.000000, 0.999994, 0.003477, -0.000000, -0.003477, 0.999994),
      ["LeftUpperArm"] = CFrame.new(-0.000000, -0.065238, 0.000000, 0.084558, -0.159342, -0.983595, -0.448112, 0.875593, -0.180370, 0.889969, 0.456013, 0.002635),
      ["LeftUpperLeg"] = CFrame.new(0.000026, 0.000126, 0.004997, 0.745576, 0.608623, 0.271470, -0.625141, 0.779874, -0.031529, -0.230902, -0.146199, 0.961930),
      ["LowerTorso"] = CFrame.new(0.196369, 0.039448, 0.092631, 0.887603, -0.218509, -0.405481, 0.211367, 0.975378, -0.062932, 0.409249, -0.029847, 0.911935),
      ["RightFoot"] = CFrame.new(0.000000, 0.000001, 0.000000, 0.957170, 0.248430, 0.148687, -0.238251, 0.967647, -0.083045, -0.164508, 0.044064, 0.985391),
      ["RightHand"] = CFrame.new(0.000000, 0.000000, -0.000000, 0.457932, -0.782747, 0.421428, 0.887111, 0.433138, -0.159460, -0.057716, 0.446876, 0.892732),
      ["RightLowerArm"] = CFrame.new(0.000000, -0.000000, -0.000000, 1.000000, 0.000001, -0.000000, 0.000001, 0.068219, -0.997671, 0.000001, 0.997670, 0.068215),
      ["RightLowerLeg"] = CFrame.new(0.000000, -0.000000, -0.000000, 1.000000, -0.000000, 0.000000, -0.000000, 0.999999, 0.001231, -0.000000, -0.001231, 0.999999),
      ["RightUpperArm"] = CFrame.new(-0.000000, -0.065237, -0.000000, -0.080112, -0.131329, 0.988097, 0.452567, 0.878429, 0.153446, -0.888125, 0.459472, -0.010938),
      ["RightUpperLeg"] = CFrame.new(-0.000025, -0.000126, -0.004997, 0.969482, -0.019878, -0.244354, 0.063129, 0.983340, 0.170462, 0.236895, -0.180686, 0.954586),
      ["UpperTorso"] = CFrame.new(-0.000000, 0.000000, 0.000000, 0.968962, 0.242770, 0.046637, -0.245030, 0.968167, 0.051108, -0.032745, -0.060949, 0.997604)
    }},
    {Time = 8.767, Data = {
      ["Head"] = CFrame.new(0.000000, 0.000000, -0.000000, 0.909368, 0.194830, 0.367547, -0.264545, 0.952713, 0.149511, -0.321038, -0.233193, 0.917908),
      ["LeftFoot"] = CFrame.new(0.000000, -0.000000, 0.000000, 0.981731, -0.178607, 0.065606, 0.173628, 0.981945, 0.075078, -0.077831, -0.062316, 0.995017),
      ["LeftHand"] = CFrame.new(-0.000000, 0.000000, 0.000000, 0.152599, -0.755210, -0.637473, 0.742624, 0.513225, -0.430244, 0.652092, -0.407748, 0.639154),
      ["LeftLowerArm"] = CFrame.new(0.000000, 0.000000, -0.000000, 1.000000, -0.000000, -0.000000, 0.000000, 0.344498, -0.938787, -0.000000, 0.938787, 0.344497),
      ["LeftLowerLeg"] = CFrame.new(0.000000, 0.000000, -0.000000, 1.000000, -0.000000, -0.000000, 0.000000, 0.999994, 0.003481, 0.000000, -0.003481, 0.999994),
      ["LeftUpperArm"] = CFrame.new(-0.000000, -0.065238, 0.000000, 0.084897, -0.159316, -0.983570, -0.447988, 0.875629, -0.180500, 0.889999, 0.455952, 0.002967),
      ["LeftUpperLeg"] = CFrame.new(0.000026, 0.000125, 0.004997, 0.745708, 0.608359, 0.271699, -0.625044, 0.779976, -0.030934, -0.230738, -0.146755, 0.961885),
      ["LowerTorso"] = CFrame.new(0.196194, 0.039473, 0.092304, 0.887571, -0.218586, -0.405510, 0.211249, 0.975375, -0.063386, 0.409379, -0.029404, 0.911890),
      ["RightFoot"] = CFrame.new(-0.000000, 0.000000, 0.000000, 0.957133, 0.248570, 0.148687, -0.238409, 0.967617, -0.082943, -0.164490, 0.043940, 0.985400),
      ["RightHand"] = CFrame.new(-0.000000, 0.000000, -0.000000, 0.458653, -0.781996, 0.422038, 0.886728, 0.433704, -0.160049, -0.057879, 0.447641, 0.892339),
      ["RightLowerArm"] = CFrame.new(0.000000, 0.000000, 0.000000, 1.000000, 0.000001, -0.000000, 0.000001, 0.068366, -0.997661, 0.000001, 0.997660, 0.068363),
      ["RightLowerLeg"] = CFrame.new(0.000000, -0.000000, 0.000000, 1.000000, 0.000000, 0.000000, 0.000000, 0.999999, 0.001230, 0.000000, -0.001230, 0.999999),
      ["RightUpperArm"] = CFrame.new(0.000000, -0.065238, -0.000000, -0.079476, -0.131267, 0.988156, 0.451916, 0.878826, 0.153091, -0.888513, 0.458730, -0.010523),
      ["RightUpperLeg"] = CFrame.new(-0.000026, -0.000126, -0.004997, 0.969501, -0.020160, -0.244257, 0.063501, 0.983243, 0.170885, 0.236719, -0.181184, 0.954535),
      ["UpperTorso"] = CFrame.new(0.000000, -0.000000, 0.000000, 0.969005, 0.242581, 0.046741, -0.244864, 0.968184, 0.051590, -0.032739, -0.061436, 0.997574)
    }},
    {Time = 8.800, Data = {
      ["Head"] = CFrame.new(0.000000, 0.000000, 0.000000, 0.909259, 0.195580, 0.367420, -0.265607, 0.952278, 0.150396, -0.320471, -0.234338, 0.917815),
      ["LeftFoot"] = CFrame.new(-0.000000, -0.000000, 0.000000, 0.981754, -0.178473, 0.065627, 0.173512, 0.981985, 0.074824, -0.077799, -0.062072, 0.995035),
      ["LeftHand"] = CFrame.new(0.000000, 0.000000, -0.000000, 0.153490, -0.755527, -0.636883, 0.744193, 0.512404, -0.428508, 0.650091, -0.408192, 0.640907),
      ["LeftLowerArm"] = CFrame.new(0.000000, 0.000001, -0.000000, 1.000000, 0.000000, -0.000000, 0.000000, 0.344498, -0.938787, 0.000000, 0.938787, 0.344498),
      ["LeftLowerLeg"] = CFrame.new(0.000000, -0.000000, 0.000000, 1.000000, 0.000000, 0.000000, -0.000000, 0.999994, 0.003487, -0.000000, -0.003487, 0.999994),
      ["LeftUpperArm"] = CFrame.new(0.000000, -0.065238, 0.000000, 0.085245, -0.159325, -0.983539, -0.447830, 0.875676, -0.180666, 0.890046, 0.455859, 0.003296),
      ["LeftUpperLeg"] = CFrame.new(0.000025, 0.000126, 0.004998, 0.745833, 0.608100, 0.271935, -0.624954, 0.780071, -0.030333, -0.230575, -0.147323, 0.961837),
      ["LowerTorso"] = CFrame.new(0.196004, 0.039498, 0.092081, 0.887550, -0.218652, -0.405520, 0.211129, 0.975373, -0.063816, 0.409487, -0.028978, 0.911856),
      ["RightFoot"] = CFrame.new(-0.000000, 0.000000, -0.000000, 0.957097, 0.248711, 0.148687, -0.238568, 0.967586, -0.082848, -0.164473, 0.043822, 0.985408),
      ["RightHand"] = CFrame.new(0.000000, -0.000000, 0.000000, 0.459196, -0.781318, 0.422702, 0.886449, 0.434015, -0.160756, -0.057853, 0.448523, 0.891897),
      ["RightLowerArm"] = CFrame.new(0.000000, -0.000000, -0.000000, 1.000000, 0.000001, -0.000001, 0.000001, 0.068839, -0.997628, 0.000001, 0.997628, 0.068834),
      ["RightLowerLeg"] = CFrame.new(-0.000000, 0.000000, -0.000000, 1.000000, 0.000000, 0.000000, -0.000000, 0.999999, 0.001230, 0.000000, -0.001230, 0.999999),
      ["RightUpperArm"] = CFrame.new(0.000000, -0.065238, 0.000000, -0.078913, -0.131252, 0.988203, 0.451180, 0.879253, 0.152811, -0.888937, 0.457916, -0.010166),
      ["RightUpperLeg"] = CFrame.new(-0.000026, -0.000125, -0.004997, 0.969517, -0.020442, -0.244168, 0.063874, 0.983145, 0.171304, 0.236551, -0.181678, 0.954482),
      ["UpperTorso"] = CFrame.new(-0.000000, -0.000000, 0.000000, 0.969039, 0.242428, 0.046835, -0.244727, 0.968201, 0.051920, -0.032759, -0.061774, 0.997552)
    }},
    {Time = 8.833, Data = {
      ["Head"] = CFrame.new(-0.000000, 0.000000, 0.000000, 0.909163, 0.196322, 0.367261, -0.266653, 0.951844, 0.151289, -0.319874, -0.235478, 0.917731),
      ["LeftFoot"] = CFrame.new(0.000000, -0.000000, -0.000000, 0.981775, -0.178348, 0.065647, 0.173406, 0.982023, 0.074573, -0.077766, -0.061831, 0.995052),
      ["LeftHand"] = CFrame.new(-0.000000, -0.000000, -0.000000, 0.154351, -0.755836, -0.636308, 0.745710, 0.511606, -0.426821, 0.648145, -0.408621, 0.642601),
      ["LeftLowerArm"] = CFrame.new(0.000000, -0.000000, 0.000000, 1.000000, -0.000000, -0.000000, 0.000000, 0.344498, -0.938787, -0.000000, 0.938787, 0.344498),
      ["LeftLowerLeg"] = CFrame.new(0.000000, 0.000000, -0.000000, 1.000000, 0.000000, -0.000000, 0.000000, 0.999994, 0.003492, 0.000000, -0.003492, 0.999994),
      ["LeftUpperArm"] = CFrame.new(-0.000000, -0.065238, 0.000000, 0.085597, -0.159398, -0.983496, -0.447647, 0.875723, -0.180891, 0.890104, 0.455743, 0.003605),
      ["LeftUpperLeg"] = CFrame.new(0.000026, 0.000125, 0.004997, 0.745945, 0.607860, 0.272163, -0.624881, 0.780153, -0.029746, -0.230410, -0.147880, 0.961791),
      ["LowerTorso"] = CFrame.new(0.195834, 0.039523, 0.091725, 0.887531, -0.218708, -0.405531, 0.211003, 0.975372, -0.064235, 0.409592, -0.028558, 0.911821),
      ["RightFoot"] = CFrame.new(0.000000, 0.000000, -0.000000, 0.957061, 0.248851, 0.148687, -0.238724, 0.967555, -0.082753, -0.164456, 0.043705, 0.985416),
      ["RightHand"] = CFrame.new(-0.000000, -0.000000, -0.000000, 0.459664, -0.780678, 0.423376, 0.886220, 0.434166, -0.161608, -0.057648, 0.449490, 0.891423),
      ["RightLowerArm"] = CFrame.new(-0.000000, -0.000000, -0.000000, 1.000000, 0.000001, -0.000000, 0.000001, 0.069429, -0.997587, 0.000001, 0.997587, 0.069425),
      ["RightLowerLeg"] = CFrame.new(0.000000, 0.000000, -0.000000, 1.000000, -0.000000, -0.000000, -0.000000, 0.999999, 0.001230, 0.000000, -0.001230, 0.999999),
      ["RightUpperArm"] = CFrame.new(0.000000, -0.065238, -0.000000, -0.078433, -0.131241, 0.988243, 0.450394, 0.879697, 0.152572, -0.889378, 0.457065, -0.009888),
      ["RightUpperLeg"] = CFrame.new(-0.000026, -0.000126, -0.004997, 0.969533, -0.020722, -0.244081, 0.064243, 0.983050, 0.171715, 0.236385, -0.182164, 0.954431),
      ["UpperTorso"] = CFrame.new(0.000000, 0.000000, -0.000000, 0.969078, 0.242262, 0.046887, -0.244573, 0.968225, 0.052196, -0.032751, -0.062049, 0.997536)
    }},
    {Time = 8.867, Data = {
      ["Head"] = CFrame.new(0.000000, -0.000000, 0.000000, 0.909092, 0.196998, 0.367074, -0.267624, 0.951428, 0.152191, -0.319262, -0.236594, 0.917657),
      ["LeftFoot"] = CFrame.new(-0.000000, 0.000000, 0.000000, 0.981795, -0.178232, 0.065668, 0.173307, 0.982058, 0.074333, -0.077738, -0.061600, 0.995069),
      ["LeftHand"] = CFrame.new(0.000000, 0.000000, 0.000000, 0.155174, -0.756126, -0.635763, 0.747151, 0.510850, -0.425204, 0.646287, -0.409029, 0.644211),
      ["LeftLowerArm"] = CFrame.new(-0.000000, 0.000000, -0.000000, 1.000000, -0.000000, 0.000000, -0.000000, 0.344499, -0.938787, 0.000000, 0.938787, 0.344498),
      ["LeftLowerLeg"] = CFrame.new(-0.000000, -0.000000, 0.000000, 1.000000, 0.000000, -0.000000, 0.000000, 0.999994, 0.003496, -0.000000, -0.003496, 0.999994),
      ["LeftUpperArm"] = CFrame.new(-0.000000, -0.065238, 0.000000, 0.085981, -0.159522, -0.983443, -0.447448, 0.875766, -0.181176, 0.890167, 0.455617, 0.003921),
      ["LeftUpperLeg"] = CFrame.new(0.000026, 0.000126, 0.004997, 0.746076, 0.607606, 0.272372, -0.624775, 0.780257, -0.029219, -0.230275, -0.148371, 0.961748),
      ["LowerTorso"] = CFrame.new(0.195664, 0.039548, 0.091369, 0.887519, -0.218747, -0.405538, 0.210879, 0.975375, -0.064609, 0.409684, -0.028178, 0.911792),
      ["RightFoot"] = CFrame.new(0.000000, 0.000000, 0.000000, 0.957024, 0.248992, 0.148686, -0.238883, 0.967524, -0.082662, -0.164440, 0.043592, 0.985424),
      ["RightHand"] = CFrame.new(0.000000, 0.000000, -0.000000, 0.460041, -0.780087, 0.424056, 0.886043, 0.434193, -0.162502, -0.057353, 0.450489, 0.890938),
      ["RightLowerArm"] = CFrame.new(-0.000000, -0.000000, -0.000000, 1.000000, 0.000001, -0.000001, 0.000001, 0.070063, -0.997543, 0.000001, 0.997543, 0.070060),
      ["RightLowerLeg"] = CFrame.new(-0.000000, 0.000000, -0.000000, 1.000000, -0.000000, 0.000000, -0.000000, 0.999999, 0.001231, -0.000000, -0.001231, 0.999999),
      ["RightUpperArm"] = CFrame.new(0.000000, -0.065238, 0.000000, -0.078040, -0.131247, 0.988273, 0.449634, 0.880117, 0.152389, -0.889797, 0.456254, -0.009671),
      ["RightUpperLeg"] = CFrame.new(-0.000026, -0.000126, -0.004998, 0.969546, -0.021007, -0.244005, 0.064610, 0.982961, 0.172087, 0.236232, -0.182611, 0.954383),
      ["UpperTorso"] = CFrame.new(-0.000000, 0.000000, -0.000000, 0.969122, 0.242079, 0.046914, -0.244397, 0.968262, 0.052333, -0.032756, -0.062183, 0.997527)
    }},
    {Time = 8.900, Data = {
      ["Head"] = CFrame.new(-0.000000, -0.000001, -0.000000, 0.909057, 0.197581, 0.366846, -0.268474, 0.951050, 0.153058, -0.318648, -0.237627, 0.917604),
      ["LeftFoot"] = CFrame.new(0.000000, 0.000000, -0.000000, 0.981816, -0.178111, 0.065689, 0.173203, 0.982094, 0.074099, -0.077710, -0.061374, 0.995085),
      ["LeftHand"] = CFrame.new(0.000000, -0.000000, -0.000000, 0.155941, -0.756399, -0.635250, 0.748511, 0.510130, -0.423673, 0.644526, -0.409423, 0.645723),
      ["LeftLowerArm"] = CFrame.new(-0.000000, 0.000000, 0.000000, 1.000000, 0.000000, -0.000000, 0.000000, 0.344498, -0.938787, 0.000000, 0.938787, 0.344498),
      ["LeftLowerLeg"] = CFrame.new(0.000000, 0.000000, -0.000000, 1.000000, 0.000000, 0.000000, 0.000000, 0.999994, 0.003500, 0.000000, -0.003500, 0.999994),
      ["LeftUpperArm"] = CFrame.new(0.000000, -0.065238, 0.000000, 0.086257, -0.159473, -0.983427, -0.447267, 0.875842, -0.181257, 0.890231, 0.455488, 0.004220),
      ["LeftUpperLeg"] = CFrame.new(0.000025, 0.000126, 0.004997, 0.746219, 0.607344, 0.272565, -0.624646, 0.780378, -0.028744, -0.230162, -0.148807, 0.961708),
      ["LowerTorso"] = CFrame.new(0.195493, 0.039573, 0.091013, 0.887517, -0.218771, -0.405529, 0.210753, 0.975379, -0.064945, 0.409753, -0.027827, 0.911772),
      ["RightFoot"] = CFrame.new(0.000000, 0.000000, 0.000000, 0.956987, 0.249135, 0.148687, -0.239040, 0.967492, -0.082583, -0.164428, 0.043490, 0.985430),
      ["RightHand"] = CFrame.new(0.000000, 0.000000, -0.000000, 0.460266, -0.779675, 0.424570, 0.885959, 0.434024, -0.163413, -0.056860, 0.451365, 0.890526),
      ["RightLowerArm"] = CFrame.new(0.000000, 0.000000, 0.000000, 1.000000, 0.000001, -0.000001, 0.000001, 0.070735, -0.997495, 0.000001, 0.997495, 0.070731),
      ["RightLowerLeg"] = CFrame.new(-0.000000, -0.000000, 0.000000, 1.000000, -0.000000, 0.000000, -0.000000, 0.999999, 0.001232, 0.000000, -0.001232, 0.999999),
      ["RightUpperArm"] = CFrame.new(-0.000000, -0.065238, -0.000000, -0.077889, -0.131467, 0.988256, 0.448936, 0.880453, 0.152509, -0.890163, 0.455542, -0.009557),
      ["RightUpperLeg"] = CFrame.new(-0.000025, -0.000126, -0.004998, 0.969557, -0.021286, -0.243939, 0.064968, 0.982874, 0.172448, 0.236090, -0.183046, 0.954335),
      ["UpperTorso"] = CFrame.new(-0.000000, 0.000000, -0.000000, 0.969166, 0.241900, 0.046921, -0.244222, 0.968300, 0.052438, -0.032749, -0.062281, 0.997521)
    }},
    {Time = 8.933, Data = {
      ["Head"] = CFrame.new(-0.000000, 0.000001, -0.000000, 0.909052, 0.198109, 0.366576, -0.269239, 0.950700, 0.153884, -0.318017, -0.238585, 0.917574),
      ["LeftFoot"] = CFrame.new(0.000000, -0.000000, 0.000000, 0.981831, -0.178018, 0.065708, 0.173125, 0.982124, 0.073891, -0.077687, -0.061173, 0.995099),
      ["LeftHand"] = CFrame.new(-0.000000, -0.000000, -0.000000, 0.156672, -0.756661, -0.634758, 0.749786, 0.509454, -0.422229, 0.642864, -0.409781, 0.647151),
      ["LeftLowerArm"] = CFrame.new(0.000000, 0.000000, -0.000000, 1.000000, -0.000000, -0.000000, 0.000000, 0.344498, -0.938787, 0.000000, 0.938787, 0.344498),
      ["LeftLowerLeg"] = CFrame.new(0.000000, -0.000000, -0.000000, 1.000000, -0.000000, 0.000000, 0.000000, 0.999994, 0.003506, -0.000000, -0.003506, 0.999994),
      ["LeftUpperArm"] = CFrame.new(0.000000, -0.065238, 0.000000, 0.086543, -0.159430, -0.983408, -0.447077, 0.875920, -0.181349, 0.890299, 0.455353, 0.004528),
      ["LeftUpperLeg"] = CFrame.new(0.000026, 0.000125, 0.004997, 0.746343, 0.607102, 0.272762, -0.624540, 0.780481, -0.028266, -0.230046, -0.149255, 0.961666),
      ["LowerTorso"] = CFrame.new(0.195345, 0.039598, 0.090633, 0.887513, -0.218762, -0.405542, 0.210620, 0.975390, -0.065220, 0.409830, -0.027532, 0.911746),
      ["RightFoot"] = CFrame.new(-0.000000, 0.000000, -0.000000, 0.956951, 0.249269, 0.148688, -0.239188, 0.967461, -0.082511, -0.164417, 0.043395, 0.985436),
      ["RightHand"] = CFrame.new(0.000000, 0.000000, 0.000000, 0.460402, -0.779349, 0.425020, 0.885924, 0.433754, -0.164315, -0.056291, 0.452187, 0.890145),
      ["RightLowerArm"] = CFrame.new(0.000000, -0.000000, 0.000000, 1.000000, 0.000001, -0.000001, 0.000001, 0.071399, -0.997448, 0.000001, 0.997448, 0.071395),
      ["RightLowerLeg"] = CFrame.new(-0.000000, 0.000000, -0.000000, 1.000000, 0.000000, -0.000000, 0.000000, 0.999999, 0.001233, -0.000000, -0.001233, 0.999999),
      ["RightUpperArm"] = CFrame.new(0.000000, -0.065238, -0.000000, -0.077901, -0.131695, 0.988225, 0.448300, 0.880742, 0.152711, -0.890482, 0.454917, -0.009572),
      ["RightUpperLeg"] = CFrame.new(-0.000026, -0.000126, -0.004998, 0.969566, -0.021535, -0.243882, 0.065289, 0.982796, 0.172769, 0.235966, -0.183433, 0.954292),
      ["UpperTorso"] = CFrame.new(0.000000, -0.000000, -0.000000, 0.969210, 0.241726, 0.046915, -0.244051, 0.968337, 0.052553, -0.032726, -0.062384, 0.997515)
    }},
    {Time = 8.967, Data = {
      ["Head"] = CFrame.new(-0.000000, -0.000000, -0.000000, 0.909090, 0.198544, 0.366244, -0.269882, 0.950387, 0.154690, -0.317361, -0.239470, 0.917571),
      ["LeftFoot"] = CFrame.new(-0.000000, -0.000000, -0.000000, 0.981848, -0.177918, 0.065726, 0.173039, 0.982154, 0.073697, -0.077665, -0.060986, 0.995113),
      ["LeftHand"] = CFrame.new(0.000000, 0.000000, -0.000000, 0.157348, -0.756904, -0.634301, 0.750966, 0.508826, -0.420887, 0.641320, -0.410114, 0.648472),
      ["LeftLowerArm"] = CFrame.new(-0.000000, 0.000000, 0.000000, 1.000000, -0.000000, 0.000000, 0.000000, 0.344497, -0.938787, -0.000000, 0.938787, 0.344498),
      ["LeftLowerLeg"] = CFrame.new(-0.000000, -0.000001, 0.000000, 1.000000, 0.000000, 0.000000, 0.000000, 0.999994, 0.003511, -0.000000, -0.003511, 0.999994),
      ["LeftUpperArm"] = CFrame.new(0.000000, -0.065238, 0.000000, 0.086807, -0.159413, -0.983388, -0.446850, 0.876014, -0.181452, 0.890387, 0.455178, 0.004811),
      ["LeftUpperLeg"] = CFrame.new(0.000025, 0.000126, 0.004997, 0.746484, 0.606852, 0.272932, -0.624406, 0.780603, -0.027853, -0.229955, -0.149628, 0.961630),
      ["LowerTorso"] = CFrame.new(0.195304, 0.039623, 0.090157, 0.887510, -0.218737, -0.405563, 0.210484, 0.975403, -0.065464, 0.409907, -0.027264, 0.911720),
      ["RightFoot"] = CFrame.new(-0.000000, 0.000000, -0.000000, 0.956916, 0.249409, 0.148682, -0.239338, 0.967429, -0.082457, -0.164405, 0.043320, 0.985441),
      ["RightHand"] = CFrame.new(-0.000000, -0.000000, -0.000000, 0.460393, -0.779207, 0.425289, 0.885971, 0.433347, -0.165132, -0.055623, 0.452820, 0.889865),
      ["RightLowerArm"] = CFrame.new(0.000000, 0.000000, 0.000000, 1.000000, 0.000001, -0.000000, 0.000001, 0.072017, -0.997404, 0.000001, 0.997403, 0.072014),
      ["RightLowerLeg"] = CFrame.new(-0.000000, 0.000000, 0.000000, 1.000000, 0.000000, -0.000000, -0.000000, 0.999999, 0.001234, 0.000000, -0.001234, 0.999999),
      ["RightUpperArm"] = CFrame.new(-0.000000, -0.065238, -0.000000, -0.078095, -0.131992, 0.988170, 0.447875, 0.880898, 0.153059, -0.890679, 0.454529, -0.009678),
      ["RightUpperLeg"] = CFrame.new(-0.000026, -0.000126, -0.004997, 0.969570, -0.021818, -0.243841, 0.065635, 0.982726, 0.173038, 0.235854, -0.183777, 0.954253),
      ["UpperTorso"] = CFrame.new(-0.000000, -0.000000, -0.000000, 0.969250, 0.241570, 0.046892, -0.243893, 0.968379, 0.052512, -0.032724, -0.062334, 0.997519)
    }},
    {Time = 9.000, Data = {
      ["Head"] = CFrame.new(0.000000, -0.000000, -0.000000, 0.909143, 0.198911, 0.365914, -0.270454, 0.950092, 0.155497, -0.316722, -0.240333, 0.917566),
      ["LeftFoot"] = CFrame.new(-0.000000, 0.000000, 0.000000, 0.981861, -0.177842, 0.065746, 0.172975, 0.982178, 0.073528, -0.077650, -0.060822, 0.995124),
      ["LeftHand"] = CFrame.new(0.000000, 0.000000, 0.000000, 0.157962, -0.757127, -0.633883, 0.752033, 0.508255, -0.419669, 0.639917, -0.410410, 0.649669),
      ["LeftLowerArm"] = CFrame.new(-0.000000, -0.000000, -0.000000, 1.000000, -0.000000, -0.000000, 0.000000, 0.344498, -0.938787, 0.000000, 0.938787, 0.344498),
      ["LeftLowerLeg"] = CFrame.new(-0.000000, 0.000000, -0.000000, 1.000000, 0.000000, -0.000000, -0.000000, 0.999994, 0.003517, -0.000000, -0.003517, 0.999994),
      ["LeftUpperArm"] = CFrame.new(-0.000000, -0.065238, 0.000000, 0.087026, -0.159342, -0.983380, -0.446653, 0.876107, -0.181487, 0.890465, 0.455023, 0.005073),
      ["LeftUpperLeg"] = CFrame.new(0.000025, 0.000126, 0.004997, 0.746619, 0.606615, 0.273091, -0.624272, 0.780723, -0.027482, -0.229880, -0.149964, 0.961596),
      ["LowerTorso"] = CFrame.new(0.195225, 0.039649, 0.089815, 0.887527, -0.218668, -0.405562, 0.210350, 0.975423, -0.065594, 0.409938, -0.027094, 0.911711),
      ["RightFoot"] = CFrame.new(0.000000, 0.000000, -0.000000, 0.956881, 0.249547, 0.148673, -0.239483, 0.967396, -0.082427, -0.164396, 0.043268, 0.985445),
      ["RightHand"] = CFrame.new(0.000000, 0.000000, 0.000000, 0.460222, -0.779288, 0.425327, 0.886107, 0.432806, -0.165818, -0.054860, 0.453199, 0.889720),
      ["RightLowerArm"] = CFrame.new(-0.000000, -0.000000, 0.000000, 1.000000, 0.000001, -0.000000, 0.000001, 0.072577, -0.997363, 0.000001, 0.997363, 0.072573),
      ["RightLowerLeg"] = CFrame.new(0.000000, -0.000000, -0.000000, 1.000000, 0.000000, 0.000000, 0.000000, 0.999999, 0.001237, 0.000000, -0.001237, 0.999999),
      ["RightUpperArm"] = CFrame.new(0.000000, -0.065239, -0.000000, -0.078484, -0.132273, 0.988101, 0.447592, 0.880968, 0.153483, -0.890787, 0.454312, -0.009937),
      ["RightUpperLeg"] = CFrame.new(-0.000026, -0.000126, -0.004997, 0.969570, -0.022070, -0.243818, 0.065944, 0.982664, 0.173273, 0.235767, -0.184079, 0.954216),
      ["UpperTorso"] = CFrame.new(0.000000, -0.000000, 0.000000, 0.969290, 0.241420, 0.046828, -0.243734, 0.968427, 0.052363, -0.032708, -0.062168, 0.997530)
    }},
    {Time = 9.033, Data = {
      ["Head"] = CFrame.new(-0.000000, 0.000000, 0.000000, 0.909222, 0.199182, 0.365570, -0.270909, 0.949837, 0.156263, -0.316107, -0.241114, 0.917573),
      ["LeftFoot"] = CFrame.new(-0.000000, -0.000000, 0.000000, 0.981873, -0.177767, 0.065761, 0.172910, 0.982199, 0.073389, -0.077637, -0.060688, 0.995133),
      ["LeftHand"] = CFrame.new(-0.000000, 0.000000, 0.000000, 0.158516, -0.757334, -0.633497, 0.752993, 0.507737, -0.418573, 0.638650, -0.410668, 0.650752),
      ["LeftLowerArm"] = CFrame.new(0.000000, -0.000000, -0.000000, 1.000000, 0.000000, -0.000000, 0.000000, 0.344498, -0.938787, 0.000000, 0.938787, 0.344498),
      ["LeftLowerLeg"] = CFrame.new(0.000000, 0.000000, 0.000000, 1.000000, 0.000000, -0.000000, -0.000000, 0.999994, 0.003520, -0.000000, -0.003520, 0.999994),
      ["LeftUpperArm"] = CFrame.new(0.000000, -0.065238, 0.000000, 0.087240, -0.159296, -0.983369, -0.446457, 0.876196, -0.181543, 0.890542, 0.454869, 0.005320),
      ["LeftUpperLeg"] = CFrame.new(0.000026, 0.000126, 0.004997, 0.746746, 0.606404, 0.273214, -0.624140, 0.780839, -0.027194, -0.229827, -0.150216, 0.961569),
      ["LowerTorso"] = CFrame.new(0.195072, 0.039674, 0.089461, 0.887544, -0.218600, -0.405561, 0.210216, 0.975443, -0.065724, 0.409969, -0.026923, 0.911702),
      ["RightFoot"] = CFrame.new(-0.000000, 0.000000, -0.000000, 0.956855, 0.249648, 0.148669, -0.239591, 0.967371, -0.082399, -0.164389, 0.043225, 0.985448),
      ["RightHand"] = CFrame.new(0.000000, 0.000000, -0.000000, 0.459979, -0.779527, 0.425151, 0.886285, 0.432214, -0.166414, -0.054028, 0.453352, 0.889693),
      ["RightLowerArm"] = CFrame.new(0.000000, 0.000001, 0.000000, 1.000000, 0.000001, -0.000000, 0.000001, 0.073010, -0.997332, 0.000001, 0.997331, 0.073006),
      ["RightLowerLeg"] = CFrame.new(0.000000, -0.000000, -0.000000, 1.000000, -0.000000, -0.000000, -0.000000, 0.999999, 0.001238, 0.000000, -0.001238, 0.999999),
      ["RightUpperArm"] = CFrame.new(-0.000000, -0.065238, 0.000000, -0.079075, -0.132556, 0.988016, 0.447536, 0.880906, 0.154004, -0.890763, 0.454350, -0.010334),
      ["RightUpperLeg"] = CFrame.new(-0.000026, -0.000125, -0.004997, 0.969564, -0.022319, -0.243816, 0.066236, 0.982616, 0.173434, 0.235707, -0.184304, 0.954188),
      ["UpperTorso"] = CFrame.new(0.000000, 0.000000, 0.000000, 0.969325, 0.241292, 0.046769, -0.243598, 0.968469, 0.052222, -0.032694, -0.062013, 0.997540)
    }},
    {Time = 9.067, Data = {
      ["Head"] = CFrame.new(-0.000000, 0.000000, -0.000000, 0.909320, 0.199388, 0.365215, -0.271274, 0.949614, 0.156983, -0.315513, -0.241821, 0.917592),
      ["LeftFoot"] = CFrame.new(0.000000, 0.000000, -0.000000, 0.981886, -0.177690, 0.065780, 0.172844, 0.982223, 0.073223, -0.077622, -0.060527, 0.995144),
      ["LeftHand"] = CFrame.new(0.000000, -0.000000, -0.000000, 0.158986, -0.757497, -0.633185, 0.753817, 0.507299, -0.417622, 0.637561, -0.410909, 0.651666),
      ["LeftLowerArm"] = CFrame.new(0.000000, 0.000000, 0.000000, 1.000000, -0.000000, 0.000000, 0.000000, 0.344498, -0.938787, -0.000000, 0.938787, 0.344498),
      ["LeftLowerLeg"] = CFrame.new(-0.000000, 0.000000, -0.000000, 1.000000, 0.000000, -0.000000, 0.000000, 0.999994, 0.003526, 0.000000, -0.003526, 0.999994),
      ["LeftUpperArm"] = CFrame.new(0.000000, -0.065239, 0.000000, 0.087411, -0.159241, -0.983362, -0.446218, 0.876311, -0.181570, 0.890645, 0.454665, 0.005543),
      ["LeftUpperLeg"] = CFrame.new(0.000026, 0.000126, 0.004997, 0.746896, 0.606165, 0.273335, -0.623970, 0.780983, -0.026938, -0.229799, -0.150432, 0.961542),
      ["LowerTorso"] = CFrame.new(0.195025, 0.039700, 0.089124, 0.887579, -0.218477, -0.405551, 0.210078, 0.975473, -0.065728, 0.409964, -0.026859, 0.911706),
      ["RightFoot"] = CFrame.new(0.000000, 0.000000, -0.000000, 0.956830, 0.249749, 0.148662, -0.239693, 0.967346, -0.082404, -0.164388, 0.043214, 0.985449),
      ["RightHand"] = CFrame.new(0.000000, 0.000000, -0.000000, 0.459665, -0.779871, 0.424860, 0.886495, 0.431607, -0.166867, -0.053234, 0.453339, 0.889747),
      ["RightLowerArm"] = CFrame.new(-0.000000, -0.000001, 0.000000, 1.000000, 0.000001, -0.000000, 0.000001, 0.073359, -0.997306, 0.000001, 0.997306, 0.073355),
      ["RightLowerLeg"] = CFrame.new(0.000000, -0.000000, -0.000000, 1.000000, -0.000000, -0.000000, -0.000000, 0.999999, 0.001242, 0.000000, -0.001242, 0.999999),
      ["RightUpperArm"] = CFrame.new(0.000000, -0.065239, 0.000000, -0.079656, -0.132855, 0.987929, 0.447570, 0.880795, 0.154535, -0.890694, 0.454477, -0.010699),
      ["RightUpperLeg"] = CFrame.new(-0.000025, -0.000126, -0.004998, 0.969557, -0.022540, -0.243826, 0.066497, 0.982573, 0.173577, 0.235664, -0.184507, 0.954159),
      ["UpperTorso"] = CFrame.new(-0.000000, 0.000000, -0.000000, 0.969356, 0.241187, 0.046682, -0.243480, 0.968510, 0.052009, -0.032668, -0.061782, 0.997555)
    }},
    {Time = 9.100, Data = {
      ["Head"] = CFrame.new(0.000000, -0.000000, 0.000000, 0.909461, 0.199439, 0.364836, -0.271459, 0.949447, 0.157672, -0.314947, -0.242435, 0.917624),
      ["LeftFoot"] = CFrame.new(-0.000000, -0.000000, -0.000000, 0.981889, -0.177669, 0.065789, 0.172824, 0.982228, 0.073208, -0.077627, -0.060513, 0.995144),
      ["LeftHand"] = CFrame.new(-0.000000, 0.000000, 0.000000, 0.159386, -0.757650, -0.632901, 0.754520, 0.506915, -0.416818, 0.636629, -0.411100, 0.652456),
      ["LeftLowerArm"] = CFrame.new(0.000000, 0.000001, 0.000000, 1.000000, 0.000000, -0.000000, 0.000000, 0.344498, -0.938787, 0.000000, 0.938787, 0.344497),
      ["LeftLowerLeg"] = CFrame.new(-0.000000, -0.000000, 0.000000, 1.000000, -0.000000, -0.000000, 0.000000, 0.999994, 0.003529, -0.000000, -0.003529, 0.999994),
      ["LeftUpperArm"] = CFrame.new(0.000000, -0.065238, -0.000000, 0.087580, -0.159225, -0.983350, -0.445985, 0.876418, -0.181631, 0.890746, 0.454466, 0.005744),
      ["LeftUpperLeg"] = CFrame.new(0.000025, 0.000126, 0.004997, 0.747035, 0.605962, 0.273406, -0.623802, 0.781122, -0.026801, -0.229804, -0.150529, 0.961525),
      ["LowerTorso"] = CFrame.new(0.195052, 0.039732, 0.088791, 0.887614, -0.218354, -0.405541, 0.209940, 0.975502, -0.065733, 0.409959, -0.026794, 0.911710),
      ["RightFoot"] = CFrame.new(0.000000, 0.000000, 0.000000, 0.956803, 0.249857, 0.148655, -0.239804, 0.967319, -0.082390, -0.164383, 0.043183, 0.985451),
      ["RightHand"] = CFrame.new(0.000000, 0.000000, 0.000000, 0.459496, -0.780038, 0.424735, 0.886616, 0.431215, -0.167244, -0.052692, 0.453425, 0.889736),
      ["RightLowerArm"] = CFrame.new(0.000000, 0.000000, -0.000000, 1.000000, 0.000001, -0.000001, 0.000001, 0.073642, -0.997285, 0.000001, 0.997285, 0.073638),
      ["RightLowerLeg"] = CFrame.new(0.000000, -0.000000, -0.000000, 1.000000, 0.000000, 0.000000, 0.000000, 0.999999, 0.001244, -0.000000, -0.001244, 0.999999),
      ["RightUpperArm"] = CFrame.new(-0.000000, -0.065238, -0.000000, -0.080068, -0.133022, 0.987874, 0.447474, 0.880785, 0.154870, -0.890706, 0.454447, -0.010999),
      ["RightUpperLeg"] = CFrame.new(-0.000025, -0.000126, -0.004997, 0.969541, -0.022800, -0.243864, 0.066786, 0.982541, 0.173649, 0.235647, -0.184646, 0.954136),
      ["UpperTorso"] = CFrame.new(0.000000, -0.000000, 0.000000, 0.969389, 0.241074, 0.046559, -0.243349, 0.968561, 0.051678, -0.032636, -0.061426, 0.997578)
    }},
    {Time = 9.133, Data = {
      ["Head"] = CFrame.new(-0.000000, 0.000000, 0.000000, 0.909616, 0.199438, 0.364450, -0.271569, 0.949310, 0.158307, -0.314404, -0.242971, 0.917668),
      ["LeftFoot"] = CFrame.new(0.000000, 0.000000, 0.000000, 0.981889, -0.177665, 0.065801, 0.172824, 0.982232, 0.073150, -0.077628, -0.060454, 0.995148),
      ["LeftHand"] = CFrame.new(0.000000, 0.000000, -0.000000, 0.159710, -0.757781, -0.632662, 0.755091, 0.506598, -0.416169, 0.635870, -0.411251, 0.653102),
      ["LeftLowerArm"] = CFrame.new(0.000000, 0.000000, 0.000000, 1.000000, -0.000000, -0.000000, 0.000000, 0.344499, -0.938787, -0.000000, 0.938787, 0.344498),
      ["LeftLowerLeg"] = CFrame.new(0.000000, 0.000000, 0.000000, 1.000000, 0.000000, -0.000000, -0.000000, 0.999994, 0.003535, 0.000000, -0.003535, 0.999994),
      ["LeftUpperArm"] = CFrame.new(0.000000, -0.065238, -0.000000, 0.087703, -0.159201, -0.983343, -0.445732, 0.876540, -0.181663, 0.890860, 0.454239, 0.005914),
      ["LeftUpperLeg"] = CFrame.new(0.000026, 0.000126, 0.004997, 0.747163, 0.605761, 0.273498, -0.623648, 0.781251, -0.026630, -0.229803, -0.150670, 0.961504),
      ["LowerTorso"] = CFrame.new(0.195047, 0.039759, 0.088401, 0.887659, -0.218172, -0.405541, 0.209788, 0.975542, -0.065629, 0.409941, -0.026822, 0.911718),
      ["RightFoot"] = CFrame.new(0.000000, 0.000000, 0.000000, 0.956782, 0.249946, 0.148643, -0.239889, 0.967295, -0.082420, -0.164383, 0.043201, 0.985450),
      ["RightHand"] = CFrame.new(-0.000000, 0.000000, 0.000000, 0.459446, -0.780099, 0.424678, 0.886661, 0.431015, -0.167517, -0.052358, 0.453511, 0.889712),
      ["RightLowerArm"] = CFrame.new(0.000000, -0.000000, -0.000000, 1.000000, 0.000001, -0.000000, 0.000001, 0.073800, -0.997273, 0.000001, 0.997273, 0.073795),
      ["RightLowerLeg"] = CFrame.new(0.000000, 0.000000, -0.000000, 1.000000, 0.000000, 0.000000, -0.000000, 0.999999, 0.001248, 0.000000, -0.001248, 0.999999),
      ["RightUpperArm"] = CFrame.new(0.000000, -0.065238, -0.000000, -0.080328, -0.133096, 0.987842, 0.447243, 0.880871, 0.155052, -0.890798, 0.454260, -0.011232),
      ["RightUpperLeg"] = CFrame.new(-0.000025, -0.000126, -0.004997, 0.969526, -0.023003, -0.243907, 0.067009, 0.982519, 0.173685, 0.235648, -0.184736, 0.954119),
      ["UpperTorso"] = CFrame.new(0.000000, -0.000000, 0.000000, 0.969419, 0.240980, 0.046430, -0.243236, 0.968609, 0.051315, -0.032607, -0.061039, 0.997603)
    }},
    {Time = 9.167, Data = {
      ["Head"] = CFrame.new(0.000000, 0.000001, -0.000000, 0.909829, 0.199290, 0.363999, -0.271494, 0.949232, 0.158904, -0.313852, -0.243399, 0.917744),
      ["LeftFoot"] = CFrame.new(-0.000000, 0.000000, 0.000000, 0.981890, -0.177654, 0.065808, 0.172814, 0.982235, 0.073135, -0.077632, -0.060438, 0.995149),
      ["LeftHand"] = CFrame.new(-0.000000, -0.000000, 0.000000, 0.159939, -0.757851, -0.632520, 0.755473, 0.506402, -0.415714, 0.635359, -0.411363, 0.653529),
      ["LeftLowerArm"] = CFrame.new(0.000000, -0.000000, -0.000000, 1.000000, 0.000000, -0.000000, 0.000000, 0.344498, -0.938787, 0.000000, 0.938787, 0.344497),
      ["LeftLowerLeg"] = CFrame.new(0.000000, -0.000000, 0.000000, 1.000000, -0.000000, 0.000000, 0.000000, 0.999994, 0.003538, 0.000000, -0.003538, 0.999994),
      ["LeftUpperArm"] = CFrame.new(0.000000, -0.065238, 0.000000, 0.087809, -0.159143, -0.983343, -0.445526, 0.876645, -0.181659, 0.890953, 0.454056, 0.006076),
      ["LeftUpperLeg"] = CFrame.new(0.000026, 0.000126, 0.004997, 0.747300, 0.605573, 0.273540, -0.623471, 0.781394, -0.026578, -0.229838, -0.150682, 0.961493),
      ["LowerTorso"] = CFrame.new(0.195064, 0.039786, 0.088015, 0.887703, -0.217991, -0.405541, 0.209636, 0.975581, -0.065525, 0.409922, -0.026850, 0.911725),
      ["RightFoot"] = CFrame.new(0.000000, 0.000000, 0.000000, 0.956760, 0.250035, 0.148630, -0.239975, 0.967272, -0.082450, -0.164382, 0.043218, 0.985450),
      ["RightHand"] = CFrame.new(0.000000, -0.000000, 0.000000, 0.459516, -0.779993, 0.424797, 0.886626, 0.431033, -0.167651, -0.052331, 0.453675, 0.889629),
      ["RightLowerArm"] = CFrame.new(0.000000, 0.000000, 0.000000, 1.000000, 0.000001, -0.000001, 0.000001, 0.073957, -0.997262, 0.000001, 0.997261, 0.073954),
      ["RightLowerLeg"] = CFrame.new(-0.000000, -0.000000, -0.000000, 1.000000, -0.000000, 0.000000, -0.000000, 0.999999, 0.001252, -0.000000, -0.001252, 0.999999),
      ["RightUpperArm"] = CFrame.new(0.000000, -0.065237, -0.000000, -0.080328, -0.133111, 0.987840, 0.446964, 0.881010, 0.155062, -0.890938, 0.453985, -0.011274),
      ["RightUpperLeg"] = CFrame.new(-0.000026, -0.000126, -0.004997, 0.969510, -0.023207, -0.243950, 0.067232, 0.982497, 0.173721, 0.235649, -0.184825, 0.954101),
      ["UpperTorso"] = CFrame.new(-0.000000, -0.000000, -0.000000, 0.969444, 0.240911, 0.046279, -0.243143, 0.968655, 0.050880, -0.032570, -0.060577, 0.997632)
    }},
    {Time = 9.200, Data = {
      ["Head"] = CFrame.new(0.000000, -0.000000, 0.000000, 0.910071, 0.199039, 0.363529, -0.271280, 0.949206, 0.159424, -0.313332, -0.243705, 0.917840),
      ["LeftFoot"] = CFrame.new(-0.000000, 0.000000, -0.000000, 0.981891, -0.177648, 0.065820, 0.172811, 0.982240, 0.073077, -0.077633, -0.060380, 0.995152),
      ["LeftHand"] = CFrame.new(-0.000000, -0.000000, -0.000000, 0.160068, -0.757896, -0.632433, 0.755711, 0.506273, -0.415438, 0.635042, -0.411438, 0.653788),
      ["LeftLowerArm"] = CFrame.new(0.000000, -0.000000, 0.000000, 1.000000, -0.000000, -0.000000, 0.000000, 0.344498, -0.938787, 0.000000, 0.938787, 0.344497),
      ["LeftLowerLeg"] = CFrame.new(-0.000000, -0.000000, -0.000000, 1.000000, 0.000000, -0.000000, -0.000000, 0.999994, 0.003544, -0.000000, -0.003544, 0.999994),
      ["LeftUpperArm"] = CFrame.new(-0.000000, -0.065238, 0.000000, 0.087879, -0.159114, -0.983341, -0.445277, 0.876770, -0.181664, 0.891070, 0.453824, 0.006199),
      ["LeftUpperLeg"] = CFrame.new(0.000026, 0.000126, 0.004998, 0.747435, 0.605378, 0.273603, -0.623298, 0.781535, -0.026493, -0.229870, -0.150734, 0.961478),
      ["LowerTorso"] = CFrame.new(0.195102, 0.039813, 0.087632, 0.887760, -0.217787, -0.405526, 0.209500, 0.975624, -0.065327, 0.409868, -0.026964, 0.911746),
      ["RightFoot"] = CFrame.new(0.000000, 0.000000, -0.000000, 0.956738, 0.250128, 0.148617, -0.240064, 0.967247, -0.082483, -0.164381, 0.043237, 0.985449),
      ["RightHand"] = CFrame.new(-0.000000, 0.000000, -0.000000, 0.459654, -0.779855, 0.424902, 0.886556, 0.431122, -0.167798, -0.052322, 0.453829, 0.889551),
      ["RightLowerArm"] = CFrame.new(-0.000000, 0.000000, -0.000000, 1.000000, 0.000001, -0.000000, 0.000001, 0.073904, -0.997266, 0.000001, 0.997265, 0.073900),
      ["RightLowerLeg"] = CFrame.new(-0.000000, -0.000000, 0.000000, 1.000000, 0.000000, 0.000000, -0.000000, 0.999999, 0.001256, 0.000000, -0.001256, 0.999999),
      ["RightUpperArm"] = CFrame.new(0.000000, -0.065238, 0.000000, -0.080154, -0.133067, 0.987861, 0.446592, 0.881221, 0.154938, -0.891140, 0.453589, -0.011207),
      ["RightUpperLeg"] = CFrame.new(-0.000026, -0.000126, -0.004997, 0.969488, -0.023402, -0.244019, 0.067431, 0.982493, 0.173668, 0.235683, -0.184823, 0.954093),
      ["UpperTorso"] = CFrame.new(-0.000000, 0.000000, 0.000000, 0.969468, 0.240846, 0.046108, -0.243052, 0.968702, 0.050416, -0.032522, -0.060084, 0.997663)
    }},
    {Time = 9.233, Data = {
      ["Head"] = CFrame.new(0.000000, -0.000000, -0.000000, 0.910360, 0.198636, 0.363026, -0.270864, 0.949254, 0.159845, -0.312853, -0.243847, 0.917966),
      ["LeftFoot"] = CFrame.new(0.000000, 0.000000, 0.000000, 0.981892, -0.177636, 0.065829, 0.172800, 0.982244, 0.073049, -0.077637, -0.060352, 0.995153),
      ["LeftHand"] = CFrame.new(-0.000000, 0.000000, 0.000000, 0.160069, -0.757896, -0.632433, 0.755713, 0.506272, -0.415436, 0.635040, -0.411439, 0.653790),
      ["LeftLowerArm"] = CFrame.new(-0.000000, 0.000000, -0.000000, 1.000000, 0.000000, -0.000000, 0.000000, 0.344498, -0.938787, 0.000000, 0.938787, 0.344498),
      ["LeftLowerLeg"] = CFrame.new(-0.000000, 0.000000, 0.000000, 1.000000, -0.000000, 0.000000, -0.000000, 0.999994, 0.003548, 0.000000, -0.003548, 0.999994),
      ["LeftUpperArm"] = CFrame.new(0.000000, -0.065238, 0.000000, 0.087910, -0.159064, -0.983347, -0.445059, 0.876888, -0.181631, 0.891176, 0.453614, 0.006294),
      ["LeftUpperLeg"] = CFrame.new(0.000026, 0.000126, 0.004997, 0.747576, 0.605193, 0.273630, -0.623109, 0.781686, -0.026493, -0.229927, -0.150695, 0.961470),
      ["LowerTorso"] = CFrame.new(0.195158, 0.039840, 0.087251, 0.887817, -0.217582, -0.405512, 0.209364, 0.975666, -0.065128, 0.409815, -0.027078, 0.911767),
      ["RightFoot"] = CFrame.new(0.000000, 0.000000, 0.000000, 0.956719, 0.250210, 0.148604, -0.240138, 0.967224, -0.082542, -0.164386, 0.043284, 0.985446),
      ["RightHand"] = CFrame.new(0.000000, 0.000000, -0.000000, 0.459862, -0.779611, 0.425124, 0.886435, 0.431362, -0.167819, -0.052545, 0.454019, 0.889442),
      ["RightLowerArm"] = CFrame.new(-0.000000, -0.000000, -0.000000, 1.000000, 0.000000, -0.000000, 0.000001, 0.073851, -0.997270, 0.000001, 0.997269, 0.073847),
      ["RightLowerLeg"] = CFrame.new(0.000000, 0.000000, -0.000000, 1.000000, 0.000000, -0.000000, -0.000000, 0.999999, 0.001260, -0.000000, -0.001260, 0.999999),
      ["RightUpperArm"] = CFrame.new(-0.000000, -0.065239, -0.000000, -0.079893, -0.132976, 0.987894, 0.446172, 0.881470, 0.154733, -0.891374, 0.453132, -0.011093),
      ["RightUpperLeg"] = CFrame.new(-0.000026, -0.000126, -0.004997, 0.969466, -0.023598, -0.244088, 0.067629, 0.982489, 0.173615, 0.235717, -0.184821, 0.954085),
      ["UpperTorso"] = CFrame.new(0.000000, -0.000000, 0.000000, 0.969484, 0.240814, 0.045941, -0.242992, 0.968746, 0.049851, -0.032500, -0.059493, 0.997699)
    }},
    {Time = 9.267, Data = {
      ["Head"] = CFrame.new(0.000000, -0.000000, 0.000000, 0.910724, 0.198038, 0.362440, -0.270196, 0.949386, 0.160189, -0.312372, -0.243817, 0.918138),
      ["LeftFoot"] = CFrame.new(0.000000, -0.000000, 0.000000, 0.981894, -0.177625, 0.065840, 0.172792, 0.982248, 0.073010, -0.077640, -0.060312, 0.995156),
      ["LeftHand"] = CFrame.new(0.000000, -0.000000, 0.000000, 0.160070, -0.757896, -0.632432, 0.755715, 0.506271, -0.415434, 0.635038, -0.411440, 0.653792),
      ["LeftLowerArm"] = CFrame.new(-0.000000, -0.000000, 0.000000, 1.000000, -0.000000, 0.000000, -0.000000, 0.344498, -0.938787, -0.000000, 0.938787, 0.344498),
      ["LeftLowerLeg"] = CFrame.new(0.000000, -0.000000, 0.000000, 1.000000, -0.000000, 0.000000, -0.000000, 0.999994, 0.003552, 0.000000, -0.003552, 0.999994),
      ["LeftUpperArm"] = CFrame.new(-0.000000, -0.065238, 0.000000, 0.087884, -0.158982, -0.983362, -0.444843, 0.877015, -0.181545, 0.891286, 0.453397, 0.006354),
      ["LeftUpperLeg"] = CFrame.new(0.000026, 0.000126, 0.004998, 0.747727, 0.604996, 0.273651, -0.622900, 0.781851, -0.026522, -0.230000, -0.150626, 0.961463),
      ["LowerTorso"] = CFrame.new(0.195217, 0.039868, 0.086871, 0.887886, -0.217337, -0.405492, 0.209217, 0.975716, -0.064853, 0.409740, -0.027254, 0.911795),
      ["RightFoot"] = CFrame.new(0.000000, 0.000000, -0.000000, 0.956701, 0.250286, 0.148589, -0.240203, 0.967201, -0.082612, -0.164394, 0.043344, 0.985442),
      ["RightHand"] = CFrame.new(-0.000000, -0.000000, 0.000000, 0.460042, -0.779382, 0.425349, 0.886326, 0.431592, -0.167801, -0.052792, 0.454194, 0.889338),
      ["RightLowerArm"] = CFrame.new(0.000000, 0.000000, 0.000000, 1.000000, 0.000001, -0.000000, 0.000001, 0.073798, -0.997274, 0.000001, 0.997273, 0.073793),
      ["RightLowerLeg"] = CFrame.new(-0.000000, 0.000000, -0.000000, 1.000000, 0.000000, 0.000000, -0.000000, 0.999999, 0.001265, 0.000000, -0.001265, 0.999999),
      ["RightUpperArm"] = CFrame.new(0.000000, -0.065238, 0.000000, -0.079593, -0.132837, 0.987937, 0.445747, 0.881731, 0.154469, -0.891613, 0.452665, -0.010968),
      ["RightUpperLeg"] = CFrame.new(-0.000026, -0.000125, -0.004997, 0.969439, -0.023767, -0.244177, 0.067795, 0.982494, 0.173523, 0.235779, -0.184774, 0.954079),
      ["UpperTorso"] = CFrame.new(-0.000000, 0.000000, 0.000000, 0.969500, 0.240784, 0.045763, -0.242934, 0.968788, 0.049326, -0.032458, -0.058939, 0.997734)
    }},
    {Time = 9.300, Data = {
      ["Head"] = CFrame.new(0.000000, -0.000000, -0.000000, 0.911148, 0.197302, 0.361775, -0.269336, 0.949584, 0.160460, -0.311877, -0.243642, 0.918353),
      ["LeftFoot"] = CFrame.new(-0.000000, -0.000000, 0.000000, 0.981894, -0.177620, 0.065847, 0.172788, 0.982250, 0.072996, -0.077643, -0.060297, 0.995156),
      ["LeftHand"] = CFrame.new(-0.000000, 0.000000, 0.000000, 0.160072, -0.757897, -0.632431, 0.755716, 0.506270, -0.415432, 0.635036, -0.411439, 0.653795),
      ["LeftLowerArm"] = CFrame.new(-0.000000, 0.000000, 0.000000, 1.000000, -0.000000, -0.000000, 0.000000, 0.344498, -0.938787, -0.000000, 0.938787, 0.344498),
      ["LeftLowerLeg"] = CFrame.new(0.000000, -0.000000, 0.000000, 1.000000, -0.000000, -0.000000, -0.000000, 0.999994, 0.003555, -0.000000, -0.003555, 0.999994),
      ["LeftUpperArm"] = CFrame.new(0.000000, -0.065238, 0.000000, 0.087846, -0.158912, -0.983377, -0.444637, 0.877137, -0.181464, 0.891393, 0.453187, 0.006394),
      ["LeftUpperLeg"] = CFrame.new(0.000026, 0.000125, 0.004998, 0.747861, 0.604835, 0.273641, -0.622706, 0.782003, -0.026622, -0.230091, -0.150488, 0.961463),
      ["LowerTorso"] = CFrame.new(0.195297, 0.039907, 0.086495, 0.887955, -0.217091, -0.405472, 0.209070, 0.975766, -0.064578, 0.409665, -0.027430, 0.911823),
      ["RightFoot"] = CFrame.new(-0.000000, 0.000000, -0.000000, 0.956684, 0.250362, 0.148575, -0.240268, 0.967179, -0.082683, -0.164400, 0.043404, 0.985438),
      ["RightHand"] = CFrame.new(0.000000, -0.000000, 0.000000, 0.460203, -0.779166, 0.425569, 0.886226, 0.431825, -0.167734, -0.053074, 0.454342, 0.889245),
      ["RightLowerArm"] = CFrame.new(0.000000, -0.000000, -0.000000, 1.000000, 0.000001, -0.000001, 0.000001, 0.073744, -0.997277, 0.000001, 0.997277, 0.073740),
      ["RightLowerLeg"] = CFrame.new(0.000000, 0.000000, -0.000000, 1.000000, -0.000000, 0.000000, -0.000000, 0.999999, 0.001270, -0.000000, -0.001270, 0.999999),
      ["RightUpperArm"] = CFrame.new(-0.000000, -0.065238, 0.000000, -0.079286, -0.132731, 0.987976, 0.445343, 0.881977, 0.154230, -0.891843, 0.452216, -0.010817),
      ["RightUpperLeg"] = CFrame.new(-0.000025, -0.000126, -0.004997, 0.969413, -0.023936, -0.244266, 0.067961, 0.982498, 0.173431, 0.235840, -0.184727, 0.954073),
      ["UpperTorso"] = CFrame.new(-0.000000, -0.000000, 0.000000, 0.969509, 0.240783, 0.045568, -0.242903, 0.968825, 0.048740, -0.032412, -0.058322, 0.997772)
    }},
    {Time = 9.333, Data = {
      ["Head"] = CFrame.new(0.000000, 0.000000, -0.000000, 0.911624, 0.196472, 0.361028, -0.268326, 0.949840, 0.160637, -0.311358, -0.243314, 0.918616),
      ["LeftFoot"] = CFrame.new(0.000000, -0.000000, -0.000000, 0.981892, -0.177627, 0.065855, 0.172797, 0.982251, 0.072961, -0.077646, -0.060261, 0.995158),
      ["LeftHand"] = CFrame.new(-0.000000, 0.000000, -0.000000, 0.160072, -0.757897, -0.632430, 0.755718, 0.506269, -0.415430, 0.635033, -0.411441, 0.653796),
      ["LeftLowerArm"] = CFrame.new(-0.000000, 0.000000, 0.000000, 1.000000, -0.000000, 0.000000, -0.000000, 0.344498, -0.938787, -0.000000, 0.938787, 0.344498),
      ["LeftLowerLeg"] = CFrame.new(0.000000, 0.000000, 0.000000, 1.000000, 0.000000, 0.000000, -0.000000, 0.999994, 0.003559, 0.000000, -0.003559, 0.999994),
      ["LeftUpperArm"] = CFrame.new(0.000000, -0.065238, 0.000000, 0.087793, -0.158884, -0.983386, -0.444406, 0.877265, -0.181413, 0.891513, 0.452949, 0.006409),
      ["LeftUpperLeg"] = CFrame.new(0.000026, 0.000126, 0.004997, 0.747989, 0.604677, 0.273642, -0.622520, 0.782147, -0.026706, -0.230177, -0.150371, 0.961461),
      ["LowerTorso"] = CFrame.new(0.195396, 0.039933, 0.086120, 0.888025, -0.216811, -0.405468, 0.208910, 0.975822, -0.064249, 0.409595, -0.027652, 0.911848),
      ["RightFoot"] = CFrame.new(0.000000, 0.000000, -0.000000, 0.956667, 0.250434, 0.148562, -0.240331, 0.967158, -0.082751, -0.164407, 0.043462, 0.985435),
      ["RightHand"] = CFrame.new(-0.000000, 0.000000, 0.000000, 0.460329, -0.778981, 0.425773, 0.886142, 0.432044, -0.167611, -0.053384, 0.454452, 0.889170),
      ["RightLowerArm"] = CFrame.new(-0.000000, 0.000000, 0.000000, 1.000000, 0.000001, -0.000000, 0.000001, 0.073691, -0.997281, 0.000001, 0.997281, 0.073687),
      ["RightLowerLeg"] = CFrame.new(0.000000, -0.000000, 0.000000, 1.000000, 0.000000, 0.000000, -0.000000, 0.999999, 0.001275, -0.000000, -0.001275, 0.999999),
      ["RightUpperArm"] = CFrame.new(-0.000000, -0.065238, 0.000000, -0.078982, -0.132614, 0.988016, 0.444963, 0.882212, 0.153983, -0.892059, 0.451792, -0.010671),
      ["RightUpperLeg"] = CFrame.new(-0.000025, -0.000125, -0.004998, 0.969378, -0.024106, -0.244388, 0.068117, 0.982516, 0.173268, 0.235939, -0.184609, 0.954072),
      ["UpperTorso"] = CFrame.new(0.000000, -0.000000, -0.000000, 0.969516, 0.240793, 0.045369, -0.242882, 0.968861, 0.048127, -0.032367, -0.057679, 0.997810)
    }},
    {Time = 9.367, Data = {
      ["Head"] = CFrame.new(0.000000, 0.000000, -0.000000, 0.912156, 0.195499, 0.360211, -0.267127, 0.950158, 0.160758, -0.310829, -0.242859, 0.918915),
      ["LeftFoot"] = CFrame.new(0.000000, -0.000000, 0.000000, 0.981892, -0.177623, 0.065864, 0.172795, 0.982254, 0.072930, -0.077649, -0.060229, 0.995160),
      ["LeftHand"] = CFrame.new(0.000000, 0.000000, -0.000000, 0.160074, -0.757898, -0.632430, 0.755720, 0.506268, -0.415427, 0.635030, -0.411441, 0.653799),
      ["LeftLowerArm"] = CFrame.new(0.000000, -0.000000, -0.000000, 1.000000, 0.000000, -0.000000, 0.000000, 0.344498, -0.938787, 0.000000, 0.938787, 0.344498),
      ["LeftLowerLeg"] = CFrame.new(-0.000000, 0.000000, 0.000000, 1.000000, -0.000000, -0.000000, -0.000000, 0.999994, 0.003563, 0.000000, -0.003563, 0.999994),
      ["LeftUpperArm"] = CFrame.new(0.000000, -0.065238, -0.000000, 0.087706, -0.158810, -0.983406, -0.444213, 0.877384, -0.181306, 0.891618, 0.452743, 0.006406),
      ["LeftUpperLeg"] = CFrame.new(0.000026, 0.000126, 0.004997, 0.748125, 0.604514, 0.273629, -0.622319, 0.782303, -0.026825, -0.230278, -0.150215, 0.961461),
      ["LowerTorso"] = CFrame.new(0.195497, 0.039960, 0.085747, 0.888100, -0.216545, -0.405448, 0.208775, 0.975874, -0.063898, 0.409503, -0.027900, 0.911882),
      ["RightFoot"] = CFrame.new(-0.000000, 0.000000, 0.000000, 0.956650, 0.250508, 0.148546, -0.240391, 0.967135, -0.082843, -0.164417, 0.043543, 0.985429),
      ["RightHand"] = CFrame.new(0.000000, -0.000000, 0.000000, 0.460451, -0.778824, 0.425929, 0.886059, 0.432281, -0.167440, -0.053711, 0.454496, 0.889128),
      ["RightLowerArm"] = CFrame.new(-0.000000, -0.000000, 0.000000, 1.000000, 0.000001, -0.000000, 0.000001, 0.073510, -0.997295, 0.000001, 0.997294, 0.073506),
      ["RightLowerLeg"] = CFrame.new(0.000000, 0.000000, -0.000000, 1.000000, 0.000000, -0.000000, -0.000000, 0.999999, 0.001280, -0.000000, -0.001280, 0.999999),
      ["RightUpperArm"] = CFrame.new(0.000000, -0.065238, 0.000000, -0.078762, -0.132476, 0.988052, 0.444564, 0.882452, 0.153756, -0.892277, 0.451363, -0.010609),
      ["RightUpperLeg"] = CFrame.new(-0.000026, -0.000125, -0.004998, 0.969344, -0.024287, -0.244502, 0.068281, 0.982535, 0.173095, 0.236028, -0.184483, 0.954074),
      ["UpperTorso"] = CFrame.new(-0.000000, -0.000000, -0.000000, 0.969516, 0.240832, 0.045162, -0.242888, 0.968890, 0.047502, -0.032317, -0.057023, 0.997850)
    }},
    {Time = 9.400, Data = {
      ["Head"] = CFrame.new(0.000000, -0.000000, 0.000000, 0.912722, 0.194433, 0.359352, -0.265792, 0.950527, 0.160790, -0.310311, -0.242270, 0.919246),
      ["LeftFoot"] = CFrame.new(0.000000, 0.000000, -0.000000, 0.981893, -0.177618, 0.065873, 0.172792, 0.982256, 0.072902, -0.077652, -0.060201, 0.995161),
      ["LeftHand"] = CFrame.new(0.000000, 0.000000, 0.000000, 0.160074, -0.757898, -0.632429, 0.755722, 0.506267, -0.415425, 0.635028, -0.411441, 0.653801),
      ["LeftLowerArm"] = CFrame.new(0.000000, 0.000000, -0.000000, 1.000000, 0.000000, -0.000000, 0.000000, 0.344498, -0.938787, 0.000000, 0.938787, 0.344498),
      ["LeftLowerLeg"] = CFrame.new(-0.000000, 0.000000, 0.000000, 1.000000, 0.000000, 0.000000, -0.000000, 0.999994, 0.003567, -0.000000, -0.003567, 0.999994),
      ["LeftUpperArm"] = CFrame.new(0.000000, -0.065238, 0.000000, 0.087632, -0.158804, -0.983413, -0.444017, 0.877492, -0.181266, 0.891723, 0.452537, 0.006385),
      ["LeftUpperLeg"] = CFrame.new(0.000026, 0.000126, 0.004997, 0.748274, 0.604341, 0.273603, -0.622097, 0.782475, -0.026981, -0.230394, -0.150018, 0.961464),
      ["LowerTorso"] = CFrame.new(0.195617, 0.039987, 0.085376, 0.888181, -0.216250, -0.405426, 0.208623, 0.975931, -0.063512, 0.409402, -0.028171, 0.911919),
      ["RightFoot"] = CFrame.new(-0.000000, 0.000000, 0.000000, 0.956634, 0.250579, 0.148529, -0.240446, 0.967112, -0.082950, -0.164431, 0.043640, 0.985423),
      ["RightHand"] = CFrame.new(-0.000000, -0.000000, 0.000000, 0.460436, -0.778826, 0.425941, 0.886052, 0.432387, -0.167202, -0.053947, 0.454392, 0.889167),
      ["RightLowerArm"] = CFrame.new(0.000000, -0.000001, -0.000000, 1.000000, 0.000001, -0.000000, 0.000001, 0.073329, -0.997308, 0.000001, 0.997308, 0.073325),
      ["RightLowerLeg"] = CFrame.new(-0.000000, 0.000000, 0.000000, 1.000000, 0.000000, -0.000000, -0.000000, 0.999999, 0.001286, -0.000000, -0.001286, 0.999999),
      ["RightUpperArm"] = CFrame.new(-0.000000, -0.065238, 0.000000, -0.078579, -0.132423, 0.988074, 0.444315, 0.882601, 0.153623, -0.892418, 0.451088, -0.010516),
      ["RightUpperLeg"] = CFrame.new(-0.000026, -0.000125, -0.004997, 0.969311, -0.024462, -0.244616, 0.068441, 0.982552, 0.172937, 0.236118, -0.184372, 0.954073),
      ["UpperTorso"] = CFrame.new(0.000000, -0.000000, 0.000000, 0.969514, 0.240881, 0.044950, -0.242904, 0.968919, 0.046841, -0.032269, -0.056331, 0.997890)
    }},
    {Time = 9.433, Data = {
      ["Head"] = CFrame.new(0.000000, -0.000000, -0.000000, 0.913374, 0.193276, 0.358320, -0.264296, 0.950948, 0.160767, -0.309671, -0.241542, 0.919653),
      ["LeftFoot"] = CFrame.new(0.000000, 0.000000, 0.000000, 0.981887, -0.177650, 0.065876, 0.172820, 0.982248, 0.072953, -0.077666, -0.060248, 0.995157),
      ["LeftHand"] = CFrame.new(0.000000, -0.000000, -0.000000, 0.160076, -0.757899, -0.632428, 0.755723, 0.506266, -0.415424, 0.635026, -0.411442, 0.653803),
      ["LeftLowerArm"] = CFrame.new(-0.000000, 0.000000, 0.000000, 1.000000, -0.000000, -0.000000, 0.000000, 0.344498, -0.938787, 0.000000, 0.938787, 0.344498),
      ["LeftLowerLeg"] = CFrame.new(-0.000000, 0.000000, 0.000000, 1.000000, -0.000000, 0.000000, -0.000000, 0.999994, 0.003571, -0.000000, -0.003571, 0.999994),
      ["LeftUpperArm"] = CFrame.new(-0.000000, -0.065238, 0.000000, 0.087522, -0.158803, -0.983423, -0.443823, 0.877600, -0.181214, 0.891830, 0.452326, 0.006329),
      ["LeftUpperLeg"] = CFrame.new(0.000026, 0.000126, 0.004997, 0.748403, 0.604194, 0.273573, -0.621899, 0.782627, -0.027147, -0.230508, -0.149818, 0.961468),
      ["LowerTorso"] = CFrame.new(0.195737, 0.040014, 0.085005, 0.888264, -0.215955, -0.405403, 0.208472, 0.975989, -0.063123, 0.409300, -0.028446, 0.911956),
      ["RightFoot"] = CFrame.new(-0.000000, 0.000000, -0.000000, 0.956618, 0.250647, 0.148514, -0.240500, 0.967091, -0.083040, -0.164441, 0.043720, 0.985418),
      ["RightHand"] = CFrame.new(-0.000000, -0.000000, -0.000000, 0.460448, -0.778816, 0.425947, 0.886031, 0.432519, -0.166969, -0.054189, 0.454283, 0.889208),
      ["RightLowerArm"] = CFrame.new(0.000000, 0.000000, 0.000000, 1.000000, 0.000001, -0.000001, 0.000001, 0.073073, -0.997327, 0.000001, 0.997327, 0.073070),
      ["RightLowerLeg"] = CFrame.new(0.000000, -0.000000, 0.000000, 1.000000, 0.000000, 0.000000, -0.000000, 0.999999, 0.001291, 0.000000, -0.001291, 0.999999),
      ["RightUpperArm"] = CFrame.new(0.000000, -0.065238, 0.000000, -0.078565, -0.132389, 0.988079, 0.444167, 0.882682, 0.153584, -0.892493, 0.450938, -0.010546),
      ["RightUpperLeg"] = CFrame.new(-0.000026, -0.000126, -0.004998, 0.969275, -0.024635, -0.244741, 0.068587, 0.982581, 0.172716, 0.236223, -0.184196, 0.954081),
      ["UpperTorso"] = CFrame.new(-0.000000, -0.000000, -0.000000, 0.969503, 0.240963, 0.044731, -0.242951, 0.968939, 0.046159, -0.032219, -0.055619, 0.997932)
    }},
    {Time = 9.467, Data = {
      ["Head"] = CFrame.new(-0.000000, 0.000000, -0.000000, 0.914064, 0.191976, 0.357256, -0.262623, 0.951426, 0.160677, -0.309056, -0.240693, 0.920082),
      ["LeftFoot"] = CFrame.new(-0.000000, 0.000000, -0.000000, 0.981881, -0.177680, 0.065879, 0.172846, 0.982239, 0.073007, -0.077680, -0.060298, 0.995153),
      ["LeftHand"] = CFrame.new(0.000000, 0.000000, 0.000000, 0.160076, -0.757900, -0.632427, 0.755726, 0.506264, -0.415421, 0.635023, -0.411442, 0.653805),
      ["LeftLowerArm"] = CFrame.new(-0.000000, -0.000000, 0.000000, 1.000000, -0.000000, -0.000000, 0.000000, 0.344498, -0.938787, 0.000000, 0.938787, 0.344497),
      ["LeftLowerLeg"] = CFrame.new(0.000000, 0.000000, 0.000000, 1.000000, -0.000000, -0.000000, -0.000000, 0.999994, 0.003574, -0.000000, -0.003574, 0.999994),
      ["LeftUpperArm"] = CFrame.new(0.000000, -0.065237, -0.000000, 0.087411, -0.158803, -0.983433, -0.443637, 0.877705, -0.181163, 0.891934, 0.452123, 0.006270),
      ["LeftUpperLeg"] = CFrame.new(0.000025, 0.000126, 0.004997, 0.748536, 0.604049, 0.273530, -0.621691, 0.782784, -0.027351, -0.230638, -0.149578, 0.961474),
      ["LowerTorso"] = CFrame.new(0.195856, 0.040040, 0.084634, 0.888349, -0.215651, -0.405379, 0.208327, 0.976047, -0.062701, 0.409190, -0.028752, 0.911996),
      ["RightFoot"] = CFrame.new(-0.000000, 0.000000, 0.000000, 0.956605, 0.250709, 0.148498, -0.240546, 0.967071, -0.083140, -0.164453, 0.043812, 0.985412),
      ["RightHand"] = CFrame.new(-0.000000, -0.000000, -0.000000, 0.460322, -0.778974, 0.425794, 0.886088, 0.432519, -0.166669, -0.054329, 0.454013, 0.889337),
      ["RightLowerArm"] = CFrame.new(0.000000, 0.000000, -0.000000, 1.000000, 0.000001, -0.000000, 0.000001, 0.072818, -0.997346, 0.000001, 0.997345, 0.072814),
      ["RightLowerLeg"] = CFrame.new(0.000000, 0.000000, 0.000000, 1.000000, 0.000000, -0.000000, -0.000000, 0.999999, 0.001297, -0.000000, -0.001297, 0.999999),
      ["RightUpperArm"] = CFrame.new(0.000000, -0.065238, -0.000000, -0.078649, -0.132373, 0.988075, 0.444110, 0.882707, 0.153607, -0.892514, 0.450894, -0.010637),
      ["RightUpperLeg"] = CFrame.new(-0.000026, -0.000126, -0.004998, 0.969241, -0.024770, -0.244864, 0.068696, 0.982610, 0.172505, 0.236333, -0.184020, 0.954088),
      ["UpperTorso"] = CFrame.new(-0.000000, -0.000000, -0.000000, 0.969489, 0.241064, 0.044503, -0.243018, 0.968955, 0.045477, -0.032158, -0.054904, 0.997974)
    }},
    {Time = 9.500, Data = {
      ["Head"] = CFrame.new(0.000000, 0.000000, 0.000000, 0.914909, 0.190473, 0.355897, -0.260631, 0.952003, 0.160504, -0.308243, -0.239604, 0.920639),
      ["LeftFoot"] = CFrame.new(-0.000000, -0.000000, 0.000000, 0.981877, -0.177702, 0.065884, 0.172864, 0.982233, 0.073048, -0.077694, -0.060335, 0.995150),
      ["LeftHand"] = CFrame.new(0.000000, -0.000000, 0.000000, 0.160078, -0.757900, -0.632427, 0.755727, 0.506264, -0.415420, 0.635021, -0.411442, 0.653806),
      ["LeftLowerArm"] = CFrame.new(-0.000000, 0.000000, 0.000000, 1.000000, 0.000000, -0.000000, 0.000000, 0.344498, -0.938787, 0.000000, 0.938787, 0.344499),
      ["LeftLowerLeg"] = CFrame.new(-0.000000, -0.000000, 0.000000, 1.000000, -0.000000, -0.000000, -0.000000, 0.999994, 0.003579, -0.000000, -0.003579, 0.999994),
      ["LeftUpperArm"] = CFrame.new(-0.000000, -0.065238, 0.000000, 0.087249, -0.158816, -0.983446, -0.443429, 0.877824, -0.181099, 0.892053, 0.451889, 0.006166),
      ["LeftUpperLeg"] = CFrame.new(0.000025, 0.000126, 0.004998, 0.748703, 0.603863, 0.273487, -0.621436, 0.782979, -0.027571, -0.230784, -0.149312, 0.961481),
      ["LowerTorso"] = CFrame.new(0.195990, 0.040071, 0.084221, 0.888440, -0.215304, -0.405362, 0.208164, 0.976113, -0.062213, 0.409074, -0.029110, 0.912037),
      ["RightFoot"] = CFrame.new(0.000000, 0.000000, -0.000000, 0.956588, 0.250784, 0.148480, -0.240604, 0.967046, -0.083257, -0.164466, 0.043918, 0.985405),
      ["RightHand"] = CFrame.new(0.000000, 0.000000, 0.000000, 0.460091, -0.779260, 0.425521, 0.886202, 0.432433, -0.166284, -0.054427, 0.453603, 0.889540),
      ["RightLowerArm"] = CFrame.new(-0.000000, -0.000000, -0.000000, 1.000000, 0.000001, -0.000000, 0.000001, 0.072515, -0.997368, 0.000001, 0.997367, 0.072510),
      ["RightLowerLeg"] = CFrame.new(-0.000000, 0.000000, 0.000000, 1.000000, -0.000000, 0.000000, -0.000000, 0.999999, 0.001303, -0.000000, -0.001304, 0.999999),
      ["RightUpperArm"] = CFrame.new(-0.000000, -0.065237, 0.000000, -0.078841, -0.132400, 0.988056, 0.444172, 0.882656, 0.153719, -0.892466, 0.450985, -0.010781),
      ["RightUpperLeg"] = CFrame.new(-0.000025, -0.000126, -0.004997, 0.969200, -0.024962, -0.245005, 0.068858, 0.982641, 0.172267, 0.236452, -0.183831, 0.954095),
      ["UpperTorso"] = CFrame.new(0.000000, 0.000000, -0.000000, 0.969463, 0.241211, 0.044264, -0.243128, 0.968962, 0.044731, -0.032101, -0.054127, 0.998018)
    }},
    {Time = 9.533, Data = {
      ["Head"] = CFrame.new(-0.000000, 0.000000, 0.000000, 0.916392, 0.187906, 0.353435, -0.257171, 0.953008, 0.160123, -0.306738, -0.237629, 0.921653),
      ["LeftFoot"] = CFrame.new(-0.000000, 0.000000, -0.000000, 0.981870, -0.177734, 0.065900, 0.172897, 0.982229, 0.073023, -0.077707, -0.060306, 0.995151),
      ["LeftHand"] = CFrame.new(0.000000, -0.000000, 0.000000, 0.160078, -0.757900, -0.632426, 0.755730, 0.506263, -0.415417, 0.635018, -0.411443, 0.653809),
      ["LeftLowerArm"] = CFrame.new(0.000000, -0.000000, 0.000000, 1.000000, -0.000000, -0.000000, 0.000000, 0.344498, -0.938787, -0.000000, 0.938787, 0.344497),
      ["LeftLowerLeg"] = CFrame.new(-0.000000, -0.000000, 0.000000, 1.000000, -0.000000, 0.000000, 0.000000, 0.999994, 0.003586, 0.000000, -0.003586, 0.999994),
      ["LeftUpperArm"] = CFrame.new(-0.000000, -0.065238, 0.000000, 0.087005, -0.158896, -0.983454, -0.443165, 0.877965, -0.181059, 0.892208, 0.451585, 0.005970),
      ["LeftUpperLeg"] = CFrame.new(0.000026, 0.000126, 0.004997, 0.748950, 0.603590, 0.273411, -0.621052, 0.783271, -0.027935, -0.231017, -0.148880, 0.961492),
      ["LowerTorso"] = CFrame.new(0.196203, 0.040118, 0.083560, 0.888603, -0.214728, -0.405311, 0.207895, 0.976222, -0.061397, 0.408857, -0.029705, 0.912115),
      ["RightFoot"] = CFrame.new(-0.000000, 0.000000, -0.000000, 0.956574, 0.250850, 0.148456, -0.240642, 0.967022, -0.083434, -0.164490, 0.044087, 0.985393),
      ["RightHand"] = CFrame.new(0.000000, 0.000000, 0.000000, 0.459658, -0.779810, 0.424979, 0.886418, 0.432254, -0.165596, -0.054561, 0.452827, 0.889927),
      ["RightLowerArm"] = CFrame.new(0.000000, 0.000000, -0.000000, 1.000000, 0.000001, -0.000000, 0.000001, 0.071907, -0.997412, 0.000001, 0.997411, 0.071904),
      ["RightLowerLeg"] = CFrame.new(-0.000000, -0.000000, 0.000000, 1.000000, 0.000000, 0.000000, -0.000000, 0.999999, 0.001314, -0.000000, -0.001314, 0.999999),
      ["RightUpperArm"] = CFrame.new(-0.000000, -0.065238, -0.000000, -0.079225, -0.132483, 0.988014, 0.444400, 0.882498, 0.153969, -0.892319, 0.451271, -0.011041),
      ["RightUpperLeg"] = CFrame.new(-0.000026, -0.000126, -0.004997, 0.969133, -0.025192, -0.245246, 0.069035, 0.982701, 0.171852, 0.236673, -0.183478, 0.954108),
      ["UpperTorso"] = CFrame.new(-0.000000, -0.000000, 0.000000, 0.969411, 0.241489, 0.043884, -0.243348, 0.968961, 0.043552, -0.032004, -0.052899, 0.998087)
    }},
    {Time = 9.567, Data = {
      ["Head"] = CFrame.new(-0.000000, 0.000000, -0.000000, 0.916511, 0.187732, 0.353221, -0.256935, 0.953070, 0.160131, -0.306583, -0.237517, 0.921733),
      ["LeftFoot"] = CFrame.new(-0.000000, -0.000000, 0.000000, 0.981862, -0.177772, 0.065906, 0.172930, 0.982219, 0.073080, -0.077725, -0.060358, 0.995146),
      ["LeftHand"] = CFrame.new(-0.000000, 0.000000, -0.000000, 0.160079, -0.757901, -0.632425, 0.755731, 0.506261, -0.415415, 0.635016, -0.411444, 0.653811),
      ["LeftLowerArm"] = CFrame.new(0.000000, -0.000000, 0.000000, 1.000000, -0.000000, -0.000000, 0.000000, 0.344498, -0.938787, 0.000000, 0.938787, 0.344498),
      ["LeftLowerLeg"] = CFrame.new(0.000000, -0.000000, -0.000000, 1.000000, -0.000000, -0.000000, 0.000000, 0.999994, 0.003587, -0.000000, -0.003588, 0.999994),
      ["LeftUpperArm"] = CFrame.new(0.000000, -0.065238, 0.000000, 0.086899, -0.158908, -0.983462, -0.443072, 0.878020, -0.181020, 0.892264, 0.451475, 0.005892),
      ["LeftUpperLeg"] = CFrame.new(0.000026, 0.000126, 0.004998, 0.749023, 0.603514, 0.273378, -0.620934, 0.783360, -0.028074, -0.231096, -0.148721, 0.961497),
      ["LowerTorso"] = CFrame.new(0.196218, 0.040120, 0.083521, 0.888648, -0.214557, -0.405303, 0.207816, 0.976254, -0.061155, 0.408800, -0.029883, 0.912135),
      ["RightFoot"] = CFrame.new(0.000000, 0.000000, 0.000000, 0.956562, 0.250904, 0.148443, -0.240687, 0.967005, -0.083497, -0.164495, 0.044142, 0.985390),
      ["RightHand"] = CFrame.new(-0.000000, 0.000000, -0.000000, 0.459513, -0.780000, 0.424787, 0.886491, 0.432194, -0.165363, -0.054603, 0.452557, 0.890062),
      ["RightLowerArm"] = CFrame.new(-0.000000, -0.000001, -0.000000, 1.000000, 0.000001, -0.000000, 0.000001, 0.071675, -0.997428, 0.000001, 0.997428, 0.071671),
      ["RightLowerLeg"] = CFrame.new(0.000000, -0.000000, -0.000000, 1.000000, 0.000000, -0.000000, -0.000000, 0.999999, 0.001317, -0.000000, -0.001317, 0.999999),
      ["RightUpperArm"] = CFrame.new(-0.000000, -0.065238, -0.000000, -0.079369, -0.132519, 0.987998, 0.444499, 0.882431, 0.154068, -0.892256, 0.451392, -0.011133),
      ["RightUpperLeg"] = CFrame.new(-0.000025, -0.000125, -0.004997, 0.969110, -0.025292, -0.245327, 0.069116, 0.982722, 0.171701, 0.236746, -0.183353, 0.954114),
      ["UpperTorso"] = CFrame.new(-0.000000, 0.000000, 0.000000, 0.969393, 0.241582, 0.043772, -0.243424, 0.968958, 0.043187, -0.031980, -0.052520, 0.998108)
    }},
    {Time = 9.600, Data = {
      ["Head"] = CFrame.new(-0.000000, 0.000000, 0.000000, 0.917663, 0.186083, 0.351095, -0.254694, 0.953650, 0.160258, -0.305001, -0.236485, 0.922523),
      ["LeftFoot"] = CFrame.new(-0.000000, -0.000000, -0.000000, 0.981855, -0.177810, 0.065912, 0.172963, 0.982209, 0.073137, -0.077743, -0.060410, 0.995142),
      ["LeftHand"] = CFrame.new(-0.000000, 0.000000, 0.000000, 0.160081, -0.757901, -0.632424, 0.755733, 0.506261, -0.415413, 0.635014, -0.411443, 0.653813),
      ["LeftLowerArm"] = CFrame.new(-0.000000, 0.000000, -0.000000, 1.000000, 0.000000, -0.000000, 0.000000, 0.344498, -0.938787, 0.000000, 0.938787, 0.344498),
      ["LeftLowerLeg"] = CFrame.new(-0.000000, -0.000000, 0.000000, 1.000000, -0.000000, 0.000000, 0.000000, 0.999994, 0.003589, -0.000000, -0.003589, 0.999994),
      ["LeftUpperArm"] = CFrame.new(0.000000, -0.065238, -0.000000, 0.086794, -0.158919, -0.983469, -0.442979, 0.878075, -0.180982, 0.892321, 0.451364, 0.005813),
      ["LeftUpperLeg"] = CFrame.new(0.000025, 0.000126, 0.004997, 0.749097, 0.603439, 0.273344, -0.620815, 0.783448, -0.028213, -0.231176, -0.148562, 0.961503),
      ["LowerTorso"] = CFrame.new(0.196357, 0.040135, 0.083148, 0.888693, -0.214386, -0.405295, 0.207736, 0.976286, -0.060913, 0.408743, -0.030062, 0.912154),
      ["RightFoot"] = CFrame.new(-0.000000, 0.000000, -0.000000, 0.956550, 0.250957, 0.148430, -0.240731, 0.966989, -0.083559, -0.164500, 0.044197, 0.985386),
      ["RightHand"] = CFrame.new(0.000000, 0.000000, -0.000000, 0.459369, -0.780189, 0.424595, 0.886563, 0.432135, -0.165132, -0.054645, 0.452287, 0.890197),
      ["RightLowerArm"] = CFrame.new(-0.000000, -0.000001, -0.000000, 1.000000, 0.000001, -0.000001, 0.000001, 0.071443, -0.997445, 0.000001, 0.997445, 0.071439),
      ["RightLowerLeg"] = CFrame.new(-0.000000, -0.000000, 0.000000, 1.000000, 0.000000, 0.000000, -0.000000, 0.999999, 0.001320, 0.000000, -0.001320, 0.999999),
      ["RightUpperArm"] = CFrame.new(0.000000, -0.065238, 0.000000, -0.079514, -0.132556, 0.987981, 0.444598, 0.882363, 0.154167, -0.892194, 0.451513, -0.011226),
      ["RightUpperLeg"] = CFrame.new(-0.000025, -0.000126, -0.004998, 0.969087, -0.025393, -0.245409, 0.069196, 0.982742, 0.171550, 0.236818, -0.183228, 0.954120),
      ["UpperTorso"] = CFrame.new(-0.000000, 0.000000, 0.000000, 0.969375, 0.241675, 0.043661, -0.243499, 0.968955, 0.042822, -0.031956, -0.052142, 0.998128)
    }},
    {Time = 9.633, Data = {
      ["Head"] = CFrame.new(0.000000, 0.000000, -0.000000, 0.919232, 0.184385, 0.347872, -0.252267, 0.954196, 0.160843, -0.302281, -0.235609, 0.923642),
      ["LeftFoot"] = CFrame.new(-0.000000, -0.000000, -0.000000, 0.981852, -0.177823, 0.065922, 0.172975, 0.982206, 0.073148, -0.077757, -0.060419, 0.995140),
      ["LeftHand"] = CFrame.new(-0.000000, 0.000000, -0.000000, 0.160082, -0.757901, -0.632424, 0.755735, 0.506260, -0.415410, 0.635011, -0.411445, 0.653815),
      ["LeftLowerArm"] = CFrame.new(0.000000, -0.000001, 0.000000, 1.000000, 0.000000, -0.000000, 0.000000, 0.344498, -0.938787, 0.000000, 0.938787, 0.344498),
      ["LeftLowerLeg"] = CFrame.new(-0.000000, 0.000000, 0.000000, 1.000000, -0.000000, -0.000000, 0.000000, 0.999994, 0.003594, -0.000000, -0.003594, 0.999994),
      ["LeftUpperArm"] = CFrame.new(-0.000000, -0.065238, 0.000000, 0.086619, -0.158963, -0.983477, -0.442873, 0.878137, -0.180942, 0.892391, 0.451228, 0.005663),
      ["LeftUpperLeg"] = CFrame.new(0.000026, 0.000126, 0.004997, 0.749250, 0.603266, 0.273306, -0.620582, 0.783627, -0.028408, -0.231308, -0.148324, 0.961508),
      ["LowerTorso"] = CFrame.new(0.196478, 0.040167, 0.082730, 0.888782, -0.214079, -0.405262, 0.207609, 0.976343, -0.060441, 0.408614, -0.030417, 0.912200),
      ["RightFoot"] = CFrame.new(0.000000, 0.000000, 0.000000, 0.956536, 0.251020, 0.148412, -0.240776, 0.966967, -0.083676, -0.164514, 0.044305, 0.985379),
      ["RightHand"] = CFrame.new(-0.000000, 0.000000, 0.000000, 0.459091, -0.780532, 0.424267, 0.886702, 0.432012, -0.164706, -0.054726, 0.451813, 0.890432),
      ["RightLowerArm"] = CFrame.new(0.000000, -0.000000, -0.000000, 1.000000, 0.000001, -0.000000, 0.000001, 0.071085, -0.997471, 0.000001, 0.997470, 0.071081),
      ["RightLowerLeg"] = CFrame.new(-0.000000, 0.000000, 0.000000, 1.000000, 0.000000, 0.000000, -0.000000, 0.999999, 0.001326, -0.000000, -0.001326, 0.999999),
      ["RightUpperArm"] = CFrame.new(0.000000, -0.065237, -0.000000, -0.079763, -0.132560, 0.987960, 0.444771, 0.882255, 0.154286, -0.892085, 0.451722, -0.011413),
      ["RightUpperLeg"] = CFrame.new(-0.000025, -0.000126, -0.004997, 0.969050, -0.025526, -0.245541, 0.069302, 0.982774, 0.171328, 0.236938, -0.183042, 0.954126),
      ["UpperTorso"] = CFrame.new(-0.000000, -0.000000, 0.000000, 0.969340, 0.241855, 0.043442, -0.243646, 0.968947, 0.042168, -0.031895, -0.051459, 0.998166)
    }},
    {Time = 9.667, Data = {
      ["Head"] = CFrame.new(-0.000000, 0.000000, 0.000000, 0.921148, 0.182937, 0.343542, -0.249879, 0.954692, 0.161630, -0.298408, -0.234729, 0.925124),
      ["LeftFoot"] = CFrame.new(-0.000000, 0.000000, -0.000000, 0.981847, -0.177848, 0.065929, 0.172997, 0.982200, 0.073182, -0.077770, -0.060449, 0.995137),
      ["LeftHand"] = CFrame.new(-0.000000, -0.000000, -0.000000, 0.160083, -0.757902, -0.632423, 0.755737, 0.506259, -0.415408, 0.635008, -0.411445, 0.653817),
      ["LeftLowerArm"] = CFrame.new(0.000000, -0.000000, -0.000000, 1.000000, -0.000000, 0.000000, 0.000000, 0.344498, -0.938787, 0.000000, 0.938787, 0.344498),
      ["LeftLowerLeg"] = CFrame.new(0.000000, -0.000000, -0.000000, 1.000000, 0.000000, -0.000000, -0.000000, 0.999994, 0.003597, -0.000000, -0.003597, 0.999994),
      ["LeftUpperArm"] = CFrame.new(0.000000, -0.065238, -0.000000, 0.086420, -0.158996, -0.983490, -0.442767, 0.878203, -0.180881, 0.892462, 0.451088, 0.005496),
      ["LeftUpperLeg"] = CFrame.new(0.000025, 0.000126, 0.004998, 0.749385, 0.603120, 0.273255, -0.620368, 0.783788, -0.028631, -0.231442, -0.148063, 0.961515),
      ["LowerTorso"] = CFrame.new(0.196598, 0.040191, 0.082348, 0.888867, -0.213762, -0.405242, 0.207456, 0.976402, -0.060003, 0.408505, -0.030735, 0.912238),
      ["RightFoot"] = CFrame.new(-0.000000, 0.000000, 0.000000, 0.956525, 0.251075, 0.148396, -0.240816, 0.966949, -0.083773, -0.164525, 0.044396, 0.985373),
      ["RightHand"] = CFrame.new(0.000000, -0.000000, -0.000000, 0.458831, -0.780839, 0.423982, 0.886829, 0.431918, -0.164270, -0.054853, 0.451372, 0.890648),
      ["RightLowerArm"] = CFrame.new(0.000000, -0.000000, -0.000000, 1.000000, 0.000001, -0.000001, 0.000001, 0.070719, -0.997497, 0.000001, 0.997496, 0.070716),
      ["RightLowerLeg"] = CFrame.new(0.000000, 0.000000, 0.000000, 1.000000, 0.000000, 0.000000, 0.000000, 0.999999, 0.001331, 0.000000, -0.001332, 0.999999),
      ["RightUpperArm"] = CFrame.new(0.000000, -0.065238, -0.000000, -0.079921, -0.132615, 0.987940, 0.444943, 0.882147, 0.154408, -0.891986, 0.451917, -0.011497),
      ["RightUpperLeg"] = CFrame.new(-0.000026, -0.000126, -0.004997, 0.969011, -0.025672, -0.245678, 0.069413, 0.982811, 0.171071, 0.237063, -0.182822, 0.954137),
      ["UpperTorso"] = CFrame.new(-0.000000, 0.000000, 0.000000, 0.969300, 0.242048, 0.043238, -0.243809, 0.968934, 0.041532, -0.031843, -0.050798, 0.998201)
    }},
    {Time = 9.700, Data = {
      ["Head"] = CFrame.new(-0.000000, 0.000000, -0.000000, 0.923339, 0.182060, 0.338082, -0.247769, 0.955120, 0.162346, -0.293352, -0.233667, 0.927008),
      ["LeftFoot"] = CFrame.new(-0.000000, 0.000000, -0.000000, 0.981843, -0.177867, 0.065937, 0.173013, 0.982195, 0.073210, -0.077784, -0.060473, 0.995134),
      ["LeftHand"] = CFrame.new(0.000001, -0.000000, -0.000000, 0.160083, -0.757902, -0.632422, 0.755738, 0.506257, -0.415407, 0.635006, -0.411446, 0.653819),
      ["LeftLowerArm"] = CFrame.new(-0.000000, 0.000000, -0.000000, 1.000000, -0.000000, -0.000000, 0.000000, 0.344498, -0.938787, -0.000000, 0.938787, 0.344498),
      ["LeftLowerLeg"] = CFrame.new(-0.000000, -0.000000, -0.000000, 1.000000, -0.000000, -0.000000, 0.000000, 0.999994, 0.003601, 0.000000, -0.003601, 0.999994),
      ["LeftUpperArm"] = CFrame.new(0.000000, -0.065239, 0.000000, 0.086215, -0.159059, -0.983497, -0.442664, 0.878262, -0.180844, 0.892533, 0.450950, 0.005310),
      ["LeftUpperLeg"] = CFrame.new(0.000025, 0.000126, 0.004997, 0.749524, 0.602970, 0.273206, -0.620150, 0.783952, -0.028848, -0.231576, -0.147807, 0.961523),
      ["LowerTorso"] = CFrame.new(0.196706, 0.040214, 0.082031, 0.888944, -0.213457, -0.405234, 0.207321, 0.976458, -0.059556, 0.408407, -0.031072, 0.912271),
      ["RightFoot"] = CFrame.new(-0.000000, 0.000000, 0.000000, 0.956511, 0.251138, 0.148379, -0.240863, 0.966928, -0.083878, -0.164537, 0.044492, 0.985367),
      ["RightHand"] = CFrame.new(0.000000, 0.000000, 0.000000, 0.458574, -0.781129, 0.423727, 0.886952, 0.431838, -0.163817, -0.055015, 0.450948, 0.890853),
      ["RightLowerArm"] = CFrame.new(-0.000000, -0.000001, -0.000000, 1.000000, 0.000001, -0.000001, 0.000001, 0.070413, -0.997518, 0.000001, 0.997518, 0.070410),
      ["RightLowerLeg"] = CFrame.new(-0.000000, 0.000000, 0.000000, 1.000000, 0.000000, -0.000000, -0.000000, 0.999999, 0.001337, 0.000000, -0.001337, 0.999999),
      ["RightUpperArm"] = CFrame.new(0.000000, -0.065238, -0.000000, -0.080070, -0.132646, 0.987924, 0.445045, 0.882079, 0.154505, -0.891921, 0.452041, -0.011595),
      ["RightUpperLeg"] = CFrame.new(-0.000026, -0.000126, -0.004998, 0.968975, -0.025825, -0.245804, 0.069533, 0.982844, 0.170832, 0.237174, -0.182624, 0.954147),
      ["UpperTorso"] = CFrame.new(0.000000, -0.000000, -0.000000, 0.969261, 0.242240, 0.043050, -0.243970, 0.968921, 0.040876, -0.031810, -0.050123, 0.998236)
    }},
    {Time = 9.733, Data = {
      ["Head"] = CFrame.new(0.000000, -0.000000, 0.000000, 0.925720, 0.182001, 0.331538, -0.246140, 0.955471, 0.162758, -0.287153, -0.232273, 0.929297),
      ["LeftFoot"] = CFrame.new(0.000000, 0.000000, 0.000000, 0.981846, -0.177847, 0.065956, 0.172997, 0.982202, 0.073145, -0.077790, -0.060407, 0.995138),
      ["LeftHand"] = CFrame.new(-0.000000, 0.000000, -0.000000, 0.160085, -0.757903, -0.632421, 0.755740, 0.506257, -0.415405, 0.635004, -0.411445, 0.653821),
      ["LeftLowerArm"] = CFrame.new(0.000000, -0.000000, 0.000000, 1.000000, 0.000000, -0.000000, 0.000000, 0.344499, -0.938787, 0.000000, 0.938787, 0.344498),
      ["LeftLowerLeg"] = CFrame.new(0.000000, -0.000000, 0.000000, 1.000000, 0.000000, -0.000000, -0.000000, 0.999994, 0.003604, 0.000000, -0.003604, 0.999994),
      ["LeftUpperArm"] = CFrame.new(0.000000, -0.065238, 0.000000, 0.085983, -0.159096, -0.983512, -0.442575, 0.878322, -0.180772, 0.892600, 0.450821, 0.005109),
      ["LeftUpperLeg"] = CFrame.new(0.000025, 0.000126, 0.004998, 0.749659, 0.602825, 0.273156, -0.619938, 0.784112, -0.029070, -0.231710, -0.147546, 0.961531),
      ["LowerTorso"] = CFrame.new(0.196798, 0.040234, 0.081645, 0.889031, -0.213139, -0.405212, 0.207167, 0.976518, -0.059119, 0.408297, -0.031388, 0.912309),
      ["RightFoot"] = CFrame.new(0.000000, 0.000000, -0.000000, 0.956493, 0.251212, 0.148366, -0.240924, 0.966906, -0.083962, -0.164548, 0.044564, 0.985362),
      ["RightHand"] = CFrame.new(0.000000, 0.000000, -0.000000, 0.458341, -0.781388, 0.423501, 0.887061, 0.431780, -0.163378, -0.055193, 0.450554, 0.891041),
      ["RightLowerArm"] = CFrame.new(-0.000000, 0.000000, -0.000000, 1.000000, 0.000001, -0.000001, 0.000001, 0.070040, -0.997544, 0.000001, 0.997544, 0.070036),
      ["RightLowerLeg"] = CFrame.new(-0.000000, -0.000000, 0.000000, 1.000000, 0.000000, 0.000000, 0.000000, 0.999999, 0.001343, 0.000000, -0.001343, 0.999999),
      ["RightUpperArm"] = CFrame.new(0.000000, -0.065238, -0.000000, -0.080165, -0.132680, 0.987912, 0.445175, 0.882000, 0.154580, -0.891848, 0.452185, -0.011640),
      ["RightUpperLeg"] = CFrame.new(-0.000026, -0.000126, -0.004997, 0.968937, -0.025972, -0.245941, 0.069650, 0.982877, 0.170595, 0.237298, -0.182426, 0.954154),
      ["UpperTorso"] = CFrame.new(-0.000000, -0.000000, 0.000000, 0.969219, 0.242442, 0.042866, -0.244146, 0.968899, 0.040348, -0.031751, -0.049572, 0.998266)
    }},
    {Time = 9.767, Data = {
      ["Head"] = CFrame.new(-0.000000, 0.000000, -0.000000, 0.928221, 0.182474, 0.324207, -0.244796, 0.955790, 0.162915, -0.280146, -0.230585, 0.931852),
      ["LeftFoot"] = CFrame.new(-0.000000, -0.000000, 0.000000, 0.981849, -0.177819, 0.065974, 0.172973, 0.982212, 0.073078, -0.077796, -0.060340, 0.995142),
      ["LeftHand"] = CFrame.new(0.000000, -0.000000, 0.000000, 0.160086, -0.757903, -0.632421, 0.755742, 0.506256, -0.415403, 0.635001, -0.411447, 0.653823),
      ["LeftLowerArm"] = CFrame.new(0.000000, -0.000000, 0.000000, 1.000000, -0.000001, -0.000000, 0.000000, 0.344499, -0.938787, -0.000000, 0.938787, 0.344497),
      ["LeftLowerLeg"] = CFrame.new(-0.000000, 0.000000, -0.000000, 1.000000, 0.000000, -0.000000, 0.000000, 0.999994, 0.003607, 0.000000, -0.003607, 0.999994),
      ["LeftUpperArm"] = CFrame.new(-0.000000, -0.065238, 0.000000, 0.085751, -0.159126, -0.983527, -0.442501, 0.878375, -0.180694, 0.892659, 0.450706, 0.004908),
      ["LeftUpperLeg"] = CFrame.new(0.000026, 0.000126, 0.004998, 0.749798, 0.602675, 0.273106, -0.619718, 0.784277, -0.029293, -0.231845, -0.147285, 0.961538),
      ["LowerTorso"] = CFrame.new(0.196857, 0.040257, 0.081328, 0.889113, -0.212842, -0.405187, 0.207033, 0.976572, -0.058686, 0.408185, -0.031709, 0.912348),
      ["RightFoot"] = CFrame.new(-0.000000, 0.000000, 0.000000, 0.956473, 0.251298, 0.148353, -0.240999, 0.966881, -0.084036, -0.164558, 0.044626, 0.985357),
      ["RightHand"] = CFrame.new(0.000000, 0.000000, 0.000000, 0.458083, -0.781671, 0.423256, 0.887184, 0.431699, -0.162926, -0.055361, 0.450140, 0.891240),
      ["RightLowerArm"] = CFrame.new(0.000000, -0.000000, -0.000000, 1.000000, 0.000001, -0.000001, 0.000001, 0.069666, -0.997571, 0.000001, 0.997570, 0.069663),
      ["RightLowerLeg"] = CFrame.new(0.000000, -0.000000, 0.000000, 1.000000, 0.000000, 0.000000, -0.000000, 0.999999, 0.001347, 0.000000, -0.001348, 0.999999),
      ["RightUpperArm"] = CFrame.new(-0.000000, -0.065238, -0.000000, -0.080312, -0.132740, 0.987892, 0.445322, 0.881904, 0.154702, -0.891761, 0.452355, -0.011715),
      ["RightUpperLeg"] = CFrame.new(-0.000025, -0.000125, -0.004998, 0.968897, -0.026152, -0.246079, 0.069793, 0.982912, 0.170332, 0.237419, -0.182208, 0.954166),
      ["UpperTorso"] = CFrame.new(0.000000, 0.000000, -0.000000, 0.969170, 0.242668, 0.042692, -0.244344, 0.968873, 0.039754, -0.031716, -0.048960, 0.998297)
    }},
    {Time = 9.800, Data = {
      ["Head"] = CFrame.new(-0.000000, -0.000000, -0.000000, 0.930747, 0.183036, 0.316558, -0.243456, 0.956121, 0.162976, -0.272837, -0.228758, 0.934468),
      ["LeftFoot"] = CFrame.new(-0.000000, -0.000000, -0.000000, 0.981854, -0.177789, 0.065994, 0.172947, 0.982221, 0.073018, -0.077802, -0.060280, 0.995145),
      ["LeftHand"] = CFrame.new(0.000000, 0.000000, -0.000000, 0.160087, -0.757904, -0.632419, 0.755744, 0.506254, -0.415401, 0.634999, -0.411446, 0.653826),
      ["LeftLowerArm"] = CFrame.new(-0.000000, 0.000001, -0.000000, 1.000000, -0.000000, 0.000000, 0.000000, 0.344498, -0.938787, -0.000000, 0.938787, 0.344498),
      ["LeftLowerLeg"] = CFrame.new(0.000000, 0.000000, 0.000000, 1.000000, -0.000000, 0.000000, -0.000000, 0.999994, 0.003610, -0.000000, -0.003610, 0.999994),
      ["LeftUpperArm"] = CFrame.new(0.000000, -0.065237, 0.000000, 0.085525, -0.159195, -0.983536, -0.442441, 0.878414, -0.180654, 0.892710, 0.450606, 0.004692),
      ["LeftUpperLeg"] = CFrame.new(0.000025, 0.000126, 0.004997, 0.749938, 0.602525, 0.273053, -0.619498, 0.784443, -0.029520, -0.231982, -0.147017, 0.961546),
      ["LowerTorso"] = CFrame.new(0.196904, 0.040277, 0.081002, 0.889200, -0.212551, -0.405148, 0.206899, 0.976625, -0.058269, 0.408063, -0.032012, 0.912392),
      ["RightFoot"] = CFrame.new(-0.000000, 0.000000, -0.000000, 0.956452, 0.251383, 0.148340, -0.241073, 0.966855, -0.084116, -0.164568, 0.044693, 0.985353),
      ["RightHand"] = CFrame.new(0.000000, -0.000000, 0.000000, 0.457806, -0.781979, 0.422989, 0.887317, 0.431597, -0.162466, -0.055513, 0.449703, 0.891451),
      ["RightLowerArm"] = CFrame.new(0.000000, 0.000000, 0.000000, 1.000000, 0.000001, -0.000001, 0.000001, 0.069299, -0.997596, 0.000001, 0.997596, 0.069297),
      ["RightLowerLeg"] = CFrame.new(0.000000, -0.000000, -0.000000, 1.000000, 0.000000, 0.000000, -0.000000, 0.999999, 0.001353, -0.000000, -0.001353, 0.999999),
      ["RightUpperArm"] = CFrame.new(-0.000000, -0.065237, -0.000000, -0.080492, -0.132743, 0.987877, 0.445469, 0.881815, 0.154788, -0.891672, 0.452527, -0.011847),
      ["RightUpperLeg"] = CFrame.new(-0.000026, -0.000126, -0.004998, 0.968860, -0.026328, -0.246204, 0.069940, 0.982941, 0.170105, 0.237525, -0.182027, 0.954174),
      ["UpperTorso"] = CFrame.new(-0.000000, -0.000000, -0.000000, 0.969123, 0.242886, 0.042517, -0.244537, 0.968847, 0.039212, -0.031668, -0.048398, 0.998326)
    }},
    {Time = 9.833, Data = {
      ["Head"] = CFrame.new(-0.000000, 0.000000, -0.000000, 0.933305, 0.183672, 0.308555, -0.242113, 0.956461, 0.162986, -0.265184, -0.226821, 0.937139),
      ["LeftFoot"] = CFrame.new(-0.000000, -0.000000, 0.000000, 0.981858, -0.177757, 0.066012, 0.172918, 0.982230, 0.072965, -0.077809, -0.060227, 0.995148),
      ["LeftHand"] = CFrame.new(-0.000000, -0.000000, 0.000000, 0.160087, -0.757904, -0.632419, 0.755746, 0.506253, -0.415399, 0.634996, -0.411447, 0.653827),
      ["LeftLowerArm"] = CFrame.new(0.000000, -0.000000, 0.000000, 1.000000, -0.000000, 0.000000, -0.000000, 0.344498, -0.938787, -0.000000, 0.938787, 0.344497),
      ["LeftLowerLeg"] = CFrame.new(-0.000000, -0.000000, 0.000000, 1.000000, 0.000000, -0.000000, 0.000000, 0.999994, 0.003612, -0.000000, -0.003612, 0.999994),
      ["LeftUpperArm"] = CFrame.new(-0.000000, -0.065238, 0.000000, 0.085286, -0.159254, -0.983547, -0.442391, 0.878450, -0.180598, 0.892758, 0.450515, 0.004466),
      ["LeftUpperLeg"] = CFrame.new(0.000026, 0.000125, 0.004997, 0.750082, 0.602370, 0.272999, -0.619273, 0.784612, -0.029749, -0.232118, -0.146746, 0.961554),
      ["LowerTorso"] = CFrame.new(0.196947, 0.040297, 0.080608, 0.889278, -0.212265, -0.405128, 0.206760, 0.976678, -0.057876, 0.407965, -0.032297, 0.912426),
      ["RightFoot"] = CFrame.new(0.000000, 0.000000, -0.000000, 0.956433, 0.251465, 0.148327, -0.241144, 0.966831, -0.084185, -0.164578, 0.044750, 0.985349),
      ["RightHand"] = CFrame.new(0.000000, 0.000000, -0.000000, 0.457494, -0.782299, 0.422734, 0.887469, 0.431459, -0.162003, -0.055653, 0.449279, 0.891656),
      ["RightLowerArm"] = CFrame.new(0.000000, 0.000000, -0.000000, 1.000000, 0.000001, -0.000001, 0.000001, 0.068994, -0.997617, 0.000001, 0.997617, 0.068991),
      ["RightLowerLeg"] = CFrame.new(-0.000000, -0.000000, -0.000000, 1.000000, 0.000000, 0.000000, -0.000000, 0.999999, 0.001357, -0.000000, -0.001357, 0.999999),
      ["RightUpperArm"] = CFrame.new(0.000000, -0.065239, 0.000000, -0.080691, -0.132734, 0.987862, 0.445669, 0.881699, 0.154872, -0.891554, 0.452756, -0.011990),
      ["RightUpperLeg"] = CFrame.new(-0.000025, -0.000126, -0.004997, 0.968823, -0.026503, -0.246330, 0.070082, 0.982972, 0.169866, 0.237633, -0.181833, 0.954184),
      ["UpperTorso"] = CFrame.new(0.000000, 0.000000, -0.000000, 0.969074, 0.243110, 0.042351, -0.244733, 0.968820, 0.038629, -0.031640, -0.047798, 0.998356)
    }},
    {Time = 9.867, Data = {
      ["Head"] = CFrame.new(0.000000, -0.000000, -0.000000, 0.936059, 0.184433, 0.299630, -0.240678, 0.956833, 0.162925, -0.256647, -0.224622, 0.940041),
      ["LeftFoot"] = CFrame.new(-0.000000, 0.000000, -0.000000, 0.981867, -0.177700, 0.066036, 0.172865, 0.982245, 0.072878, -0.077814, -0.060142, 0.995152),
      ["LeftHand"] = CFrame.new(0.000000, -0.000000, 0.000000, 0.160089, -0.757904, -0.632418, 0.755747, 0.506252, -0.415396, 0.634994, -0.411448, 0.653830),
      ["LeftLowerArm"] = CFrame.new(0.000000, -0.000001, 0.000000, 1.000000, 0.000000, -0.000000, 0.000000, 0.344498, -0.938787, 0.000000, 0.938787, 0.344498),
      ["LeftLowerLeg"] = CFrame.new(0.000000, 0.000000, -0.000000, 1.000000, 0.000000, -0.000000, -0.000000, 0.999993, 0.003617, -0.000000, -0.003617, 0.999993),
      ["LeftUpperArm"] = CFrame.new(0.000000, -0.065238, 0.000000, 0.085024, -0.159334, -0.983557, -0.442363, 0.878474, -0.180551, 0.892797, 0.450440, 0.004208),
      ["LeftUpperLeg"] = CFrame.new(0.000026, 0.000126, 0.004997, 0.750279, 0.602135, 0.272974, -0.618984, 0.784833, -0.029907, -0.232248, -0.146528, 0.961556),
      ["LowerTorso"] = CFrame.new(0.196954, 0.040318, 0.080258, 0.889357, -0.211978, -0.405105, 0.206630, 0.976730, -0.057458, 0.407859, -0.032607, 0.912463),
      ["RightFoot"] = CFrame.new(0.000000, 0.000000, -0.000000, 0.956411, 0.251556, 0.148314, -0.241225, 0.966805, -0.084257, -0.164586, 0.044808, 0.985344),
      ["RightHand"] = CFrame.new(-0.000000, 0.000000, 0.000000, 0.457161, -0.782660, 0.422427, 0.887633, 0.431309, -0.161505, -0.055790, 0.448794, 0.891892),
      ["RightLowerArm"] = CFrame.new(-0.000000, -0.000000, 0.000000, 1.000000, 0.000001, -0.000001, 0.000001, 0.068603, -0.997644, 0.000001, 0.997644, 0.068600),
      ["RightLowerLeg"] = CFrame.new(-0.000000, -0.000000, 0.000000, 1.000000, 0.000000, 0.000000, 0.000000, 0.999999, 0.001362, -0.000000, -0.001362, 0.999999),
      ["RightUpperArm"] = CFrame.new(-0.000000, -0.065239, 0.000000, -0.080948, -0.132800, 0.987832, 0.445878, 0.881562, 0.155051, -0.891426, 0.453003, -0.012148),
      ["RightUpperLeg"] = CFrame.new(-0.000025, -0.000126, -0.004997, 0.968784, -0.026701, -0.246465, 0.070245, 0.983005, 0.169606, 0.237748, -0.181624, 0.954195),
      ["UpperTorso"] = CFrame.new(-0.000000, -0.000000, 0.000000, 0.969015, 0.243372, 0.042202, -0.244973, 0.968779, 0.038137, -0.031603, -0.047293, 0.998381)
    }},
    {Time = 9.900, Data = {
      ["Head"] = CFrame.new(0.000000, 0.000000, 0.000000, 0.940686, 0.185845, 0.283850, -0.238261, 0.957473, 0.162718, -0.241538, -0.220697, 0.944961),
      ["LeftFoot"] = CFrame.new(0.000000, 0.000000, 0.000000, 0.981873, -0.177654, 0.066062, 0.172827, 0.982260, 0.072769, -0.077817, -0.060033, 0.995159),
      ["LeftHand"] = CFrame.new(-0.000000, 0.000000, -0.000000, 0.160090, -0.757906, -0.632416, 0.755749, 0.506251, -0.415396, 0.634992, -0.411447, 0.653832),
      ["LeftLowerArm"] = CFrame.new(0.000000, -0.000000, -0.000000, 1.000000, -0.000000, -0.000000, 0.000000, 0.344498, -0.938787, 0.000000, 0.938787, 0.344498),
      ["LeftLowerLeg"] = CFrame.new(-0.000000, -0.000000, -0.000000, 1.000000, -0.000000, -0.000000, -0.000000, 0.999993, 0.003623, -0.000000, -0.003623, 0.999993),
      ["LeftUpperArm"] = CFrame.new(0.000000, -0.065238, 0.000000, 0.084604, -0.159514, -0.983564, -0.442333, 0.878495, -0.180523, 0.892851, 0.450336, 0.003766),
      ["LeftUpperLeg"] = CFrame.new(0.000025, 0.000126, 0.004997, 0.750540, 0.601835, 0.272918, -0.618589, 0.785133, -0.030209, -0.232459, -0.146150, 0.961563),
      ["LowerTorso"] = CFrame.new(0.196938, 0.040351, 0.079653, 0.889493, -0.211475, -0.405070, 0.206384, 0.976823, -0.056771, 0.407687, -0.033103, 0.912522),
      ["RightFoot"] = CFrame.new(0.000000, 0.000000, 0.000000, 0.956377, 0.251696, 0.148298, -0.241351, 0.966765, -0.084354, -0.164601, 0.044883, 0.985339),
      ["RightHand"] = CFrame.new(-0.000000, 0.000000, -0.000000, 0.456542, -0.783301, 0.421906, 0.887939, 0.430992, -0.160668, -0.055982, 0.447979, 0.892290),
      ["RightLowerArm"] = CFrame.new(-0.000000, -0.000000, 0.000000, 1.000000, 0.000001, -0.000000, 0.000001, 0.068049, -0.997682, 0.000001, 0.997682, 0.068045),
      ["RightLowerLeg"] = CFrame.new(-0.000000, -0.000000, 0.000000, 1.000000, -0.000000, 0.000000, -0.000000, 0.999999, 0.001370, -0.000000, -0.001370, 0.999999),
      ["RightUpperArm"] = CFrame.new(-0.000000, -0.065238, 0.000000, -0.081368, -0.132881, 0.987786, 0.446358, 0.881272, 0.155320, -0.891148, 0.453544, -0.012395),
      ["RightUpperLeg"] = CFrame.new(-0.000026, -0.000126, -0.004997, 0.968717, -0.027050, -0.246687, 0.070537, 0.983057, 0.169187, 0.237931, -0.181295, 0.954213),
      ["UpperTorso"] = CFrame.new(-0.000000, 0.000000, 0.000000, 0.968909, 0.243834, 0.041971, -0.245401, 0.968700, 0.037398, -0.031538, -0.046535, 0.998419)
    }},
    {Time = 9.933, Data = {
      ["Head"] = CFrame.new(-0.000000, -0.000000, 0.000000, 0.941039, 0.185966, 0.282600, -0.238082, 0.957521, 0.162696, -0.240340, -0.220385, 0.945340),
      ["LeftFoot"] = CFrame.new(0.000000, 0.000000, -0.000000, 0.981879, -0.177616, 0.066081, 0.172792, 0.982270, 0.072716, -0.077824, -0.059981, 0.995161),
      ["LeftHand"] = CFrame.new(0.000000, 0.000000, -0.000000, 0.160091, -0.757905, -0.632416, 0.755751, 0.506251, -0.415393, 0.634989, -0.411448, 0.653834),
      ["LeftLowerArm"] = CFrame.new(0.000000, 0.000000, 0.000000, 1.000000, -0.000000, 0.000000, 0.000000, 0.344499, -0.938787, -0.000000, 0.938787, 0.344498),
      ["LeftLowerLeg"] = CFrame.new(-0.000000, -0.000000, 0.000000, 1.000000, 0.000000, 0.000000, 0.000000, 0.999993, 0.003625, 0.000000, -0.003625, 0.999993),
      ["LeftUpperArm"] = CFrame.new(0.000000, -0.065238, -0.000000, 0.084440, -0.159786, -0.983534, -0.442317, 0.878469, -0.180692, 0.892875, 0.450290, 0.003502),
      ["LeftUpperLeg"] = CFrame.new(0.000026, 0.000126, 0.004997, 0.750684, 0.601673, 0.272881, -0.618370, 0.785299, -0.030387, -0.232577, -0.145930, 0.961568),
      ["LowerTorso"] = CFrame.new(0.196932, 0.040353, 0.079611, 0.889560, -0.211223, -0.405053, 0.206254, 0.976869, -0.056440, 0.407605, -0.033337, 0.912549),
      ["RightFoot"] = CFrame.new(-0.000000, 0.000000, -0.000000, 0.956348, 0.251809, 0.148289, -0.241459, 0.966735, -0.084395, -0.164608, 0.044906, 0.985336),
      ["RightHand"] = CFrame.new(-0.000000, -0.000000, -0.000000, 0.456183, -0.783674, 0.421602, 0.888118, 0.430789, -0.160218, -0.056059, 0.447522, 0.892514),
      ["RightLowerArm"] = CFrame.new(0.000000, 0.000000, 0.000000, 1.000000, 0.000001, -0.000000, 0.000001, 0.067749, -0.997703, 0.000001, 0.997702, 0.067745),
      ["RightLowerLeg"] = CFrame.new(-0.000000, -0.000000, 0.000000, 1.000000, 0.000000, -0.000000, -0.000000, 0.999999, 0.001374, -0.000000, -0.001374, 0.999999),
      ["RightUpperArm"] = CFrame.new(-0.000000, -0.065238, 0.000000, -0.081602, -0.132909, 0.987763, 0.446643, 0.881104, 0.155456, -0.890983, 0.453863, -0.012537),
      ["RightUpperLeg"] = CFrame.new(-0.000025, -0.000125, -0.004997, 0.968685, -0.027236, -0.246793, 0.070700, 0.983077, 0.168998, 0.238014, -0.181154, 0.954218),
      ["UpperTorso"] = CFrame.new(-0.000000, 0.000000, 0.000000, 0.968843, 0.244114, 0.041858, -0.245663, 0.968648, 0.037017, -0.031510, -0.046147, 0.998438)
    }},
    {Time = 9.967, Data = {
      ["Head"] = CFrame.new(-0.000000, 0.000000, -0.000000, 0.945459, 0.187495, 0.266370, -0.235760, 0.958149, 0.162381, -0.224777, -0.216324, 0.950094),
      ["LeftFoot"] = CFrame.new(-0.000000, 0.000000, -0.000000, 0.981885, -0.177578, 0.066099, 0.172757, 0.982280, 0.072664, -0.077831, -0.059929, 0.995164),
      ["LeftHand"] = CFrame.new(0.000000, 0.000000, -0.000000, 0.160092, -0.757906, -0.632415, 0.755753, 0.506249, -0.415391, 0.634986, -0.411449, 0.653836),
      ["LeftLowerArm"] = CFrame.new(-0.000000, -0.000000, -0.000000, 1.000000, -0.000000, -0.000000, 0.000000, 0.344498, -0.938787, 0.000000, 0.938787, 0.344498),
      ["LeftLowerLeg"] = CFrame.new(-0.000000, -0.000000, 0.000000, 1.000000, 0.000000, -0.000000, -0.000000, 0.999993, 0.003628, -0.000000, -0.003628, 0.999993),
      ["LeftUpperArm"] = CFrame.new(0.000000, -0.065238, -0.000000, 0.084278, -0.160058, -0.983503, -0.442300, 0.878442, -0.180861, 0.892899, 0.450245, 0.003239),
      ["LeftUpperLeg"] = CFrame.new(0.000026, 0.000126, 0.004997, 0.750828, 0.601510, 0.272844, -0.618151, 0.785465, -0.030564, -0.232695, -0.145710, 0.961573),
      ["LowerTorso"] = CFrame.new(0.196858, 0.040379, 0.079070, 0.889628, -0.210972, -0.405036, 0.206125, 0.976916, -0.056110, 0.407523, -0.033572, 0.912577),
      ["RightFoot"] = CFrame.new(0.000000, 0.000000, -0.000000, 0.956320, 0.251922, 0.148280, -0.241567, 0.966704, -0.084436, -0.164615, 0.044928, 0.985334),
      ["RightHand"] = CFrame.new(-0.000000, 0.000000, -0.000000, 0.455823, -0.784048, 0.421298, 0.888298, 0.430585, -0.159766, -0.056138, 0.447063, 0.892739),
      ["RightLowerArm"] = CFrame.new(-0.000000, -0.000000, 0.000000, 1.000000, 0.000001, -0.000001, 0.000001, 0.067449, -0.997723, 0.000001, 0.997723, 0.067446),
      ["RightLowerLeg"] = CFrame.new(0.000000, -0.000000, -0.000000, 1.000000, -0.000000, 0.000000, -0.000000, 0.999999, 0.001378, 0.000000, -0.001378, 0.999999),
      ["RightUpperArm"] = CFrame.new(-0.000000, -0.065238, 0.000000, -0.081836, -0.132938, 0.987740, 0.446929, 0.880935, 0.155592, -0.890818, 0.454182, -0.012678),
      ["RightUpperLeg"] = CFrame.new(-0.000025, -0.000126, -0.004998, 0.968653, -0.027423, -0.246900, 0.070862, 0.983098, 0.168810, 0.238098, -0.181014, 0.954224),
      ["UpperTorso"] = CFrame.new(-0.000000, -0.000000, -0.000000, 0.968777, 0.244393, 0.041747, -0.245926, 0.968596, 0.036636, -0.031482, -0.045758, 0.998456)
    }},
    {Time = 10.000, Data = {
      ["Head"] = CFrame.new(0.000000, 0.000000, -0.000000, 0.945756, 0.187610, 0.265233, -0.235609, 0.958190, 0.162359, -0.223684, -0.216043, 0.950416),
      ["LeftFoot"] = CFrame.new(-0.000000, -0.000000, -0.000000, 0.981891, -0.177534, 0.066120, 0.172717, 0.982292, 0.072599, -0.077838, -0.059865, 0.995167),
      ["LeftHand"] = CFrame.new(0.000000, 0.000000, -0.000000, 0.160092, -0.757907, -0.632415, 0.755755, 0.506247, -0.415389, 0.634984, -0.411450, 0.653838),
      ["LeftLowerArm"] = CFrame.new(0.000000, -0.000000, -0.000000, 1.000000, -0.000000, -0.000000, 0.000000, 0.344498, -0.938787, -0.000000, 0.938787, 0.344497),
      ["LeftLowerLeg"] = CFrame.new(0.000000, -0.000000, -0.000000, 1.000000, 0.000000, 0.000000, 0.000000, 0.999993, 0.003631, 0.000000, -0.003631, 0.999993),
      ["LeftUpperArm"] = CFrame.new(-0.000000, -0.065238, 0.000000, 0.084078, -0.160240, -0.983491, -0.442345, 0.878404, -0.180934, 0.892895, 0.450255, 0.002973),
      ["LeftUpperLeg"] = CFrame.new(0.000026, 0.000126, 0.004997, 0.750976, 0.601331, 0.272830, -0.617935, 0.785630, -0.030675, -0.232790, -0.145554, 0.961573),
      ["LowerTorso"] = CFrame.new(0.196852, 0.040380, 0.079026, 0.889686, -0.210752, -0.405022, 0.206011, 0.976956, -0.055823, 0.407453, -0.033774, 0.912601),
      ["RightFoot"] = CFrame.new(-0.000000, 0.000000, 0.000000, 0.956298, 0.252011, 0.148272, -0.241650, 0.966680, -0.084477, -0.164621, 0.044956, 0.985332),
      ["RightHand"] = CFrame.new(0.000000, 0.000000, -0.000000, 0.455445, -0.784424, 0.421006, 0.888489, 0.430350, -0.159339, -0.056185, 0.446630, 0.892953),
      ["RightLowerArm"] = CFrame.new(-0.000000, -0.000001, -0.000000, 1.000000, 0.000001, -0.000000, 0.000001, 0.067224, -0.997738, 0.000001, 0.997738, 0.067219),
      ["RightLowerLeg"] = CFrame.new(0.000000, -0.000000, 0.000000, 1.000000, -0.000000, -0.000000, 0.000000, 0.999999, 0.001381, -0.000000, -0.001381, 0.999999),
      ["RightUpperArm"] = CFrame.new(-0.000000, -0.065238, 0.000000, -0.082145, -0.133083, 0.987695, 0.447255, 0.880720, 0.155867, -0.890626, 0.454555, -0.012825),
      ["RightUpperLeg"] = CFrame.new(-0.000025, -0.000125, -0.004997, 0.968621, -0.027627, -0.247001, 0.071043, 0.983117, 0.168624, 0.238172, -0.180881, 0.954231),
      ["UpperTorso"] = CFrame.new(-0.000000, 0.000000, -0.000000, 0.968698, 0.244718, 0.041680, -0.246242, 0.968522, 0.036474, -0.031442, -0.045596, 0.998465)
    }},
    {Time = 10.033, Data = {
      ["Head"] = CFrame.new(0.000000, -0.000001, 0.000000, 0.949855, 0.189209, 0.248949, -0.233452, 0.958774, 0.162026, -0.208029, -0.212018, 0.954867),
      ["LeftFoot"] = CFrame.new(-0.000000, 0.000000, 0.000000, 0.981898, -0.177489, 0.066141, 0.172676, 0.982304, 0.072535, -0.077844, -0.059802, 0.995170),
      ["LeftHand"] = CFrame.new(0.000000, -0.000000, -0.000000, 0.160094, -0.757907, -0.632414, 0.755757, 0.506247, -0.415386, 0.634981, -0.411450, 0.653840),
      ["LeftLowerArm"] = CFrame.new(-0.000000, -0.000000, 0.000000, 1.000000, 0.000000, -0.000000, 0.000000, 0.344498, -0.938787, 0.000000, 0.938787, 0.344498),
      ["LeftLowerLeg"] = CFrame.new(-0.000000, -0.000000, 0.000000, 1.000000, 0.000000, -0.000000, -0.000000, 0.999993, 0.003634, -0.000000, -0.003634, 0.999993),
      ["LeftUpperArm"] = CFrame.new(0.000000, -0.065238, 0.000000, 0.083878, -0.160423, -0.983478, -0.442392, 0.878366, -0.181007, 0.892891, 0.450265, 0.002706),
      ["LeftUpperLeg"] = CFrame.new(0.000025, 0.000126, 0.004997, 0.751125, 0.601152, 0.272815, -0.617719, 0.785796, -0.030785, -0.232884, -0.145399, 0.961574),
      ["LowerTorso"] = CFrame.new(0.196766, 0.040395, 0.078403, 0.889745, -0.210532, -0.405007, 0.205897, 0.976996, -0.055536, 0.407382, -0.033977, 0.912625),
      ["RightFoot"] = CFrame.new(0.000000, 0.000001, 0.000000, 0.956276, 0.252100, 0.148263, -0.241733, 0.966655, -0.084519, -0.164626, 0.044983, 0.985330),
      ["RightHand"] = CFrame.new(-0.000000, 0.000000, 0.000000, 0.455071, -0.784799, 0.420712, 0.888678, 0.430116, -0.158916, -0.056234, 0.446195, 0.893167),
      ["RightLowerArm"] = CFrame.new(0.000000, 0.000000, 0.000000, 1.000000, 0.000001, -0.000000, 0.000001, 0.066998, -0.997753, 0.000001, 0.997753, 0.066995),
      ["RightLowerLeg"] = CFrame.new(-0.000000, 0.000000, -0.000000, 1.000000, 0.000000, -0.000000, 0.000000, 0.999999, 0.001384, 0.000000, -0.001384, 0.999999),
      ["RightUpperArm"] = CFrame.new(0.000000, -0.065238, -0.000000, -0.082453, -0.133229, 0.987649, 0.447581, 0.880506, 0.156142, -0.890434, 0.454928, -0.012970),
      ["RightUpperLeg"] = CFrame.new(-0.000026, -0.000126, -0.004998, 0.968590, -0.027831, -0.247102, 0.071223, 0.983136, 0.168439, 0.238246, -0.180748, 0.954237),
      ["UpperTorso"] = CFrame.new(-0.000000, -0.000000, -0.000000, 0.968619, 0.245043, 0.041613, -0.246558, 0.968447, 0.036313, -0.031402, -0.045433, 0.998474)
    }},
    {Time = 10.067, Data = {
      ["Head"] = CFrame.new(0.000000, -0.000000, 0.000000, 0.949976, 0.189263, 0.248446, -0.233391, 0.958791, 0.162015, -0.207544, -0.211895, 0.955000),
      ["LeftFoot"] = CFrame.new(0.000000, 0.000000, -0.000000, 0.981902, -0.177461, 0.066159, 0.172650, 0.982313, 0.072481, -0.077851, -0.059747, 0.995173),
      ["LeftHand"] = CFrame.new(0.000000, 0.000000, 0.000000, 0.160095, -0.757907, -0.632413, 0.755758, 0.506246, -0.415384, 0.634979, -0.411451, 0.653842),
      ["LeftLowerArm"] = CFrame.new(-0.000000, -0.000000, -0.000000, 1.000000, -0.000000, -0.000000, 0.000000, 0.344498, -0.938787, -0.000000, 0.938787, 0.344498),
      ["LeftLowerLeg"] = CFrame.new(0.000000, 0.000000, 0.000000, 1.000000, -0.000000, 0.000000, -0.000000, 0.999993, 0.003636, 0.000000, -0.003636, 0.999993),
      ["LeftUpperArm"] = CFrame.new(0.000000, -0.065238, 0.000000, 0.083751, -0.160494, -0.983477, -0.442441, 0.878339, -0.181014, 0.892878, 0.450291, 0.002553),
      ["LeftUpperLeg"] = CFrame.new(0.000025, 0.000125, 0.004998, 0.751202, 0.601053, 0.272822, -0.617611, 0.785880, -0.030805, -0.232921, -0.145356, 0.961571),
      ["LowerTorso"] = CFrame.new(0.196763, 0.040395, 0.078388, 0.889775, -0.210419, -0.405000, 0.205835, 0.977017, -0.055397, 0.407349, -0.034073, 0.912637),
      ["RightFoot"] = CFrame.new(-0.000000, 0.000000, -0.000000, 0.956256, 0.252177, 0.148258, -0.241809, 0.966635, -0.084533, -0.164630, 0.044985, 0.985329),
      ["RightHand"] = CFrame.new(0.000000, 0.000000, -0.000000, 0.454866, -0.784992, 0.420574, 0.888781, 0.429981, -0.158703, -0.056255, 0.445987, 0.893270),
      ["RightLowerArm"] = CFrame.new(0.000000, -0.000000, 0.000000, 1.000000, 0.000001, -0.000000, 0.000001, 0.066871, -0.997762, 0.000001, 0.997762, 0.066867),
      ["RightLowerLeg"] = CFrame.new(-0.000000, -0.000000, 0.000000, 1.000000, 0.000000, 0.000000, 0.000000, 0.999999, 0.001385, 0.000000, -0.001385, 0.999999),
      ["RightUpperArm"] = CFrame.new(-0.000000, -0.065238, -0.000000, -0.082612, -0.133189, 0.987642, 0.447753, 0.880411, 0.156181, -0.890333, 0.455122, -0.013097),
      ["RightUpperLeg"] = CFrame.new(-0.000025, -0.000126, -0.004997, 0.968571, -0.027965, -0.247157, 0.071344, 0.983145, 0.168335, 0.238284, -0.180678, 0.954241),
      ["UpperTorso"] = CFrame.new(-0.000000, -0.000000, -0.000000, 0.968580, 0.245204, 0.041566, -0.246713, 0.968413, 0.036177, -0.031382, -0.045295, 0.998481)
    }},
    {Time = 10.100, Data = {
      ["Head"] = CFrame.new(-0.000000, 0.000000, -0.000000, 0.951970, 0.190162, 0.239983, -0.232374, 0.959070, 0.161826, -0.199387, -0.209819, 0.957194),
      ["LeftFoot"] = CFrame.new(0.000000, -0.000000, 0.000000, 0.981906, -0.177432, 0.066176, 0.172625, 0.982321, 0.072427, -0.077857, -0.059693, 0.995176),
      ["LeftHand"] = CFrame.new(0.000000, 0.000000, -0.000000, 0.160095, -0.757908, -0.632412, 0.755760, 0.506245, -0.415382, 0.634977, -0.411451, 0.653844),
      ["LeftLowerArm"] = CFrame.new(0.000000, 0.000000, 0.000000, 1.000000, -0.000000, 0.000000, 0.000000, 0.344498, -0.938787, 0.000000, 0.938787, 0.344498),
      ["LeftLowerLeg"] = CFrame.new(-0.000000, -0.000000, -0.000000, 1.000000, -0.000000, 0.000000, 0.000000, 0.999993, 0.003638, 0.000000, -0.003638, 0.999993),
      ["LeftUpperArm"] = CFrame.new(0.000000, -0.065238, -0.000000, 0.083624, -0.160566, -0.983476, -0.442491, 0.878313, -0.181021, 0.892866, 0.450317, 0.002399),
      ["LeftUpperLeg"] = CFrame.new(0.000026, 0.000125, 0.004997, 0.751279, 0.600953, 0.272829, -0.617503, 0.785964, -0.030825, -0.232959, -0.145314, 0.961569),
      ["LowerTorso"] = CFrame.new(0.196710, 0.040403, 0.078136, 0.889805, -0.210306, -0.404993, 0.205773, 0.977038, -0.055257, 0.407315, -0.034169, 0.912648),
      ["RightFoot"] = CFrame.new(0.000000, 0.000000, -0.000000, 0.956236, 0.252254, 0.148254, -0.241885, 0.966615, -0.084547, -0.164632, 0.044987, 0.985329),
      ["RightHand"] = CFrame.new(0.000000, -0.000000, -0.000000, 0.454663, -0.785183, 0.420435, 0.888884, 0.429847, -0.158492, -0.056274, 0.445779, 0.893373),
      ["RightLowerArm"] = CFrame.new(-0.000000, -0.000000, 0.000000, 1.000000, 0.000001, -0.000000, 0.000000, 0.066743, -0.997770, 0.000001, 0.997770, 0.066740),
      ["RightLowerLeg"] = CFrame.new(0.000000, -0.000000, 0.000000, 1.000000, 0.000000, 0.000000, -0.000000, 0.999999, 0.001387, 0.000000, -0.001387, 0.999999),
      ["RightUpperArm"] = CFrame.new(-0.000000, -0.065238, 0.000000, -0.082770, -0.133150, 0.987634, 0.447925, 0.880317, 0.156221, -0.890231, 0.455316, -0.013222),
      ["RightUpperLeg"] = CFrame.new(-0.000026, -0.000126, -0.004997, 0.968554, -0.028099, -0.247212, 0.071465, 0.983154, 0.168231, 0.238321, -0.180608, 0.954245),
      ["UpperTorso"] = CFrame.new(0.000000, 0.000000, 0.000000, 0.968542, 0.245365, 0.041519, -0.246868, 0.968378, 0.036042, -0.031362, -0.045158, 0.998487)
    }},
    {Time = 10.133, Data = {
      ["Head"] = CFrame.new(-0.000000, -0.000000, 0.000000, 0.953837, 0.191086, 0.231694, -0.231453, 0.959321, 0.161659, -0.191378, -0.207822, 0.959262),
      ["LeftFoot"] = CFrame.new(-0.000000, -0.000000, -0.000000, 0.981917, -0.177359, 0.066201, 0.172560, 0.982342, 0.072291, -0.077854, -0.059561, 0.995184),
      ["LeftHand"] = CFrame.new(-0.000000, 0.000000, 0.000000, 0.160097, -0.757909, -0.632411, 0.755762, 0.506243, -0.415380, 0.634974, -0.411451, 0.653846),
      ["LeftLowerArm"] = CFrame.new(0.000000, 0.000000, -0.000000, 1.000000, -0.000000, -0.000000, 0.000000, 0.344498, -0.938787, -0.000000, 0.938787, 0.344497),
      ["LeftLowerLeg"] = CFrame.new(0.000000, 0.000000, -0.000000, 1.000000, 0.000000, 0.000000, 0.000000, 0.999993, 0.003641, -0.000000, -0.003641, 0.999993),
      ["LeftUpperArm"] = CFrame.new(0.000000, -0.065238, 0.000000, 0.083356, -0.160579, -0.983497, -0.442628, 0.878266, -0.180913, 0.892823, 0.450403, 0.002132),
      ["LeftUpperLeg"] = CFrame.new(0.000026, 0.000126, 0.004997, 0.751429, 0.600766, 0.272831, -0.617293, 0.786126, -0.030882, -0.233032, -0.145210, 0.961566),
      ["LowerTorso"] = CFrame.new(0.196646, 0.040406, 0.077882, 0.889852, -0.210122, -0.404986, 0.205662, 0.977073, -0.055050, 0.407268, -0.034304, 0.912664),
      ["RightFoot"] = CFrame.new(-0.000000, 0.000000, -0.000000, 0.956220, 0.252319, 0.148247, -0.241944, 0.966596, -0.084591, -0.164640, 0.045021, 0.985326),
      ["RightHand"] = CFrame.new(0.000000, -0.000000, -0.000000, 0.454244, -0.785566, 0.420173, 0.889099, 0.429543, -0.158114, -0.056270, 0.445397, 0.893563),
      ["RightLowerArm"] = CFrame.new(-0.000000, -0.000000, 0.000000, 1.000000, 0.000001, -0.000000, 0.000001, 0.066615, -0.997779, 0.000001, 0.997779, 0.066612),
      ["RightLowerLeg"] = CFrame.new(0.000000, 0.000000, -0.000000, 1.000000, -0.000000, -0.000000, -0.000000, 0.999999, 0.001390, -0.000000, -0.001390, 0.999999),
      ["RightUpperArm"] = CFrame.new(-0.000000, -0.065238, -0.000000, -0.083062, -0.133224, 0.987599, 0.448252, 0.880114, 0.156425, -0.890040, 0.455686, -0.013386),
      ["RightUpperLeg"] = CFrame.new(-0.000026, -0.000126, -0.004998, 0.968536, -0.028214, -0.247266, 0.071573, 0.983158, 0.168157, 0.238358, -0.180564, 0.954245),
      ["UpperTorso"] = CFrame.new(-0.000000, -0.000000, 0.000000, 0.968492, 0.245564, 0.041486, -0.247060, 0.968336, 0.035859, -0.031366, -0.044978, 0.998495)
    }},
    {Time = 10.167, Data = {
      ["Head"] = CFrame.new(0.000000, 0.000000, -0.000000, 0.955557, 0.192027, 0.223686, -0.230640, 0.959538, 0.161530, -0.183617, -0.205942, 0.961183),
      ["LeftFoot"] = CFrame.new(-0.000000, -0.000000, 0.000000, 0.981926, -0.177300, 0.066225, 0.172512, 0.982361, 0.072148, -0.077849, -0.059420, 0.995193),
      ["LeftHand"] = CFrame.new(0.000000, 0.000000, 0.000000, 0.160098, -0.757909, -0.632411, 0.755764, 0.506243, -0.415378, 0.634971, -0.411452, 0.653848),
      ["LeftLowerArm"] = CFrame.new(0.000000, 0.000000, -0.000000, 1.000000, -0.000000, -0.000000, 0.000000, 0.344498, -0.938787, 0.000000, 0.938787, 0.344497),
      ["LeftLowerLeg"] = CFrame.new(-0.000000, 0.000000, -0.000000, 1.000000, 0.000000, 0.000000, -0.000000, 0.999993, 0.003644, -0.000000, -0.003644, 0.999993),
      ["LeftUpperArm"] = CFrame.new(0.000000, -0.065238, -0.000000, 0.083053, -0.160531, -0.983530, -0.442793, 0.878220, -0.180734, 0.892769, 0.450511, 0.001857),
      ["LeftUpperLeg"] = CFrame.new(0.000025, 0.000126, 0.004997, 0.751549, 0.600610, 0.272842, -0.617123, 0.786259, -0.030918, -0.233094, -0.145140, 0.961562),
      ["LowerTorso"] = CFrame.new(0.196592, 0.040404, 0.077627, 0.889899, -0.209938, -0.404978, 0.205552, 0.977108, -0.054844, 0.407221, -0.034439, 0.912680),
      ["RightFoot"] = CFrame.new(-0.000000, 0.000000, -0.000000, 0.956198, 0.252407, 0.148241, -0.242025, 0.966572, -0.084636, -0.164648, 0.045051, 0.985323),
      ["RightHand"] = CFrame.new(-0.000000, -0.000000, 0.000000, 0.453829, -0.785918, 0.419965, 0.889310, 0.429233, -0.157762, -0.056272, 0.445076, 0.893723),
      ["RightLowerArm"] = CFrame.new(0.000000, -0.000000, 0.000000, 1.000000, 0.000001, -0.000000, 0.000001, 0.066514, -0.997786, 0.000001, 0.997785, 0.066511),
      ["RightLowerLeg"] = CFrame.new(0.000000, 0.000000, 0.000000, 1.000000, -0.000000, 0.000000, 0.000000, 0.999999, 0.001393, 0.000000, -0.001393, 0.999999),
      ["RightUpperArm"] = CFrame.new(-0.000000, -0.065238, 0.000000, -0.083380, -0.133370, 0.987553, 0.448578, 0.879899, 0.156705, -0.889846, 0.456060, -0.013539),
      ["RightUpperLeg"] = CFrame.new(-0.000025, -0.000126, -0.004997, 0.968513, -0.028404, -0.247337, 0.071753, 0.983163, 0.168051, 0.238400, -0.180507, 0.954245),
      ["UpperTorso"] = CFrame.new(0.000000, 0.000000, 0.000000, 0.968461, 0.245689, 0.041477, -0.247176, 0.968316, 0.035594, -0.031418, -0.044723, 0.998505)
    }},
    {Time = 10.200, Data = {
      ["Head"] = CFrame.new(-0.000000, -0.000000, -0.000000, 0.957130, 0.192983, 0.216009, -0.229942, 0.959719, 0.161449, -0.176151, -0.204198, 0.962951),
      ["LeftFoot"] = CFrame.new(-0.000000, 0.000000, 0.000000, 0.981938, -0.177229, 0.066248, 0.172449, 0.982381, 0.072026, -0.077846, -0.059301, 0.995200),
      ["LeftHand"] = CFrame.new(0.000000, 0.000000, 0.000000, 0.160099, -0.757909, -0.632410, 0.755766, 0.506242, -0.415376, 0.634970, -0.411452, 0.653851),
      ["LeftLowerArm"] = CFrame.new(0.000000, 0.000000, 0.000000, 1.000000, 0.000000, -0.000000, 0.000000, 0.344498, -0.938787, 0.000000, 0.938787, 0.344498),
      ["LeftLowerLeg"] = CFrame.new(-0.000000, 0.000000, 0.000000, 1.000000, -0.000000, 0.000000, -0.000000, 0.999993, 0.003646, -0.000000, -0.003646, 0.999993),
      ["LeftUpperArm"] = CFrame.new(0.000000, -0.065238, -0.000000, 0.082720, -0.160403, -0.983579, -0.442997, 0.878171, -0.180469, 0.892699, 0.450651, 0.001584),
      ["LeftUpperLeg"] = CFrame.new(0.000026, 0.000126, 0.004998, 0.751677, 0.600450, 0.272842, -0.616943, 0.786398, -0.030971, -0.233159, -0.145048, 0.961560),
      ["LowerTorso"] = CFrame.new(0.196554, 0.040404, 0.077325, 0.889941, -0.209790, -0.404961, 0.205457, 0.977136, -0.054692, 0.407177, -0.034530, 0.912697),
      ["RightFoot"] = CFrame.new(-0.000000, 0.000000, -0.000000, 0.956175, 0.252496, 0.148236, -0.242112, 0.966548, -0.084657, -0.164653, 0.045058, 0.985322),
      ["RightHand"] = CFrame.new(0.000000, -0.000000, 0.000000, 0.453468, -0.786218, 0.419791, 0.889493, 0.428972, -0.157441, -0.056293, 0.444796, 0.893861),
      ["RightLowerArm"] = CFrame.new(-0.000000, 0.000000, -0.000000, 1.000000, 0.000001, -0.000000, 0.000001, 0.066414, -0.997792, 0.000001, 0.997792, 0.066411),
      ["RightLowerLeg"] = CFrame.new(0.000000, 0.000000, 0.000000, 1.000000, 0.000000, 0.000000, -0.000000, 0.999999, 0.001394, 0.000000, -0.001395, 0.999999),
      ["RightUpperArm"] = CFrame.new(-0.000000, -0.065238, 0.000000, -0.083636, -0.133379, 0.987530, 0.448897, 0.879713, 0.156835, -0.889661, 0.456416, -0.013703),
      ["RightUpperLeg"] = CFrame.new(-0.000025, -0.000126, -0.004997, 0.968488, -0.028600, -0.247411, 0.071934, 0.983172, 0.167923, 0.238445, -0.180429, 0.954248),
      ["UpperTorso"] = CFrame.new(0.000000, -0.000000, 0.000000, 0.968399, 0.245936, 0.041460, -0.247423, 0.968253, 0.035615, -0.031385, -0.044747, 0.998505)
    }},
    {Time = 10.233, Data = {
      ["Head"] = CFrame.new(-0.000000, 0.000000, -0.000000, 0.958544, 0.193935, 0.208766, -0.229361, 0.959860, 0.161436, -0.169078, -0.202626, 0.964549),
      ["LeftFoot"] = CFrame.new(-0.000000, 0.000000, 0.000000, 0.981945, -0.177177, 0.066272, 0.172407, 0.982400, 0.071876, -0.077840, -0.059153, 0.995209),
      ["LeftHand"] = CFrame.new(0.000000, -0.000000, -0.000000, 0.160100, -0.757910, -0.632409, 0.755768, 0.506241, -0.415374, 0.634967, -0.411452, 0.653853),
      ["LeftLowerArm"] = CFrame.new(0.000000, 0.000000, 0.000000, 1.000000, 0.000000, -0.000000, 0.000000, 0.344498, -0.938787, 0.000000, 0.938787, 0.344498),
      ["LeftLowerLeg"] = CFrame.new(0.000000, 0.000000, 0.000000, 1.000000, 0.000000, 0.000000, -0.000000, 0.999993, 0.003649, -0.000000, -0.003649, 0.999993),
      ["LeftUpperArm"] = CFrame.new(0.000000, -0.065238, 0.000000, 0.082497, -0.160499, -0.983582, -0.443160, 0.878092, -0.180456, 0.892638, 0.450772, 0.001313),
      ["LeftUpperLeg"] = CFrame.new(0.000026, 0.000125, 0.004997, 0.751776, 0.600313, 0.272871, -0.616810, 0.786503, -0.030949, -0.233193, -0.145042, 0.961553),
      ["LowerTorso"] = CFrame.new(0.196427, 0.040404, 0.077147, 0.889983, -0.209643, -0.404945, 0.205363, 0.977165, -0.054541, 0.407132, -0.034620, 0.912713),
      ["RightFoot"] = CFrame.new(0.000000, 0.000000, -0.000000, 0.956156, 0.252571, 0.148230, -0.242180, 0.966527, -0.084704, -0.164663, 0.045092, 0.985319),
      ["RightHand"] = CFrame.new(0.000000, 0.000000, -0.000000, 0.453105, -0.786518, 0.419622, 0.889678, 0.428699, -0.157141, -0.056294, 0.444530, 0.893993),
      ["RightLowerArm"] = CFrame.new(-0.000000, -0.000000, 0.000000, 1.000000, 0.000001, -0.000001, 0.000001, 0.066314, -0.997799, 0.000001, 0.997799, 0.066310),
      ["RightLowerLeg"] = CFrame.new(0.000000, -0.000000, 0.000000, 1.000000, 0.000000, -0.000000, -0.000000, 0.999999, 0.001398, -0.000000, -0.001398, 0.999999),
      ["RightUpperArm"] = CFrame.new(0.000000, -0.065238, -0.000000, -0.083897, -0.133389, 0.987506, 0.449201, 0.879534, 0.156968, -0.889483, 0.456757, -0.013872),
      ["RightUpperLeg"] = CFrame.new(-0.000025, -0.000126, -0.004998, 0.968473, -0.028728, -0.247455, 0.072065, 0.983167, 0.167895, 0.238466, -0.180435, 0.954242),
      ["UpperTorso"] = CFrame.new(0.000000, -0.000000, -0.000000, 0.968337, 0.246180, 0.041467, -0.247668, 0.968188, 0.035665, -0.031368, -0.044806, 0.998503)
    }},
    {Time = 10.267, Data = {
      ["Head"] = CFrame.new(-0.000000, -0.000000, -0.000000, 0.959543, 0.194549, 0.203537, -0.228905, 0.959944, 0.161583, -0.163948, -0.201637, 0.965641),
      ["LeftFoot"] = CFrame.new(-0.000000, 0.000000, -0.000000, 0.981956, -0.177111, 0.066293, 0.172349, 0.982418, 0.071761, -0.077837, -0.059041, 0.995216),
      ["LeftHand"] = CFrame.new(0.000000, 0.000000, 0.000000, 0.160100, -0.757910, -0.632409, 0.755770, 0.506239, -0.415372, 0.634964, -0.411454, 0.653854),
      ["LeftLowerArm"] = CFrame.new(0.000000, 0.000000, -0.000000, 1.000000, -0.000000, 0.000000, 0.000000, 0.344498, -0.938787, -0.000000, 0.938787, 0.344498),
      ["LeftLowerLeg"] = CFrame.new(-0.000000, 0.000000, -0.000000, 1.000000, 0.000000, -0.000000, 0.000000, 0.999993, 0.003650, -0.000000, -0.003650, 0.999993),
      ["LeftUpperArm"] = CFrame.new(0.000000, -0.065238, 0.000000, 0.082260, -0.160548, -0.983594, -0.443341, 0.878013, -0.180392, 0.892571, 0.450906, 0.001048),
      ["LeftUpperLeg"] = CFrame.new(0.000026, 0.000126, 0.004997, 0.751882, 0.600175, 0.272882, -0.616665, 0.786616, -0.030956, -0.233233, -0.145001, 0.961549),
      ["LowerTorso"] = CFrame.new(0.196393, 0.040404, 0.076844, 0.890009, -0.209540, -0.404942, 0.205277, 0.977186, -0.054479, 0.407119, -0.034639, 0.912718),
      ["RightFoot"] = CFrame.new(0.000000, 0.000000, -0.000000, 0.956138, 0.252642, 0.148228, -0.242251, 0.966509, -0.084714, -0.164666, 0.045091, 0.985318),
      ["RightHand"] = CFrame.new(-0.000000, -0.000000, 0.000000, 0.452761, -0.786757, 0.419544, 0.889852, 0.428434, -0.156882, -0.056315, 0.444362, 0.894075),
      ["RightLowerArm"] = CFrame.new(0.000000, 0.000000, 0.000000, 1.000000, 0.000001, -0.000000, 0.000000, 0.066327, -0.997798, 0.000001, 0.997798, 0.066323),
      ["RightLowerLeg"] = CFrame.new(0.000000, 0.000000, 0.000000, 1.000000, -0.000000, -0.000000, -0.000000, 0.999999, 0.001398, 0.000000, -0.001398, 0.999999),
      ["RightUpperArm"] = CFrame.new(-0.000000, -0.065238, -0.000000, -0.084065, -0.133371, 0.987495, 0.449453, 0.879394, 0.157032, -0.889340, 0.457033, -0.013982),
      ["RightUpperLeg"] = CFrame.new(-0.000025, -0.000125, -0.004998, 0.968458, -0.028859, -0.247501, 0.072192, 0.983168, 0.167834, 0.238492, -0.180408, 0.954240),
      ["UpperTorso"] = CFrame.new(0.000000, 0.000000, -0.000000, 0.968299, 0.246326, 0.041485, -0.247818, 0.968148, 0.035722, -0.031364, -0.044870, 0.998500)
    }},
    {Time = 10.300, Data = {
      ["Head"] = CFrame.new(-0.000000, 0.000000, -0.000000, 0.960060, 0.194693, 0.200948, -0.228567, 0.959966, 0.161934, -0.161376, -0.201396, 0.966125),
      ["LeftFoot"] = CFrame.new(0.000000, 0.000000, 0.000000, 0.981965, -0.177054, 0.066314, 0.172301, 0.982437, 0.071618, -0.077830, -0.058901, 0.995225),
      ["LeftHand"] = CFrame.new(-0.000000, 0.000000, 0.000000, 0.160102, -0.757911, -0.632408, 0.755772, 0.506239, -0.415370, 0.634962, -0.411453, 0.653857),
      ["LeftLowerArm"] = CFrame.new(-0.000000, 0.000000, 0.000000, 1.000000, -0.000000, 0.000000, 0.000000, 0.344498, -0.938787, 0.000000, 0.938787, 0.344497),
      ["LeftLowerLeg"] = CFrame.new(-0.000000, 0.000000, 0.000000, 1.000000, -0.000000, 0.000000, 0.000000, 0.999993, 0.003653, -0.000000, -0.003653, 0.999993),
      ["LeftUpperArm"] = CFrame.new(0.000000, -0.065238, 0.000000, 0.082037, -0.160606, -0.983603, -0.443530, 0.877928, -0.180344, 0.892497, 0.451053, 0.000789),
      ["LeftUpperLeg"] = CFrame.new(0.000025, 0.000126, 0.004997, 0.751977, 0.600036, 0.272924, -0.616544, 0.786714, -0.030885, -0.233246, -0.145044, 0.961540),
      ["LowerTorso"] = CFrame.new(0.196338, 0.040392, 0.076684, 0.890034, -0.209437, -0.404939, 0.205192, 0.977208, -0.054416, 0.407106, -0.034658, 0.912723),
      ["RightFoot"] = CFrame.new(0.000000, 0.000000, 0.000000, 0.956115, 0.252739, 0.148213, -0.242335, 0.966480, -0.084797, -0.164677, 0.045159, 0.985313),
      ["RightHand"] = CFrame.new(0.000000, -0.000000, 0.000000, 0.452422, -0.786993, 0.419468, 0.890021, 0.428185, -0.156600, -0.056362, 0.444185, 0.894160),
      ["RightLowerArm"] = CFrame.new(-0.000000, -0.000000, 0.000000, 1.000000, 0.000001, -0.000001, 0.000001, 0.066340, -0.997797, 0.000001, 0.997797, 0.066336),
      ["RightLowerLeg"] = CFrame.new(0.000000, 0.000000, 0.000000, 1.000000, 0.000000, 0.000000, -0.000000, 0.999999, 0.001400, -0.000000, -0.001400, 0.999999),
      ["RightUpperArm"] = CFrame.new(-0.000000, -0.065238, 0.000000, -0.084202, -0.133336, 0.987487, 0.449667, 0.879278, 0.157067, -0.889219, 0.457265, -0.014080),
      ["RightUpperLeg"] = CFrame.new(-0.000026, -0.000125, -0.004997, 0.968445, -0.029027, -0.247531, 0.072367, 0.983156, 0.167830, 0.238490, -0.180447, 0.954234),
      ["UpperTorso"] = CFrame.new(-0.000000, -0.000000, -0.000000, 0.968256, 0.246489, 0.041527, -0.247985, 0.968101, 0.035820, -0.031373, -0.044980, 0.998495)
    }},
    {Time = 10.333, Data = {
      ["Head"] = CFrame.new(0.000000, 0.000000, -0.000000, 0.960322, 0.194655, 0.199728, -0.228359, 0.959930, 0.162437, -0.160106, -0.201602, 0.966293),
      ["LeftFoot"] = CFrame.new(0.000000, 0.000000, 0.000000, 0.981974, -0.176996, 0.066335, 0.172254, 0.982456, 0.071475, -0.077822, -0.058760, 0.995234),
      ["LeftHand"] = CFrame.new(-0.000000, 0.000000, 0.000000, 0.160103, -0.757911, -0.632407, 0.755773, 0.506237, -0.415368, 0.634960, -0.411454, 0.653859),
      ["LeftLowerArm"] = CFrame.new(0.000000, 0.000000, -0.000000, 1.000000, -0.000000, -0.000000, 0.000000, 0.344498, -0.938787, 0.000000, 0.938787, 0.344497),
      ["LeftLowerLeg"] = CFrame.new(0.000000, 0.000000, 0.000000, 1.000000, 0.000000, 0.000000, 0.000000, 0.999993, 0.003656, 0.000000, -0.003656, 0.999993),
      ["LeftUpperArm"] = CFrame.new(0.000000, -0.065238, 0.000000, 0.081806, -0.160637, -0.983618, -0.443740, 0.877837, -0.180267, 0.892414, 0.451217, 0.000531),
      ["LeftUpperLeg"] = CFrame.new(0.000026, 0.000126, 0.004997, 0.752073, 0.599898, 0.272966, -0.616423, 0.786811, -0.030815, -0.233259, -0.145087, 0.961530),
      ["LowerTorso"] = CFrame.new(0.196284, 0.040391, 0.076514, 0.890060, -0.209334, -0.404935, 0.205106, 0.977229, -0.054354, 0.407093, -0.034677, 0.912728),
      ["RightFoot"] = CFrame.new(-0.000000, 0.000000, 0.000000, 0.956091, 0.252836, 0.148198, -0.242420, 0.966452, -0.084879, -0.164687, 0.045227, 0.985308),
      ["RightHand"] = CFrame.new(-0.000000, -0.000000, 0.000000, 0.452142, -0.787148, 0.419479, 0.890157, 0.427996, -0.156343, -0.056465, 0.444091, 0.894200),
      ["RightLowerArm"] = CFrame.new(-0.000000, -0.000000, -0.000000, 1.000000, 0.000001, -0.000000, 0.000001, 0.066353, -0.997796, 0.000001, 0.997796, 0.066349),
      ["RightLowerLeg"] = CFrame.new(-0.000000, -0.000000, 0.000000, 1.000000, 0.000000, 0.000000, -0.000000, 0.999999, 0.001402, 0.000000, -0.001402, 0.999999),
      ["RightUpperArm"] = CFrame.new(-0.000000, -0.065238, -0.000000, -0.084270, -0.133277, 0.987490, 0.449861, 0.879182, 0.157049, -0.889114, 0.457467, -0.014132),
      ["RightUpperLeg"] = CFrame.new(-0.000026, -0.000126, -0.004997, 0.968432, -0.029194, -0.247561, 0.072541, 0.983144, 0.167825, 0.238489, -0.180486, 0.954227),
      ["UpperTorso"] = CFrame.new(-0.000000, -0.000000, 0.000000, 0.968217, 0.246631, 0.041578, -0.248133, 0.968059, 0.035924, -0.031390, -0.045099, 0.998489)
    }},
    {Time = 10.367, Data = {
      ["Head"] = CFrame.new(-0.000000, 0.000000, -0.000000, 0.960723, 0.194815, 0.197634, -0.228255, 0.959777, 0.163488, -0.157834, -0.202177, 0.966547),
      ["LeftFoot"] = CFrame.new(0.000000, -0.000000, -0.000000, 0.981979, -0.176962, 0.066349, 0.172227, 0.982468, 0.071368, -0.077815, -0.058655, 0.995241),
      ["LeftHand"] = CFrame.new(0.000000, -0.000000, 0.000000, 0.160104, -0.757912, -0.632406, 0.755775, 0.506236, -0.415366, 0.634957, -0.411454, 0.653861),
      ["LeftLowerArm"] = CFrame.new(0.000000, -0.000000, -0.000000, 1.000000, -0.000000, -0.000000, 0.000000, 0.344498, -0.938787, -0.000000, 0.938787, 0.344497),
      ["LeftLowerLeg"] = CFrame.new(0.000000, -0.000000, 0.000000, 1.000000, -0.000000, 0.000000, -0.000000, 0.999993, 0.003657, 0.000000, -0.003657, 0.999993),
      ["LeftUpperArm"] = CFrame.new(-0.000000, -0.065238, 0.000000, 0.081418, -0.160707, -0.983638, -0.444135, 0.877661, -0.180154, 0.892253, 0.451535, 0.000082),
      ["LeftUpperLeg"] = CFrame.new(0.000026, 0.000126, 0.004998, 0.752138, 0.599791, 0.273019, -0.616348, 0.786874, -0.030697, -0.233244, -0.145186, 0.961519),
      ["LowerTorso"] = CFrame.new(0.196273, 0.040369, 0.076071, 0.890069, -0.209285, -0.404941, 0.205031, 0.977242, -0.054403, 0.407111, -0.034604, 0.912723),
      ["RightFoot"] = CFrame.new(0.000000, 0.000000, -0.000000, 0.956061, 0.252961, 0.148181, -0.242533, 0.966416, -0.084965, -0.164698, 0.045294, 0.985304),
      ["RightHand"] = CFrame.new(-0.000000, -0.000000, 0.000000, 0.451829, -0.787292, 0.419546, 0.890304, 0.427810, -0.156015, -0.056654, 0.444016, 0.894226),
      ["RightLowerArm"] = CFrame.new(0.000000, 0.000000, 0.000000, 1.000000, 0.000001, -0.000000, 0.000001, 0.066367, -0.997796, 0.000001, 0.997795, 0.066363),
      ["RightLowerLeg"] = CFrame.new(0.000000, 0.000000, -0.000000, 1.000000, 0.000000, -0.000000, -0.000000, 0.999999, 0.001404, -0.000000, -0.001404, 0.999999),
      ["RightUpperArm"] = CFrame.new(0.000000, -0.065238, -0.000000, -0.084208, -0.133135, 0.987514, 0.450088, 0.879093, 0.156898, -0.889005, 0.457680, -0.014104),
      ["RightUpperLeg"] = CFrame.new(-0.000025, -0.000126, -0.004997, 0.968422, -0.029461, -0.247569, 0.072841, 0.983103, 0.167936, 0.238438, -0.180666, 0.954205),
      ["UpperTorso"] = CFrame.new(-0.000000, 0.000000, 0.000000, 0.968150, 0.246863, 0.041760, -0.248382, 0.967986, 0.036196, -0.031487, -0.045416, 0.998472)
    }},
    {Time = 10.400, Data = {
      ["Head"] = CFrame.new(-0.000000, 0.000000, 0.000000, 0.960809, 0.194821, 0.197210, -0.228208, 0.959749, 0.163713, -0.157377, -0.202302, 0.966595),
      ["LeftFoot"] = CFrame.new(0.000000, 0.000000, 0.000000, 0.981984, -0.176927, 0.066362, 0.172200, 0.982481, 0.071260, -0.077808, -0.058550, 0.995248),
      ["LeftHand"] = CFrame.new(0.000000, -0.000000, -0.000000, 0.160105, -0.757912, -0.632406, 0.755777, 0.506235, -0.415364, 0.634955, -0.411456, 0.653863),
      ["LeftLowerArm"] = CFrame.new(0.000000, 0.000000, -0.000000, 1.000000, -0.000000, -0.000000, 0.000000, 0.344498, -0.938787, -0.000000, 0.938787, 0.344497),
      ["LeftLowerLeg"] = CFrame.new(0.000000, 0.000000, -0.000000, 1.000000, -0.000000, 0.000000, -0.000000, 0.999993, 0.003659, 0.000000, -0.003659, 0.999993),
      ["LeftUpperArm"] = CFrame.new(-0.000000, -0.065238, 0.000000, 0.081324, -0.160723, -0.983644, -0.444235, 0.877616, -0.180126, 0.892212, 0.451617, -0.000027),
      ["LeftUpperLeg"] = CFrame.new(0.000025, 0.000126, 0.004997, 0.752204, 0.599685, 0.273072, -0.616274, 0.786937, -0.030580, -0.233229, -0.145284, 0.961507),
      ["LowerTorso"] = CFrame.new(0.196271, 0.040368, 0.076070, 0.890078, -0.209236, -0.404947, 0.204955, 0.977255, -0.054451, 0.407129, -0.034530, 0.912717),
      ["RightFoot"] = CFrame.new(0.000000, 0.000000, -0.000000, 0.956054, 0.252991, 0.148172, -0.242552, 0.966405, -0.085035, -0.164708, 0.045359, 0.985299),
      ["RightHand"] = CFrame.new(0.000000, -0.000000, -0.000000, 0.451745, -0.787290, 0.419639, 0.890340, 0.427767, -0.155923, -0.056747, 0.444060, 0.894198),
      ["RightLowerArm"] = CFrame.new(0.000000, 0.000000, 0.000000, 1.000000, 0.000001, -0.000000, 0.000001, 0.066380, -0.997795, 0.000001, 0.997794, 0.066376),
      ["RightLowerLeg"] = CFrame.new(-0.000000, -0.000000, -0.000000, 1.000000, 0.000000, 0.000000, -0.000000, 0.999999, 0.001405, -0.000000, -0.001405, 0.999999),
      ["RightUpperArm"] = CFrame.new(0.000000, -0.065238, -0.000000, -0.084187, -0.133090, 0.987522, 0.450132, 0.879079, 0.156848, -0.888985, 0.457720, -0.014099),
      ["RightUpperLeg"] = CFrame.new(-0.000026, -0.000126, -0.004998, 0.968422, -0.029532, -0.247560, 0.072930, 0.983085, 0.168006, 0.238411, -0.180756, 0.954195),
      ["UpperTorso"] = CFrame.new(-0.000000, -0.000000, -0.000000, 0.968136, 0.246911, 0.041803, -0.248437, 0.967965, 0.036372, -0.031483, -0.045598, 0.998464)
    }},
    {Time = 10.433, Data = {
      ["Head"] = CFrame.new(-0.000000, 0.000000, 0.000000, 0.960894, 0.194826, 0.196786, -0.228162, 0.959722, 0.163938, -0.156921, -0.202427, 0.966643),
      ["LeftFoot"] = CFrame.new(-0.000000, -0.000000, 0.000000, 0.981990, -0.176893, 0.066376, 0.172172, 0.982493, 0.071153, -0.077800, -0.058444, 0.995254),
      ["LeftHand"] = CFrame.new(0.000000, -0.000000, -0.000000, 0.160106, -0.757912, -0.632404, 0.755779, 0.506235, -0.415362, 0.634952, -0.411456, 0.653865),
      ["LeftLowerArm"] = CFrame.new(-0.000000, 0.000001, 0.000000, 1.000000, -0.000000, 0.000000, 0.000000, 0.344498, -0.938787, -0.000000, 0.938787, 0.344498),
      ["LeftLowerLeg"] = CFrame.new(0.000000, -0.000000, -0.000000, 1.000000, -0.000000, 0.000000, 0.000000, 0.999993, 0.003660, 0.000000, -0.003660, 0.999993),
      ["LeftUpperArm"] = CFrame.new(-0.000000, -0.065238, -0.000000, 0.081230, -0.160739, -0.983649, -0.444336, 0.877571, -0.180098, 0.892170, 0.451700, -0.000137),
      ["LeftUpperLeg"] = CFrame.new(0.000025, 0.000126, 0.004997, 0.752270, 0.599578, 0.273125, -0.616199, 0.787000, -0.030462, -0.233214, -0.145383, 0.961496),
      ["LowerTorso"] = CFrame.new(0.196195, 0.040345, 0.076055, 0.890087, -0.209186, -0.404952, 0.204879, 0.977269, -0.054500, 0.407148, -0.034457, 0.912712),
      ["RightFoot"] = CFrame.new(0.000000, 0.000001, 0.000000, 0.956048, 0.253020, 0.148163, -0.242571, 0.966394, -0.085105, -0.164718, 0.045425, 0.985294),
      ["RightHand"] = CFrame.new(0.000000, -0.000000, 0.000000, 0.451663, -0.787289, 0.419731, 0.890376, 0.427726, -0.155832, -0.056842, 0.444102, 0.894171),
      ["RightLowerArm"] = CFrame.new(0.000000, -0.000000, -0.000000, 1.000000, 0.000001, -0.000000, 0.000001, 0.066393, -0.997794, 0.000001, 0.997794, 0.066391),
      ["RightLowerLeg"] = CFrame.new(0.000000, 0.000000, 0.000000, 1.000000, 0.000000, 0.000000, -0.000000, 0.999999, 0.001405, 0.000000, -0.001406, 0.999999),
      ["RightUpperArm"] = CFrame.new(-0.000000, -0.065238, 0.000000, -0.084164, -0.133044, 0.987530, 0.450177, 0.879065, 0.156798, -0.888964, 0.457760, -0.014092),
      ["RightUpperLeg"] = CFrame.new(-0.000026, -0.000126, -0.004998, 0.968422, -0.029603, -0.247551, 0.073018, 0.983066, 0.168077, 0.238384, -0.180845, 0.954185),
      ["UpperTorso"] = CFrame.new(-0.000000, -0.000000, -0.000000, 0.968122, 0.246959, 0.041847, -0.248492, 0.967944, 0.036547, -0.031480, -0.045780, 0.998455)
    }},
    {Time = 10.467, Data = {
      ["Head"] = CFrame.new(0.000000, 0.000000, 0.000000, 0.961019, 0.194764, 0.196241, -0.228038, 0.959697, 0.164258, -0.156340, -0.202605, 0.966700),
      ["LeftFoot"] = CFrame.new(0.000000, -0.000000, -0.000000, 0.981995, -0.176856, 0.066392, 0.172147, 0.982509, 0.070997, -0.077787, -0.058290, 0.995265),
      ["LeftHand"] = CFrame.new(0.000000, 0.000000, 0.000000, 0.160107, -0.757913, -0.632403, 0.755780, 0.506233, -0.415360, 0.634950, -0.411456, 0.653867),
      ["LeftLowerArm"] = CFrame.new(0.000000, 0.000000, 0.000000, 1.000000, 0.000000, -0.000000, 0.000000, 0.344498, -0.938787, 0.000000, 0.938787, 0.344498),
      ["LeftLowerLeg"] = CFrame.new(0.000000, -0.000000, 0.000000, 1.000000, -0.000000, -0.000000, 0.000000, 0.999993, 0.003664, -0.000000, -0.003664, 0.999993),
      ["LeftUpperArm"] = CFrame.new(0.000000, -0.065238, -0.000000, 0.081068, -0.160772, -0.983657, -0.444549, 0.877472, -0.180054, 0.892079, 0.451880, -0.000336),
      ["LeftUpperLeg"] = CFrame.new(0.000025, 0.000126, 0.004998, 0.752326, 0.599466, 0.273217, -0.616146, 0.787050, -0.030258, -0.233175, -0.145577, 0.961476),
      ["LowerTorso"] = CFrame.new(0.196142, 0.040333, 0.075896, 0.890096, -0.209137, -0.404958, 0.204803, 0.977282, -0.054549, 0.407167, -0.034383, 0.912706),
      ["RightFoot"] = CFrame.new(0.000000, 0.000000, 0.000000, 0.956041, 0.253050, 0.148155, -0.242589, 0.966383, -0.085175, -0.164728, 0.045490, 0.985289),
      ["RightHand"] = CFrame.new(0.000000, 0.000000, -0.000000, 0.451548, -0.787328, 0.419779, 0.890430, 0.427653, -0.155726, -0.056908, 0.444103, 0.894167),
      ["RightLowerArm"] = CFrame.new(0.000000, 0.000000, 0.000000, 1.000000, 0.000001, -0.000001, 0.000001, 0.066407, -0.997793, 0.000001, 0.997793, 0.066403),
      ["RightLowerLeg"] = CFrame.new(0.000000, -0.000000, -0.000000, 1.000000, 0.000000, 0.000000, -0.000000, 0.999999, 0.001406, -0.000000, -0.001406, 0.999999),
      ["RightUpperArm"] = CFrame.new(-0.000000, -0.065238, 0.000000, -0.084109, -0.132974, 0.987544, 0.450315, 0.879009, 0.156713, -0.888899, 0.457887, -0.014053),
      ["RightUpperLeg"] = CFrame.new(-0.000026, -0.000126, -0.004998, 0.968422, -0.029674, -0.247542, 0.073106, 0.983047, 0.168147, 0.238356, -0.180934, 0.954175),
      ["UpperTorso"] = CFrame.new(-0.000000, 0.000000, -0.000000, 0.968100, 0.247022, 0.041977, -0.248571, 0.967912, 0.036846, -0.031528, -0.046105, 0.998439)
    }},
    {Time = 10.500, Data = {
      ["Head"] = CFrame.new(0.000000, -0.000000, -0.000000, 0.961107, 0.194660, 0.195912, -0.227895, 0.959699, 0.164443, -0.156006, -0.202695, 0.966735),
      ["LeftFoot"] = CFrame.new(0.000000, -0.000000, 0.000000, 0.982004, -0.176803, 0.066405, 0.172103, 0.982525, 0.070886, -0.077777, -0.058183, 0.995272),
      ["LeftHand"] = CFrame.new(0.000000, 0.000000, -0.000000, 0.160108, -0.757914, -0.632402, 0.755782, 0.506232, -0.415358, 0.634948, -0.411456, 0.653869),
      ["LeftLowerArm"] = CFrame.new(0.000000, 0.000000, -0.000000, 1.000000, 0.000000, 0.000000, 0.000000, 0.344498, -0.938787, 0.000000, 0.938787, 0.344498),
      ["LeftLowerLeg"] = CFrame.new(-0.000000, 0.000000, 0.000000, 1.000000, -0.000000, 0.000000, 0.000000, 0.999993, 0.003665, -0.000000, -0.003665, 0.999993),
      ["LeftUpperArm"] = CFrame.new(0.000000, -0.065238, 0.000000, 0.080899, -0.160765, -0.983672, -0.444765, 0.877380, -0.179971, 0.891986, 0.452062, -0.000523),
      ["LeftUpperLeg"] = CFrame.new(0.000025, 0.000126, 0.004997, 0.752390, 0.599353, 0.273286, -0.616080, 0.787108, -0.030091, -0.233142, -0.145726, 0.961462),
      ["LowerTorso"] = CFrame.new(0.196162, 0.040309, 0.075747, 0.890091, -0.209138, -0.404968, 0.204734, 0.977287, -0.054709, 0.407212, -0.034215, 0.912692),
      ["RightFoot"] = CFrame.new(0.000000, 0.000000, 0.000000, 0.956032, 0.253091, 0.148146, -0.242620, 0.966370, -0.085241, -0.164738, 0.045550, 0.985285),
      ["RightHand"] = CFrame.new(0.000000, 0.000000, 0.000000, 0.451435, -0.787367, 0.419828, 0.890483, 0.427581, -0.155622, -0.056974, 0.444104, 0.894162),
      ["RightLowerArm"] = CFrame.new(0.000000, 0.000000, 0.000000, 1.000000, 0.000001, -0.000001, 0.000001, 0.066420, -0.997792, 0.000001, 0.997792, 0.066416),
      ["RightLowerLeg"] = CFrame.new(0.000000, 0.000000, -0.000000, 1.000000, 0.000000, 0.000000, 0.000000, 0.999999, 0.001407, 0.000000, -0.001407, 0.999999),
      ["RightUpperArm"] = CFrame.new(0.000000, -0.065238, -0.000000, -0.084081, -0.132900, 0.987557, 0.450458, 0.878950, 0.156636, -0.888829, 0.458023, -0.014037),
      ["RightUpperLeg"] = CFrame.new(-0.000025, -0.000125, -0.004997, 0.968429, -0.029789, -0.247504, 0.073257, 0.983007, 0.168316, 0.238284, -0.181134, 0.954155),
      ["UpperTorso"] = CFrame.new(-0.000000, 0.000000, -0.000000, 0.968082, 0.247070, 0.042123, -0.248639, 0.967879, 0.037266, -0.031563, -0.046550, 0.998417)
    }},
    {Time = 10.533, Data = {
      ["Head"] = CFrame.new(0.000000, 0.000000, -0.000000, 0.961150, 0.194562, 0.195795, -0.227763, 0.959741, 0.164381, -0.155930, -0.202590, 0.966769),
      ["LeftFoot"] = CFrame.new(-0.000000, -0.000000, -0.000000, 0.982008, -0.176772, 0.066420, 0.172084, 0.982540, 0.070716, -0.077761, -0.058015, 0.995283),
      ["LeftHand"] = CFrame.new(-0.000000, -0.000000, -0.000000, 0.160109, -0.757914, -0.632402, 0.755784, 0.506231, -0.415356, 0.634945, -0.411457, 0.653871),
      ["LeftLowerArm"] = CFrame.new(0.000000, -0.000000, -0.000000, 1.000000, -0.000000, -0.000000, 0.000000, 0.344498, -0.938787, -0.000000, 0.938787, 0.344498),
      ["LeftLowerLeg"] = CFrame.new(-0.000000, 0.000000, 0.000000, 1.000000, 0.000000, -0.000000, 0.000000, 0.999993, 0.003668, -0.000000, -0.003668, 0.999993),
      ["LeftUpperArm"] = CFrame.new(0.000000, -0.065238, 0.000000, 0.080767, -0.160782, -0.983680, -0.444991, 0.877274, -0.179926, 0.891886, 0.452260, -0.000692),
      ["LeftUpperLeg"] = CFrame.new(0.000026, 0.000126, 0.004997, 0.752431, 0.599252, 0.273396, -0.616056, 0.787137, -0.029824, -0.233073, -0.145987, 0.961439),
      ["LowerTorso"] = CFrame.new(0.196107, 0.040286, 0.075589, 0.890086, -0.209139, -0.404978, 0.204664, 0.977293, -0.054868, 0.407258, -0.034047, 0.912678),
      ["RightFoot"] = CFrame.new(-0.000000, 0.000000, -0.000000, 0.956017, 0.253154, 0.148137, -0.242677, 0.966351, -0.085289, -0.164744, 0.045589, 0.985282),
      ["RightHand"] = CFrame.new(-0.000000, 0.000000, 0.000000, 0.451286, -0.787451, 0.419831, 0.890559, 0.427453, -0.155539, -0.056975, 0.444078, 0.894175),
      ["RightLowerArm"] = CFrame.new(-0.000000, -0.000000, -0.000000, 1.000000, 0.000001, -0.000000, 0.000001, 0.066433, -0.997791, 0.000001, 0.997791, 0.066429),
      ["RightLowerLeg"] = CFrame.new(0.000000, -0.000000, 0.000000, 1.000000, 0.000000, 0.000000, -0.000000, 0.999999, 0.001407, 0.000000, -0.001407, 0.999999),
      ["RightUpperArm"] = CFrame.new(0.000000, -0.065238, -0.000000, -0.084112, -0.132839, 0.987562, 0.450645, 0.878860, 0.156600, -0.888732, 0.458212, -0.014059),
      ["RightUpperLeg"] = CFrame.new(-0.000025, -0.000126, -0.004997, 0.968435, -0.029903, -0.247466, 0.073408, 0.982967, 0.168485, 0.238212, -0.181333, 0.954135),
      ["UpperTorso"] = CFrame.new(0.000000, -0.000000, -0.000000, 0.968061, 0.247125, 0.042274, -0.248713, 0.967845, 0.037652, -0.031610, -0.046964, 0.998396)
    }},
    {Time = 10.567, Data = {
      ["Head"] = CFrame.new(0.000000, 0.000000, 0.000000, 0.961194, 0.194464, 0.195677, -0.227631, 0.959783, 0.164320, -0.155854, -0.202485, 0.966804),
      ["LeftFoot"] = CFrame.new(-0.000000, 0.000000, 0.000000, 0.982014, -0.176738, 0.066433, 0.172060, 0.982555, 0.070572, -0.077746, -0.057873, 0.995292),
      ["LeftHand"] = CFrame.new(-0.000000, 0.000000, -0.000000, 0.160111, -0.757914, -0.632401, 0.755786, 0.506231, -0.415353, 0.634942, -0.411457, 0.653874),
      ["LeftLowerArm"] = CFrame.new(0.000000, -0.000000, 0.000000, 1.000000, -0.000000, -0.000000, 0.000000, 0.344499, -0.938787, 0.000000, 0.938787, 0.344497),
      ["LeftLowerLeg"] = CFrame.new(-0.000000, 0.000000, -0.000000, 1.000000, -0.000000, -0.000000, 0.000000, 0.999993, 0.003669, 0.000000, -0.003669, 0.999993),
      ["LeftUpperArm"] = CFrame.new(0.000000, -0.065238, 0.000000, 0.080642, -0.160774, -0.983691, -0.445245, 0.877158, -0.179863, 0.891770, 0.452488, -0.000847),
      ["LeftUpperLeg"] = CFrame.new(0.000026, 0.000126, 0.004997, 0.752460, 0.599168, 0.273500, -0.616053, 0.787150, -0.029541, -0.232987, -0.146261, 0.961418),
      ["LowerTorso"] = CFrame.new(0.196030, 0.040262, 0.075576, 0.890068, -0.209193, -0.404992, 0.204607, 0.977290, -0.055130, 0.407328, -0.033795, 0.912657),
      ["RightFoot"] = CFrame.new(0.000000, 0.000000, 0.000000, 0.956001, 0.253215, 0.148130, -0.242734, 0.966335, -0.085313, -0.164746, 0.045603, 0.985281),
      ["RightHand"] = CFrame.new(-0.000000, -0.000000, 0.000000, 0.451136, -0.787535, 0.419834, 0.890635, 0.427325, -0.155455, -0.056976, 0.444051, 0.894189),
      ["RightLowerArm"] = CFrame.new(-0.000000, -0.000000, 0.000000, 1.000000, 0.000001, -0.000000, 0.000001, 0.066446, -0.997790, 0.000001, 0.997790, 0.066443),
      ["RightLowerLeg"] = CFrame.new(0.000000, 0.000000, 0.000000, 1.000000, 0.000000, 0.000000, -0.000000, 0.999999, 0.001406, 0.000000, -0.001406, 0.999999),
      ["RightUpperArm"] = CFrame.new(-0.000000, -0.065238, 0.000000, -0.084169, -0.132794, 0.987563, 0.450898, 0.878733, 0.156589, -0.888598, 0.458469, -0.014086),
      ["RightUpperLeg"] = CFrame.new(-0.000025, -0.000125, -0.004997, 0.968447, -0.030018, -0.247404, 0.073562, 0.982922, 0.168682, 0.238116, -0.181559, 0.954116),
      ["UpperTorso"] = CFrame.new(0.000000, 0.000000, 0.000000, 0.968040, 0.247176, 0.042453, -0.248788, 0.967807, 0.038129, -0.031662, -0.047472, 0.998371)
    }},
    {Time = 10.600, Data = {
      ["Head"] = CFrame.new(0.000000, -0.000000, 0.000000, 0.961211, 0.194423, 0.195638, -0.227542, 0.959845, 0.164080, -0.155881, -0.202231, 0.966852),
      ["LeftFoot"] = CFrame.new(-0.000000, 0.000000, 0.000000, 0.982021, -0.176695, 0.066441, 0.172028, 0.982571, 0.070429, -0.077728, -0.057734, 0.995302),
      ["LeftHand"] = CFrame.new(0.000000, 0.000000, 0.000000, 0.160111, -0.757915, -0.632400, 0.755788, 0.506229, -0.415352, 0.634940, -0.411457, 0.653875),
      ["LeftLowerArm"] = CFrame.new(0.000000, -0.000000, 0.000000, 1.000000, -0.000000, 0.000000, 0.000000, 0.344498, -0.938787, -0.000000, 0.938787, 0.344498),
      ["LeftLowerLeg"] = CFrame.new(-0.000000, -0.000000, -0.000000, 1.000000, 0.000000, 0.000000, 0.000000, 0.999993, 0.003672, 0.000000, -0.003672, 0.999993),
      ["LeftUpperArm"] = CFrame.new(0.000000, -0.065238, 0.000000, 0.080555, -0.160797, -0.983695, -0.445480, 0.877043, -0.179844, 0.891661, 0.452704, -0.000982),
      ["LeftUpperLeg"] = CFrame.new(0.000026, 0.000126, 0.004997, 0.752477, 0.599083, 0.273637, -0.616077, 0.787146, -0.029170, -0.232868, -0.146632, 0.961390),
      ["LowerTorso"] = CFrame.new(0.195975, 0.040250, 0.075417, 0.890037, -0.209296, -0.405005, 0.204586, 0.977278, -0.055431, 0.407404, -0.033523, 0.912633),
      ["RightFoot"] = CFrame.new(-0.000000, 0.000000, 0.000000, 0.955983, 0.253288, 0.148122, -0.242803, 0.966314, -0.085344, -0.164749, 0.045623, 0.985280),
      ["RightHand"] = CFrame.new(-0.000000, -0.000000, 0.000000, 0.450946, -0.787707, 0.419719, 0.890738, 0.427129, -0.155398, -0.056862, 0.443936, 0.894253),
      ["RightLowerArm"] = CFrame.new(-0.000000, -0.000001, -0.000000, 1.000000, 0.000000, -0.000000, 0.000001, 0.066460, -0.997789, 0.000001, 0.997789, 0.066456),
      ["RightLowerLeg"] = CFrame.new(-0.000000, 0.000000, -0.000000, 1.000000, -0.000000, 0.000000, -0.000000, 0.999999, 0.001405, -0.000000, -0.001405, 0.999999),
      ["RightUpperArm"] = CFrame.new(-0.000000, -0.065238, 0.000000, -0.084340, -0.132799, 0.987548, 0.451261, 0.878530, 0.156678, -0.888397, 0.458856, -0.014168),
      ["RightUpperLeg"] = CFrame.new(-0.000026, -0.000126, -0.004997, 0.968463, -0.030140, -0.247325, 0.073737, 0.982863, 0.168949, 0.237995, -0.181858, 0.954089),
      ["UpperTorso"] = CFrame.new(0.000000, 0.000001, 0.000000, 0.968029, 0.247188, 0.042634, -0.248824, 0.967778, 0.038626, -0.031712, -0.048000, 0.998344)
    }},
    {Time = 10.633, Data = {
      ["Head"] = CFrame.new(-0.000000, 0.000000, 0.000000, 0.961218, 0.194425, 0.195600, -0.227499, 0.959895, 0.163848, -0.155899, -0.201992, 0.966899),
      ["LeftFoot"] = CFrame.new(0.000000, 0.000000, 0.000000, 0.982027, -0.176657, 0.066446, 0.171998, 0.982584, 0.070318, -0.077711, -0.057626, 0.995309),
      ["LeftHand"] = CFrame.new(0.000000, 0.000000, 0.000000, 0.160113, -0.757915, -0.632400, 0.755790, 0.506229, -0.415349, 0.634938, -0.411458, 0.653877),
      ["LeftLowerArm"] = CFrame.new(0.000000, -0.000000, 0.000000, 1.000000, -0.000000, -0.000000, 0.000000, 0.344498, -0.938787, 0.000000, 0.938787, 0.344498),
      ["LeftLowerLeg"] = CFrame.new(0.000000, 0.000000, 0.000000, 1.000000, 0.000000, 0.000000, -0.000000, 0.999993, 0.003672, -0.000000, -0.003672, 0.999993),
      ["LeftUpperArm"] = CFrame.new(-0.000000, -0.065237, 0.000000, 0.080479, -0.160811, -0.983699, -0.445728, 0.876921, -0.179821, 0.891543, 0.452934, -0.001104),
      ["LeftUpperLeg"] = CFrame.new(0.000025, 0.000125, 0.004997, 0.752463, 0.599048, 0.273754, -0.616141, 0.787108, -0.028828, -0.232744, -0.146979, 0.961368),
      ["LowerTorso"] = CFrame.new(0.195898, 0.040239, 0.075406, 0.889996, -0.209442, -0.405021, 0.204582, 0.977257, -0.055802, 0.407497, -0.033197, 0.912603),
      ["RightFoot"] = CFrame.new(-0.000000, 0.000000, 0.000000, 0.955970, 0.253344, 0.148116, -0.242856, 0.966299, -0.085368, -0.164752, 0.045639, 0.985279),
      ["RightHand"] = CFrame.new(-0.000000, -0.000000, 0.000000, 0.450799, -0.787885, 0.419541, 0.890826, 0.426936, -0.155427, -0.056655, 0.443804, 0.894331),
      ["RightLowerArm"] = CFrame.new(-0.000000, 0.000000, -0.000000, 1.000000, 0.000000, -0.000000, 0.000001, 0.066473, -0.997788, 0.000001, 0.997788, 0.066470),
      ["RightLowerLeg"] = CFrame.new(0.000000, 0.000000, -0.000000, 1.000000, 0.000000, -0.000000, -0.000000, 0.999999, 0.001404, -0.000000, -0.001404, 0.999999),
      ["RightUpperArm"] = CFrame.new(-0.000000, -0.065238, 0.000000, -0.084590, -0.132814, 0.987525, 0.451634, 0.878315, 0.156813, -0.888184, 0.459264, -0.014314),
      ["RightUpperLeg"] = CFrame.new(-0.000026, -0.000126, -0.004997, 0.968488, -0.030183, -0.247225, 0.073844, 0.982798, 0.169279, 0.237863, -0.182201, 0.954057),
      ["UpperTorso"] = CFrame.new(-0.000000, 0.000000, -0.000000, 0.968026, 0.247167, 0.042825, -0.248832, 0.967750, 0.039260, -0.031740, -0.048661, 0.998311)
    }},
    {Time = 10.667, Data = {
      ["Head"] = CFrame.new(0.000000, -0.000000, 0.000000, 0.961214, 0.194477, 0.195567, -0.227511, 0.959927, 0.163640, -0.155906, -0.201787, 0.966941),
      ["LeftFoot"] = CFrame.new(0.000000, 0.000000, 0.000000, 0.982033, -0.176626, 0.066437, 0.171974, 0.982594, 0.070239, -0.077686, -0.057552, 0.995315),
      ["LeftHand"] = CFrame.new(-0.000000, 0.000000, 0.000000, 0.160114, -0.757915, -0.632399, 0.755791, 0.506228, -0.415348, 0.634935, -0.411459, 0.653879),
      ["LeftLowerArm"] = CFrame.new(-0.000000, 0.000000, -0.000000, 1.000000, -0.000000, 0.000000, -0.000000, 0.344498, -0.938787, -0.000000, 0.938787, 0.344498),
      ["LeftLowerLeg"] = CFrame.new(-0.000000, 0.000000, -0.000000, 1.000000, 0.000000, -0.000000, 0.000000, 0.999993, 0.003674, -0.000000, -0.003674, 0.999993),
      ["LeftUpperArm"] = CFrame.new(-0.000000, -0.065237, 0.000000, 0.080427, -0.160805, -0.983704, -0.446012, 0.876783, -0.179792, 0.891406, 0.453203, -0.001204),
      ["LeftUpperLeg"] = CFrame.new(0.000025, 0.000125, 0.004997, 0.752419, 0.599033, 0.273908, -0.616262, 0.787030, -0.028366, -0.232567, -0.147455, 0.961338),
      ["LowerTorso"] = CFrame.new(0.195821, 0.040250, 0.075394, 0.889945, -0.209650, -0.405023, 0.204608, 0.977226, -0.056255, 0.407593, -0.032807, 0.912574),
      ["RightFoot"] = CFrame.new(-0.000000, 0.000000, 0.000000, 0.955968, 0.253348, 0.148122, -0.242877, 0.966303, -0.085265, -0.164733, 0.045536, 0.985287),
      ["RightHand"] = CFrame.new(0.000000, -0.000000, 0.000000, 0.450474, -0.788225, 0.419250, 0.891007, 0.426584, -0.155358, -0.056385, 0.443540, 0.894479),
      ["RightLowerArm"] = CFrame.new(0.000000, 0.000000, 0.000000, 1.000000, 0.000001, -0.000000, 0.000001, 0.066486, -0.997788, 0.000001, 0.997787, 0.066483),
      ["RightLowerLeg"] = CFrame.new(-0.000000, 0.000000, 0.000000, 1.000000, 0.000000, -0.000000, 0.000000, 0.999999, 0.001402, -0.000000, -0.001402, 0.999999),
      ["RightUpperArm"] = CFrame.new(0.000000, -0.065238, 0.000000, -0.084916, -0.132873, 0.987489, 0.452159, 0.878007, 0.157024, -0.887886, 0.459836, -0.014477),
      ["RightUpperLeg"] = CFrame.new(-0.000026, -0.000126, -0.004997, 0.968516, -0.030232, -0.247109, 0.073966, 0.982723, 0.169660, 0.237711, -0.182596, 0.954019),
      ["UpperTorso"] = CFrame.new(-0.000000, 0.000000, 0.000000, 0.968029, 0.247121, 0.043023, -0.248817, 0.967728, 0.039905, -0.031773, -0.049333, 0.998277)
    }}
  }
}