return {
  ["89463618231199"] = {
    {Time = 0.000, Data = {
      ["HumanoidRootPart"] = CFrame.new(0.0000,0.0000,0.0000,1.0000,0.0000,0.0000,0.0000,1.0000,0.0000,0.0000,0.0000,1.0000),
      ["LowerTorso"] = CFrame.new(0.0000,0.4033,0.0000,0.9950,0.0321,0.0945,-0.0204,0.9922,-0.1232,-0.0977,0.1206,0.9879),
      ["UpperTorso"] = CFrame.new(0.0000,0.0000,0.0000,0.9940,0.0287,0.1059,-0.0299,0.9995,0.0094,-0.1055,-0.0125,0.9943),
      ["LeftUpperArm"] = CFrame.new(0.0000,0.0000,0.0000,0.8936,0.1480,0.4237,-0.3602,0.7997,0.4803,-0.2678,-0.5818,0.7680),
      ["LeftLowerArm"] = CFrame.new(-0.0005,0.0640,0.0232,1.0000,-0.0000,0.0000,0.0000,0.7678,-0.6407,0.0000,0.6407,0.7678),
      ["LeftHand"] = CFrame.new(0.0005,0.0000,0.0000,1.0000,-0.0000,0.0000,0.0000,1.0000,-0.0000,0.0000,0.0000,1.0000),
      ["RightUpperArm"] = CFrame.new(0.0000,0.0000,0.0000,0.7376,-0.6701,-0.0833,0.2515,0.3871,-0.8871,0.6267,0.6333,0.4541),
      ["RightLowerArm"] = CFrame.new(0.0000,0.1001,0.1005,1.0000,-0.0000,0.0000,0.0000,-0.0062,-1.0000,0.0000,1.0000,-0.0062),
      ["RightHand"] = CFrame.new(-0.0005,0.0000,0.0000,1.0000,-0.0000,0.0000,0.0000,1.0000,-0.0000,0.0000,0.0000,1.0000),
      ["Head"] = CFrame.new(1.8538,0.9899,-0.5996,1.0000,-0.0000,-0.0000,0.0000,1.0000,-0.0000,0.0000,0.0000,1.0000),
      ["RightUpperLeg"] = CFrame.new(0.0000,0.0000,-0.0000,0.9606,-0.2646,-0.0851,0.1856,0.8386,-0.5121,0.2069,0.4762,0.8547),
      ["RightLowerLeg"] = CFrame.new(0.0000,0.0968,-0.1242,1.0000,-0.0000,0.0000,-0.0000,-0.2406,0.9706,0.0000,-0.9706,-0.2406),
      ["RightFoot"] = CFrame.new(0.0000,0.0000,0.0000,1.0000,0.0000,0.0000,0.0000,1.0000,0.0000,0.0000,0.0000,1.0000),
      ["LeftUpperLeg"] = CFrame.new(0.0000,0.0000,-0.0001,0.9684,0.1195,0.2190,-0.1124,0.9927,-0.0443,-0.2227,0.0183,0.9747),
      ["LeftLowerLeg"] = CFrame.new(0.0000,0.0536,-0.0154,1.0000,-0.0000,0.0000,0.0000,0.8456,0.5338,-0.0000,-0.5338,0.8456),
      ["LeftFoot"] = CFrame.new(0.0000,-0.0002,0.0000,1.0000,-0.0000,0.0000,0.0000,1.0000,-0.0000,0.0000,0.0000,1.0000),
    }},
    {Time = 0.033, Data = {
      ["HumanoidRootPart"] = CFrame.new(0.0000,0.0000,0.0000,1.0000,0.0000,0.0000,0.0000,1.0000,0.0000,0.0000,0.0000,1.0000),
      ["LowerTorso"] = CFrame.new(0.0000,0.4040,0.0000,0.9949,0.0359,0.0943,-0.0241,0.9920,-0.1238,-0.0980,0.1209,0.9878),
      ["UpperTorso"] = CFrame.new(0.0000,0.0000,0.0000,0.9940,0.0287,0.1059,-0.0299,0.9995,0.0094,-0.1055,-0.0125,0.9943),
      ["LeftUpperArm"] = CFrame.new(0.0000,-0.0002,0.0001,0.8938,0.1481,0.4234,-0.3599,0.8001,0.4800,-0.2677,-0.5813,0.7684),
      ["LeftLowerArm"] = CFrame.new(-0.0005,0.0640,0.0232,1.0000,-0.0000,0.0000,0.0000,0.7677,-0.6408,0.0000,0.6408,0.7677),
      ["LeftHand"] = CFrame.new(0.0005,0.0000,0.0000,1.0000,-0.0000,0.0000,0.0000,1.0000,-0.0000,0.0000,0.0000,1.0000),
      ["RightUpperArm"] = CFrame.new(0.0000,0.0000,0.0000,0.7370,-0.6708,-0.0830,0.2524,0.3871,-0.8868,0.6270,0.6326,0.4546),
      ["RightLowerArm"] = CFrame.new(0.0000,0.1001,0.1005,1.0000,-0.0000,0.0000,0.0000,-0.0062,-1.0000,0.0000,1.0000,-0.0062),
      ["RightHand"] = CFrame.new(-0.0005,0.0000,0.0000,1.0000,-0.0000,0.0000,0.0000,1.0000,-0.0000,0.0000,0.0000,1.0000),
      ["Head"] = CFrame.new(1.8535,0.9976,-0.6001,0.9597,-0.0000,0.2810,0.0000,1.0000,-0.0000,-0.2810,0.0000,0.9597),
      ["RightUpperLeg"] = CFrame.new(0.0000,-0.0032,0.0008,0.9604,-0.2652,-0.0848,0.1841,0.8333,-0.5212,0.2089,0.4850,0.8492),
      ["RightLowerLeg"] = CFrame.new(0.0000,0.0968,-0.1242,1.0000,-0.0000,0.0000,-0.0000,-0.2406,0.9706,0.0000,-0.9706,-0.2406),
      ["RightFoot"] = CFrame.new(0.0000,0.0000,0.0000,1.0000,0.0000,0.0000,0.0000,1.0000,0.0000,0.0000,0.0000,1.0000),
      ["LeftUpperLeg"] = CFrame.new(-0.0000,0.0007,-0.0003,0.9684,0.1194,0.2191,-0.1123,0.9927,-0.0445,-0.2228,0.0185,0.9747),
      ["LeftLowerLeg"] = CFrame.new(0.0000,0.0536,-0.0155,1.0000,-0.0000,0.0000,0.0000,0.8455,0.5340,-0.0000,-0.5340,0.8455),
      ["LeftFoot"] = CFrame.new(0.0000,-0.0002,0.0000,1.0000,-0.0000,0.0000,0.0000,1.0000,-0.0000,0.0000,0.0000,1.0000),
    }},
    {Time = 0.067, Data = {
      ["HumanoidRootPart"] = CFrame.new(0.0000,0.0000,0.0000,1.0000,0.0000,0.0000,0.0000,1.0000,0.0000,0.0000,0.0000,1.0000),
      ["LowerTorso"] = CFrame.new(0.0000,0.4059,0.0000,0.9948,0.0398,0.0942,-0.0278,0.9918,-0.1250,-0.0984,0.1218,0.9877),
      ["UpperTorso"] = CFrame.new(0.0000,0.0000,0.0000,0.9940,0.0287,0.1059,-0.0299,0.9995,0.0094,-0.1055,-0.0125,0.9943),
      ["LeftUpperArm"] = CFrame.new(0.0000,-0.0006,0.0002,0.8942,0.1482,0.4224,-0.3591,0.8009,0.4791,-0.2673,-0.5801,0.7694),
      ["LeftLowerArm"] = CFrame.new(-0.0005,0.0641,0.0232,1.0000,-0.0000,0.0000,0.0000,0.7675,-0.6411,0.0000,0.6411,0.7675),
      ["LeftHand"] = CFrame.new(0.0005,0.0000,0.0000,1.0000,-0.0000,0.0000,0.0000,1.0000,-0.0000,0.0000,0.0000,1.0000),
      ["RightUpperArm"] = CFrame.new(0.0000,0.0000,0.0000,0.7356,-0.6725,-0.0821,0.2548,0.3869,-0.8862,0.6277,0.6310,0.4559),
      ["RightLowerArm"] = CFrame.new(0.0000,0.1001,0.1005,1.0000,-0.0000,0.0000,0.0000,-0.0062,-1.0000,0.0000,1.0000,-0.0062),
      ["RightHand"] = CFrame.new(-0.0005,0.0000,0.0000,1.0000,-0.0000,0.0000,0.0000,1.0000,-0.0000,0.0000,0.0000,1.0000),
      ["Head"] = CFrame.new(1.8528,1.0070,-0.6011,0.8405,-0.0000,0.5418,0.0000,1.0000,-0.0000,-0.5418,0.0000,0.8405),
      ["RightUpperLeg"] = CFrame.new(0.0000,-0.0065,0.0017,0.9603,-0.2660,-0.0842,0.1824,0.8271,-0.5316,0.2111,0.4952,0.8428),
      ["RightLowerLeg"] = CFrame.new(0.0000,0.0968,-0.1242,1.0000,-0.0000,0.0000,-0.0000,-0.2406,0.9706,0.0000,-0.9706,-0.2406),
      ["RightFoot"] = CFrame.new(0.0000,0.0000,0.0000,1.0000,0.0000,0.0000,0.0000,1.0000,0.0000,0.0000,0.0000,1.0000),
      ["LeftUpperLeg"] = CFrame.new(-0.0000,0.0023,-0.0007,0.9684,0.1194,0.2191,-0.1122,0.9927,-0.0451,-0.2229,0.0191,0.9747),
      ["LeftLowerLeg"] = CFrame.new(0.0000,0.0536,-0.0155,1.0000,-0.0000,0.0000,0.0000,0.8452,0.5344,-0.0000,-0.5344,0.8452),
      ["LeftFoot"] = CFrame.new(0.0000,-0.0002,0.0000,1.0000,-0.0000,0.0000,0.0000,1.0000,-0.0000,0.0000,0.0000,1.0000),
    }},
    {Time = 0.100, Data = {
      ["HumanoidRootPart"] = CFrame.new(0.0000,0.0000,0.0000,1.0000,0.0000,0.0000,0.0000,1.0000,0.0000,0.0000,0.0000,1.0000),
      ["LowerTorso"] = CFrame.new(0.0000,0.4088,0.0000,0.9946,0.0437,0.0942,-0.0316,0.9914,-0.1269,-0.0989,0.1233,0.9874),
      ["UpperTorso"] = CFrame.new(0.0000,0.0000,0.0000,0.9940,0.0287,0.1059,-0.0299,0.9995,0.0094,-0.1055,-0.0125,0.9943),
      ["LeftUpperArm"] = CFrame.new(0.0000,-0.0014,0.0004,0.8948,0.1486,0.4209,-0.3579,0.8023,0.4777,-0.2668,-0.5781,0.7711),
      ["LeftLowerArm"] = CFrame.new(-0.0005,0.0641,0.0232,1.0000,-0.0000,0.0000,0.0000,0.7671,-0.6416,0.0000,0.6416,0.7671),
      ["LeftHand"] = CFrame.new(0.0005,0.0000,0.0000,1.0000,-0.0000,0.0000,0.0000,1.0000,-0.0000,0.0000,0.0000,1.0000),
      ["RightUpperArm"] = CFrame.new(0.0000,0.0000,0.0000,0.7333,-0.6751,-0.0808,0.2584,0.3866,-0.8853,0.6289,0.6283,0.4579),
      ["RightLowerArm"] = CFrame.new(0.0000,0.1001,0.1005,1.0000,-0.0000,0.0000,0.0000,-0.0062,-1.0000,0.0000,1.0000,-0.0062),
      ["RightHand"] = CFrame.new(-0.0005,0.0000,0.0000,1.0000,-0.0000,0.0000,0.0000,1.0000,-0.0000,0.0000,0.0000,1.0000),
      ["Head"] = CFrame.new(1.8517,1.0179,-0.6027,0.6503,-0.0000,0.7597,0.0000,1.0000,-0.0000,-0.7597,0.0000,0.6503),
      ["RightUpperLeg"] = CFrame.new(0.0000,-0.0097,0.0025,0.9602,-0.2667,-0.0835,0.1806,0.8201,-0.5430,0.2133,0.5063,0.8355),
      ["RightLowerLeg"] = CFrame.new(0.0000,0.0968,-0.1242,1.0000,-0.0000,0.0000,-0.0000,-0.2406,0.9706,0.0000,-0.9706,-0.2406),
      ["RightFoot"] = CFrame.new(0.0000,0.0000,0.0000,1.0000,0.0000,0.0000,0.0000,1.0000,0.0000,0.0000,0.0000,1.0000),
      ["LeftUpperLeg"] = CFrame.new(-0.0001,0.0049,-0.0013,0.9684,0.1193,0.2191,-0.1119,0.9927,-0.0459,-0.2230,0.0199,0.9746),
      ["LeftLowerLeg"] = CFrame.new(0.0000,0.0537,-0.0155,1.0000,-0.0000,0.0000,0.0000,0.8449,0.5350,-0.0000,-0.5350,0.8449),
      ["LeftFoot"] = CFrame.new(0.0000,-0.0002,0.0000,1.0000,-0.0000,0.0000,0.0000,1.0000,-0.0000,0.0000,0.0000,1.0000),
    }},
    {Time = 0.133, Data = {
      ["HumanoidRootPart"] = CFrame.new(0.0000,0.0000,0.0000,1.0000,0.0000,0.0000,0.0000,1.0000,0.0000,0.0000,0.0000,1.0000),
      ["LowerTorso"] = CFrame.new(0.0000,0.4131,0.0000,0.9944,0.0476,0.0943,-0.0352,0.9910,-0.1295,-0.0996,0.1255,0.9871),
      ["UpperTorso"] = CFrame.new(0.0000,0.0000,0.0000,0.9940,0.0287,0.1059,-0.0299,0.9995,0.0094,-0.1055,-0.0125,0.9943),
      ["LeftUpperArm"] = CFrame.new(0.0001,-0.0024,0.0006,0.8958,0.1490,0.4188,-0.3562,0.8043,0.4757,-0.2660,-0.5753,0.7735),
      ["LeftLowerArm"] = CFrame.new(-0.0005,0.0641,0.0233,1.0000,-0.0000,0.0000,0.0000,0.7665,-0.6422,0.0000,0.6422,0.7665),
      ["LeftHand"] = CFrame.new(0.0005,0.0000,0.0000,1.0000,-0.0000,0.0000,0.0000,1.0000,-0.0000,0.0000,0.0000,1.0000),
      ["RightUpperArm"] = CFrame.new(0.0000,0.0000,0.0000,0.7303,-0.6786,-0.0790,0.2632,0.3862,-0.8840,0.6304,0.6248,0.4607),
      ["RightLowerArm"] = CFrame.new(0.0000,0.1001,0.1005,1.0000,-0.0000,0.0000,0.0000,-0.0062,-1.0000,0.0000,1.0000,-0.0062),
      ["RightHand"] = CFrame.new(-0.0005,0.0000,0.0000,1.0000,-0.0000,0.0000,0.0000,1.0000,-0.0000,0.0000,0.0000,1.0000),
      ["Head"] = CFrame.new(1.8503,1.0303,-0.6048,0.4028,-0.0000,0.9153,0.0000,1.0000,-0.0000,-0.9153,0.0000,0.4028),
      ["RightUpperLeg"] = CFrame.new(0.0000,-0.0128,0.0032,0.9600,-0.2675,-0.0825,0.1787,0.8122,-0.5553,0.2155,0.5184,0.8275),
      ["RightLowerLeg"] = CFrame.new(0.0000,0.0968,-0.1242,1.0000,-0.0000,0.0000,-0.0000,-0.2406,0.9706,0.0000,-0.9706,-0.2406),
      ["RightFoot"] = CFrame.new(0.0000,0.0000,0.0000,1.0000,0.0000,0.0000,0.0000,1.0000,0.0000,0.0000,0.0000,1.0000),
      ["LeftUpperLeg"] = CFrame.new(-0.0001,0.0083,-0.0021,0.9684,0.1192,0.2192,-0.1116,0.9926,-0.0471,-0.2232,0.0212,0.9745),
      ["LeftLowerLeg"] = CFrame.new(0.0000,0.0538,-0.0156,1.0000,-0.0000,0.0000,0.0000,0.8443,0.5359,-0.0000,-0.5359,0.8443),
      ["LeftFoot"] = CFrame.new(0.0000,-0.0002,0.0000,1.0000,-0.0000,0.0000,0.0000,1.0000,-0.0000,0.0000,0.0000,1.0000),
    }},
    {Time = 0.167, Data = {
      ["HumanoidRootPart"] = CFrame.new(0.0000,0.0000,0.0000,1.0000,0.0000,0.0000,0.0000,1.0000,0.0000,0.0000,0.0000,1.0000),
      ["LowerTorso"] = CFrame.new(0.0001,0.4186,0.0000,0.9942,0.0515,0.0944,-0.0387,0.9904,-0.1326,-0.1003,0.1281,0.9867),
      ["UpperTorso"] = CFrame.new(0.0000,0.0000,0.0000,0.9940,0.0287,0.1059,-0.0299,0.9995,0.0094,-0.1055,-0.0125,0.9943),
      ["LeftUpperArm"] = CFrame.new(0.0001,-0.0038,0.0010,0.8969,0.1495,0.4162,-0.3540,0.8067,0.4732,-0.2650,-0.5718,0.7764),
      ["LeftLowerArm"] = CFrame.new(-0.0005,0.0642,0.0234,1.0000,-0.0000,0.0000,0.0000,0.7658,-0.6430,0.0000,0.6430,0.7658),
      ["LeftHand"] = CFrame.new(0.0005,0.0000,0.0000,1.0000,-0.0000,0.0000,0.0000,1.0000,-0.0000,0.0000,0.0000,1.0000),
      ["RightUpperArm"] = CFrame.new(0.0000,0.0000,0.0000,0.7266,-0.6828,-0.0769,0.2690,0.3857,-0.8825,0.6322,0.6205,0.4639),
      ["RightLowerArm"] = CFrame.new(0.0000,0.1001,0.1005,1.0000,-0.0000,0.0000,0.0000,-0.0062,-1.0000,0.0000,1.0000,-0.0062),
      ["RightHand"] = CFrame.new(-0.0005,0.0000,0.0000,1.0000,-0.0000,0.0000,0.0000,1.0000,-0.0000,0.0000,0.0000,1.0000),
      ["Head"] = CFrame.new(1.8486,1.0434,-0.6074,0.1187,-0.0000,0.9929,0.0000,1.0000,-0.0000,-0.9929,0.0000,0.1187),
      ["RightUpperLeg"] = CFrame.new(0.0001,-0.0159,0.0040,0.9599,-0.2684,-0.0813,0.1766,0.8039,-0.5680,0.2178,0.5308,0.8190),
      ["RightLowerLeg"] = CFrame.new(0.0000,0.0968,-0.1242,1.0000,-0.0000,0.0000,-0.0000,-0.2406,0.9706,0.0000,-0.9706,-0.2406),
      ["RightFoot"] = CFrame.new(0.0000,0.0000,0.0000,1.0000,0.0000,0.0000,0.0000,1.0000,0.0000,0.0000,0.0000,1.0000),
      ["LeftUpperLeg"] = CFrame.new(-0.0001,0.0122,-0.0031,0.9684,0.1191,0.2192,-0.1111,0.9926,-0.0486,-0.2234,0.0227,0.9745),
      ["LeftLowerLeg"] = CFrame.new(0.0000,0.0539,-0.0156,1.0000,-0.0000,0.0000,0.0000,0.8436,0.5369,-0.0000,-0.5369,0.8436),
      ["LeftFoot"] = CFrame.new(0.0000,-0.0002,0.0000,1.0000,-0.0000,0.0000,0.0000,1.0000,-0.0000,0.0000,0.0000,1.0000),
    }},
    {Time = 0.200, Data = {
      ["HumanoidRootPart"] = CFrame.new(0.0000,0.0000,0.0000,1.0000,0.0000,0.0000,0.0000,1.0000,0.0000,0.0000,0.0000,1.0000),
      ["LowerTorso"] = CFrame.new(0.0001,0.4251,0.0000,0.9940,0.0553,0.0945,-0.0421,0.9898,-0.1360,-0.1011,0.1312,0.9862),
      ["UpperTorso"] = CFrame.new(0.0000,0.0000,0.0000,0.9940,0.0287,0.1059,-0.0299,0.9995,0.0094,-0.1055,-0.0125,0.9943),
      ["LeftUpperArm"] = CFrame.new(0.0001,-0.0053,0.0013,0.8983,0.1501,0.4131,-0.3515,0.8095,0.4703,-0.2638,-0.5676,0.7799),
      ["LeftLowerArm"] = CFrame.new(-0.0005,0.0643,0.0234,1.0000,-0.0000,0.0000,0.0000,0.7650,-0.6440,0.0000,0.6440,0.7650),
      ["LeftHand"] = CFrame.new(0.0005,0.0000,0.0000,1.0000,-0.0000,0.0000,0.0000,1.0000,-0.0000,0.0000,0.0000,1.0000),
      ["RightUpperArm"] = CFrame.new(0.0000,0.0000,0.0000,0.7224,-0.6875,-0.0745,0.2756,0.3851,-0.8808,0.6342,0.6157,0.4676),
      ["RightLowerArm"] = CFrame.new(0.0000,0.1001,0.1005,1.0000,-0.0000,0.0000,0.0000,-0.0062,-1.0000,0.0000,1.0000,-0.0062),
      ["RightHand"] = CFrame.new(-0.0005,0.0000,0.0000,1.0000,-0.0000,0.0000,0.0000,1.0000,-0.0000,0.0000,0.0000,1.0000),
      ["Head"] = CFrame.new(1.8467,1.0572,-0.6102,-0.1780,0.0000,0.9840,0.0000,1.0000,0.0000,-0.9840,0.0000,-0.1780),
      ["RightUpperLeg"] = CFrame.new(0.0001,-0.0189,0.0047,0.9597,-0.2692,-0.0801,0.1746,0.7951,-0.5808,0.2200,0.5435,0.8101),
      ["RightLowerLeg"] = CFrame.new(0.0000,0.0968,-0.1242,1.0000,-0.0000,0.0000,-0.0000,-0.2406,0.9706,0.0000,-0.9706,-0.2406),
      ["RightFoot"] = CFrame.new(0.0000,0.0000,0.0000,1.0000,0.0000,0.0000,0.0000,1.0000,0.0000,0.0000,0.0000,1.0000),
      ["LeftUpperLeg"] = CFrame.new(-0.0001,0.0166,-0.0041,0.9684,0.1190,0.2193,-0.1106,0.9926,-0.0503,-0.2237,0.0245,0.9744),
      ["LeftLowerLeg"] = CFrame.new(0.0000,0.0540,-0.0157,1.0000,-0.0000,0.0000,0.0000,0.8428,0.5382,-0.0000,-0.5382,0.8428),
      ["LeftFoot"] = CFrame.new(0.0000,-0.0002,0.0000,1.0000,-0.0000,0.0000,0.0000,1.0000,-0.0000,0.0000,0.0000,1.0000),
    }},
    {Time = 0.233, Data = {
      ["HumanoidRootPart"] = CFrame.new(0.0000,0.0000,0.0000,1.0000,0.0000,0.0000,0.0000,1.0000,0.0000,0.0000,0.0000,1.0000),
      ["LowerTorso"] = CFrame.new(0.0001,0.4329,0.0000,0.9938,0.0589,0.0947,-0.0453,0.9891,-0.1399,-0.1019,0.1348,0.9856),
      ["UpperTorso"] = CFrame.new(0.0000,0.0000,0.0000,0.9940,0.0287,0.1059,-0.0299,0.9995,0.0094,-0.1055,-0.0125,0.9943),
      ["LeftUpperArm"] = CFrame.new(0.0001,-0.0071,0.0018,0.8998,0.1507,0.4094,-0.3486,0.8127,0.4669,-0.2624,-0.5628,0.7839),
      ["LeftLowerArm"] = CFrame.new(-0.0005,0.0644,0.0235,1.0000,-0.0000,0.0000,0.0000,0.7641,-0.6451,0.0000,0.6451,0.7641),
      ["LeftHand"] = CFrame.new(0.0005,0.0000,0.0000,1.0000,-0.0000,0.0000,0.0000,1.0000,-0.0000,0.0000,0.0000,1.0000),
      ["RightUpperArm"] = CFrame.new(0.0000,0.0000,0.0000,0.7177,-0.6926,-0.0719,0.2828,0.3843,-0.8788,0.6363,0.6104,0.4717),
      ["RightLowerArm"] = CFrame.new(0.0000,0.1001,0.1005,1.0000,-0.0000,0.0000,0.0000,-0.0062,-1.0000,0.0000,1.0000,-0.0062),
      ["RightHand"] = CFrame.new(-0.0005,0.0000,0.0000,1.0000,-0.0000,0.0000,0.0000,1.0000,-0.0000,0.0000,0.0000,1.0000),
      ["Head"] = CFrame.new(1.8448,1.0712,-0.6133,-0.4612,0.0000,0.8873,0.0000,1.0000,0.0000,-0.8873,0.0000,-0.4612),
      ["RightUpperLeg"] = CFrame.new(0.0001,-0.0216,0.0054,0.9596,-0.2701,-0.0787,0.1725,0.7861,-0.5935,0.2222,0.5560,0.8009),
      ["RightLowerLeg"] = CFrame.new(0.0000,0.0968,-0.1242,1.0000,-0.0000,0.0000,-0.0000,-0.2406,0.9706,0.0000,-0.9706,-0.2406),
      ["RightFoot"] = CFrame.new(0.0000,0.0000,0.0000,1.0000,0.0000,0.0000,0.0000,1.0000,0.0000,0.0000,0.0000,1.0000),
      ["LeftUpperLeg"] = CFrame.new(-0.0002,0.0214,-0.0053,0.9684,0.1188,0.2194,-0.1099,0.9926,-0.0524,-0.2240,0.0266,0.9742),
      ["LeftLowerLeg"] = CFrame.new(0.0000,0.0541,-0.0158,1.0000,-0.0000,0.0000,0.0000,0.8418,0.5398,-0.0000,-0.5398,0.8418),
      ["LeftFoot"] = CFrame.new(0.0000,-0.0002,0.0000,1.0000,-0.0000,0.0000,0.0000,1.0000,-0.0000,0.0000,0.0000,1.0000),
    }},
    {Time = 0.267, Data = {
      ["HumanoidRootPart"] = CFrame.new(0.0000,0.0000,0.0000,1.0000,0.0000,0.0000,0.0000,1.0000,0.0000,0.0000,0.0000,1.0000),
      ["LowerTorso"] = CFrame.new(0.0001,0.4419,0.0000,0.9935,0.0624,0.0950,-0.0483,0.9884,-0.1441,-0.1028,0.1386,0.9850),
      ["UpperTorso"] = CFrame.new(0.0000,0.0000,0.0000,0.9940,0.0287,0.1059,-0.0299,0.9995,0.0094,-0.1055,-0.0125,0.9943),
      ["LeftUpperArm"] = CFrame.new(0.0001,-0.0091,0.0023,0.9015,0.1515,0.4054,-0.3453,0.8163,0.4630,-0.2608,-0.5574,0.7882),
      ["LeftLowerArm"] = CFrame.new(-0.0005,0.0646,0.0236,1.0000,-0.0000,0.0000,0.0000,0.7631,-0.6463,0.0000,0.6463,0.7631),
      ["LeftHand"] = CFrame.new(0.0005,0.0000,0.0000,1.0000,-0.0000,0.0000,0.0000,1.0000,-0.0000,0.0000,0.0000,1.0000),
      ["RightUpperArm"] = CFrame.new(0.0000,0.0000,0.0000,0.7127,-0.6980,-0.0692,0.2904,0.3835,-0.8767,0.6385,0.6047,0.4760),
      ["RightLowerArm"] = CFrame.new(0.0000,0.1001,0.1005,1.0000,-0.0000,0.0000,0.0000,-0.0062,-1.0000,0.0000,1.0000,-0.0062),
      ["RightHand"] = CFrame.new(-0.0005,0.0000,0.0000,1.0000,-0.0000,0.0000,0.0000,1.0000,-0.0000,0.0000,0.0000,1.0000),
      ["Head"] = CFrame.new(1.8427,1.0851,-0.6165,-0.7044,0.0000,0.7098,0.0000,1.0000,0.0000,-0.7098,0.0000,-0.7044),
      ["RightUpperLeg"] = CFrame.new(0.0001,-0.0243,0.0060,0.9595,-0.2709,-0.0773,0.1705,0.7771,-0.6059,0.2242,0.5681,0.7918),
      ["RightLowerLeg"] = CFrame.new(0.0000,0.0968,-0.1242,1.0000,-0.0000,0.0000,-0.0000,-0.2406,0.9706,0.0000,-0.9706,-0.2406),
      ["RightFoot"] = CFrame.new(0.0000,0.0000,0.0000,1.0000,0.0000,0.0000,0.0000,1.0000,0.0000,0.0000,0.0000,1.0000),
      ["LeftUpperLeg"] = CFrame.new(-0.0002,0.0262,-0.0065,0.9684,0.1186,0.2195,-0.1092,0.9925,-0.0546,-0.2244,0.0289,0.9741),
      ["LeftLowerLeg"] = CFrame.new(0.0000,0.0543,-0.0159,1.0000,-0.0000,0.0000,0.0000,0.8407,0.5415,-0.0000,-0.5415,0.8407),
      ["LeftFoot"] = CFrame.new(0.0000,-0.0002,0.0000,1.0000,-0.0000,0.0000,0.0000,1.0000,-0.0000,0.0000,0.0000,1.0000),
    }},
    {Time = 0.300, Data = {
      ["HumanoidRootPart"] = CFrame.new(0.0000,0.0000,0.0000,1.0000,0.0000,0.0000,0.0000,1.0000,0.0000,0.0000,0.0000,1.0000),
      ["LowerTorso"] = CFrame.new(0.0001,0.4518,0.0000,0.9933,0.0656,0.0952,-0.0510,0.9876,-0.1485,-0.1038,0.1427,0.9843),
      ["UpperTorso"] = CFrame.new(0.0000,0.0000,0.0000,0.9940,0.0287,0.1059,-0.0299,0.9995,0.0094,-0.1055,-0.0125,0.9943),
      ["LeftUpperArm"] = CFrame.new(0.0001,-0.0113,0.0029,0.9034,0.1522,0.4009,-0.3418,0.8202,0.4587,-0.2590,-0.5514,0.7930),
      ["LeftLowerArm"] = CFrame.new(-0.0005,0.0647,0.0237,1.0000,-0.0000,0.0000,0.0000,0.7619,-0.6477,0.0000,0.6477,0.7619),
      ["LeftHand"] = CFrame.new(0.0005,0.0000,0.0000,1.0000,-0.0000,0.0000,0.0000,1.0000,-0.0000,0.0000,0.0000,1.0000),
      ["RightUpperArm"] = CFrame.new(0.0000,0.0000,0.0000,0.7075,-0.7036,-0.0665,0.2982,0.3825,-0.8745,0.6407,0.5989,0.4804),
      ["RightLowerArm"] = CFrame.new(0.0000,0.1001,0.1005,1.0000,-0.0000,0.0000,0.0000,-0.0062,-1.0000,0.0000,1.0000,-0.0062),
      ["RightHand"] = CFrame.new(-0.0005,0.0000,0.0000,1.0000,-0.0000,0.0000,0.0000,1.0000,-0.0000,0.0000,0.0000,1.0000),
      ["Head"] = CFrame.new(1.8407,1.0985,-0.6197,-0.8847,0.0000,0.4662,0.0000,1.0000,0.0000,-0.4662,0.0000,-0.8847),
      ["RightUpperLeg"] = CFrame.new(0.0001,-0.0267,0.0066,0.9594,-0.2716,-0.0760,0.1686,0.7682,-0.6176,0.2261,0.5797,0.7828),
      ["RightLowerLeg"] = CFrame.new(0.0000,0.0968,-0.1242,1.0000,-0.0000,0.0000,-0.0000,-0.2406,0.9706,0.0000,-0.9706,-0.2406),
      ["RightFoot"] = CFrame.new(0.0000,0.0000,0.0000,1.0000,0.0000,0.0000,0.0000,1.0000,0.0000,0.0000,0.0000,1.0000),
      ["LeftUpperLeg"] = CFrame.new(-0.0002,0.0311,-0.0077,0.9684,0.1184,0.2196,-0.1083,0.9925,-0.0571,-0.2247,0.0315,0.9739),
      ["LeftLowerLeg"] = CFrame.new(0.0000,0.0545,-0.0161,1.0000,-0.0000,0.0000,0.0000,0.8395,0.5434,-0.0000,-0.5434,0.8395),
      ["LeftFoot"] = CFrame.new(0.0000,-0.0002,0.0000,1.0000,-0.0000,0.0000,0.0000,1.0000,-0.0000,0.0000,0.0000,1.0000),
    }},
    {Time = 0.333, Data = {
      ["HumanoidRootPart"] = CFrame.new(0.0000,0.0000,0.0000,1.0000,0.0000,0.0000,0.0000,1.0000,0.0000,0.0000,0.0000,1.0000),
      ["LowerTorso"] = CFrame.new(0.0001,0.4631,0.0000,0.9931,0.0686,0.0955,-0.0534,0.9868,-0.1531,-0.1047,0.1470,0.9836),
      ["UpperTorso"] = CFrame.new(0.0000,0.0000,0.0000,0.9940,0.0287,0.1059,-0.0299,0.9995,0.0094,-0.1055,-0.0125,0.9943),
      ["LeftUpperArm"] = CFrame.new(0.0002,-0.0136,0.0035,0.9054,0.1530,0.3960,-0.3379,0.8245,0.4540,-0.2570,-0.5449,0.7982),
      ["LeftLowerArm"] = CFrame.new(-0.0005,0.0648,0.0239,1.0000,-0.0000,0.0000,0.0000,0.7607,-0.6491,0.0000,0.6491,0.7607),
      ["LeftHand"] = CFrame.new(0.0005,0.0000,0.0000,1.0000,-0.0000,0.0000,0.0000,1.0000,-0.0000,0.0000,0.0000,1.0000),
      ["RightUpperArm"] = CFrame.new(0.0000,0.0000,0.0000,0.7022,-0.7091,-0.0638,0.3061,0.3815,-0.8722,0.6429,0.5929,0.4849),
      ["RightLowerArm"] = CFrame.new(0.0000,0.1001,0.1005,1.0000,-0.0000,0.0000,0.0000,-0.0062,-1.0000,0.0000,1.0000,-0.0062),
      ["RightHand"] = CFrame.new(-0.0005,0.0000,0.0000,1.0000,-0.0000,0.0000,0.0000,1.0000,-0.0000,0.0000,0.0000,1.0000),
      ["Head"] = CFrame.new(1.8387,1.1111,-0.6230,-0.9840,0.0000,0.1780,0.0000,1.0000,0.0000,-0.1780,0.0000,-0.9840),
      ["RightUpperLeg"] = CFrame.new(0.0001,-0.0288,0.0071,0.9593,-0.2723,-0.0746,0.1668,0.7599,-0.6283,0.2278,0.5903,0.7744),
      ["RightLowerLeg"] = CFrame.new(0.0000,0.0968,-0.1242,1.0000,-0.0000,0.0000,-0.0000,-0.2406,0.9706,0.0000,-0.9706,-0.2406),
      ["RightFoot"] = CFrame.new(0.0000,0.0000,0.0000,1.0000,0.0000,0.0000,0.0000,1.0000,0.0000,0.0000,0.0000,1.0000),
      ["LeftUpperLeg"] = CFrame.new(-0.0003,0.0357,-0.0088,0.9684,0.1181,0.2197,-0.1074,0.9924,-0.0599,-0.2251,0.0344,0.9737),
      ["LeftLowerLeg"] = CFrame.new(0.0000,0.0547,-0.0162,1.0000,-0.0000,0.0000,0.0000,0.8381,0.5454,-0.0000,-0.5454,0.8381),
      ["LeftFoot"] = CFrame.new(0.0000,-0.0002,0.0000,1.0000,-0.0000,0.0000,0.0000,1.0000,-0.0000,0.0000,0.0000,1.0000),
    }},
    {Time = 0.367, Data = {
      ["HumanoidRootPart"] = CFrame.new(0.0000,0.0000,0.0000,1.0000,0.0000,0.0000,0.0000,1.0000,0.0000,0.0000,0.0000,1.0000),
      ["LowerTorso"] = CFrame.new(0.0002,0.4754,0.0000,0.9929,0.0712,0.0957,-0.0555,0.9859,-0.1578,-0.1056,0.1514,0.9828),
      ["UpperTorso"] = CFrame.new(0.0000,0.0000,0.0000,0.9940,0.0287,0.1059,-0.0299,0.9995,0.0094,-0.1055,-0.0125,0.9943),
      ["LeftUpperArm"] = CFrame.new(0.0002,-0.0162,0.0041,0.9076,0.1538,0.3908,-0.3337,0.8289,0.4489,-0.2549,-0.5378,0.8036),
      ["LeftLowerArm"] = CFrame.new(-0.0005,0.0650,0.0240,1.0000,-0.0000,0.0000,0.0000,0.7594,-0.6507,0.0000,0.6507,0.7594),
      ["LeftHand"] = CFrame.new(0.0005,0.0000,0.0000,1.0000,-0.0000,0.0000,0.0000,1.0000,-0.0000,0.0000,0.0000,1.0000),
      ["RightUpperArm"] = CFrame.new(0.0000,0.0000,0.0000,0.6969,-0.7146,-0.0611,0.3138,0.3804,-0.8699,0.6449,0.5871,0.4893),
      ["RightLowerArm"] = CFrame.new(0.0000,0.1001,0.1005,1.0000,-0.0000,0.0000,0.0000,-0.0062,-1.0000,0.0000,1.0000,-0.0062),
      ["RightHand"] = CFrame.new(-0.0005,0.0000,0.0000,1.0000,-0.0000,0.0000,0.0000,1.0000,-0.0000,0.0000,0.0000,1.0000),
      ["Head"] = CFrame.new(1.8369,1.1226,-0.6260,-0.9917,0.0000,-0.1283,0.0000,1.0000,0.0000,0.1283,0.0000,-0.9917),
      ["RightUpperLeg"] = CFrame.new(0.0002,-0.0307,0.0075,0.9592,-0.2730,-0.0734,0.1652,0.7522,-0.6379,0.2293,0.5998,0.7666),
      ["RightLowerLeg"] = CFrame.new(0.0000,0.0968,-0.1242,1.0000,-0.0000,0.0000,-0.0000,-0.2406,0.9706,0.0000,-0.9706,-0.2406),
      ["RightFoot"] = CFrame.new(0.0000,0.0000,0.0000,1.0000,0.0000,0.0000,0.0000,1.0000,0.0000,0.0000,0.0000,1.0000),
      ["LeftUpperLeg"] = CFrame.new(-0.0003,0.0400,-0.0098,0.9684,0.1178,0.2199,-0.1065,0.9923,-0.0629,-0.2256,0.0375,0.9735),
      ["LeftLowerLeg"] = CFrame.new(0.0000,0.0549,-0.0163,1.0000,-0.0000,0.0000,0.0000,0.8367,0.5477,-0.0000,-0.5477,0.8367),
      ["LeftFoot"] = CFrame.new(0.0000,-0.0002,0.0000,1.0000,-0.0000,0.0000,0.0000,1.0000,-0.0000,0.0000,0.0000,1.0000),
    }},
    {Time = 0.400, Data = {
      ["HumanoidRootPart"] = CFrame.new(0.0000,0.0000,0.0000,1.0000,0.0000,0.0000,0.0000,1.0000,0.0000,0.0000,0.0000,1.0000),
      ["LowerTorso"] = CFrame.new(0.0002,0.4888,0.0000,0.9927,0.0735,0.0960,-0.0572,0.9850,-0.1625,-0.1065,0.1558,0.9820),
      ["UpperTorso"] = CFrame.new(0.0000,0.0000,0.0000,0.9940,0.0287,0.1059,-0.0299,0.9995,0.0094,-0.1055,-0.0125,0.9943),
      ["LeftUpperArm"] = CFrame.new(0.0002,-0.0189,0.0048,0.9098,0.1546,0.3852,-0.3294,0.8336,0.4435,-0.2526,-0.5304,0.8093),
      ["LeftLowerArm"] = CFrame.new(-0.0005,0.0652,0.0241,1.0000,-0.0000,0.0000,0.0000,0.7579,-0.6523,0.0000,0.6523,0.7579),
      ["LeftHand"] = CFrame.new(0.0005,0.0000,0.0000,1.0000,-0.0000,0.0000,0.0000,1.0000,-0.0000,0.0000,0.0000,1.0000),
      ["RightUpperArm"] = CFrame.new(0.0000,0.0000,0.0000,0.6917,-0.7198,-0.0586,0.3212,0.3793,-0.8677,0.6468,0.5814,0.4936),
      ["RightLowerArm"] = CFrame.new(0.0000,0.1001,0.1005,1.0000,-0.0000,0.0000,0.0000,-0.0062,-1.0000,0.0000,1.0000,-0.0062),
      ["RightHand"] = CFrame.new(-0.0005,0.0000,0.0000,1.0000,-0.0000,0.0000,0.0000,1.0000,-0.0000,0.0000,0.0000,1.0000),
      ["Head"] = CFrame.new(1.8352,1.1328,-0.6289,-0.9058,0.0000,-0.4238,0.0000,1.0000,0.0000,0.4238,0.0000,-0.9058),
      ["RightUpperLeg"] = CFrame.new(0.0002,-0.0324,0.0079,0.9591,-0.2736,-0.0723,0.1639,0.7453,-0.6463,0.2307,0.6080,0.7597),
      ["RightLowerLeg"] = CFrame.new(0.0000,0.0968,-0.1242,1.0000,-0.0000,0.0000,-0.0000,-0.2406,0.9706,0.0000,-0.9706,-0.2406),
      ["RightFoot"] = CFrame.new(0.0000,0.0000,0.0000,1.0000,0.0000,0.0000,0.0000,1.0000,0.0000,0.0000,0.0000,1.0000),
      ["LeftUpperLeg"] = CFrame.new(-0.0003,0.0439,-0.0108,0.9684,0.1175,0.2200,-0.1054,0.9922,-0.0660,-0.2260,0.0407,0.9733),
      ["LeftLowerLeg"] = CFrame.new(0.0000,0.0552,-0.0165,1.0000,-0.0000,0.0000,0.0000,0.8351,0.5501,-0.0000,-0.5501,0.8351),
      ["LeftFoot"] = CFrame.new(0.0000,-0.0002,0.0000,1.0000,-0.0000,0.0000,0.0000,1.0000,-0.0000,0.0000,0.0000,1.0000),
    }},
    {Time = 0.433, Data = {
      ["HumanoidRootPart"] = CFrame.new(0.0000,0.0000,0.0000,1.0000,0.0000,0.0000,0.0000,1.0000,0.0000,0.0000,0.0000,1.0000),
      ["LowerTorso"] = CFrame.new(0.0002,0.5034,0.0000,0.9925,0.0753,0.0963,-0.0585,0.9842,-0.1672,-0.1074,0.1603,0.9812),
      ["UpperTorso"] = CFrame.new(0.0000,0.0000,0.0000,0.9940,0.0287,0.1059,-0.0299,0.9995,0.0094,-0.1055,-0.0125,0.9943),
      ["LeftUpperArm"] = CFrame.new(0.0003,-0.0217,0.0055,0.9121,0.1553,0.3793,-0.3248,0.8384,0.4377,-0.2501,-0.5224,0.8152),
      ["LeftLowerArm"] = CFrame.new(-0.0005,0.0653,0.0243,1.0000,-0.0000,0.0000,0.0000,0.7564,-0.6541,0.0000,0.6541,0.7564),
      ["LeftHand"] = CFrame.new(0.0005,0.0000,0.0000,1.0000,-0.0000,0.0000,0.0000,1.0000,-0.0000,0.0000,0.0000,1.0000),
      ["RightUpperArm"] = CFrame.new(0.0000,0.0000,0.0000,0.6868,-0.7246,-0.0563,0.3282,0.3783,-0.8656,0.6485,0.5761,0.4976),
      ["RightLowerArm"] = CFrame.new(0.0000,0.1001,0.1005,1.0000,-0.0000,0.0000,0.0000,-0.0062,-1.0000,0.0000,1.0000,-0.0062),
      ["RightHand"] = CFrame.new(-0.0005,0.0000,0.0000,1.0000,-0.0000,0.0000,0.0000,1.0000,-0.0000,0.0000,0.0000,1.0000),
      ["Head"] = CFrame.new(1.8339,1.1409,-0.6315,-0.7330,0.0000,-0.6802,0.0000,1.0000,0.0000,0.6802,0.0000,-0.7330),
      ["RightUpperLeg"] = CFrame.new(0.0002,-0.0336,0.0082,0.9591,-0.2741,-0.0714,0.1628,0.7398,-0.6529,0.2317,0.6145,0.7541),
      ["RightLowerLeg"] = CFrame.new(0.0000,0.0968,-0.1242,1.0000,-0.0000,0.0000,-0.0000,-0.2406,0.9706,0.0000,-0.9706,-0.2406),
      ["RightFoot"] = CFrame.new(0.0000,0.0000,0.0000,1.0000,0.0000,0.0000,0.0000,1.0000,0.0000,0.0000,0.0000,1.0000),
      ["LeftUpperLeg"] = CFrame.new(-0.0003,0.0470,-0.0115,0.9684,0.1171,0.2201,-0.1043,0.9921,-0.0693,-0.2265,0.0442,0.9730),
      ["LeftLowerLeg"] = CFrame.new(0.0000,0.0554,-0.0167,1.0000,-0.0000,0.0000,0.0000,0.8334,0.5527,-0.0000,-0.5527,0.8334),
      ["LeftFoot"] = CFrame.new(0.0000,-0.0002,0.0000,1.0000,-0.0000,0.0000,0.0000,1.0000,-0.0000,0.0000,0.0000,1.0000),
    }},
    {Time = 0.467, Data = {
      ["HumanoidRootPart"] = CFrame.new(0.0000,0.0000,0.0000,1.0000,0.0000,0.0000,0.0000,1.0000,0.0000,0.0000,0.0000,1.0000),
      ["LowerTorso"] = CFrame.new(0.0003,0.5190,0.0000,0.9924,0.0768,0.0966,-0.0593,0.9834,-0.1717,-0.1082,0.1647,0.9804),
      ["UpperTorso"] = CFrame.new(0.0000,0.0000,0.0000,0.9940,0.0287,0.1059,-0.0299,0.9995,0.0094,-0.1055,-0.0125,0.9943),
      ["LeftUpperArm"] = CFrame.new(0.0003,-0.0247,0.0063,0.9145,0.1561,0.3732,-0.3200,0.8434,0.4316,-0.2474,-0.5141,0.8213),
      ["LeftLowerArm"] = CFrame.new(-0.0005,0.0655,0.0244,1.0000,-0.0000,0.0000,0.0000,0.7549,-0.6559,0.0000,0.6559,0.7549),
      ["LeftHand"] = CFrame.new(0.0005,0.0000,0.0000,1.0000,-0.0000,0.0000,0.0000,1.0000,-0.0000,0.0000,0.0000,1.0000),
      ["RightUpperArm"] = CFrame.new(0.0000,0.0000,0.0000,0.6824,-0.7290,-0.0542,0.3344,0.3772,-0.8636,0.6500,0.5712,0.5012),
      ["RightLowerArm"] = CFrame.new(0.0000,0.1001,0.1005,1.0000,-0.0000,0.0000,0.0000,-0.0062,-1.0000,0.0000,1.0000,-0.0062),
      ["RightHand"] = CFrame.new(-0.0005,0.0000,0.0000,1.0000,-0.0000,0.0000,0.0000,1.0000,-0.0000,0.0000,0.0000,1.0000),
      ["Head"] = CFrame.new(1.8329,1.1469,-0.6336,-0.4892,0.0000,-0.8722,0.0000,1.0000,0.0000,0.8722,0.0000,-0.4892),
      ["RightUpperLeg"] = CFrame.new(0.0002,-0.0345,0.0084,0.9590,-0.2745,-0.0706,0.1621,0.7356,-0.6577,0.2325,0.6193,0.7499),
      ["RightLowerLeg"] = CFrame.new(0.0000,0.0968,-0.1242,1.0000,-0.0000,0.0000,-0.0000,-0.2406,0.9706,0.0000,-0.9706,-0.2406),
      ["RightFoot"] = CFrame.new(0.0000,0.0000,0.0000,1.0000,0.0000,0.0000,0.0000,1.0000,0.0000,0.0000,0.0000,1.0000),
      ["LeftUpperLeg"] = CFrame.new(-0.0003,0.0494,-0.0121,0.9684,0.1168,0.2202,-0.1031,0.9920,-0.0728,-0.2269,0.0478,0.9727),
      ["LeftLowerLeg"] = CFrame.new(0.0000,0.0557,-0.0169,1.0000,-0.0000,0.0000,0.0000,0.8316,0.5554,-0.0000,-0.5554,0.8316),
      ["LeftFoot"] = CFrame.new(0.0000,-0.0002,0.0000,1.0000,-0.0000,0.0000,0.0000,1.0000,-0.0000,0.0000,0.0000,1.0000),
    }},
    {Time = 0.500, Data = {
      ["HumanoidRootPart"] = CFrame.new(0.0000,0.0000,0.0000,1.0000,0.0000,0.0000,0.0000,1.0000,0.0000,0.0000,0.0000,1.0000),
      ["LowerTorso"] = CFrame.new(0.0003,0.5357,0.0000,0.9923,0.0777,0.0969,-0.0598,0.9825,-0.1761,-0.1089,0.1690,0.9796),
      ["UpperTorso"] = CFrame.new(0.0000,0.0000,0.0000,0.9940,0.0287,0.1059,-0.0299,0.9995,0.0094,-0.1055,-0.0125,0.9943),
      ["LeftUpperArm"] = CFrame.new(0.0003,-0.0277,0.0070,0.9170,0.1568,0.3668,-0.3151,0.8485,0.4252,-0.2446,-0.5055,0.8275),
      ["LeftLowerArm"] = CFrame.new(-0.0005,0.0657,0.0246,1.0000,-0.0000,0.0000,0.0000,0.7533,-0.6577,0.0000,0.6577,0.7533),
      ["LeftHand"] = CFrame.new(0.0005,0.0000,0.0000,1.0000,-0.0000,0.0000,0.0000,1.0000,-0.0000,0.0000,0.0000,1.0000),
      ["RightUpperArm"] = CFrame.new(0.0000,0.0000,0.0000,0.6784,-0.7328,-0.0524,0.3399,0.3763,-0.8619,0.6513,0.5669,0.5044),
      ["RightLowerArm"] = CFrame.new(0.0000,0.1001,0.1005,1.0000,-0.0000,0.0000,0.0000,-0.0062,-1.0000,0.0000,1.0000,-0.0062),
      ["RightHand"] = CFrame.new(-0.0005,0.0000,0.0000,1.0000,-0.0000,0.0000,0.0000,1.0000,-0.0000,0.0000,0.0000,1.0000),
      ["Head"] = CFrame.new(1.8323,1.1507,-0.6353,-0.1974,0.0000,-0.9803,0.0000,1.0000,0.0000,0.9803,0.0000,-0.1974),
      ["RightUpperLeg"] = CFrame.new(0.0002,-0.0351,0.0085,0.9589,-0.2749,-0.0702,0.1618,0.7330,-0.6607,0.2330,0.6222,0.7474),
      ["RightLowerLeg"] = CFrame.new(0.0000,0.0968,-0.1242,1.0000,-0.0000,0.0000,-0.0000,-0.2406,0.9706,0.0000,-0.9706,-0.2406),
      ["RightFoot"] = CFrame.new(0.0000,0.0000,0.0000,1.0000,0.0000,0.0000,0.0000,1.0000,0.0000,0.0000,0.0000,1.0000),
      ["LeftUpperLeg"] = CFrame.new(-0.0003,0.0509,-0.0125,0.9685,0.1164,0.2203,-0.1018,0.9919,-0.0764,-0.2274,0.0516,0.9724),
      ["LeftLowerLeg"] = CFrame.new(0.0000,0.0560,-0.0170,1.0000,-0.0000,0.0000,0.0000,0.8297,0.5582,-0.0000,-0.5582,0.8297),
      ["LeftFoot"] = CFrame.new(0.0000,-0.0002,0.0000,1.0000,-0.0000,0.0000,0.0000,1.0000,-0.0000,0.0000,0.0000,1.0000),
    }},
    {Time = 0.533, Data = {
      ["HumanoidRootPart"] = CFrame.new(0.0000,0.0000,0.0000,1.0000,0.0000,0.0000,0.0000,1.0000,0.0000,0.0000,0.0000,1.0000),
      ["LowerTorso"] = CFrame.new(0.0003,0.5535,0.0000,0.9922,0.0781,0.0971,-0.0596,0.9818,-0.1803,-0.1094,0.1731,0.9788),
      ["UpperTorso"] = CFrame.new(0.0000,0.0000,0.0000,0.9940,0.0287,0.1059,-0.0299,0.9995,0.0094,-0.1055,-0.0125,0.9943),
      ["LeftUpperArm"] = CFrame.new(0.0004,-0.0309,0.0078,0.9195,0.1574,0.3602,-0.3101,0.8536,0.4185,-0.2416,-0.4965,0.8337),
      ["LeftLowerArm"] = CFrame.new(-0.0005,0.0659,0.0248,1.0000,-0.0000,0.0000,0.0000,0.7516,-0.6596,0.0000,0.6596,0.7516),
      ["LeftHand"] = CFrame.new(0.0005,0.0000,0.0000,1.0000,-0.0000,0.0000,0.0000,1.0000,-0.0000,0.0000,0.0000,1.0000),
      ["RightUpperArm"] = CFrame.new(0.0000,0.0000,0.0000,0.6752,-0.7358,-0.0509,0.3443,0.3755,-0.8605,0.6523,0.5635,0.5069),
      ["RightLowerArm"] = CFrame.new(0.0000,0.1001,0.1005,1.0000,-0.0000,0.0000,0.0000,-0.0062,-1.0000,0.0000,1.0000,-0.0062),
      ["RightHand"] = CFrame.new(-0.0005,0.0000,0.0000,1.0000,-0.0000,0.0000,0.0000,1.0000,-0.0000,0.0000,0.0000,1.0000),
      ["Head"] = CFrame.new(1.8322,1.1515,-0.6364,0.1145,-0.0000,-0.9934,0.0000,1.0000,-0.0000,0.9934,0.0000,0.1145),
      ["RightUpperLeg"] = CFrame.new(0.0003,-0.0351,0.0085,0.9588,-0.2752,-0.0700,0.1619,0.7324,-0.6613,0.2332,0.6228,0.7468),
      ["RightLowerLeg"] = CFrame.new(0.0000,0.0968,-0.1242,1.0000,-0.0000,0.0000,-0.0000,-0.2406,0.9706,0.0000,-0.9706,-0.2406),
      ["RightFoot"] = CFrame.new(0.0000,0.0000,0.0000,1.0000,0.0000,0.0000,0.0000,1.0000,0.0000,0.0000,0.0000,1.0000),
      ["LeftUpperLeg"] = CFrame.new(-0.0003,0.0512,-0.0125,0.9685,0.1159,0.2204,-0.1005,0.9917,-0.0802,-0.2279,0.0555,0.9721),
      ["LeftLowerLeg"] = CFrame.new(0.0000,0.0563,-0.0172,1.0000,-0.0000,0.0000,0.0000,0.8277,0.5612,-0.0000,-0.5612,0.8277),
      ["LeftFoot"] = CFrame.new(0.0000,-0.0002,0.0000,1.0000,-0.0000,0.0000,0.0000,1.0000,-0.0000,0.0000,0.0000,1.0000),
    }},
    {Time = 0.567, Data = {
      ["HumanoidRootPart"] = CFrame.new(0.0000,0.0000,0.0000,1.0000,0.0000,0.0000,0.0000,1.0000,0.0000,0.0000,0.0000,1.0000),
      ["LowerTorso"] = CFrame.new(0.0004,0.5723,0.0000,0.9922,0.0781,0.0974,-0.0592,0.9811,-0.1841,-0.1099,0.1769,0.9781),
      ["UpperTorso"] = CFrame.new(0.0000,0.0000,0.0000,0.9940,0.0287,0.1059,-0.0299,0.9995,0.0094,-0.1055,-0.0125,0.9943),
      ["LeftUpperArm"] = CFrame.new(0.0004,-0.0341,0.0087,0.9220,0.1580,0.3535,-0.3049,0.8588,0.4116,-0.2385,-0.4873,0.8400),
      ["LeftLowerArm"] = CFrame.new(-0.0005,0.0661,0.0249,1.0000,-0.0000,0.0000,0.0000,0.7499,-0.6616,0.0000,0.6616,0.7499),
      ["LeftHand"] = CFrame.new(0.0005,0.0000,0.0000,1.0000,-0.0000,0.0000,0.0000,1.0000,-0.0000,0.0000,0.0000,1.0000),
      ["RightUpperArm"] = CFrame.new(0.0000,0.0000,0.0000,0.6729,-0.7381,-0.0499,0.3476,0.3750,-0.8594,0.6530,0.5609,0.5088),
      ["RightLowerArm"] = CFrame.new(0.0000,0.1001,0.1005,1.0000,-0.0000,0.0000,0.0000,-0.0062,-1.0000,0.0000,1.0000,-0.0062),
      ["RightHand"] = CFrame.new(-0.0005,0.0000,0.0000,1.0000,-0.0000,0.0000,0.0000,1.0000,-0.0000,0.0000,0.0000,1.0000),
      ["Head"] = CFrame.new(1.8323,1.1515,-0.6373,0.4158,-0.0000,-0.9095,0.0000,1.0000,-0.0000,0.9095,0.0000,0.4158),
      ["RightUpperLeg"] = CFrame.new(0.0003,-0.0343,0.0082,0.9588,-0.2754,-0.0698,0.1623,0.7327,-0.6609,0.2332,0.6223,0.7472),
      ["RightLowerLeg"] = CFrame.new(0.0000,0.0968,-0.1242,1.0000,-0.0000,0.0000,-0.0000,-0.2406,0.9706,0.0000,-0.9706,-0.2406),
      ["RightFoot"] = CFrame.new(0.0000,0.0000,0.0000,1.0000,0.0000,0.0000,0.0000,1.0000,0.0000,0.0000,0.0000,1.0000),
      ["LeftUpperLeg"] = CFrame.new(-0.0003,0.0512,-0.0124,0.9685,0.1155,0.2205,-0.0991,0.9915,-0.0840,-0.2284,0.0595,0.9718),
      ["LeftLowerLeg"] = CFrame.new(0.0000,0.0566,-0.0175,1.0000,-0.0000,0.0000,0.0000,0.8256,0.5643,-0.0000,-0.5643,0.8256),
      ["LeftFoot"] = CFrame.new(0.0000,-0.0002,0.0000,1.0000,-0.0000,0.0000,0.0000,1.0000,-0.0000,0.0000,0.0000,1.0000),
    }},
    {Time = 0.600, Data = {
      ["HumanoidRootPart"] = CFrame.new(0.0000,0.0000,0.0000,1.0000,0.0000,0.0000,0.0000,1.0000,0.0000,0.0000,0.0000,1.0000),
      ["LowerTorso"] = CFrame.new(0.0004,0.5919,0.0000,0.9922,0.0779,0.0976,-0.0585,0.9805,-0.1877,-0.1103,0.1805,0.9774),
      ["UpperTorso"] = CFrame.new(0.0000,0.0000,0.0000,0.9940,0.0287,0.1059,-0.0299,0.9995,0.0094,-0.1055,-0.0125,0.9943),
      ["LeftUpperArm"] = CFrame.new(0.0004,-0.0373,0.0095,0.9245,0.1584,0.3466,-0.2997,0.8641,0.4045,-0.2354,-0.4778,0.8463),
      ["LeftLowerArm"] = CFrame.new(-0.0005,0.0663,0.0251,1.0000,-0.0000,0.0000,0.0000,0.7481,-0.6636,0.0000,0.6636,0.7481),
      ["LeftHand"] = CFrame.new(0.0005,0.0000,0.0000,1.0000,-0.0000,0.0000,0.0000,1.0000,-0.0000,0.0000,0.0000,1.0000),
      ["RightUpperArm"] = CFrame.new(0.0000,0.0000,0.0000,0.6714,-0.7395,-0.0492,0.3496,0.3746,-0.8588,0.6535,0.5594,0.5100),
      ["RightLowerArm"] = CFrame.new(0.0000,0.1001,0.1005,1.0000,-0.0000,0.0000,0.0000,-0.0062,-1.0000,0.0000,1.0000,-0.0062),
      ["RightHand"] = CFrame.new(-0.0005,0.0000,0.0000,1.0000,-0.0000,0.0000,0.0000,1.0000,-0.0000,0.0000,0.0000,1.0000),
      ["Head"] = CFrame.new(1.8327,1.1515,-0.6381,0.6768,-0.0000,-0.7362,0.0000,1.0000,-0.0000,0.7362,0.0000,0.6768),
      ["RightUpperLeg"] = CFrame.new(0.0003,-0.0324,0.0077,0.9588,-0.2756,-0.0696,0.1629,0.7334,-0.6600,0.2329,0.6214,0.7480),
      ["RightLowerLeg"] = CFrame.new(0.0000,0.0968,-0.1242,1.0000,-0.0000,0.0000,-0.0000,-0.2406,0.9706,0.0000,-0.9706,-0.2406),
      ["RightFoot"] = CFrame.new(0.0000,0.0000,0.0000,1.0000,0.0000,0.0000,0.0000,1.0000,0.0000,0.0000,0.0000,1.0000),
      ["LeftUpperLeg"] = CFrame.new(-0.0003,0.0511,-0.0124,0.9686,0.1150,0.2206,-0.0977,0.9913,-0.0880,-0.2288,0.0637,0.9714),
      ["LeftLowerLeg"] = CFrame.new(0.0000,0.0569,-0.0177,1.0000,-0.0000,0.0000,0.0000,0.8234,0.5674,-0.0000,-0.5674,0.8234),
      ["LeftFoot"] = CFrame.new(0.0000,-0.0002,0.0000,1.0000,-0.0000,0.0000,0.0000,1.0000,-0.0000,0.0000,0.0000,1.0000),
    }},
    {Time = 0.633, Data = {
      ["HumanoidRootPart"] = CFrame.new(0.0000,0.0000,0.0000,1.0000,0.0000,0.0000,0.0000,1.0000,0.0000,0.0000,0.0000,1.0000),
      ["LowerTorso"] = CFrame.new(0.0004,0.6123,0.0000,0.9922,0.0773,0.0978,-0.0576,0.9799,-0.1910,-0.1106,0.1839,0.9767),
      ["UpperTorso"] = CFrame.new(0.0000,0.0000,0.0000,0.9940,0.0287,0.1059,-0.0299,0.9995,0.0094,-0.1055,-0.0125,0.9943),
      ["LeftUpperArm"] = CFrame.new(0.0005,-0.0407,0.0103,0.9271,0.1589,0.3395,-0.2944,0.8692,0.3972,-0.2320,-0.4682,0.8526),
      ["LeftLowerArm"] = CFrame.new(-0.0005,0.0665,0.0253,1.0000,-0.0000,0.0000,0.0000,0.7463,-0.6656,0.0000,0.6656,0.7463),
      ["LeftHand"] = CFrame.new(0.0005,0.0000,0.0000,1.0000,-0.0000,0.0000,0.0000,1.0000,-0.0000,0.0000,0.0000,1.0000),
      ["RightUpperArm"] = CFrame.new(0.0000,0.0000,0.0000,0.6711,-0.7398,-0.0491,0.3500,0.3745,-0.8586,0.6536,0.5590,0.5102),
      ["RightLowerArm"] = CFrame.new(0.0000,0.1001,0.1005,1.0000,-0.0000,0.0000,0.0000,-0.0062,-1.0000,0.0000,1.0000,-0.0062),
      ["RightHand"] = CFrame.new(-0.0005,0.0000,0.0000,1.0000,-0.0000,0.0000,0.0000,1.0000,-0.0000,0.0000,0.0000,1.0000),
      ["Head"] = CFrame.new(1.8333,1.1515,-0.6388,0.8716,-0.0000,-0.4902,0.0000,1.0000,-0.0000,0.4902,0.0000,0.8716),
      ["RightUpperLeg"] = CFrame.new(0.0003,-0.0295,0.0068,0.9587,-0.2757,-0.0692,0.1637,0.7346,-0.6585,0.2324,0.6200,0.7494),
      ["RightLowerLeg"] = CFrame.new(0.0000,0.0968,-0.1242,1.0000,-0.0000,0.0000,-0.0000,-0.2406,0.9706,0.0000,-0.9706,-0.2406),
      ["RightFoot"] = CFrame.new(0.0000,0.0000,0.0000,1.0000,0.0000,0.0000,0.0000,1.0000,0.0000,0.0000,0.0000,1.0000),
      ["LeftUpperLeg"] = CFrame.new(-0.0003,0.0510,-0.0124,0.9686,0.1145,0.2207,-0.0962,0.9911,-0.0921,-0.2293,0.0680,0.9710),
      ["LeftLowerLeg"] = CFrame.new(0.0000,0.0572,-0.0179,1.0000,-0.0000,0.0000,0.0000,0.8211,0.5707,-0.0000,-0.5707,0.8211),
      ["LeftFoot"] = CFrame.new(0.0000,-0.0002,0.0000,1.0000,-0.0000,0.0000,0.0000,1.0000,-0.0000,0.0000,0.0000,1.0000),
    }},
    {Time = 0.667, Data = {
      ["HumanoidRootPart"] = CFrame.new(0.0000,0.0000,0.0000,1.0000,0.0000,0.0000,0.0000,1.0000,0.0000,0.0000,0.0000,1.0000),
      ["LowerTorso"] = CFrame.new(0.0005,0.6334,0.0000,0.9922,0.0766,0.0980,-0.0564,0.9794,-0.1941,-0.1108,0.1870,0.9761),
      ["UpperTorso"] = CFrame.new(0.0000,0.0000,0.0000,0.9940,0.0287,0.1059,-0.0299,0.9995,0.0094,-0.1055,-0.0125,0.9943),
      ["LeftUpperArm"] = CFrame.new(0.0005,-0.0440,0.0112,0.9296,0.1593,0.3325,-0.2892,0.8743,0.3897,-0.2286,-0.4584,0.8588),
      ["LeftLowerArm"] = CFrame.new(-0.0005,0.0667,0.0255,1.0000,-0.0000,0.0000,0.0000,0.7445,-0.6676,0.0000,0.6676,0.7445),
      ["LeftHand"] = CFrame.new(0.0005,0.0000,0.0000,1.0000,-0.0000,0.0000,0.0000,1.0000,-0.0000,0.0000,0.0000,1.0000),
      ["RightUpperArm"] = CFrame.new(0.0000,0.0000,0.0000,0.6711,-0.7397,-0.0491,0.3499,0.3745,-0.8587,0.6536,0.5591,0.5102),
      ["RightLowerArm"] = CFrame.new(0.0000,0.1001,0.1005,1.0000,-0.0000,0.0000,0.0000,-0.0062,-1.0000,0.0000,1.0000,-0.0062),
      ["RightHand"] = CFrame.new(-0.0005,0.0000,0.0000,1.0000,-0.0000,0.0000,0.0000,1.0000,-0.0000,0.0000,0.0000,1.0000),
      ["Head"] = CFrame.new(1.8340,1.1515,-0.6395,0.9806,-0.0000,-0.1958,0.0000,1.0000,-0.0000,0.1958,0.0000,0.9806),
      ["RightUpperLeg"] = CFrame.new(0.0003,-0.0257,0.0057,0.9587,-0.2758,-0.0688,0.1647,0.7361,-0.6565,0.2317,0.6181,0.7512),
      ["RightLowerLeg"] = CFrame.new(0.0000,0.0968,-0.1242,1.0000,-0.0000,0.0000,-0.0000,-0.2406,0.9706,0.0000,-0.9706,-0.2406),
      ["RightFoot"] = CFrame.new(0.0000,0.0000,0.0000,1.0000,0.0000,0.0000,0.0000,1.0000,0.0000,0.0000,0.0000,1.0000),
      ["LeftUpperLeg"] = CFrame.new(-0.0003,0.0508,-0.0124,0.9686,0.1139,0.2208,-0.0946,0.9908,-0.0963,-0.2297,0.0724,0.9706),
      ["LeftLowerLeg"] = CFrame.new(0.0000,0.0576,-0.0181,1.0000,-0.0000,0.0000,0.0000,0.8188,0.5741,-0.0000,-0.5741,0.8188),
      ["LeftFoot"] = CFrame.new(0.0000,-0.0002,0.0000,1.0000,-0.0000,0.0000,0.0000,1.0000,-0.0000,0.0000,0.0000,1.0000),
    }},
    {Time = 0.700, Data = {
      ["HumanoidRootPart"] = CFrame.new(0.0000,0.0000,0.0000,1.0000,0.0000,0.0000,0.0000,1.0000,0.0000,0.0000,0.0000,1.0000),
      ["LowerTorso"] = CFrame.new(0.0005,0.6548,0.0000,0.9923,0.0756,0.0982,-0.0551,0.9789,-0.1969,-0.1110,0.1899,0.9755),
      ["UpperTorso"] = CFrame.new(0.0000,0.0000,0.0000,0.9940,0.0287,0.1059,-0.0299,0.9995,0.0094,-0.1055,-0.0125,0.9943),
      ["LeftUpperArm"] = CFrame.new(0.0006,-0.0474,0.0120,0.9320,0.1596,0.3253,-0.2840,0.8794,0.3822,-0.2251,-0.4486,0.8649),
      ["LeftLowerArm"] = CFrame.new(-0.0005,0.0669,0.0257,1.0000,-0.0000,0.0000,0.0000,0.7427,-0.6696,0.0000,0.6696,0.7427),
      ["LeftHand"] = CFrame.new(0.0005,0.0000,0.0000,1.0000,-0.0000,0.0000,0.0000,1.0000,-0.0000,0.0000,0.0000,1.0000),
      ["RightUpperArm"] = CFrame.new(0.0000,0.0000,0.0000,0.6713,-0.7396,-0.0492,0.3497,0.3746,-0.8587,0.6535,0.5592,0.5101),
      ["RightLowerArm"] = CFrame.new(0.0000,0.1001,0.1005,1.0000,-0.0000,0.0000,0.0000,-0.0062,-1.0000,0.0000,1.0000,-0.0062),
      ["RightHand"] = CFrame.new(-0.0005,0.0000,0.0000,1.0000,-0.0000,0.0000,0.0000,1.0000,-0.0000,0.0000,0.0000,1.0000),
      ["Head"] = CFrame.new(1.8348,1.1515,-0.6401,0.9930,-0.0000,0.1180,0.0000,1.0000,-0.0000,-0.1180,0.0000,0.9930),
      ["RightUpperLeg"] = CFrame.new(0.0003,-0.0212,0.0043,0.9588,-0.2759,-0.0683,0.1658,0.7380,-0.6541,0.2309,0.6158,0.7533),
      ["RightLowerLeg"] = CFrame.new(0.0000,0.0968,-0.1242,1.0000,-0.0000,0.0000,-0.0000,-0.2406,0.9706,0.0000,-0.9706,-0.2406),
      ["RightFoot"] = CFrame.new(0.0000,0.0000,0.0000,1.0000,0.0000,0.0000,0.0000,1.0000,0.0000,0.0000,0.0000,1.0000),
      ["LeftUpperLeg"] = CFrame.new(-0.0003,0.0505,-0.0124,0.9687,0.1134,0.2209,-0.0930,0.9906,-0.1005,-0.2302,0.0768,0.9701),
      ["LeftLowerLeg"] = CFrame.new(0.0000,0.0579,-0.0184,1.0000,-0.0000,0.0000,0.0000,0.8164,0.5775,-0.0000,-0.5775,0.8164),
      ["LeftFoot"] = CFrame.new(0.0000,-0.0002,0.0000,1.0000,-0.0000,0.0000,0.0000,1.0000,-0.0000,0.0000,0.0000,1.0000),
    }},
    {Time = 0.733, Data = {
      ["HumanoidRootPart"] = CFrame.new(0.0000,0.0000,0.0000,1.0000,0.0000,0.0000,0.0000,1.0000,0.0000,0.0000,0.0000,1.0000),
      ["LowerTorso"] = CFrame.new(0.0005,0.6767,0.0000,0.9924,0.0744,0.0984,-0.0536,0.9784,-0.1994,-0.1111,0.1926,0.9750),
      ["UpperTorso"] = CFrame.new(0.0000,0.0000,0.0000,0.9940,0.0287,0.1059,-0.0299,0.9995,0.0094,-0.1055,-0.0125,0.9943),
      ["LeftUpperArm"] = CFrame.new(0.0006,-0.0507,0.0129,0.9345,0.1598,0.3182,-0.2788,0.8843,0.3746,-0.2215,-0.4387,0.8709),
      ["LeftLowerArm"] = CFrame.new(-0.0005,0.0671,0.0258,1.0000,-0.0000,0.0000,0.0000,0.7409,-0.6716,0.0000,0.6716,0.7409),
      ["LeftHand"] = CFrame.new(0.0005,0.0000,0.0000,1.0000,-0.0000,0.0000,0.0000,1.0000,-0.0000,0.0000,0.0000,1.0000),
      ["RightUpperArm"] = CFrame.new(0.0000,0.0000,0.0000,0.6715,-0.7394,-0.0493,0.3494,0.3746,-0.8588,0.6534,0.5595,0.5099),
      ["RightLowerArm"] = CFrame.new(0.0000,0.1001,0.1005,1.0000,-0.0000,0.0000,0.0000,-0.0062,-1.0000,0.0000,1.0000,-0.0062),
      ["RightHand"] = CFrame.new(-0.0005,0.0000,0.0000,1.0000,-0.0000,0.0000,0.0000,1.0000,-0.0000,0.0000,0.0000,1.0000),
      ["Head"] = CFrame.new(1.8359,1.1515,-0.6407,0.9075,-0.0000,0.4201,0.0000,1.0000,-0.0000,-0.4201,0.0000,0.9075),
      ["RightUpperLeg"] = CFrame.new(0.0003,-0.0160,0.0027,0.9588,-0.2760,-0.0677,0.1671,0.7403,-0.6512,0.2298,0.6131,0.7559),
      ["RightLowerLeg"] = CFrame.new(0.0000,0.0968,-0.1242,1.0000,-0.0000,0.0000,-0.0000,-0.2406,0.9706,0.0000,-0.9706,-0.2406),
      ["RightFoot"] = CFrame.new(0.0000,0.0000,0.0000,1.0000,0.0000,0.0000,0.0000,1.0000,0.0000,0.0000,0.0000,1.0000),
      ["LeftUpperLeg"] = CFrame.new(-0.0003,0.0502,-0.0123,0.9687,0.1128,0.2209,-0.0914,0.9903,-0.1048,-0.2306,0.0814,0.9696),
      ["LeftLowerLeg"] = CFrame.new(0.0000,0.0583,-0.0186,1.0000,-0.0000,0.0000,0.0000,0.8139,0.5811,-0.0000,-0.5811,0.8139),
      ["LeftFoot"] = CFrame.new(0.0000,-0.0002,0.0000,1.0000,-0.0000,0.0000,0.0000,1.0000,-0.0000,0.0000,0.0000,1.0000),
    }},
    {Time = 0.767, Data = {
      ["HumanoidRootPart"] = CFrame.new(0.0000,0.0000,0.0000,1.0000,0.0000,0.0000,0.0000,1.0000,0.0000,0.0000,0.0000,1.0000),
      ["LowerTorso"] = CFrame.new(0.0006,0.6987,0.0000,0.9925,0.0729,0.0986,-0.0518,0.9781,-0.2018,-0.1111,0.1952,0.9745),
      ["UpperTorso"] = CFrame.new(0.0000,0.0000,0.0000,0.9940,0.0287,0.1059,-0.0299,0.9995,0.0094,-0.1055,-0.0125,0.9943),
      ["LeftUpperArm"] = CFrame.new(0.0006,-0.0540,0.0137,0.9368,0.1599,0.3111,-0.2736,0.8891,0.3670,-0.2179,-0.4289,0.8767),
      ["LeftLowerArm"] = CFrame.new(-0.0005,0.0673,0.0260,1.0000,-0.0000,0.0000,0.0000,0.7391,-0.6736,0.0000,0.6736,0.7391),
      ["LeftHand"] = CFrame.new(0.0005,0.0000,0.0000,1.0000,-0.0000,0.0000,0.0000,1.0000,-0.0000,0.0000,0.0000,1.0000),
      ["RightUpperArm"] = CFrame.new(0.0000,0.0000,0.0000,0.6718,-0.7391,-0.0494,0.3490,0.3747,-0.8589,0.6533,0.5598,0.5097),
      ["RightLowerArm"] = CFrame.new(0.0000,0.1001,0.1005,1.0000,-0.0000,0.0000,0.0000,-0.0062,-1.0000,0.0000,1.0000,-0.0062),
      ["RightHand"] = CFrame.new(-0.0005,0.0000,0.0000,1.0000,-0.0000,0.0000,0.0000,1.0000,-0.0000,0.0000,0.0000,1.0000),
      ["Head"] = CFrame.new(1.8370,1.1514,-0.6412,0.7326,-0.0000,0.6807,0.0000,1.0000,-0.0000,-0.6807,0.0000,0.7326),
      ["RightUpperLeg"] = CFrame.new(0.0003,-0.0101,0.0010,0.9588,-0.2760,-0.0670,0.1685,0.7429,-0.6479,0.2286,0.6099,0.7588),
      ["RightLowerLeg"] = CFrame.new(0.0000,0.0968,-0.1242,1.0000,-0.0000,0.0000,-0.0000,-0.2406,0.9706,0.0000,-0.9706,-0.2406),
      ["RightFoot"] = CFrame.new(0.0000,0.0000,0.0000,1.0000,0.0000,0.0000,0.0000,1.0000,0.0000,0.0000,0.0000,1.0000),
      ["LeftUpperLeg"] = CFrame.new(-0.0003,0.0499,-0.0122,0.9688,0.1122,0.2210,-0.0897,0.9900,-0.1092,-0.2310,0.0860,0.9691),
      ["LeftLowerLeg"] = CFrame.new(0.0000,0.0586,-0.0189,1.0000,-0.0000,0.0000,0.0000,0.8113,0.5846,-0.0000,-0.5846,0.8113),
      ["LeftFoot"] = CFrame.new(0.0000,-0.0002,0.0000,1.0000,-0.0000,0.0000,0.0000,1.0000,-0.0000,0.0000,0.0000,1.0000),
    }},
    {Time = 0.800, Data = {
      ["HumanoidRootPart"] = CFrame.new(0.0000,0.0000,0.0000,1.0000,0.0000,0.0000,0.0000,1.0000,0.0000,0.0000,0.0000,1.0000),
      ["LowerTorso"] = CFrame.new(0.0006,0.7208,0.0000,0.9926,0.0713,0.0988,-0.0500,0.9777,-0.2039,-0.1111,0.1975,0.9740),
      ["UpperTorso"] = CFrame.new(0.0000,0.0000,0.0000,0.9940,0.0287,0.1059,-0.0299,0.9995,0.0094,-0.1055,-0.0125,0.9943),
      ["LeftUpperArm"] = CFrame.new(0.0007,-0.0573,0.0146,0.9391,0.1599,0.3041,-0.2685,0.8937,0.3593,-0.2143,-0.4191,0.8823),
      ["LeftLowerArm"] = CFrame.new(-0.0005,0.0675,0.0262,1.0000,-0.0000,0.0000,0.0000,0.7373,-0.6755,0.0000,0.6755,0.7373),
      ["LeftHand"] = CFrame.new(0.0005,0.0000,0.0000,1.0000,-0.0000,0.0000,0.0000,1.0000,-0.0000,0.0000,0.0000,1.0000),
      ["RightUpperArm"] = CFrame.new(0.0000,0.0000,0.0000,0.6722,-0.7387,-0.0496,0.3485,0.3748,-0.8591,0.6532,0.5602,0.5094),
      ["RightLowerArm"] = CFrame.new(0.0000,0.1001,0.1005,1.0000,-0.0000,0.0000,0.0000,-0.0062,-1.0000,0.0000,1.0000,-0.0062),
      ["RightHand"] = CFrame.new(-0.0005,0.0000,0.0000,1.0000,-0.0000,0.0000,0.0000,1.0000,-0.0000,0.0000,0.0000,1.0000),
      ["Head"] = CFrame.new(1.8382,1.1514,-0.6416,0.4859,-0.0000,0.8740,0.0000,1.0000,-0.0000,-0.8740,0.0000,0.4859),
      ["RightUpperLeg"] = CFrame.new(0.0003,-0.0038,-0.0009,0.9589,-0.2760,-0.0664,0.1701,0.7457,-0.6442,0.2273,0.6064,0.7620),
      ["RightLowerLeg"] = CFrame.new(0.0000,0.0968,-0.1242,1.0000,-0.0000,0.0000,-0.0000,-0.2406,0.9706,0.0000,-0.9706,-0.2406),
      ["RightFoot"] = CFrame.new(0.0000,0.0000,0.0000,1.0000,0.0000,0.0000,0.0000,1.0000,0.0000,0.0000,0.0000,1.0000),
      ["LeftUpperLeg"] = CFrame.new(-0.0003,0.0495,-0.0121,0.9689,0.1116,0.2211,-0.0881,0.9896,-0.1136,-0.2315,0.0906,0.9686),
      ["LeftLowerLeg"] = CFrame.new(0.0000,0.0590,-0.0192,1.0000,-0.0000,0.0000,0.0000,0.8087,0.5883,-0.0000,-0.5883,0.8087),
      ["LeftFoot"] = CFrame.new(0.0000,-0.0002,0.0000,1.0000,-0.0000,0.0000,0.0000,1.0000,-0.0000,0.0000,0.0000,1.0000),
    }},
    {Time = 0.833, Data = {
      ["HumanoidRootPart"] = CFrame.new(0.0000,0.0000,0.0000,1.0000,0.0000,0.0000,0.0000,1.0000,0.0000,0.0000,0.0000,1.0000),
      ["LowerTorso"] = CFrame.new(0.0006,0.7427,0.0000,0.9927,0.0695,0.0990,-0.0479,0.9774,-0.2058,-0.1110,0.1996,0.9736),
      ["UpperTorso"] = CFrame.new(0.0000,0.0000,0.0000,0.9940,0.0287,0.1059,-0.0299,0.9995,0.0094,-0.1055,-0.0125,0.9943),
      ["LeftUpperArm"] = CFrame.new(0.0007,-0.0605,0.0154,0.9414,0.1599,0.2971,-0.2636,0.8982,0.3517,-0.2107,-0.4094,0.8877),
      ["LeftLowerArm"] = CFrame.new(-0.0005,0.0677,0.0264,1.0000,-0.0000,0.0000,0.0000,0.7356,-0.6775,0.0000,0.6775,0.7356),
      ["LeftHand"] = CFrame.new(0.0005,0.0000,0.0000,1.0000,-0.0000,0.0000,0.0000,1.0000,-0.0000,0.0000,0.0000,1.0000),
      ["RightUpperArm"] = CFrame.new(0.0000,0.0000,0.0000,0.6726,-0.7383,-0.0498,0.3479,0.3749,-0.8593,0.6531,0.5607,0.5090),
      ["RightLowerArm"] = CFrame.new(0.0000,0.1001,0.1005,1.0000,-0.0000,0.0000,0.0000,-0.0062,-1.0000,0.0000,1.0000,-0.0062),
      ["RightHand"] = CFrame.new(-0.0005,0.0000,0.0000,1.0000,-0.0000,0.0000,0.0000,1.0000,-0.0000,0.0000,0.0000,1.0000),
      ["Head"] = CFrame.new(1.8395,1.1513,-0.6420,0.1920,-0.0000,0.9814,0.0000,1.0000,-0.0000,-0.9814,0.0000,0.1920),
      ["RightUpperLeg"] = CFrame.new(0.0003,0.0029,-0.0029,0.9589,-0.2760,-0.0656,0.1717,0.7489,-0.6400,0.2258,0.6024,0.7656),
      ["RightLowerLeg"] = CFrame.new(0.0000,0.0968,-0.1242,1.0000,-0.0000,0.0000,-0.0000,-0.2406,0.9706,0.0000,-0.9706,-0.2406),
      ["RightFoot"] = CFrame.new(0.0000,0.0000,0.0000,1.0000,0.0000,0.0000,0.0000,1.0000,0.0000,0.0000,0.0000,1.0000),
      ["LeftUpperLeg"] = CFrame.new(-0.0003,0.0491,-0.0120,0.9689,0.1110,0.2211,-0.0863,0.9892,-0.1181,-0.2319,0.0954,0.9681),
      ["LeftLowerLeg"] = CFrame.new(0.0000,0.0594,-0.0194,1.0000,-0.0000,0.0000,0.0000,0.8060,0.5919,-0.0000,-0.5919,0.8060),
      ["LeftFoot"] = CFrame.new(0.0000,-0.0002,0.0000,1.0000,-0.0000,0.0000,0.0000,1.0000,-0.0000,0.0000,0.0000,1.0000),
    }},
    {Time = 0.867, Data = {
      ["HumanoidRootPart"] = CFrame.new(0.0000,0.0000,0.0000,1.0000,0.0000,0.0000,0.0000,1.0000,0.0000,0.0000,0.0000,1.0000),
      ["LowerTorso"] = CFrame.new(0.0007,0.7645,0.0000,0.9928,0.0675,0.0992,-0.0457,0.9772,-0.2076,-0.1109,0.2015,0.9732),
      ["UpperTorso"] = CFrame.new(0.0000,0.0000,0.0000,0.9940,0.0287,0.1059,-0.0299,0.9995,0.0094,-0.1055,-0.0125,0.9943),
      ["LeftUpperArm"] = CFrame.new(0.0008,-0.0637,0.0162,0.9435,0.1598,0.2903,-0.2588,0.9025,0.3443,-0.2070,-0.3999,0.8929),
      ["LeftLowerArm"] = CFrame.new(-0.0005,0.0679,0.0265,1.0000,-0.0000,0.0000,0.0000,0.7338,-0.6793,0.0000,0.6793,0.7338),
      ["LeftHand"] = CFrame.new(0.0005,0.0000,0.0000,1.0000,-0.0000,0.0000,0.0000,1.0000,-0.0000,0.0000,0.0000,1.0000),
      ["RightUpperArm"] = CFrame.new(0.0000,0.0000,0.0000,0.6731,-0.7378,-0.0500,0.3472,0.3750,-0.8595,0.6529,0.5612,0.5086),
      ["RightLowerArm"] = CFrame.new(0.0000,0.1001,0.1005,1.0000,-0.0000,0.0000,0.0000,-0.0062,-1.0000,0.0000,1.0000,-0.0062),
      ["RightHand"] = CFrame.new(-0.0005,0.0000,0.0000,1.0000,-0.0000,0.0000,0.0000,1.0000,-0.0000,0.0000,0.0000,1.0000),
      ["Head"] = CFrame.new(1.8408,1.1512,-0.6424,-0.1201,0.0000,0.9928,0.0000,1.0000,0.0000,-0.9928,0.0000,-0.1201),
      ["RightUpperLeg"] = CFrame.new(0.0003,0.0100,-0.0051,0.9590,-0.2759,-0.0649,0.1735,0.7524,-0.6355,0.2242,0.5982,0.7694),
      ["RightLowerLeg"] = CFrame.new(0.0000,0.0968,-0.1242,1.0000,-0.0000,0.0000,-0.0000,-0.2406,0.9706,0.0000,-0.9706,-0.2406),
      ["RightFoot"] = CFrame.new(0.0000,0.0000,0.0000,1.0000,0.0000,0.0000,0.0000,1.0000,0.0000,0.0000,0.0000,1.0000),
      ["LeftUpperLeg"] = CFrame.new(-0.0003,0.0486,-0.0119,0.9690,0.1103,0.2212,-0.0846,0.9888,-0.1226,-0.2323,0.1001,0.9675),
      ["LeftLowerLeg"] = CFrame.new(0.0000,0.0597,-0.0197,1.0000,-0.0000,0.0000,0.0000,0.8032,0.5956,-0.0000,-0.5956,0.8032),
      ["LeftFoot"] = CFrame.new(0.0000,-0.0002,0.0000,1.0000,-0.0000,0.0000,0.0000,1.0000,-0.0000,0.0000,0.0000,1.0000),
    }},
    {Time = 0.900, Data = {
      ["HumanoidRootPart"] = CFrame.new(0.0000,0.0000,0.0000,1.0000,0.0000,0.0000,0.0000,1.0000,0.0000,0.0000,0.0000,1.0000),
      ["LowerTorso"] = CFrame.new(0.0007,0.7859,0.0000,0.9929,0.0653,0.0995,-0.0433,0.9769,-0.2091,-0.1108,0.2033,0.9728),
      ["UpperTorso"] = CFrame.new(0.0000,0.0000,0.0000,0.9940,0.0287,0.1059,-0.0299,0.9995,0.0094,-0.1055,-0.0125,0.9943),
      ["LeftUpperArm"] = CFrame.new(0.0008,-0.0668,0.0170,0.9455,0.1596,0.2837,-0.2541,0.9066,0.3369,-0.2035,-0.3906,0.8978),
      ["LeftLowerArm"] = CFrame.new(-0.0005,0.0680,0.0267,1.0000,-0.0000,0.0000,0.0000,0.7321,-0.6812,0.0000,0.6812,0.7321),
      ["LeftHand"] = CFrame.new(0.0005,0.0000,0.0000,1.0000,-0.0000,0.0000,0.0000,1.0000,-0.0000,0.0000,0.0000,1.0000),
      ["RightUpperArm"] = CFrame.new(0.0000,0.0000,0.0000,0.6737,-0.7373,-0.0503,0.3464,0.3752,-0.8598,0.6528,0.5618,0.5082),
      ["RightLowerArm"] = CFrame.new(0.0000,0.1001,0.1005,1.0000,-0.0000,0.0000,0.0000,-0.0062,-1.0000,0.0000,1.0000,-0.0062),
      ["RightHand"] = CFrame.new(-0.0005,0.0000,0.0000,1.0000,-0.0000,0.0000,0.0000,1.0000,-0.0000,0.0000,0.0000,1.0000),
      ["Head"] = CFrame.new(1.8422,1.1511,-0.6427,-0.4198,0.0000,0.9076,0.0000,1.0000,0.0000,-0.9076,0.0000,-0.4198),
      ["RightUpperLeg"] = CFrame.new(0.0003,0.0173,-0.0072,0.9590,-0.2759,-0.0642,0.1753,0.7560,-0.6306,0.2225,0.5936,0.7734),
      ["RightLowerLeg"] = CFrame.new(0.0000,0.0968,-0.1242,1.0000,-0.0000,0.0000,-0.0000,-0.2406,0.9706,0.0000,-0.9706,-0.2406),
      ["RightFoot"] = CFrame.new(0.0000,0.0000,0.0000,1.0000,0.0000,0.0000,0.0000,1.0000,0.0000,0.0000,0.0000,1.0000),
      ["LeftUpperLeg"] = CFrame.new(-0.0003,0.0481,-0.0118,0.9690,0.1097,0.2213,-0.0828,0.9884,-0.1272,-0.2327,0.1049,0.9669),
      ["LeftLowerLeg"] = CFrame.new(0.0000,0.0601,-0.0200,1.0000,-0.0000,0.0000,0.0000,0.8005,0.5994,-0.0000,-0.5994,0.8005),
      ["LeftFoot"] = CFrame.new(0.0000,-0.0002,0.0000,1.0000,-0.0000,0.0000,0.0000,1.0000,-0.0000,0.0000,0.0000,1.0000),
    }},
    {Time = 0.933, Data = {
      ["HumanoidRootPart"] = CFrame.new(0.0000,0.0000,0.0000,1.0000,0.0000,0.0000,0.0000,1.0000,0.0000,0.0000,0.0000,1.0000),
      ["LowerTorso"] = CFrame.new(0.0007,0.8068,0.0000,0.9930,0.0630,0.0997,-0.0408,0.9768,-0.2105,-0.1107,0.2049,0.9725),
      ["UpperTorso"] = CFrame.new(0.0000,0.0000,0.0000,0.9940,0.0287,0.1059,-0.0299,0.9995,0.0094,-0.1055,-0.0125,0.9943),
      ["LeftUpperArm"] = CFrame.new(0.0008,-0.0698,0.0177,0.9475,0.1593,0.2773,-0.2496,0.9105,0.3297,-0.2000,-0.3816,0.9024),
      ["LeftLowerArm"] = CFrame.new(-0.0005,0.0682,0.0269,1.0000,-0.0000,0.0000,0.0000,0.7305,-0.6829,0.0000,0.6829,0.7305),
      ["LeftHand"] = CFrame.new(0.0005,0.0000,0.0000,1.0000,-0.0000,0.0000,0.0000,1.0000,-0.0000,0.0000,0.0000,1.0000),
      ["RightUpperArm"] = CFrame.new(0.0000,0.0000,0.0000,0.6743,-0.7367,-0.0505,0.3455,0.3753,-0.8601,0.6526,0.5625,0.5077),
      ["RightLowerArm"] = CFrame.new(0.0000,0.1001,0.1005,1.0000,-0.0000,0.0000,0.0000,-0.0062,-1.0000,0.0000,1.0000,-0.0062),
      ["RightHand"] = CFrame.new(-0.0005,0.0000,0.0000,1.0000,-0.0000,0.0000,0.0000,1.0000,-0.0000,0.0000,0.0000,1.0000),
      ["Head"] = CFrame.new(1.8437,1.1510,-0.6430,-0.6779,0.0000,0.7351,0.0000,1.0000,0.0000,-0.7351,0.0000,-0.6779),
      ["RightUpperLeg"] = CFrame.new(0.0003,0.0247,-0.0095,0.9591,-0.2758,-0.0634,0.1772,0.7599,-0.6254,0.2207,0.5886,0.7777),
      ["RightLowerLeg"] = CFrame.new(0.0000,0.0968,-0.1242,1.0000,-0.0000,0.0000,-0.0000,-0.2406,0.9706,0.0000,-0.9706,-0.2406),
      ["RightFoot"] = CFrame.new(0.0000,0.0000,0.0000,1.0000,0.0000,0.0000,0.0000,1.0000,0.0000,0.0000,0.0000,1.0000),
      ["LeftUpperLeg"] = CFrame.new(-0.0003,0.0475,-0.0117,0.9691,0.1090,0.2213,-0.0810,0.9880,-0.1317,-0.2330,0.1097,0.9663),
      ["LeftLowerLeg"] = CFrame.new(0.0000,0.0605,-0.0203,1.0000,-0.0000,0.0000,0.0000,0.7976,0.6031,-0.0000,-0.6031,0.7976),
      ["LeftFoot"] = CFrame.new(0.0000,-0.0002,0.0000,1.0000,-0.0000,0.0000,0.0000,1.0000,-0.0000,0.0000,0.0000,1.0000),
    }},
    {Time = 0.967, Data = {
      ["HumanoidRootPart"] = CFrame.new(0.0000,0.0000,0.0000,1.0000,0.0000,0.0000,0.0000,1.0000,0.0000,0.0000,0.0000,1.0000),
      ["LowerTorso"] = CFrame.new(0.0008,0.8271,0.0000,0.9931,0.0605,0.1000,-0.0382,0.9766,-0.2116,-0.1105,0.2064,0.9722),
      ["UpperTorso"] = CFrame.new(0.0000,0.0000,0.0000,0.9940,0.0287,0.1059,-0.0299,0.9995,0.0094,-0.1055,-0.0125,0.9943),
      ["LeftUpperArm"] = CFrame.new(0.0009,-0.0726,0.0185,0.9493,0.1590,0.2712,-0.2453,0.9141,0.3228,-0.1965,-0.3730,0.9068),
      ["LeftLowerArm"] = CFrame.new(-0.0005,0.0684,0.0270,1.0000,-0.0000,0.0000,0.0000,0.7289,-0.6846,0.0000,0.6846,0.7289),
      ["LeftHand"] = CFrame.new(0.0005,0.0000,0.0000,1.0000,-0.0000,0.0000,0.0000,1.0000,-0.0000,0.0000,0.0000,1.0000),
      ["RightUpperArm"] = CFrame.new(0.0000,0.0000,0.0000,0.6751,-0.7360,-0.0509,0.3446,0.3755,-0.8604,0.6524,0.5633,0.5071),
      ["RightLowerArm"] = CFrame.new(0.0000,0.1001,0.1005,1.0000,-0.0000,0.0000,0.0000,-0.0062,-1.0000,0.0000,1.0000,-0.0062),
      ["RightHand"] = CFrame.new(-0.0005,0.0000,0.0000,1.0000,-0.0000,0.0000,0.0000,1.0000,-0.0000,0.0000,0.0000,1.0000),
      ["Head"] = CFrame.new(1.8451,1.1509,-0.6432,-0.8702,0.0000,0.4927,0.0000,1.0000,0.0000,-0.4927,0.0000,-0.8702),
      ["RightUpperLeg"] = CFrame.new(0.0003,0.0322,-0.0117,0.9592,-0.2757,-0.0627,0.1791,0.7640,-0.6199,0.2188,0.5833,0.7822),
      ["RightLowerLeg"] = CFrame.new(0.0000,0.0968,-0.1242,1.0000,-0.0000,0.0000,-0.0000,-0.2406,0.9706,0.0000,-0.9706,-0.2406),
      ["RightFoot"] = CFrame.new(0.0000,0.0000,0.0000,1.0000,0.0000,0.0000,0.0000,1.0000,0.0000,0.0000,0.0000,1.0000),
      ["LeftUpperLeg"] = CFrame.new(-0.0003,0.0469,-0.0115,0.9692,0.1083,0.2214,-0.0792,0.9875,-0.1363,-0.2334,0.1146,0.9656),
      ["LeftLowerLeg"] = CFrame.new(0.0000,0.0608,-0.0205,1.0000,-0.0000,0.0000,0.0000,0.7948,0.6069,-0.0000,-0.6069,0.7948),
      ["LeftFoot"] = CFrame.new(0.0000,-0.0002,0.0000,1.0000,-0.0000,0.0000,0.0000,1.0000,-0.0000,0.0000,0.0000,1.0000),
    }},
    {Time = 1.000, Data = {
      ["HumanoidRootPart"] = CFrame.new(0.0000,0.0000,0.0000,1.0000,0.0000,0.0000,0.0000,1.0000,0.0000,0.0000,0.0000,1.0000),
      ["LowerTorso"] = CFrame.new(0.0008,0.8466,0.0000,0.9933,0.0579,0.1004,-0.0354,0.9765,-0.2127,-0.1104,0.2077,0.9719),
      ["UpperTorso"] = CFrame.new(0.0000,0.0000,0.0000,0.9940,0.0287,0.1059,-0.0299,0.9995,0.0094,-0.1055,-0.0125,0.9943),
      ["LeftUpperArm"] = CFrame.new(0.0009,-0.0754,0.0192,0.9510,0.1587,0.2653,-0.2413,0.9175,0.3161,-0.1932,-0.3646,0.9109),
      ["LeftLowerArm"] = CFrame.new(-0.0005,0.0685,0.0272,1.0000,-0.0000,0.0000,0.0000,0.7274,-0.6862,0.0000,0.6862,0.7274),
      ["LeftHand"] = CFrame.new(0.0005,0.0000,0.0000,1.0000,-0.0000,0.0000,0.0000,1.0000,-0.0000,0.0000,0.0000,1.0000),
      ["RightUpperArm"] = CFrame.new(0.0000,0.0000,0.0000,0.6758,-0.7353,-0.0512,0.3435,0.3757,-0.8607,0.6521,0.5641,0.5065),
      ["RightLowerArm"] = CFrame.new(0.0000,0.1001,0.1005,1.0000,-0.0000,0.0000,0.0000,-0.0062,-1.0000,0.0000,1.0000,-0.0062),
      ["RightHand"] = CFrame.new(-0.0005,0.0000,0.0000,1.0000,-0.0000,0.0000,0.0000,1.0000,-0.0000,0.0000,0.0000,1.0000),
      ["Head"] = CFrame.new(1.8465,1.1508,-0.6434,-0.9789,0.0000,0.2043,0.0000,1.0000,0.0000,-0.2043,0.0000,-0.9789),
      ["RightUpperLeg"] = CFrame.new(0.0003,0.0397,-0.0140,0.9593,-0.2756,-0.0620,0.1810,0.7682,-0.6140,0.2168,0.5778,0.7868),
      ["RightLowerLeg"] = CFrame.new(0.0000,0.0968,-0.1242,1.0000,-0.0000,0.0000,-0.0000,-0.2406,0.9706,0.0000,-0.9706,-0.2406),
      ["RightFoot"] = CFrame.new(0.0000,0.0000,0.0000,1.0000,0.0000,0.0000,0.0000,1.0000,0.0000,0.0000,0.0000,1.0000),
      ["LeftUpperLeg"] = CFrame.new(-0.0003,0.0463,-0.0114,0.9692,0.1076,0.2214,-0.0774,0.9870,-0.1409,-0.2337,0.1194,0.9649),
      ["LeftLowerLeg"] = CFrame.new(0.0000,0.0612,-0.0208,1.0000,-0.0000,0.0000,0.0000,0.7919,0.6106,-0.0000,-0.6106,0.7919),
      ["LeftFoot"] = CFrame.new(0.0000,-0.0002,0.0000,1.0000,-0.0000,0.0000,0.0000,1.0000,-0.0000,0.0000,0.0000,1.0000),
    }},
    {Time = 1.033, Data = {
      ["HumanoidRootPart"] = CFrame.new(0.0000,0.0000,0.0000,1.0000,0.0000,0.0000,0.0000,1.0000,0.0000,0.0000,0.0000,1.0000),
      ["LowerTorso"] = CFrame.new(0.0008,0.8651,0.0000,0.9934,0.0552,0.1008,-0.0326,0.9764,-0.2136,-0.1102,0.2089,0.9717),
      ["UpperTorso"] = CFrame.new(0.0000,0.0000,0.0000,0.9940,0.0287,0.1059,-0.0299,0.9995,0.0094,-0.1055,-0.0125,0.9943),
      ["LeftUpperArm"] = CFrame.new(0.0009,-0.0779,0.0198,0.9526,0.1583,0.2597,-0.2375,0.9207,0.3098,-0.1901,-0.3568,0.9146),
      ["LeftLowerArm"] = CFrame.new(-0.0005,0.0687,0.0273,1.0000,-0.0000,0.0000,0.0000,0.7260,-0.6877,0.0000,0.6877,0.7260),
      ["LeftHand"] = CFrame.new(0.0005,0.0000,0.0000,1.0000,-0.0000,0.0000,0.0000,1.0000,-0.0000,0.0000,0.0000,1.0000),
      ["RightUpperArm"] = CFrame.new(0.0000,0.0000,0.0000,0.6766,-0.7345,-0.0516,0.3424,0.3759,-0.8611,0.6519,0.5650,0.5058),
      ["RightLowerArm"] = CFrame.new(0.0000,0.1001,0.1005,1.0000,-0.0000,0.0000,0.0000,-0.0062,-1.0000,0.0000,1.0000,-0.0062),
      ["RightHand"] = CFrame.new(-0.0005,0.0000,0.0000,1.0000,-0.0000,0.0000,0.0000,1.0000,-0.0000,0.0000,0.0000,1.0000),
      ["Head"] = CFrame.new(1.8479,1.1506,-0.6436,-0.9948,0.0000,-0.1020,0.0000,1.0000,0.0000,0.1020,0.0000,-0.9948),
      ["RightUpperLeg"] = CFrame.new(0.0003,0.0470,-0.0162,0.9594,-0.2754,-0.0613,0.1829,0.7726,-0.6079,0.2148,0.5720,0.7916),
      ["RightLowerLeg"] = CFrame.new(0.0000,0.0968,-0.1242,1.0000,-0.0000,0.0000,-0.0000,-0.2406,0.9706,0.0000,-0.9706,-0.2406),
      ["RightFoot"] = CFrame.new(0.0000,0.0000,0.0000,1.0000,0.0000,0.0000,0.0000,1.0000,0.0000,0.0000,0.0000,1.0000),
      ["LeftUpperLeg"] = CFrame.new(-0.0003,0.0456,-0.0112,0.9693,0.1069,0.2215,-0.0756,0.9865,-0.1454,-0.2341,0.1242,0.9643),
      ["LeftLowerLeg"] = CFrame.new(0.0000,0.0616,-0.0211,1.0000,-0.0000,0.0000,0.0000,0.7890,0.6144,-0.0000,-0.6144,0.7890),
      ["LeftFoot"] = CFrame.new(0.0000,-0.0002,0.0000,1.0000,-0.0000,0.0000,0.0000,1.0000,-0.0000,0.0000,0.0000,1.0000),
    }},
    {Time = 1.067, Data = {
      ["HumanoidRootPart"] = CFrame.new(0.0000,0.0000,0.0000,1.0000,0.0000,0.0000,0.0000,1.0000,0.0000,0.0000,0.0000,1.0000),
      ["LowerTorso"] = CFrame.new(0.0008,0.8826,0.0000,0.9935,0.0524,0.1012,-0.0296,0.9763,-0.2143,-0.1101,0.2099,0.9715),
      ["UpperTorso"] = CFrame.new(0.0000,0.0000,0.0000,0.9940,0.0287,0.1059,-0.0299,0.9995,0.0094,-0.1055,-0.0125,0.9943),
      ["LeftUpperArm"] = CFrame.new(0.0010,-0.0804,0.0204,0.9541,0.1579,0.2545,-0.2339,0.9236,0.3038,-0.1871,-0.3494,0.9181),
      ["LeftLowerArm"] = CFrame.new(-0.0005,0.0688,0.0275,1.0000,-0.0000,0.0000,0.0000,0.7246,-0.6891,0.0000,0.6891,0.7246),
      ["LeftHand"] = CFrame.new(0.0005,0.0000,0.0000,1.0000,-0.0000,0.0000,0.0000,1.0000,-0.0000,0.0000,0.0000,1.0000),
      ["RightUpperArm"] = CFrame.new(0.0000,0.0000,0.0000,0.6775,-0.7337,-0.0520,0.3412,0.3761,-0.8615,0.6516,0.5659,0.5051),
      ["RightLowerArm"] = CFrame.new(0.0000,0.1001,0.1005,1.0000,-0.0000,0.0000,0.0000,-0.0062,-1.0000,0.0000,1.0000,-0.0062),
      ["RightHand"] = CFrame.new(-0.0005,0.0000,0.0000,1.0000,-0.0000,0.0000,0.0000,1.0000,-0.0000,0.0000,0.0000,1.0000),
      ["Head"] = CFrame.new(1.8493,1.1504,-0.6437,-0.9177,0.0000,-0.3973,0.0000,1.0000,0.0000,0.3973,0.0000,-0.9177),
      ["RightUpperLeg"] = CFrame.new(0.0003,0.0540,-0.0183,0.9595,-0.2752,-0.0607,0.1849,0.7771,-0.6016,0.2127,0.5659,0.7965),
      ["RightLowerLeg"] = CFrame.new(0.0000,0.0968,-0.1242,1.0000,-0.0000,0.0000,-0.0000,-0.2406,0.9706,0.0000,-0.9706,-0.2406),
      ["RightFoot"] = CFrame.new(0.0000,0.0000,0.0000,1.0000,0.0000,0.0000,0.0000,1.0000,0.0000,0.0000,0.0000,1.0000),
      ["LeftUpperLeg"] = CFrame.new(-0.0003,0.0450,-0.0110,0.9693,0.1063,0.2216,-0.0738,0.9859,-0.1500,-0.2344,0.1290,0.9635),
      ["LeftLowerLeg"] = CFrame.new(0.0000,0.0620,-0.0214,1.0000,-0.0000,0.0000,0.0000,0.7861,0.6181,-0.0000,-0.6181,0.7861),
      ["LeftFoot"] = CFrame.new(0.0000,-0.0002,0.0000,1.0000,-0.0000,0.0000,0.0000,1.0000,-0.0000,0.0000,0.0000,1.0000),
    }},
    {Time = 1.100, Data = {
      ["HumanoidRootPart"] = CFrame.new(0.0000,0.0000,0.0000,1.0000,0.0000,0.0000,0.0000,1.0000,0.0000,0.0000,0.0000,1.0000),
      ["LowerTorso"] = CFrame.new(0.0009,0.8991,0.0000,0.9936,0.0495,0.1017,-0.0266,0.9763,-0.2149,-0.1099,0.2108,0.9713),
      ["UpperTorso"] = CFrame.new(0.0000,0.0000,0.0000,0.9940,0.0287,0.1059,-0.0299,0.9995,0.0094,-0.1055,-0.0125,0.9943),
      ["LeftUpperArm"] = CFrame.new(0.0010,-0.0826,0.0210,0.9554,0.1575,0.2497,-0.2306,0.9262,0.2982,-0.1843,-0.3425,0.9213),
      ["LeftLowerArm"] = CFrame.new(-0.0005,0.0690,0.0276,1.0000,-0.0000,0.0000,0.0000,0.7234,-0.6904,0.0000,0.6904,0.7234),
      ["LeftHand"] = CFrame.new(0.0005,0.0000,0.0000,1.0000,-0.0000,0.0000,0.0000,1.0000,-0.0000,0.0000,0.0000,1.0000),
      ["RightUpperArm"] = CFrame.new(0.0000,0.0000,0.0000,0.6784,-0.7328,-0.0524,0.3399,0.3763,-0.8619,0.6513,0.5669,0.5044),
      ["RightLowerArm"] = CFrame.new(0.0000,0.1001,0.1005,1.0000,-0.0000,0.0000,0.0000,-0.0062,-1.0000,0.0000,1.0000,-0.0062),
      ["RightHand"] = CFrame.new(-0.0005,0.0000,0.0000,1.0000,-0.0000,0.0000,0.0000,1.0000,-0.0000,0.0000,0.0000,1.0000),
      ["Head"] = CFrame.new(1.8506,1.1501,-0.6438,-0.7562,0.0000,-0.6544,0.0000,1.0000,0.0000,0.6544,0.0000,-0.7562),
      ["RightUpperLeg"] = CFrame.new(0.0003,0.0608,-0.0203,0.9596,-0.2750,-0.0601,0.1868,0.7817,-0.5950,0.2106,0.5597,0.8015),
      ["RightLowerLeg"] = CFrame.new(0.0000,0.0968,-0.1242,1.0000,-0.0000,0.0000,-0.0000,-0.2406,0.9706,0.0000,-0.9706,-0.2406),
      ["RightFoot"] = CFrame.new(0.0000,0.0000,0.0000,1.0000,0.0000,0.0000,0.0000,1.0000,0.0000,0.0000,0.0000,1.0000),
      ["LeftUpperLeg"] = CFrame.new(-0.0003,0.0442,-0.0109,0.9694,0.1056,0.2216,-0.0720,0.9854,-0.1545,-0.2347,0.1338,0.9628),
      ["LeftLowerLeg"] = CFrame.new(0.0000,0.0623,-0.0217,1.0000,-0.0000,0.0000,0.0000,0.7831,0.6218,-0.0000,-0.6218,0.7831),
      ["LeftFoot"] = CFrame.new(0.0000,-0.0002,0.0000,1.0000,-0.0000,0.0000,0.0000,1.0000,-0.0000,0.0000,0.0000,1.0000),
    }},
    {Time = 1.133, Data = {
      ["HumanoidRootPart"] = CFrame.new(0.0000,0.0000,0.0000,1.0000,0.0000,0.0000,0.0000,1.0000,0.0000,0.0000,0.0000,1.0000),
      ["LowerTorso"] = CFrame.new(0.0009,0.9140,0.0000,0.9937,0.0465,0.1023,-0.0235,0.9763,-0.2154,-0.1098,0.2116,0.9712),
      ["UpperTorso"] = CFrame.new(0.0000,0.0000,0.0000,0.9940,0.0287,0.1059,-0.0299,0.9995,0.0094,-0.1055,-0.0125,0.9943),
      ["LeftUpperArm"] = CFrame.new(0.0010,-0.0846,0.0215,0.9566,0.1571,0.2453,-0.2277,0.9286,0.2931,-0.1817,-0.3363,0.9241),
      ["LeftLowerArm"] = CFrame.new(-0.0005,0.0691,0.0277,1.0000,-0.0000,0.0000,0.0000,0.7222,-0.6916,0.0000,0.6916,0.7222),
      ["LeftHand"] = CFrame.new(0.0005,0.0000,0.0000,1.0000,-0.0000,0.0000,0.0000,1.0000,-0.0000,0.0000,0.0000,1.0000),
      ["RightUpperArm"] = CFrame.new(0.0000,0.0000,0.0000,0.6794,-0.7319,-0.0528,0.3386,0.3765,-0.8623,0.6510,0.5680,0.5036),
      ["RightLowerArm"] = CFrame.new(0.0000,0.1001,0.1005,1.0000,-0.0000,0.0000,0.0000,-0.0062,-1.0000,0.0000,1.0000,-0.0062),
      ["RightHand"] = CFrame.new(-0.0005,0.0000,0.0000,1.0000,-0.0000,0.0000,0.0000,1.0000,-0.0000,0.0000,0.0000,1.0000),
      ["Head"] = CFrame.new(1.8518,1.1499,-0.6439,-0.5267,0.0000,-0.8500,0.0000,1.0000,0.0000,0.8500,0.0000,-0.5267),
      ["RightUpperLeg"] = CFrame.new(0.0003,0.0671,-0.0222,0.9596,-0.2748,-0.0596,0.1887,0.7864,-0.5881,0.2085,0.5532,0.8066),
      ["RightLowerLeg"] = CFrame.new(0.0000,0.0968,-0.1242,1.0000,-0.0000,0.0000,-0.0000,-0.2406,0.9706,0.0000,-0.9706,-0.2406),
      ["RightFoot"] = CFrame.new(0.0000,0.0000,0.0000,1.0000,0.0000,0.0000,0.0000,1.0000,0.0000,0.0000,0.0000,1.0000),
      ["LeftUpperLeg"] = CFrame.new(-0.0003,0.0435,-0.0107,0.9695,0.1049,0.2217,-0.0702,0.9848,-0.1590,-0.2350,0.1385,0.9621),
      ["LeftLowerLeg"] = CFrame.new(0.0000,0.0627,-0.0220,1.0000,-0.0000,0.0000,0.0000,0.7802,0.6255,-0.0000,-0.6255,0.7802),
      ["LeftFoot"] = CFrame.new(0.0000,-0.0002,0.0000,1.0000,-0.0000,0.0000,0.0000,1.0000,-0.0000,0.0000,0.0000,1.0000),
    }},
    {Time = 1.167, Data = {
      ["HumanoidRootPart"] = CFrame.new(0.0000,0.0000,0.0000,1.0000,0.0000,0.0000,0.0000,1.0000,0.0000,0.0000,0.0000,1.0000),
      ["LowerTorso"] = CFrame.new(0.0009,0.9275,0.0000,0.9937,0.0434,0.1029,-0.0203,0.9762,-0.2157,-0.1098,0.2123,0.9710),
      ["UpperTorso"] = CFrame.new(0.0000,0.0000,0.0000,0.9940,0.0287,0.1059,-0.0299,0.9995,0.0094,-0.1055,-0.0125,0.9943),
      ["LeftUpperArm"] = CFrame.new(0.0010,-0.0865,0.0220,0.9577,0.1567,0.2413,-0.2250,0.9307,0.2885,-0.1794,-0.3306,0.9266),
      ["LeftLowerArm"] = CFrame.new(-0.0005,0.0692,0.0278,1.0000,-0.0000,0.0000,0.0000,0.7212,-0.6927,0.0000,0.6927,0.7212),
      ["LeftHand"] = CFrame.new(0.0005,0.0000,0.0000,1.0000,-0.0000,0.0000,0.0000,1.0000,-0.0000,0.0000,0.0000,1.0000),
      ["RightUpperArm"] = CFrame.new(0.0000,0.0000,0.0000,0.6804,-0.7309,-0.0533,0.3372,0.3768,-0.8628,0.6507,0.5691,0.5028),
      ["RightLowerArm"] = CFrame.new(0.0000,0.1001,0.1005,1.0000,-0.0000,0.0000,0.0000,-0.0062,-1.0000,0.0000,1.0000,-0.0062),
      ["RightHand"] = CFrame.new(-0.0005,0.0000,0.0000,1.0000,-0.0000,0.0000,0.0000,1.0000,-0.0000,0.0000,0.0000,1.0000),
      ["Head"] = CFrame.new(1.8529,1.1496,-0.6440,-0.2512,0.0000,-0.9679,0.0000,1.0000,0.0000,0.9679,0.0000,-0.2512),
      ["RightUpperLeg"] = CFrame.new(0.0003,0.0729,-0.0239,0.9597,-0.2746,-0.0592,0.1905,0.7912,-0.5811,0.2064,0.5465,0.8116),
      ["RightLowerLeg"] = CFrame.new(0.0000,0.0968,-0.1242,1.0000,-0.0000,0.0000,-0.0000,-0.2406,0.9706,0.0000,-0.9706,-0.2406),
      ["RightFoot"] = CFrame.new(0.0000,0.0000,0.0000,1.0000,0.0000,0.0000,0.0000,1.0000,0.0000,0.0000,0.0000,1.0000),
      ["LeftUpperLeg"] = CFrame.new(-0.0003,0.0427,-0.0105,0.9695,0.1042,0.2217,-0.0684,0.9842,-0.1634,-0.2352,0.1432,0.9613),
      ["LeftLowerLeg"] = CFrame.new(0.0000,0.0631,-0.0223,1.0000,-0.0000,0.0000,0.0000,0.7773,0.6292,-0.0000,-0.6292,0.7773),
      ["LeftFoot"] = CFrame.new(0.0000,-0.0002,0.0000,1.0000,-0.0000,0.0000,0.0000,1.0000,-0.0000,0.0000,0.0000,1.0000),
    }},
    {Time = 1.200, Data = {
      ["HumanoidRootPart"] = CFrame.new(0.0000,0.0000,0.0000,1.0000,0.0000,0.0000,0.0000,1.0000,0.0000,0.0000,0.0000,1.0000),
      ["LowerTorso"] = CFrame.new(0.0009,0.9395,0.0000,0.9938,0.0403,0.1035,-0.0171,0.9762,-0.2160,-0.1098,0.2129,0.9709),
      ["UpperTorso"] = CFrame.new(0.0000,0.0000,0.0000,0.9940,0.0287,0.1059,-0.0299,0.9995,0.0094,-0.1055,-0.0125,0.9943),
      ["LeftUpperArm"] = CFrame.new(0.0010,-0.0881,0.0224,0.9586,0.1564,0.2378,-0.2227,0.9325,0.2845,-0.1773,-0.3257,0.9287),
      ["LeftLowerArm"] = CFrame.new(-0.0005,0.0693,0.0279,1.0000,-0.0000,0.0000,0.0000,0.7203,-0.6936,0.0000,0.6936,0.7203),
      ["LeftHand"] = CFrame.new(0.0005,0.0000,0.0000,1.0000,-0.0000,0.0000,0.0000,1.0000,-0.0000,0.0000,0.0000,1.0000),
      ["RightUpperArm"] = CFrame.new(0.0000,0.0000,0.0000,0.6815,-0.7299,-0.0538,0.3357,0.3770,-0.8632,0.6503,0.5702,0.5020),
      ["RightLowerArm"] = CFrame.new(0.0000,0.1001,0.1005,1.0000,-0.0000,0.0000,0.0000,-0.0062,-1.0000,0.0000,1.0000,-0.0062),
      ["RightHand"] = CFrame.new(-0.0005,0.0000,0.0000,1.0000,-0.0000,0.0000,0.0000,1.0000,-0.0000,0.0000,0.0000,1.0000),
      ["Head"] = CFrame.new(1.8539,1.1493,-0.6440,0.0448,-0.0000,-0.9990,0.0000,1.0000,-0.0000,0.9990,0.0000,0.0448),
      ["RightUpperLeg"] = CFrame.new(0.0003,0.0782,-0.0255,0.9598,-0.2743,-0.0589,0.1923,0.7960,-0.5740,0.2043,0.5396,0.8167),
      ["RightLowerLeg"] = CFrame.new(0.0000,0.0968,-0.1242,1.0000,-0.0000,0.0000,-0.0000,-0.2406,0.9706,0.0000,-0.9706,-0.2406),
      ["RightFoot"] = CFrame.new(0.0000,0.0000,0.0000,1.0000,0.0000,0.0000,0.0000,1.0000,0.0000,0.0000,0.0000,1.0000),
      ["LeftUpperLeg"] = CFrame.new(-0.0003,0.0419,-0.0103,0.9696,0.1035,0.2218,-0.0666,0.9836,-0.1678,-0.2355,0.1479,0.9606),
      ["LeftLowerLeg"] = CFrame.new(0.0000,0.0634,-0.0226,1.0000,-0.0000,0.0000,0.0000,0.7744,0.6328,-0.0000,-0.6328,0.7744),
      ["LeftFoot"] = CFrame.new(0.0000,-0.0002,0.0000,1.0000,-0.0000,0.0000,0.0000,1.0000,-0.0000,0.0000,0.0000,1.0000),
    }},
    {Time = 1.233, Data = {
      ["HumanoidRootPart"] = CFrame.new(0.0000,0.0000,0.0000,1.0000,0.0000,0.0000,0.0000,1.0000,0.0000,0.0000,0.0000,1.0000),
      ["LowerTorso"] = CFrame.new(0.0009,0.9496,0.0000,0.9939,0.0371,0.1043,-0.0138,0.9763,-0.2161,-0.1098,0.2134,0.9708),
      ["UpperTorso"] = CFrame.new(0.0000,0.0000,0.0000,0.9940,0.0287,0.1059,-0.0299,0.9995,0.0094,-0.1055,-0.0125,0.9943),
      ["LeftUpperArm"] = CFrame.new(0.0010,-0.0895,0.0227,0.9594,0.1560,0.2349,-0.2207,0.9340,0.2811,-0.1756,-0.3215,0.9305),
      ["LeftLowerArm"] = CFrame.new(-0.0005,0.0694,0.0280,1.0000,-0.0000,0.0000,0.0000,0.7196,-0.6944,0.0000,0.6944,0.7196),
      ["LeftHand"] = CFrame.new(0.0005,0.0000,0.0000,1.0000,-0.0000,0.0000,0.0000,1.0000,-0.0000,0.0000,0.0000,1.0000),
      ["RightUpperArm"] = CFrame.new(0.0000,0.0000,0.0000,0.6826,-0.7288,-0.0543,0.3342,0.3773,-0.8637,0.6500,0.5714,0.5011),
      ["RightLowerArm"] = CFrame.new(0.0000,0.1001,0.1005,1.0000,-0.0000,0.0000,0.0000,-0.0062,-1.0000,0.0000,1.0000,-0.0062),
      ["RightHand"] = CFrame.new(-0.0005,0.0000,0.0000,1.0000,-0.0000,0.0000,0.0000,1.0000,-0.0000,0.0000,0.0000,1.0000),
      ["Head"] = CFrame.new(1.8548,1.1489,-0.6441,0.3344,-0.0000,-0.9424,0.0000,1.0000,-0.0000,0.9424,0.0000,0.3344),
      ["RightUpperLeg"] = CFrame.new(0.0003,0.0827,-0.0269,0.9599,-0.2741,-0.0586,0.1940,0.8008,-0.5667,0.2023,0.5326,0.8219),
      ["RightLowerLeg"] = CFrame.new(0.0000,0.0968,-0.1242,1.0000,-0.0000,0.0000,-0.0000,-0.2406,0.9706,0.0000,-0.9706,-0.2406),
      ["RightFoot"] = CFrame.new(0.0000,0.0000,0.0000,1.0000,0.0000,0.0000,0.0000,1.0000,0.0000,0.0000,0.0000,1.0000),
      ["LeftUpperLeg"] = CFrame.new(-0.0003,0.0411,-0.0101,0.9697,0.1028,0.2218,-0.0648,0.9829,-0.1721,-0.2357,0.1525,0.9598),
      ["LeftLowerLeg"] = CFrame.new(0.0000,0.0638,-0.0229,1.0000,-0.0000,0.0000,0.0000,0.7714,0.6363,-0.0000,-0.6363,0.7714),
      ["LeftFoot"] = CFrame.new(0.0000,-0.0002,0.0000,1.0000,-0.0000,0.0000,0.0000,1.0000,-0.0000,0.0000,0.0000,1.0000),
    }},
    {Time = 1.267, Data = {
      ["HumanoidRootPart"] = CFrame.new(0.0000,0.0000,0.0000,1.0000,0.0000,0.0000,0.0000,1.0000,0.0000,0.0000,0.0000,1.0000),
      ["LowerTorso"] = CFrame.new(0.0009,0.9579,0.0000,0.9939,0.0339,0.1051,-0.0104,0.9763,-0.2162,-0.1099,0.2138,0.9707),
      ["UpperTorso"] = CFrame.new(0.0000,0.0000,0.0000,0.9940,0.0287,0.1059,-0.0299,0.9995,0.0094,-0.1055,-0.0125,0.9943),
      ["LeftUpperArm"] = CFrame.new(0.0010,-0.0906,0.0230,0.9600,0.1558,0.2326,-0.2191,0.9352,0.2783,-0.1741,-0.3181,0.9319),
      ["LeftLowerArm"] = CFrame.new(-0.0005,0.0694,0.0280,1.0000,-0.0000,0.0000,0.0000,0.7189,-0.6951,0.0000,0.6951,0.7189),
      ["LeftHand"] = CFrame.new(0.0005,0.0000,0.0000,1.0000,-0.0000,0.0000,0.0000,1.0000,-0.0000,0.0000,0.0000,1.0000),
      ["RightUpperArm"] = CFrame.new(0.0000,0.0000,0.0000,0.6837,-0.7277,-0.0548,0.3326,0.3775,-0.8642,0.6496,0.5726,0.5001),
      ["RightLowerArm"] = CFrame.new(0.0000,0.1001,0.1005,1.0000,-0.0000,0.0000,0.0000,-0.0062,-1.0000,0.0000,1.0000,-0.0062),
      ["RightHand"] = CFrame.new(-0.0005,0.0000,0.0000,1.0000,-0.0000,0.0000,0.0000,1.0000,-0.0000,0.0000,0.0000,1.0000),
      ["Head"] = CFrame.new(1.8555,1.1486,-0.6441,0.5930,-0.0000,-0.8052,0.0000,1.0000,-0.0000,0.8052,0.0000,0.5930),
      ["RightUpperLeg"] = CFrame.new(0.0003,0.0864,-0.0280,0.9600,-0.2738,-0.0585,0.1956,0.8056,-0.5593,0.2003,0.5254,0.8269),
      ["RightLowerLeg"] = CFrame.new(0.0000,0.0968,-0.1242,1.0000,-0.0000,0.0000,-0.0000,-0.2406,0.9706,0.0000,-0.9706,-0.2406),
      ["RightFoot"] = CFrame.new(0.0000,0.0000,0.0000,1.0000,0.0000,0.0000,0.0000,1.0000,0.0000,0.0000,0.0000,1.0000),
      ["LeftUpperLeg"] = CFrame.new(-0.0003,0.0402,-0.0099,0.9697,0.1021,0.2219,-0.0631,0.9823,-0.1763,-0.2360,0.1570,0.9590),
      ["LeftLowerLeg"] = CFrame.new(0.0000,0.0641,-0.0232,1.0000,-0.0000,0.0000,0.0000,0.7686,0.6398,-0.0000,-0.6398,0.7686),
      ["LeftFoot"] = CFrame.new(0.0000,-0.0002,0.0000,1.0000,-0.0000,0.0000,0.0000,1.0000,-0.0000,0.0000,0.0000,1.0000),
    }},
    {Time = 1.300, Data = {
      ["HumanoidRootPart"] = CFrame.new(0.0000,0.0000,0.0000,1.0000,0.0000,0.0000,0.0000,1.0000,0.0000,0.0000,0.0000,1.0000),
      ["LowerTorso"] = CFrame.new(0.0009,0.9643,0.0000,0.9939,0.0307,0.1060,-0.0071,0.9763,-0.2162,-0.1101,0.2141,0.9706),
      ["UpperTorso"] = CFrame.new(0.0000,0.0000,0.0000,0.9940,0.0287,0.1059,-0.0299,0.9995,0.0094,-0.1055,-0.0125,0.9943),
      ["LeftUpperArm"] = CFrame.new(0.0010,-0.0914,0.0232,0.9605,0.1556,0.2307,-0.2179,0.9361,0.2761,-0.1730,-0.3155,0.9330),
      ["LeftLowerArm"] = CFrame.new(-0.0005,0.0695,0.0281,1.0000,-0.0000,0.0000,0.0000,0.7185,-0.6956,0.0000,0.6956,0.7185),
      ["LeftHand"] = CFrame.new(0.0005,0.0000,0.0000,1.0000,-0.0000,0.0000,0.0000,1.0000,-0.0000,0.0000,0.0000,1.0000),
      ["RightUpperArm"] = CFrame.new(0.0000,0.0000,0.0000,0.6849,-0.7266,-0.0553,0.3309,0.3778,-0.8647,0.6492,0.5739,0.4992),
      ["RightLowerArm"] = CFrame.new(0.0000,0.1001,0.1005,1.0000,-0.0000,0.0000,0.0000,-0.0062,-1.0000,0.0000,1.0000,-0.0062),
      ["RightHand"] = CFrame.new(-0.0005,0.0000,0.0000,1.0000,-0.0000,0.0000,0.0000,1.0000,-0.0000,0.0000,0.0000,1.0000),
      ["Head"] = CFrame.new(1.8561,1.1481,-0.6441,0.7993,-0.0000,-0.6010,0.0000,1.0000,-0.0000,0.6010,0.0000,0.7993),
      ["RightUpperLeg"] = CFrame.new(0.0003,0.0894,-0.0289,0.9601,-0.2734,-0.0586,0.1971,0.8104,-0.5517,0.1983,0.5182,0.8320),
      ["RightLowerLeg"] = CFrame.new(0.0000,0.0968,-0.1242,1.0000,-0.0000,0.0000,-0.0000,-0.2406,0.9706,0.0000,-0.9706,-0.2406),
      ["RightFoot"] = CFrame.new(0.0000,0.0000,0.0000,1.0000,0.0000,0.0000,0.0000,1.0000,0.0000,0.0000,0.0000,1.0000),
      ["LeftUpperLeg"] = CFrame.new(-0.0003,0.0393,-0.0097,0.9698,0.1015,0.2219,-0.0614,0.9817,-0.1805,-0.2362,0.1614,0.9582),
      ["LeftLowerLeg"] = CFrame.new(0.0000,0.0645,-0.0235,1.0000,-0.0000,0.0000,0.0000,0.7657,0.6432,-0.0000,-0.6432,0.7657),
      ["LeftFoot"] = CFrame.new(0.0000,-0.0002,0.0000,1.0000,-0.0000,0.0000,0.0000,1.0000,-0.0000,0.0000,0.0000,1.0000),
    }},
    {Time = 1.333, Data = {
      ["HumanoidRootPart"] = CFrame.new(0.0000,0.0000,0.0000,1.0000,0.0000,0.0000,0.0000,1.0000,0.0000,0.0000,0.0000,1.0000),
      ["LowerTorso"] = CFrame.new(0.0009,0.9682,0.0000,0.9939,0.0274,0.1069,-0.0037,0.9764,-0.2161,-0.1103,0.2144,0.9705),
      ["UpperTorso"] = CFrame.new(0.0000,0.0000,0.0000,0.9940,0.0287,0.1059,-0.0299,0.9995,0.0094,-0.1055,-0.0125,0.9943),
      ["LeftUpperArm"] = CFrame.new(0.0010,-0.0919,0.0233,0.9608,0.1554,0.2296,-0.2172,0.9367,0.2748,-0.1724,-0.3139,0.9337),
      ["LeftLowerArm"] = CFrame.new(-0.0005,0.0695,0.0281,1.0000,-0.0000,0.0000,0.0000,0.7182,-0.6959,0.0000,0.6959,0.7182),
      ["LeftHand"] = CFrame.new(0.0005,0.0000,0.0000,1.0000,-0.0000,0.0000,0.0000,1.0000,-0.0000,0.0000,0.0000,1.0000),
      ["RightUpperArm"] = CFrame.new(0.0000,0.0000,0.0000,0.6861,-0.7254,-0.0559,0.3292,0.3781,-0.8652,0.6488,0.5752,0.4982),
      ["RightLowerArm"] = CFrame.new(0.0000,0.1001,0.1005,1.0000,-0.0000,0.0000,0.0000,-0.0062,-1.0000,0.0000,1.0000,-0.0062),
      ["RightHand"] = CFrame.new(-0.0005,0.0000,0.0000,1.0000,-0.0000,0.0000,0.0000,1.0000,-0.0000,0.0000,0.0000,1.0000),
      ["Head"] = CFrame.new(1.8564,1.1477,-0.6441,0.9371,-0.0000,-0.3490,0.0000,1.0000,-0.0000,0.3490,0.0000,0.9371),
      ["RightUpperLeg"] = CFrame.new(0.0003,0.0912,-0.0294,0.9602,-0.2731,-0.0586,0.1986,0.8151,-0.5442,0.1964,0.5109,0.8369),
      ["RightLowerLeg"] = CFrame.new(0.0000,0.0968,-0.1242,1.0000,-0.0000,0.0000,-0.0000,-0.2406,0.9706,0.0000,-0.9706,-0.2406),
      ["RightFoot"] = CFrame.new(0.0000,0.0000,0.0000,1.0000,0.0000,0.0000,0.0000,1.0000,0.0000,0.0000,0.0000,1.0000),
      ["LeftUpperLeg"] = CFrame.new(-0.0003,0.0384,-0.0094,0.9698,0.1008,0.2220,-0.0597,0.9810,-0.1846,-0.2364,0.1657,0.9574),
      ["LeftLowerLeg"] = CFrame.new(0.0000,0.0648,-0.0237,1.0000,-0.0000,0.0000,0.0000,0.7629,0.6465,-0.0000,-0.6465,0.7629),
      ["LeftFoot"] = CFrame.new(0.0000,-0.0002,0.0000,1.0000,-0.0000,0.0000,0.0000,1.0000,-0.0000,0.0000,0.0000,1.0000),
    }},
    {Time = 1.367, Data = {
      ["HumanoidRootPart"] = CFrame.new(0.0000,0.0000,0.0000,1.0000,0.0000,0.0000,0.0000,1.0000,0.0000,0.0000,0.0000,1.0000),
      ["LowerTorso"] = CFrame.new(0.0009,0.9700,0.0000,0.9939,0.0242,0.1080,-0.0003,0.9764,-0.2160,-0.1107,0.2146,0.9704),
      ["UpperTorso"] = CFrame.new(0.0000,0.0000,0.0000,0.9940,0.0287,0.1059,-0.0299,0.9995,0.0094,-0.1055,-0.0125,0.9943),
      ["LeftUpperArm"] = CFrame.new(0.0010,-0.0921,0.0233,0.9609,0.1554,0.2291,-0.2168,0.9369,0.2742,-0.1720,-0.3131,0.9340),
      ["LeftLowerArm"] = CFrame.new(-0.0005,0.0695,0.0281,1.0000,-0.0000,0.0000,0.0000,0.7181,-0.6960,0.0000,0.6960,0.7181),
      ["LeftHand"] = CFrame.new(0.0005,0.0000,0.0000,1.0000,-0.0000,0.0000,0.0000,1.0000,-0.0000,0.0000,0.0000,1.0000),
      ["RightUpperArm"] = CFrame.new(0.0000,0.0000,0.0000,0.6873,-0.7242,-0.0565,0.3275,0.3784,-0.8658,0.6483,0.5766,0.4972),
      ["RightLowerArm"] = CFrame.new(0.0000,0.1001,0.1005,1.0000,-0.0000,0.0000,0.0000,-0.0062,-1.0000,0.0000,1.0000,-0.0062),
      ["RightHand"] = CFrame.new(-0.0005,0.0000,0.0000,1.0000,-0.0000,0.0000,0.0000,1.0000,-0.0000,0.0000,0.0000,1.0000),
      ["Head"] = CFrame.new(1.8566,1.1472,-0.6441,0.9975,-0.0000,-0.0710,0.0000,1.0000,-0.0000,0.0710,0.0000,0.9975),
      ["RightUpperLeg"] = CFrame.new(0.0003,0.0921,-0.0296,0.9603,-0.2727,-0.0589,0.1999,0.8198,-0.5366,0.1946,0.5035,0.8418),
      ["RightLowerLeg"] = CFrame.new(0.0000,0.0968,-0.1242,1.0000,-0.0000,0.0000,-0.0000,-0.2406,0.9706,0.0000,-0.9706,-0.2406),
      ["RightFoot"] = CFrame.new(0.0000,0.0000,0.0000,1.0000,0.0000,0.0000,0.0000,1.0000,0.0000,0.0000,0.0000,1.0000),
      ["LeftUpperLeg"] = CFrame.new(-0.0003,0.0375,-0.0092,0.9699,0.1001,0.2220,-0.0581,0.9803,-0.1885,-0.2365,0.1700,0.9566),
      ["LeftLowerLeg"] = CFrame.new(0.0000,0.0651,-0.0240,1.0000,-0.0000,0.0000,0.0000,0.7601,0.6498,-0.0000,-0.6498,0.7601),
      ["LeftFoot"] = CFrame.new(0.0000,-0.0002,0.0000,1.0000,-0.0000,0.0000,0.0000,1.0000,-0.0000,0.0000,0.0000,1.0000),
    }},
    {Time = 1.400, Data = {
      ["HumanoidRootPart"] = CFrame.new(0.0000,0.0000,0.0000,1.0000,0.0000,0.0000,0.0000,1.0000,0.0000,0.0000,0.0000,1.0000),
      ["LowerTorso"] = CFrame.new(0.0008,0.9696,0.0000,0.9938,0.0210,0.1092,0.0031,0.9765,-0.2157,-0.1111,0.2147,0.9703),
      ["UpperTorso"] = CFrame.new(0.0000,0.0000,0.0000,0.9940,0.0287,0.1059,-0.0299,0.9995,0.0094,-0.1055,-0.0125,0.9943),
      ["LeftUpperArm"] = CFrame.new(0.0010,-0.0921,0.0233,0.9609,0.1554,0.2292,-0.2169,0.9369,0.2743,-0.1721,-0.3132,0.9340),
      ["LeftLowerArm"] = CFrame.new(-0.0005,0.0694,0.0281,1.0000,-0.0000,0.0000,0.0000,0.7180,-0.6960,0.0000,0.6960,0.7180),
      ["LeftHand"] = CFrame.new(0.0005,0.0000,0.0000,1.0000,-0.0000,0.0000,0.0000,1.0000,-0.0000,0.0000,0.0000,1.0000),
      ["RightUpperArm"] = CFrame.new(0.0000,0.0000,0.0000,0.6886,-0.7229,-0.0571,0.3257,0.3786,-0.8663,0.6479,0.5779,0.4962),
      ["RightLowerArm"] = CFrame.new(0.0000,0.1001,0.1005,1.0000,-0.0000,0.0000,0.0000,-0.0062,-1.0000,0.0000,1.0000,-0.0062),
      ["RightHand"] = CFrame.new(-0.0005,0.0000,0.0000,1.0000,-0.0000,0.0000,0.0000,1.0000,-0.0000,0.0000,0.0000,1.0000),
      ["Head"] = CFrame.new(1.8565,1.1458,-0.6439,0.9777,-0.0000,0.2099,0.0000,1.0000,-0.0000,-0.2099,0.0000,0.9777),
      ["RightUpperLeg"] = CFrame.new(0.0003,0.0921,-0.0296,0.9604,-0.2723,-0.0593,0.2011,0.8245,-0.5290,0.1929,0.4961,0.8466),
      ["RightLowerLeg"] = CFrame.new(0.0000,0.0968,-0.1242,1.0000,-0.0000,0.0000,-0.0000,-0.2406,0.9706,0.0000,-0.9706,-0.2406),
      ["RightFoot"] = CFrame.new(0.0000,0.0000,0.0000,1.0000,0.0000,0.0000,0.0000,1.0000,0.0000,0.0000,0.0000,1.0000),
      ["LeftUpperLeg"] = CFrame.new(-0.0003,0.0366,-0.0090,0.9699,0.0995,0.2221,-0.0565,0.9797,-0.1924,-0.2367,0.1741,0.9559),
      ["LeftLowerLeg"] = CFrame.new(0.0000,0.0654,-0.0243,1.0000,-0.0000,0.0000,0.0000,0.7574,0.6529,-0.0000,-0.6529,0.7574),
      ["LeftFoot"] = CFrame.new(0.0000,-0.0002,0.0000,1.0000,-0.0000,0.0000,0.0000,1.0000,-0.0000,0.0000,0.0000,1.0000),
    }},
    {Time = 1.433, Data = {
      ["HumanoidRootPart"] = CFrame.new(0.0000,0.0000,0.0000,1.0000,0.0000,0.0000,0.0000,1.0000,0.0000,0.0000,0.0000,1.0000),
      ["LowerTorso"] = CFrame.new(0.0008,0.9664,0.0000,0.9937,0.0178,0.1106,0.0064,0.9766,-0.2151,-0.1118,0.2144,0.9703),
      ["UpperTorso"] = CFrame.new(0.0000,0.0000,0.0000,0.9940,0.0287,0.1059,-0.0299,0.9995,0.0094,-0.1055,-0.0125,0.9943),
      ["LeftUpperArm"] = CFrame.new(0.0010,-0.0918,0.0233,0.9607,0.1555,0.2298,-0.2173,0.9366,0.2750,-0.1725,-0.3141,0.9336),
      ["LeftLowerArm"] = CFrame.new(-0.0005,0.0694,0.0281,1.0000,-0.0000,0.0000,0.0000,0.7182,-0.6958,0.0000,0.6958,0.7182),
      ["LeftHand"] = CFrame.new(0.0005,0.0000,0.0000,1.0000,-0.0000,0.0000,0.0000,1.0000,-0.0000,0.0000,0.0000,1.0000),
      ["RightUpperArm"] = CFrame.new(0.0000,0.0000,0.0000,0.6899,-0.7216,-0.0577,0.3239,0.3789,-0.8669,0.6475,0.5794,0.4951),
      ["RightLowerArm"] = CFrame.new(0.0000,0.1001,0.1005,1.0000,-0.0000,0.0000,0.0000,-0.0062,-1.0000,0.0000,1.0000,-0.0062),
      ["RightHand"] = CFrame.new(-0.0005,0.0000,0.0000,1.0000,-0.0000,0.0000,0.0000,1.0000,-0.0000,0.0000,0.0000,1.0000),
      ["Head"] = CFrame.new(1.8565,1.1415,-0.6432,0.8820,-0.0000,0.4712,0.0000,1.0000,-0.0000,-0.4712,0.0000,0.8820),
      ["RightUpperLeg"] = CFrame.new(0.0003,0.0920,-0.0296,0.9605,-0.2717,-0.0598,0.2020,0.8291,-0.5214,0.1912,0.4887,0.8512),
      ["RightLowerLeg"] = CFrame.new(0.0000,0.0968,-0.1242,1.0000,-0.0000,0.0000,-0.0000,-0.2406,0.9706,0.0000,-0.9706,-0.2406),
      ["RightFoot"] = CFrame.new(0.0000,0.0000,0.0000,1.0000,0.0000,0.0000,0.0000,1.0000,0.0000,0.0000,0.0000,1.0000),
      ["LeftUpperLeg"] = CFrame.new(-0.0002,0.0356,-0.0088,0.9700,0.0989,0.2221,-0.0549,0.9790,-0.1962,-0.2369,0.1781,0.9551),
      ["LeftLowerLeg"] = CFrame.new(0.0000,0.0657,-0.0246,1.0000,-0.0000,0.0000,0.0000,0.7548,0.6560,-0.0000,-0.6560,0.7548),
      ["LeftFoot"] = CFrame.new(0.0000,-0.0002,0.0000,1.0000,-0.0000,0.0000,0.0000,1.0000,-0.0000,0.0000,0.0000,1.0000),
    }},
    {Time = 1.467, Data = {
      ["HumanoidRootPart"] = CFrame.new(0.0000,0.0000,0.0000,1.0000,0.0000,0.0000,0.0000,1.0000,0.0000,0.0000,0.0000,1.0000),
      ["LowerTorso"] = CFrame.new(0.0008,0.9610,0.0000,0.9936,0.0147,0.1122,0.0098,0.9767,-0.2142,-0.1128,0.2139,0.9703),
      ["UpperTorso"] = CFrame.new(0.0000,0.0000,0.0000,0.9940,0.0287,0.1059,-0.0299,0.9995,0.0094,-0.1055,-0.0125,0.9943),
      ["LeftUpperArm"] = CFrame.new(0.0010,-0.0913,0.0232,0.9605,0.1556,0.2309,-0.2180,0.9360,0.2763,-0.1731,-0.3157,0.9329),
      ["LeftLowerArm"] = CFrame.new(-0.0005,0.0694,0.0281,1.0000,-0.0000,0.0000,0.0000,0.7185,-0.6955,0.0000,0.6955,0.7185),
      ["LeftHand"] = CFrame.new(0.0005,0.0000,0.0000,1.0000,-0.0000,0.0000,0.0000,1.0000,-0.0000,0.0000,0.0000,1.0000),
      ["RightUpperArm"] = CFrame.new(0.0000,0.0000,0.0000,0.6912,-0.7203,-0.0583,0.3220,0.3792,-0.8675,0.6470,0.5808,0.4941),
      ["RightLowerArm"] = CFrame.new(0.0000,0.1001,0.1005,1.0000,-0.0000,0.0000,0.0000,-0.0062,-1.0000,0.0000,1.0000,-0.0062),
      ["RightHand"] = CFrame.new(-0.0005,0.0000,0.0000,1.0000,-0.0000,0.0000,0.0000,1.0000,-0.0000,0.0000,0.0000,1.0000),
      ["Head"] = CFrame.new(1.8563,1.1348,-0.6421,0.7199,-0.0000,0.6941,0.0000,1.0000,-0.0000,-0.6941,0.0000,0.7199),
      ["RightUpperLeg"] = CFrame.new(0.0003,0.0918,-0.0296,0.9607,-0.2710,-0.0604,0.2028,0.8336,-0.5138,0.1896,0.4814,0.8558),
      ["RightLowerLeg"] = CFrame.new(0.0000,0.0968,-0.1242,1.0000,-0.0000,0.0000,-0.0000,-0.2406,0.9706,0.0000,-0.9706,-0.2406),
      ["RightFoot"] = CFrame.new(0.0000,0.0000,0.0000,1.0000,0.0000,0.0000,0.0000,1.0000,0.0000,0.0000,0.0000,1.0000),
      ["LeftUpperLeg"] = CFrame.new(-0.0002,0.0346,-0.0085,0.9700,0.0983,0.2222,-0.0534,0.9784,-0.1998,-0.2370,0.1820,0.9543),
      ["LeftLowerLeg"] = CFrame.new(0.0000,0.0660,-0.0248,1.0000,-0.0000,0.0000,0.0000,0.7522,0.6589,-0.0000,-0.6589,0.7522),
      ["LeftFoot"] = CFrame.new(0.0000,-0.0002,0.0000,1.0000,-0.0000,0.0000,0.0000,1.0000,-0.0000,0.0000,0.0000,1.0000),
    }},
    {Time = 1.500, Data = {
      ["HumanoidRootPart"] = CFrame.new(0.0000,0.0000,0.0000,1.0000,0.0000,0.0000,0.0000,1.0000,0.0000,0.0000,0.0000,1.0000),
      ["LowerTorso"] = CFrame.new(0.0008,0.9537,0.0000,0.9934,0.0116,0.1141,0.0131,0.9770,-0.2130,-0.1139,0.2131,0.9704),
      ["UpperTorso"] = CFrame.new(0.0000,0.0000,0.0000,0.9940,0.0287,0.1059,-0.0299,0.9995,0.0094,-0.1055,-0.0125,0.9943),
      ["LeftUpperArm"] = CFrame.new(0.0010,-0.0906,0.0230,0.9601,0.1558,0.2324,-0.2190,0.9353,0.2780,-0.1740,-0.3178,0.9320),
      ["LeftLowerArm"] = CFrame.new(-0.0005,0.0694,0.0280,1.0000,-0.0000,0.0000,0.0000,0.7189,-0.6951,0.0000,0.6951,0.7189),
      ["LeftHand"] = CFrame.new(0.0005,0.0000,0.0000,1.0000,-0.0000,0.0000,0.0000,1.0000,-0.0000,0.0000,0.0000,1.0000),
      ["RightUpperArm"] = CFrame.new(0.0000,0.0000,0.0000,0.6925,-0.7190,-0.0590,0.3201,0.3795,-0.8681,0.6465,0.5822,0.4930),
      ["RightLowerArm"] = CFrame.new(0.0000,0.1001,0.1005,1.0000,-0.0000,0.0000,0.0000,-0.0062,-1.0000,0.0000,1.0000,-0.0062),
      ["RightHand"] = CFrame.new(-0.0005,0.0000,0.0000,1.0000,-0.0000,0.0000,0.0000,1.0000,-0.0000,0.0000,0.0000,1.0000),
      ["Head"] = CFrame.new(1.8561,1.1261,-0.6405,0.5054,-0.0000,0.8629,0.0000,1.0000,-0.0000,-0.8629,0.0000,0.5054),
      ["RightUpperLeg"] = CFrame.new(0.0003,0.0915,-0.0294,0.9609,-0.2702,-0.0610,0.2034,0.8380,-0.5064,0.1879,0.4741,0.8602),
      ["RightLowerLeg"] = CFrame.new(0.0000,0.0968,-0.1242,1.0000,-0.0000,0.0000,-0.0000,-0.2406,0.9706,0.0000,-0.9706,-0.2406),
      ["RightFoot"] = CFrame.new(0.0000,0.0000,0.0000,1.0000,0.0000,0.0000,0.0000,1.0000,0.0000,0.0000,0.0000,1.0000),
      ["LeftUpperLeg"] = CFrame.new(-0.0002,0.0337,-0.0083,0.9701,0.0977,0.2222,-0.0519,0.9777,-0.2033,-0.2371,0.1857,0.9536),
      ["LeftLowerLeg"] = CFrame.new(0.0000,0.0663,-0.0251,1.0000,-0.0000,0.0000,0.0000,0.7497,0.6618,-0.0000,-0.6618,0.7497),
      ["LeftFoot"] = CFrame.new(0.0000,-0.0002,0.0000,1.0000,-0.0000,0.0000,0.0000,1.0000,-0.0000,0.0000,0.0000,1.0000),
    }},
    {Time = 1.533, Data = {
      ["HumanoidRootPart"] = CFrame.new(0.0000,0.0000,0.0000,1.0000,0.0000,0.0000,0.0000,1.0000,0.0000,0.0000,0.0000,1.0000),
      ["LowerTorso"] = CFrame.new(0.0008,0.9441,0.0000,0.9932,0.0086,0.1160,0.0163,0.9772,-0.2115,-0.1152,0.2120,0.9705),
      ["UpperTorso"] = CFrame.new(0.0000,0.0000,0.0000,0.9940,0.0287,0.1059,-0.0299,0.9995,0.0094,-0.1055,-0.0125,0.9943),
      ["LeftUpperArm"] = CFrame.new(0.0010,-0.0897,0.0228,0.9596,0.1560,0.2343,-0.2203,0.9343,0.2803,-0.1752,-0.3206,0.9309),
      ["LeftLowerArm"] = CFrame.new(-0.0005,0.0694,0.0280,1.0000,-0.0000,0.0000,0.0000,0.7194,-0.6946,0.0000,0.6946,0.7194),
      ["LeftHand"] = CFrame.new(0.0005,0.0000,0.0000,1.0000,-0.0000,0.0000,0.0000,1.0000,-0.0000,0.0000,0.0000,1.0000),
      ["RightUpperArm"] = CFrame.new(0.0000,0.0000,0.0000,0.6939,-0.7176,-0.0596,0.3182,0.3798,-0.8686,0.6460,0.5837,0.4918),
      ["RightLowerArm"] = CFrame.new(0.0000,0.1001,0.1005,1.0000,-0.0000,0.0000,0.0000,-0.0062,-1.0000,0.0000,1.0000,-0.0062),
      ["RightHand"] = CFrame.new(-0.0005,0.0000,0.0000,1.0000,-0.0000,0.0000,0.0000,1.0000,-0.0000,0.0000,0.0000,1.0000),
      ["Head"] = CFrame.new(1.8559,1.1151,-0.6386,0.2560,-0.0000,0.9667,0.0000,1.0000,-0.0000,-0.9667,0.0000,0.2560),
      ["RightUpperLeg"] = CFrame.new(0.0003,0.0911,-0.0293,0.9611,-0.2692,-0.0617,0.2039,0.8423,-0.4990,0.1864,0.4670,0.8644),
      ["RightLowerLeg"] = CFrame.new(0.0000,0.0968,-0.1242,1.0000,-0.0000,0.0000,-0.0000,-0.2406,0.9706,0.0000,-0.9706,-0.2406),
      ["RightFoot"] = CFrame.new(0.0000,0.0000,0.0000,1.0000,0.0000,0.0000,0.0000,1.0000,0.0000,0.0000,0.0000,1.0000),
      ["LeftUpperLeg"] = CFrame.new(-0.0002,0.0327,-0.0080,0.9701,0.0972,0.2223,-0.0505,0.9771,-0.2067,-0.2373,0.1893,0.9528),
      ["LeftLowerLeg"] = CFrame.new(0.0000,0.0666,-0.0253,1.0000,-0.0000,0.0000,0.0000,0.7473,0.6645,-0.0000,-0.6645,0.7473),
      ["LeftFoot"] = CFrame.new(0.0000,-0.0002,0.0000,1.0000,-0.0000,0.0000,0.0000,1.0000,-0.0000,0.0000,0.0000,1.0000),
    }},
    {Time = 1.567, Data = {
      ["HumanoidRootPart"] = CFrame.new(0.0000,0.0000,0.0000,1.0000,0.0000,0.0000,0.0000,1.0000,0.0000,0.0000,0.0000,1.0000),
      ["LowerTorso"] = CFrame.new(0.0008,0.9329,0.0000,0.9930,0.0056,0.1181,0.0194,0.9776,-0.2098,-0.1166,0.2106,0.9706),
      ["UpperTorso"] = CFrame.new(0.0000,0.0000,0.0000,0.9940,0.0287,0.1059,-0.0299,0.9995,0.0094,-0.1055,-0.0125,0.9943),
      ["LeftUpperArm"] = CFrame.new(0.0009,-0.0886,0.0225,0.9589,0.1562,0.2367,-0.2219,0.9331,0.2831,-0.1766,-0.3240,0.9294),
      ["LeftLowerArm"] = CFrame.new(-0.0005,0.0693,0.0279,1.0000,-0.0000,0.0000,0.0000,0.7200,-0.6940,0.0000,0.6940,0.7200),
      ["LeftHand"] = CFrame.new(0.0005,0.0000,0.0000,1.0000,-0.0000,0.0000,0.0000,1.0000,-0.0000,0.0000,0.0000,1.0000),
      ["RightUpperArm"] = CFrame.new(0.0000,0.0000,0.0000,0.6952,-0.7163,-0.0603,0.3162,0.3801,-0.8692,0.6455,0.5852,0.4907),
      ["RightLowerArm"] = CFrame.new(0.0000,0.1001,0.1005,1.0000,-0.0000,0.0000,0.0000,-0.0062,-1.0000,0.0000,1.0000,-0.0062),
      ["RightHand"] = CFrame.new(-0.0005,0.0000,0.0000,1.0000,-0.0000,0.0000,0.0000,1.0000,-0.0000,0.0000,0.0000,1.0000),
      ["Head"] = CFrame.new(1.8555,1.1026,-0.6363,-0.0096,0.0000,1.0000,0.0000,1.0000,0.0000,-1.0000,0.0000,-0.0096),
      ["RightUpperLeg"] = CFrame.new(0.0003,0.0905,-0.0291,0.9613,-0.2682,-0.0625,0.2042,0.8464,-0.4919,0.1848,0.4601,0.8684),
      ["RightLowerLeg"] = CFrame.new(0.0000,0.0968,-0.1242,1.0000,-0.0000,0.0000,-0.0000,-0.2406,0.9706,0.0000,-0.9706,-0.2406),
      ["RightFoot"] = CFrame.new(0.0000,0.0000,0.0000,1.0000,0.0000,0.0000,0.0000,1.0000,0.0000,0.0000,0.0000,1.0000),
      ["LeftUpperLeg"] = CFrame.new(-0.0002,0.0317,-0.0078,0.9702,0.0966,0.2223,-0.0491,0.9765,-0.2099,-0.2374,0.1927,0.9521),
      ["LeftLowerLeg"] = CFrame.new(0.0000,0.0669,-0.0255,1.0000,-0.0000,0.0000,0.0000,0.7449,0.6671,-0.0000,-0.6671,0.7449),
      ["LeftFoot"] = CFrame.new(0.0000,-0.0002,0.0000,1.0000,-0.0000,0.0000,0.0000,1.0000,-0.0000,0.0000,0.0000,1.0000),
    }},
    {Time = 1.600, Data = {
      ["HumanoidRootPart"] = CFrame.new(0.0000,0.0000,0.0000,1.0000,0.0000,0.0000,0.0000,1.0000,0.0000,0.0000,0.0000,1.0000),
      ["LowerTorso"] = CFrame.new(0.0008,0.9202,0.0000,0.9927,0.0028,0.1203,0.0225,0.9779,-0.2079,-0.1182,0.2091,0.9707),
      ["UpperTorso"] = CFrame.new(0.0000,0.0000,0.0000,0.9940,0.0287,0.1059,-0.0299,0.9995,0.0094,-0.1055,-0.0125,0.9943),
      ["LeftUpperArm"] = CFrame.new(0.0009,-0.0874,0.0222,0.9582,0.1565,0.2394,-0.2237,0.9317,0.2863,-0.1782,-0.3279,0.9278),
      ["LeftLowerArm"] = CFrame.new(-0.0005,0.0693,0.0279,1.0000,-0.0000,0.0000,0.0000,0.7207,-0.6932,0.0000,0.6932,0.7207),
      ["LeftHand"] = CFrame.new(0.0005,0.0000,0.0000,1.0000,-0.0000,0.0000,0.0000,1.0000,-0.0000,0.0000,0.0000,1.0000),
      ["RightUpperArm"] = CFrame.new(0.0000,0.0000,0.0000,0.6966,-0.7149,-0.0610,0.3142,0.3804,-0.8698,0.6450,0.5868,0.4896),
      ["RightLowerArm"] = CFrame.new(0.0000,0.1001,0.1005,1.0000,-0.0000,0.0000,0.0000,-0.0062,-1.0000,0.0000,1.0000,-0.0062),
      ["RightHand"] = CFrame.new(-0.0005,0.0000,0.0000,1.0000,-0.0000,0.0000,0.0000,1.0000,-0.0000,0.0000,0.0000,1.0000),
      ["Head"] = CFrame.new(1.8552,1.0889,-0.6338,-0.2724,0.0000,0.9622,0.0000,1.0000,0.0000,-0.9622,0.0000,-0.2724),
      ["RightUpperLeg"] = CFrame.new(0.0003,0.0900,-0.0288,0.9616,-0.2672,-0.0633,0.2044,0.8504,-0.4849,0.1833,0.4533,0.8723),
      ["RightLowerLeg"] = CFrame.new(0.0000,0.0968,-0.1242,1.0000,-0.0000,0.0000,-0.0000,-0.2406,0.9706,0.0000,-0.9706,-0.2406),
      ["RightFoot"] = CFrame.new(0.0000,0.0000,0.0000,1.0000,0.0000,0.0000,0.0000,1.0000,0.0000,0.0000,0.0000,1.0000),
      ["LeftUpperLeg"] = CFrame.new(-0.0002,0.0306,-0.0076,0.9702,0.0961,0.2223,-0.0479,0.9759,-0.2130,-0.2374,0.1960,0.9514),
      ["LeftLowerLeg"] = CFrame.new(0.0000,0.0671,-0.0258,1.0000,-0.0000,0.0000,0.0000,0.7427,0.6696,-0.0000,-0.6696,0.7427),
      ["LeftFoot"] = CFrame.new(0.0000,-0.0002,0.0000,1.0000,-0.0000,0.0000,0.0000,1.0000,-0.0000,0.0000,0.0000,1.0000),
    }},
    {Time = 1.633, Data = {
      ["HumanoidRootPart"] = CFrame.new(0.0000,0.0000,0.0000,1.0000,0.0000,0.0000,0.0000,1.0000,0.0000,0.0000,0.0000,1.0000),
      ["LowerTorso"] = CFrame.new(0.0008,0.9057,0.0000,0.9925,0.0000,0.1225,0.0254,0.9783,-0.2057,-0.1198,0.2072,0.9709),
      ["UpperTorso"] = CFrame.new(0.0000,0.0000,0.0000,0.9940,0.0287,0.1059,-0.0299,0.9995,0.0094,-0.1055,-0.0125,0.9943),
      ["LeftUpperArm"] = CFrame.new(0.0009,-0.0859,0.0218,0.9574,0.1568,0.2425,-0.2258,0.9300,0.2899,-0.1801,-0.3323,0.9258),
      ["LeftLowerArm"] = CFrame.new(-0.0005,0.0692,0.0278,1.0000,-0.0000,0.0000,0.0000,0.7215,-0.6924,0.0000,0.6924,0.7215),
      ["LeftHand"] = CFrame.new(0.0005,0.0000,0.0000,1.0000,-0.0000,0.0000,0.0000,1.0000,-0.0000,0.0000,0.0000,1.0000),
      ["RightUpperArm"] = CFrame.new(0.0000,0.0000,0.0000,0.6980,-0.7135,-0.0617,0.3122,0.3807,-0.8704,0.6445,0.5883,0.4884),
      ["RightLowerArm"] = CFrame.new(0.0000,0.1001,0.1005,1.0000,-0.0000,0.0000,0.0000,-0.0062,-1.0000,0.0000,1.0000,-0.0062),
      ["RightHand"] = CFrame.new(-0.0005,0.0000,0.0000,1.0000,-0.0000,0.0000,0.0000,1.0000,-0.0000,0.0000,0.0000,1.0000),
      ["Head"] = CFrame.new(1.8548,1.0741,-0.6310,-0.5138,0.0000,0.8579,0.0000,1.0000,0.0000,-0.8579,0.0000,-0.5138),
      ["RightUpperLeg"] = CFrame.new(0.0003,0.0893,-0.0286,0.9618,-0.2661,-0.0641,0.2044,0.8541,-0.4782,0.1819,0.4468,0.8759),
      ["RightLowerLeg"] = CFrame.new(0.0000,0.0968,-0.1242,1.0000,-0.0000,0.0000,-0.0000,-0.2406,0.9706,0.0000,-0.9706,-0.2406),
      ["RightFoot"] = CFrame.new(0.0000,0.0000,0.0000,1.0000,0.0000,0.0000,0.0000,1.0000,0.0000,0.0000,0.0000,1.0000),
      ["LeftUpperLeg"] = CFrame.new(-0.0002,0.0296,-0.0073,0.9703,0.0956,0.2224,-0.0466,0.9753,-0.2159,-0.2375,0.1991,0.9508),
      ["LeftLowerLeg"] = CFrame.new(0.0000,0.0673,-0.0260,1.0000,-0.0000,0.0000,0.0000,0.7406,0.6720,-0.0000,-0.6720,0.7406),
      ["LeftFoot"] = CFrame.new(0.0000,-0.0002,0.0000,1.0000,-0.0000,0.0000,0.0000,1.0000,-0.0000,0.0000,0.0000,1.0000),
    }},
    {Time = 1.667, Data = {
      ["HumanoidRootPart"] = CFrame.new(0.0000,0.0000,0.0000,1.0000,0.0000,0.0000,0.0000,1.0000,0.0000,0.0000,0.0000,1.0000),
      ["LowerTorso"] = CFrame.new(0.0008,0.8901,0.0000,0.9922,-0.0026,0.1247,0.0281,0.9787,-0.2033,-0.1215,0.2053,0.9711),
      ["UpperTorso"] = CFrame.new(0.0000,0.0000,0.0000,0.9940,0.0287,0.1059,-0.0299,0.9995,0.0094,-0.1055,-0.0125,0.9943),
      ["LeftUpperArm"] = CFrame.new(0.0009,-0.0843,0.0214,0.9565,0.1572,0.2459,-0.2281,0.9282,0.2939,-0.1821,-0.3372,0.9237),
      ["LeftLowerArm"] = CFrame.new(-0.0005,0.0691,0.0277,1.0000,-0.0000,0.0000,0.0000,0.7224,-0.6915,0.0000,0.6915,0.7224),
      ["LeftHand"] = CFrame.new(0.0005,0.0000,0.0000,1.0000,-0.0000,0.0000,0.0000,1.0000,-0.0000,0.0000,0.0000,1.0000),
      ["RightUpperArm"] = CFrame.new(0.0000,0.0000,0.0000,0.6994,-0.7120,-0.0624,0.3102,0.3809,-0.8710,0.6439,0.5898,0.4873),
      ["RightLowerArm"] = CFrame.new(0.0000,0.1001,0.1005,1.0000,-0.0000,0.0000,0.0000,-0.0062,-1.0000,0.0000,1.0000,-0.0062),
      ["RightHand"] = CFrame.new(-0.0005,0.0000,0.0000,1.0000,-0.0000,0.0000,0.0000,1.0000,-0.0000,0.0000,0.0000,1.0000),
      ["Head"] = CFrame.new(1.8544,1.0586,-0.6282,-0.7183,0.0000,0.6957,0.0000,1.0000,0.0000,-0.6957,0.0000,-0.7183),
      ["RightUpperLeg"] = CFrame.new(0.0003,0.0885,-0.0283,0.9621,-0.2650,-0.0648,0.2044,0.8577,-0.4717,0.1806,0.4406,0.8794),
      ["RightLowerLeg"] = CFrame.new(0.0000,0.0968,-0.1242,1.0000,-0.0000,0.0000,-0.0000,-0.2406,0.9706,0.0000,-0.9706,-0.2406),
      ["RightFoot"] = CFrame.new(0.0000,0.0000,0.0000,1.0000,0.0000,0.0000,0.0000,1.0000,0.0000,0.0000,0.0000,1.0000),
      ["LeftUpperLeg"] = CFrame.new(-0.0002,0.0286,-0.0071,0.9703,0.0951,0.2224,-0.0455,0.9748,-0.2186,-0.2376,0.2020,0.9501),
      ["LeftLowerLeg"] = CFrame.new(0.0000,0.0676,-0.0262,1.0000,-0.0000,0.0000,0.0000,0.7386,0.6742,-0.0000,-0.6742,0.7386),
      ["LeftFoot"] = CFrame.new(0.0000,-0.0002,0.0000,1.0000,-0.0000,0.0000,0.0000,1.0000,-0.0000,0.0000,0.0000,1.0000),
    }},
    {Time = 1.700, Data = {
      ["HumanoidRootPart"] = CFrame.new(0.0000,0.0000,0.0000,1.0000,0.0000,0.0000,0.0000,1.0000,0.0000,0.0000,0.0000,1.0000),
      ["LowerTorso"] = CFrame.new(0.0008,0.8734,0.0000,0.9919,-0.0051,0.1269,0.0307,0.9791,-0.2008,-0.1232,0.2031,0.9714),
      ["UpperTorso"] = CFrame.new(0.0000,0.0000,0.0000,0.9940,0.0287,0.1059,-0.0299,0.9995,0.0094,-0.1055,-0.0125,0.9943),
      ["LeftUpperArm"] = CFrame.new(0.0009,-0.0826,0.0210,0.9554,0.1575,0.2497,-0.2306,0.9262,0.2982,-0.1843,-0.3425,0.9213),
      ["LeftLowerArm"] = CFrame.new(-0.0005,0.0690,0.0276,1.0000,-0.0000,0.0000,0.0000,0.7234,-0.6904,0.0000,0.6904,0.7234),
      ["LeftHand"] = CFrame.new(0.0005,0.0000,0.0000,1.0000,-0.0000,0.0000,0.0000,1.0000,-0.0000,0.0000,0.0000,1.0000),
      ["RightUpperArm"] = CFrame.new(0.0000,0.0000,0.0000,0.7008,-0.7106,-0.0631,0.3081,0.3812,-0.8716,0.6434,0.5914,0.4861),
      ["RightLowerArm"] = CFrame.new(0.0000,0.1001,0.1005,1.0000,-0.0000,0.0000,0.0000,-0.0062,-1.0000,0.0000,1.0000,-0.0062),
      ["RightHand"] = CFrame.new(-0.0005,0.0000,0.0000,1.0000,-0.0000,0.0000,0.0000,1.0000,-0.0000,0.0000,0.0000,1.0000),
      ["Head"] = CFrame.new(1.8540,1.0427,-0.6252,-0.8730,0.0000,0.4877,0.0000,1.0000,0.0000,-0.4877,0.0000,-0.8730),
      ["RightUpperLeg"] = CFrame.new(0.0003,0.0876,-0.0279,0.9623,-0.2638,-0.0656,0.2043,0.8611,-0.4656,0.1793,0.4346,0.8826),
      ["RightLowerLeg"] = CFrame.new(0.0000,0.0968,-0.1242,1.0000,-0.0000,0.0000,-0.0000,-0.2406,0.9706,0.0000,-0.9706,-0.2406),
      ["RightFoot"] = CFrame.new(0.0000,0.0000,0.0000,1.0000,0.0000,0.0000,0.0000,1.0000,0.0000,0.0000,0.0000,1.0000),
      ["LeftUpperLeg"] = CFrame.new(-0.0002,0.0276,-0.0068,0.9703,0.0947,0.2225,-0.0444,0.9742,-0.2211,-0.2377,0.2047,0.9495),
      ["LeftLowerLeg"] = CFrame.new(0.0000,0.0678,-0.0264,1.0000,-0.0000,0.0000,0.0000,0.7367,0.6762,-0.0000,-0.6762,0.7367),
      ["LeftFoot"] = CFrame.new(0.0000,-0.0002,0.0000,1.0000,-0.0000,0.0000,0.0000,1.0000,-0.0000,0.0000,0.0000,1.0000),
    }},
    {Time = 1.733, Data = {
      ["HumanoidRootPart"] = CFrame.new(0.0000,0.0000,0.0000,1.0000,0.0000,0.0000,0.0000,1.0000,0.0000,0.0000,0.0000,1.0000),
      ["LowerTorso"] = CFrame.new(0.0008,0.8555,0.0000,0.9916,-0.0075,0.1291,0.0332,0.9796,-0.1981,-0.1249,0.2008,0.9716),
      ["UpperTorso"] = CFrame.new(0.0000,0.0000,0.0000,0.9940,0.0287,0.1059,-0.0299,0.9995,0.0094,-0.1055,-0.0125,0.9943),
      ["LeftUpperArm"] = CFrame.new(0.0009,-0.0807,0.0205,0.9543,0.1578,0.2537,-0.2334,0.9240,0.3029,-0.1866,-0.3483,0.9186),
      ["LeftLowerArm"] = CFrame.new(-0.0005,0.0689,0.0275,1.0000,-0.0000,0.0000,0.0000,0.7244,-0.6893,0.0000,0.6893,0.7244),
      ["LeftHand"] = CFrame.new(0.0005,0.0000,0.0000,1.0000,-0.0000,0.0000,0.0000,1.0000,-0.0000,0.0000,0.0000,1.0000),
      ["RightUpperArm"] = CFrame.new(0.0000,0.0000,0.0000,0.7022,-0.7091,-0.0638,0.3061,0.3815,-0.8722,0.6429,0.5929,0.4849),
      ["RightLowerArm"] = CFrame.new(0.0000,0.1001,0.1005,1.0000,-0.0000,0.0000,0.0000,-0.0062,-1.0000,0.0000,1.0000,-0.0062),
      ["RightHand"] = CFrame.new(-0.0005,0.0000,0.0000,1.0000,-0.0000,0.0000,0.0000,1.0000,-0.0000,0.0000,0.0000,1.0000),
      ["Head"] = CFrame.new(1.8536,1.0267,-0.6222,-0.9685,0.0000,0.2491,0.0000,1.0000,0.0000,-0.2491,0.0000,-0.9685),
      ["RightUpperLeg"] = CFrame.new(0.0003,0.0867,-0.0276,0.9626,-0.2627,-0.0664,0.2041,0.8642,-0.4598,0.1782,0.4291,0.8855),
      ["RightLowerLeg"] = CFrame.new(0.0000,0.0968,-0.1242,1.0000,-0.0000,0.0000,-0.0000,-0.2406,0.9706,0.0000,-0.9706,-0.2406),
      ["RightFoot"] = CFrame.new(0.0000,0.0000,0.0000,1.0000,0.0000,0.0000,0.0000,1.0000,0.0000,0.0000,0.0000,1.0000),
      ["LeftUpperLeg"] = CFrame.new(-0.0002,0.0265,-0.0066,0.9704,0.0943,0.2225,-0.0434,0.9737,-0.2235,-0.2377,0.2072,0.9490),
      ["LeftLowerLeg"] = CFrame.new(0.0000,0.0680,-0.0265,1.0000,-0.0000,0.0000,0.0000,0.7349,0.6781,-0.0000,-0.6781,0.7349),
      ["LeftFoot"] = CFrame.new(0.0000,-0.0002,0.0000,1.0000,-0.0000,0.0000,0.0000,1.0000,-0.0000,0.0000,0.0000,1.0000),
    }},
    {Time = 1.767, Data = {
      ["HumanoidRootPart"] = CFrame.new(0.0000,0.0000,0.0000,1.0000,0.0000,0.0000,0.0000,1.0000,0.0000,0.0000,0.0000,1.0000),
      ["LowerTorso"] = CFrame.new(0.0008,0.8369,0.0000,0.9913,-0.0097,0.1311,0.0354,0.9801,-0.1953,-0.1266,0.1983,0.9719),
      ["UpperTorso"] = CFrame.new(0.0000,0.0000,0.0000,0.9940,0.0287,0.1059,-0.0299,0.9995,0.0094,-0.1055,-0.0125,0.9943),
      ["LeftUpperArm"] = CFrame.new(0.0009,-0.0787,0.0200,0.9531,0.1582,0.2581,-0.2363,0.9216,0.3079,-0.1891,-0.3545,0.9157),
      ["LeftLowerArm"] = CFrame.new(-0.0005,0.0687,0.0274,1.0000,-0.0000,0.0000,0.0000,0.7256,-0.6882,0.0000,0.6882,0.7256),
      ["LeftHand"] = CFrame.new(0.0005,0.0000,0.0000,1.0000,-0.0000,0.0000,0.0000,1.0000,-0.0000,0.0000,0.0000,1.0000),
      ["RightUpperArm"] = CFrame.new(0.0000,0.0000,0.0000,0.7036,-0.7077,-0.0645,0.3040,0.3818,-0.8728,0.6423,0.5945,0.4837),
      ["RightLowerArm"] = CFrame.new(0.0000,0.1001,0.1005,1.0000,-0.0000,0.0000,0.0000,-0.0062,-1.0000,0.0000,1.0000,-0.0062),
      ["RightHand"] = CFrame.new(-0.0005,0.0000,0.0000,1.0000,-0.0000,0.0000,0.0000,1.0000,-0.0000,0.0000,0.0000,1.0000),
      ["Head"] = CFrame.new(1.8532,1.0109,-0.6192,-1.0000,0.0000,-0.0044,0.0000,1.0000,0.0000,0.0044,0.0000,-1.0000),
      ["RightUpperLeg"] = CFrame.new(0.0002,0.0856,-0.0272,0.9628,-0.2616,-0.0671,0.2039,0.8671,-0.4545,0.1771,0.4239,0.8882),
      ["RightLowerLeg"] = CFrame.new(0.0000,0.0968,-0.1242,1.0000,-0.0000,0.0000,-0.0000,-0.2406,0.9706,0.0000,-0.9706,-0.2406),
      ["RightFoot"] = CFrame.new(0.0000,0.0000,0.0000,1.0000,0.0000,0.0000,0.0000,1.0000,0.0000,0.0000,0.0000,1.0000),
      ["LeftUpperLeg"] = CFrame.new(-0.0002,0.0255,-0.0063,0.9704,0.0939,0.2225,-0.0425,0.9733,-0.2256,-0.2378,0.2095,0.9485),
      ["LeftLowerLeg"] = CFrame.new(0.0000,0.0681,-0.0267,1.0000,-0.0000,0.0000,0.0000,0.7333,0.6799,-0.0000,-0.6799,0.7333),
      ["LeftFoot"] = CFrame.new(0.0000,-0.0002,0.0000,1.0000,-0.0000,0.0000,0.0000,1.0000,-0.0000,0.0000,0.0000,1.0000),
    }},
    {Time = 1.800, Data = {
      ["HumanoidRootPart"] = CFrame.new(0.0000,0.0000,0.0000,1.0000,0.0000,0.0000,0.0000,1.0000,0.0000,0.0000,0.0000,1.0000),
      ["LowerTorso"] = CFrame.new(0.0008,0.8176,0.0000,0.9910,-0.0117,0.1331,0.0375,0.9806,-0.1924,-0.1283,0.1957,0.9722),
      ["UpperTorso"] = CFrame.new(0.0000,0.0000,0.0000,0.9940,0.0287,0.1059,-0.0299,0.9995,0.0094,-0.1055,-0.0125,0.9943),
      ["LeftUpperArm"] = CFrame.new(0.0009,-0.0766,0.0195,0.9518,0.1585,0.2627,-0.2395,0.9190,0.3131,-0.1918,-0.3609,0.9127),
      ["LeftLowerArm"] = CFrame.new(-0.0005,0.0686,0.0273,1.0000,-0.0000,0.0000,0.0000,0.7267,-0.6869,0.0000,0.6869,0.7267),
      ["LeftHand"] = CFrame.new(0.0005,0.0000,0.0000,1.0000,-0.0000,0.0000,0.0000,1.0000,-0.0000,0.0000,0.0000,1.0000),
      ["RightUpperArm"] = CFrame.new(0.0000,0.0000,0.0000,0.7050,-0.7062,-0.0652,0.3019,0.3820,-0.8734,0.6417,0.5961,0.4826),
      ["RightLowerArm"] = CFrame.new(0.0000,0.1001,0.1005,1.0000,-0.0000,0.0000,0.0000,-0.0062,-1.0000,0.0000,1.0000,-0.0062),
      ["RightHand"] = CFrame.new(-0.0005,0.0000,0.0000,1.0000,-0.0000,0.0000,0.0000,1.0000,-0.0000,0.0000,0.0000,1.0000),
      ["Head"] = CFrame.new(1.8528,0.9956,-0.6163,-0.9666,0.0000,-0.2561,0.0000,1.0000,0.0000,0.2561,0.0000,-0.9666),
      ["RightUpperLeg"] = CFrame.new(0.0002,0.0845,-0.0268,0.9631,-0.2606,-0.0678,0.2037,0.8698,-0.4495,0.1761,0.4191,0.8907),
      ["RightLowerLeg"] = CFrame.new(0.0000,0.0968,-0.1242,1.0000,-0.0000,0.0000,-0.0000,-0.2406,0.9706,0.0000,-0.9706,-0.2406),
      ["RightFoot"] = CFrame.new(0.0000,0.0000,0.0000,1.0000,0.0000,0.0000,0.0000,1.0000,0.0000,0.0000,0.0000,1.0000),
      ["LeftUpperLeg"] = CFrame.new(-0.0002,0.0245,-0.0060,0.9704,0.0936,0.2225,-0.0416,0.9729,-0.2276,-0.2378,0.2116,0.9480),
      ["LeftLowerLeg"] = CFrame.new(0.0000,0.0683,-0.0268,1.0000,-0.0000,0.0000,0.0000,0.7319,0.6815,-0.0000,-0.6815,0.7319),
      ["LeftFoot"] = CFrame.new(0.0000,-0.0002,0.0000,1.0000,-0.0000,0.0000,0.0000,1.0000,-0.0000,0.0000,0.0000,1.0000),
    }},
    {Time = 1.833, Data = {
      ["HumanoidRootPart"] = CFrame.new(0.0000,0.0000,0.0000,1.0000,0.0000,0.0000,0.0000,1.0000,0.0000,0.0000,0.0000,1.0000),
      ["LowerTorso"] = CFrame.new(0.0008,0.7978,0.0000,0.9908,-0.0136,0.1349,0.0393,0.9811,-0.1895,-0.1298,0.1930,0.9726),
      ["UpperTorso"] = CFrame.new(0.0000,0.0000,0.0000,0.9940,0.0287,0.1059,-0.0299,0.9995,0.0094,-0.1055,-0.0125,0.9943),
      ["LeftUpperArm"] = CFrame.new(0.0009,-0.0743,0.0189,0.9504,0.1588,0.2675,-0.2428,0.9162,0.3187,-0.1945,-0.3678,0.9093),
      ["LeftLowerArm"] = CFrame.new(-0.0005,0.0685,0.0271,1.0000,-0.0000,0.0000,0.0000,0.7280,-0.6856,0.0000,0.6856,0.7280),
      ["LeftHand"] = CFrame.new(0.0005,0.0000,0.0000,1.0000,-0.0000,0.0000,0.0000,1.0000,-0.0000,0.0000,0.0000,1.0000),
      ["RightUpperArm"] = CFrame.new(0.0000,0.0000,0.0000,0.7064,-0.7047,-0.0659,0.2998,0.3823,-0.8740,0.6412,0.5976,0.4814),
      ["RightLowerArm"] = CFrame.new(0.0000,0.1001,0.1005,1.0000,-0.0000,0.0000,0.0000,-0.0062,-1.0000,0.0000,1.0000,-0.0062),
      ["RightHand"] = CFrame.new(-0.0005,0.0000,0.0000,1.0000,-0.0000,0.0000,0.0000,1.0000,-0.0000,0.0000,0.0000,1.0000),
      ["Head"] = CFrame.new(1.8525,0.9812,-0.6136,-0.8718,0.0000,-0.4899,0.0000,1.0000,0.0000,0.4899,0.0000,-0.8718),
      ["RightUpperLeg"] = CFrame.new(0.0002,0.0833,-0.0263,0.9633,-0.2596,-0.0685,0.2034,0.8721,-0.4451,0.1752,0.4148,0.8929),
      ["RightLowerLeg"] = CFrame.new(0.0000,0.0968,-0.1242,1.0000,-0.0000,0.0000,-0.0000,-0.2406,0.9706,0.0000,-0.9706,-0.2406),
      ["RightFoot"] = CFrame.new(0.0000,0.0000,0.0000,1.0000,0.0000,0.0000,0.0000,1.0000,0.0000,0.0000,0.0000,1.0000),
      ["LeftUpperLeg"] = CFrame.new(-0.0002,0.0234,-0.0058,0.9704,0.0933,0.2226,-0.0409,0.9725,-0.2293,-0.2378,0.2135,0.9476),
      ["LeftLowerLeg"] = CFrame.new(0.0000,0.0684,-0.0270,1.0000,-0.0000,0.0000,0.0000,0.7306,0.6828,-0.0000,-0.6828,0.7306),
      ["LeftFoot"] = CFrame.new(0.0000,-0.0002,0.0000,1.0000,-0.0000,0.0000,0.0000,1.0000,-0.0000,0.0000,0.0000,1.0000),
    }},
    {Time = 1.867, Data = {
      ["HumanoidRootPart"] = CFrame.new(0.0000,0.0000,0.0000,1.0000,0.0000,0.0000,0.0000,1.0000,0.0000,0.0000,0.0000,1.0000),
      ["LowerTorso"] = CFrame.new(0.0008,0.7776,0.0000,0.9905,-0.0153,0.1366,0.0408,0.9816,-0.1864,-0.1312,0.1902,0.9729),
      ["UpperTorso"] = CFrame.new(0.0000,0.0000,0.0000,0.9940,0.0287,0.1059,-0.0299,0.9995,0.0094,-0.1055,-0.0125,0.9943),
      ["LeftUpperArm"] = CFrame.new(0.0009,-0.0720,0.0183,0.9489,0.1591,0.2726,-0.2463,0.9133,0.3244,-0.1973,-0.3749,0.9058),
      ["LeftLowerArm"] = CFrame.new(-0.0005,0.0683,0.0270,1.0000,-0.0000,0.0000,0.0000,0.7293,-0.6842,0.0000,0.6842,0.7293),
      ["LeftHand"] = CFrame.new(0.0005,0.0000,0.0000,1.0000,-0.0000,0.0000,0.0000,1.0000,-0.0000,0.0000,0.0000,1.0000),
      ["RightUpperArm"] = CFrame.new(0.0000,0.0000,0.0000,0.7078,-0.7033,-0.0666,0.2978,0.3826,-0.8746,0.6406,0.5992,0.4802),
      ["RightLowerArm"] = CFrame.new(0.0000,0.1001,0.1005,1.0000,-0.0000,0.0000,0.0000,-0.0062,-1.0000,0.0000,1.0000,-0.0062),
      ["RightHand"] = CFrame.new(-0.0005,0.0000,0.0000,1.0000,-0.0000,0.0000,0.0000,1.0000,-0.0000,0.0000,0.0000,1.0000),
      ["Head"] = CFrame.new(1.8521,0.9680,-0.6110,-0.7224,0.0000,-0.6915,0.0000,1.0000,0.0000,0.6915,0.0000,-0.7224),
      ["RightUpperLeg"] = CFrame.new(0.0002,0.0820,-0.0258,0.9635,-0.2587,-0.0690,0.2031,0.8742,-0.4411,0.1745,0.4110,0.8948),
      ["RightLowerLeg"] = CFrame.new(0.0000,0.0968,-0.1242,1.0000,-0.0000,0.0000,-0.0000,-0.2406,0.9706,0.0000,-0.9706,-0.2406),
      ["RightFoot"] = CFrame.new(0.0000,0.0000,0.0000,1.0000,0.0000,0.0000,0.0000,1.0000,0.0000,0.0000,0.0000,1.0000),
      ["LeftUpperLeg"] = CFrame.new(-0.0002,0.0224,-0.0055,0.9705,0.0930,0.2226,-0.0403,0.9722,-0.2308,-0.2379,0.2151,0.9472),
      ["LeftLowerLeg"] = CFrame.new(0.0000,0.0686,-0.0271,1.0000,-0.0000,0.0000,0.0000,0.7294,0.6841,-0.0000,-0.6841,0.7294),
      ["LeftFoot"] = CFrame.new(0.0000,-0.0002,0.0000,1.0000,-0.0000,0.0000,0.0000,1.0000,-0.0000,0.0000,0.0000,1.0000),
    }},
    {Time = 1.900, Data = {
      ["HumanoidRootPart"] = CFrame.new(0.0000,0.0000,0.0000,1.0000,0.0000,0.0000,0.0000,1.0000,0.0000,0.0000,0.0000,1.0000),
      ["LowerTorso"] = CFrame.new(0.0007,0.7573,0.0000,0.9903,-0.0168,0.1380,0.0422,0.9822,-0.1833,-0.1325,0.1873,0.9733),
      ["UpperTorso"] = CFrame.new(0.0000,0.0000,0.0000,0.9940,0.0287,0.1059,-0.0299,0.9995,0.0094,-0.1055,-0.0125,0.9943),
      ["LeftUpperArm"] = CFrame.new(0.0008,-0.0695,0.0177,0.9473,0.1593,0.2778,-0.2499,0.9102,0.3303,-0.2002,-0.3823,0.9021),
      ["LeftLowerArm"] = CFrame.new(-0.0005,0.0682,0.0269,1.0000,-0.0000,0.0000,0.0000,0.7306,-0.6828,0.0000,0.6828,0.7306),
      ["LeftHand"] = CFrame.new(0.0005,0.0000,0.0000,1.0000,-0.0000,0.0000,0.0000,1.0000,-0.0000,0.0000,0.0000,1.0000),
      ["RightUpperArm"] = CFrame.new(0.0000,0.0000,0.0000,0.7092,-0.7018,-0.0674,0.2957,0.3828,-0.8752,0.6400,0.6008,0.4790),
      ["RightLowerArm"] = CFrame.new(0.0000,0.1001,0.1005,1.0000,-0.0000,0.0000,0.0000,-0.0062,-1.0000,0.0000,1.0000,-0.0062),
      ["RightHand"] = CFrame.new(-0.0005,0.0000,0.0000,1.0000,-0.0000,0.0000,0.0000,1.0000,-0.0000,0.0000,0.0000,1.0000),
      ["Head"] = CFrame.new(1.8518,0.9560,-0.6086,-0.5284,0.0000,-0.8490,0.0000,1.0000,0.0000,0.8490,0.0000,-0.5284),
      ["RightUpperLeg"] = CFrame.new(0.0002,0.0806,-0.0253,0.9637,-0.2579,-0.0696,0.2028,0.8759,-0.4377,0.1738,0.4077,0.8964),
      ["RightLowerLeg"] = CFrame.new(0.0000,0.0968,-0.1242,1.0000,-0.0000,0.0000,-0.0000,-0.2406,0.9706,0.0000,-0.9706,-0.2406),
      ["RightFoot"] = CFrame.new(0.0000,0.0000,0.0000,1.0000,0.0000,0.0000,0.0000,1.0000,0.0000,0.0000,0.0000,1.0000),
      ["LeftUpperLeg"] = CFrame.new(-0.0002,0.0214,-0.0053,0.9705,0.0928,0.2226,-0.0397,0.9719,-0.2321,-0.2379,0.2165,0.9469),
      ["LeftLowerLeg"] = CFrame.new(0.0000,0.0687,-0.0272,1.0000,-0.0000,0.0000,0.0000,0.7284,0.6851,-0.0000,-0.6851,0.7284),
      ["LeftFoot"] = CFrame.new(0.0000,-0.0002,0.0000,1.0000,-0.0000,0.0000,0.0000,1.0000,-0.0000,0.0000,0.0000,1.0000),
    }},
    {Time = 1.933, Data = {
      ["HumanoidRootPart"] = CFrame.new(0.0000,0.0000,0.0000,1.0000,0.0000,0.0000,0.0000,1.0000,0.0000,0.0000,0.0000,1.0000),
      ["LowerTorso"] = CFrame.new(0.0007,0.7369,0.0000,0.9901,-0.0180,0.1392,0.0432,0.9827,-0.1802,-0.1336,0.1844,0.9737),
      ["UpperTorso"] = CFrame.new(0.0000,0.0000,0.0000,0.9940,0.0287,0.1059,-0.0299,0.9995,0.0094,-0.1055,-0.0125,0.9943),
      ["LeftUpperArm"] = CFrame.new(0.0008,-0.0670,0.0170,0.9457,0.1596,0.2832,-0.2537,0.9069,0.3363,-0.2032,-0.3899,0.8981),
      ["LeftLowerArm"] = CFrame.new(-0.0005,0.0681,0.0267,1.0000,-0.0000,0.0000,0.0000,0.7320,-0.6813,0.0000,0.6813,0.7320),
      ["LeftHand"] = CFrame.new(0.0005,0.0000,0.0000,1.0000,-0.0000,0.0000,0.0000,1.0000,-0.0000,0.0000,0.0000,1.0000),
      ["RightUpperArm"] = CFrame.new(0.0000,0.0000,0.0000,0.7105,-0.7003,-0.0681,0.2936,0.3831,-0.8758,0.6395,0.6023,0.4778),
      ["RightLowerArm"] = CFrame.new(0.0000,0.1001,0.1005,1.0000,-0.0000,0.0000,0.0000,-0.0062,-1.0000,0.0000,1.0000,-0.0062),
      ["RightHand"] = CFrame.new(-0.0005,0.0000,0.0000,1.0000,-0.0000,0.0000,0.0000,1.0000,-0.0000,0.0000,0.0000,1.0000),
      ["Head"] = CFrame.new(1.8516,0.9461,-0.6066,-0.3026,0.0000,-0.9531,0.0000,1.0000,0.0000,0.9531,0.0000,-0.3026),
      ["RightUpperLeg"] = CFrame.new(0.0002,0.0792,-0.0248,0.9638,-0.2572,-0.0700,0.2026,0.8774,-0.4350,0.1733,0.4051,0.8977),
      ["RightLowerLeg"] = CFrame.new(0.0000,0.0968,-0.1242,1.0000,-0.0000,0.0000,-0.0000,-0.2406,0.9706,0.0000,-0.9706,-0.2406),
      ["RightFoot"] = CFrame.new(0.0000,0.0000,0.0000,1.0000,0.0000,0.0000,0.0000,1.0000,0.0000,0.0000,0.0000,1.0000),
      ["LeftUpperLeg"] = CFrame.new(-0.0001,0.0203,-0.0050,0.9705,0.0926,0.2226,-0.0393,0.9716,-0.2332,-0.2379,0.2176,0.9466),
      ["LeftLowerLeg"] = CFrame.new(0.0000,0.0687,-0.0273,1.0000,-0.0000,0.0000,0.0000,0.7277,0.6859,-0.0000,-0.6859,0.7277),
      ["LeftFoot"] = CFrame.new(0.0000,-0.0002,0.0000,1.0000,-0.0000,0.0000,0.0000,1.0000,-0.0000,0.0000,0.0000,1.0000),
    }},
    {Time = 1.967, Data = {
      ["HumanoidRootPart"] = CFrame.new(0.0000,0.0000,0.0000,1.0000,0.0000,0.0000,0.0000,1.0000,0.0000,0.0000,0.0000,1.0000),
      ["LowerTorso"] = CFrame.new(0.0007,0.7167,0.0000,0.9899,-0.0190,0.1401,0.0439,0.9832,-0.1771,-0.1344,0.1815,0.9742),
      ["UpperTorso"] = CFrame.new(0.0000,0.0000,0.0000,0.9940,0.0287,0.1059,-0.0299,0.9995,0.0094,-0.1055,-0.0125,0.9943),
      ["LeftUpperArm"] = CFrame.new(0.0008,-0.0644,0.0164,0.9440,0.1597,0.2888,-0.2577,0.9035,0.3425,-0.2062,-0.3978,0.8940),
      ["LeftLowerArm"] = CFrame.new(-0.0005,0.0679,0.0266,1.0000,-0.0000,0.0000,0.0000,0.7334,-0.6798,0.0000,0.6798,0.7334),
      ["LeftHand"] = CFrame.new(0.0005,0.0000,0.0000,1.0000,-0.0000,0.0000,0.0000,1.0000,-0.0000,0.0000,0.0000,1.0000),
      ["RightUpperArm"] = CFrame.new(0.0000,0.0000,0.0000,0.7119,-0.6989,-0.0688,0.2916,0.3833,-0.8764,0.6389,0.6038,0.4767),
      ["RightLowerArm"] = CFrame.new(0.0000,0.1001,0.1005,1.0000,-0.0000,0.0000,0.0000,-0.0062,-1.0000,0.0000,1.0000,-0.0062),
      ["RightHand"] = CFrame.new(-0.0005,0.0000,0.0000,1.0000,-0.0000,0.0000,0.0000,1.0000,-0.0000,0.0000,0.0000,1.0000),
      ["Head"] = CFrame.new(1.8514,0.9381,-0.6049,-0.0591,0.0000,-0.9983,0.0000,1.0000,0.0000,0.9983,0.0000,-0.0591),
      ["RightUpperLeg"] = CFrame.new(0.0002,0.0777,-0.0242,0.9639,-0.2567,-0.0703,0.2023,0.8785,-0.4329,0.1729,0.4030,0.8987),
      ["RightLowerLeg"] = CFrame.new(0.0000,0.0968,-0.1242,1.0000,-0.0000,0.0000,-0.0000,-0.2406,0.9706,0.0000,-0.9706,-0.2406),
      ["RightFoot"] = CFrame.new(0.0000,0.0000,0.0000,1.0000,0.0000,0.0000,0.0000,1.0000,0.0000,0.0000,0.0000,1.0000),
      ["LeftUpperLeg"] = CFrame.new(-0.0001,0.0193,-0.0048,0.9705,0.0925,0.2226,-0.0389,0.9715,-0.2340,-0.2379,0.2184,0.9464),
      ["LeftLowerLeg"] = CFrame.new(0.0000,0.0688,-0.0273,1.0000,-0.0000,0.0000,0.0000,0.7271,0.6866,-0.0000,-0.6866,0.7271),
      ["LeftFoot"] = CFrame.new(0.0000,-0.0002,0.0000,1.0000,-0.0000,0.0000,0.0000,1.0000,-0.0000,0.0000,0.0000,1.0000),
    }},
    {Time = 2.000, Data = {
      ["HumanoidRootPart"] = CFrame.new(0.0000,0.0000,0.0000,1.0000,0.0000,0.0000,0.0000,1.0000,0.0000,0.0000,0.0000,1.0000),
      ["LowerTorso"] = CFrame.new(0.0007,0.6967,0.0000,0.9898,-0.0198,0.1408,0.0444,0.9837,-0.1740,-0.1351,0.1785,0.9746),
      ["UpperTorso"] = CFrame.new(0.0000,0.0000,0.0000,0.9940,0.0287,0.1059,-0.0299,0.9995,0.0094,-0.1055,-0.0125,0.9943),
      ["LeftUpperArm"] = CFrame.new(0.0007,-0.0618,0.0157,0.9422,0.1599,0.2945,-0.2617,0.8999,0.3488,-0.2093,-0.4057,0.8897),
      ["LeftLowerArm"] = CFrame.new(-0.0005,0.0677,0.0264,1.0000,-0.0000,0.0000,0.0000,0.7349,-0.6782,0.0000,0.6782,0.7349),
      ["LeftHand"] = CFrame.new(0.0005,0.0000,0.0000,1.0000,-0.0000,0.0000,0.0000,1.0000,-0.0000,0.0000,0.0000,1.0000),
      ["RightUpperArm"] = CFrame.new(0.0000,0.0000,0.0000,0.7133,-0.6974,-0.0695,0.2895,0.3836,-0.8770,0.6383,0.6054,0.4755),
      ["RightLowerArm"] = CFrame.new(0.0000,0.1001,0.1005,1.0000,-0.0000,0.0000,0.0000,-0.0062,-1.0000,0.0000,1.0000,-0.0062),
      ["RightHand"] = CFrame.new(-0.0005,0.0000,0.0000,1.0000,-0.0000,0.0000,0.0000,1.0000,-0.0000,0.0000,0.0000,1.0000),
      ["Head"] = CFrame.new(1.8512,0.9323,-0.6036,0.1873,-0.0000,-0.9823,0.0000,1.0000,-0.0000,0.9823,0.0000,0.1873),
      ["RightUpperLeg"] = CFrame.new(0.0002,0.0761,-0.0236,0.9640,-0.2563,-0.0706,0.2022,0.8792,-0.4314,0.1726,0.4016,0.8994),
      ["RightLowerLeg"] = CFrame.new(0.0000,0.0968,-0.1242,1.0000,-0.0000,0.0000,-0.0000,-0.2406,0.9706,0.0000,-0.9706,-0.2406),
      ["RightFoot"] = CFrame.new(0.0000,0.0000,0.0000,1.0000,0.0000,0.0000,0.0000,1.0000,0.0000,0.0000,0.0000,1.0000),
      ["LeftUpperLeg"] = CFrame.new(-0.0001,0.0183,-0.0046,0.9705,0.0924,0.2226,-0.0387,0.9713,-0.2345,-0.2379,0.2190,0.9463),
      ["LeftLowerLeg"] = CFrame.new(0.0000,0.0688,-0.0273,1.0000,-0.0000,0.0000,0.0000,0.7266,0.6870,-0.0000,-0.6870,0.7266),
      ["LeftFoot"] = CFrame.new(0.0000,-0.0002,0.0000,1.0000,-0.0000,0.0000,0.0000,1.0000,-0.0000,0.0000,0.0000,1.0000),
    }},
    {Time = 2.033, Data = {
      ["HumanoidRootPart"] = CFrame.new(0.0000,0.0000,0.0000,1.0000,0.0000,0.0000,0.0000,1.0000,0.0000,0.0000,0.0000,1.0000),
      ["LowerTorso"] = CFrame.new(0.0006,0.6773,0.0000,0.9898,-0.0203,0.1411,0.0445,0.9843,-0.1710,-0.1354,0.1755,0.9751),
      ["UpperTorso"] = CFrame.new(0.0000,0.0000,0.0000,0.9940,0.0287,0.1059,-0.0299,0.9995,0.0094,-0.1055,-0.0125,0.9943),
      ["LeftUpperArm"] = CFrame.new(0.0007,-0.0591,0.0150,0.9403,0.1599,0.3003,-0.2659,0.8962,0.3552,-0.2123,-0.4139,0.8852),
      ["LeftLowerArm"] = CFrame.new(-0.0005,0.0676,0.0263,1.0000,-0.0000,0.0000,0.0000,0.7364,-0.6766,0.0000,0.6766,0.7364),
      ["LeftHand"] = CFrame.new(0.0005,0.0000,0.0000,1.0000,-0.0000,0.0000,0.0000,1.0000,-0.0000,0.0000,0.0000,1.0000),
      ["RightUpperArm"] = CFrame.new(0.0000,0.0000,0.0000,0.7146,-0.6960,-0.0703,0.2875,0.3838,-0.8775,0.6377,0.6069,0.4744),
      ["RightLowerArm"] = CFrame.new(0.0000,0.1001,0.1005,1.0000,-0.0000,0.0000,0.0000,-0.0062,-1.0000,0.0000,1.0000,-0.0062),
      ["RightHand"] = CFrame.new(-0.0005,0.0000,0.0000,1.0000,-0.0000,0.0000,0.0000,1.0000,-0.0000,0.0000,0.0000,1.0000),
      ["Head"] = CFrame.new(1.8512,0.9295,-0.6028,0.4216,-0.0000,-0.9068,0.0000,1.0000,-0.0000,0.9068,0.0000,0.4216),
      ["RightUpperLeg"] = CFrame.new(0.0002,0.0744,-0.0230,0.9641,-0.2561,-0.0707,0.2021,0.8796,-0.4306,0.1725,0.4009,0.8997),
      ["RightLowerLeg"] = CFrame.new(0.0000,0.0968,-0.1242,1.0000,-0.0000,0.0000,-0.0000,-0.2406,0.9706,0.0000,-0.9706,-0.2406),
      ["RightFoot"] = CFrame.new(0.0000,0.0000,0.0000,1.0000,0.0000,0.0000,0.0000,1.0000,0.0000,0.0000,0.0000,1.0000),
      ["LeftUpperLeg"] = CFrame.new(-0.0001,0.0173,-0.0043,0.9705,0.0924,0.2226,-0.0386,0.9713,-0.2348,-0.2379,0.2193,0.9462),
      ["LeftLowerLeg"] = CFrame.new(0.0000,0.0688,-0.0273,1.0000,-0.0000,0.0000,0.0000,0.7264,0.6872,-0.0000,-0.6872,0.7264),
      ["LeftFoot"] = CFrame.new(0.0000,-0.0002,0.0000,1.0000,-0.0000,0.0000,0.0000,1.0000,-0.0000,0.0000,0.0000,1.0000),
    }},
    {Time = 2.067, Data = {
      ["HumanoidRootPart"] = CFrame.new(0.0000,0.0000,0.0000,1.0000,0.0000,0.0000,0.0000,1.0000,0.0000,0.0000,0.0000,1.0000),
      ["LowerTorso"] = CFrame.new(0.0006,0.6584,0.0000,0.9898,-0.0205,0.1411,0.0443,0.9848,-0.1680,-0.1355,0.1725,0.9756),
      ["UpperTorso"] = CFrame.new(0.0000,0.0000,0.0000,0.9940,0.0287,0.1059,-0.0299,0.9995,0.0094,-0.1055,-0.0125,0.9943),
      ["LeftUpperArm"] = CFrame.new(0.0007,-0.0563,0.0143,0.9384,0.1599,0.3062,-0.2701,0.8923,0.3617,-0.2154,-0.4221,0.8806),
      ["LeftLowerArm"] = CFrame.new(-0.0005,0.0674,0.0261,1.0000,-0.0000,0.0000,0.0000,0.7379,-0.6749,0.0000,0.6749,0.7379),
      ["LeftHand"] = CFrame.new(0.0005,0.0000,0.0000,1.0000,-0.0000,0.0000,0.0000,1.0000,-0.0000,0.0000,0.0000,1.0000),
      ["RightUpperArm"] = CFrame.new(0.0000,0.0000,0.0000,0.7159,-0.6946,-0.0710,0.2855,0.3840,-0.8781,0.6371,0.6084,0.4732),
      ["RightLowerArm"] = CFrame.new(0.0000,0.1001,0.1005,1.0000,-0.0000,0.0000,0.0000,-0.0062,-1.0000,0.0000,1.0000,-0.0062),
      ["RightHand"] = CFrame.new(-0.0005,0.0000,0.0000,1.0000,-0.0000,0.0000,0.0000,1.0000,-0.0000,0.0000,0.0000,1.0000),
      ["Head"] = CFrame.new(1.8513,0.9289,-0.6024,0.6298,-0.0000,-0.7767,0.0000,1.0000,-0.0000,0.7767,0.0000,0.6298),
      ["RightUpperLeg"] = CFrame.new(0.0002,0.0727,-0.0224,0.9640,-0.2561,-0.0707,0.2021,0.8797,-0.4305,0.1725,0.4007,0.8998),
      ["RightLowerLeg"] = CFrame.new(0.0000,0.0968,-0.1242,1.0000,-0.0000,0.0000,-0.0000,-0.2406,0.9706,0.0000,-0.9706,-0.2406),
      ["RightFoot"] = CFrame.new(0.0000,0.0000,0.0000,1.0000,0.0000,0.0000,0.0000,1.0000,0.0000,0.0000,0.0000,1.0000),
      ["LeftUpperLeg"] = CFrame.new(-0.0001,0.0164,-0.0041,0.9705,0.0924,0.2226,-0.0387,0.9713,-0.2346,-0.2379,0.2191,0.9463),
      ["LeftLowerLeg"] = CFrame.new(0.0000,0.0688,-0.0273,1.0000,-0.0000,0.0000,0.0000,0.7266,0.6871,-0.0000,-0.6871,0.7266),
      ["LeftFoot"] = CFrame.new(0.0000,-0.0002,0.0000,1.0000,-0.0000,0.0000,0.0000,1.0000,-0.0000,0.0000,0.0000,1.0000),
    }},
    {Time = 2.100, Data = {
      ["HumanoidRootPart"] = CFrame.new(0.0000,0.0000,0.0000,1.0000,0.0000,0.0000,0.0000,1.0000,0.0000,0.0000,0.0000,1.0000),
      ["LowerTorso"] = CFrame.new(0.0006,0.6402,0.0000,0.9898,-0.0205,0.1408,0.0439,0.9853,-0.1651,-0.1353,0.1696,0.9762),
      ["UpperTorso"] = CFrame.new(0.0000,0.0000,0.0000,0.9940,0.0287,0.1059,-0.0299,0.9995,0.0094,-0.1055,-0.0125,0.9943),
      ["LeftUpperArm"] = CFrame.new(0.0006,-0.0535,0.0136,0.9365,0.1599,0.3122,-0.2744,0.8884,0.3681,-0.2185,-0.4304,0.8758),
      ["LeftLowerArm"] = CFrame.new(-0.0005,0.0673,0.0260,1.0000,-0.0000,0.0000,0.0000,0.7394,-0.6733,0.0000,0.6733,0.7394),
      ["LeftHand"] = CFrame.new(0.0005,0.0000,0.0000,1.0000,-0.0000,0.0000,0.0000,1.0000,-0.0000,0.0000,0.0000,1.0000),
      ["RightUpperArm"] = CFrame.new(0.0000,0.0000,0.0000,0.7172,-0.6932,-0.0717,0.2835,0.3842,-0.8786,0.6366,0.6098,0.4721),
      ["RightLowerArm"] = CFrame.new(0.0000,0.1001,0.1005,1.0000,-0.0000,0.0000,0.0000,-0.0062,-1.0000,0.0000,1.0000,-0.0062),
      ["RightHand"] = CFrame.new(-0.0005,0.0000,0.0000,1.0000,-0.0000,0.0000,0.0000,1.0000,-0.0000,0.0000,0.0000,1.0000),
      ["Head"] = CFrame.new(1.8513,0.9290,-0.6021,0.7999,-0.0000,-0.6002,0.0000,1.0000,-0.0000,0.6002,0.0000,0.7999),
      ["RightUpperLeg"] = CFrame.new(0.0002,0.0708,-0.0218,0.9640,-0.2562,-0.0708,0.2021,0.8796,-0.4306,0.1726,0.4008,0.8998),
      ["RightLowerLeg"] = CFrame.new(0.0000,0.0968,-0.1242,1.0000,-0.0000,0.0000,-0.0000,-0.2406,0.9706,0.0000,-0.9706,-0.2406),
      ["RightFoot"] = CFrame.new(0.0000,0.0000,0.0000,1.0000,0.0000,0.0000,0.0000,1.0000,0.0000,0.0000,0.0000,1.0000),
      ["LeftUpperLeg"] = CFrame.new(-0.0001,0.0154,-0.0038,0.9705,0.0926,0.2226,-0.0392,0.9716,-0.2333,-0.2378,0.2177,0.9466),
      ["LeftLowerLeg"] = CFrame.new(0.0000,0.0688,-0.0273,1.0000,-0.0000,0.0000,0.0000,0.7275,0.6861,-0.0000,-0.6861,0.7275),
      ["LeftFoot"] = CFrame.new(0.0000,-0.0002,0.0000,1.0000,-0.0000,0.0000,0.0000,1.0000,-0.0000,0.0000,0.0000,1.0000),
    }},
    {Time = 2.133, Data = {
      ["HumanoidRootPart"] = CFrame.new(0.0000,0.0000,0.0000,1.0000,0.0000,0.0000,0.0000,1.0000,0.0000,0.0000,0.0000,1.0000),
      ["LowerTorso"] = CFrame.new(0.0005,0.6227,0.0000,0.9899,-0.0205,0.1401,0.0434,0.9858,-0.1623,-0.1348,0.1667,0.9767),
      ["UpperTorso"] = CFrame.new(0.0000,0.0000,0.0000,0.9940,0.0287,0.1059,-0.0299,0.9995,0.0094,-0.1055,-0.0125,0.9943),
      ["LeftUpperArm"] = CFrame.new(0.0006,-0.0507,0.0129,0.9345,0.1598,0.3182,-0.2788,0.8843,0.3746,-0.2215,-0.4387,0.8709),
      ["LeftLowerArm"] = CFrame.new(-0.0005,0.0671,0.0258,1.0000,-0.0000,0.0000,0.0000,0.7409,-0.6716,0.0000,0.6716,0.7409),
      ["LeftHand"] = CFrame.new(0.0005,0.0000,0.0000,1.0000,-0.0000,0.0000,0.0000,1.0000,-0.0000,0.0000,0.0000,1.0000),
      ["RightUpperArm"] = CFrame.new(0.0000,0.0000,0.0000,0.7185,-0.6918,-0.0724,0.2816,0.3844,-0.8792,0.6360,0.6113,0.4710),
      ["RightLowerArm"] = CFrame.new(0.0000,0.1001,0.1005,1.0000,-0.0000,0.0000,0.0000,-0.0062,-1.0000,0.0000,1.0000,-0.0062),
      ["RightHand"] = CFrame.new(-0.0005,0.0000,0.0000,1.0000,-0.0000,0.0000,0.0000,1.0000,-0.0000,0.0000,0.0000,1.0000),
      ["Head"] = CFrame.new(1.8513,0.9290,-0.6018,0.9217,-0.0000,-0.3879,0.0000,1.0000,-0.0000,0.3879,0.0000,0.9217),
      ["RightUpperLeg"] = CFrame.new(0.0002,0.0690,-0.0211,0.9640,-0.2562,-0.0710,0.2020,0.8796,-0.4306,0.1728,0.4008,0.8997),
      ["RightLowerLeg"] = CFrame.new(0.0000,0.0968,-0.1242,1.0000,-0.0000,0.0000,-0.0000,-0.2406,0.9706,0.0000,-0.9706,-0.2406),
      ["RightFoot"] = CFrame.new(0.0000,0.0000,0.0000,1.0000,0.0000,0.0000,0.0000,1.0000,0.0000,0.0000,0.0000,1.0000),
      ["LeftUpperLeg"] = CFrame.new(-0.0001,0.0145,-0.0036,0.9705,0.0929,0.2225,-0.0402,0.9722,-0.2307,-0.2378,0.2149,0.9472),
      ["LeftLowerLeg"] = CFrame.new(0.0000,0.0686,-0.0271,1.0000,-0.0000,0.0000,0.0000,0.7294,0.6841,-0.0000,-0.6841,0.7294),
      ["LeftFoot"] = CFrame.new(0.0000,-0.0002,0.0000,1.0000,-0.0000,0.0000,0.0000,1.0000,-0.0000,0.0000,0.0000,1.0000),
    }},
    {Time = 2.167, Data = {
      ["HumanoidRootPart"] = CFrame.new(0.0000,0.0000,0.0000,1.0000,0.0000,0.0000,0.0000,1.0000,0.0000,0.0000,0.0000,1.0000),
      ["LowerTorso"] = CFrame.new(0.0005,0.6059,0.0000,0.9901,-0.0203,0.1392,0.0426,0.9863,-0.1595,-0.1341,0.1639,0.9773),
      ["UpperTorso"] = CFrame.new(0.0000,0.0000,0.0000,0.9940,0.0287,0.1059,-0.0299,0.9995,0.0094,-0.1055,-0.0125,0.9943),
      ["LeftUpperArm"] = CFrame.new(0.0006,-0.0479,0.0122,0.9324,0.1596,0.3242,-0.2832,0.8801,0.3810,-0.2245,-0.4471,0.8658),
      ["LeftLowerArm"] = CFrame.new(-0.0005,0.0669,0.0257,1.0000,-0.0000,0.0000,0.0000,0.7425,-0.6699,0.0000,0.6699,0.7425),
      ["LeftHand"] = CFrame.new(0.0005,0.0000,0.0000,1.0000,-0.0000,0.0000,0.0000,1.0000,-0.0000,0.0000,0.0000,1.0000),
      ["RightUpperArm"] = CFrame.new(0.0000,0.0000,0.0000,0.7197,-0.6904,-0.0730,0.2797,0.3846,-0.8797,0.6354,0.6127,0.4699),
      ["RightLowerArm"] = CFrame.new(0.0000,0.1001,0.1005,1.0000,-0.0000,0.0000,0.0000,-0.0062,-1.0000,0.0000,1.0000,-0.0062),
      ["RightHand"] = CFrame.new(-0.0005,0.0000,0.0000,1.0000,-0.0000,0.0000,0.0000,1.0000,-0.0000,0.0000,0.0000,1.0000),
      ["Head"] = CFrame.new(1.8513,0.9290,-0.6016,0.9883,-0.0000,-0.1526,0.0000,1.0000,-0.0000,0.1526,0.0000,0.9883),
      ["RightUpperLeg"] = CFrame.new(0.0002,0.0670,-0.0204,0.9640,-0.2562,-0.0713,0.2019,0.8796,-0.4307,0.1731,0.4008,0.8997),
      ["RightLowerLeg"] = CFrame.new(0.0000,0.0968,-0.1242,1.0000,-0.0000,0.0000,-0.0000,-0.2406,0.9706,0.0000,-0.9706,-0.2406),
      ["RightFoot"] = CFrame.new(0.0000,0.0000,0.0000,1.0000,0.0000,0.0000,0.0000,1.0000,0.0000,0.0000,0.0000,1.0000),
      ["LeftUpperLeg"] = CFrame.new(-0.0001,0.0135,-0.0034,0.9705,0.0935,0.2224,-0.0417,0.9730,-0.2270,-0.2376,0.2110,0.9482),
      ["LeftLowerLeg"] = CFrame.new(0.0000,0.0683,-0.0268,1.0000,-0.0000,0.0000,0.0000,0.7320,0.6813,-0.0000,-0.6813,0.7320),
      ["LeftFoot"] = CFrame.new(0.0000,-0.0002,0.0000,1.0000,-0.0000,0.0000,0.0000,1.0000,-0.0000,0.0000,0.0000,1.0000),
    }},
    {Time = 2.200, Data = {
      ["HumanoidRootPart"] = CFrame.new(0.0000,0.0000,0.0000,1.0000,0.0000,0.0000,0.0000,1.0000,0.0000,0.0000,0.0000,1.0000),
      ["LowerTorso"] = CFrame.new(0.0005,0.5897,0.0000,0.9902,-0.0199,0.1381,0.0417,0.9867,-0.1568,-0.1331,0.1610,0.9779),
      ["UpperTorso"] = CFrame.new(0.0000,0.0000,0.0000,0.9940,0.0287,0.1059,-0.0299,0.9995,0.0094,-0.1055,-0.0125,0.9943),
      ["LeftUpperArm"] = CFrame.new(0.0005,-0.0450,0.0114,0.9303,0.1594,0.3303,-0.2876,0.8759,0.3874,-0.2275,-0.4554,0.8607),
      ["LeftLowerArm"] = CFrame.new(-0.0005,0.0667,0.0255,1.0000,-0.0000,0.0000,0.0000,0.7440,-0.6682,0.0000,0.6682,0.7440),
      ["LeftHand"] = CFrame.new(0.0005,0.0000,0.0000,1.0000,-0.0000,0.0000,0.0000,1.0000,-0.0000,0.0000,0.0000,1.0000),
      ["RightUpperArm"] = CFrame.new(0.0000,0.0000,0.0000,0.7210,-0.6890,-0.0737,0.2778,0.3848,-0.8802,0.6349,0.6141,0.4689),
      ["RightLowerArm"] = CFrame.new(0.0000,0.1001,0.1005,1.0000,-0.0000,0.0000,0.0000,-0.0062,-1.0000,0.0000,1.0000,-0.0062),
      ["RightHand"] = CFrame.new(-0.0005,0.0000,0.0000,1.0000,-0.0000,0.0000,0.0000,1.0000,-0.0000,0.0000,0.0000,1.0000),
      ["Head"] = CFrame.new(1.8513,0.9292,-0.6014,0.9958,-0.0000,0.0918,0.0000,1.0000,-0.0000,-0.0918,0.0000,0.9958),
      ["RightUpperLeg"] = CFrame.new(0.0002,0.0650,-0.0197,0.9639,-0.2563,-0.0717,0.2018,0.8795,-0.4309,0.1735,0.4009,0.8995),
      ["RightLowerLeg"] = CFrame.new(0.0000,0.0968,-0.1242,1.0000,-0.0000,0.0000,-0.0000,-0.2406,0.9706,0.0000,-0.9706,-0.2406),
      ["RightFoot"] = CFrame.new(0.0000,0.0000,0.0000,1.0000,0.0000,0.0000,0.0000,1.0000,0.0000,0.0000,0.0000,1.0000),
      ["LeftUpperLeg"] = CFrame.new(-0.0001,0.0126,-0.0032,0.9704,0.0941,0.2222,-0.0436,0.9740,-0.2223,-0.2374,0.2061,0.9493),
      ["LeftLowerLeg"] = CFrame.new(0.0000,0.0679,-0.0265,1.0000,-0.0000,0.0000,0.0000,0.7353,0.6778,-0.0000,-0.6778,0.7353),
      ["LeftFoot"] = CFrame.new(0.0000,-0.0002,0.0000,1.0000,-0.0000,0.0000,0.0000,1.0000,-0.0000,0.0000,0.0000,1.0000),
    }},
    {Time = 2.233, Data = {
      ["HumanoidRootPart"] = CFrame.new(0.0000,0.0000,0.0000,1.0000,0.0000,0.0000,0.0000,1.0000,0.0000,0.0000,0.0000,1.0000),
      ["LowerTorso"] = CFrame.new(0.0004,0.5744,0.0000,0.9904,-0.0193,0.1367,0.0406,0.9872,-0.1542,-0.1319,0.1583,0.9785),
      ["UpperTorso"] = CFrame.new(0.0000,0.0000,0.0000,0.9940,0.0287,0.1059,-0.0299,0.9995,0.0094,-0.1055,-0.0125,0.9943),
      ["LeftUpperArm"] = CFrame.new(0.0005,-0.0422,0.0107,0.9282,0.1591,0.3363,-0.2921,0.8716,0.3938,-0.2304,-0.4637,0.8555),
      ["LeftLowerArm"] = CFrame.new(-0.0005,0.0666,0.0254,1.0000,-0.0000,0.0000,0.0000,0.7455,-0.6665,0.0000,0.6665,0.7455),
      ["LeftHand"] = CFrame.new(0.0005,0.0000,0.0000,1.0000,-0.0000,0.0000,0.0000,1.0000,-0.0000,0.0000,0.0000,1.0000),
      ["RightUpperArm"] = CFrame.new(0.0000,0.0000,0.0000,0.7222,-0.6877,-0.0744,0.2759,0.3850,-0.8807,0.6343,0.6155,0.4678),
      ["RightLowerArm"] = CFrame.new(0.0000,0.1001,0.1005,1.0000,-0.0000,0.0000,0.0000,-0.0062,-1.0000,0.0000,1.0000,-0.0062),
      ["RightHand"] = CFrame.new(-0.0005,0.0000,0.0000,1.0000,-0.0000,0.0000,0.0000,1.0000,-0.0000,0.0000,0.0000,1.0000),
      ["Head"] = CFrame.new(1.8514,0.9294,-0.6012,0.9437,-0.0000,0.3307,0.0000,1.0000,-0.0000,-0.3307,0.0000,0.9437),
      ["RightUpperLeg"] = CFrame.new(0.0002,0.0629,-0.0190,0.9639,-0.2564,-0.0722,0.2016,0.8794,-0.4312,0.1741,0.4011,0.8993),
      ["RightLowerLeg"] = CFrame.new(0.0000,0.0968,-0.1242,1.0000,-0.0000,0.0000,-0.0000,-0.2406,0.9706,0.0000,-0.9706,-0.2406),
      ["RightFoot"] = CFrame.new(0.0000,0.0000,0.0000,1.0000,0.0000,0.0000,0.0000,1.0000,0.0000,0.0000,0.0000,1.0000),
      ["LeftUpperLeg"] = CFrame.new(-0.0001,0.0117,-0.0029,0.9704,0.0950,0.2221,-0.0459,0.9752,-0.2166,-0.2371,0.2000,0.9507),
      ["LeftLowerLeg"] = CFrame.new(0.0000,0.0675,-0.0261,1.0000,-0.0000,0.0000,0.0000,0.7393,0.6733,-0.0000,-0.6733,0.7393),
      ["LeftFoot"] = CFrame.new(0.0000,-0.0002,0.0000,1.0000,-0.0000,0.0000,0.0000,1.0000,-0.0000,0.0000,0.0000,1.0000),
    }},
    {Time = 2.267, Data = {
      ["HumanoidRootPart"] = CFrame.new(0.0000,0.0000,0.0000,1.0000,0.0000,0.0000,0.0000,1.0000,0.0000,0.0000,0.0000,1.0000),
      ["LowerTorso"] = CFrame.new(0.0004,0.5596,0.0000,0.9907,-0.0187,0.1351,0.0393,0.9876,-0.1517,-0.1306,0.1556,0.9791),
      ["UpperTorso"] = CFrame.new(0.0000,0.0000,0.0000,0.9940,0.0287,0.1059,-0.0299,0.9995,0.0094,-0.1055,-0.0125,0.9943),
      ["LeftUpperArm"] = CFrame.new(0.0005,-0.0394,0.0100,0.9261,0.1588,0.3423,-0.2965,0.8672,0.4000,-0.2333,-0.4719,0.8502),
      ["LeftLowerArm"] = CFrame.new(-0.0005,0.0664,0.0252,1.0000,-0.0000,0.0000,0.0000,0.7470,-0.6648,0.0000,0.6648,0.7470),
      ["LeftHand"] = CFrame.new(0.0005,0.0000,0.0000,1.0000,-0.0000,0.0000,0.0000,1.0000,-0.0000,0.0000,0.0000,1.0000),
      ["RightUpperArm"] = CFrame.new(0.0000,0.0000,0.0000,0.7233,-0.6864,-0.0750,0.2741,0.3852,-0.8812,0.6338,0.6168,0.4668),
      ["RightLowerArm"] = CFrame.new(0.0000,0.1001,0.1005,1.0000,-0.0000,0.0000,0.0000,-0.0062,-1.0000,0.0000,1.0000,-0.0062),
      ["RightHand"] = CFrame.new(-0.0005,0.0000,0.0000,1.0000,-0.0000,0.0000,0.0000,1.0000,-0.0000,0.0000,0.0000,1.0000),
      ["Head"] = CFrame.new(1.8515,0.9297,-0.6010,0.8352,-0.0000,0.5500,0.0000,1.0000,-0.0000,-0.5500,0.0000,0.8352),
      ["RightUpperLeg"] = CFrame.new(0.0002,0.0607,-0.0182,0.9638,-0.2565,-0.0727,0.2014,0.8792,-0.4317,0.1747,0.4014,0.8991),
      ["RightLowerLeg"] = CFrame.new(0.0000,0.0968,-0.1242,1.0000,-0.0000,0.0000,-0.0000,-0.2406,0.9706,0.0000,-0.9706,-0.2406),
      ["RightFoot"] = CFrame.new(0.0000,0.0000,0.0000,1.0000,0.0000,0.0000,0.0000,1.0000,0.0000,0.0000,0.0000,1.0000),
      ["LeftUpperLeg"] = CFrame.new(-0.0001,0.0108,-0.0027,0.9703,0.0959,0.2219,-0.0485,0.9765,-0.2100,-0.2368,0.1930,0.9522),
      ["LeftLowerLeg"] = CFrame.new(0.0000,0.0670,-0.0256,1.0000,-0.0000,0.0000,0.0000,0.7439,0.6683,-0.0000,-0.6683,0.7439),
      ["LeftFoot"] = CFrame.new(0.0000,-0.0002,0.0000,1.0000,-0.0000,0.0000,0.0000,1.0000,-0.0000,0.0000,0.0000,1.0000),
    }},
    {Time = 2.300, Data = {
      ["HumanoidRootPart"] = CFrame.new(0.0000,0.0000,0.0000,1.0000,0.0000,0.0000,0.0000,1.0000,0.0000,0.0000,0.0000,1.0000),
      ["LowerTorso"] = CFrame.new(0.0004,0.5455,0.0000,0.9909,-0.0178,0.1333,0.0379,0.9881,-0.1493,-0.1291,0.1530,0.9798),
      ["UpperTorso"] = CFrame.new(0.0000,0.0000,0.0000,0.9940,0.0287,0.1059,-0.0299,0.9995,0.0094,-0.1055,-0.0125,0.9943),
      ["LeftUpperArm"] = CFrame.new(0.0004,-0.0366,0.0093,0.9240,0.1584,0.3482,-0.3009,0.8628,0.4061,-0.2361,-0.4800,0.8449),
      ["LeftLowerArm"] = CFrame.new(-0.0005,0.0662,0.0251,1.0000,-0.0000,0.0000,0.0000,0.7485,-0.6631,0.0000,0.6631,0.7485),
      ["LeftHand"] = CFrame.new(0.0005,0.0000,0.0000,1.0000,-0.0000,0.0000,0.0000,1.0000,-0.0000,0.0000,0.0000,1.0000),
      ["RightUpperArm"] = CFrame.new(0.0000,0.0000,0.0000,0.7244,-0.6852,-0.0757,0.2724,0.3854,-0.8816,0.6332,0.6181,0.4658),
      ["RightLowerArm"] = CFrame.new(0.0000,0.1001,0.1005,1.0000,-0.0000,0.0000,0.0000,-0.0062,-1.0000,0.0000,1.0000,-0.0062),
      ["RightHand"] = CFrame.new(-0.0005,0.0000,0.0000,1.0000,-0.0000,0.0000,0.0000,1.0000,-0.0000,0.0000,0.0000,1.0000),
      ["Head"] = CFrame.new(1.8516,0.9300,-0.6008,0.6764,-0.0000,0.7366,0.0000,1.0000,-0.0000,-0.7366,0.0000,0.6764),
      ["RightUpperLeg"] = CFrame.new(0.0002,0.0585,-0.0175,0.9637,-0.2567,-0.0733,0.2012,0.8790,-0.4323,0.1754,0.4018,0.8988),
      ["RightLowerLeg"] = CFrame.new(0.0000,0.0968,-0.1242,1.0000,-0.0000,0.0000,-0.0000,-0.2406,0.9706,0.0000,-0.9706,-0.2406),
      ["RightFoot"] = CFrame.new(0.0000,0.0000,0.0000,1.0000,0.0000,0.0000,0.0000,1.0000,0.0000,0.0000,0.0000,1.0000),
      ["LeftUpperLeg"] = CFrame.new(-0.0001,0.0100,-0.0025,0.9703,0.0969,0.2217,-0.0514,0.9779,-0.2027,-0.2364,0.1853,0.9538),
      ["LeftLowerLeg"] = CFrame.new(0.0000,0.0664,-0.0251,1.0000,-0.0000,0.0000,0.0000,0.7489,0.6627,-0.0000,-0.6627,0.7489),
      ["LeftFoot"] = CFrame.new(0.0000,-0.0002,0.0000,1.0000,-0.0000,0.0000,0.0000,1.0000,-0.0000,0.0000,0.0000,1.0000),
    }},
    {Time = 2.333, Data = {
      ["HumanoidRootPart"] = CFrame.new(0.0000,0.0000,0.0000,1.0000,0.0000,0.0000,0.0000,1.0000,0.0000,0.0000,0.0000,1.0000),
      ["LowerTorso"] = CFrame.new(0.0004,0.5322,0.0000,0.9912,-0.0168,0.1314,0.0363,0.9885,-0.1469,-0.1274,0.1504,0.9804),
      ["UpperTorso"] = CFrame.new(0.0000,0.0000,0.0000,0.9940,0.0287,0.1059,-0.0299,0.9995,0.0094,-0.1055,-0.0125,0.9943),
      ["LeftUpperArm"] = CFrame.new(0.0004,-0.0338,0.0086,0.9218,0.1579,0.3540,-0.3053,0.8584,0.4121,-0.2388,-0.4880,0.8396),
      ["LeftLowerArm"] = CFrame.new(-0.0005,0.0661,0.0249,1.0000,-0.0000,0.0000,0.0000,0.7500,-0.6614,0.0000,0.6614,0.7500),
      ["LeftHand"] = CFrame.new(0.0005,0.0000,0.0000,1.0000,-0.0000,0.0000,0.0000,1.0000,-0.0000,0.0000,0.0000,1.0000),
      ["RightUpperArm"] = CFrame.new(0.0000,0.0000,0.0000,0.7255,-0.6839,-0.0763,0.2707,0.3855,-0.8821,0.6327,0.6194,0.4648),
      ["RightLowerArm"] = CFrame.new(0.0000,0.1001,0.1005,1.0000,-0.0000,0.0000,0.0000,-0.0062,-1.0000,0.0000,1.0000,-0.0062),
      ["RightHand"] = CFrame.new(-0.0005,0.0000,0.0000,1.0000,-0.0000,0.0000,0.0000,1.0000,-0.0000,0.0000,0.0000,1.0000),
      ["Head"] = CFrame.new(1.8517,0.9306,-0.6006,0.4766,-0.0000,0.8791,0.0000,1.0000,-0.0000,-0.8791,0.0000,0.4766),
      ["RightUpperLeg"] = CFrame.new(0.0002,0.0563,-0.0167,0.9636,-0.2568,-0.0740,0.2010,0.8787,-0.4330,0.1762,0.4024,0.8983),
      ["RightLowerLeg"] = CFrame.new(0.0000,0.0968,-0.1242,1.0000,-0.0000,0.0000,-0.0000,-0.2406,0.9706,0.0000,-0.9706,-0.2406),
      ["RightFoot"] = CFrame.new(0.0000,0.0000,0.0000,1.0000,0.0000,0.0000,0.0000,1.0000,0.0000,0.0000,0.0000,1.0000),
      ["LeftUpperLeg"] = CFrame.new(-0.0001,0.0092,-0.0023,0.9702,0.0981,0.2214,-0.0546,0.9794,-0.1947,-0.2360,0.1768,0.9555),
      ["LeftLowerLeg"] = CFrame.new(0.0000,0.0658,-0.0246,1.0000,-0.0000,0.0000,0.0000,0.7544,0.6564,-0.0000,-0.6564,0.7544),
      ["LeftFoot"] = CFrame.new(0.0000,-0.0002,0.0000,1.0000,-0.0000,0.0000,0.0000,1.0000,-0.0000,0.0000,0.0000,1.0000),
    }},
    {Time = 2.367, Data = {
      ["HumanoidRootPart"] = CFrame.new(0.0000,0.0000,0.0000,1.0000,0.0000,0.0000,0.0000,1.0000,0.0000,0.0000,0.0000,1.0000),
      ["LowerTorso"] = CFrame.new(0.0003,0.5195,0.0000,0.9915,-0.0157,0.1294,0.0345,0.9889,-0.1447,-0.1257,0.1479,0.9810),
      ["UpperTorso"] = CFrame.new(0.0000,0.0000,0.0000,0.9940,0.0287,0.1059,-0.0299,0.9995,0.0094,-0.1055,-0.0125,0.9943),
      ["LeftUpperArm"] = CFrame.new(0.0004,-0.0311,0.0079,0.9197,0.1575,0.3597,-0.3097,0.8540,0.4180,-0.2414,-0.4958,0.8342),
      ["LeftLowerArm"] = CFrame.new(-0.0005,0.0659,0.0248,1.0000,-0.0000,0.0000,0.0000,0.7515,-0.6598,0.0000,0.6598,0.7515),
      ["LeftHand"] = CFrame.new(0.0005,0.0000,0.0000,1.0000,-0.0000,0.0000,0.0000,1.0000,-0.0000,0.0000,0.0000,1.0000),
      ["RightUpperArm"] = CFrame.new(0.0000,0.0000,0.0000,0.7266,-0.6827,-0.0769,0.2690,0.3857,-0.8825,0.6322,0.6206,0.4639),
      ["RightLowerArm"] = CFrame.new(0.0000,0.1001,0.1005,1.0000,-0.0000,0.0000,0.0000,-0.0062,-1.0000,0.0000,1.0000,-0.0062),
      ["RightHand"] = CFrame.new(-0.0005,0.0000,0.0000,1.0000,-0.0000,0.0000,0.0000,1.0000,-0.0000,0.0000,0.0000,1.0000),
      ["Head"] = CFrame.new(1.8518,0.9312,-0.6005,0.2475,-0.0000,0.9689,0.0000,1.0000,-0.0000,-0.9689,0.0000,0.2475),
      ["RightUpperLeg"] = CFrame.new(0.0001,0.0539,-0.0159,0.9635,-0.2570,-0.0747,0.2007,0.8783,-0.4339,0.1771,0.4031,0.8978),
      ["RightLowerLeg"] = CFrame.new(0.0000,0.0968,-0.1242,1.0000,-0.0000,0.0000,-0.0000,-0.2406,0.9706,0.0000,-0.9706,-0.2406),
      ["RightFoot"] = CFrame.new(0.0000,0.0000,0.0000,1.0000,0.0000,0.0000,0.0000,1.0000,0.0000,0.0000,0.0000,1.0000),
      ["LeftUpperLeg"] = CFrame.new(-0.0001,0.0084,-0.0021,0.9702,0.0993,0.2212,-0.0580,0.9808,-0.1861,-0.2355,0.1677,0.9573),
      ["LeftLowerLeg"] = CFrame.new(0.0000,0.0651,-0.0240,1.0000,-0.0000,0.0000,0.0000,0.7602,0.6497,-0.0000,-0.6497,0.7602),
      ["LeftFoot"] = CFrame.new(0.0000,-0.0002,0.0000,1.0000,-0.0000,0.0000,0.0000,1.0000,-0.0000,0.0000,0.0000,1.0000),
    }},
    {Time = 2.400, Data = {
      ["HumanoidRootPart"] = CFrame.new(0.0000,0.0000,0.0000,1.0000,0.0000,0.0000,0.0000,1.0000,0.0000,0.0000,0.0000,1.0000),
      ["LowerTorso"] = CFrame.new(0.0003,0.5074,0.0000,0.9918,-0.0144,0.1272,0.0327,0.9893,-0.1425,-0.1238,0.1455,0.9816),
      ["UpperTorso"] = CFrame.new(0.0000,0.0000,0.0000,0.9940,0.0287,0.1059,-0.0299,0.9995,0.0094,-0.1055,-0.0125,0.9943),
      ["LeftUpperArm"] = CFrame.new(0.0003,-0.0284,0.0072,0.9176,0.1569,0.3653,-0.3140,0.8497,0.4237,-0.2439,-0.5034,0.8289),
      ["LeftLowerArm"] = CFrame.new(-0.0005,0.0657,0.0246,1.0000,-0.0000,0.0000,0.0000,0.7529,-0.6582,0.0000,0.6582,0.7529),
      ["LeftHand"] = CFrame.new(0.0005,0.0000,0.0000,1.0000,-0.0000,0.0000,0.0000,1.0000,-0.0000,0.0000,0.0000,1.0000),
      ["RightUpperArm"] = CFrame.new(0.0000,0.0000,0.0000,0.7276,-0.6816,-0.0775,0.2674,0.3858,-0.8830,0.6317,0.6218,0.4630),
      ["RightLowerArm"] = CFrame.new(0.0000,0.1001,0.1005,1.0000,-0.0000,0.0000,0.0000,-0.0062,-1.0000,0.0000,1.0000,-0.0062),
      ["RightHand"] = CFrame.new(-0.0005,0.0000,0.0000,1.0000,-0.0000,0.0000,0.0000,1.0000,-0.0000,0.0000,0.0000,1.0000),
      ["Head"] = CFrame.new(1.8519,0.9320,-0.6004,0.0029,-0.0000,1.0000,0.0000,1.0000,-0.0000,-1.0000,0.0000,0.0029),
      ["RightUpperLeg"] = CFrame.new(0.0001,0.0515,-0.0152,0.9634,-0.2572,-0.0754,0.2003,0.8778,-0.4351,0.1781,0.4040,0.8972),
      ["RightLowerLeg"] = CFrame.new(0.0000,0.0968,-0.1242,1.0000,-0.0000,0.0000,-0.0000,-0.2406,0.9706,0.0000,-0.9706,-0.2406),
      ["RightFoot"] = CFrame.new(0.0000,0.0000,0.0000,1.0000,0.0000,0.0000,0.0000,1.0000,0.0000,0.0000,0.0000,1.0000),
      ["LeftUpperLeg"] = CFrame.new(-0.0001,0.0076,-0.0019,0.9701,0.1006,0.2210,-0.0616,0.9823,-0.1770,-0.2349,0.1581,0.9591),
      ["LeftLowerLeg"] = CFrame.new(0.0000,0.0644,-0.0234,1.0000,-0.0000,0.0000,0.0000,0.7662,0.6426,-0.0000,-0.6426,0.7662),
      ["LeftFoot"] = CFrame.new(0.0000,-0.0002,0.0000,1.0000,-0.0000,0.0000,0.0000,1.0000,-0.0000,0.0000,0.0000,1.0000),
    }},
    {Time = 2.433, Data = {
      ["HumanoidRootPart"] = CFrame.new(0.0000,0.0000,0.0000,1.0000,0.0000,0.0000,0.0000,1.0000,0.0000,0.0000,0.0000,1.0000),
      ["LowerTorso"] = CFrame.new(0.0003,0.4961,0.0000,0.9921,-0.0130,0.1249,0.0307,0.9896,-0.1405,-0.1218,0.1432,0.9822),
      ["UpperTorso"] = CFrame.new(0.0000,0.0000,0.0000,0.9940,0.0287,0.1059,-0.0299,0.9995,0.0094,-0.1055,-0.0125,0.9943),
      ["LeftUpperArm"] = CFrame.new(0.0003,-0.0258,0.0066,0.9155,0.1563,0.3708,-0.3182,0.8453,0.4291,-0.2463,-0.5108,0.8236),
      ["LeftLowerArm"] = CFrame.new(-0.0005,0.0656,0.0245,1.0000,-0.0000,0.0000,0.0000,0.7543,-0.6566,0.0000,0.6566,0.7543),
      ["LeftHand"] = CFrame.new(0.0005,0.0000,0.0000,1.0000,-0.0000,0.0000,0.0000,1.0000,-0.0000,0.0000,0.0000,1.0000),
      ["RightUpperArm"] = CFrame.new(0.0000,0.0000,0.0000,0.7286,-0.6805,-0.0781,0.2658,0.3860,-0.8834,0.6312,0.6229,0.4621),
      ["RightLowerArm"] = CFrame.new(0.0000,0.1001,0.1005,1.0000,-0.0000,0.0000,0.0000,-0.0062,-1.0000,0.0000,1.0000,-0.0062),
      ["RightHand"] = CFrame.new(-0.0005,0.0000,0.0000,1.0000,-0.0000,0.0000,0.0000,1.0000,-0.0000,0.0000,0.0000,1.0000),
      ["Head"] = CFrame.new(1.8521,0.9329,-0.6003,-0.2428,0.0000,0.9701,0.0000,1.0000,0.0000,-0.9701,0.0000,-0.2428),
      ["RightUpperLeg"] = CFrame.new(0.0001,0.0491,-0.0144,0.9633,-0.2575,-0.0762,0.2000,0.8772,-0.4364,0.1792,0.4052,0.8965),
      ["RightLowerLeg"] = CFrame.new(0.0000,0.0968,-0.1242,1.0000,-0.0000,0.0000,-0.0000,-0.2406,0.9706,0.0000,-0.9706,-0.2406),
      ["RightFoot"] = CFrame.new(0.0000,0.0000,0.0000,1.0000,0.0000,0.0000,0.0000,1.0000,0.0000,0.0000,0.0000,1.0000),
      ["LeftUpperLeg"] = CFrame.new(-0.0001,0.0068,-0.0018,0.9700,0.1020,0.2208,-0.0653,0.9837,-0.1675,-0.2342,0.1481,0.9608),
      ["LeftLowerLeg"] = CFrame.new(0.0000,0.0637,-0.0228,1.0000,-0.0000,0.0000,0.0000,0.7724,0.6352,-0.0000,-0.6352,0.7724),
      ["LeftFoot"] = CFrame.new(0.0000,-0.0002,0.0000,1.0000,-0.0000,0.0000,0.0000,1.0000,-0.0000,0.0000,0.0000,1.0000),
    }},
    {Time = 2.467, Data = {
      ["HumanoidRootPart"] = CFrame.new(0.0000,0.0000,0.0000,1.0000,0.0000,0.0000,0.0000,1.0000,0.0000,0.0000,0.0000,1.0000),
      ["LowerTorso"] = CFrame.new(0.0002,0.4854,0.0000,0.9924,-0.0114,0.1226,0.0285,0.9900,-0.1385,-0.1198,0.1409,0.9827),
      ["UpperTorso"] = CFrame.new(0.0000,0.0000,0.0000,0.9940,0.0287,0.1059,-0.0299,0.9995,0.0094,-0.1055,-0.0125,0.9943),
      ["LeftUpperArm"] = CFrame.new(0.0003,-0.0233,0.0059,0.9134,0.1557,0.3761,-0.3223,0.8411,0.4344,-0.2486,-0.5180,0.8184),
      ["LeftLowerArm"] = CFrame.new(-0.0005,0.0654,0.0244,1.0000,-0.0000,0.0000,0.0000,0.7556,-0.6550,0.0000,0.6550,0.7556),
      ["LeftHand"] = CFrame.new(0.0005,0.0000,0.0000,1.0000,-0.0000,0.0000,0.0000,1.0000,-0.0000,0.0000,0.0000,1.0000),
      ["RightUpperArm"] = CFrame.new(0.0000,0.0000,0.0000,0.7296,-0.6794,-0.0786,0.2643,0.3861,-0.8838,0.6308,0.6240,0.4613),
      ["RightLowerArm"] = CFrame.new(0.0000,0.1001,0.1005,1.0000,-0.0000,0.0000,0.0000,-0.0062,-1.0000,0.0000,1.0000,-0.0062),
      ["RightHand"] = CFrame.new(-0.0005,0.0000,0.0000,1.0000,-0.0000,0.0000,0.0000,1.0000,-0.0000,0.0000,0.0000,1.0000),
      ["Head"] = CFrame.new(1.8522,0.9341,-0.6002,-0.4745,0.0000,0.8803,0.0000,1.0000,0.0000,-0.8803,0.0000,-0.4745),
      ["RightUpperLeg"] = CFrame.new(0.0001,0.0466,-0.0135,0.9631,-0.2577,-0.0770,0.1995,0.8765,-0.4380,0.1804,0.4065,0.8957),
      ["RightLowerLeg"] = CFrame.new(0.0000,0.0968,-0.1242,1.0000,-0.0000,0.0000,-0.0000,-0.2406,0.9706,0.0000,-0.9706,-0.2406),
      ["RightFoot"] = CFrame.new(0.0000,0.0000,0.0000,1.0000,0.0000,0.0000,0.0000,1.0000,0.0000,0.0000,0.0000,1.0000),
      ["LeftUpperLeg"] = CFrame.new(-0.0000,0.0061,-0.0016,0.9699,0.1034,0.2205,-0.0691,0.9851,-0.1578,-0.2336,0.1378,0.9625),
      ["LeftLowerLeg"] = CFrame.new(0.0000,0.0629,-0.0222,1.0000,-0.0000,0.0000,0.0000,0.7787,0.6274,-0.0000,-0.6274,0.7787),
      ["LeftFoot"] = CFrame.new(0.0000,-0.0002,0.0000,1.0000,-0.0000,0.0000,0.0000,1.0000,-0.0000,0.0000,0.0000,1.0000),
    }},
    {Time = 2.500, Data = {
      ["HumanoidRootPart"] = CFrame.new(0.0000,0.0000,0.0000,1.0000,0.0000,0.0000,0.0000,1.0000,0.0000,0.0000,0.0000,1.0000),
      ["LowerTorso"] = CFrame.new(0.0002,0.4753,0.0000,0.9927,-0.0097,0.1203,0.0263,0.9903,-0.1366,-0.1178,0.1388,0.9833),
      ["UpperTorso"] = CFrame.new(0.0000,0.0000,0.0000,0.9940,0.0287,0.1059,-0.0299,0.9995,0.0094,-0.1055,-0.0125,0.9943),
      ["LeftUpperArm"] = CFrame.new(0.0002,-0.0208,0.0053,0.9114,0.1551,0.3812,-0.3262,0.8369,0.4395,-0.2508,-0.5249,0.8133),
      ["LeftLowerArm"] = CFrame.new(-0.0005,0.0653,0.0242,1.0000,-0.0000,0.0000,0.0000,0.7569,-0.6535,0.0000,0.6535,0.7569),
      ["LeftHand"] = CFrame.new(0.0005,0.0000,0.0000,1.0000,-0.0000,0.0000,0.0000,1.0000,-0.0000,0.0000,0.0000,1.0000),
      ["RightUpperArm"] = CFrame.new(0.0000,0.0000,0.0000,0.7305,-0.6784,-0.0791,0.2629,0.3862,-0.8841,0.6303,0.6250,0.4605),
      ["RightLowerArm"] = CFrame.new(0.0000,0.1001,0.1005,1.0000,-0.0000,0.0000,0.0000,-0.0062,-1.0000,0.0000,1.0000,-0.0062),
      ["RightHand"] = CFrame.new(-0.0005,0.0000,0.0000,1.0000,-0.0000,0.0000,0.0000,1.0000,-0.0000,0.0000,0.0000,1.0000),
      ["Head"] = CFrame.new(1.8523,0.9354,-0.6001,-0.6775,0.0000,0.7355,0.0000,1.0000,0.0000,-0.7355,0.0000,-0.6775),
      ["RightUpperLeg"] = CFrame.new(0.0001,0.0440,-0.0127,0.9630,-0.2580,-0.0778,0.1991,0.8757,-0.4399,0.1816,0.4081,0.8947),
      ["RightLowerLeg"] = CFrame.new(0.0000,0.0968,-0.1242,1.0000,-0.0000,0.0000,-0.0000,-0.2406,0.9706,0.0000,-0.9706,-0.2406),
      ["RightFoot"] = CFrame.new(0.0000,0.0000,0.0000,1.0000,0.0000,0.0000,0.0000,1.0000,0.0000,0.0000,0.0000,1.0000),
      ["LeftUpperLeg"] = CFrame.new(-0.0000,0.0054,-0.0014,0.9698,0.1048,0.2203,-0.0730,0.9863,-0.1478,-0.2328,0.1273,0.9642),
      ["LeftLowerLeg"] = CFrame.new(0.0000,0.0621,-0.0215,1.0000,-0.0000,0.0000,0.0000,0.7850,0.6195,-0.0000,-0.6195,0.7850),
      ["LeftFoot"] = CFrame.new(0.0000,-0.0002,0.0000,1.0000,-0.0000,0.0000,0.0000,1.0000,-0.0000,0.0000,0.0000,1.0000),
    }},
    {Time = 2.533, Data = {
      ["HumanoidRootPart"] = CFrame.new(0.0000,0.0000,0.0000,1.0000,0.0000,0.0000,0.0000,1.0000,0.0000,0.0000,0.0000,1.0000),
      ["LowerTorso"] = CFrame.new(0.0002,0.4660,0.0000,0.9930,-0.0079,0.1179,0.0239,0.9906,-0.1349,-0.1157,0.1367,0.9838),
      ["UpperTorso"] = CFrame.new(0.0000,0.0000,0.0000,0.9940,0.0287,0.1059,-0.0299,0.9995,0.0094,-0.1055,-0.0125,0.9943),
      ["LeftUpperArm"] = CFrame.new(0.0002,-0.0185,0.0047,0.9094,0.1544,0.3861,-0.3301,0.8328,0.4443,-0.2529,-0.5315,0.8084),
      ["LeftLowerArm"] = CFrame.new(-0.0005,0.0651,0.0241,1.0000,-0.0000,0.0000,0.0000,0.7582,-0.6521,0.0000,0.6521,0.7582),
      ["LeftHand"] = CFrame.new(0.0005,0.0000,0.0000,1.0000,-0.0000,0.0000,0.0000,1.0000,-0.0000,0.0000,0.0000,1.0000),
      ["RightUpperArm"] = CFrame.new(0.0000,0.0000,0.0000,0.7313,-0.6774,-0.0796,0.2616,0.3864,-0.8845,0.6299,0.6260,0.4597),
      ["RightLowerArm"] = CFrame.new(0.0000,0.1001,0.1005,1.0000,-0.0000,0.0000,0.0000,-0.0062,-1.0000,0.0000,1.0000,-0.0062),
      ["RightHand"] = CFrame.new(-0.0005,0.0000,0.0000,1.0000,-0.0000,0.0000,0.0000,1.0000,-0.0000,0.0000,0.0000,1.0000),
      ["Head"] = CFrame.new(1.8525,0.9370,-0.6000,-0.8392,0.0000,0.5438,0.0000,1.0000,0.0000,-0.5438,0.0000,-0.8392),
      ["RightUpperLeg"] = CFrame.new(0.0001,0.0414,-0.0119,0.9629,-0.2583,-0.0786,0.1986,0.8747,-0.4421,0.1829,0.4100,0.8935),
      ["RightLowerLeg"] = CFrame.new(0.0000,0.0968,-0.1242,1.0000,-0.0000,0.0000,-0.0000,-0.2406,0.9706,0.0000,-0.9706,-0.2406),
      ["RightFoot"] = CFrame.new(0.0000,0.0000,0.0000,1.0000,0.0000,0.0000,0.0000,1.0000,0.0000,0.0000,0.0000,1.0000),
      ["LeftUpperLeg"] = CFrame.new(-0.0000,0.0048,-0.0013,0.9697,0.1062,0.2201,-0.0769,0.9875,-0.1378,-0.2320,0.1167,0.9657),
      ["LeftLowerLeg"] = CFrame.new(0.0000,0.0613,-0.0209,1.0000,-0.0000,0.0000,0.0000,0.7913,0.6114,-0.0000,-0.6114,0.7913),
      ["LeftFoot"] = CFrame.new(0.0000,-0.0002,0.0000,1.0000,-0.0000,0.0000,0.0000,1.0000,-0.0000,0.0000,0.0000,1.0000),
    }},
    {Time = 2.567, Data = {
      ["HumanoidRootPart"] = CFrame.new(0.0000,0.0000,0.0000,1.0000,0.0000,0.0000,0.0000,1.0000,0.0000,0.0000,0.0000,1.0000),
      ["LowerTorso"] = CFrame.new(0.0002,0.4573,0.0000,0.9933,-0.0059,0.1155,0.0213,0.9909,-0.1332,-0.1136,0.1348,0.9843),
      ["UpperTorso"] = CFrame.new(0.0000,0.0000,0.0000,0.9940,0.0287,0.1059,-0.0299,0.9995,0.0094,-0.1055,-0.0125,0.9943),
      ["LeftUpperArm"] = CFrame.new(0.0002,-0.0162,0.0041,0.9076,0.1538,0.3908,-0.3337,0.8289,0.4489,-0.2549,-0.5378,0.8036),
      ["LeftLowerArm"] = CFrame.new(-0.0005,0.0650,0.0240,1.0000,-0.0000,0.0000,0.0000,0.7594,-0.6507,0.0000,0.6507,0.7594),
      ["LeftHand"] = CFrame.new(0.0005,0.0000,0.0000,1.0000,-0.0000,0.0000,0.0000,1.0000,-0.0000,0.0000,0.0000,1.0000),
      ["RightUpperArm"] = CFrame.new(0.0000,0.0000,0.0000,0.7321,-0.6764,-0.0801,0.2603,0.3865,-0.8848,0.6295,0.6270,0.4590),
      ["RightLowerArm"] = CFrame.new(0.0000,0.1001,0.1005,1.0000,-0.0000,0.0000,0.0000,-0.0062,-1.0000,0.0000,1.0000,-0.0062),
      ["RightHand"] = CFrame.new(-0.0005,0.0000,0.0000,1.0000,-0.0000,0.0000,0.0000,1.0000,-0.0000,0.0000,0.0000,1.0000),
      ["Head"] = CFrame.new(1.8526,0.9388,-0.5999,-0.9485,0.0000,0.3167,0.0000,1.0000,0.0000,-0.3167,0.0000,-0.9485),
      ["RightUpperLeg"] = CFrame.new(0.0001,0.0387,-0.0111,0.9627,-0.2586,-0.0793,0.1980,0.8736,-0.4445,0.1843,0.4122,0.8923),
      ["RightLowerLeg"] = CFrame.new(0.0000,0.0968,-0.1242,1.0000,-0.0000,0.0000,-0.0000,-0.2406,0.9706,0.0000,-0.9706,-0.2406),
      ["RightFoot"] = CFrame.new(0.0000,0.0000,0.0000,1.0000,0.0000,0.0000,0.0000,1.0000,0.0000,0.0000,0.0000,1.0000),
      ["LeftUpperLeg"] = CFrame.new(-0.0000,0.0042,-0.0011,0.9696,0.1076,0.2200,-0.0807,0.9885,-0.1278,-0.2312,0.1061,0.9671),
      ["LeftLowerLeg"] = CFrame.new(0.0000,0.0605,-0.0203,1.0000,-0.0000,0.0000,0.0000,0.7975,0.6033,-0.0000,-0.6033,0.7975),
      ["LeftFoot"] = CFrame.new(0.0000,-0.0002,0.0000,1.0000,-0.0000,0.0000,0.0000,1.0000,-0.0000,0.0000,0.0000,1.0000),
    }},
    {Time = 2.600, Data = {
      ["HumanoidRootPart"] = CFrame.new(0.0000,0.0000,0.0000,1.0000,0.0000,0.0000,0.0000,1.0000,0.0000,0.0000,0.0000,1.0000),
      ["LowerTorso"] = CFrame.new(0.0001,0.4492,0.0000,0.9936,-0.0037,0.1131,0.0187,0.9911,-0.1317,-0.1116,0.1329,0.9848),
      ["UpperTorso"] = CFrame.new(0.0000,0.0000,0.0000,0.9940,0.0287,0.1059,-0.0299,0.9995,0.0094,-0.1055,-0.0125,0.9943),
      ["LeftUpperArm"] = CFrame.new(0.0002,-0.0140,0.0036,0.9057,0.1531,0.3952,-0.3373,0.8251,0.4533,-0.2567,-0.5438,0.7990),
      ["LeftLowerArm"] = CFrame.new(-0.0005,0.0649,0.0239,1.0000,-0.0000,0.0000,0.0000,0.7605,-0.6493,0.0000,0.6493,0.7605),
      ["LeftHand"] = CFrame.new(0.0005,0.0000,0.0000,1.0000,-0.0000,0.0000,0.0000,1.0000,-0.0000,0.0000,0.0000,1.0000),
      ["RightUpperArm"] = CFrame.new(0.0000,0.0000,0.0000,0.7329,-0.6756,-0.0805,0.2590,0.3866,-0.8851,0.6291,0.6278,0.4583),
      ["RightLowerArm"] = CFrame.new(0.0000,0.1001,0.1005,1.0000,-0.0000,0.0000,0.0000,-0.0062,-1.0000,0.0000,1.0000,-0.0062),
      ["RightHand"] = CFrame.new(-0.0005,0.0000,0.0000,1.0000,-0.0000,0.0000,0.0000,1.0000,-0.0000,0.0000,0.0000,1.0000),
      ["Head"] = CFrame.new(1.8528,0.9408,-0.5999,-0.9977,0.0000,0.0682,0.0000,1.0000,0.0000,-0.0682,0.0000,-0.9977),
      ["RightUpperLeg"] = CFrame.new(0.0001,0.0360,-0.0102,0.9626,-0.2589,-0.0801,0.1974,0.8723,-0.4473,0.1857,0.4147,0.8908),
      ["RightLowerLeg"] = CFrame.new(0.0000,0.0968,-0.1242,1.0000,-0.0000,0.0000,-0.0000,-0.2406,0.9706,0.0000,-0.9706,-0.2406),
      ["RightFoot"] = CFrame.new(0.0000,0.0000,0.0000,1.0000,0.0000,0.0000,0.0000,1.0000,0.0000,0.0000,0.0000,1.0000),
      ["LeftUpperLeg"] = CFrame.new(-0.0000,0.0036,-0.0010,0.9694,0.1090,0.2198,-0.0846,0.9894,-0.1178,-0.2303,0.0957,0.9684),
      ["LeftLowerLeg"] = CFrame.new(0.0000,0.0597,-0.0197,1.0000,-0.0000,0.0000,0.0000,0.8035,0.5953,-0.0000,-0.5953,0.8035),
      ["LeftFoot"] = CFrame.new(0.0000,-0.0002,0.0000,1.0000,-0.0000,0.0000,0.0000,1.0000,-0.0000,0.0000,0.0000,1.0000),
    }},
    {Time = 2.633, Data = {
      ["HumanoidRootPart"] = CFrame.new(0.0000,0.0000,0.0000,1.0000,0.0000,0.0000,0.0000,1.0000,0.0000,0.0000,0.0000,1.0000),
      ["LowerTorso"] = CFrame.new(0.0001,0.4419,0.0000,0.9938,-0.0015,0.1108,0.0160,0.9914,-0.1303,-0.1096,0.1312,0.9853),
      ["UpperTorso"] = CFrame.new(0.0000,0.0000,0.0000,0.9940,0.0287,0.1059,-0.0299,0.9995,0.0094,-0.1055,-0.0125,0.9943),
      ["LeftUpperArm"] = CFrame.new(0.0001,-0.0120,0.0030,0.9040,0.1525,0.3994,-0.3406,0.8215,0.4573,-0.2584,-0.5494,0.7946),
      ["LeftLowerArm"] = CFrame.new(-0.0005,0.0647,0.0238,1.0000,-0.0000,0.0000,0.0000,0.7616,-0.6481,0.0000,0.6481,0.7616),
      ["LeftHand"] = CFrame.new(0.0005,0.0000,0.0000,1.0000,-0.0000,0.0000,0.0000,1.0000,-0.0000,0.0000,0.0000,1.0000),
      ["RightUpperArm"] = CFrame.new(0.0000,0.0000,0.0000,0.7336,-0.6747,-0.0810,0.2579,0.3867,-0.8854,0.6287,0.6287,0.4577),
      ["RightLowerArm"] = CFrame.new(0.0000,0.1001,0.1005,1.0000,-0.0000,0.0000,0.0000,-0.0062,-1.0000,0.0000,1.0000,-0.0062),
      ["RightHand"] = CFrame.new(-0.0005,0.0000,0.0000,1.0000,-0.0000,0.0000,0.0000,1.0000,-0.0000,0.0000,0.0000,1.0000),
      ["Head"] = CFrame.new(1.8529,0.9431,-0.5998,-0.9825,0.0000,-0.1865,0.0000,1.0000,0.0000,0.1865,0.0000,-0.9825),
      ["RightUpperLeg"] = CFrame.new(0.0001,0.0332,-0.0094,0.9624,-0.2593,-0.0809,0.1968,0.8709,-0.4504,0.1872,0.4176,0.8892),
      ["RightLowerLeg"] = CFrame.new(0.0000,0.0968,-0.1242,1.0000,-0.0000,0.0000,-0.0000,-0.2406,0.9706,0.0000,-0.9706,-0.2406),
      ["RightFoot"] = CFrame.new(0.0000,0.0000,0.0000,1.0000,0.0000,0.0000,0.0000,1.0000,0.0000,0.0000,0.0000,1.0000),
      ["LeftUpperLeg"] = CFrame.new(-0.0000,0.0030,-0.0008,0.9693,0.1104,0.2196,-0.0883,0.9902,-0.1082,-0.2294,0.0854,0.9696),
      ["LeftLowerLeg"] = CFrame.new(0.0000,0.0589,-0.0191,1.0000,-0.0000,0.0000,0.0000,0.8094,0.5873,-0.0000,-0.5873,0.8094),
      ["LeftFoot"] = CFrame.new(0.0000,-0.0002,0.0000,1.0000,-0.0000,0.0000,0.0000,1.0000,-0.0000,0.0000,0.0000,1.0000),
    }},
    {Time = 2.667, Data = {
      ["HumanoidRootPart"] = CFrame.new(0.0000,0.0000,0.0000,1.0000,0.0000,0.0000,0.0000,1.0000,0.0000,0.0000,0.0000,1.0000),
      ["LowerTorso"] = CFrame.new(0.0001,0.4352,0.0000,0.9941,0.0010,0.1085,0.0131,0.9916,-0.1289,-0.1077,0.1296,0.9857),
      ["UpperTorso"] = CFrame.new(0.0000,0.0000,0.0000,0.9940,0.0287,0.1059,-0.0299,0.9995,0.0094,-0.1055,-0.0125,0.9943),
      ["LeftUpperArm"] = CFrame.new(0.0001,-0.0101,0.0026,0.9024,0.1518,0.4033,-0.3437,0.8181,0.4611,-0.2600,-0.5547,0.7904),
      ["LeftLowerArm"] = CFrame.new(-0.0005,0.0646,0.0237,1.0000,-0.0000,0.0000,0.0000,0.7626,-0.6469,0.0000,0.6469,0.7626),
      ["LeftHand"] = CFrame.new(0.0005,0.0000,0.0000,1.0000,-0.0000,0.0000,0.0000,1.0000,-0.0000,0.0000,0.0000,1.0000),
      ["RightUpperArm"] = CFrame.new(0.0000,0.0000,0.0000,0.7343,-0.6740,-0.0813,0.2569,0.3867,-0.8857,0.6284,0.6294,0.4571),
      ["RightLowerArm"] = CFrame.new(0.0000,0.1001,0.1005,1.0000,-0.0000,0.0000,0.0000,-0.0062,-1.0000,0.0000,1.0000,-0.0062),
      ["RightHand"] = CFrame.new(-0.0005,0.0000,0.0000,1.0000,-0.0000,0.0000,0.0000,1.0000,-0.0000,0.0000,0.0000,1.0000),
      ["Head"] = CFrame.new(1.8530,0.9456,-0.5998,-0.9026,0.0000,-0.4304,0.0000,1.0000,0.0000,0.4304,0.0000,-0.9026),
      ["RightUpperLeg"] = CFrame.new(0.0001,0.0304,-0.0085,0.9622,-0.2597,-0.0816,0.1961,0.8692,-0.4539,0.1888,0.4208,0.8873),
      ["RightLowerLeg"] = CFrame.new(0.0000,0.0968,-0.1242,1.0000,-0.0000,0.0000,-0.0000,-0.2406,0.9706,0.0000,-0.9706,-0.2406),
      ["RightFoot"] = CFrame.new(0.0000,0.0000,0.0000,1.0000,0.0000,0.0000,0.0000,1.0000,0.0000,0.0000,0.0000,1.0000),
      ["LeftUpperLeg"] = CFrame.new(-0.0000,0.0025,-0.0007,0.9692,0.1117,0.2195,-0.0919,0.9909,-0.0988,-0.2286,0.0756,0.9706),
      ["LeftLowerLeg"] = CFrame.new(0.0000,0.0581,-0.0185,1.0000,-0.0000,0.0000,0.0000,0.8149,0.5796,-0.0000,-0.5796,0.8149),
      ["LeftFoot"] = CFrame.new(0.0000,-0.0002,0.0000,1.0000,-0.0000,0.0000,0.0000,1.0000,-0.0000,0.0000,0.0000,1.0000),
    }},
    {Time = 2.700, Data = {
      ["HumanoidRootPart"] = CFrame.new(0.0000,0.0000,0.0000,1.0000,0.0000,0.0000,0.0000,1.0000,0.0000,0.0000,0.0000,1.0000),
      ["LowerTorso"] = CFrame.new(0.0001,0.4290,0.0000,0.9943,0.0035,0.1064,0.0102,0.9918,-0.1277,-0.1059,0.1281,0.9861),
      ["UpperTorso"] = CFrame.new(0.0000,0.0000,0.0000,0.9940,0.0287,0.1059,-0.0299,0.9995,0.0094,-0.1055,-0.0125,0.9943),
      ["LeftUpperArm"] = CFrame.new(0.0001,-0.0083,0.0021,0.9008,0.1512,0.4070,-0.3466,0.8149,0.4646,-0.2614,-0.5596,0.7865),
      ["LeftLowerArm"] = CFrame.new(-0.0005,0.0645,0.0236,1.0000,-0.0000,0.0000,0.0000,0.7635,-0.6458,0.0000,0.6458,0.7635),
      ["LeftHand"] = CFrame.new(0.0005,0.0000,0.0000,1.0000,-0.0000,0.0000,0.0000,1.0000,-0.0000,0.0000,0.0000,1.0000),
      ["RightUpperArm"] = CFrame.new(0.0000,0.0000,0.0000,0.7349,-0.6733,-0.0817,0.2559,0.3868,-0.8859,0.6281,0.6301,0.4565),
      ["RightLowerArm"] = CFrame.new(0.0000,0.1001,0.1005,1.0000,-0.0000,0.0000,0.0000,-0.0062,-1.0000,0.0000,1.0000,-0.0062),
      ["RightHand"] = CFrame.new(-0.0005,0.0000,0.0000,1.0000,-0.0000,0.0000,0.0000,1.0000,-0.0000,0.0000,0.0000,1.0000),
      ["Head"] = CFrame.new(1.8531,0.9485,-0.5997,-0.7622,0.0000,-0.6474,0.0000,1.0000,0.0000,0.6474,0.0000,-0.7622),
      ["RightUpperLeg"] = CFrame.new(0.0000,0.0276,-0.0077,0.9621,-0.2601,-0.0823,0.1953,0.8674,-0.4577,0.1904,0.4243,0.8853),
      ["RightLowerLeg"] = CFrame.new(0.0000,0.0968,-0.1242,1.0000,-0.0000,0.0000,-0.0000,-0.2406,0.9706,0.0000,-0.9706,-0.2406),
      ["RightFoot"] = CFrame.new(0.0000,0.0000,0.0000,1.0000,0.0000,0.0000,0.0000,1.0000,0.0000,0.0000,0.0000,1.0000),
      ["LeftUpperLeg"] = CFrame.new(-0.0000,0.0021,-0.0006,0.9691,0.1130,0.2194,-0.0953,0.9914,-0.0898,-0.2277,0.0661,0.9715),
      ["LeftLowerLeg"] = CFrame.new(0.0000,0.0574,-0.0180,1.0000,-0.0000,0.0000,0.0000,0.8202,0.5721,-0.0000,-0.5721,0.8202),
      ["LeftFoot"] = CFrame.new(0.0000,-0.0002,0.0000,1.0000,-0.0000,0.0000,0.0000,1.0000,-0.0000,0.0000,0.0000,1.0000),
    }},
    {Time = 2.733, Data = {
      ["HumanoidRootPart"] = CFrame.new(0.0000,0.0000,0.0000,1.0000,0.0000,0.0000,0.0000,1.0000,0.0000,0.0000,0.0000,1.0000),
      ["LowerTorso"] = CFrame.new(0.0001,0.4237,0.0000,0.9945,0.0062,0.1043,0.0071,0.9919,-0.1267,-0.1043,0.1267,0.9864),
      ["UpperTorso"] = CFrame.new(0.0000,0.0000,0.0000,0.9940,0.0287,0.1059,-0.0299,0.9995,0.0094,-0.1055,-0.0125,0.9943),
      ["LeftUpperArm"] = CFrame.new(0.0001,-0.0066,0.0017,0.8994,0.1506,0.4103,-0.3493,0.8119,0.4677,-0.2627,-0.5640,0.7829),
      ["LeftLowerArm"] = CFrame.new(-0.0005,0.0644,0.0235,1.0000,-0.0000,0.0000,0.0000,0.7643,-0.6448,0.0000,0.6448,0.7643),
      ["LeftHand"] = CFrame.new(0.0005,0.0000,0.0000,1.0000,-0.0000,0.0000,0.0000,1.0000,-0.0000,0.0000,0.0000,1.0000),
      ["RightUpperArm"] = CFrame.new(0.0000,0.0000,0.0000,0.7354,-0.6726,-0.0820,0.2550,0.3869,-0.8862,0.6278,0.6308,0.4560),
      ["RightLowerArm"] = CFrame.new(0.0000,0.1001,0.1005,1.0000,-0.0000,0.0000,0.0000,-0.0062,-1.0000,0.0000,1.0000,-0.0062),
      ["RightHand"] = CFrame.new(-0.0005,0.0000,0.0000,1.0000,-0.0000,0.0000,0.0000,1.0000,-0.0000,0.0000,0.0000,1.0000),
      ["Head"] = CFrame.new(1.8533,0.9517,-0.5997,-0.5690,0.0000,-0.8223,0.0000,1.0000,0.0000,0.8223,0.0000,-0.5690),
      ["RightUpperLeg"] = CFrame.new(0.0000,0.0247,-0.0068,0.9619,-0.2605,-0.0829,0.1945,0.8653,-0.4620,0.1921,0.4283,0.8830),
      ["RightLowerLeg"] = CFrame.new(0.0000,0.0968,-0.1242,1.0000,-0.0000,0.0000,-0.0000,-0.2406,0.9706,0.0000,-0.9706,-0.2406),
      ["RightFoot"] = CFrame.new(0.0000,0.0000,0.0000,1.0000,0.0000,0.0000,0.0000,1.0000,0.0000,0.0000,0.0000,1.0000),
      ["LeftUpperLeg"] = CFrame.new(-0.0000,0.0017,-0.0005,0.9689,0.1142,0.2193,-0.0985,0.9918,-0.0813,-0.2268,0.0572,0.9723),
      ["LeftLowerLeg"] = CFrame.new(0.0000,0.0567,-0.0175,1.0000,-0.0000,0.0000,0.0000,0.8250,0.5651,-0.0000,-0.5651,0.8250),
      ["LeftFoot"] = CFrame.new(0.0000,-0.0002,0.0000,1.0000,-0.0000,0.0000,0.0000,1.0000,-0.0000,0.0000,0.0000,1.0000),
    }},
    {Time = 2.767, Data = {
      ["HumanoidRootPart"] = CFrame.new(0.0000,0.0000,0.0000,1.0000,0.0000,0.0000,0.0000,1.0000,0.0000,0.0000,0.0000,1.0000),
      ["LowerTorso"] = CFrame.new(0.0001,0.4189,0.0000,0.9947,0.0090,0.1024,0.0040,0.9921,-0.1257,-0.1027,0.1255,0.9868),
      ["UpperTorso"] = CFrame.new(0.0000,0.0000,0.0000,0.9940,0.0287,0.1059,-0.0299,0.9995,0.0094,-0.1055,-0.0125,0.9943),
      ["LeftUpperArm"] = CFrame.new(0.0001,-0.0052,0.0013,0.8982,0.1500,0.4133,-0.3517,0.8093,0.4705,-0.2639,-0.5680,0.7796),
      ["LeftLowerArm"] = CFrame.new(-0.0005,0.0643,0.0234,1.0000,-0.0000,0.0000,0.0000,0.7651,-0.6439,0.0000,0.6439,0.7651),
      ["LeftHand"] = CFrame.new(0.0005,0.0000,0.0000,1.0000,-0.0000,0.0000,0.0000,1.0000,-0.0000,0.0000,0.0000,1.0000),
      ["RightUpperArm"] = CFrame.new(0.0000,0.0000,0.0000,0.7359,-0.6721,-0.0823,0.2542,0.3869,-0.8864,0.6276,0.6313,0.4556),
      ["RightLowerArm"] = CFrame.new(0.0000,0.1001,0.1005,1.0000,-0.0000,0.0000,0.0000,-0.0062,-1.0000,0.0000,1.0000,-0.0062),
      ["RightHand"] = CFrame.new(-0.0005,0.0000,0.0000,1.0000,-0.0000,0.0000,0.0000,1.0000,-0.0000,0.0000,0.0000,1.0000),
      ["Head"] = CFrame.new(1.8534,0.9551,-0.5997,-0.3353,0.0000,-0.9421,0.0000,1.0000,0.0000,0.9421,0.0000,-0.3353),
      ["RightUpperLeg"] = CFrame.new(0.0000,0.0217,-0.0060,0.9617,-0.2609,-0.0835,0.1936,0.8630,-0.4667,0.1938,0.4326,0.8805),
      ["RightLowerLeg"] = CFrame.new(0.0000,0.0968,-0.1242,1.0000,-0.0000,0.0000,-0.0000,-0.2406,0.9706,0.0000,-0.9706,-0.2406),
      ["RightFoot"] = CFrame.new(0.0000,0.0000,0.0000,1.0000,0.0000,0.0000,0.0000,1.0000,0.0000,0.0000,0.0000,1.0000),
      ["LeftUpperLeg"] = CFrame.new(-0.0000,0.0013,-0.0004,0.9688,0.1153,0.2192,-0.1015,0.9921,-0.0735,-0.2260,0.0490,0.9729),
      ["LeftLowerLeg"] = CFrame.new(0.0000,0.0560,-0.0171,1.0000,-0.0000,0.0000,0.0000,0.8295,0.5586,-0.0000,-0.5586,0.8295),
      ["LeftFoot"] = CFrame.new(0.0000,-0.0002,0.0000,1.0000,-0.0000,0.0000,0.0000,1.0000,-0.0000,0.0000,0.0000,1.0000),
    }},
    {Time = 2.800, Data = {
      ["HumanoidRootPart"] = CFrame.new(0.0000,0.0000,0.0000,1.0000,0.0000,0.0000,0.0000,1.0000,0.0000,0.0000,0.0000,1.0000),
      ["LowerTorso"] = CFrame.new(0.0000,0.4147,0.0000,0.9949,0.0119,0.1006,0.0007,0.9922,-0.1249,-0.1013,0.1244,0.9871),
      ["UpperTorso"] = CFrame.new(0.0000,0.0000,0.0000,0.9940,0.0287,0.1059,-0.0299,0.9995,0.0094,-0.1055,-0.0125,0.9943),
      ["LeftUpperArm"] = CFrame.new(0.0001,-0.0038,0.0010,0.8970,0.1495,0.4160,-0.3539,0.8068,0.4730,-0.2649,-0.5715,0.7767),
      ["LeftLowerArm"] = CFrame.new(-0.0005,0.0642,0.0234,1.0000,-0.0000,0.0000,0.0000,0.7658,-0.6431,0.0000,0.6431,0.7658),
      ["LeftHand"] = CFrame.new(0.0005,0.0000,0.0000,1.0000,-0.0000,0.0000,0.0000,1.0000,-0.0000,0.0000,0.0000,1.0000),
      ["RightUpperArm"] = CFrame.new(0.0000,0.0000,0.0000,0.7363,-0.6716,-0.0826,0.2535,0.3870,-0.8865,0.6273,0.6319,0.4552),
      ["RightLowerArm"] = CFrame.new(0.0000,0.1001,0.1005,1.0000,-0.0000,0.0000,0.0000,-0.0062,-1.0000,0.0000,1.0000,-0.0062),
      ["RightHand"] = CFrame.new(-0.0005,0.0000,0.0000,1.0000,-0.0000,0.0000,0.0000,1.0000,-0.0000,0.0000,0.0000,1.0000),
      ["Head"] = CFrame.new(1.8535,0.9589,-0.5997,-0.0765,0.0000,-0.9971,0.0000,1.0000,0.0000,0.9971,0.0000,-0.0765),
      ["RightUpperLeg"] = CFrame.new(0.0000,0.0187,-0.0051,0.9616,-0.2614,-0.0840,0.1927,0.8604,-0.4717,0.1956,0.4374,0.8777),
      ["RightLowerLeg"] = CFrame.new(0.0000,0.0968,-0.1242,1.0000,-0.0000,0.0000,-0.0000,-0.2406,0.9706,0.0000,-0.9706,-0.2406),
      ["RightFoot"] = CFrame.new(0.0000,0.0000,0.0000,1.0000,0.0000,0.0000,0.0000,1.0000,0.0000,0.0000,0.0000,1.0000),
      ["LeftUpperLeg"] = CFrame.new(-0.0000,0.0009,-0.0003,0.9687,0.1163,0.2192,-0.1042,0.9923,-0.0663,-0.2252,0.0414,0.9734),
      ["LeftLowerLeg"] = CFrame.new(0.0000,0.0554,-0.0167,1.0000,-0.0000,0.0000,0.0000,0.8335,0.5525,-0.0000,-0.5525,0.8335),
      ["LeftFoot"] = CFrame.new(0.0000,-0.0002,0.0000,1.0000,-0.0000,0.0000,0.0000,1.0000,-0.0000,0.0000,0.0000,1.0000),
    }},
    {Time = 2.833, Data = {
      ["HumanoidRootPart"] = CFrame.new(0.0000,0.0000,0.0000,1.0000,0.0000,0.0000,0.0000,1.0000,0.0000,0.0000,0.0000,1.0000),
      ["LowerTorso"] = CFrame.new(0.0000,0.4113,0.0000,0.9950,0.0150,0.0990,-0.0026,0.9922,-0.1243,-0.1001,0.1234,0.9873),
      ["UpperTorso"] = CFrame.new(0.0000,0.0000,0.0000,0.9940,0.0287,0.1059,-0.0299,0.9995,0.0094,-0.1055,-0.0125,0.9943),
      ["LeftUpperArm"] = CFrame.new(0.0000,-0.0027,0.0007,0.8960,0.1491,0.4182,-0.3557,0.8048,0.4752,-0.2658,-0.5745,0.7741),
      ["LeftLowerArm"] = CFrame.new(-0.0005,0.0642,0.0233,1.0000,-0.0000,0.0000,0.0000,0.7664,-0.6424,0.0000,0.6424,0.7664),
      ["LeftHand"] = CFrame.new(0.0005,0.0000,0.0000,1.0000,-0.0000,0.0000,0.0000,1.0000,-0.0000,0.0000,0.0000,1.0000),
      ["RightUpperArm"] = CFrame.new(0.0000,0.0000,0.0000,0.7367,-0.6711,-0.0828,0.2529,0.3870,-0.8867,0.6271,0.6323,0.4549),
      ["RightLowerArm"] = CFrame.new(0.0000,0.1001,0.1005,1.0000,-0.0000,0.0000,0.0000,-0.0062,-1.0000,0.0000,1.0000,-0.0062),
      ["RightHand"] = CFrame.new(-0.0005,0.0000,0.0000,1.0000,-0.0000,0.0000,0.0000,1.0000,-0.0000,0.0000,0.0000,1.0000),
      ["Head"] = CFrame.new(1.8536,0.9632,-0.5997,0.1904,-0.0000,-0.9817,0.0000,1.0000,-0.0000,0.9817,0.0000,0.1904),
      ["RightUpperLeg"] = CFrame.new(0.0000,0.0157,-0.0042,0.9614,-0.2619,-0.0844,0.1917,0.8576,-0.4773,0.1974,0.4427,0.8747),
      ["RightLowerLeg"] = CFrame.new(0.0000,0.0968,-0.1242,1.0000,-0.0000,0.0000,-0.0000,-0.2406,0.9706,0.0000,-0.9706,-0.2406),
      ["RightFoot"] = CFrame.new(0.0000,0.0000,0.0000,1.0000,0.0000,0.0000,0.0000,1.0000,0.0000,0.0000,0.0000,1.0000),
      ["LeftUpperLeg"] = CFrame.new(-0.0000,0.0007,-0.0003,0.9686,0.1172,0.2191,-0.1065,0.9925,-0.0601,-0.2245,0.0349,0.9738),
      ["LeftLowerLeg"] = CFrame.new(0.0000,0.0549,-0.0163,1.0000,-0.0000,0.0000,0.0000,0.8370,0.5472,-0.0000,-0.5472,0.8370),
      ["LeftFoot"] = CFrame.new(0.0000,-0.0002,0.0000,1.0000,-0.0000,0.0000,0.0000,1.0000,-0.0000,0.0000,0.0000,1.0000),
    }},
    {Time = 2.867, Data = {
      ["HumanoidRootPart"] = CFrame.new(0.0000,0.0000,0.0000,1.0000,0.0000,0.0000,0.0000,1.0000,0.0000,0.0000,0.0000,1.0000),
      ["LowerTorso"] = CFrame.new(0.0000,0.4084,0.0000,0.9951,0.0182,0.0976,-0.0060,0.9923,-0.1238,-0.0991,0.1226,0.9875),
      ["UpperTorso"] = CFrame.new(0.0000,0.0000,0.0000,0.9940,0.0287,0.1059,-0.0299,0.9995,0.0094,-0.1055,-0.0125,0.9943),
      ["LeftUpperArm"] = CFrame.new(0.0000,-0.0018,0.0005,0.8952,0.1487,0.4202,-0.3573,0.8030,0.4770,-0.2665,-0.5771,0.7720),
      ["LeftLowerArm"] = CFrame.new(-0.0005,0.0641,0.0232,1.0000,-0.0000,0.0000,0.0000,0.7669,-0.6418,0.0000,0.6418,0.7669),
      ["LeftHand"] = CFrame.new(0.0005,0.0000,0.0000,1.0000,-0.0000,0.0000,0.0000,1.0000,-0.0000,0.0000,0.0000,1.0000),
      ["RightUpperArm"] = CFrame.new(0.0000,0.0000,0.0000,0.7370,-0.6708,-0.0830,0.2524,0.3871,-0.8868,0.6270,0.6326,0.4546),
      ["RightLowerArm"] = CFrame.new(0.0000,0.1001,0.1005,1.0000,-0.0000,0.0000,0.0000,-0.0062,-1.0000,0.0000,1.0000,-0.0062),
      ["RightHand"] = CFrame.new(-0.0005,0.0000,0.0000,1.0000,-0.0000,0.0000,0.0000,1.0000,-0.0000,0.0000,0.0000,1.0000),
      ["Head"] = CFrame.new(1.8536,0.9677,-0.5997,0.4457,-0.0000,-0.8952,0.0000,1.0000,-0.0000,0.8952,0.0000,0.4457),
      ["RightUpperLeg"] = CFrame.new(0.0000,0.0126,-0.0034,0.9612,-0.2624,-0.0847,0.1906,0.8544,-0.4833,0.1992,0.4484,0.8713),
      ["RightLowerLeg"] = CFrame.new(0.0000,0.0968,-0.1242,1.0000,-0.0000,0.0000,-0.0000,-0.2406,0.9706,0.0000,-0.9706,-0.2406),
      ["RightFoot"] = CFrame.new(0.0000,0.0000,0.0000,1.0000,0.0000,0.0000,0.0000,1.0000,0.0000,0.0000,0.0000,1.0000),
      ["LeftUpperLeg"] = CFrame.new(-0.0000,0.0004,-0.0002,0.9685,0.1180,0.2191,-0.1085,0.9926,-0.0547,-0.2239,0.0292,0.9742),
      ["LeftLowerLeg"] = CFrame.new(0.0000,0.0544,-0.0160,1.0000,-0.0000,0.0000,0.0000,0.8399,0.5427,-0.0000,-0.5427,0.8399),
      ["LeftFoot"] = CFrame.new(0.0000,-0.0002,0.0000,1.0000,-0.0000,0.0000,0.0000,1.0000,-0.0000,0.0000,0.0000,1.0000),
    }},
    {Time = 2.900, Data = {
      ["HumanoidRootPart"] = CFrame.new(0.0000,0.0000,0.0000,1.0000,0.0000,0.0000,0.0000,1.0000,0.0000,0.0000,0.0000,1.0000),
      ["LowerTorso"] = CFrame.new(0.0000,0.4062,0.0000,0.9951,0.0215,0.0965,-0.0095,0.9923,-0.1234,-0.0984,0.1218,0.9877),
      ["UpperTorso"] = CFrame.new(0.0000,0.0000,0.0000,0.9940,0.0287,0.1059,-0.0299,0.9995,0.0094,-0.1055,-0.0125,0.9943),
      ["LeftUpperArm"] = CFrame.new(0.0000,-0.0010,0.0003,0.8945,0.1484,0.4217,-0.3585,0.8016,0.4784,-0.2671,-0.5791,0.7702),
      ["LeftLowerArm"] = CFrame.new(-0.0005,0.0641,0.0232,1.0000,-0.0000,0.0000,0.0000,0.7673,-0.6413,0.0000,0.6413,0.7673),
      ["LeftHand"] = CFrame.new(0.0005,0.0000,0.0000,1.0000,-0.0000,0.0000,0.0000,1.0000,-0.0000,0.0000,0.0000,1.0000),
      ["RightUpperArm"] = CFrame.new(0.0000,0.0000,0.0000,0.7373,-0.6705,-0.0831,0.2520,0.3871,-0.8869,0.6268,0.6329,0.4544),
      ["RightLowerArm"] = CFrame.new(0.0000,0.1001,0.1005,1.0000,-0.0000,0.0000,0.0000,-0.0062,-1.0000,0.0000,1.0000,-0.0062),
      ["RightHand"] = CFrame.new(-0.0005,0.0000,0.0000,1.0000,-0.0000,0.0000,0.0000,1.0000,-0.0000,0.0000,0.0000,1.0000),
      ["Head"] = CFrame.new(1.8537,0.9726,-0.5997,0.6704,-0.0000,-0.7420,0.0000,1.0000,-0.0000,0.7420,0.0000,0.6704),
      ["RightUpperLeg"] = CFrame.new(0.0000,0.0095,-0.0025,0.9611,-0.2629,-0.0850,0.1895,0.8510,-0.4897,0.2011,0.4546,0.8677),
      ["RightLowerLeg"] = CFrame.new(0.0000,0.0968,-0.1242,1.0000,-0.0000,0.0000,-0.0000,-0.2406,0.9706,0.0000,-0.9706,-0.2406),
      ["RightFoot"] = CFrame.new(0.0000,0.0000,0.0000,1.0000,0.0000,0.0000,0.0000,1.0000,0.0000,0.0000,0.0000,1.0000),
      ["LeftUpperLeg"] = CFrame.new(-0.0000,0.0002,-0.0002,0.9685,0.1186,0.2191,-0.1102,0.9926,-0.0503,-0.2234,0.0246,0.9744),
      ["LeftLowerLeg"] = CFrame.new(0.0000,0.0541,-0.0158,1.0000,-0.0000,0.0000,0.0000,0.8424,0.5389,-0.0000,-0.5389,0.8424),
      ["LeftFoot"] = CFrame.new(0.0000,-0.0002,0.0000,1.0000,-0.0000,0.0000,0.0000,1.0000,-0.0000,0.0000,0.0000,1.0000),
    }},
    {Time = 2.933, Data = {
      ["HumanoidRootPart"] = CFrame.new(0.0000,0.0000,0.0000,1.0000,0.0000,0.0000,0.0000,1.0000,0.0000,0.0000,0.0000,1.0000),
      ["LowerTorso"] = CFrame.new(0.0000,0.4046,0.0000,0.9951,0.0249,0.0955,-0.0130,0.9923,-0.1231,-0.0979,0.1213,0.9878),
      ["UpperTorso"] = CFrame.new(0.0000,0.0000,0.0000,0.9940,0.0287,0.1059,-0.0299,0.9995,0.0094,-0.1055,-0.0125,0.9943),
      ["LeftUpperArm"] = CFrame.new(0.0000,-0.0005,0.0001,0.8940,0.1482,0.4228,-0.3594,0.8006,0.4794,-0.2675,-0.5806,0.7690),
      ["LeftLowerArm"] = CFrame.new(-0.0005,0.0640,0.0232,1.0000,-0.0000,0.0000,0.0000,0.7675,-0.6410,0.0000,0.6410,0.7675),
      ["LeftHand"] = CFrame.new(0.0005,0.0000,0.0000,1.0000,-0.0000,0.0000,0.0000,1.0000,-0.0000,0.0000,0.0000,1.0000),
      ["RightUpperArm"] = CFrame.new(0.0000,0.0000,0.0000,0.7374,-0.6703,-0.0832,0.2517,0.3871,-0.8870,0.6268,0.6331,0.4542),
      ["RightLowerArm"] = CFrame.new(0.0000,0.1001,0.1005,1.0000,-0.0000,0.0000,0.0000,-0.0062,-1.0000,0.0000,1.0000,-0.0062),
      ["RightHand"] = CFrame.new(-0.0005,0.0000,0.0000,1.0000,-0.0000,0.0000,0.0000,1.0000,-0.0000,0.0000,0.0000,1.0000),
      ["Head"] = CFrame.new(1.8537,0.9780,-0.5997,0.8472,-0.0000,-0.5312,0.0000,1.0000,-0.0000,0.5312,0.0000,0.8472),
      ["RightUpperLeg"] = CFrame.new(0.0000,0.0064,-0.0017,0.9609,-0.2635,-0.0851,0.1883,0.8472,-0.4967,0.2030,0.4613,0.8637),
      ["RightLowerLeg"] = CFrame.new(0.0000,0.0968,-0.1242,1.0000,-0.0000,0.0000,-0.0000,-0.2406,0.9706,0.0000,-0.9706,-0.2406),
      ["RightFoot"] = CFrame.new(0.0000,0.0000,0.0000,1.0000,0.0000,0.0000,0.0000,1.0000,0.0000,0.0000,0.0000,1.0000),
      ["LeftUpperLeg"] = CFrame.new(-0.0000,0.0001,-0.0001,0.9684,0.1191,0.2190,-0.1114,0.9927,-0.0471,-0.2231,0.0212,0.9746),
      ["LeftLowerLeg"] = CFrame.new(0.0000,0.0538,-0.0156,1.0000,-0.0000,0.0000,0.0000,0.8441,0.5362,-0.0000,-0.5362,0.8441),
      ["LeftFoot"] = CFrame.new(0.0000,-0.0002,0.0000,1.0000,-0.0000,0.0000,0.0000,1.0000,-0.0000,0.0000,0.0000,1.0000),
    }},
    {Time = 2.967, Data = {
      ["HumanoidRootPart"] = CFrame.new(0.0000,0.0000,0.0000,1.0000,0.0000,0.0000,0.0000,1.0000,0.0000,0.0000,0.0000,1.0000),
      ["LowerTorso"] = CFrame.new(0.0000,0.4037,0.0000,0.9951,0.0285,0.0949,-0.0167,0.9923,-0.1231,-0.0976,0.1209,0.9878),
      ["UpperTorso"] = CFrame.new(0.0000,0.0000,0.0000,0.9940,0.0287,0.1059,-0.0299,0.9995,0.0094,-0.1055,-0.0125,0.9943),
      ["LeftUpperArm"] = CFrame.new(0.0000,-0.0001,0.0000,0.8937,0.1480,0.4235,-0.3600,0.8000,0.4801,-0.2677,-0.5815,0.7683),
      ["LeftLowerArm"] = CFrame.new(-0.0005,0.0640,0.0232,1.0000,-0.0000,0.0000,0.0000,0.7677,-0.6408,0.0000,0.6408,0.7677),
      ["LeftHand"] = CFrame.new(0.0005,0.0000,0.0000,1.0000,-0.0000,0.0000,0.0000,1.0000,-0.0000,0.0000,0.0000,1.0000),
      ["RightUpperArm"] = CFrame.new(0.0000,0.0000,0.0000,0.7375,-0.6702,-0.0833,0.2516,0.3871,-0.8870,0.6267,0.6333,0.4541),
      ["RightLowerArm"] = CFrame.new(0.0000,0.1001,0.1005,1.0000,-0.0000,0.0000,0.0000,-0.0062,-1.0000,0.0000,1.0000,-0.0062),
      ["RightHand"] = CFrame.new(-0.0005,0.0000,0.0000,1.0000,-0.0000,0.0000,0.0000,1.0000,-0.0000,0.0000,0.0000,1.0000),
      ["Head"] = CFrame.new(1.8538,0.9838,-0.5997,0.9607,-0.0000,-0.2777,0.0000,1.0000,-0.0000,0.2777,0.0000,0.9607),
      ["RightUpperLeg"] = CFrame.new(0.0000,0.0032,-0.0008,0.9608,-0.2640,-0.0851,0.1870,0.8431,-0.5042,0.2049,0.4685,0.8594),
      ["RightLowerLeg"] = CFrame.new(0.0000,0.0968,-0.1242,1.0000,-0.0000,0.0000,-0.0000,-0.2406,0.9706,0.0000,-0.9706,-0.2406),
      ["RightFoot"] = CFrame.new(0.0000,0.0000,0.0000,1.0000,0.0000,0.0000,0.0000,1.0000,0.0000,0.0000,0.0000,1.0000),
      ["LeftUpperLeg"] = CFrame.new(-0.0000,0.0000,-0.0001,0.9684,0.1193,0.2190,-0.1121,0.9927,-0.0451,-0.2228,0.0191,0.9747),
      ["LeftLowerLeg"] = CFrame.new(0.0000,0.0536,-0.0155,1.0000,-0.0000,0.0000,0.0000,0.8452,0.5345,-0.0000,-0.5345,0.8452),
      ["LeftFoot"] = CFrame.new(0.0000,-0.0002,0.0000,1.0000,-0.0000,0.0000,0.0000,1.0000,-0.0000,0.0000,0.0000,1.0000),
    }},
    {Time = 3.000, Data = {
      ["HumanoidRootPart"] = CFrame.new(0.0000,0.0000,0.0000,1.0000,0.0000,0.0000,0.0000,1.0000,0.0000,0.0000,0.0000,1.0000),
      ["LowerTorso"] = CFrame.new(0.0000,0.4033,0.0000,0.9950,0.0321,0.0945,-0.0204,0.9922,-0.1232,-0.0977,0.1206,0.9879),
      ["UpperTorso"] = CFrame.new(0.0000,0.0000,0.0000,0.9940,0.0287,0.1059,-0.0299,0.9995,0.0094,-0.1055,-0.0125,0.9943),
      ["LeftUpperArm"] = CFrame.new(0.0000,0.0000,0.0000,0.8936,0.1480,0.4237,-0.3602,0.7997,0.4803,-0.2678,-0.5818,0.7680),
      ["LeftLowerArm"] = CFrame.new(-0.0005,0.0640,0.0232,1.0000,-0.0000,0.0000,0.0000,0.7678,-0.6407,0.0000,0.6407,0.7678),
      ["LeftHand"] = CFrame.new(0.0005,0.0000,0.0000,1.0000,-0.0000,0.0000,0.0000,1.0000,-0.0000,0.0000,0.0000,1.0000),
      ["RightUpperArm"] = CFrame.new(0.0000,0.0000,0.0000,0.7376,-0.6701,-0.0833,0.2515,0.3871,-0.8871,0.6267,0.6333,0.4541),
      ["RightLowerArm"] = CFrame.new(0.0000,0.1001,0.1005,1.0000,-0.0000,0.0000,0.0000,-0.0062,-1.0000,0.0000,1.0000,-0.0062),
      ["RightHand"] = CFrame.new(-0.0005,0.0000,0.0000,1.0000,-0.0000,0.0000,0.0000,1.0000,-0.0000,0.0000,0.0000,1.0000),
      ["Head"] = CFrame.new(1.8538,0.9899,-0.5996,1.0000,-0.0000,0.0000,0.0000,1.0000,-0.0000,-0.0000,0.0000,1.0000),
      ["RightUpperLeg"] = CFrame.new(0.0000,0.0000,-0.0000,0.9606,-0.2646,-0.0851,0.1856,0.8386,-0.5121,0.2069,0.4762,0.8547),
      ["RightLowerLeg"] = CFrame.new(0.0000,0.0968,-0.1242,1.0000,-0.0000,0.0000,-0.0000,-0.2406,0.9706,0.0000,-0.9706,-0.2406),
      ["RightFoot"] = CFrame.new(0.0000,0.0000,0.0000,1.0000,0.0000,0.0000,0.0000,1.0000,0.0000,0.0000,0.0000,1.0000),
      ["LeftUpperLeg"] = CFrame.new(0.0000,0.0000,-0.0001,0.9684,0.1195,0.2190,-0.1124,0.9927,-0.0443,-0.2227,0.0183,0.9747),
      ["LeftLowerLeg"] = CFrame.new(0.0000,0.0536,-0.0154,1.0000,-0.0000,0.0000,0.0000,0.8456,0.5338,-0.0000,-0.5338,0.8456),
      ["LeftFoot"] = CFrame.new(0.0000,-0.0002,0.0000,1.0000,-0.0000,0.0000,0.0000,1.0000,-0.0000,0.0000,0.0000,1.0000),
    }},
  }
}
