return {
  ["86211239618105"] = {
    {Time = 0.000, Data = {
      ["HumanoidRootPart"] = CFrame.new(0.0000,0.0000,0.0000,1.0000,0.0000,0.0000,0.0000,1.0000,0.0000,0.0000,0.0000,1.0000),
      ["LowerTorso"] = CFrame.new(-0.0000,-0.1493,-0.0088,0.9480,-0.0613,0.3125,0.1427,0.9590,-0.2448,-0.2846,0.2767,0.9178),
      ["UpperTorso"] = CFrame.new(0.0000,0.0000,0.0000,0.9156,-0.1966,-0.3507,0.2144,0.9767,0.0123,0.3401,-0.0865,0.9364),
      ["LeftUpperArm"] = CFrame.new(0.0000,0.0000,0.0000,0.4185,-0.1381,-0.8976,-0.8656,0.2385,-0.4403,0.2749,0.9613,-0.0197),
      ["LeftLowerArm"] = CFrame.new(0.0000,0.0000,0.0000,1.0000,-0.0000,0.0000,0.0000,0.5674,-0.8235,0.0000,0.8235,0.5674),
      ["LeftHand"] = CFrame.new(0.0000,0.0000,0.0000,0.9668,-0.0384,-0.2525,-0.1039,0.8440,-0.5261,0.2333,0.5349,0.8120),
      ["RightUpperArm"] = CFrame.new(0.0000,0.0000,0.0000,0.8151,0.2504,-0.5224,0.4786,0.2169,0.8508,0.3264,-0.9435,0.0570),
      ["RightLowerArm"] = CFrame.new(-0.0005,0.0000,0.0000,1.0000,-0.0009,-0.0001,0.0007,0.7743,-0.6328,0.0007,0.6328,0.7743),
      ["RightHand"] = CFrame.new(0.0000,-0.0001,0.0000,0.9274,-0.3422,0.1508,0.3112,0.9298,0.1965,-0.2075,-0.1353,0.9688),
      ["Head"] = CFrame.new(0.0000,0.0000,0.0000,0.9968,0.0658,0.0458,-0.0690,0.9949,0.0735,-0.0407,-0.0765,0.9962),
      ["RightUpperLeg"] = CFrame.new(0.0000,0.0000,0.0000,0.9472,0.0091,-0.3205,-0.0473,0.9926,-0.1115,0.3171,0.1208,0.9407),
      ["RightLowerLeg"] = CFrame.new(0.0000,-0.0002,-0.0001,1.0000,-0.0000,0.0000,0.0000,1.0000,0.0004,-0.0000,-0.0004,1.0000),
      ["RightFoot"] = CFrame.new(0.0000,0.0002,0.0000,0.9999,0.0122,0.0083,-0.0144,0.9238,0.3825,-0.0030,-0.3826,0.9239),
      ["LeftUpperLeg"] = CFrame.new(0.0000,0.0000,0.0000,0.9488,0.1772,-0.2615,-0.0886,0.9439,0.3182,0.3032,-0.2787,0.9112),
      ["LeftLowerLeg"] = CFrame.new(0.0000,0.0000,0.0000,1.0000,-0.0000,0.0000,0.0000,0.7913,0.6114,-0.0000,-0.6114,0.7913),
      ["LeftFoot"] = CFrame.new(0.0000,0.0000,0.0000,0.9996,-0.0238,-0.0163,0.0076,0.7629,-0.6464,0.0278,0.6461,0.7628),
    }},
    {Time = 0.033, Data = {
      ["HumanoidRootPart"] = CFrame.new(0.0000,0.0000,0.0000,1.0000,0.0000,0.0000,0.0000,1.0000,0.0000,0.0000,0.0000,1.0000),
      ["LowerTorso"] = CFrame.new(0.0019,-0.1856,-0.0038,0.9486,-0.0620,0.3103,0.1383,0.9633,-0.2301,-0.2847,0.2612,0.9224),
      ["UpperTorso"] = CFrame.new(0.0000,0.0000,0.0000,0.9135,-0.2116,-0.3474,0.2292,0.9733,0.0100,0.3360,-0.0888,0.9377),
      ["LeftUpperArm"] = CFrame.new(0.0000,0.0000,0.0000,0.4187,-0.1349,-0.8981,-0.8656,0.2399,-0.4396,0.2747,0.9614,-0.0163),
      ["LeftLowerArm"] = CFrame.new(0.0000,0.0000,0.0000,1.0000,-0.0000,0.0000,0.0000,0.5627,-0.8266,0.0000,0.8266,0.5627),
      ["LeftHand"] = CFrame.new(0.0000,0.0000,0.0000,0.9664,-0.0382,-0.2543,-0.1040,0.8463,-0.5224,0.2352,0.5313,0.8139),
      ["RightUpperArm"] = CFrame.new(0.0000,0.0000,0.0000,0.8221,0.2224,-0.5241,0.4783,0.2296,0.8477,0.3088,-0.9475,0.0824),
      ["RightLowerArm"] = CFrame.new(-0.0005,0.0000,0.0000,1.0000,-0.0009,-0.0002,0.0006,0.8416,-0.5401,0.0007,0.5401,0.8416),
      ["RightHand"] = CFrame.new(0.0000,-0.0001,0.0000,0.9208,-0.3684,0.1282,0.3478,0.9242,0.1580,-0.1767,-0.1009,0.9791),
      ["Head"] = CFrame.new(0.0000,0.0000,0.0000,0.9967,0.0657,0.0479,-0.0692,0.9948,0.0751,-0.0427,-0.0781,0.9960),
      ["RightUpperLeg"] = CFrame.new(0.0000,0.0000,0.0000,0.9479,0.0034,-0.3186,-0.0491,0.9895,-0.1356,0.3148,0.1442,0.9381),
      ["RightLowerLeg"] = CFrame.new(0.0000,-0.0002,-0.0001,1.0000,-0.0000,0.0000,0.0000,1.0000,0.0004,-0.0000,-0.0004,1.0000),
      ["RightFoot"] = CFrame.new(0.0000,0.0002,0.0000,0.9999,0.0113,0.0077,-0.0134,0.9207,0.3901,-0.0027,-0.3901,0.9208),
      ["LeftUpperLeg"] = CFrame.new(0.0000,0.0000,0.0000,0.9495,0.1569,-0.2718,-0.0915,0.9668,0.2386,0.3002,-0.2017,0.9323),
      ["LeftLowerLeg"] = CFrame.new(0.0000,0.0000,0.0000,1.0000,-0.0000,0.0000,0.0000,0.6997,0.7144,-0.0000,-0.7144,0.6997),
      ["LeftFoot"] = CFrame.new(0.0000,0.0000,0.0000,0.9995,-0.0257,-0.0176,0.0065,0.7245,-0.6893,0.0304,0.6888,0.7243),
    }},
    {Time = 0.067, Data = {
      ["HumanoidRootPart"] = CFrame.new(0.0000,0.0000,0.0000,1.0000,0.0000,0.0000,0.0000,1.0000,0.0000,0.0000,0.0000,1.0000),
      ["LowerTorso"] = CFrame.new(0.0041,-0.2199,0.0005,0.9505,-0.0619,0.3045,0.1320,0.9676,-0.2153,-0.2813,0.2449,0.9279),
      ["UpperTorso"] = CFrame.new(0.0000,0.0000,0.0000,0.9133,-0.2241,-0.3401,0.2415,0.9704,0.0090,0.3280,-0.0904,0.9404),
      ["LeftUpperArm"] = CFrame.new(0.0000,0.0000,0.0000,0.4172,-0.1323,-0.8991,-0.8659,0.2426,-0.4375,0.2760,0.9611,-0.0134),
      ["LeftLowerArm"] = CFrame.new(0.0000,0.0000,0.0000,1.0000,-0.0000,0.0000,0.0000,0.5593,-0.8290,0.0000,0.8290,0.5593),
      ["LeftHand"] = CFrame.new(0.0000,0.0000,0.0000,0.9654,-0.0359,-0.2583,-0.1068,0.8493,-0.5170,0.2380,0.5267,0.8160),
      ["RightUpperArm"] = CFrame.new(0.0000,0.0000,0.0000,0.8369,0.1902,-0.5132,0.4621,0.2570,0.8488,0.2933,-0.9475,0.1272),
      ["RightLowerArm"] = CFrame.new(-0.0005,0.0000,0.0000,1.0000,-0.0009,-0.0003,0.0006,0.8981,-0.4398,0.0007,0.4398,0.8981),
      ["RightHand"] = CFrame.new(0.0000,-0.0001,0.0000,0.9174,-0.3861,0.0963,0.3723,0.9182,0.1349,-0.1405,-0.0880,0.9862),
      ["Head"] = CFrame.new(0.0000,0.0000,0.0000,0.9966,0.0654,0.0494,-0.0692,0.9945,0.0784,-0.0440,-0.0815,0.9957),
      ["RightUpperLeg"] = CFrame.new(0.0000,0.0000,0.0000,0.9498,-0.0422,-0.3099,-0.0505,0.9572,-0.2851,0.3087,0.2864,0.9070),
      ["RightLowerLeg"] = CFrame.new(0.0000,-0.0002,-0.0001,1.0000,-0.0000,0.0000,0.0000,0.9686,0.2486,-0.0000,-0.2486,0.9686),
      ["RightFoot"] = CFrame.new(0.0000,0.0002,0.0000,0.9999,0.0101,0.0069,-0.0116,0.9592,0.2824,-0.0038,-0.2825,0.9593),
      ["LeftUpperLeg"] = CFrame.new(0.0000,0.0000,0.0000,0.9511,0.1328,-0.2789,-0.0926,0.9839,0.1528,0.2947,-0.1195,0.9481),
      ["LeftLowerLeg"] = CFrame.new(0.0000,0.0000,0.0000,1.0000,-0.0000,0.0000,0.0000,0.5849,0.8111,-0.0000,-0.8111,0.5849),
      ["LeftFoot"] = CFrame.new(0.0000,0.0000,0.0000,0.9995,-0.0266,-0.0182,0.0054,0.6954,-0.7186,0.0318,0.7181,0.6952),
    }},
    {Time = 0.100, Data = {
      ["HumanoidRootPart"] = CFrame.new(0.0000,0.0000,0.0000,1.0000,0.0000,0.0000,0.0000,1.0000,0.0000,0.0000,0.0000,1.0000),
      ["LowerTorso"] = CFrame.new(0.0062,-0.2509,0.0042,0.9535,-0.0608,0.2952,0.1242,0.9716,-0.2012,-0.2746,0.2285,0.9340),
      ["UpperTorso"] = CFrame.new(0.0000,0.0000,0.0000,0.9148,-0.2343,-0.3291,0.2512,0.9679,0.0092,0.3163,-0.0911,0.9443),
      ["LeftUpperArm"] = CFrame.new(0.0000,0.0000,0.0000,0.4143,-0.1305,-0.9007,-0.8665,0.2464,-0.4342,0.2786,0.9603,-0.0110),
      ["LeftLowerArm"] = CFrame.new(0.0000,0.0000,0.0000,1.0000,-0.0000,0.0000,0.0000,0.5573,-0.8303,0.0000,0.8303,0.5573),
      ["LeftHand"] = CFrame.new(0.0000,0.0000,0.0000,0.9639,-0.0317,-0.2643,-0.1119,0.8527,-0.5103,0.2415,0.5214,0.8184),
      ["RightUpperArm"] = CFrame.new(0.0000,0.0000,0.0000,0.8567,0.1589,-0.4907,0.4334,0.2940,0.8519,0.2796,-0.9425,0.1830),
      ["RightLowerArm"] = CFrame.new(-0.0005,0.0000,0.0000,1.0000,-0.0008,-0.0004,0.0007,0.9389,-0.3441,0.0007,0.3441,0.9389),
      ["RightHand"] = CFrame.new(0.0000,-0.0001,0.0000,0.9170,-0.3945,0.0585,0.3847,0.9138,0.1305,-0.1049,-0.0972,0.9897),
      ["Head"] = CFrame.new(0.0000,0.0000,0.0000,0.9966,0.0649,0.0503,-0.0689,0.9941,0.0834,-0.0446,-0.0866,0.9952),
      ["RightUpperLeg"] = CFrame.new(0.0000,0.0000,0.0000,0.9529,-0.0813,-0.2922,-0.0512,0.9064,-0.4194,0.2989,0.4146,0.8595),
      ["RightLowerLeg"] = CFrame.new(0.0000,-0.0002,-0.0001,1.0000,-0.0000,0.0000,0.0000,0.8809,0.4734,-0.0000,-0.4734,0.8809),
      ["RightFoot"] = CFrame.new(0.0000,0.0002,0.0000,0.9999,0.0085,0.0058,-0.0093,0.9853,0.1705,-0.0043,-0.1706,0.9853),
      ["LeftUpperLeg"] = CFrame.new(0.0000,0.0000,0.0000,0.9536,0.1069,-0.2814,-0.0918,0.9936,0.0660,0.2866,-0.0371,0.9573),
      ["LeftLowerLeg"] = CFrame.new(0.0000,0.0000,0.0000,1.0000,-0.0000,0.0000,0.0000,0.4557,0.8901,-0.0000,-0.8901,0.4557),
      ["LeftFoot"] = CFrame.new(0.0000,0.0000,0.0000,0.9995,-0.0266,-0.0182,0.0047,0.6797,-0.7335,0.0319,0.7330,0.6795),
    }},
    {Time = 0.133, Data = {
      ["HumanoidRootPart"] = CFrame.new(0.0000,0.0000,0.0000,1.0000,0.0000,0.0000,0.0000,1.0000,0.0000,0.0000,0.0000,1.0000),
      ["LowerTorso"] = CFrame.new(0.0083,-0.2776,0.0072,0.9574,-0.0586,0.2828,0.1153,0.9753,-0.1883,-0.2648,0.2129,0.9405),
      ["UpperTorso"] = CFrame.new(0.0000,0.0000,0.0000,0.9178,-0.2422,-0.3146,0.2585,0.9660,0.0105,0.3013,-0.0909,0.9492),
      ["LeftUpperArm"] = CFrame.new(0.0000,0.0000,0.0000,0.4099,-0.1292,-0.9029,-0.8673,0.2512,-0.4297,0.2823,0.9593,-0.0091),
      ["LeftLowerArm"] = CFrame.new(0.0000,0.0000,0.0000,1.0000,-0.0000,0.0000,0.0000,0.5564,-0.8309,0.0000,0.8309,0.5564),
      ["LeftHand"] = CFrame.new(0.0000,0.0000,0.0000,0.9620,-0.0257,-0.2719,-0.1190,0.8567,-0.5020,0.2458,0.5153,0.8210),
      ["RightUpperArm"] = CFrame.new(0.0000,0.0000,0.0000,0.8782,0.1327,-0.4594,0.3966,0.3346,0.8548,0.2672,-0.9330,0.2413),
      ["RightLowerArm"] = CFrame.new(-0.0005,0.0000,0.0000,1.0000,-0.0008,-0.0004,0.0007,0.9635,-0.2676,0.0006,0.2676,0.9635),
      ["RightHand"] = CFrame.new(0.0000,-0.0001,0.0000,0.9197,-0.3921,0.0192,0.3851,0.9107,0.1492,-0.0760,-0.1298,0.9886),
      ["Head"] = CFrame.new(0.0000,0.0000,0.0000,0.9967,0.0641,0.0505,-0.0685,0.9936,0.0899,-0.0444,-0.0930,0.9947),
      ["RightUpperLeg"] = CFrame.new(0.0000,0.0000,0.0000,0.9569,-0.1013,-0.2721,-0.0512,0.8636,-0.5016,0.2858,0.4939,0.8212),
      ["RightLowerLeg"] = CFrame.new(0.0000,-0.0002,-0.0001,1.0000,-0.0000,0.0000,0.0000,0.7961,0.6051,-0.0000,-0.6051,0.7961),
      ["RightFoot"] = CFrame.new(0.0000,0.0002,0.0000,1.0000,0.0066,0.0045,-0.0070,0.9958,0.0912,-0.0039,-0.0913,0.9958),
      ["LeftUpperLeg"] = CFrame.new(0.0000,0.0000,0.0000,0.9569,0.0805,-0.2790,-0.0893,0.9958,-0.0191,0.2763,0.0432,0.9601),
      ["LeftLowerLeg"] = CFrame.new(0.0000,0.0000,0.0000,1.0000,-0.0000,0.0000,0.0000,0.3201,0.9474,-0.0000,-0.9474,0.3201),
      ["LeftFoot"] = CFrame.new(0.0000,0.0000,0.0000,0.9995,-0.0259,-0.0177,0.0046,0.6795,-0.7337,0.0311,0.7332,0.6793),
    }},
    {Time = 0.167, Data = {
      ["HumanoidRootPart"] = CFrame.new(0.0000,0.0000,0.0000,1.0000,0.0000,0.0000,0.0000,1.0000,0.0000,0.0000,0.0000,1.0000),
      ["LowerTorso"] = CFrame.new(0.0102,-0.2989,0.0093,0.9620,-0.0554,0.2675,0.1056,0.9785,-0.1772,-0.2519,0.1987,0.9471),
      ["UpperTorso"] = CFrame.new(0.0000,0.0000,0.0000,0.9222,-0.2478,-0.2969,0.2633,0.9646,0.0128,0.2832,-0.0900,0.9548),
      ["LeftUpperArm"] = CFrame.new(0.0000,0.0000,0.0000,0.4042,-0.1285,-0.9056,-0.8685,0.2568,-0.4241,0.2870,0.9579,-0.0078),
      ["LeftLowerArm"] = CFrame.new(0.0000,0.0000,0.0000,1.0000,-0.0000,0.0000,0.0000,0.5566,-0.8308,0.0000,0.8308,0.5566),
      ["LeftHand"] = CFrame.new(0.0000,0.0000,0.0000,0.9596,-0.0180,-0.2808,-0.1280,0.8610,-0.4922,0.2506,0.5083,0.8239),
      ["RightUpperArm"] = CFrame.new(0.0000,0.0000,0.0000,0.8986,0.1144,-0.4235,0.3567,0.3715,0.8572,0.2554,-0.9213,0.2931),
      ["RightLowerArm"] = CFrame.new(-0.0005,0.0000,0.0000,1.0000,-0.0008,-0.0004,0.0007,0.9738,-0.2273,0.0006,0.2273,0.9738),
      ["RightHand"] = CFrame.new(0.0000,-0.0001,0.0000,0.9256,-0.3783,-0.0161,0.3738,0.9063,0.1970,-0.0599,-0.1883,0.9803),
      ["Head"] = CFrame.new(0.0000,0.0000,0.0000,0.9967,0.0633,0.0502,-0.0679,0.9929,0.0976,-0.0437,-0.1007,0.9940),
      ["RightUpperLeg"] = CFrame.new(0.0000,0.0000,0.0000,0.9617,-0.1107,-0.2509,-0.0502,0.8283,-0.5580,0.2696,0.5492,0.7910),
      ["RightLowerLeg"] = CFrame.new(0.0000,-0.0002,-0.0001,1.0000,-0.0000,0.0000,0.0000,0.7177,0.6964,-0.0000,-0.6964,0.7177),
      ["RightFoot"] = CFrame.new(0.0000,0.0002,0.0000,1.0000,0.0046,0.0031,-0.0047,0.9997,0.0229,-0.0030,-0.0230,0.9997),
      ["LeftUpperLeg"] = CFrame.new(0.0000,0.0000,0.0000,0.9609,0.0545,-0.2714,-0.0850,0.9912,-0.1017,0.2635,0.1208,0.9571),
      ["LeftLowerLeg"] = CFrame.new(0.0000,0.0000,0.0000,1.0000,-0.0000,0.0000,0.0000,0.1854,0.9827,-0.0000,-0.9827,0.1854),
      ["LeftFoot"] = CFrame.new(0.0000,0.0000,0.0000,0.9996,-0.0247,-0.0169,0.0050,0.6953,-0.7187,0.0295,0.7183,0.6952),
    }},
    {Time = 0.200, Data = {
      ["HumanoidRootPart"] = CFrame.new(0.0000,0.0000,0.0000,1.0000,0.0000,0.0000,0.0000,1.0000,0.0000,0.0000,0.0000,1.0000),
      ["LowerTorso"] = CFrame.new(0.0117,-0.3137,0.0106,0.9670,-0.0510,0.2494,0.0953,0.9811,-0.1686,-0.2361,0.1868,0.9536),
      ["UpperTorso"] = CFrame.new(0.0000,0.0000,0.0000,0.9277,-0.2510,-0.2762,0.2656,0.9639,0.0162,0.2621,-0.0883,0.9610),
      ["LeftUpperArm"] = CFrame.new(0.0000,0.0000,0.0000,0.3973,-0.1281,-0.9087,-0.8698,0.2631,-0.4174,0.2925,0.9562,-0.0069),
      ["LeftLowerArm"] = CFrame.new(0.0000,0.0000,0.0000,1.0000,-0.0000,0.0000,0.0000,0.5577,-0.8301,0.0000,0.8301,0.5577),
      ["LeftHand"] = CFrame.new(0.0000,0.0000,0.0000,0.9568,-0.0087,-0.2908,-0.1384,0.8657,-0.4811,0.2559,0.5005,0.8271),
      ["RightUpperArm"] = CFrame.new(0.0000,0.0000,0.0000,0.9164,0.1031,-0.3869,0.3175,0.4016,0.8590,0.2439,-0.9100,0.3353),
      ["RightLowerArm"] = CFrame.new(-0.0005,0.0000,0.0000,1.0000,-0.0008,-0.0005,0.0007,0.9735,-0.2288,0.0006,0.2288,0.9735),
      ["RightHand"] = CFrame.new(0.0000,-0.0001,0.0000,0.9343,-0.3537,-0.0433,0.3516,0.8953,0.2734,-0.0579,-0.2706,0.9609),
      ["Head"] = CFrame.new(0.0000,0.0000,0.0000,0.9968,0.0622,0.0494,-0.0672,0.9920,0.1065,-0.0424,-0.1094,0.9931),
      ["RightUpperLeg"] = CFrame.new(0.0000,0.0000,0.0000,0.9669,-0.1119,-0.2294,-0.0482,0.8025,-0.5946,0.2507,0.5860,0.7706),
      ["RightLowerLeg"] = CFrame.new(0.0000,-0.0002,-0.0001,1.0000,-0.0000,0.0000,0.0000,0.6485,0.7612,-0.0000,-0.7612,0.6485),
      ["RightFoot"] = CFrame.new(0.0000,0.0002,0.0000,1.0000,0.0026,0.0018,-0.0025,0.9992,-0.0392,-0.0019,0.0392,0.9992),
      ["LeftUpperLeg"] = CFrame.new(0.0000,0.0000,0.0000,0.9655,0.0298,-0.2587,-0.0789,0.9802,-0.1814,0.2482,0.1956,0.9488),
      ["LeftLowerLeg"] = CFrame.new(0.0000,0.0000,0.0000,1.0000,-0.0000,0.0000,0.0000,0.0590,0.9983,-0.0000,-0.9983,0.0590),
      ["LeftFoot"] = CFrame.new(0.0000,0.0000,0.0000,0.9996,-0.0231,-0.0158,0.0059,0.7268,-0.6869,0.0273,0.6865,0.7266),
    }},
    {Time = 0.233, Data = {
      ["HumanoidRootPart"] = CFrame.new(0.0000,0.0000,0.0000,1.0000,0.0000,0.0000,0.0000,1.0000,0.0000,0.0000,0.0000,1.0000),
      ["LowerTorso"] = CFrame.new(0.0127,-0.3211,0.0109,0.9724,-0.0457,0.2289,0.0846,0.9830,-0.1631,-0.2176,0.1780,0.9597),
      ["UpperTorso"] = CFrame.new(0.0000,0.0000,0.0000,0.9342,-0.2520,-0.2526,0.2655,0.9639,0.0203,0.2384,-0.0860,0.9674),
      ["LeftUpperArm"] = CFrame.new(0.0000,0.0000,0.0000,0.3893,-0.1281,-0.9121,-0.8714,0.2698,-0.4098,0.2986,0.9544,-0.0066),
      ["LeftLowerArm"] = CFrame.new(0.0000,0.0000,0.0000,1.0000,-0.0000,0.0000,0.0000,0.5595,-0.8288,0.0000,0.8288,0.5595),
      ["LeftHand"] = CFrame.new(0.0000,0.0000,0.0000,0.9535,0.0021,-0.3013,-0.1500,0.8706,-0.4685,0.2614,0.4919,0.8305),
      ["RightUpperArm"] = CFrame.new(0.0000,0.0000,0.0000,0.9316,0.0937,-0.3513,0.2803,0.4304,0.8580,0.2316,-0.8978,0.3746),
      ["RightLowerArm"] = CFrame.new(-0.0005,0.0000,0.0000,1.0000,-0.0008,-0.0005,0.0007,0.9668,-0.2555,0.0007,0.2555,0.9668),
      ["RightHand"] = CFrame.new(0.0000,-0.0001,0.0000,0.9455,-0.3197,-0.0614,0.3194,0.8743,0.3655,-0.0632,-0.3652,0.9288),
      ["Head"] = CFrame.new(0.0000,0.0000,0.0000,0.9970,0.0611,0.0481,-0.0663,0.9910,0.1162,-0.0406,-0.1191,0.9921),
      ["RightUpperLeg"] = CFrame.new(0.0000,0.0000,0.0000,0.9723,-0.1064,-0.2080,-0.0450,0.7884,-0.6135,0.2292,0.6059,0.7618),
      ["RightLowerLeg"] = CFrame.new(0.0000,-0.0002,-0.0001,1.0000,-0.0000,0.0000,0.0000,0.5920,0.8059,-0.0000,-0.8059,0.5920),
      ["RightFoot"] = CFrame.new(0.0000,0.0002,0.0000,1.0000,0.0006,0.0004,-0.0006,0.9953,-0.0966,-0.0005,0.0966,0.9953),
      ["LeftUpperLeg"] = CFrame.new(0.0000,0.0000,0.0000,0.9705,0.0073,-0.2410,-0.0712,0.9636,-0.2576,0.2304,0.2671,0.9357),
      ["LeftLowerLeg"] = CFrame.new(0.0000,0.0000,0.0000,1.0000,-0.0000,0.0000,-0.0000,-0.0528,0.9986,0.0000,-0.9986,-0.0528),
      ["LeftFoot"] = CFrame.new(0.0000,0.0000,0.0000,0.9997,-0.0211,-0.0145,0.0071,0.7716,-0.6360,0.0246,0.6357,0.7715),
    }},
    {Time = 0.267, Data = {
      ["HumanoidRootPart"] = CFrame.new(0.0000,0.0000,0.0000,1.0000,0.0000,0.0000,0.0000,1.0000,0.0000,0.0000,0.0000,1.0000),
      ["LowerTorso"] = CFrame.new(0.0128,-0.3198,0.0102,0.9777,-0.0395,0.2062,0.0738,0.9841,-0.1614,-0.1965,0.1731,0.9651),
      ["UpperTorso"] = CFrame.new(0.0000,0.0000,0.0000,0.9412,-0.2506,-0.2265,0.2628,0.9645,0.0250,0.2122,-0.0831,0.9737),
      ["LeftUpperArm"] = CFrame.new(0.0000,0.0000,0.0000,0.3803,-0.1284,-0.9159,-0.8731,0.2768,-0.4013,0.3051,0.9523,-0.0068),
      ["LeftLowerArm"] = CFrame.new(0.0000,0.0000,0.0000,1.0000,-0.0000,0.0000,0.0000,0.5621,-0.8270,0.0000,0.8270,0.5621),
      ["LeftHand"] = CFrame.new(0.0000,0.0000,0.0000,0.9499,0.0141,-0.3122,-0.1624,0.8757,-0.4546,0.2670,0.4826,0.8342),
      ["RightUpperArm"] = CFrame.new(0.0000,0.0000,0.0000,0.9448,0.0820,-0.3172,0.2452,0.4654,0.8505,0.2174,-0.8813,0.4196),
      ["RightLowerArm"] = CFrame.new(-0.0005,0.0000,0.0000,1.0000,-0.0008,-0.0005,0.0007,0.9582,-0.2860,0.0007,0.2860,0.9582),
      ["RightHand"] = CFrame.new(0.0000,-0.0001,0.0000,0.9581,-0.2776,-0.0706,0.2783,0.8441,0.4584,-0.0677,-0.4588,0.8860),
      ["Head"] = CFrame.new(0.0000,0.0000,0.0000,0.9971,0.0599,0.0463,-0.0653,0.9898,0.1267,-0.0383,-0.1294,0.9909),
      ["RightUpperLeg"] = CFrame.new(0.0000,0.0000,0.0000,0.9778,-0.0954,-0.1867,-0.0406,0.7875,-0.6149,0.2057,0.6089,0.7661),
      ["RightLowerLeg"] = CFrame.new(0.0000,-0.0002,-0.0001,1.0000,-0.0000,0.0000,0.0000,0.5514,0.8342,-0.0000,-0.8342,0.5514),
      ["RightFoot"] = CFrame.new(0.0000,0.0002,0.0000,1.0000,-0.0010,-0.0007,0.0009,0.9888,-0.1492,0.0008,0.1492,0.9888),
      ["LeftUpperLeg"] = CFrame.new(0.0000,0.0000,0.0000,0.9757,-0.0122,-0.2186,-0.0620,0.9421,-0.3295,0.2099,0.3351,0.9185),
      ["LeftLowerLeg"] = CFrame.new(0.0000,0.0000,0.0000,1.0000,-0.0000,0.0000,-0.0000,-0.1452,0.9894,0.0000,-0.9894,-0.1452),
      ["LeftFoot"] = CFrame.new(0.0000,0.0000,0.0000,0.9997,-0.0189,-0.0129,0.0083,0.8258,-0.5639,0.0213,0.5637,0.8257),
    }},
    {Time = 0.300, Data = {
      ["HumanoidRootPart"] = CFrame.new(0.0000,0.0000,0.0000,1.0000,0.0000,0.0000,0.0000,1.0000,0.0000,0.0000,0.0000,1.0000),
      ["LowerTorso"] = CFrame.new(0.0125,-0.3100,0.0086,0.9829,-0.0326,0.1813,0.0629,0.9845,-0.1636,-0.1732,0.1722,0.9697),
      ["UpperTorso"] = CFrame.new(0.0000,0.0000,0.0000,0.9486,-0.2467,-0.1980,0.2575,0.9658,0.0303,0.1837,-0.0797,0.9797),
      ["LeftUpperArm"] = CFrame.new(0.0000,0.0000,0.0000,0.3702,-0.1290,-0.9199,-0.8750,0.2840,-0.3920,0.3118,0.9501,-0.0077),
      ["LeftLowerArm"] = CFrame.new(0.0000,0.0000,0.0000,1.0000,-0.0000,0.0000,0.0000,0.5655,-0.8248,0.0000,0.8248,0.5655),
      ["LeftHand"] = CFrame.new(0.0000,0.0000,0.0000,0.9460,0.0273,-0.3230,-0.1755,0.8809,-0.4396,0.2725,0.4725,0.8381),
      ["RightUpperArm"] = CFrame.new(0.0000,0.0000,0.0000,0.9562,0.0664,-0.2852,0.2131,0.5107,0.8330,0.2009,-0.8572,0.4741),
      ["RightLowerArm"] = CFrame.new(-0.0005,0.0000,0.0000,1.0000,-0.0008,-0.0005,0.0007,0.9514,-0.3081,0.0007,0.3081,0.9514),
      ["RightHand"] = CFrame.new(0.0000,-0.0001,0.0000,0.9708,-0.2292,-0.0705,0.2302,0.8082,0.5420,-0.0672,-0.5424,0.8374),
      ["Head"] = CFrame.new(0.0000,0.0000,0.0000,0.9973,0.0586,0.0442,-0.0642,0.9884,0.1377,-0.0356,-0.1402,0.9895),
      ["RightUpperLeg"] = CFrame.new(0.0000,0.0000,0.0000,0.9830,-0.0806,-0.1650,-0.0351,0.7994,-0.5997,0.1802,0.5953,0.7830),
      ["RightLowerLeg"] = CFrame.new(0.0000,-0.0002,-0.0001,1.0000,-0.0000,0.0000,0.0000,0.5277,0.8494,-0.0000,-0.8494,0.5277),
      ["RightFoot"] = CFrame.new(0.0000,0.0002,0.0000,1.0000,-0.0022,-0.0015,0.0019,0.9804,-0.1969,0.0019,0.1969,0.9804),
      ["LeftUpperLeg"] = CFrame.new(0.0000,0.0000,0.0000,0.9810,-0.0276,-0.1918,-0.0517,0.9168,-0.3961,0.1868,0.3985,0.8979),
      ["LeftLowerLeg"] = CFrame.new(0.0000,0.0000,0.0000,1.0000,-0.0000,0.0000,-0.0000,-0.2151,0.9766,0.0000,-0.9766,-0.2151),
      ["LeftFoot"] = CFrame.new(0.0000,0.0000,0.0000,0.9998,-0.0164,-0.0112,0.0092,0.8826,-0.4701,0.0176,0.4699,0.8825),
    }},
    {Time = 0.333, Data = {
      ["HumanoidRootPart"] = CFrame.new(0.0000,0.0000,0.0000,1.0000,0.0000,0.0000,0.0000,1.0000,0.0000,0.0000,0.0000,1.0000),
      ["LowerTorso"] = CFrame.new(0.0115,-0.2930,0.0061,0.9876,-0.0253,0.1546,0.0517,0.9842,-0.1691,-0.1479,0.1750,0.9734),
      ["UpperTorso"] = CFrame.new(0.0000,0.0000,0.0000,0.9561,-0.2405,-0.1674,0.2497,0.9677,0.0358,0.1533,-0.0760,0.9852),
      ["LeftUpperArm"] = CFrame.new(0.0000,0.0000,0.0000,0.3594,-0.1296,-0.9242,-0.8771,0.2912,-0.3819,0.3186,0.9478,-0.0090),
      ["LeftLowerArm"] = CFrame.new(0.0000,0.0000,0.0000,1.0000,-0.0000,0.0000,0.0000,0.5690,-0.8223,0.0000,0.8223,0.5690),
      ["LeftHand"] = CFrame.new(0.0000,0.0000,0.0000,0.9419,0.0414,-0.3335,-0.1888,0.8862,-0.4231,0.2780,0.4615,0.8425),
      ["RightUpperArm"] = CFrame.new(0.0000,0.0000,0.0000,0.9657,0.0470,-0.2554,0.1848,0.5666,0.8030,0.1824,-0.8227,0.5384),
      ["RightLowerArm"] = CFrame.new(-0.0005,0.0000,0.0000,1.0000,-0.0009,-0.0005,0.0007,0.9488,-0.3159,0.0007,0.3159,0.9488),
      ["RightHand"] = CFrame.new(0.0000,-0.0001,0.0000,0.9823,-0.1770,-0.0612,0.1771,0.7716,0.6109,-0.0610,-0.6110,0.7893),
      ["Head"] = CFrame.new(0.0000,0.0000,0.0000,0.9975,0.0573,0.0417,-0.0629,0.9868,0.1490,-0.0326,-0.1513,0.9880),
      ["RightUpperLeg"] = CFrame.new(0.0000,0.0000,0.0000,0.9878,-0.0640,-0.1420,-0.0287,0.8216,-0.5693,0.1531,0.5664,0.8098),
      ["RightLowerLeg"] = CFrame.new(0.0000,-0.0002,-0.0001,1.0000,-0.0000,0.0000,0.0000,0.5201,0.8541,-0.0000,-0.8541,0.5201),
      ["RightFoot"] = CFrame.new(0.0000,0.0002,0.0000,1.0000,-0.0031,-0.0021,0.0025,0.9709,-0.2396,0.0028,0.2396,0.9709),
      ["LeftUpperLeg"] = CFrame.new(0.0000,0.0000,0.0000,0.9861,-0.0379,-0.1616,-0.0407,0.8888,-0.4565,0.1609,0.4567,0.8749),
      ["LeftLowerLeg"] = CFrame.new(0.0000,0.0000,0.0000,1.0000,-0.0000,0.0000,-0.0000,-0.2625,0.9649,0.0000,-0.9649,-0.2625),
      ["LeftFoot"] = CFrame.new(0.0000,0.0000,0.0000,0.9999,-0.0138,-0.0094,0.0095,0.9339,-0.3573,0.0138,0.3572,0.9339),
    }},
    {Time = 0.367, Data = {
      ["HumanoidRootPart"] = CFrame.new(0.0000,0.0000,0.0000,1.0000,0.0000,0.0000,0.0000,1.0000,0.0000,0.0000,0.0000,1.0000),
      ["LowerTorso"] = CFrame.new(0.0100,-0.2698,0.0030,0.9918,-0.0177,0.1263,0.0401,0.9833,-0.1774,-0.1211,0.1810,0.9760),
      ["UpperTorso"] = CFrame.new(0.0000,0.0000,0.0000,0.9634,-0.2318,-0.1349,0.2392,0.9701,0.0413,0.1213,-0.0721,0.9900),
      ["LeftUpperArm"] = CFrame.new(0.0000,0.0000,0.0000,0.3478,-0.1303,-0.9285,-0.8793,0.2984,-0.3712,0.3254,0.9455,-0.0108),
      ["LeftLowerArm"] = CFrame.new(0.0000,0.0000,0.0000,1.0000,-0.0000,0.0000,0.0000,0.5728,-0.8197,0.0000,0.8197,0.5728),
      ["LeftHand"] = CFrame.new(0.0000,0.0000,0.0000,0.9375,0.0563,-0.3433,-0.2021,0.8915,-0.4055,0.2832,0.4496,0.8472),
      ["RightUpperArm"] = CFrame.new(0.0000,0.0000,0.0000,0.9736,0.0249,-0.2270,0.1608,0.6314,0.7586,0.1622,-0.7751,0.6107),
      ["RightLowerArm"] = CFrame.new(-0.0005,0.0000,0.0000,1.0000,-0.0009,-0.0005,0.0007,0.9517,-0.3071,0.0007,0.3071,0.9517),
      ["RightHand"] = CFrame.new(0.0000,-0.0001,0.0000,0.9914,-0.1235,-0.0434,0.1211,0.7397,0.6620,-0.0497,-0.6615,0.7483),
      ["Head"] = CFrame.new(0.0000,0.0000,0.0000,0.9977,0.0561,0.0388,-0.0616,0.9851,0.1605,-0.0292,-0.1626,0.9863),
      ["RightUpperLeg"] = CFrame.new(0.0000,0.0000,0.0000,0.9920,-0.0472,-0.1173,-0.0215,0.8511,-0.5246,0.1246,0.5229,0.8432),
      ["RightLowerLeg"] = CFrame.new(0.0000,-0.0002,-0.0001,1.0000,-0.0000,0.0000,0.0000,0.5275,0.8496,-0.0000,-0.8496,0.5275),
      ["RightFoot"] = CFrame.new(0.0000,0.0002,0.0000,1.0000,-0.0035,-0.0024,0.0027,0.9608,-0.2771,0.0032,0.2771,0.9608),
      ["LeftUpperLeg"] = CFrame.new(0.0000,0.0000,0.0000,0.9907,-0.0424,-0.1291,-0.0295,0.8602,-0.5090,0.1326,0.5081,0.8510),
      ["LeftLowerLeg"] = CFrame.new(0.0000,0.0000,0.0000,1.0000,-0.0000,0.0000,-0.0000,-0.2881,0.9576,0.0000,-0.9576,-0.2881),
      ["LeftFoot"] = CFrame.new(0.0000,0.0000,0.0000,0.9999,-0.0111,-0.0076,0.0090,0.9728,-0.2317,0.0099,0.2316,0.9728),
    }},
    {Time = 0.400, Data = {
      ["HumanoidRootPart"] = CFrame.new(0.0000,0.0000,0.0000,1.0000,0.0000,0.0000,0.0000,1.0000,0.0000,0.0000,0.0000,1.0000),
      ["LowerTorso"] = CFrame.new(0.0080,-0.2419,-0.0007,0.9953,-0.0101,0.0966,0.0282,0.9818,-0.1880,-0.0930,0.1898,0.9774),
      ["UpperTorso"] = CFrame.new(0.0000,0.0000,0.0000,0.9701,-0.2205,-0.1009,0.2261,0.9730,0.0467,0.0879,-0.0681,0.9938),
      ["LeftUpperArm"] = CFrame.new(0.0000,0.0000,0.0000,0.3355,-0.1309,-0.9329,-0.8816,0.3053,-0.3599,0.3319,0.9432,-0.0129),
      ["LeftLowerArm"] = CFrame.new(0.0000,0.0000,0.0000,1.0000,-0.0000,0.0000,0.0000,0.5765,-0.8171,0.0000,0.8171,0.5765),
      ["LeftHand"] = CFrame.new(0.0000,0.0000,0.0000,0.9332,0.0717,-0.3522,-0.2149,0.8967,-0.3868,0.2881,0.4367,0.8522),
      ["RightUpperArm"] = CFrame.new(0.0000,0.0000,0.0000,0.9801,0.0013,-0.1985,0.1406,0.7016,0.6986,0.1401,-0.7126,0.6874),
      ["RightLowerArm"] = CFrame.new(-0.0005,0.0000,0.0000,1.0000,-0.0009,-0.0005,0.0007,0.9597,-0.2810,0.0007,0.2810,0.9597),
      ["RightHand"] = CFrame.new(0.0000,-0.0001,0.0000,0.9973,-0.0710,-0.0194,0.0646,0.7180,0.6930,-0.0352,-0.6924,0.7206),
      ["Head"] = CFrame.new(0.0000,0.0000,0.0000,0.9979,0.0548,0.0357,-0.0602,0.9833,0.1720,-0.0257,-0.1738,0.9844),
      ["RightUpperLeg"] = CFrame.new(0.0000,0.0000,0.0000,0.9954,-0.0321,-0.0905,-0.0138,0.8846,-0.4662,0.0950,0.4652,0.8801),
      ["RightLowerLeg"] = CFrame.new(0.0000,-0.0002,-0.0001,1.0000,-0.0000,0.0000,0.0000,0.5489,0.8359,-0.0000,-0.8359,0.5489),
      ["RightFoot"] = CFrame.new(0.0000,0.0002,0.0000,1.0000,-0.0034,-0.0023,0.0025,0.9512,-0.3087,0.0032,0.3087,0.9512),
      ["LeftUpperLeg"] = CFrame.new(0.0000,0.0000,0.0000,0.9946,-0.0411,-0.0953,-0.0185,0.8334,-0.5523,0.1021,0.5511,0.8282),
      ["LeftLowerLeg"] = CFrame.new(0.0000,0.0000,0.0000,1.0000,-0.0000,0.0000,-0.0000,-0.2931,0.9561,0.0000,-0.9561,-0.2931),
      ["LeftFoot"] = CFrame.new(0.0000,0.0000,0.0000,0.9999,-0.0083,-0.0057,0.0077,0.9948,-0.1017,0.0065,0.1016,0.9948),
    }},
    {Time = 0.433, Data = {
      ["HumanoidRootPart"] = CFrame.new(0.0000,0.0000,0.0000,1.0000,0.0000,0.0000,0.0000,1.0000,0.0000,0.0000,0.0000,1.0000),
      ["LowerTorso"] = CFrame.new(0.0058,-0.2104,-0.0047,0.9978,-0.0027,0.0659,0.0158,0.9796,-0.2002,-0.0640,0.2008,0.9775),
      ["UpperTorso"] = CFrame.new(0.0000,0.0000,0.0000,0.9762,-0.2068,-0.0657,0.2103,0.9763,0.0517,0.0535,-0.0643,0.9965),
      ["LeftUpperArm"] = CFrame.new(0.0000,0.0000,0.0000,0.3228,-0.1313,-0.9373,-0.8840,0.3120,-0.3481,0.3381,0.9410,-0.0153),
      ["LeftLowerArm"] = CFrame.new(0.0000,0.0000,0.0000,1.0000,-0.0000,0.0000,0.0000,0.5799,-0.8147,0.0000,0.8147,0.5799),
      ["LeftHand"] = CFrame.new(0.0000,0.0000,0.0000,0.9288,0.0874,-0.3600,-0.2271,0.9020,-0.3671,0.2927,0.4227,0.8577),
      ["RightUpperArm"] = CFrame.new(0.0000,0.0000,0.0000,0.9857,-0.0225,-0.1673,0.1234,0.7723,0.6232,0.1152,-0.6349,0.7640),
      ["RightLowerArm"] = CFrame.new(-0.0005,0.0000,0.0000,1.0000,-0.0009,-0.0005,0.0007,0.9710,-0.2390,0.0007,0.2390,0.9710),
      ["RightHand"] = CFrame.new(0.0000,-0.0001,0.0000,0.9998,-0.0210,0.0074,0.0098,0.7116,0.7025,-0.0200,-0.7022,0.7117),
      ["Head"] = CFrame.new(0.0000,0.0000,0.0000,0.9980,0.0537,0.0323,-0.0587,0.9813,0.1832,-0.0219,-0.1848,0.9825),
      ["RightUpperLeg"] = CFrame.new(0.0000,0.0000,0.0000,0.9979,-0.0201,-0.0616,-0.0058,0.9187,-0.3948,0.0645,0.3944,0.9167),
      ["RightLowerLeg"] = CFrame.new(0.0000,-0.0002,-0.0001,1.0000,-0.0000,0.0000,0.0000,0.5831,0.8124,-0.0000,-0.8124,0.5831),
      ["RightFoot"] = CFrame.new(0.0000,0.0002,0.0000,1.0000,-0.0028,-0.0019,0.0020,0.9427,-0.3337,0.0028,0.3337,0.9427),
      ["LeftUpperLeg"] = CFrame.new(0.0000,0.0000,0.0000,0.9975,-0.0345,-0.0614,-0.0080,0.8107,-0.5854,0.0700,0.5845,0.8084),
      ["LeftLowerLeg"] = CFrame.new(0.0000,0.0000,0.0000,1.0000,-0.0000,0.0000,-0.0000,-0.2792,0.9602,0.0000,-0.9602,-0.2792),
      ["LeftFoot"] = CFrame.new(0.0000,0.0000,0.0000,1.0000,-0.0056,-0.0038,0.0057,0.9997,0.0232,0.0037,-0.0233,0.9997),
    }},
    {Time = 0.467, Data = {
      ["HumanoidRootPart"] = CFrame.new(0.0000,0.0000,0.0000,1.0000,0.0000,0.0000,0.0000,1.0000,0.0000,0.0000,0.0000,1.0000),
      ["LowerTorso"] = CFrame.new(0.0034,-0.1765,-0.0090,0.9994,0.0044,0.0343,0.0030,0.9769,-0.2135,-0.0344,0.2135,0.9763),
      ["UpperTorso"] = CFrame.new(0.0000,0.0000,0.0000,0.9812,-0.1905,-0.0297,0.1920,0.9798,0.0561,0.0184,-0.0608,0.9980),
      ["LeftUpperArm"] = CFrame.new(0.0000,0.0000,0.0000,0.3096,-0.1313,-0.9417,-0.8865,0.3183,-0.3358,0.3438,0.9389,-0.0179),
      ["LeftLowerArm"] = CFrame.new(0.0000,0.0000,0.0000,1.0000,-0.0000,0.0000,0.0000,0.5828,-0.8127,0.0000,0.8127,0.5828),
      ["LeftHand"] = CFrame.new(0.0000,0.0000,0.0000,0.9247,0.1030,-0.3665,-0.2383,0.9074,-0.3463,0.2969,0.4075,0.8636),
      ["RightUpperArm"] = CFrame.new(0.0000,0.0000,0.0000,0.9905,-0.0446,-0.1303,0.1082,0.8377,0.5353,0.0852,-0.5443,0.8345),
      ["RightLowerArm"] = CFrame.new(-0.0005,0.0000,0.0000,1.0000,-0.0009,-0.0005,0.0008,0.9824,-0.1866,0.0007,0.1866,0.9824),
      ["RightHand"] = CFrame.new(0.0000,-0.0001,0.0000,0.9992,0.0250,0.0328,-0.0407,0.7239,0.6887,-0.0065,-0.6895,0.7243),
      ["Head"] = CFrame.new(0.0000,0.0000,0.0000,0.9982,0.0526,0.0288,-0.0572,0.9793,0.1941,-0.0180,-0.1954,0.9806),
      ["RightUpperLeg"] = CFrame.new(0.0000,0.0000,0.0000,0.9994,-0.0126,-0.0310,0.0023,0.9503,-0.3115,0.0334,0.3112,0.9497),
      ["RightLowerLeg"] = CFrame.new(0.0000,-0.0002,-0.0001,1.0000,-0.0000,0.0000,0.0000,0.6284,0.7779,-0.0000,-0.7779,0.6284),
      ["RightFoot"] = CFrame.new(0.0000,0.0002,0.0000,1.0000,-0.0019,-0.0013,0.0013,0.9361,-0.3517,0.0018,0.3517,0.9361),
      ["LeftUpperLeg"] = CFrame.new(0.0000,0.0000,0.0000,0.9993,-0.0236,-0.0281,0.0016,0.7937,-0.6083,0.0366,0.6078,0.7932),
      ["LeftLowerLeg"] = CFrame.new(0.0000,0.0000,0.0000,1.0000,-0.0000,0.0000,-0.0000,-0.2478,0.9688,0.0000,-0.9688,-0.2478),
      ["LeftFoot"] = CFrame.new(0.0000,0.0000,0.0000,1.0000,-0.0030,-0.0021,0.0033,0.9909,0.1347,0.0016,-0.1347,0.9909),
    }},
    {Time = 0.500, Data = {
      ["HumanoidRootPart"] = CFrame.new(0.0000,0.0000,0.0000,1.0000,0.0000,0.0000,0.0000,1.0000,0.0000,0.0000,0.0000,1.0000),
      ["LowerTorso"] = CFrame.new(0.0008,-0.1415,-0.0133,0.9999,0.0110,0.0022,-0.0102,0.9737,-0.2274,-0.0047,0.2274,0.9738),
      ["UpperTorso"] = CFrame.new(0.0000,0.0000,0.0000,0.9851,-0.1718,0.0068,0.1711,0.9835,0.0597,-0.0169,-0.0576,0.9982),
      ["LeftUpperArm"] = CFrame.new(0.0000,0.0000,0.0000,0.2963,-0.1309,-0.9461,-0.8891,0.3241,-0.3232,0.3489,0.9369,-0.0203),
      ["LeftLowerArm"] = CFrame.new(0.0000,0.0000,0.0000,1.0000,-0.0000,0.0000,0.0000,0.5846,-0.8113,0.0000,0.8113,0.5846),
      ["LeftHand"] = CFrame.new(0.0000,0.0000,0.0000,0.9208,0.1181,-0.3717,-0.2481,0.9128,-0.3245,0.3009,0.3910,0.8698),
      ["RightUpperArm"] = CFrame.new(0.0000,0.0000,0.0000,0.9943,-0.0632,-0.0858,0.0950,0.8906,0.4448,0.0483,-0.4505,0.8915),
      ["RightLowerArm"] = CFrame.new(-0.0005,0.0000,0.0000,1.0000,-0.0009,-0.0005,0.0008,0.9898,-0.1426,0.0007,0.1426,0.9898),
      ["RightHand"] = CFrame.new(0.0000,-0.0001,0.0000,0.9965,0.0646,0.0528,-0.0834,0.7524,0.6534,0.0025,-0.6555,0.7552),
      ["Head"] = CFrame.new(0.0000,0.0000,0.0000,0.9984,0.0516,0.0251,-0.0556,0.9773,0.2044,-0.0140,-0.2054,0.9786),
      ["RightUpperLeg"] = CFrame.new(0.0000,0.0000,0.0000,0.9999,-0.0107,0.0003,0.0105,0.9760,-0.2175,0.0020,0.2175,0.9761),
      ["RightLowerLeg"] = CFrame.new(0.0000,-0.0002,-0.0001,1.0000,-0.0000,0.0000,0.0000,0.6827,0.7307,-0.0000,-0.7307,0.6827),
      ["RightFoot"] = CFrame.new(0.0000,0.0002,0.0000,1.0000,-0.0005,-0.0003,0.0003,0.9321,-0.3621,0.0005,0.3621,0.9321),
      ["LeftUpperLeg"] = CFrame.new(0.0000,0.0000,0.0000,0.9999,-0.0099,0.0043,0.0104,0.7836,-0.6212,0.0028,0.6212,0.7837),
      ["LeftLowerLeg"] = CFrame.new(0.0000,0.0000,0.0000,1.0000,-0.0000,0.0000,-0.0000,-0.2001,0.9798,0.0000,-0.9798,-0.2001),
      ["LeftFoot"] = CFrame.new(0.0000,0.0000,0.0000,1.0000,-0.0007,-0.0005,0.0008,0.9741,0.2260,0.0003,-0.2260,0.9741),
    }},
    {Time = 0.533, Data = {
      ["HumanoidRootPart"] = CFrame.new(0.0000,0.0000,0.0000,1.0000,0.0000,0.0000,0.0000,1.0000,0.0000,0.0000,0.0000,1.0000),
      ["LowerTorso"] = CFrame.new(-0.0018,-0.1066,-0.0176,0.9994,0.0170,-0.0299,-0.0238,0.9701,-0.2414,0.0249,0.2420,0.9700),
      ["UpperTorso"] = CFrame.new(0.0000,0.0000,0.0000,0.9877,-0.1505,0.0433,0.1477,0.9871,0.0622,-0.0521,-0.0550,0.9971),
      ["LeftUpperArm"] = CFrame.new(0.0000,0.0000,0.0000,0.2828,-0.1298,-0.9503,-0.8917,0.3294,-0.3104,0.3534,0.9352,-0.0226),
      ["LeftLowerArm"] = CFrame.new(0.0000,0.0000,0.0000,1.0000,-0.0000,0.0000,0.0000,0.5852,-0.8109,0.0000,0.8109,0.5852),
      ["LeftHand"] = CFrame.new(0.0000,0.0000,0.0000,0.9174,0.1326,-0.3753,-0.2562,0.9183,-0.3017,0.3047,0.3730,0.8764),
      ["RightUpperArm"] = CFrame.new(0.0000,0.0000,0.0000,0.9963,-0.0777,-0.0357,0.0854,0.9251,0.3700,0.0043,-0.3717,0.9283),
      ["RightLowerArm"] = CFrame.new(-0.0005,0.0000,0.0000,1.0000,-0.0009,-0.0005,0.0008,0.9899,-0.1416,0.0006,0.1416,0.9899),
      ["RightHand"] = CFrame.new(0.0000,-0.0001,0.0000,0.9935,0.0934,0.0656,-0.1140,0.7883,0.6046,0.0048,-0.6082,0.7938),
      ["Head"] = CFrame.new(0.0000,0.0000,0.0000,0.9985,0.0507,0.0213,-0.0541,0.9754,0.2139,-0.0100,-0.2147,0.9766),
      ["RightUpperLeg"] = CFrame.new(0.0000,0.0000,0.0000,0.9994,-0.0150,0.0313,0.0185,0.9933,-0.1141,-0.0294,0.1146,0.9930),
      ["RightLowerLeg"] = CFrame.new(0.0000,-0.0002,-0.0001,1.0000,-0.0000,0.0000,0.0000,0.7440,0.6682,-0.0000,-0.6682,0.7440),
      ["RightFoot"] = CFrame.new(0.0000,0.0002,0.0000,1.0000,0.0013,0.0009,-0.0009,0.9312,-0.3644,-0.0013,0.3644,0.9312),
      ["LeftUpperLeg"] = CFrame.new(0.0000,0.0000,0.0000,0.9994,0.0051,0.0354,0.0181,0.7810,-0.6243,-0.0309,0.6245,0.7804),
      ["LeftLowerLeg"] = CFrame.new(0.0000,0.0000,0.0000,1.0000,-0.0000,0.0000,-0.0000,-0.1367,0.9906,0.0000,-0.9906,-0.1367),
      ["LeftFoot"] = CFrame.new(0.0000,0.0000,0.0000,1.0000,0.0012,0.0008,-0.0014,0.9559,0.2936,-0.0004,-0.2936,0.9559),
    }},
    {Time = 0.567, Data = {
      ["HumanoidRootPart"] = CFrame.new(0.0000,0.0000,0.0000,1.0000,0.0000,0.0000,0.0000,1.0000,0.0000,0.0000,0.0000,1.0000),
      ["LowerTorso"] = CFrame.new(-0.0042,-0.0732,-0.0217,0.9978,0.0224,-0.0618,-0.0375,0.9662,-0.2549,0.0540,0.2567,0.9650),
      ["UpperTorso"] = CFrame.new(0.0000,0.0000,0.0000,0.9887,-0.1272,0.0794,0.1223,0.9905,0.0636,-0.0868,-0.0532,0.9948),
      ["LeftUpperArm"] = CFrame.new(0.0000,0.0000,0.0000,0.2695,-0.1282,-0.9544,-0.8943,0.3343,-0.2974,0.3572,0.9337,-0.0246),
      ["LeftLowerArm"] = CFrame.new(0.0000,0.0000,0.0000,1.0000,-0.0000,0.0000,0.0000,0.5846,-0.8113,0.0000,0.8113,0.5846),
      ["LeftHand"] = CFrame.new(0.0000,0.0000,0.0000,0.9143,0.1463,-0.3776,-0.2628,0.9238,-0.2784,0.3082,0.3538,0.8831),
      ["RightUpperArm"] = CFrame.new(0.0000,0.0000,0.0000,0.9955,-0.0917,0.0235,0.0800,0.9475,0.3097,-0.0507,-0.3064,0.9505),
      ["RightLowerArm"] = CFrame.new(-0.0005,0.0000,0.0000,1.0000,-0.0009,-0.0005,0.0008,0.9853,-0.1711,0.0006,0.1711,0.9853),
      ["RightHand"] = CFrame.new(0.0000,-0.0001,0.0000,0.9916,0.1109,0.0672,-0.1296,0.8343,0.5359,0.0034,-0.5400,0.8416),
      ["Head"] = CFrame.new(0.0000,0.0000,0.0000,0.9986,0.0499,0.0175,-0.0525,0.9735,0.2227,-0.0059,-0.2233,0.9747),
      ["RightUpperLeg"] = CFrame.new(0.0000,0.0000,0.0000,0.9978,-0.0261,0.0606,0.0263,0.9997,-0.0025,-0.0605,0.0041,0.9982),
      ["RightLowerLeg"] = CFrame.new(0.0000,-0.0002,-0.0001,1.0000,-0.0000,0.0000,0.0000,0.8093,0.5874,-0.0000,-0.5874,0.8093),
      ["RightFoot"] = CFrame.new(0.0000,0.0002,0.0000,1.0000,0.0034,0.0023,-0.0023,0.9339,-0.3576,-0.0034,0.3576,0.9339),
      ["LeftUpperLeg"] = CFrame.new(0.0000,0.0000,0.0000,0.9977,0.0200,0.0654,0.0247,0.7860,-0.6177,-0.0638,0.6179,0.7837),
      ["LeftLowerLeg"] = CFrame.new(0.0000,0.0000,0.0000,1.0000,-0.0000,0.0000,-0.0000,-0.0583,0.9983,0.0000,-0.9983,-0.0583),
      ["LeftFoot"] = CFrame.new(0.0000,0.0000,0.0000,1.0000,0.0025,0.0017,-0.0029,0.9408,0.3390,-0.0007,-0.3390,0.9408),
    }},
    {Time = 0.600, Data = {
      ["HumanoidRootPart"] = CFrame.new(0.0000,0.0000,0.0000,1.0000,0.0000,0.0000,0.0000,1.0000,0.0000,0.0000,0.0000,1.0000),
      ["LowerTorso"] = CFrame.new(-0.0065,-0.0423,-0.0254,0.9953,0.0272,-0.0932,-0.0513,0.9622,-0.2674,0.0824,0.2710,0.9591),
      ["UpperTorso"] = CFrame.new(0.0000,0.0000,0.0000,0.9881,-0.1021,0.1148,0.0952,0.9934,0.0638,-0.1205,-0.0521,0.9913),
      ["LeftUpperArm"] = CFrame.new(0.0000,0.0000,0.0000,0.2563,-0.1262,-0.9583,-0.8969,0.3386,-0.2845,0.3604,0.9324,-0.0264),
      ["LeftLowerArm"] = CFrame.new(0.0000,0.0000,0.0000,1.0000,-0.0000,0.0000,0.0000,0.5832,-0.8123,0.0000,0.8123,0.5832),
      ["LeftHand"] = CFrame.new(0.0000,0.0000,0.0000,0.9117,0.1590,-0.3787,-0.2679,0.9292,-0.2548,0.3114,0.3338,0.8897),
      ["RightUpperArm"] = CFrame.new(0.0000,0.0000,0.0000,0.9897,-0.1083,0.0938,0.0812,0.9635,0.2549,-0.1179,-0.2447,0.9624),
      ["RightLowerArm"] = CFrame.new(-0.0005,0.0000,0.0000,1.0000,-0.0009,-0.0005,0.0008,0.9785,-0.2062,0.0007,0.2062,0.9785),
      ["RightHand"] = CFrame.new(0.0000,-0.0001,0.0000,0.9918,0.1147,0.0561,-0.1276,0.8901,0.4376,0.0002,-0.4412,0.8974),
      ["Head"] = CFrame.new(0.0000,0.0000,0.0000,0.9987,0.0492,0.0136,-0.0510,0.9717,0.2307,-0.0018,-0.2311,0.9729),
      ["RightUpperLeg"] = CFrame.new(0.0000,0.0000,0.0000,0.9953,-0.0440,0.0865,0.0337,0.9926,0.1169,-0.0910,-0.1134,0.9894),
      ["RightLowerLeg"] = CFrame.new(0.0000,-0.0002,-0.0001,1.0000,-0.0000,0.0000,0.0000,0.8757,0.4829,-0.0000,-0.4829,0.8757),
      ["RightFoot"] = CFrame.new(0.0000,0.0002,0.0000,1.0000,0.0057,0.0039,-0.0040,0.9405,-0.3398,-0.0056,0.3398,0.9405),
      ["LeftUpperLeg"] = CFrame.new(0.0000,0.0000,0.0000,0.9950,0.0335,0.0943,0.0301,0.7981,-0.6017,-0.0955,0.6016,0.7931),
      ["LeftLowerLeg"] = CFrame.new(0.0000,0.0000,0.0000,1.0000,-0.0000,0.0000,0.0000,0.0338,0.9994,-0.0000,-0.9994,0.0338),
      ["LeftFoot"] = CFrame.new(0.0000,0.0000,0.0000,1.0000,0.0031,0.0021,-0.0036,0.9310,0.3651,-0.0008,-0.3651,0.9310),
    }},
    {Time = 0.633, Data = {
      ["HumanoidRootPart"] = CFrame.new(0.0000,0.0000,0.0000,1.0000,0.0000,0.0000,0.0000,1.0000,0.0000,0.0000,0.0000,1.0000),
      ["LowerTorso"] = CFrame.new(-0.0085,-0.0153,-0.0287,0.9918,0.0314,-0.1236,-0.0650,0.9582,-0.2785,0.1097,0.2843,0.9524),
      ["UpperTorso"] = CFrame.new(0.0000,0.0000,0.0000,0.9860,-0.0756,0.1489,0.0669,0.9958,0.0628,-0.1530,-0.0519,0.9869),
      ["LeftUpperArm"] = CFrame.new(0.0000,0.0000,0.0000,0.2435,-0.1240,-0.9620,-0.8994,0.3425,-0.2718,0.3631,0.9313,-0.0281),
      ["LeftLowerArm"] = CFrame.new(0.0000,0.0000,0.0000,1.0000,-0.0000,0.0000,0.0000,0.5810,-0.8139,0.0000,0.8139,0.5810),
      ["LeftHand"] = CFrame.new(0.0000,0.0000,0.0000,0.9096,0.1707,-0.3788,-0.2717,0.9342,-0.2313,0.3144,0.3133,0.8961),
      ["RightUpperArm"] = CFrame.new(0.0000,0.0000,0.0000,0.9772,-0.1277,0.1699,0.0923,0.9750,0.2023,-0.1915,-0.1820,0.9645),
      ["RightLowerArm"] = CFrame.new(-0.0005,0.0000,0.0000,1.0000,-0.0009,-0.0005,0.0008,0.9709,-0.2397,0.0007,0.2397,0.9709),
      ["RightHand"] = CFrame.new(0.0000,-0.0001,0.0000,0.9943,0.0992,0.0386,-0.1063,0.9439,0.3126,-0.0054,-0.3149,0.9491),
      ["Head"] = CFrame.new(0.0000,0.0000,0.0000,0.9988,0.0486,0.0097,-0.0495,0.9700,0.2380,0.0022,-0.2382,0.9712),
      ["RightUpperLeg"] = CFrame.new(0.0000,0.0000,0.0000,0.9919,-0.0691,0.1068,0.0408,0.9681,0.2471,-0.1205,-0.2407,0.9631),
      ["RightLowerLeg"] = CFrame.new(0.0000,-0.0002,-0.0001,1.0000,-0.0000,0.0000,0.0000,0.9396,0.3423,-0.0000,-0.3423,0.9396),
      ["RightFoot"] = CFrame.new(0.0000,0.0002,0.0000,1.0000,0.0082,0.0056,-0.0061,0.9520,-0.3060,-0.0079,0.3059,0.9520),
      ["LeftUpperLeg"] = CFrame.new(0.0000,0.0000,0.0000,0.9915,0.0445,0.1224,0.0344,0.8168,-0.5760,-0.1256,0.5753,0.8083),
      ["LeftLowerLeg"] = CFrame.new(0.0000,0.0000,0.0000,1.0000,-0.0000,0.0000,0.0000,0.1396,0.9902,-0.0000,-0.9902,0.1396),
      ["LeftFoot"] = CFrame.new(0.0000,0.0000,0.0000,1.0000,0.0031,0.0021,-0.0036,0.9269,0.3753,-0.0008,-0.3753,0.9269),
    }},
    {Time = 0.667, Data = {
      ["HumanoidRootPart"] = CFrame.new(0.0000,0.0000,0.0000,1.0000,0.0000,0.0000,0.0000,1.0000,0.0000,0.0000,0.0000,1.0000),
      ["LowerTorso"] = CFrame.new(-0.0101,0.0065,-0.0312,0.9877,0.0350,-0.1527,-0.0783,0.9545,-0.2878,0.1357,0.2962,0.9454),
      ["UpperTorso"] = CFrame.new(0.0000,0.0000,0.0000,0.9822,-0.0482,0.1814,0.0378,0.9974,0.0606,-0.1839,-0.0527,0.9815),
      ["LeftUpperArm"] = CFrame.new(0.0000,0.0000,0.0000,0.2311,-0.1217,-0.9653,-0.9017,0.3459,-0.2594,0.3654,0.9304,-0.0298),
      ["LeftLowerArm"] = CFrame.new(0.0000,0.0000,0.0000,1.0000,-0.0000,0.0000,0.0000,0.5784,-0.8158,0.0000,0.8158,0.5784),
      ["LeftHand"] = CFrame.new(0.0000,0.0000,0.0000,0.9079,0.1815,-0.3779,-0.2743,0.9388,-0.2082,0.3170,0.2927,0.9021),
      ["RightUpperArm"] = CFrame.new(0.0000,0.0000,0.0000,0.9585,-0.1490,0.2431,0.1143,0.9819,0.1512,-0.2612,-0.1171,0.9581),
      ["RightLowerArm"] = CFrame.new(-0.0005,0.0000,0.0000,1.0000,-0.0009,-0.0005,0.0007,0.9619,-0.2734,0.0007,0.2734,0.9619),
      ["RightHand"] = CFrame.new(0.0000,-0.0001,0.0000,0.9976,0.0638,0.0262,-0.0675,0.9822,0.1753,-0.0146,-0.1766,0.9842),
      ["Head"] = CFrame.new(0.0000,0.0000,0.0000,0.9988,0.0482,0.0057,-0.0481,0.9684,0.2446,0.0062,-0.2445,0.9696),
      ["RightUpperLeg"] = CFrame.new(0.0000,0.0000,0.0000,0.9877,-0.1063,0.1145,0.0475,0.9026,0.4279,-0.1488,-0.4172,0.8965),
      ["RightLowerLeg"] = CFrame.new(0.0000,-0.0002,-0.0001,1.0000,-0.0000,0.0000,0.0000,0.9973,0.0738,-0.0000,-0.0738,0.9973),
      ["RightFoot"] = CFrame.new(0.0000,0.0002,0.0000,0.9999,0.0108,0.0074,-0.0090,0.9767,-0.2143,-0.0095,0.2142,0.9767),
      ["LeftUpperLeg"] = CFrame.new(0.0000,0.0000,0.0000,0.9873,0.0521,0.1499,0.0377,0.8407,-0.5402,-0.1542,0.5390,0.8280),
      ["LeftLowerLeg"] = CFrame.new(0.0000,0.0000,0.0000,1.0000,-0.0000,0.0000,0.0000,0.2580,0.9661,-0.0000,-0.9661,0.2580),
      ["LeftFoot"] = CFrame.new(0.0000,0.0000,0.0000,1.0000,0.0025,0.0017,-0.0030,0.9276,0.3735,-0.0007,-0.3735,0.9276),
    }},
    {Time = 0.700, Data = {
      ["HumanoidRootPart"] = CFrame.new(0.0000,0.0000,0.0000,1.0000,0.0000,0.0000,0.0000,1.0000,0.0000,0.0000,0.0000,1.0000),
      ["LowerTorso"] = CFrame.new(-0.0112,0.0221,-0.0330,0.9829,0.0383,-0.1802,-0.0911,0.9512,-0.2948,0.1601,0.3061,0.9384),
      ["UpperTorso"] = CFrame.new(0.0000,0.0000,0.0000,0.9771,-0.0203,0.2119,0.0083,0.9983,0.0573,-0.2127,-0.0543,0.9756),
      ["LeftUpperArm"] = CFrame.new(0.0000,0.0000,0.0000,0.2193,-0.1194,-0.9683,-0.9039,0.3488,-0.2477,0.3673,0.9296,-0.0314),
      ["LeftLowerArm"] = CFrame.new(0.0000,0.0000,0.0000,1.0000,-0.0000,0.0000,0.0000,0.5755,-0.8178,0.0000,0.8178,0.5755),
      ["LeftHand"] = CFrame.new(0.0000,0.0000,0.0000,0.9066,0.1911,-0.3763,-0.2760,0.9430,-0.1861,0.3193,0.2725,0.9076),
      ["RightUpperArm"] = CFrame.new(0.0000,0.0000,0.0000,0.9367,-0.1709,0.3057,0.1459,0.9839,0.1029,-0.3184,-0.0517,0.9465),
      ["RightLowerArm"] = CFrame.new(-0.0005,0.0000,0.0000,1.0000,-0.0009,-0.0004,0.0007,0.9498,-0.3130,0.0007,0.3130,0.9498),
      ["RightHand"] = CFrame.new(0.0000,-0.0001,0.0000,0.9995,0.0158,0.0289,-0.0171,0.9988,0.0463,-0.0281,-0.0468,0.9985),
      ["Head"] = CFrame.new(0.0000,0.0000,0.0000,0.9989,0.0478,0.0019,-0.0467,0.9670,0.2504,0.0102,-0.2502,0.9681),
      ["RightUpperLeg"] = CFrame.new(0.0000,0.0000,0.0000,0.9830,-0.1339,0.1256,0.0539,0.8645,0.4997,-0.1755,-0.4845,0.8570),
      ["RightLowerLeg"] = CFrame.new(0.0000,-0.0002,-0.0001,1.0000,-0.0000,0.0000,0.0000,1.0000,0.0004,-0.0000,-0.0004,1.0000),
      ["RightFoot"] = CFrame.new(0.0000,0.0002,0.0000,0.9999,0.0134,0.0092,-0.0112,0.9772,-0.2118,-0.0118,0.2117,0.9773),
      ["LeftUpperLeg"] = CFrame.new(0.0000,0.0000,0.0000,0.9827,0.0553,0.1769,0.0400,0.8685,-0.4941,-0.1810,0.4926,0.8512),
      ["LeftLowerLeg"] = CFrame.new(0.0000,0.0000,0.0000,1.0000,-0.0000,0.0000,0.0000,0.3880,0.9217,-0.0000,-0.9217,0.3880),
      ["LeftFoot"] = CFrame.new(0.0000,0.0000,0.0000,1.0000,0.0016,0.0011,-0.0019,0.9311,0.3647,-0.0004,-0.3647,0.9311),
    }},
    {Time = 0.733, Data = {
      ["HumanoidRootPart"] = CFrame.new(0.0000,0.0000,0.0000,1.0000,0.0000,0.0000,0.0000,1.0000,0.0000,0.0000,0.0000,1.0000),
      ["LowerTorso"] = CFrame.new(-0.0118,0.0300,-0.0338,0.9777,0.0413,-0.2058,-0.1030,0.9486,-0.2991,0.1829,0.3137,0.9318),
      ["UpperTorso"] = CFrame.new(0.0000,0.0000,0.0000,0.9707,0.0078,0.2401,-0.0212,0.9984,0.0531,-0.2393,-0.0566,0.9693),
      ["LeftUpperArm"] = CFrame.new(0.0000,0.0000,0.0000,0.2082,-0.1173,-0.9710,-0.9059,0.3512,-0.2367,0.3688,0.9289,-0.0331),
      ["LeftLowerArm"] = CFrame.new(0.0000,0.0000,0.0000,1.0000,-0.0000,0.0000,0.0000,0.5726,-0.8199,0.0000,0.8199,0.5726),
      ["LeftHand"] = CFrame.new(0.0000,0.0000,0.0000,0.9056,0.1997,-0.3741,-0.2769,0.9466,-0.1651,0.3212,0.2531,0.9126),
      ["RightUpperArm"] = CFrame.new(0.0000,0.0000,0.0000,0.9151,-0.1928,0.3541,0.1838,0.9812,0.0592,-0.3589,0.0109,0.9333),
      ["RightLowerArm"] = CFrame.new(-0.0005,0.0000,0.0000,1.0000,-0.0009,-0.0004,0.0007,0.9312,-0.3645,0.0007,0.3645,0.9312),
      ["RightHand"] = CFrame.new(0.0000,-0.0001,0.0000,0.9983,-0.0331,0.0490,0.0358,0.9978,-0.0556,-0.0470,0.0573,0.9973),
      ["Head"] = CFrame.new(0.0000,0.0000,0.0000,0.9989,0.0475,-0.0020,-0.0454,0.9657,0.2556,0.0140,-0.2552,0.9668),
      ["RightUpperLeg"] = CFrame.new(0.0000,0.0000,0.0000,0.9779,-0.1565,0.1387,0.0598,0.8447,0.5318,-0.2004,-0.5118,0.8354),
      ["RightLowerLeg"] = CFrame.new(0.0000,-0.0002,-0.0001,1.0000,-0.0000,0.0000,0.0000,1.0000,0.0004,-0.0000,-0.0004,1.0000),
      ["RightFoot"] = CFrame.new(0.0000,0.0002,0.0000,0.9998,0.0159,0.0109,-0.0128,0.9705,-0.2409,-0.0144,0.2407,0.9705),
      ["LeftUpperLeg"] = CFrame.new(0.0000,0.0000,0.0000,0.9777,0.0536,0.2032,0.0417,0.8983,-0.4374,-0.2059,0.4361,0.8760),
      ["LeftLowerLeg"] = CFrame.new(0.0000,0.0000,0.0000,1.0000,-0.0000,0.0000,0.0000,0.5263,0.8503,-0.0000,-0.8503,0.5263),
      ["LeftFoot"] = CFrame.new(0.0000,0.0000,0.0000,1.0000,0.0003,0.0002,-0.0004,0.9350,0.3546,-0.0001,-0.3546,0.9350),
    }},
    {Time = 0.767, Data = {
      ["HumanoidRootPart"] = CFrame.new(0.0000,0.0000,0.0000,1.0000,0.0000,0.0000,0.0000,1.0000,0.0000,0.0000,0.0000,1.0000),
      ["LowerTorso"] = CFrame.new(-0.0116,0.0292,-0.0335,0.9724,0.0442,-0.2292,-0.1139,0.9470,-0.3005,0.2038,0.3183,0.9258),
      ["UpperTorso"] = CFrame.new(0.0000,0.0000,0.0000,0.9634,0.0357,0.2656,-0.0502,0.9976,0.0482,-0.2632,-0.0597,0.9629),
      ["LeftUpperArm"] = CFrame.new(0.0000,0.0000,0.0000,0.1980,-0.1155,-0.9734,-0.9077,0.3533,-0.2265,0.3700,0.9284,-0.0349),
      ["LeftLowerArm"] = CFrame.new(0.0000,0.0000,0.0000,1.0000,-0.0000,0.0000,0.0000,0.5699,-0.8217,0.0000,0.8217,0.5699),
      ["LeftHand"] = CFrame.new(0.0000,0.0000,0.0000,0.9050,0.2071,-0.3715,-0.2772,0.9497,-0.1457,0.3227,0.2349,0.9169),
      ["RightUpperArm"] = CFrame.new(0.0000,0.0000,0.0000,0.8958,-0.2154,0.3888,0.2247,0.9742,0.0220,-0.3834,0.0677,0.9211),
      ["RightLowerArm"] = CFrame.new(-0.0005,0.0000,0.0000,1.0000,-0.0009,-0.0003,0.0007,0.9022,-0.4313,0.0007,0.4313,0.9022),
      ["RightHand"] = CFrame.new(0.0000,-0.0001,0.0000,0.9940,-0.0731,0.0813,0.0826,0.9893,-0.1205,-0.0716,0.1265,0.9894),
      ["Head"] = CFrame.new(0.0000,0.0000,0.0000,0.9989,0.0472,-0.0057,-0.0441,0.9646,0.2600,0.0178,-0.2595,0.9656),
      ["RightUpperLeg"] = CFrame.new(0.0000,0.0000,0.0000,0.9726,-0.1780,0.1495,0.0653,0.8266,0.5589,-0.2231,-0.5339,0.8156),
      ["RightLowerLeg"] = CFrame.new(0.0000,-0.0002,-0.0001,1.0000,-0.0000,0.0000,0.0000,1.0000,0.0004,-0.0000,-0.0004,1.0000),
      ["RightFoot"] = CFrame.new(0.0000,0.0002,0.0000,0.9998,0.0182,0.0124,-0.0142,0.9634,-0.2678,-0.0169,0.2676,0.9634),
      ["LeftUpperLeg"] = CFrame.new(0.0000,0.0000,0.0000,0.9725,0.0461,0.2283,0.0428,0.9281,-0.3698,-0.2289,0.3694,0.9006),
      ["LeftLowerLeg"] = CFrame.new(0.0000,0.0000,0.0000,1.0000,-0.0000,0.0000,0.0000,0.6676,0.7445,-0.0000,-0.7445,0.6676),
      ["LeftFoot"] = CFrame.new(0.0000,0.0000,0.0000,1.0000,-0.0012,-0.0008,0.0014,0.9368,0.3499,0.0003,-0.3499,0.9368),
    }},
    {Time = 0.800, Data = {
      ["HumanoidRootPart"] = CFrame.new(0.0000,0.0000,0.0000,1.0000,0.0000,0.0000,0.0000,1.0000,0.0000,0.0000,0.0000,1.0000),
      ["LowerTorso"] = CFrame.new(-0.0108,0.0197,-0.0321,0.9670,0.0470,-0.2502,-0.1234,0.9463,-0.2989,0.2227,0.3199,0.9209),
      ["UpperTorso"] = CFrame.new(0.0000,0.0000,0.0000,0.9555,0.0629,0.2882,-0.0785,0.9960,0.0426,-0.2843,-0.0634,0.9566),
      ["LeftUpperArm"] = CFrame.new(0.0000,0.0000,0.0000,0.1887,-0.1142,-0.9754,-0.9093,0.3549,-0.2174,0.3710,0.9279,-0.0369),
      ["LeftLowerArm"] = CFrame.new(0.0000,0.0000,0.0000,1.0000,-0.0000,0.0000,0.0000,0.5677,-0.8232,0.0000,0.8232,0.5677),
      ["LeftHand"] = CFrame.new(0.0000,0.0000,0.0000,0.9047,0.2135,-0.3687,-0.2770,0.9523,-0.1283,0.3237,0.2182,0.9207),
      ["RightUpperArm"] = CFrame.new(0.0000,0.0000,0.0000,0.8786,-0.2370,0.4147,0.2665,0.9637,-0.0138,-0.3964,0.1226,0.9099),
      ["RightLowerArm"] = CFrame.new(-0.0005,0.0000,0.0000,1.0000,-0.0009,-0.0002,0.0007,0.8657,-0.5005,0.0007,0.5005,0.8657),
      ["RightHand"] = CFrame.new(0.0000,-0.0001,0.0000,0.9880,-0.1012,0.1168,0.1189,0.9806,-0.1561,-0.0987,0.1681,0.9808),
      ["Head"] = CFrame.new(0.0000,0.0000,0.0000,0.9988,0.0471,-0.0094,-0.0429,0.9636,0.2638,0.0215,-0.2631,0.9645),
      ["RightUpperLeg"] = CFrame.new(0.0000,0.0000,0.0000,0.9673,-0.1978,0.1585,0.0705,0.8106,0.5813,-0.2435,-0.5511,0.7981),
      ["RightLowerLeg"] = CFrame.new(0.0000,-0.0002,-0.0001,1.0000,-0.0000,0.0000,0.0000,1.0000,0.0004,-0.0000,-0.0004,1.0000),
      ["RightFoot"] = CFrame.new(0.0000,0.0002,0.0000,0.9997,0.0202,0.0138,-0.0152,0.9561,-0.2926,-0.0191,0.2923,0.9561),
      ["LeftUpperLeg"] = CFrame.new(0.0000,0.0000,0.0000,0.9673,0.0314,0.2517,0.0436,0.9569,-0.2870,-0.2499,0.2886,0.9243),
      ["LeftLowerLeg"] = CFrame.new(0.0000,0.0000,0.0000,1.0000,-0.0000,0.0000,0.0000,0.8062,0.5916,-0.0000,-0.5916,0.8062),
      ["LeftFoot"] = CFrame.new(0.0000,0.0000,0.0000,1.0000,-0.0028,-0.0019,0.0033,0.9331,0.3596,0.0008,-0.3596,0.9331),
    }},
    {Time = 0.833, Data = {
      ["HumanoidRootPart"] = CFrame.new(0.0000,0.0000,0.0000,1.0000,0.0000,0.0000,0.0000,1.0000,0.0000,0.0000,0.0000,1.0000),
      ["LowerTorso"] = CFrame.new(-0.0095,0.0026,-0.0298,0.9620,0.0499,-0.2685,-0.1314,0.9465,-0.2947,0.2395,0.3187,0.9171),
      ["UpperTorso"] = CFrame.new(0.0000,0.0000,0.0000,0.9473,0.0892,0.3076,-0.1056,0.9937,0.0368,-0.3024,-0.0674,0.9508),
      ["LeftUpperArm"] = CFrame.new(0.0000,0.0000,0.0000,0.1804,-0.1135,-0.9770,-0.9106,0.3562,-0.2095,0.3718,0.9275,-0.0391),
      ["LeftLowerArm"] = CFrame.new(0.0000,0.0000,0.0000,1.0000,-0.0000,0.0000,0.0000,0.5662,-0.8243,0.0000,0.8243,0.5662),
      ["LeftHand"] = CFrame.new(0.0000,0.0000,0.0000,0.9046,0.2188,-0.3658,-0.2766,0.9543,-0.1133,0.3242,0.2036,0.9238),
      ["RightUpperArm"] = CFrame.new(0.0000,0.0000,0.0000,0.8623,-0.2555,0.4372,0.3085,0.9497,-0.0535,-0.4016,0.1810,0.8978),
      ["RightLowerArm"] = CFrame.new(-0.0005,0.0000,0.0000,1.0000,-0.0009,-0.0002,0.0007,0.8302,-0.5575,0.0007,0.5575,0.8302),
      ["RightHand"] = CFrame.new(0.0000,-0.0001,0.0000,0.9817,-0.1195,0.1484,0.1452,0.9735,-0.1767,-0.1234,0.1950,0.9730),
      ["Head"] = CFrame.new(0.0000,0.0000,0.0000,0.9988,0.0470,-0.0130,-0.0418,0.9628,0.2668,0.0250,-0.2660,0.9637),
      ["RightUpperLeg"] = CFrame.new(0.0000,0.0000,0.0000,0.9624,-0.2154,0.1657,0.0753,0.7971,0.5991,-0.2612,-0.5640,0.7834),
      ["RightLowerLeg"] = CFrame.new(0.0000,-0.0002,-0.0001,1.0000,-0.0000,0.0000,0.0000,1.0000,0.0004,-0.0000,-0.0004,1.0000),
      ["RightFoot"] = CFrame.new(0.0000,0.0002,0.0000,0.9997,0.0218,0.0149,-0.0160,0.9489,-0.3152,-0.0210,0.3149,0.9489),
      ["LeftUpperLeg"] = CFrame.new(0.0000,0.0000,0.0000,0.9622,0.0035,0.2722,0.0444,0.9845,-0.1695,-0.2686,0.1752,0.9472),
      ["LeftLowerLeg"] = CFrame.new(0.0000,0.0000,0.0000,1.0000,-0.0000,0.0000,0.0000,0.9360,0.3520,-0.0000,-0.3520,0.9360),
      ["LeftFoot"] = CFrame.new(0.0000,0.0000,0.0000,1.0000,-0.0046,-0.0031,0.0055,0.9148,0.4038,0.0010,-0.4038,0.9149),
    }},
    {Time = 0.867, Data = {
      ["HumanoidRootPart"] = CFrame.new(0.0000,0.0000,0.0000,1.0000,0.0000,0.0000,0.0000,1.0000,0.0000,0.0000,0.0000,1.0000),
      ["LowerTorso"] = CFrame.new(-0.0078,-0.0206,-0.0267,0.9574,0.0527,-0.2839,-0.1376,0.9477,-0.2881,0.2539,0.3149,0.9145),
      ["UpperTorso"] = CFrame.new(0.0000,0.0000,0.0000,0.9392,0.1143,0.3237,-0.1312,0.9909,0.0310,-0.3172,-0.0716,0.9457),
      ["LeftUpperArm"] = CFrame.new(0.0000,0.0000,0.0000,0.1733,-0.1134,-0.9783,-0.9118,0.3571,-0.2029,0.3723,0.9272,-0.0415),
      ["LeftLowerArm"] = CFrame.new(0.0000,0.0000,0.0000,1.0000,-0.0000,0.0000,0.0000,0.5656,-0.8247,0.0000,0.8247,0.5656),
      ["LeftHand"] = CFrame.new(0.0000,0.0000,0.0000,0.9047,0.2231,-0.3629,-0.2762,0.9558,-0.1009,0.3243,0.1915,0.9264),
      ["RightUpperArm"] = CFrame.new(0.0000,0.0000,0.0000,0.8468,-0.2697,0.4585,0.3497,0.9317,-0.0979,-0.4008,0.2432,0.8833),
      ["RightLowerArm"] = CFrame.new(-0.0005,0.0000,0.0000,1.0000,-0.0009,-0.0001,0.0007,0.8016,-0.5979,0.0007,0.5979,0.8016),
      ["RightHand"] = CFrame.new(0.0000,-0.0001,0.0000,0.9762,-0.1306,0.1734,0.1635,0.9678,-0.1915,-0.1428,0.2153,0.9660),
      ["Head"] = CFrame.new(0.0000,0.0000,0.0000,0.9988,0.0470,-0.0164,-0.0408,0.9622,0.2692,0.0284,-0.2682,0.9629),
      ["RightUpperLeg"] = CFrame.new(0.0000,0.0000,0.0000,0.9579,-0.2305,0.1715,0.0795,0.7864,0.6125,-0.2760,-0.5731,0.7716),
      ["RightLowerLeg"] = CFrame.new(0.0000,-0.0002,-0.0001,1.0000,-0.0000,0.0000,0.0000,1.0000,0.0004,-0.0000,-0.0004,1.0000),
      ["RightFoot"] = CFrame.new(0.0000,0.0002,0.0000,0.9996,0.0231,0.0158,-0.0165,0.9419,-0.3354,-0.0226,0.3350,0.9420),
      ["LeftUpperLeg"] = CFrame.new(0.0000,0.0000,0.0000,0.9576,-0.0415,0.2853,0.0451,0.9990,-0.0061,-0.2847,0.0187,0.9584),
      ["LeftLowerLeg"] = CFrame.new(0.0000,0.0000,0.0000,1.0000,-0.0000,0.0000,0.0000,1.0000,0.0005,-0.0000,-0.0005,1.0000),
      ["LeftFoot"] = CFrame.new(0.0000,0.0000,0.0000,1.0000,-0.0063,-0.0043,0.0077,0.8706,0.4919,0.0007,-0.4919,0.8707),
    }},
    {Time = 0.900, Data = {
      ["HumanoidRootPart"] = CFrame.new(0.0000,0.0000,0.0000,1.0000,0.0000,0.0000,0.0000,1.0000,0.0000,0.0000,0.0000,1.0000),
      ["LowerTorso"] = CFrame.new(-0.0058,-0.0487,-0.0228,0.9535,0.0554,-0.2962,-0.1420,0.9496,-0.2796,0.2658,0.3086,0.9133),
      ["UpperTorso"] = CFrame.new(0.0000,0.0000,0.0000,0.9317,0.1378,0.3362,-0.1552,0.9876,0.0253,-0.3285,-0.0758,0.9415),
      ["LeftUpperArm"] = CFrame.new(0.0000,0.0000,0.0000,0.1674,-0.1142,-0.9792,-0.9127,0.3576,-0.1978,0.3728,0.9269,-0.0444),
      ["LeftLowerArm"] = CFrame.new(0.0000,0.0000,0.0000,1.0000,-0.0000,0.0000,0.0000,0.5662,-0.8242,0.0000,0.8242,0.5662),
      ["LeftHand"] = CFrame.new(0.0000,0.0000,0.0000,0.9050,0.2265,-0.3602,-0.2759,0.9568,-0.0917,0.3239,0.1823,0.9284),
      ["RightUpperArm"] = CFrame.new(0.0000,0.0000,0.0000,0.8326,-0.2792,0.4784,0.3885,0.9100,-0.1449,-0.3949,0.3065,0.8661),
      ["RightLowerArm"] = CFrame.new(-0.0005,0.0000,0.0000,1.0000,-0.0009,-0.0001,0.0007,0.7828,-0.6223,0.0007,0.6223,0.7828),
      ["RightHand"] = CFrame.new(0.0000,-0.0001,0.0000,0.9718,-0.1371,0.1916,0.1765,0.9624,-0.2065,-0.1561,0.2345,0.9595),
      ["Head"] = CFrame.new(0.0000,0.0000,0.0000,0.9987,0.0470,-0.0196,-0.0399,0.9618,0.2710,0.0316,-0.2698,0.9624),
      ["RightUpperLeg"] = CFrame.new(0.0000,0.0000,0.0000,0.9541,-0.2260,0.1967,0.0832,0.8306,0.5507,-0.2878,-0.5090,0.8112),
      ["RightLowerLeg"] = CFrame.new(0.0000,-0.0002,-0.0001,1.0000,-0.0000,0.0000,0.0000,0.9861,0.1661,-0.0000,-0.1661,0.9861),
      ["RightFoot"] = CFrame.new(0.0000,0.0002,0.0000,0.9996,0.0240,0.0164,-0.0147,0.9052,-0.4248,-0.0250,0.4244,0.9051),
      ["LeftUpperLeg"] = CFrame.new(0.0000,0.0000,0.0000,0.9535,-0.0338,0.2996,0.0458,0.9984,-0.0331,-0.2980,0.0453,0.9535),
      ["LeftLowerLeg"] = CFrame.new(0.0000,0.0000,0.0000,1.0000,-0.0000,0.0000,0.0000,1.0000,0.0005,-0.0000,-0.0005,1.0000),
      ["LeftFoot"] = CFrame.new(0.0000,0.0000,0.0000,1.0000,-0.0081,-0.0055,0.0097,0.8972,0.4415,0.0014,-0.4416,0.8972),
    }},
    {Time = 0.933, Data = {
      ["HumanoidRootPart"] = CFrame.new(0.0000,0.0000,0.0000,1.0000,0.0000,0.0000,0.0000,1.0000,0.0000,0.0000,0.0000,1.0000),
      ["LowerTorso"] = CFrame.new(-0.0038,-0.0804,-0.0185,0.9505,0.0578,-0.3052,-0.1444,0.9522,-0.2693,0.2751,0.3001,0.9134),
      ["UpperTorso"] = CFrame.new(0.0000,0.0000,0.0000,0.9250,0.1595,0.3450,-0.1772,0.9840,0.0202,-0.3362,-0.0798,0.9384),
      ["LeftUpperArm"] = CFrame.new(0.0000,0.0000,0.0000,0.1629,-0.1159,-0.9798,-0.9134,0.3579,-0.1942,0.3732,0.9265,-0.0476),
      ["LeftLowerArm"] = CFrame.new(0.0000,0.0000,0.0000,1.0000,-0.0000,0.0000,0.0000,0.5683,-0.8228,0.0000,0.8228,0.5683),
      ["LeftHand"] = CFrame.new(0.0000,0.0000,0.0000,0.9053,0.2289,-0.3578,-0.2760,0.9573,-0.0858,0.3229,0.1764,0.9299),
      ["RightUpperArm"] = CFrame.new(0.0000,0.0000,0.0000,0.8208,-0.2844,0.4954,0.4224,0.8860,-0.1913,-0.3845,0.3662,0.8474),
      ["RightLowerArm"] = CFrame.new(-0.0005,0.0000,0.0000,1.0000,-0.0009,-0.0001,0.0007,0.7733,-0.6340,0.0007,0.6340,0.7733),
      ["RightHand"] = CFrame.new(0.0000,-0.0001,0.0000,0.9686,-0.1408,0.2048,0.1866,0.9564,-0.2248,-0.1642,0.2560,0.9526),
      ["Head"] = CFrame.new(0.0000,0.0000,0.0000,0.9986,0.0470,-0.0227,-0.0391,0.9615,0.2720,0.0346,-0.2708,0.9620),
      ["RightUpperLeg"] = CFrame.new(0.0000,0.0000,0.0000,0.9512,-0.2098,0.2264,0.0860,0.8845,0.4585,-0.2964,-0.4166,0.8594),
      ["RightLowerLeg"] = CFrame.new(0.0000,-0.0002,-0.0001,1.0000,-0.0000,0.0000,0.0000,0.9283,0.3718,-0.0000,-0.3718,0.9283),
      ["RightFoot"] = CFrame.new(0.0000,0.0002,0.0000,0.9996,0.0244,0.0167,-0.0120,0.8500,-0.5267,-0.0271,0.5262,0.8499),
      ["LeftUpperLeg"] = CFrame.new(0.0000,0.0000,0.0000,0.9502,-0.0255,0.3105,0.0465,0.9971,-0.0602,-0.3081,0.0717,0.9486),
      ["LeftLowerLeg"] = CFrame.new(0.0000,0.0000,0.0000,1.0000,-0.0000,0.0000,0.0000,1.0000,0.0005,-0.0000,-0.0005,1.0000),
      ["LeftFoot"] = CFrame.new(0.0000,0.0000,0.0000,0.9999,-0.0096,-0.0066,0.0115,0.9145,0.4045,0.0021,-0.4046,0.9145),
    }},
    {Time = 0.967, Data = {
      ["HumanoidRootPart"] = CFrame.new(0.0000,0.0000,0.0000,1.0000,0.0000,0.0000,0.0000,1.0000,0.0000,0.0000,0.0000,1.0000),
      ["LowerTorso"] = CFrame.new(-0.0018,-0.1144,-0.0138,0.9486,0.0598,-0.3107,-0.1446,0.9553,-0.2577,0.2814,0.2894,0.9149),
      ["UpperTorso"] = CFrame.new(0.0000,0.0000,0.0000,0.9195,0.1792,0.3499,-0.1970,0.9803,0.0157,-0.3402,-0.0834,0.9367),
      ["LeftUpperArm"] = CFrame.new(0.0000,0.0000,0.0000,0.1597,-0.1187,-0.9800,-0.9138,0.3578,-0.1922,0.3735,0.9262,-0.0513),
      ["LeftLowerArm"] = CFrame.new(0.0000,0.0000,0.0000,1.0000,-0.0000,0.0000,0.0000,0.5721,-0.8202,0.0000,0.8202,0.5721),
      ["LeftHand"] = CFrame.new(0.0000,0.0000,0.0000,0.9057,0.2306,-0.3558,-0.2766,0.9573,-0.0838,0.3213,0.1743,0.9308),
      ["RightUpperArm"] = CFrame.new(0.0000,0.0000,0.0000,0.8131,-0.2858,0.5071,0.4489,0.8625,-0.2336,-0.3706,0.4176,0.8296),
      ["RightLowerArm"] = CFrame.new(-0.0005,0.0000,0.0000,1.0000,-0.0009,-0.0001,0.0007,0.7709,-0.6370,0.0007,0.6370,0.7709),
      ["RightHand"] = CFrame.new(0.0000,-0.0001,0.0000,0.9660,-0.1431,0.2154,0.1959,0.9486,-0.2484,-0.1688,0.2821,0.9444),
      ["Head"] = CFrame.new(0.0000,0.0000,0.0000,0.9986,0.0471,-0.0255,-0.0384,0.9614,0.2725,0.0374,-0.2711,0.9618),
      ["RightUpperLeg"] = CFrame.new(0.0000,0.0000,0.0000,0.9494,-0.1949,0.2464,0.0879,0.9178,0.3872,-0.3016,-0.3459,0.8885),
      ["RightLowerLeg"] = CFrame.new(0.0000,-0.0002,-0.0001,1.0000,-0.0000,0.0000,0.0000,0.8626,0.5058,-0.0000,-0.5058,0.8626),
      ["RightFoot"] = CFrame.new(0.0000,0.0002,0.0000,0.9996,0.0244,0.0167,-0.0097,0.8043,-0.5942,-0.0279,0.5937,0.8042),
      ["LeftUpperLeg"] = CFrame.new(0.0000,0.0000,0.0000,0.9481,-0.0171,0.3176,0.0470,0.9951,-0.0867,-0.3146,0.0971,0.9442),
      ["LeftLowerLeg"] = CFrame.new(0.0000,0.0000,0.0000,1.0000,-0.0000,0.0000,0.0000,1.0000,0.0005,-0.0000,-0.0005,1.0000),
      ["LeftFoot"] = CFrame.new(0.0000,0.0000,0.0000,0.9999,-0.0110,-0.0075,0.0131,0.9233,0.3839,0.0027,-0.3840,0.9233),
    }},
    {Time = 1.000, Data = {
      ["HumanoidRootPart"] = CFrame.new(0.0000,0.0000,0.0000,1.0000,0.0000,0.0000,0.0000,1.0000,0.0000,0.0000,0.0000,1.0000),
      ["LowerTorso"] = CFrame.new(0.0000,-0.1493,-0.0088,0.9480,0.0613,-0.3125,-0.1427,0.9590,-0.2448,0.2846,0.2767,0.9178),
      ["UpperTorso"] = CFrame.new(0.0000,0.0000,0.0000,0.9156,0.1966,0.3507,-0.2144,0.9767,0.0123,-0.3401,-0.0865,0.9364),
      ["LeftUpperArm"] = CFrame.new(0.0000,0.0000,0.0000,0.1580,-0.1227,-0.9798,-0.9140,0.3574,-0.1922,0.3737,0.9259,-0.0557),
      ["LeftLowerArm"] = CFrame.new(0.0000,0.0000,0.0000,1.0000,-0.0000,0.0000,0.0000,0.5778,-0.8162,0.0000,0.8162,0.5778),
      ["LeftHand"] = CFrame.new(0.0000,0.0000,0.0000,0.9061,0.2314,-0.3543,-0.2780,0.9567,-0.0860,0.3190,0.1764,0.9312),
      ["RightUpperArm"] = CFrame.new(0.0000,0.0000,0.0000,0.8112,-0.2848,0.5108,0.4653,0.8433,-0.2688,-0.3542,0.4557,0.8166),
      ["RightLowerArm"] = CFrame.new(-0.0005,0.0000,0.0000,1.0000,-0.0009,-0.0001,0.0007,0.7718,-0.6358,0.0006,0.6358,0.7718),
      ["RightHand"] = CFrame.new(0.0000,-0.0001,0.0000,0.9633,-0.1445,0.2262,0.2060,0.9382,-0.2780,-0.1720,0.3144,0.9336),
      ["Head"] = CFrame.new(0.0000,0.0000,0.0000,0.9985,0.0473,-0.0282,-0.0379,0.9615,0.2722,0.0400,-0.2707,0.9618),
      ["RightUpperLeg"] = CFrame.new(0.0000,0.0000,0.0000,0.9488,-0.1772,0.2615,0.0886,0.9438,0.3184,-0.3032,-0.2789,0.9112),
      ["RightLowerLeg"] = CFrame.new(0.0000,-0.0002,-0.0001,1.0000,-0.0000,0.0000,0.0000,0.7914,0.6113,-0.0000,-0.6113,0.7914),
      ["RightFoot"] = CFrame.new(0.0000,0.0002,0.0000,0.9996,0.0238,0.0163,-0.0076,0.7630,-0.6464,-0.0278,0.6460,0.7628),
      ["LeftUpperLeg"] = CFrame.new(0.0000,0.0000,0.0000,0.9472,-0.0091,0.3205,0.0473,0.9926,-0.1116,-0.3171,0.1209,0.9407),
      ["LeftLowerLeg"] = CFrame.new(0.0000,0.0000,0.0000,1.0000,-0.0000,0.0000,0.0000,1.0000,0.0005,-0.0000,-0.0005,1.0000),
      ["LeftFoot"] = CFrame.new(0.0000,0.0000,0.0000,0.9999,-0.0121,-0.0083,0.0144,0.9238,0.3826,0.0030,-0.3826,0.9239),
    }},
    {Time = 1.033, Data = {
      ["HumanoidRootPart"] = CFrame.new(0.0000,0.0000,0.0000,1.0000,0.0000,0.0000,0.0000,1.0000,0.0000,0.0000,0.0000,1.0000),
      ["LowerTorso"] = CFrame.new(0.0015,-0.1839,-0.0037,0.9486,0.0620,-0.3103,-0.1386,0.9630,-0.2311,0.2845,0.2623,0.9221),
      ["UpperTorso"] = CFrame.new(0.0000,0.0000,0.0000,0.9135,0.2116,0.3474,-0.2292,0.9733,0.0100,-0.3360,-0.0888,0.9377),
      ["LeftUpperArm"] = CFrame.new(0.0000,0.0000,0.0000,0.1579,-0.1280,-0.9791,-0.9139,0.3566,-0.1940,0.3740,0.9254,-0.0607),
      ["LeftLowerArm"] = CFrame.new(0.0000,0.0000,0.0000,1.0000,-0.0000,0.0000,0.0000,0.5857,-0.8105,0.0000,0.8105,0.5857),
      ["LeftHand"] = CFrame.new(0.0000,0.0000,0.0000,0.9064,0.2315,-0.3533,-0.2801,0.9555,-0.0926,0.3161,0.1829,0.9309),
      ["RightUpperArm"] = CFrame.new(0.0000,0.0000,0.0000,0.8163,-0.2826,0.5037,0.4698,0.8322,-0.2945,-0.3360,0.4771,0.8121),
      ["RightLowerArm"] = CFrame.new(-0.0005,0.0000,0.0000,1.0000,-0.0009,-0.0001,0.0007,0.7725,-0.6350,0.0006,0.6350,0.7725),
      ["RightHand"] = CFrame.new(0.0000,-0.0001,0.0000,0.9601,-0.1448,0.2393,0.2175,0.9244,-0.3134,-0.1758,0.3529,0.9190),
      ["Head"] = CFrame.new(0.0000,0.0000,0.0000,0.9984,0.0475,-0.0306,-0.0374,0.9618,0.2713,0.0423,-0.2698,0.9620),
      ["RightUpperLeg"] = CFrame.new(0.0000,0.0000,0.0000,0.9494,-0.1546,0.2734,0.0878,0.9664,0.2418,-0.3016,-0.2055,0.9310),
      ["RightLowerLeg"] = CFrame.new(0.0000,-0.0002,-0.0001,1.0000,-0.0000,0.0000,0.0000,0.7027,0.7115,-0.0000,-0.7115,0.7027),
      ["RightFoot"] = CFrame.new(0.0000,0.0002,0.0000,0.9996,0.0225,0.0154,-0.0057,0.7260,-0.6876,-0.0266,0.6873,0.7259),
      ["LeftUpperLeg"] = CFrame.new(0.0000,0.0000,0.0000,0.9478,-0.0020,0.3190,0.0473,0.9898,-0.1342,-0.3154,0.1423,0.9382),
      ["LeftLowerLeg"] = CFrame.new(0.0000,0.0000,0.0000,1.0000,-0.0000,0.0000,0.0000,1.0000,0.0005,-0.0000,-0.0005,1.0000),
      ["LeftFoot"] = CFrame.new(0.0000,0.0000,0.0000,0.9999,-0.0129,-0.0088,0.0153,0.9208,0.3898,0.0031,-0.3899,0.9209),
    }},
    {Time = 1.067, Data = {
      ["HumanoidRootPart"] = CFrame.new(0.0000,0.0000,0.0000,1.0000,0.0000,0.0000,0.0000,1.0000,0.0000,0.0000,0.0000,1.0000),
      ["LowerTorso"] = CFrame.new(0.0026,-0.2169,0.0012,0.9505,0.0619,-0.3045,-0.1326,0.9671,-0.2172,0.2810,0.2468,0.9274),
      ["UpperTorso"] = CFrame.new(0.0000,0.0000,0.0000,0.9133,0.2241,0.3401,-0.2415,0.9704,0.0090,-0.3280,-0.0904,0.9404),
      ["LeftUpperArm"] = CFrame.new(0.0000,0.0000,0.0000,0.1592,-0.1345,-0.9780,-0.9135,0.3555,-0.1976,0.3743,0.9249,-0.0663),
      ["LeftLowerArm"] = CFrame.new(0.0000,0.0000,0.0000,1.0000,-0.0000,0.0000,0.0000,0.5955,-0.8034,0.0000,0.8034,0.5955),
      ["LeftHand"] = CFrame.new(0.0000,0.0000,0.0000,0.9068,0.2308,-0.3528,-0.2829,0.9535,-0.1034,0.3125,0.1936,0.9300),
      ["RightUpperArm"] = CFrame.new(0.0000,0.0000,0.0000,0.8284,-0.2808,0.4846,0.4624,0.8312,-0.3088,-0.3161,0.4799,0.8184),
      ["RightLowerArm"] = CFrame.new(-0.0005,0.0000,0.0000,1.0000,-0.0009,-0.0001,0.0007,0.7681,-0.6404,0.0006,0.6404,0.7681),
      ["RightHand"] = CFrame.new(0.0000,-0.0001,0.0000,0.9562,-0.1425,0.2557,0.2291,0.9081,-0.3505,-0.1822,0.3938,0.9010),
      ["Head"] = CFrame.new(0.0000,0.0000,0.0000,0.9983,0.0477,-0.0327,-0.0371,0.9622,0.2698,0.0443,-0.2682,0.9624),
      ["RightUpperLeg"] = CFrame.new(0.0000,0.0000,0.0000,0.9510,-0.1275,0.2816,0.0854,0.9839,0.1571,-0.2970,-0.1253,0.9466),
      ["RightLowerLeg"] = CFrame.new(0.0000,-0.0002,-0.0001,1.0000,-0.0000,0.0000,0.0000,0.5893,0.8079,-0.0000,-0.8079,0.5893),
      ["RightFoot"] = CFrame.new(0.0000,0.0002,0.0000,0.9997,0.0203,0.0139,-0.0042,0.6979,-0.7162,-0.0243,0.7160,0.6977),
      ["LeftUpperLeg"] = CFrame.new(0.0000,0.0000,0.0000,0.9496,0.0398,0.3110,0.0468,0.9628,-0.2661,-0.3100,0.2673,0.9124),
      ["LeftLowerLeg"] = CFrame.new(0.0000,0.0000,0.0000,1.0000,-0.0000,0.0000,0.0000,0.9763,0.2165,-0.0000,-0.2165,0.9763),
      ["LeftFoot"] = CFrame.new(0.0000,0.0000,0.0000,0.9999,-0.0133,-0.0091,0.0154,0.9547,0.2970,0.0047,-0.2971,0.9548),
    }},
    {Time = 1.100, Data = {
      ["HumanoidRootPart"] = CFrame.new(0.0000,0.0000,0.0000,1.0000,0.0000,0.0000,0.0000,1.0000,0.0000,0.0000,0.0000,1.0000),
      ["LowerTorso"] = CFrame.new(0.0035,-0.2472,0.0058,0.9535,0.0608,-0.2952,-0.1250,0.9710,-0.2037,0.2743,0.2311,0.9335),
      ["UpperTorso"] = CFrame.new(0.0000,0.0000,0.0000,0.9148,0.2343,0.3291,-0.2512,0.9679,0.0092,-0.3163,-0.0911,0.9443),
      ["LeftUpperArm"] = CFrame.new(0.0000,0.0000,0.0000,0.1620,-0.1419,-0.9765,-0.9130,0.3540,-0.2029,0.3745,0.9244,-0.0722),
      ["LeftLowerArm"] = CFrame.new(0.0000,0.0000,0.0000,1.0000,-0.0000,0.0000,0.0000,0.6066,-0.7950,0.0000,0.7950,0.6066),
      ["LeftHand"] = CFrame.new(0.0000,0.0000,0.0000,0.9071,0.2293,-0.3528,-0.2862,0.9509,-0.1179,0.3085,0.2079,0.9282),
      ["RightUpperArm"] = CFrame.new(0.0000,0.0000,0.0000,0.8462,-0.2795,0.4536,0.4443,0.8400,-0.3113,-0.2940,0.4650,0.8351),
      ["RightLowerArm"] = CFrame.new(-0.0005,0.0000,0.0000,1.0000,-0.0009,-0.0000,0.0007,0.7565,-0.6540,0.0006,0.6540,0.7565),
      ["RightHand"] = CFrame.new(0.0000,-0.0001,0.0000,0.9519,-0.1361,0.2746,0.2391,0.8904,-0.3874,-0.1918,0.4344,0.8801),
      ["Head"] = CFrame.new(0.0000,0.0000,0.0000,0.9983,0.0479,-0.0345,-0.0370,0.9628,0.2677,0.0460,-0.2659,0.9629),
      ["RightUpperLeg"] = CFrame.new(0.0000,0.0000,0.0000,0.9537,-0.0983,0.2843,0.0815,0.9942,0.0702,-0.2896,-0.0437,0.9562),
      ["RightLowerLeg"] = CFrame.new(0.0000,-0.0002,-0.0001,1.0000,-0.0000,0.0000,0.0000,0.4603,0.8878,-0.0000,-0.8878,0.4603),
      ["RightFoot"] = CFrame.new(0.0000,0.0002,0.0000,0.9998,0.0177,0.0121,-0.0032,0.6827,-0.7307,-0.0212,0.7305,0.6826),
      ["LeftUpperLeg"] = CFrame.new(0.0000,0.0000,0.0000,0.9525,0.0826,0.2930,0.0458,0.9126,-0.4064,-0.3010,0.4005,0.8655),
      ["LeftLowerLeg"] = CFrame.new(0.0000,0.0000,0.0000,1.0000,-0.0000,0.0000,0.0000,0.8911,0.4538,-0.0000,-0.4538,0.8911),
      ["LeftFoot"] = CFrame.new(0.0000,0.0000,0.0000,0.9999,-0.0133,-0.0091,0.0147,0.9834,0.1808,0.0065,-0.1809,0.9835),
    }},
    {Time = 1.133, Data = {
      ["HumanoidRootPart"] = CFrame.new(0.0000,0.0000,0.0000,1.0000,0.0000,0.0000,0.0000,1.0000,0.0000,0.0000,0.0000,1.0000),
      ["LowerTorso"] = CFrame.new(0.0041,-0.2734,0.0099,0.9574,0.0587,-0.2828,-0.1162,0.9746,-0.1912,0.2644,0.2159,0.9399),
      ["UpperTorso"] = CFrame.new(0.0000,0.0000,0.0000,0.9178,0.2422,0.3146,-0.2585,0.9660,0.0105,-0.3013,-0.0909,0.9492),
      ["LeftUpperArm"] = CFrame.new(0.0000,0.0000,0.0000,0.1660,-0.1501,-0.9746,-0.9122,0.3521,-0.2096,0.3746,0.9239,-0.0785),
      ["LeftLowerArm"] = CFrame.new(0.0000,0.0000,0.0000,1.0000,-0.0000,0.0000,0.0000,0.6189,-0.7855,0.0000,0.7855,0.6189),
      ["LeftHand"] = CFrame.new(0.0000,0.0000,0.0000,0.9076,0.2270,-0.3531,-0.2897,0.9474,-0.1356,0.3037,0.2254,0.9257),
      ["RightUpperArm"] = CFrame.new(0.0000,0.0000,0.0000,0.8679,-0.2778,0.4118,0.4176,0.8569,-0.3021,-0.2690,0.4342,0.8597),
      ["RightLowerArm"] = CFrame.new(-0.0005,0.0000,0.0000,1.0000,-0.0009,-0.0000,0.0006,0.7391,-0.6736,0.0006,0.6736,0.7391),
      ["RightHand"] = CFrame.new(0.0000,-0.0001,0.0000,0.9476,-0.1246,0.2943,0.2464,0.8712,-0.4246,-0.2035,0.4749,0.8562),
      ["Head"] = CFrame.new(0.0000,0.0000,0.0000,0.9982,0.0482,-0.0360,-0.0370,0.9636,0.2649,0.0474,-0.2631,0.9636),
      ["RightUpperLeg"] = CFrame.new(0.0000,0.0000,0.0000,0.9572,-0.0688,0.2811,0.0764,0.9970,-0.0159,-0.2791,0.0367,0.9596),
      ["RightLowerLeg"] = CFrame.new(0.0000,-0.0002,-0.0001,1.0000,-0.0000,0.0000,0.0000,0.3241,0.9460,-0.0000,-0.9460,0.3241),
      ["RightFoot"] = CFrame.new(0.0000,0.0002,0.0000,0.9998,0.0149,0.0102,-0.0027,0.6828,-0.7306,-0.0179,0.7305,0.6827),
      ["LeftUpperLeg"] = CFrame.new(0.0000,0.0000,0.0000,0.9564,0.1049,0.2725,0.0442,0.8705,-0.4901,-0.2886,0.4808,0.8280),
      ["LeftLowerLeg"] = CFrame.new(0.0000,0.0000,0.0000,1.0000,-0.0000,0.0000,0.0000,0.8082,0.5889,-0.0000,-0.5889,0.8082),
      ["LeftFoot"] = CFrame.new(0.0000,0.0000,0.0000,0.9999,-0.0129,-0.0088,0.0137,0.9948,0.1012,0.0075,-0.1013,0.9948),
    }},
    {Time = 1.167, Data = {
      ["HumanoidRootPart"] = CFrame.new(0.0000,0.0000,0.0000,1.0000,0.0000,0.0000,0.0000,1.0000,0.0000,0.0000,0.0000,1.0000),
      ["LowerTorso"] = CFrame.new(0.0045,-0.2943,0.0131,0.9620,0.0554,-0.2674,-0.1065,0.9778,-0.1805,0.2515,0.2022,0.9465),
      ["UpperTorso"] = CFrame.new(0.0000,0.0000,0.0000,0.9222,0.2478,0.2969,-0.2633,0.9646,0.0128,-0.2832,-0.0900,0.9548),
      ["LeftUpperArm"] = CFrame.new(0.0000,0.0000,0.0000,0.1713,-0.1588,-0.9723,-0.9112,0.3497,-0.2177,0.3746,0.9233,-0.0848),
      ["LeftLowerArm"] = CFrame.new(0.0000,0.0000,0.0000,1.0000,-0.0000,0.0000,0.0000,0.6318,-0.7751,0.0000,0.7751,0.6318),
      ["LeftHand"] = CFrame.new(0.0000,0.0000,0.0000,0.9082,0.2238,-0.3537,-0.2932,0.9432,-0.1562,0.2986,0.2455,0.9222),
      ["RightUpperArm"] = CFrame.new(0.0000,0.0000,0.0000,0.8912,-0.2740,0.3614,0.3846,0.8788,-0.2823,-0.2403,0.3906,0.8887),
      ["RightLowerArm"] = CFrame.new(-0.0005,0.0000,0.0000,1.0000,-0.0009,-0.0000,0.0006,0.7191,-0.6949,0.0006,0.6949,0.7191),
      ["RightHand"] = CFrame.new(0.0000,-0.0001,0.0000,0.9439,-0.1078,0.3121,0.2505,0.8497,-0.4640,-0.2152,0.5162,0.8290),
      ["Head"] = CFrame.new(0.0000,0.0000,0.0000,0.9981,0.0485,-0.0371,-0.0372,0.9645,0.2615,0.0485,-0.2596,0.9645),
      ["RightUpperLeg"] = CFrame.new(0.0000,0.0000,0.0000,0.9615,-0.0406,0.2716,0.0701,0.9926,-0.0997,-0.2656,0.1149,0.9572),
      ["RightLowerLeg"] = CFrame.new(0.0000,-0.0002,-0.0001,1.0000,-0.0000,0.0000,0.0000,0.1890,0.9820,-0.0000,-0.9820,0.1890),
      ["RightFoot"] = CFrame.new(0.0000,0.0002,0.0000,0.9999,0.0122,0.0083,-0.0026,0.6990,-0.7151,-0.0145,0.7150,0.6990),
      ["LeftUpperLeg"] = CFrame.new(0.0000,0.0000,0.0000,0.9611,0.1161,0.2507,0.0418,0.8358,-0.5474,-0.2731,0.5366,0.7984),
      ["LeftLowerLeg"] = CFrame.new(0.0000,0.0000,0.0000,1.0000,-0.0000,0.0000,0.0000,0.7312,0.6822,-0.0000,-0.6822,0.7312),
      ["LeftFoot"] = CFrame.new(0.0000,0.0000,0.0000,0.9999,-0.0122,-0.0084,0.0125,0.9994,0.0332,0.0079,-0.0333,0.9994),
    }},
    {Time = 1.200, Data = {
      ["HumanoidRootPart"] = CFrame.new(0.0000,0.0000,0.0000,1.0000,0.0000,0.0000,0.0000,1.0000,0.0000,0.0000,0.0000,1.0000),
      ["LowerTorso"] = CFrame.new(0.0046,-0.3087,0.0154,0.9670,0.0511,-0.2494,-0.0963,0.9803,-0.1723,0.2357,0.1907,0.9529),
      ["UpperTorso"] = CFrame.new(0.0000,0.0000,0.0000,0.9277,0.2510,0.2762,-0.2656,0.9639,0.0162,-0.2621,-0.0883,0.9610),
      ["LeftUpperArm"] = CFrame.new(0.0000,0.0000,0.0000,0.1778,-0.1678,-0.9697,-0.9100,0.3469,-0.2269,0.3745,0.9228,-0.0910),
      ["LeftLowerArm"] = CFrame.new(0.0000,0.0000,0.0000,1.0000,-0.0000,0.0000,0.0000,0.6451,-0.7641,0.0000,0.7641,0.6451),
      ["LeftHand"] = CFrame.new(0.0000,0.0000,0.0000,0.9089,0.2196,-0.3545,-0.2965,0.9381,-0.1790,0.2932,0.2678,0.9178),
      ["RightUpperArm"] = CFrame.new(0.0000,0.0000,0.0000,0.9141,-0.2673,0.3049,0.3484,0.9025,-0.2533,-0.2074,0.3377,0.9181),
      ["RightLowerArm"] = CFrame.new(-0.0005,0.0000,0.0000,1.0000,-0.0009,-0.0000,0.0006,0.7009,-0.7133,0.0006,0.7133,0.7009),
      ["RightHand"] = CFrame.new(0.0000,-0.0001,0.0000,0.9416,-0.0862,0.3254,0.2508,0.8244,-0.5073,-0.2246,0.5593,0.7980),
      ["Head"] = CFrame.new(0.0000,0.0000,0.0000,0.9981,0.0488,-0.0379,-0.0375,0.9656,0.2575,0.0492,-0.2556,0.9655),
      ["RightUpperLeg"] = CFrame.new(0.0000,0.0000,0.0000,0.9665,-0.0147,0.2563,0.0628,0.9816,-0.1804,-0.2490,0.1904,0.9496),
      ["RightLowerLeg"] = CFrame.new(0.0000,-0.0002,-0.0001,1.0000,-0.0000,0.0000,0.0000,0.0623,0.9981,-0.0000,-0.9981,0.0623),
      ["RightFoot"] = CFrame.new(0.0000,0.0002,0.0000,0.9999,0.0096,0.0066,-0.0025,0.7309,-0.6825,-0.0114,0.6824,0.7309),
      ["LeftUpperLeg"] = CFrame.new(0.0000,0.0000,0.0000,0.9662,0.1188,0.2287,0.0386,0.8104,-0.5845,-0.2548,0.5736,0.7785),
      ["LeftLowerLeg"] = CFrame.new(0.0000,0.0000,0.0000,1.0000,-0.0000,0.0000,0.0000,0.6633,0.7484,-0.0000,-0.7484,0.6633),
      ["LeftFoot"] = CFrame.new(0.0000,0.0000,0.0000,0.9999,-0.0112,-0.0077,0.0110,0.9995,-0.0284,0.0080,0.0283,0.9996),
    }},
    {Time = 1.233, Data = {
      ["HumanoidRootPart"] = CFrame.new(0.0000,0.0000,0.0000,1.0000,0.0000,0.0000,0.0000,1.0000,0.0000,0.0000,0.0000,1.0000),
      ["LowerTorso"] = CFrame.new(0.0046,-0.3155,0.0164,0.9724,0.0458,-0.2289,-0.0856,0.9822,-0.1674,0.2172,0.1824,0.9589),
      ["UpperTorso"] = CFrame.new(0.0000,0.0000,0.0000,0.9342,0.2520,0.2526,-0.2655,0.9639,0.0203,-0.2384,-0.0860,0.9674),
      ["LeftUpperArm"] = CFrame.new(0.0000,0.0000,0.0000,0.1853,-0.1770,-0.9666,-0.9087,0.3436,-0.2371,0.3741,0.9223,-0.0971),
      ["LeftLowerArm"] = CFrame.new(0.0000,0.0000,0.0000,1.0000,-0.0000,0.0000,0.0000,0.6583,-0.7528,0.0000,0.7528,0.6583),
      ["LeftHand"] = CFrame.new(0.0000,0.0000,0.0000,0.9098,0.2145,-0.3553,-0.2993,0.9321,-0.2038,0.2875,0.2918,0.9123),
      ["RightUpperArm"] = CFrame.new(0.0000,0.0000,0.0000,0.9347,-0.2576,0.2451,0.3118,0.9250,-0.2171,-0.1708,0.2793,0.9449),
      ["RightLowerArm"] = CFrame.new(-0.0005,0.0000,0.0000,1.0000,-0.0009,-0.0000,0.0006,0.6886,-0.7251,0.0007,0.7251,0.6886),
      ["RightHand"] = CFrame.new(0.0000,-0.0001,0.0000,0.9414,-0.0614,0.3316,0.2474,0.7940,-0.5553,-0.2292,0.6048,0.7627),
      ["Head"] = CFrame.new(0.0000,0.0000,0.0000,0.9981,0.0492,-0.0383,-0.0380,0.9668,0.2528,0.0495,-0.2509,0.9668),
      ["RightUpperLeg"] = CFrame.new(0.0000,0.0000,0.0000,0.9718,0.0079,0.2358,0.0546,0.9648,-0.2572,-0.2295,0.2628,0.9372),
      ["RightLowerLeg"] = CFrame.new(0.0000,-0.0002,-0.0001,1.0000,-0.0000,0.0000,-0.0000,-0.0494,0.9988,0.0000,-0.9988,-0.0494),
      ["RightFoot"] = CFrame.new(0.0000,0.0002,0.0000,1.0000,0.0073,0.0050,-0.0025,0.7762,-0.6305,-0.0085,0.6305,0.7762),
      ["LeftUpperLeg"] = CFrame.new(0.0000,0.0000,0.0000,0.9717,0.1143,0.2068,0.0347,0.7967,-0.6033,-0.2338,0.5934,0.7702),
      ["LeftLowerLeg"] = CFrame.new(0.0000,0.0000,0.0000,1.0000,-0.0000,0.0000,0.0000,0.6081,0.7939,-0.0000,-0.7939,0.6081),
      ["LeftFoot"] = CFrame.new(0.0000,0.0000,0.0000,0.9999,-0.0100,-0.0068,0.0094,0.9963,-0.0852,0.0077,0.0852,0.9963),
    }},
    {Time = 1.267, Data = {
      ["HumanoidRootPart"] = CFrame.new(0.0000,0.0000,0.0000,1.0000,0.0000,0.0000,0.0000,1.0000,0.0000,0.0000,0.0000,1.0000),
      ["LowerTorso"] = CFrame.new(0.0043,-0.3133,0.0160,0.9777,0.0395,-0.2062,-0.0748,0.9832,-0.1664,0.1961,0.1781,0.9643),
      ["UpperTorso"] = CFrame.new(0.0000,0.0000,0.0000,0.9412,0.2506,0.2265,-0.2628,0.9645,0.0250,-0.2122,-0.0831,0.9737),
      ["LeftUpperArm"] = CFrame.new(0.0000,0.0000,0.0000,0.1939,-0.1859,-0.9632,-0.9071,0.3399,-0.2482,0.3735,0.9219,-0.1027),
      ["LeftLowerArm"] = CFrame.new(0.0000,0.0000,0.0000,1.0000,-0.0000,0.0000,0.0000,0.6709,-0.7416,0.0000,0.7416,0.6709),
      ["LeftHand"] = CFrame.new(0.0000,0.0000,0.0000,0.9109,0.2083,-0.3561,-0.3015,0.9254,-0.2298,0.2817,0.3167,0.9057),
      ["RightUpperArm"] = CFrame.new(0.0000,0.0000,0.0000,0.9515,-0.2457,0.1851,0.2780,0.9443,-0.1761,-0.1315,0.2190,0.9668),
      ["RightLowerArm"] = CFrame.new(-0.0005,0.0000,0.0000,1.0000,-0.0009,-0.0000,0.0006,0.6862,-0.7274,0.0007,0.7274,0.6862),
      ["RightHand"] = CFrame.new(0.0000,-0.0001,0.0000,0.9437,-0.0355,0.3288,0.2402,0.7571,-0.6076,-0.2274,0.6523,0.7230),
      ["Head"] = CFrame.new(0.0000,0.0000,0.0000,0.9980,0.0496,-0.0383,-0.0386,0.9681,0.2476,0.0494,-0.2456,0.9681),
      ["RightUpperLeg"] = CFrame.new(0.0000,0.0000,0.0000,0.9772,0.0260,0.2107,0.0458,0.9434,-0.3286,-0.2073,0.3308,0.9207),
      ["RightLowerLeg"] = CFrame.new(0.0000,-0.0002,-0.0001,1.0000,-0.0000,0.0000,-0.0000,-0.1404,0.9901,0.0000,-0.9901,-0.1404),
      ["RightFoot"] = CFrame.new(0.0000,0.0002,0.0000,1.0000,0.0053,0.0036,-0.0024,0.8306,-0.5569,-0.0060,0.5568,0.8306),
      ["LeftUpperLeg"] = CFrame.new(0.0000,0.0000,0.0000,0.9772,0.1038,0.1854,0.0300,0.7965,-0.6039,-0.2104,0.5957,0.7752),
      ["LeftLowerLeg"] = CFrame.new(0.0000,0.0000,0.0000,1.0000,-0.0000,0.0000,0.0000,0.5688,0.8225,-0.0000,-0.8225,0.5688),
      ["LeftFoot"] = CFrame.new(0.0000,0.0000,0.0000,0.9999,-0.0086,-0.0059,0.0077,0.9905,-0.1373,0.0070,0.1373,0.9905),
    }},
    {Time = 1.300, Data = {
      ["HumanoidRootPart"] = CFrame.new(0.0000,0.0000,0.0000,1.0000,0.0000,0.0000,0.0000,1.0000,0.0000,0.0000,0.0000,1.0000),
      ["LowerTorso"] = CFrame.new(0.0040,-0.3022,0.0142,0.9829,0.0325,-0.1814,-0.0637,0.9835,-0.1694,0.1729,0.1780,0.9687),
      ["UpperTorso"] = CFrame.new(0.0000,0.0000,0.0000,0.9486,0.2467,0.1980,-0.2575,0.9658,0.0303,-0.1837,-0.0797,0.9797),
      ["LeftUpperArm"] = CFrame.new(0.0000,0.0000,0.0000,0.2034,-0.1944,-0.9596,-0.9054,0.3357,-0.2599,0.3727,0.9217,-0.1077),
      ["LeftLowerArm"] = CFrame.new(0.0000,0.0000,0.0000,1.0000,-0.0000,0.0000,0.0000,0.6826,-0.7307,0.0000,0.7307,0.6826),
      ["LeftHand"] = CFrame.new(0.0000,0.0000,0.0000,0.9123,0.2010,-0.3568,-0.3027,0.9179,-0.2567,0.2759,0.3422,0.8982),
      ["RightUpperArm"] = CFrame.new(0.0000,0.0000,0.0000,0.9641,-0.2329,0.1278,0.2494,0.9592,-0.1330,-0.0916,0.1601,0.9828),
      ["RightLowerArm"] = CFrame.new(-0.0005,0.0000,0.0000,1.0000,-0.0009,-0.0001,0.0006,0.6962,-0.7178,0.0007,0.7178,0.6962),
      ["RightHand"] = CFrame.new(0.0000,-0.0001,0.0000,0.9487,-0.0112,0.3160,0.2291,0.7132,-0.6624,-0.2180,0.7008,0.6792),
      ["Head"] = CFrame.new(0.0000,0.0000,0.0000,0.9980,0.0500,-0.0379,-0.0394,0.9696,0.2417,0.0488,-0.2397,0.9696),
      ["RightUpperLeg"] = CFrame.new(0.0000,0.0000,0.0000,0.9825,0.0389,0.1821,0.0366,0.9185,-0.3938,-0.1826,0.3935,0.9010),
      ["RightLowerLeg"] = CFrame.new(0.0000,-0.0002,-0.0001,1.0000,-0.0000,0.0000,-0.0000,-0.2082,0.9781,0.0000,-0.9781,-0.2082),
      ["RightFoot"] = CFrame.new(0.0000,0.0002,0.0000,1.0000,0.0036,0.0024,-0.0020,0.8873,-0.4613,-0.0038,0.4613,0.8873),
      ["LeftUpperLeg"] = CFrame.new(0.0000,0.0000,0.0000,0.9825,0.0890,0.1639,0.0246,0.8093,-0.5869,-0.1849,0.5807,0.7929),
      ["LeftLowerLeg"] = CFrame.new(0.0000,0.0000,0.0000,1.0000,-0.0000,0.0000,0.0000,0.5469,0.8372,-0.0000,-0.8372,0.5469),
      ["LeftFoot"] = CFrame.new(0.0000,0.0000,0.0000,1.0000,-0.0071,-0.0048,0.0061,0.9828,-0.1844,0.0061,0.1844,0.9828),
    }},
    {Time = 1.333, Data = {
      ["HumanoidRootPart"] = CFrame.new(0.0000,0.0000,0.0000,1.0000,0.0000,0.0000,0.0000,1.0000,0.0000,0.0000,0.0000,1.0000),
      ["LowerTorso"] = CFrame.new(0.0034,-0.2836,0.0111,0.9876,0.0250,-0.1547,-0.0524,0.9830,-0.1758,0.1477,0.1818,0.9722),
      ["UpperTorso"] = CFrame.new(0.0000,0.0000,0.0000,0.9561,0.2405,0.1674,-0.2497,0.9677,0.0358,-0.1533,-0.0760,0.9852),
      ["LeftUpperArm"] = CFrame.new(0.0000,0.0000,0.0000,0.2137,-0.2023,-0.9557,-0.9035,0.3311,-0.2721,0.3715,0.9217,-0.1120),
      ["LeftLowerArm"] = CFrame.new(0.0000,0.0000,0.0000,1.0000,-0.0000,0.0000,0.0000,0.6932,-0.7208,0.0000,0.7208,0.6932),
      ["LeftHand"] = CFrame.new(0.0000,0.0000,0.0000,0.9140,0.1927,-0.3572,-0.3027,0.9098,-0.2839,0.2703,0.3676,0.8899),
      ["RightUpperArm"] = CFrame.new(0.0000,0.0000,0.0000,0.9723,-0.2210,0.0761,0.2274,0.9696,-0.0904,-0.0538,0.1052,0.9930),
      ["RightLowerArm"] = CFrame.new(-0.0005,0.0000,0.0000,1.0000,-0.0009,-0.0001,0.0006,0.7198,-0.6942,0.0007,0.6942,0.7198),
      ["RightHand"] = CFrame.new(0.0000,-0.0001,0.0000,0.9561,0.0087,0.2930,0.2139,0.6629,-0.7175,-0.2005,0.7486,0.6319),
      ["Head"] = CFrame.new(0.0000,0.0000,0.0000,0.9980,0.0504,-0.0370,-0.0403,0.9711,0.2352,0.0478,-0.2332,0.9712),
      ["RightUpperLeg"] = CFrame.new(0.0000,0.0000,0.0000,0.9874,0.0463,0.1511,0.0273,0.8917,-0.4518,-0.1557,0.4503,0.8792),
      ["RightLowerLeg"] = CFrame.new(0.0000,-0.0002,-0.0001,1.0000,-0.0000,0.0000,-0.0000,-0.2529,0.9675,0.0000,-0.9675,-0.2529),
      ["RightFoot"] = CFrame.new(0.0000,0.0002,0.0000,1.0000,0.0021,0.0014,-0.0015,0.9379,-0.3468,-0.0021,0.3468,0.9379),
      ["LeftUpperLeg"] = CFrame.new(0.0000,0.0000,0.0000,0.9874,0.0717,0.1414,0.0188,0.8324,-0.5538,-0.1574,0.5495,0.8205),
      ["LeftLowerLeg"] = CFrame.new(0.0000,0.0000,0.0000,1.0000,-0.0000,0.0000,0.0000,0.5416,0.8406,-0.0000,-0.8406,0.5416),
      ["LeftFoot"] = CFrame.new(0.0000,0.0000,0.0000,1.0000,-0.0055,-0.0038,0.0045,0.9740,-0.2265,0.0049,0.2265,0.9740),
    }},
    {Time = 1.367, Data = {
      ["HumanoidRootPart"] = CFrame.new(0.0000,0.0000,0.0000,1.0000,0.0000,0.0000,0.0000,1.0000,0.0000,0.0000,0.0000,1.0000),
      ["LowerTorso"] = CFrame.new(0.0028,-0.2586,0.0070,0.9918,0.0172,-0.1264,-0.0407,0.9819,-0.1852,0.1210,0.1888,0.9745),
      ["UpperTorso"] = CFrame.new(0.0000,0.0000,0.0000,0.9634,0.2318,0.1349,-0.2392,0.9701,0.0413,-0.1213,-0.0721,0.9900),
      ["LeftUpperArm"] = CFrame.new(0.0000,0.0000,0.0000,0.2248,-0.2092,-0.9517,-0.9014,0.3261,-0.2847,0.3699,0.9219,-0.1152),
      ["LeftLowerArm"] = CFrame.new(0.0000,0.0000,0.0000,1.0000,-0.0000,0.0000,0.0000,0.7021,-0.7121,0.0000,0.7121,0.7021),
      ["LeftHand"] = CFrame.new(0.0000,0.0000,0.0000,0.9159,0.1832,-0.3571,-0.3015,0.9014,-0.3109,0.2649,0.3924,0.8808),
      ["RightUpperArm"] = CFrame.new(0.0000,0.0000,0.0000,0.9770,-0.2110,0.0323,0.2124,0.9759,-0.0507,-0.0209,0.0564,0.9982),
      ["RightLowerArm"] = CFrame.new(-0.0005,0.0000,0.0000,1.0000,-0.0009,-0.0001,0.0006,0.7562,-0.6543,0.0006,0.6543,0.7562),
      ["RightHand"] = CFrame.new(0.0000,-0.0001,0.0000,0.9652,0.0222,0.2607,0.1940,0.6079,-0.7699,-0.1756,0.7937,0.5824),
      ["Head"] = CFrame.new(0.0000,0.0000,0.0000,0.9981,0.0509,-0.0357,-0.0414,0.9728,0.2281,0.0464,-0.2262,0.9730),
      ["RightUpperLeg"] = CFrame.new(0.0000,0.0000,0.0000,0.9917,0.0480,0.1190,0.0183,0.8650,-0.5015,-0.1270,0.4995,0.8570),
      ["RightLowerLeg"] = CFrame.new(0.0000,-0.0002,-0.0001,1.0000,-0.0000,0.0000,-0.0000,-0.2754,0.9613,0.0000,-0.9613,-0.2754),
      ["RightFoot"] = CFrame.new(0.0000,0.0002,0.0000,1.0000,0.0010,0.0007,-0.0008,0.9755,-0.2199,-0.0009,0.2199,0.9755),
      ["LeftUpperLeg"] = CFrame.new(0.0000,0.0000,0.0000,0.9916,0.0540,0.1172,0.0128,0.8627,-0.5055,-0.1284,0.5028,0.8548),
      ["LeftLowerLeg"] = CFrame.new(0.0000,0.0000,0.0000,1.0000,-0.0000,0.0000,0.0000,0.5518,0.8340,-0.0000,-0.8340,0.5518),
      ["LeftFoot"] = CFrame.new(0.0000,0.0000,0.0000,1.0000,-0.0040,-0.0028,0.0032,0.9648,-0.2631,0.0037,0.2631,0.9648),
    }},
    {Time = 1.400, Data = {
      ["HumanoidRootPart"] = CFrame.new(0.0000,0.0000,0.0000,1.0000,0.0000,0.0000,0.0000,1.0000,0.0000,0.0000,0.0000,1.0000),
      ["LowerTorso"] = CFrame.new(0.0021,-0.2287,0.0022,0.9953,0.0095,-0.0968,-0.0285,0.9800,-0.1968,0.0930,0.1986,0.9757),
      ["UpperTorso"] = CFrame.new(0.0000,0.0000,0.0000,0.9701,0.2205,0.1009,-0.2261,0.9730,0.0467,-0.0879,-0.0681,0.9938),
      ["LeftUpperArm"] = CFrame.new(0.0000,0.0000,0.0000,0.2366,-0.2149,-0.9475,-0.8992,0.3209,-0.2973,0.3679,0.9224,-0.1173),
      ["LeftLowerArm"] = CFrame.new(0.0000,0.0000,0.0000,1.0000,-0.0000,0.0000,0.0000,0.7090,-0.7052,0.0000,0.7052,0.7090),
      ["LeftHand"] = CFrame.new(0.0000,0.0000,0.0000,0.9182,0.1726,-0.3565,-0.2987,0.8928,-0.3371,0.2601,0.4160,0.8714),
      ["RightUpperArm"] = CFrame.new(0.0000,0.0000,0.0000,0.9791,-0.2034,-0.0016,0.2033,0.9790,-0.0155,0.0047,0.0148,0.9999),
      ["RightLowerArm"] = CFrame.new(-0.0005,0.0000,0.0000,1.0000,-0.0008,-0.0001,0.0006,0.8028,-0.5962,0.0006,0.5962,0.8028),
      ["RightHand"] = CFrame.new(0.0000,-0.0001,0.0000,0.9750,0.0283,0.2204,0.1687,0.5514,-0.8170,-0.1446,0.8338,0.5329),
      ["Head"] = CFrame.new(0.0000,0.0000,0.0000,0.9981,0.0514,-0.0339,-0.0427,0.9745,0.2204,0.0444,-0.2185,0.9748),
      ["RightUpperLeg"] = CFrame.new(0.0000,0.0000,0.0000,0.9952,0.0443,0.0867,0.0097,0.8409,-0.5411,-0.0969,0.5394,0.8364),
      ["RightLowerLeg"] = CFrame.new(0.0000,-0.0002,-0.0001,1.0000,-0.0000,0.0000,-0.0000,-0.2768,0.9609,0.0000,-0.9609,-0.2768),
      ["RightFoot"] = CFrame.new(0.0000,0.0002,0.0000,1.0000,0.0002,0.0001,-0.0002,0.9960,-0.0891,-0.0002,0.0891,0.9960),
      ["LeftUpperLeg"] = CFrame.new(0.0000,0.0000,0.0000,0.9952,0.0375,0.0908,0.0066,0.8966,-0.4427,-0.0980,0.4412,0.8921),
      ["LeftLowerLeg"] = CFrame.new(0.0000,0.0000,0.0000,1.0000,-0.0000,0.0000,0.0000,0.5765,0.8171,-0.0000,-0.8171,0.5765),
      ["LeftFoot"] = CFrame.new(0.0000,0.0000,0.0000,1.0000,-0.0026,-0.0018,0.0020,0.9560,-0.2934,0.0025,0.2934,0.9560),
    }},
    {Time = 1.433, Data = {
      ["HumanoidRootPart"] = CFrame.new(0.0000,0.0000,0.0000,1.0000,0.0000,0.0000,0.0000,1.0000,0.0000,0.0000,0.0000,1.0000),
      ["LowerTorso"] = CFrame.new(0.0013,-0.1952,-0.0033,0.9978,0.0020,-0.0660,-0.0159,0.9776,-0.2101,0.0641,0.2107,0.9754),
      ["UpperTorso"] = CFrame.new(0.0000,0.0000,0.0000,0.9762,0.2068,0.0657,-0.2103,0.9763,0.0517,-0.0535,-0.0643,0.9965),
      ["LeftUpperArm"] = CFrame.new(0.0000,0.0000,0.0000,0.2490,-0.2191,-0.9434,-0.8969,0.3154,-0.3099,0.3654,0.9233,-0.1180),
      ["LeftLowerArm"] = CFrame.new(0.0000,0.0000,0.0000,1.0000,-0.0000,0.0000,0.0000,0.7136,-0.7006,0.0000,0.7006,0.7136),
      ["LeftHand"] = CFrame.new(0.0000,0.0000,0.0000,0.9209,0.1608,-0.3551,-0.2942,0.8844,-0.3623,0.2558,0.4381,0.8618),
      ["RightUpperArm"] = CFrame.new(0.0000,0.0000,0.0000,0.9799,-0.1978,-0.0248,0.1982,0.9801,0.0143,0.0215,-0.0190,0.9996),
      ["RightLowerArm"] = CFrame.new(-0.0005,0.0000,0.0000,1.0000,-0.0008,-0.0002,0.0006,0.8551,-0.5185,0.0006,0.5185,0.8551),
      ["RightHand"] = CFrame.new(0.0000,-0.0001,0.0000,0.9845,0.0272,0.1732,0.1368,0.4981,-0.8563,-0.1096,0.8667,0.4867),
      ["Head"] = CFrame.new(0.0000,0.0000,0.0000,0.9981,0.0520,-0.0316,-0.0441,0.9763,0.2120,0.0418,-0.2102,0.9768),
      ["RightUpperLeg"] = CFrame.new(0.0000,0.0000,0.0000,0.9978,0.0361,0.0551,0.0018,0.8215,-0.5702,-0.0659,0.5691,0.8196),
      ["RightLowerLeg"] = CFrame.new(0.0000,-0.0002,-0.0001,1.0000,-0.0000,0.0000,-0.0000,-0.2587,0.9660,0.0000,-0.9660,-0.2587),
      ["RightFoot"] = CFrame.new(0.0000,0.0002,0.0000,1.0000,-0.0002,-0.0001,0.0002,0.9994,0.0359,0.0001,-0.0359,0.9994),
      ["LeftUpperLeg"] = CFrame.new(0.0000,0.0000,0.0000,0.9978,0.0240,0.0622,0.0004,0.9306,-0.3660,-0.0667,0.3652,0.9285),
      ["LeftLowerLeg"] = CFrame.new(0.0000,0.0000,0.0000,1.0000,-0.0000,0.0000,0.0000,0.6143,0.7891,-0.0000,-0.7891,0.6143),
      ["LeftFoot"] = CFrame.new(0.0000,0.0000,0.0000,1.0000,-0.0014,-0.0010,0.0011,0.9485,-0.3167,0.0014,0.3167,0.9485),
    }},
    {Time = 1.467, Data = {
      ["HumanoidRootPart"] = CFrame.new(0.0000,0.0000,0.0000,1.0000,0.0000,0.0000,0.0000,1.0000,0.0000,0.0000,0.0000,1.0000),
      ["LowerTorso"] = CFrame.new(0.0005,-0.1594,-0.0091,0.9994,-0.0051,-0.0344,-0.0027,0.9745,-0.2245,0.0347,0.2244,0.9739),
      ["UpperTorso"] = CFrame.new(0.0000,0.0000,0.0000,0.9812,0.1905,0.0297,-0.1920,0.9798,0.0561,-0.0184,-0.0608,0.9980),
      ["LeftUpperArm"] = CFrame.new(0.0000,0.0000,0.0000,0.2618,-0.2215,-0.9394,-0.8945,0.3097,-0.3224,0.3624,0.9247,-0.1170),
      ["LeftLowerArm"] = CFrame.new(0.0000,0.0000,0.0000,1.0000,-0.0000,0.0000,0.0000,0.7155,-0.6986,0.0000,0.6986,0.7155),
      ["LeftHand"] = CFrame.new(0.0000,0.0000,0.0000,0.9239,0.1480,-0.3529,-0.2878,0.8766,-0.3858,0.2523,0.4580,0.8524),
      ["RightUpperArm"] = CFrame.new(0.0000,0.0000,0.0000,0.9805,-0.1930,-0.0374,0.1944,0.9802,0.0388,0.0291,-0.0453,0.9985),
      ["RightLowerArm"] = CFrame.new(-0.0005,0.0000,0.0000,1.0000,-0.0008,-0.0003,0.0006,0.9069,-0.4214,0.0006,0.4214,0.9069),
      ["RightHand"] = CFrame.new(0.0000,-0.0001,0.0000,0.9925,0.0212,0.1200,0.0973,0.4543,-0.8855,-0.0733,0.8906,0.4489),
      ["Head"] = CFrame.new(0.0000,0.0000,0.0000,0.9982,0.0526,-0.0287,-0.0457,0.9781,0.2031,0.0387,-0.2014,0.9787),
      ["RightUpperLeg"] = CFrame.new(0.0000,0.0000,0.0000,0.9994,0.0245,0.0246,-0.0053,0.8080,-0.5891,-0.0343,0.5886,0.8077),
      ["RightLowerLeg"] = CFrame.new(0.0000,-0.0002,-0.0001,1.0000,-0.0000,0.0000,-0.0000,-0.2233,0.9747,0.0000,-0.9747,-0.2233),
      ["RightFoot"] = CFrame.new(0.0000,0.0002,0.0000,1.0000,-0.0002,-0.0001,0.0002,0.9891,0.1470,0.0001,-0.1470,0.9891),
      ["LeftUpperLeg"] = CFrame.new(0.0000,0.0000,0.0000,0.9994,0.0150,0.0317,-0.0057,0.9610,-0.2765,-0.0346,0.2761,0.9605),
      ["LeftLowerLeg"] = CFrame.new(0.0000,0.0000,0.0000,1.0000,-0.0000,0.0000,0.0000,0.6635,0.7481,-0.0000,-0.7481,0.6635),
      ["LeftFoot"] = CFrame.new(0.0000,0.0000,0.0000,1.0000,-0.0005,-0.0003,0.0003,0.9432,-0.3323,0.0005,0.3323,0.9432),
    }},
    {Time = 1.500, Data = {
      ["HumanoidRootPart"] = CFrame.new(0.0000,0.0000,0.0000,1.0000,0.0000,0.0000,0.0000,1.0000,0.0000,0.0000,0.0000,1.0000),
      ["LowerTorso"] = CFrame.new(-0.0003,-0.1225,-0.0150,0.9999,-0.0118,-0.0024,0.0108,0.9709,-0.2393,0.0051,0.2393,0.9709),
      ["UpperTorso"] = CFrame.new(0.0000,0.0000,0.0000,0.9851,0.1718,-0.0068,-0.1711,0.9835,0.0597,0.0169,-0.0576,0.9982),
      ["LeftUpperArm"] = CFrame.new(0.0000,0.0000,0.0000,0.2751,-0.2220,-0.9354,-0.8920,0.3040,-0.3344,0.3586,0.9264,-0.1144),
      ["LeftLowerArm"] = CFrame.new(0.0000,0.0000,0.0000,1.0000,-0.0000,0.0000,0.0000,0.7145,-0.6997,0.0000,0.6997,0.7145),
      ["LeftHand"] = CFrame.new(0.0000,0.0000,0.0000,0.9272,0.1341,-0.3498,-0.2794,0.8695,-0.4073,0.2495,0.4754,0.8437),
      ["RightUpperArm"] = CFrame.new(0.0000,0.0000,0.0000,0.9815,-0.1870,-0.0416,0.1893,0.9801,0.0600,0.0295,-0.0668,0.9973),
      ["RightLowerArm"] = CFrame.new(-0.0005,0.0000,0.0000,1.0000,-0.0008,-0.0004,0.0007,0.9506,-0.3105,0.0007,0.3105,0.9506),
      ["RightHand"] = CFrame.new(0.0000,-0.0001,0.0000,0.9980,0.0146,0.0614,0.0492,0.4293,-0.9018,-0.0395,0.9031,0.4277),
      ["Head"] = CFrame.new(0.0000,0.0000,0.0000,0.9983,0.0533,-0.0253,-0.0474,0.9800,0.1935,0.0351,-0.1920,0.9808),
      ["RightUpperLeg"] = CFrame.new(0.0000,0.0000,0.0000,0.9999,0.0108,-0.0048,-0.0115,0.8014,-0.5980,-0.0026,0.5980,0.8015),
      ["RightLowerLeg"] = CFrame.new(0.0000,-0.0002,-0.0001,1.0000,-0.0000,0.0000,-0.0000,-0.1716,0.9852,0.0000,-0.9852,-0.1716),
      ["RightFoot"] = CFrame.new(0.0000,0.0002,0.0000,1.0000,0.0003,0.0002,-0.0004,0.9713,0.2377,-0.0001,-0.2377,0.9713),
      ["LeftUpperLeg"] = CFrame.new(0.0000,0.0000,0.0000,0.9999,0.0118,0.0002,-0.0115,0.9845,-0.1752,-0.0023,0.1752,0.9845),
      ["LeftLowerLeg"] = CFrame.new(0.0000,0.0000,0.0000,1.0000,-0.0000,0.0000,0.0000,0.7222,0.6917,-0.0000,-0.6917,0.7222),
      ["LeftFoot"] = CFrame.new(0.0000,0.0000,0.0000,1.0000,0.0002,0.0001,-0.0001,0.9407,-0.3392,-0.0002,0.3392,0.9407),
    }},
    {Time = 1.533, Data = {
      ["HumanoidRootPart"] = CFrame.new(0.0000,0.0000,0.0000,1.0000,0.0000,0.0000,0.0000,1.0000,0.0000,0.0000,0.0000,1.0000),
      ["LowerTorso"] = CFrame.new(-0.0012,-0.0860,-0.0209,0.9994,-0.0178,0.0298,0.0248,0.9669,-0.2541,-0.0243,0.2547,0.9667),
      ["UpperTorso"] = CFrame.new(0.0000,0.0000,0.0000,0.9877,0.1505,-0.0433,-0.1477,0.9871,0.0622,0.0521,-0.0550,0.9971),
      ["LeftUpperArm"] = CFrame.new(0.0000,0.0000,0.0000,0.2886,-0.2204,-0.9317,-0.8895,0.2983,-0.3461,0.3542,0.9287,-0.1100),
      ["LeftLowerArm"] = CFrame.new(0.0000,0.0000,0.0000,1.0000,-0.0000,0.0000,0.0000,0.7103,-0.7039,0.0000,0.7039,0.7103),
      ["LeftHand"] = CFrame.new(0.0000,0.0000,0.0000,0.9308,0.1192,-0.3456,-0.2690,0.8635,-0.4266,0.2476,0.4900,0.8358),
      ["RightUpperArm"] = CFrame.new(0.0000,0.0000,0.0000,0.9831,-0.1776,-0.0437,0.1807,0.9799,0.0845,0.0278,-0.0909,0.9955),
      ["RightLowerArm"] = CFrame.new(-0.0005,0.0000,0.0000,1.0000,-0.0008,-0.0005,0.0007,0.9790,-0.2038,0.0007,0.2038,0.9790),
      ["RightHand"] = CFrame.new(0.0000,-0.0001,0.0000,0.9999,0.0151,-0.0010,-0.0075,0.4370,-0.8994,-0.0131,0.8993,0.4371),
      ["Head"] = CFrame.new(0.0000,0.0000,0.0000,0.9983,0.0540,-0.0213,-0.0492,0.9818,0.1834,0.0308,-0.1820,0.9828),
      ["RightUpperLeg"] = CFrame.new(0.0000,0.0000,0.0000,0.9994,-0.0038,-0.0331,-0.0167,0.8019,-0.5973,0.0288,0.5975,0.8013),
      ["RightLowerLeg"] = CFrame.new(0.0000,-0.0002,-0.0001,1.0000,-0.0000,0.0000,-0.0000,-0.1044,0.9945,0.0000,-0.9945,-0.1044),
      ["RightFoot"] = CFrame.new(0.0000,0.0002,0.0000,1.0000,0.0012,0.0008,-0.0014,0.9525,0.3047,-0.0004,-0.3047,0.9525),
      ["LeftUpperLeg"] = CFrame.new(0.0000,0.0000,0.0000,0.9994,0.0152,-0.0310,-0.0171,0.9979,-0.0632,0.0300,0.0637,0.9975),
      ["LeftLowerLeg"] = CFrame.new(0.0000,0.0000,0.0000,1.0000,-0.0000,0.0000,0.0000,0.7876,0.6162,-0.0000,-0.6162,0.7876),
      ["LeftFoot"] = CFrame.new(0.0000,0.0000,0.0000,1.0000,0.0005,0.0004,-0.0004,0.9417,-0.3364,-0.0005,0.3364,0.9417),
    }},
    {Time = 1.567, Data = {
      ["HumanoidRootPart"] = CFrame.new(0.0000,0.0000,0.0000,1.0000,0.0000,0.0000,0.0000,1.0000,0.0000,0.0000,0.0000,1.0000),
      ["LowerTorso"] = CFrame.new(-0.0020,-0.0511,-0.0264,0.9978,-0.0231,0.0617,0.0389,0.9626,-0.2682,-0.0532,0.2701,0.9614),
      ["UpperTorso"] = CFrame.new(0.0000,0.0000,0.0000,0.9887,0.1272,-0.0794,-0.1223,0.9905,0.0636,0.0868,-0.0532,0.9948),
      ["LeftUpperArm"] = CFrame.new(0.0000,0.0000,0.0000,0.3022,-0.2171,-0.9282,-0.8870,0.2925,-0.3572,0.3491,0.9313,-0.1042),
      ["LeftLowerArm"] = CFrame.new(0.0000,0.0000,0.0000,1.0000,-0.0000,0.0000,0.0000,0.7035,-0.7107,0.0000,0.7107,0.7035),
      ["LeftHand"] = CFrame.new(0.0000,0.0000,0.0000,0.9346,0.1037,-0.3403,-0.2568,0.8586,-0.4437,0.2462,0.5021,0.8291),
      ["RightUpperArm"] = CFrame.new(0.0000,0.0000,0.0000,0.9849,-0.1632,-0.0576,0.1694,0.9772,0.1276,0.0355,-0.1355,0.9901),
      ["RightLowerArm"] = CFrame.new(-0.0005,0.0000,0.0000,1.0000,-0.0008,-0.0005,0.0008,0.9897,-0.1431,0.0006,0.1431,0.9897),
      ["RightHand"] = CFrame.new(0.0000,-0.0001,0.0000,0.9976,0.0337,-0.0601,-0.0689,0.4969,-0.8650,0.0007,0.8671,0.4981),
      ["Head"] = CFrame.new(0.0000,0.0000,0.0000,0.9984,0.0549,-0.0168,-0.0512,0.9836,0.1728,0.0260,-0.1716,0.9848),
      ["RightUpperLeg"] = CFrame.new(0.0000,0.0000,0.0000,0.9980,-0.0182,-0.0607,-0.0209,0.8093,-0.5871,0.0598,0.5872,0.8073),
      ["RightLowerLeg"] = CFrame.new(0.0000,-0.0002,-0.0001,1.0000,-0.0000,0.0000,-0.0000,-0.0225,0.9997,0.0000,-0.9997,-0.0225),
      ["RightFoot"] = CFrame.new(0.0000,0.0002,0.0000,1.0000,0.0024,0.0016,-0.0028,0.9369,0.3496,-0.0007,-0.3496,0.9369),
      ["LeftUpperLeg"] = CFrame.new(0.0000,0.0000,0.0000,0.9978,0.0260,-0.0605,-0.0224,0.9980,0.0594,0.0620,-0.0579,0.9964),
      ["LeftLowerLeg"] = CFrame.new(0.0000,0.0000,0.0000,1.0000,-0.0000,0.0000,0.0000,0.8569,0.5154,-0.0000,-0.5154,0.8569),
      ["LeftFoot"] = CFrame.new(0.0000,0.0000,0.0000,1.0000,0.0005,0.0004,-0.0003,0.9469,-0.3216,-0.0005,0.3216,0.9469),
    }},
    {Time = 1.600, Data = {
      ["HumanoidRootPart"] = CFrame.new(0.0000,0.0000,0.0000,1.0000,0.0000,0.0000,0.0000,1.0000,0.0000,0.0000,0.0000,1.0000),
      ["LowerTorso"] = CFrame.new(-0.0028,-0.0192,-0.0314,0.9953,-0.0278,0.0931,0.0530,0.9582,-0.2812,-0.0814,0.2848,0.9551),
      ["UpperTorso"] = CFrame.new(0.0000,0.0000,0.0000,0.9881,0.1021,-0.1148,-0.0952,0.9934,0.0638,0.1205,-0.0521,0.9913),
      ["LeftUpperArm"] = CFrame.new(0.0000,0.0000,0.0000,0.3157,-0.2124,-0.9248,-0.8846,0.2868,-0.3678,0.3434,0.9341,-0.0973),
      ["LeftLowerArm"] = CFrame.new(0.0000,0.0000,0.0000,1.0000,-0.0000,0.0000,0.0000,0.6945,-0.7195,0.0000,0.7195,0.6945),
      ["LeftHand"] = CFrame.new(0.0000,0.0000,0.0000,0.9385,0.0878,-0.3339,-0.2432,0.8545,-0.4590,0.2451,0.5120,0.8233),
      ["RightUpperArm"] = CFrame.new(0.0000,0.0000,0.0000,0.9849,-0.1410,-0.1004,0.1596,0.9640,0.2126,0.0668,-0.2254,0.9720),
      ["RightLowerArm"] = CFrame.new(-0.0005,0.0000,0.0000,1.0000,-0.0008,-0.0005,0.0007,0.9822,-0.1879,0.0006,0.1879,0.9822),
      ["RightHand"] = CFrame.new(0.0000,-0.0001,0.0000,0.9918,0.0797,-0.1001,-0.1279,0.6255,-0.7696,0.0013,0.7761,0.6306),
      ["Head"] = CFrame.new(0.0000,0.0000,0.0000,0.9984,0.0558,-0.0119,-0.0531,0.9854,0.1619,0.0208,-0.1610,0.9867),
      ["RightUpperLeg"] = CFrame.new(0.0000,0.0000,0.0000,0.9956,-0.0314,-0.0881,-0.0243,0.8229,-0.5677,0.0903,0.5673,0.8185),
      ["RightLowerLeg"] = CFrame.new(0.0000,-0.0002,-0.0001,1.0000,-0.0000,0.0000,0.0000,0.0728,0.9973,-0.0000,-0.9973,0.0728),
      ["RightFoot"] = CFrame.new(0.0000,0.0002,0.0000,1.0000,0.0037,0.0025,-0.0044,0.9268,0.3755,-0.0010,-0.3755,0.9268),
      ["LeftUpperLeg"] = CFrame.new(0.0000,0.0000,0.0000,0.9953,0.0451,-0.0861,-0.0275,0.9803,0.1956,0.0932,-0.1923,0.9769),
      ["LeftLowerLeg"] = CFrame.new(0.0000,0.0000,0.0000,1.0000,-0.0000,0.0000,0.0000,0.9266,0.3759,-0.0000,-0.3759,0.9266),
      ["LeftFoot"] = CFrame.new(0.0000,0.0000,0.0000,1.0000,0.0003,0.0002,-0.0002,0.9572,-0.2893,-0.0002,0.2893,0.9572),
    }},
    {Time = 1.633, Data = {
      ["HumanoidRootPart"] = CFrame.new(0.0000,0.0000,0.0000,1.0000,0.0000,0.0000,0.0000,1.0000,0.0000,0.0000,0.0000,1.0000),
      ["LowerTorso"] = CFrame.new(-0.0035,0.0084,-0.0357,0.9918,-0.0318,0.1235,0.0670,0.9539,-0.2924,-0.1085,0.2983,0.9483),
      ["UpperTorso"] = CFrame.new(0.0000,0.0000,0.0000,0.9860,0.0756,-0.1489,-0.0669,0.9958,0.0628,0.1530,-0.0519,0.9869),
      ["LeftUpperArm"] = CFrame.new(0.0000,0.0000,0.0000,0.3289,-0.2066,-0.9215,-0.8822,0.2811,-0.3779,0.3371,0.9372,-0.0898),
      ["LeftLowerArm"] = CFrame.new(0.0000,0.0000,0.0000,1.0000,-0.0000,0.0000,0.0000,0.6840,-0.7295,0.0000,0.7295,0.6840),
      ["LeftHand"] = CFrame.new(0.0000,0.0000,0.0000,0.9424,0.0719,-0.3266,-0.2287,0.8512,-0.4725,0.2441,0.5200,0.8186),
      ["RightUpperArm"] = CFrame.new(0.0000,0.0000,0.0000,0.9808,-0.1083,-0.1624,0.1559,0.9354,0.3174,0.1175,-0.3366,0.9343),
      ["RightLowerArm"] = CFrame.new(-0.0005,0.0000,0.0000,1.0000,-0.0009,-0.0004,0.0007,0.9569,-0.2904,0.0007,0.2904,0.9569),
      ["RightHand"] = CFrame.new(0.0000,-0.0001,0.0000,0.9844,0.1384,-0.1087,-0.1760,0.7743,-0.6079,-0.0000,0.6175,0.7866),
      ["Head"] = CFrame.new(0.0000,0.0000,0.0000,0.9984,0.0568,-0.0067,-0.0551,0.9870,0.1509,0.0152,-0.1503,0.9885),
      ["RightUpperLeg"] = CFrame.new(0.0000,0.0000,0.0000,0.9924,-0.0423,-0.1154,-0.0268,0.8421,-0.5387,0.1200,0.5377,0.8346),
      ["RightLowerLeg"] = CFrame.new(0.0000,-0.0002,-0.0001,1.0000,-0.0000,0.0000,0.0000,0.1811,0.9835,-0.0000,-0.9835,0.1811),
      ["RightFoot"] = CFrame.new(0.0000,0.0002,0.0000,1.0000,0.0051,0.0035,-0.0061,0.9225,0.3859,-0.0013,-0.3859,0.9225),
      ["LeftUpperLeg"] = CFrame.new(0.0000,0.0000,0.0000,0.9918,0.0766,-0.1020,-0.0323,0.9243,0.3802,0.1234,-0.3738,0.9193),
      ["LeftLowerLeg"] = CFrame.new(0.0000,0.0000,0.0000,1.0000,-0.0000,0.0000,0.0000,0.9931,0.1169,-0.0000,-0.1169,0.9931),
      ["LeftFoot"] = CFrame.new(0.0000,0.0000,0.0000,1.0000,-0.0004,-0.0003,0.0003,0.9792,-0.2029,0.0004,0.2029,0.9792),
    }},
    {Time = 1.667, Data = {
      ["HumanoidRootPart"] = CFrame.new(0.0000,0.0000,0.0000,1.0000,0.0000,0.0000,0.0000,1.0000,0.0000,0.0000,0.0000,1.0000),
      ["LowerTorso"] = CFrame.new(-0.0041,0.0304,-0.0391,0.9876,-0.0353,0.1526,0.0806,0.9500,-0.3016,-0.1344,0.3102,0.9411),
      ["UpperTorso"] = CFrame.new(0.0000,0.0000,0.0000,0.9822,0.0482,-0.1814,-0.0378,0.9974,0.0606,0.1839,-0.0527,0.9815),
      ["LeftUpperArm"] = CFrame.new(0.0000,0.0000,0.0000,0.3417,-0.2002,-0.9182,-0.8798,0.2754,-0.3874,0.3304,0.9403,-0.0820),
      ["LeftLowerArm"] = CFrame.new(0.0000,0.0000,0.0000,1.0000,-0.0000,0.0000,0.0000,0.6723,-0.7403,0.0000,0.7403,0.6723),
      ["LeftHand"] = CFrame.new(0.0000,0.0000,0.0000,0.9462,0.0562,-0.3185,-0.2135,0.8484,-0.4844,0.2430,0.5264,0.8148),
      ["RightUpperArm"] = CFrame.new(0.0000,0.0000,0.0000,0.9707,-0.0654,-0.2311,0.1605,0.8923,0.4218,0.1786,-0.4466,0.8767),
      ["RightLowerArm"] = CFrame.new(-0.0005,0.0000,0.0000,1.0000,-0.0009,-0.0003,0.0007,0.9153,-0.4028,0.0007,0.4028,0.9153),
      ["RightHand"] = CFrame.new(0.0000,-0.0001,0.0000,0.9789,0.1868,-0.0825,-0.2043,0.8942,-0.3983,-0.0006,0.4068,0.9135),
      ["Head"] = CFrame.new(0.0000,0.0000,0.0000,0.9983,0.0578,-0.0013,-0.0570,0.9885,0.1400,0.0094,-0.1397,0.9902),
      ["RightUpperLeg"] = CFrame.new(0.0000,0.0000,0.0000,0.9885,-0.0499,-0.1430,-0.0286,0.8655,-0.5001,0.1487,0.4984,0.8541),
      ["RightLowerLeg"] = CFrame.new(0.0000,-0.0002,-0.0001,1.0000,-0.0000,0.0000,0.0000,0.3013,0.9535,-0.0000,-0.9535,0.3013),
      ["RightFoot"] = CFrame.new(0.0000,0.0002,0.0000,1.0000,0.0065,0.0044,-0.0077,0.9230,0.3848,-0.0016,-0.3849,0.9230),
      ["LeftUpperLeg"] = CFrame.new(0.0000,0.0000,0.0000,0.9877,0.1049,-0.1162,-0.0370,0.8775,0.4781,0.1522,-0.4679,0.8706),
      ["LeftLowerLeg"] = CFrame.new(0.0000,0.0000,0.0000,1.0000,-0.0000,0.0000,0.0000,1.0000,0.0005,-0.0000,-0.0005,1.0000),
      ["LeftFoot"] = CFrame.new(0.0000,0.0000,0.0000,1.0000,-0.0014,-0.0009,0.0012,0.9832,-0.1827,0.0012,0.1827,0.9832),
    }},
    {Time = 1.700, Data = {
      ["HumanoidRootPart"] = CFrame.new(0.0000,0.0000,0.0000,1.0000,0.0000,0.0000,0.0000,1.0000,0.0000,0.0000,0.0000,1.0000),
      ["LowerTorso"] = CFrame.new(-0.0046,0.0455,-0.0413,0.9829,-0.0385,0.1802,0.0935,0.9467,-0.3081,-0.1587,0.3197,0.9341),
      ["UpperTorso"] = CFrame.new(0.0000,0.0000,0.0000,0.9771,0.0203,-0.2119,-0.0083,0.9983,0.0573,0.2127,-0.0543,0.9756),
      ["LeftUpperArm"] = CFrame.new(0.0000,0.0000,0.0000,0.3539,-0.1933,-0.9151,-0.8776,0.2697,-0.3964,0.3234,0.9433,-0.0741),
      ["LeftLowerArm"] = CFrame.new(0.0000,0.0000,0.0000,1.0000,-0.0000,0.0000,0.0000,0.6600,-0.7512,0.0000,0.7512,0.6600),
      ["LeftHand"] = CFrame.new(0.0000,0.0000,0.0000,0.9499,0.0412,-0.3098,-0.1981,0.8461,-0.4949,0.2418,0.5314,0.8119),
      ["RightUpperArm"] = CFrame.new(0.0000,0.0000,0.0000,0.9549,-0.0139,-0.2968,0.1743,0.8350,0.5219,0.2406,-0.5500,0.7998),
      ["RightLowerArm"] = CFrame.new(-0.0005,0.0000,0.0000,1.0000,-0.0009,-0.0002,0.0007,0.8597,-0.5108,0.0007,0.5108,0.8597),
      ["RightHand"] = CFrame.new(0.0000,-0.0001,0.0000,0.9784,0.2044,-0.0307,-0.2066,0.9631,-0.1723,-0.0056,0.1749,0.9846),
      ["Head"] = CFrame.new(0.0000,0.0000,0.0000,0.9983,0.0588,0.0042,-0.0589,0.9899,0.1293,0.0034,-0.1293,0.9916),
      ["RightUpperLeg"] = CFrame.new(0.0000,0.0000,0.0000,0.9839,-0.0533,-0.1707,-0.0300,0.8918,-0.4514,0.1763,0.4492,0.8758),
      ["RightLowerLeg"] = CFrame.new(0.0000,-0.0002,-0.0001,1.0000,-0.0000,0.0000,0.0000,0.4319,0.9019,-0.0000,-0.9019,0.4319),
      ["RightFoot"] = CFrame.new(0.0000,0.0002,0.0000,1.0000,0.0077,0.0053,-0.0091,0.9261,0.3773,-0.0020,-0.3773,0.9261),
      ["LeftUpperLeg"] = CFrame.new(0.0000,0.0000,0.0000,0.9829,0.1275,-0.1328,-0.0416,0.8565,0.5145,0.1793,-0.5002,0.8472),
      ["LeftLowerLeg"] = CFrame.new(0.0000,0.0000,0.0000,1.0000,-0.0000,0.0000,0.0000,1.0000,0.0005,-0.0000,-0.0005,1.0000),
      ["LeftFoot"] = CFrame.new(0.0000,0.0000,0.0000,1.0000,-0.0027,-0.0018,0.0022,0.9768,-0.2140,0.0024,0.2140,0.9768),
    }},
    {Time = 1.733, Data = {
      ["HumanoidRootPart"] = CFrame.new(0.0000,0.0000,0.0000,1.0000,0.0000,0.0000,0.0000,1.0000,0.0000,0.0000,0.0000,1.0000),
      ["LowerTorso"] = CFrame.new(-0.0049,0.0524,-0.0421,0.9777,-0.0413,0.2058,0.1055,0.9443,-0.3117,-0.1815,0.3265,0.9276),
      ["UpperTorso"] = CFrame.new(0.0000,0.0000,0.0000,0.9707,-0.0078,-0.2401,0.0212,0.9984,0.0531,0.2393,-0.0566,0.9693),
      ["LeftUpperArm"] = CFrame.new(0.0000,0.0000,0.0000,0.3655,-0.1861,-0.9120,-0.8754,0.2642,-0.4047,0.3163,0.9463,-0.0663),
      ["LeftLowerArm"] = CFrame.new(0.0000,0.0000,0.0000,1.0000,-0.0000,0.0000,0.0000,0.6473,-0.7622,0.0000,0.7622,0.6473),
      ["LeftHand"] = CFrame.new(0.0000,0.0000,0.0000,0.9533,0.0269,-0.3008,-0.1828,0.8443,-0.5038,0.2404,0.5353,0.8098),
      ["RightUpperArm"] = CFrame.new(0.0000,0.0000,0.0000,0.9356,0.0429,-0.3505,0.1962,0.7622,0.6170,0.2936,-0.6460,0.7046),
      ["RightLowerArm"] = CFrame.new(-0.0005,0.0000,0.0000,1.0000,-0.0009,-0.0001,0.0007,0.7936,-0.6085,0.0007,0.6085,0.7936),
      ["RightHand"] = CFrame.new(0.0000,-0.0001,0.0000,0.9831,0.1811,0.0277,-0.1820,0.9827,0.0339,-0.0211,-0.0384,0.9990),
      ["Head"] = CFrame.new(0.0000,0.0000,0.0000,0.9982,0.0599,0.0098,-0.0606,0.9910,0.1190,-0.0026,-0.1194,0.9928),
      ["RightUpperLeg"] = CFrame.new(0.0000,0.0000,0.0000,0.9788,-0.0513,-0.1983,-0.0313,0.9192,-0.3925,0.2024,0.3903,0.8981),
      ["RightLowerLeg"] = CFrame.new(0.0000,-0.0002,-0.0001,1.0000,-0.0000,0.0000,0.0000,0.5695,0.8220,-0.0000,-0.8220,0.5695),
      ["RightFoot"] = CFrame.new(0.0000,0.0002,0.0000,0.9999,0.0088,0.0060,-0.0104,0.9293,0.3691,-0.0023,-0.3691,0.9294),
      ["LeftUpperLeg"] = CFrame.new(0.0000,0.0000,0.0000,0.9778,0.1498,-0.1466,-0.0463,0.8368,0.5455,0.2044,-0.5266,0.8252),
      ["LeftLowerLeg"] = CFrame.new(0.0000,0.0000,0.0000,1.0000,-0.0000,0.0000,0.0000,1.0000,0.0005,-0.0000,-0.0005,1.0000),
      ["LeftFoot"] = CFrame.new(0.0000,0.0000,0.0000,1.0000,-0.0043,-0.0029,0.0035,0.9700,-0.2429,0.0039,0.2429,0.9701),
    }},
    {Time = 1.767, Data = {
      ["HumanoidRootPart"] = CFrame.new(0.0000,0.0000,0.0000,1.0000,0.0000,0.0000,0.0000,1.0000,0.0000,0.0000,0.0000,1.0000),
      ["LowerTorso"] = CFrame.new(-0.0051,0.0498,-0.0413,0.9724,-0.0441,0.2292,0.1163,0.9429,-0.3120,-0.2024,0.3301,0.9220),
      ["UpperTorso"] = CFrame.new(0.0000,0.0000,0.0000,0.9634,-0.0357,-0.2656,0.0502,0.9976,0.0482,0.2632,-0.0597,0.9629),
      ["LeftUpperArm"] = CFrame.new(0.0000,0.0000,0.0000,0.3762,-0.1789,-0.9091,-0.8735,0.2589,-0.4124,0.3091,0.9492,-0.0589),
      ["LeftLowerArm"] = CFrame.new(0.0000,0.0000,0.0000,1.0000,-0.0000,0.0000,0.0000,0.6348,-0.7727,0.0000,0.7727,0.6348),
      ["LeftHand"] = CFrame.new(0.0000,0.0000,0.0000,0.9564,0.0135,-0.2917,-0.1679,0.8428,-0.5114,0.2389,0.5381,0.8083),
      ["RightUpperArm"] = CFrame.new(0.0000,0.0000,0.0000,0.9160,0.1009,-0.3884,0.2247,0.6728,0.7048,0.3324,-0.7329,0.5936),
      ["RightLowerArm"] = CFrame.new(-0.0005,0.0000,0.0000,1.0000,-0.0009,-0.0000,0.0006,0.7223,-0.6916,0.0007,0.6916,0.7223),
      ["RightHand"] = CFrame.new(0.0000,-0.0001,0.0000,0.9897,0.1212,0.0766,-0.1339,0.9720,0.1930,-0.0510,-0.2013,0.9782),
      ["Head"] = CFrame.new(0.0000,0.0000,0.0000,0.9980,0.0610,0.0153,-0.0623,0.9920,0.1094,-0.0085,-0.1101,0.9939),
      ["RightUpperLeg"] = CFrame.new(0.0000,0.0000,0.0000,0.9734,-0.0432,-0.2249,-0.0326,0.9460,-0.3226,0.2267,0.3214,0.9194),
      ["RightLowerLeg"] = CFrame.new(0.0000,-0.0002,-0.0001,1.0000,-0.0000,0.0000,0.0000,0.7087,0.7055,-0.0000,-0.7055,0.7087),
      ["RightFoot"] = CFrame.new(0.0000,0.0002,0.0000,0.9999,0.0098,0.0067,-0.0115,0.9301,0.3672,-0.0026,-0.3673,0.9301),
      ["LeftUpperLeg"] = CFrame.new(0.0000,0.0000,0.0000,0.9725,0.1712,-0.1581,-0.0513,0.8192,0.5713,0.2273,-0.5474,0.8054),
      ["LeftLowerLeg"] = CFrame.new(0.0000,0.0000,0.0000,1.0000,-0.0000,0.0000,0.0000,1.0000,0.0005,-0.0000,-0.0005,1.0000),
      ["LeftFoot"] = CFrame.new(0.0000,0.0000,0.0000,1.0000,-0.0062,-0.0042,0.0048,0.9630,-0.2694,0.0057,0.2694,0.9630),
    }},
    {Time = 1.800, Data = {
      ["HumanoidRootPart"] = CFrame.new(0.0000,0.0000,0.0000,1.0000,0.0000,0.0000,0.0000,1.0000,0.0000,0.0000,0.0000,1.0000),
      ["LowerTorso"] = CFrame.new(-0.0051,0.0377,-0.0389,0.9670,-0.0469,0.2502,0.1257,0.9427,-0.3090,-0.2214,0.3302,0.9176),
      ["UpperTorso"] = CFrame.new(0.0000,0.0000,0.0000,0.9555,-0.0629,-0.2882,0.0785,0.9960,0.0426,0.2843,-0.0634,0.9566),
      ["LeftUpperArm"] = CFrame.new(0.0000,0.0000,0.0000,0.3859,-0.1718,-0.9064,-0.8717,0.2539,-0.4192,0.3021,0.9519,-0.0518),
      ["LeftLowerArm"] = CFrame.new(0.0000,0.0000,0.0000,1.0000,-0.0000,0.0000,0.0000,0.6226,-0.7826,0.0000,0.7826,0.6226),
      ["LeftHand"] = CFrame.new(0.0000,0.0000,0.0000,0.9592,0.0014,-0.2827,-0.1538,0.8416,-0.5177,0.2372,0.5401,0.8075),
      ["RightUpperArm"] = CFrame.new(0.0000,0.0000,0.0000,0.8973,0.1556,-0.4130,0.2592,0.5717,0.7785,0.3573,-0.8056,0.4727),
      ["RightLowerArm"] = CFrame.new(-0.0005,0.0000,0.0000,1.0000,-0.0009,0.0001,0.0006,0.6569,-0.7540,0.0007,0.7540,0.6569),
      ["RightHand"] = CFrame.new(0.0000,-0.0001,0.0000,0.9931,0.0390,0.1106,-0.0703,0.9526,0.2959,-0.0938,-0.3016,0.9488),
      ["Head"] = CFrame.new(0.0000,0.0000,0.0000,0.9979,0.0620,0.0207,-0.0638,0.9929,0.1005,-0.0144,-0.1016,0.9947),
      ["RightUpperLeg"] = CFrame.new(0.0000,0.0000,0.0000,0.9679,-0.0268,-0.2498,-0.0341,0.9711,-0.2363,0.2489,0.2372,0.9390),
      ["RightLowerLeg"] = CFrame.new(0.0000,-0.0002,-0.0001,1.0000,-0.0000,0.0000,0.0000,0.8433,0.5374,-0.0000,-0.5374,0.8433),
      ["RightFoot"] = CFrame.new(0.0000,0.0002,0.0000,0.9999,0.0107,0.0073,-0.0126,0.9242,0.3818,-0.0027,-0.3818,0.9242),
      ["LeftUpperLeg"] = CFrame.new(0.0000,0.0000,0.0000,0.9672,0.1912,-0.1672,-0.0567,0.8041,0.5919,0.2476,-0.5630,0.7885),
      ["LeftLowerLeg"] = CFrame.new(0.0000,0.0000,0.0000,1.0000,-0.0000,0.0000,0.0000,1.0000,0.0005,-0.0000,-0.0005,1.0000),
      ["LeftFoot"] = CFrame.new(0.0000,0.0000,0.0000,0.9999,-0.0083,-0.0057,0.0063,0.9558,-0.2938,0.0079,0.2937,0.9559),
    }},
    {Time = 1.833, Data = {
      ["HumanoidRootPart"] = CFrame.new(0.0000,0.0000,0.0000,1.0000,0.0000,0.0000,0.0000,1.0000,0.0000,0.0000,0.0000,1.0000),
      ["LowerTorso"] = CFrame.new(-0.0049,0.0177,-0.0353,0.9620,-0.0498,0.2685,0.1334,0.9436,-0.3031,-0.2383,0.3274,0.9143),
      ["UpperTorso"] = CFrame.new(0.0000,0.0000,0.0000,0.9473,-0.0892,-0.3076,0.1056,0.9937,0.0368,0.3024,-0.0674,0.9508),
      ["LeftUpperArm"] = CFrame.new(0.0000,0.0000,0.0000,0.3946,-0.1650,-0.9039,-0.8700,0.2493,-0.4253,0.2955,0.9543,-0.0451),
      ["LeftLowerArm"] = CFrame.new(0.0000,0.0000,0.0000,1.0000,-0.0000,0.0000,0.0000,0.6109,-0.7917,0.0000,0.7917,0.6109),
      ["LeftHand"] = CFrame.new(0.0000,0.0000,0.0000,0.9616,-0.0094,-0.2744,-0.1409,0.8408,-0.5226,0.2356,0.5412,0.8072),
      ["RightUpperArm"] = CFrame.new(0.0000,0.0000,0.0000,0.8793,0.2029,-0.4310,0.2989,0.4696,0.8308,0.3709,-0.8593,0.3523),
      ["RightLowerArm"] = CFrame.new(-0.0005,0.0000,0.0000,1.0000,-0.0009,0.0001,0.0006,0.6110,-0.7916,0.0007,0.7916,0.6110),
      ["RightHand"] = CFrame.new(0.0000,-0.0001,0.0000,0.9899,-0.0491,0.1327,-0.0001,0.9376,0.3477,-0.1415,-0.3442,0.9282),
      ["Head"] = CFrame.new(0.0000,0.0000,0.0000,0.9977,0.0630,0.0259,-0.0651,0.9936,0.0926,-0.0199,-0.0940,0.9954),
      ["RightUpperLeg"] = CFrame.new(0.0000,0.0000,0.0000,0.9626,0.0077,-0.2708,-0.0359,0.9944,-0.0997,0.2685,0.1057,0.9575),
      ["RightLowerLeg"] = CFrame.new(0.0000,-0.0002,-0.0001,1.0000,-0.0000,0.0000,0.0000,0.9678,0.2516,-0.0000,-0.2516,0.9678),
      ["RightFoot"] = CFrame.new(0.0000,0.0002,0.0000,0.9999,0.0114,0.0078,-0.0137,0.8962,0.4435,-0.0019,-0.4436,0.8962),
      ["LeftUpperLeg"] = CFrame.new(0.0000,0.0000,0.0000,0.9622,0.2093,-0.1741,-0.0623,0.7917,0.6077,0.2651,-0.5739,0.7748),
      ["LeftLowerLeg"] = CFrame.new(0.0000,0.0000,0.0000,1.0000,-0.0000,0.0000,0.0000,1.0000,0.0005,-0.0000,-0.0005,1.0000),
      ["LeftFoot"] = CFrame.new(0.0000,0.0000,0.0000,0.9999,-0.0107,-0.0073,0.0078,0.9488,-0.3159,0.0103,0.3158,0.9488),
    }},
    {Time = 1.867, Data = {
      ["HumanoidRootPart"] = CFrame.new(0.0000,0.0000,0.0000,1.0000,0.0000,0.0000,0.0000,1.0000,0.0000,0.0000,0.0000,1.0000),
      ["LowerTorso"] = CFrame.new(-0.0045,-0.0088,-0.0308,0.9574,-0.0526,0.2840,0.1393,0.9454,-0.2947,-0.2530,0.3217,0.9124),
      ["UpperTorso"] = CFrame.new(0.0000,0.0000,0.0000,0.9392,-0.1143,-0.3237,0.1312,0.9909,0.0310,0.3172,-0.0716,0.9457),
      ["LeftUpperArm"] = CFrame.new(0.0000,0.0000,0.0000,0.4021,-0.1585,-0.9018,-0.8686,0.2453,-0.4305,0.2894,0.9564,-0.0390),
      ["LeftLowerArm"] = CFrame.new(0.0000,0.0000,0.0000,1.0000,-0.0000,0.0000,0.0000,0.6000,-0.8000,0.0000,0.8000,0.6000),
      ["LeftHand"] = CFrame.new(0.0000,0.0000,0.0000,0.9635,-0.0187,-0.2669,-0.1294,0.8405,-0.5262,0.2342,0.5415,0.8074),
      ["RightUpperArm"] = CFrame.new(0.0000,0.0000,0.0000,0.8612,0.2397,-0.4482,0.3427,0.3775,0.8603,0.3754,-0.8945,0.2429),
      ["RightLowerArm"] = CFrame.new(-0.0005,0.0000,0.0000,1.0000,-0.0009,0.0000,0.0006,0.5932,-0.8050,0.0007,0.8050,0.5932),
      ["RightHand"] = CFrame.new(0.0000,-0.0001,0.0000,0.9802,-0.1318,0.1477,0.0712,0.9310,0.3581,-0.1847,-0.3404,0.9219),
      ["Head"] = CFrame.new(0.0000,0.0000,0.0000,0.9975,0.0639,0.0308,-0.0663,0.9941,0.0858,-0.0252,-0.0876,0.9958),
      ["RightUpperLeg"] = CFrame.new(0.0000,0.0000,0.0000,0.9577,0.0380,-0.2853,-0.0380,0.9993,0.0054,0.2853,0.0057,0.9584),
      ["RightLowerLeg"] = CFrame.new(0.0000,-0.0002,-0.0001,1.0000,-0.0000,0.0000,0.0000,1.0000,0.0004,-0.0000,-0.0004,1.0000),
      ["RightFoot"] = CFrame.new(0.0000,0.0002,0.0000,0.9999,0.0120,0.0082,-0.0145,0.8727,0.4881,-0.0013,-0.4882,0.8727),
      ["LeftUpperLeg"] = CFrame.new(0.0000,0.0000,0.0000,0.9577,0.2251,-0.1792,-0.0680,0.7823,0.6192,0.2795,-0.5809,0.7645),
      ["LeftLowerLeg"] = CFrame.new(0.0000,0.0000,0.0000,1.0000,-0.0000,0.0000,0.0000,1.0000,0.0005,-0.0000,-0.0005,1.0000),
      ["LeftFoot"] = CFrame.new(0.0000,0.0000,0.0000,0.9999,-0.0133,-0.0091,0.0095,0.9419,-0.3357,0.0130,0.3356,0.9419),
    }},
    {Time = 1.900, Data = {
      ["HumanoidRootPart"] = CFrame.new(0.0000,0.0000,0.0000,1.0000,0.0000,0.0000,0.0000,1.0000,0.0000,0.0000,0.0000,1.0000),
      ["LowerTorso"] = CFrame.new(-0.0038,-0.0402,-0.0255,0.9535,-0.0552,0.2963,0.1433,0.9480,-0.2843,-0.2651,0.3136,0.9118),
      ["UpperTorso"] = CFrame.new(0.0000,0.0000,0.0000,0.9317,-0.1378,-0.3362,0.1552,0.9876,0.0253,0.3285,-0.0758,0.9415),
      ["LeftUpperArm"] = CFrame.new(0.0000,0.0000,0.0000,0.4084,-0.1524,-0.9000,-0.8675,0.2421,-0.4347,0.2841,0.9582,-0.0334),
      ["LeftLowerArm"] = CFrame.new(0.0000,0.0000,0.0000,1.0000,-0.0000,0.0000,0.0000,0.5900,-0.8074,0.0000,0.8074,0.5900),
      ["LeftHand"] = CFrame.new(0.0000,0.0000,0.0000,0.9651,-0.0264,-0.2606,-0.1197,0.8406,-0.5283,0.2330,0.5410,0.8081),
      ["RightUpperArm"] = CFrame.new(0.0000,0.0000,0.0000,0.8436,0.2638,-0.4678,0.3877,0.3036,0.8704,0.3716,-0.9156,0.1538),
      ["RightLowerArm"] = CFrame.new(-0.0005,0.0000,0.0000,1.0000,-0.0009,0.0000,0.0006,0.6059,-0.7956,0.0007,0.7956,0.6059),
      ["RightHand"] = CFrame.new(0.0000,-0.0001,0.0000,0.9663,-0.2032,0.1582,0.1404,0.9308,0.3375,-0.2158,-0.3039,0.9279),
      ["Head"] = CFrame.new(0.0000,0.0000,0.0000,0.9973,0.0646,0.0353,-0.0673,0.9945,0.0803,-0.0300,-0.0825,0.9961),
      ["RightUpperLeg"] = CFrame.new(0.0000,0.0000,0.0000,0.9534,0.0311,-0.3000,-0.0404,0.9989,-0.0249,0.2989,0.0358,0.9536),
      ["RightLowerLeg"] = CFrame.new(0.0000,-0.0002,-0.0001,1.0000,-0.0000,0.0000,0.0000,1.0000,0.0004,-0.0000,-0.0004,1.0000),
      ["RightFoot"] = CFrame.new(0.0000,0.0002,0.0000,0.9999,0.0125,0.0085,-0.0149,0.8984,0.4388,-0.0022,-0.4389,0.8985),
      ["LeftUpperLeg"] = CFrame.new(0.0000,0.0000,0.0000,0.9539,0.2381,-0.1825,-0.0738,0.7760,0.6264,0.2908,-0.5841,0.7578),
      ["LeftLowerLeg"] = CFrame.new(0.0000,0.0000,0.0000,1.0000,-0.0000,0.0000,0.0000,1.0000,0.0005,-0.0000,-0.0005,1.0000),
      ["LeftFoot"] = CFrame.new(0.0000,0.0000,0.0000,0.9998,-0.0160,-0.0109,0.0111,0.9356,-0.3528,0.0159,0.3526,0.9356),
    }},
    {Time = 1.933, Data = {
      ["HumanoidRootPart"] = CFrame.new(0.0000,0.0000,0.0000,1.0000,0.0000,0.0000,0.0000,1.0000,0.0000,0.0000,0.0000,1.0000),
      ["LowerTorso"] = CFrame.new(-0.0029,-0.0751,-0.0199,0.9505,-0.0577,0.3053,0.1452,0.9512,-0.2723,-0.2746,0.3032,0.9125),
      ["UpperTorso"] = CFrame.new(0.0000,0.0000,0.0000,0.9250,-0.1595,-0.3450,0.1772,0.9840,0.0202,0.3362,-0.0798,0.9384),
      ["LeftUpperArm"] = CFrame.new(0.0000,0.0000,0.0000,0.4133,-0.1470,-0.8987,-0.8665,0.2397,-0.4377,0.2798,0.9596,-0.0283),
      ["LeftLowerArm"] = CFrame.new(0.0000,0.0000,0.0000,1.0000,-0.0000,0.0000,0.0000,0.5812,-0.8138,0.0000,0.8138,0.5812),
      ["LeftHand"] = CFrame.new(0.0000,0.0000,0.0000,0.9662,-0.0324,-0.2559,-0.1120,0.8412,-0.5290,0.2324,0.5398,0.8091),
      ["RightUpperArm"] = CFrame.new(0.0000,0.0000,0.0000,0.8282,0.2735,-0.4892,0.4290,0.2522,0.8674,0.3606,-0.9282,0.0915),
      ["RightLowerArm"] = CFrame.new(-0.0005,0.0000,0.0000,1.0000,-0.0009,0.0000,0.0006,0.6458,-0.7635,0.0007,0.7635,0.6458),
      ["RightHand"] = CFrame.new(0.0000,-0.0001,0.0000,0.9513,-0.2612,0.1637,0.2051,0.9327,0.2966,-0.2301,-0.2485,0.9409),
      ["Head"] = CFrame.new(0.0000,0.0000,0.0000,0.9971,0.0652,0.0394,-0.0681,0.9948,0.0763,-0.0342,-0.0788,0.9963),
      ["RightUpperLeg"] = CFrame.new(0.0000,0.0000,0.0000,0.9501,0.0236,-0.3110,-0.0428,0.9976,-0.0552,0.3090,0.0657,0.9488),
      ["RightLowerLeg"] = CFrame.new(0.0000,-0.0002,-0.0001,1.0000,-0.0000,0.0000,0.0000,1.0000,0.0004,-0.0000,-0.0004,1.0000),
      ["RightFoot"] = CFrame.new(0.0000,0.0002,0.0000,0.9999,0.0126,0.0087,-0.0150,0.9151,0.4029,-0.0029,-0.4030,0.9152),
      ["LeftUpperLeg"] = CFrame.new(0.0000,0.0000,0.0000,0.9511,0.2097,-0.2269,-0.0794,0.8756,0.4764,0.2986,-0.4351,0.8494),
      ["LeftLowerLeg"] = CFrame.new(0.0000,0.0000,0.0000,1.0000,-0.0000,0.0000,0.0000,0.9395,0.3424,-0.0000,-0.3424,0.9395),
      ["LeftFoot"] = CFrame.new(0.0000,0.0000,0.0000,0.9997,-0.0187,-0.0128,0.0095,0.8578,-0.5139,0.0206,0.5136,0.8578),
    }},
    {Time = 1.967, Data = {
      ["HumanoidRootPart"] = CFrame.new(0.0000,0.0000,0.0000,1.0000,0.0000,0.0000,0.0000,1.0000,0.0000,0.0000,0.0000,1.0000),
      ["LowerTorso"] = CFrame.new(-0.0016,-0.1120,-0.0142,0.9486,-0.0598,0.3107,0.1450,0.9549,-0.2590,-0.2812,0.2908,0.9145),
      ["UpperTorso"] = CFrame.new(0.0000,0.0000,0.0000,0.9195,-0.1792,-0.3499,0.1970,0.9803,0.0157,0.3402,-0.0834,0.9367),
      ["LeftUpperArm"] = CFrame.new(0.0000,0.0000,0.0000,0.4167,-0.1422,-0.8979,-0.8659,0.2385,-0.4397,0.2766,0.9607,-0.0237),
      ["LeftLowerArm"] = CFrame.new(0.0000,0.0000,0.0000,1.0000,-0.0000,0.0000,0.0000,0.5735,-0.8192,0.0000,0.8192,0.5735),
      ["LeftHand"] = CFrame.new(0.0000,0.0000,0.0000,0.9667,-0.0364,-0.2531,-0.1066,0.8423,-0.5283,0.2325,0.5377,0.8104),
      ["RightUpperArm"] = CFrame.new(0.0000,0.0000,0.0000,0.8177,0.2686,-0.5091,0.4611,0.2237,0.8587,0.3445,-0.9369,0.0591),
      ["RightLowerArm"] = CFrame.new(-0.0005,0.0000,0.0000,1.0000,-0.0009,0.0000,0.0007,0.7054,-0.7088,0.0007,0.7088,0.7054),
      ["RightHand"] = CFrame.new(0.0000,-0.0001,0.0000,0.9378,-0.3069,0.1621,0.2628,0.9330,0.2459,-0.2267,-0.1880,0.9557),
      ["Head"] = CFrame.new(0.0000,0.0000,0.0000,0.9969,0.0656,0.0429,-0.0687,0.9949,0.0740,-0.0378,-0.0767,0.9963),
      ["RightUpperLeg"] = CFrame.new(0.0000,0.0000,0.0000,0.9480,0.0161,-0.3179,-0.0452,0.9954,-0.0844,0.3151,0.0944,0.9443),
      ["RightLowerLeg"] = CFrame.new(0.0000,-0.0002,-0.0001,1.0000,-0.0000,0.0000,0.0000,1.0000,0.0004,-0.0000,-0.0004,1.0000),
      ["RightFoot"] = CFrame.new(0.0000,0.0002,0.0000,0.9999,0.0126,0.0086,-0.0149,0.9235,0.3832,-0.0031,-0.3833,0.9236),
      ["LeftUpperLeg"] = CFrame.new(0.0000,0.0000,0.0000,0.9493,0.1938,-0.2475,-0.0844,0.9156,0.3932,0.3028,-0.3524,0.8855),
      ["LeftLowerLeg"] = CFrame.new(0.0000,0.0000,0.0000,1.0000,-0.0000,0.0000,0.0000,0.8674,0.4976,-0.0000,-0.4976,0.8674),
      ["LeftFoot"] = CFrame.new(0.0000,0.0000,0.0000,0.9997,-0.0214,-0.0146,0.0086,0.8070,-0.5904,0.0244,0.5901,0.8070),
    }},
    {Time = 2.000, Data = {
      ["HumanoidRootPart"] = CFrame.new(0.0000,0.0000,0.0000,1.0000,0.0000,0.0000,0.0000,1.0000,0.0000,0.0000,0.0000,1.0000),
      ["LowerTorso"] = CFrame.new(-0.0000,-0.1493,-0.0088,0.9480,-0.0613,0.3125,0.1427,0.9590,-0.2448,-0.2846,0.2767,0.9178),
      ["UpperTorso"] = CFrame.new(0.0000,0.0000,0.0000,0.9156,-0.1966,-0.3507,0.2144,0.9767,0.0123,0.3401,-0.0865,0.9364),
      ["LeftUpperArm"] = CFrame.new(0.0000,0.0000,0.0000,0.4185,-0.1381,-0.8976,-0.8656,0.2385,-0.4403,0.2749,0.9613,-0.0197),
      ["LeftLowerArm"] = CFrame.new(0.0000,0.0000,0.0000,1.0000,-0.0000,0.0000,0.0000,0.5674,-0.8235,0.0000,0.8235,0.5674),
      ["LeftHand"] = CFrame.new(0.0000,0.0000,0.0000,0.9668,-0.0384,-0.2525,-0.1039,0.8440,-0.5261,0.2333,0.5349,0.8120),
      ["RightUpperArm"] = CFrame.new(0.0000,0.0000,0.0000,0.8151,0.2504,-0.5224,0.4786,0.2169,0.8508,0.3264,-0.9435,0.0570),
      ["RightLowerArm"] = CFrame.new(-0.0005,0.0000,0.0000,1.0000,-0.0009,-0.0001,0.0007,0.7743,-0.6328,0.0007,0.6328,0.7743),
      ["RightHand"] = CFrame.new(0.0000,-0.0001,0.0000,0.9274,-0.3422,0.1508,0.3112,0.9298,0.1965,-0.2075,-0.1353,0.9688),
      ["Head"] = CFrame.new(0.0000,0.0000,0.0000,0.9968,0.0658,0.0458,-0.0690,0.9949,0.0735,-0.0407,-0.0765,0.9962),
      ["RightUpperLeg"] = CFrame.new(0.0000,0.0000,0.0000,0.9472,0.0091,-0.3205,-0.0473,0.9926,-0.1115,0.3171,0.1208,0.9407),
      ["RightLowerLeg"] = CFrame.new(0.0000,-0.0002,-0.0001,1.0000,-0.0000,0.0000,0.0000,1.0000,0.0004,-0.0000,-0.0004,1.0000),
      ["RightFoot"] = CFrame.new(0.0000,0.0002,0.0000,0.9999,0.0122,0.0083,-0.0144,0.9238,0.3825,-0.0030,-0.3826,0.9239),
      ["LeftUpperLeg"] = CFrame.new(0.0000,0.0000,0.0000,0.9488,0.1772,-0.2615,-0.0886,0.9439,0.3182,0.3032,-0.2787,0.9112),
      ["LeftLowerLeg"] = CFrame.new(0.0000,0.0000,0.0000,1.0000,-0.0000,0.0000,0.0000,0.7913,0.6114,-0.0000,-0.6114,0.7913),
      ["LeftFoot"] = CFrame.new(0.0000,0.0000,0.0000,0.9996,-0.0238,-0.0163,0.0076,0.7629,-0.6464,0.0278,0.6461,0.7628),
    }},
  }
}
