return {
  ["137106420747124"] = {
    {Time = 0.000, Data = {
      ["HumanoidRootPart"] = CFrame.new(0.0000,0.0000,0.0000,1.0000,0.0000,0.0000,0.0000,1.0000,0.0000,0.0000,0.0000,1.0000),
      ["LowerTorso"] = CFrame.new(0.1719,2.0079,0.3563,0.9007,0.2968,0.3173,0.0000,0.7303,-0.6831,-0.4345,0.6153,0.6578),
      ["UpperTorso"] = CFrame.new(0.0000,0.0000,0.0000,0.9407,-0.1314,0.3129,0.1383,0.9904,-0.0000,-0.3099,0.0433,0.9498),
      ["LeftUpperArm"] = CFrame.new(0.0000,0.0000,0.0000,0.7902,-0.0000,0.6129,-0.5653,0.3861,0.7289,-0.2366,-0.9225,0.3051),
      ["LeftLowerArm"] = CFrame.new(0.0000,0.0000,0.0000,1.0000,0.0017,0.0071,0.0000,0.9735,-0.2288,-0.0073,0.2288,0.9735),
      ["RightUpperArm"] = CFrame.new(0.0729,-0.3496,0.1279,-0.2291,-0.9703,-0.0773,0.9732,-0.2298,0.0000,-0.0178,-0.0753,0.9970),
      ["RightLowerArm"] = CFrame.new(0.0000,0.0000,0.0000,0.7483,-0.6633,0.0025,-0.0118,-0.0171,-0.9998,0.6632,0.7481,-0.0207),
      ["RightHand"] = CFrame.new(0.0000,0.0000,0.0000,0.9913,0.0344,0.1270,-0.0000,0.9652,-0.2615,-0.1316,0.2592,0.9568),
      ["Head"] = CFrame.new(1.1968,0.4461,-1.0440,0.8929,0.3442,-0.2903,-0.0273,0.6850,0.7280,0.4494,-0.6421,0.6211),
      ["RightUpperLeg"] = CFrame.new(0.0000,0.0000,0.0000,0.7112,-0.0000,-0.7029,0.0000,1.0000,-0.0000,0.7029,0.0000,0.7112),
      ["RightLowerLeg"] = CFrame.new(0.0000,0.0000,0.0000,1.0000,-0.0000,0.0000,0.0000,0.7988,0.6016,-0.0000,-0.6016,0.7988),
      ["RightFoot"] = CFrame.new(0.0000,0.0000,0.0000,1.0000,-0.0000,0.0000,0.0000,0.8091,0.5876,-0.0000,-0.5876,0.8091),
      ["LeftUpperLeg"] = CFrame.new(0.0000,0.0000,0.0000,0.9602,-0.2409,0.1411,0.2792,0.8285,-0.4854,-0.0000,0.5055,0.8628),
      ["LeftLowerLeg"] = CFrame.new(0.0000,0.0000,0.0000,1.0000,-0.0000,0.0000,0.0000,0.8859,0.4639,-0.0000,-0.4639,0.8859),
      ["LeftFoot"] = CFrame.new(0.0000,0.0000,0.0000,1.0000,-0.0000,0.0000,0.0000,0.9695,0.2451,-0.0000,-0.2451,0.9695),
    }},
    {Time = 0.033, Data = {
      ["HumanoidRootPart"] = CFrame.new(0.0000,0.0000,0.0000,1.0000,0.0000,0.0000,0.0000,1.0000,0.0000,0.0000,0.0000,1.0000),
      ["LowerTorso"] = CFrame.new(0.1705,2.0160,0.3533,0.9007,0.2968,0.3173,0.0000,0.7303,-0.6831,-0.4345,0.6153,0.6578),
      ["UpperTorso"] = CFrame.new(0.0000,0.0000,0.0000,0.9410,-0.1288,0.3129,0.1356,0.9908,-0.0000,-0.3100,0.0424,0.9498),
      ["LeftUpperArm"] = CFrame.new(0.0000,0.0000,0.0000,0.7942,-0.0000,0.6076,-0.5605,0.3861,0.7326,-0.2346,-0.9225,0.3066),
      ["LeftLowerArm"] = CFrame.new(0.0000,0.0000,0.0000,1.0000,0.0017,0.0071,0.0000,0.9735,-0.2288,-0.0073,0.2288,0.9735),
      ["RightUpperArm"] = CFrame.new(0.0710,-0.3405,0.1246,-0.2166,-0.9732,-0.0776,0.9761,-0.2173,0.0011,-0.0179,-0.0755,0.9970),
      ["RightLowerArm"] = CFrame.new(0.0000,0.0000,0.0000,0.7483,-0.6633,0.0025,-0.0118,-0.0171,-0.9998,0.6632,0.7481,-0.0207),
      ["RightHand"] = CFrame.new(0.0000,0.0000,0.0000,0.9913,0.0344,0.1270,-0.0000,0.9652,-0.2615,-0.1316,0.2592,0.9568),
      ["Head"] = CFrame.new(1.2022,0.4505,-1.0384,0.8063,0.4691,-0.3602,0.0196,0.5875,0.8090,0.5911,-0.6594,0.4645),
      ["RightUpperLeg"] = CFrame.new(0.0000,0.0000,0.0000,0.7116,-0.0034,-0.7026,-0.0000,1.0000,-0.0049,0.7026,0.0035,0.7116),
      ["RightLowerLeg"] = CFrame.new(0.0000,0.0000,0.0000,1.0000,-0.0000,0.0000,0.0000,0.7980,0.6027,-0.0000,-0.6027,0.7980),
      ["RightFoot"] = CFrame.new(0.0000,0.0000,0.0000,1.0000,-0.0000,0.0000,0.0000,0.8155,0.5788,-0.0000,-0.5788,0.8155),
      ["LeftUpperLeg"] = CFrame.new(0.0000,0.0000,0.0000,0.9602,-0.2404,0.1419,0.2792,0.8270,-0.4880,0.0000,0.5082,0.8613),
      ["LeftLowerLeg"] = CFrame.new(0.0000,0.0000,0.0000,1.0000,-0.0000,0.0000,0.0000,0.8803,0.4744,-0.0000,-0.4744,0.8803),
      ["LeftFoot"] = CFrame.new(0.0000,0.0000,0.0000,1.0000,-0.0000,0.0000,0.0000,0.9690,0.2471,-0.0000,-0.2471,0.9690),
    }},
    {Time = 0.067, Data = {
      ["HumanoidRootPart"] = CFrame.new(0.0000,0.0000,0.0000,1.0000,0.0000,0.0000,0.0000,1.0000,0.0000,0.0000,0.0000,1.0000),
      ["LowerTorso"] = CFrame.new(0.1690,2.0242,0.3503,0.9007,0.2968,0.3173,0.0000,0.7303,-0.6831,-0.4345,0.6153,0.6578),
      ["UpperTorso"] = CFrame.new(0.0000,0.0000,0.0000,0.9414,-0.1263,0.3129,0.1329,0.9911,-0.0000,-0.3101,0.0416,0.9498),
      ["LeftUpperArm"] = CFrame.new(0.0000,0.0000,0.0000,0.7982,-0.0000,0.6024,-0.5557,0.3861,0.7363,-0.2326,-0.9225,0.3082),
      ["LeftLowerArm"] = CFrame.new(0.0000,0.0000,0.0000,1.0000,0.0017,0.0071,-0.0000,0.9735,-0.2288,-0.0073,0.2288,0.9735),
      ["RightUpperArm"] = CFrame.new(0.0691,-0.3315,0.1213,-0.2040,-0.9759,-0.0778,0.9788,-0.2048,0.0021,-0.0180,-0.0757,0.9970),
      ["RightLowerArm"] = CFrame.new(0.0000,0.0000,0.0000,0.7483,-0.6633,0.0025,-0.0118,-0.0171,-0.9998,0.6632,0.7481,-0.0207),
      ["RightHand"] = CFrame.new(0.0000,0.0000,0.0000,0.9913,0.0344,0.1270,-0.0000,0.9652,-0.2615,-0.1316,0.2592,0.9568),
      ["Head"] = CFrame.new(1.2076,0.4549,-1.0328,0.6993,0.5724,-0.4282,0.1038,0.5113,0.8531,0.7073,-0.6410,0.2981),
      ["RightUpperLeg"] = CFrame.new(0.0000,0.0000,0.0000,0.7119,-0.0069,-0.7023,-0.0001,1.0000,-0.0099,0.7023,0.0071,0.7118),
      ["RightLowerLeg"] = CFrame.new(0.0000,0.0000,0.0000,1.0000,-0.0000,0.0000,0.0000,0.7972,0.6037,-0.0000,-0.6037,0.7972),
      ["RightFoot"] = CFrame.new(0.0000,0.0000,0.0000,1.0000,-0.0000,0.0000,0.0000,0.8217,0.5699,-0.0000,-0.5699,0.8217),
      ["LeftUpperLeg"] = CFrame.new(0.0000,0.0000,0.0000,0.9603,-0.2400,0.1426,0.2791,0.8255,-0.4906,0.0000,0.5109,0.8597),
      ["LeftLowerLeg"] = CFrame.new(0.0000,0.0000,0.0000,1.0000,-0.0000,0.0000,0.0000,0.8746,0.4849,-0.0000,-0.4849,0.8746),
      ["LeftFoot"] = CFrame.new(0.0000,0.0000,0.0000,1.0000,-0.0000,0.0000,0.0000,0.9685,0.2492,-0.0000,-0.2492,0.9685),
    }},
    {Time = 0.100, Data = {
      ["HumanoidRootPart"] = CFrame.new(0.0000,0.0000,0.0000,1.0000,0.0000,0.0000,0.0000,1.0000,0.0000,0.0000,0.0000,1.0000),
      ["LowerTorso"] = CFrame.new(0.1676,2.0324,0.3473,0.9007,0.2968,0.3173,0.0000,0.7303,-0.6831,-0.4345,0.6153,0.6578),
      ["UpperTorso"] = CFrame.new(0.0000,0.0000,0.0000,0.9417,-0.1237,0.3129,0.1302,0.9915,-0.0000,-0.3102,0.0408,0.9498),
      ["LeftUpperArm"] = CFrame.new(0.0000,0.0000,0.0000,0.8022,-0.0000,0.5971,-0.5508,0.3861,0.7400,-0.2305,-0.9225,0.3097),
      ["LeftLowerArm"] = CFrame.new(0.0000,0.0000,0.0000,1.0000,0.0017,0.0071,0.0000,0.9735,-0.2288,-0.0073,0.2288,0.9735),
      ["RightUpperArm"] = CFrame.new(0.0672,-0.3224,0.1180,-0.1914,-0.9784,-0.0781,0.9813,-0.1923,0.0032,-0.0181,-0.0760,0.9969),
      ["RightLowerArm"] = CFrame.new(0.0000,0.0000,0.0000,0.7483,-0.6633,0.0025,-0.0118,-0.0171,-0.9998,0.6632,0.7481,-0.0207),
      ["RightHand"] = CFrame.new(0.0000,0.0000,0.0000,0.9913,0.0344,0.1270,0.0000,0.9652,-0.2615,-0.1316,0.2592,0.9568),
      ["Head"] = CFrame.new(1.2130,0.4594,-1.0272,0.5772,0.6504,-0.4938,0.2114,0.4651,0.8596,0.7888,-0.6005,0.1310),
      ["RightUpperLeg"] = CFrame.new(0.0000,0.0000,0.0000,0.7122,-0.0103,-0.7019,-0.0001,0.9999,-0.0148,0.7020,0.0106,0.7121),
      ["RightLowerLeg"] = CFrame.new(0.0000,0.0000,0.0000,1.0000,-0.0000,0.0000,0.0000,0.7964,0.6048,-0.0000,-0.6048,0.7964),
      ["RightFoot"] = CFrame.new(0.0000,0.0000,0.0000,1.0000,-0.0000,0.0000,0.0000,0.8279,0.5609,-0.0000,-0.5609,0.8279),
      ["LeftUpperLeg"] = CFrame.new(0.0000,0.0000,0.0000,0.9603,-0.2395,0.1433,0.2791,0.8240,-0.4931,0.0000,0.5135,0.8581),
      ["LeftLowerLeg"] = CFrame.new(0.0000,0.0000,0.0000,1.0000,-0.0000,0.0000,0.0000,0.8688,0.4952,-0.0000,-0.4952,0.8688),
      ["LeftFoot"] = CFrame.new(0.0000,0.0000,0.0000,1.0000,-0.0000,0.0000,0.0000,0.9679,0.2512,-0.0000,-0.2512,0.9679),
    }},
    {Time = 0.133, Data = {
      ["HumanoidRootPart"] = CFrame.new(0.0000,0.0000,0.0000,1.0000,0.0000,0.0000,0.0000,1.0000,0.0000,0.0000,0.0000,1.0000),
      ["LowerTorso"] = CFrame.new(0.1661,2.0405,0.3443,0.9007,0.2968,0.3173,0.0000,0.7303,-0.6831,-0.4345,0.6153,0.6578),
      ["UpperTorso"] = CFrame.new(0.0000,0.0000,0.0000,0.9420,-0.1211,0.3129,0.1275,0.9918,-0.0000,-0.3103,0.0399,0.9498),
      ["LeftUpperArm"] = CFrame.new(0.0000,0.0000,0.0000,0.8061,-0.0000,0.5918,-0.5459,0.3861,0.7436,-0.2285,-0.9225,0.3112),
      ["LeftLowerArm"] = CFrame.new(0.0000,0.0000,0.0000,1.0000,0.0017,0.0071,0.0000,0.9735,-0.2288,-0.0073,0.2288,0.9735),
      ["RightUpperArm"] = CFrame.new(0.0653,-0.3133,0.1147,-0.1788,-0.9808,-0.0783,0.9837,-0.1797,0.0042,-0.0182,-0.0763,0.9969),
      ["RightLowerArm"] = CFrame.new(0.0000,0.0000,0.0000,0.7483,-0.6633,0.0025,-0.0118,-0.0171,-0.9998,0.6632,0.7481,-0.0207),
      ["RightHand"] = CFrame.new(0.0000,0.0000,0.0000,0.9913,0.0344,0.1270,-0.0000,0.9652,-0.2615,-0.1316,0.2592,0.9568),
      ["Head"] = CFrame.new(1.2183,0.4638,-1.0216,0.4460,0.7008,-0.5568,0.3273,0.4513,0.8302,0.8330,-0.5525,-0.0281),
      ["RightUpperLeg"] = CFrame.new(0.0000,0.0000,0.0000,0.7124,-0.0138,-0.7016,-0.0001,0.9998,-0.0197,0.7018,0.0141,0.7123),
      ["RightLowerLeg"] = CFrame.new(0.0000,0.0000,0.0000,1.0000,-0.0000,0.0000,0.0000,0.7956,0.6058,-0.0000,-0.6058,0.7956),
      ["RightFoot"] = CFrame.new(0.0000,0.0000,0.0000,1.0000,-0.0000,0.0000,0.0000,0.8339,0.5519,-0.0000,-0.5519,0.8339),
      ["LeftUpperLeg"] = CFrame.new(0.0000,0.0000,0.0000,0.9603,-0.2390,0.1440,0.2790,0.8224,-0.4957,0.0000,0.5162,0.8565),
      ["LeftLowerLeg"] = CFrame.new(0.0000,0.0000,0.0000,1.0000,-0.0000,0.0000,0.0000,0.8628,0.5056,-0.0000,-0.5056,0.8628),
      ["LeftFoot"] = CFrame.new(0.0000,0.0000,0.0000,1.0000,-0.0000,0.0000,0.0000,0.9674,0.2532,-0.0000,-0.2532,0.9674),
    }},
    {Time = 0.167, Data = {
      ["HumanoidRootPart"] = CFrame.new(0.0000,0.0000,0.0000,1.0000,0.0000,0.0000,0.0000,1.0000,0.0000,0.0000,0.0000,1.0000),
      ["LowerTorso"] = CFrame.new(0.1647,2.0487,0.3413,0.9007,0.2968,0.3173,0.0000,0.7303,-0.6831,-0.4345,0.6153,0.6578),
      ["UpperTorso"] = CFrame.new(0.0000,0.0000,0.0000,0.9424,-0.1186,0.3129,0.1248,0.9922,-0.0000,-0.3104,0.0391,0.9498),
      ["LeftUpperArm"] = CFrame.new(0.0000,0.0000,0.0000,0.8100,-0.0000,0.5865,-0.5410,0.3861,0.7472,-0.2264,-0.9225,0.3127),
      ["LeftLowerArm"] = CFrame.new(0.0000,0.0000,0.0000,1.0000,0.0017,0.0071,0.0000,0.9735,-0.2288,-0.0073,0.2288,0.9735),
      ["RightUpperArm"] = CFrame.new(0.0634,-0.3042,0.1113,-0.1662,-0.9830,-0.0786,0.9859,-0.1671,0.0053,-0.0183,-0.0766,0.9969),
      ["RightLowerArm"] = CFrame.new(0.0000,0.0000,0.0000,0.7483,-0.6633,0.0025,-0.0118,-0.0171,-0.9998,0.6632,0.7481,-0.0207),
      ["RightHand"] = CFrame.new(0.0000,0.0000,0.0000,0.9913,0.0344,0.1270,-0.0000,0.9652,-0.2615,-0.1316,0.2592,0.9568),
      ["Head"] = CFrame.new(1.2237,0.4683,-1.0160,0.3122,0.7227,-0.6167,0.4380,0.4665,0.7684,0.8430,-0.5100,-0.1709),
      ["RightUpperLeg"] = CFrame.new(0.0000,0.0000,0.0000,0.7127,-0.0173,-0.7013,-0.0001,0.9997,-0.0247,0.7015,0.0177,0.7125),
      ["RightLowerLeg"] = CFrame.new(0.0000,0.0000,0.0000,1.0000,-0.0000,0.0000,0.0000,0.7948,0.6069,-0.0000,-0.6069,0.7948),
      ["RightFoot"] = CFrame.new(0.0000,0.0000,0.0000,1.0000,-0.0000,0.0000,0.0000,0.8398,0.5428,-0.0000,-0.5428,0.8398),
      ["LeftUpperLeg"] = CFrame.new(0.0000,0.0000,0.0000,0.9603,-0.2385,0.1448,0.2790,0.8209,-0.4983,0.0000,0.5189,0.8549),
      ["LeftLowerLeg"] = CFrame.new(0.0000,0.0000,0.0000,1.0000,-0.0000,0.0000,0.0000,0.8567,0.5158,-0.0000,-0.5158,0.8567),
      ["LeftFoot"] = CFrame.new(0.0000,0.0000,0.0000,1.0000,-0.0000,0.0000,0.0000,0.9669,0.2553,-0.0000,-0.2553,0.9669),
    }},
    {Time = 0.200, Data = {
      ["HumanoidRootPart"] = CFrame.new(0.0000,0.0000,0.0000,1.0000,0.0000,0.0000,0.0000,1.0000,0.0000,0.0000,0.0000,1.0000),
      ["LowerTorso"] = CFrame.new(0.1632,2.0569,0.3383,0.9007,0.2968,0.3173,0.0000,0.7303,-0.6831,-0.4345,0.6153,0.6578),
      ["UpperTorso"] = CFrame.new(0.0000,0.0000,0.0000,0.9427,-0.1160,0.3129,0.1221,0.9925,-0.0000,-0.3106,0.0382,0.9498),
      ["LeftUpperArm"] = CFrame.new(0.0000,0.0000,0.0000,0.8138,-0.0000,0.5811,-0.5361,0.3861,0.7507,-0.2244,-0.9225,0.3142),
      ["LeftLowerArm"] = CFrame.new(0.0000,0.0000,0.0000,1.0000,0.0017,0.0071,0.0000,0.9735,-0.2288,-0.0073,0.2288,0.9735),
      ["RightUpperArm"] = CFrame.new(0.0615,-0.2951,0.1080,-0.1535,-0.9850,-0.0788,0.9880,-0.1545,0.0063,-0.0184,-0.0769,0.9969),
      ["RightLowerArm"] = CFrame.new(0.0000,0.0000,0.0000,0.7483,-0.6633,0.0025,-0.0118,-0.0171,-0.9998,0.6632,0.7481,-0.0207),
      ["RightHand"] = CFrame.new(0.0000,0.0000,0.0000,0.9913,0.0344,0.1270,-0.0000,0.9652,-0.2615,-0.1316,0.2592,0.9568),
      ["Head"] = CFrame.new(1.2291,0.4727,-1.0104,0.1821,0.7167,-0.6732,0.5333,0.5032,0.6800,0.8261,-0.4828,-0.2906),
      ["RightUpperLeg"] = CFrame.new(0.0000,0.0000,0.0000,0.7129,-0.0207,-0.7009,-0.0001,0.9996,-0.0296,0.7013,0.0212,0.7126),
      ["RightLowerLeg"] = CFrame.new(0.0000,0.0000,0.0000,1.0000,-0.0000,0.0000,0.0000,0.7940,0.6079,-0.0000,-0.6079,0.7940),
      ["RightFoot"] = CFrame.new(0.0000,0.0000,0.0000,1.0000,-0.0000,0.0000,0.0000,0.8457,0.5337,-0.0000,-0.5337,0.8457),
      ["LeftUpperLeg"] = CFrame.new(0.0000,0.0000,0.0000,0.9603,-0.2380,0.1455,0.2790,0.8194,-0.5008,0.0000,0.5215,0.8532),
      ["LeftLowerLeg"] = CFrame.new(0.0000,0.0000,0.0000,1.0000,-0.0000,0.0000,0.0000,0.8505,0.5260,-0.0000,-0.5260,0.8505),
      ["LeftFoot"] = CFrame.new(0.0000,0.0000,0.0000,1.0000,-0.0000,0.0000,0.0000,0.9663,0.2573,-0.0000,-0.2573,0.9663),
    }},
    {Time = 0.233, Data = {
      ["HumanoidRootPart"] = CFrame.new(0.0000,0.0000,0.0000,1.0000,0.0000,0.0000,0.0000,1.0000,0.0000,0.0000,0.0000,1.0000),
      ["LowerTorso"] = CFrame.new(0.1618,2.0651,0.3353,0.9007,0.2968,0.3173,-0.0000,0.7303,-0.6831,-0.4345,0.6153,0.6578),
      ["UpperTorso"] = CFrame.new(0.0000,0.0000,0.0000,0.9430,-0.1134,0.3129,0.1194,0.9928,-0.0000,-0.3107,0.0374,0.9498),
      ["LeftUpperArm"] = CFrame.new(0.0000,0.0000,0.0000,0.8176,-0.0000,0.5757,-0.5311,0.3861,0.7542,-0.2223,-0.9225,0.3157),
      ["LeftLowerArm"] = CFrame.new(0.0000,0.0000,0.0000,1.0000,0.0017,0.0071,0.0000,0.9735,-0.2288,-0.0073,0.2288,0.9735),
      ["RightUpperArm"] = CFrame.new(0.0596,-0.2861,0.1047,-0.1408,-0.9869,-0.0791,0.9899,-0.1419,0.0074,-0.0185,-0.0772,0.9968),
      ["RightLowerArm"] = CFrame.new(0.0000,0.0000,0.0000,0.7483,-0.6633,0.0025,-0.0118,-0.0171,-0.9998,0.6632,0.7481,-0.0207),
      ["RightHand"] = CFrame.new(0.0000,0.0000,0.0000,0.9913,0.0344,0.1270,-0.0000,0.9652,-0.2615,-0.1316,0.2592,0.9568),
      ["Head"] = CFrame.new(1.2345,0.4772,-1.0048,0.0616,0.6849,-0.7260,0.6073,0.5515,0.5718,0.7921,-0.4762,-0.3820),
      ["RightUpperLeg"] = CFrame.new(0.0000,0.0000,0.0000,0.7131,-0.0242,-0.7006,-0.0001,0.9994,-0.0346,0.7010,0.0247,0.7127),
      ["RightLowerLeg"] = CFrame.new(0.0000,0.0000,0.0000,1.0000,-0.0000,0.0000,0.0000,0.7932,0.6090,-0.0000,-0.6090,0.7932),
      ["RightFoot"] = CFrame.new(0.0000,0.0000,0.0000,1.0000,-0.0000,0.0000,0.0000,0.8514,0.5245,-0.0000,-0.5245,0.8514),
      ["LeftUpperLeg"] = CFrame.new(0.0000,0.0000,0.0000,0.9603,-0.2376,0.1462,0.2789,0.8178,-0.5034,0.0000,0.5242,0.8516),
      ["LeftLowerLeg"] = CFrame.new(0.0000,0.0000,0.0000,1.0000,-0.0000,0.0000,0.0000,0.8442,0.5361,-0.0000,-0.5361,0.8442),
      ["LeftFoot"] = CFrame.new(0.0000,0.0000,0.0000,1.0000,-0.0000,0.0000,0.0000,0.9658,0.2593,-0.0000,-0.2593,0.9658),
    }},
    {Time = 0.267, Data = {
      ["HumanoidRootPart"] = CFrame.new(0.0000,0.0000,0.0000,1.0000,0.0000,0.0000,0.0000,1.0000,0.0000,0.0000,0.0000,1.0000),
      ["LowerTorso"] = CFrame.new(0.1603,2.0732,0.3323,0.9007,0.2968,0.3173,0.0000,0.7303,-0.6831,-0.4345,0.6153,0.6578),
      ["UpperTorso"] = CFrame.new(0.0000,0.0000,0.0000,0.9433,-0.1109,0.3129,0.1167,0.9932,-0.0000,-0.3108,0.0365,0.9498),
      ["LeftUpperArm"] = CFrame.new(0.0000,0.0000,0.0000,0.8214,-0.0000,0.5703,-0.5261,0.3861,0.7577,-0.2202,-0.9225,0.3171),
      ["LeftLowerArm"] = CFrame.new(0.0000,0.0000,0.0000,1.0000,0.0017,0.0071,0.0000,0.9735,-0.2288,-0.0073,0.2288,0.9735),
      ["RightUpperArm"] = CFrame.new(0.0577,-0.2770,0.1014,-0.1281,-0.9886,-0.0793,0.9916,-0.1292,0.0084,-0.0186,-0.0776,0.9968),
      ["RightLowerArm"] = CFrame.new(0.0000,0.0000,0.0000,0.7483,-0.6633,0.0025,-0.0118,-0.0171,-0.9998,0.6632,0.7481,-0.0207),
      ["RightHand"] = CFrame.new(0.0000,0.0000,0.0000,0.9913,0.0344,0.1270,-0.0000,0.9652,-0.2615,-0.1316,0.2592,0.9568),
      ["Head"] = CFrame.new(1.2399,0.4816,-0.9992,-0.0438,0.6306,-0.7748,0.6589,0.6012,0.4521,0.7509,-0.4908,-0.4419),
      ["RightUpperLeg"] = CFrame.new(0.0000,0.0000,0.0000,0.7133,-0.0276,-0.7003,-0.0001,0.9992,-0.0395,0.7008,0.0283,0.7128),
      ["RightLowerLeg"] = CFrame.new(0.0000,0.0000,0.0000,1.0000,-0.0000,0.0000,0.0000,0.7924,0.6100,-0.0000,-0.6100,0.7924),
      ["RightFoot"] = CFrame.new(0.0000,0.0000,0.0000,1.0000,-0.0000,0.0000,0.0000,0.8571,0.5152,-0.0000,-0.5152,0.8571),
      ["LeftUpperLeg"] = CFrame.new(0.0000,0.0000,0.0000,0.9603,-0.2371,0.1469,0.2789,0.8162,-0.5059,0.0000,0.5268,0.8500),
      ["LeftLowerLeg"] = CFrame.new(0.0000,0.0000,0.0000,1.0000,-0.0000,0.0000,0.0000,0.8377,0.5461,-0.0000,-0.5461,0.8377),
      ["LeftFoot"] = CFrame.new(0.0000,0.0000,0.0000,1.0000,-0.0000,0.0000,0.0000,0.9652,0.2613,-0.0000,-0.2613,0.9652),
    }},
    {Time = 0.300, Data = {
      ["HumanoidRootPart"] = CFrame.new(0.0000,0.0000,0.0000,1.0000,0.0000,0.0000,0.0000,1.0000,0.0000,0.0000,0.0000,1.0000),
      ["LowerTorso"] = CFrame.new(0.1589,2.0814,0.3293,0.9007,0.2968,0.3173,0.0000,0.7303,-0.6831,-0.4345,0.6153,0.6578),
      ["UpperTorso"] = CFrame.new(0.0000,0.0000,0.0000,0.9436,-0.1083,0.3129,0.1140,0.9935,-0.0000,-0.3109,0.0357,0.9498),
      ["LeftUpperArm"] = CFrame.new(0.0000,0.0000,0.0000,0.8252,-0.0000,0.5649,-0.5211,0.3861,0.7612,-0.2181,-0.9225,0.3186),
      ["LeftLowerArm"] = CFrame.new(0.0000,0.0000,0.0000,1.0000,0.0017,0.0071,0.0000,0.9735,-0.2288,-0.0073,0.2288,0.9735),
      ["RightUpperArm"] = CFrame.new(0.0558,-0.2679,0.0980,-0.1154,-0.9901,-0.0795,0.9931,-0.1165,0.0095,-0.0187,-0.0779,0.9968),
      ["RightLowerArm"] = CFrame.new(0.0000,0.0000,0.0000,0.7483,-0.6633,0.0025,-0.0118,-0.0171,-0.9998,0.6632,0.7481,-0.0207),
      ["RightHand"] = CFrame.new(0.0000,0.0000,0.0000,0.9913,0.0344,0.1270,-0.0000,0.9652,-0.2615,-0.1316,0.2592,0.9568),
      ["Head"] = CFrame.new(1.2452,0.4861,-0.9936,-0.1297,0.5583,-0.8195,0.6908,0.6437,0.3292,0.7113,-0.5234,-0.4692),
      ["RightUpperLeg"] = CFrame.new(0.0000,0.0000,0.0000,0.7135,-0.0311,-0.6999,-0.0001,0.9990,-0.0445,0.7006,0.0318,0.7128),
      ["RightLowerLeg"] = CFrame.new(0.0000,0.0000,0.0000,1.0000,-0.0000,0.0000,0.0000,0.7916,0.6110,-0.0000,-0.6110,0.7916),
      ["RightFoot"] = CFrame.new(0.0000,0.0000,0.0000,1.0000,-0.0000,0.0000,0.0000,0.8626,0.5059,-0.0000,-0.5059,0.8626),
      ["LeftUpperLeg"] = CFrame.new(0.0000,0.0000,0.0000,0.9603,-0.2366,0.1476,0.2789,0.8147,-0.5085,0.0000,0.5295,0.8483),
      ["LeftLowerLeg"] = CFrame.new(0.0000,0.0000,0.0000,1.0000,-0.0000,0.0000,0.0000,0.8312,0.5560,-0.0000,-0.5560,0.8312),
      ["LeftFoot"] = CFrame.new(0.0000,0.0000,0.0000,1.0000,-0.0000,0.0000,0.0000,0.9647,0.2634,-0.0000,-0.2634,0.9647),
    }},
    {Time = 0.333, Data = {
      ["HumanoidRootPart"] = CFrame.new(0.0000,0.0000,0.0000,1.0000,0.0000,0.0000,0.0000,1.0000,0.0000,0.0000,0.0000,1.0000),
      ["LowerTorso"] = CFrame.new(0.1574,2.0896,0.3263,0.9007,0.2968,0.3173,0.0000,0.7303,-0.6831,-0.4345,0.6153,0.6578),
      ["UpperTorso"] = CFrame.new(0.0000,0.0000,0.0000,0.9439,-0.1057,0.3129,0.1113,0.9938,-0.0000,-0.3110,0.0348,0.9498),
      ["LeftUpperArm"] = CFrame.new(0.0000,0.0000,0.0000,0.8289,-0.0000,0.5595,-0.5161,0.3861,0.7646,-0.2160,-0.9225,0.3200),
      ["LeftLowerArm"] = CFrame.new(0.0000,0.0000,0.0000,1.0000,0.0017,0.0071,0.0000,0.9735,-0.2288,-0.0073,0.2288,0.9735),
      ["RightUpperArm"] = CFrame.new(0.0539,-0.2588,0.0947,-0.1026,-0.9915,-0.0798,0.9945,-0.1038,0.0105,-0.0187,-0.0783,0.9968),
      ["RightLowerArm"] = CFrame.new(0.0000,0.0000,0.0000,0.7483,-0.6633,0.0025,-0.0118,-0.0171,-0.9998,0.6632,0.7481,-0.0207),
      ["RightHand"] = CFrame.new(0.0000,0.0000,0.0000,0.9913,0.0344,0.1270,-0.0000,0.9652,-0.2615,-0.1316,0.2592,0.9568),
      ["Head"] = CFrame.new(1.2506,0.4905,-0.9880,-0.1930,0.4731,-0.8596,0.7084,0.6733,0.2115,0.6789,-0.5681,-0.4652),
      ["RightUpperLeg"] = CFrame.new(0.0000,0.0000,0.0000,0.7137,-0.0346,-0.6996,-0.0001,0.9988,-0.0495,0.7005,0.0354,0.7128),
      ["RightLowerLeg"] = CFrame.new(0.0000,0.0000,0.0000,1.0000,-0.0000,0.0000,0.0000,0.7908,0.6121,-0.0000,-0.6121,0.7908),
      ["RightFoot"] = CFrame.new(0.0000,0.0000,0.0000,1.0000,-0.0000,0.0000,0.0000,0.8681,0.4965,-0.0000,-0.4965,0.8681),
      ["LeftUpperLeg"] = CFrame.new(0.0000,0.0000,0.0000,0.9603,-0.2361,0.1484,0.2789,0.8131,-0.5110,0.0000,0.5321,0.8467),
      ["LeftLowerLeg"] = CFrame.new(0.0000,0.0000,0.0000,1.0000,-0.0000,0.0000,0.0000,0.8245,0.5659,-0.0000,-0.5659,0.8245),
      ["LeftFoot"] = CFrame.new(0.0000,0.0000,0.0000,1.0000,-0.0000,0.0000,0.0000,0.9641,0.2654,-0.0000,-0.2654,0.9641),
    }},
    {Time = 0.367, Data = {
      ["HumanoidRootPart"] = CFrame.new(0.0000,0.0000,0.0000,1.0000,0.0000,0.0000,0.0000,1.0000,0.0000,0.0000,0.0000,1.0000),
      ["LowerTorso"] = CFrame.new(0.1560,2.0977,0.3233,0.9007,0.2968,0.3173,0.0000,0.7303,-0.6831,-0.4345,0.6153,0.6578),
      ["UpperTorso"] = CFrame.new(0.0000,0.0000,0.0000,0.9442,-0.1032,0.3129,0.1086,0.9941,-0.0000,-0.3110,0.0340,0.9498),
      ["LeftUpperArm"] = CFrame.new(0.0000,0.0000,0.0000,0.8325,-0.0000,0.5540,-0.5110,0.3861,0.7680,-0.2139,-0.9225,0.3214),
      ["LeftLowerArm"] = CFrame.new(0.0000,0.0000,0.0000,1.0000,0.0017,0.0071,0.0000,0.9735,-0.2288,-0.0073,0.2288,0.9735),
      ["RightUpperArm"] = CFrame.new(0.0520,-0.2497,0.0914,-0.0899,-0.9927,-0.0800,0.9958,-0.0911,0.0116,-0.0188,-0.0787,0.9967),
      ["RightLowerArm"] = CFrame.new(0.0000,0.0000,0.0000,0.7483,-0.6633,0.0025,-0.0118,-0.0171,-0.9998,0.6632,0.7481,-0.0207),
      ["RightHand"] = CFrame.new(0.0000,0.0000,0.0000,0.9913,0.0344,0.1270,-0.0000,0.9652,-0.2615,-0.1316,0.2592,0.9568),
      ["Head"] = CFrame.new(1.2560,0.4949,-0.9824,-0.2246,0.5788,-0.7840,0.8251,0.5410,0.1630,0.5185,-0.6102,-0.5990),
      ["RightUpperLeg"] = CFrame.new(0.0000,0.0000,0.0000,0.7138,-0.0380,-0.6993,-0.0001,0.9985,-0.0544,0.7003,0.0389,0.7128),
      ["RightLowerLeg"] = CFrame.new(0.0000,0.0000,0.0000,1.0000,-0.0000,0.0000,0.0000,0.7900,0.6131,-0.0000,-0.6131,0.7900),
      ["RightFoot"] = CFrame.new(0.0000,0.0000,0.0000,1.0000,-0.0000,0.0000,0.0000,0.8734,0.4870,-0.0000,-0.4870,0.8734),
      ["LeftUpperLeg"] = CFrame.new(0.0000,0.0000,0.0000,0.9603,-0.2356,0.1491,0.2788,0.8115,-0.5135,0.0000,0.5347,0.8450),
      ["LeftLowerLeg"] = CFrame.new(0.0000,0.0000,0.0000,1.0000,-0.0000,0.0000,0.0000,0.8177,0.5757,-0.0000,-0.5757,0.8177),
      ["LeftFoot"] = CFrame.new(0.0000,0.0000,0.0000,1.0000,-0.0000,0.0000,0.0000,0.9636,0.2674,-0.0000,-0.2674,0.9636),
    }},
    {Time = 0.400, Data = {
      ["HumanoidRootPart"] = CFrame.new(0.0000,0.0000,0.0000,1.0000,0.0000,0.0000,0.0000,1.0000,0.0000,0.0000,0.0000,1.0000),
      ["LowerTorso"] = CFrame.new(0.1545,2.1059,0.3203,0.9007,0.2968,0.3173,0.0000,0.7303,-0.6831,-0.4345,0.6153,0.6578),
      ["UpperTorso"] = CFrame.new(0.0000,0.0000,0.0000,0.9444,-0.1006,0.3129,0.1059,0.9944,-0.0000,-0.3111,0.0331,0.9498),
      ["LeftUpperArm"] = CFrame.new(0.0000,0.0000,0.0000,0.8362,-0.0000,0.5485,-0.5060,0.3861,0.7713,-0.2117,-0.9225,0.3228),
      ["LeftLowerArm"] = CFrame.new(0.0000,0.0000,0.0000,1.0000,0.0017,0.0071,0.0000,0.9735,-0.2288,-0.0073,0.2288,0.9735),
      ["RightUpperArm"] = CFrame.new(0.0502,-0.2407,0.0881,-0.0771,-0.9938,-0.0803,0.9968,-0.0784,0.0126,-0.0189,-0.0791,0.9967),
      ["RightLowerArm"] = CFrame.new(0.0000,0.0000,0.0000,0.7483,-0.6633,0.0025,-0.0118,-0.0171,-0.9998,0.6632,0.7481,-0.0207),
      ["RightHand"] = CFrame.new(0.0000,0.0000,0.0000,0.9913,0.0344,0.1270,0.0000,0.9652,-0.2615,-0.1316,0.2592,0.9568),
      ["Head"] = CFrame.new(1.2614,0.4994,-0.9768,-0.2487,0.6753,-0.6944,0.9082,0.4118,0.0752,0.3367,-0.6119,-0.7157),
      ["RightUpperLeg"] = CFrame.new(0.0000,0.0000,0.0000,0.7140,-0.0415,-0.6989,-0.0001,0.9982,-0.0594,0.7002,0.0425,0.7127),
      ["RightLowerLeg"] = CFrame.new(0.0000,0.0000,0.0000,1.0000,-0.0000,0.0000,0.0000,0.7892,0.6142,-0.0000,-0.6142,0.7892),
      ["RightFoot"] = CFrame.new(0.0000,0.0000,0.0000,1.0000,-0.0000,0.0000,0.0000,0.8786,0.4775,-0.0000,-0.4775,0.8786),
      ["LeftUpperLeg"] = CFrame.new(0.0000,0.0000,0.0000,0.9603,-0.2351,0.1498,0.2788,0.8099,-0.5161,0.0000,0.5374,0.8434),
      ["LeftLowerLeg"] = CFrame.new(0.0000,0.0000,0.0000,1.0000,-0.0000,0.0000,0.0000,0.8108,0.5854,-0.0000,-0.5854,0.8108),
      ["LeftFoot"] = CFrame.new(0.0000,0.0000,0.0000,1.0000,-0.0000,0.0000,0.0000,0.9630,0.2694,-0.0000,-0.2694,0.9630),
    }},
    {Time = 0.433, Data = {
      ["HumanoidRootPart"] = CFrame.new(0.0000,0.0000,0.0000,1.0000,0.0000,0.0000,0.0000,1.0000,0.0000,0.0000,0.0000,1.0000),
      ["LowerTorso"] = CFrame.new(0.1531,2.1141,0.3173,0.9007,0.2968,0.3173,0.0000,0.7303,-0.6831,-0.4345,0.6153,0.6578),
      ["UpperTorso"] = CFrame.new(0.0000,0.0000,0.0000,0.9447,-0.0980,0.3129,0.1032,0.9947,-0.0000,-0.3112,0.0323,0.9498),
      ["LeftUpperArm"] = CFrame.new(0.0000,0.0000,0.0000,0.8398,-0.0000,0.5430,-0.5009,0.3861,0.7747,-0.2096,-0.9225,0.3242),
      ["LeftLowerArm"] = CFrame.new(0.0000,0.0000,0.0000,1.0000,0.0017,0.0071,0.0000,0.9735,-0.2288,-0.0073,0.2288,0.9735),
      ["RightUpperArm"] = CFrame.new(0.0483,-0.2316,0.0847,-0.0643,-0.9947,-0.0805,0.9978,-0.0656,0.0137,-0.0189,-0.0795,0.9967),
      ["RightLowerArm"] = CFrame.new(0.0000,0.0000,0.0000,0.7483,-0.6633,0.0025,-0.0118,-0.0171,-0.9998,0.6632,0.7481,-0.0207),
      ["RightHand"] = CFrame.new(0.0000,0.0000,0.0000,0.9913,0.0344,0.1270,-0.0000,0.9652,-0.2615,-0.1316,0.2592,0.9568),
      ["Head"] = CFrame.new(1.2668,0.5038,-0.9712,-0.2654,0.7606,-0.5925,0.9537,0.2974,-0.0454,0.1416,-0.5771,-0.8043),
      ["RightUpperLeg"] = CFrame.new(0.0000,0.0000,0.0000,0.7141,-0.0450,-0.6986,-0.0001,0.9979,-0.0644,0.7001,0.0460,0.7126),
      ["RightLowerLeg"] = CFrame.new(0.0000,0.0000,0.0000,1.0000,-0.0000,0.0000,0.0000,0.7884,0.6152,-0.0000,-0.6152,0.7884),
      ["RightFoot"] = CFrame.new(0.0000,0.0000,0.0000,1.0000,-0.0000,0.0000,0.0000,0.8838,0.4679,-0.0000,-0.4679,0.8838),
      ["LeftUpperLeg"] = CFrame.new(0.0000,0.0000,0.0000,0.9604,-0.2347,0.1505,0.2788,0.8083,-0.5186,0.0000,0.5400,0.8417),
      ["LeftLowerLeg"] = CFrame.new(0.0000,0.0000,0.0000,1.0000,-0.0000,0.0000,0.0000,0.8037,0.5950,-0.0000,-0.5950,0.8037),
      ["LeftFoot"] = CFrame.new(0.0000,0.0000,0.0000,1.0000,-0.0000,0.0000,0.0000,0.9625,0.2715,-0.0000,-0.2715,0.9625),
    }},
    {Time = 0.467, Data = {
      ["HumanoidRootPart"] = CFrame.new(0.0000,0.0000,0.0000,1.0000,0.0000,0.0000,0.0000,1.0000,0.0000,0.0000,0.0000,1.0000),
      ["LowerTorso"] = CFrame.new(0.1516,2.1222,0.3143,0.9007,0.2968,0.3173,0.0000,0.7303,-0.6831,-0.4345,0.6153,0.6578),
      ["UpperTorso"] = CFrame.new(0.0000,0.0000,0.0000,0.9450,-0.0955,0.3129,0.1005,0.9949,-0.0000,-0.3113,0.0314,0.9498),
      ["LeftUpperArm"] = CFrame.new(0.0000,0.0000,0.0000,0.8433,-0.0000,0.5374,-0.4957,0.3861,0.7779,-0.2075,-0.9225,0.3256),
      ["LeftLowerArm"] = CFrame.new(0.0000,0.0000,0.0000,1.0000,0.0017,0.0071,0.0000,0.9735,-0.2288,-0.0073,0.2288,0.9735),
      ["RightUpperArm"] = CFrame.new(0.0464,-0.2225,0.0814,-0.0515,-0.9954,-0.0808,0.9985,-0.0528,0.0147,-0.0190,-0.0799,0.9966),
      ["RightLowerArm"] = CFrame.new(0.0000,0.0000,0.0000,0.7483,-0.6633,0.0025,-0.0118,-0.0171,-0.9998,0.6632,0.7481,-0.0207),
      ["RightHand"] = CFrame.new(0.0000,0.0000,0.0000,0.9913,0.0344,0.1270,-0.0000,0.9652,-0.2615,-0.1316,0.2592,0.9568),
      ["Head"] = CFrame.new(1.2721,0.5083,-0.9656,-0.2747,0.8331,-0.4800,0.9598,0.2074,-0.1893,-0.0582,-0.5127,-0.8566),
      ["RightUpperLeg"] = CFrame.new(0.0000,0.0000,0.0000,0.7142,-0.0485,-0.6983,-0.0001,0.9976,-0.0693,0.7000,0.0496,0.7125),
      ["RightLowerLeg"] = CFrame.new(0.0000,0.0000,0.0000,1.0000,-0.0000,0.0000,0.0000,0.7876,0.6162,-0.0000,-0.6162,0.7876),
      ["RightFoot"] = CFrame.new(0.0000,0.0000,0.0000,1.0000,-0.0000,0.0000,0.0000,0.8888,0.4583,-0.0000,-0.4583,0.8888),
      ["LeftUpperLeg"] = CFrame.new(0.0000,0.0000,0.0000,0.9604,-0.2342,0.1513,0.2788,0.8067,-0.5211,0.0000,0.5426,0.8400),
      ["LeftLowerLeg"] = CFrame.new(0.0000,0.0000,0.0000,1.0000,-0.0000,0.0000,0.0000,0.7966,0.6045,-0.0000,-0.6045,0.7966),
      ["LeftFoot"] = CFrame.new(0.0000,0.0000,0.0000,1.0000,-0.0000,0.0000,0.0000,0.9619,0.2735,-0.0000,-0.2735,0.9619),
    }},
    {Time = 0.500, Data = {
      ["HumanoidRootPart"] = CFrame.new(0.0000,0.0000,0.0000,1.0000,0.0000,0.0000,0.0000,1.0000,0.0000,0.0000,0.0000,1.0000),
      ["LowerTorso"] = CFrame.new(0.1502,2.1304,0.3112,0.9007,0.2968,0.3173,0.0000,0.7303,-0.6831,-0.4345,0.6153,0.6578),
      ["UpperTorso"] = CFrame.new(0.0000,0.0000,0.0000,0.9452,-0.0929,0.3129,0.0978,0.9952,-0.0000,-0.3114,0.0306,0.9498),
      ["LeftUpperArm"] = CFrame.new(0.0000,0.0000,0.0000,0.8469,-0.0000,0.5318,-0.4906,0.3861,0.7812,-0.2053,-0.9225,0.3269),
      ["LeftLowerArm"] = CFrame.new(0.0000,0.0000,0.0000,1.0000,0.0017,0.0071,-0.0000,0.9735,-0.2288,-0.0073,0.2288,0.9735),
      ["RightUpperArm"] = CFrame.new(0.0445,-0.2134,0.0781,-0.0387,-0.9960,-0.0810,0.9991,-0.0401,0.0158,-0.0190,-0.0803,0.9966),
      ["RightLowerArm"] = CFrame.new(0.0000,0.0000,0.0000,0.7483,-0.6633,0.0025,-0.0118,-0.0171,-0.9998,0.6632,0.7481,-0.0207),
      ["RightHand"] = CFrame.new(0.0000,0.0000,0.0000,0.9913,0.0344,0.1270,-0.0000,0.9652,-0.2615,-0.1316,0.2592,0.9568),
      ["Head"] = CFrame.new(1.2775,0.5127,-0.9600,-0.2769,0.8913,-0.3590,0.9267,0.1490,-0.3449,-0.2540,-0.4282,-0.8672),
      ["RightUpperLeg"] = CFrame.new(0.0000,0.0000,0.0000,0.7143,-0.0520,-0.6979,-0.0001,0.9972,-0.0743,0.6999,0.0531,0.7123),
      ["RightLowerLeg"] = CFrame.new(0.0000,0.0000,0.0000,1.0000,-0.0000,0.0000,0.0000,0.7867,0.6173,-0.0000,-0.6173,0.7867),
      ["RightFoot"] = CFrame.new(0.0000,0.0000,0.0000,1.0000,-0.0000,0.0000,0.0000,0.8937,0.4486,-0.0000,-0.4486,0.8937),
      ["LeftUpperLeg"] = CFrame.new(0.0000,0.0000,0.0000,0.9604,-0.2337,0.1520,0.2788,0.8051,-0.5236,0.0000,0.5452,0.8383),
      ["LeftLowerLeg"] = CFrame.new(0.0000,0.0000,0.0000,1.0000,-0.0000,0.0000,0.0000,0.7893,0.6140,-0.0000,-0.6140,0.7893),
      ["LeftFoot"] = CFrame.new(0.0000,0.0000,0.0000,1.0000,-0.0000,0.0000,0.0000,0.9613,0.2755,-0.0000,-0.2755,0.9613),
    }},
    {Time = 0.533, Data = {
      ["HumanoidRootPart"] = CFrame.new(0.0000,0.0000,0.0000,1.0000,0.0000,0.0000,0.0000,1.0000,0.0000,0.0000,0.0000,1.0000),
      ["LowerTorso"] = CFrame.new(0.1487,2.1386,0.3082,0.9007,0.2968,0.3173,0.0000,0.7303,-0.6831,-0.4345,0.6153,0.6578),
      ["UpperTorso"] = CFrame.new(0.0000,0.0000,0.0000,0.9455,-0.0903,0.3129,0.0951,0.9955,-0.0000,-0.3115,0.0298,0.9498),
      ["LeftUpperArm"] = CFrame.new(0.0000,0.0000,0.0000,0.8503,-0.0000,0.5262,-0.4854,0.3861,0.7844,-0.2032,-0.9225,0.3283),
      ["LeftLowerArm"] = CFrame.new(0.0000,0.0000,0.0000,1.0000,0.0017,0.0071,0.0000,0.9735,-0.2288,-0.0073,0.2288,0.9735),
      ["RightUpperArm"] = CFrame.new(0.0426,-0.2043,0.0748,-0.0259,-0.9964,-0.0813,0.9995,-0.0273,0.0169,-0.0190,-0.0808,0.9965),
      ["RightLowerArm"] = CFrame.new(0.0000,0.0000,0.0000,0.7483,-0.6633,0.0025,-0.0118,-0.0171,-0.9998,0.6632,0.7481,-0.0207),
      ["RightHand"] = CFrame.new(0.0000,0.0000,0.0000,0.9913,0.0344,0.1270,0.0000,0.9652,-0.2615,-0.1316,0.2592,0.9568),
      ["Head"] = CFrame.new(1.2829,0.5172,-0.9544,-0.2726,0.9338,-0.2316,0.8569,0.1262,-0.4998,-0.4375,-0.3348,-0.8346),
      ["RightUpperLeg"] = CFrame.new(0.0000,0.0000,0.0000,0.7143,-0.0554,-0.6976,-0.0000,0.9969,-0.0793,0.6998,0.0567,0.7121),
      ["RightLowerLeg"] = CFrame.new(0.0000,0.0000,0.0000,1.0000,-0.0000,0.0000,0.0000,0.7859,0.6183,-0.0000,-0.6183,0.7859),
      ["RightFoot"] = CFrame.new(0.0000,0.0000,0.0000,1.0000,-0.0000,0.0000,0.0000,0.8985,0.4389,-0.0000,-0.4389,0.8985),
      ["LeftUpperLeg"] = CFrame.new(0.0000,0.0000,0.0000,0.9604,-0.2332,0.1527,0.2788,0.8034,-0.5261,0.0000,0.5478,0.8366),
      ["LeftLowerLeg"] = CFrame.new(0.0000,0.0000,0.0000,1.0000,-0.0000,0.0000,0.0000,0.7820,0.6233,-0.0000,-0.6233,0.7820),
      ["LeftFoot"] = CFrame.new(0.0000,0.0000,0.0000,1.0000,-0.0000,0.0000,0.0000,0.9607,0.2775,-0.0000,-0.2775,0.9607),
    }},
    {Time = 0.567, Data = {
      ["HumanoidRootPart"] = CFrame.new(0.0000,0.0000,0.0000,1.0000,0.0000,0.0000,0.0000,1.0000,0.0000,0.0000,0.0000,1.0000),
      ["LowerTorso"] = CFrame.new(0.1473,2.1467,0.3052,0.9007,0.2968,0.3173,-0.0000,0.7303,-0.6831,-0.4345,0.6153,0.6578),
      ["UpperTorso"] = CFrame.new(0.0000,0.0000,0.0000,0.9457,-0.0877,0.3129,0.0924,0.9957,-0.0000,-0.3116,0.0289,0.9498),
      ["LeftUpperArm"] = CFrame.new(0.0000,0.0000,0.0000,0.8538,-0.0000,0.5206,-0.4803,0.3861,0.7876,-0.2010,-0.9225,0.3296),
      ["LeftLowerArm"] = CFrame.new(0.0000,0.0000,0.0000,1.0000,0.0017,0.0071,0.0000,0.9735,-0.2288,-0.0073,0.2288,0.9735),
      ["RightUpperArm"] = CFrame.new(0.0407,-0.1952,0.0714,-0.0130,-0.9966,-0.0815,0.9997,-0.0145,0.0179,-0.0190,-0.0813,0.9965),
      ["RightLowerArm"] = CFrame.new(0.0000,0.0000,0.0000,0.7483,-0.6633,0.0025,-0.0118,-0.0171,-0.9998,0.6632,0.7481,-0.0207),
      ["RightHand"] = CFrame.new(0.0000,0.0000,0.0000,0.9913,0.0344,0.1270,-0.0000,0.9652,-0.2615,-0.1316,0.2592,0.9568),
      ["Head"] = CFrame.new(1.2883,0.5216,-0.9488,-0.2623,0.9598,-0.1001,0.7544,0.1393,-0.6415,-0.6018,-0.2438,-0.7605),
      ["RightUpperLeg"] = CFrame.new(0.0000,0.0000,0.0000,0.7144,-0.0589,-0.6973,-0.0000,0.9964,-0.0842,0.6998,0.0602,0.7118),
      ["RightLowerLeg"] = CFrame.new(0.0000,0.0000,0.0000,1.0000,-0.0000,0.0000,0.0000,0.7851,0.6193,-0.0000,-0.6193,0.7851),
      ["RightFoot"] = CFrame.new(0.0000,0.0000,0.0000,1.0000,-0.0000,0.0000,0.0000,0.9032,0.4291,-0.0000,-0.4291,0.9032),
      ["LeftUpperLeg"] = CFrame.new(0.0000,0.0000,0.0000,0.9604,-0.2327,0.1534,0.2788,0.8018,-0.5286,0.0000,0.5504,0.8349),
      ["LeftLowerLeg"] = CFrame.new(0.0000,0.0000,0.0000,1.0000,-0.0000,0.0000,0.0000,0.7745,0.6326,-0.0000,-0.6326,0.7745),
      ["LeftFoot"] = CFrame.new(0.0000,0.0000,0.0000,1.0000,-0.0000,0.0000,0.0000,0.9601,0.2795,-0.0000,-0.2795,0.9601),
    }},
    {Time = 0.600, Data = {
      ["HumanoidRootPart"] = CFrame.new(0.0000,0.0000,0.0000,1.0000,0.0000,0.0000,0.0000,1.0000,0.0000,0.0000,0.0000,1.0000),
      ["LowerTorso"] = CFrame.new(0.1458,2.1549,0.3022,0.9007,0.2968,0.3173,0.0000,0.7303,-0.6831,-0.4345,0.6153,0.6578),
      ["UpperTorso"] = CFrame.new(0.0000,0.0000,0.0000,0.9460,-0.0852,0.3129,0.0897,0.9960,-0.0000,-0.3116,0.0281,0.9498),
      ["LeftUpperArm"] = CFrame.new(0.0000,0.0000,0.0000,0.8572,-0.0000,0.5150,-0.4750,0.3861,0.7907,-0.1988,-0.9225,0.3309),
      ["LeftLowerArm"] = CFrame.new(0.0000,0.0000,0.0000,1.0000,0.0017,0.0071,-0.0000,0.9735,-0.2288,-0.0073,0.2288,0.9735),
      ["RightUpperArm"] = CFrame.new(0.0388,-0.1862,0.0681,-0.0002,-0.9967,-0.0818,0.9998,-0.0018,0.0190,-0.0190,-0.0817,0.9965),
      ["RightLowerArm"] = CFrame.new(0.0000,0.0000,0.0000,0.7483,-0.6633,0.0025,-0.0118,-0.0171,-0.9998,0.6632,0.7481,-0.0207),
      ["RightHand"] = CFrame.new(0.0000,0.0000,0.0000,0.9913,0.0344,0.1270,-0.0000,0.9652,-0.2615,-0.1316,0.2592,0.9568),
      ["Head"] = CFrame.new(1.2937,0.5261,-0.9432,-0.2469,0.9685,0.0331,0.6247,0.1852,-0.7586,-0.7408,-0.1666,-0.6507),
      ["RightUpperLeg"] = CFrame.new(0.0000,0.0000,0.0000,0.7144,-0.0624,-0.6969,-0.0000,0.9960,-0.0892,0.6997,0.0637,0.7116),
      ["RightLowerLeg"] = CFrame.new(0.0000,0.0000,0.0000,1.0000,-0.0000,0.0000,0.0000,0.7843,0.6204,-0.0000,-0.6204,0.7843),
      ["RightFoot"] = CFrame.new(0.0000,0.0000,0.0000,1.0000,-0.0000,0.0000,0.0000,0.9078,0.4193,-0.0000,-0.4193,0.9078),
      ["LeftUpperLeg"] = CFrame.new(0.0000,0.0000,0.0000,0.9604,-0.2323,0.1541,0.2787,0.8002,-0.5311,0.0000,0.5530,0.8332),
      ["LeftLowerLeg"] = CFrame.new(0.0000,0.0000,0.0000,1.0000,-0.0000,0.0000,0.0000,0.7669,0.6418,-0.0000,-0.6418,0.7669),
      ["LeftFoot"] = CFrame.new(0.0000,0.0000,0.0000,1.0000,-0.0000,0.0000,0.0000,0.9595,0.2815,-0.0000,-0.2815,0.9595),
    }},
    {Time = 0.633, Data = {
      ["HumanoidRootPart"] = CFrame.new(0.0000,0.0000,0.0000,1.0000,0.0000,0.0000,0.0000,1.0000,0.0000,0.0000,0.0000,1.0000),
      ["LowerTorso"] = CFrame.new(0.1444,2.1631,0.2992,0.9007,0.2968,0.3173,0.0000,0.7303,-0.6831,-0.4345,0.6153,0.6578),
      ["UpperTorso"] = CFrame.new(0.0000,0.0000,0.0000,0.9462,-0.0826,0.3129,0.0870,0.9962,-0.0000,-0.3117,0.0272,0.9498),
      ["LeftUpperArm"] = CFrame.new(0.0000,0.0000,0.0000,0.8606,-0.0000,0.5093,-0.4698,0.3861,0.7939,-0.1966,-0.9225,0.3322),
      ["LeftLowerArm"] = CFrame.new(0.0000,0.0000,0.0000,1.0000,0.0017,0.0071,0.0000,0.9735,-0.2288,-0.0073,0.2288,0.9735),
      ["RightUpperArm"] = CFrame.new(0.0369,-0.1771,0.0648,0.0126,-0.9966,-0.0820,0.9997,0.0110,0.0200,-0.0190,-0.0822,0.9964),
      ["RightLowerArm"] = CFrame.new(0.0000,0.0000,0.0000,0.7483,-0.6633,0.0025,-0.0118,-0.0171,-0.9998,0.6632,0.7481,-0.0207),
      ["RightHand"] = CFrame.new(0.0000,0.0000,0.0000,0.9913,0.0344,0.1270,-0.0000,0.9652,-0.2615,-0.1316,0.2592,0.9568),
      ["Head"] = CFrame.new(1.2991,0.5305,-0.9376,-0.2271,0.9596,0.1658,0.4743,0.2577,-0.8418,-0.8505,-0.1125,-0.5137),
      ["RightUpperLeg"] = CFrame.new(0.0000,0.0000,0.0000,0.7144,-0.0659,-0.6966,-0.0000,0.9956,-0.0942,0.6997,0.0673,0.7112),
      ["RightLowerLeg"] = CFrame.new(0.0000,0.0000,0.0000,1.0000,-0.0000,0.0000,0.0000,0.7835,0.6214,-0.0000,-0.6214,0.7835),
      ["RightFoot"] = CFrame.new(0.0000,0.0000,0.0000,1.0000,-0.0000,0.0000,0.0000,0.9123,0.4094,-0.0000,-0.4094,0.9123),
      ["LeftUpperLeg"] = CFrame.new(0.0000,0.0000,0.0000,0.9604,-0.2318,0.1549,0.2787,0.7985,-0.5336,0.0000,0.5556,0.8315),
      ["LeftLowerLeg"] = CFrame.new(0.0000,0.0000,0.0000,1.0000,-0.0000,0.0000,0.0000,0.7592,0.6509,-0.0000,-0.6509,0.7592),
      ["LeftFoot"] = CFrame.new(0.0000,0.0000,0.0000,1.0000,-0.0000,0.0000,0.0000,0.9590,0.2836,-0.0000,-0.2836,0.9590),
    }},
    {Time = 0.667, Data = {
      ["HumanoidRootPart"] = CFrame.new(0.0000,0.0000,0.0000,1.0000,0.0000,0.0000,0.0000,1.0000,0.0000,0.0000,0.0000,1.0000),
      ["LowerTorso"] = CFrame.new(0.1429,2.1713,0.2962,0.9007,0.2968,0.3173,0.0000,0.7303,-0.6831,-0.4345,0.6153,0.6578),
      ["UpperTorso"] = CFrame.new(0.0000,0.0000,0.0000,0.9464,-0.0800,0.3129,0.0842,0.9964,-0.0000,-0.3118,0.0264,0.9498),
      ["LeftUpperArm"] = CFrame.new(0.0000,0.0000,0.0000,0.8639,-0.0000,0.5036,-0.4646,0.3861,0.7969,-0.1944,-0.9225,0.3335),
      ["LeftLowerArm"] = CFrame.new(0.0000,0.0000,0.0000,1.0000,0.0017,0.0071,0.0000,0.9735,-0.2288,-0.0073,0.2288,0.9735),
      ["RightUpperArm"] = CFrame.new(0.0350,-0.1680,0.0615,0.0254,-0.9963,-0.0823,0.9995,0.0238,0.0211,-0.0190,-0.0827,0.9964),
      ["RightLowerArm"] = CFrame.new(0.0000,0.0000,0.0000,0.7483,-0.6633,0.0025,-0.0118,-0.0171,-0.9998,0.6632,0.7481,-0.0207),
      ["RightHand"] = CFrame.new(0.0000,0.0000,0.0000,0.9913,0.0344,0.1270,-0.0000,0.9652,-0.2615,-0.1316,0.2592,0.9568),
      ["Head"] = CFrame.new(1.3044,0.5349,-0.9320,-0.2040,0.9333,0.2956,0.3102,0.3480,-0.8847,-0.9285,-0.0888,-0.3604),
      ["RightUpperLeg"] = CFrame.new(0.0000,0.0000,0.0000,0.7144,-0.0694,-0.6963,0.0000,0.9951,-0.0991,0.6997,0.0708,0.7109),
      ["RightLowerLeg"] = CFrame.new(0.0000,0.0000,0.0000,1.0000,-0.0000,0.0000,0.0000,0.7827,0.6224,-0.0000,-0.6224,0.7827),
      ["RightFoot"] = CFrame.new(0.0000,0.0000,0.0000,1.0000,-0.0000,0.0000,0.0000,0.9167,0.3995,-0.0000,-0.3995,0.9167),
      ["LeftUpperLeg"] = CFrame.new(0.0000,0.0000,0.0000,0.9604,-0.2313,0.1556,0.2787,0.7968,-0.5360,0.0000,0.5582,0.8297),
      ["LeftLowerLeg"] = CFrame.new(0.0000,0.0000,0.0000,1.0000,-0.0000,0.0000,0.0000,0.7514,0.6599,-0.0000,-0.6599,0.7514),
      ["LeftFoot"] = CFrame.new(0.0000,0.0000,0.0000,1.0000,-0.0000,0.0000,0.0000,0.9584,0.2856,-0.0000,-0.2856,0.9584),
    }},
    {Time = 0.700, Data = {
      ["HumanoidRootPart"] = CFrame.new(0.0000,0.0000,0.0000,1.0000,0.0000,0.0000,0.0000,1.0000,0.0000,0.0000,0.0000,1.0000),
      ["LowerTorso"] = CFrame.new(0.1415,2.1794,0.2932,0.9007,0.2968,0.3173,0.0000,0.7303,-0.6831,-0.4345,0.6153,0.6578),
      ["UpperTorso"] = CFrame.new(0.0000,0.0000,0.0000,0.9466,-0.0774,0.3129,0.0815,0.9967,-0.0000,-0.3119,0.0255,0.9498),
      ["LeftUpperArm"] = CFrame.new(0.0000,0.0000,0.0000,0.8672,-0.0000,0.4979,-0.4593,0.3861,0.8000,-0.1922,-0.9225,0.3348),
      ["LeftLowerArm"] = CFrame.new(0.0000,0.0000,0.0000,1.0000,0.0017,0.0071,0.0000,0.9735,-0.2288,-0.0073,0.2288,0.9735),
      ["RightUpperArm"] = CFrame.new(0.0331,-0.1589,0.0582,0.0383,-0.9959,-0.0825,0.9991,0.0365,0.0221,-0.0190,-0.0833,0.9963),
      ["RightLowerArm"] = CFrame.new(0.0000,0.0000,0.0000,0.7483,-0.6633,0.0025,-0.0118,-0.0171,-0.9998,0.6632,0.7481,-0.0207),
      ["RightHand"] = CFrame.new(0.0000,0.0000,0.0000,0.9913,0.0344,0.1270,-0.0000,0.9652,-0.2615,-0.1316,0.2592,0.9568),
      ["Head"] = CFrame.new(1.3098,0.5394,-0.9264,-0.1785,0.8898,0.4200,0.1390,0.4454,-0.8845,-0.9741,-0.0995,-0.2032),
      ["RightUpperLeg"] = CFrame.new(0.0000,0.0000,0.0000,0.7144,-0.0729,-0.6959,0.0000,0.9946,-0.1041,0.6997,0.0744,0.7105),
      ["RightLowerLeg"] = CFrame.new(0.0000,0.0000,0.0000,1.0000,-0.0000,0.0000,0.0000,0.7819,0.6235,-0.0000,-0.6235,0.7819),
      ["RightFoot"] = CFrame.new(0.0000,0.0000,0.0000,1.0000,-0.0000,0.0000,0.0000,0.9210,0.3895,-0.0000,-0.3895,0.9210),
      ["LeftUpperLeg"] = CFrame.new(0.0000,0.0000,0.0000,0.9604,-0.2308,0.1563,0.2787,0.7952,-0.5385,0.0000,0.5607,0.8280),
      ["LeftLowerLeg"] = CFrame.new(0.0000,0.0000,0.0000,1.0000,-0.0000,0.0000,0.0000,0.7435,0.6688,-0.0000,-0.6688,0.7435),
      ["LeftFoot"] = CFrame.new(0.0000,0.0000,0.0000,1.0000,-0.0000,0.0000,0.0000,0.9578,0.2876,-0.0000,-0.2876,0.9578),
    }},
    {Time = 0.733, Data = {
      ["HumanoidRootPart"] = CFrame.new(0.0000,0.0000,0.0000,1.0000,0.0000,0.0000,0.0000,1.0000,0.0000,0.0000,0.0000,1.0000),
      ["LowerTorso"] = CFrame.new(0.1400,2.1876,0.2902,0.9007,0.2968,0.3173,0.0000,0.7303,-0.6831,-0.4345,0.6153,0.6578),
      ["UpperTorso"] = CFrame.new(0.0000,0.0000,0.0000,0.9468,-0.0749,0.3129,0.0788,0.9969,-0.0000,-0.3119,0.0247,0.9498),
      ["LeftUpperArm"] = CFrame.new(0.0000,0.0000,0.0000,0.8705,-0.0000,0.4922,-0.4540,0.3861,0.8030,-0.1900,-0.9225,0.3361),
      ["LeftLowerArm"] = CFrame.new(0.0000,0.0000,0.0000,1.0000,0.0017,0.0071,0.0000,0.9735,-0.2288,-0.0073,0.2288,0.9735),
      ["RightUpperArm"] = CFrame.new(0.0312,-0.1498,0.0548,0.0511,-0.9953,-0.0827,0.9985,0.0493,0.0232,-0.0190,-0.0838,0.9963),
      ["RightLowerArm"] = CFrame.new(0.0000,0.0000,0.0000,0.7483,-0.6633,0.0025,-0.0118,-0.0171,-0.9998,0.6632,0.7481,-0.0207),
      ["RightHand"] = CFrame.new(0.0000,0.0000,0.0000,0.9913,0.0344,0.1270,-0.0000,0.9652,-0.2615,-0.1316,0.2592,0.9568),
      ["Head"] = CFrame.new(1.3152,0.5438,-0.9208,-0.1516,0.8298,0.5370,-0.0327,0.5388,-0.8418,-0.9879,-0.1452,-0.0546),
      ["RightUpperLeg"] = CFrame.new(0.0000,0.0000,0.0000,0.7144,-0.0764,-0.6956,0.0000,0.9940,-0.1091,0.6998,0.0779,0.7101),
      ["RightLowerLeg"] = CFrame.new(0.0000,0.0000,0.0000,1.0000,-0.0000,0.0000,0.0000,0.7810,0.6245,-0.0000,-0.6245,0.7810),
      ["RightFoot"] = CFrame.new(0.0000,0.0000,0.0000,1.0000,-0.0000,0.0000,0.0000,0.9252,0.3795,-0.0000,-0.3795,0.9252),
      ["LeftUpperLeg"] = CFrame.new(0.0000,0.0000,0.0000,0.9604,-0.2303,0.1570,0.2788,0.7935,-0.5410,0.0000,0.5633,0.8262),
      ["LeftLowerLeg"] = CFrame.new(0.0000,0.0000,0.0000,1.0000,-0.0000,0.0000,0.0000,0.7355,0.6776,-0.0000,-0.6776,0.7355),
      ["LeftFoot"] = CFrame.new(0.0000,0.0000,0.0000,1.0000,-0.0000,0.0000,0.0000,0.9572,0.2896,-0.0000,-0.2896,0.9572),
    }},
    {Time = 0.767, Data = {
      ["HumanoidRootPart"] = CFrame.new(0.0000,0.0000,0.0000,1.0000,0.0000,0.0000,0.0000,1.0000,0.0000,0.0000,0.0000,1.0000),
      ["LowerTorso"] = CFrame.new(0.1386,2.1958,0.2872,0.9007,0.2968,0.3173,0.0000,0.7303,-0.6831,-0.4345,0.6153,0.6578),
      ["UpperTorso"] = CFrame.new(0.0000,0.0000,0.0000,0.9470,-0.0723,0.3129,0.0761,0.9971,-0.0000,-0.3120,0.0238,0.9498),
      ["LeftUpperArm"] = CFrame.new(0.0000,0.0000,0.0000,0.8737,-0.0000,0.4864,-0.4487,0.3861,0.8060,-0.1878,-0.9225,0.3373),
      ["LeftLowerArm"] = CFrame.new(0.0000,0.0000,0.0000,1.0000,0.0017,0.0071,-0.0000,0.9735,-0.2288,-0.0073,0.2288,0.9735),
      ["RightUpperArm"] = CFrame.new(0.0293,-0.1408,0.0515,0.0639,-0.9945,-0.0830,0.9978,0.0621,0.0242,-0.0189,-0.0844,0.9963),
      ["RightLowerArm"] = CFrame.new(0.0000,0.0000,0.0000,0.7483,-0.6633,0.0025,-0.0118,-0.0171,-0.9998,0.6632,0.7481,-0.0207),
      ["RightHand"] = CFrame.new(0.0000,0.0000,0.0000,0.9913,0.0344,0.1270,-0.0000,0.9652,-0.2615,-0.1316,0.2592,0.9568),
      ["Head"] = CFrame.new(1.3206,0.5483,-0.9152,-0.1245,0.7544,0.6445,-0.1993,0.6173,-0.7611,-0.9720,-0.2232,0.0735),
      ["RightUpperLeg"] = CFrame.new(0.0000,0.0000,0.0000,0.7143,-0.0799,-0.6953,0.0001,0.9935,-0.1141,0.6998,0.0814,0.7097),
      ["RightLowerLeg"] = CFrame.new(0.0000,0.0000,0.0000,1.0000,-0.0000,0.0000,0.0000,0.7802,0.6255,-0.0000,-0.6255,0.7802),
      ["RightFoot"] = CFrame.new(0.0000,0.0000,0.0000,1.0000,-0.0000,0.0000,0.0000,0.9293,0.3694,-0.0000,-0.3694,0.9293),
      ["LeftUpperLeg"] = CFrame.new(0.0000,0.0000,0.0000,0.9604,-0.2298,0.1577,0.2788,0.7918,-0.5435,0.0000,0.5659,0.8245),
      ["LeftLowerLeg"] = CFrame.new(0.0000,0.0000,0.0000,1.0000,-0.0000,0.0000,0.0000,0.7273,0.6863,-0.0000,-0.6863,0.7273),
      ["LeftFoot"] = CFrame.new(0.0000,0.0000,0.0000,1.0000,-0.0000,0.0000,0.0000,0.9565,0.2916,-0.0000,-0.2916,0.9565),
    }},
    {Time = 0.800, Data = {
      ["HumanoidRootPart"] = CFrame.new(0.0000,0.0000,0.0000,1.0000,0.0000,0.0000,0.0000,1.0000,0.0000,0.0000,0.0000,1.0000),
      ["LowerTorso"] = CFrame.new(0.1371,2.2039,0.2842,0.9007,0.2968,0.3173,0.0000,0.7303,-0.6831,-0.4345,0.6153,0.6578),
      ["UpperTorso"] = CFrame.new(0.0000,0.0000,0.0000,0.9472,-0.0697,0.3129,0.0734,0.9973,-0.0000,-0.3121,0.0230,0.9498),
      ["LeftUpperArm"] = CFrame.new(0.0000,0.0000,0.0000,0.8769,-0.0000,0.4807,-0.4434,0.3861,0.8089,-0.1856,-0.9225,0.3385),
      ["LeftLowerArm"] = CFrame.new(0.0000,0.0000,0.0000,1.0000,0.0017,0.0071,0.0000,0.9735,-0.2288,-0.0073,0.2288,0.9735),
      ["RightUpperArm"] = CFrame.new(0.0274,-0.1317,0.0482,0.0767,-0.9936,-0.0832,0.9969,0.0748,0.0253,-0.0189,-0.0849,0.9962),
      ["RightLowerArm"] = CFrame.new(0.0000,0.0000,0.0000,0.7483,-0.6633,0.0025,-0.0118,-0.0171,-0.9998,0.6632,0.7481,-0.0207),
      ["RightHand"] = CFrame.new(0.0000,0.0000,0.0000,0.9913,0.0344,0.1270,-0.0000,0.9652,-0.2615,-0.1316,0.2592,0.9568),
      ["Head"] = CFrame.new(1.3260,0.5527,-0.9096,-0.0980,0.6649,0.7405,-0.3562,0.6714,-0.6499,-0.9292,-0.3275,0.1711),
      ["RightUpperLeg"] = CFrame.new(0.0000,0.0000,0.0000,0.7142,-0.0834,-0.6949,0.0001,0.9929,-0.1190,0.6999,0.0850,0.7092),
      ["RightLowerLeg"] = CFrame.new(0.0000,0.0000,0.0000,1.0000,-0.0000,0.0000,0.0000,0.7794,0.6265,-0.0000,-0.6265,0.7794),
      ["RightFoot"] = CFrame.new(0.0000,0.0000,0.0000,1.0000,-0.0000,0.0000,0.0000,0.9332,0.3593,-0.0000,-0.3593,0.9332),
      ["LeftUpperLeg"] = CFrame.new(0.0000,0.0000,0.0000,0.9604,-0.2294,0.1585,0.2788,0.7901,-0.5459,0.0000,0.5684,0.8227),
      ["LeftLowerLeg"] = CFrame.new(0.0000,0.0000,0.0000,1.0000,-0.0000,0.0000,0.0000,0.7191,0.6949,-0.0000,-0.6949,0.7191),
      ["LeftFoot"] = CFrame.new(0.0000,0.0000,0.0000,1.0000,-0.0000,0.0000,0.0000,0.9559,0.2936,-0.0000,-0.2936,0.9559),
    }},
    {Time = 0.833, Data = {
      ["HumanoidRootPart"] = CFrame.new(0.0000,0.0000,0.0000,1.0000,0.0000,0.0000,0.0000,1.0000,0.0000,0.0000,0.0000,1.0000),
      ["LowerTorso"] = CFrame.new(0.1357,2.2121,0.2812,0.9007,0.2968,0.3173,0.0000,0.7303,-0.6831,-0.4345,0.6153,0.6578),
      ["UpperTorso"] = CFrame.new(0.0000,0.0000,0.0000,0.9474,-0.0671,0.3129,0.0707,0.9975,-0.0000,-0.3121,0.0221,0.9498),
      ["LeftUpperArm"] = CFrame.new(0.0000,0.0000,0.0000,0.8801,-0.0000,0.4749,-0.4381,0.3861,0.8118,-0.1833,-0.9225,0.3398),
      ["LeftLowerArm"] = CFrame.new(0.0000,0.0000,0.0000,1.0000,0.0017,0.0071,0.0000,0.9735,-0.2288,-0.0073,0.2288,0.9735),
      ["RightUpperArm"] = CFrame.new(0.0256,-0.1226,0.0449,0.0894,-0.9925,-0.0835,0.9958,0.0875,0.0263,-0.0188,-0.0855,0.9962),
      ["RightLowerArm"] = CFrame.new(0.0000,0.0000,0.0000,0.7483,-0.6633,0.0025,-0.0118,-0.0171,-0.9998,0.6632,0.7481,-0.0207),
      ["RightHand"] = CFrame.new(0.0000,0.0000,0.0000,0.9913,0.0344,0.1270,-0.0000,0.9652,-0.2615,-0.1316,0.2592,0.9568),
      ["Head"] = CFrame.new(1.3313,0.5572,-0.9040,-0.0720,0.6501,0.7565,-0.4751,0.6445,-0.5991,-0.8770,-0.4025,0.2624),
      ["RightUpperLeg"] = CFrame.new(0.0000,0.0000,0.0000,0.7141,-0.0869,-0.6946,0.0001,0.9923,-0.1240,0.7000,0.0885,0.7086),
      ["RightLowerLeg"] = CFrame.new(0.0000,0.0000,0.0000,1.0000,-0.0000,0.0000,0.0000,0.7786,0.6276,-0.0000,-0.6276,0.7786),
      ["RightFoot"] = CFrame.new(0.0000,0.0000,0.0000,1.0000,-0.0000,0.0000,0.0000,0.9371,0.3492,-0.0000,-0.3492,0.9371),
      ["LeftUpperLeg"] = CFrame.new(0.0000,0.0000,0.0000,0.9604,-0.2289,0.1592,0.2788,0.7884,-0.5484,0.0000,0.5710,0.8210),
      ["LeftLowerLeg"] = CFrame.new(0.0000,0.0000,0.0000,1.0000,-0.0000,0.0000,0.0000,0.7108,0.7034,-0.0000,-0.7034,0.7108),
      ["LeftFoot"] = CFrame.new(0.0000,0.0000,0.0000,1.0000,-0.0000,0.0000,0.0000,0.9553,0.2956,-0.0000,-0.2956,0.9553),
    }},
    {Time = 0.867, Data = {
      ["HumanoidRootPart"] = CFrame.new(0.0000,0.0000,0.0000,1.0000,0.0000,0.0000,0.0000,1.0000,0.0000,0.0000,0.0000,1.0000),
      ["LowerTorso"] = CFrame.new(0.1342,2.2203,0.2782,0.9007,0.2968,0.3173,0.0000,0.7303,-0.6831,-0.4345,0.6153,0.6578),
      ["UpperTorso"] = CFrame.new(0.0000,0.0000,0.0000,0.9476,-0.0646,0.3129,0.0680,0.9977,-0.0000,-0.3122,0.0213,0.9498),
      ["LeftUpperArm"] = CFrame.new(0.0000,0.0000,0.0000,0.8832,-0.0000,0.4691,-0.4327,0.3861,0.8147,-0.1811,-0.9225,0.3410),
      ["LeftLowerArm"] = CFrame.new(0.0000,0.0000,0.0000,1.0000,0.0017,0.0071,-0.0000,0.9735,-0.2288,-0.0073,0.2288,0.9735),
      ["RightUpperArm"] = CFrame.new(0.0237,-0.1135,0.0415,0.1022,-0.9912,-0.0837,0.9946,0.1002,0.0274,-0.0188,-0.0861,0.9961),
      ["RightLowerArm"] = CFrame.new(0.0000,0.0000,0.0000,0.7483,-0.6633,0.0025,-0.0118,-0.0171,-0.9998,0.6632,0.7481,-0.0207),
      ["RightHand"] = CFrame.new(0.0000,0.0000,0.0000,0.9913,0.0344,0.1270,-0.0000,0.9652,-0.2615,-0.1316,0.2592,0.9568),
      ["Head"] = CFrame.new(1.3367,0.5616,-0.8984,-0.0398,0.7151,0.6979,-0.5654,0.5598,-0.6058,-0.8238,-0.4187,0.3820),
      ["RightUpperLeg"] = CFrame.new(0.0000,0.0000,0.0000,0.7140,-0.0903,-0.6943,0.0001,0.9917,-0.1290,0.7001,0.0920,0.7081),
      ["RightLowerLeg"] = CFrame.new(0.0000,0.0000,0.0000,1.0000,-0.0000,0.0000,0.0000,0.7777,0.6286,-0.0000,-0.6286,0.7777),
      ["RightFoot"] = CFrame.new(0.0000,0.0000,0.0000,1.0000,-0.0000,0.0000,0.0000,0.9408,0.3390,-0.0000,-0.3390,0.9408),
      ["LeftUpperLeg"] = CFrame.new(0.0000,0.0000,0.0000,0.9603,-0.2284,0.1599,0.2788,0.7867,-0.5508,0.0000,0.5735,0.8192),
      ["LeftLowerLeg"] = CFrame.new(0.0000,0.0000,0.0000,1.0000,-0.0000,0.0000,0.0000,0.7023,0.7118,-0.0000,-0.7118,0.7023),
      ["LeftFoot"] = CFrame.new(0.0000,0.0000,0.0000,1.0000,-0.0000,0.0000,0.0000,0.9547,0.2976,-0.0000,-0.2976,0.9547),
    }},
    {Time = 0.900, Data = {
      ["HumanoidRootPart"] = CFrame.new(0.0000,0.0000,0.0000,1.0000,0.0000,0.0000,0.0000,1.0000,0.0000,0.0000,0.0000,1.0000),
      ["LowerTorso"] = CFrame.new(0.1327,2.2284,0.2752,0.9007,0.2968,0.3173,0.0000,0.7303,-0.6831,-0.4345,0.6153,0.6578),
      ["UpperTorso"] = CFrame.new(0.0000,0.0000,0.0000,0.9478,-0.0620,0.3129,0.0653,0.9979,-0.0000,-0.3122,0.0204,0.9498),
      ["LeftUpperArm"] = CFrame.new(0.0000,0.0000,0.0000,0.8862,-0.0000,0.4632,-0.4273,0.3861,0.8175,-0.1788,-0.9225,0.3421),
      ["LeftLowerArm"] = CFrame.new(0.0000,0.0000,0.0000,1.0000,0.0017,0.0071,0.0000,0.9735,-0.2288,-0.0073,0.2288,0.9735),
      ["RightUpperArm"] = CFrame.new(0.0218,-0.1044,0.0382,0.1149,-0.9898,-0.0840,0.9932,0.1129,0.0284,-0.0187,-0.0867,0.9961),
      ["RightLowerArm"] = CFrame.new(0.0000,0.0000,0.0000,0.7483,-0.6633,0.0025,-0.0118,-0.0171,-0.9998,0.6632,0.7481,-0.0207),
      ["RightHand"] = CFrame.new(0.0000,0.0000,0.0000,0.9913,0.0344,0.1270,0.0000,0.9652,-0.2615,-0.1316,0.2592,0.9568),
      ["Head"] = CFrame.new(1.3421,0.5661,-0.8928,-0.0007,0.7731,0.6343,-0.6541,0.4794,-0.5850,-0.7564,-0.4154,0.5054),
      ["RightUpperLeg"] = CFrame.new(0.0000,0.0000,0.0000,0.7139,-0.0938,-0.6939,0.0001,0.9910,-0.1339,0.7002,0.0955,0.7075),
      ["RightLowerLeg"] = CFrame.new(0.0000,0.0000,0.0000,1.0000,-0.0000,0.0000,0.0000,0.7769,0.6296,-0.0000,-0.6296,0.7769),
      ["RightFoot"] = CFrame.new(0.0000,0.0000,0.0000,1.0000,-0.0000,0.0000,0.0000,0.9444,0.3287,-0.0000,-0.3287,0.9444),
      ["LeftUpperLeg"] = CFrame.new(0.0000,0.0000,0.0000,0.9603,-0.2279,0.1606,0.2788,0.7850,-0.5532,0.0000,0.5761,0.8174),
      ["LeftLowerLeg"] = CFrame.new(0.0000,0.0000,0.0000,1.0000,-0.0000,0.0000,0.0000,0.6938,0.7202,-0.0000,-0.7202,0.6938),
      ["LeftFoot"] = CFrame.new(0.0000,0.0000,0.0000,1.0000,-0.0000,0.0000,0.0000,0.9541,0.2996,-0.0000,-0.2996,0.9541),
    }},
    {Time = 0.933, Data = {
      ["HumanoidRootPart"] = CFrame.new(0.0000,0.0000,0.0000,1.0000,0.0000,0.0000,0.0000,1.0000,0.0000,0.0000,0.0000,1.0000),
      ["LowerTorso"] = CFrame.new(0.1313,2.2366,0.2722,0.9007,0.2968,0.3173,0.0000,0.7303,-0.6831,-0.4345,0.6153,0.6578),
      ["UpperTorso"] = CFrame.new(0.0000,0.0000,0.0000,0.9479,-0.0594,0.3129,0.0625,0.9980,-0.0000,-0.3123,0.0196,0.9498),
      ["LeftUpperArm"] = CFrame.new(0.0000,0.0000,0.0000,0.8893,-0.0000,0.4574,-0.4219,0.3861,0.8203,-0.1766,-0.9225,0.3433),
      ["LeftLowerArm"] = CFrame.new(0.0000,0.0000,0.0000,1.0000,0.0017,0.0071,0.0000,0.9735,-0.2288,-0.0073,0.2288,0.9735),
      ["RightUpperArm"] = CFrame.new(0.0199,-0.0954,0.0349,0.1277,-0.9882,-0.0842,0.9916,0.1256,0.0295,-0.0186,-0.0873,0.9960),
      ["RightLowerArm"] = CFrame.new(0.0000,0.0000,0.0000,0.7483,-0.6633,0.0025,-0.0118,-0.0171,-0.9998,0.6632,0.7481,-0.0207),
      ["RightHand"] = CFrame.new(0.0000,0.0000,0.0000,0.9913,0.0344,0.1270,-0.0000,0.9652,-0.2615,-0.1316,0.2592,0.9568),
      ["Head"] = CFrame.new(1.3475,0.5705,-0.8872,0.0443,0.8231,0.5661,-0.7384,0.4087,-0.5364,-0.6729,-0.3943,0.6259),
      ["RightUpperLeg"] = CFrame.new(0.0000,0.0000,0.0000,0.7138,-0.0973,-0.6936,0.0001,0.9903,-0.1389,0.7004,0.0991,0.7069),
      ["RightLowerLeg"] = CFrame.new(0.0000,0.0000,0.0000,1.0000,-0.0000,0.0000,0.0000,0.7761,0.6306,-0.0000,-0.6306,0.7761),
      ["RightFoot"] = CFrame.new(0.0000,0.0000,0.0000,1.0000,-0.0000,0.0000,0.0000,0.9479,0.3185,-0.0000,-0.3185,0.9479),
      ["LeftUpperLeg"] = CFrame.new(0.0000,0.0000,0.0000,0.9603,-0.2274,0.1613,0.2788,0.7833,-0.5557,0.0000,0.5786,0.8156),
      ["LeftLowerLeg"] = CFrame.new(0.0000,0.0000,0.0000,1.0000,-0.0000,0.0000,0.0000,0.6852,0.7284,-0.0000,-0.7284,0.6852),
      ["LeftFoot"] = CFrame.new(0.0000,0.0000,0.0000,1.0000,-0.0000,0.0000,0.0000,0.9534,0.3016,-0.0000,-0.3016,0.9534),
    }},
    {Time = 0.967, Data = {
      ["HumanoidRootPart"] = CFrame.new(0.0000,0.0000,0.0000,1.0000,0.0000,0.0000,0.0000,1.0000,0.0000,0.0000,0.0000,1.0000),
      ["LowerTorso"] = CFrame.new(0.1298,2.2448,0.2692,0.9007,0.2968,0.3173,0.0000,0.7303,-0.6831,-0.4345,0.6153,0.6578),
      ["UpperTorso"] = CFrame.new(0.0000,0.0000,0.0000,0.9481,-0.0568,0.3129,0.0598,0.9982,-0.0000,-0.3123,0.0187,0.9498),
      ["LeftUpperArm"] = CFrame.new(0.0000,0.0000,0.0000,0.8923,-0.0000,0.4515,-0.4165,0.3861,0.8231,-0.1743,-0.9225,0.3445),
      ["LeftLowerArm"] = CFrame.new(0.0000,0.0000,0.0000,1.0000,0.0017,0.0071,0.0000,0.9735,-0.2288,-0.0073,0.2288,0.9735),
      ["RightUpperArm"] = CFrame.new(0.0180,-0.0863,0.0316,0.1404,-0.9865,-0.0845,0.9899,0.1382,0.0305,-0.0184,-0.0879,0.9960),
      ["RightLowerArm"] = CFrame.new(0.0000,0.0000,0.0000,0.7483,-0.6633,0.0025,-0.0118,-0.0171,-0.9998,0.6632,0.7481,-0.0207),
      ["RightHand"] = CFrame.new(0.0000,0.0000,0.0000,0.9913,0.0344,0.1270,-0.0000,0.9652,-0.2615,-0.1316,0.2592,0.9568),
      ["Head"] = CFrame.new(1.3529,0.5749,-0.8816,0.0942,0.8645,0.4938,-0.8146,0.3520,-0.4610,-0.5723,-0.3588,0.7374),
      ["RightUpperLeg"] = CFrame.new(0.0000,0.0000,0.0000,0.7136,-0.1008,-0.6932,0.0001,0.9896,-0.1438,0.7005,0.1026,0.7062),
      ["RightLowerLeg"] = CFrame.new(0.0000,0.0000,0.0000,1.0000,-0.0000,0.0000,0.0000,0.7752,0.6317,-0.0000,-0.6317,0.7752),
      ["RightFoot"] = CFrame.new(0.0000,0.0000,0.0000,1.0000,-0.0000,0.0000,0.0000,0.9513,0.3081,-0.0000,-0.3081,0.9513),
      ["LeftUpperLeg"] = CFrame.new(0.0000,0.0000,0.0000,0.9603,-0.2269,0.1621,0.2789,0.7815,-0.5581,0.0000,0.5811,0.8138),
      ["LeftLowerLeg"] = CFrame.new(0.0000,0.0000,0.0000,1.0000,-0.0000,0.0000,0.0000,0.6765,0.7365,-0.0000,-0.7365,0.6765),
      ["LeftFoot"] = CFrame.new(0.0000,0.0000,0.0000,1.0000,-0.0000,0.0000,0.0000,0.9528,0.3036,-0.0000,-0.3036,0.9528),
    }},
    {Time = 1.000, Data = {
      ["HumanoidRootPart"] = CFrame.new(0.0000,0.0000,0.0000,1.0000,0.0000,0.0000,0.0000,1.0000,0.0000,0.0000,0.0000,1.0000),
      ["LowerTorso"] = CFrame.new(0.1284,2.2529,0.2662,0.9007,0.2968,0.3173,0.0000,0.7303,-0.6831,-0.4345,0.6153,0.6578),
      ["UpperTorso"] = CFrame.new(0.0000,0.0000,0.0000,0.9482,-0.0542,0.3129,0.0571,0.9984,-0.0000,-0.3124,0.0179,0.9498),
      ["LeftUpperArm"] = CFrame.new(0.0000,0.0000,0.0000,0.8952,-0.0000,0.4456,-0.4111,0.3861,0.8258,-0.1720,-0.9225,0.3456),
      ["LeftLowerArm"] = CFrame.new(0.0000,0.0000,0.0000,1.0000,0.0017,0.0071,0.0000,0.9735,-0.2288,-0.0073,0.2288,0.9735),
      ["RightUpperArm"] = CFrame.new(0.0161,-0.0772,0.0282,0.1530,-0.9846,-0.0847,0.9880,0.1509,0.0316,-0.0183,-0.0885,0.9959),
      ["RightLowerArm"] = CFrame.new(0.0000,0.0000,0.0000,0.7483,-0.6633,0.0025,-0.0118,-0.0171,-0.9998,0.6632,0.7481,-0.0207),
      ["RightHand"] = CFrame.new(0.0000,0.0000,0.0000,0.9913,0.0344,0.1270,-0.0000,0.9652,-0.2615,-0.1316,0.2592,0.9568),
      ["Head"] = CFrame.new(1.3582,0.5794,-0.8760,0.1476,0.8965,0.4178,-0.8784,0.3130,-0.3612,-0.4546,-0.3137,0.8336),
      ["RightUpperLeg"] = CFrame.new(0.0000,0.0000,0.0000,0.7134,-0.1043,-0.6929,0.0001,0.9889,-0.1488,0.7007,0.1061,0.7055),
      ["RightLowerLeg"] = CFrame.new(0.0000,0.0000,0.0000,1.0000,-0.0000,0.0000,0.0000,0.7744,0.6327,-0.0000,-0.6327,0.7744),
      ["RightFoot"] = CFrame.new(0.0000,0.0000,0.0000,1.0000,-0.0000,0.0000,0.0000,0.9546,0.2978,-0.0000,-0.2978,0.9546),
      ["LeftUpperLeg"] = CFrame.new(0.0000,0.0000,0.0000,0.9603,-0.2265,0.1628,0.2789,0.7798,-0.5605,0.0000,0.5837,0.8120),
      ["LeftLowerLeg"] = CFrame.new(0.0000,0.0000,0.0000,1.0000,-0.0000,0.0000,0.0000,0.6676,0.7445,-0.0000,-0.7445,0.6676),
      ["LeftFoot"] = CFrame.new(0.0000,0.0000,0.0000,1.0000,-0.0000,0.0000,0.0000,0.9522,0.3056,-0.0000,-0.3056,0.9522),
    }},
    {Time = 1.033, Data = {
      ["HumanoidRootPart"] = CFrame.new(0.0000,0.0000,0.0000,1.0000,0.0000,0.0000,0.0000,1.0000,0.0000,0.0000,0.0000,1.0000),
      ["LowerTorso"] = CFrame.new(0.1269,2.2611,0.2631,0.9007,0.2968,0.3173,0.0000,0.7303,-0.6831,-0.4345,0.6153,0.6578),
      ["UpperTorso"] = CFrame.new(0.0000,0.0000,0.0000,0.9484,-0.0517,0.3129,0.0544,0.9985,-0.0000,-0.3124,0.0170,0.9498),
      ["LeftUpperArm"] = CFrame.new(0.0000,0.0000,0.0000,0.8981,-0.0000,0.4397,-0.4056,0.3861,0.8285,-0.1698,-0.9225,0.3467),
      ["LeftLowerArm"] = CFrame.new(0.0000,0.0000,0.0000,1.0000,0.0017,0.0071,0.0000,0.9735,-0.2288,-0.0073,0.2288,0.9735),
      ["RightUpperArm"] = CFrame.new(0.0142,-0.0681,0.0249,0.1657,-0.9825,-0.0850,0.9860,0.1635,0.0326,-0.0182,-0.0892,0.9958),
      ["RightLowerArm"] = CFrame.new(0.0000,0.0000,0.0000,0.7483,-0.6633,0.0025,-0.0118,-0.0171,-0.9998,0.6632,0.7481,-0.0207),
      ["RightHand"] = CFrame.new(0.0000,0.0000,0.0000,0.9913,0.0344,0.1270,-0.0000,0.9652,-0.2615,-0.1316,0.2592,0.9568),
      ["Head"] = CFrame.new(1.3636,0.5838,-0.8704,0.2034,0.9186,0.3388,-0.9250,0.2937,-0.2410,-0.3209,-0.2644,0.9094),
      ["RightUpperLeg"] = CFrame.new(0.0000,0.0000,0.0000,0.7132,-0.1078,-0.6926,0.0001,0.9881,-0.1537,0.7009,0.1096,0.7048),
      ["RightLowerLeg"] = CFrame.new(0.0000,0.0000,0.0000,1.0000,-0.0000,0.0000,0.0000,0.7736,0.6337,-0.0000,-0.6337,0.7736),
      ["RightFoot"] = CFrame.new(0.0000,0.0000,0.0000,1.0000,-0.0000,0.0000,0.0000,0.9578,0.2874,-0.0000,-0.2874,0.9578),
      ["LeftUpperLeg"] = CFrame.new(0.0000,0.0000,0.0000,0.9603,-0.2260,0.1635,0.2789,0.7780,-0.5629,0.0000,0.5862,0.8102),
      ["LeftLowerLeg"] = CFrame.new(0.0000,0.0000,0.0000,1.0000,-0.0000,0.0000,0.0000,0.6587,0.7524,-0.0000,-0.7524,0.6587),
      ["LeftFoot"] = CFrame.new(0.0000,0.0000,0.0000,1.0000,-0.0000,0.0000,0.0000,0.9515,0.3076,-0.0000,-0.3076,0.9515),
    }},
    {Time = 1.067, Data = {
      ["HumanoidRootPart"] = CFrame.new(0.0000,0.0000,0.0000,1.0000,0.0000,0.0000,0.0000,1.0000,0.0000,0.0000,0.0000,1.0000),
      ["LowerTorso"] = CFrame.new(0.1255,2.2693,0.2601,0.9007,0.2968,0.3173,0.0000,0.7303,-0.6831,-0.4345,0.6153,0.6578),
      ["UpperTorso"] = CFrame.new(0.0000,0.0000,0.0000,0.9485,-0.0491,0.3129,0.0517,0.9987,-0.0000,-0.3125,0.0162,0.9498),
      ["LeftUpperArm"] = CFrame.new(0.0000,0.0000,0.0000,0.9010,-0.0000,0.4338,-0.4001,0.3861,0.8312,-0.1675,-0.9225,0.3479),
      ["LeftLowerArm"] = CFrame.new(0.0000,0.0000,0.0000,1.0000,0.0017,0.0071,0.0000,0.9735,-0.2288,-0.0073,0.2288,0.9735),
      ["RightUpperArm"] = CFrame.new(0.0123,-0.0590,0.0216,0.1783,-0.9803,-0.0852,0.9838,0.1760,0.0337,-0.0180,-0.0898,0.9958),
      ["RightLowerArm"] = CFrame.new(0.0000,0.0000,0.0000,0.7483,-0.6633,0.0025,-0.0118,-0.0171,-0.9998,0.6632,0.7481,-0.0207),
      ["RightHand"] = CFrame.new(0.0000,0.0000,0.0000,0.9913,0.0344,0.1270,-0.0000,0.9652,-0.2615,-0.1316,0.2592,0.9568),
      ["Head"] = CFrame.new(1.3690,0.5883,-0.8648,0.2602,0.9306,0.2574,-0.9498,0.2947,-0.1054,-0.1739,-0.2171,0.9605),
      ["RightUpperLeg"] = CFrame.new(0.0000,0.0000,0.0000,0.7130,-0.1113,-0.6922,0.0001,0.9873,-0.1587,0.7011,0.1131,0.7040),
      ["RightLowerLeg"] = CFrame.new(0.0000,0.0000,0.0000,1.0000,-0.0000,0.0000,0.0000,0.7727,0.6347,-0.0000,-0.6347,0.7727),
      ["RightFoot"] = CFrame.new(0.0000,0.0000,0.0000,1.0000,-0.0000,0.0000,0.0000,0.9609,0.2770,-0.0000,-0.2770,0.9609),
      ["LeftUpperLeg"] = CFrame.new(0.0000,0.0000,0.0000,0.9603,-0.2255,0.1642,0.2790,0.7763,-0.5653,-0.0000,0.5887,0.8084),
      ["LeftLowerLeg"] = CFrame.new(0.0000,0.0000,0.0000,1.0000,-0.0000,0.0000,0.0000,0.6497,0.7602,-0.0000,-0.7602,0.6497),
      ["LeftFoot"] = CFrame.new(0.0000,0.0000,0.0000,1.0000,-0.0000,0.0000,0.0000,0.9509,0.3096,-0.0000,-0.3096,0.9509),
    }},
    {Time = 1.100, Data = {
      ["HumanoidRootPart"] = CFrame.new(0.0000,0.0000,0.0000,1.0000,0.0000,0.0000,0.0000,1.0000,0.0000,0.0000,0.0000,1.0000),
      ["LowerTorso"] = CFrame.new(0.1240,2.2775,0.2571,0.9007,0.2968,0.3173,0.0000,0.7303,-0.6831,-0.4345,0.6153,0.6578),
      ["UpperTorso"] = CFrame.new(0.0000,0.0000,0.0000,0.9486,-0.0465,0.3129,0.0489,0.9988,-0.0000,-0.3125,0.0153,0.9498),
      ["LeftUpperArm"] = CFrame.new(0.0000,0.0000,0.0000,0.9039,-0.0000,0.4278,-0.3946,0.3861,0.8338,-0.1652,-0.9225,0.3490),
      ["LeftLowerArm"] = CFrame.new(0.0000,0.0000,0.0000,1.0000,0.0017,0.0071,0.0000,0.9735,-0.2288,-0.0073,0.2288,0.9735),
      ["RightUpperArm"] = CFrame.new(0.0104,-0.0499,0.0183,0.1909,-0.9779,-0.0854,0.9814,0.1886,0.0347,-0.0179,-0.0905,0.9957),
      ["RightLowerArm"] = CFrame.new(0.0000,0.0000,0.0000,0.7483,-0.6633,0.0025,-0.0118,-0.0171,-0.9998,0.6632,0.7481,-0.0207),
      ["RightHand"] = CFrame.new(0.0000,0.0000,0.0000,0.9913,0.0344,0.1270,-0.0000,0.9652,-0.2615,-0.1316,0.2592,0.9568),
      ["Head"] = CFrame.new(1.3744,0.5927,-0.8592,0.3166,0.9324,0.1741,-0.9484,0.3146,0.0399,-0.0175,-0.1777,0.9839),
      ["RightUpperLeg"] = CFrame.new(0.0000,0.0000,0.0000,0.7128,-0.1148,-0.6919,0.0001,0.9865,-0.1636,0.7014,0.1166,0.7032),
      ["RightLowerLeg"] = CFrame.new(0.0000,0.0000,0.0000,1.0000,-0.0000,0.0000,0.0000,0.7719,0.6357,-0.0000,-0.6357,0.7719),
      ["RightFoot"] = CFrame.new(0.0000,0.0000,0.0000,1.0000,-0.0000,0.0000,0.0000,0.9638,0.2666,-0.0000,-0.2666,0.9638),
      ["LeftUpperLeg"] = CFrame.new(0.0000,0.0000,0.0000,0.9603,-0.2250,0.1649,0.2790,0.7745,-0.5677,-0.0000,0.5912,0.8065),
      ["LeftLowerLeg"] = CFrame.new(0.0000,0.0000,0.0000,1.0000,-0.0000,0.0000,0.0000,0.6406,0.7679,-0.0000,-0.7679,0.6406),
      ["LeftFoot"] = CFrame.new(0.0000,0.0000,0.0000,1.0000,-0.0000,0.0000,0.0000,0.9502,0.3116,-0.0000,-0.3116,0.9502),
    }},
    {Time = 1.133, Data = {
      ["HumanoidRootPart"] = CFrame.new(0.0000,0.0000,0.0000,1.0000,0.0000,0.0000,0.0000,1.0000,0.0000,0.0000,0.0000,1.0000),
      ["LowerTorso"] = CFrame.new(0.1226,2.2856,0.2541,0.9007,0.2968,0.3173,0.0000,0.7303,-0.6831,-0.4345,0.6153,0.6578),
      ["UpperTorso"] = CFrame.new(0.0000,0.0000,0.0000,0.9488,-0.0439,0.3129,0.0462,0.9989,-0.0000,-0.3126,0.0145,0.9498),
      ["LeftUpperArm"] = CFrame.new(0.0000,0.0000,0.0000,0.9067,-0.0000,0.4218,-0.3891,0.3861,0.8364,-0.1629,-0.9225,0.3500),
      ["LeftLowerArm"] = CFrame.new(0.0000,0.0000,0.0000,1.0000,0.0017,0.0071,0.0000,0.9735,-0.2288,-0.0073,0.2288,0.9735),
      ["RightUpperArm"] = CFrame.new(0.0085,-0.0409,0.0150,0.2035,-0.9753,-0.0857,0.9789,0.2011,0.0358,-0.0177,-0.0912,0.9957),
      ["RightLowerArm"] = CFrame.new(0.0000,0.0000,0.0000,0.7483,-0.6633,0.0025,-0.0118,-0.0171,-0.9998,0.6632,0.7481,-0.0207),
      ["RightHand"] = CFrame.new(0.0000,0.0000,0.0000,0.9913,0.0344,0.1270,-0.0000,0.9652,-0.2615,-0.1316,0.2592,0.9568),
      ["Head"] = CFrame.new(1.3798,0.5972,-0.8536,0.3713,0.9242,0.0895,-0.9175,0.3504,0.1885,0.1428,-0.1521,0.9780),
      ["RightUpperLeg"] = CFrame.new(0.0000,0.0000,0.0000,0.7126,-0.1183,-0.6916,0.0001,0.9857,-0.1686,0.7016,0.1201,0.7024),
      ["RightLowerLeg"] = CFrame.new(0.0000,0.0000,0.0000,1.0000,-0.0000,0.0000,0.0000,0.7711,0.6367,-0.0000,-0.6367,0.7711),
      ["RightFoot"] = CFrame.new(0.0000,0.0000,0.0000,1.0000,-0.0000,0.0000,0.0000,0.9667,0.2561,-0.0000,-0.2561,0.9667),
      ["LeftUpperLeg"] = CFrame.new(0.0000,0.0000,0.0000,0.9603,-0.2245,0.1657,0.2790,0.7727,-0.5701,-0.0000,0.5937,0.8047),
      ["LeftLowerLeg"] = CFrame.new(0.0000,0.0000,0.0000,1.0000,-0.0000,0.0000,0.0000,0.6314,0.7754,-0.0000,-0.7754,0.6314),
      ["LeftFoot"] = CFrame.new(0.0000,0.0000,0.0000,1.0000,-0.0000,0.0000,0.0000,0.9496,0.3136,-0.0000,-0.3136,0.9496),
    }},
    {Time = 1.167, Data = {
      ["HumanoidRootPart"] = CFrame.new(0.0000,0.0000,0.0000,1.0000,0.0000,0.0000,0.0000,1.0000,0.0000,0.0000,0.0000,1.0000),
      ["LowerTorso"] = CFrame.new(0.1211,2.2938,0.2511,0.9007,0.2968,0.3173,0.0000,0.7303,-0.6831,-0.4345,0.6153,0.6578),
      ["UpperTorso"] = CFrame.new(0.0000,0.0000,0.0000,0.9489,-0.0413,0.3129,0.0435,0.9991,-0.0000,-0.3126,0.0136,0.9498),
      ["LeftUpperArm"] = CFrame.new(0.0000,0.0000,0.0000,0.9094,-0.0000,0.4159,-0.3836,0.3861,0.8389,-0.1605,-0.9225,0.3511),
      ["LeftLowerArm"] = CFrame.new(0.0000,0.0000,0.0000,1.0000,0.0017,0.0071,0.0000,0.9735,-0.2288,-0.0073,0.2288,0.9735),
      ["RightUpperArm"] = CFrame.new(0.0066,-0.0318,0.0116,0.2160,-0.9726,-0.0859,0.9762,0.2136,0.0369,-0.0175,-0.0919,0.9956),
      ["RightLowerArm"] = CFrame.new(0.0000,0.0000,0.0000,0.7483,-0.6633,0.0025,-0.0118,-0.0171,-0.9998,0.6632,0.7481,-0.0207),
      ["RightHand"] = CFrame.new(0.0000,0.0000,0.0000,0.9913,0.0344,0.1270,-0.0000,0.9652,-0.2615,-0.1316,0.2592,0.9568),
      ["Head"] = CFrame.new(1.3851,0.6016,-0.8480,0.4230,0.9061,0.0042,-0.8548,0.3975,0.3337,0.3006,-0.1448,0.9427),
      ["RightUpperLeg"] = CFrame.new(0.0000,0.0000,0.0000,0.7123,-0.1219,-0.6912,0.0001,0.9848,-0.1735,0.7019,0.1235,0.7015),
      ["RightLowerLeg"] = CFrame.new(0.0000,0.0000,0.0000,1.0000,-0.0000,0.0000,0.0000,0.7702,0.6378,-0.0000,-0.6378,0.7702),
      ["RightFoot"] = CFrame.new(0.0000,0.0000,0.0000,1.0000,-0.0000,0.0000,0.0000,0.9694,0.2456,-0.0000,-0.2456,0.9694),
      ["LeftUpperLeg"] = CFrame.new(0.0000,0.0000,0.0000,0.9603,-0.2240,0.1664,0.2791,0.7709,-0.5725,-0.0000,0.5962,0.8028),
      ["LeftLowerLeg"] = CFrame.new(0.0000,0.0000,0.0000,1.0000,-0.0000,0.0000,0.0000,0.6221,0.7829,-0.0000,-0.7829,0.6221),
      ["LeftFoot"] = CFrame.new(0.0000,0.0000,0.0000,1.0000,-0.0000,0.0000,0.0000,0.9489,0.3156,-0.0000,-0.3156,0.9489),
    }},
    {Time = 1.200, Data = {
      ["HumanoidRootPart"] = CFrame.new(0.0000,0.0000,0.0000,1.0000,0.0000,0.0000,0.0000,1.0000,0.0000,0.0000,0.0000,1.0000),
      ["LowerTorso"] = CFrame.new(0.1197,2.3020,0.2481,0.9007,0.2968,0.3173,0.0000,0.7303,-0.6831,-0.4345,0.6153,0.6578),
      ["UpperTorso"] = CFrame.new(0.0000,0.0000,0.0000,0.9490,-0.0387,0.3129,0.0408,0.9992,-0.0000,-0.3126,0.0128,0.9498),
      ["LeftUpperArm"] = CFrame.new(0.0000,0.0000,0.0000,0.9122,-0.0000,0.4098,-0.3781,0.3861,0.8414,-0.1582,-0.9225,0.3522),
      ["LeftLowerArm"] = CFrame.new(0.0000,0.0000,0.0000,1.0000,0.0017,0.0071,0.0000,0.9735,-0.2288,-0.0073,0.2288,0.9735),
      ["RightUpperArm"] = CFrame.new(0.0047,-0.0227,0.0083,0.2285,-0.9697,-0.0862,0.9734,0.2260,0.0379,-0.0173,-0.0926,0.9956),
      ["RightLowerArm"] = CFrame.new(0.0000,0.0000,0.0000,0.7483,-0.6633,0.0025,-0.0118,-0.0171,-0.9998,0.6632,0.7481,-0.0207),
      ["RightHand"] = CFrame.new(0.0000,0.0000,0.0000,0.9913,0.0344,0.1270,-0.0000,0.9652,-0.2615,-0.1316,0.2592,0.9568),
      ["Head"] = CFrame.new(1.3905,0.6061,-0.8424,0.4703,0.8788,-0.0810,-0.7599,0.4500,0.4691,0.4487,-0.1590,0.8794),
      ["RightUpperLeg"] = CFrame.new(0.0000,0.0000,0.0000,0.7120,-0.1254,-0.6909,0.0001,0.9839,-0.1785,0.7022,0.1270,0.7006),
      ["RightLowerLeg"] = CFrame.new(0.0000,0.0000,0.0000,1.0000,-0.0000,0.0000,0.0000,0.7694,0.6388,-0.0000,-0.6388,0.7694),
      ["RightFoot"] = CFrame.new(0.0000,0.0000,0.0000,1.0000,-0.0000,0.0000,0.0000,0.9720,0.2350,-0.0000,-0.2350,0.9720),
      ["LeftUpperLeg"] = CFrame.new(0.0000,0.0000,0.0000,0.9603,-0.2236,0.1671,0.2791,0.7692,-0.5749,-0.0000,0.5987,0.8010),
      ["LeftLowerLeg"] = CFrame.new(0.0000,0.0000,0.0000,1.0000,-0.0000,0.0000,0.0000,0.6128,0.7903,-0.0000,-0.7903,0.6128),
      ["LeftFoot"] = CFrame.new(0.0000,0.0000,0.0000,1.0000,-0.0000,0.0000,0.0000,0.9482,0.3176,-0.0000,-0.3176,0.9482),
    }},
    {Time = 1.233, Data = {
      ["HumanoidRootPart"] = CFrame.new(0.0000,0.0000,0.0000,1.0000,0.0000,0.0000,0.0000,1.0000,0.0000,0.0000,0.0000,1.0000),
      ["LowerTorso"] = CFrame.new(0.1182,2.3101,0.2451,0.9007,0.2968,0.3173,0.0000,0.7303,-0.6831,-0.4345,0.6153,0.6578),
      ["UpperTorso"] = CFrame.new(0.0000,0.0000,0.0000,0.9491,-0.0362,0.3129,0.0381,0.9993,-0.0000,-0.3127,0.0119,0.9498),
      ["LeftUpperArm"] = CFrame.new(0.0000,0.0000,0.0000,0.9148,-0.0000,0.4038,-0.3725,0.3861,0.8439,-0.1559,-0.9225,0.3532),
      ["LeftLowerArm"] = CFrame.new(0.0000,0.0000,0.0000,1.0000,0.0017,0.0071,0.0000,0.9735,-0.2288,-0.0073,0.2288,0.9735),
      ["RightUpperArm"] = CFrame.new(0.0028,-0.0136,0.0050,0.2410,-0.9667,-0.0864,0.9704,0.2384,0.0390,-0.0170,-0.0933,0.9955),
      ["RightLowerArm"] = CFrame.new(0.0000,0.0000,0.0000,0.7483,-0.6633,0.0025,-0.0118,-0.0171,-0.9998,0.6632,0.7481,-0.0207),
      ["RightHand"] = CFrame.new(0.0000,0.0000,0.0000,0.9913,0.0344,0.1270,-0.0000,0.9652,-0.2615,-0.1316,0.2592,0.9568),
      ["Head"] = CFrame.new(1.3959,0.6105,-0.8368,0.5122,0.8427,-0.1657,-0.6341,0.5012,0.5888,0.5792,-0.1965,0.7911),
      ["RightUpperLeg"] = CFrame.new(0.0000,0.0000,0.0000,0.7117,-0.1289,-0.6905,0.0000,0.9830,-0.1834,0.7025,0.1305,0.6997),
      ["RightLowerLeg"] = CFrame.new(0.0000,0.0000,0.0000,1.0000,-0.0000,0.0000,0.0000,0.7686,0.6398,-0.0000,-0.6398,0.7686),
      ["RightFoot"] = CFrame.new(0.0000,0.0000,0.0000,1.0000,-0.0000,0.0000,0.0000,0.9745,0.2245,-0.0000,-0.2245,0.9745),
      ["LeftUpperLeg"] = CFrame.new(0.0000,0.0000,0.0000,0.9602,-0.2231,0.1678,0.2792,0.7674,-0.5773,-0.0000,0.6012,0.7991),
      ["LeftLowerLeg"] = CFrame.new(0.0000,0.0000,0.0000,1.0000,-0.0000,0.0000,0.0000,0.6033,0.7975,-0.0000,-0.7975,0.6033),
      ["LeftFoot"] = CFrame.new(0.0000,0.0000,0.0000,1.0000,-0.0000,0.0000,0.0000,0.9476,0.3196,-0.0000,-0.3196,0.9476),
    }},
    {Time = 1.267, Data = {
      ["HumanoidRootPart"] = CFrame.new(0.0000,0.0000,0.0000,1.0000,0.0000,0.0000,0.0000,1.0000,0.0000,0.0000,0.0000,1.0000),
      ["LowerTorso"] = CFrame.new(0.1168,2.3183,0.2421,0.9007,0.2968,0.3173,0.0000,0.7303,-0.6831,-0.4345,0.6153,0.6578),
      ["UpperTorso"] = CFrame.new(0.0000,0.0000,0.0000,0.9492,-0.0336,0.3129,0.0354,0.9994,-0.0000,-0.3127,0.0111,0.9498),
      ["LeftUpperArm"] = CFrame.new(0.0000,0.0000,0.0000,0.9175,-0.0000,0.3978,-0.3669,0.3861,0.8463,-0.1536,-0.9225,0.3542),
      ["LeftLowerArm"] = CFrame.new(0.0000,0.0000,0.0000,1.0000,0.0017,0.0071,0.0000,0.9735,-0.2288,-0.0073,0.2288,0.9735),
      ["RightUpperArm"] = CFrame.new(0.0009,-0.0045,0.0017,0.2534,-0.9635,-0.0867,0.9672,0.2508,0.0400,-0.0168,-0.0940,0.9954),
      ["RightLowerArm"] = CFrame.new(0.0000,0.0000,0.0000,0.7483,-0.6633,0.0025,-0.0118,-0.0171,-0.9998,0.6632,0.7481,-0.0207),
      ["RightHand"] = CFrame.new(0.0000,0.0000,0.0000,0.9913,0.0344,0.1270,-0.0000,0.9652,-0.2615,-0.1316,0.2592,0.9568),
      ["Head"] = CFrame.new(1.4013,0.6149,-0.8312,0.5475,0.7988,-0.2492,-0.4808,0.5440,0.6877,0.6849,-0.2567,0.6819),
      ["RightUpperLeg"] = CFrame.new(0.0000,0.0000,0.0000,0.7114,-0.1324,-0.6902,0.0000,0.9821,-0.1883,0.7028,0.1340,0.6987),
      ["RightLowerLeg"] = CFrame.new(0.0000,0.0000,0.0000,1.0000,-0.0000,0.0000,0.0000,0.7677,0.6408,-0.0000,-0.6408,0.7677),
      ["RightFoot"] = CFrame.new(0.0000,0.0000,0.0000,1.0000,-0.0000,0.0000,0.0000,0.9769,0.2139,-0.0000,-0.2139,0.9769),
      ["LeftUpperLeg"] = CFrame.new(0.0000,0.0000,0.0000,0.9602,-0.2226,0.1685,0.2792,0.7655,-0.5796,-0.0000,0.6036,0.7973),
      ["LeftLowerLeg"] = CFrame.new(0.0000,0.0000,0.0000,1.0000,-0.0000,0.0000,0.0000,0.5938,0.8046,-0.0000,-0.8046,0.5938),
      ["LeftFoot"] = CFrame.new(0.0000,0.0000,0.0000,1.0000,-0.0000,0.0000,0.0000,0.9469,0.3216,-0.0000,-0.3216,0.9469),
    }},
    {Time = 1.300, Data = {
      ["HumanoidRootPart"] = CFrame.new(0.0000,0.0000,0.0000,1.0000,0.0000,0.0000,0.0000,1.0000,0.0000,0.0000,0.0000,1.0000),
      ["LowerTorso"] = CFrame.new(0.1168,2.3181,0.2422,0.9007,0.2968,0.3173,0.0000,0.7303,-0.6831,-0.4345,0.6153,0.6578),
      ["UpperTorso"] = CFrame.new(0.0000,0.0000,0.0000,0.9492,-0.0336,0.3129,0.0354,0.9994,-0.0000,-0.3127,0.0111,0.9498),
      ["LeftUpperArm"] = CFrame.new(0.0000,0.0000,0.0000,0.9174,-0.0000,0.3980,-0.3671,0.3861,0.8463,-0.1536,-0.9225,0.3542),
      ["LeftLowerArm"] = CFrame.new(0.0000,0.0000,0.0000,1.0000,0.0017,0.0071,0.0000,0.9735,-0.2288,-0.0073,0.2288,0.9735),
      ["RightUpperArm"] = CFrame.new(0.0010,-0.0048,0.0018,0.2530,-0.9636,-0.0867,0.9673,0.2504,0.0400,-0.0168,-0.0940,0.9954),
      ["RightLowerArm"] = CFrame.new(0.0000,0.0000,0.0000,0.7483,-0.6633,0.0025,-0.0118,-0.0171,-0.9998,0.6632,0.7481,-0.0207),
      ["RightHand"] = CFrame.new(0.0000,0.0000,0.0000,0.9913,0.0344,0.1270,-0.0000,0.9652,-0.2615,-0.1316,0.2592,0.9568),
      ["Head"] = CFrame.new(1.4011,0.6148,-0.8313,0.5378,0.7822,-0.3147,-0.3569,0.5493,0.7556,0.7638,-0.2940,0.5746),
      ["RightUpperLeg"] = CFrame.new(0.0000,0.0000,0.0000,0.7114,-0.1323,-0.6902,0.0000,0.9821,-0.1882,0.7028,0.1339,0.6987),
      ["RightLowerLeg"] = CFrame.new(0.0000,0.0000,0.0000,1.0000,-0.0000,0.0000,0.0000,0.7677,0.6408,-0.0000,-0.6408,0.7677),
      ["RightFoot"] = CFrame.new(0.0000,0.0000,0.0000,1.0000,-0.0000,0.0000,0.0000,0.9768,0.2142,-0.0000,-0.2142,0.9768),
      ["LeftUpperLeg"] = CFrame.new(0.0000,0.0000,0.0000,0.9602,-0.2226,0.1685,0.2792,0.7656,-0.5796,-0.0000,0.6036,0.7973),
      ["LeftLowerLeg"] = CFrame.new(0.0000,0.0000,0.0000,1.0000,-0.0000,0.0000,0.0000,0.5940,0.8044,-0.0000,-0.8044,0.5940),
      ["LeftFoot"] = CFrame.new(0.0000,0.0000,0.0000,1.0000,-0.0000,0.0000,0.0000,0.9469,0.3215,-0.0000,-0.3215,0.9469),
    }},
    {Time = 1.333, Data = {
      ["HumanoidRootPart"] = CFrame.new(0.0000,0.0000,0.0000,1.0000,0.0000,0.0000,0.0000,1.0000,0.0000,0.0000,0.0000,1.0000),
      ["LowerTorso"] = CFrame.new(0.1184,2.3095,0.2454,0.9007,0.2968,0.3173,0.0000,0.7303,-0.6831,-0.4345,0.6153,0.6578),
      ["UpperTorso"] = CFrame.new(0.0000,0.0000,0.0000,0.9491,-0.0364,0.3129,0.0383,0.9993,-0.0000,-0.3127,0.0120,0.9498),
      ["LeftUpperArm"] = CFrame.new(0.0000,0.0000,0.0000,0.9146,-0.0000,0.4043,-0.3730,0.3861,0.8437,-0.1561,-0.9225,0.3531),
      ["LeftLowerArm"] = CFrame.new(0.0000,0.0000,0.0000,1.0000,0.0017,0.0071,0.0000,0.9735,-0.2288,-0.0073,0.2288,0.9735),
      ["RightUpperArm"] = CFrame.new(0.0030,-0.0144,0.0053,0.2399,-0.9669,-0.0864,0.9706,0.2374,0.0389,-0.0171,-0.0932,0.9955),
      ["RightLowerArm"] = CFrame.new(0.0000,0.0000,0.0000,0.7483,-0.6633,0.0025,-0.0118,-0.0171,-0.9998,0.6632,0.7481,-0.0207),
      ["RightHand"] = CFrame.new(0.0000,0.0000,0.0000,0.9913,0.0344,0.1270,-0.0000,0.9652,-0.2615,-0.1316,0.2592,0.9568),
      ["Head"] = CFrame.new(1.3955,0.6101,-0.8372,0.4875,0.7942,-0.3628,-0.2736,0.5336,0.8003,0.8291,-0.2908,0.4774),
      ["RightUpperLeg"] = CFrame.new(0.0000,0.0000,0.0000,0.7117,-0.1286,-0.6906,0.0000,0.9831,-0.1830,0.7024,0.1302,0.6997),
      ["RightLowerLeg"] = CFrame.new(0.0000,0.0000,0.0000,1.0000,-0.0000,0.0000,0.0000,0.7686,0.6397,-0.0000,-0.6397,0.7686),
      ["RightFoot"] = CFrame.new(0.0000,0.0000,0.0000,1.0000,-0.0000,0.0000,0.0000,0.9743,0.2253,-0.0000,-0.2253,0.9743),
      ["LeftUpperLeg"] = CFrame.new(0.0000,0.0000,0.0000,0.9602,-0.2231,0.1678,0.2792,0.7675,-0.5771,-0.0000,0.6010,0.7993),
      ["LeftLowerLeg"] = CFrame.new(0.0000,0.0000,0.0000,1.0000,-0.0000,0.0000,0.0000,0.6041,0.7969,-0.0000,-0.7969,0.6041),
      ["LeftFoot"] = CFrame.new(0.0000,0.0000,0.0000,1.0000,-0.0000,0.0000,0.0000,0.9476,0.3194,-0.0000,-0.3194,0.9476),
    }},
    {Time = 1.367, Data = {
      ["HumanoidRootPart"] = CFrame.new(0.0000,0.0000,0.0000,1.0000,0.0000,0.0000,0.0000,1.0000,0.0000,0.0000,0.0000,1.0000),
      ["LowerTorso"] = CFrame.new(0.1199,2.3008,0.2485,0.9007,0.2968,0.3173,0.0000,0.7303,-0.6831,-0.4345,0.6153,0.6578),
      ["UpperTorso"] = CFrame.new(0.0000,0.0000,0.0000,0.9490,-0.0391,0.3129,0.0412,0.9992,-0.0000,-0.3126,0.0129,0.9498),
      ["LeftUpperArm"] = CFrame.new(0.0000,0.0000,0.0000,0.9118,-0.0000,0.4107,-0.3788,0.3861,0.8411,-0.1585,-0.9225,0.3520),
      ["LeftLowerArm"] = CFrame.new(0.0000,0.0000,0.0000,1.0000,0.0017,0.0071,0.0000,0.9735,-0.2288,-0.0073,0.2288,0.9735),
      ["RightUpperArm"] = CFrame.new(0.0050,-0.0239,0.0088,0.2268,-0.9701,-0.0862,0.9738,0.2243,0.0378,-0.0173,-0.0925,0.9956),
      ["RightLowerArm"] = CFrame.new(0.0000,0.0000,0.0000,0.7483,-0.6633,0.0025,-0.0118,-0.0171,-0.9998,0.6632,0.7481,-0.0207),
      ["RightHand"] = CFrame.new(0.0000,0.0000,0.0000,0.9913,0.0344,0.1270,-0.0000,0.9652,-0.2615,-0.1316,0.2592,0.9568),
      ["Head"] = CFrame.new(1.3898,0.6054,-0.8431,0.4363,0.8010,-0.4100,-0.1840,0.5254,0.8307,0.8808,-0.2870,0.3766),
      ["RightUpperLeg"] = CFrame.new(0.0000,0.0000,0.0000,0.7121,-0.1249,-0.6909,0.0001,0.9841,-0.1778,0.7021,0.1265,0.7007),
      ["RightLowerLeg"] = CFrame.new(0.0000,0.0000,0.0000,1.0000,-0.0000,0.0000,0.0000,0.7695,0.6386,-0.0000,-0.6386,0.7695),
      ["RightFoot"] = CFrame.new(0.0000,0.0000,0.0000,1.0000,-0.0000,0.0000,0.0000,0.9716,0.2365,-0.0000,-0.2365,0.9716),
      ["LeftUpperLeg"] = CFrame.new(0.0000,0.0000,0.0000,0.9603,-0.2236,0.1670,0.2791,0.7694,-0.5746,-0.0000,0.5983,0.8012),
      ["LeftLowerLeg"] = CFrame.new(0.0000,0.0000,0.0000,1.0000,-0.0000,0.0000,0.0000,0.6141,0.7893,-0.0000,-0.7893,0.6141),
      ["LeftFoot"] = CFrame.new(0.0000,0.0000,0.0000,1.0000,-0.0000,0.0000,0.0000,0.9483,0.3173,-0.0000,-0.3173,0.9483),
    }},
    {Time = 1.400, Data = {
      ["HumanoidRootPart"] = CFrame.new(0.0000,0.0000,0.0000,1.0000,0.0000,0.0000,0.0000,1.0000,0.0000,0.0000,0.0000,1.0000),
      ["LowerTorso"] = CFrame.new(0.1214,2.2922,0.2517,0.9007,0.2968,0.3173,0.0000,0.7303,-0.6831,-0.4345,0.6153,0.6578),
      ["UpperTorso"] = CFrame.new(0.0000,0.0000,0.0000,0.9489,-0.0418,0.3129,0.0440,0.9990,-0.0000,-0.3126,0.0138,0.9498),
      ["LeftUpperArm"] = CFrame.new(0.0000,0.0000,0.0000,0.9089,-0.0000,0.4170,-0.3847,0.3861,0.8384,-0.1610,-0.9225,0.3509),
      ["LeftLowerArm"] = CFrame.new(0.0000,0.0000,0.0000,1.0000,0.0017,0.0071,0.0000,0.9735,-0.2288,-0.0073,0.2288,0.9735),
      ["RightUpperArm"] = CFrame.new(0.0070,-0.0335,0.0123,0.2136,-0.9731,-0.0859,0.9768,0.2112,0.0366,-0.0175,-0.0917,0.9956),
      ["RightLowerArm"] = CFrame.new(0.0000,0.0000,0.0000,0.7483,-0.6633,0.0025,-0.0118,-0.0171,-0.9998,0.6632,0.7481,-0.0207),
      ["RightHand"] = CFrame.new(0.0000,0.0000,0.0000,0.9913,0.0344,0.1270,-0.0000,0.9652,-0.2615,-0.1316,0.2592,0.9568),
      ["Head"] = CFrame.new(1.3841,0.6008,-0.8490,0.3846,0.8025,-0.4561,-0.0905,0.5245,0.8466,0.9186,-0.2844,0.2743),
      ["RightUpperLeg"] = CFrame.new(0.0000,0.0000,0.0000,0.7124,-0.1212,-0.6913,0.0001,0.9850,-0.1726,0.7018,0.1229,0.7017),
      ["RightLowerLeg"] = CFrame.new(0.0000,0.0000,0.0000,1.0000,-0.0000,0.0000,0.0000,0.7704,0.6376,-0.0000,-0.6376,0.7704),
      ["RightFoot"] = CFrame.new(0.0000,0.0000,0.0000,1.0000,-0.0000,0.0000,0.0000,0.9689,0.2476,-0.0000,-0.2476,0.9689),
      ["LeftUpperLeg"] = CFrame.new(0.0000,0.0000,0.0000,0.9603,-0.2241,0.1662,0.2791,0.7713,-0.5721,-0.0000,0.5957,0.8032),
      ["LeftLowerLeg"] = CFrame.new(0.0000,0.0000,0.0000,1.0000,-0.0000,0.0000,0.0000,0.6239,0.7815,-0.0000,-0.7815,0.6239),
      ["LeftFoot"] = CFrame.new(0.0000,0.0000,0.0000,1.0000,-0.0000,0.0000,0.0000,0.9490,0.3152,-0.0000,-0.3152,0.9490),
    }},
    {Time = 1.433, Data = {
      ["HumanoidRootPart"] = CFrame.new(0.0000,0.0000,0.0000,1.0000,0.0000,0.0000,0.0000,1.0000,0.0000,0.0000,0.0000,1.0000),
      ["LowerTorso"] = CFrame.new(0.1230,2.2836,0.2549,0.9007,0.2968,0.3173,0.0000,0.7303,-0.6831,-0.4345,0.6153,0.6578),
      ["UpperTorso"] = CFrame.new(0.0000,0.0000,0.0000,0.9487,-0.0445,0.3129,0.0469,0.9989,-0.0000,-0.3126,0.0147,0.9498),
      ["LeftUpperArm"] = CFrame.new(0.0000,0.0000,0.0000,0.9060,-0.0000,0.4233,-0.3905,0.3861,0.8357,-0.1634,-0.9225,0.3498),
      ["LeftLowerArm"] = CFrame.new(0.0000,0.0000,0.0000,1.0000,0.0017,0.0071,0.0000,0.9735,-0.2288,-0.0073,0.2288,0.9735),
      ["RightUpperArm"] = CFrame.new(0.0090,-0.0431,0.0158,0.2004,-0.9760,-0.0856,0.9796,0.1980,0.0355,-0.0177,-0.0910,0.9957),
      ["RightLowerArm"] = CFrame.new(0.0000,0.0000,0.0000,0.7483,-0.6633,0.0025,-0.0118,-0.0171,-0.9998,0.6632,0.7481,-0.0207),
      ["RightHand"] = CFrame.new(0.0000,0.0000,0.0000,0.9913,0.0344,0.1270,-0.0000,0.9652,-0.2615,-0.1316,0.2592,0.9568),
      ["Head"] = CFrame.new(1.3784,0.5961,-0.8550,0.3331,0.7987,-0.5010,0.0046,0.5300,0.8480,0.9429,-0.2848,0.1729),
      ["RightUpperLeg"] = CFrame.new(0.0000,0.0000,0.0000,0.7126,-0.1175,-0.6916,0.0001,0.9859,-0.1674,0.7015,0.1192,0.7026),
      ["RightLowerLeg"] = CFrame.new(0.0000,0.0000,0.0000,1.0000,-0.0000,0.0000,0.0000,0.7713,0.6365,-0.0000,-0.6365,0.7713),
      ["RightFoot"] = CFrame.new(0.0000,0.0000,0.0000,1.0000,-0.0000,0.0000,0.0000,0.9660,0.2587,-0.0000,-0.2587,0.9660),
      ["LeftUpperLeg"] = CFrame.new(0.0000,0.0000,0.0000,0.9603,-0.2246,0.1655,0.2790,0.7732,-0.5695,-0.0000,0.5931,0.8051),
      ["LeftLowerLeg"] = CFrame.new(0.0000,0.0000,0.0000,1.0000,-0.0000,0.0000,0.0000,0.6337,0.7736,-0.0000,-0.7736,0.6337),
      ["LeftFoot"] = CFrame.new(0.0000,0.0000,0.0000,1.0000,-0.0000,0.0000,0.0000,0.9497,0.3131,-0.0000,-0.3131,0.9497),
    }},
    {Time = 1.467, Data = {
      ["HumanoidRootPart"] = CFrame.new(0.0000,0.0000,0.0000,1.0000,0.0000,0.0000,0.0000,1.0000,0.0000,0.0000,0.0000,1.0000),
      ["LowerTorso"] = CFrame.new(0.1245,2.2750,0.2580,0.9007,0.2968,0.3173,0.0000,0.7303,-0.6831,-0.4345,0.6153,0.6578),
      ["UpperTorso"] = CFrame.new(0.0000,0.0000,0.0000,0.9486,-0.0473,0.3129,0.0498,0.9988,-0.0000,-0.3125,0.0156,0.9498),
      ["LeftUpperArm"] = CFrame.new(0.0000,0.0000,0.0000,0.9030,-0.0000,0.4296,-0.3963,0.3861,0.8330,-0.1659,-0.9225,0.3486),
      ["LeftLowerArm"] = CFrame.new(0.0000,0.0000,0.0000,1.0000,0.0017,0.0071,0.0000,0.9735,-0.2288,-0.0073,0.2288,0.9735),
      ["RightUpperArm"] = CFrame.new(0.0110,-0.0527,0.0193,0.1871,-0.9786,-0.0854,0.9822,0.1848,0.0344,-0.0179,-0.0903,0.9958),
      ["RightLowerArm"] = CFrame.new(0.0000,0.0000,0.0000,0.7483,-0.6633,0.0025,-0.0118,-0.0171,-0.9998,0.6632,0.7481,-0.0207),
      ["RightHand"] = CFrame.new(0.0000,0.0000,0.0000,0.9913,0.0344,0.1270,-0.0000,0.9652,-0.2615,-0.1316,0.2592,0.9568),
      ["Head"] = CFrame.new(1.3728,0.5914,-0.8609,0.2823,0.7897,-0.5446,0.0990,0.5407,0.8354,0.9542,-0.2898,0.0744),
      ["RightUpperLeg"] = CFrame.new(0.0000,0.0000,0.0000,0.7129,-0.1138,-0.6920,0.0001,0.9868,-0.1622,0.7013,0.1155,0.7035),
      ["RightLowerLeg"] = CFrame.new(0.0000,0.0000,0.0000,1.0000,-0.0000,0.0000,0.0000,0.7722,0.6354,-0.0000,-0.6354,0.7722),
      ["RightFoot"] = CFrame.new(0.0000,0.0000,0.0000,1.0000,-0.0000,0.0000,0.0000,0.9629,0.2697,-0.0000,-0.2697,0.9629),
      ["LeftUpperLeg"] = CFrame.new(0.0000,0.0000,0.0000,0.9603,-0.2252,0.1647,0.2790,0.7750,-0.5670,-0.0000,0.5904,0.8071),
      ["LeftLowerLeg"] = CFrame.new(0.0000,0.0000,0.0000,1.0000,-0.0000,0.0000,0.0000,0.6434,0.7656,-0.0000,-0.7656,0.6434),
      ["LeftFoot"] = CFrame.new(0.0000,0.0000,0.0000,1.0000,-0.0000,0.0000,0.0000,0.9504,0.3110,-0.0000,-0.3110,0.9504),
    }},
    {Time = 1.500, Data = {
      ["HumanoidRootPart"] = CFrame.new(0.0000,0.0000,0.0000,1.0000,0.0000,0.0000,0.0000,1.0000,0.0000,0.0000,0.0000,1.0000),
      ["LowerTorso"] = CFrame.new(0.1260,2.2664,0.2612,0.9007,0.2968,0.3173,0.0000,0.7303,-0.6831,-0.4345,0.6153,0.6578),
      ["UpperTorso"] = CFrame.new(0.0000,0.0000,0.0000,0.9485,-0.0500,0.3129,0.0526,0.9986,-0.0000,-0.3125,0.0165,0.9498),
      ["LeftUpperArm"] = CFrame.new(0.0000,0.0000,0.0000,0.9000,-0.0000,0.4359,-0.4021,0.3861,0.8302,-0.1683,-0.9225,0.3475),
      ["LeftLowerArm"] = CFrame.new(0.0000,0.0000,0.0000,1.0000,0.0017,0.0071,0.0000,0.9735,-0.2288,-0.0073,0.2288,0.9735),
      ["RightUpperArm"] = CFrame.new(0.0130,-0.0623,0.0228,0.1738,-0.9811,-0.0851,0.9846,0.1716,0.0333,-0.0181,-0.0896,0.9958),
      ["RightLowerArm"] = CFrame.new(0.0000,0.0000,0.0000,0.7483,-0.6633,0.0025,-0.0118,-0.0171,-0.9998,0.6632,0.7481,-0.0207),
      ["RightHand"] = CFrame.new(0.0000,0.0000,0.0000,0.9913,0.0344,0.1270,-0.0000,0.9652,-0.2615,-0.1316,0.2592,0.9568),
      ["Head"] = CFrame.new(1.3671,0.5867,-0.8668,0.2327,0.7755,-0.5868,0.1910,0.5552,0.8095,0.9536,-0.3005,-0.0189),
      ["RightUpperLeg"] = CFrame.new(0.0000,0.0000,0.0000,0.7131,-0.1101,-0.6924,0.0001,0.9876,-0.1569,0.7010,0.1118,0.7043),
      ["RightLowerLeg"] = CFrame.new(0.0000,0.0000,0.0000,1.0000,-0.0000,0.0000,0.0000,0.7730,0.6344,-0.0000,-0.6344,0.7730),
      ["RightFoot"] = CFrame.new(0.0000,0.0000,0.0000,1.0000,-0.0000,0.0000,0.0000,0.9598,0.2807,-0.0000,-0.2807,0.9598),
      ["LeftUpperLeg"] = CFrame.new(0.0000,0.0000,0.0000,0.9603,-0.2257,0.1640,0.2789,0.7769,-0.5645,-0.0000,0.5878,0.8090),
      ["LeftLowerLeg"] = CFrame.new(0.0000,0.0000,0.0000,1.0000,-0.0000,0.0000,0.0000,0.6529,0.7574,-0.0000,-0.7574,0.6529),
      ["LeftFoot"] = CFrame.new(0.0000,0.0000,0.0000,1.0000,-0.0000,0.0000,0.0000,0.9511,0.3089,-0.0000,-0.3089,0.9511),
    }},
    {Time = 1.533, Data = {
      ["HumanoidRootPart"] = CFrame.new(0.0000,0.0000,0.0000,1.0000,0.0000,0.0000,0.0000,1.0000,0.0000,0.0000,0.0000,1.0000),
      ["LowerTorso"] = CFrame.new(0.1275,2.2578,0.2644,0.9007,0.2968,0.3173,0.0000,0.7303,-0.6831,-0.4345,0.6153,0.6578),
      ["UpperTorso"] = CFrame.new(0.0000,0.0000,0.0000,0.9483,-0.0527,0.3129,0.0555,0.9985,-0.0000,-0.3124,0.0174,0.9498),
      ["LeftUpperArm"] = CFrame.new(0.0000,0.0000,0.0000,0.8970,-0.0000,0.4421,-0.4078,0.3861,0.8274,-0.1707,-0.9225,0.3463),
      ["LeftLowerArm"] = CFrame.new(0.0000,0.0000,0.0000,1.0000,0.0017,0.0071,0.0000,0.9735,-0.2288,-0.0073,0.2288,0.9735),
      ["RightUpperArm"] = CFrame.new(0.0150,-0.0718,0.0263,0.1605,-0.9834,-0.0849,0.9869,0.1583,0.0322,-0.0182,-0.0889,0.9959),
      ["RightLowerArm"] = CFrame.new(0.0000,0.0000,0.0000,0.7483,-0.6633,0.0025,-0.0118,-0.0171,-0.9998,0.6632,0.7481,-0.0207),
      ["RightHand"] = CFrame.new(0.0000,0.0000,0.0000,0.9913,0.0344,0.1270,-0.0000,0.9652,-0.2615,-0.1316,0.2592,0.9568),
      ["Head"] = CFrame.new(1.3614,0.5820,-0.8727,0.1849,0.7564,-0.6275,0.2790,0.5718,0.7715,0.9423,-0.3177,-0.1053),
      ["RightUpperLeg"] = CFrame.new(0.0000,0.0000,0.0000,0.7133,-0.1064,-0.6927,0.0001,0.9884,-0.1517,0.7008,0.1081,0.7051),
      ["RightLowerLeg"] = CFrame.new(0.0000,0.0000,0.0000,1.0000,-0.0000,0.0000,0.0000,0.7739,0.6333,-0.0000,-0.6333,0.7739),
      ["RightFoot"] = CFrame.new(0.0000,0.0000,0.0000,1.0000,-0.0000,0.0000,0.0000,0.9565,0.2917,-0.0000,-0.2917,0.9565),
      ["LeftUpperLeg"] = CFrame.new(0.0000,0.0000,0.0000,0.9603,-0.2262,0.1632,0.2789,0.7787,-0.5619,0.0000,0.5852,0.8109),
      ["LeftLowerLeg"] = CFrame.new(0.0000,0.0000,0.0000,1.0000,-0.0000,0.0000,0.0000,0.6624,0.7491,-0.0000,-0.7491,0.6624),
      ["LeftFoot"] = CFrame.new(0.0000,0.0000,0.0000,1.0000,-0.0000,0.0000,0.0000,0.9518,0.3068,-0.0000,-0.3068,0.9518),
    }},
    {Time = 1.567, Data = {
      ["HumanoidRootPart"] = CFrame.new(0.0000,0.0000,0.0000,1.0000,0.0000,0.0000,0.0000,1.0000,0.0000,0.0000,0.0000,1.0000),
      ["LowerTorso"] = CFrame.new(0.1291,2.2491,0.2676,0.9007,0.2968,0.3173,0.0000,0.7303,-0.6831,-0.4345,0.6153,0.6578),
      ["UpperTorso"] = CFrame.new(0.0000,0.0000,0.0000,0.9482,-0.0554,0.3129,0.0584,0.9983,-0.0000,-0.3124,0.0183,0.9498),
      ["LeftUpperArm"] = CFrame.new(0.0000,0.0000,0.0000,0.8939,-0.0000,0.4484,-0.4136,0.3861,0.8246,-0.1731,-0.9225,0.3451),
      ["LeftLowerArm"] = CFrame.new(0.0000,0.0000,0.0000,1.0000,0.0017,0.0071,0.0000,0.9735,-0.2288,-0.0073,0.2288,0.9735),
      ["RightUpperArm"] = CFrame.new(0.0170,-0.0814,0.0298,0.1471,-0.9855,-0.0846,0.9889,0.1450,0.0311,-0.0184,-0.0882,0.9959),
      ["RightLowerArm"] = CFrame.new(0.0000,0.0000,0.0000,0.7483,-0.6633,0.0025,-0.0118,-0.0171,-0.9998,0.6632,0.7481,-0.0207),
      ["RightHand"] = CFrame.new(0.0000,0.0000,0.0000,0.9913,0.0344,0.1270,-0.0000,0.9652,-0.2615,-0.1316,0.2592,0.9568),
      ["Head"] = CFrame.new(1.3557,0.5773,-0.8786,0.1393,0.7324,-0.6665,0.3618,0.5889,0.7227,0.9218,-0.3418,-0.1829),
      ["RightUpperLeg"] = CFrame.new(0.0000,0.0000,0.0000,0.7135,-0.1027,-0.6931,0.0001,0.9892,-0.1465,0.7006,0.1044,0.7058),
      ["RightLowerLeg"] = CFrame.new(0.0000,0.0000,0.0000,1.0000,-0.0000,0.0000,0.0000,0.7748,0.6322,-0.0000,-0.6322,0.7748),
      ["RightFoot"] = CFrame.new(0.0000,0.0000,0.0000,1.0000,-0.0000,0.0000,0.0000,0.9531,0.3026,-0.0000,-0.3026,0.9531),
      ["LeftUpperLeg"] = CFrame.new(0.0000,0.0000,0.0000,0.9603,-0.2267,0.1624,0.2789,0.7806,-0.5594,0.0000,0.5825,0.8128),
      ["LeftLowerLeg"] = CFrame.new(0.0000,0.0000,0.0000,1.0000,-0.0000,0.0000,0.0000,0.6718,0.7408,-0.0000,-0.7408,0.6718),
      ["LeftFoot"] = CFrame.new(0.0000,0.0000,0.0000,1.0000,-0.0000,0.0000,0.0000,0.9525,0.3047,-0.0000,-0.3047,0.9525),
    }},
    {Time = 1.600, Data = {
      ["HumanoidRootPart"] = CFrame.new(0.0000,0.0000,0.0000,1.0000,0.0000,0.0000,0.0000,1.0000,0.0000,0.0000,0.0000,1.0000),
      ["LowerTorso"] = CFrame.new(0.1306,2.2405,0.2707,0.9007,0.2968,0.3173,0.0000,0.7303,-0.6831,-0.4345,0.6153,0.6578),
      ["UpperTorso"] = CFrame.new(0.0000,0.0000,0.0000,0.9480,-0.0582,0.3129,0.0612,0.9981,-0.0000,-0.3123,0.0192,0.9498),
      ["LeftUpperArm"] = CFrame.new(0.0000,0.0000,0.0000,0.8907,-0.0000,0.4546,-0.4193,0.3861,0.8217,-0.1755,-0.9225,0.3439),
      ["LeftLowerArm"] = CFrame.new(0.0000,0.0000,0.0000,1.0000,0.0017,0.0071,0.0000,0.9735,-0.2288,-0.0073,0.2288,0.9735),
      ["RightUpperArm"] = CFrame.new(0.0190,-0.0910,0.0333,0.1338,-0.9874,-0.0843,0.9908,0.1317,0.0300,-0.0185,-0.0876,0.9960),
      ["RightLowerArm"] = CFrame.new(0.0000,0.0000,0.0000,0.7483,-0.6633,0.0025,-0.0118,-0.0171,-0.9998,0.6632,0.7481,-0.0207),
      ["RightHand"] = CFrame.new(0.0000,0.0000,0.0000,0.9913,0.0344,0.1270,-0.0000,0.9652,-0.2615,-0.1316,0.2592,0.9568),
      ["Head"] = CFrame.new(1.3501,0.5726,-0.8845,0.0965,0.7039,-0.7037,0.4385,0.6047,0.6649,0.8935,-0.3728,-0.2504),
      ["RightUpperLeg"] = CFrame.new(0.0000,0.0000,0.0000,0.7137,-0.0990,-0.6934,0.0001,0.9900,-0.1413,0.7005,0.1007,0.7066),
      ["RightLowerLeg"] = CFrame.new(0.0000,0.0000,0.0000,1.0000,-0.0000,0.0000,0.0000,0.7757,0.6311,-0.0000,-0.6311,0.7757),
      ["RightFoot"] = CFrame.new(0.0000,0.0000,0.0000,1.0000,-0.0000,0.0000,0.0000,0.9496,0.3135,-0.0000,-0.3135,0.9496),
      ["LeftUpperLeg"] = CFrame.new(0.0000,0.0000,0.0000,0.9603,-0.2272,0.1617,0.2789,0.7824,-0.5568,0.0000,0.5798,0.8147),
      ["LeftLowerLeg"] = CFrame.new(0.0000,0.0000,0.0000,1.0000,-0.0000,0.0000,0.0000,0.6810,0.7323,-0.0000,-0.7323,0.6810),
      ["LeftFoot"] = CFrame.new(0.0000,0.0000,0.0000,1.0000,-0.0000,0.0000,0.0000,0.9531,0.3026,-0.0000,-0.3026,0.9531),
    }},
    {Time = 1.633, Data = {
      ["HumanoidRootPart"] = CFrame.new(0.0000,0.0000,0.0000,1.0000,0.0000,0.0000,0.0000,1.0000,0.0000,0.0000,0.0000,1.0000),
      ["LowerTorso"] = CFrame.new(0.1321,2.2319,0.2739,0.9007,0.2968,0.3173,0.0000,0.7303,-0.6831,-0.4345,0.6153,0.6578),
      ["UpperTorso"] = CFrame.new(0.0000,0.0000,0.0000,0.9478,-0.0609,0.3129,0.0641,0.9979,-0.0000,-0.3123,0.0201,0.9498),
      ["LeftUpperArm"] = CFrame.new(0.0000,0.0000,0.0000,0.8875,-0.0000,0.4607,-0.4250,0.3861,0.8187,-0.1779,-0.9225,0.3426),
      ["LeftLowerArm"] = CFrame.new(0.0000,0.0000,0.0000,1.0000,0.0017,0.0071,0.0000,0.9735,-0.2288,-0.0073,0.2288,0.9735),
      ["RightUpperArm"] = CFrame.new(0.0210,-0.1006,0.0368,0.1203,-0.9892,-0.0841,0.9926,0.1183,0.0289,-0.0186,-0.0869,0.9960),
      ["RightLowerArm"] = CFrame.new(0.0000,0.0000,0.0000,0.7483,-0.6633,0.0025,-0.0118,-0.0171,-0.9998,0.6632,0.7481,-0.0207),
      ["RightHand"] = CFrame.new(0.0000,0.0000,0.0000,0.9913,0.0344,0.1270,-0.0000,0.9652,-0.2615,-0.1316,0.2592,0.9568),
      ["Head"] = CFrame.new(1.3444,0.5679,-0.8904,0.0568,0.6711,-0.7392,0.5089,0.6175,0.5998,0.8590,-0.4102,-0.3065),
      ["RightUpperLeg"] = CFrame.new(0.0000,0.0000,0.0000,0.7139,-0.0953,-0.6938,0.0001,0.9907,-0.1360,0.7003,0.0970,0.7072),
      ["RightLowerLeg"] = CFrame.new(0.0000,0.0000,0.0000,1.0000,-0.0000,0.0000,0.0000,0.7766,0.6301,-0.0000,-0.6301,0.7766),
      ["RightFoot"] = CFrame.new(0.0000,0.0000,0.0000,1.0000,-0.0000,0.0000,0.0000,0.9459,0.3244,-0.0000,-0.3244,0.9459),
      ["LeftUpperLeg"] = CFrame.new(0.0000,0.0000,0.0000,0.9603,-0.2277,0.1609,0.2788,0.7842,-0.5543,0.0000,0.5772,0.8166),
      ["LeftLowerLeg"] = CFrame.new(0.0000,0.0000,0.0000,1.0000,-0.0000,0.0000,0.0000,0.6902,0.7237,-0.0000,-0.7237,0.6902),
      ["LeftFoot"] = CFrame.new(0.0000,0.0000,0.0000,1.0000,-0.0000,0.0000,0.0000,0.9538,0.3005,-0.0000,-0.3005,0.9538),
    }},
    {Time = 1.667, Data = {
      ["HumanoidRootPart"] = CFrame.new(0.0000,0.0000,0.0000,1.0000,0.0000,0.0000,0.0000,1.0000,0.0000,0.0000,0.0000,1.0000),
      ["LowerTorso"] = CFrame.new(0.1337,2.2233,0.2771,0.9007,0.2968,0.3173,0.0000,0.7303,-0.6831,-0.4345,0.6153,0.6578),
      ["UpperTorso"] = CFrame.new(0.0000,0.0000,0.0000,0.9477,-0.0636,0.3129,0.0670,0.9978,-0.0000,-0.3122,0.0210,0.9498),
      ["LeftUpperArm"] = CFrame.new(0.0000,0.0000,0.0000,0.8843,-0.0000,0.4669,-0.4307,0.3861,0.8157,-0.1803,-0.9225,0.3414),
      ["LeftLowerArm"] = CFrame.new(0.0000,0.0000,0.0000,1.0000,0.0017,0.0071,0.0000,0.9735,-0.2288,-0.0073,0.2288,0.9735),
      ["RightUpperArm"] = CFrame.new(0.0230,-0.1102,0.0403,0.1069,-0.9907,-0.0838,0.9941,0.1049,0.0278,-0.0187,-0.0863,0.9961),
      ["RightLowerArm"] = CFrame.new(0.0000,0.0000,0.0000,0.7483,-0.6633,0.0025,-0.0118,-0.0171,-0.9998,0.6632,0.7481,-0.0207),
      ["RightHand"] = CFrame.new(0.0000,0.0000,0.0000,0.9913,0.0344,0.1270,-0.0000,0.9652,-0.2615,-0.1316,0.2592,0.9568),
      ["Head"] = CFrame.new(1.3387,0.5633,-0.8963,0.0278,0.7485,-0.6626,0.6140,0.5103,0.6022,0.7888,-0.4235,-0.4453),
      ["RightUpperLeg"] = CFrame.new(0.0000,0.0000,0.0000,0.7140,-0.0916,-0.6941,0.0001,0.9914,-0.1308,0.7002,0.0933,0.7079),
      ["RightLowerLeg"] = CFrame.new(0.0000,0.0000,0.0000,1.0000,-0.0000,0.0000,0.0000,0.7774,0.6290,-0.0000,-0.6290,0.7774),
      ["RightFoot"] = CFrame.new(0.0000,0.0000,0.0000,1.0000,-0.0000,0.0000,0.0000,0.9422,0.3352,-0.0000,-0.3352,0.9422),
      ["LeftUpperLeg"] = CFrame.new(0.0000,0.0000,0.0000,0.9603,-0.2282,0.1602,0.2788,0.7861,-0.5517,0.0000,0.5745,0.8185),
      ["LeftLowerLeg"] = CFrame.new(0.0000,0.0000,0.0000,1.0000,-0.0000,0.0000,0.0000,0.6992,0.7149,-0.0000,-0.7149,0.6992),
      ["LeftFoot"] = CFrame.new(0.0000,0.0000,0.0000,1.0000,-0.0000,0.0000,0.0000,0.9545,0.2984,-0.0000,-0.2984,0.9545),
    }},
    {Time = 1.700, Data = {
      ["HumanoidRootPart"] = CFrame.new(0.0000,0.0000,0.0000,1.0000,0.0000,0.0000,0.0000,1.0000,0.0000,0.0000,0.0000,1.0000),
      ["LowerTorso"] = CFrame.new(0.1352,2.2147,0.2802,0.9007,0.2968,0.3173,0.0000,0.7303,-0.6831,-0.4345,0.6153,0.6578),
      ["UpperTorso"] = CFrame.new(0.0000,0.0000,0.0000,0.9475,-0.0663,0.3129,0.0698,0.9976,-0.0000,-0.3121,0.0218,0.9498),
      ["LeftUpperArm"] = CFrame.new(0.0000,0.0000,0.0000,0.8810,-0.0000,0.4730,-0.4364,0.3861,0.8127,-0.1826,-0.9225,0.3401),
      ["LeftLowerArm"] = CFrame.new(0.0000,0.0000,0.0000,1.0000,0.0017,0.0071,0.0000,0.9735,-0.2288,-0.0073,0.2288,0.9735),
      ["RightUpperArm"] = CFrame.new(0.0250,-0.1197,0.0438,0.0935,-0.9921,-0.0836,0.9954,0.0915,0.0267,-0.0188,-0.0857,0.9961),
      ["RightLowerArm"] = CFrame.new(0.0000,0.0000,0.0000,0.7483,-0.6633,0.0025,-0.0118,-0.0171,-0.9998,0.6632,0.7481,-0.0207),
      ["RightHand"] = CFrame.new(0.0000,0.0000,0.0000,0.9913,0.0344,0.1270,-0.0000,0.9652,-0.2615,-0.1316,0.2592,0.9568),
      ["Head"] = CFrame.new(1.3330,0.5586,-0.9022,-0.0082,0.8158,-0.5783,0.7140,0.4097,0.5677,0.7001,-0.4083,-0.5859),
      ["RightUpperLeg"] = CFrame.new(0.0000,0.0000,0.0000,0.7141,-0.0880,-0.6945,0.0001,0.9921,-0.1256,0.7000,0.0896,0.7085),
      ["RightLowerLeg"] = CFrame.new(0.0000,0.0000,0.0000,1.0000,-0.0000,0.0000,0.0000,0.7783,0.6279,-0.0000,-0.6279,0.7783),
      ["RightFoot"] = CFrame.new(0.0000,0.0000,0.0000,1.0000,-0.0000,0.0000,0.0000,0.9383,0.3460,-0.0000,-0.3460,0.9383),
      ["LeftUpperLeg"] = CFrame.new(0.0000,0.0000,0.0000,0.9604,-0.2287,0.1594,0.2788,0.7879,-0.5491,0.0000,0.5718,0.8204),
      ["LeftLowerLeg"] = CFrame.new(0.0000,0.0000,0.0000,1.0000,-0.0000,0.0000,0.0000,0.7081,0.7061,-0.0000,-0.7061,0.7081),
      ["LeftFoot"] = CFrame.new(0.0000,0.0000,0.0000,1.0000,-0.0000,0.0000,0.0000,0.9551,0.2962,-0.0000,-0.2962,0.9551),
    }},
    {Time = 1.733, Data = {
      ["HumanoidRootPart"] = CFrame.new(0.0000,0.0000,0.0000,1.0000,0.0000,0.0000,0.0000,1.0000,0.0000,0.0000,0.0000,1.0000),
      ["LowerTorso"] = CFrame.new(0.1367,2.2061,0.2834,0.9007,0.2968,0.3173,0.0000,0.7303,-0.6831,-0.4345,0.6153,0.6578),
      ["UpperTorso"] = CFrame.new(0.0000,0.0000,0.0000,0.9473,-0.0690,0.3129,0.0727,0.9974,-0.0000,-0.3121,0.0227,0.9498),
      ["LeftUpperArm"] = CFrame.new(0.0000,0.0000,0.0000,0.8777,-0.0000,0.4792,-0.4420,0.3861,0.8097,-0.1850,-0.9225,0.3389),
      ["LeftLowerArm"] = CFrame.new(0.0000,0.0000,0.0000,1.0000,0.0017,0.0071,-0.0000,0.9735,-0.2288,-0.0073,0.2288,0.9735),
      ["RightUpperArm"] = CFrame.new(0.0270,-0.1293,0.0473,0.0800,-0.9933,-0.0833,0.9966,0.0781,0.0256,-0.0189,-0.0851,0.9962),
      ["RightLowerArm"] = CFrame.new(0.0000,0.0000,0.0000,0.7483,-0.6633,0.0025,-0.0118,-0.0171,-0.9998,0.6632,0.7481,-0.0207),
      ["RightHand"] = CFrame.new(0.0000,0.0000,0.0000,0.9913,0.0344,0.1270,-0.0000,0.9652,-0.2615,-0.1316,0.2592,0.9568),
      ["Head"] = CFrame.new(1.3274,0.5539,-0.9081,-0.0500,0.8718,-0.4874,0.8051,0.3240,0.4969,0.5910,-0.3675,-0.7181),
      ["RightUpperLeg"] = CFrame.new(0.0000,0.0000,0.0000,0.7142,-0.0843,-0.6948,0.0001,0.9927,-0.1203,0.6999,0.0859,0.7090),
      ["RightLowerLeg"] = CFrame.new(0.0000,0.0000,0.0000,1.0000,-0.0000,0.0000,0.0000,0.7792,0.6268,-0.0000,-0.6268,0.7792),
      ["RightFoot"] = CFrame.new(0.0000,0.0000,0.0000,1.0000,-0.0000,0.0000,0.0000,0.9342,0.3567,-0.0000,-0.3567,0.9342),
      ["LeftUpperLeg"] = CFrame.new(0.0000,0.0000,0.0000,0.9604,-0.2292,0.1586,0.2788,0.7897,-0.5465,0.0000,0.5691,0.8223),
      ["LeftLowerLeg"] = CFrame.new(0.0000,0.0000,0.0000,1.0000,-0.0000,0.0000,0.0000,0.7169,0.6971,-0.0000,-0.6971,0.7169),
      ["LeftFoot"] = CFrame.new(0.0000,0.0000,0.0000,1.0000,-0.0000,0.0000,0.0000,0.9558,0.2941,-0.0000,-0.2941,0.9558),
    }},
    {Time = 1.767, Data = {
      ["HumanoidRootPart"] = CFrame.new(0.0000,0.0000,0.0000,1.0000,0.0000,0.0000,0.0000,1.0000,0.0000,0.0000,0.0000,1.0000),
      ["LowerTorso"] = CFrame.new(0.1383,2.1974,0.2866,0.9007,0.2968,0.3173,0.0000,0.7303,-0.6831,-0.4345,0.6153,0.6578),
      ["UpperTorso"] = CFrame.new(0.0000,0.0000,0.0000,0.9471,-0.0718,0.3129,0.0756,0.9971,-0.0000,-0.3120,0.0236,0.9498),
      ["LeftUpperArm"] = CFrame.new(0.0000,0.0000,0.0000,0.8744,-0.0000,0.4853,-0.4476,0.3861,0.8066,-0.1873,-0.9225,0.3376),
      ["LeftLowerArm"] = CFrame.new(0.0000,0.0000,0.0000,1.0000,0.0017,0.0071,0.0000,0.9735,-0.2288,-0.0073,0.2288,0.9735),
      ["RightUpperArm"] = CFrame.new(0.0289,-0.1389,0.0508,0.0665,-0.9943,-0.0830,0.9976,0.0647,0.0244,-0.0189,-0.0845,0.9962),
      ["RightLowerArm"] = CFrame.new(0.0000,0.0000,0.0000,0.7483,-0.6633,0.0025,-0.0118,-0.0171,-0.9998,0.6632,0.7481,-0.0207),
      ["RightHand"] = CFrame.new(0.0000,0.0000,0.0000,0.9913,0.0344,0.1270,-0.0000,0.9652,-0.2615,-0.1316,0.2592,0.9568),
      ["Head"] = CFrame.new(1.3217,0.5492,-0.9140,-0.0961,0.9155,-0.3908,0.8820,0.2603,0.3928,0.4613,-0.3069,-0.8324),
      ["RightUpperLeg"] = CFrame.new(0.0000,0.0000,0.0000,0.7143,-0.0806,-0.6952,0.0001,0.9934,-0.1151,0.6998,0.0822,0.7096),
      ["RightLowerLeg"] = CFrame.new(0.0000,0.0000,0.0000,1.0000,-0.0000,0.0000,0.0000,0.7800,0.6257,-0.0000,-0.6257,0.7800),
      ["RightFoot"] = CFrame.new(0.0000,0.0000,0.0000,1.0000,-0.0000,0.0000,0.0000,0.9301,0.3674,-0.0000,-0.3674,0.9301),
      ["LeftUpperLeg"] = CFrame.new(0.0000,0.0000,0.0000,0.9604,-0.2297,0.1579,0.2788,0.7915,-0.5440,0.0000,0.5664,0.8241),
      ["LeftLowerLeg"] = CFrame.new(0.0000,0.0000,0.0000,1.0000,-0.0000,0.0000,0.0000,0.7257,0.6881,-0.0000,-0.6881,0.7257),
      ["LeftFoot"] = CFrame.new(0.0000,0.0000,0.0000,1.0000,-0.0000,0.0000,0.0000,0.9564,0.2920,-0.0000,-0.2920,0.9564),
    }},
    {Time = 1.800, Data = {
      ["HumanoidRootPart"] = CFrame.new(0.0000,0.0000,0.0000,1.0000,0.0000,0.0000,0.0000,1.0000,0.0000,0.0000,0.0000,1.0000),
      ["LowerTorso"] = CFrame.new(0.1398,2.1888,0.2898,0.9007,0.2968,0.3173,0.0000,0.7303,-0.6831,-0.4345,0.6153,0.6578),
      ["UpperTorso"] = CFrame.new(0.0000,0.0000,0.0000,0.9469,-0.0745,0.3129,0.0784,0.9969,-0.0000,-0.3119,0.0245,0.9498),
      ["LeftUpperArm"] = CFrame.new(0.0000,0.0000,0.0000,0.8710,-0.0000,0.4913,-0.4532,0.3861,0.8035,-0.1897,-0.9225,0.3363),
      ["LeftLowerArm"] = CFrame.new(0.0000,0.0000,0.0000,1.0000,0.0017,0.0071,0.0000,0.9735,-0.2288,-0.0073,0.2288,0.9735),
      ["RightUpperArm"] = CFrame.new(0.0309,-0.1485,0.0543,0.0530,-0.9952,-0.0828,0.9984,0.0512,0.0233,-0.0190,-0.0839,0.9963),
      ["RightLowerArm"] = CFrame.new(0.0000,0.0000,0.0000,0.7483,-0.6633,0.0025,-0.0118,-0.0171,-0.9998,0.6632,0.7481,-0.0207),
      ["RightHand"] = CFrame.new(0.0000,0.0000,0.0000,0.9913,0.0344,0.1270,-0.0000,0.9652,-0.2615,-0.1316,0.2592,0.9568),
      ["Head"] = CFrame.new(1.3160,0.5445,-0.9199,-0.1448,0.9461,-0.2897,0.9390,0.2237,0.2613,0.3120,-0.2342,-0.9208),
      ["RightUpperLeg"] = CFrame.new(0.0000,0.0000,0.0000,0.7144,-0.0769,-0.6955,0.0000,0.9939,-0.1098,0.6998,0.0784,0.7100),
      ["RightLowerLeg"] = CFrame.new(0.0000,0.0000,0.0000,1.0000,-0.0000,0.0000,0.0000,0.7809,0.6246,-0.0000,-0.6246,0.7809),
      ["RightFoot"] = CFrame.new(0.0000,0.0000,0.0000,1.0000,-0.0000,0.0000,0.0000,0.9258,0.3780,-0.0000,-0.3780,0.9258),
      ["LeftUpperLeg"] = CFrame.new(0.0000,0.0000,0.0000,0.9604,-0.2303,0.1571,0.2788,0.7932,-0.5414,0.0000,0.5637,0.8260),
      ["LeftLowerLeg"] = CFrame.new(0.0000,0.0000,0.0000,1.0000,-0.0000,0.0000,0.0000,0.7342,0.6789,-0.0000,-0.6789,0.7342),
      ["LeftFoot"] = CFrame.new(0.0000,0.0000,0.0000,1.0000,-0.0000,0.0000,0.0000,0.9571,0.2899,-0.0000,-0.2899,0.9571),
    }},
    {Time = 1.833, Data = {
      ["HumanoidRootPart"] = CFrame.new(0.0000,0.0000,0.0000,1.0000,0.0000,0.0000,0.0000,1.0000,0.0000,0.0000,0.0000,1.0000),
      ["LowerTorso"] = CFrame.new(0.1413,2.1802,0.2929,0.9007,0.2968,0.3173,0.0000,0.7303,-0.6831,-0.4345,0.6153,0.6578),
      ["UpperTorso"] = CFrame.new(0.0000,0.0000,0.0000,0.9466,-0.0772,0.3129,0.0813,0.9967,-0.0000,-0.3119,0.0254,0.9498),
      ["LeftUpperArm"] = CFrame.new(0.0000,0.0000,0.0000,0.8675,-0.0000,0.4974,-0.4588,0.3861,0.8003,-0.1920,-0.9225,0.3349),
      ["LeftLowerArm"] = CFrame.new(0.0000,0.0000,0.0000,1.0000,0.0017,0.0071,0.0000,0.9735,-0.2288,-0.0073,0.2288,0.9735),
      ["RightUpperArm"] = CFrame.new(0.0329,-0.1581,0.0578,0.0395,-0.9958,-0.0825,0.9990,0.0378,0.0222,-0.0190,-0.0833,0.9963),
      ["RightLowerArm"] = CFrame.new(0.0000,0.0000,0.0000,0.7483,-0.6633,0.0025,-0.0118,-0.0171,-0.9998,0.6632,0.7481,-0.0207),
      ["RightHand"] = CFrame.new(0.0000,0.0000,0.0000,0.9913,0.0344,0.1270,-0.0000,0.9652,-0.2615,-0.1316,0.2592,0.9568),
      ["Head"] = CFrame.new(1.3103,0.5398,-0.9258,-0.1944,0.9633,-0.1852,0.9700,0.2169,0.1100,0.1461,-0.1583,-0.9765),
      ["RightUpperLeg"] = CFrame.new(0.0000,0.0000,0.0000,0.7144,-0.0732,-0.6959,0.0000,0.9945,-0.1046,0.6997,0.0747,0.7105),
      ["RightLowerLeg"] = CFrame.new(0.0000,0.0000,0.0000,1.0000,-0.0000,0.0000,0.0000,0.7818,0.6236,-0.0000,-0.6236,0.7818),
      ["RightFoot"] = CFrame.new(0.0000,0.0000,0.0000,1.0000,-0.0000,0.0000,0.0000,0.9214,0.3886,-0.0000,-0.3886,0.9214),
      ["LeftUpperLeg"] = CFrame.new(0.0000,0.0000,0.0000,0.9604,-0.2308,0.1564,0.2788,0.7950,-0.5388,0.0000,0.5610,0.8278),
      ["LeftLowerLeg"] = CFrame.new(0.0000,0.0000,0.0000,1.0000,-0.0000,0.0000,0.0000,0.7427,0.6696,-0.0000,-0.6696,0.7427),
      ["LeftFoot"] = CFrame.new(0.0000,0.0000,0.0000,1.0000,-0.0000,0.0000,0.0000,0.9577,0.2878,-0.0000,-0.2878,0.9577),
    }},
    {Time = 1.867, Data = {
      ["HumanoidRootPart"] = CFrame.new(0.0000,0.0000,0.0000,1.0000,0.0000,0.0000,0.0000,1.0000,0.0000,0.0000,0.0000,1.0000),
      ["LowerTorso"] = CFrame.new(0.1428,2.1716,0.2961,0.9007,0.2968,0.3173,0.0000,0.7303,-0.6831,-0.4345,0.6153,0.6578),
      ["UpperTorso"] = CFrame.new(0.0000,0.0000,0.0000,0.9464,-0.0799,0.3129,0.0841,0.9965,-0.0000,-0.3118,0.0263,0.9498),
      ["LeftUpperArm"] = CFrame.new(0.0000,0.0000,0.0000,0.8641,-0.0000,0.5034,-0.4644,0.3861,0.7971,-0.1943,-0.9225,0.3336),
      ["LeftLowerArm"] = CFrame.new(0.0000,0.0000,0.0000,1.0000,0.0017,0.0071,0.0000,0.9735,-0.2288,-0.0073,0.2288,0.9735),
      ["RightUpperArm"] = CFrame.new(0.0349,-0.1676,0.0613,0.0260,-0.9963,-0.0823,0.9995,0.0243,0.0211,-0.0190,-0.0828,0.9964),
      ["RightLowerArm"] = CFrame.new(0.0000,0.0000,0.0000,0.7483,-0.6633,0.0025,-0.0118,-0.0171,-0.9998,0.6632,0.7481,-0.0207),
      ["RightHand"] = CFrame.new(0.0000,0.0000,0.0000,0.9913,0.0344,0.1270,-0.0000,0.9652,-0.2615,-0.1316,0.2592,0.9568),
      ["Head"] = CFrame.new(1.3047,0.5351,-0.9317,-0.2431,0.9668,-0.0787,0.9695,0.2395,-0.0520,-0.0314,-0.0889,-0.9955),
      ["RightUpperLeg"] = CFrame.new(0.0000,0.0000,0.0000,0.7144,-0.0695,-0.6963,0.0000,0.9951,-0.0993,0.6997,0.0710,0.7109),
      ["RightLowerLeg"] = CFrame.new(0.0000,0.0000,0.0000,1.0000,-0.0000,0.0000,0.0000,0.7826,0.6225,-0.0000,-0.6225,0.7826),
      ["RightFoot"] = CFrame.new(0.0000,0.0000,0.0000,1.0000,-0.0000,0.0000,0.0000,0.9169,0.3991,-0.0000,-0.3991,0.9169),
      ["LeftUpperLeg"] = CFrame.new(0.0000,0.0000,0.0000,0.9604,-0.2313,0.1556,0.2787,0.7968,-0.5362,0.0000,0.5583,0.8297),
      ["LeftLowerLeg"] = CFrame.new(0.0000,0.0000,0.0000,1.0000,-0.0000,0.0000,0.0000,0.7511,0.6602,-0.0000,-0.6602,0.7511),
      ["LeftFoot"] = CFrame.new(0.0000,0.0000,0.0000,1.0000,-0.0000,0.0000,0.0000,0.9583,0.2857,-0.0000,-0.2857,0.9583),
    }},
    {Time = 1.900, Data = {
      ["HumanoidRootPart"] = CFrame.new(0.0000,0.0000,0.0000,1.0000,0.0000,0.0000,0.0000,1.0000,0.0000,0.0000,0.0000,1.0000),
      ["LowerTorso"] = CFrame.new(0.1444,2.1630,0.2993,0.9007,0.2968,0.3173,0.0000,0.7303,-0.6831,-0.4345,0.6153,0.6578),
      ["UpperTorso"] = CFrame.new(0.0000,0.0000,0.0000,0.9462,-0.0826,0.3129,0.0870,0.9962,-0.0000,-0.3117,0.0272,0.9498),
      ["LeftUpperArm"] = CFrame.new(0.0000,0.0000,0.0000,0.8605,-0.0000,0.5094,-0.4699,0.3861,0.7938,-0.1967,-0.9225,0.3322),
      ["LeftLowerArm"] = CFrame.new(0.0000,0.0000,0.0000,1.0000,0.0017,0.0071,-0.0000,0.9735,-0.2288,-0.0073,0.2288,0.9735),
      ["RightUpperArm"] = CFrame.new(0.0369,-0.1772,0.0648,0.0124,-0.9966,-0.0820,0.9997,0.0108,0.0200,-0.0190,-0.0822,0.9964),
      ["RightLowerArm"] = CFrame.new(0.0000,0.0000,0.0000,0.7483,-0.6633,0.0025,-0.0118,-0.0171,-0.9998,0.6632,0.7481,-0.0207),
      ["RightHand"] = CFrame.new(0.0000,0.0000,0.0000,0.9913,0.0344,0.1270,-0.0000,0.9652,-0.2615,-0.1316,0.2592,0.9568),
      ["Head"] = CFrame.new(1.2990,0.5304,-0.9377,-0.2893,0.9568,0.0288,0.9331,0.2886,-0.2148,-0.2138,-0.0352,-0.9762),
      ["RightUpperLeg"] = CFrame.new(0.0000,0.0000,0.0000,0.7144,-0.0658,-0.6966,-0.0000,0.9956,-0.0941,0.6997,0.0672,0.7113),
      ["RightLowerLeg"] = CFrame.new(0.0000,0.0000,0.0000,1.0000,-0.0000,0.0000,0.0000,0.7835,0.6214,-0.0000,-0.6214,0.7835),
      ["RightFoot"] = CFrame.new(0.0000,0.0000,0.0000,1.0000,-0.0000,0.0000,0.0000,0.9123,0.4096,-0.0000,-0.4096,0.9123),
      ["LeftUpperLeg"] = CFrame.new(0.0000,0.0000,0.0000,0.9604,-0.2318,0.1548,0.2787,0.7985,-0.5335,0.0000,0.5556,0.8315),
      ["LeftLowerLeg"] = CFrame.new(0.0000,0.0000,0.0000,1.0000,-0.0000,0.0000,0.0000,0.7593,0.6507,-0.0000,-0.6507,0.7593),
      ["LeftFoot"] = CFrame.new(0.0000,0.0000,0.0000,1.0000,-0.0000,0.0000,0.0000,0.9590,0.2835,-0.0000,-0.2835,0.9590),
    }},
    {Time = 1.933, Data = {
      ["HumanoidRootPart"] = CFrame.new(0.0000,0.0000,0.0000,1.0000,0.0000,0.0000,0.0000,1.0000,0.0000,0.0000,0.0000,1.0000),
      ["LowerTorso"] = CFrame.new(0.1459,2.1544,0.3024,0.9007,0.2968,0.3173,0.0000,0.7303,-0.6831,-0.4345,0.6153,0.6578),
      ["UpperTorso"] = CFrame.new(0.0000,0.0000,0.0000,0.9459,-0.0853,0.3129,0.0899,0.9960,-0.0000,-0.3116,0.0281,0.9498),
      ["LeftUpperArm"] = CFrame.new(0.0000,0.0000,0.0000,0.8570,-0.0000,0.5154,-0.4754,0.3861,0.7905,-0.1990,-0.9225,0.3308),
      ["LeftLowerArm"] = CFrame.new(0.0000,0.0000,0.0000,1.0000,0.0017,0.0071,0.0000,0.9735,-0.2288,-0.0073,0.2288,0.9735),
      ["RightUpperArm"] = CFrame.new(0.0389,-0.1868,0.0684,-0.0011,-0.9967,-0.0817,0.9998,-0.0026,0.0189,-0.0190,-0.0817,0.9965),
      ["RightLowerArm"] = CFrame.new(0.0000,0.0000,0.0000,0.7483,-0.6633,0.0025,-0.0118,-0.0171,-0.9998,0.6632,0.7481,-0.0207),
      ["RightHand"] = CFrame.new(0.0000,0.0000,0.0000,0.9913,0.0344,0.1270,-0.0000,0.9652,-0.2615,-0.1316,0.2592,0.9568),
      ["Head"] = CFrame.new(1.2933,0.5257,-0.9436,-0.3312,0.9337,0.1360,0.8580,0.3580,-0.3683,-0.3926,-0.0053,-0.9197),
      ["RightUpperLeg"] = CFrame.new(0.0000,0.0000,0.0000,0.7144,-0.0622,-0.6970,-0.0000,0.9960,-0.0889,0.6997,0.0635,0.7116),
      ["RightLowerLeg"] = CFrame.new(0.0000,0.0000,0.0000,1.0000,-0.0000,0.0000,0.0000,0.7844,0.6203,-0.0000,-0.6203,0.7844),
      ["RightFoot"] = CFrame.new(0.0000,0.0000,0.0000,1.0000,-0.0000,0.0000,0.0000,0.9075,0.4200,-0.0000,-0.4200,0.9075),
      ["LeftUpperLeg"] = CFrame.new(0.0000,0.0000,0.0000,0.9604,-0.2323,0.1541,0.2787,0.8003,-0.5309,0.0000,0.5528,0.8333),
      ["LeftLowerLeg"] = CFrame.new(0.0000,0.0000,0.0000,1.0000,-0.0000,0.0000,0.0000,0.7674,0.6411,-0.0000,-0.6411,0.7674),
      ["LeftFoot"] = CFrame.new(0.0000,0.0000,0.0000,1.0000,-0.0000,0.0000,0.0000,0.9596,0.2814,-0.0000,-0.2814,0.9596),
    }},
    {Time = 1.967, Data = {
      ["HumanoidRootPart"] = CFrame.new(0.0000,0.0000,0.0000,1.0000,0.0000,0.0000,0.0000,1.0000,0.0000,0.0000,0.0000,1.0000),
      ["LowerTorso"] = CFrame.new(0.1474,2.1457,0.3056,0.9007,0.2968,0.3173,0.0000,0.7303,-0.6831,-0.4345,0.6153,0.6578),
      ["UpperTorso"] = CFrame.new(0.0000,0.0000,0.0000,0.9457,-0.0881,0.3129,0.0927,0.9957,-0.0000,-0.3115,0.0290,0.9498),
      ["LeftUpperArm"] = CFrame.new(0.0000,0.0000,0.0000,0.8534,-0.0000,0.5213,-0.4809,0.3861,0.7872,-0.2013,-0.9225,0.3295),
      ["LeftLowerArm"] = CFrame.new(0.0000,0.0000,0.0000,1.0000,0.0017,0.0071,0.0000,0.9735,-0.2288,-0.0073,0.2288,0.9735),
      ["RightUpperArm"] = CFrame.new(0.0409,-0.1964,0.0719,-0.0146,-0.9966,-0.0815,0.9997,-0.0161,0.0178,-0.0190,-0.0812,0.9965),
      ["RightLowerArm"] = CFrame.new(0.0000,0.0000,0.0000,0.7483,-0.6633,0.0025,-0.0118,-0.0171,-0.9998,0.6632,0.7481,-0.0207),
      ["RightHand"] = CFrame.new(0.0000,0.0000,0.0000,0.9913,0.0344,0.1270,-0.0000,0.9652,-0.2615,-0.1316,0.2592,0.9568),
      ["Head"] = CFrame.new(1.2876,0.5211,-0.9495,-0.3672,0.8982,0.2416,0.7440,0.4395,-0.5033,-0.5583,-0.0051,-0.8296),
      ["RightUpperLeg"] = CFrame.new(0.0000,0.0000,0.0000,0.7144,-0.0585,-0.6973,-0.0000,0.9965,-0.0836,0.6998,0.0598,0.7119),
      ["RightLowerLeg"] = CFrame.new(0.0000,0.0000,0.0000,1.0000,-0.0000,0.0000,0.0000,0.7852,0.6192,-0.0000,-0.6192,0.7852),
      ["RightFoot"] = CFrame.new(0.0000,0.0000,0.0000,1.0000,-0.0000,0.0000,0.0000,0.9027,0.4303,-0.0000,-0.4303,0.9027),
      ["LeftUpperLeg"] = CFrame.new(0.0000,0.0000,0.0000,0.9604,-0.2328,0.1533,0.2788,0.8020,-0.5283,0.0000,0.5501,0.8351),
      ["LeftLowerLeg"] = CFrame.new(0.0000,0.0000,0.0000,1.0000,-0.0000,0.0000,0.0000,0.7754,0.6315,-0.0000,-0.6315,0.7754),
      ["LeftFoot"] = CFrame.new(0.0000,0.0000,0.0000,1.0000,-0.0000,0.0000,0.0000,0.9602,0.2793,-0.0000,-0.2793,0.9602),
    }},
    {Time = 2.000, Data = {
      ["HumanoidRootPart"] = CFrame.new(0.0000,0.0000,0.0000,1.0000,0.0000,0.0000,0.0000,1.0000,0.0000,0.0000,0.0000,1.0000),
      ["LowerTorso"] = CFrame.new(0.1490,2.1371,0.3088,0.9007,0.2968,0.3173,0.0000,0.7303,-0.6831,-0.4345,0.6153,0.6578),
      ["UpperTorso"] = CFrame.new(0.0000,0.0000,0.0000,0.9454,-0.0908,0.3129,0.0956,0.9954,-0.0000,-0.3115,0.0299,0.9498),
      ["LeftUpperArm"] = CFrame.new(0.0000,0.0000,0.0000,0.8497,-0.0000,0.5272,-0.4864,0.3861,0.7838,-0.2035,-0.9225,0.3280),
      ["LeftLowerArm"] = CFrame.new(0.0000,0.0000,0.0000,1.0000,0.0017,0.0071,-0.0000,0.9735,-0.2288,-0.0073,0.2288,0.9735),
      ["RightUpperArm"] = CFrame.new(0.0429,-0.2059,0.0754,-0.0281,-0.9963,-0.0812,0.9994,-0.0296,0.0167,-0.0190,-0.0807,0.9966),
      ["RightLowerArm"] = CFrame.new(0.0000,0.0000,0.0000,0.7483,-0.6633,0.0025,-0.0118,-0.0171,-0.9998,0.6632,0.7481,-0.0207),
      ["RightHand"] = CFrame.new(0.0000,0.0000,0.0000,0.9913,0.0344,0.1270,-0.0000,0.9652,-0.2615,-0.1316,0.2592,0.9568),
      ["Head"] = CFrame.new(1.2820,0.5164,-0.9554,-0.3959,0.8513,0.3444,0.5932,0.5234,-0.6117,-0.7010,-0.0379,-0.7122),
      ["RightUpperLeg"] = CFrame.new(0.0000,0.0000,0.0000,0.7143,-0.0548,-0.6977,-0.0000,0.9969,-0.0784,0.6998,0.0560,0.7121),
      ["RightLowerLeg"] = CFrame.new(0.0000,0.0000,0.0000,1.0000,-0.0000,0.0000,0.0000,0.7861,0.6181,-0.0000,-0.6181,0.7861),
      ["RightFoot"] = CFrame.new(0.0000,0.0000,0.0000,1.0000,-0.0000,0.0000,0.0000,0.8977,0.4407,-0.0000,-0.4407,0.8977),
      ["LeftUpperLeg"] = CFrame.new(0.0000,0.0000,0.0000,0.9604,-0.2333,0.1526,0.2788,0.8037,-0.5257,0.0000,0.5473,0.8369),
      ["LeftLowerLeg"] = CFrame.new(0.0000,0.0000,0.0000,1.0000,-0.0000,0.0000,0.0000,0.7833,0.6217,-0.0000,-0.6217,0.7833),
      ["LeftFoot"] = CFrame.new(0.0000,0.0000,0.0000,1.0000,-0.0000,0.0000,0.0000,0.9608,0.2772,-0.0000,-0.2772,0.9608),
    }},
    {Time = 2.033, Data = {
      ["HumanoidRootPart"] = CFrame.new(0.0000,0.0000,0.0000,1.0000,0.0000,0.0000,0.0000,1.0000,0.0000,0.0000,0.0000,1.0000),
      ["LowerTorso"] = CFrame.new(0.1505,2.1285,0.3119,0.9007,0.2968,0.3173,0.0000,0.7303,-0.6831,-0.4345,0.6153,0.6578),
      ["UpperTorso"] = CFrame.new(0.0000,0.0000,0.0000,0.9452,-0.0935,0.3129,0.0984,0.9951,-0.0000,-0.3114,0.0308,0.9498),
      ["LeftUpperArm"] = CFrame.new(0.0000,0.0000,0.0000,0.8460,-0.0000,0.5331,-0.4918,0.3861,0.7804,-0.2058,-0.9225,0.3266),
      ["LeftLowerArm"] = CFrame.new(0.0000,0.0000,0.0000,1.0000,0.0017,0.0071,0.0000,0.9735,-0.2288,-0.0073,0.2288,0.9735),
      ["RightUpperArm"] = CFrame.new(0.0449,-0.2155,0.0789,-0.0417,-0.9958,-0.0810,0.9990,-0.0431,0.0156,-0.0190,-0.0802,0.9966),
      ["RightLowerArm"] = CFrame.new(0.0000,0.0000,0.0000,0.7483,-0.6633,0.0025,-0.0118,-0.0171,-0.9998,0.6632,0.7481,-0.0207),
      ["RightHand"] = CFrame.new(0.0000,0.0000,0.0000,0.9913,0.0344,0.1270,-0.0000,0.9652,-0.2615,-0.1316,0.2592,0.9568),
      ["Head"] = CFrame.new(1.2763,0.5117,-0.9613,-0.4160,0.7941,0.4432,0.4107,0.5989,-0.6875,-0.8114,-0.1040,-0.5752),
      ["RightUpperLeg"] = CFrame.new(0.0000,0.0000,0.0000,0.7142,-0.0511,-0.6980,-0.0001,0.9973,-0.0731,0.6999,0.0523,0.7123),
      ["RightLowerLeg"] = CFrame.new(0.0000,0.0000,0.0000,1.0000,-0.0000,0.0000,0.0000,0.7869,0.6170,-0.0000,-0.6170,0.7869),
      ["RightFoot"] = CFrame.new(0.0000,0.0000,0.0000,1.0000,-0.0000,0.0000,0.0000,0.8926,0.4509,-0.0000,-0.4509,0.8926),
      ["LeftUpperLeg"] = CFrame.new(0.0000,0.0000,0.0000,0.9604,-0.2338,0.1518,0.2788,0.8054,-0.5230,0.0000,0.5446,0.8387),
      ["LeftLowerLeg"] = CFrame.new(0.0000,0.0000,0.0000,1.0000,-0.0000,0.0000,0.0000,0.7910,0.6118,-0.0000,-0.6118,0.7910),
      ["LeftFoot"] = CFrame.new(0.0000,0.0000,0.0000,1.0000,-0.0000,0.0000,0.0000,0.9614,0.2750,-0.0000,-0.2750,0.9614),
    }},
    {Time = 2.067, Data = {
      ["HumanoidRootPart"] = CFrame.new(0.0000,0.0000,0.0000,1.0000,0.0000,0.0000,0.0000,1.0000,0.0000,0.0000,0.0000,1.0000),
      ["LowerTorso"] = CFrame.new(0.1520,2.1199,0.3151,0.9007,0.2968,0.3173,0.0000,0.7303,-0.6831,-0.4345,0.6153,0.6578),
      ["UpperTorso"] = CFrame.new(0.0000,0.0000,0.0000,0.9449,-0.0962,0.3129,0.1013,0.9949,-0.0000,-0.3113,0.0317,0.9498),
      ["LeftUpperArm"] = CFrame.new(0.0000,0.0000,0.0000,0.8423,-0.0000,0.5390,-0.4972,0.3861,0.7770,-0.2081,-0.9225,0.3252),
      ["LeftLowerArm"] = CFrame.new(0.0000,0.0000,0.0000,1.0000,0.0017,0.0071,0.0000,0.9735,-0.2288,-0.0073,0.2288,0.9735),
      ["RightUpperArm"] = CFrame.new(0.0469,-0.2251,0.0824,-0.0552,-0.9952,-0.0807,0.9983,-0.0565,0.0144,-0.0189,-0.0798,0.9966),
      ["RightLowerArm"] = CFrame.new(0.0000,0.0000,0.0000,0.7483,-0.6633,0.0025,-0.0118,-0.0171,-0.9998,0.6632,0.7481,-0.0207),
      ["RightHand"] = CFrame.new(0.0000,0.0000,0.0000,0.9913,0.0344,0.1270,-0.0000,0.9652,-0.2615,-0.1316,0.2592,0.9568),
      ["Head"] = CFrame.new(1.2706,0.5070,-0.9672,-0.4264,0.7280,0.5369,0.2042,0.6557,-0.7269,-0.8812,-0.2003,-0.4282),
      ["RightUpperLeg"] = CFrame.new(0.0000,0.0000,0.0000,0.7142,-0.0475,-0.6984,-0.0001,0.9977,-0.0679,0.7000,0.0485,0.7125),
      ["RightLowerLeg"] = CFrame.new(0.0000,0.0000,0.0000,1.0000,-0.0000,0.0000,0.0000,0.7878,0.6159,-0.0000,-0.6159,0.7878),
      ["RightFoot"] = CFrame.new(0.0000,0.0000,0.0000,1.0000,-0.0000,0.0000,0.0000,0.8874,0.4611,-0.0000,-0.4611,0.8874),
      ["LeftUpperLeg"] = CFrame.new(0.0000,0.0000,0.0000,0.9604,-0.2343,0.1510,0.2788,0.8072,-0.5204,0.0000,0.5418,0.8405),
      ["LeftLowerLeg"] = CFrame.new(0.0000,0.0000,0.0000,1.0000,-0.0000,0.0000,0.0000,0.7987,0.6018,-0.0000,-0.6018,0.7987),
      ["LeftFoot"] = CFrame.new(0.0000,0.0000,0.0000,1.0000,-0.0000,0.0000,0.0000,0.9620,0.2729,-0.0000,-0.2729,0.9620),
    }},
    {Time = 2.100, Data = {
      ["HumanoidRootPart"] = CFrame.new(0.0000,0.0000,0.0000,1.0000,0.0000,0.0000,0.0000,1.0000,0.0000,0.0000,0.0000,1.0000),
      ["LowerTorso"] = CFrame.new(0.1536,2.1113,0.3183,0.9007,0.2968,0.3173,0.0000,0.7303,-0.6831,-0.4345,0.6153,0.6578),
      ["UpperTorso"] = CFrame.new(0.0000,0.0000,0.0000,0.9446,-0.0989,0.3129,0.1041,0.9946,-0.0000,-0.3112,0.0326,0.9498),
      ["LeftUpperArm"] = CFrame.new(0.0000,0.0000,0.0000,0.8385,-0.0000,0.5448,-0.5026,0.3861,0.7735,-0.2103,-0.9225,0.3237),
      ["LeftLowerArm"] = CFrame.new(0.0000,0.0000,0.0000,1.0000,0.0017,0.0071,-0.0000,0.9735,-0.2288,-0.0073,0.2288,0.9735),
      ["RightUpperArm"] = CFrame.new(0.0489,-0.2347,0.0859,-0.0687,-0.9944,-0.0804,0.9975,-0.0700,0.0133,-0.0189,-0.0793,0.9967),
      ["RightLowerArm"] = CFrame.new(0.0000,0.0000,0.0000,0.7483,-0.6633,0.0025,-0.0118,-0.0171,-0.9998,0.6632,0.7481,-0.0207),
      ["RightHand"] = CFrame.new(0.0000,0.0000,0.0000,0.9913,0.0344,0.1270,-0.0000,0.9652,-0.2615,-0.1316,0.2592,0.9568),
      ["Head"] = CFrame.new(1.2649,0.5023,-0.9731,-0.4261,0.6546,0.6244,-0.0164,0.6845,-0.7288,-0.9045,-0.3208,-0.2810),
      ["RightUpperLeg"] = CFrame.new(0.0000,0.0000,0.0000,0.7140,-0.0438,-0.6987,-0.0001,0.9980,-0.0627,0.7001,0.0448,0.7126),
      ["RightLowerLeg"] = CFrame.new(0.0000,0.0000,0.0000,1.0000,-0.0000,0.0000,0.0000,0.7886,0.6148,-0.0000,-0.6148,0.7886),
      ["RightFoot"] = CFrame.new(0.0000,0.0000,0.0000,1.0000,-0.0000,0.0000,0.0000,0.8820,0.4712,-0.0000,-0.4712,0.8820),
      ["LeftUpperLeg"] = CFrame.new(0.0000,0.0000,0.0000,0.9603,-0.2348,0.1503,0.2788,0.8089,-0.5177,0.0000,0.5391,0.8423),
      ["LeftLowerLeg"] = CFrame.new(0.0000,0.0000,0.0000,1.0000,-0.0000,0.0000,0.0000,0.8062,0.5917,-0.0000,-0.5917,0.8062),
      ["LeftFoot"] = CFrame.new(0.0000,0.0000,0.0000,1.0000,-0.0000,0.0000,0.0000,0.9626,0.2708,-0.0000,-0.2708,0.9626),
    }},
    {Time = 2.133, Data = {
      ["HumanoidRootPart"] = CFrame.new(0.0000,0.0000,0.0000,1.0000,0.0000,0.0000,0.0000,1.0000,0.0000,0.0000,0.0000,1.0000),
      ["LowerTorso"] = CFrame.new(0.1551,2.1027,0.3215,0.9007,0.2968,0.3173,0.0000,0.7303,-0.6831,-0.4345,0.6153,0.6578),
      ["UpperTorso"] = CFrame.new(0.0000,0.0000,0.0000,0.9443,-0.1016,0.3129,0.1070,0.9943,-0.0000,-0.3111,0.0335,0.9498),
      ["LeftUpperArm"] = CFrame.new(0.0000,0.0000,0.0000,0.8347,-0.0000,0.5507,-0.5080,0.3861,0.7700,-0.2126,-0.9225,0.3223),
      ["LeftLowerArm"] = CFrame.new(0.0000,0.0000,0.0000,1.0000,0.0017,0.0071,0.0000,0.9735,-0.2288,-0.0073,0.2288,0.9735),
      ["RightUpperArm"] = CFrame.new(0.0509,-0.2443,0.0894,-0.0822,-0.9934,-0.0802,0.9964,-0.0834,0.0122,-0.0188,-0.0789,0.9967),
      ["RightLowerArm"] = CFrame.new(0.0000,0.0000,0.0000,0.7483,-0.6633,0.0025,-0.0118,-0.0171,-0.9998,0.6632,0.7481,-0.0207),
      ["RightHand"] = CFrame.new(0.0000,0.0000,0.0000,0.9913,0.0344,0.1270,-0.0000,0.9652,-0.2615,-0.1316,0.2592,0.9568),
      ["Head"] = CFrame.new(1.2593,0.4976,-0.9790,-0.4148,0.5757,0.7046,-0.2393,0.6781,-0.6949,-0.8779,-0.4569,-0.1435),
      ["RightUpperLeg"] = CFrame.new(0.0000,0.0000,0.0000,0.7139,-0.0401,-0.6991,-0.0001,0.9984,-0.0574,0.7002,0.0411,0.7127),
      ["RightLowerLeg"] = CFrame.new(0.0000,0.0000,0.0000,1.0000,-0.0000,0.0000,0.0000,0.7895,0.6138,-0.0000,-0.6138,0.7895),
      ["RightFoot"] = CFrame.new(0.0000,0.0000,0.0000,1.0000,-0.0000,0.0000,0.0000,0.8766,0.4813,-0.0000,-0.4813,0.8766),
      ["LeftUpperLeg"] = CFrame.new(0.0000,0.0000,0.0000,0.9603,-0.2353,0.1495,0.2788,0.8105,-0.5151,0.0000,0.5363,0.8440),
      ["LeftLowerLeg"] = CFrame.new(0.0000,0.0000,0.0000,1.0000,-0.0000,0.0000,0.0000,0.8135,0.5815,-0.0000,-0.5815,0.8135),
      ["LeftFoot"] = CFrame.new(0.0000,0.0000,0.0000,1.0000,-0.0000,0.0000,0.0000,0.9632,0.2686,-0.0000,-0.2686,0.9632),
    }},
    {Time = 2.167, Data = {
      ["HumanoidRootPart"] = CFrame.new(0.0000,0.0000,0.0000,1.0000,0.0000,0.0000,0.0000,1.0000,0.0000,0.0000,0.0000,1.0000),
      ["LowerTorso"] = CFrame.new(0.1566,2.0940,0.3246,0.9007,0.2968,0.3173,0.0000,0.7303,-0.6831,-0.4345,0.6153,0.6578),
      ["UpperTorso"] = CFrame.new(0.0000,0.0000,0.0000,0.9440,-0.1043,0.3129,0.1099,0.9939,-0.0000,-0.3110,0.0344,0.9498),
      ["LeftUpperArm"] = CFrame.new(0.0000,0.0000,0.0000,0.8309,-0.0000,0.5565,-0.5133,0.3861,0.7665,-0.2148,-0.9225,0.3208),
      ["LeftLowerArm"] = CFrame.new(0.0000,0.0000,0.0000,1.0000,0.0017,0.0071,0.0000,0.9735,-0.2288,-0.0073,0.2288,0.9735),
      ["RightUpperArm"] = CFrame.new(0.0529,-0.2538,0.0929,-0.0956,-0.9922,-0.0799,0.9952,-0.0968,0.0111,-0.0188,-0.0785,0.9967),
      ["RightLowerArm"] = CFrame.new(0.0000,0.0000,0.0000,0.7483,-0.6633,0.0025,-0.0118,-0.0171,-0.9998,0.6632,0.7481,-0.0207),
      ["RightHand"] = CFrame.new(0.0000,0.0000,0.0000,0.9913,0.0344,0.1270,-0.0000,0.9652,-0.2615,-0.1316,0.2592,0.9568),
      ["Head"] = CFrame.new(1.2536,0.4929,-0.9849,-0.3919,0.4930,0.7768,-0.4522,0.6320,-0.6293,-0.8012,-0.5979,-0.0247),
      ["RightUpperLeg"] = CFrame.new(0.0000,0.0000,0.0000,0.7138,-0.0365,-0.6994,-0.0001,0.9986,-0.0522,0.7004,0.0373,0.7128),
      ["RightLowerLeg"] = CFrame.new(0.0000,0.0000,0.0000,1.0000,-0.0000,0.0000,0.0000,0.7904,0.6127,-0.0000,-0.6127,0.7904),
      ["RightFoot"] = CFrame.new(0.0000,0.0000,0.0000,1.0000,-0.0000,0.0000,0.0000,0.8710,0.4913,-0.0000,-0.4913,0.8710),
      ["LeftUpperLeg"] = CFrame.new(0.0000,0.0000,0.0000,0.9603,-0.2358,0.1488,0.2788,0.8122,-0.5124,0.0000,0.5335,0.8458),
      ["LeftLowerLeg"] = CFrame.new(0.0000,0.0000,0.0000,1.0000,-0.0000,0.0000,0.0000,0.8208,0.5713,-0.0000,-0.5713,0.8208),
      ["LeftFoot"] = CFrame.new(0.0000,0.0000,0.0000,1.0000,-0.0000,0.0000,0.0000,0.9638,0.2665,-0.0000,-0.2665,0.9638),
    }},
    {Time = 2.200, Data = {
      ["HumanoidRootPart"] = CFrame.new(0.0000,0.0000,0.0000,1.0000,0.0000,0.0000,0.0000,1.0000,0.0000,0.0000,0.0000,1.0000),
      ["LowerTorso"] = CFrame.new(0.1581,2.0854,0.3278,0.9007,0.2968,0.3173,0.0000,0.7303,-0.6831,-0.4345,0.6153,0.6578),
      ["UpperTorso"] = CFrame.new(0.0000,0.0000,0.0000,0.9437,-0.1070,0.3129,0.1127,0.9936,-0.0000,-0.3109,0.0353,0.9498),
      ["LeftUpperArm"] = CFrame.new(0.0000,0.0000,0.0000,0.8270,-0.0000,0.5622,-0.5186,0.3861,0.7629,-0.2171,-0.9225,0.3193),
      ["LeftLowerArm"] = CFrame.new(0.0000,0.0000,0.0000,1.0000,0.0017,0.0071,0.0000,0.9735,-0.2288,-0.0073,0.2288,0.9735),
      ["RightUpperArm"] = CFrame.new(0.0549,-0.2634,0.0964,-0.1091,-0.9908,-0.0797,0.9939,-0.1102,0.0100,-0.0187,-0.0781,0.9968),
      ["RightLowerArm"] = CFrame.new(0.0000,0.0000,0.0000,0.7483,-0.6633,0.0025,-0.0118,-0.0171,-0.9998,0.6632,0.7481,-0.0207),
      ["RightHand"] = CFrame.new(0.0000,0.0000,0.0000,0.9913,0.0344,0.1270,-0.0000,0.9652,-0.2615,-0.1316,0.2592,0.9568),
      ["Head"] = CFrame.new(1.2479,0.4882,-0.9908,-0.2963,0.2888,0.9104,-0.5745,0.7075,-0.4115,-0.7630,-0.6450,-0.0437),
      ["RightUpperLeg"] = CFrame.new(0.0000,0.0000,0.0000,0.7136,-0.0328,-0.6998,-0.0001,0.9989,-0.0470,0.7006,0.0336,0.7128),
      ["RightLowerLeg"] = CFrame.new(0.0000,0.0000,0.0000,1.0000,-0.0000,0.0000,0.0000,0.7912,0.6116,-0.0000,-0.6116,0.7912),
      ["RightFoot"] = CFrame.new(0.0000,0.0000,0.0000,1.0000,-0.0000,0.0000,0.0000,0.8653,0.5012,-0.0000,-0.5012,0.8653),
      ["LeftUpperLeg"] = CFrame.new(0.0000,0.0000,0.0000,0.9603,-0.2364,0.1480,0.2789,0.8139,-0.5097,0.0000,0.5308,0.8475),
      ["LeftLowerLeg"] = CFrame.new(0.0000,0.0000,0.0000,1.0000,-0.0000,0.0000,0.0000,0.8279,0.5609,-0.0000,-0.5609,0.8279),
      ["LeftFoot"] = CFrame.new(0.0000,0.0000,0.0000,1.0000,-0.0000,0.0000,0.0000,0.9644,0.2644,-0.0000,-0.2644,0.9644),
    }},
    {Time = 2.233, Data = {
      ["HumanoidRootPart"] = CFrame.new(0.0000,0.0000,0.0000,1.0000,0.0000,0.0000,0.0000,1.0000,0.0000,0.0000,0.0000,1.0000),
      ["LowerTorso"] = CFrame.new(0.1597,2.0768,0.3310,0.9007,0.2968,0.3173,0.0000,0.7303,-0.6831,-0.4345,0.6153,0.6578),
      ["UpperTorso"] = CFrame.new(0.0000,0.0000,0.0000,0.9434,-0.1098,0.3129,0.1156,0.9933,-0.0000,-0.3108,0.0362,0.9498),
      ["LeftUpperArm"] = CFrame.new(0.0000,0.0000,0.0000,0.8231,-0.0000,0.5680,-0.5239,0.3861,0.7592,-0.2193,-0.9225,0.3178),
      ["LeftLowerArm"] = CFrame.new(0.0000,0.0000,0.0000,1.0000,0.0017,0.0071,0.0000,0.9735,-0.2288,-0.0073,0.2288,0.9735),
      ["RightUpperArm"] = CFrame.new(0.0569,-0.2730,0.0999,-0.1226,-0.9893,-0.0794,0.9923,-0.1236,0.0089,-0.0186,-0.0777,0.9968),
      ["RightLowerArm"] = CFrame.new(0.0000,0.0000,0.0000,0.7483,-0.6633,0.0025,-0.0118,-0.0171,-0.9998,0.6632,0.7481,-0.0207),
      ["RightHand"] = CFrame.new(0.0000,0.0000,0.0000,0.9913,0.0344,0.1270,-0.0000,0.9652,-0.2615,-0.1316,0.2592,0.9568),
      ["Head"] = CFrame.new(1.2422,0.4836,-0.9967,-0.1367,0.1030,0.9853,-0.6718,0.7213,-0.1686,-0.7281,-0.6849,-0.0294),
      ["RightUpperLeg"] = CFrame.new(0.0000,0.0000,0.0000,0.7134,-0.0292,-0.7001,-0.0001,0.9991,-0.0417,0.7007,0.0298,0.7128),
      ["RightLowerLeg"] = CFrame.new(0.0000,0.0000,0.0000,1.0000,-0.0000,0.0000,0.0000,0.7920,0.6105,-0.0000,-0.6105,0.7920),
      ["RightFoot"] = CFrame.new(0.0000,0.0000,0.0000,1.0000,-0.0000,0.0000,0.0000,0.8595,0.5111,-0.0000,-0.5111,0.8595),
      ["LeftUpperLeg"] = CFrame.new(0.0000,0.0000,0.0000,0.9603,-0.2369,0.1472,0.2789,0.8156,-0.5070,0.0000,0.5280,0.8493),
      ["LeftLowerLeg"] = CFrame.new(0.0000,0.0000,0.0000,1.0000,-0.0000,0.0000,0.0000,0.8349,0.5504,-0.0000,-0.5504,0.8349),
      ["LeftFoot"] = CFrame.new(0.0000,0.0000,0.0000,1.0000,-0.0000,0.0000,0.0000,0.9650,0.2622,-0.0000,-0.2622,0.9650),
    }},
    {Time = 2.267, Data = {
      ["HumanoidRootPart"] = CFrame.new(0.0000,0.0000,0.0000,1.0000,0.0000,0.0000,0.0000,1.0000,0.0000,0.0000,0.0000,1.0000),
      ["LowerTorso"] = CFrame.new(0.1612,2.0682,0.3341,0.9007,0.2968,0.3173,0.0000,0.7303,-0.6831,-0.4345,0.6153,0.6578),
      ["UpperTorso"] = CFrame.new(0.0000,0.0000,0.0000,0.9431,-0.1125,0.3129,0.1184,0.9930,-0.0000,-0.3107,0.0370,0.9498),
      ["LeftUpperArm"] = CFrame.new(0.0000,0.0000,0.0000,0.8191,-0.0000,0.5737,-0.5292,0.3861,0.7556,-0.2215,-0.9225,0.3162),
      ["LeftLowerArm"] = CFrame.new(0.0000,0.0000,0.0000,1.0000,0.0017,0.0071,0.0000,0.9735,-0.2288,-0.0073,0.2288,0.9735),
      ["RightUpperArm"] = CFrame.new(0.0589,-0.2826,0.1034,-0.1360,-0.9875,-0.0791,0.9905,-0.1370,0.0078,-0.0185,-0.0773,0.9968),
      ["RightLowerArm"] = CFrame.new(0.0000,0.0000,0.0000,0.7483,-0.6633,0.0025,-0.0118,-0.0171,-0.9998,0.6632,0.7481,-0.0207),
      ["RightHand"] = CFrame.new(0.0000,0.0000,0.0000,0.9913,0.0344,0.1270,-0.0000,0.9652,-0.2615,-0.1316,0.2592,0.9568),
      ["Head"] = CFrame.new(1.2366,0.4789,-1.0026,0.0717,-0.0410,0.9966,-0.7230,0.6861,0.0803,-0.6871,-0.7263,0.0196),
      ["RightUpperLeg"] = CFrame.new(0.0000,0.0000,0.0000,0.7132,-0.0255,-0.7005,-0.0001,0.9993,-0.0365,0.7010,0.0261,0.7127),
      ["RightLowerLeg"] = CFrame.new(0.0000,0.0000,0.0000,1.0000,-0.0000,0.0000,0.0000,0.7929,0.6094,-0.0000,-0.6094,0.7929),
      ["RightFoot"] = CFrame.new(0.0000,0.0000,0.0000,1.0000,-0.0000,0.0000,0.0000,0.8536,0.5209,-0.0000,-0.5209,0.8536),
      ["LeftUpperLeg"] = CFrame.new(0.0000,0.0000,0.0000,0.9603,-0.2374,0.1465,0.2789,0.8172,-0.5044,0.0000,0.5252,0.8510),
      ["LeftLowerLeg"] = CFrame.new(0.0000,0.0000,0.0000,1.0000,-0.0000,0.0000,0.0000,0.8417,0.5399,-0.0000,-0.5399,0.8417),
      ["LeftFoot"] = CFrame.new(0.0000,0.0000,0.0000,1.0000,-0.0000,0.0000,0.0000,0.9656,0.2601,-0.0000,-0.2601,0.9656),
    }},
    {Time = 2.300, Data = {
      ["HumanoidRootPart"] = CFrame.new(0.0000,0.0000,0.0000,1.0000,0.0000,0.0000,0.0000,1.0000,0.0000,0.0000,0.0000,1.0000),
      ["LowerTorso"] = CFrame.new(0.1627,2.0596,0.3373,0.9007,0.2968,0.3173,0.0000,0.7303,-0.6831,-0.4345,0.6153,0.6578),
      ["UpperTorso"] = CFrame.new(0.0000,0.0000,0.0000,0.9428,-0.1152,0.3129,0.1213,0.9926,-0.0000,-0.3106,0.0379,0.9498),
      ["LeftUpperArm"] = CFrame.new(0.0000,0.0000,0.0000,0.8151,-0.0000,0.5794,-0.5344,0.3861,0.7519,-0.2237,-0.9225,0.3147),
      ["LeftLowerArm"] = CFrame.new(0.0000,0.0000,0.0000,1.0000,0.0017,0.0071,0.0000,0.9735,-0.2288,-0.0073,0.2288,0.9735),
      ["RightUpperArm"] = CFrame.new(0.0609,-0.2922,0.1069,-0.1494,-0.9856,-0.0789,0.9886,-0.1503,0.0067,-0.0184,-0.0770,0.9969),
      ["RightLowerArm"] = CFrame.new(0.0000,0.0000,0.0000,0.7483,-0.6633,0.0025,-0.0118,-0.0171,-0.9998,0.6632,0.7481,-0.0207),
      ["RightHand"] = CFrame.new(0.0000,0.0000,0.0000,0.9913,0.0344,0.1270,-0.0000,0.9652,-0.2615,-0.1316,0.2592,0.9568),
      ["Head"] = CFrame.new(1.2309,0.4742,-1.0085,0.3058,-0.1266,0.9436,-0.7162,0.6225,0.3156,-0.6273,-0.7723,0.0997),
      ["RightUpperLeg"] = CFrame.new(0.0000,0.0000,0.0000,0.7130,-0.0218,-0.7008,-0.0001,0.9995,-0.0313,0.7012,0.0224,0.7126),
      ["RightLowerLeg"] = CFrame.new(0.0000,0.0000,0.0000,1.0000,-0.0000,0.0000,0.0000,0.7937,0.6083,-0.0000,-0.6083,0.7937),
      ["RightFoot"] = CFrame.new(0.0000,0.0000,0.0000,1.0000,-0.0000,0.0000,0.0000,0.8476,0.5307,-0.0000,-0.5307,0.8476),
      ["LeftUpperLeg"] = CFrame.new(0.0000,0.0000,0.0000,0.9603,-0.2379,0.1457,0.2790,0.8188,-0.5017,0.0000,0.5224,0.8527),
      ["LeftLowerLeg"] = CFrame.new(0.0000,0.0000,0.0000,1.0000,-0.0000,0.0000,0.0000,0.8484,0.5293,-0.0000,-0.5293,0.8484),
      ["LeftFoot"] = CFrame.new(0.0000,0.0000,0.0000,1.0000,-0.0000,0.0000,0.0000,0.9662,0.2579,-0.0000,-0.2579,0.9662),
    }},
    {Time = 2.333, Data = {
      ["HumanoidRootPart"] = CFrame.new(0.0000,0.0000,0.0000,1.0000,0.0000,0.0000,0.0000,1.0000,0.0000,0.0000,0.0000,1.0000),
      ["LowerTorso"] = CFrame.new(0.1643,2.0510,0.3405,0.9007,0.2968,0.3173,0.0000,0.7303,-0.6831,-0.4345,0.6153,0.6578),
      ["UpperTorso"] = CFrame.new(0.0000,0.0000,0.0000,0.9424,-0.1179,0.3129,0.1241,0.9923,-0.0000,-0.3105,0.0388,0.9498),
      ["LeftUpperArm"] = CFrame.new(0.0000,0.0000,0.0000,0.8110,-0.0000,0.5850,-0.5397,0.3861,0.7481,-0.2259,-0.9225,0.3131),
      ["LeftLowerArm"] = CFrame.new(0.0000,0.0000,0.0000,1.0000,0.0017,0.0071,0.0000,0.9735,-0.2288,-0.0073,0.2288,0.9735),
      ["RightUpperArm"] = CFrame.new(0.0629,-0.3017,0.1104,-0.1627,-0.9835,-0.0786,0.9865,-0.1637,0.0056,-0.0183,-0.0767,0.9969),
      ["RightLowerArm"] = CFrame.new(0.0000,0.0000,0.0000,0.7483,-0.6633,0.0025,-0.0118,-0.0171,-0.9998,0.6632,0.7481,-0.0207),
      ["RightHand"] = CFrame.new(0.0000,0.0000,0.0000,0.9913,0.0344,0.1270,-0.0000,0.9652,-0.2615,-0.1316,0.2592,0.9568),
      ["Head"] = CFrame.new(1.2252,0.4695,-1.0144,0.5385,-0.1465,0.8298,-0.6501,0.5543,0.5197,-0.5361,-0.8193,0.2032),
      ["RightUpperLeg"] = CFrame.new(0.0000,0.0000,0.0000,0.7127,-0.0182,-0.7012,-0.0001,0.9997,-0.0260,0.7014,0.0186,0.7125),
      ["RightLowerLeg"] = CFrame.new(0.0000,0.0000,0.0000,1.0000,-0.0000,0.0000,0.0000,0.7946,0.6072,-0.0000,-0.6072,0.7946),
      ["RightFoot"] = CFrame.new(0.0000,0.0000,0.0000,1.0000,-0.0000,0.0000,0.0000,0.8414,0.5403,-0.0000,-0.5403,0.8414),
      ["LeftUpperLeg"] = CFrame.new(0.0000,0.0000,0.0000,0.9603,-0.2384,0.1450,0.2790,0.8205,-0.4990,0.0000,0.5196,0.8544),
      ["LeftLowerLeg"] = CFrame.new(0.0000,0.0000,0.0000,1.0000,-0.0000,0.0000,0.0000,0.8550,0.5186,-0.0000,-0.5186,0.8550),
      ["LeftFoot"] = CFrame.new(0.0000,0.0000,0.0000,1.0000,-0.0000,0.0000,0.0000,0.9667,0.2558,-0.0000,-0.2558,0.9667),
    }},
    {Time = 2.367, Data = {
      ["HumanoidRootPart"] = CFrame.new(0.0000,0.0000,0.0000,1.0000,0.0000,0.0000,0.0000,1.0000,0.0000,0.0000,0.0000,1.0000),
      ["LowerTorso"] = CFrame.new(0.1658,2.0423,0.3437,0.9007,0.2968,0.3173,0.0000,0.7303,-0.6831,-0.4345,0.6153,0.6578),
      ["UpperTorso"] = CFrame.new(0.0000,0.0000,0.0000,0.9421,-0.1206,0.3129,0.1270,0.9919,-0.0000,-0.3104,0.0397,0.9498),
      ["LeftUpperArm"] = CFrame.new(0.0000,0.0000,0.0000,0.8069,-0.0000,0.5906,-0.5448,0.3861,0.7444,-0.2280,-0.9225,0.3115),
      ["LeftLowerArm"] = CFrame.new(0.0000,0.0000,0.0000,1.0000,0.0017,0.0071,0.0000,0.9735,-0.2288,-0.0073,0.2288,0.9735),
      ["RightUpperArm"] = CFrame.new(0.0649,-0.3113,0.1139,-0.1761,-0.9813,-0.0784,0.9842,-0.1770,0.0044,-0.0182,-0.0763,0.9969),
      ["RightLowerArm"] = CFrame.new(0.0000,0.0000,0.0000,0.7483,-0.6633,0.0025,-0.0118,-0.0171,-0.9998,0.6632,0.7481,-0.0207),
      ["RightHand"] = CFrame.new(0.0000,0.0000,0.0000,0.9913,0.0344,0.1270,-0.0000,0.9652,-0.2615,-0.1316,0.2592,0.9568),
      ["Head"] = CFrame.new(1.2195,0.4648,-1.0203,0.7419,-0.1038,0.6625,-0.5348,0.5044,0.6779,-0.4045,-0.8572,0.3187),
      ["RightUpperLeg"] = CFrame.new(0.0000,0.0000,0.0000,0.7125,-0.0146,-0.7015,-0.0001,0.9998,-0.0208,0.7017,0.0149,0.7123),
      ["RightLowerLeg"] = CFrame.new(0.0000,0.0000,0.0000,1.0000,-0.0000,0.0000,0.0000,0.7954,0.6061,-0.0000,-0.6061,0.7954),
      ["RightFoot"] = CFrame.new(0.0000,0.0000,0.0000,1.0000,-0.0000,0.0000,0.0000,0.8352,0.5499,-0.0000,-0.5499,0.8352),
      ["LeftUpperLeg"] = CFrame.new(0.0000,0.0000,0.0000,0.9603,-0.2389,0.1442,0.2790,0.8221,-0.4963,0.0000,0.5168,0.8561),
      ["LeftLowerLeg"] = CFrame.new(0.0000,0.0000,0.0000,1.0000,-0.0000,0.0000,0.0000,0.8615,0.5078,-0.0000,-0.5078,0.8615),
      ["LeftFoot"] = CFrame.new(0.0000,0.0000,0.0000,1.0000,-0.0000,0.0000,0.0000,0.9673,0.2537,-0.0000,-0.2537,0.9673),
    }},
    {Time = 2.400, Data = {
      ["HumanoidRootPart"] = CFrame.new(0.0000,0.0000,0.0000,1.0000,0.0000,0.0000,0.0000,1.0000,0.0000,0.0000,0.0000,1.0000),
      ["LowerTorso"] = CFrame.new(0.1673,2.0337,0.3468,0.9007,0.2968,0.3173,0.0000,0.7303,-0.6831,-0.4345,0.6153,0.6578),
      ["UpperTorso"] = CFrame.new(0.0000,0.0000,0.0000,0.9418,-0.1233,0.3129,0.1298,0.9915,-0.0000,-0.3102,0.0406,0.9498),
      ["LeftUpperArm"] = CFrame.new(0.0000,0.0000,0.0000,0.8028,-0.0000,0.5962,-0.5500,0.3861,0.7406,-0.2302,-0.9225,0.3099),
      ["LeftLowerArm"] = CFrame.new(0.0000,0.0000,0.0000,1.0000,0.0017,0.0071,0.0000,0.9735,-0.2288,-0.0073,0.2288,0.9735),
      ["RightUpperArm"] = CFrame.new(0.0669,-0.3209,0.1174,-0.1894,-0.9788,-0.0781,0.9817,-0.1902,0.0033,-0.0181,-0.0761,0.9969),
      ["RightLowerArm"] = CFrame.new(0.0000,0.0000,0.0000,0.7483,-0.6633,0.0025,-0.0118,-0.0171,-0.9998,0.6632,0.7481,-0.0207),
      ["RightHand"] = CFrame.new(0.0000,0.0000,0.0000,0.9913,0.0344,0.1270,-0.0000,0.9652,-0.2615,-0.1316,0.2592,0.9568),
      ["Head"] = CFrame.new(1.2139,0.4601,-1.0263,0.8917,-0.0109,0.4524,-0.3897,0.4896,0.7800,-0.2300,-0.8719,0.4324),
      ["RightUpperLeg"] = CFrame.new(0.0000,0.0000,0.0000,0.7122,-0.0109,-0.7019,-0.0001,0.9999,-0.0156,0.7020,0.0112,0.7121),
      ["RightLowerLeg"] = CFrame.new(0.0000,0.0000,0.0000,1.0000,-0.0000,0.0000,0.0000,0.7963,0.6049,-0.0000,-0.6049,0.7963),
      ["RightFoot"] = CFrame.new(0.0000,0.0000,0.0000,1.0000,-0.0000,0.0000,0.0000,0.8289,0.5595,-0.0000,-0.5595,0.8289),
      ["LeftUpperLeg"] = CFrame.new(0.0000,0.0000,0.0000,0.9603,-0.2394,0.1434,0.2791,0.8237,-0.4936,0.0000,0.5140,0.8578),
      ["LeftLowerLeg"] = CFrame.new(0.0000,0.0000,0.0000,1.0000,-0.0000,0.0000,0.0000,0.8678,0.4969,-0.0000,-0.4969,0.8678),
      ["LeftFoot"] = CFrame.new(0.0000,0.0000,0.0000,1.0000,-0.0000,0.0000,0.0000,0.9679,0.2515,-0.0000,-0.2515,0.9679),
    }},
    {Time = 2.433, Data = {
      ["HumanoidRootPart"] = CFrame.new(0.0000,0.0000,0.0000,1.0000,0.0000,0.0000,0.0000,1.0000,0.0000,0.0000,0.0000,1.0000),
      ["LowerTorso"] = CFrame.new(0.1688,2.0251,0.3500,0.9007,0.2968,0.3173,0.0000,0.7303,-0.6831,-0.4345,0.6153,0.6578),
      ["UpperTorso"] = CFrame.new(0.0000,0.0000,0.0000,0.9414,-0.1260,0.3129,0.1326,0.9912,-0.0000,-0.3101,0.0415,0.9498),
      ["LeftUpperArm"] = CFrame.new(0.0000,0.0000,0.0000,0.7986,-0.0000,0.6018,-0.5551,0.3861,0.7367,-0.2323,-0.9225,0.3083),
      ["LeftLowerArm"] = CFrame.new(0.0000,0.0000,0.0000,1.0000,0.0017,0.0071,0.0000,0.9735,-0.2288,-0.0073,0.2288,0.9735),
      ["RightUpperArm"] = CFrame.new(0.0689,-0.3305,0.1209,-0.2026,-0.9762,-0.0778,0.9791,-0.2034,0.0022,-0.0180,-0.0758,0.9970),
      ["RightLowerArm"] = CFrame.new(0.0000,0.0000,0.0000,0.7483,-0.6633,0.0025,-0.0118,-0.0171,-0.9998,0.6632,0.7481,-0.0207),
      ["RightHand"] = CFrame.new(0.0000,0.0000,0.0000,0.9913,0.0344,0.1270,-0.0000,0.9652,-0.2615,-0.1316,0.2592,0.9568),
      ["Head"] = CFrame.new(1.2082,0.4554,-1.0322,0.9706,0.1116,0.2131,-0.2399,0.5180,0.8210,-0.0188,-0.8480,0.5296),
      ["RightUpperLeg"] = CFrame.new(0.0000,0.0000,0.0000,0.7119,-0.0073,-0.7022,-0.0001,0.9999,-0.0104,0.7023,0.0074,0.7119),
      ["RightLowerLeg"] = CFrame.new(0.0000,0.0000,0.0000,1.0000,-0.0000,0.0000,0.0000,0.7971,0.6038,-0.0000,-0.6038,0.7971),
      ["RightFoot"] = CFrame.new(0.0000,0.0000,0.0000,1.0000,-0.0000,0.0000,0.0000,0.8224,0.5689,-0.0000,-0.5689,0.8224),
      ["LeftUpperLeg"] = CFrame.new(0.0000,0.0000,0.0000,0.9603,-0.2399,0.1427,0.2791,0.8253,-0.4908,0.0000,0.5112,0.8595),
      ["LeftLowerLeg"] = CFrame.new(0.0000,0.0000,0.0000,1.0000,-0.0000,0.0000,0.0000,0.8740,0.4860,-0.0000,-0.4860,0.8740),
      ["LeftFoot"] = CFrame.new(0.0000,0.0000,0.0000,1.0000,-0.0000,0.0000,0.0000,0.9684,0.2494,-0.0000,-0.2494,0.9684),
    }},
    {Time = 2.467, Data = {
      ["HumanoidRootPart"] = CFrame.new(0.0000,0.0000,0.0000,1.0000,0.0000,0.0000,0.0000,1.0000,0.0000,0.0000,0.0000,1.0000),
      ["LowerTorso"] = CFrame.new(0.1704,2.0165,0.3532,0.9007,0.2968,0.3173,0.0000,0.7303,-0.6831,-0.4345,0.6153,0.6578),
      ["UpperTorso"] = CFrame.new(0.0000,0.0000,0.0000,0.9410,-0.1287,0.3129,0.1355,0.9908,-0.0000,-0.3100,0.0424,0.9498),
      ["LeftUpperArm"] = CFrame.new(0.0000,0.0000,0.0000,0.7944,-0.0000,0.6073,-0.5603,0.3861,0.7328,-0.2345,-0.9225,0.3067),
      ["LeftLowerArm"] = CFrame.new(0.0000,0.0000,0.0000,1.0000,0.0017,0.0071,0.0000,0.9735,-0.2288,-0.0073,0.2288,0.9735),
      ["RightUpperArm"] = CFrame.new(0.0709,-0.3401,0.1244,-0.2159,-0.9733,-0.0776,0.9763,-0.2166,0.0011,-0.0179,-0.0755,0.9970),
      ["RightLowerArm"] = CFrame.new(0.0000,0.0000,0.0000,0.7483,-0.6633,0.0025,-0.0118,-0.0171,-0.9998,0.6632,0.7481,-0.0207),
      ["RightHand"] = CFrame.new(0.0000,0.0000,0.0000,0.9913,0.0344,0.1270,-0.0000,0.9652,-0.2615,-0.1316,0.2592,0.9568),
      ["Head"] = CFrame.new(1.2025,0.4507,-1.0381,0.9703,0.2387,-0.0399,-0.1115,0.5872,0.8017,0.2147,-0.7734,0.5964),
      ["RightUpperLeg"] = CFrame.new(0.0000,0.0000,0.0000,0.7116,-0.0036,-0.7026,-0.0000,1.0000,-0.0052,0.7026,0.0037,0.7116),
      ["RightLowerLeg"] = CFrame.new(0.0000,0.0000,0.0000,1.0000,-0.0000,0.0000,0.0000,0.7979,0.6027,-0.0000,-0.6027,0.7979),
      ["RightFoot"] = CFrame.new(0.0000,0.0000,0.0000,1.0000,-0.0000,0.0000,0.0000,0.8158,0.5783,-0.0000,-0.5783,0.8158),
      ["LeftUpperLeg"] = CFrame.new(0.0000,0.0000,0.0000,0.9602,-0.2404,0.1419,0.2792,0.8269,-0.4881,0.0000,0.5083,0.8612),
      ["LeftLowerLeg"] = CFrame.new(0.0000,0.0000,0.0000,1.0000,-0.0000,0.0000,0.0000,0.8800,0.4750,-0.0000,-0.4750,0.8800),
      ["LeftFoot"] = CFrame.new(0.0000,0.0000,0.0000,1.0000,-0.0000,0.0000,0.0000,0.9690,0.2472,-0.0000,-0.2472,0.9690),
    }},
    {Time = 2.500, Data = {
      ["HumanoidRootPart"] = CFrame.new(0.0000,0.0000,0.0000,1.0000,0.0000,0.0000,0.0000,1.0000,0.0000,0.0000,0.0000,1.0000),
      ["LowerTorso"] = CFrame.new(0.1719,2.0079,0.3563,0.9007,0.2968,0.3173,0.0000,0.7303,-0.6831,-0.4345,0.6153,0.6578),
      ["UpperTorso"] = CFrame.new(0.0000,0.0000,0.0000,0.9407,-0.1314,0.3129,0.1383,0.9904,-0.0000,-0.3099,0.0433,0.9498),
      ["LeftUpperArm"] = CFrame.new(0.0000,0.0000,0.0000,0.7902,-0.0000,0.6129,-0.5653,0.3861,0.7289,-0.2366,-0.9225,0.3051),
      ["LeftLowerArm"] = CFrame.new(0.0000,0.0000,0.0000,1.0000,0.0017,0.0071,0.0000,0.9735,-0.2288,-0.0073,0.2288,0.9735),
      ["RightUpperArm"] = CFrame.new(0.0729,-0.3496,0.1279,-0.2291,-0.9703,-0.0773,0.9732,-0.2298,-0.0000,-0.0178,-0.0753,0.9970),
      ["RightLowerArm"] = CFrame.new(0.0000,0.0000,0.0000,0.7483,-0.6633,0.0025,-0.0118,-0.0171,-0.9998,0.6632,0.7481,-0.0207),
      ["RightHand"] = CFrame.new(0.0000,0.0000,0.0000,0.9913,0.0344,0.1270,-0.0000,0.9652,-0.2615,-0.1316,0.2592,0.9568),
      ["Head"] = CFrame.new(1.1968,0.4461,-1.0440,0.8929,0.3442,-0.2903,-0.0273,0.6850,0.7280,0.4494,-0.6421,0.6211),
      ["RightUpperLeg"] = CFrame.new(0.0000,0.0000,0.0000,0.7112,-0.0000,-0.7029,0.0000,1.0000,-0.0000,0.7029,0.0000,0.7112),
      ["RightLowerLeg"] = CFrame.new(0.0000,0.0000,0.0000,1.0000,-0.0000,0.0000,0.0000,0.7988,0.6016,-0.0000,-0.6016,0.7988),
      ["RightFoot"] = CFrame.new(0.0000,0.0000,0.0000,1.0000,-0.0000,0.0000,0.0000,0.8091,0.5876,-0.0000,-0.5876,0.8091),
      ["LeftUpperLeg"] = CFrame.new(0.0000,0.0000,0.0000,0.9602,-0.2409,0.1411,0.2792,0.8285,-0.4854,-0.0000,0.5055,0.8628),
      ["LeftLowerLeg"] = CFrame.new(0.0000,0.0000,0.0000,1.0000,-0.0000,0.0000,0.0000,0.8859,0.4639,-0.0000,-0.4639,0.8859),
      ["LeftFoot"] = CFrame.new(0.0000,0.0000,0.0000,1.0000,-0.0000,0.0000,0.0000,0.9695,0.2451,-0.0000,-0.2451,0.9695),
    }},
  }
}
