return {
  ["85343916141250"] = {
    {Time = 0.000, Data = {
      ["HumanoidRootPart"] = CFrame.new(0.0000,0.0000,0.0000,1.0000,0.0000,0.0000,0.0000,1.0000,0.0000,0.0000,0.0000,1.0000),
      ["LowerTorso"] = CFrame.new(0.0000,0.0000,0.0000,1.0000,0.0000,0.0000,0.0000,1.0000,0.0000,0.0000,0.0000,1.0000),
      ["UpperTorso"] = CFrame.new(0.0000,0.0000,0.0000,0.9993,0.0364,0.0000,-0.0363,0.9972,-0.0653,-0.0024,0.0653,0.9979),
      ["LeftUpperArm"] = CFrame.new(-0.0068,-0.0168,-0.1905,0.0354,-0.3470,-0.9372,0.0873,0.9353,-0.3430,0.9956,-0.0696,0.0634),
      ["LeftLowerArm"] = CFrame.new(-0.0092,-0.0032,-0.0038,0.8805,-0.4740,0.0000,0.3055,0.5674,-0.7647,0.3624,0.6733,0.6444),
      ["LeftHand"] = CFrame.new(0.0247,0.0428,0.0265,0.7579,-0.5274,-0.3839,0.6113,0.7797,0.1357,0.2277,-0.3376,0.9133),
      ["Head"] = CFrame.new(0.0000,0.0000,0.0000,1.0000,0.0000,0.0000,-0.0000,0.9827,0.1852,0.0000,-0.1852,0.9827),
      ["RightUpperArm"] = CFrame.new(0.0000,0.0000,0.0000,0.9872,0.1596,0.0000,-0.1596,0.9872,-0.0000,-0.0000,0.0000,1.0000),
      ["RightLowerArm"] = CFrame.new(0.0000,0.0000,0.0000,1.0000,0.0000,0.0000,0.0000,1.0000,0.0000,0.0000,0.0000,1.0000),
      ["RightHand"] = CFrame.new(0.0000,0.0000,0.0000,1.0000,0.0000,0.0000,0.0000,1.0000,0.0000,0.0000,0.0000,1.0000),
      ["LeftUpperLeg"] = CFrame.new(-0.0002,-0.0092,-0.0011,0.9827,0.0239,-0.1838,-0.0459,0.9922,-0.1162,0.1795,0.1226,0.9761),
      ["LeftLowerLeg"] = CFrame.new(0.0000,0.0000,0.0000,1.0000,-0.0000,0.0000,0.0000,0.9926,0.1214,-0.0000,-0.1214,0.9926),
      ["LeftFoot"] = CFrame.new(0.0000,0.0000,0.0000,0.9998,-0.0214,-0.0005,0.0214,0.9995,0.0223,0.0000,-0.0223,0.9998),
      ["RightUpperLeg"] = CFrame.new(0.0000,0.0000,0.0000,0.9934,-0.0859,0.0765,0.0891,0.9952,-0.0393,-0.0727,0.0459,0.9963),
      ["RightLowerLeg"] = CFrame.new(0.0000,0.0000,0.0000,1.0000,-0.0000,0.0000,0.0000,0.9959,0.0903,-0.0000,-0.0903,0.9959),
      ["RightFoot"] = CFrame.new(0.0000,0.0000,0.0000,0.9996,0.0283,-0.0013,-0.0284,0.9984,-0.0489,-0.0001,0.0490,0.9988),
    }},
    {Time = 0.033, Data = {
      ["HumanoidRootPart"] = CFrame.new(0.0000,0.0000,0.0000,1.0000,0.0000,0.0000,0.0000,1.0000,0.0000,0.0000,0.0000,1.0000),
      ["LowerTorso"] = CFrame.new(0.0002,-0.0000,0.0000,1.0000,-0.0000,0.0000,0.0000,1.0000,-0.0000,0.0000,0.0000,1.0000),
      ["UpperTorso"] = CFrame.new(0.0000,0.0000,0.0000,0.9993,0.0362,-0.0000,-0.0361,0.9972,-0.0653,-0.0024,0.0653,0.9979),
      ["LeftUpperArm"] = CFrame.new(-0.0068,-0.0168,-0.1905,0.0354,-0.3470,-0.9372,0.0873,0.9353,-0.3430,0.9956,-0.0696,0.0634),
      ["LeftLowerArm"] = CFrame.new(-0.0092,-0.0032,-0.0038,0.8805,-0.4740,0.0000,0.3055,0.5674,-0.7647,0.3624,0.6733,0.6444),
      ["LeftHand"] = CFrame.new(0.0247,0.0428,0.0265,0.7579,-0.5274,-0.3839,0.6113,0.7797,0.1357,0.2277,-0.3376,0.9133),
      ["Head"] = CFrame.new(0.0000,0.0000,0.0000,1.0000,0.0001,0.0000,-0.0001,0.9827,0.1852,0.0000,-0.1852,0.9827),
      ["RightUpperArm"] = CFrame.new(0.0000,0.0000,0.0000,0.9872,0.1596,0.0000,-0.1596,0.9872,-0.0000,-0.0000,0.0000,1.0000),
      ["RightLowerArm"] = CFrame.new(0.0000,0.0000,0.0000,1.0000,0.0000,0.0000,0.0000,1.0000,0.0000,0.0000,0.0000,1.0000),
      ["RightHand"] = CFrame.new(0.0000,0.0000,0.0000,1.0000,0.0008,0.0000,-0.0008,1.0000,-0.0000,-0.0000,0.0000,1.0000),
      ["LeftUpperLeg"] = CFrame.new(-0.0002,-0.0092,-0.0011,0.9827,0.0240,-0.1838,-0.0459,0.9922,-0.1162,0.1795,0.1226,0.9761),
      ["LeftLowerLeg"] = CFrame.new(0.0000,0.0000,0.0000,1.0000,-0.0000,0.0000,0.0000,0.9926,0.1214,-0.0000,-0.1214,0.9926),
      ["LeftFoot"] = CFrame.new(0.0000,0.0000,0.0000,0.9998,-0.0213,-0.0005,0.0213,0.9995,0.0223,-0.0000,-0.0223,0.9998),
      ["RightUpperLeg"] = CFrame.new(0.0000,-0.0000,-0.0000,0.9934,-0.0858,0.0765,0.0890,0.9953,-0.0393,-0.0728,0.0459,0.9963),
      ["RightLowerLeg"] = CFrame.new(0.0000,0.0000,0.0000,1.0000,-0.0000,0.0000,0.0000,0.9959,0.0903,-0.0000,-0.0903,0.9959),
      ["RightFoot"] = CFrame.new(0.0000,0.0000,0.0000,0.9996,0.0283,-0.0013,-0.0284,0.9984,-0.0489,-0.0001,0.0490,0.9988),
    }},
    {Time = 0.067, Data = {
      ["HumanoidRootPart"] = CFrame.new(0.0000,0.0000,0.0000,1.0000,0.0000,0.0000,0.0000,1.0000,0.0000,0.0000,0.0000,1.0000),
      ["LowerTorso"] = CFrame.new(0.0010,-0.0000,0.0000,1.0000,-0.0000,0.0000,0.0000,1.0000,-0.0000,0.0000,0.0000,1.0000),
      ["UpperTorso"] = CFrame.new(0.0000,0.0000,0.0000,0.9994,0.0356,-0.0000,-0.0355,0.9972,-0.0653,-0.0023,0.0653,0.9979),
      ["LeftUpperArm"] = CFrame.new(-0.0068,-0.0168,-0.1905,0.0354,-0.3470,-0.9372,0.0873,0.9353,-0.3430,0.9956,-0.0696,0.0634),
      ["LeftLowerArm"] = CFrame.new(-0.0092,-0.0032,-0.0038,0.8805,-0.4740,0.0000,0.3055,0.5674,-0.7647,0.3624,0.6733,0.6444),
      ["LeftHand"] = CFrame.new(0.0247,0.0428,0.0265,0.7579,-0.5274,-0.3839,0.6113,0.7797,0.1357,0.2277,-0.3376,0.9133),
      ["Head"] = CFrame.new(0.0000,0.0000,0.0000,1.0000,0.0006,0.0000,-0.0006,0.9827,0.1852,0.0001,-0.1852,0.9827),
      ["RightUpperArm"] = CFrame.new(0.0000,0.0000,0.0000,0.9872,0.1596,0.0000,-0.1596,0.9872,-0.0000,-0.0000,0.0000,1.0000),
      ["RightLowerArm"] = CFrame.new(0.0000,0.0000,0.0000,1.0000,0.0000,0.0000,0.0000,1.0000,0.0000,0.0000,0.0000,1.0000),
      ["RightHand"] = CFrame.new(0.0000,0.0000,0.0000,1.0000,0.0033,0.0000,-0.0033,1.0000,-0.0000,-0.0000,0.0000,1.0000),
      ["LeftUpperLeg"] = CFrame.new(-0.0002,-0.0092,-0.0011,0.9827,0.0242,-0.1838,-0.0462,0.9922,-0.1161,0.1795,0.1226,0.9761),
      ["LeftLowerLeg"] = CFrame.new(0.0000,0.0000,0.0000,1.0000,-0.0000,0.0000,0.0000,0.9926,0.1216,-0.0000,-0.1216,0.9926),
      ["LeftFoot"] = CFrame.new(0.0000,0.0000,0.0000,0.9998,-0.0210,-0.0004,0.0211,0.9995,0.0221,-0.0000,-0.0221,0.9998),
      ["RightUpperLeg"] = CFrame.new(0.0000,-0.0000,-0.0000,0.9934,-0.0855,0.0765,0.0887,0.9953,-0.0393,-0.0728,0.0458,0.9963),
      ["RightLowerLeg"] = CFrame.new(0.0000,0.0000,0.0000,1.0000,-0.0000,0.0000,0.0000,0.9959,0.0903,-0.0000,-0.0903,0.9959),
      ["RightFoot"] = CFrame.new(0.0000,0.0000,0.0000,0.9996,0.0284,-0.0013,-0.0284,0.9984,-0.0489,-0.0001,0.0490,0.9988),
    }},
    {Time = 0.100, Data = {
      ["HumanoidRootPart"] = CFrame.new(0.0000,0.0000,0.0000,1.0000,0.0000,0.0000,0.0000,1.0000,0.0000,0.0000,0.0000,1.0000),
      ["LowerTorso"] = CFrame.new(0.0022,-0.0000,0.0000,1.0000,-0.0000,0.0000,0.0000,1.0000,-0.0000,0.0000,0.0000,1.0000),
      ["UpperTorso"] = CFrame.new(0.0000,0.0000,0.0000,0.9994,0.0346,-0.0000,-0.0345,0.9973,-0.0653,-0.0023,0.0653,0.9979),
      ["LeftUpperArm"] = CFrame.new(-0.0068,-0.0168,-0.1905,0.0354,-0.3470,-0.9372,0.0873,0.9353,-0.3430,0.9956,-0.0696,0.0634),
      ["LeftLowerArm"] = CFrame.new(-0.0092,-0.0032,-0.0038,0.8805,-0.4740,0.0000,0.3055,0.5674,-0.7647,0.3624,0.6733,0.6444),
      ["LeftHand"] = CFrame.new(0.0247,0.0428,0.0265,0.7579,-0.5274,-0.3839,0.6113,0.7797,0.1357,0.2277,-0.3376,0.9133),
      ["Head"] = CFrame.new(0.0000,0.0000,0.0000,1.0000,0.0013,0.0000,-0.0012,0.9827,0.1852,0.0002,-0.1852,0.9827),
      ["RightUpperArm"] = CFrame.new(0.0000,0.0000,0.0000,0.9872,0.1596,0.0000,-0.1596,0.9872,-0.0000,-0.0000,0.0000,1.0000),
      ["RightLowerArm"] = CFrame.new(0.0000,0.0000,0.0000,1.0000,0.0000,0.0000,0.0000,1.0000,0.0000,0.0000,0.0000,1.0000),
      ["RightHand"] = CFrame.new(0.0000,0.0000,0.0000,1.0000,0.0074,0.0000,-0.0074,1.0000,-0.0000,-0.0000,0.0000,1.0000),
      ["LeftUpperLeg"] = CFrame.new(-0.0003,-0.0093,-0.0012,0.9827,0.0246,-0.1838,-0.0465,0.9921,-0.1161,0.1795,0.1227,0.9761),
      ["LeftLowerLeg"] = CFrame.new(0.0000,0.0000,0.0000,1.0000,-0.0000,0.0000,0.0000,0.9925,0.1219,-0.0000,-0.1219,0.9925),
      ["LeftFoot"] = CFrame.new(0.0000,0.0000,0.0000,0.9998,-0.0206,-0.0004,0.0206,0.9996,0.0217,-0.0000,-0.0217,0.9998),
      ["RightUpperLeg"] = CFrame.new(0.0000,-0.0000,-0.0000,0.9934,-0.0850,0.0765,0.0882,0.9953,-0.0393,-0.0728,0.0458,0.9963),
      ["RightLowerLeg"] = CFrame.new(0.0000,0.0000,0.0000,1.0000,-0.0000,0.0000,0.0000,0.9959,0.0903,-0.0000,-0.0903,0.9959),
      ["RightFoot"] = CFrame.new(0.0000,0.0000,0.0000,0.9996,0.0284,-0.0013,-0.0284,0.9984,-0.0489,-0.0001,0.0490,0.9988),
    }},
    {Time = 0.133, Data = {
      ["HumanoidRootPart"] = CFrame.new(0.0000,0.0000,0.0000,1.0000,0.0000,0.0000,0.0000,1.0000,0.0000,0.0000,0.0000,1.0000),
      ["LowerTorso"] = CFrame.new(0.0038,-0.0000,0.0000,1.0000,-0.0000,0.0000,0.0000,1.0000,-0.0000,0.0000,0.0000,1.0000),
      ["UpperTorso"] = CFrame.new(0.0000,0.0000,0.0000,0.9994,0.0332,-0.0000,-0.0331,0.9973,-0.0653,-0.0022,0.0653,0.9979),
      ["LeftUpperArm"] = CFrame.new(-0.0068,-0.0168,-0.1905,0.0354,-0.3470,-0.9372,0.0873,0.9353,-0.3430,0.9956,-0.0696,0.0634),
      ["LeftLowerArm"] = CFrame.new(-0.0092,-0.0032,-0.0038,0.8805,-0.4740,0.0000,0.3055,0.5674,-0.7647,0.3624,0.6733,0.6444),
      ["LeftHand"] = CFrame.new(0.0247,0.0428,0.0265,0.7579,-0.5274,-0.3839,0.6113,0.7797,0.1357,0.2277,-0.3376,0.9133),
      ["Head"] = CFrame.new(0.0000,0.0000,0.0000,1.0000,0.0023,0.0000,-0.0022,0.9827,0.1852,0.0004,-0.1852,0.9827),
      ["RightUpperArm"] = CFrame.new(0.0000,0.0000,0.0000,0.9872,0.1596,0.0000,-0.1596,0.9872,-0.0000,-0.0000,0.0000,1.0000),
      ["RightLowerArm"] = CFrame.new(0.0000,0.0000,0.0000,1.0000,0.0000,0.0000,0.0000,1.0000,0.0000,0.0000,0.0000,1.0000),
      ["RightHand"] = CFrame.new(0.0000,0.0000,0.0000,0.9999,0.0131,0.0000,-0.0131,0.9999,-0.0000,-0.0000,0.0000,1.0000),
      ["LeftUpperLeg"] = CFrame.new(-0.0003,-0.0093,-0.0012,0.9827,0.0251,-0.1838,-0.0470,0.9921,-0.1161,0.1794,0.1227,0.9761),
      ["LeftLowerLeg"] = CFrame.new(0.0000,0.0000,0.0000,1.0000,-0.0000,0.0000,0.0000,0.9925,0.1224,-0.0000,-0.1224,0.9925),
      ["LeftFoot"] = CFrame.new(0.0000,0.0000,0.0000,0.9998,-0.0199,-0.0004,0.0199,0.9996,0.0213,-0.0000,-0.0213,0.9998),
      ["RightUpperLeg"] = CFrame.new(0.0000,-0.0000,-0.0000,0.9935,-0.0842,0.0765,0.0874,0.9954,-0.0393,-0.0728,0.0458,0.9963),
      ["RightLowerLeg"] = CFrame.new(0.0000,0.0000,0.0000,1.0000,-0.0000,0.0000,0.0000,0.9959,0.0903,-0.0000,-0.0903,0.9959),
      ["RightFoot"] = CFrame.new(0.0000,0.0000,0.0000,0.9996,0.0285,-0.0013,-0.0285,0.9984,-0.0489,-0.0001,0.0490,0.9988),
    }},
    {Time = 0.167, Data = {
      ["HumanoidRootPart"] = CFrame.new(0.0000,0.0000,0.0000,1.0000,0.0000,0.0000,0.0000,1.0000,0.0000,0.0000,0.0000,1.0000),
      ["LowerTorso"] = CFrame.new(0.0060,-0.0000,0.0000,1.0000,-0.0000,0.0000,0.0000,1.0000,-0.0000,0.0000,0.0000,1.0000),
      ["UpperTorso"] = CFrame.new(0.0000,0.0000,0.0000,0.9995,0.0314,-0.0000,-0.0313,0.9974,-0.0653,-0.0020,0.0653,0.9979),
      ["LeftUpperArm"] = CFrame.new(-0.0068,-0.0168,-0.1905,0.0354,-0.3470,-0.9372,0.0873,0.9353,-0.3430,0.9956,-0.0696,0.0634),
      ["LeftLowerArm"] = CFrame.new(-0.0092,-0.0032,-0.0038,0.8805,-0.4740,0.0000,0.3055,0.5674,-0.7647,0.3624,0.6733,0.6444),
      ["LeftHand"] = CFrame.new(0.0247,0.0428,0.0265,0.7579,-0.5274,-0.3839,0.6113,0.7797,0.1357,0.2277,-0.3376,0.9133),
      ["Head"] = CFrame.new(0.0000,0.0000,0.0000,1.0000,0.0035,0.0000,-0.0035,0.9827,0.1852,0.0006,-0.1852,0.9827),
      ["RightUpperArm"] = CFrame.new(0.0000,0.0000,0.0000,0.9872,0.1596,0.0000,-0.1596,0.9872,-0.0000,-0.0000,0.0000,1.0000),
      ["RightLowerArm"] = CFrame.new(0.0000,0.0000,0.0000,1.0000,0.0000,0.0000,0.0000,1.0000,0.0000,0.0000,0.0000,1.0000),
      ["RightHand"] = CFrame.new(0.0000,0.0000,0.0000,0.9998,0.0204,0.0000,-0.0204,0.9998,-0.0000,-0.0000,0.0000,1.0000),
      ["LeftUpperLeg"] = CFrame.new(-0.0003,-0.0094,-0.0012,0.9826,0.0258,-0.1838,-0.0477,0.9921,-0.1161,0.1793,0.1229,0.9761),
      ["LeftLowerLeg"] = CFrame.new(0.0000,0.0000,0.0000,1.0000,-0.0000,0.0000,0.0000,0.9924,0.1229,-0.0000,-0.1229,0.9924),
      ["LeftFoot"] = CFrame.new(0.0000,0.0000,0.0000,0.9998,-0.0190,-0.0003,0.0190,0.9996,0.0207,-0.0000,-0.0207,0.9998),
      ["RightUpperLeg"] = CFrame.new(0.0000,-0.0000,-0.0000,0.9936,-0.0833,0.0765,0.0865,0.9955,-0.0393,-0.0729,0.0457,0.9963),
      ["RightLowerLeg"] = CFrame.new(0.0000,0.0000,0.0000,1.0000,-0.0000,0.0000,0.0000,0.9959,0.0903,-0.0000,-0.0903,0.9959),
      ["RightFoot"] = CFrame.new(0.0000,0.0000,0.0000,0.9996,0.0285,-0.0013,-0.0286,0.9984,-0.0489,-0.0001,0.0489,0.9988),
    }},
    {Time = 0.200, Data = {
      ["HumanoidRootPart"] = CFrame.new(0.0000,0.0000,0.0000,1.0000,0.0000,0.0000,0.0000,1.0000,0.0000,0.0000,0.0000,1.0000),
      ["LowerTorso"] = CFrame.new(0.0086,-0.0000,0.0000,1.0000,-0.0000,0.0000,0.0000,1.0000,-0.0000,0.0000,0.0000,1.0000),
      ["UpperTorso"] = CFrame.new(0.0000,0.0000,0.0000,0.9996,0.0292,-0.0000,-0.0291,0.9974,-0.0653,-0.0019,0.0653,0.9979),
      ["LeftUpperArm"] = CFrame.new(-0.0068,-0.0168,-0.1905,0.0354,-0.3470,-0.9372,0.0873,0.9353,-0.3430,0.9956,-0.0696,0.0634),
      ["LeftLowerArm"] = CFrame.new(-0.0092,-0.0032,-0.0038,0.8805,-0.4740,0.0000,0.3055,0.5674,-0.7647,0.3624,0.6733,0.6444),
      ["LeftHand"] = CFrame.new(0.0247,0.0428,0.0265,0.7579,-0.5274,-0.3839,0.6113,0.7797,0.1357,0.2277,-0.3376,0.9133),
      ["Head"] = CFrame.new(0.0000,0.0000,0.0000,1.0000,0.0051,0.0000,-0.0050,0.9827,0.1852,0.0009,-0.1852,0.9827),
      ["RightUpperArm"] = CFrame.new(0.0000,0.0000,0.0000,0.9872,0.1596,0.0000,-0.1596,0.9872,-0.0000,-0.0000,0.0000,1.0000),
      ["RightLowerArm"] = CFrame.new(0.0000,0.0000,0.0000,1.0000,0.0000,0.0000,0.0000,1.0000,0.0000,0.0000,0.0000,1.0000),
      ["RightHand"] = CFrame.new(0.0000,0.0000,0.0000,0.9996,0.0294,0.0000,-0.0294,0.9996,-0.0000,-0.0000,0.0000,1.0000),
      ["LeftUpperLeg"] = CFrame.new(-0.0003,-0.0094,-0.0012,0.9826,0.0266,-0.1838,-0.0485,0.9921,-0.1161,0.1792,0.1230,0.9761),
      ["LeftLowerLeg"] = CFrame.new(0.0000,0.0000,0.0000,1.0000,-0.0000,0.0000,0.0000,0.9923,0.1236,-0.0000,-0.1236,0.9923),
      ["LeftFoot"] = CFrame.new(0.0000,0.0000,0.0000,0.9998,-0.0180,-0.0003,0.0180,0.9996,0.0200,-0.0001,-0.0200,0.9998),
      ["RightUpperLeg"] = CFrame.new(0.0000,-0.0000,-0.0000,0.9937,-0.0822,0.0765,0.0854,0.9956,-0.0393,-0.0729,0.0456,0.9963),
      ["RightLowerLeg"] = CFrame.new(0.0000,0.0000,0.0000,1.0000,-0.0000,0.0000,0.0000,0.9959,0.0903,-0.0000,-0.0903,0.9959),
      ["RightFoot"] = CFrame.new(0.0000,0.0000,0.0000,0.9996,0.0286,-0.0013,-0.0287,0.9984,-0.0489,-0.0001,0.0489,0.9988),
    }},
    {Time = 0.233, Data = {
      ["HumanoidRootPart"] = CFrame.new(0.0000,0.0000,0.0000,1.0000,0.0000,0.0000,0.0000,1.0000,0.0000,0.0000,0.0000,1.0000),
      ["LowerTorso"] = CFrame.new(0.0118,-0.0000,0.0000,1.0000,-0.0000,0.0000,0.0000,1.0000,-0.0000,0.0000,0.0000,1.0000),
      ["UpperTorso"] = CFrame.new(0.0000,0.0000,0.0000,0.9996,0.0266,-0.0000,-0.0266,0.9975,-0.0653,-0.0017,0.0653,0.9979),
      ["LeftUpperArm"] = CFrame.new(-0.0068,-0.0168,-0.1905,0.0354,-0.3470,-0.9372,0.0873,0.9353,-0.3430,0.9956,-0.0696,0.0634),
      ["LeftLowerArm"] = CFrame.new(-0.0092,-0.0032,-0.0038,0.8805,-0.4740,0.0000,0.3055,0.5674,-0.7647,0.3624,0.6733,0.6444),
      ["LeftHand"] = CFrame.new(0.0247,0.0428,0.0265,0.7579,-0.5274,-0.3839,0.6113,0.7797,0.1357,0.2277,-0.3376,0.9133),
      ["Head"] = CFrame.new(0.0000,0.0000,0.0000,1.0000,0.0069,0.0000,-0.0068,0.9827,0.1852,0.0013,-0.1852,0.9827),
      ["RightUpperArm"] = CFrame.new(0.0000,0.0000,0.0000,0.9872,0.1596,0.0000,-0.1596,0.9872,-0.0000,-0.0000,0.0000,1.0000),
      ["RightLowerArm"] = CFrame.new(0.0000,0.0000,0.0000,1.0000,0.0000,0.0000,0.0000,1.0000,0.0000,0.0000,0.0000,1.0000),
      ["RightHand"] = CFrame.new(0.0000,0.0000,0.0000,0.9992,0.0401,0.0000,-0.0401,0.9992,-0.0000,-0.0000,0.0000,1.0000),
      ["LeftUpperLeg"] = CFrame.new(-0.0003,-0.0095,-0.0012,0.9826,0.0275,-0.1838,-0.0495,0.9920,-0.1161,0.1791,0.1232,0.9761),
      ["LeftLowerLeg"] = CFrame.new(0.0000,0.0000,0.0000,1.0000,-0.0000,0.0000,0.0000,0.9922,0.1245,-0.0000,-0.1245,0.9922),
      ["LeftFoot"] = CFrame.new(0.0000,0.0000,0.0000,0.9999,-0.0167,-0.0002,0.0167,0.9997,0.0191,-0.0001,-0.0191,0.9998),
      ["RightUpperLeg"] = CFrame.new(0.0000,-0.0000,-0.0000,0.9938,-0.0808,0.0765,0.0840,0.9957,-0.0393,-0.0730,0.0455,0.9963),
      ["RightLowerLeg"] = CFrame.new(0.0000,0.0000,0.0000,1.0000,-0.0000,0.0000,0.0000,0.9959,0.0903,-0.0000,-0.0903,0.9959),
      ["RightFoot"] = CFrame.new(0.0000,0.0000,0.0000,0.9996,0.0288,-0.0013,-0.0288,0.9984,-0.0489,-0.0001,0.0489,0.9988),
    }},
    {Time = 0.267, Data = {
      ["HumanoidRootPart"] = CFrame.new(0.0000,0.0000,0.0000,1.0000,0.0000,0.0000,0.0000,1.0000,0.0000,0.0000,0.0000,1.0000),
      ["LowerTorso"] = CFrame.new(0.0154,-0.0000,0.0000,1.0000,-0.0000,0.0000,0.0000,1.0000,-0.0000,0.0000,0.0000,1.0000),
      ["UpperTorso"] = CFrame.new(0.0000,0.0000,0.0000,0.9997,0.0236,-0.0000,-0.0236,0.9976,-0.0653,-0.0015,0.0653,0.9979),
      ["LeftUpperArm"] = CFrame.new(-0.0068,-0.0168,-0.1905,0.0354,-0.3470,-0.9372,0.0873,0.9353,-0.3430,0.9956,-0.0696,0.0634),
      ["LeftLowerArm"] = CFrame.new(-0.0092,-0.0032,-0.0038,0.8805,-0.4740,0.0000,0.3055,0.5674,-0.7647,0.3624,0.6733,0.6444),
      ["LeftHand"] = CFrame.new(0.0247,0.0428,0.0265,0.7579,-0.5274,-0.3839,0.6113,0.7797,0.1357,0.2277,-0.3376,0.9133),
      ["Head"] = CFrame.new(0.0000,0.0000,0.0000,1.0000,0.0090,0.0000,-0.0089,0.9827,0.1852,0.0017,-0.1852,0.9827),
      ["RightUpperArm"] = CFrame.new(0.0000,0.0000,0.0000,0.9872,0.1596,0.0000,-0.1596,0.9872,-0.0000,-0.0000,0.0000,1.0000),
      ["RightLowerArm"] = CFrame.new(0.0000,0.0000,0.0000,1.0000,0.0000,0.0000,0.0000,1.0000,0.0000,0.0000,0.0000,1.0000),
      ["RightHand"] = CFrame.new(0.0000,0.0000,0.0000,0.9986,0.0523,0.0000,-0.0523,0.9986,-0.0000,-0.0000,0.0000,1.0000),
      ["LeftUpperLeg"] = CFrame.new(-0.0003,-0.0096,-0.0012,0.9826,0.0286,-0.1838,-0.0506,0.9920,-0.1161,0.1790,0.1233,0.9761),
      ["LeftLowerLeg"] = CFrame.new(0.0000,0.0000,0.0000,1.0000,-0.0000,0.0000,0.0000,0.9921,0.1254,-0.0000,-0.1254,0.9921),
      ["LeftFoot"] = CFrame.new(0.0000,0.0000,0.0000,0.9999,-0.0153,-0.0002,0.0153,0.9997,0.0181,-0.0001,-0.0181,0.9998),
      ["RightUpperLeg"] = CFrame.new(0.0000,-0.0000,-0.0000,0.9939,-0.0793,0.0765,0.0825,0.9958,-0.0393,-0.0730,0.0454,0.9963),
      ["RightLowerLeg"] = CFrame.new(0.0000,0.0000,0.0000,1.0000,-0.0000,0.0000,0.0000,0.9959,0.0903,-0.0000,-0.0903,0.9959),
      ["RightFoot"] = CFrame.new(0.0000,0.0000,0.0000,0.9996,0.0289,-0.0013,-0.0289,0.9984,-0.0489,-0.0001,0.0489,0.9988),
    }},
    {Time = 0.300, Data = {
      ["HumanoidRootPart"] = CFrame.new(0.0000,0.0000,0.0000,1.0000,0.0000,0.0000,0.0000,1.0000,0.0000,0.0000,0.0000,1.0000),
      ["LowerTorso"] = CFrame.new(0.0195,-0.0000,0.0000,1.0000,-0.0000,0.0000,0.0000,1.0000,-0.0000,0.0000,0.0000,1.0000),
      ["UpperTorso"] = CFrame.new(0.0000,0.0000,0.0000,0.9998,0.0203,-0.0000,-0.0202,0.9977,-0.0653,-0.0013,0.0653,0.9979),
      ["LeftUpperArm"] = CFrame.new(-0.0068,-0.0168,-0.1905,0.0354,-0.3470,-0.9372,0.0873,0.9353,-0.3430,0.9956,-0.0696,0.0634),
      ["LeftLowerArm"] = CFrame.new(-0.0092,-0.0032,-0.0038,0.8805,-0.4740,0.0000,0.3055,0.5674,-0.7647,0.3624,0.6733,0.6444),
      ["LeftHand"] = CFrame.new(0.0247,0.0428,0.0265,0.7579,-0.5274,-0.3839,0.6113,0.7797,0.1357,0.2277,-0.3376,0.9133),
      ["Head"] = CFrame.new(0.0000,0.0000,0.0000,0.9999,0.0114,0.0000,-0.0112,0.9826,0.1852,0.0021,-0.1852,0.9827),
      ["RightUpperArm"] = CFrame.new(0.0000,0.0000,0.0000,0.9872,0.1596,0.0000,-0.1596,0.9872,-0.0000,-0.0000,0.0000,1.0000),
      ["RightLowerArm"] = CFrame.new(0.0000,0.0000,0.0000,1.0000,0.0000,0.0000,0.0000,1.0000,0.0000,0.0000,0.0000,1.0000),
      ["RightHand"] = CFrame.new(0.0000,0.0000,0.0000,0.9978,0.0662,0.0000,-0.0662,0.9978,-0.0000,-0.0000,0.0000,1.0000),
      ["LeftUpperLeg"] = CFrame.new(-0.0003,-0.0098,-0.0012,0.9825,0.0299,-0.1838,-0.0519,0.9919,-0.1160,0.1788,0.1235,0.9761),
      ["LeftLowerLeg"] = CFrame.new(0.0000,0.0000,0.0000,1.0000,-0.0000,0.0000,0.0000,0.9920,0.1265,-0.0000,-0.1265,0.9920),
      ["LeftFoot"] = CFrame.new(0.0000,0.0000,0.0000,0.9999,-0.0137,-0.0001,0.0137,0.9998,0.0170,-0.0002,-0.0170,0.9999),
      ["RightUpperLeg"] = CFrame.new(0.0000,-0.0000,-0.0000,0.9941,-0.0775,0.0765,0.0807,0.9960,-0.0393,-0.0731,0.0453,0.9963),
      ["RightLowerLeg"] = CFrame.new(0.0000,0.0000,0.0000,1.0000,-0.0000,0.0000,0.0000,0.9959,0.0903,-0.0000,-0.0903,0.9959),
      ["RightFoot"] = CFrame.new(0.0000,0.0000,0.0000,0.9996,0.0290,-0.0013,-0.0291,0.9984,-0.0489,-0.0001,0.0489,0.9988),
    }},
    {Time = 0.333, Data = {
      ["HumanoidRootPart"] = CFrame.new(0.0000,0.0000,0.0000,1.0000,0.0000,0.0000,0.0000,1.0000,0.0000,0.0000,0.0000,1.0000),
      ["LowerTorso"] = CFrame.new(0.0240,-0.0000,0.0000,1.0000,-0.0000,0.0000,0.0000,1.0000,-0.0000,0.0000,0.0000,1.0000),
      ["UpperTorso"] = CFrame.new(0.0000,0.0000,0.0000,0.9999,0.0165,-0.0000,-0.0164,0.9977,-0.0653,-0.0011,0.0653,0.9979),
      ["LeftUpperArm"] = CFrame.new(-0.0068,-0.0168,-0.1905,0.0354,-0.3470,-0.9372,0.0873,0.9353,-0.3430,0.9956,-0.0696,0.0634),
      ["LeftLowerArm"] = CFrame.new(-0.0092,-0.0032,-0.0038,0.8805,-0.4740,0.0000,0.3055,0.5674,-0.7647,0.3624,0.6733,0.6444),
      ["LeftHand"] = CFrame.new(0.0247,0.0428,0.0265,0.7579,-0.5274,-0.3839,0.6113,0.7797,0.1357,0.2277,-0.3376,0.9133),
      ["Head"] = CFrame.new(0.0000,0.0000,0.0000,0.9999,0.0141,0.0000,-0.0138,0.9826,0.1852,0.0026,-0.1852,0.9827),
      ["RightUpperArm"] = CFrame.new(0.0000,0.0000,0.0000,0.9872,0.1596,0.0000,-0.1596,0.9872,-0.0000,-0.0000,0.0000,1.0000),
      ["RightLowerArm"] = CFrame.new(0.0000,0.0000,0.0000,1.0000,0.0000,0.0000,0.0000,1.0000,0.0000,0.0000,0.0000,1.0000),
      ["RightHand"] = CFrame.new(0.0000,0.0000,0.0000,0.9967,0.0816,0.0000,-0.0816,0.9967,-0.0000,-0.0000,0.0000,1.0000),
      ["LeftUpperLeg"] = CFrame.new(-0.0003,-0.0099,-0.0012,0.9825,0.0313,-0.1838,-0.0533,0.9918,-0.1160,0.1786,0.1237,0.9761),
      ["LeftLowerLeg"] = CFrame.new(0.0000,0.0000,0.0000,1.0000,-0.0000,0.0000,0.0000,0.9918,0.1277,-0.0000,-0.1277,0.9918),
      ["LeftFoot"] = CFrame.new(0.0000,0.0000,0.0000,0.9999,-0.0119,0.0000,0.0119,0.9998,0.0157,-0.0002,-0.0157,0.9999),
      ["RightUpperLeg"] = CFrame.new(0.0000,-0.0000,-0.0000,0.9942,-0.0756,0.0765,0.0787,0.9961,-0.0393,-0.0732,0.0451,0.9963),
      ["RightLowerLeg"] = CFrame.new(0.0000,0.0000,0.0000,1.0000,-0.0000,0.0000,0.0000,0.9959,0.0903,-0.0000,-0.0903,0.9959),
      ["RightFoot"] = CFrame.new(0.0000,0.0000,0.0000,0.9996,0.0292,-0.0013,-0.0292,0.9984,-0.0489,-0.0001,0.0489,0.9988),
    }},
    {Time = 0.367, Data = {
      ["HumanoidRootPart"] = CFrame.new(0.0000,0.0000,0.0000,1.0000,0.0000,0.0000,0.0000,1.0000,0.0000,0.0000,0.0000,1.0000),
      ["LowerTorso"] = CFrame.new(0.0291,-0.0000,0.0000,1.0000,-0.0000,0.0000,0.0000,1.0000,-0.0000,0.0000,0.0000,1.0000),
      ["UpperTorso"] = CFrame.new(0.0000,0.0000,0.0000,0.9999,0.0123,-0.0000,-0.0123,0.9978,-0.0653,-0.0008,0.0653,0.9979),
      ["LeftUpperArm"] = CFrame.new(-0.0068,-0.0168,-0.1905,0.0354,-0.3470,-0.9372,0.0873,0.9353,-0.3430,0.9956,-0.0696,0.0634),
      ["LeftLowerArm"] = CFrame.new(-0.0092,-0.0032,-0.0038,0.8805,-0.4740,0.0000,0.3055,0.5674,-0.7647,0.3624,0.6733,0.6444),
      ["LeftHand"] = CFrame.new(0.0247,0.0428,0.0265,0.7579,-0.5274,-0.3839,0.6113,0.7797,0.1357,0.2277,-0.3376,0.9133),
      ["Head"] = CFrame.new(0.0000,0.0000,0.0000,0.9999,0.0170,0.0000,-0.0167,0.9826,0.1852,0.0031,-0.1852,0.9827),
      ["RightUpperArm"] = CFrame.new(0.0000,0.0000,0.0000,0.9872,0.1596,0.0000,-0.1596,0.9872,-0.0000,-0.0000,0.0000,1.0000),
      ["RightLowerArm"] = CFrame.new(0.0000,0.0000,0.0000,1.0000,0.0000,0.0000,0.0000,1.0000,0.0000,0.0000,0.0000,1.0000),
      ["RightHand"] = CFrame.new(0.0000,0.0000,0.0000,0.9954,0.0962,0.0000,-0.0962,0.9954,-0.0000,-0.0000,0.0000,1.0000),
      ["LeftUpperLeg"] = CFrame.new(-0.0004,-0.0101,-0.0013,0.9824,0.0328,-0.1838,-0.0548,0.9917,-0.1160,0.1784,0.1240,0.9761),
      ["LeftLowerLeg"] = CFrame.new(0.0000,0.0000,0.0000,1.0000,-0.0000,0.0000,0.0000,0.9916,0.1290,-0.0000,-0.1290,0.9916),
      ["LeftFoot"] = CFrame.new(0.0000,0.0000,0.0000,1.0000,-0.0099,0.0001,0.0098,0.9998,0.0143,-0.0002,-0.0143,0.9999),
      ["RightUpperLeg"] = CFrame.new(0.0000,-0.0000,-0.0000,0.9944,-0.0734,0.0765,0.0765,0.9963,-0.0393,-0.0733,0.0450,0.9963),
      ["RightLowerLeg"] = CFrame.new(0.0000,0.0000,0.0000,1.0000,-0.0000,0.0000,0.0000,0.9959,0.0903,-0.0000,-0.0903,0.9959),
      ["RightFoot"] = CFrame.new(0.0000,0.0000,0.0000,0.9996,0.0294,-0.0013,-0.0294,0.9984,-0.0489,-0.0001,0.0489,0.9988),
    }},
    {Time = 0.400, Data = {
      ["HumanoidRootPart"] = CFrame.new(0.0000,0.0000,0.0000,1.0000,0.0000,0.0000,0.0000,1.0000,0.0000,0.0000,0.0000,1.0000),
      ["LowerTorso"] = CFrame.new(0.0346,-0.0000,0.0000,1.0000,-0.0000,0.0000,0.0000,1.0000,-0.0000,0.0000,0.0000,1.0000),
      ["UpperTorso"] = CFrame.new(0.0000,0.0000,0.0000,1.0000,0.0080,-0.0000,-0.0079,0.9978,-0.0653,-0.0005,0.0653,0.9979),
      ["LeftUpperArm"] = CFrame.new(-0.0068,-0.0168,-0.1905,0.0354,-0.3470,-0.9372,0.0873,0.9353,-0.3430,0.9956,-0.0696,0.0634),
      ["LeftLowerArm"] = CFrame.new(-0.0092,-0.0032,-0.0038,0.8805,-0.4740,0.0000,0.3055,0.5674,-0.7647,0.3624,0.6733,0.6444),
      ["LeftHand"] = CFrame.new(0.0247,0.0428,0.0265,0.7579,-0.5274,-0.3839,0.6113,0.7797,0.1357,0.2277,-0.3376,0.9133),
      ["Head"] = CFrame.new(0.0000,0.0000,0.0000,0.9998,0.0203,0.0000,-0.0199,0.9825,0.1852,0.0037,-0.1852,0.9827),
      ["RightUpperArm"] = CFrame.new(0.0000,0.0000,0.0000,0.9872,0.1596,0.0000,-0.1596,0.9872,-0.0000,-0.0000,0.0000,1.0000),
      ["RightLowerArm"] = CFrame.new(0.0000,0.0000,0.0000,1.0000,0.0000,0.0000,0.0000,1.0000,0.0000,0.0000,0.0000,1.0000),
      ["RightHand"] = CFrame.new(0.0000,0.0000,0.0000,0.9940,0.1092,0.0000,-0.1092,0.9940,-0.0000,-0.0000,0.0000,1.0000),
      ["LeftUpperLeg"] = CFrame.new(-0.0004,-0.0102,-0.0013,0.9824,0.0345,-0.1838,-0.0565,0.9916,-0.1159,0.1782,0.1243,0.9761),
      ["LeftLowerLeg"] = CFrame.new(0.0000,0.0000,0.0000,1.0000,-0.0000,0.0000,0.0000,0.9914,0.1305,-0.0000,-0.1305,0.9914),
      ["LeftFoot"] = CFrame.new(0.0000,0.0000,0.0000,1.0000,-0.0076,0.0002,0.0076,0.9999,0.0128,-0.0003,-0.0128,0.9999),
      ["RightUpperLeg"] = CFrame.new(0.0000,-0.0000,-0.0000,0.9945,-0.0710,0.0765,0.0742,0.9965,-0.0393,-0.0734,0.0448,0.9963),
      ["RightLowerLeg"] = CFrame.new(0.0000,0.0000,0.0000,1.0000,-0.0000,0.0000,0.0000,0.9959,0.0903,-0.0000,-0.0903,0.9959),
      ["RightFoot"] = CFrame.new(0.0000,0.0000,0.0000,0.9996,0.0296,-0.0013,-0.0296,0.9984,-0.0489,-0.0001,0.0489,0.9988),
    }},
    {Time = 0.433, Data = {
      ["HumanoidRootPart"] = CFrame.new(0.0000,0.0000,0.0000,1.0000,0.0000,0.0000,0.0000,1.0000,0.0000,0.0000,0.0000,1.0000),
      ["LowerTorso"] = CFrame.new(0.0406,-0.0000,0.0000,1.0000,-0.0000,0.0000,0.0000,1.0000,-0.0000,0.0000,0.0000,1.0000),
      ["UpperTorso"] = CFrame.new(0.0000,0.0000,0.0000,1.0000,0.0040,-0.0000,-0.0040,0.9979,-0.0653,-0.0002,0.0653,0.9979),
      ["LeftUpperArm"] = CFrame.new(-0.0068,-0.0168,-0.1905,0.0354,-0.3470,-0.9372,0.0873,0.9353,-0.3430,0.9956,-0.0696,0.0634),
      ["LeftLowerArm"] = CFrame.new(-0.0092,-0.0032,-0.0038,0.8805,-0.4740,0.0000,0.3055,0.5674,-0.7647,0.3624,0.6733,0.6444),
      ["LeftHand"] = CFrame.new(0.0247,0.0428,0.0265,0.7579,-0.5274,-0.3839,0.6113,0.7797,0.1357,0.2277,-0.3376,0.9133),
      ["Head"] = CFrame.new(0.0000,0.0000,0.0000,0.9997,0.0238,0.0000,-0.0234,0.9824,0.1852,0.0044,-0.1852,0.9827),
      ["RightUpperArm"] = CFrame.new(0.0000,0.0000,0.0000,0.9872,0.1596,0.0000,-0.1596,0.9872,-0.0000,-0.0000,0.0000,1.0000),
      ["RightLowerArm"] = CFrame.new(0.0000,0.0000,0.0000,1.0000,0.0000,0.0000,0.0000,1.0000,0.0000,0.0000,0.0000,1.0000),
      ["RightHand"] = CFrame.new(0.0000,0.0000,0.0000,0.9927,0.1206,0.0000,-0.1206,0.9927,-0.0000,-0.0000,0.0000,1.0000),
      ["LeftUpperLeg"] = CFrame.new(-0.0004,-0.0104,-0.0013,0.9823,0.0364,-0.1838,-0.0584,0.9915,-0.1159,0.1780,0.1245,0.9761),
      ["LeftLowerLeg"] = CFrame.new(0.0000,0.0000,0.0000,1.0000,-0.0000,0.0000,0.0000,0.9912,0.1321,-0.0000,-0.1321,0.9912),
      ["LeftFoot"] = CFrame.new(0.0000,0.0000,0.0000,1.0000,-0.0053,0.0003,0.0053,0.9999,0.0112,-0.0004,-0.0112,0.9999),
      ["RightUpperLeg"] = CFrame.new(0.0000,-0.0000,-0.0000,0.9947,-0.0684,0.0765,0.0716,0.9967,-0.0393,-0.0735,0.0446,0.9963),
      ["RightLowerLeg"] = CFrame.new(0.0000,0.0000,0.0000,1.0000,-0.0000,0.0000,0.0000,0.9959,0.0903,-0.0000,-0.0903,0.9959),
      ["RightFoot"] = CFrame.new(0.0000,0.0000,0.0000,0.9996,0.0298,-0.0013,-0.0298,0.9984,-0.0489,-0.0001,0.0489,0.9988),
    }},
    {Time = 0.467, Data = {
      ["HumanoidRootPart"] = CFrame.new(0.0000,0.0000,0.0000,1.0000,0.0000,0.0000,0.0000,1.0000,0.0000,0.0000,0.0000,1.0000),
      ["LowerTorso"] = CFrame.new(0.0471,-0.0000,0.0000,1.0000,-0.0000,0.0000,0.0000,1.0000,-0.0000,0.0000,0.0000,1.0000),
      ["UpperTorso"] = CFrame.new(0.0000,0.0000,0.0000,1.0000,0.0004,-0.0000,-0.0004,0.9979,-0.0653,-0.0000,0.0653,0.9979),
      ["LeftUpperArm"] = CFrame.new(-0.0068,-0.0168,-0.1905,0.0354,-0.3470,-0.9372,0.0873,0.9353,-0.3430,0.9956,-0.0696,0.0634),
      ["LeftLowerArm"] = CFrame.new(-0.0092,-0.0032,-0.0038,0.8805,-0.4740,0.0000,0.3055,0.5674,-0.7647,0.3624,0.6733,0.6444),
      ["LeftHand"] = CFrame.new(0.0247,0.0428,0.0265,0.7579,-0.5274,-0.3839,0.6113,0.7797,0.1357,0.2277,-0.3376,0.9133),
      ["Head"] = CFrame.new(0.0000,0.0000,0.0000,0.9996,0.0276,0.0000,-0.0271,0.9823,0.1852,0.0051,-0.1852,0.9827),
      ["RightUpperArm"] = CFrame.new(0.0000,0.0000,0.0000,0.9872,0.1596,0.0000,-0.1596,0.9872,-0.0000,-0.0000,0.0000,1.0000),
      ["RightLowerArm"] = CFrame.new(0.0000,0.0000,0.0000,1.0000,0.0000,0.0000,0.0000,1.0000,0.0000,0.0000,0.0000,1.0000),
      ["RightHand"] = CFrame.new(0.0000,0.0000,0.0000,0.9915,0.1304,0.0000,-0.1304,0.9915,-0.0000,-0.0000,0.0000,1.0000),
      ["LeftUpperLeg"] = CFrame.new(-0.0004,-0.0106,-0.0013,0.9822,0.0384,-0.1838,-0.0604,0.9914,-0.1158,0.1777,0.1249,0.9761),
      ["LeftLowerLeg"] = CFrame.new(0.0000,0.0000,0.0000,1.0000,-0.0000,0.0000,0.0000,0.9910,0.1338,-0.0000,-0.1338,0.9910),
      ["LeftFoot"] = CFrame.new(0.0000,0.0000,0.0000,1.0000,-0.0027,0.0004,0.0027,1.0000,0.0094,-0.0004,-0.0094,1.0000),
      ["RightUpperLeg"] = CFrame.new(0.0000,-0.0000,-0.0000,0.9949,-0.0656,0.0765,0.0688,0.9969,-0.0393,-0.0737,0.0444,0.9963),
      ["RightLowerLeg"] = CFrame.new(0.0000,0.0000,0.0000,1.0000,-0.0000,0.0000,0.0000,0.9959,0.0903,-0.0000,-0.0903,0.9959),
      ["RightFoot"] = CFrame.new(0.0000,0.0000,0.0000,0.9995,0.0300,-0.0013,-0.0301,0.9983,-0.0489,-0.0001,0.0489,0.9988),
    }},
    {Time = 0.500, Data = {
      ["HumanoidRootPart"] = CFrame.new(0.0000,0.0000,0.0000,1.0000,0.0000,0.0000,0.0000,1.0000,0.0000,0.0000,0.0000,1.0000),
      ["LowerTorso"] = CFrame.new(0.0540,-0.0000,0.0000,1.0000,-0.0000,0.0000,0.0000,1.0000,-0.0000,0.0000,0.0000,1.0000),
      ["UpperTorso"] = CFrame.new(0.0000,0.0000,0.0000,1.0000,-0.0028,-0.0000,0.0028,0.9979,-0.0654,0.0002,0.0654,0.9979),
      ["LeftUpperArm"] = CFrame.new(-0.0068,-0.0168,-0.1905,0.0354,-0.3470,-0.9372,0.0873,0.9353,-0.3430,0.9956,-0.0696,0.0634),
      ["LeftLowerArm"] = CFrame.new(-0.0092,-0.0032,-0.0038,0.8805,-0.4740,0.0000,0.3055,0.5674,-0.7647,0.3624,0.6733,0.6444),
      ["LeftHand"] = CFrame.new(0.0247,0.0428,0.0265,0.7579,-0.5274,-0.3839,0.6113,0.7797,0.1357,0.2277,-0.3376,0.9133),
      ["Head"] = CFrame.new(0.0000,0.0000,0.0000,0.9995,0.0317,0.0000,-0.0311,0.9822,0.1852,0.0058,-0.1851,0.9827),
      ["RightUpperArm"] = CFrame.new(0.0000,0.0000,0.0000,0.9872,0.1596,0.0000,-0.1596,0.9872,-0.0000,-0.0000,0.0000,1.0000),
      ["RightLowerArm"] = CFrame.new(0.0000,0.0000,0.0000,1.0000,0.0000,0.0000,0.0000,1.0000,0.0000,0.0000,0.0000,1.0000),
      ["RightHand"] = CFrame.new(0.0000,0.0000,0.0000,0.9904,0.1385,0.0000,-0.1385,0.9904,-0.0000,-0.0000,0.0000,1.0000),
      ["LeftUpperLeg"] = CFrame.new(-0.0005,-0.0108,-0.0014,0.9821,0.0405,-0.1838,-0.0625,0.9913,-0.1158,0.1775,0.1252,0.9761),
      ["LeftLowerLeg"] = CFrame.new(0.0000,0.0000,0.0000,1.0000,-0.0000,0.0000,0.0000,0.9908,0.1356,-0.0000,-0.1356,0.9908),
      ["LeftFoot"] = CFrame.new(0.0000,0.0000,0.0000,1.0000,0.0001,0.0005,-0.0001,1.0000,0.0075,-0.0005,-0.0075,1.0000),
      ["RightUpperLeg"] = CFrame.new(0.0000,-0.0000,-0.0000,0.9951,-0.0626,0.0765,0.0657,0.9971,-0.0393,-0.0738,0.0442,0.9963),
      ["RightLowerLeg"] = CFrame.new(0.0000,0.0000,0.0000,1.0000,-0.0000,0.0000,0.0000,0.9959,0.0903,-0.0000,-0.0903,0.9959),
      ["RightFoot"] = CFrame.new(0.0000,0.0000,0.0000,0.9995,0.0303,-0.0013,-0.0303,0.9983,-0.0489,-0.0001,0.0489,0.9988),
    }},
    {Time = 0.533, Data = {
      ["HumanoidRootPart"] = CFrame.new(0.0000,0.0000,0.0000,1.0000,0.0000,0.0000,0.0000,1.0000,0.0000,0.0000,0.0000,1.0000),
      ["LowerTorso"] = CFrame.new(0.0615,-0.0000,0.0000,1.0000,-0.0000,0.0000,0.0000,1.0000,-0.0000,0.0000,0.0000,1.0000),
      ["UpperTorso"] = CFrame.new(0.0000,0.0000,0.0000,1.0000,-0.0056,-0.0000,0.0055,0.9978,-0.0654,0.0004,0.0654,0.9979),
      ["LeftUpperArm"] = CFrame.new(-0.0068,-0.0168,-0.1905,0.0354,-0.3470,-0.9372,0.0873,0.9353,-0.3430,0.9956,-0.0696,0.0634),
      ["LeftLowerArm"] = CFrame.new(-0.0092,-0.0032,-0.0038,0.8805,-0.4740,0.0000,0.3055,0.5674,-0.7647,0.3624,0.6733,0.6444),
      ["LeftHand"] = CFrame.new(0.0247,0.0428,0.0265,0.7579,-0.5274,-0.3839,0.6113,0.7797,0.1357,0.2277,-0.3376,0.9133),
      ["Head"] = CFrame.new(0.0000,0.0000,0.0000,0.9994,0.0360,0.0000,-0.0354,0.9821,0.1852,0.0066,-0.1851,0.9827),
      ["RightUpperArm"] = CFrame.new(0.0000,0.0000,0.0000,0.9872,0.1596,0.0000,-0.1596,0.9872,-0.0000,-0.0000,0.0000,1.0000),
      ["RightLowerArm"] = CFrame.new(0.0000,0.0000,0.0000,1.0000,0.0000,0.0000,0.0000,1.0000,0.0000,0.0000,0.0000,1.0000),
      ["RightHand"] = CFrame.new(0.0000,0.0000,0.0000,0.9894,0.1449,0.0000,-0.1449,0.9894,-0.0000,-0.0000,0.0000,1.0000),
      ["LeftUpperLeg"] = CFrame.new(-0.0005,-0.0110,-0.0014,0.9820,0.0428,-0.1838,-0.0648,0.9912,-0.1157,0.1772,0.1255,0.9761),
      ["LeftLowerLeg"] = CFrame.new(0.0000,0.0000,0.0000,1.0000,-0.0000,0.0000,0.0000,0.9905,0.1376,-0.0000,-0.1376,0.9905),
      ["LeftFoot"] = CFrame.new(0.0000,0.0000,0.0000,1.0000,0.0031,0.0007,-0.0031,1.0000,0.0054,-0.0006,-0.0054,1.0000),
      ["RightUpperLeg"] = CFrame.new(0.0000,-0.0000,-0.0000,0.9953,-0.0594,0.0765,0.0625,0.9973,-0.0393,-0.0739,0.0439,0.9963),
      ["RightLowerLeg"] = CFrame.new(0.0000,0.0000,0.0000,1.0000,-0.0000,0.0000,0.0000,0.9959,0.0903,-0.0000,-0.0903,0.9959),
      ["RightFoot"] = CFrame.new(0.0000,0.0000,0.0000,0.9995,0.0306,-0.0013,-0.0306,0.9983,-0.0489,-0.0002,0.0489,0.9988),
    }},
    {Time = 0.567, Data = {
      ["HumanoidRootPart"] = CFrame.new(0.0000,0.0000,0.0000,1.0000,0.0000,0.0000,0.0000,1.0000,0.0000,0.0000,0.0000,1.0000),
      ["LowerTorso"] = CFrame.new(0.0693,-0.0000,0.0000,1.0000,-0.0000,0.0000,0.0000,1.0000,-0.0000,0.0000,0.0000,1.0000),
      ["UpperTorso"] = CFrame.new(0.0000,0.0000,0.0000,1.0000,-0.0079,-0.0000,0.0079,0.9978,-0.0654,0.0005,0.0654,0.9979),
      ["LeftUpperArm"] = CFrame.new(-0.0068,-0.0168,-0.1905,0.0354,-0.3470,-0.9372,0.0873,0.9353,-0.3430,0.9956,-0.0696,0.0634),
      ["LeftLowerArm"] = CFrame.new(-0.0092,-0.0032,-0.0038,0.8805,-0.4740,0.0000,0.3055,0.5674,-0.7647,0.3624,0.6733,0.6444),
      ["LeftHand"] = CFrame.new(0.0247,0.0428,0.0265,0.7579,-0.5274,-0.3839,0.6113,0.7797,0.1357,0.2277,-0.3376,0.9133),
      ["Head"] = CFrame.new(0.0000,0.0000,0.0000,0.9992,0.0407,0.0000,-0.0400,0.9819,0.1852,0.0075,-0.1851,0.9827),
      ["RightUpperArm"] = CFrame.new(0.0000,0.0000,0.0000,0.9872,0.1596,0.0000,-0.1596,0.9872,-0.0000,-0.0000,0.0000,1.0000),
      ["RightLowerArm"] = CFrame.new(0.0000,0.0000,0.0000,1.0000,0.0000,0.0000,0.0000,1.0000,0.0000,0.0000,0.0000,1.0000),
      ["RightHand"] = CFrame.new(0.0000,0.0000,0.0000,0.9887,0.1498,0.0000,-0.1498,0.9887,-0.0000,-0.0000,0.0000,1.0000),
      ["LeftUpperLeg"] = CFrame.new(-0.0005,-0.0113,-0.0014,0.9819,0.0452,-0.1838,-0.0672,0.9910,-0.1157,0.1769,0.1259,0.9761),
      ["LeftLowerLeg"] = CFrame.new(0.0000,0.0000,0.0000,1.0000,-0.0000,0.0000,0.0000,0.9902,0.1397,-0.0000,-0.1397,0.9902),
      ["LeftFoot"] = CFrame.new(0.0000,0.0000,0.0000,1.0000,0.0062,0.0008,-0.0062,1.0000,0.0033,-0.0007,-0.0033,1.0000),
      ["RightUpperLeg"] = CFrame.new(0.0000,-0.0000,-0.0000,0.9955,-0.0560,0.0765,0.0591,0.9975,-0.0393,-0.0741,0.0437,0.9963),
      ["RightLowerLeg"] = CFrame.new(0.0000,0.0000,0.0000,1.0000,-0.0000,0.0000,0.0000,0.9959,0.0903,-0.0000,-0.0903,0.9959),
      ["RightFoot"] = CFrame.new(0.0000,0.0000,0.0000,0.9995,0.0308,-0.0013,-0.0309,0.9983,-0.0489,-0.0002,0.0489,0.9988),
    }},
    {Time = 0.600, Data = {
      ["HumanoidRootPart"] = CFrame.new(0.0000,0.0000,0.0000,1.0000,0.0000,0.0000,0.0000,1.0000,0.0000,0.0000,0.0000,1.0000),
      ["LowerTorso"] = CFrame.new(0.0767,-0.0000,0.0000,1.0000,-0.0000,0.0000,0.0000,1.0000,-0.0000,0.0000,0.0000,1.0000),
      ["UpperTorso"] = CFrame.new(0.0000,0.0000,0.0000,1.0000,-0.0099,-0.0000,0.0099,0.9978,-0.0654,0.0007,0.0654,0.9979),
      ["LeftUpperArm"] = CFrame.new(-0.0068,-0.0168,-0.1905,0.0354,-0.3470,-0.9372,0.0873,0.9353,-0.3430,0.9956,-0.0696,0.0634),
      ["LeftLowerArm"] = CFrame.new(-0.0092,-0.0032,-0.0038,0.8805,-0.4740,0.0000,0.3055,0.5674,-0.7647,0.3624,0.6733,0.6444),
      ["LeftHand"] = CFrame.new(0.0247,0.0428,0.0265,0.7579,-0.5274,-0.3839,0.6113,0.7797,0.1357,0.2277,-0.3376,0.9133),
      ["Head"] = CFrame.new(0.0000,0.0000,0.0000,0.9990,0.0456,0.0000,-0.0448,0.9817,0.1852,0.0084,-0.1851,0.9827),
      ["RightUpperArm"] = CFrame.new(0.0000,0.0000,0.0000,0.9872,0.1596,0.0000,-0.1596,0.9872,-0.0000,-0.0000,0.0000,1.0000),
      ["RightLowerArm"] = CFrame.new(0.0000,0.0000,0.0000,1.0000,0.0000,0.0000,0.0000,1.0000,0.0000,0.0000,0.0000,1.0000),
      ["RightHand"] = CFrame.new(0.0000,0.0000,0.0000,0.9882,0.1530,0.0000,-0.1530,0.9882,-0.0000,-0.0000,0.0000,1.0000),
      ["LeftUpperLeg"] = CFrame.new(-0.0006,-0.0115,-0.0015,0.9818,0.0475,-0.1838,-0.0695,0.9909,-0.1156,0.1766,0.1263,0.9762),
      ["LeftLowerLeg"] = CFrame.new(0.0000,0.0000,0.0000,1.0000,-0.0000,0.0000,0.0000,0.9899,0.1416,-0.0000,-0.1416,0.9899),
      ["LeftFoot"] = CFrame.new(0.0000,0.0000,0.0000,1.0000,0.0092,0.0009,-0.0092,1.0000,0.0012,-0.0009,-0.0012,1.0000),
      ["RightUpperLeg"] = CFrame.new(0.0000,-0.0000,-0.0000,0.9957,-0.0528,0.0765,0.0559,0.9977,-0.0393,-0.0742,0.0434,0.9963),
      ["RightLowerLeg"] = CFrame.new(0.0000,0.0000,0.0000,1.0000,-0.0000,0.0000,0.0000,0.9959,0.0903,-0.0000,-0.0903,0.9959),
      ["RightFoot"] = CFrame.new(0.0000,0.0000,0.0000,0.9995,0.0311,-0.0013,-0.0311,0.9983,-0.0489,-0.0002,0.0489,0.9988),
    }},
    {Time = 0.633, Data = {
      ["HumanoidRootPart"] = CFrame.new(0.0000,0.0000,0.0000,1.0000,0.0000,0.0000,0.0000,1.0000,0.0000,0.0000,0.0000,1.0000),
      ["LowerTorso"] = CFrame.new(0.0837,-0.0000,0.0000,1.0000,-0.0001,0.0000,0.0001,1.0000,-0.0000,0.0000,0.0000,1.0000),
      ["UpperTorso"] = CFrame.new(0.0000,0.0000,0.0000,0.9999,-0.0115,-0.0000,0.0115,0.9978,-0.0654,0.0008,0.0654,0.9979),
      ["LeftUpperArm"] = CFrame.new(-0.0068,-0.0168,-0.1905,0.0354,-0.3470,-0.9372,0.0873,0.9353,-0.3430,0.9956,-0.0696,0.0634),
      ["LeftLowerArm"] = CFrame.new(-0.0092,-0.0032,-0.0038,0.8805,-0.4740,0.0000,0.3055,0.5674,-0.7647,0.3624,0.6733,0.6444),
      ["LeftHand"] = CFrame.new(0.0247,0.0428,0.0265,0.7579,-0.5274,-0.3839,0.6113,0.7797,0.1357,0.2277,-0.3376,0.9133),
      ["Head"] = CFrame.new(0.0000,0.0000,0.0000,0.9987,0.0508,0.0000,-0.0499,0.9814,0.1852,0.0094,-0.1850,0.9827),
      ["RightUpperArm"] = CFrame.new(0.0000,0.0000,0.0000,0.9872,0.1596,0.0000,-0.1596,0.9872,-0.0000,-0.0000,0.0000,1.0000),
      ["RightLowerArm"] = CFrame.new(0.0000,0.0000,0.0000,1.0000,0.0000,0.0000,0.0000,1.0000,0.0000,0.0000,0.0000,1.0000),
      ["RightHand"] = CFrame.new(0.0000,0.0000,0.0000,0.9880,0.1546,0.0000,-0.1546,0.9880,-0.0000,-0.0000,0.0000,1.0000),
      ["LeftUpperLeg"] = CFrame.new(-0.0006,-0.0117,-0.0015,0.9817,0.0496,-0.1838,-0.0717,0.9907,-0.1155,0.1763,0.1266,0.9762),
      ["LeftLowerLeg"] = CFrame.new(0.0000,0.0000,0.0000,1.0000,-0.0000,0.0000,0.0000,0.9897,0.1435,-0.0000,-0.1435,0.9897),
      ["LeftFoot"] = CFrame.new(0.0000,0.0000,0.0000,0.9999,0.0119,0.0010,-0.0119,0.9999,-0.0007,-0.0010,0.0007,1.0000),
      ["RightUpperLeg"] = CFrame.new(0.0000,-0.0000,-0.0000,0.9958,-0.0498,0.0765,0.0529,0.9978,-0.0393,-0.0744,0.0432,0.9963),
      ["RightLowerLeg"] = CFrame.new(0.0000,0.0000,0.0000,1.0000,-0.0000,0.0000,0.0000,0.9959,0.0903,-0.0000,-0.0903,0.9959),
      ["RightFoot"] = CFrame.new(0.0000,0.0000,0.0000,0.9995,0.0314,-0.0013,-0.0314,0.9983,-0.0489,-0.0002,0.0489,0.9988),
    }},
    {Time = 0.667, Data = {
      ["HumanoidRootPart"] = CFrame.new(0.0000,0.0000,0.0000,1.0000,0.0000,0.0000,0.0000,1.0000,0.0000,0.0000,0.0000,1.0000),
      ["LowerTorso"] = CFrame.new(0.0902,-0.0000,0.0000,1.0000,-0.0001,0.0000,0.0001,1.0000,-0.0000,0.0000,0.0000,1.0000),
      ["UpperTorso"] = CFrame.new(0.0000,0.0000,0.0000,0.9999,-0.0127,-0.0000,0.0127,0.9978,-0.0654,0.0009,0.0654,0.9979),
      ["LeftUpperArm"] = CFrame.new(-0.0068,-0.0168,-0.1905,0.0354,-0.3470,-0.9372,0.0873,0.9353,-0.3430,0.9956,-0.0696,0.0634),
      ["LeftLowerArm"] = CFrame.new(-0.0092,-0.0032,-0.0038,0.8805,-0.4740,0.0000,0.3055,0.5674,-0.7647,0.3624,0.6733,0.6444),
      ["LeftHand"] = CFrame.new(0.0247,0.0428,0.0265,0.7579,-0.5274,-0.3839,0.6113,0.7797,0.1357,0.2277,-0.3376,0.9133),
      ["Head"] = CFrame.new(0.0000,0.0000,0.0000,0.9984,0.0563,0.0000,-0.0553,0.9811,0.1852,0.0104,-0.1850,0.9827),
      ["RightUpperArm"] = CFrame.new(0.0000,0.0000,0.0000,0.9872,0.1596,0.0000,-0.1596,0.9872,-0.0000,-0.0000,0.0000,1.0000),
      ["RightLowerArm"] = CFrame.new(0.0000,0.0000,0.0000,1.0000,0.0000,0.0000,0.0000,1.0000,0.0000,0.0000,0.0000,1.0000),
      ["RightHand"] = CFrame.new(0.0000,0.0000,0.0000,0.9880,0.1547,0.0000,-0.1547,0.9880,-0.0000,-0.0000,0.0000,1.0000),
      ["LeftUpperLeg"] = CFrame.new(-0.0006,-0.0119,-0.0015,0.9816,0.0516,-0.1837,-0.0737,0.9906,-0.1155,0.1761,0.1269,0.9762),
      ["LeftLowerLeg"] = CFrame.new(0.0000,0.0000,0.0000,1.0000,-0.0000,0.0000,0.0000,0.9894,0.1452,-0.0000,-0.1452,0.9894),
      ["LeftFoot"] = CFrame.new(0.0000,0.0000,0.0000,0.9999,0.0145,0.0010,-0.0145,0.9999,-0.0025,-0.0011,0.0025,1.0000),
      ["RightUpperLeg"] = CFrame.new(0.0000,-0.0000,-0.0000,0.9960,-0.0470,0.0765,0.0501,0.9980,-0.0393,-0.0745,0.0430,0.9963),
      ["RightLowerLeg"] = CFrame.new(0.0000,0.0000,0.0000,1.0000,-0.0000,0.0000,0.0000,0.9959,0.0903,-0.0000,-0.0903,0.9959),
      ["RightFoot"] = CFrame.new(0.0000,0.0000,0.0000,0.9995,0.0316,-0.0013,-0.0316,0.9983,-0.0489,-0.0002,0.0489,0.9988),
    }},
    {Time = 0.700, Data = {
      ["HumanoidRootPart"] = CFrame.new(0.0000,0.0000,0.0000,1.0000,0.0000,0.0000,0.0000,1.0000,0.0000,0.0000,0.0000,1.0000),
      ["LowerTorso"] = CFrame.new(0.0962,-0.0000,0.0000,1.0000,-0.0001,0.0000,0.0001,1.0000,-0.0000,0.0000,0.0000,1.0000),
      ["UpperTorso"] = CFrame.new(0.0000,0.0000,0.0000,0.9999,-0.0135,-0.0000,0.0135,0.9978,-0.0654,0.0009,0.0654,0.9979),
      ["LeftUpperArm"] = CFrame.new(-0.0068,-0.0168,-0.1905,0.0354,-0.3470,-0.9372,0.0873,0.9353,-0.3430,0.9956,-0.0696,0.0634),
      ["LeftLowerArm"] = CFrame.new(-0.0092,-0.0032,-0.0038,0.8805,-0.4740,0.0000,0.3055,0.5674,-0.7647,0.3624,0.6733,0.6444),
      ["LeftHand"] = CFrame.new(0.0247,0.0428,0.0265,0.7579,-0.5274,-0.3839,0.6113,0.7797,0.1357,0.2277,-0.3376,0.9133),
      ["Head"] = CFrame.new(0.0000,0.0000,0.0000,0.9981,0.0617,0.0000,-0.0607,0.9808,0.1852,0.0114,-0.1849,0.9827),
      ["RightUpperArm"] = CFrame.new(0.0000,0.0000,0.0000,0.9872,0.1596,0.0000,-0.1596,0.9872,-0.0000,-0.0000,0.0000,1.0000),
      ["RightLowerArm"] = CFrame.new(0.0000,0.0000,0.0000,1.0000,0.0000,0.0000,0.0000,1.0000,0.0000,0.0000,0.0000,1.0000),
      ["RightHand"] = CFrame.new(0.0000,0.0000,0.0000,0.9882,0.1533,0.0000,-0.1533,0.9882,-0.0000,-0.0000,0.0000,1.0000),
      ["LeftUpperLeg"] = CFrame.new(-0.0007,-0.0121,-0.0016,0.9815,0.0534,-0.1837,-0.0755,0.9904,-0.1155,0.1758,0.1272,0.9762),
      ["LeftLowerLeg"] = CFrame.new(0.0000,0.0000,0.0000,1.0000,-0.0000,0.0000,0.0000,0.9892,0.1468,-0.0000,-0.1468,0.9892),
      ["LeftFoot"] = CFrame.new(0.0000,0.0000,0.0000,0.9999,0.0169,0.0011,-0.0169,0.9998,-0.0041,-0.0012,0.0041,1.0000),
      ["RightUpperLeg"] = CFrame.new(0.0000,-0.0000,-0.0000,0.9961,-0.0444,0.0765,0.0475,0.9981,-0.0393,-0.0746,0.0428,0.9963),
      ["RightLowerLeg"] = CFrame.new(0.0000,0.0000,0.0000,1.0000,-0.0000,0.0000,0.0000,0.9959,0.0903,-0.0000,-0.0903,0.9959),
      ["RightFoot"] = CFrame.new(0.0000,0.0000,0.0000,0.9995,0.0318,-0.0013,-0.0319,0.9983,-0.0489,-0.0002,0.0489,0.9988),
    }},
    {Time = 0.733, Data = {
      ["HumanoidRootPart"] = CFrame.new(0.0000,0.0000,0.0000,1.0000,0.0000,0.0000,0.0000,1.0000,0.0000,0.0000,0.0000,1.0000),
      ["LowerTorso"] = CFrame.new(0.1017,-0.0000,0.0000,1.0000,-0.0001,0.0000,0.0001,1.0000,-0.0000,0.0000,0.0000,1.0000),
      ["UpperTorso"] = CFrame.new(0.0000,0.0000,0.0000,0.9999,-0.0139,-0.0000,0.0139,0.9978,-0.0654,0.0009,0.0654,0.9979),
      ["LeftUpperArm"] = CFrame.new(-0.0068,-0.0168,-0.1905,0.0354,-0.3470,-0.9372,0.0873,0.9353,-0.3430,0.9956,-0.0696,0.0634),
      ["LeftLowerArm"] = CFrame.new(-0.0092,-0.0032,-0.0038,0.8805,-0.4740,0.0000,0.3055,0.5674,-0.7647,0.3624,0.6733,0.6444),
      ["LeftHand"] = CFrame.new(0.0247,0.0428,0.0265,0.7579,-0.5274,-0.3839,0.6113,0.7797,0.1357,0.2277,-0.3376,0.9133),
      ["Head"] = CFrame.new(0.0000,0.0000,0.0000,0.9978,0.0669,0.0000,-0.0658,0.9805,0.1852,0.0124,-0.1848,0.9827),
      ["RightUpperArm"] = CFrame.new(0.0000,0.0000,0.0000,0.9872,0.1596,0.0000,-0.1596,0.9872,-0.0000,-0.0000,0.0000,1.0000),
      ["RightLowerArm"] = CFrame.new(0.0000,0.0000,0.0000,1.0000,0.0000,0.0000,0.0000,1.0000,0.0000,0.0000,0.0000,1.0000),
      ["RightHand"] = CFrame.new(0.0000,0.0000,0.0000,0.9886,0.1506,0.0000,-0.1506,0.9886,-0.0000,-0.0000,0.0000,1.0000),
      ["LeftUpperLeg"] = CFrame.new(-0.0007,-0.0123,-0.0016,0.9814,0.0551,-0.1837,-0.0772,0.9903,-0.1154,0.1756,0.1275,0.9762),
      ["LeftLowerLeg"] = CFrame.new(0.0000,0.0000,0.0000,1.0000,-0.0000,0.0000,0.0000,0.9890,0.1482,-0.0000,-0.1482,0.9890),
      ["LeftFoot"] = CFrame.new(0.0000,0.0000,0.0000,0.9998,0.0191,0.0012,-0.0191,0.9998,-0.0056,-0.0013,0.0056,1.0000),
      ["RightUpperLeg"] = CFrame.new(0.0000,-0.0000,-0.0001,0.9962,-0.0420,0.0765,0.0451,0.9982,-0.0393,-0.0747,0.0426,0.9963),
      ["RightLowerLeg"] = CFrame.new(0.0000,0.0000,0.0000,1.0000,-0.0000,0.0000,0.0000,0.9959,0.0903,-0.0000,-0.0903,0.9959),
      ["RightFoot"] = CFrame.new(0.0000,0.0000,0.0000,0.9995,0.0320,-0.0013,-0.0321,0.9983,-0.0489,-0.0002,0.0489,0.9988),
    }},
    {Time = 0.767, Data = {
      ["HumanoidRootPart"] = CFrame.new(0.0000,0.0000,0.0000,1.0000,0.0000,0.0000,0.0000,1.0000,0.0000,0.0000,0.0000,1.0000),
      ["LowerTorso"] = CFrame.new(0.1067,-0.0000,0.0000,1.0000,-0.0001,0.0000,0.0001,1.0000,-0.0000,0.0000,0.0000,1.0000),
      ["UpperTorso"] = CFrame.new(0.0000,0.0000,0.0000,0.9999,-0.0139,-0.0000,0.0139,0.9978,-0.0654,0.0009,0.0654,0.9979),
      ["LeftUpperArm"] = CFrame.new(-0.0068,-0.0168,-0.1905,0.0354,-0.3470,-0.9372,0.0873,0.9353,-0.3430,0.9956,-0.0696,0.0634),
      ["LeftLowerArm"] = CFrame.new(-0.0092,-0.0032,-0.0038,0.8805,-0.4740,0.0000,0.3055,0.5674,-0.7647,0.3624,0.6733,0.6444),
      ["LeftHand"] = CFrame.new(0.0247,0.0428,0.0265,0.7579,-0.5274,-0.3839,0.6113,0.7797,0.1357,0.2277,-0.3376,0.9133),
      ["Head"] = CFrame.new(0.0000,0.0000,0.0000,0.9974,0.0718,0.0000,-0.0706,0.9802,0.1852,0.0133,-0.1848,0.9827),
      ["RightUpperArm"] = CFrame.new(0.0000,0.0000,0.0000,0.9872,0.1596,0.0000,-0.1596,0.9872,-0.0000,-0.0000,0.0000,1.0000),
      ["RightLowerArm"] = CFrame.new(0.0000,0.0000,0.0000,1.0000,0.0000,0.0000,0.0000,1.0000,0.0000,0.0000,0.0000,1.0000),
      ["RightHand"] = CFrame.new(0.0000,0.0000,0.0000,0.9892,0.1465,0.0000,-0.1465,0.9892,-0.0000,-0.0000,0.0000,1.0000),
      ["LeftUpperLeg"] = CFrame.new(-0.0007,-0.0124,-0.0016,0.9813,0.0567,-0.1837,-0.0788,0.9902,-0.1154,0.1754,0.1277,0.9762),
      ["LeftLowerLeg"] = CFrame.new(0.0000,0.0000,0.0000,1.0000,-0.0000,0.0000,0.0000,0.9888,0.1496,-0.0000,-0.1496,0.9888),
      ["LeftFoot"] = CFrame.new(0.0000,0.0000,0.0000,0.9998,0.0211,0.0012,-0.0211,0.9998,-0.0070,-0.0014,0.0070,1.0000),
      ["RightUpperLeg"] = CFrame.new(0.0000,-0.0000,-0.0001,0.9963,-0.0398,0.0765,0.0429,0.9983,-0.0393,-0.0748,0.0425,0.9963),
      ["RightLowerLeg"] = CFrame.new(0.0000,0.0000,0.0000,1.0000,-0.0000,0.0000,0.0000,0.9959,0.0903,-0.0000,-0.0903,0.9959),
      ["RightFoot"] = CFrame.new(0.0000,0.0000,0.0000,0.9995,0.0322,-0.0013,-0.0322,0.9983,-0.0489,-0.0002,0.0489,0.9988),
    }},
    {Time = 0.800, Data = {
      ["HumanoidRootPart"] = CFrame.new(0.0000,0.0000,0.0000,1.0000,0.0000,0.0000,0.0000,1.0000,0.0000,0.0000,0.0000,1.0000),
      ["LowerTorso"] = CFrame.new(0.1113,-0.0000,0.0000,1.0000,-0.0001,0.0000,0.0001,1.0000,-0.0000,0.0000,0.0000,1.0000),
      ["UpperTorso"] = CFrame.new(0.0000,0.0000,0.0000,0.9999,-0.0135,-0.0000,0.0135,0.9978,-0.0654,0.0009,0.0654,0.9979),
      ["LeftUpperArm"] = CFrame.new(-0.0068,-0.0168,-0.1905,0.0354,-0.3470,-0.9372,0.0873,0.9353,-0.3430,0.9956,-0.0696,0.0634),
      ["LeftLowerArm"] = CFrame.new(-0.0092,-0.0032,-0.0038,0.8805,-0.4740,0.0000,0.3055,0.5674,-0.7647,0.3624,0.6733,0.6444),
      ["LeftHand"] = CFrame.new(0.0247,0.0428,0.0265,0.7579,-0.5274,-0.3839,0.6113,0.7797,0.1357,0.2277,-0.3376,0.9133),
      ["Head"] = CFrame.new(0.0000,0.0000,0.0000,0.9971,0.0765,0.0000,-0.0752,0.9798,0.1853,0.0141,-0.1847,0.9827),
      ["RightUpperArm"] = CFrame.new(0.0000,0.0000,0.0000,0.9872,0.1596,0.0000,-0.1596,0.9872,-0.0000,-0.0000,0.0000,1.0000),
      ["RightLowerArm"] = CFrame.new(0.0000,0.0000,0.0000,1.0000,0.0000,0.0000,0.0000,1.0000,0.0000,0.0000,0.0000,1.0000),
      ["RightHand"] = CFrame.new(0.0000,0.0000,0.0000,0.9900,0.1411,0.0000,-0.1411,0.9900,-0.0000,-0.0000,0.0000,1.0000),
      ["LeftUpperLeg"] = CFrame.new(-0.0007,-0.0125,-0.0016,0.9813,0.0581,-0.1837,-0.0802,0.9901,-0.1153,0.1752,0.1279,0.9762),
      ["LeftLowerLeg"] = CFrame.new(0.0000,0.0000,0.0000,1.0000,-0.0000,0.0000,0.0000,0.9886,0.1508,-0.0000,-0.1508,0.9886),
      ["LeftFoot"] = CFrame.new(0.0000,0.0000,0.0000,0.9997,0.0229,0.0013,-0.0229,0.9997,-0.0083,-0.0014,0.0083,1.0000),
      ["RightUpperLeg"] = CFrame.new(0.0000,-0.0001,-0.0001,0.9964,-0.0379,0.0765,0.0410,0.9984,-0.0393,-0.0749,0.0423,0.9963),
      ["RightLowerLeg"] = CFrame.new(0.0000,0.0000,0.0000,1.0000,-0.0000,0.0000,0.0000,0.9959,0.0903,-0.0000,-0.0903,0.9959),
      ["RightFoot"] = CFrame.new(0.0000,0.0000,0.0000,0.9995,0.0324,-0.0013,-0.0324,0.9983,-0.0489,-0.0002,0.0489,0.9988),
    }},
    {Time = 0.833, Data = {
      ["HumanoidRootPart"] = CFrame.new(0.0000,0.0000,0.0000,1.0000,0.0000,0.0000,0.0000,1.0000,0.0000,0.0000,0.0000,1.0000),
      ["LowerTorso"] = CFrame.new(0.1154,-0.0000,0.0000,1.0000,-0.0001,0.0000,0.0001,1.0000,-0.0000,0.0000,0.0000,1.0000),
      ["UpperTorso"] = CFrame.new(0.0000,0.0000,0.0000,0.9999,-0.0128,-0.0000,0.0128,0.9978,-0.0654,0.0009,0.0654,0.9979),
      ["LeftUpperArm"] = CFrame.new(-0.0068,-0.0168,-0.1905,0.0354,-0.3470,-0.9372,0.0873,0.9353,-0.3430,0.9956,-0.0696,0.0634),
      ["LeftLowerArm"] = CFrame.new(-0.0092,-0.0032,-0.0038,0.8805,-0.4740,0.0000,0.3055,0.5674,-0.7647,0.3624,0.6733,0.6444),
      ["LeftHand"] = CFrame.new(0.0247,0.0428,0.0265,0.7579,-0.5274,-0.3839,0.6113,0.7797,0.1357,0.2277,-0.3376,0.9133),
      ["Head"] = CFrame.new(0.0000,0.0000,0.0000,0.9967,0.0808,0.0000,-0.0794,0.9795,0.1853,0.0149,-0.1846,0.9827),
      ["RightUpperArm"] = CFrame.new(0.0000,0.0000,0.0000,0.9872,0.1596,0.0000,-0.1596,0.9872,-0.0000,-0.0000,0.0000,1.0000),
      ["RightLowerArm"] = CFrame.new(0.0000,0.0000,0.0000,1.0000,0.0000,0.0000,0.0000,1.0000,0.0000,0.0000,0.0000,1.0000),
      ["RightHand"] = CFrame.new(0.0000,0.0000,0.0000,0.9909,0.1343,0.0000,-0.1343,0.9909,-0.0000,-0.0000,0.0000,1.0000),
      ["LeftUpperLeg"] = CFrame.new(-0.0007,-0.0127,-0.0016,0.9812,0.0593,-0.1837,-0.0815,0.9900,-0.1153,0.1751,0.1281,0.9762),
      ["LeftLowerLeg"] = CFrame.new(0.0000,0.0000,0.0000,1.0000,-0.0000,0.0000,0.0000,0.9884,0.1518,-0.0000,-0.1518,0.9884),
      ["LeftFoot"] = CFrame.new(0.0000,0.0000,0.0000,0.9997,0.0246,0.0013,-0.0246,0.9997,-0.0094,-0.0015,0.0094,1.0000),
      ["RightUpperLeg"] = CFrame.new(0.0001,-0.0001,-0.0001,0.9964,-0.0361,0.0765,0.0392,0.9985,-0.0393,-0.0749,0.0422,0.9963),
      ["RightLowerLeg"] = CFrame.new(0.0000,0.0000,0.0000,1.0000,-0.0000,0.0000,0.0000,0.9959,0.0903,-0.0000,-0.0903,0.9959),
      ["RightFoot"] = CFrame.new(0.0000,0.0000,0.0000,0.9995,0.0325,-0.0013,-0.0326,0.9983,-0.0489,-0.0002,0.0489,0.9988),
    }},
    {Time = 0.867, Data = {
      ["HumanoidRootPart"] = CFrame.new(0.0000,0.0000,0.0000,1.0000,0.0000,0.0000,0.0000,1.0000,0.0000,0.0000,0.0000,1.0000),
      ["LowerTorso"] = CFrame.new(0.1190,-0.0000,0.0000,1.0000,-0.0001,0.0000,0.0001,1.0000,-0.0000,0.0000,0.0000,1.0000),
      ["UpperTorso"] = CFrame.new(0.0000,0.0000,0.0000,0.9999,-0.0117,-0.0000,0.0117,0.9978,-0.0654,0.0008,0.0654,0.9979),
      ["LeftUpperArm"] = CFrame.new(-0.0068,-0.0168,-0.1905,0.0354,-0.3470,-0.9372,0.0873,0.9353,-0.3430,0.9956,-0.0696,0.0634),
      ["LeftLowerArm"] = CFrame.new(-0.0092,-0.0032,-0.0038,0.8805,-0.4740,0.0000,0.3055,0.5674,-0.7647,0.3624,0.6733,0.6444),
      ["LeftHand"] = CFrame.new(0.0247,0.0428,0.0265,0.7579,-0.5274,-0.3839,0.6113,0.7797,0.1357,0.2277,-0.3376,0.9133),
      ["Head"] = CFrame.new(0.0000,0.0000,0.0000,0.9964,0.0849,0.0000,-0.0834,0.9791,0.1853,0.0157,-0.1846,0.9827),
      ["RightUpperArm"] = CFrame.new(0.0000,0.0000,0.0000,0.9872,0.1596,0.0000,-0.1596,0.9872,-0.0000,-0.0000,0.0000,1.0000),
      ["RightLowerArm"] = CFrame.new(0.0000,0.0000,0.0000,1.0000,0.0000,0.0000,0.0000,1.0000,0.0000,0.0000,0.0000,1.0000),
      ["RightHand"] = CFrame.new(0.0000,0.0000,0.0000,0.9920,0.1261,0.0000,-0.1261,0.9920,-0.0000,-0.0000,0.0000,1.0000),
      ["LeftUpperLeg"] = CFrame.new(-0.0007,-0.0128,-0.0017,0.9811,0.0604,-0.1837,-0.0826,0.9899,-0.1153,0.1749,0.1283,0.9762),
      ["LeftLowerLeg"] = CFrame.new(0.0000,0.0000,0.0000,1.0000,-0.0000,0.0000,0.0000,0.9883,0.1528,-0.0000,-0.1528,0.9883),
      ["LeftFoot"] = CFrame.new(0.0000,0.0000,0.0000,0.9997,0.0260,0.0013,-0.0260,0.9996,-0.0104,-0.0016,0.0104,0.9999),
      ["RightUpperLeg"] = CFrame.new(0.0001,-0.0001,-0.0001,0.9965,-0.0345,0.0765,0.0376,0.9985,-0.0393,-0.0750,0.0421,0.9963),
      ["RightLowerLeg"] = CFrame.new(0.0000,0.0000,0.0000,1.0000,-0.0000,0.0000,0.0000,0.9959,0.0903,-0.0000,-0.0903,0.9959),
      ["RightFoot"] = CFrame.new(0.0000,0.0000,0.0000,0.9995,0.0327,-0.0013,-0.0327,0.9983,-0.0489,-0.0003,0.0489,0.9988),
    }},
    {Time = 0.900, Data = {
      ["HumanoidRootPart"] = CFrame.new(0.0000,0.0000,0.0000,1.0000,0.0000,0.0000,0.0000,1.0000,0.0000,0.0000,0.0000,1.0000),
      ["LowerTorso"] = CFrame.new(0.1221,-0.0000,0.0000,1.0000,-0.0001,0.0000,0.0001,1.0000,-0.0000,0.0000,0.0000,1.0000),
      ["UpperTorso"] = CFrame.new(0.0000,0.0000,0.0000,0.9999,-0.0102,-0.0000,0.0102,0.9978,-0.0654,0.0007,0.0654,0.9979),
      ["LeftUpperArm"] = CFrame.new(-0.0068,-0.0168,-0.1905,0.0354,-0.3470,-0.9372,0.0873,0.9353,-0.3430,0.9956,-0.0696,0.0634),
      ["LeftLowerArm"] = CFrame.new(-0.0092,-0.0032,-0.0038,0.8805,-0.4740,0.0000,0.3055,0.5674,-0.7647,0.3624,0.6733,0.6444),
      ["LeftHand"] = CFrame.new(0.0247,0.0428,0.0265,0.7579,-0.5274,-0.3839,0.6113,0.7797,0.1357,0.2277,-0.3376,0.9133),
      ["Head"] = CFrame.new(0.0000,0.0000,0.0000,0.9961,0.0887,0.0001,-0.0871,0.9788,0.1853,0.0164,-0.1845,0.9827),
      ["RightUpperArm"] = CFrame.new(0.0000,0.0000,0.0000,0.9872,0.1596,0.0000,-0.1596,0.9872,-0.0000,-0.0000,0.0000,1.0000),
      ["RightLowerArm"] = CFrame.new(0.0000,0.0000,0.0000,1.0000,0.0000,0.0000,0.0000,1.0000,0.0000,0.0000,0.0000,1.0000),
      ["RightHand"] = CFrame.new(0.0000,0.0000,0.0000,0.9932,0.1166,0.0000,-0.1166,0.9932,-0.0000,-0.0000,0.0000,1.0000),
      ["LeftUpperLeg"] = CFrame.new(-0.0007,-0.0129,-0.0016,0.9811,0.0614,-0.1837,-0.0835,0.9898,-0.1153,0.1748,0.1284,0.9762),
      ["LeftLowerLeg"] = CFrame.new(0.0000,0.0000,0.0000,1.0000,-0.0000,0.0000,0.0000,0.9881,0.1536,-0.0000,-0.1536,0.9881),
      ["LeftFoot"] = CFrame.new(0.0000,0.0000,0.0000,0.9996,0.0273,0.0013,-0.0272,0.9996,-0.0113,-0.0016,0.0112,0.9999),
      ["RightUpperLeg"] = CFrame.new(0.0001,-0.0001,-0.0001,0.9965,-0.0332,0.0765,0.0363,0.9986,-0.0393,-0.0751,0.0420,0.9963),
      ["RightLowerLeg"] = CFrame.new(0.0000,0.0000,0.0000,1.0000,-0.0000,0.0000,0.0000,0.9959,0.0903,-0.0000,-0.0903,0.9959),
      ["RightFoot"] = CFrame.new(0.0000,0.0000,0.0000,0.9995,0.0328,-0.0014,-0.0328,0.9983,-0.0489,-0.0003,0.0489,0.9988),
    }},
    {Time = 0.933, Data = {
      ["HumanoidRootPart"] = CFrame.new(0.0000,0.0000,0.0000,1.0000,0.0000,0.0000,0.0000,1.0000,0.0000,0.0000,0.0000,1.0000),
      ["LowerTorso"] = CFrame.new(0.1248,-0.0000,0.0000,1.0000,-0.0001,0.0000,0.0001,1.0000,-0.0000,0.0000,0.0000,1.0000),
      ["UpperTorso"] = CFrame.new(0.0000,0.0000,0.0000,1.0000,-0.0084,-0.0000,0.0084,0.9978,-0.0654,0.0006,0.0654,0.9979),
      ["LeftUpperArm"] = CFrame.new(-0.0068,-0.0168,-0.1905,0.0354,-0.3470,-0.9372,0.0873,0.9353,-0.3430,0.9956,-0.0696,0.0634),
      ["LeftLowerArm"] = CFrame.new(-0.0092,-0.0032,-0.0038,0.8805,-0.4740,0.0000,0.3055,0.5674,-0.7647,0.3624,0.6733,0.6444),
      ["LeftHand"] = CFrame.new(0.0247,0.0428,0.0265,0.7579,-0.5274,-0.3839,0.6113,0.7797,0.1357,0.2277,-0.3376,0.9133),
      ["Head"] = CFrame.new(0.0000,0.0000,0.0000,0.9957,0.0922,0.0001,-0.0906,0.9785,0.1853,0.0170,-0.1845,0.9827),
      ["RightUpperArm"] = CFrame.new(0.0000,0.0000,0.0000,0.9872,0.1596,0.0000,-0.1596,0.9872,-0.0000,-0.0000,0.0000,1.0000),
      ["RightLowerArm"] = CFrame.new(0.0000,0.0000,0.0000,1.0000,0.0000,0.0000,0.0000,1.0000,0.0000,0.0000,0.0000,1.0000),
      ["RightHand"] = CFrame.new(0.0000,0.0000,0.0000,0.9944,0.1056,0.0000,-0.1056,0.9944,-0.0000,-0.0000,0.0000,1.0000),
      ["LeftUpperLeg"] = CFrame.new(-0.0007,-0.0129,-0.0016,0.9810,0.0622,-0.1837,-0.0843,0.9897,-0.1153,0.1747,0.1286,0.9762),
      ["LeftLowerLeg"] = CFrame.new(0.0000,0.0000,0.0000,1.0000,-0.0000,0.0000,0.0000,0.9880,0.1543,-0.0000,-0.1543,0.9880),
      ["LeftFoot"] = CFrame.new(0.0000,0.0000,0.0000,0.9996,0.0283,0.0013,-0.0283,0.9995,-0.0120,-0.0017,0.0120,0.9999),
      ["RightUpperLeg"] = CFrame.new(0.0001,-0.0001,-0.0001,0.9966,-0.0320,0.0765,0.0351,0.9986,-0.0393,-0.0751,0.0419,0.9963),
      ["RightLowerLeg"] = CFrame.new(0.0000,0.0000,0.0000,1.0000,-0.0000,0.0000,0.0000,0.9959,0.0903,-0.0000,-0.0903,0.9959),
      ["RightFoot"] = CFrame.new(0.0000,0.0000,0.0000,0.9995,0.0329,-0.0014,-0.0329,0.9983,-0.0489,-0.0003,0.0489,0.9988),
    }},
    {Time = 0.967, Data = {
      ["HumanoidRootPart"] = CFrame.new(0.0000,0.0000,0.0000,1.0000,0.0000,0.0000,0.0000,1.0000,0.0000,0.0000,0.0000,1.0000),
      ["LowerTorso"] = CFrame.new(0.1269,-0.0000,0.0000,1.0000,-0.0001,0.0000,0.0001,1.0000,-0.0000,0.0000,0.0000,1.0000),
      ["UpperTorso"] = CFrame.new(0.0000,0.0000,0.0000,1.0000,-0.0062,-0.0000,0.0062,0.9978,-0.0654,0.0004,0.0654,0.9979),
      ["LeftUpperArm"] = CFrame.new(-0.0068,-0.0168,-0.1905,0.0354,-0.3470,-0.9372,0.0873,0.9353,-0.3430,0.9956,-0.0696,0.0634),
      ["LeftLowerArm"] = CFrame.new(-0.0092,-0.0032,-0.0038,0.8805,-0.4740,0.0000,0.3055,0.5674,-0.7647,0.3624,0.6733,0.6444),
      ["LeftHand"] = CFrame.new(0.0247,0.0428,0.0265,0.7579,-0.5274,-0.3839,0.6113,0.7797,0.1357,0.2277,-0.3376,0.9133),
      ["Head"] = CFrame.new(0.0000,0.0000,0.0000,0.9954,0.0954,0.0001,-0.0938,0.9782,0.1853,0.0176,-0.1844,0.9827),
      ["RightUpperArm"] = CFrame.new(0.0000,0.0000,0.0000,0.9872,0.1596,0.0000,-0.1596,0.9872,-0.0000,-0.0000,0.0000,1.0000),
      ["RightLowerArm"] = CFrame.new(0.0000,0.0000,0.0000,1.0000,0.0000,0.0000,0.0000,1.0000,0.0000,0.0000,0.0000,1.0000),
      ["RightHand"] = CFrame.new(0.0000,0.0000,0.0000,0.9956,0.0933,0.0000,-0.0933,0.9956,-0.0000,-0.0000,0.0000,1.0000),
      ["LeftUpperLeg"] = CFrame.new(-0.0007,-0.0130,-0.0016,0.9810,0.0629,-0.1837,-0.0850,0.9897,-0.1152,0.1746,0.1287,0.9762),
      ["LeftLowerLeg"] = CFrame.new(0.0000,0.0000,0.0000,1.0000,-0.0000,0.0000,0.0000,0.9879,0.1549,-0.0000,-0.1549,0.9879),
      ["LeftFoot"] = CFrame.new(0.0000,0.0000,0.0000,0.9996,0.0292,0.0013,-0.0292,0.9995,-0.0126,-0.0017,0.0126,0.9999),
      ["RightUpperLeg"] = CFrame.new(0.0001,-0.0001,-0.0001,0.9966,-0.0311,0.0765,0.0342,0.9986,-0.0393,-0.0751,0.0418,0.9963),
      ["RightLowerLeg"] = CFrame.new(0.0000,0.0000,0.0000,1.0000,-0.0000,0.0000,0.0000,0.9959,0.0903,-0.0000,-0.0903,0.9959),
      ["RightFoot"] = CFrame.new(0.0000,0.0000,0.0000,0.9995,0.0329,-0.0014,-0.0330,0.9983,-0.0489,-0.0003,0.0489,0.9988),
    }},
    {Time = 1.000, Data = {
      ["HumanoidRootPart"] = CFrame.new(0.0000,0.0000,0.0000,1.0000,0.0000,0.0000,0.0000,1.0000,0.0000,0.0000,0.0000,1.0000),
      ["LowerTorso"] = CFrame.new(0.1286,-0.0000,0.0000,1.0000,-0.0001,0.0000,0.0001,1.0000,-0.0000,0.0000,0.0000,1.0000),
      ["UpperTorso"] = CFrame.new(0.0000,0.0000,0.0000,1.0000,-0.0036,-0.0000,0.0036,0.9979,-0.0654,0.0003,0.0654,0.9979),
      ["LeftUpperArm"] = CFrame.new(-0.0068,-0.0168,-0.1905,0.0354,-0.3470,-0.9372,0.0873,0.9353,-0.3430,0.9956,-0.0696,0.0634),
      ["LeftLowerArm"] = CFrame.new(-0.0092,-0.0032,-0.0038,0.8805,-0.4740,0.0000,0.3055,0.5674,-0.7647,0.3624,0.6733,0.6444),
      ["LeftHand"] = CFrame.new(0.0247,0.0428,0.0265,0.7579,-0.5274,-0.3839,0.6113,0.7797,0.1357,0.2277,-0.3376,0.9133),
      ["Head"] = CFrame.new(0.0000,0.0000,0.0000,0.9952,0.0983,0.0001,-0.0966,0.9779,0.1853,0.0182,-0.1844,0.9827),
      ["RightUpperArm"] = CFrame.new(0.0000,0.0000,0.0000,0.9872,0.1596,0.0000,-0.1596,0.9872,-0.0000,-0.0000,0.0000,1.0000),
      ["RightLowerArm"] = CFrame.new(0.0000,0.0000,0.0000,1.0000,0.0000,0.0000,0.0000,1.0000,0.0000,0.0000,0.0000,1.0000),
      ["RightHand"] = CFrame.new(0.0000,0.0000,0.0000,0.9968,0.0797,0.0000,-0.0797,0.9968,-0.0000,-0.0000,0.0000,1.0000),
      ["LeftUpperLeg"] = CFrame.new(-0.0007,-0.0131,-0.0016,0.9809,0.0634,-0.1837,-0.0855,0.9897,-0.1152,0.1745,0.1287,0.9762),
      ["LeftLowerLeg"] = CFrame.new(0.0000,0.0000,0.0000,1.0000,-0.0000,0.0000,0.0000,0.9879,0.1553,-0.0000,-0.1553,0.9879),
      ["LeftFoot"] = CFrame.new(0.0000,0.0000,0.0000,0.9996,0.0298,0.0013,-0.0298,0.9995,-0.0131,-0.0017,0.0130,0.9999),
      ["RightUpperLeg"] = CFrame.new(0.0001,-0.0001,-0.0001,0.9966,-0.0304,0.0765,0.0335,0.9987,-0.0393,-0.0752,0.0418,0.9963),
      ["RightLowerLeg"] = CFrame.new(0.0000,0.0000,0.0000,1.0000,-0.0000,0.0000,0.0000,0.9959,0.0903,-0.0000,-0.0903,0.9959),
      ["RightFoot"] = CFrame.new(0.0000,0.0000,0.0000,0.9995,0.0330,-0.0014,-0.0330,0.9983,-0.0489,-0.0003,0.0489,0.9988),
    }},
    {Time = 1.033, Data = {
      ["HumanoidRootPart"] = CFrame.new(0.0000,0.0000,0.0000,1.0000,0.0000,0.0000,0.0000,1.0000,0.0000,0.0000,0.0000,1.0000),
      ["LowerTorso"] = CFrame.new(0.1298,-0.0000,0.0000,1.0000,-0.0001,0.0000,0.0001,1.0000,-0.0000,0.0000,0.0000,1.0000),
      ["UpperTorso"] = CFrame.new(0.0000,0.0000,0.0000,1.0000,-0.0006,-0.0000,0.0006,0.9979,-0.0654,0.0001,0.0654,0.9979),
      ["LeftUpperArm"] = CFrame.new(-0.0068,-0.0168,-0.1905,0.0354,-0.3470,-0.9372,0.0873,0.9353,-0.3430,0.9956,-0.0696,0.0634),
      ["LeftLowerArm"] = CFrame.new(-0.0092,-0.0032,-0.0038,0.8805,-0.4740,0.0000,0.3055,0.5674,-0.7647,0.3624,0.6733,0.6444),
      ["LeftHand"] = CFrame.new(0.0247,0.0428,0.0265,0.7579,-0.5274,-0.3839,0.6113,0.7797,0.1357,0.2277,-0.3376,0.9133),
      ["Head"] = CFrame.new(0.0000,0.0000,0.0000,0.9949,0.1010,0.0001,-0.0993,0.9777,0.1853,0.0187,-0.1843,0.9827),
      ["RightUpperArm"] = CFrame.new(0.0000,0.0000,0.0000,0.9872,0.1596,0.0000,-0.1596,0.9872,-0.0000,-0.0000,0.0000,1.0000),
      ["RightLowerArm"] = CFrame.new(0.0000,0.0000,0.0000,1.0000,0.0000,0.0000,0.0000,1.0000,0.0000,0.0000,0.0000,1.0000),
      ["RightHand"] = CFrame.new(0.0000,0.0000,0.0000,0.9979,0.0646,0.0000,-0.0646,0.9979,-0.0000,-0.0000,0.0000,1.0000),
      ["LeftUpperLeg"] = CFrame.new(-0.0007,-0.0131,-0.0016,0.9809,0.0637,-0.1837,-0.0859,0.9896,-0.1152,0.1745,0.1288,0.9762),
      ["LeftLowerLeg"] = CFrame.new(0.0000,0.0000,0.0000,1.0000,-0.0000,0.0000,0.0000,0.9878,0.1556,-0.0000,-0.1556,0.9878),
      ["LeftFoot"] = CFrame.new(0.0000,0.0000,0.0000,0.9995,0.0303,0.0013,-0.0303,0.9995,-0.0134,-0.0017,0.0133,0.9999),
      ["RightUpperLeg"] = CFrame.new(0.0001,-0.0001,-0.0001,0.9966,-0.0299,0.0765,0.0329,0.9987,-0.0393,-0.0752,0.0417,0.9963),
      ["RightLowerLeg"] = CFrame.new(0.0000,0.0000,0.0000,1.0000,-0.0000,0.0000,0.0000,0.9959,0.0903,-0.0000,-0.0903,0.9959),
      ["RightFoot"] = CFrame.new(0.0000,0.0000,0.0000,0.9995,0.0331,-0.0014,-0.0331,0.9983,-0.0489,-0.0003,0.0489,0.9988),
    }},
    {Time = 1.067, Data = {
      ["HumanoidRootPart"] = CFrame.new(0.0000,0.0000,0.0000,1.0000,0.0000,0.0000,0.0000,1.0000,0.0000,0.0000,0.0000,1.0000),
      ["LowerTorso"] = CFrame.new(0.1305,-0.0000,0.0000,1.0000,-0.0001,0.0000,0.0001,1.0000,-0.0000,0.0000,0.0000,1.0000),
      ["UpperTorso"] = CFrame.new(0.0000,0.0000,0.0000,1.0000,0.0027,-0.0000,-0.0027,0.9979,-0.0654,-0.0001,0.0654,0.9979),
      ["LeftUpperArm"] = CFrame.new(-0.0068,-0.0168,-0.1905,0.0354,-0.3470,-0.9372,0.0873,0.9353,-0.3430,0.9956,-0.0696,0.0634),
      ["LeftLowerArm"] = CFrame.new(-0.0092,-0.0032,-0.0038,0.8805,-0.4740,0.0000,0.3055,0.5674,-0.7647,0.3624,0.6733,0.6444),
      ["LeftHand"] = CFrame.new(0.0247,0.0428,0.0265,0.7579,-0.5274,-0.3839,0.6113,0.7797,0.1357,0.2277,-0.3376,0.9133),
      ["Head"] = CFrame.new(0.0000,0.0000,0.0000,0.9946,0.1034,0.0001,-0.1016,0.9774,0.1853,0.0191,-0.1843,0.9827),
      ["RightUpperArm"] = CFrame.new(0.0000,0.0000,0.0000,0.9872,0.1596,0.0000,-0.1596,0.9872,-0.0000,-0.0000,0.0000,1.0000),
      ["RightLowerArm"] = CFrame.new(0.0000,0.0000,0.0000,1.0000,0.0000,0.0000,0.0000,1.0000,0.0000,0.0000,0.0000,1.0000),
      ["RightHand"] = CFrame.new(0.0000,0.0000,0.0000,0.9988,0.0481,0.0000,-0.0481,0.9988,-0.0000,-0.0000,0.0000,1.0000),
      ["LeftUpperLeg"] = CFrame.new(-0.0007,-0.0131,-0.0016,0.9809,0.0640,-0.1837,-0.0861,0.9896,-0.1152,0.1745,0.1288,0.9762),
      ["LeftLowerLeg"] = CFrame.new(0.0000,0.0000,0.0000,1.0000,-0.0000,0.0000,0.0000,0.9878,0.1558,-0.0000,-0.1558,0.9878),
      ["LeftFoot"] = CFrame.new(0.0000,0.0000,0.0000,0.9995,0.0306,0.0013,-0.0306,0.9994,-0.0136,-0.0017,0.0135,0.9999),
      ["RightUpperLeg"] = CFrame.new(0.0001,-0.0001,-0.0001,0.9966,-0.0296,0.0765,0.0326,0.9987,-0.0393,-0.0752,0.0417,0.9963),
      ["RightLowerLeg"] = CFrame.new(0.0000,0.0000,0.0000,1.0000,-0.0000,0.0000,0.0000,0.9959,0.0903,-0.0000,-0.0903,0.9959),
      ["RightFoot"] = CFrame.new(0.0000,0.0000,0.0000,0.9995,0.0330,-0.0014,-0.0331,0.9983,-0.0489,-0.0003,0.0489,0.9988),
    }},
    {Time = 1.100, Data = {
      ["HumanoidRootPart"] = CFrame.new(0.0000,0.0000,0.0000,1.0000,0.0000,0.0000,0.0000,1.0000,0.0000,0.0000,0.0000,1.0000),
      ["LowerTorso"] = CFrame.new(0.1307,-0.0000,0.0000,1.0000,-0.0001,0.0000,0.0001,1.0000,-0.0000,0.0000,0.0000,1.0000),
      ["UpperTorso"] = CFrame.new(0.0000,0.0000,0.0000,1.0000,0.0064,-0.0000,-0.0063,0.9978,-0.0654,-0.0004,0.0654,0.9979),
      ["LeftUpperArm"] = CFrame.new(-0.0068,-0.0168,-0.1905,0.0354,-0.3470,-0.9372,0.0873,0.9353,-0.3430,0.9956,-0.0696,0.0634),
      ["LeftLowerArm"] = CFrame.new(-0.0092,-0.0032,-0.0038,0.8805,-0.4740,0.0000,0.3055,0.5674,-0.7647,0.3624,0.6733,0.6444),
      ["LeftHand"] = CFrame.new(0.0247,0.0428,0.0265,0.7579,-0.5274,-0.3839,0.6113,0.7797,0.1357,0.2277,-0.3376,0.9133),
      ["Head"] = CFrame.new(0.0000,0.0000,0.0000,0.9944,0.1055,0.0001,-0.1037,0.9772,0.1853,0.0195,-0.1842,0.9827),
      ["RightUpperArm"] = CFrame.new(0.0000,0.0000,0.0000,0.9872,0.1596,0.0000,-0.1596,0.9872,-0.0000,-0.0000,0.0000,1.0000),
      ["RightLowerArm"] = CFrame.new(0.0000,0.0000,0.0000,1.0000,0.0000,0.0000,0.0000,1.0000,0.0000,0.0000,0.0000,1.0000),
      ["RightHand"] = CFrame.new(0.0000,0.0000,0.0000,0.9995,0.0303,0.0000,-0.0303,0.9995,-0.0000,-0.0000,0.0000,1.0000),
      ["LeftUpperLeg"] = CFrame.new(-0.0007,-0.0131,-0.0016,0.9809,0.0640,-0.1837,-0.0862,0.9896,-0.1152,0.1744,0.1288,0.9762),
      ["LeftLowerLeg"] = CFrame.new(0.0000,0.0000,0.0000,1.0000,-0.0000,0.0000,0.0000,0.9878,0.1559,-0.0000,-0.1559,0.9878),
      ["LeftFoot"] = CFrame.new(0.0000,0.0000,0.0000,0.9995,0.0307,0.0013,-0.0306,0.9994,-0.0137,-0.0017,0.0136,0.9999),
      ["RightUpperLeg"] = CFrame.new(0.0001,-0.0001,-0.0001,0.9966,-0.0295,0.0765,0.0325,0.9987,-0.0393,-0.0752,0.0417,0.9963),
      ["RightLowerLeg"] = CFrame.new(0.0000,0.0000,0.0000,1.0000,-0.0000,0.0000,0.0000,0.9959,0.0903,-0.0000,-0.0903,0.9959),
      ["RightFoot"] = CFrame.new(0.0000,0.0000,0.0000,0.9995,0.0330,-0.0014,-0.0331,0.9983,-0.0489,-0.0003,0.0489,0.9988),
    }},
    {Time = 1.133, Data = {
      ["HumanoidRootPart"] = CFrame.new(0.0000,0.0000,0.0000,1.0000,0.0000,0.0000,0.0000,1.0000,0.0000,0.0000,0.0000,1.0000),
      ["LowerTorso"] = CFrame.new(0.1306,-0.0000,0.0000,1.0000,-0.0001,0.0000,0.0001,1.0000,-0.0000,0.0000,0.0000,1.0000),
      ["UpperTorso"] = CFrame.new(0.0000,0.0000,0.0000,0.9999,0.0104,-0.0000,-0.0104,0.9978,-0.0654,-0.0006,0.0654,0.9979),
      ["LeftUpperArm"] = CFrame.new(-0.0068,-0.0168,-0.1905,0.0354,-0.3470,-0.9372,0.0873,0.9353,-0.3430,0.9956,-0.0696,0.0634),
      ["LeftLowerArm"] = CFrame.new(-0.0092,-0.0032,-0.0038,0.8805,-0.4740,0.0000,0.3055,0.5674,-0.7647,0.3624,0.6733,0.6444),
      ["LeftHand"] = CFrame.new(0.0247,0.0428,0.0265,0.7579,-0.5274,-0.3839,0.6113,0.7797,0.1357,0.2277,-0.3376,0.9133),
      ["Head"] = CFrame.new(0.0000,0.0000,0.0000,0.9942,0.1073,0.0001,-0.1054,0.9770,0.1853,0.0198,-0.1842,0.9827),
      ["RightUpperArm"] = CFrame.new(0.0000,0.0000,0.0000,0.9872,0.1596,0.0000,-0.1596,0.9872,-0.0000,-0.0000,0.0000,1.0000),
      ["RightLowerArm"] = CFrame.new(0.0000,0.0000,0.0000,1.0000,0.0000,0.0000,0.0000,1.0000,0.0000,0.0000,0.0000,1.0000),
      ["RightHand"] = CFrame.new(0.0000,0.0000,0.0000,0.9999,0.0111,0.0000,-0.0111,0.9999,-0.0000,-0.0000,0.0000,1.0000),
      ["LeftUpperLeg"] = CFrame.new(-0.0007,-0.0131,-0.0016,0.9809,0.0641,-0.1837,-0.0862,0.9896,-0.1152,0.1744,0.1289,0.9762),
      ["LeftLowerLeg"] = CFrame.new(0.0000,0.0000,0.0000,1.0000,-0.0000,0.0000,0.0000,0.9878,0.1559,-0.0000,-0.1559,0.9878),
      ["LeftFoot"] = CFrame.new(0.0000,0.0000,0.0000,0.9995,0.0307,0.0013,-0.0307,0.9994,-0.0137,-0.0017,0.0136,0.9999),
      ["RightUpperLeg"] = CFrame.new(0.0001,-0.0001,-0.0001,0.9966,-0.0294,0.0765,0.0325,0.9987,-0.0393,-0.0752,0.0417,0.9963),
      ["RightLowerLeg"] = CFrame.new(0.0000,0.0000,0.0000,1.0000,-0.0000,0.0000,0.0000,0.9959,0.0903,-0.0000,-0.0903,0.9959),
      ["RightFoot"] = CFrame.new(0.0000,0.0000,0.0000,0.9995,0.0330,-0.0014,-0.0330,0.9983,-0.0489,-0.0003,0.0489,0.9988),
    }},
    {Time = 1.167, Data = {
      ["HumanoidRootPart"] = CFrame.new(0.0000,0.0000,0.0000,1.0000,0.0000,0.0000,0.0000,1.0000,0.0000,0.0000,0.0000,1.0000),
      ["LowerTorso"] = CFrame.new(0.1301,-0.0000,0.0000,1.0000,-0.0004,0.0000,0.0004,1.0000,-0.0000,0.0000,0.0000,1.0000),
      ["UpperTorso"] = CFrame.new(0.0000,0.0000,0.0000,0.9999,0.0148,-0.0000,-0.0148,0.9978,-0.0654,-0.0009,0.0654,0.9979),
      ["LeftUpperArm"] = CFrame.new(-0.0068,-0.0168,-0.1905,0.0354,-0.3470,-0.9372,0.0873,0.9353,-0.3430,0.9956,-0.0696,0.0634),
      ["LeftLowerArm"] = CFrame.new(-0.0092,-0.0032,-0.0038,0.8805,-0.4740,0.0000,0.3055,0.5674,-0.7647,0.3624,0.6733,0.6444),
      ["LeftHand"] = CFrame.new(0.0247,0.0428,0.0265,0.7579,-0.5274,-0.3839,0.6113,0.7797,0.1357,0.2277,-0.3376,0.9133),
      ["Head"] = CFrame.new(0.0000,0.0000,0.0000,0.9941,0.1088,0.0001,-0.1070,0.9769,0.1853,0.0201,-0.1842,0.9827),
      ["RightUpperArm"] = CFrame.new(0.0000,0.0000,0.0000,0.9872,0.1596,0.0000,-0.1596,0.9872,-0.0000,-0.0000,0.0000,1.0000),
      ["RightLowerArm"] = CFrame.new(0.0000,0.0000,0.0000,1.0000,0.0000,0.0000,0.0000,1.0000,0.0000,0.0000,0.0000,1.0000),
      ["RightHand"] = CFrame.new(0.0000,0.0000,0.0000,1.0000,-0.0092,0.0000,0.0092,1.0000,-0.0000,0.0000,0.0000,1.0000),
      ["LeftUpperLeg"] = CFrame.new(-0.0007,-0.0130,-0.0016,0.9809,0.0641,-0.1837,-0.0863,0.9896,-0.1152,0.1744,0.1289,0.9762),
      ["LeftLowerLeg"] = CFrame.new(0.0000,0.0000,0.0000,1.0000,-0.0000,0.0000,0.0000,0.9878,0.1559,-0.0000,-0.1559,0.9878),
      ["LeftFoot"] = CFrame.new(0.0000,0.0000,0.0000,0.9995,0.0307,0.0013,-0.0307,0.9994,-0.0137,-0.0017,0.0137,0.9999),
      ["RightUpperLeg"] = CFrame.new(0.0001,-0.0001,-0.0001,0.9966,-0.0294,0.0765,0.0325,0.9987,-0.0393,-0.0752,0.0417,0.9963),
      ["RightLowerLeg"] = CFrame.new(0.0000,0.0000,0.0000,1.0000,-0.0000,0.0000,0.0000,0.9959,0.0903,-0.0000,-0.0903,0.9959),
      ["RightFoot"] = CFrame.new(0.0000,0.0000,0.0000,0.9995,0.0329,-0.0014,-0.0330,0.9983,-0.0489,-0.0003,0.0489,0.9988),
    }},
    {Time = 1.200, Data = {
      ["HumanoidRootPart"] = CFrame.new(0.0000,0.0000,0.0000,1.0000,0.0000,0.0000,0.0000,1.0000,0.0000,0.0000,0.0000,1.0000),
      ["LowerTorso"] = CFrame.new(0.1292,-0.0000,0.0000,1.0000,-0.0008,0.0000,0.0008,1.0000,-0.0000,0.0000,0.0000,1.0000),
      ["UpperTorso"] = CFrame.new(0.0000,0.0000,0.0000,0.9998,0.0196,-0.0001,-0.0196,0.9977,-0.0654,-0.0012,0.0654,0.9979),
      ["LeftUpperArm"] = CFrame.new(-0.0068,-0.0168,-0.1905,0.0354,-0.3470,-0.9372,0.0873,0.9353,-0.3430,0.9956,-0.0696,0.0634),
      ["LeftLowerArm"] = CFrame.new(-0.0092,-0.0032,-0.0038,0.8805,-0.4740,0.0000,0.3055,0.5674,-0.7647,0.3624,0.6733,0.6444),
      ["LeftHand"] = CFrame.new(0.0247,0.0428,0.0265,0.7579,-0.5274,-0.3839,0.6113,0.7797,0.1357,0.2277,-0.3376,0.9133),
      ["Head"] = CFrame.new(0.0000,0.0000,0.0000,0.9939,0.1101,0.0001,-0.1082,0.9767,0.1853,0.0203,-0.1841,0.9827),
      ["RightUpperArm"] = CFrame.new(0.0000,0.0000,0.0000,0.9872,0.1596,0.0000,-0.1596,0.9872,-0.0000,-0.0000,0.0000,1.0000),
      ["RightLowerArm"] = CFrame.new(0.0000,0.0000,0.0000,1.0000,0.0000,0.0000,0.0000,1.0000,0.0000,0.0000,0.0000,1.0000),
      ["RightHand"] = CFrame.new(0.0000,0.0000,0.0000,0.9996,-0.0284,0.0000,0.0284,0.9996,-0.0000,0.0000,0.0000,1.0000),
      ["LeftUpperLeg"] = CFrame.new(-0.0007,-0.0130,-0.0016,0.9809,0.0642,-0.1837,-0.0863,0.9896,-0.1152,0.1744,0.1289,0.9762),
      ["LeftLowerLeg"] = CFrame.new(0.0000,0.0000,0.0000,1.0000,-0.0000,0.0000,0.0000,0.9878,0.1559,-0.0000,-0.1559,0.9878),
      ["LeftFoot"] = CFrame.new(0.0000,0.0000,0.0000,0.9995,0.0308,0.0013,-0.0307,0.9994,-0.0138,-0.0017,0.0137,0.9999),
      ["RightUpperLeg"] = CFrame.new(0.0001,-0.0003,-0.0001,0.9966,-0.0293,0.0765,0.0324,0.9987,-0.0393,-0.0752,0.0417,0.9963),
      ["RightLowerLeg"] = CFrame.new(0.0000,0.0000,0.0000,1.0000,-0.0000,0.0000,0.0000,0.9959,0.0903,-0.0000,-0.0903,0.9959),
      ["RightFoot"] = CFrame.new(0.0000,0.0000,0.0000,0.9995,0.0327,-0.0014,-0.0328,0.9983,-0.0489,-0.0002,0.0489,0.9988),
    }},
    {Time = 1.233, Data = {
      ["HumanoidRootPart"] = CFrame.new(0.0000,0.0000,0.0000,1.0000,0.0000,0.0000,0.0000,1.0000,0.0000,0.0000,0.0000,1.0000),
      ["LowerTorso"] = CFrame.new(0.1280,-0.0000,0.0000,1.0000,-0.0015,0.0000,0.0015,1.0000,-0.0000,0.0000,0.0000,1.0000),
      ["UpperTorso"] = CFrame.new(0.0000,0.0000,0.0000,0.9997,0.0248,-0.0001,-0.0247,0.9976,-0.0654,-0.0016,0.0654,0.9979),
      ["LeftUpperArm"] = CFrame.new(-0.0068,-0.0168,-0.1905,0.0354,-0.3470,-0.9372,0.0873,0.9353,-0.3430,0.9956,-0.0696,0.0634),
      ["LeftLowerArm"] = CFrame.new(-0.0092,-0.0032,-0.0038,0.8805,-0.4740,0.0000,0.3055,0.5674,-0.7647,0.3624,0.6733,0.6444),
      ["LeftHand"] = CFrame.new(0.0247,0.0428,0.0265,0.7579,-0.5274,-0.3839,0.6113,0.7797,0.1357,0.2277,-0.3376,0.9133),
      ["Head"] = CFrame.new(0.0000,0.0000,0.0000,0.9938,0.1111,0.0001,-0.1092,0.9766,0.1853,0.0205,-0.1841,0.9827),
      ["RightUpperArm"] = CFrame.new(0.0000,0.0000,0.0000,0.9872,0.1596,0.0000,-0.1596,0.9872,-0.0000,-0.0000,0.0000,1.0000),
      ["RightLowerArm"] = CFrame.new(0.0000,0.0000,0.0000,1.0000,0.0000,0.0000,0.0000,1.0000,0.0000,0.0000,0.0000,1.0000),
      ["RightHand"] = CFrame.new(0.0000,0.0000,0.0000,0.9989,-0.0462,0.0000,0.0462,0.9989,-0.0000,0.0000,0.0000,1.0000),
      ["LeftUpperLeg"] = CFrame.new(-0.0007,-0.0129,-0.0016,0.9809,0.0642,-0.1837,-0.0864,0.9896,-0.1152,0.1744,0.1289,0.9762),
      ["LeftLowerLeg"] = CFrame.new(0.0000,0.0000,0.0000,1.0000,-0.0000,0.0000,0.0000,0.9878,0.1559,-0.0000,-0.1559,0.9878),
      ["LeftFoot"] = CFrame.new(0.0000,0.0000,0.0000,0.9995,0.0308,0.0013,-0.0308,0.9994,-0.0139,-0.0017,0.0138,0.9999),
      ["RightUpperLeg"] = CFrame.new(0.0001,-0.0005,-0.0001,0.9966,-0.0292,0.0765,0.0322,0.9987,-0.0393,-0.0752,0.0417,0.9963),
      ["RightLowerLeg"] = CFrame.new(0.0000,0.0000,0.0000,1.0000,-0.0000,0.0000,0.0000,0.9959,0.0903,-0.0000,-0.0903,0.9959),
      ["RightFoot"] = CFrame.new(0.0000,0.0000,0.0000,0.9995,0.0325,-0.0014,-0.0325,0.9983,-0.0489,-0.0002,0.0489,0.9988),
    }},
    {Time = 1.267, Data = {
      ["HumanoidRootPart"] = CFrame.new(0.0000,0.0000,0.0000,1.0000,0.0000,0.0000,0.0000,1.0000,0.0000,0.0000,0.0000,1.0000),
      ["LowerTorso"] = CFrame.new(0.1264,-0.0000,0.0000,1.0000,-0.0023,0.0000,0.0023,1.0000,-0.0000,0.0000,0.0000,1.0000),
      ["UpperTorso"] = CFrame.new(0.0000,0.0000,0.0000,0.9995,0.0303,-0.0001,-0.0302,0.9974,-0.0654,-0.0019,0.0653,0.9979),
      ["LeftUpperArm"] = CFrame.new(-0.0068,-0.0168,-0.1905,0.0354,-0.3470,-0.9372,0.0873,0.9353,-0.3430,0.9956,-0.0696,0.0634),
      ["LeftLowerArm"] = CFrame.new(-0.0092,-0.0032,-0.0038,0.8805,-0.4740,0.0000,0.3055,0.5674,-0.7647,0.3624,0.6733,0.6444),
      ["LeftHand"] = CFrame.new(0.0247,0.0428,0.0265,0.7579,-0.5274,-0.3839,0.6113,0.7797,0.1357,0.2277,-0.3376,0.9133),
      ["Head"] = CFrame.new(0.0000,0.0000,0.0000,0.9937,0.1118,0.0001,-0.1098,0.9765,0.1853,0.0206,-0.1841,0.9827),
      ["RightUpperArm"] = CFrame.new(0.0000,0.0000,0.0000,0.9872,0.1596,0.0000,-0.1596,0.9872,-0.0000,-0.0000,0.0000,1.0000),
      ["RightLowerArm"] = CFrame.new(0.0000,0.0000,0.0000,1.0000,0.0000,0.0000,0.0000,1.0000,0.0000,0.0000,0.0000,1.0000),
      ["RightHand"] = CFrame.new(0.0000,0.0000,0.0000,0.9980,-0.0627,0.0000,0.0627,0.9980,-0.0000,0.0000,0.0000,1.0000),
      ["LeftUpperLeg"] = CFrame.new(-0.0007,-0.0128,-0.0016,0.9809,0.0644,-0.1837,-0.0865,0.9896,-0.1152,0.1744,0.1289,0.9762),
      ["LeftLowerLeg"] = CFrame.new(0.0000,0.0000,0.0000,1.0000,-0.0000,0.0000,0.0000,0.9878,0.1559,-0.0000,-0.1559,0.9878),
      ["LeftFoot"] = CFrame.new(0.0000,0.0000,0.0000,0.9995,0.0308,0.0013,-0.0308,0.9994,-0.0140,-0.0017,0.0139,0.9999),
      ["RightUpperLeg"] = CFrame.new(0.0001,-0.0008,-0.0001,0.9967,-0.0290,0.0765,0.0321,0.9987,-0.0393,-0.0752,0.0417,0.9963),
      ["RightLowerLeg"] = CFrame.new(0.0000,0.0000,0.0000,1.0000,-0.0000,0.0000,0.0000,0.9959,0.0903,-0.0000,-0.0903,0.9959),
      ["RightFoot"] = CFrame.new(0.0000,0.0000,0.0000,0.9995,0.0321,-0.0014,-0.0321,0.9983,-0.0489,-0.0002,0.0489,0.9988),
    }},
    {Time = 1.300, Data = {
      ["HumanoidRootPart"] = CFrame.new(0.0000,0.0000,0.0000,1.0000,0.0000,0.0000,0.0000,1.0000,0.0000,0.0000,0.0000,1.0000),
      ["LowerTorso"] = CFrame.new(0.1245,-0.0000,0.0000,1.0000,-0.0034,0.0000,0.0034,1.0000,-0.0000,0.0000,0.0000,1.0000),
      ["UpperTorso"] = CFrame.new(0.0000,0.0000,0.0000,0.9993,0.0362,-0.0001,-0.0361,0.9972,-0.0654,-0.0023,0.0653,0.9979),
      ["LeftUpperArm"] = CFrame.new(-0.0068,-0.0168,-0.1905,0.0354,-0.3470,-0.9372,0.0873,0.9353,-0.3430,0.9956,-0.0696,0.0634),
      ["LeftLowerArm"] = CFrame.new(-0.0092,-0.0032,-0.0038,0.8805,-0.4740,0.0000,0.3055,0.5674,-0.7647,0.3624,0.6733,0.6444),
      ["LeftHand"] = CFrame.new(0.0247,0.0428,0.0265,0.7579,-0.5274,-0.3839,0.6113,0.7797,0.1357,0.2277,-0.3376,0.9133),
      ["Head"] = CFrame.new(0.0000,0.0000,0.0000,0.9937,0.1122,0.0001,-0.1103,0.9765,0.1853,0.0207,-0.1841,0.9827),
      ["RightUpperArm"] = CFrame.new(0.0000,0.0000,0.0000,0.9872,0.1596,0.0000,-0.1596,0.9872,-0.0000,-0.0000,0.0000,1.0000),
      ["RightLowerArm"] = CFrame.new(0.0000,0.0000,0.0000,1.0000,0.0000,0.0000,0.0000,1.0000,0.0000,0.0000,0.0000,1.0000),
      ["RightHand"] = CFrame.new(0.0000,0.0000,0.0000,0.9970,-0.0778,0.0000,0.0778,0.9970,-0.0000,0.0000,0.0000,1.0000),
      ["LeftUpperLeg"] = CFrame.new(-0.0007,-0.0126,-0.0016,0.9809,0.0645,-0.1837,-0.0866,0.9896,-0.1152,0.1744,0.1289,0.9762),
      ["LeftLowerLeg"] = CFrame.new(0.0000,0.0000,0.0000,1.0000,-0.0000,0.0000,0.0000,0.9878,0.1559,-0.0000,-0.1559,0.9878),
      ["LeftFoot"] = CFrame.new(0.0000,0.0000,0.0000,0.9995,0.0308,0.0013,-0.0308,0.9994,-0.0141,-0.0017,0.0141,0.9999),
      ["RightUpperLeg"] = CFrame.new(0.0001,-0.0012,-0.0001,0.9967,-0.0288,0.0765,0.0319,0.9987,-0.0393,-0.0752,0.0417,0.9963),
      ["RightLowerLeg"] = CFrame.new(0.0000,0.0000,0.0000,1.0000,-0.0000,0.0000,0.0000,0.9959,0.0903,-0.0000,-0.0903,0.9959),
      ["RightFoot"] = CFrame.new(0.0000,0.0000,0.0000,0.9995,0.0317,-0.0014,-0.0317,0.9983,-0.0489,-0.0002,0.0489,0.9988),
    }},
    {Time = 1.333, Data = {
      ["HumanoidRootPart"] = CFrame.new(0.0000,0.0000,0.0000,1.0000,0.0000,0.0000,0.0000,1.0000,0.0000,0.0000,0.0000,1.0000),
      ["LowerTorso"] = CFrame.new(0.1223,-0.0000,0.0000,1.0000,-0.0046,0.0000,0.0046,1.0000,-0.0000,0.0000,0.0000,1.0000),
      ["UpperTorso"] = CFrame.new(0.0000,0.0000,0.0000,0.9991,0.0424,-0.0001,-0.0423,0.9970,-0.0654,-0.0027,0.0653,0.9979),
      ["LeftUpperArm"] = CFrame.new(-0.0068,-0.0168,-0.1905,0.0354,-0.3470,-0.9372,0.0873,0.9353,-0.3430,0.9956,-0.0696,0.0634),
      ["LeftLowerArm"] = CFrame.new(-0.0092,-0.0032,-0.0038,0.8805,-0.4740,0.0000,0.3055,0.5674,-0.7647,0.3624,0.6733,0.6444),
      ["LeftHand"] = CFrame.new(0.0247,0.0428,0.0265,0.7579,-0.5274,-0.3839,0.6113,0.7797,0.1357,0.2277,-0.3376,0.9133),
      ["Head"] = CFrame.new(0.0000,0.0000,0.0000,0.9937,0.1123,0.0001,-0.1104,0.9765,0.1853,0.0207,-0.1841,0.9827),
      ["RightUpperArm"] = CFrame.new(0.0000,0.0000,0.0000,0.9872,0.1596,0.0000,-0.1596,0.9872,-0.0000,-0.0000,0.0000,1.0000),
      ["RightLowerArm"] = CFrame.new(0.0000,0.0000,0.0000,1.0000,0.0000,0.0000,0.0000,1.0000,0.0000,0.0000,0.0000,1.0000),
      ["RightHand"] = CFrame.new(0.0000,0.0000,0.0000,0.9958,-0.0915,0.0000,0.0915,0.9958,-0.0000,0.0000,0.0000,1.0000),
      ["LeftUpperLeg"] = CFrame.new(-0.0007,-0.0124,-0.0016,0.9808,0.0647,-0.1837,-0.0868,0.9895,-0.1152,0.1744,0.1289,0.9762),
      ["LeftLowerLeg"] = CFrame.new(0.0000,0.0000,0.0000,1.0000,-0.0000,0.0000,0.0000,0.9878,0.1559,-0.0000,-0.1559,0.9878),
      ["LeftFoot"] = CFrame.new(0.0000,0.0000,0.0000,0.9995,0.0309,0.0013,-0.0309,0.9994,-0.0143,-0.0017,0.0142,0.9999),
      ["RightUpperLeg"] = CFrame.new(0.0001,-0.0016,-0.0001,0.9967,-0.0285,0.0765,0.0316,0.9987,-0.0393,-0.0752,0.0416,0.9963),
      ["RightLowerLeg"] = CFrame.new(0.0000,0.0000,0.0000,1.0000,-0.0000,0.0000,0.0000,0.9959,0.0903,-0.0000,-0.0903,0.9959),
      ["RightFoot"] = CFrame.new(0.0000,0.0000,0.0000,0.9995,0.0312,-0.0014,-0.0312,0.9983,-0.0489,-0.0002,0.0489,0.9988),
    }},
    {Time = 1.367, Data = {
      ["HumanoidRootPart"] = CFrame.new(0.0000,0.0000,0.0000,1.0000,0.0000,0.0000,0.0000,1.0000,0.0000,0.0000,0.0000,1.0000),
      ["LowerTorso"] = CFrame.new(0.1197,-0.0000,0.0000,1.0000,-0.0060,0.0000,0.0060,1.0000,-0.0000,0.0000,0.0000,1.0000),
      ["UpperTorso"] = CFrame.new(0.0000,0.0000,0.0000,0.9988,0.0485,-0.0001,-0.0484,0.9967,-0.0654,-0.0031,0.0653,0.9979),
      ["LeftUpperArm"] = CFrame.new(-0.0068,-0.0168,-0.1905,0.0354,-0.3470,-0.9372,0.0873,0.9353,-0.3430,0.9956,-0.0696,0.0634),
      ["LeftLowerArm"] = CFrame.new(-0.0092,-0.0032,-0.0038,0.8805,-0.4740,0.0000,0.3055,0.5674,-0.7647,0.3624,0.6733,0.6444),
      ["LeftHand"] = CFrame.new(0.0247,0.0428,0.0265,0.7579,-0.5274,-0.3839,0.6113,0.7797,0.1357,0.2277,-0.3376,0.9133),
      ["Head"] = CFrame.new(0.0000,0.0000,0.0000,0.9937,0.1122,0.0001,-0.1103,0.9765,0.1853,0.0207,-0.1841,0.9827),
      ["RightUpperArm"] = CFrame.new(0.0000,0.0000,0.0000,0.9872,0.1596,0.0000,-0.1596,0.9872,-0.0000,-0.0000,0.0000,1.0000),
      ["RightLowerArm"] = CFrame.new(0.0000,0.0000,0.0000,1.0000,0.0000,0.0000,0.0000,1.0000,0.0000,0.0000,0.0000,1.0000),
      ["RightHand"] = CFrame.new(0.0000,0.0000,0.0000,0.9946,-0.1038,0.0000,0.1038,0.9946,-0.0000,0.0000,0.0000,1.0000),
      ["LeftUpperLeg"] = CFrame.new(-0.0007,-0.0122,-0.0016,0.9808,0.0648,-0.1837,-0.0870,0.9895,-0.1152,0.1743,0.1290,0.9762),
      ["LeftLowerLeg"] = CFrame.new(0.0000,0.0000,0.0000,1.0000,-0.0000,0.0000,0.0000,0.9878,0.1559,-0.0000,-0.1559,0.9878),
      ["LeftFoot"] = CFrame.new(0.0000,0.0000,0.0000,0.9995,0.0309,0.0013,-0.0309,0.9994,-0.0145,-0.0017,0.0144,0.9999),
      ["RightUpperLeg"] = CFrame.new(0.0001,-0.0021,-0.0001,0.9967,-0.0283,0.0765,0.0313,0.9987,-0.0393,-0.0753,0.0416,0.9963),
      ["RightLowerLeg"] = CFrame.new(0.0000,0.0000,0.0000,1.0000,-0.0000,0.0000,0.0000,0.9959,0.0903,-0.0000,-0.0903,0.9959),
      ["RightFoot"] = CFrame.new(0.0000,0.0000,0.0000,0.9995,0.0306,-0.0014,-0.0306,0.9983,-0.0489,-0.0001,0.0489,0.9988),
    }},
    {Time = 1.400, Data = {
      ["HumanoidRootPart"] = CFrame.new(0.0000,0.0000,0.0000,1.0000,0.0000,0.0000,0.0000,1.0000,0.0000,0.0000,0.0000,1.0000),
      ["LowerTorso"] = CFrame.new(0.1167,-0.0000,0.0000,1.0000,-0.0076,0.0000,0.0076,1.0000,-0.0000,0.0000,0.0000,1.0000),
      ["UpperTorso"] = CFrame.new(0.0000,0.0000,0.0000,0.9985,0.0542,-0.0001,-0.0541,0.9964,-0.0654,-0.0035,0.0653,0.9979),
      ["LeftUpperArm"] = CFrame.new(-0.0068,-0.0168,-0.1905,0.0354,-0.3470,-0.9372,0.0873,0.9353,-0.3430,0.9956,-0.0696,0.0634),
      ["LeftLowerArm"] = CFrame.new(-0.0092,-0.0032,-0.0038,0.8805,-0.4740,0.0000,0.3055,0.5674,-0.7647,0.3624,0.6733,0.6444),
      ["LeftHand"] = CFrame.new(0.0247,0.0428,0.0265,0.7579,-0.5274,-0.3839,0.6113,0.7797,0.1357,0.2277,-0.3376,0.9133),
      ["Head"] = CFrame.new(0.0000,0.0000,0.0000,0.9937,0.1118,0.0001,-0.1099,0.9765,0.1855,0.0207,-0.1843,0.9827),
      ["RightUpperArm"] = CFrame.new(0.0000,0.0000,0.0000,0.9872,0.1596,0.0000,-0.1596,0.9872,-0.0000,-0.0000,0.0000,1.0000),
      ["RightLowerArm"] = CFrame.new(0.0000,0.0000,0.0000,1.0000,0.0000,0.0000,0.0000,1.0000,0.0000,0.0000,0.0000,1.0000),
      ["RightHand"] = CFrame.new(0.0000,0.0000,0.0000,0.9934,-0.1147,0.0000,0.1147,0.9934,-0.0000,0.0000,0.0000,1.0000),
      ["LeftUpperLeg"] = CFrame.new(-0.0007,-0.0119,-0.0015,0.9808,0.0651,-0.1837,-0.0872,0.9895,-0.1152,0.1743,0.1290,0.9762),
      ["LeftLowerLeg"] = CFrame.new(0.0000,0.0000,0.0000,1.0000,-0.0000,0.0000,0.0000,0.9878,0.1559,-0.0000,-0.1559,0.9878),
      ["LeftFoot"] = CFrame.new(0.0000,0.0000,0.0000,0.9995,0.0310,0.0013,-0.0310,0.9994,-0.0147,-0.0017,0.0146,0.9999),
      ["RightUpperLeg"] = CFrame.new(0.0001,-0.0027,-0.0001,0.9967,-0.0279,0.0765,0.0310,0.9987,-0.0394,-0.0753,0.0416,0.9963),
      ["RightLowerLeg"] = CFrame.new(0.0000,0.0000,0.0000,1.0000,-0.0000,0.0000,0.0000,0.9959,0.0903,-0.0000,-0.0903,0.9959),
      ["RightFoot"] = CFrame.new(0.0000,0.0000,0.0000,0.9996,0.0299,-0.0014,-0.0299,0.9984,-0.0489,-0.0001,0.0489,0.9988),
    }},
    {Time = 1.433, Data = {
      ["HumanoidRootPart"] = CFrame.new(0.0000,0.0000,0.0000,1.0000,0.0000,0.0000,0.0000,1.0000,0.0000,0.0000,0.0000,1.0000),
      ["LowerTorso"] = CFrame.new(0.1135,-0.0000,0.0000,1.0000,-0.0093,0.0000,0.0093,1.0000,-0.0000,0.0000,0.0000,1.0000),
      ["UpperTorso"] = CFrame.new(0.0000,0.0000,0.0000,0.9982,0.0595,-0.0001,-0.0594,0.9961,-0.0654,-0.0038,0.0653,0.9979),
      ["LeftUpperArm"] = CFrame.new(-0.0068,-0.0168,-0.1905,0.0354,-0.3470,-0.9372,0.0873,0.9353,-0.3430,0.9956,-0.0696,0.0634),
      ["LeftLowerArm"] = CFrame.new(-0.0092,-0.0032,-0.0038,0.8805,-0.4740,0.0000,0.3055,0.5674,-0.7647,0.3624,0.6733,0.6444),
      ["LeftHand"] = CFrame.new(0.0247,0.0428,0.0265,0.7579,-0.5274,-0.3839,0.6113,0.7797,0.1357,0.2277,-0.3376,0.9133),
      ["Head"] = CFrame.new(0.0000,0.0000,0.0000,0.9938,0.1111,0.0001,-0.1092,0.9765,0.1858,0.0206,-0.1846,0.9826),
      ["RightUpperArm"] = CFrame.new(0.0000,0.0000,0.0000,0.9872,0.1596,0.0000,-0.1596,0.9872,-0.0000,-0.0000,0.0000,1.0000),
      ["RightLowerArm"] = CFrame.new(0.0000,0.0000,0.0000,1.0000,0.0000,0.0000,0.0000,1.0000,0.0000,0.0000,0.0000,1.0000),
      ["RightHand"] = CFrame.new(0.0000,0.0000,0.0000,0.9923,-0.1242,0.0000,0.1242,0.9923,-0.0000,0.0000,0.0000,1.0000),
      ["LeftUpperLeg"] = CFrame.new(-0.0007,-0.0116,-0.0015,0.9808,0.0653,-0.1837,-0.0874,0.9895,-0.1152,0.1743,0.1291,0.9762),
      ["LeftLowerLeg"] = CFrame.new(0.0000,0.0000,0.0000,1.0000,-0.0000,0.0000,0.0000,0.9878,0.1559,-0.0000,-0.1559,0.9878),
      ["LeftFoot"] = CFrame.new(0.0000,0.0000,0.0000,0.9995,0.0311,0.0013,-0.0310,0.9994,-0.0149,-0.0017,0.0149,0.9999),
      ["RightUpperLeg"] = CFrame.new(0.0001,-0.0033,-0.0001,0.9967,-0.0276,0.0765,0.0306,0.9988,-0.0394,-0.0753,0.0416,0.9963),
      ["RightLowerLeg"] = CFrame.new(0.0000,0.0000,0.0000,1.0000,-0.0000,0.0000,0.0000,0.9959,0.0903,-0.0000,-0.0903,0.9959),
      ["RightFoot"] = CFrame.new(0.0000,0.0000,0.0000,0.9996,0.0292,-0.0014,-0.0292,0.9984,-0.0489,-0.0001,0.0489,0.9988),
    }},
    {Time = 1.467, Data = {
      ["HumanoidRootPart"] = CFrame.new(0.0000,0.0000,0.0000,1.0000,0.0000,0.0000,0.0000,1.0000,0.0000,0.0000,0.0000,1.0000),
      ["LowerTorso"] = CFrame.new(0.1098,-0.0000,0.0000,0.9999,-0.0113,0.0000,0.0113,0.9999,-0.0000,0.0000,0.0000,1.0000),
      ["UpperTorso"] = CFrame.new(0.0000,0.0000,0.0000,0.9979,0.0645,-0.0001,-0.0644,0.9958,-0.0654,-0.0042,0.0653,0.9979),
      ["LeftUpperArm"] = CFrame.new(-0.0068,-0.0168,-0.1905,0.0354,-0.3470,-0.9372,0.0873,0.9353,-0.3430,0.9956,-0.0696,0.0634),
      ["LeftLowerArm"] = CFrame.new(-0.0092,-0.0032,-0.0038,0.8805,-0.4740,0.0000,0.3055,0.5674,-0.7647,0.3624,0.6733,0.6444),
      ["LeftHand"] = CFrame.new(0.0247,0.0428,0.0265,0.7579,-0.5274,-0.3839,0.6113,0.7797,0.1357,0.2277,-0.3376,0.9133),
      ["Head"] = CFrame.new(0.0000,0.0000,0.0000,0.9939,0.1102,0.0001,-0.1082,0.9765,0.1862,0.0204,-0.1851,0.9825),
      ["RightUpperArm"] = CFrame.new(0.0000,0.0000,0.0000,0.9872,0.1596,0.0000,-0.1596,0.9872,-0.0000,-0.0000,0.0000,1.0000),
      ["RightLowerArm"] = CFrame.new(0.0000,0.0000,0.0000,1.0000,0.0000,0.0000,0.0000,1.0000,0.0000,0.0000,0.0000,1.0000),
      ["RightHand"] = CFrame.new(0.0000,0.0000,0.0000,0.9912,-0.1324,0.0000,0.1324,0.9912,-0.0000,0.0000,0.0000,1.0000),
      ["LeftUpperLeg"] = CFrame.new(-0.0007,-0.0113,-0.0015,0.9808,0.0655,-0.1837,-0.0877,0.9895,-0.1152,0.1742,0.1291,0.9762),
      ["LeftLowerLeg"] = CFrame.new(0.0000,0.0000,0.0000,1.0000,-0.0000,0.0000,0.0000,0.9878,0.1559,-0.0000,-0.1559,0.9878),
      ["LeftFoot"] = CFrame.new(0.0000,0.0000,0.0000,0.9995,0.0311,0.0013,-0.0311,0.9994,-0.0152,-0.0017,0.0152,0.9999),
      ["RightUpperLeg"] = CFrame.new(0.0001,-0.0040,-0.0002,0.9967,-0.0272,0.0765,0.0303,0.9988,-0.0394,-0.0753,0.0415,0.9963),
      ["RightLowerLeg"] = CFrame.new(0.0000,0.0000,0.0000,1.0000,-0.0000,0.0000,0.0000,0.9959,0.0903,-0.0000,-0.0903,0.9959),
      ["RightFoot"] = CFrame.new(0.0000,0.0000,0.0000,0.9996,0.0283,-0.0014,-0.0284,0.9984,-0.0489,-0.0000,0.0489,0.9988),
    }},
    {Time = 1.500, Data = {
      ["HumanoidRootPart"] = CFrame.new(0.0000,0.0000,0.0000,1.0000,0.0000,0.0000,0.0000,1.0000,0.0000,0.0000,0.0000,1.0000),
      ["LowerTorso"] = CFrame.new(0.1058,-0.0000,0.0000,0.9999,-0.0134,0.0000,0.0134,0.9999,-0.0000,0.0000,0.0000,1.0000),
      ["UpperTorso"] = CFrame.new(0.0000,0.0000,0.0000,0.9976,0.0691,-0.0001,-0.0690,0.9955,-0.0654,-0.0045,0.0652,0.9979),
      ["LeftUpperArm"] = CFrame.new(-0.0068,-0.0168,-0.1905,0.0354,-0.3470,-0.9372,0.0873,0.9353,-0.3430,0.9956,-0.0696,0.0634),
      ["LeftLowerArm"] = CFrame.new(-0.0092,-0.0032,-0.0038,0.8805,-0.4740,0.0000,0.3055,0.5674,-0.7647,0.3624,0.6733,0.6444),
      ["LeftHand"] = CFrame.new(0.0247,0.0428,0.0265,0.7579,-0.5274,-0.3839,0.6113,0.7797,0.1357,0.2277,-0.3376,0.9133),
      ["Head"] = CFrame.new(0.0000,0.0000,0.0000,0.9940,0.1089,0.0001,-0.1070,0.9766,0.1867,0.0203,-0.1856,0.9824),
      ["RightUpperArm"] = CFrame.new(0.0000,0.0000,0.0000,0.9872,0.1596,0.0000,-0.1596,0.9872,-0.0000,-0.0000,0.0000,1.0000),
      ["RightLowerArm"] = CFrame.new(0.0000,0.0000,0.0000,1.0000,0.0000,0.0000,0.0000,1.0000,0.0000,0.0000,0.0000,1.0000),
      ["RightHand"] = CFrame.new(0.0000,0.0000,0.0000,0.9903,-0.1392,0.0000,0.1392,0.9903,-0.0000,0.0000,0.0000,1.0000),
      ["LeftUpperLeg"] = CFrame.new(-0.0007,-0.0109,-0.0014,0.9808,0.0658,-0.1837,-0.0880,0.9894,-0.1152,0.1742,0.1292,0.9762),
      ["LeftLowerLeg"] = CFrame.new(0.0000,0.0000,0.0000,1.0000,-0.0000,0.0000,0.0000,0.9878,0.1559,-0.0000,-0.1559,0.9878),
      ["LeftFoot"] = CFrame.new(0.0000,0.0000,0.0000,0.9995,0.0312,0.0012,-0.0312,0.9994,-0.0155,-0.0017,0.0155,0.9999),
      ["RightUpperLeg"] = CFrame.new(0.0001,-0.0048,-0.0002,0.9967,-0.0267,0.0765,0.0298,0.9988,-0.0394,-0.0753,0.0415,0.9963),
      ["RightLowerLeg"] = CFrame.new(0.0000,0.0000,0.0000,1.0000,-0.0000,0.0000,0.0000,0.9959,0.0903,-0.0000,-0.0903,0.9959),
      ["RightFoot"] = CFrame.new(0.0000,0.0000,0.0000,0.9996,0.0274,-0.0014,-0.0275,0.9984,-0.0489,0.0000,0.0489,0.9988),
    }},
    {Time = 1.533, Data = {
      ["HumanoidRootPart"] = CFrame.new(0.0000,0.0000,0.0000,1.0000,0.0000,0.0000,0.0000,1.0000,0.0000,0.0000,0.0000,1.0000),
      ["LowerTorso"] = CFrame.new(0.1015,-0.0000,0.0000,0.9999,-0.0158,0.0000,0.0158,0.9999,-0.0000,0.0000,0.0000,1.0000),
      ["UpperTorso"] = CFrame.new(0.0000,0.0000,0.0000,0.9973,0.0733,-0.0001,-0.0732,0.9952,-0.0654,-0.0047,0.0652,0.9979),
      ["LeftUpperArm"] = CFrame.new(-0.0068,-0.0168,-0.1905,0.0354,-0.3470,-0.9372,0.0873,0.9353,-0.3430,0.9956,-0.0696,0.0634),
      ["LeftLowerArm"] = CFrame.new(-0.0092,-0.0032,-0.0038,0.8805,-0.4740,0.0000,0.3055,0.5674,-0.7647,0.3624,0.6733,0.6444),
      ["LeftHand"] = CFrame.new(0.0247,0.0428,0.0265,0.7579,-0.5274,-0.3839,0.6113,0.7797,0.1357,0.2277,-0.3376,0.9133),
      ["Head"] = CFrame.new(0.0000,0.0000,0.0000,0.9942,0.1074,0.0001,-0.1056,0.9766,0.1874,0.0200,-0.1863,0.9823),
      ["RightUpperArm"] = CFrame.new(0.0000,0.0000,0.0000,0.9872,0.1596,0.0000,-0.1596,0.9872,-0.0000,-0.0000,0.0000,1.0000),
      ["RightLowerArm"] = CFrame.new(0.0000,0.0000,0.0000,1.0000,0.0000,0.0000,0.0000,1.0000,0.0000,0.0000,0.0000,1.0000),
      ["RightHand"] = CFrame.new(0.0000,0.0000,0.0000,0.9895,-0.1446,0.0000,0.1446,0.9895,-0.0000,0.0000,0.0000,1.0000),
      ["LeftUpperLeg"] = CFrame.new(-0.0007,-0.0106,-0.0014,0.9807,0.0661,-0.1837,-0.0883,0.9894,-0.1152,0.1742,0.1292,0.9762),
      ["LeftLowerLeg"] = CFrame.new(0.0000,0.0000,0.0000,1.0000,-0.0000,0.0000,0.0000,0.9878,0.1559,-0.0000,-0.1559,0.9878),
      ["LeftFoot"] = CFrame.new(0.0000,0.0000,0.0000,0.9995,0.0313,0.0012,-0.0313,0.9994,-0.0158,-0.0017,0.0158,0.9999),
      ["RightUpperLeg"] = CFrame.new(0.0001,-0.0056,-0.0002,0.9967,-0.0263,0.0765,0.0294,0.9988,-0.0394,-0.0753,0.0415,0.9963),
      ["RightLowerLeg"] = CFrame.new(0.0000,0.0000,0.0000,1.0000,-0.0000,0.0000,0.0000,0.9959,0.0903,-0.0000,-0.0903,0.9959),
      ["RightFoot"] = CFrame.new(0.0000,0.0000,0.0000,0.9996,0.0265,-0.0014,-0.0265,0.9985,-0.0489,0.0001,0.0489,0.9988),
    }},
    {Time = 1.567, Data = {
      ["HumanoidRootPart"] = CFrame.new(0.0000,0.0000,0.0000,1.0000,0.0000,0.0000,0.0000,1.0000,0.0000,0.0000,0.0000,1.0000),
      ["LowerTorso"] = CFrame.new(0.0968,-0.0001,0.0000,0.9998,-0.0183,0.0000,0.0183,0.9998,-0.0000,0.0000,0.0000,1.0000),
      ["UpperTorso"] = CFrame.new(0.0000,0.0000,0.0000,0.9970,0.0772,-0.0001,-0.0770,0.9949,-0.0654,-0.0050,0.0652,0.9979),
      ["LeftUpperArm"] = CFrame.new(-0.0068,-0.0168,-0.1905,0.0354,-0.3470,-0.9372,0.0873,0.9353,-0.3430,0.9956,-0.0696,0.0634),
      ["LeftLowerArm"] = CFrame.new(-0.0092,-0.0032,-0.0038,0.8805,-0.4740,0.0000,0.3055,0.5674,-0.7647,0.3624,0.6733,0.6444),
      ["LeftHand"] = CFrame.new(0.0247,0.0428,0.0265,0.7579,-0.5274,-0.3839,0.6113,0.7797,0.1357,0.2277,-0.3376,0.9133),
      ["Head"] = CFrame.new(0.0000,0.0000,0.0000,0.9944,0.1057,0.0001,-0.1038,0.9766,0.1882,0.0198,-0.1871,0.9821),
      ["RightUpperArm"] = CFrame.new(0.0000,0.0000,0.0000,0.9872,0.1596,0.0000,-0.1596,0.9872,-0.0000,-0.0000,0.0000,1.0000),
      ["RightLowerArm"] = CFrame.new(0.0000,0.0000,0.0000,1.0000,0.0000,0.0000,0.0000,1.0000,0.0000,0.0000,0.0000,1.0000),
      ["RightHand"] = CFrame.new(0.0000,0.0000,0.0000,0.9889,-0.1487,0.0000,0.1487,0.9889,-0.0000,0.0000,0.0000,1.0000),
      ["LeftUpperLeg"] = CFrame.new(-0.0006,-0.0101,-0.0013,0.9807,0.0665,-0.1837,-0.0887,0.9894,-0.1152,0.1741,0.1293,0.9762),
      ["LeftLowerLeg"] = CFrame.new(0.0000,0.0000,0.0000,1.0000,-0.0000,0.0000,0.0000,0.9878,0.1559,-0.0000,-0.1559,0.9878),
      ["LeftFoot"] = CFrame.new(0.0000,0.0000,0.0000,0.9995,0.0314,0.0012,-0.0314,0.9994,-0.0162,-0.0017,0.0161,0.9999),
      ["RightUpperLeg"] = CFrame.new(0.0001,-0.0065,-0.0003,0.9967,-0.0258,0.0765,0.0288,0.9988,-0.0394,-0.0754,0.0414,0.9963),
      ["RightLowerLeg"] = CFrame.new(0.0000,0.0000,0.0000,1.0000,-0.0000,0.0000,0.0000,0.9959,0.0903,-0.0000,-0.0903,0.9959),
      ["RightFoot"] = CFrame.new(0.0000,0.0000,0.0000,0.9997,0.0254,-0.0014,-0.0254,0.9985,-0.0489,0.0001,0.0489,0.9988),
    }},
    {Time = 1.600, Data = {
      ["HumanoidRootPart"] = CFrame.new(0.0000,0.0000,0.0000,1.0000,0.0000,0.0000,0.0000,1.0000,0.0000,0.0000,0.0000,1.0000),
      ["LowerTorso"] = CFrame.new(0.0918,-0.0001,0.0000,0.9998,-0.0210,0.0000,0.0210,0.9998,-0.0000,0.0000,0.0000,1.0000),
      ["UpperTorso"] = CFrame.new(0.0000,0.0000,0.0000,0.9967,0.0807,-0.0001,-0.0805,0.9946,-0.0654,-0.0052,0.0652,0.9979),
      ["LeftUpperArm"] = CFrame.new(-0.0068,-0.0168,-0.1905,0.0354,-0.3470,-0.9372,0.0873,0.9353,-0.3430,0.9956,-0.0696,0.0634),
      ["LeftLowerArm"] = CFrame.new(-0.0092,-0.0032,-0.0038,0.8805,-0.4740,0.0000,0.3055,0.5674,-0.7647,0.3624,0.6733,0.6444),
      ["LeftHand"] = CFrame.new(0.0247,0.0428,0.0265,0.7579,-0.5274,-0.3839,0.6113,0.7797,0.1357,0.2277,-0.3376,0.9133),
      ["Head"] = CFrame.new(0.0000,0.0000,0.0000,0.9946,0.1037,0.0002,-0.1018,0.9767,0.1891,0.0194,-0.1881,0.9820),
      ["RightUpperArm"] = CFrame.new(0.0000,0.0000,0.0000,0.9872,0.1596,0.0000,-0.1596,0.9872,-0.0000,-0.0000,0.0000,1.0000),
      ["RightLowerArm"] = CFrame.new(0.0000,0.0000,0.0000,1.0000,0.0000,0.0000,0.0000,1.0000,0.0000,0.0000,0.0000,1.0000),
      ["RightHand"] = CFrame.new(0.0000,0.0000,0.0000,0.9885,-0.1514,0.0000,0.1514,0.9885,-0.0000,0.0000,0.0000,1.0000),
      ["LeftUpperLeg"] = CFrame.new(-0.0006,-0.0097,-0.0013,0.9807,0.0668,-0.1837,-0.0890,0.9893,-0.1152,0.1741,0.1293,0.9762),
      ["LeftLowerLeg"] = CFrame.new(0.0000,0.0000,0.0000,1.0000,-0.0000,0.0000,0.0000,0.9878,0.1559,-0.0000,-0.1559,0.9878),
      ["LeftFoot"] = CFrame.new(0.0000,0.0000,0.0000,0.9995,0.0315,0.0012,-0.0315,0.9994,-0.0165,-0.0017,0.0165,0.9999),
      ["RightUpperLeg"] = CFrame.new(0.0001,-0.0074,-0.0003,0.9968,-0.0252,0.0765,0.0283,0.9988,-0.0394,-0.0754,0.0414,0.9963),
      ["RightLowerLeg"] = CFrame.new(0.0000,0.0000,0.0000,1.0000,-0.0000,0.0000,0.0000,0.9959,0.0903,-0.0000,-0.0903,0.9959),
      ["RightFoot"] = CFrame.new(0.0000,0.0000,0.0000,0.9997,0.0243,-0.0014,-0.0243,0.9985,-0.0489,0.0002,0.0489,0.9988),
    }},
    {Time = 1.633, Data = {
      ["HumanoidRootPart"] = CFrame.new(0.0000,0.0000,0.0000,1.0000,0.0000,0.0000,0.0000,1.0000,0.0000,0.0000,0.0000,1.0000),
      ["LowerTorso"] = CFrame.new(0.0865,-0.0001,0.0000,0.9997,-0.0239,0.0000,0.0239,0.9997,-0.0000,0.0000,0.0000,1.0000),
      ["UpperTorso"] = CFrame.new(0.0000,0.0000,0.0000,0.9965,0.0838,-0.0001,-0.0836,0.9943,-0.0654,-0.0054,0.0652,0.9979),
      ["LeftUpperArm"] = CFrame.new(-0.0068,-0.0168,-0.1905,0.0354,-0.3470,-0.9372,0.0873,0.9353,-0.3430,0.9956,-0.0696,0.0634),
      ["LeftLowerArm"] = CFrame.new(-0.0092,-0.0032,-0.0038,0.8805,-0.4740,0.0000,0.3055,0.5674,-0.7647,0.3624,0.6733,0.6444),
      ["LeftHand"] = CFrame.new(0.0247,0.0428,0.0265,0.7579,-0.5274,-0.3839,0.6113,0.7797,0.1357,0.2277,-0.3376,0.9133),
      ["Head"] = CFrame.new(0.0000,0.0000,0.0000,0.9949,0.1013,0.0002,-0.0995,0.9767,0.1901,0.0191,-0.1891,0.9818),
      ["RightUpperArm"] = CFrame.new(0.0000,0.0000,0.0000,0.9872,0.1596,0.0000,-0.1596,0.9872,-0.0000,-0.0000,0.0000,1.0000),
      ["RightLowerArm"] = CFrame.new(0.0000,0.0000,0.0000,1.0000,0.0000,0.0000,0.0000,1.0000,0.0000,0.0000,0.0000,1.0000),
      ["RightHand"] = CFrame.new(0.0000,0.0000,0.0000,0.9883,-0.1528,0.0000,0.1528,0.9883,-0.0000,0.0000,0.0000,1.0000),
      ["LeftUpperLeg"] = CFrame.new(-0.0006,-0.0092,-0.0012,0.9807,0.0672,-0.1837,-0.0894,0.9893,-0.1152,0.1740,0.1294,0.9762),
      ["LeftLowerLeg"] = CFrame.new(0.0000,0.0000,0.0000,1.0000,-0.0000,0.0000,0.0000,0.9878,0.1559,-0.0000,-0.1559,0.9878),
      ["LeftFoot"] = CFrame.new(0.0000,0.0000,0.0000,0.9995,0.0316,0.0012,-0.0316,0.9994,-0.0169,-0.0017,0.0169,0.9999),
      ["RightUpperLeg"] = CFrame.new(0.0001,-0.0085,-0.0003,0.9968,-0.0246,0.0765,0.0277,0.9988,-0.0394,-0.0754,0.0413,0.9963),
      ["RightLowerLeg"] = CFrame.new(0.0000,0.0000,0.0000,1.0000,-0.0000,0.0000,0.0000,0.9959,0.0903,-0.0000,-0.0903,0.9959),
      ["RightFoot"] = CFrame.new(0.0000,0.0000,0.0000,0.9997,0.0230,-0.0014,-0.0231,0.9985,-0.0489,0.0002,0.0489,0.9988),
    }},
    {Time = 1.667, Data = {
      ["HumanoidRootPart"] = CFrame.new(0.0000,0.0000,0.0000,1.0000,0.0000,0.0000,0.0000,1.0000,0.0000,0.0000,0.0000,1.0000),
      ["LowerTorso"] = CFrame.new(0.0807,-0.0001,0.0000,0.9996,-0.0270,0.0000,0.0270,0.9996,-0.0000,0.0000,0.0000,1.0000),
      ["UpperTorso"] = CFrame.new(0.0000,0.0000,0.0000,0.9962,0.0866,-0.0001,-0.0864,0.9941,-0.0654,-0.0056,0.0652,0.9979),
      ["LeftUpperArm"] = CFrame.new(-0.0068,-0.0168,-0.1905,0.0354,-0.3470,-0.9372,0.0873,0.9353,-0.3430,0.9956,-0.0696,0.0634),
      ["LeftLowerArm"] = CFrame.new(-0.0092,-0.0032,-0.0038,0.8805,-0.4740,0.0000,0.3055,0.5674,-0.7647,0.3624,0.6733,0.6444),
      ["LeftHand"] = CFrame.new(0.0247,0.0428,0.0265,0.7579,-0.5274,-0.3839,0.6113,0.7797,0.1357,0.2277,-0.3376,0.9133),
      ["Head"] = CFrame.new(0.0000,0.0000,0.0000,0.9951,0.0988,0.0003,-0.0970,0.9767,0.1912,0.0186,-0.1903,0.9815),
      ["RightUpperArm"] = CFrame.new(0.0000,0.0000,0.0000,0.9872,0.1596,0.0000,-0.1596,0.9872,-0.0000,-0.0000,0.0000,1.0000),
      ["RightLowerArm"] = CFrame.new(0.0000,0.0000,0.0000,1.0000,0.0000,0.0000,0.0000,1.0000,0.0000,0.0000,0.0000,1.0000),
      ["RightHand"] = CFrame.new(0.0000,0.0000,0.0000,0.9883,-0.1528,0.0000,0.1528,0.9883,-0.0000,0.0000,0.0000,1.0000),
      ["LeftUpperLeg"] = CFrame.new(-0.0005,-0.0087,-0.0011,0.9806,0.0676,-0.1837,-0.0898,0.9893,-0.1152,0.1740,0.1295,0.9762),
      ["LeftLowerLeg"] = CFrame.new(0.0000,0.0000,0.0000,1.0000,-0.0000,0.0000,0.0000,0.9878,0.1559,-0.0000,-0.1559,0.9878),
      ["LeftFoot"] = CFrame.new(0.0000,0.0000,0.0000,0.9995,0.0317,0.0011,-0.0317,0.9993,-0.0174,-0.0017,0.0173,0.9998),
      ["RightUpperLeg"] = CFrame.new(0.0001,-0.0096,-0.0004,0.9968,-0.0240,0.0765,0.0271,0.9989,-0.0394,-0.0754,0.0413,0.9963),
      ["RightLowerLeg"] = CFrame.new(0.0000,0.0000,0.0000,1.0000,-0.0000,0.0000,0.0000,0.9959,0.0903,-0.0000,-0.0903,0.9959),
      ["RightFoot"] = CFrame.new(0.0000,0.0000,0.0000,0.9998,0.0217,-0.0014,-0.0218,0.9986,-0.0489,0.0003,0.0489,0.9988),
    }},
    {Time = 1.700, Data = {
      ["HumanoidRootPart"] = CFrame.new(0.0000,0.0000,0.0000,1.0000,0.0000,0.0000,0.0000,1.0000,0.0000,0.0000,0.0000,1.0000),
      ["LowerTorso"] = CFrame.new(0.0747,-0.0001,0.0000,0.9995,-0.0302,0.0000,0.0302,0.9995,-0.0000,0.0000,0.0000,1.0000),
      ["UpperTorso"] = CFrame.new(0.0000,0.0000,0.0000,0.9960,0.0889,-0.0001,-0.0888,0.9939,-0.0654,-0.0057,0.0651,0.9979),
      ["LeftUpperArm"] = CFrame.new(-0.0068,-0.0168,-0.1905,0.0354,-0.3470,-0.9372,0.0873,0.9353,-0.3430,0.9956,-0.0696,0.0634),
      ["LeftLowerArm"] = CFrame.new(-0.0092,-0.0032,-0.0038,0.8805,-0.4740,0.0000,0.3055,0.5674,-0.7647,0.3624,0.6733,0.6444),
      ["LeftHand"] = CFrame.new(0.0247,0.0428,0.0265,0.7579,-0.5274,-0.3839,0.6113,0.7797,0.1357,0.2277,-0.3376,0.9133),
      ["Head"] = CFrame.new(0.0000,0.0000,0.0000,0.9954,0.0959,0.0003,-0.0942,0.9768,0.1925,0.0182,-0.1916,0.9813),
      ["RightUpperArm"] = CFrame.new(0.0000,0.0000,0.0000,0.9872,0.1596,0.0000,-0.1596,0.9872,-0.0000,-0.0000,0.0000,1.0000),
      ["RightLowerArm"] = CFrame.new(0.0000,0.0000,0.0000,1.0000,0.0000,0.0000,0.0000,1.0000,0.0000,0.0000,0.0000,1.0000),
      ["RightHand"] = CFrame.new(0.0000,0.0000,0.0000,0.9884,-0.1518,0.0000,0.1518,0.9884,-0.0000,0.0000,0.0000,1.0000),
      ["LeftUpperLeg"] = CFrame.new(-0.0005,-0.0082,-0.0011,0.9806,0.0681,-0.1837,-0.0903,0.9892,-0.1152,0.1739,0.1295,0.9762),
      ["LeftLowerLeg"] = CFrame.new(0.0000,0.0000,0.0000,1.0000,-0.0000,0.0000,0.0000,0.9878,0.1559,-0.0000,-0.1559,0.9878),
      ["LeftFoot"] = CFrame.new(0.0000,0.0000,0.0000,0.9995,0.0318,0.0011,-0.0318,0.9993,-0.0178,-0.0017,0.0178,0.9998),
      ["RightUpperLeg"] = CFrame.new(0.0001,-0.0107,-0.0004,0.9968,-0.0234,0.0765,0.0264,0.9989,-0.0394,-0.0754,0.0413,0.9963),
      ["RightLowerLeg"] = CFrame.new(0.0000,0.0000,0.0000,1.0000,-0.0000,0.0000,0.0000,0.9959,0.0903,-0.0000,-0.0903,0.9959),
      ["RightFoot"] = CFrame.new(0.0000,0.0000,0.0000,0.9998,0.0204,-0.0014,-0.0204,0.9986,-0.0489,0.0004,0.0489,0.9988),
    }},
    {Time = 1.733, Data = {
      ["HumanoidRootPart"] = CFrame.new(0.0000,0.0000,0.0000,1.0000,0.0000,0.0000,0.0000,1.0000,0.0000,0.0000,0.0000,1.0000),
      ["LowerTorso"] = CFrame.new(0.0683,-0.0001,0.0000,0.9994,-0.0337,0.0000,0.0337,0.9994,-0.0000,0.0000,0.0000,1.0000),
      ["UpperTorso"] = CFrame.new(0.0000,0.0000,0.0000,0.9959,0.0910,-0.0001,-0.0908,0.9937,-0.0654,-0.0059,0.0651,0.9979),
      ["LeftUpperArm"] = CFrame.new(-0.0068,-0.0168,-0.1905,0.0354,-0.3470,-0.9372,0.0873,0.9353,-0.3430,0.9956,-0.0696,0.0634),
      ["LeftLowerArm"] = CFrame.new(-0.0092,-0.0032,-0.0038,0.8805,-0.4740,0.0000,0.3055,0.5674,-0.7647,0.3624,0.6733,0.6444),
      ["LeftHand"] = CFrame.new(0.0247,0.0428,0.0265,0.7579,-0.5274,-0.3839,0.6113,0.7797,0.1357,0.2277,-0.3376,0.9133),
      ["Head"] = CFrame.new(0.0000,0.0000,0.0000,0.9957,0.0928,0.0003,-0.0911,0.9768,0.1939,0.0177,-0.1931,0.9810),
      ["RightUpperArm"] = CFrame.new(0.0000,0.0000,0.0000,0.9872,0.1596,0.0000,-0.1596,0.9872,-0.0000,-0.0000,0.0000,1.0000),
      ["RightLowerArm"] = CFrame.new(0.0000,0.0000,0.0000,1.0000,0.0000,0.0000,0.0000,1.0000,0.0000,0.0000,0.0000,1.0000),
      ["RightHand"] = CFrame.new(0.0000,0.0000,0.0000,0.9887,-0.1496,0.0000,0.1496,0.9887,-0.0000,0.0000,0.0000,1.0000),
      ["LeftUpperLeg"] = CFrame.new(-0.0005,-0.0076,-0.0010,0.9806,0.0685,-0.1837,-0.0907,0.9892,-0.1152,0.1738,0.1296,0.9762),
      ["LeftLowerLeg"] = CFrame.new(0.0000,0.0000,0.0000,1.0000,-0.0000,0.0000,0.0000,0.9878,0.1559,-0.0000,-0.1559,0.9878),
      ["LeftFoot"] = CFrame.new(0.0000,0.0000,0.0000,0.9995,0.0320,0.0011,-0.0319,0.9993,-0.0183,-0.0016,0.0182,0.9998),
      ["RightUpperLeg"] = CFrame.new(0.0002,-0.0119,-0.0005,0.9968,-0.0227,0.0765,0.0257,0.9989,-0.0394,-0.0755,0.0412,0.9963),
      ["RightLowerLeg"] = CFrame.new(0.0000,0.0000,0.0000,1.0000,-0.0000,0.0000,0.0000,0.9959,0.0903,-0.0000,-0.0903,0.9959),
      ["RightFoot"] = CFrame.new(0.0000,0.0000,0.0000,0.9998,0.0189,-0.0014,-0.0190,0.9986,-0.0489,0.0004,0.0489,0.9988),
    }},
    {Time = 1.767, Data = {
      ["HumanoidRootPart"] = CFrame.new(0.0000,0.0000,0.0000,1.0000,0.0000,0.0000,0.0000,1.0000,0.0000,0.0000,0.0000,1.0000),
      ["LowerTorso"] = CFrame.new(0.0615,-0.0001,0.0000,0.9993,-0.0373,0.0000,0.0373,0.9993,-0.0000,0.0000,0.0000,1.0000),
      ["UpperTorso"] = CFrame.new(0.0000,0.0000,0.0000,0.9957,0.0926,-0.0001,-0.0924,0.9936,-0.0654,-0.0060,0.0651,0.9979),
      ["LeftUpperArm"] = CFrame.new(-0.0068,-0.0168,-0.1905,0.0354,-0.3470,-0.9372,0.0873,0.9353,-0.3430,0.9956,-0.0696,0.0634),
      ["LeftLowerArm"] = CFrame.new(-0.0092,-0.0032,-0.0038,0.8805,-0.4740,0.0000,0.3055,0.5674,-0.7647,0.3624,0.6733,0.6444),
      ["LeftHand"] = CFrame.new(0.0247,0.0428,0.0265,0.7579,-0.5274,-0.3839,0.6113,0.7797,0.1357,0.2277,-0.3376,0.9133),
      ["Head"] = CFrame.new(0.0000,0.0000,0.0000,0.9960,0.0894,0.0004,-0.0878,0.9768,0.1954,0.0171,-0.1946,0.9807),
      ["RightUpperArm"] = CFrame.new(0.0000,0.0000,0.0000,0.9872,0.1596,0.0000,-0.1596,0.9872,-0.0000,-0.0000,0.0000,1.0000),
      ["RightLowerArm"] = CFrame.new(0.0000,0.0000,0.0000,1.0000,0.0000,0.0000,0.0000,1.0000,0.0000,0.0000,0.0000,1.0000),
      ["RightHand"] = CFrame.new(0.0000,0.0000,0.0000,0.9892,-0.1465,0.0000,0.1465,0.9892,-0.0000,0.0000,0.0000,1.0000),
      ["LeftUpperLeg"] = CFrame.new(-0.0004,-0.0070,-0.0009,0.9806,0.0690,-0.1837,-0.0912,0.9891,-0.1152,0.1738,0.1297,0.9762),
      ["LeftLowerLeg"] = CFrame.new(0.0000,0.0000,0.0000,1.0000,-0.0000,0.0000,0.0000,0.9878,0.1559,-0.0000,-0.1559,0.9878),
      ["LeftFoot"] = CFrame.new(0.0000,0.0000,0.0000,0.9995,0.0321,0.0010,-0.0321,0.9993,-0.0188,-0.0016,0.0187,0.9998),
      ["RightUpperLeg"] = CFrame.new(0.0002,-0.0132,-0.0005,0.9968,-0.0219,0.0765,0.0250,0.9989,-0.0394,-0.0755,0.0411,0.9963),
      ["RightLowerLeg"] = CFrame.new(0.0000,0.0000,0.0000,1.0000,-0.0000,0.0000,0.0000,0.9959,0.0903,-0.0000,-0.0903,0.9959),
      ["RightFoot"] = CFrame.new(0.0000,0.0000,0.0000,0.9998,0.0174,-0.0014,-0.0174,0.9987,-0.0489,0.0005,0.0489,0.9988),
    }},
    {Time = 1.800, Data = {
      ["HumanoidRootPart"] = CFrame.new(0.0000,0.0000,0.0000,1.0000,0.0000,0.0000,0.0000,1.0000,0.0000,0.0000,0.0000,1.0000),
      ["LowerTorso"] = CFrame.new(0.0545,-0.0001,0.0000,0.9992,-0.0411,0.0000,0.0411,0.9992,-0.0000,0.0000,0.0000,1.0000),
      ["UpperTorso"] = CFrame.new(0.0000,0.0000,0.0000,0.9956,0.0939,-0.0001,-0.0937,0.9935,-0.0654,-0.0061,0.0651,0.9979),
      ["LeftUpperArm"] = CFrame.new(-0.0068,-0.0168,-0.1905,0.0354,-0.3470,-0.9372,0.0873,0.9353,-0.3430,0.9956,-0.0696,0.0634),
      ["LeftLowerArm"] = CFrame.new(-0.0092,-0.0032,-0.0038,0.8805,-0.4740,0.0000,0.3055,0.5674,-0.7647,0.3624,0.6733,0.6444),
      ["LeftHand"] = CFrame.new(0.0247,0.0428,0.0265,0.7579,-0.5274,-0.3839,0.6113,0.7797,0.1357,0.2277,-0.3376,0.9133),
      ["Head"] = CFrame.new(0.0000,0.0000,0.0000,0.9963,0.0857,0.0004,-0.0841,0.9768,0.1970,0.0165,-0.1963,0.9804),
      ["RightUpperArm"] = CFrame.new(0.0000,0.0000,0.0000,0.9872,0.1596,0.0000,-0.1596,0.9872,-0.0000,-0.0000,0.0000,1.0000),
      ["RightLowerArm"] = CFrame.new(0.0000,0.0000,0.0000,1.0000,0.0000,0.0000,0.0000,1.0000,0.0000,0.0000,0.0000,1.0000),
      ["RightHand"] = CFrame.new(0.0000,0.0000,0.0000,0.9898,-0.1422,0.0000,0.1422,0.9898,-0.0000,0.0000,0.0000,1.0000),
      ["LeftUpperLeg"] = CFrame.new(-0.0004,-0.0064,-0.0008,0.9805,0.0695,-0.1837,-0.0917,0.9891,-0.1152,0.1737,0.1298,0.9762),
      ["LeftLowerLeg"] = CFrame.new(0.0000,0.0000,0.0000,1.0000,-0.0000,0.0000,0.0000,0.9878,0.1559,-0.0000,-0.1559,0.9878),
      ["LeftFoot"] = CFrame.new(0.0000,0.0000,0.0000,0.9995,0.0322,0.0010,-0.0322,0.9993,-0.0193,-0.0016,0.0193,0.9998),
      ["RightUpperLeg"] = CFrame.new(0.0002,-0.0146,-0.0006,0.9968,-0.0212,0.0765,0.0242,0.9989,-0.0394,-0.0755,0.0411,0.9963),
      ["RightLowerLeg"] = CFrame.new(0.0000,0.0000,0.0000,1.0000,-0.0000,0.0000,0.0000,0.9959,0.0903,-0.0000,-0.0903,0.9959),
      ["RightFoot"] = CFrame.new(0.0000,0.0000,0.0000,0.9999,0.0158,-0.0014,-0.0158,0.9987,-0.0489,0.0006,0.0489,0.9988),
    }},
    {Time = 1.833, Data = {
      ["HumanoidRootPart"] = CFrame.new(0.0000,0.0000,0.0000,1.0000,0.0000,0.0000,0.0000,1.0000,0.0000,0.0000,0.0000,1.0000),
      ["LowerTorso"] = CFrame.new(0.0475,-0.0001,0.0000,0.9990,-0.0449,0.0000,0.0449,0.9990,-0.0000,0.0000,0.0000,1.0000),
      ["UpperTorso"] = CFrame.new(0.0000,0.0000,0.0000,0.9955,0.0948,-0.0001,-0.0946,0.9934,-0.0654,-0.0061,0.0651,0.9979),
      ["LeftUpperArm"] = CFrame.new(-0.0068,-0.0168,-0.1905,0.0354,-0.3470,-0.9372,0.0873,0.9353,-0.3430,0.9956,-0.0696,0.0634),
      ["LeftLowerArm"] = CFrame.new(-0.0092,-0.0032,-0.0038,0.8805,-0.4740,0.0000,0.3055,0.5674,-0.7647,0.3624,0.6733,0.6444),
      ["LeftHand"] = CFrame.new(0.0247,0.0428,0.0265,0.7579,-0.5274,-0.3839,0.6113,0.7797,0.1357,0.2277,-0.3376,0.9133),
      ["Head"] = CFrame.new(0.0000,0.0000,0.0000,0.9966,0.0818,0.0004,-0.0802,0.9768,0.1987,0.0158,-0.1981,0.9801),
      ["RightUpperArm"] = CFrame.new(0.0000,0.0000,0.0000,0.9872,0.1596,0.0000,-0.1596,0.9872,-0.0000,-0.0000,0.0000,1.0000),
      ["RightLowerArm"] = CFrame.new(0.0000,0.0000,0.0000,1.0000,0.0000,0.0000,0.0000,1.0000,0.0000,0.0000,0.0000,1.0000),
      ["RightHand"] = CFrame.new(0.0000,0.0000,0.0000,0.9906,-0.1369,0.0000,0.1369,0.9906,-0.0000,0.0000,0.0000,1.0000),
      ["LeftUpperLeg"] = CFrame.new(-0.0004,-0.0058,-0.0008,0.9805,0.0700,-0.1837,-0.0922,0.9891,-0.1152,0.1736,0.1299,0.9762),
      ["LeftLowerLeg"] = CFrame.new(0.0000,0.0000,0.0000,1.0000,-0.0000,0.0000,0.0000,0.9878,0.1559,-0.0000,-0.1559,0.9878),
      ["LeftFoot"] = CFrame.new(0.0000,0.0000,0.0000,0.9995,0.0324,0.0009,-0.0324,0.9993,-0.0198,-0.0016,0.0198,0.9998),
      ["RightUpperLeg"] = CFrame.new(0.0002,-0.0159,-0.0006,0.9969,-0.0204,0.0764,0.0235,0.9989,-0.0394,-0.0756,0.0410,0.9963),
      ["RightLowerLeg"] = CFrame.new(0.0000,0.0000,0.0000,1.0000,-0.0000,0.0000,0.0000,0.9959,0.0903,-0.0000,-0.0903,0.9959),
      ["RightFoot"] = CFrame.new(0.0000,0.0000,0.0000,0.9999,0.0142,-0.0014,-0.0143,0.9987,-0.0489,0.0007,0.0489,0.9988),
    }},
    {Time = 1.867, Data = {
      ["HumanoidRootPart"] = CFrame.new(0.0000,0.0000,0.0000,1.0000,0.0000,0.0000,0.0000,1.0000,0.0000,0.0000,0.0000,1.0000),
      ["LowerTorso"] = CFrame.new(0.0410,-0.0001,0.0000,0.9988,-0.0484,0.0000,0.0484,0.9988,-0.0000,0.0000,0.0000,1.0000),
      ["UpperTorso"] = CFrame.new(0.0000,0.0000,0.0000,0.9954,0.0954,-0.0001,-0.0952,0.9933,-0.0654,-0.0062,0.0651,0.9979),
      ["LeftUpperArm"] = CFrame.new(-0.0068,-0.0168,-0.1905,0.0354,-0.3470,-0.9372,0.0873,0.9353,-0.3430,0.9956,-0.0696,0.0634),
      ["LeftLowerArm"] = CFrame.new(-0.0092,-0.0032,-0.0038,0.8805,-0.4740,0.0000,0.3055,0.5674,-0.7647,0.3624,0.6733,0.6444),
      ["LeftHand"] = CFrame.new(0.0247,0.0428,0.0265,0.7579,-0.5274,-0.3839,0.6113,0.7797,0.1357,0.2277,-0.3376,0.9133),
      ["Head"] = CFrame.new(0.0000,0.0000,0.0000,0.9970,0.0776,0.0005,-0.0761,0.9767,0.2006,0.0151,-0.2000,0.9797),
      ["RightUpperArm"] = CFrame.new(0.0000,0.0000,0.0000,0.9872,0.1596,0.0000,-0.1596,0.9872,-0.0000,-0.0000,0.0000,1.0000),
      ["RightLowerArm"] = CFrame.new(0.0000,0.0000,0.0000,1.0000,0.0000,0.0000,0.0000,1.0000,0.0000,0.0000,0.0000,1.0000),
      ["RightHand"] = CFrame.new(0.0000,0.0000,0.0000,0.9914,-0.1306,0.0000,0.1306,0.9914,-0.0000,0.0000,0.0000,1.0000),
      ["LeftUpperLeg"] = CFrame.new(-0.0003,-0.0052,-0.0007,0.9804,0.0705,-0.1837,-0.0927,0.9890,-0.1152,0.1736,0.1300,0.9762),
      ["LeftLowerLeg"] = CFrame.new(0.0000,0.0000,0.0000,1.0000,-0.0000,0.0000,0.0000,0.9878,0.1559,-0.0000,-0.1559,0.9878),
      ["LeftFoot"] = CFrame.new(0.0000,0.0000,0.0000,0.9995,0.0325,0.0009,-0.0325,0.9993,-0.0203,-0.0015,0.0203,0.9998),
      ["RightUpperLeg"] = CFrame.new(0.0002,-0.0172,-0.0007,0.9969,-0.0197,0.0764,0.0228,0.9990,-0.0394,-0.0756,0.0410,0.9963),
      ["RightLowerLeg"] = CFrame.new(0.0000,0.0000,0.0000,1.0000,-0.0000,0.0000,0.0000,0.9959,0.0903,-0.0000,-0.0903,0.9959),
      ["RightFoot"] = CFrame.new(0.0000,0.0000,0.0000,0.9999,0.0127,-0.0014,-0.0128,0.9987,-0.0489,0.0008,0.0489,0.9988),
    }},
    {Time = 1.900, Data = {
      ["HumanoidRootPart"] = CFrame.new(0.0000,0.0000,0.0000,1.0000,0.0000,0.0000,0.0000,1.0000,0.0000,0.0000,0.0000,1.0000),
      ["LowerTorso"] = CFrame.new(0.0347,-0.0001,0.0000,0.9987,-0.0518,0.0000,0.0518,0.9987,-0.0000,0.0000,0.0000,1.0000),
      ["UpperTorso"] = CFrame.new(0.0000,0.0000,0.0000,0.9954,0.0955,-0.0001,-0.0953,0.9933,-0.0654,-0.0062,0.0651,0.9979),
      ["LeftUpperArm"] = CFrame.new(-0.0068,-0.0168,-0.1905,0.0354,-0.3470,-0.9372,0.0873,0.9353,-0.3430,0.9956,-0.0696,0.0634),
      ["LeftLowerArm"] = CFrame.new(-0.0092,-0.0032,-0.0038,0.8805,-0.4740,0.0000,0.3055,0.5674,-0.7647,0.3624,0.6733,0.6444),
      ["LeftHand"] = CFrame.new(0.0247,0.0428,0.0265,0.7579,-0.5274,-0.3839,0.6113,0.7797,0.1357,0.2277,-0.3376,0.9133),
      ["Head"] = CFrame.new(0.0000,0.0000,0.0000,0.9973,0.0731,0.0005,-0.0717,0.9766,0.2026,0.0143,-0.2021,0.9793),
      ["RightUpperArm"] = CFrame.new(0.0000,0.0000,0.0000,0.9872,0.1596,0.0000,-0.1596,0.9872,-0.0000,-0.0000,0.0000,1.0000),
      ["RightLowerArm"] = CFrame.new(0.0000,0.0000,0.0000,1.0000,0.0000,0.0000,0.0000,1.0000,0.0000,0.0000,0.0000,1.0000),
      ["RightHand"] = CFrame.new(0.0000,0.0000,0.0000,0.9924,-0.1231,0.0000,0.1231,0.9924,-0.0000,0.0000,0.0000,1.0000),
      ["LeftUpperLeg"] = CFrame.new(-0.0003,-0.0047,-0.0006,0.9804,0.0710,-0.1837,-0.0932,0.9890,-0.1152,0.1735,0.1300,0.9762),
      ["LeftLowerLeg"] = CFrame.new(0.0000,0.0000,0.0000,1.0000,-0.0000,0.0000,0.0000,0.9878,0.1559,-0.0000,-0.1559,0.9878),
      ["LeftFoot"] = CFrame.new(0.0000,0.0000,0.0000,0.9995,0.0326,0.0009,-0.0326,0.9993,-0.0208,-0.0015,0.0207,0.9998),
      ["RightUpperLeg"] = CFrame.new(0.0002,-0.0183,-0.0007,0.9969,-0.0190,0.0764,0.0221,0.9990,-0.0394,-0.0756,0.0409,0.9963),
      ["RightLowerLeg"] = CFrame.new(0.0000,0.0000,0.0000,1.0000,-0.0000,0.0000,0.0000,0.9959,0.0903,-0.0000,-0.0903,0.9959),
      ["RightFoot"] = CFrame.new(0.0000,0.0000,0.0000,0.9999,0.0113,-0.0014,-0.0113,0.9987,-0.0489,0.0008,0.0489,0.9988),
    }},
    {Time = 1.933, Data = {
      ["HumanoidRootPart"] = CFrame.new(0.0000,0.0000,0.0000,1.0000,0.0000,0.0000,0.0000,1.0000,0.0000,0.0000,0.0000,1.0000),
      ["LowerTorso"] = CFrame.new(0.0288,-0.0001,0.0000,0.9985,-0.0549,0.0000,0.0549,0.9985,-0.0000,0.0000,0.0000,1.0000),
      ["UpperTorso"] = CFrame.new(0.0000,0.0000,0.0000,0.9954,0.0956,-0.0001,-0.0954,0.9933,-0.0654,-0.0062,0.0651,0.9979),
      ["LeftUpperArm"] = CFrame.new(-0.0068,-0.0168,-0.1905,0.0354,-0.3470,-0.9372,0.0873,0.9353,-0.3430,0.9956,-0.0696,0.0634),
      ["LeftLowerArm"] = CFrame.new(-0.0092,-0.0032,-0.0038,0.8805,-0.4740,0.0000,0.3055,0.5674,-0.7647,0.3624,0.6733,0.6444),
      ["LeftHand"] = CFrame.new(0.0247,0.0428,0.0265,0.7579,-0.5274,-0.3839,0.6113,0.7797,0.1357,0.2277,-0.3376,0.9133),
      ["Head"] = CFrame.new(0.0000,0.0000,0.0000,0.9977,0.0683,0.0005,-0.0670,0.9765,0.2047,0.0135,-0.2042,0.9788),
      ["RightUpperArm"] = CFrame.new(0.0000,0.0000,0.0000,0.9872,0.1596,0.0000,-0.1596,0.9872,-0.0000,-0.0000,0.0000,1.0000),
      ["RightLowerArm"] = CFrame.new(0.0000,0.0000,0.0000,1.0000,0.0000,0.0000,0.0000,1.0000,0.0000,0.0000,0.0000,1.0000),
      ["RightHand"] = CFrame.new(0.0000,0.0000,0.0000,0.9934,-0.1146,0.0000,0.1146,0.9934,-0.0000,0.0000,0.0000,1.0000),
      ["LeftUpperLeg"] = CFrame.new(-0.0003,-0.0042,-0.0005,0.9804,0.0714,-0.1837,-0.0936,0.9889,-0.1152,0.1735,0.1301,0.9762),
      ["LeftLowerLeg"] = CFrame.new(0.0000,0.0000,0.0000,1.0000,-0.0000,0.0000,0.0000,0.9878,0.1559,-0.0000,-0.1559,0.9878),
      ["LeftFoot"] = CFrame.new(0.0000,0.0000,0.0000,0.9995,0.0328,0.0008,-0.0327,0.9992,-0.0212,-0.0015,0.0212,0.9998),
      ["RightUpperLeg"] = CFrame.new(0.0003,-0.0195,-0.0008,0.9969,-0.0184,0.0764,0.0214,0.9990,-0.0394,-0.0756,0.0409,0.9963),
      ["RightLowerLeg"] = CFrame.new(0.0000,0.0000,0.0000,1.0000,-0.0000,0.0000,0.0000,0.9959,0.0903,-0.0000,-0.0903,0.9959),
      ["RightFoot"] = CFrame.new(0.0000,0.0000,0.0000,0.9999,0.0100,-0.0014,-0.0100,0.9988,-0.0489,0.0009,0.0489,0.9988),
    }},
    {Time = 1.967, Data = {
      ["HumanoidRootPart"] = CFrame.new(0.0000,0.0000,0.0000,1.0000,0.0000,0.0000,0.0000,1.0000,0.0000,0.0000,0.0000,1.0000),
      ["LowerTorso"] = CFrame.new(0.0233,-0.0001,0.0000,0.9983,-0.0579,0.0000,0.0579,0.9983,-0.0000,0.0000,0.0000,1.0000),
      ["UpperTorso"] = CFrame.new(0.0000,0.0000,0.0000,0.9954,0.0956,-0.0001,-0.0954,0.9933,-0.0654,-0.0062,0.0651,0.9979),
      ["LeftUpperArm"] = CFrame.new(-0.0068,-0.0168,-0.1905,0.0354,-0.3470,-0.9372,0.0873,0.9353,-0.3430,0.9956,-0.0696,0.0634),
      ["LeftLowerArm"] = CFrame.new(-0.0092,-0.0032,-0.0038,0.8805,-0.4740,0.0000,0.3055,0.5674,-0.7647,0.3624,0.6733,0.6444),
      ["LeftHand"] = CFrame.new(0.0247,0.0428,0.0265,0.7579,-0.5274,-0.3839,0.6113,0.7797,0.1357,0.2277,-0.3376,0.9133),
      ["Head"] = CFrame.new(0.0000,0.0000,0.0000,0.9980,0.0633,0.0005,-0.0620,0.9764,0.2069,0.0126,-0.2065,0.9784),
      ["RightUpperArm"] = CFrame.new(0.0000,0.0000,0.0000,0.9872,0.1596,0.0000,-0.1596,0.9872,-0.0000,-0.0000,0.0000,1.0000),
      ["RightLowerArm"] = CFrame.new(0.0000,0.0000,0.0000,1.0000,0.0000,0.0000,0.0000,1.0000,0.0000,0.0000,0.0000,1.0000),
      ["RightHand"] = CFrame.new(0.0000,0.0000,0.0000,0.9945,-0.1051,0.0000,0.1051,0.9945,-0.0000,0.0000,0.0000,1.0000),
      ["LeftUpperLeg"] = CFrame.new(-0.0002,-0.0037,-0.0005,0.9804,0.0718,-0.1837,-0.0940,0.9889,-0.1152,0.1734,0.1302,0.9762),
      ["LeftLowerLeg"] = CFrame.new(0.0000,0.0000,0.0000,1.0000,-0.0000,0.0000,0.0000,0.9878,0.1559,-0.0000,-0.1559,0.9878),
      ["LeftFoot"] = CFrame.new(0.0000,0.0000,0.0000,0.9995,0.0329,0.0008,-0.0328,0.9992,-0.0216,-0.0015,0.0216,0.9998),
      ["RightUpperLeg"] = CFrame.new(0.0003,-0.0205,-0.0008,0.9969,-0.0178,0.0764,0.0208,0.9990,-0.0394,-0.0757,0.0408,0.9963),
      ["RightLowerLeg"] = CFrame.new(0.0000,0.0000,0.0000,1.0000,-0.0000,0.0000,0.0000,0.9959,0.0903,-0.0000,-0.0903,0.9959),
      ["RightFoot"] = CFrame.new(0.0000,0.0000,0.0000,1.0000,0.0087,-0.0014,-0.0088,0.9988,-0.0489,0.0010,0.0489,0.9988),
    }},
    {Time = 2.000, Data = {
      ["HumanoidRootPart"] = CFrame.new(0.0000,0.0000,0.0000,1.0000,0.0000,0.0000,0.0000,1.0000,0.0000,0.0000,0.0000,1.0000),
      ["LowerTorso"] = CFrame.new(0.0181,-0.0001,0.0000,0.9982,-0.0607,0.0000,0.0607,0.9982,-0.0000,0.0000,0.0000,1.0000),
      ["UpperTorso"] = CFrame.new(0.0000,0.0000,0.0000,0.9954,0.0956,-0.0001,-0.0954,0.9933,-0.0655,-0.0062,0.0652,0.9979),
      ["LeftUpperArm"] = CFrame.new(-0.0068,-0.0168,-0.1905,0.0354,-0.3470,-0.9372,0.0873,0.9353,-0.3430,0.9956,-0.0696,0.0634),
      ["LeftLowerArm"] = CFrame.new(-0.0092,-0.0032,-0.0038,0.8805,-0.4740,0.0000,0.3055,0.5674,-0.7647,0.3624,0.6733,0.6444),
      ["LeftHand"] = CFrame.new(0.0247,0.0428,0.0265,0.7579,-0.5274,-0.3839,0.6113,0.7797,0.1357,0.2277,-0.3376,0.9133),
      ["Head"] = CFrame.new(0.0000,0.0000,0.0000,0.9983,0.0580,0.0005,-0.0568,0.9762,0.2092,0.0117,-0.2089,0.9779),
      ["RightUpperArm"] = CFrame.new(0.0000,0.0000,0.0000,0.9872,0.1596,0.0000,-0.1596,0.9872,-0.0000,-0.0000,0.0000,1.0000),
      ["RightLowerArm"] = CFrame.new(0.0000,0.0000,0.0000,1.0000,0.0000,0.0000,0.0000,1.0000,0.0000,0.0000,0.0000,1.0000),
      ["RightHand"] = CFrame.new(0.0000,0.0000,0.0000,0.9955,-0.0944,0.0000,0.0944,0.9955,-0.0000,0.0000,0.0000,1.0000),
      ["LeftUpperLeg"] = CFrame.new(-0.0002,-0.0032,-0.0004,0.9803,0.0722,-0.1837,-0.0944,0.9889,-0.1152,0.1734,0.1303,0.9762),
      ["LeftLowerLeg"] = CFrame.new(0.0000,0.0000,0.0000,1.0000,-0.0000,0.0000,0.0000,0.9878,0.1559,-0.0000,-0.1559,0.9878),
      ["LeftFoot"] = CFrame.new(0.0000,0.0000,0.0000,0.9995,0.0330,0.0008,-0.0329,0.9992,-0.0220,-0.0015,0.0219,0.9998),
      ["RightUpperLeg"] = CFrame.new(0.0003,-0.0215,-0.0009,0.9969,-0.0172,0.0764,0.0203,0.9990,-0.0394,-0.0757,0.0408,0.9963),
      ["RightLowerLeg"] = CFrame.new(0.0000,0.0000,0.0000,1.0000,-0.0000,0.0000,0.0000,0.9959,0.0903,-0.0000,-0.0903,0.9959),
      ["RightFoot"] = CFrame.new(0.0000,0.0000,0.0000,1.0000,0.0075,-0.0014,-0.0076,0.9988,-0.0489,0.0010,0.0489,0.9988),
    }},
    {Time = 2.033, Data = {
      ["HumanoidRootPart"] = CFrame.new(0.0000,0.0000,0.0000,1.0000,0.0000,0.0000,0.0000,1.0000,0.0000,0.0000,0.0000,1.0000),
      ["LowerTorso"] = CFrame.new(0.0133,-0.0001,0.0000,0.9980,-0.0633,0.0000,0.0633,0.9980,-0.0000,0.0000,0.0000,1.0000),
      ["UpperTorso"] = CFrame.new(0.0000,0.0000,0.0000,0.9954,0.0957,-0.0001,-0.0955,0.9933,-0.0656,-0.0062,0.0653,0.9978),
      ["LeftUpperArm"] = CFrame.new(-0.0068,-0.0168,-0.1905,0.0354,-0.3470,-0.9372,0.0873,0.9353,-0.3430,0.9956,-0.0696,0.0634),
      ["LeftLowerArm"] = CFrame.new(-0.0092,-0.0032,-0.0038,0.8805,-0.4740,0.0000,0.3055,0.5674,-0.7647,0.3624,0.6733,0.6444),
      ["LeftHand"] = CFrame.new(0.0247,0.0428,0.0265,0.7579,-0.5274,-0.3839,0.6113,0.7797,0.1357,0.2277,-0.3376,0.9133),
      ["Head"] = CFrame.new(0.0000,0.0000,0.0000,0.9986,0.0524,0.0005,-0.0513,0.9760,0.2117,0.0106,-0.2114,0.9773),
      ["RightUpperArm"] = CFrame.new(0.0000,0.0000,0.0000,0.9872,0.1596,0.0000,-0.1596,0.9872,-0.0000,-0.0000,0.0000,1.0000),
      ["RightLowerArm"] = CFrame.new(0.0000,0.0000,0.0000,1.0000,0.0000,0.0000,0.0000,1.0000,0.0000,0.0000,0.0000,1.0000),
      ["RightHand"] = CFrame.new(0.0000,0.0000,0.0000,0.9966,-0.0827,0.0000,0.0827,0.9966,-0.0000,0.0000,0.0000,1.0000),
      ["LeftUpperLeg"] = CFrame.new(-0.0002,-0.0028,-0.0004,0.9803,0.0725,-0.1837,-0.0947,0.9888,-0.1152,0.1733,0.1303,0.9762),
      ["LeftLowerLeg"] = CFrame.new(0.0000,0.0000,0.0000,1.0000,-0.0000,0.0000,0.0000,0.9878,0.1558,-0.0000,-0.1558,0.9878),
      ["LeftFoot"] = CFrame.new(0.0000,0.0000,0.0000,0.9995,0.0331,0.0007,-0.0330,0.9992,-0.0223,-0.0015,0.0223,0.9998),
      ["RightUpperLeg"] = CFrame.new(0.0003,-0.0224,-0.0009,0.9969,-0.0167,0.0764,0.0197,0.9990,-0.0394,-0.0757,0.0408,0.9963),
      ["RightLowerLeg"] = CFrame.new(0.0000,0.0000,0.0000,1.0000,-0.0000,0.0000,0.0000,0.9959,0.0903,-0.0000,-0.0903,0.9959),
      ["RightFoot"] = CFrame.new(0.0000,0.0000,0.0000,1.0000,0.0064,-0.0014,-0.0065,0.9988,-0.0489,0.0011,0.0489,0.9988),
    }},
    {Time = 2.067, Data = {
      ["HumanoidRootPart"] = CFrame.new(0.0000,0.0000,0.0000,1.0000,0.0000,0.0000,0.0000,1.0000,0.0000,0.0000,0.0000,1.0000),
      ["LowerTorso"] = CFrame.new(0.0088,-0.0001,0.0000,0.9978,-0.0657,0.0000,0.0657,0.9978,-0.0000,0.0000,0.0000,1.0000),
      ["UpperTorso"] = CFrame.new(0.0000,0.0000,0.0000,0.9954,0.0958,-0.0001,-0.0956,0.9932,-0.0658,-0.0062,0.0655,0.9978),
      ["LeftUpperArm"] = CFrame.new(-0.0068,-0.0168,-0.1905,0.0354,-0.3470,-0.9372,0.0873,0.9353,-0.3430,0.9956,-0.0696,0.0634),
      ["LeftLowerArm"] = CFrame.new(-0.0092,-0.0032,-0.0038,0.8805,-0.4740,0.0000,0.3055,0.5674,-0.7647,0.3624,0.6733,0.6444),
      ["LeftHand"] = CFrame.new(0.0247,0.0428,0.0265,0.7579,-0.5274,-0.3839,0.6113,0.7797,0.1357,0.2277,-0.3376,0.9133),
      ["Head"] = CFrame.new(0.0000,0.0000,0.0000,0.9989,0.0466,0.0004,-0.0456,0.9757,0.2142,0.0096,-0.2140,0.9768),
      ["RightUpperArm"] = CFrame.new(0.0000,0.0000,0.0000,0.9872,0.1596,0.0000,-0.1596,0.9872,-0.0000,-0.0000,0.0000,1.0000),
      ["RightLowerArm"] = CFrame.new(0.0000,0.0000,0.0000,1.0000,0.0000,0.0000,0.0000,1.0000,0.0000,0.0000,0.0000,1.0000),
      ["RightHand"] = CFrame.new(0.0000,0.0000,0.0000,0.9976,-0.0699,0.0000,0.0699,0.9976,-0.0000,0.0000,0.0000,1.0000),
      ["LeftUpperLeg"] = CFrame.new(-0.0002,-0.0024,-0.0003,0.9803,0.0728,-0.1837,-0.0951,0.9888,-0.1152,0.1733,0.1304,0.9762),
      ["LeftLowerLeg"] = CFrame.new(0.0000,0.0000,0.0000,1.0000,-0.0000,0.0000,0.0000,0.9878,0.1558,-0.0000,-0.1558,0.9878),
      ["LeftFoot"] = CFrame.new(0.0000,0.0000,0.0000,0.9995,0.0332,0.0007,-0.0331,0.9992,-0.0227,-0.0014,0.0226,0.9997),
      ["RightUpperLeg"] = CFrame.new(0.0003,-0.0233,-0.0009,0.9969,-0.0162,0.0764,0.0193,0.9990,-0.0394,-0.0757,0.0407,0.9963),
      ["RightLowerLeg"] = CFrame.new(0.0000,0.0000,0.0000,1.0000,-0.0000,0.0000,0.0000,0.9959,0.0903,-0.0000,-0.0903,0.9959),
      ["RightFoot"] = CFrame.new(0.0000,0.0000,0.0000,1.0000,0.0054,-0.0014,-0.0055,0.9988,-0.0489,0.0011,0.0489,0.9988),
    }},
    {Time = 2.100, Data = {
      ["HumanoidRootPart"] = CFrame.new(0.0000,0.0000,0.0000,1.0000,0.0000,0.0000,0.0000,1.0000,0.0000,0.0000,0.0000,1.0000),
      ["LowerTorso"] = CFrame.new(0.0046,-0.0001,0.0000,0.9977,-0.0680,0.0000,0.0680,0.9977,-0.0000,0.0000,0.0000,1.0000),
      ["UpperTorso"] = CFrame.new(0.0000,0.0000,0.0000,0.9954,0.0959,-0.0001,-0.0957,0.9932,-0.0660,-0.0062,0.0657,0.9978),
      ["LeftUpperArm"] = CFrame.new(-0.0068,-0.0168,-0.1905,0.0354,-0.3470,-0.9372,0.0873,0.9353,-0.3430,0.9956,-0.0696,0.0634),
      ["LeftLowerArm"] = CFrame.new(-0.0092,-0.0032,-0.0038,0.8805,-0.4740,0.0000,0.3055,0.5674,-0.7647,0.3624,0.6733,0.6444),
      ["LeftHand"] = CFrame.new(0.0247,0.0428,0.0265,0.7579,-0.5274,-0.3839,0.6113,0.7797,0.1357,0.2277,-0.3376,0.9133),
      ["Head"] = CFrame.new(0.0000,0.0000,0.0000,0.9992,0.0408,0.0004,-0.0400,0.9754,0.2167,0.0085,-0.2166,0.9762),
      ["RightUpperArm"] = CFrame.new(0.0000,0.0000,0.0000,0.9872,0.1596,0.0000,-0.1596,0.9872,-0.0000,-0.0000,0.0000,1.0000),
      ["RightLowerArm"] = CFrame.new(0.0000,0.0000,0.0000,1.0000,0.0000,0.0000,0.0000,1.0000,0.0000,0.0000,0.0000,1.0000),
      ["RightHand"] = CFrame.new(0.0000,0.0000,0.0000,0.9984,-0.0561,0.0000,0.0561,0.9984,-0.0000,0.0000,0.0000,1.0000),
      ["LeftUpperLeg"] = CFrame.new(-0.0001,-0.0020,-0.0003,0.9803,0.0731,-0.1837,-0.0954,0.9888,-0.1152,0.1732,0.1304,0.9762),
      ["LeftLowerLeg"] = CFrame.new(0.0000,0.0000,0.0000,1.0000,-0.0000,0.0000,0.0000,0.9878,0.1558,-0.0000,-0.1558,0.9878),
      ["LeftFoot"] = CFrame.new(0.0000,0.0000,0.0000,0.9994,0.0332,0.0007,-0.0332,0.9992,-0.0230,-0.0014,0.0229,0.9997),
      ["RightUpperLeg"] = CFrame.new(0.0003,-0.0241,-0.0010,0.9969,-0.0158,0.0764,0.0188,0.9990,-0.0394,-0.0758,0.0407,0.9963),
      ["RightLowerLeg"] = CFrame.new(0.0000,0.0000,0.0000,1.0000,-0.0000,0.0000,0.0000,0.9959,0.0903,-0.0000,-0.0903,0.9959),
      ["RightFoot"] = CFrame.new(0.0000,0.0000,0.0000,1.0000,0.0045,-0.0014,-0.0045,0.9988,-0.0489,0.0012,0.0489,0.9988),
    }},
    {Time = 2.133, Data = {
      ["HumanoidRootPart"] = CFrame.new(0.0000,0.0000,0.0000,1.0000,0.0000,0.0000,0.0000,1.0000,0.0000,0.0000,0.0000,1.0000),
      ["LowerTorso"] = CFrame.new(0.0008,-0.0001,0.0000,0.9975,-0.0700,0.0000,0.0700,0.9975,-0.0000,0.0000,0.0000,1.0000),
      ["UpperTorso"] = CFrame.new(0.0000,0.0000,0.0000,0.9954,0.0961,-0.0001,-0.0959,0.9932,-0.0662,-0.0063,0.0659,0.9978),
      ["LeftUpperArm"] = CFrame.new(-0.0068,-0.0168,-0.1905,0.0354,-0.3470,-0.9372,0.0873,0.9353,-0.3430,0.9956,-0.0696,0.0634),
      ["LeftLowerArm"] = CFrame.new(-0.0092,-0.0032,-0.0038,0.8805,-0.4740,0.0000,0.3055,0.5674,-0.7647,0.3624,0.6733,0.6444),
      ["LeftHand"] = CFrame.new(0.0247,0.0428,0.0265,0.7579,-0.5274,-0.3839,0.6113,0.7797,0.1357,0.2277,-0.3376,0.9133),
      ["Head"] = CFrame.new(0.0000,0.0000,0.0000,0.9994,0.0354,0.0003,-0.0346,0.9751,0.2191,0.0074,-0.2190,0.9757),
      ["RightUpperArm"] = CFrame.new(0.0000,0.0000,0.0000,0.9872,0.1596,0.0000,-0.1596,0.9872,-0.0000,-0.0000,0.0000,1.0000),
      ["RightLowerArm"] = CFrame.new(0.0000,0.0000,0.0000,1.0000,0.0000,0.0000,0.0000,1.0000,0.0000,0.0000,0.0000,1.0000),
      ["RightHand"] = CFrame.new(0.0000,0.0000,0.0000,0.9991,-0.0427,0.0000,0.0427,0.9991,-0.0000,0.0000,0.0000,1.0000),
      ["LeftUpperLeg"] = CFrame.new(-0.0001,-0.0017,-0.0002,0.9802,0.0734,-0.1837,-0.0956,0.9887,-0.1152,0.1732,0.1305,0.9762),
      ["LeftLowerLeg"] = CFrame.new(0.0000,0.0000,0.0000,1.0000,-0.0000,0.0000,0.0000,0.9878,0.1558,-0.0000,-0.1558,0.9878),
      ["LeftFoot"] = CFrame.new(0.0000,0.0000,0.0000,0.9994,0.0333,0.0007,-0.0333,0.9992,-0.0233,-0.0014,0.0232,0.9997),
      ["RightUpperLeg"] = CFrame.new(0.0003,-0.0248,-0.0010,0.9970,-0.0153,0.0764,0.0184,0.9991,-0.0394,-0.0758,0.0407,0.9963),
      ["RightLowerLeg"] = CFrame.new(0.0000,0.0000,0.0000,1.0000,-0.0000,0.0000,0.0000,0.9959,0.0903,-0.0000,-0.0903,0.9959),
      ["RightFoot"] = CFrame.new(0.0000,0.0000,0.0000,1.0000,0.0036,-0.0014,-0.0037,0.9988,-0.0489,0.0012,0.0489,0.9988),
    }},
    {Time = 2.167, Data = {
      ["HumanoidRootPart"] = CFrame.new(0.0000,0.0000,0.0000,1.0000,0.0000,0.0000,0.0000,1.0000,0.0000,0.0000,0.0000,1.0000),
      ["LowerTorso"] = CFrame.new(-0.0027,-0.0001,0.0000,0.9974,-0.0719,0.0000,0.0719,0.9974,-0.0000,0.0000,0.0000,1.0000),
      ["UpperTorso"] = CFrame.new(0.0000,0.0000,0.0000,0.9954,0.0962,-0.0001,-0.0960,0.9932,-0.0665,-0.0063,0.0662,0.9978),
      ["LeftUpperArm"] = CFrame.new(-0.0068,-0.0168,-0.1905,0.0354,-0.3470,-0.9372,0.0873,0.9353,-0.3430,0.9956,-0.0696,0.0634),
      ["LeftLowerArm"] = CFrame.new(-0.0092,-0.0032,-0.0038,0.8805,-0.4740,0.0000,0.3055,0.5674,-0.7647,0.3624,0.6733,0.6444),
      ["LeftHand"] = CFrame.new(0.0247,0.0428,0.0265,0.7579,-0.5274,-0.3839,0.6113,0.7797,0.1357,0.2277,-0.3376,0.9133),
      ["Head"] = CFrame.new(0.0000,0.0000,0.0000,0.9995,0.0302,0.0003,-0.0295,0.9747,0.2214,0.0064,-0.2213,0.9752),
      ["RightUpperArm"] = CFrame.new(0.0000,0.0000,0.0000,0.9872,0.1596,0.0000,-0.1596,0.9872,-0.0000,-0.0000,0.0000,1.0000),
      ["RightLowerArm"] = CFrame.new(0.0000,0.0000,0.0000,1.0000,0.0000,0.0000,0.0000,1.0000,0.0000,0.0000,0.0000,1.0000),
      ["RightHand"] = CFrame.new(0.0000,0.0000,0.0000,0.9995,-0.0304,0.0000,0.0304,0.9995,-0.0000,0.0000,0.0000,1.0000),
      ["LeftUpperLeg"] = CFrame.new(-0.0001,-0.0014,-0.0002,0.9802,0.0737,-0.1837,-0.0959,0.9887,-0.1152,0.1732,0.1305,0.9762),
      ["LeftLowerLeg"] = CFrame.new(0.0000,0.0000,0.0000,1.0000,-0.0000,0.0000,0.0000,0.9878,0.1558,-0.0000,-0.1558,0.9878),
      ["LeftFoot"] = CFrame.new(0.0000,0.0000,0.0000,0.9994,0.0334,0.0006,-0.0334,0.9992,-0.0235,-0.0014,0.0235,0.9997),
      ["RightUpperLeg"] = CFrame.new(0.0003,-0.0255,-0.0010,0.9970,-0.0150,0.0764,0.0180,0.9991,-0.0394,-0.0758,0.0406,0.9963),
      ["RightLowerLeg"] = CFrame.new(0.0000,0.0000,0.0000,1.0000,-0.0000,0.0000,0.0000,0.9959,0.0903,-0.0000,-0.0903,0.9959),
      ["RightFoot"] = CFrame.new(0.0000,0.0000,0.0000,1.0000,0.0028,-0.0014,-0.0029,0.9988,-0.0489,0.0012,0.0489,0.9988),
    }},
    {Time = 2.200, Data = {
      ["HumanoidRootPart"] = CFrame.new(0.0000,0.0000,0.0000,1.0000,0.0000,0.0000,0.0000,1.0000,0.0000,0.0000,0.0000,1.0000),
      ["LowerTorso"] = CFrame.new(-0.0058,-0.0001,0.0000,0.9973,-0.0736,0.0000,0.0736,0.9973,-0.0000,0.0000,0.0000,1.0000),
      ["UpperTorso"] = CFrame.new(0.0000,0.0000,0.0000,0.9953,0.0964,-0.0002,-0.0962,0.9931,-0.0668,-0.0063,0.0665,0.9978),
      ["LeftUpperArm"] = CFrame.new(-0.0068,-0.0168,-0.1905,0.0354,-0.3470,-0.9372,0.0873,0.9353,-0.3430,0.9956,-0.0696,0.0634),
      ["LeftLowerArm"] = CFrame.new(-0.0092,-0.0032,-0.0038,0.8805,-0.4740,0.0000,0.3055,0.5674,-0.7647,0.3624,0.6733,0.6444),
      ["LeftHand"] = CFrame.new(0.0247,0.0428,0.0265,0.7579,-0.5274,-0.3839,0.6113,0.7797,0.1357,0.2277,-0.3376,0.9133),
      ["Head"] = CFrame.new(0.0000,0.0000,0.0000,0.9997,0.0253,0.0002,-0.0247,0.9744,0.2235,0.0055,-0.2235,0.9747),
      ["RightUpperArm"] = CFrame.new(0.0000,0.0000,0.0000,0.9872,0.1596,0.0000,-0.1596,0.9872,-0.0000,-0.0000,0.0000,1.0000),
      ["RightLowerArm"] = CFrame.new(0.0000,0.0000,0.0000,1.0000,0.0000,0.0000,0.0000,1.0000,0.0000,0.0000,0.0000,1.0000),
      ["RightHand"] = CFrame.new(0.0000,0.0000,0.0000,0.9998,-0.0192,0.0000,0.0192,0.9998,-0.0000,0.0000,0.0000,1.0000),
      ["LeftUpperLeg"] = CFrame.new(-0.0001,-0.0011,-0.0001,0.9802,0.0739,-0.1837,-0.0961,0.9887,-0.1152,0.1731,0.1306,0.9762),
      ["LeftLowerLeg"] = CFrame.new(0.0000,0.0000,0.0000,1.0000,-0.0000,0.0000,0.0000,0.9878,0.1558,-0.0000,-0.1558,0.9878),
      ["LeftFoot"] = CFrame.new(0.0000,0.0000,0.0000,0.9994,0.0334,0.0006,-0.0334,0.9992,-0.0237,-0.0014,0.0237,0.9997),
      ["RightUpperLeg"] = CFrame.new(0.0003,-0.0261,-0.0011,0.9970,-0.0146,0.0764,0.0177,0.9991,-0.0394,-0.0758,0.0406,0.9963),
      ["RightLowerLeg"] = CFrame.new(0.0000,0.0000,0.0000,1.0000,-0.0000,0.0000,0.0000,0.9959,0.0903,-0.0000,-0.0903,0.9959),
      ["RightFoot"] = CFrame.new(0.0000,0.0000,0.0000,1.0000,0.0021,-0.0014,-0.0022,0.9988,-0.0489,0.0013,0.0489,0.9988),
    }},
    {Time = 2.233, Data = {
      ["HumanoidRootPart"] = CFrame.new(0.0000,0.0000,0.0000,1.0000,0.0000,0.0000,0.0000,1.0000,0.0000,0.0000,0.0000,1.0000),
      ["LowerTorso"] = CFrame.new(-0.0085,-0.0001,0.0000,0.9972,-0.0751,0.0000,0.0751,0.9972,-0.0000,0.0000,0.0000,1.0000),
      ["UpperTorso"] = CFrame.new(0.0000,0.0000,0.0000,0.9953,0.0966,-0.0002,-0.0964,0.9931,-0.0671,-0.0063,0.0668,0.9977),
      ["LeftUpperArm"] = CFrame.new(-0.0068,-0.0168,-0.1905,0.0354,-0.3470,-0.9372,0.0873,0.9353,-0.3430,0.9956,-0.0696,0.0634),
      ["LeftLowerArm"] = CFrame.new(-0.0092,-0.0032,-0.0038,0.8805,-0.4740,0.0000,0.3055,0.5674,-0.7647,0.3624,0.6733,0.6444),
      ["LeftHand"] = CFrame.new(0.0247,0.0428,0.0265,0.7579,-0.5274,-0.3839,0.6113,0.7797,0.1357,0.2277,-0.3376,0.9133),
      ["Head"] = CFrame.new(0.0000,0.0000,0.0000,0.9998,0.0207,0.0001,-0.0202,0.9740,0.2256,0.0046,-0.2255,0.9742),
      ["RightUpperArm"] = CFrame.new(0.0000,0.0000,0.0000,0.9872,0.1596,0.0000,-0.1596,0.9872,-0.0000,-0.0000,0.0000,1.0000),
      ["RightLowerArm"] = CFrame.new(0.0000,0.0000,0.0000,1.0000,0.0000,0.0000,0.0000,1.0000,0.0000,0.0000,0.0000,1.0000),
      ["RightHand"] = CFrame.new(0.0000,0.0000,0.0000,1.0000,-0.0090,0.0000,0.0090,1.0000,-0.0000,0.0000,0.0000,1.0000),
      ["LeftUpperLeg"] = CFrame.new(-0.0001,-0.0009,-0.0001,0.9802,0.0741,-0.1837,-0.0963,0.9887,-0.1152,0.1731,0.1306,0.9762),
      ["LeftLowerLeg"] = CFrame.new(0.0000,0.0000,0.0000,1.0000,-0.0000,0.0000,0.0000,0.9878,0.1558,-0.0000,-0.1558,0.9878),
      ["LeftFoot"] = CFrame.new(0.0000,0.0000,0.0000,0.9994,0.0335,0.0006,-0.0335,0.9992,-0.0240,-0.0014,0.0239,0.9997),
      ["RightUpperLeg"] = CFrame.new(0.0003,-0.0266,-0.0011,0.9970,-0.0143,0.0764,0.0174,0.9991,-0.0394,-0.0758,0.0406,0.9963),
      ["RightLowerLeg"] = CFrame.new(0.0000,0.0000,0.0000,1.0000,-0.0000,0.0000,0.0000,0.9959,0.0903,-0.0000,-0.0903,0.9959),
      ["RightFoot"] = CFrame.new(0.0000,0.0000,0.0000,1.0000,0.0015,-0.0014,-0.0015,0.9988,-0.0489,0.0013,0.0489,0.9988),
    }},
    {Time = 2.267, Data = {
      ["HumanoidRootPart"] = CFrame.new(0.0000,0.0000,0.0000,1.0000,0.0000,0.0000,0.0000,1.0000,0.0000,0.0000,0.0000,1.0000),
      ["LowerTorso"] = CFrame.new(-0.0110,-0.0001,0.0000,0.9971,-0.0764,0.0000,0.0764,0.9971,-0.0000,0.0000,0.0000,1.0000),
      ["UpperTorso"] = CFrame.new(0.0000,0.0000,0.0000,0.9953,0.0968,-0.0002,-0.0966,0.9930,-0.0675,-0.0063,0.0672,0.9977),
      ["LeftUpperArm"] = CFrame.new(-0.0068,-0.0168,-0.1905,0.0354,-0.3470,-0.9372,0.0873,0.9353,-0.3430,0.9956,-0.0696,0.0634),
      ["LeftLowerArm"] = CFrame.new(-0.0092,-0.0032,-0.0038,0.8805,-0.4740,0.0000,0.3055,0.5674,-0.7647,0.3624,0.6733,0.6444),
      ["LeftHand"] = CFrame.new(0.0247,0.0428,0.0265,0.7579,-0.5274,-0.3839,0.6113,0.7797,0.1357,0.2277,-0.3376,0.9133),
      ["Head"] = CFrame.new(0.0000,0.0000,0.0000,0.9999,0.0163,-0.0000,-0.0159,0.9737,0.2275,0.0037,-0.2274,0.9738),
      ["RightUpperArm"] = CFrame.new(0.0000,0.0000,0.0000,0.9872,0.1596,0.0000,-0.1596,0.9872,-0.0000,-0.0000,0.0000,1.0000),
      ["RightLowerArm"] = CFrame.new(0.0000,0.0000,0.0000,1.0000,0.0000,0.0000,0.0000,1.0000,0.0000,0.0000,0.0000,1.0000),
      ["RightHand"] = CFrame.new(0.0000,0.0000,0.0000,1.0000,0.0001,0.0000,-0.0001,1.0000,-0.0000,-0.0000,0.0000,1.0000),
      ["LeftUpperLeg"] = CFrame.new(-0.0001,-0.0006,-0.0001,0.9802,0.0743,-0.1837,-0.0965,0.9886,-0.1152,0.1731,0.1306,0.9762),
      ["LeftLowerLeg"] = CFrame.new(0.0000,0.0000,0.0000,1.0000,-0.0000,0.0000,0.0000,0.9878,0.1558,-0.0000,-0.1558,0.9878),
      ["LeftFoot"] = CFrame.new(0.0000,0.0000,0.0000,0.9994,0.0335,0.0006,-0.0335,0.9991,-0.0241,-0.0014,0.0241,0.9997),
      ["RightUpperLeg"] = CFrame.new(0.0003,-0.0271,-0.0011,0.9970,-0.0141,0.0764,0.0171,0.9991,-0.0394,-0.0758,0.0406,0.9963),
      ["RightLowerLeg"] = CFrame.new(0.0000,0.0000,0.0000,1.0000,-0.0000,0.0000,0.0000,0.9959,0.0903,-0.0000,-0.0903,0.9959),
      ["RightFoot"] = CFrame.new(0.0000,0.0000,0.0000,1.0000,0.0009,-0.0014,-0.0010,0.9988,-0.0489,0.0013,0.0489,0.9988),
    }},
    {Time = 2.300, Data = {
      ["HumanoidRootPart"] = CFrame.new(0.0000,0.0000,0.0000,1.0000,0.0000,0.0000,0.0000,1.0000,0.0000,0.0000,0.0000,1.0000),
      ["LowerTorso"] = CFrame.new(-0.0130,-0.0001,0.0000,0.9970,-0.0775,0.0000,0.0775,0.9970,-0.0000,0.0000,0.0000,1.0000),
      ["UpperTorso"] = CFrame.new(0.0000,0.0000,0.0000,0.9953,0.0971,-0.0003,-0.0969,0.9930,-0.0679,-0.0063,0.0676,0.9977),
      ["LeftUpperArm"] = CFrame.new(-0.0068,-0.0168,-0.1905,0.0354,-0.3470,-0.9372,0.0873,0.9353,-0.3430,0.9956,-0.0696,0.0634),
      ["LeftLowerArm"] = CFrame.new(-0.0092,-0.0032,-0.0038,0.8805,-0.4740,0.0000,0.3055,0.5674,-0.7647,0.3624,0.6733,0.6444),
      ["LeftHand"] = CFrame.new(0.0247,0.0428,0.0265,0.7579,-0.5274,-0.3839,0.6113,0.7797,0.1357,0.2277,-0.3376,0.9133),
      ["Head"] = CFrame.new(0.0000,0.0000,0.0000,0.9999,0.0122,-0.0001,-0.0119,0.9733,0.2293,0.0029,-0.2292,0.9734),
      ["RightUpperArm"] = CFrame.new(0.0000,0.0000,0.0000,0.9872,0.1596,0.0000,-0.1596,0.9872,-0.0000,-0.0000,0.0000,1.0000),
      ["RightLowerArm"] = CFrame.new(0.0000,0.0000,0.0000,1.0000,0.0000,0.0000,0.0000,1.0000,0.0000,0.0000,0.0000,1.0000),
      ["RightHand"] = CFrame.new(0.0000,0.0000,0.0000,1.0000,0.0081,0.0000,-0.0081,1.0000,-0.0000,-0.0000,0.0000,1.0000),
      ["LeftUpperLeg"] = CFrame.new(-0.0000,-0.0005,-0.0001,0.9802,0.0744,-0.1837,-0.0966,0.9886,-0.1152,0.1731,0.1306,0.9762),
      ["LeftLowerLeg"] = CFrame.new(0.0000,0.0000,0.0000,1.0000,-0.0000,0.0000,0.0000,0.9878,0.1558,-0.0000,-0.1558,0.9878),
      ["LeftFoot"] = CFrame.new(0.0000,0.0000,0.0000,0.9994,0.0336,0.0006,-0.0336,0.9991,-0.0243,-0.0014,0.0243,0.9997),
      ["RightUpperLeg"] = CFrame.new(0.0003,-0.0275,-0.0011,0.9970,-0.0138,0.0764,0.0169,0.9991,-0.0394,-0.0758,0.0405,0.9963),
      ["RightLowerLeg"] = CFrame.new(0.0000,0.0000,0.0000,1.0000,-0.0000,0.0000,0.0000,0.9959,0.0903,-0.0000,-0.0903,0.9959),
      ["RightFoot"] = CFrame.new(0.0000,0.0000,0.0000,1.0000,0.0004,-0.0014,-0.0005,0.9988,-0.0489,0.0014,0.0489,0.9988),
    }},
    {Time = 2.333, Data = {
      ["HumanoidRootPart"] = CFrame.new(0.0000,0.0000,0.0000,1.0000,0.0000,0.0000,0.0000,1.0000,0.0000,0.0000,0.0000,1.0000),
      ["LowerTorso"] = CFrame.new(-0.0148,-0.0001,0.0000,0.9969,-0.0784,0.0000,0.0784,0.9969,-0.0000,0.0000,0.0000,1.0000),
      ["UpperTorso"] = CFrame.new(0.0000,0.0000,0.0000,0.9952,0.0974,-0.0003,-0.0971,0.9929,-0.0683,-0.0063,0.0680,0.9977),
      ["LeftUpperArm"] = CFrame.new(-0.0068,-0.0168,-0.1905,0.0354,-0.3470,-0.9372,0.0873,0.9353,-0.3430,0.9956,-0.0696,0.0634),
      ["LeftLowerArm"] = CFrame.new(-0.0092,-0.0032,-0.0038,0.8805,-0.4740,0.0000,0.3055,0.5674,-0.7647,0.3624,0.6733,0.6444),
      ["LeftHand"] = CFrame.new(0.0247,0.0428,0.0265,0.7579,-0.5274,-0.3839,0.6113,0.7797,0.1357,0.2277,-0.3376,0.9133),
      ["Head"] = CFrame.new(0.0000,0.0000,0.0000,1.0000,0.0084,-0.0002,-0.0081,0.9729,0.2309,0.0021,-0.2309,0.9730),
      ["RightUpperArm"] = CFrame.new(0.0000,0.0000,0.0000,0.9872,0.1596,0.0000,-0.1596,0.9872,-0.0000,-0.0000,0.0000,1.0000),
      ["RightLowerArm"] = CFrame.new(0.0000,0.0000,0.0000,1.0000,0.0000,0.0000,0.0000,1.0000,0.0000,0.0000,0.0000,1.0000),
      ["RightHand"] = CFrame.new(0.0000,0.0000,0.0000,0.9999,0.0151,0.0000,-0.0151,0.9999,-0.0000,-0.0000,0.0000,1.0000),
      ["LeftUpperLeg"] = CFrame.new(-0.0000,-0.0003,-0.0000,0.9802,0.0745,-0.1837,-0.0968,0.9886,-0.1152,0.1730,0.1307,0.9762),
      ["LeftLowerLeg"] = CFrame.new(0.0000,0.0000,0.0000,1.0000,-0.0000,0.0000,0.0000,0.9878,0.1558,-0.0000,-0.1558,0.9878),
      ["LeftFoot"] = CFrame.new(0.0000,0.0000,0.0000,0.9994,0.0336,0.0006,-0.0336,0.9991,-0.0244,-0.0014,0.0244,0.9997),
      ["RightUpperLeg"] = CFrame.new(0.0003,-0.0278,-0.0011,0.9970,-0.0136,0.0764,0.0167,0.9991,-0.0394,-0.0758,0.0405,0.9963),
      ["RightLowerLeg"] = CFrame.new(0.0000,0.0000,0.0000,1.0000,-0.0000,0.0000,0.0000,0.9959,0.0903,-0.0000,-0.0903,0.9959),
      ["RightFoot"] = CFrame.new(0.0000,0.0000,0.0000,1.0000,0.0001,-0.0014,-0.0001,0.9988,-0.0489,0.0014,0.0489,0.9988),
    }},
    {Time = 2.367, Data = {
      ["HumanoidRootPart"] = CFrame.new(0.0000,0.0000,0.0000,1.0000,0.0000,0.0000,0.0000,1.0000,0.0000,0.0000,0.0000,1.0000),
      ["LowerTorso"] = CFrame.new(-0.0162,-0.0001,0.0000,0.9969,-0.0792,0.0000,0.0792,0.9969,-0.0000,0.0000,0.0000,1.0000),
      ["UpperTorso"] = CFrame.new(0.0000,0.0000,0.0000,0.9952,0.0976,-0.0004,-0.0974,0.9929,-0.0688,-0.0064,0.0685,0.9976),
      ["LeftUpperArm"] = CFrame.new(-0.0068,-0.0168,-0.1905,0.0354,-0.3470,-0.9372,0.0873,0.9353,-0.3430,0.9956,-0.0696,0.0634),
      ["LeftLowerArm"] = CFrame.new(-0.0092,-0.0032,-0.0038,0.8805,-0.4740,0.0000,0.3055,0.5674,-0.7647,0.3624,0.6733,0.6444),
      ["LeftHand"] = CFrame.new(0.0247,0.0428,0.0265,0.7579,-0.5274,-0.3839,0.6113,0.7797,0.1357,0.2277,-0.3376,0.9133),
      ["Head"] = CFrame.new(0.0000,0.0000,0.0000,1.0000,0.0049,-0.0003,-0.0047,0.9726,0.2325,0.0014,-0.2325,0.9726),
      ["RightUpperArm"] = CFrame.new(0.0000,0.0000,0.0000,0.9872,0.1596,0.0000,-0.1596,0.9872,-0.0000,-0.0000,0.0000,1.0000),
      ["RightLowerArm"] = CFrame.new(0.0000,0.0000,0.0000,1.0000,0.0000,0.0000,0.0000,1.0000,0.0000,0.0000,0.0000,1.0000),
      ["RightHand"] = CFrame.new(0.0000,0.0000,0.0000,0.9998,0.0210,0.0000,-0.0210,0.9998,-0.0000,-0.0000,0.0000,1.0000),
      ["LeftUpperLeg"] = CFrame.new(-0.0000,-0.0002,-0.0000,0.9801,0.0746,-0.1837,-0.0969,0.9886,-0.1152,0.1730,0.1307,0.9762),
      ["LeftLowerLeg"] = CFrame.new(0.0000,0.0000,0.0000,1.0000,-0.0000,0.0000,0.0000,0.9878,0.1558,-0.0000,-0.1558,0.9878),
      ["LeftFoot"] = CFrame.new(0.0000,0.0000,0.0000,0.9994,0.0336,0.0006,-0.0336,0.9991,-0.0245,-0.0014,0.0245,0.9997),
      ["RightUpperLeg"] = CFrame.new(0.0003,-0.0281,-0.0011,0.9970,-0.0135,0.0764,0.0165,0.9991,-0.0394,-0.0758,0.0405,0.9963),
      ["RightLowerLeg"] = CFrame.new(0.0000,0.0000,0.0000,1.0000,-0.0000,0.0000,0.0000,0.9959,0.0903,-0.0000,-0.0903,0.9959),
      ["RightFoot"] = CFrame.new(0.0000,0.0000,0.0000,1.0000,-0.0003,-0.0014,0.0002,0.9988,-0.0489,0.0014,0.0489,0.9988),
    }},
    {Time = 2.400, Data = {
      ["HumanoidRootPart"] = CFrame.new(0.0000,0.0000,0.0000,1.0000,0.0000,0.0000,0.0000,1.0000,0.0000,0.0000,0.0000,1.0000),
      ["LowerTorso"] = CFrame.new(-0.0172,-0.0001,0.0000,0.9968,-0.0797,0.0000,0.0797,0.9968,-0.0000,0.0000,0.0000,1.0000),
      ["UpperTorso"] = CFrame.new(0.0000,0.0000,0.0000,0.9952,0.0980,-0.0004,-0.0977,0.9928,-0.0693,-0.0064,0.0690,0.9976),
      ["LeftUpperArm"] = CFrame.new(-0.0068,-0.0168,-0.1905,0.0354,-0.3470,-0.9372,0.0873,0.9353,-0.3430,0.9956,-0.0696,0.0634),
      ["LeftLowerArm"] = CFrame.new(-0.0092,-0.0032,-0.0038,0.8805,-0.4740,0.0000,0.3055,0.5674,-0.7647,0.3624,0.6733,0.6444),
      ["LeftHand"] = CFrame.new(0.0247,0.0428,0.0265,0.7579,-0.5274,-0.3839,0.6113,0.7797,0.1357,0.2277,-0.3376,0.9133),
      ["Head"] = CFrame.new(0.0000,0.0000,0.0000,1.0000,0.0016,-0.0004,-0.0015,0.9723,0.2339,0.0007,-0.2339,0.9723),
      ["RightUpperArm"] = CFrame.new(0.0000,0.0000,0.0000,0.9872,0.1596,0.0000,-0.1596,0.9872,-0.0000,-0.0000,0.0000,1.0000),
      ["RightLowerArm"] = CFrame.new(0.0000,0.0000,0.0000,1.0000,0.0000,0.0000,0.0000,1.0000,0.0000,0.0000,0.0000,1.0000),
      ["RightHand"] = CFrame.new(0.0000,0.0000,0.0000,0.9997,0.0258,0.0000,-0.0258,0.9997,-0.0000,-0.0000,0.0000,1.0000),
      ["LeftUpperLeg"] = CFrame.new(-0.0000,-0.0001,-0.0000,0.9801,0.0747,-0.1837,-0.0969,0.9886,-0.1152,0.1730,0.1307,0.9762),
      ["LeftLowerLeg"] = CFrame.new(0.0000,0.0000,0.0000,1.0000,-0.0000,0.0000,0.0000,0.9878,0.1558,-0.0000,-0.1558,0.9878),
      ["LeftFoot"] = CFrame.new(0.0000,0.0000,0.0000,0.9994,0.0337,0.0006,-0.0336,0.9991,-0.0246,-0.0014,0.0246,0.9997),
      ["RightUpperLeg"] = CFrame.new(0.0003,-0.0283,-0.0011,0.9970,-0.0134,0.0764,0.0164,0.9991,-0.0394,-0.0758,0.0405,0.9963),
      ["RightLowerLeg"] = CFrame.new(0.0000,0.0000,0.0000,1.0000,-0.0000,0.0000,0.0000,0.9959,0.0903,-0.0000,-0.0903,0.9959),
      ["RightFoot"] = CFrame.new(0.0000,0.0000,0.0000,1.0000,-0.0005,-0.0014,0.0004,0.9988,-0.0489,0.0014,0.0489,0.9988),
    }},
    {Time = 2.433, Data = {
      ["HumanoidRootPart"] = CFrame.new(0.0000,0.0000,0.0000,1.0000,0.0000,0.0000,0.0000,1.0000,0.0000,0.0000,0.0000,1.0000),
      ["LowerTorso"] = CFrame.new(-0.0179,-0.0001,0.0000,0.9968,-0.0801,0.0000,0.0801,0.9968,-0.0000,0.0000,0.0000,1.0000),
      ["UpperTorso"] = CFrame.new(0.0000,0.0000,0.0000,0.9952,0.0983,-0.0005,-0.0981,0.9927,-0.0698,-0.0064,0.0695,0.9976),
      ["LeftUpperArm"] = CFrame.new(-0.0068,-0.0168,-0.1905,0.0354,-0.3470,-0.9372,0.0873,0.9353,-0.3430,0.9956,-0.0696,0.0634),
      ["LeftLowerArm"] = CFrame.new(-0.0092,-0.0032,-0.0038,0.8805,-0.4740,0.0000,0.3055,0.5674,-0.7647,0.3624,0.6733,0.6444),
      ["LeftHand"] = CFrame.new(0.0247,0.0428,0.0265,0.7579,-0.5274,-0.3839,0.6113,0.7797,0.1357,0.2277,-0.3376,0.9133),
      ["Head"] = CFrame.new(0.0000,0.0000,0.0000,1.0000,-0.0014,-0.0005,0.0015,0.9719,0.2352,0.0001,-0.2352,0.9719),
      ["RightUpperArm"] = CFrame.new(0.0000,0.0000,0.0000,0.9872,0.1596,0.0000,-0.1596,0.9872,-0.0000,-0.0000,0.0000,1.0000),
      ["RightLowerArm"] = CFrame.new(0.0000,0.0000,0.0000,1.0000,0.0000,0.0000,0.0000,1.0000,0.0000,0.0000,0.0000,1.0000),
      ["RightHand"] = CFrame.new(0.0000,0.0000,0.0000,0.9996,0.0295,0.0000,-0.0295,0.9996,-0.0000,-0.0000,0.0000,1.0000),
      ["LeftUpperLeg"] = CFrame.new(-0.0000,-0.0001,-0.0000,0.9801,0.0747,-0.1837,-0.0970,0.9886,-0.1152,0.1730,0.1307,0.9762),
      ["LeftLowerLeg"] = CFrame.new(0.0000,0.0000,0.0000,1.0000,-0.0000,0.0000,0.0000,0.9878,0.1558,-0.0000,-0.1558,0.9878),
      ["LeftFoot"] = CFrame.new(0.0000,0.0000,0.0000,0.9994,0.0337,0.0006,-0.0337,0.9991,-0.0246,-0.0014,0.0246,0.9997),
      ["RightUpperLeg"] = CFrame.new(0.0003,-0.0284,-0.0010,0.9970,-0.0133,0.0764,0.0164,0.9991,-0.0394,-0.0758,0.0405,0.9963),
      ["RightLowerLeg"] = CFrame.new(0.0000,0.0000,0.0000,1.0000,-0.0000,0.0000,0.0000,0.9959,0.0903,-0.0000,-0.0903,0.9959),
      ["RightFoot"] = CFrame.new(0.0000,0.0000,0.0000,1.0000,-0.0007,-0.0014,0.0006,0.9988,-0.0489,0.0014,0.0489,0.9988),
    }},
    {Time = 2.467, Data = {
      ["HumanoidRootPart"] = CFrame.new(0.0000,0.0000,0.0000,1.0000,0.0000,0.0000,0.0000,1.0000,0.0000,0.0000,0.0000,1.0000),
      ["LowerTorso"] = CFrame.new(-0.0182,-0.0001,0.0000,0.9968,-0.0802,0.0000,0.0802,0.9968,-0.0000,0.0000,0.0000,1.0000),
      ["UpperTorso"] = CFrame.new(0.0000,0.0000,0.0000,0.9951,0.0986,-0.0005,-0.0984,0.9927,-0.0704,-0.0064,0.0701,0.9975),
      ["LeftUpperArm"] = CFrame.new(-0.0068,-0.0168,-0.1905,0.0354,-0.3470,-0.9372,0.0873,0.9353,-0.3430,0.9956,-0.0696,0.0634),
      ["LeftLowerArm"] = CFrame.new(-0.0092,-0.0032,-0.0038,0.8805,-0.4740,0.0000,0.3055,0.5674,-0.7647,0.3624,0.6733,0.6444),
      ["LeftHand"] = CFrame.new(0.0247,0.0428,0.0265,0.7579,-0.5274,-0.3839,0.6113,0.7797,0.1357,0.2277,-0.3376,0.9133),
      ["Head"] = CFrame.new(0.0000,0.0000,0.0000,1.0000,-0.0041,-0.0005,0.0041,0.9716,0.2364,-0.0005,-0.2364,0.9717),
      ["RightUpperArm"] = CFrame.new(0.0000,0.0000,0.0000,0.9872,0.1596,0.0000,-0.1596,0.9872,-0.0000,-0.0000,0.0000,1.0000),
      ["RightLowerArm"] = CFrame.new(0.0000,0.0000,0.0000,1.0000,0.0000,0.0000,0.0000,1.0000,0.0000,0.0000,0.0000,1.0000),
      ["RightHand"] = CFrame.new(0.0000,0.0000,0.0000,0.9995,0.0322,0.0000,-0.0322,0.9995,-0.0000,-0.0000,0.0000,1.0000),
      ["LeftUpperLeg"] = CFrame.new(-0.0000,-0.0001,-0.0000,0.9801,0.0748,-0.1837,-0.0970,0.9886,-0.1152,0.1730,0.1307,0.9762),
      ["LeftLowerLeg"] = CFrame.new(0.0000,0.0000,0.0000,1.0000,-0.0000,0.0000,0.0000,0.9878,0.1558,-0.0000,-0.1558,0.9878),
      ["LeftFoot"] = CFrame.new(0.0000,0.0000,0.0000,0.9994,0.0337,0.0006,-0.0337,0.9991,-0.0246,-0.0014,0.0246,0.9997),
      ["RightUpperLeg"] = CFrame.new(0.0003,-0.0285,-0.0010,0.9970,-0.0133,0.0764,0.0163,0.9991,-0.0394,-0.0758,0.0405,0.9963),
      ["RightLowerLeg"] = CFrame.new(0.0000,0.0000,0.0000,1.0000,-0.0000,0.0000,0.0000,0.9959,0.0903,-0.0000,-0.0903,0.9959),
      ["RightFoot"] = CFrame.new(0.0000,0.0000,0.0000,1.0000,-0.0007,-0.0014,0.0006,0.9988,-0.0489,0.0014,0.0489,0.9988),
    }},
    {Time = 2.500, Data = {
      ["HumanoidRootPart"] = CFrame.new(0.0000,0.0000,0.0000,1.0000,0.0000,0.0000,0.0000,1.0000,0.0000,0.0000,0.0000,1.0000),
      ["LowerTorso"] = CFrame.new(-0.0182,-0.0001,0.0000,0.9968,-0.0802,0.0000,0.0802,0.9968,-0.0000,0.0000,0.0000,1.0000),
      ["UpperTorso"] = CFrame.new(0.0000,0.0000,0.0000,0.9951,0.0990,-0.0006,-0.0988,0.9926,-0.0710,-0.0064,0.0707,0.9975),
      ["LeftUpperArm"] = CFrame.new(-0.0068,-0.0168,-0.1905,0.0354,-0.3470,-0.9372,0.0873,0.9353,-0.3430,0.9956,-0.0696,0.0634),
      ["LeftLowerArm"] = CFrame.new(-0.0092,-0.0032,-0.0038,0.8805,-0.4740,0.0000,0.3055,0.5674,-0.7647,0.3624,0.6733,0.6444),
      ["LeftHand"] = CFrame.new(0.0247,0.0428,0.0265,0.7579,-0.5274,-0.3839,0.6113,0.7797,0.1357,0.2277,-0.3376,0.9133),
      ["Head"] = CFrame.new(0.0000,0.0000,0.0000,1.0000,-0.0066,-0.0006,0.0065,0.9714,0.2375,-0.0010,-0.2375,0.9714),
      ["RightUpperArm"] = CFrame.new(0.0000,0.0000,0.0000,0.9872,0.1596,0.0000,-0.1596,0.9872,-0.0000,-0.0000,0.0000,1.0000),
      ["RightLowerArm"] = CFrame.new(0.0000,0.0000,0.0000,1.0000,0.0000,0.0000,0.0000,1.0000,0.0000,0.0000,0.0000,1.0000),
      ["RightHand"] = CFrame.new(0.0000,0.0000,0.0000,0.9994,0.0338,0.0000,-0.0338,0.9994,-0.0000,-0.0000,0.0000,1.0000),
      ["LeftUpperLeg"] = CFrame.new(0.0000,-0.0001,-0.0000,0.9801,0.0748,-0.1837,-0.0970,0.9886,-0.1152,0.1730,0.1307,0.9762),
      ["LeftLowerLeg"] = CFrame.new(0.0000,0.0000,0.0000,1.0000,-0.0000,0.0000,0.0000,0.9878,0.1558,-0.0000,-0.1558,0.9878),
      ["LeftFoot"] = CFrame.new(0.0000,0.0000,0.0000,0.9994,0.0336,0.0006,-0.0336,0.9991,-0.0246,-0.0014,0.0246,0.9997),
      ["RightUpperLeg"] = CFrame.new(0.0003,-0.0284,-0.0010,0.9970,-0.0133,0.0764,0.0163,0.9991,-0.0394,-0.0758,0.0405,0.9963),
      ["RightLowerLeg"] = CFrame.new(0.0000,0.0000,0.0000,1.0000,-0.0000,0.0000,0.0000,0.9959,0.0903,-0.0000,-0.0903,0.9959),
      ["RightFoot"] = CFrame.new(0.0000,0.0000,0.0000,1.0000,-0.0008,-0.0014,0.0007,0.9988,-0.0489,0.0014,0.0489,0.9988),
    }},
    {Time = 2.533, Data = {
      ["HumanoidRootPart"] = CFrame.new(0.0000,0.0000,0.0000,1.0000,0.0000,0.0000,0.0000,1.0000,0.0000,0.0000,0.0000,1.0000),
      ["LowerTorso"] = CFrame.new(-0.0181,-0.0001,0.0000,0.9968,-0.0802,0.0000,0.0802,0.9968,-0.0000,0.0000,0.0000,1.0000),
      ["UpperTorso"] = CFrame.new(0.0000,0.0000,0.0000,0.9950,0.0994,-0.0007,-0.0992,0.9925,-0.0717,-0.0064,0.0714,0.9974),
      ["LeftUpperArm"] = CFrame.new(-0.0068,-0.0168,-0.1905,0.0354,-0.3470,-0.9372,0.0873,0.9353,-0.3430,0.9956,-0.0696,0.0634),
      ["LeftLowerArm"] = CFrame.new(-0.0092,-0.0032,-0.0038,0.8805,-0.4740,0.0000,0.3055,0.5674,-0.7647,0.3624,0.6733,0.6444),
      ["LeftHand"] = CFrame.new(0.0247,0.0428,0.0265,0.7579,-0.5274,-0.3839,0.6113,0.7797,0.1357,0.2277,-0.3376,0.9133),
      ["Head"] = CFrame.new(0.0000,0.0000,0.0000,1.0000,-0.0088,-0.0007,0.0087,0.9711,0.2384,-0.0014,-0.2384,0.9712),
      ["RightUpperArm"] = CFrame.new(0.0000,0.0000,0.0000,0.9872,0.1596,0.0000,-0.1596,0.9872,-0.0000,-0.0000,0.0000,1.0000),
      ["RightLowerArm"] = CFrame.new(0.0000,0.0000,0.0000,1.0000,0.0000,0.0000,0.0000,1.0000,0.0000,0.0000,0.0000,1.0000),
      ["RightHand"] = CFrame.new(0.0000,0.0000,0.0000,0.9994,0.0344,0.0000,-0.0344,0.9994,-0.0000,-0.0000,0.0000,1.0000),
      ["LeftUpperLeg"] = CFrame.new(0.0000,-0.0001,-0.0000,0.9801,0.0748,-0.1837,-0.0970,0.9886,-0.1152,0.1730,0.1307,0.9762),
      ["LeftLowerLeg"] = CFrame.new(0.0000,0.0000,0.0000,1.0000,-0.0000,0.0000,0.0000,0.9878,0.1558,-0.0000,-0.1558,0.9878),
      ["LeftFoot"] = CFrame.new(0.0000,0.0000,0.0000,0.9994,0.0336,0.0006,-0.0336,0.9991,-0.0246,-0.0014,0.0246,0.9997),
      ["RightUpperLeg"] = CFrame.new(0.0003,-0.0284,-0.0010,0.9970,-0.0132,0.0764,0.0163,0.9991,-0.0394,-0.0758,0.0405,0.9963),
      ["RightLowerLeg"] = CFrame.new(0.0000,0.0000,0.0000,1.0000,-0.0000,0.0000,0.0000,0.9959,0.0903,-0.0000,-0.0903,0.9959),
      ["RightFoot"] = CFrame.new(0.0000,0.0000,0.0000,1.0000,-0.0009,-0.0014,0.0008,0.9988,-0.0489,0.0014,0.0489,0.9988),
    }},
    {Time = 2.567, Data = {
      ["HumanoidRootPart"] = CFrame.new(0.0000,0.0000,0.0000,1.0000,0.0000,0.0000,0.0000,1.0000,0.0000,0.0000,0.0000,1.0000),
      ["LowerTorso"] = CFrame.new(-0.0177,-0.0001,0.0000,0.9968,-0.0801,0.0000,0.0801,0.9968,-0.0000,0.0000,0.0000,1.0000),
      ["UpperTorso"] = CFrame.new(0.0000,0.0000,0.0000,0.9950,0.0998,-0.0008,-0.0996,0.9924,-0.0724,-0.0065,0.0721,0.9974),
      ["LeftUpperArm"] = CFrame.new(-0.0068,-0.0168,-0.1905,0.0354,-0.3470,-0.9372,0.0873,0.9353,-0.3430,0.9956,-0.0696,0.0634),
      ["LeftLowerArm"] = CFrame.new(-0.0092,-0.0032,-0.0038,0.8805,-0.4740,0.0000,0.3055,0.5674,-0.7647,0.3624,0.6733,0.6444),
      ["LeftHand"] = CFrame.new(0.0247,0.0428,0.0265,0.7579,-0.5274,-0.3839,0.6113,0.7797,0.1357,0.2277,-0.3376,0.9133),
      ["Head"] = CFrame.new(0.0000,0.0000,0.0000,0.9999,-0.0107,-0.0007,0.0105,0.9709,0.2392,-0.0018,-0.2392,0.9710),
      ["RightUpperArm"] = CFrame.new(0.0000,0.0000,0.0000,0.9872,0.1596,0.0000,-0.1596,0.9872,-0.0000,-0.0000,0.0000,1.0000),
      ["RightLowerArm"] = CFrame.new(0.0000,0.0000,0.0000,1.0000,0.0000,0.0000,0.0000,1.0000,0.0000,0.0000,0.0000,1.0000),
      ["RightHand"] = CFrame.new(0.0000,0.0000,0.0000,0.9994,0.0341,0.0000,-0.0341,0.9994,-0.0000,-0.0000,0.0000,1.0000),
      ["LeftUpperLeg"] = CFrame.new(0.0000,-0.0000,-0.0000,0.9801,0.0748,-0.1837,-0.0971,0.9886,-0.1152,0.1730,0.1307,0.9762),
      ["LeftLowerLeg"] = CFrame.new(0.0000,0.0000,0.0000,1.0000,-0.0000,0.0000,0.0000,0.9878,0.1558,-0.0000,-0.1558,0.9878),
      ["LeftFoot"] = CFrame.new(0.0000,0.0000,0.0000,0.9994,0.0335,0.0006,-0.0335,0.9991,-0.0246,-0.0014,0.0246,0.9997),
      ["RightUpperLeg"] = CFrame.new(0.0003,-0.0283,-0.0010,0.9970,-0.0132,0.0764,0.0163,0.9991,-0.0394,-0.0758,0.0405,0.9963),
      ["RightLowerLeg"] = CFrame.new(0.0000,0.0000,0.0000,1.0000,-0.0000,0.0000,0.0000,0.9959,0.0903,-0.0000,-0.0903,0.9959),
      ["RightFoot"] = CFrame.new(0.0000,0.0000,0.0000,1.0000,-0.0012,-0.0014,0.0011,0.9988,-0.0489,0.0015,0.0489,0.9988),
    }},
    {Time = 2.600, Data = {
      ["HumanoidRootPart"] = CFrame.new(0.0000,0.0000,0.0000,1.0000,0.0000,0.0000,0.0000,1.0000,0.0000,0.0000,0.0000,1.0000),
      ["LowerTorso"] = CFrame.new(-0.0171,-0.0002,0.0000,0.9968,-0.0798,0.0000,0.0798,0.9968,-0.0000,0.0000,0.0000,1.0000),
      ["UpperTorso"] = CFrame.new(0.0000,0.0000,0.0000,0.9950,0.1003,-0.0008,-0.1001,0.9923,-0.0731,-0.0065,0.0728,0.9973),
      ["LeftUpperArm"] = CFrame.new(-0.0068,-0.0168,-0.1905,0.0354,-0.3470,-0.9372,0.0873,0.9353,-0.3430,0.9956,-0.0696,0.0634),
      ["LeftLowerArm"] = CFrame.new(-0.0092,-0.0032,-0.0038,0.8805,-0.4740,0.0000,0.3055,0.5674,-0.7647,0.3624,0.6733,0.6444),
      ["LeftHand"] = CFrame.new(0.0247,0.0428,0.0265,0.7579,-0.5274,-0.3839,0.6113,0.7797,0.1357,0.2277,-0.3376,0.9133),
      ["Head"] = CFrame.new(0.0000,0.0000,0.0000,0.9999,-0.0123,-0.0008,0.0121,0.9707,0.2399,-0.0022,-0.2399,0.9708),
      ["RightUpperArm"] = CFrame.new(0.0000,0.0000,0.0000,0.9872,0.1596,0.0000,-0.1596,0.9872,-0.0000,-0.0000,0.0000,1.0000),
      ["RightLowerArm"] = CFrame.new(0.0000,0.0000,0.0000,1.0000,0.0000,0.0000,0.0000,1.0000,0.0000,0.0000,0.0000,1.0000),
      ["RightHand"] = CFrame.new(0.0000,0.0000,0.0000,0.9994,0.0334,0.0000,-0.0334,0.9994,-0.0000,-0.0000,0.0000,1.0000),
      ["LeftUpperLeg"] = CFrame.new(0.0000,-0.0000,-0.0000,0.9801,0.0749,-0.1837,-0.0971,0.9886,-0.1152,0.1730,0.1307,0.9762),
      ["LeftLowerLeg"] = CFrame.new(0.0000,0.0000,0.0000,1.0000,-0.0000,0.0000,0.0000,0.9878,0.1558,-0.0000,-0.1558,0.9878),
      ["LeftFoot"] = CFrame.new(0.0000,0.0000,0.0000,0.9994,0.0333,0.0006,-0.0333,0.9991,-0.0246,-0.0014,0.0245,0.9997),
      ["RightUpperLeg"] = CFrame.new(0.0003,-0.0281,-0.0010,0.9970,-0.0132,0.0764,0.0162,0.9991,-0.0394,-0.0758,0.0405,0.9963),
      ["RightLowerLeg"] = CFrame.new(0.0000,0.0000,0.0000,1.0000,-0.0000,0.0000,0.0000,0.9959,0.0903,-0.0000,-0.0903,0.9959),
      ["RightFoot"] = CFrame.new(0.0000,0.0000,0.0000,1.0000,-0.0017,-0.0014,0.0016,0.9988,-0.0489,0.0015,0.0489,0.9988),
    }},
    {Time = 2.633, Data = {
      ["HumanoidRootPart"] = CFrame.new(0.0000,0.0000,0.0000,1.0000,0.0000,0.0000,0.0000,1.0000,0.0000,0.0000,0.0000,1.0000),
      ["LowerTorso"] = CFrame.new(-0.0164,-0.0003,0.0000,0.9968,-0.0796,0.0000,0.0796,0.9968,-0.0000,0.0000,0.0000,1.0000),
      ["UpperTorso"] = CFrame.new(0.0000,0.0000,0.0000,0.9949,0.1007,-0.0009,-0.1005,0.9922,-0.0738,-0.0065,0.0735,0.9973),
      ["LeftUpperArm"] = CFrame.new(-0.0068,-0.0168,-0.1905,0.0354,-0.3470,-0.9372,0.0873,0.9353,-0.3430,0.9956,-0.0696,0.0634),
      ["LeftLowerArm"] = CFrame.new(-0.0092,-0.0032,-0.0038,0.8805,-0.4740,0.0000,0.3055,0.5674,-0.7647,0.3624,0.6733,0.6444),
      ["LeftHand"] = CFrame.new(0.0247,0.0428,0.0265,0.7579,-0.5274,-0.3839,0.6113,0.7797,0.1357,0.2277,-0.3376,0.9133),
      ["Head"] = CFrame.new(0.0000,0.0000,0.0000,0.9999,-0.0137,-0.0008,0.0135,0.9705,0.2405,-0.0025,-0.2405,0.9706),
      ["RightUpperArm"] = CFrame.new(0.0000,0.0000,0.0000,0.9872,0.1596,0.0000,-0.1596,0.9872,-0.0000,-0.0000,0.0000,1.0000),
      ["RightLowerArm"] = CFrame.new(0.0000,0.0000,0.0000,1.0000,0.0000,0.0000,0.0000,1.0000,0.0000,0.0000,0.0000,1.0000),
      ["RightHand"] = CFrame.new(0.0000,0.0000,0.0000,0.9995,0.0323,0.0000,-0.0323,0.9995,-0.0000,-0.0000,0.0000,1.0000),
      ["LeftUpperLeg"] = CFrame.new(0.0000,-0.0000,-0.0000,0.9801,0.0750,-0.1837,-0.0972,0.9886,-0.1152,0.1730,0.1307,0.9762),
      ["LeftLowerLeg"] = CFrame.new(0.0000,0.0000,0.0000,1.0000,-0.0000,0.0000,0.0000,0.9878,0.1558,-0.0000,-0.1558,0.9878),
      ["LeftFoot"] = CFrame.new(0.0000,0.0000,0.0000,0.9995,0.0330,0.0006,-0.0330,0.9992,-0.0246,-0.0014,0.0245,0.9997),
      ["RightUpperLeg"] = CFrame.new(0.0003,-0.0278,-0.0010,0.9970,-0.0132,0.0764,0.0162,0.9991,-0.0394,-0.0758,0.0405,0.9963),
      ["RightLowerLeg"] = CFrame.new(0.0000,0.0000,0.0000,1.0000,-0.0000,0.0000,0.0000,0.9959,0.0903,-0.0000,-0.0903,0.9959),
      ["RightFoot"] = CFrame.new(0.0000,0.0000,0.0000,1.0000,-0.0023,-0.0014,0.0022,0.9988,-0.0489,0.0015,0.0489,0.9988),
    }},
    {Time = 2.667, Data = {
      ["HumanoidRootPart"] = CFrame.new(0.0000,0.0000,0.0000,1.0000,0.0000,0.0000,0.0000,1.0000,0.0000,0.0000,0.0000,1.0000),
      ["LowerTorso"] = CFrame.new(-0.0155,-0.0004,0.0000,0.9969,-0.0792,0.0000,0.0792,0.9969,-0.0000,0.0000,0.0000,1.0000),
      ["UpperTorso"] = CFrame.new(0.0000,0.0000,0.0000,0.9949,0.1012,-0.0010,-0.1010,0.9921,-0.0746,-0.0066,0.0743,0.9972),
      ["LeftUpperArm"] = CFrame.new(-0.0068,-0.0168,-0.1905,0.0354,-0.3470,-0.9372,0.0873,0.9353,-0.3430,0.9956,-0.0696,0.0634),
      ["LeftLowerArm"] = CFrame.new(-0.0092,-0.0032,-0.0038,0.8805,-0.4740,0.0000,0.3055,0.5674,-0.7647,0.3624,0.6733,0.6444),
      ["LeftHand"] = CFrame.new(0.0247,0.0428,0.0265,0.7579,-0.5274,-0.3839,0.6113,0.7797,0.1357,0.2277,-0.3376,0.9133),
      ["Head"] = CFrame.new(0.0000,0.0000,0.0000,0.9999,-0.0148,-0.0009,0.0145,0.9704,0.2410,-0.0027,-0.2410,0.9705),
      ["RightUpperArm"] = CFrame.new(0.0000,0.0000,0.0000,0.9872,0.1596,0.0000,-0.1596,0.9872,-0.0000,-0.0000,0.0000,1.0000),
      ["RightLowerArm"] = CFrame.new(0.0000,0.0000,0.0000,1.0000,0.0000,0.0000,0.0000,1.0000,0.0000,0.0000,0.0000,1.0000),
      ["RightHand"] = CFrame.new(0.0000,0.0000,0.0000,0.9995,0.0307,0.0000,-0.0307,0.9995,-0.0000,-0.0000,0.0000,1.0000),
      ["LeftUpperLeg"] = CFrame.new(0.0000,-0.0000,-0.0000,0.9801,0.0751,-0.1837,-0.0973,0.9886,-0.1152,0.1730,0.1307,0.9762),
      ["LeftLowerLeg"] = CFrame.new(0.0000,0.0000,0.0000,1.0000,-0.0000,0.0000,0.0000,0.9878,0.1558,-0.0000,-0.1558,0.9878),
      ["LeftFoot"] = CFrame.new(0.0000,0.0000,0.0000,0.9995,0.0327,0.0006,-0.0326,0.9992,-0.0246,-0.0014,0.0245,0.9997),
      ["RightUpperLeg"] = CFrame.new(0.0003,-0.0274,-0.0010,0.9970,-0.0131,0.0764,0.0161,0.9991,-0.0394,-0.0758,0.0405,0.9963),
      ["RightLowerLeg"] = CFrame.new(0.0000,0.0000,0.0000,1.0000,-0.0000,0.0000,0.0000,0.9959,0.0903,-0.0000,-0.0903,0.9959),
      ["RightFoot"] = CFrame.new(0.0000,0.0000,0.0000,1.0000,-0.0030,-0.0014,0.0030,0.9988,-0.0489,0.0015,0.0489,0.9988),
    }},
    {Time = 2.700, Data = {
      ["HumanoidRootPart"] = CFrame.new(0.0000,0.0000,0.0000,1.0000,0.0000,0.0000,0.0000,1.0000,0.0000,0.0000,0.0000,1.0000),
      ["LowerTorso"] = CFrame.new(-0.0143,-0.0006,0.0000,0.9969,-0.0787,0.0000,0.0787,0.9969,-0.0000,0.0000,0.0000,1.0000),
      ["UpperTorso"] = CFrame.new(0.0000,0.0000,0.0000,0.9948,0.1017,-0.0011,-0.1015,0.9920,-0.0754,-0.0066,0.0752,0.9971),
      ["LeftUpperArm"] = CFrame.new(-0.0068,-0.0168,-0.1905,0.0354,-0.3470,-0.9372,0.0873,0.9353,-0.3430,0.9956,-0.0696,0.0634),
      ["LeftLowerArm"] = CFrame.new(-0.0092,-0.0032,-0.0038,0.8805,-0.4740,0.0000,0.3055,0.5674,-0.7647,0.3624,0.6733,0.6444),
      ["LeftHand"] = CFrame.new(0.0247,0.0428,0.0265,0.7579,-0.5274,-0.3839,0.6113,0.7797,0.1357,0.2277,-0.3376,0.9133),
      ["Head"] = CFrame.new(0.0000,0.0000,0.0000,0.9999,-0.0156,-0.0009,0.0153,0.9703,0.2414,-0.0029,-0.2414,0.9704),
      ["RightUpperArm"] = CFrame.new(0.0000,0.0000,0.0000,0.9872,0.1596,0.0000,-0.1596,0.9872,-0.0000,-0.0000,0.0000,1.0000),
      ["RightLowerArm"] = CFrame.new(0.0000,0.0000,0.0000,1.0000,0.0000,0.0000,0.0000,1.0000,0.0000,0.0000,0.0000,1.0000),
      ["RightHand"] = CFrame.new(0.0000,0.0000,0.0000,0.9996,0.0286,0.0000,-0.0286,0.9996,-0.0000,-0.0000,0.0000,1.0000),
      ["LeftUpperLeg"] = CFrame.new(0.0000,-0.0000,-0.0000,0.9801,0.0752,-0.1837,-0.0974,0.9886,-0.1152,0.1729,0.1308,0.9762),
      ["LeftLowerLeg"] = CFrame.new(0.0000,0.0000,0.0000,1.0000,-0.0000,0.0000,0.0000,0.9878,0.1558,-0.0000,-0.1558,0.9878),
      ["LeftFoot"] = CFrame.new(0.0000,0.0000,0.0000,0.9995,0.0322,0.0006,-0.0322,0.9992,-0.0246,-0.0014,0.0245,0.9997),
      ["RightUpperLeg"] = CFrame.new(0.0003,-0.0270,-0.0010,0.9970,-0.0130,0.0764,0.0161,0.9991,-0.0394,-0.0758,0.0405,0.9963),
      ["RightLowerLeg"] = CFrame.new(0.0000,0.0000,0.0000,1.0000,-0.0000,0.0000,0.0000,0.9959,0.0903,-0.0000,-0.0903,0.9959),
      ["RightFoot"] = CFrame.new(0.0000,0.0000,0.0000,1.0000,-0.0039,-0.0014,0.0039,0.9988,-0.0489,0.0016,0.0489,0.9988),
    }},
    {Time = 2.733, Data = {
      ["HumanoidRootPart"] = CFrame.new(0.0000,0.0000,0.0000,1.0000,0.0000,0.0000,0.0000,1.0000,0.0000,0.0000,0.0000,1.0000),
      ["LowerTorso"] = CFrame.new(-0.0130,-0.0008,0.0000,0.9969,-0.0782,0.0000,0.0782,0.9969,-0.0000,0.0000,0.0000,1.0000),
      ["UpperTorso"] = CFrame.new(0.0000,0.0000,0.0000,0.9948,0.1022,-0.0012,-0.1020,0.9919,-0.0763,-0.0066,0.0760,0.9971),
      ["LeftUpperArm"] = CFrame.new(-0.0068,-0.0168,-0.1905,0.0354,-0.3470,-0.9372,0.0873,0.9353,-0.3430,0.9956,-0.0696,0.0634),
      ["LeftLowerArm"] = CFrame.new(-0.0092,-0.0032,-0.0038,0.8805,-0.4740,0.0000,0.3055,0.5674,-0.7647,0.3624,0.6733,0.6444),
      ["LeftHand"] = CFrame.new(0.0247,0.0428,0.0265,0.7579,-0.5274,-0.3839,0.6113,0.7797,0.1357,0.2277,-0.3376,0.9133),
      ["Head"] = CFrame.new(0.0000,0.0000,0.0000,0.9999,-0.0161,-0.0009,0.0159,0.9702,0.2416,-0.0030,-0.2416,0.9704),
      ["RightUpperArm"] = CFrame.new(0.0000,0.0000,0.0000,0.9872,0.1596,0.0000,-0.1596,0.9872,-0.0000,-0.0000,0.0000,1.0000),
      ["RightLowerArm"] = CFrame.new(0.0000,0.0000,0.0000,1.0000,0.0000,0.0000,0.0000,1.0000,0.0000,0.0000,0.0000,1.0000),
      ["RightHand"] = CFrame.new(0.0000,0.0000,0.0000,0.9997,0.0261,0.0000,-0.0261,0.9997,-0.0000,-0.0000,0.0000,1.0000),
      ["LeftUpperLeg"] = CFrame.new(0.0000,-0.0000,-0.0000,0.9801,0.0753,-0.1837,-0.0975,0.9885,-0.1152,0.1729,0.1308,0.9762),
      ["LeftLowerLeg"] = CFrame.new(0.0000,0.0000,0.0000,1.0000,-0.0000,0.0000,0.0000,0.9878,0.1558,-0.0000,-0.1558,0.9878),
      ["LeftFoot"] = CFrame.new(0.0000,0.0000,0.0000,0.9995,0.0318,0.0006,-0.0317,0.9992,-0.0246,-0.0014,0.0245,0.9997),
      ["RightUpperLeg"] = CFrame.new(0.0003,-0.0266,-0.0010,0.9970,-0.0130,0.0764,0.0160,0.9991,-0.0394,-0.0759,0.0405,0.9963),
      ["RightLowerLeg"] = CFrame.new(0.0000,0.0000,0.0000,1.0000,-0.0000,0.0000,0.0000,0.9959,0.0903,-0.0000,-0.0903,0.9959),
      ["RightFoot"] = CFrame.new(0.0000,0.0000,0.0000,1.0000,-0.0050,-0.0014,0.0049,0.9988,-0.0489,0.0016,0.0489,0.9988),
    }},
    {Time = 2.767, Data = {
      ["HumanoidRootPart"] = CFrame.new(0.0000,0.0000,0.0000,1.0000,0.0000,0.0000,0.0000,1.0000,0.0000,0.0000,0.0000,1.0000),
      ["LowerTorso"] = CFrame.new(-0.0115,-0.0010,0.0000,0.9970,-0.0776,0.0000,0.0776,0.9970,-0.0000,0.0000,0.0000,1.0000),
      ["UpperTorso"] = CFrame.new(0.0000,0.0000,0.0000,0.9947,0.1028,-0.0013,-0.1026,0.9917,-0.0772,-0.0067,0.0769,0.9970),
      ["LeftUpperArm"] = CFrame.new(-0.0068,-0.0168,-0.1905,0.0354,-0.3470,-0.9372,0.0873,0.9353,-0.3430,0.9956,-0.0696,0.0634),
      ["LeftLowerArm"] = CFrame.new(-0.0092,-0.0032,-0.0038,0.8805,-0.4740,0.0000,0.3055,0.5674,-0.7647,0.3624,0.6733,0.6444),
      ["LeftHand"] = CFrame.new(0.0247,0.0428,0.0265,0.7579,-0.5274,-0.3839,0.6113,0.7797,0.1357,0.2277,-0.3376,0.9133),
      ["Head"] = CFrame.new(0.0000,0.0000,0.0000,0.9999,-0.0164,-0.0009,0.0161,0.9702,0.2417,-0.0031,-0.2417,0.9703),
      ["RightUpperArm"] = CFrame.new(0.0000,0.0000,0.0000,0.9872,0.1596,0.0000,-0.1596,0.9872,-0.0000,-0.0000,0.0000,1.0000),
      ["RightLowerArm"] = CFrame.new(0.0000,0.0000,0.0000,1.0000,0.0000,0.0000,0.0000,1.0000,0.0000,0.0000,0.0000,1.0000),
      ["RightHand"] = CFrame.new(0.0000,0.0000,0.0000,0.9997,0.0231,0.0000,-0.0231,0.9997,-0.0000,-0.0000,0.0000,1.0000),
      ["LeftUpperLeg"] = CFrame.new(0.0000,-0.0000,0.0000,0.9801,0.0754,-0.1837,-0.0976,0.9885,-0.1152,0.1729,0.1308,0.9762),
      ["LeftLowerLeg"] = CFrame.new(0.0000,0.0000,0.0000,1.0000,-0.0000,0.0000,0.0000,0.9878,0.1558,-0.0000,-0.1558,0.9878),
      ["LeftFoot"] = CFrame.new(0.0000,0.0000,0.0000,0.9995,0.0312,0.0006,-0.0312,0.9992,-0.0246,-0.0014,0.0245,0.9997),
      ["RightUpperLeg"] = CFrame.new(0.0003,-0.0260,-0.0010,0.9970,-0.0129,0.0764,0.0159,0.9991,-0.0394,-0.0759,0.0405,0.9963),
      ["RightLowerLeg"] = CFrame.new(0.0000,0.0000,0.0000,1.0000,-0.0000,0.0000,0.0000,0.9959,0.0903,-0.0000,-0.0903,0.9959),
      ["RightFoot"] = CFrame.new(0.0000,0.0000,0.0000,1.0000,-0.0062,-0.0014,0.0061,0.9988,-0.0489,0.0017,0.0489,0.9988),
    }},
    {Time = 2.800, Data = {
      ["HumanoidRootPart"] = CFrame.new(0.0000,0.0000,0.0000,1.0000,0.0000,0.0000,0.0000,1.0000,0.0000,0.0000,0.0000,1.0000),
      ["LowerTorso"] = CFrame.new(-0.0098,-0.0012,0.0000,0.9970,-0.0770,0.0000,0.0770,0.9970,-0.0000,0.0000,0.0000,1.0000),
      ["UpperTorso"] = CFrame.new(0.0000,0.0000,0.0000,0.9946,0.1033,-0.0014,-0.1031,0.9916,-0.0781,-0.0067,0.0779,0.9969),
      ["LeftUpperArm"] = CFrame.new(-0.0068,-0.0168,-0.1905,0.0354,-0.3470,-0.9372,0.0873,0.9353,-0.3430,0.9956,-0.0696,0.0634),
      ["LeftLowerArm"] = CFrame.new(-0.0092,-0.0032,-0.0038,0.8805,-0.4740,0.0000,0.3055,0.5674,-0.7647,0.3624,0.6733,0.6444),
      ["LeftHand"] = CFrame.new(0.0247,0.0428,0.0265,0.7579,-0.5274,-0.3839,0.6113,0.7797,0.1357,0.2277,-0.3376,0.9133),
      ["Head"] = CFrame.new(0.0000,0.0000,0.0000,0.9999,-0.0164,-0.0009,0.0161,0.9702,0.2417,-0.0031,-0.2417,0.9704),
      ["RightUpperArm"] = CFrame.new(0.0000,0.0000,0.0000,0.9872,0.1596,0.0000,-0.1596,0.9872,-0.0000,-0.0000,0.0000,1.0000),
      ["RightLowerArm"] = CFrame.new(0.0000,0.0000,0.0000,1.0000,0.0000,0.0000,0.0000,1.0000,0.0000,0.0000,0.0000,1.0000),
      ["RightHand"] = CFrame.new(0.0000,0.0000,0.0000,0.9998,0.0197,0.0000,-0.0197,0.9998,-0.0000,-0.0000,0.0000,1.0000),
      ["LeftUpperLeg"] = CFrame.new(0.0000,-0.0000,0.0000,0.9801,0.0756,-0.1837,-0.0978,0.9885,-0.1152,0.1729,0.1308,0.9762),
      ["LeftLowerLeg"] = CFrame.new(0.0000,0.0000,0.0000,1.0000,-0.0000,0.0000,0.0000,0.9878,0.1558,-0.0000,-0.1558,0.9878),
      ["LeftFoot"] = CFrame.new(0.0000,0.0000,0.0000,0.9995,0.0306,0.0006,-0.0306,0.9992,-0.0246,-0.0014,0.0245,0.9997),
      ["RightUpperLeg"] = CFrame.new(0.0003,-0.0254,-0.0010,0.9970,-0.0128,0.0764,0.0158,0.9991,-0.0394,-0.0759,0.0405,0.9963),
      ["RightLowerLeg"] = CFrame.new(0.0000,0.0000,0.0000,1.0000,-0.0000,0.0000,0.0000,0.9959,0.0903,-0.0000,-0.0903,0.9959),
      ["RightFoot"] = CFrame.new(0.0000,0.0000,0.0000,1.0000,-0.0075,-0.0014,0.0075,0.9988,-0.0489,0.0018,0.0489,0.9988),
    }},
    {Time = 2.833, Data = {
      ["HumanoidRootPart"] = CFrame.new(0.0000,0.0000,0.0000,1.0000,0.0000,0.0000,0.0000,1.0000,0.0000,0.0000,0.0000,1.0000),
      ["LowerTorso"] = CFrame.new(-0.0080,-0.0015,0.0000,0.9971,-0.0763,0.0000,0.0763,0.9971,-0.0000,0.0000,0.0000,1.0000),
      ["UpperTorso"] = CFrame.new(0.0000,0.0000,0.0000,0.9946,0.1039,-0.0015,-0.1037,0.9915,-0.0791,-0.0067,0.0788,0.9969),
      ["LeftUpperArm"] = CFrame.new(-0.0068,-0.0168,-0.1905,0.0354,-0.3470,-0.9372,0.0873,0.9353,-0.3430,0.9956,-0.0696,0.0634),
      ["LeftLowerArm"] = CFrame.new(-0.0092,-0.0032,-0.0038,0.8805,-0.4740,0.0000,0.3055,0.5674,-0.7647,0.3624,0.6733,0.6444),
      ["LeftHand"] = CFrame.new(0.0247,0.0428,0.0265,0.7579,-0.5274,-0.3839,0.6113,0.7797,0.1357,0.2277,-0.3376,0.9133),
      ["Head"] = CFrame.new(0.0000,0.0000,0.0000,0.9999,-0.0164,-0.0009,0.0161,0.9703,0.2414,-0.0031,-0.2413,0.9704),
      ["RightUpperArm"] = CFrame.new(0.0000,0.0000,0.0000,0.9872,0.1596,0.0000,-0.1596,0.9872,-0.0000,-0.0000,0.0000,1.0000),
      ["RightLowerArm"] = CFrame.new(0.0000,0.0000,0.0000,1.0000,0.0000,0.0000,0.0000,1.0000,0.0000,0.0000,0.0000,1.0000),
      ["RightHand"] = CFrame.new(0.0000,0.0000,0.0000,0.9999,0.0158,0.0000,-0.0158,0.9999,-0.0000,-0.0000,0.0000,1.0000),
      ["LeftUpperLeg"] = CFrame.new(0.0000,-0.0000,0.0000,0.9801,0.0757,-0.1837,-0.0980,0.9885,-0.1152,0.1729,0.1309,0.9762),
      ["LeftLowerLeg"] = CFrame.new(0.0000,0.0000,0.0000,1.0000,-0.0000,0.0000,0.0000,0.9878,0.1558,-0.0000,-0.1558,0.9878),
      ["LeftFoot"] = CFrame.new(0.0000,0.0000,0.0000,0.9996,0.0299,0.0006,-0.0299,0.9993,-0.0246,-0.0014,0.0245,0.9997),
      ["RightUpperLeg"] = CFrame.new(0.0003,-0.0247,-0.0010,0.9970,-0.0127,0.0764,0.0157,0.9991,-0.0394,-0.0759,0.0405,0.9963),
      ["RightLowerLeg"] = CFrame.new(0.0000,0.0000,0.0000,1.0000,-0.0000,0.0000,0.0000,0.9959,0.0903,-0.0000,-0.0903,0.9959),
      ["RightFoot"] = CFrame.new(0.0000,0.0000,0.0000,1.0000,-0.0091,-0.0014,0.0090,0.9988,-0.0489,0.0018,0.0489,0.9988),
    }},
    {Time = 2.867, Data = {
      ["HumanoidRootPart"] = CFrame.new(0.0000,0.0000,0.0000,1.0000,0.0000,0.0000,0.0000,1.0000,0.0000,0.0000,0.0000,1.0000),
      ["LowerTorso"] = CFrame.new(-0.0059,-0.0018,0.0000,0.9971,-0.0755,0.0000,0.0755,0.9971,-0.0000,0.0000,0.0000,1.0000),
      ["UpperTorso"] = CFrame.new(0.0000,0.0000,0.0000,0.9945,0.1045,-0.0016,-0.1043,0.9913,-0.0801,-0.0068,0.0798,0.9968),
      ["LeftUpperArm"] = CFrame.new(-0.0068,-0.0168,-0.1905,0.0354,-0.3470,-0.9372,0.0873,0.9353,-0.3430,0.9956,-0.0696,0.0634),
      ["LeftLowerArm"] = CFrame.new(-0.0092,-0.0032,-0.0038,0.8805,-0.4740,0.0000,0.3055,0.5674,-0.7647,0.3624,0.6733,0.6444),
      ["LeftHand"] = CFrame.new(0.0247,0.0428,0.0265,0.7579,-0.5274,-0.3839,0.6113,0.7797,0.1357,0.2277,-0.3376,0.9133),
      ["Head"] = CFrame.new(0.0000,0.0000,0.0000,0.9999,-0.0164,-0.0009,0.0161,0.9705,0.2407,-0.0031,-0.2407,0.9706),
      ["RightUpperArm"] = CFrame.new(0.0000,0.0000,0.0000,0.9872,0.1596,0.0000,-0.1596,0.9872,-0.0000,-0.0000,0.0000,1.0000),
      ["RightLowerArm"] = CFrame.new(0.0000,0.0000,0.0000,1.0000,0.0000,0.0000,0.0000,1.0000,0.0000,0.0000,0.0000,1.0000),
      ["RightHand"] = CFrame.new(0.0000,0.0000,0.0000,0.9999,0.0115,0.0000,-0.0115,0.9999,-0.0000,-0.0000,0.0000,1.0000),
      ["LeftUpperLeg"] = CFrame.new(0.0000,-0.0000,0.0000,0.9800,0.0759,-0.1837,-0.0982,0.9885,-0.1152,0.1728,0.1309,0.9762),
      ["LeftLowerLeg"] = CFrame.new(0.0000,0.0000,0.0000,1.0000,-0.0000,0.0000,0.0000,0.9878,0.1558,-0.0000,-0.1558,0.9878),
      ["LeftFoot"] = CFrame.new(0.0000,0.0000,0.0000,0.9996,0.0291,0.0006,-0.0291,0.9993,-0.0246,-0.0013,0.0245,0.9997),
      ["RightUpperLeg"] = CFrame.new(0.0003,-0.0240,-0.0010,0.9970,-0.0126,0.0764,0.0156,0.9991,-0.0394,-0.0759,0.0405,0.9963),
      ["RightLowerLeg"] = CFrame.new(0.0000,0.0000,0.0000,1.0000,-0.0000,0.0000,0.0000,0.9959,0.0903,-0.0000,-0.0903,0.9959),
      ["RightFoot"] = CFrame.new(0.0000,0.0000,0.0000,0.9999,-0.0107,-0.0014,0.0106,0.9987,-0.0489,0.0019,0.0489,0.9988),
    }},
    {Time = 2.900, Data = {
      ["HumanoidRootPart"] = CFrame.new(0.0000,0.0000,0.0000,1.0000,0.0000,0.0000,0.0000,1.0000,0.0000,0.0000,0.0000,1.0000),
      ["LowerTorso"] = CFrame.new(-0.0037,-0.0021,0.0000,0.9972,-0.0746,0.0000,0.0746,0.9972,-0.0000,0.0000,0.0000,1.0000),
      ["UpperTorso"] = CFrame.new(0.0000,0.0000,0.0000,0.9945,0.1051,-0.0017,-0.1049,0.9912,-0.0811,-0.0068,0.0808,0.9967),
      ["LeftUpperArm"] = CFrame.new(-0.0068,-0.0168,-0.1905,0.0354,-0.3470,-0.9372,0.0873,0.9353,-0.3430,0.9956,-0.0696,0.0634),
      ["LeftLowerArm"] = CFrame.new(-0.0092,-0.0032,-0.0038,0.8805,-0.4740,0.0000,0.3055,0.5674,-0.7647,0.3624,0.6733,0.6444),
      ["LeftHand"] = CFrame.new(0.0247,0.0428,0.0265,0.7579,-0.5274,-0.3839,0.6113,0.7797,0.1357,0.2277,-0.3376,0.9133),
      ["Head"] = CFrame.new(0.0000,0.0000,0.0000,0.9999,-0.0164,-0.0009,0.0161,0.9707,0.2397,-0.0031,-0.2397,0.9708),
      ["RightUpperArm"] = CFrame.new(0.0000,0.0000,0.0000,0.9872,0.1596,0.0000,-0.1596,0.9872,-0.0000,-0.0000,0.0000,1.0000),
      ["RightLowerArm"] = CFrame.new(0.0000,0.0000,0.0000,1.0000,0.0000,0.0000,0.0000,1.0000,0.0000,0.0000,0.0000,1.0000),
      ["RightHand"] = CFrame.new(0.0000,0.0000,0.0000,1.0000,0.0067,0.0000,-0.0067,1.0000,-0.0000,-0.0000,0.0000,1.0000),
      ["LeftUpperLeg"] = CFrame.new(0.0000,-0.0000,0.0000,0.9800,0.0761,-0.1837,-0.0984,0.9885,-0.1152,0.1728,0.1309,0.9762),
      ["LeftLowerLeg"] = CFrame.new(0.0000,0.0000,0.0000,1.0000,-0.0000,0.0000,0.0000,0.9878,0.1558,-0.0000,-0.1558,0.9878),
      ["LeftFoot"] = CFrame.new(0.0000,0.0000,0.0000,0.9996,0.0283,0.0006,-0.0283,0.9993,-0.0246,-0.0013,0.0245,0.9997),
      ["RightUpperLeg"] = CFrame.new(0.0003,-0.0232,-0.0009,0.9970,-0.0124,0.0764,0.0155,0.9991,-0.0394,-0.0759,0.0404,0.9963),
      ["RightLowerLeg"] = CFrame.new(0.0000,0.0000,0.0000,1.0000,-0.0000,0.0000,0.0000,0.9959,0.0903,-0.0000,-0.0903,0.9959),
      ["RightFoot"] = CFrame.new(0.0000,0.0000,0.0000,0.9999,-0.0125,-0.0014,0.0124,0.9987,-0.0489,0.0020,0.0489,0.9988),
    }},
    {Time = 2.933, Data = {
      ["HumanoidRootPart"] = CFrame.new(0.0000,0.0000,0.0000,1.0000,0.0000,0.0000,0.0000,1.0000,0.0000,0.0000,0.0000,1.0000),
      ["LowerTorso"] = CFrame.new(-0.0012,-0.0024,0.0000,0.9973,-0.0736,0.0000,0.0736,0.9973,-0.0000,0.0000,0.0000,1.0000),
      ["UpperTorso"] = CFrame.new(0.0000,0.0000,0.0000,0.9944,0.1057,-0.0018,-0.1055,0.9910,-0.0820,-0.0068,0.0818,0.9966),
      ["LeftUpperArm"] = CFrame.new(-0.0068,-0.0168,-0.1905,0.0354,-0.3470,-0.9372,0.0873,0.9353,-0.3430,0.9956,-0.0696,0.0634),
      ["LeftLowerArm"] = CFrame.new(-0.0092,-0.0032,-0.0038,0.8805,-0.4740,0.0000,0.3055,0.5674,-0.7647,0.3624,0.6733,0.6444),
      ["LeftHand"] = CFrame.new(0.0247,0.0428,0.0265,0.7579,-0.5274,-0.3839,0.6113,0.7797,0.1357,0.2277,-0.3376,0.9133),
      ["Head"] = CFrame.new(0.0000,0.0000,0.0000,0.9999,-0.0164,-0.0009,0.0161,0.9710,0.2384,-0.0031,-0.2384,0.9712),
      ["RightUpperArm"] = CFrame.new(0.0000,0.0000,0.0000,0.9872,0.1596,0.0000,-0.1596,0.9872,-0.0000,-0.0000,0.0000,1.0000),
      ["RightLowerArm"] = CFrame.new(0.0000,0.0000,0.0000,1.0000,0.0000,0.0000,0.0000,1.0000,0.0000,0.0000,0.0000,1.0000),
      ["RightHand"] = CFrame.new(0.0000,0.0000,0.0000,1.0000,0.0014,0.0000,-0.0014,1.0000,-0.0000,-0.0000,0.0000,1.0000),
      ["LeftUpperLeg"] = CFrame.new(0.0000,-0.0000,0.0000,0.9800,0.0764,-0.1837,-0.0986,0.9884,-0.1152,0.1728,0.1310,0.9762),
      ["LeftLowerLeg"] = CFrame.new(0.0000,0.0000,0.0000,1.0000,-0.0000,0.0000,0.0000,0.9878,0.1558,-0.0000,-0.1558,0.9878),
      ["LeftFoot"] = CFrame.new(0.0000,0.0000,0.0000,0.9996,0.0274,0.0006,-0.0274,0.9993,-0.0246,-0.0013,0.0245,0.9997),
      ["RightUpperLeg"] = CFrame.new(0.0003,-0.0223,-0.0009,0.9970,-0.0123,0.0764,0.0153,0.9991,-0.0394,-0.0759,0.0404,0.9963),
      ["RightLowerLeg"] = CFrame.new(0.0000,0.0000,0.0000,1.0000,-0.0000,0.0000,0.0000,0.9959,0.0903,-0.0000,-0.0903,0.9959),
      ["RightFoot"] = CFrame.new(0.0000,0.0000,0.0000,0.9999,-0.0145,-0.0014,0.0144,0.9987,-0.0489,0.0021,0.0489,0.9988),
    }},
    {Time = 2.967, Data = {
      ["HumanoidRootPart"] = CFrame.new(0.0000,0.0000,0.0000,1.0000,0.0000,0.0000,0.0000,1.0000,0.0000,0.0000,0.0000,1.0000),
      ["LowerTorso"] = CFrame.new(0.0014,-0.0028,0.0000,0.9974,-0.0726,0.0000,0.0726,0.9974,-0.0000,0.0000,0.0000,1.0000),
      ["UpperTorso"] = CFrame.new(0.0000,0.0000,0.0000,0.9943,0.1063,-0.0019,-0.1060,0.9909,-0.0829,-0.0069,0.0827,0.9966),
      ["LeftUpperArm"] = CFrame.new(-0.0068,-0.0168,-0.1905,0.0354,-0.3470,-0.9372,0.0873,0.9353,-0.3430,0.9956,-0.0696,0.0634),
      ["LeftLowerArm"] = CFrame.new(-0.0092,-0.0032,-0.0038,0.8805,-0.4740,0.0000,0.3055,0.5674,-0.7647,0.3624,0.6733,0.6444),
      ["LeftHand"] = CFrame.new(0.0247,0.0428,0.0265,0.7579,-0.5274,-0.3839,0.6113,0.7797,0.1357,0.2277,-0.3376,0.9133),
      ["Head"] = CFrame.new(0.0000,0.0000,0.0000,0.9999,-0.0164,-0.0008,0.0161,0.9714,0.2368,-0.0031,-0.2367,0.9716),
      ["RightUpperArm"] = CFrame.new(0.0000,0.0000,0.0000,0.9872,0.1596,0.0000,-0.1596,0.9872,-0.0000,-0.0000,0.0000,1.0000),
      ["RightLowerArm"] = CFrame.new(0.0000,0.0000,0.0000,1.0000,0.0000,0.0000,0.0000,1.0000,0.0000,0.0000,0.0000,1.0000),
      ["RightHand"] = CFrame.new(0.0000,0.0000,0.0000,1.0000,-0.0043,0.0000,0.0043,1.0000,-0.0000,0.0000,0.0000,1.0000),
      ["LeftUpperLeg"] = CFrame.new(0.0000,-0.0000,0.0000,0.9800,0.0766,-0.1837,-0.0988,0.9884,-0.1151,0.1727,0.1310,0.9762),
      ["LeftLowerLeg"] = CFrame.new(0.0000,0.0000,0.0000,1.0000,-0.0000,0.0000,0.0000,0.9878,0.1558,-0.0000,-0.1558,0.9878),
      ["LeftFoot"] = CFrame.new(0.0000,0.0000,0.0000,0.9996,0.0265,0.0006,-0.0264,0.9993,-0.0246,-0.0013,0.0245,0.9997),
      ["RightUpperLeg"] = CFrame.new(0.0003,-0.0213,-0.0009,0.9970,-0.0121,0.0764,0.0152,0.9991,-0.0394,-0.0759,0.0404,0.9963),
      ["RightLowerLeg"] = CFrame.new(0.0000,0.0000,0.0000,1.0000,-0.0000,0.0000,0.0000,0.9959,0.0903,-0.0000,-0.0903,0.9959),
      ["RightFoot"] = CFrame.new(0.0000,0.0000,0.0000,0.9999,-0.0166,-0.0014,0.0165,0.9987,-0.0489,0.0022,0.0489,0.9988),
    }},
    {Time = 3.000, Data = {
      ["HumanoidRootPart"] = CFrame.new(0.0000,0.0000,0.0000,1.0000,0.0000,0.0000,0.0000,1.0000,0.0000,0.0000,0.0000,1.0000),
      ["LowerTorso"] = CFrame.new(0.0042,-0.0032,0.0000,0.9974,-0.0715,0.0000,0.0715,0.9974,-0.0000,0.0000,0.0000,1.0000),
      ["UpperTorso"] = CFrame.new(0.0000,0.0000,0.0000,0.9943,0.1068,-0.0021,-0.1066,0.9908,-0.0838,-0.0069,0.0835,0.9965),
      ["LeftUpperArm"] = CFrame.new(-0.0068,-0.0168,-0.1905,0.0354,-0.3470,-0.9372,0.0873,0.9353,-0.3430,0.9956,-0.0696,0.0634),
      ["LeftLowerArm"] = CFrame.new(-0.0092,-0.0032,-0.0038,0.8805,-0.4740,0.0000,0.3055,0.5674,-0.7647,0.3624,0.6733,0.6444),
      ["LeftHand"] = CFrame.new(0.0247,0.0428,0.0265,0.7579,-0.5274,-0.3839,0.6113,0.7797,0.1357,0.2277,-0.3376,0.9133),
      ["Head"] = CFrame.new(0.0000,0.0000,0.0000,0.9999,-0.0164,-0.0008,0.0161,0.9719,0.2348,-0.0030,-0.2348,0.9720),
      ["RightUpperArm"] = CFrame.new(0.0000,0.0000,0.0000,0.9872,0.1596,0.0000,-0.1596,0.9872,-0.0000,-0.0000,0.0000,1.0000),
      ["RightLowerArm"] = CFrame.new(0.0000,0.0000,0.0000,1.0000,0.0000,0.0000,0.0000,1.0000,0.0000,0.0000,0.0000,1.0000),
      ["RightHand"] = CFrame.new(0.0000,0.0000,0.0000,0.9999,-0.0105,0.0000,0.0105,0.9999,-0.0000,0.0000,0.0000,1.0000),
      ["LeftUpperLeg"] = CFrame.new(0.0000,-0.0000,0.0000,0.9800,0.0769,-0.1837,-0.0991,0.9884,-0.1151,0.1727,0.1310,0.9762),
      ["LeftLowerLeg"] = CFrame.new(0.0000,0.0000,0.0000,1.0000,-0.0000,0.0000,0.0000,0.9878,0.1558,-0.0000,-0.1558,0.9878),
      ["LeftFoot"] = CFrame.new(0.0000,0.0000,0.0000,0.9997,0.0254,0.0006,-0.0254,0.9994,-0.0246,-0.0013,0.0245,0.9997),
      ["RightUpperLeg"] = CFrame.new(0.0003,-0.0203,-0.0008,0.9970,-0.0120,0.0764,0.0150,0.9991,-0.0394,-0.0759,0.0404,0.9963),
      ["RightLowerLeg"] = CFrame.new(0.0000,0.0000,0.0000,1.0000,-0.0000,0.0000,0.0000,0.9959,0.0903,-0.0000,-0.0903,0.9959),
      ["RightFoot"] = CFrame.new(0.0000,0.0000,0.0000,0.9998,-0.0189,-0.0014,0.0188,0.9986,-0.0489,0.0023,0.0488,0.9988),
    }},
    {Time = 3.033, Data = {
      ["HumanoidRootPart"] = CFrame.new(0.0000,0.0000,0.0000,1.0000,0.0000,0.0000,0.0000,1.0000,0.0000,0.0000,0.0000,1.0000),
      ["LowerTorso"] = CFrame.new(0.0071,-0.0036,0.0000,0.9975,-0.0704,0.0000,0.0704,0.9975,-0.0000,0.0000,0.0000,1.0000),
      ["UpperTorso"] = CFrame.new(0.0000,0.0000,0.0000,0.9942,0.1073,-0.0021,-0.1071,0.9906,-0.0846,-0.0070,0.0844,0.9964),
      ["LeftUpperArm"] = CFrame.new(-0.0068,-0.0168,-0.1905,0.0354,-0.3470,-0.9372,0.0873,0.9353,-0.3430,0.9956,-0.0696,0.0634),
      ["LeftLowerArm"] = CFrame.new(-0.0092,-0.0032,-0.0038,0.8805,-0.4740,0.0000,0.3055,0.5674,-0.7647,0.3624,0.6733,0.6444),
      ["LeftHand"] = CFrame.new(0.0247,0.0428,0.0265,0.7579,-0.5274,-0.3839,0.6113,0.7797,0.1357,0.2277,-0.3376,0.9133),
      ["Head"] = CFrame.new(0.0000,0.0000,0.0000,0.9999,-0.0164,-0.0008,0.0161,0.9725,0.2325,-0.0030,-0.2325,0.9726),
      ["RightUpperArm"] = CFrame.new(0.0000,0.0000,0.0000,0.9872,0.1596,0.0000,-0.1596,0.9872,-0.0000,-0.0000,0.0000,1.0000),
      ["RightLowerArm"] = CFrame.new(0.0000,0.0000,0.0000,1.0000,0.0000,0.0000,0.0000,1.0000,0.0000,0.0000,0.0000,1.0000),
      ["RightHand"] = CFrame.new(0.0000,0.0000,0.0000,0.9999,-0.0172,0.0000,0.0172,0.9999,-0.0000,0.0000,0.0000,1.0000),
      ["LeftUpperLeg"] = CFrame.new(0.0000,-0.0000,0.0000,0.9800,0.0771,-0.1837,-0.0994,0.9884,-0.1151,0.1727,0.1311,0.9762),
      ["LeftLowerLeg"] = CFrame.new(0.0000,0.0000,0.0000,1.0000,-0.0000,0.0000,0.0000,0.9878,0.1558,-0.0000,-0.1558,0.9878),
      ["LeftFoot"] = CFrame.new(0.0000,0.0000,0.0000,0.9997,0.0244,0.0006,-0.0243,0.9994,-0.0246,-0.0012,0.0245,0.9997),
      ["RightUpperLeg"] = CFrame.new(0.0003,-0.0193,-0.0008,0.9970,-0.0118,0.0764,0.0148,0.9991,-0.0394,-0.0759,0.0404,0.9963),
      ["RightLowerLeg"] = CFrame.new(0.0000,0.0000,0.0000,1.0000,-0.0000,0.0000,0.0000,0.9959,0.0903,-0.0000,-0.0903,0.9959),
      ["RightFoot"] = CFrame.new(0.0000,0.0000,0.0000,0.9998,-0.0212,-0.0014,0.0211,0.9986,-0.0489,0.0024,0.0488,0.9988),
    }},
    {Time = 3.067, Data = {
      ["HumanoidRootPart"] = CFrame.new(0.0000,0.0000,0.0000,1.0000,0.0000,0.0000,0.0000,1.0000,0.0000,0.0000,0.0000,1.0000),
      ["LowerTorso"] = CFrame.new(0.0098,-0.0040,0.0000,0.9976,-0.0693,0.0000,0.0693,0.9976,-0.0000,0.0000,0.0000,1.0000),
      ["UpperTorso"] = CFrame.new(0.0000,0.0000,0.0000,0.9942,0.1078,-0.0022,-0.1076,0.9905,-0.0855,-0.0070,0.0852,0.9963),
      ["LeftUpperArm"] = CFrame.new(-0.0068,-0.0168,-0.1905,0.0354,-0.3470,-0.9372,0.0873,0.9353,-0.3430,0.9956,-0.0696,0.0634),
      ["LeftLowerArm"] = CFrame.new(-0.0092,-0.0032,-0.0038,0.8805,-0.4740,0.0000,0.3055,0.5674,-0.7647,0.3624,0.6733,0.6444),
      ["LeftHand"] = CFrame.new(0.0247,0.0428,0.0265,0.7579,-0.5274,-0.3839,0.6113,0.7797,0.1357,0.2277,-0.3376,0.9133),
      ["Head"] = CFrame.new(0.0000,0.0000,0.0000,0.9999,-0.0164,-0.0007,0.0161,0.9731,0.2298,-0.0030,-0.2298,0.9732),
      ["RightUpperArm"] = CFrame.new(0.0000,0.0000,0.0000,0.9872,0.1596,0.0000,-0.1596,0.9872,-0.0000,-0.0000,0.0000,1.0000),
      ["RightLowerArm"] = CFrame.new(0.0000,0.0000,0.0000,1.0000,0.0000,0.0000,0.0000,1.0000,0.0000,0.0000,0.0000,1.0000),
      ["RightHand"] = CFrame.new(0.0000,0.0000,0.0000,0.9997,-0.0243,0.0000,0.0243,0.9997,-0.0000,0.0000,0.0000,1.0000),
      ["LeftUpperLeg"] = CFrame.new(0.0000,-0.0000,0.0000,0.9799,0.0774,-0.1837,-0.0996,0.9883,-0.1151,0.1726,0.1311,0.9762),
      ["LeftLowerLeg"] = CFrame.new(0.0000,0.0000,0.0000,1.0000,-0.0000,0.0000,0.0000,0.9878,0.1558,-0.0000,-0.1558,0.9878),
      ["LeftFoot"] = CFrame.new(0.0000,0.0000,0.0000,0.9997,0.0234,0.0006,-0.0234,0.9994,-0.0246,-0.0012,0.0245,0.9997),
      ["RightUpperLeg"] = CFrame.new(0.0003,-0.0183,-0.0007,0.9970,-0.0116,0.0764,0.0147,0.9991,-0.0394,-0.0759,0.0404,0.9963),
      ["RightLowerLeg"] = CFrame.new(0.0000,0.0000,0.0000,1.0000,-0.0000,0.0000,0.0000,0.9959,0.0903,-0.0000,-0.0903,0.9959),
      ["RightFoot"] = CFrame.new(0.0000,0.0000,0.0000,0.9997,-0.0234,-0.0014,0.0233,0.9985,-0.0489,0.0025,0.0488,0.9988),
    }},
    {Time = 3.100, Data = {
      ["HumanoidRootPart"] = CFrame.new(0.0000,0.0000,0.0000,1.0000,0.0000,0.0000,0.0000,1.0000,0.0000,0.0000,0.0000,1.0000),
      ["LowerTorso"] = CFrame.new(0.0123,-0.0044,0.0000,0.9977,-0.0683,0.0000,0.0683,0.9977,-0.0000,0.0000,0.0000,1.0000),
      ["UpperTorso"] = CFrame.new(0.0000,0.0000,0.0000,0.9941,0.1083,-0.0023,-0.1081,0.9904,-0.0862,-0.0070,0.0860,0.9963),
      ["LeftUpperArm"] = CFrame.new(-0.0068,-0.0168,-0.1905,0.0354,-0.3470,-0.9372,0.0873,0.9353,-0.3430,0.9956,-0.0696,0.0634),
      ["LeftLowerArm"] = CFrame.new(-0.0092,-0.0032,-0.0038,0.8805,-0.4740,0.0000,0.3055,0.5674,-0.7647,0.3624,0.6733,0.6444),
      ["LeftHand"] = CFrame.new(0.0247,0.0428,0.0265,0.7579,-0.5274,-0.3839,0.6113,0.7797,0.1357,0.2277,-0.3376,0.9133),
      ["Head"] = CFrame.new(0.0000,0.0000,0.0000,0.9999,-0.0164,-0.0007,0.0161,0.9738,0.2269,-0.0030,-0.2269,0.9739),
      ["RightUpperArm"] = CFrame.new(0.0000,0.0000,0.0000,0.9872,0.1596,0.0000,-0.1596,0.9872,-0.0000,-0.0000,0.0000,1.0000),
      ["RightLowerArm"] = CFrame.new(0.0000,0.0000,0.0000,1.0000,0.0000,0.0000,0.0000,1.0000,0.0000,0.0000,0.0000,1.0000),
      ["RightHand"] = CFrame.new(0.0000,0.0000,0.0000,0.9995,-0.0318,0.0000,0.0318,0.9995,-0.0000,0.0000,0.0000,1.0000),
      ["LeftUpperLeg"] = CFrame.new(0.0000,-0.0000,0.0000,0.9799,0.0776,-0.1837,-0.0999,0.9883,-0.1151,0.1726,0.1312,0.9762),
      ["LeftLowerLeg"] = CFrame.new(0.0000,0.0000,0.0000,1.0000,-0.0000,0.0000,0.0000,0.9878,0.1558,-0.0000,-0.1558,0.9878),
      ["LeftFoot"] = CFrame.new(0.0000,0.0000,0.0000,0.9997,0.0224,0.0006,-0.0224,0.9994,-0.0246,-0.0012,0.0245,0.9997),
      ["RightUpperLeg"] = CFrame.new(0.0003,-0.0173,-0.0007,0.9970,-0.0115,0.0764,0.0145,0.9991,-0.0394,-0.0759,0.0404,0.9963),
      ["RightLowerLeg"] = CFrame.new(0.0000,0.0000,0.0000,1.0000,-0.0000,0.0000,0.0000,0.9959,0.0903,-0.0000,-0.0903,0.9959),
      ["RightFoot"] = CFrame.new(0.0000,0.0000,0.0000,0.9997,-0.0254,-0.0014,0.0253,0.9985,-0.0489,0.0026,0.0488,0.9988),
    }},
    {Time = 3.133, Data = {
      ["HumanoidRootPart"] = CFrame.new(0.0000,0.0000,0.0000,1.0000,0.0000,0.0000,0.0000,1.0000,0.0000,0.0000,0.0000,1.0000),
      ["LowerTorso"] = CFrame.new(0.0147,-0.0047,0.0000,0.9977,-0.0674,0.0000,0.0674,0.9977,-0.0000,0.0000,0.0000,1.0000),
      ["UpperTorso"] = CFrame.new(0.0000,0.0000,0.0000,0.9941,0.1087,-0.0024,-0.1085,0.9903,-0.0870,-0.0071,0.0867,0.9962),
      ["LeftUpperArm"] = CFrame.new(-0.0068,-0.0168,-0.1905,0.0354,-0.3470,-0.9372,0.0873,0.9353,-0.3430,0.9956,-0.0696,0.0634),
      ["LeftLowerArm"] = CFrame.new(-0.0092,-0.0032,-0.0038,0.8805,-0.4740,0.0000,0.3055,0.5674,-0.7647,0.3624,0.6733,0.6444),
      ["LeftHand"] = CFrame.new(0.0247,0.0428,0.0265,0.7579,-0.5274,-0.3839,0.6113,0.7797,0.1357,0.2277,-0.3376,0.9133),
      ["Head"] = CFrame.new(0.0000,0.0000,0.0000,0.9999,-0.0164,-0.0006,0.0161,0.9746,0.2236,-0.0030,-0.2235,0.9747),
      ["RightUpperArm"] = CFrame.new(0.0000,0.0000,0.0000,0.9872,0.1596,0.0000,-0.1596,0.9872,-0.0000,-0.0000,0.0000,1.0000),
      ["RightLowerArm"] = CFrame.new(0.0000,0.0000,0.0000,1.0000,0.0000,0.0000,0.0000,1.0000,0.0000,0.0000,0.0000,1.0000),
      ["RightHand"] = CFrame.new(0.0000,0.0000,0.0000,0.9992,-0.0391,0.0000,0.0391,0.9992,-0.0000,0.0000,0.0000,1.0000),
      ["LeftUpperLeg"] = CFrame.new(0.0000,-0.0000,0.0000,0.9799,0.0778,-0.1837,-0.1001,0.9883,-0.1151,0.1726,0.1312,0.9762),
      ["LeftLowerLeg"] = CFrame.new(0.0000,0.0000,0.0000,1.0000,-0.0000,0.0000,0.0000,0.9878,0.1558,-0.0000,-0.1558,0.9878),
      ["LeftFoot"] = CFrame.new(0.0000,0.0000,0.0000,0.9998,0.0216,0.0006,-0.0216,0.9995,-0.0246,-0.0012,0.0245,0.9997),
      ["RightUpperLeg"] = CFrame.new(0.0003,-0.0165,-0.0007,0.9970,-0.0114,0.0764,0.0144,0.9991,-0.0394,-0.0759,0.0404,0.9963),
      ["RightLowerLeg"] = CFrame.new(0.0000,0.0000,0.0000,1.0000,-0.0000,0.0000,0.0000,0.9959,0.0903,-0.0000,-0.0903,0.9959),
      ["RightFoot"] = CFrame.new(0.0000,0.0000,0.0000,0.9996,-0.0273,-0.0014,0.0272,0.9984,-0.0489,0.0027,0.0488,0.9988),
    }},
    {Time = 3.167, Data = {
      ["HumanoidRootPart"] = CFrame.new(0.0000,0.0000,0.0000,1.0000,0.0000,0.0000,0.0000,1.0000,0.0000,0.0000,0.0000,1.0000),
      ["LowerTorso"] = CFrame.new(0.0168,-0.0050,0.0000,0.9978,-0.0666,0.0000,0.0666,0.9978,-0.0000,0.0000,0.0000,1.0000),
      ["UpperTorso"] = CFrame.new(0.0000,0.0000,0.0000,0.9940,0.1091,-0.0025,-0.1089,0.9902,-0.0877,-0.0071,0.0874,0.9961),
      ["LeftUpperArm"] = CFrame.new(-0.0068,-0.0168,-0.1905,0.0354,-0.3470,-0.9372,0.0873,0.9353,-0.3430,0.9956,-0.0696,0.0634),
      ["LeftLowerArm"] = CFrame.new(-0.0092,-0.0032,-0.0038,0.8805,-0.4740,0.0000,0.3055,0.5674,-0.7647,0.3624,0.6733,0.6444),
      ["LeftHand"] = CFrame.new(0.0247,0.0428,0.0265,0.7579,-0.5274,-0.3839,0.6113,0.7797,0.1357,0.2277,-0.3376,0.9133),
      ["Head"] = CFrame.new(0.0000,0.0000,0.0000,0.9999,-0.0164,-0.0006,0.0161,0.9754,0.2199,-0.0030,-0.2199,0.9755),
      ["RightUpperArm"] = CFrame.new(0.0000,0.0000,0.0000,0.9872,0.1596,0.0000,-0.1596,0.9872,-0.0000,-0.0000,0.0000,1.0000),
      ["RightLowerArm"] = CFrame.new(0.0000,0.0000,0.0000,1.0000,0.0000,0.0000,0.0000,1.0000,0.0000,0.0000,0.0000,1.0000),
      ["RightHand"] = CFrame.new(0.0000,0.0000,0.0000,0.9989,-0.0460,0.0000,0.0460,0.9989,-0.0000,0.0000,0.0000,1.0000),
      ["LeftUpperLeg"] = CFrame.new(0.0000,-0.0000,0.0000,0.9799,0.0780,-0.1837,-0.1003,0.9883,-0.1151,0.1726,0.1312,0.9762),
      ["LeftLowerLeg"] = CFrame.new(0.0000,0.0000,0.0000,1.0000,-0.0000,0.0000,0.0000,0.9878,0.1558,-0.0000,-0.1558,0.9878),
      ["LeftFoot"] = CFrame.new(0.0000,0.0000,0.0000,0.9998,0.0208,0.0006,-0.0208,0.9995,-0.0246,-0.0011,0.0245,0.9997),
      ["RightUpperLeg"] = CFrame.new(0.0003,-0.0157,-0.0006,0.9970,-0.0112,0.0764,0.0143,0.9991,-0.0394,-0.0759,0.0404,0.9963),
      ["RightLowerLeg"] = CFrame.new(0.0000,0.0000,0.0000,1.0000,-0.0000,0.0000,0.0000,0.9959,0.0903,-0.0000,-0.0903,0.9959),
      ["RightFoot"] = CFrame.new(0.0000,0.0000,0.0000,0.9996,-0.0290,-0.0014,0.0289,0.9984,-0.0489,0.0028,0.0488,0.9988),
    }},
    {Time = 3.200, Data = {
      ["HumanoidRootPart"] = CFrame.new(0.0000,0.0000,0.0000,1.0000,0.0000,0.0000,0.0000,1.0000,0.0000,0.0000,0.0000,1.0000),
      ["LowerTorso"] = CFrame.new(0.0188,-0.0053,0.0000,0.9978,-0.0658,0.0000,0.0658,0.9978,-0.0000,0.0000,0.0000,1.0000),
      ["UpperTorso"] = CFrame.new(0.0000,0.0000,0.0000,0.9940,0.1095,-0.0026,-0.1093,0.9901,-0.0883,-0.0071,0.0881,0.9961),
      ["LeftUpperArm"] = CFrame.new(-0.0068,-0.0168,-0.1905,0.0354,-0.3470,-0.9372,0.0873,0.9353,-0.3430,0.9956,-0.0696,0.0634),
      ["LeftLowerArm"] = CFrame.new(-0.0092,-0.0032,-0.0038,0.8805,-0.4740,0.0000,0.3055,0.5674,-0.7647,0.3624,0.6733,0.6444),
      ["LeftHand"] = CFrame.new(0.0247,0.0428,0.0265,0.7579,-0.5274,-0.3839,0.6113,0.7797,0.1357,0.2277,-0.3376,0.9133),
      ["Head"] = CFrame.new(0.0000,0.0000,0.0000,0.9999,-0.0164,-0.0005,0.0161,0.9763,0.2160,-0.0030,-0.2159,0.9764),
      ["RightUpperArm"] = CFrame.new(0.0000,0.0000,0.0000,0.9872,0.1596,0.0000,-0.1596,0.9872,-0.0000,-0.0000,0.0000,1.0000),
      ["RightLowerArm"] = CFrame.new(0.0000,0.0000,0.0000,1.0000,0.0000,0.0000,0.0000,1.0000,0.0000,0.0000,0.0000,1.0000),
      ["RightHand"] = CFrame.new(0.0000,0.0000,0.0000,0.9986,-0.0524,0.0000,0.0524,0.9986,-0.0000,0.0000,0.0000,1.0000),
      ["LeftUpperLeg"] = CFrame.new(0.0000,-0.0000,0.0000,0.9799,0.0782,-0.1837,-0.1005,0.9883,-0.1151,0.1725,0.1313,0.9762),
      ["LeftLowerLeg"] = CFrame.new(0.0000,0.0000,0.0000,1.0000,-0.0000,0.0000,0.0000,0.9878,0.1558,-0.0000,-0.1558,0.9878),
      ["LeftFoot"] = CFrame.new(0.0000,0.0000,0.0000,0.9998,0.0201,0.0006,-0.0201,0.9995,-0.0246,-0.0011,0.0245,0.9997),
      ["RightUpperLeg"] = CFrame.new(0.0003,-0.0150,-0.0006,0.9970,-0.0111,0.0764,0.0142,0.9991,-0.0394,-0.0759,0.0404,0.9963),
      ["RightLowerLeg"] = CFrame.new(0.0000,0.0000,0.0000,1.0000,-0.0000,0.0000,0.0000,0.9959,0.0903,-0.0000,-0.0903,0.9959),
      ["RightFoot"] = CFrame.new(0.0000,0.0000,0.0000,0.9995,-0.0306,-0.0014,0.0305,0.9983,-0.0489,0.0029,0.0488,0.9988),
    }},
    {Time = 3.233, Data = {
      ["HumanoidRootPart"] = CFrame.new(0.0000,0.0000,0.0000,1.0000,0.0000,0.0000,0.0000,1.0000,0.0000,0.0000,0.0000,1.0000),
      ["LowerTorso"] = CFrame.new(0.0205,-0.0056,0.0000,0.9979,-0.0651,0.0000,0.0651,0.9979,-0.0000,0.0000,0.0000,1.0000),
      ["UpperTorso"] = CFrame.new(0.0000,0.0000,0.0000,0.9939,0.1099,-0.0027,-0.1097,0.9900,-0.0890,-0.0071,0.0887,0.9960),
      ["LeftUpperArm"] = CFrame.new(-0.0068,-0.0168,-0.1905,0.0354,-0.3470,-0.9372,0.0873,0.9353,-0.3430,0.9956,-0.0696,0.0634),
      ["LeftLowerArm"] = CFrame.new(-0.0092,-0.0032,-0.0038,0.8805,-0.4740,0.0000,0.3055,0.5674,-0.7647,0.3624,0.6733,0.6444),
      ["LeftHand"] = CFrame.new(0.0247,0.0428,0.0265,0.7579,-0.5274,-0.3839,0.6113,0.7797,0.1357,0.2277,-0.3376,0.9133),
      ["Head"] = CFrame.new(0.0000,0.0000,0.0000,0.9999,-0.0164,-0.0004,0.0161,0.9772,0.2117,-0.0030,-0.2116,0.9773),
      ["RightUpperArm"] = CFrame.new(0.0000,0.0000,0.0000,0.9872,0.1596,0.0000,-0.1596,0.9872,-0.0000,-0.0000,0.0000,1.0000),
      ["RightLowerArm"] = CFrame.new(0.0000,0.0000,0.0000,1.0000,0.0000,0.0000,0.0000,1.0000,0.0000,0.0000,0.0000,1.0000),
      ["RightHand"] = CFrame.new(0.0000,0.0000,0.0000,0.9983,-0.0583,0.0000,0.0583,0.9983,-0.0000,0.0000,0.0000,1.0000),
      ["LeftUpperLeg"] = CFrame.new(0.0000,0.0000,0.0000,0.9799,0.0784,-0.1837,-0.1006,0.9882,-0.1151,0.1725,0.1313,0.9762),
      ["LeftLowerLeg"] = CFrame.new(0.0000,0.0000,0.0000,1.0000,-0.0000,0.0000,0.0000,0.9878,0.1558,-0.0000,-0.1558,0.9878),
      ["LeftFoot"] = CFrame.new(0.0000,0.0000,0.0000,0.9998,0.0194,0.0006,-0.0194,0.9995,-0.0246,-0.0011,0.0245,0.9997),
      ["RightUpperLeg"] = CFrame.new(0.0003,-0.0144,-0.0006,0.9970,-0.0110,0.0764,0.0141,0.9991,-0.0394,-0.0759,0.0403,0.9963),
      ["RightLowerLeg"] = CFrame.new(0.0000,0.0000,0.0000,1.0000,-0.0000,0.0000,0.0000,0.9959,0.0903,-0.0000,-0.0903,0.9959),
      ["RightFoot"] = CFrame.new(0.0000,0.0000,0.0000,0.9995,-0.0321,-0.0014,0.0320,0.9983,-0.0489,0.0030,0.0488,0.9988),
    }},
    {Time = 3.267, Data = {
      ["HumanoidRootPart"] = CFrame.new(0.0000,0.0000,0.0000,1.0000,0.0000,0.0000,0.0000,1.0000,0.0000,0.0000,0.0000,1.0000),
      ["LowerTorso"] = CFrame.new(0.0221,-0.0058,0.0000,0.9979,-0.0645,0.0000,0.0645,0.9979,-0.0000,0.0000,0.0000,1.0000),
      ["UpperTorso"] = CFrame.new(0.0000,0.0000,0.0000,0.9939,0.1103,-0.0027,-0.1101,0.9899,-0.0895,-0.0072,0.0893,0.9960),
      ["LeftUpperArm"] = CFrame.new(-0.0068,-0.0168,-0.1905,0.0354,-0.3470,-0.9372,0.0873,0.9353,-0.3430,0.9956,-0.0696,0.0634),
      ["LeftLowerArm"] = CFrame.new(-0.0092,-0.0032,-0.0038,0.8805,-0.4740,0.0000,0.3055,0.5674,-0.7647,0.3624,0.6733,0.6444),
      ["LeftHand"] = CFrame.new(0.0247,0.0428,0.0265,0.7579,-0.5274,-0.3839,0.6113,0.7797,0.1357,0.2277,-0.3376,0.9133),
      ["Head"] = CFrame.new(0.0000,0.0000,0.0000,0.9999,-0.0164,-0.0004,0.0161,0.9782,0.2070,-0.0030,-0.2070,0.9783),
      ["RightUpperArm"] = CFrame.new(0.0000,0.0000,0.0000,0.9872,0.1596,0.0000,-0.1596,0.9872,-0.0000,-0.0000,0.0000,1.0000),
      ["RightLowerArm"] = CFrame.new(0.0000,0.0000,0.0000,1.0000,0.0000,0.0000,0.0000,1.0000,0.0000,0.0000,0.0000,1.0000),
      ["RightHand"] = CFrame.new(0.0000,0.0000,0.0000,0.9980,-0.0638,0.0000,0.0638,0.9980,-0.0000,0.0000,0.0000,1.0000),
      ["LeftUpperLeg"] = CFrame.new(0.0000,0.0000,0.0000,0.9798,0.0785,-0.1837,-0.1008,0.9882,-0.1151,0.1725,0.1313,0.9762),
      ["LeftLowerLeg"] = CFrame.new(0.0000,0.0000,0.0000,1.0000,-0.0000,0.0000,0.0000,0.9878,0.1558,-0.0000,-0.1558,0.9878),
      ["LeftFoot"] = CFrame.new(0.0000,0.0000,0.0000,0.9998,0.0188,0.0006,-0.0188,0.9995,-0.0246,-0.0011,0.0245,0.9997),
      ["RightUpperLeg"] = CFrame.new(0.0003,-0.0138,-0.0006,0.9970,-0.0109,0.0764,0.0140,0.9991,-0.0394,-0.0759,0.0403,0.9963),
      ["RightLowerLeg"] = CFrame.new(0.0000,0.0000,0.0000,1.0000,-0.0000,0.0000,0.0000,0.9959,0.0903,-0.0000,-0.0903,0.9959),
      ["RightFoot"] = CFrame.new(0.0000,0.0000,0.0000,0.9994,-0.0333,-0.0014,0.0332,0.9983,-0.0489,0.0030,0.0488,0.9988),
    }},
    {Time = 3.300, Data = {
      ["HumanoidRootPart"] = CFrame.new(0.0000,0.0000,0.0000,1.0000,0.0000,0.0000,0.0000,1.0000,0.0000,0.0000,0.0000,1.0000),
      ["LowerTorso"] = CFrame.new(0.0235,-0.0060,0.0000,0.9980,-0.0639,0.0000,0.0639,0.9980,-0.0000,0.0000,0.0000,1.0000),
      ["UpperTorso"] = CFrame.new(0.0000,0.0000,0.0000,0.9939,0.1106,-0.0028,-0.1104,0.9898,-0.0901,-0.0072,0.0899,0.9959),
      ["LeftUpperArm"] = CFrame.new(-0.0068,-0.0168,-0.1905,0.0354,-0.3470,-0.9372,0.0873,0.9353,-0.3430,0.9956,-0.0696,0.0634),
      ["LeftLowerArm"] = CFrame.new(-0.0092,-0.0032,-0.0038,0.8805,-0.4740,0.0000,0.3055,0.5674,-0.7647,0.3624,0.6733,0.6444),
      ["LeftHand"] = CFrame.new(0.0247,0.0428,0.0265,0.7579,-0.5274,-0.3839,0.6113,0.7797,0.1357,0.2277,-0.3376,0.9133),
      ["Head"] = CFrame.new(0.0000,0.0000,0.0000,0.9999,-0.0164,-0.0003,0.0161,0.9792,0.2020,-0.0030,-0.2020,0.9794),
      ["RightUpperArm"] = CFrame.new(0.0000,0.0000,0.0000,0.9872,0.1596,0.0000,-0.1596,0.9872,-0.0000,-0.0000,0.0000,1.0000),
      ["RightLowerArm"] = CFrame.new(0.0000,0.0000,0.0000,1.0000,0.0000,0.0000,0.0000,1.0000,0.0000,0.0000,0.0000,1.0000),
      ["RightHand"] = CFrame.new(0.0000,0.0000,0.0000,0.9976,-0.0688,0.0000,0.0688,0.9976,-0.0000,0.0000,0.0000,1.0000),
      ["LeftUpperLeg"] = CFrame.new(0.0000,0.0000,0.0000,0.9798,0.0787,-0.1837,-0.1009,0.9882,-0.1151,0.1725,0.1314,0.9762),
      ["LeftLowerLeg"] = CFrame.new(0.0000,0.0000,0.0000,1.0000,-0.0000,0.0000,0.0000,0.9878,0.1558,-0.0000,-0.1558,0.9878),
      ["LeftFoot"] = CFrame.new(0.0000,0.0000,0.0000,0.9998,0.0183,0.0006,-0.0183,0.9995,-0.0246,-0.0011,0.0245,0.9997),
      ["RightUpperLeg"] = CFrame.new(0.0003,-0.0133,-0.0006,0.9970,-0.0109,0.0764,0.0139,0.9991,-0.0394,-0.0759,0.0403,0.9963),
      ["RightLowerLeg"] = CFrame.new(0.0000,0.0000,0.0000,1.0000,-0.0000,0.0000,0.0000,0.9959,0.0903,-0.0000,-0.0903,0.9959),
      ["RightFoot"] = CFrame.new(0.0000,0.0000,0.0000,0.9994,-0.0345,-0.0014,0.0344,0.9982,-0.0489,0.0031,0.0488,0.9988),
    }},
    {Time = 3.333, Data = {
      ["HumanoidRootPart"] = CFrame.new(0.0000,0.0000,0.0000,1.0000,0.0000,0.0000,0.0000,1.0000,0.0000,0.0000,0.0000,1.0000),
      ["LowerTorso"] = CFrame.new(0.0248,-0.0062,0.0000,0.9980,-0.0634,0.0000,0.0634,0.9980,-0.0000,0.0000,0.0000,1.0000),
      ["UpperTorso"] = CFrame.new(0.0000,0.0000,0.0000,0.9938,0.1109,-0.0029,-0.1107,0.9897,-0.0906,-0.0072,0.0904,0.9959),
      ["LeftUpperArm"] = CFrame.new(-0.0068,-0.0168,-0.1905,0.0354,-0.3470,-0.9372,0.0873,0.9353,-0.3430,0.9956,-0.0696,0.0634),
      ["LeftLowerArm"] = CFrame.new(-0.0092,-0.0032,-0.0038,0.8805,-0.4740,0.0000,0.3055,0.5674,-0.7647,0.3624,0.6733,0.6444),
      ["LeftHand"] = CFrame.new(0.0247,0.0428,0.0265,0.7579,-0.5274,-0.3839,0.6113,0.7797,0.1357,0.2277,-0.3376,0.9133),
      ["Head"] = CFrame.new(0.0000,0.0000,0.0000,0.9999,-0.0164,-0.0002,0.0161,0.9803,0.1971,-0.0030,-0.1970,0.9804),
      ["RightUpperArm"] = CFrame.new(0.0000,0.0000,0.0000,0.9872,0.1596,0.0000,-0.1596,0.9872,-0.0000,-0.0000,0.0000,1.0000),
      ["RightLowerArm"] = CFrame.new(0.0000,0.0000,0.0000,1.0000,0.0000,0.0000,0.0000,1.0000,0.0000,0.0000,0.0000,1.0000),
      ["RightHand"] = CFrame.new(0.0000,0.0000,0.0000,0.9973,-0.0734,0.0000,0.0734,0.9973,-0.0000,0.0000,0.0000,1.0000),
      ["LeftUpperLeg"] = CFrame.new(0.0001,0.0000,0.0000,0.9798,0.0788,-0.1837,-0.1010,0.9882,-0.1151,0.1724,0.1314,0.9762),
      ["LeftLowerLeg"] = CFrame.new(0.0000,0.0000,0.0000,1.0000,-0.0000,0.0000,0.0000,0.9878,0.1558,-0.0000,-0.1558,0.9878),
      ["LeftFoot"] = CFrame.new(0.0000,0.0000,0.0000,0.9998,0.0179,0.0006,-0.0178,0.9995,-0.0246,-0.0011,0.0245,0.9997),
      ["RightUpperLeg"] = CFrame.new(0.0003,-0.0128,-0.0006,0.9970,-0.0108,0.0764,0.0138,0.9991,-0.0394,-0.0759,0.0403,0.9963),
      ["RightLowerLeg"] = CFrame.new(0.0000,0.0000,0.0000,1.0000,-0.0000,0.0000,0.0000,0.9959,0.0903,-0.0000,-0.0903,0.9959),
      ["RightFoot"] = CFrame.new(0.0000,0.0000,0.0000,0.9994,-0.0355,-0.0014,0.0353,0.9982,-0.0489,0.0031,0.0488,0.9988),
    }},
    {Time = 3.367, Data = {
      ["HumanoidRootPart"] = CFrame.new(0.0000,0.0000,0.0000,1.0000,0.0000,0.0000,0.0000,1.0000,0.0000,0.0000,0.0000,1.0000),
      ["LowerTorso"] = CFrame.new(0.0258,-0.0063,0.0000,0.9980,-0.0630,0.0000,0.0630,0.9980,-0.0000,0.0000,0.0000,1.0000),
      ["UpperTorso"] = CFrame.new(0.0000,0.0000,0.0000,0.9938,0.1112,-0.0029,-0.1110,0.9896,-0.0911,-0.0072,0.0909,0.9958),
      ["LeftUpperArm"] = CFrame.new(-0.0068,-0.0168,-0.1905,0.0354,-0.3470,-0.9372,0.0873,0.9353,-0.3430,0.9956,-0.0696,0.0634),
      ["LeftLowerArm"] = CFrame.new(-0.0092,-0.0032,-0.0038,0.8805,-0.4740,0.0000,0.3055,0.5674,-0.7647,0.3624,0.6733,0.6444),
      ["LeftHand"] = CFrame.new(0.0247,0.0428,0.0265,0.7579,-0.5274,-0.3839,0.6113,0.7797,0.1357,0.2277,-0.3376,0.9133),
      ["Head"] = CFrame.new(0.0000,0.0000,0.0000,0.9999,-0.0164,-0.0001,0.0161,0.9812,0.1924,-0.0030,-0.1924,0.9813),
      ["RightUpperArm"] = CFrame.new(0.0000,0.0000,0.0000,0.9872,0.1596,0.0000,-0.1596,0.9872,-0.0000,-0.0000,0.0000,1.0000),
      ["RightLowerArm"] = CFrame.new(0.0000,0.0000,0.0000,1.0000,0.0000,0.0000,0.0000,1.0000,0.0000,0.0000,0.0000,1.0000),
      ["RightHand"] = CFrame.new(0.0000,0.0000,0.0000,0.9970,-0.0775,0.0000,0.0775,0.9970,-0.0000,0.0000,0.0000,1.0000),
      ["LeftUpperLeg"] = CFrame.new(0.0001,0.0000,0.0000,0.9798,0.0789,-0.1837,-0.1011,0.9882,-0.1151,0.1724,0.1314,0.9762),
      ["LeftLowerLeg"] = CFrame.new(0.0000,0.0000,0.0000,1.0000,-0.0000,0.0000,0.0000,0.9878,0.1558,-0.0000,-0.1558,0.9878),
      ["LeftFoot"] = CFrame.new(0.0000,0.0000,0.0000,0.9998,0.0175,0.0006,-0.0175,0.9995,-0.0246,-0.0011,0.0245,0.9997),
      ["RightUpperLeg"] = CFrame.new(0.0003,-0.0125,-0.0006,0.9970,-0.0107,0.0764,0.0138,0.9991,-0.0394,-0.0759,0.0403,0.9963),
      ["RightLowerLeg"] = CFrame.new(0.0000,0.0000,0.0000,1.0000,-0.0000,0.0000,0.0000,0.9959,0.0903,-0.0000,-0.0903,0.9959),
      ["RightFoot"] = CFrame.new(0.0000,0.0000,0.0000,0.9993,-0.0363,-0.0014,0.0362,0.9981,-0.0489,0.0032,0.0488,0.9988),
    }},
    {Time = 3.400, Data = {
      ["HumanoidRootPart"] = CFrame.new(0.0000,0.0000,0.0000,1.0000,0.0000,0.0000,0.0000,1.0000,0.0000,0.0000,0.0000,1.0000),
      ["LowerTorso"] = CFrame.new(0.0266,-0.0064,0.0000,0.9980,-0.0627,0.0000,0.0627,0.9980,-0.0000,0.0000,0.0000,1.0000),
      ["UpperTorso"] = CFrame.new(0.0000,0.0000,0.0000,0.9938,0.1115,-0.0030,-0.1113,0.9896,-0.0916,-0.0073,0.0913,0.9958),
      ["LeftUpperArm"] = CFrame.new(-0.0068,-0.0168,-0.1905,0.0354,-0.3470,-0.9372,0.0873,0.9353,-0.3430,0.9956,-0.0696,0.0634),
      ["LeftLowerArm"] = CFrame.new(-0.0092,-0.0032,-0.0038,0.8805,-0.4740,0.0000,0.3055,0.5674,-0.7647,0.3624,0.6733,0.6444),
      ["LeftHand"] = CFrame.new(0.0247,0.0428,0.0265,0.7579,-0.5274,-0.3839,0.6113,0.7797,0.1357,0.2277,-0.3376,0.9133),
      ["Head"] = CFrame.new(0.0000,0.0000,0.0000,0.9999,-0.0164,-0.0000,0.0161,0.9820,0.1881,-0.0030,-0.1881,0.9822),
      ["RightUpperArm"] = CFrame.new(0.0000,0.0000,0.0000,0.9872,0.1596,0.0000,-0.1596,0.9872,-0.0000,-0.0000,0.0000,1.0000),
      ["RightLowerArm"] = CFrame.new(0.0000,0.0000,0.0000,1.0000,0.0000,0.0000,0.0000,1.0000,0.0000,0.0000,0.0000,1.0000),
      ["RightHand"] = CFrame.new(0.0000,0.0000,0.0000,0.9967,-0.0812,0.0000,0.0812,0.9967,-0.0000,0.0000,0.0000,1.0000),
      ["LeftUpperLeg"] = CFrame.new(0.0001,0.0000,0.0000,0.9798,0.0789,-0.1837,-0.1012,0.9882,-0.1151,0.1724,0.1314,0.9762),
      ["LeftLowerLeg"] = CFrame.new(0.0000,0.0000,0.0000,1.0000,-0.0000,0.0000,0.0000,0.9878,0.1558,-0.0000,-0.1558,0.9878),
      ["LeftFoot"] = CFrame.new(0.0000,0.0000,0.0000,0.9999,0.0172,0.0007,-0.0172,0.9996,-0.0246,-0.0011,0.0245,0.9997),
      ["RightUpperLeg"] = CFrame.new(0.0003,-0.0121,-0.0005,0.9970,-0.0107,0.0764,0.0137,0.9991,-0.0394,-0.0759,0.0403,0.9963),
      ["RightLowerLeg"] = CFrame.new(0.0000,0.0000,0.0000,1.0000,-0.0000,0.0000,0.0000,0.9959,0.0903,-0.0000,-0.0903,0.9959),
      ["RightFoot"] = CFrame.new(0.0000,0.0000,0.0000,0.9993,-0.0370,-0.0014,0.0368,0.9981,-0.0489,0.0032,0.0488,0.9988),
    }},
    {Time = 3.433, Data = {
      ["HumanoidRootPart"] = CFrame.new(0.0000,0.0000,0.0000,1.0000,0.0000,0.0000,0.0000,1.0000,0.0000,0.0000,0.0000,1.0000),
      ["LowerTorso"] = CFrame.new(0.0273,-0.0065,0.0000,0.9980,-0.0625,0.0000,0.0625,0.9980,-0.0000,0.0000,0.0000,1.0000),
      ["UpperTorso"] = CFrame.new(0.0000,0.0000,0.0000,0.9937,0.1118,-0.0030,-0.1116,0.9895,-0.0920,-0.0073,0.0918,0.9958),
      ["LeftUpperArm"] = CFrame.new(-0.0068,-0.0168,-0.1905,0.0354,-0.3470,-0.9372,0.0873,0.9353,-0.3430,0.9956,-0.0696,0.0634),
      ["LeftLowerArm"] = CFrame.new(-0.0092,-0.0032,-0.0038,0.8805,-0.4740,0.0000,0.3055,0.5674,-0.7647,0.3624,0.6733,0.6444),
      ["LeftHand"] = CFrame.new(0.0247,0.0428,0.0265,0.7579,-0.5274,-0.3839,0.6113,0.7797,0.1357,0.2277,-0.3376,0.9133),
      ["Head"] = CFrame.new(0.0000,0.0000,0.0000,0.9999,-0.0164,0.0000,0.0161,0.9828,0.1841,-0.0030,-0.1841,0.9829),
      ["RightUpperArm"] = CFrame.new(0.0000,0.0000,0.0000,0.9872,0.1596,0.0000,-0.1596,0.9872,-0.0000,-0.0000,0.0000,1.0000),
      ["RightLowerArm"] = CFrame.new(0.0000,0.0000,0.0000,1.0000,0.0000,0.0000,0.0000,1.0000,0.0000,0.0000,0.0000,1.0000),
      ["RightHand"] = CFrame.new(0.0000,0.0000,0.0000,0.9964,-0.0844,0.0000,0.0844,0.9964,-0.0000,0.0000,0.0000,1.0000),
      ["LeftUpperLeg"] = CFrame.new(0.0001,0.0000,0.0000,0.9798,0.0790,-0.1837,-0.1012,0.9882,-0.1151,0.1724,0.1314,0.9762),
      ["LeftLowerLeg"] = CFrame.new(0.0000,0.0000,0.0000,1.0000,-0.0000,0.0000,0.0000,0.9878,0.1558,-0.0000,-0.1558,0.9878),
      ["LeftFoot"] = CFrame.new(0.0000,0.0000,0.0000,0.9999,0.0169,0.0007,-0.0169,0.9996,-0.0245,-0.0011,0.0245,0.9997),
      ["RightUpperLeg"] = CFrame.new(0.0003,-0.0119,-0.0005,0.9970,-0.0107,0.0764,0.0137,0.9991,-0.0394,-0.0759,0.0403,0.9963),
      ["RightLowerLeg"] = CFrame.new(0.0000,0.0000,0.0000,1.0000,-0.0000,0.0000,0.0000,0.9959,0.0903,-0.0000,-0.0903,0.9959),
      ["RightFoot"] = CFrame.new(0.0000,0.0000,0.0000,0.9993,-0.0375,-0.0014,0.0374,0.9981,-0.0489,0.0032,0.0488,0.9988),
    }},
    {Time = 3.467, Data = {
      ["HumanoidRootPart"] = CFrame.new(0.0000,0.0000,0.0000,1.0000,0.0000,0.0000,0.0000,1.0000,0.0000,0.0000,0.0000,1.0000),
      ["LowerTorso"] = CFrame.new(0.0277,-0.0066,0.0000,0.9981,-0.0623,0.0000,0.0623,0.9981,-0.0000,0.0000,0.0000,1.0000),
      ["UpperTorso"] = CFrame.new(0.0000,0.0000,0.0000,0.9937,0.1120,-0.0031,-0.1118,0.9894,-0.0924,-0.0073,0.0921,0.9957),
      ["LeftUpperArm"] = CFrame.new(-0.0068,-0.0168,-0.1905,0.0354,-0.3470,-0.9372,0.0873,0.9353,-0.3430,0.9956,-0.0696,0.0634),
      ["LeftLowerArm"] = CFrame.new(-0.0092,-0.0032,-0.0038,0.8805,-0.4740,0.0000,0.3055,0.5674,-0.7647,0.3624,0.6733,0.6444),
      ["LeftHand"] = CFrame.new(0.0247,0.0428,0.0265,0.7579,-0.5274,-0.3839,0.6113,0.7797,0.1357,0.2277,-0.3376,0.9133),
      ["Head"] = CFrame.new(0.0000,0.0000,0.0000,0.9999,-0.0164,0.0001,0.0161,0.9835,0.1804,-0.0030,-0.1804,0.9836),
      ["RightUpperArm"] = CFrame.new(0.0000,0.0000,0.0000,0.9872,0.1596,0.0000,-0.1596,0.9872,-0.0000,-0.0000,0.0000,1.0000),
      ["RightLowerArm"] = CFrame.new(0.0000,0.0000,0.0000,1.0000,0.0000,0.0000,0.0000,1.0000,0.0000,0.0000,0.0000,1.0000),
      ["RightHand"] = CFrame.new(0.0000,0.0000,0.0000,0.9962,-0.0871,0.0000,0.0871,0.9962,-0.0000,0.0000,0.0000,1.0000),
      ["LeftUpperLeg"] = CFrame.new(0.0001,0.0000,0.0000,0.9798,0.0790,-0.1837,-0.1013,0.9882,-0.1151,0.1724,0.1314,0.9762),
      ["LeftLowerLeg"] = CFrame.new(0.0000,0.0000,0.0000,1.0000,-0.0000,0.0000,0.0000,0.9878,0.1558,-0.0000,-0.1558,0.9878),
      ["LeftFoot"] = CFrame.new(0.0000,0.0000,0.0000,0.9999,0.0168,0.0007,-0.0167,0.9996,-0.0245,-0.0011,0.0245,0.9997),
      ["RightUpperLeg"] = CFrame.new(0.0003,-0.0117,-0.0005,0.9970,-0.0106,0.0764,0.0137,0.9991,-0.0394,-0.0759,0.0403,0.9963),
      ["RightLowerLeg"] = CFrame.new(0.0000,0.0000,0.0000,1.0000,-0.0000,0.0000,0.0000,0.9959,0.0903,-0.0000,-0.0903,0.9959),
      ["RightFoot"] = CFrame.new(0.0000,0.0000,0.0000,0.9993,-0.0379,-0.0014,0.0377,0.9981,-0.0489,0.0033,0.0488,0.9988),
    }},
    {Time = 3.500, Data = {
      ["HumanoidRootPart"] = CFrame.new(0.0000,0.0000,0.0000,1.0000,0.0000,0.0000,0.0000,1.0000,0.0000,0.0000,0.0000,1.0000),
      ["LowerTorso"] = CFrame.new(0.0280,-0.0066,0.0000,0.9981,-0.0622,0.0000,0.0622,0.9981,-0.0000,0.0000,0.0000,1.0000),
      ["UpperTorso"] = CFrame.new(0.0000,0.0000,0.0000,0.9937,0.1122,-0.0031,-0.1120,0.9894,-0.0927,-0.0073,0.0925,0.9957),
      ["LeftUpperArm"] = CFrame.new(-0.0068,-0.0168,-0.1905,0.0354,-0.3470,-0.9372,0.0873,0.9353,-0.3430,0.9956,-0.0696,0.0634),
      ["LeftLowerArm"] = CFrame.new(-0.0092,-0.0032,-0.0038,0.8805,-0.4740,0.0000,0.3055,0.5674,-0.7647,0.3624,0.6733,0.6444),
      ["LeftHand"] = CFrame.new(0.0247,0.0428,0.0265,0.7579,-0.5274,-0.3839,0.6113,0.7797,0.1357,0.2277,-0.3376,0.9133),
      ["Head"] = CFrame.new(0.0000,0.0000,0.0000,0.9999,-0.0164,0.0001,0.0161,0.9841,0.1771,-0.0030,-0.1771,0.9842),
      ["RightUpperArm"] = CFrame.new(0.0000,0.0000,0.0000,0.9872,0.1596,0.0000,-0.1596,0.9872,-0.0000,-0.0000,0.0000,1.0000),
      ["RightLowerArm"] = CFrame.new(0.0000,0.0000,0.0000,1.0000,0.0000,0.0000,0.0000,1.0000,0.0000,0.0000,0.0000,1.0000),
      ["RightHand"] = CFrame.new(0.0000,0.0000,0.0000,0.9960,-0.0894,0.0000,0.0894,0.9960,-0.0000,0.0000,0.0000,1.0000),
      ["LeftUpperLeg"] = CFrame.new(0.0001,0.0000,0.0000,0.9798,0.0791,-0.1837,-0.1013,0.9882,-0.1151,0.1724,0.1314,0.9762),
      ["LeftLowerLeg"] = CFrame.new(0.0000,0.0000,0.0000,1.0000,-0.0000,0.0000,0.0000,0.9878,0.1558,-0.0000,-0.1558,0.9878),
      ["LeftFoot"] = CFrame.new(0.0000,0.0000,0.0000,0.9999,0.0167,0.0007,-0.0166,0.9996,-0.0245,-0.0011,0.0245,0.9997),
      ["RightUpperLeg"] = CFrame.new(0.0003,-0.0116,-0.0005,0.9970,-0.0106,0.0764,0.0137,0.9991,-0.0394,-0.0759,0.0403,0.9963),
      ["RightLowerLeg"] = CFrame.new(0.0000,0.0000,0.0000,1.0000,-0.0000,0.0000,0.0000,0.9959,0.0903,-0.0000,-0.0903,0.9959),
      ["RightFoot"] = CFrame.new(0.0000,0.0000,0.0000,0.9993,-0.0381,-0.0014,0.0380,0.9981,-0.0489,0.0033,0.0488,0.9988),
    }},
    {Time = 3.533, Data = {
      ["HumanoidRootPart"] = CFrame.new(0.0000,0.0000,0.0000,1.0000,0.0000,0.0000,0.0000,1.0000,0.0000,0.0000,0.0000,1.0000),
      ["LowerTorso"] = CFrame.new(0.0280,-0.0066,0.0000,0.9981,-0.0622,0.0000,0.0622,0.9981,-0.0000,0.0000,0.0000,1.0000),
      ["UpperTorso"] = CFrame.new(0.0000,0.0000,0.0000,0.9937,0.1124,-0.0032,-0.1122,0.9893,-0.0930,-0.0073,0.0928,0.9957),
      ["LeftUpperArm"] = CFrame.new(-0.0068,-0.0168,-0.1905,0.0354,-0.3470,-0.9372,0.0873,0.9353,-0.3430,0.9956,-0.0696,0.0634),
      ["LeftLowerArm"] = CFrame.new(-0.0092,-0.0032,-0.0038,0.8805,-0.4740,0.0000,0.3055,0.5674,-0.7647,0.3624,0.6733,0.6444),
      ["LeftHand"] = CFrame.new(0.0247,0.0428,0.0265,0.7579,-0.5274,-0.3839,0.6113,0.7797,0.1357,0.2277,-0.3376,0.9133),
      ["Head"] = CFrame.new(0.0000,0.0000,0.0000,0.9999,-0.0163,0.0002,0.0161,0.9846,0.1741,-0.0030,-0.1741,0.9847),
      ["RightUpperArm"] = CFrame.new(0.0000,0.0000,0.0000,0.9872,0.1596,0.0000,-0.1596,0.9872,-0.0000,-0.0000,0.0000,1.0000),
      ["RightLowerArm"] = CFrame.new(0.0000,0.0000,0.0000,1.0000,0.0000,0.0000,0.0000,1.0000,0.0000,0.0000,0.0000,1.0000),
      ["RightHand"] = CFrame.new(0.0000,0.0000,0.0000,0.9958,-0.0912,0.0000,0.0912,0.9958,-0.0000,0.0000,0.0000,1.0000),
      ["LeftUpperLeg"] = CFrame.new(0.0001,0.0000,0.0000,0.9798,0.0791,-0.1837,-0.1013,0.9882,-0.1151,0.1724,0.1314,0.9762),
      ["LeftLowerLeg"] = CFrame.new(0.0000,0.0000,0.0000,1.0000,-0.0000,0.0000,0.0000,0.9878,0.1558,-0.0000,-0.1558,0.9878),
      ["LeftFoot"] = CFrame.new(0.0000,0.0000,0.0000,0.9999,0.0167,0.0007,-0.0167,0.9996,-0.0245,-0.0011,0.0245,0.9997),
      ["RightUpperLeg"] = CFrame.new(0.0003,-0.0117,-0.0005,0.9970,-0.0106,0.0764,0.0136,0.9991,-0.0394,-0.0759,0.0403,0.9963),
      ["RightLowerLeg"] = CFrame.new(0.0000,0.0000,0.0000,1.0000,-0.0000,0.0000,0.0000,0.9959,0.0903,-0.0000,-0.0903,0.9959),
      ["RightFoot"] = CFrame.new(0.0000,0.0000,0.0000,0.9993,-0.0381,-0.0014,0.0380,0.9981,-0.0489,0.0033,0.0488,0.9988),
    }},
    {Time = 3.567, Data = {
      ["HumanoidRootPart"] = CFrame.new(0.0000,0.0000,0.0000,1.0000,0.0000,0.0000,0.0000,1.0000,0.0000,0.0000,0.0000,1.0000),
      ["LowerTorso"] = CFrame.new(0.0280,-0.0066,0.0000,0.9981,-0.0623,0.0000,0.0623,0.9981,-0.0000,0.0000,0.0000,1.0000),
      ["UpperTorso"] = CFrame.new(0.0000,0.0000,0.0000,0.9936,0.1126,-0.0032,-0.1124,0.9893,-0.0933,-0.0074,0.0931,0.9956),
      ["LeftUpperArm"] = CFrame.new(-0.0068,-0.0168,-0.1905,0.0354,-0.3470,-0.9372,0.0873,0.9353,-0.3430,0.9956,-0.0696,0.0634),
      ["LeftLowerArm"] = CFrame.new(-0.0092,-0.0032,-0.0038,0.8805,-0.4740,0.0000,0.3055,0.5674,-0.7647,0.3624,0.6733,0.6444),
      ["LeftHand"] = CFrame.new(0.0247,0.0428,0.0265,0.7579,-0.5274,-0.3839,0.6113,0.7797,0.1357,0.2277,-0.3376,0.9133),
      ["Head"] = CFrame.new(0.0000,0.0000,0.0000,0.9999,-0.0163,0.0002,0.0161,0.9851,0.1714,-0.0030,-0.1714,0.9852),
      ["RightUpperArm"] = CFrame.new(0.0000,0.0000,0.0000,0.9872,0.1596,0.0000,-0.1596,0.9872,-0.0000,-0.0000,0.0000,1.0000),
      ["RightLowerArm"] = CFrame.new(0.0000,0.0000,0.0000,1.0000,0.0000,0.0000,0.0000,1.0000,0.0000,0.0000,0.0000,1.0000),
      ["RightHand"] = CFrame.new(0.0000,0.0000,0.0000,0.9957,-0.0926,0.0000,0.0926,0.9957,-0.0000,0.0000,0.0000,1.0000),
      ["LeftUpperLeg"] = CFrame.new(0.0001,0.0000,0.0001,0.9798,0.0791,-0.1837,-0.1014,0.9882,-0.1151,0.1724,0.1314,0.9762),
      ["LeftLowerLeg"] = CFrame.new(0.0000,0.0000,0.0000,1.0000,-0.0000,0.0000,0.0000,0.9878,0.1558,-0.0000,-0.1558,0.9878),
      ["LeftFoot"] = CFrame.new(0.0000,0.0000,0.0000,0.9999,0.0167,0.0007,-0.0167,0.9996,-0.0245,-0.0011,0.0245,0.9997),
      ["RightUpperLeg"] = CFrame.new(0.0003,-0.0117,-0.0005,0.9970,-0.0106,0.0764,0.0136,0.9991,-0.0394,-0.0759,0.0403,0.9963),
      ["RightLowerLeg"] = CFrame.new(0.0000,0.0000,0.0000,1.0000,-0.0000,0.0000,0.0000,0.9959,0.0903,-0.0000,-0.0903,0.9959),
      ["RightFoot"] = CFrame.new(0.0000,0.0000,0.0000,0.9993,-0.0381,-0.0014,0.0380,0.9981,-0.0489,0.0033,0.0488,0.9988),
    }},
    {Time = 3.600, Data = {
      ["HumanoidRootPart"] = CFrame.new(0.0000,0.0000,0.0000,1.0000,0.0000,0.0000,0.0000,1.0000,0.0000,0.0000,0.0000,1.0000),
      ["LowerTorso"] = CFrame.new(0.0280,-0.0065,0.0000,0.9981,-0.0623,0.0000,0.0623,0.9981,-0.0000,0.0000,0.0000,1.0000),
      ["UpperTorso"] = CFrame.new(0.0000,0.0000,0.0000,0.9936,0.1127,-0.0032,-0.1125,0.9892,-0.0936,-0.0074,0.0933,0.9956),
      ["LeftUpperArm"] = CFrame.new(-0.0068,-0.0168,-0.1905,0.0354,-0.3470,-0.9372,0.0873,0.9353,-0.3430,0.9956,-0.0696,0.0634),
      ["LeftLowerArm"] = CFrame.new(-0.0092,-0.0032,-0.0038,0.8805,-0.4740,0.0000,0.3055,0.5674,-0.7647,0.3624,0.6733,0.6444),
      ["LeftHand"] = CFrame.new(0.0247,0.0428,0.0265,0.7579,-0.5274,-0.3839,0.6113,0.7797,0.1357,0.2277,-0.3376,0.9133),
      ["Head"] = CFrame.new(0.0000,0.0000,0.0000,0.9999,-0.0163,0.0003,0.0161,0.9855,0.1691,-0.0030,-0.1690,0.9856),
      ["RightUpperArm"] = CFrame.new(0.0000,0.0000,0.0000,0.9872,0.1596,0.0000,-0.1596,0.9872,-0.0000,-0.0000,0.0000,1.0000),
      ["RightLowerArm"] = CFrame.new(0.0000,0.0000,0.0000,1.0000,0.0000,0.0000,0.0000,1.0000,0.0000,0.0000,0.0000,1.0000),
      ["RightHand"] = CFrame.new(0.0000,0.0000,0.0000,0.9956,-0.0935,0.0000,0.0935,0.9956,-0.0000,0.0000,0.0000,1.0000),
      ["LeftUpperLeg"] = CFrame.new(0.0001,0.0000,0.0001,0.9798,0.0791,-0.1837,-0.1014,0.9882,-0.1151,0.1724,0.1314,0.9762),
      ["LeftLowerLeg"] = CFrame.new(0.0000,0.0000,0.0000,1.0000,-0.0000,0.0000,0.0000,0.9878,0.1556,-0.0000,-0.1556,0.9878),
      ["LeftFoot"] = CFrame.new(0.0000,0.0000,0.0000,0.9999,0.0167,0.0007,-0.0167,0.9996,-0.0244,-0.0011,0.0244,0.9997),
      ["RightUpperLeg"] = CFrame.new(0.0003,-0.0117,-0.0005,0.9970,-0.0105,0.0764,0.0136,0.9991,-0.0394,-0.0759,0.0403,0.9963),
      ["RightLowerLeg"] = CFrame.new(0.0000,0.0000,0.0000,1.0000,-0.0000,0.0000,0.0000,0.9959,0.0903,-0.0000,-0.0903,0.9959),
      ["RightFoot"] = CFrame.new(0.0000,0.0000,0.0000,0.9993,-0.0380,-0.0014,0.0379,0.9981,-0.0488,0.0033,0.0487,0.9988),
    }},
    {Time = 3.633, Data = {
      ["HumanoidRootPart"] = CFrame.new(0.0000,0.0000,0.0000,1.0000,0.0000,0.0000,0.0000,1.0000,0.0000,0.0000,0.0000,1.0000),
      ["LowerTorso"] = CFrame.new(0.0279,-0.0065,0.0000,0.9981,-0.0624,0.0000,0.0624,0.9981,-0.0000,0.0000,0.0000,1.0000),
      ["UpperTorso"] = CFrame.new(0.0000,0.0000,0.0000,0.9936,0.1128,-0.0032,-0.1127,0.9892,-0.0938,-0.0074,0.0935,0.9956),
      ["LeftUpperArm"] = CFrame.new(-0.0068,-0.0168,-0.1905,0.0354,-0.3470,-0.9372,0.0873,0.9353,-0.3430,0.9956,-0.0696,0.0634),
      ["LeftLowerArm"] = CFrame.new(-0.0092,-0.0032,-0.0038,0.8805,-0.4740,0.0000,0.3055,0.5674,-0.7647,0.3624,0.6733,0.6444),
      ["LeftHand"] = CFrame.new(0.0247,0.0428,0.0265,0.7579,-0.5274,-0.3839,0.6113,0.7797,0.1357,0.2277,-0.3376,0.9133),
      ["Head"] = CFrame.new(0.0000,0.0000,0.0000,0.9999,-0.0163,0.0003,0.0161,0.9858,0.1671,-0.0030,-0.1670,0.9859),
      ["RightUpperArm"] = CFrame.new(0.0000,0.0000,0.0000,0.9872,0.1596,0.0000,-0.1596,0.9872,-0.0000,-0.0000,0.0000,1.0000),
      ["RightLowerArm"] = CFrame.new(0.0000,0.0000,0.0000,1.0000,0.0000,0.0000,0.0000,1.0000,0.0000,0.0000,0.0000,1.0000),
      ["RightHand"] = CFrame.new(0.0000,0.0000,0.0000,0.9956,-0.0939,0.0000,0.0939,0.9956,-0.0000,0.0000,0.0000,1.0000),
      ["LeftUpperLeg"] = CFrame.new(0.0001,0.0000,0.0001,0.9798,0.0792,-0.1837,-0.1015,0.9882,-0.1149,0.1724,0.1312,0.9762),
      ["LeftLowerLeg"] = CFrame.new(0.0000,0.0000,0.0000,1.0000,-0.0000,0.0000,0.0000,0.9879,0.1551,-0.0000,-0.1551,0.9879),
      ["LeftFoot"] = CFrame.new(0.0000,0.0000,0.0000,0.9999,0.0167,0.0007,-0.0167,0.9996,-0.0242,-0.0011,0.0241,0.9997),
      ["RightUpperLeg"] = CFrame.new(0.0003,-0.0117,-0.0005,0.9970,-0.0105,0.0764,0.0135,0.9991,-0.0394,-0.0759,0.0403,0.9963),
      ["RightLowerLeg"] = CFrame.new(0.0000,0.0000,0.0000,1.0000,-0.0000,0.0000,0.0000,0.9959,0.0903,-0.0000,-0.0903,0.9959),
      ["RightFoot"] = CFrame.new(0.0000,0.0000,0.0000,0.9993,-0.0379,-0.0014,0.0378,0.9981,-0.0487,0.0033,0.0486,0.9988),
    }},
    {Time = 3.667, Data = {
      ["HumanoidRootPart"] = CFrame.new(0.0000,0.0000,0.0000,1.0000,0.0000,0.0000,0.0000,1.0000,0.0000,0.0000,0.0000,1.0000),
      ["LowerTorso"] = CFrame.new(0.0277,-0.0065,0.0000,0.9980,-0.0626,0.0000,0.0626,0.9980,-0.0000,0.0000,0.0000,1.0000),
      ["UpperTorso"] = CFrame.new(0.0000,0.0000,0.0000,0.9936,0.1130,-0.0032,-0.1128,0.9892,-0.0940,-0.0074,0.0937,0.9956),
      ["LeftUpperArm"] = CFrame.new(-0.0068,-0.0168,-0.1905,0.0354,-0.3470,-0.9372,0.0873,0.9353,-0.3430,0.9956,-0.0696,0.0634),
      ["LeftLowerArm"] = CFrame.new(-0.0092,-0.0032,-0.0038,0.8805,-0.4740,0.0000,0.3055,0.5674,-0.7647,0.3624,0.6733,0.6444),
      ["LeftHand"] = CFrame.new(0.0247,0.0428,0.0265,0.7579,-0.5274,-0.3839,0.6113,0.7797,0.1357,0.2277,-0.3376,0.9133),
      ["Head"] = CFrame.new(0.0000,0.0000,0.0000,0.9999,-0.0163,0.0003,0.0161,0.9861,0.1654,-0.0030,-0.1654,0.9862),
      ["RightUpperArm"] = CFrame.new(0.0000,0.0000,0.0000,0.9872,0.1596,0.0000,-0.1596,0.9872,-0.0000,-0.0000,0.0000,1.0000),
      ["RightLowerArm"] = CFrame.new(0.0000,0.0000,0.0000,1.0000,0.0000,0.0000,0.0000,1.0000,0.0000,0.0000,0.0000,1.0000),
      ["RightHand"] = CFrame.new(0.0000,0.0000,0.0000,0.9956,-0.0939,0.0000,0.0939,0.9956,-0.0000,0.0000,0.0000,1.0000),
      ["LeftUpperLeg"] = CFrame.new(0.0001,0.0001,0.0001,0.9798,0.0794,-0.1837,-0.1015,0.9882,-0.1147,0.1724,0.1310,0.9763),
      ["LeftLowerLeg"] = CFrame.new(0.0000,0.0000,0.0000,1.0000,-0.0000,0.0000,0.0000,0.9880,0.1545,-0.0000,-0.1545,0.9880),
      ["LeftFoot"] = CFrame.new(0.0000,0.0000,0.0000,0.9999,0.0168,0.0007,-0.0167,0.9996,-0.0238,-0.0011,0.0237,0.9997),
      ["RightUpperLeg"] = CFrame.new(0.0003,-0.0117,-0.0005,0.9970,-0.0104,0.0764,0.0135,0.9991,-0.0395,-0.0759,0.0404,0.9963),
      ["RightLowerLeg"] = CFrame.new(0.0000,0.0000,0.0000,1.0000,-0.0000,0.0000,0.0000,0.9959,0.0903,-0.0000,-0.0903,0.9959),
      ["RightFoot"] = CFrame.new(0.0000,0.0000,0.0000,0.9993,-0.0377,-0.0014,0.0376,0.9981,-0.0485,0.0032,0.0484,0.9988),
    }},
    {Time = 3.700, Data = {
      ["HumanoidRootPart"] = CFrame.new(0.0000,0.0000,0.0000,1.0000,0.0000,0.0000,0.0000,1.0000,0.0000,0.0000,0.0000,1.0000),
      ["LowerTorso"] = CFrame.new(0.0275,-0.0065,0.0000,0.9980,-0.0628,0.0000,0.0628,0.9980,-0.0000,0.0000,0.0000,1.0000),
      ["UpperTorso"] = CFrame.new(0.0000,0.0000,0.0000,0.9936,0.1130,-0.0032,-0.1128,0.9891,-0.0941,-0.0074,0.0939,0.9956),
      ["LeftUpperArm"] = CFrame.new(-0.0068,-0.0168,-0.1905,0.0354,-0.3470,-0.9372,0.0873,0.9353,-0.3430,0.9956,-0.0696,0.0634),
      ["LeftLowerArm"] = CFrame.new(-0.0092,-0.0032,-0.0038,0.8805,-0.4740,0.0000,0.3055,0.5674,-0.7647,0.3624,0.6733,0.6444),
      ["LeftHand"] = CFrame.new(0.0247,0.0428,0.0265,0.7579,-0.5274,-0.3839,0.6113,0.7797,0.1357,0.2277,-0.3376,0.9133),
      ["Head"] = CFrame.new(0.0000,0.0000,0.0000,0.9999,-0.0163,0.0003,0.0161,0.9863,0.1641,-0.0030,-0.1640,0.9865),
      ["RightUpperArm"] = CFrame.new(0.0000,0.0000,0.0000,0.9872,0.1596,0.0000,-0.1596,0.9872,-0.0000,-0.0000,0.0000,1.0000),
      ["RightLowerArm"] = CFrame.new(0.0000,0.0000,0.0000,1.0000,0.0000,0.0000,0.0000,1.0000,0.0000,0.0000,0.0000,1.0000),
      ["RightHand"] = CFrame.new(0.0000,0.0000,0.0000,0.9956,-0.0937,0.0000,0.0937,0.9956,-0.0000,0.0000,0.0000,1.0000),
      ["LeftUpperLeg"] = CFrame.new(0.0001,0.0001,0.0001,0.9798,0.0795,-0.1837,-0.1016,0.9882,-0.1144,0.1724,0.1308,0.9763),
      ["LeftLowerLeg"] = CFrame.new(0.0000,0.0000,0.0000,1.0000,-0.0000,0.0000,0.0000,0.9881,0.1538,-0.0000,-0.1538,0.9881),
      ["LeftFoot"] = CFrame.new(0.0000,0.0000,0.0000,0.9999,0.0168,0.0007,-0.0168,0.9996,-0.0232,-0.0011,0.0232,0.9997),
      ["RightUpperLeg"] = CFrame.new(0.0003,-0.0117,-0.0005,0.9970,-0.0103,0.0764,0.0134,0.9991,-0.0396,-0.0759,0.0405,0.9963),
      ["RightLowerLeg"] = CFrame.new(0.0000,0.0000,0.0000,1.0000,-0.0000,0.0000,0.0000,0.9959,0.0903,-0.0000,-0.0903,0.9959),
      ["RightFoot"] = CFrame.new(0.0000,0.0000,0.0000,0.9993,-0.0374,-0.0014,0.0373,0.9981,-0.0483,0.0032,0.0482,0.9988),
    }},
    {Time = 3.733, Data = {
      ["HumanoidRootPart"] = CFrame.new(0.0000,0.0000,0.0000,1.0000,0.0000,0.0000,0.0000,1.0000,0.0000,0.0000,0.0000,1.0000),
      ["LowerTorso"] = CFrame.new(0.0272,-0.0065,0.0000,0.9980,-0.0631,0.0000,0.0631,0.9980,-0.0000,0.0000,0.0000,1.0000),
      ["UpperTorso"] = CFrame.new(0.0000,0.0000,0.0000,0.9936,0.1131,-0.0032,-0.1129,0.9891,-0.0942,-0.0075,0.0940,0.9955),
      ["LeftUpperArm"] = CFrame.new(-0.0068,-0.0168,-0.1905,0.0354,-0.3470,-0.9372,0.0873,0.9353,-0.3430,0.9956,-0.0696,0.0634),
      ["LeftLowerArm"] = CFrame.new(-0.0092,-0.0032,-0.0038,0.8805,-0.4740,0.0000,0.3055,0.5674,-0.7647,0.3624,0.6733,0.6444),
      ["LeftHand"] = CFrame.new(0.0247,0.0428,0.0265,0.7579,-0.5274,-0.3839,0.6113,0.7797,0.1357,0.2277,-0.3376,0.9133),
      ["Head"] = CFrame.new(0.0000,0.0000,0.0000,0.9999,-0.0163,0.0003,0.0161,0.9865,0.1631,-0.0030,-0.1630,0.9866),
      ["RightUpperArm"] = CFrame.new(0.0000,0.0000,0.0000,0.9872,0.1596,0.0000,-0.1596,0.9872,-0.0000,-0.0000,0.0000,1.0000),
      ["RightLowerArm"] = CFrame.new(0.0000,0.0000,0.0000,1.0000,0.0000,0.0000,0.0000,1.0000,0.0000,0.0000,0.0000,1.0000),
      ["RightHand"] = CFrame.new(0.0000,0.0000,0.0000,0.9956,-0.0932,0.0000,0.0932,0.9956,-0.0000,0.0000,0.0000,1.0000),
      ["LeftUpperLeg"] = CFrame.new(0.0001,0.0002,0.0001,0.9798,0.0797,-0.1836,-0.1018,0.9882,-0.1140,0.1724,0.1304,0.9764),
      ["LeftLowerLeg"] = CFrame.new(0.0000,0.0000,0.0000,1.0000,-0.0000,0.0000,0.0000,0.9883,0.1528,-0.0000,-0.1528,0.9883),
      ["LeftFoot"] = CFrame.new(0.0000,0.0000,0.0000,0.9999,0.0169,0.0007,-0.0169,0.9996,-0.0226,-0.0011,0.0226,0.9997),
      ["RightUpperLeg"] = CFrame.new(0.0003,-0.0118,-0.0005,0.9970,-0.0102,0.0764,0.0133,0.9991,-0.0397,-0.0759,0.0406,0.9963),
      ["RightLowerLeg"] = CFrame.new(0.0000,0.0000,0.0000,1.0000,-0.0000,0.0000,0.0000,0.9959,0.0903,-0.0000,-0.0903,0.9959),
      ["RightFoot"] = CFrame.new(0.0000,0.0000,0.0000,0.9993,-0.0371,-0.0014,0.0370,0.9982,-0.0480,0.0032,0.0479,0.9988),
    }},
    {Time = 3.767, Data = {
      ["HumanoidRootPart"] = CFrame.new(0.0000,0.0000,0.0000,1.0000,0.0000,0.0000,0.0000,1.0000,0.0000,0.0000,0.0000,1.0000),
      ["LowerTorso"] = CFrame.new(0.0269,-0.0065,0.0000,0.9980,-0.0634,0.0000,0.0634,0.9980,-0.0000,0.0000,0.0000,1.0000),
      ["UpperTorso"] = CFrame.new(0.0000,0.0000,0.0000,0.9936,0.1131,-0.0032,-0.1129,0.9891,-0.0943,-0.0075,0.0940,0.9955),
      ["LeftUpperArm"] = CFrame.new(-0.0068,-0.0168,-0.1905,0.0354,-0.3470,-0.9372,0.0873,0.9353,-0.3430,0.9956,-0.0696,0.0634),
      ["LeftLowerArm"] = CFrame.new(-0.0092,-0.0032,-0.0038,0.8805,-0.4740,0.0000,0.3055,0.5674,-0.7647,0.3624,0.6733,0.6444),
      ["LeftHand"] = CFrame.new(0.0247,0.0428,0.0265,0.7579,-0.5274,-0.3839,0.6113,0.7797,0.1357,0.2277,-0.3376,0.9133),
      ["Head"] = CFrame.new(0.0000,0.0000,0.0000,0.9999,-0.0163,0.0003,0.0161,0.9866,0.1624,-0.0029,-0.1624,0.9867),
      ["RightUpperArm"] = CFrame.new(0.0000,0.0000,0.0000,0.9872,0.1596,0.0000,-0.1596,0.9872,-0.0000,-0.0000,0.0000,1.0000),
      ["RightLowerArm"] = CFrame.new(0.0000,0.0000,0.0000,1.0000,0.0000,0.0000,0.0000,1.0000,0.0000,0.0000,0.0000,1.0000),
      ["RightHand"] = CFrame.new(0.0000,0.0000,0.0000,0.9957,-0.0925,0.0000,0.0925,0.9957,-0.0000,0.0000,0.0000,1.0000),
      ["LeftUpperLeg"] = CFrame.new(0.0001,0.0002,0.0001,0.9797,0.0799,-0.1836,-0.1019,0.9883,-0.1136,0.1724,0.1300,0.9764),
      ["LeftLowerLeg"] = CFrame.new(0.0000,0.0000,0.0000,1.0000,-0.0000,0.0000,0.0000,0.9884,0.1517,-0.0000,-0.1517,0.9884),
      ["LeftFoot"] = CFrame.new(0.0000,0.0000,0.0000,0.9999,0.0170,0.0007,-0.0170,0.9996,-0.0219,-0.0010,0.0219,0.9998),
      ["RightUpperLeg"] = CFrame.new(0.0003,-0.0119,-0.0005,0.9970,-0.0101,0.0764,0.0132,0.9991,-0.0399,-0.0759,0.0408,0.9963),
      ["RightLowerLeg"] = CFrame.new(0.0000,0.0000,0.0000,1.0000,-0.0000,0.0000,0.0000,0.9959,0.0903,-0.0000,-0.0903,0.9959),
      ["RightFoot"] = CFrame.new(0.0000,0.0000,0.0000,0.9993,-0.0367,-0.0014,0.0366,0.9982,-0.0476,0.0032,0.0476,0.9989),
    }},
    {Time = 3.800, Data = {
      ["HumanoidRootPart"] = CFrame.new(0.0000,0.0000,0.0000,1.0000,0.0000,0.0000,0.0000,1.0000,0.0000,0.0000,0.0000,1.0000),
      ["LowerTorso"] = CFrame.new(0.0266,-0.0065,0.0000,0.9980,-0.0638,0.0000,0.0638,0.9980,-0.0000,0.0000,0.0000,1.0000),
      ["UpperTorso"] = CFrame.new(0.0000,0.0000,0.0000,0.9936,0.1131,-0.0032,-0.1128,0.9891,-0.0943,-0.0075,0.0941,0.9955),
      ["LeftUpperArm"] = CFrame.new(-0.0068,-0.0168,-0.1905,0.0354,-0.3470,-0.9372,0.0873,0.9353,-0.3430,0.9956,-0.0696,0.0634),
      ["LeftLowerArm"] = CFrame.new(-0.0092,-0.0032,-0.0038,0.8805,-0.4740,0.0000,0.3055,0.5674,-0.7647,0.3624,0.6733,0.6444),
      ["LeftHand"] = CFrame.new(0.0247,0.0428,0.0265,0.7579,-0.5274,-0.3839,0.6113,0.7797,0.1357,0.2277,-0.3376,0.9133),
      ["Head"] = CFrame.new(0.0000,0.0000,0.0000,0.9999,-0.0163,0.0003,0.0161,0.9867,0.1621,-0.0029,-0.1620,0.9868),
      ["RightUpperArm"] = CFrame.new(0.0000,0.0000,0.0000,0.9872,0.1596,0.0000,-0.1596,0.9872,-0.0000,-0.0000,0.0000,1.0000),
      ["RightLowerArm"] = CFrame.new(0.0000,0.0000,0.0000,1.0000,0.0000,0.0000,0.0000,1.0000,0.0000,0.0000,0.0000,1.0000),
      ["RightHand"] = CFrame.new(0.0000,0.0000,0.0000,0.9958,-0.0915,0.0000,0.0915,0.9958,-0.0000,0.0000,0.0000,1.0000),
      ["LeftUpperLeg"] = CFrame.new(0.0001,0.0003,0.0001,0.9797,0.0802,-0.1836,-0.1021,0.9883,-0.1131,0.1724,0.1296,0.9765),
      ["LeftLowerLeg"] = CFrame.new(0.0000,0.0000,0.0000,1.0000,-0.0000,0.0000,0.0000,0.9886,0.1505,-0.0000,-0.1505,0.9886),
      ["LeftFoot"] = CFrame.new(0.0000,0.0000,0.0000,0.9999,0.0172,0.0007,-0.0171,0.9996,-0.0210,-0.0010,0.0210,0.9998),
      ["RightUpperLeg"] = CFrame.new(0.0003,-0.0119,-0.0005,0.9970,-0.0100,0.0764,0.0131,0.9991,-0.0400,-0.0759,0.0409,0.9963),
      ["RightLowerLeg"] = CFrame.new(0.0000,0.0000,0.0000,1.0000,-0.0000,0.0000,0.0000,0.9959,0.0903,-0.0000,-0.0903,0.9959),
      ["RightFoot"] = CFrame.new(0.0000,0.0000,0.0000,0.9993,-0.0362,-0.0014,0.0361,0.9982,-0.0472,0.0031,0.0472,0.9989),
    }},
    {Time = 3.833, Data = {
      ["HumanoidRootPart"] = CFrame.new(0.0000,0.0000,0.0000,1.0000,0.0000,0.0000,0.0000,1.0000,0.0000,0.0000,0.0000,1.0000),
      ["LowerTorso"] = CFrame.new(0.0261,-0.0064,0.0000,0.9979,-0.0643,0.0000,0.0643,0.9979,-0.0000,0.0000,0.0000,1.0000),
      ["UpperTorso"] = CFrame.new(0.0000,0.0000,0.0000,0.9936,0.1130,-0.0032,-0.1128,0.9891,-0.0943,-0.0075,0.0940,0.9955),
      ["LeftUpperArm"] = CFrame.new(-0.0068,-0.0168,-0.1905,0.0354,-0.3470,-0.9372,0.0873,0.9353,-0.3430,0.9956,-0.0696,0.0634),
      ["LeftLowerArm"] = CFrame.new(-0.0092,-0.0032,-0.0038,0.8805,-0.4740,0.0000,0.3055,0.5674,-0.7647,0.3624,0.6733,0.6444),
      ["LeftHand"] = CFrame.new(0.0247,0.0428,0.0265,0.7579,-0.5274,-0.3839,0.6113,0.7797,0.1357,0.2277,-0.3376,0.9133),
      ["Head"] = CFrame.new(0.0000,0.0000,0.0000,0.9999,-0.0163,0.0003,0.0161,0.9866,0.1621,-0.0029,-0.1621,0.9868),
      ["RightUpperArm"] = CFrame.new(0.0000,0.0000,0.0000,0.9872,0.1596,0.0000,-0.1596,0.9872,-0.0000,-0.0000,0.0000,1.0000),
      ["RightLowerArm"] = CFrame.new(0.0000,0.0000,0.0000,1.0000,0.0000,0.0000,0.0000,1.0000,0.0000,0.0000,0.0000,1.0000),
      ["RightHand"] = CFrame.new(0.0000,0.0000,0.0000,0.9959,-0.0902,0.0000,0.0902,0.9959,-0.0000,0.0000,0.0000,1.0000),
      ["LeftUpperLeg"] = CFrame.new(0.0001,0.0004,0.0001,0.9797,0.0805,-0.1835,-0.1023,0.9884,-0.1126,0.1723,0.1291,0.9765),
      ["LeftLowerLeg"] = CFrame.new(0.0000,0.0000,0.0000,1.0000,-0.0000,0.0000,0.0000,0.9888,0.1490,-0.0000,-0.1490,0.9888),
      ["LeftFoot"] = CFrame.new(0.0000,0.0000,0.0000,0.9999,0.0173,0.0007,-0.0173,0.9996,-0.0201,-0.0010,0.0200,0.9998),
      ["RightUpperLeg"] = CFrame.new(0.0003,-0.0120,-0.0005,0.9970,-0.0098,0.0764,0.0129,0.9991,-0.0402,-0.0759,0.0411,0.9963),
      ["RightLowerLeg"] = CFrame.new(0.0000,0.0000,0.0000,1.0000,-0.0000,0.0000,0.0000,0.9959,0.0903,-0.0000,-0.0903,0.9959),
      ["RightFoot"] = CFrame.new(0.0000,0.0000,0.0000,0.9994,-0.0357,-0.0015,0.0356,0.9983,-0.0468,0.0031,0.0467,0.9989),
    }},
    {Time = 3.867, Data = {
      ["HumanoidRootPart"] = CFrame.new(0.0000,0.0000,0.0000,1.0000,0.0000,0.0000,0.0000,1.0000,0.0000,0.0000,0.0000,1.0000),
      ["LowerTorso"] = CFrame.new(0.0257,-0.0064,0.0000,0.9979,-0.0648,0.0000,0.0648,0.9979,-0.0000,0.0000,0.0000,1.0000),
      ["UpperTorso"] = CFrame.new(0.0000,0.0000,0.0000,0.9936,0.1130,-0.0032,-0.1128,0.9891,-0.0942,-0.0075,0.0940,0.9955),
      ["LeftUpperArm"] = CFrame.new(-0.0068,-0.0168,-0.1905,0.0354,-0.3470,-0.9372,0.0873,0.9353,-0.3430,0.9956,-0.0696,0.0634),
      ["LeftLowerArm"] = CFrame.new(-0.0092,-0.0032,-0.0038,0.8805,-0.4740,0.0000,0.3055,0.5674,-0.7647,0.3624,0.6733,0.6444),
      ["LeftHand"] = CFrame.new(0.0247,0.0428,0.0265,0.7579,-0.5274,-0.3839,0.6113,0.7797,0.1357,0.2277,-0.3376,0.9133),
      ["Head"] = CFrame.new(0.0000,0.0000,0.0000,0.9999,-0.0163,0.0002,0.0161,0.9866,0.1621,-0.0029,-0.1621,0.9868),
      ["RightUpperArm"] = CFrame.new(0.0000,0.0000,0.0000,0.9872,0.1596,0.0000,-0.1596,0.9872,-0.0000,-0.0000,0.0000,1.0000),
      ["RightLowerArm"] = CFrame.new(0.0000,0.0000,0.0000,1.0000,0.0000,0.0000,0.0000,1.0000,0.0000,0.0000,0.0000,1.0000),
      ["RightHand"] = CFrame.new(0.0000,0.0000,0.0000,0.9961,-0.0888,0.0000,0.0888,0.9961,-0.0000,0.0000,0.0000,1.0000),
      ["LeftUpperLeg"] = CFrame.new(0.0001,0.0005,0.0001,0.9797,0.0808,-0.1835,-0.1025,0.9884,-0.1120,0.1723,0.1285,0.9766),
      ["LeftLowerLeg"] = CFrame.new(0.0000,0.0000,0.0000,1.0000,-0.0000,0.0000,0.0000,0.9891,0.1474,-0.0000,-0.1474,0.9891),
      ["LeftFoot"] = CFrame.new(0.0000,0.0000,0.0000,0.9998,0.0175,0.0007,-0.0174,0.9997,-0.0190,-0.0010,0.0190,0.9998),
      ["RightUpperLeg"] = CFrame.new(0.0003,-0.0121,-0.0005,0.9970,-0.0096,0.0764,0.0127,0.9991,-0.0404,-0.0759,0.0413,0.9963),
      ["RightLowerLeg"] = CFrame.new(0.0000,0.0000,0.0000,1.0000,-0.0000,0.0000,0.0000,0.9959,0.0903,-0.0000,-0.0903,0.9959),
      ["RightFoot"] = CFrame.new(0.0000,0.0000,0.0000,0.9994,-0.0352,-0.0015,0.0351,0.9983,-0.0463,0.0031,0.0462,0.9989),
    }},
    {Time = 3.900, Data = {
      ["HumanoidRootPart"] = CFrame.new(0.0000,0.0000,0.0000,1.0000,0.0000,0.0000,0.0000,1.0000,0.0000,0.0000,0.0000,1.0000),
      ["LowerTorso"] = CFrame.new(0.0252,-0.0063,0.0000,0.9979,-0.0654,0.0000,0.0654,0.9979,-0.0000,0.0000,0.0000,1.0000),
      ["UpperTorso"] = CFrame.new(0.0000,0.0000,0.0000,0.9936,0.1130,-0.0032,-0.1128,0.9891,-0.0941,-0.0075,0.0939,0.9956),
      ["LeftUpperArm"] = CFrame.new(-0.0068,-0.0168,-0.1905,0.0354,-0.3470,-0.9372,0.0873,0.9353,-0.3430,0.9956,-0.0696,0.0634),
      ["LeftLowerArm"] = CFrame.new(-0.0092,-0.0032,-0.0038,0.8805,-0.4740,0.0000,0.3055,0.5674,-0.7647,0.3624,0.6733,0.6444),
      ["LeftHand"] = CFrame.new(0.0247,0.0428,0.0265,0.7579,-0.5274,-0.3839,0.6113,0.7797,0.1357,0.2277,-0.3376,0.9133),
      ["Head"] = CFrame.new(0.0000,0.0000,0.0000,0.9999,-0.0163,0.0002,0.0161,0.9866,0.1624,-0.0029,-0.1623,0.9867),
      ["RightUpperArm"] = CFrame.new(0.0000,0.0000,0.0000,0.9872,0.1596,0.0000,-0.1596,0.9872,-0.0000,-0.0000,0.0000,1.0000),
      ["RightLowerArm"] = CFrame.new(0.0000,0.0000,0.0000,1.0000,0.0000,0.0000,0.0000,1.0000,0.0000,0.0000,0.0000,1.0000),
      ["RightHand"] = CFrame.new(0.0000,0.0000,0.0000,0.9962,-0.0870,0.0000,0.0870,0.9962,-0.0000,0.0000,0.0000,1.0000),
      ["LeftUpperLeg"] = CFrame.new(0.0001,0.0006,0.0001,0.9797,0.0812,-0.1834,-0.1028,0.9885,-0.1113,0.1723,0.1279,0.9767),
      ["LeftLowerLeg"] = CFrame.new(0.0000,0.0000,0.0000,1.0000,-0.0000,0.0000,0.0000,0.9893,0.1456,-0.0000,-0.1456,0.9893),
      ["LeftFoot"] = CFrame.new(0.0000,0.0000,0.0000,0.9998,0.0176,0.0007,-0.0176,0.9997,-0.0178,-0.0010,0.0178,0.9998),
      ["RightUpperLeg"] = CFrame.new(0.0003,-0.0122,-0.0005,0.9970,-0.0094,0.0764,0.0126,0.9991,-0.0407,-0.0760,0.0415,0.9962),
      ["RightLowerLeg"] = CFrame.new(0.0000,0.0000,0.0000,1.0000,-0.0000,0.0000,0.0000,0.9959,0.0903,-0.0000,-0.0903,0.9959),
      ["RightFoot"] = CFrame.new(0.0000,0.0000,0.0000,0.9994,-0.0345,-0.0015,0.0344,0.9984,-0.0457,0.0031,0.0457,0.9990),
    }},
    {Time = 3.933, Data = {
      ["HumanoidRootPart"] = CFrame.new(0.0000,0.0000,0.0000,1.0000,0.0000,0.0000,0.0000,1.0000,0.0000,0.0000,0.0000,1.0000),
      ["LowerTorso"] = CFrame.new(0.0246,-0.0062,0.0000,0.9978,-0.0660,0.0000,0.0660,0.9978,-0.0000,0.0000,0.0000,1.0000),
      ["UpperTorso"] = CFrame.new(0.0000,0.0000,0.0000,0.9936,0.1130,-0.0032,-0.1128,0.9892,-0.0939,-0.0075,0.0937,0.9956),
      ["LeftUpperArm"] = CFrame.new(-0.0068,-0.0168,-0.1905,0.0354,-0.3470,-0.9372,0.0873,0.9353,-0.3430,0.9956,-0.0696,0.0634),
      ["LeftLowerArm"] = CFrame.new(-0.0092,-0.0032,-0.0038,0.8805,-0.4740,0.0000,0.3055,0.5674,-0.7647,0.3624,0.6733,0.6444),
      ["LeftHand"] = CFrame.new(0.0247,0.0428,0.0265,0.7579,-0.5274,-0.3839,0.6113,0.7797,0.1357,0.2277,-0.3376,0.9133),
      ["Head"] = CFrame.new(0.0000,0.0000,0.0000,0.9999,-0.0163,0.0001,0.0161,0.9865,0.1627,-0.0027,-0.1627,0.9867),
      ["RightUpperArm"] = CFrame.new(0.0000,0.0000,0.0000,0.9872,0.1596,0.0000,-0.1596,0.9872,-0.0000,-0.0000,0.0000,1.0000),
      ["RightLowerArm"] = CFrame.new(0.0000,0.0000,0.0000,1.0000,0.0000,0.0000,0.0000,1.0000,0.0000,0.0000,0.0000,1.0000),
      ["RightHand"] = CFrame.new(0.0000,0.0000,0.0000,0.9964,-0.0851,0.0000,0.0851,0.9964,-0.0000,0.0000,0.0000,1.0000),
      ["LeftUpperLeg"] = CFrame.new(0.0001,0.0007,0.0001,0.9797,0.0816,-0.1833,-0.1030,0.9885,-0.1106,0.1722,0.1272,0.9768),
      ["LeftLowerLeg"] = CFrame.new(0.0000,0.0000,0.0000,1.0000,-0.0000,0.0000,0.0000,0.9896,0.1437,-0.0000,-0.1437,0.9896),
      ["LeftFoot"] = CFrame.new(0.0000,0.0000,0.0000,0.9998,0.0178,0.0007,-0.0178,0.9997,-0.0165,-0.0010,0.0164,0.9999),
      ["RightUpperLeg"] = CFrame.new(0.0003,-0.0123,-0.0005,0.9970,-0.0092,0.0764,0.0124,0.9991,-0.0409,-0.0760,0.0417,0.9962),
      ["RightLowerLeg"] = CFrame.new(0.0000,0.0000,0.0000,1.0000,-0.0000,0.0000,0.0000,0.9959,0.0903,-0.0000,-0.0903,0.9959),
      ["RightFoot"] = CFrame.new(0.0000,0.0000,0.0000,0.9994,-0.0338,-0.0016,0.0337,0.9984,-0.0451,0.0031,0.0450,0.9990),
    }},
    {Time = 3.967, Data = {
      ["HumanoidRootPart"] = CFrame.new(0.0000,0.0000,0.0000,1.0000,0.0000,0.0000,0.0000,1.0000,0.0000,0.0000,0.0000,1.0000),
      ["LowerTorso"] = CFrame.new(0.0240,-0.0062,0.0000,0.9978,-0.0667,0.0000,0.0667,0.9978,-0.0000,0.0000,0.0000,1.0000),
      ["UpperTorso"] = CFrame.new(0.0000,0.0000,0.0000,0.9936,0.1130,-0.0032,-0.1128,0.9892,-0.0937,-0.0075,0.0934,0.9956),
      ["LeftUpperArm"] = CFrame.new(-0.0068,-0.0168,-0.1905,0.0354,-0.3470,-0.9372,0.0873,0.9353,-0.3430,0.9956,-0.0696,0.0634),
      ["LeftLowerArm"] = CFrame.new(-0.0092,-0.0032,-0.0038,0.8805,-0.4740,0.0000,0.3055,0.5674,-0.7647,0.3624,0.6733,0.6444),
      ["LeftHand"] = CFrame.new(0.0247,0.0428,0.0265,0.7579,-0.5274,-0.3839,0.6113,0.7797,0.1357,0.2277,-0.3376,0.9133),
      ["Head"] = CFrame.new(0.0000,0.0000,0.0000,0.9999,-0.0163,-0.0001,0.0161,0.9865,0.1631,-0.0026,-0.1631,0.9866),
      ["RightUpperArm"] = CFrame.new(0.0000,0.0000,0.0000,0.9872,0.1596,0.0000,-0.1596,0.9872,-0.0000,-0.0000,0.0000,1.0000),
      ["RightLowerArm"] = CFrame.new(0.0000,0.0000,0.0000,1.0000,0.0000,0.0000,0.0000,1.0000,0.0000,0.0000,0.0000,1.0000),
      ["RightHand"] = CFrame.new(0.0000,0.0000,0.0000,0.9966,-0.0828,0.0000,0.0828,0.9966,-0.0000,0.0000,0.0000,1.0000),
      ["LeftUpperLeg"] = CFrame.new(0.0001,0.0008,0.0001,0.9796,0.0820,-0.1833,-0.1033,0.9886,-0.1098,0.1722,0.1265,0.9769),
      ["LeftLowerLeg"] = CFrame.new(0.0000,0.0000,0.0000,1.0000,-0.0000,0.0000,0.0000,0.9899,0.1416,-0.0000,-0.1416,0.9899),
      ["LeftFoot"] = CFrame.new(0.0000,0.0000,0.0000,0.9998,0.0180,0.0008,-0.0180,0.9997,-0.0150,-0.0010,0.0150,0.9999),
      ["RightUpperLeg"] = CFrame.new(0.0003,-0.0125,-0.0005,0.9970,-0.0090,0.0764,0.0121,0.9991,-0.0412,-0.0760,0.0420,0.9962),
      ["RightLowerLeg"] = CFrame.new(0.0000,0.0000,0.0000,1.0000,-0.0000,0.0000,0.0000,0.9959,0.0903,-0.0000,-0.0903,0.9959),
      ["RightFoot"] = CFrame.new(0.0000,0.0000,0.0000,0.9995,-0.0331,-0.0016,0.0330,0.9985,-0.0445,0.0031,0.0444,0.9990),
    }},
    {Time = 4.000, Data = {
      ["HumanoidRootPart"] = CFrame.new(0.0000,0.0000,0.0000,1.0000,0.0000,0.0000,0.0000,1.0000,0.0000,0.0000,0.0000,1.0000),
      ["LowerTorso"] = CFrame.new(0.0233,-0.0061,0.0000,0.9977,-0.0674,0.0000,0.0674,0.9977,-0.0000,0.0000,0.0000,1.0000),
      ["UpperTorso"] = CFrame.new(0.0000,0.0000,0.0000,0.9936,0.1129,-0.0032,-0.1127,0.9892,-0.0934,-0.0074,0.0931,0.9956),
      ["LeftUpperArm"] = CFrame.new(-0.0068,-0.0168,-0.1905,0.0354,-0.3470,-0.9372,0.0873,0.9353,-0.3430,0.9956,-0.0696,0.0634),
      ["LeftLowerArm"] = CFrame.new(-0.0092,-0.0032,-0.0038,0.8805,-0.4740,0.0000,0.3055,0.5674,-0.7647,0.3624,0.6733,0.6444),
      ["LeftHand"] = CFrame.new(0.0247,0.0428,0.0265,0.7579,-0.5274,-0.3839,0.6113,0.7797,0.1357,0.2277,-0.3376,0.9133),
      ["Head"] = CFrame.new(0.0000,0.0000,0.0000,0.9999,-0.0163,-0.0003,0.0162,0.9864,0.1637,-0.0023,-0.1637,0.9865),
      ["RightUpperArm"] = CFrame.new(0.0000,0.0000,0.0000,0.9872,0.1596,0.0000,-0.1596,0.9872,-0.0000,-0.0000,0.0000,1.0000),
      ["RightLowerArm"] = CFrame.new(0.0000,0.0000,0.0000,1.0000,0.0000,0.0000,0.0000,1.0000,0.0000,0.0000,0.0000,1.0000),
      ["RightHand"] = CFrame.new(0.0000,0.0000,0.0000,0.9968,-0.0803,0.0000,0.0803,0.9968,-0.0000,0.0000,0.0000,1.0000),
      ["LeftUpperLeg"] = CFrame.new(0.0001,0.0009,0.0001,0.9796,0.0825,-0.1832,-0.1036,0.9886,-0.1089,0.1721,0.1257,0.9770),
      ["LeftLowerLeg"] = CFrame.new(0.0000,0.0000,0.0000,1.0000,-0.0000,0.0000,0.0000,0.9903,0.1393,-0.0000,-0.1393,0.9903),
      ["LeftFoot"] = CFrame.new(0.0000,0.0000,0.0000,0.9998,0.0182,0.0008,-0.0182,0.9997,-0.0135,-0.0010,0.0135,0.9999),
      ["RightUpperLeg"] = CFrame.new(0.0003,-0.0126,-0.0005,0.9970,-0.0087,0.0764,0.0119,0.9991,-0.0415,-0.0760,0.0423,0.9962),
      ["RightLowerLeg"] = CFrame.new(0.0000,0.0000,0.0000,1.0000,-0.0000,0.0000,0.0000,0.9959,0.0903,-0.0000,-0.0903,0.9959),
      ["RightFoot"] = CFrame.new(0.0000,0.0000,0.0000,0.9995,-0.0323,-0.0017,0.0322,0.9985,-0.0437,0.0031,0.0437,0.9990),
    }},
    {Time = 4.033, Data = {
      ["HumanoidRootPart"] = CFrame.new(0.0000,0.0000,0.0000,1.0000,0.0000,0.0000,0.0000,1.0000,0.0000,0.0000,0.0000,1.0000),
      ["LowerTorso"] = CFrame.new(0.0226,-0.0060,0.0000,0.9977,-0.0682,0.0000,0.0682,0.9977,-0.0000,0.0000,0.0000,1.0000),
      ["UpperTorso"] = CFrame.new(0.0000,0.0000,0.0000,0.9936,0.1127,-0.0032,-0.1126,0.9893,-0.0930,-0.0074,0.0928,0.9957),
      ["LeftUpperArm"] = CFrame.new(-0.0068,-0.0168,-0.1905,0.0354,-0.3470,-0.9372,0.0873,0.9353,-0.3430,0.9956,-0.0696,0.0634),
      ["LeftLowerArm"] = CFrame.new(-0.0092,-0.0032,-0.0038,0.8805,-0.4740,0.0000,0.3055,0.5674,-0.7647,0.3624,0.6733,0.6444),
      ["LeftHand"] = CFrame.new(0.0247,0.0428,0.0265,0.7579,-0.5274,-0.3839,0.6113,0.7797,0.1357,0.2277,-0.3376,0.9133),
      ["Head"] = CFrame.new(0.0000,0.0000,0.0000,0.9999,-0.0163,-0.0006,0.0162,0.9863,0.1644,-0.0021,-0.1644,0.9864),
      ["RightUpperArm"] = CFrame.new(0.0000,0.0000,0.0000,0.9872,0.1596,0.0000,-0.1596,0.9872,-0.0000,-0.0000,0.0000,1.0000),
      ["RightLowerArm"] = CFrame.new(0.0000,0.0000,0.0000,1.0000,0.0000,0.0000,0.0000,1.0000,0.0000,0.0000,0.0000,1.0000),
      ["RightHand"] = CFrame.new(0.0000,0.0000,0.0000,0.9970,-0.0776,0.0000,0.0776,0.9970,-0.0000,0.0000,0.0000,1.0000),
      ["LeftUpperLeg"] = CFrame.new(0.0001,0.0011,0.0001,0.9796,0.0830,-0.1831,-0.1040,0.9887,-0.1080,0.1721,0.1248,0.9771),
      ["LeftLowerLeg"] = CFrame.new(0.0000,0.0000,0.0000,1.0000,-0.0000,0.0000,0.0000,0.9906,0.1368,-0.0000,-0.1368,0.9906),
      ["LeftFoot"] = CFrame.new(0.0000,0.0000,0.0000,0.9998,0.0185,0.0008,-0.0185,0.9998,-0.0118,-0.0011,0.0118,0.9999),
      ["RightUpperLeg"] = CFrame.new(0.0003,-0.0128,-0.0005,0.9970,-0.0084,0.0764,0.0116,0.9991,-0.0418,-0.0760,0.0426,0.9962),
      ["RightLowerLeg"] = CFrame.new(0.0000,0.0000,0.0000,1.0000,-0.0000,0.0000,0.0000,0.9959,0.0903,-0.0000,-0.0903,0.9959),
      ["RightFoot"] = CFrame.new(0.0000,0.0000,0.0000,0.9995,-0.0314,-0.0017,0.0313,0.9986,-0.0430,0.0030,0.0429,0.9991),
    }},
    {Time = 4.067, Data = {
      ["HumanoidRootPart"] = CFrame.new(0.0000,0.0000,0.0000,1.0000,0.0000,0.0000,0.0000,1.0000,0.0000,0.0000,0.0000,1.0000),
      ["LowerTorso"] = CFrame.new(0.0219,-0.0059,0.0000,0.9976,-0.0690,0.0000,0.0690,0.9976,-0.0000,0.0000,0.0000,1.0000),
      ["UpperTorso"] = CFrame.new(0.0000,0.0000,0.0000,0.9936,0.1126,-0.0031,-0.1124,0.9893,-0.0926,-0.0074,0.0923,0.9957),
      ["LeftUpperArm"] = CFrame.new(-0.0068,-0.0168,-0.1905,0.0354,-0.3470,-0.9372,0.0873,0.9353,-0.3430,0.9956,-0.0696,0.0634),
      ["LeftLowerArm"] = CFrame.new(-0.0092,-0.0032,-0.0038,0.8805,-0.4740,0.0000,0.3055,0.5674,-0.7647,0.3624,0.6733,0.6444),
      ["LeftHand"] = CFrame.new(0.0247,0.0428,0.0265,0.7579,-0.5274,-0.3839,0.6113,0.7797,0.1357,0.2277,-0.3376,0.9133),
      ["Head"] = CFrame.new(0.0000,0.0000,0.0000,0.9999,-0.0162,-0.0010,0.0162,0.9861,0.1651,-0.0017,-0.1651,0.9863),
      ["RightUpperArm"] = CFrame.new(0.0000,0.0000,0.0000,0.9872,0.1596,0.0000,-0.1596,0.9872,-0.0000,-0.0000,0.0000,1.0000),
      ["RightLowerArm"] = CFrame.new(0.0000,0.0000,0.0000,1.0000,0.0000,0.0000,0.0000,1.0000,0.0000,0.0000,0.0000,1.0000),
      ["RightHand"] = CFrame.new(0.0000,0.0000,0.0000,0.9972,-0.0747,0.0000,0.0747,0.9972,-0.0000,0.0000,0.0000,1.0000),
      ["LeftUpperLeg"] = CFrame.new(0.0001,0.0012,0.0001,0.9796,0.0835,-0.1830,-0.1043,0.9888,-0.1070,0.1720,0.1239,0.9773),
      ["LeftLowerLeg"] = CFrame.new(0.0000,0.0000,0.0000,1.0000,-0.0000,0.0000,0.0000,0.9910,0.1342,-0.0000,-0.1342,0.9910),
      ["LeftFoot"] = CFrame.new(0.0000,0.0000,0.0000,0.9998,0.0187,0.0009,-0.0187,0.9998,-0.0101,-0.0011,0.0101,0.9999),
      ["RightUpperLeg"] = CFrame.new(0.0003,-0.0129,-0.0005,0.9970,-0.0081,0.0764,0.0114,0.9990,-0.0422,-0.0760,0.0429,0.9962),
      ["RightLowerLeg"] = CFrame.new(0.0000,0.0000,0.0000,1.0000,-0.0000,0.0000,0.0000,0.9959,0.0903,-0.0000,-0.0903,0.9959),
      ["RightFoot"] = CFrame.new(0.0000,0.0000,0.0000,0.9995,-0.0305,-0.0017,0.0304,0.9986,-0.0422,0.0030,0.0421,0.9991),
    }},
    {Time = 4.100, Data = {
      ["HumanoidRootPart"] = CFrame.new(0.0000,0.0000,0.0000,1.0000,0.0000,0.0000,0.0000,1.0000,0.0000,0.0000,0.0000,1.0000),
      ["LowerTorso"] = CFrame.new(0.0211,-0.0058,0.0000,0.9976,-0.0699,0.0000,0.0699,0.9976,-0.0000,0.0000,0.0000,1.0000),
      ["UpperTorso"] = CFrame.new(0.0000,0.0000,0.0000,0.9937,0.1124,-0.0030,-0.1122,0.9894,-0.0921,-0.0073,0.0919,0.9957),
      ["LeftUpperArm"] = CFrame.new(-0.0068,-0.0168,-0.1905,0.0354,-0.3470,-0.9372,0.0873,0.9353,-0.3430,0.9956,-0.0696,0.0634),
      ["LeftLowerArm"] = CFrame.new(-0.0092,-0.0032,-0.0038,0.8805,-0.4740,0.0000,0.3055,0.5674,-0.7647,0.3624,0.6733,0.6444),
      ["LeftHand"] = CFrame.new(0.0247,0.0428,0.0265,0.7579,-0.5274,-0.3839,0.6113,0.7797,0.1357,0.2277,-0.3376,0.9133),
      ["Head"] = CFrame.new(0.0000,0.0000,0.0000,0.9999,-0.0162,-0.0013,0.0162,0.9860,0.1660,-0.0014,-0.1660,0.9861),
      ["RightUpperArm"] = CFrame.new(0.0000,0.0000,0.0000,0.9872,0.1596,0.0000,-0.1596,0.9872,-0.0000,-0.0000,0.0000,1.0000),
      ["RightLowerArm"] = CFrame.new(0.0000,0.0000,0.0000,1.0000,0.0000,0.0000,0.0000,1.0000,0.0000,0.0000,0.0000,1.0000),
      ["RightHand"] = CFrame.new(0.0000,0.0000,0.0000,0.9974,-0.0714,0.0000,0.0714,0.9974,-0.0000,0.0000,0.0000,1.0000),
      ["LeftUpperLeg"] = CFrame.new(0.0001,0.0014,0.0001,0.9795,0.0841,-0.1829,-0.1047,0.9888,-0.1059,0.1720,0.1229,0.9774),
      ["LeftLowerLeg"] = CFrame.new(0.0000,0.0000,0.0000,1.0000,-0.0000,0.0000,0.0000,0.9913,0.1314,-0.0000,-0.1314,0.9913),
      ["LeftFoot"] = CFrame.new(0.0000,0.0000,0.0000,0.9998,0.0190,0.0009,-0.0190,0.9998,-0.0082,-0.0011,0.0082,1.0000),
      ["RightUpperLeg"] = CFrame.new(0.0003,-0.0131,-0.0005,0.9970,-0.0078,0.0764,0.0111,0.9990,-0.0425,-0.0760,0.0433,0.9962),
      ["RightLowerLeg"] = CFrame.new(0.0000,0.0000,0.0000,1.0000,-0.0000,0.0000,0.0000,0.9959,0.0903,-0.0000,-0.0903,0.9959),
      ["RightFoot"] = CFrame.new(0.0000,0.0000,0.0000,0.9996,-0.0295,-0.0018,0.0294,0.9987,-0.0413,0.0030,0.0412,0.9991),
    }},
    {Time = 4.133, Data = {
      ["HumanoidRootPart"] = CFrame.new(0.0000,0.0000,0.0000,1.0000,0.0000,0.0000,0.0000,1.0000,0.0000,0.0000,0.0000,1.0000),
      ["LowerTorso"] = CFrame.new(0.0202,-0.0057,0.0000,0.9975,-0.0708,0.0000,0.0708,0.9975,-0.0000,0.0000,0.0000,1.0000),
      ["UpperTorso"] = CFrame.new(0.0000,0.0000,0.0000,0.9937,0.1123,-0.0030,-0.1121,0.9895,-0.0915,-0.0073,0.0913,0.9958),
      ["LeftUpperArm"] = CFrame.new(-0.0068,-0.0168,-0.1905,0.0354,-0.3470,-0.9372,0.0873,0.9353,-0.3430,0.9956,-0.0696,0.0634),
      ["LeftLowerArm"] = CFrame.new(-0.0092,-0.0032,-0.0038,0.8805,-0.4740,0.0000,0.3055,0.5674,-0.7647,0.3624,0.6733,0.6444),
      ["LeftHand"] = CFrame.new(0.0247,0.0428,0.0265,0.7579,-0.5274,-0.3839,0.6113,0.7797,0.1357,0.2277,-0.3376,0.9133),
      ["Head"] = CFrame.new(0.0000,0.0000,0.0000,0.9999,-0.0161,-0.0018,0.0162,0.9858,0.1670,-0.0009,-0.1670,0.9859),
      ["RightUpperArm"] = CFrame.new(0.0000,0.0000,0.0000,0.9872,0.1596,0.0000,-0.1596,0.9872,-0.0000,-0.0000,0.0000,1.0000),
      ["RightLowerArm"] = CFrame.new(0.0000,0.0000,0.0000,1.0000,0.0000,0.0000,0.0000,1.0000,0.0000,0.0000,0.0000,1.0000),
      ["RightHand"] = CFrame.new(0.0000,0.0000,0.0000,0.9977,-0.0680,0.0000,0.0680,0.9977,-0.0000,0.0000,0.0000,1.0000),
      ["LeftUpperLeg"] = CFrame.new(0.0001,0.0016,0.0002,0.9795,0.0847,-0.1828,-0.1051,0.9889,-0.1048,0.1719,0.1219,0.9775),
      ["LeftLowerLeg"] = CFrame.new(0.0000,0.0000,0.0000,1.0000,-0.0000,0.0000,0.0000,0.9917,0.1284,-0.0000,-0.1284,0.9917),
      ["LeftFoot"] = CFrame.new(0.0000,0.0000,0.0000,0.9998,0.0193,0.0010,-0.0193,0.9998,-0.0062,-0.0011,0.0062,1.0000),
      ["RightUpperLeg"] = CFrame.new(0.0003,-0.0133,-0.0005,0.9970,-0.0075,0.0764,0.0108,0.9990,-0.0429,-0.0760,0.0436,0.9962),
      ["RightLowerLeg"] = CFrame.new(0.0000,0.0000,0.0000,1.0000,-0.0000,0.0000,0.0000,0.9959,0.0903,-0.0000,-0.0903,0.9959),
      ["RightFoot"] = CFrame.new(0.0000,0.0000,0.0000,0.9996,-0.0284,-0.0018,0.0283,0.9988,-0.0404,0.0030,0.0403,0.9992),
    }},
    {Time = 4.167, Data = {
      ["HumanoidRootPart"] = CFrame.new(0.0000,0.0000,0.0000,1.0000,0.0000,0.0000,0.0000,1.0000,0.0000,0.0000,0.0000,1.0000),
      ["LowerTorso"] = CFrame.new(0.0193,-0.0056,0.0000,0.9974,-0.0718,0.0000,0.0718,0.9974,-0.0000,0.0000,0.0000,1.0000),
      ["UpperTorso"] = CFrame.new(0.0000,0.0000,0.0000,0.9937,0.1121,-0.0029,-0.1119,0.9896,-0.0909,-0.0073,0.0907,0.9959),
      ["LeftUpperArm"] = CFrame.new(-0.0068,-0.0168,-0.1905,0.0354,-0.3470,-0.9372,0.0873,0.9353,-0.3430,0.9956,-0.0696,0.0634),
      ["LeftLowerArm"] = CFrame.new(-0.0092,-0.0032,-0.0038,0.8805,-0.4740,0.0000,0.3055,0.5674,-0.7647,0.3624,0.6733,0.6444),
      ["LeftHand"] = CFrame.new(0.0247,0.0428,0.0265,0.7579,-0.5274,-0.3839,0.6113,0.7797,0.1357,0.2277,-0.3376,0.9133),
      ["Head"] = CFrame.new(0.0000,0.0000,0.0000,0.9999,-0.0160,-0.0023,0.0162,0.9856,0.1682,-0.0005,-0.1682,0.9858),
      ["RightUpperArm"] = CFrame.new(0.0000,0.0000,0.0000,0.9872,0.1596,0.0000,-0.1596,0.9872,-0.0000,-0.0000,0.0000,1.0000),
      ["RightLowerArm"] = CFrame.new(0.0000,0.0000,0.0000,1.0000,0.0000,0.0000,0.0000,1.0000,0.0000,0.0000,0.0000,1.0000),
      ["RightHand"] = CFrame.new(0.0000,0.0000,0.0000,0.9979,-0.0642,0.0000,0.0642,0.9979,-0.0000,0.0000,0.0000,1.0000),
      ["LeftUpperLeg"] = CFrame.new(0.0001,0.0017,0.0002,0.9794,0.0854,-0.1827,-0.1055,0.9890,-0.1036,0.1719,0.1208,0.9777),
      ["LeftLowerLeg"] = CFrame.new(0.0000,0.0000,0.0000,1.0000,-0.0000,0.0000,0.0000,0.9921,0.1253,-0.0000,-0.1253,0.9921),
      ["LeftFoot"] = CFrame.new(0.0000,0.0000,0.0000,0.9998,0.0196,0.0010,-0.0196,0.9998,-0.0041,-0.0011,0.0041,1.0000),
      ["RightUpperLeg"] = CFrame.new(0.0003,-0.0135,-0.0005,0.9971,-0.0071,0.0764,0.0105,0.9990,-0.0433,-0.0760,0.0440,0.9961),
      ["RightLowerLeg"] = CFrame.new(0.0000,0.0000,0.0000,1.0000,-0.0000,0.0000,0.0000,0.9959,0.0903,-0.0000,-0.0903,0.9959),
      ["RightFoot"] = CFrame.new(0.0000,0.0000,0.0000,0.9996,-0.0273,-0.0019,0.0272,0.9989,-0.0394,0.0030,0.0393,0.9992),
    }},
    {Time = 4.200, Data = {
      ["HumanoidRootPart"] = CFrame.new(0.0000,0.0000,0.0000,1.0000,0.0000,0.0000,0.0000,1.0000,0.0000,0.0000,0.0000,1.0000),
      ["LowerTorso"] = CFrame.new(0.0184,-0.0055,0.0000,0.9973,-0.0728,0.0000,0.0728,0.9973,-0.0000,0.0000,0.0000,1.0000),
      ["UpperTorso"] = CFrame.new(0.0000,0.0000,0.0000,0.9937,0.1118,-0.0028,-0.1116,0.9896,-0.0903,-0.0073,0.0900,0.9959),
      ["LeftUpperArm"] = CFrame.new(-0.0068,-0.0168,-0.1905,0.0354,-0.3470,-0.9372,0.0873,0.9353,-0.3430,0.9956,-0.0696,0.0634),
      ["LeftLowerArm"] = CFrame.new(-0.0092,-0.0032,-0.0038,0.8805,-0.4740,0.0000,0.3055,0.5674,-0.7647,0.3624,0.6733,0.6444),
      ["LeftHand"] = CFrame.new(0.0247,0.0428,0.0265,0.7579,-0.5274,-0.3839,0.6113,0.7797,0.1357,0.2277,-0.3376,0.9133),
      ["Head"] = CFrame.new(0.0000,0.0000,0.0000,0.9999,-0.0159,-0.0028,0.0162,0.9854,0.1694,0.0000,-0.1694,0.9855),
      ["RightUpperArm"] = CFrame.new(0.0000,0.0000,0.0000,0.9872,0.1596,0.0000,-0.1596,0.9872,-0.0000,-0.0000,0.0000,1.0000),
      ["RightLowerArm"] = CFrame.new(0.0000,0.0000,0.0000,1.0000,0.0000,0.0000,0.0000,1.0000,0.0000,0.0000,0.0000,1.0000),
      ["RightHand"] = CFrame.new(0.0000,0.0000,0.0000,0.9982,-0.0603,0.0000,0.0603,0.9982,-0.0000,0.0000,0.0000,1.0000),
      ["LeftUpperLeg"] = CFrame.new(0.0002,0.0019,0.0002,0.9794,0.0861,-0.1826,-0.1060,0.9891,-0.1024,0.1718,0.1196,0.9778),
      ["LeftLowerLeg"] = CFrame.new(0.0000,0.0000,0.0000,1.0000,-0.0000,0.0000,0.0000,0.9925,0.1220,-0.0000,-0.1220,0.9925),
      ["LeftFoot"] = CFrame.new(0.0000,0.0000,0.0000,0.9998,0.0199,0.0011,-0.0199,0.9998,-0.0019,-0.0011,0.0018,1.0000),
      ["RightUpperLeg"] = CFrame.new(0.0003,-0.0137,-0.0005,0.9971,-0.0067,0.0764,0.0101,0.9990,-0.0438,-0.0760,0.0444,0.9961),
      ["RightLowerLeg"] = CFrame.new(0.0000,0.0000,0.0000,1.0000,-0.0000,0.0000,0.0000,0.9959,0.0903,-0.0000,-0.0903,0.9959),
      ["RightFoot"] = CFrame.new(0.0000,0.0000,0.0000,0.9997,-0.0261,-0.0020,0.0260,0.9989,-0.0383,0.0030,0.0383,0.9993),
    }},
    {Time = 4.233, Data = {
      ["HumanoidRootPart"] = CFrame.new(0.0000,0.0000,0.0000,1.0000,0.0000,0.0000,0.0000,1.0000,0.0000,0.0000,0.0000,1.0000),
      ["LowerTorso"] = CFrame.new(0.0174,-0.0054,0.0000,0.9973,-0.0739,0.0000,0.0739,0.9973,-0.0000,0.0000,0.0000,1.0000),
      ["UpperTorso"] = CFrame.new(0.0000,0.0000,0.0000,0.9937,0.1116,-0.0027,-0.1114,0.9897,-0.0895,-0.0073,0.0893,0.9960),
      ["LeftUpperArm"] = CFrame.new(-0.0068,-0.0168,-0.1905,0.0354,-0.3470,-0.9372,0.0873,0.9353,-0.3430,0.9956,-0.0696,0.0634),
      ["LeftLowerArm"] = CFrame.new(-0.0092,-0.0032,-0.0038,0.8805,-0.4740,0.0000,0.3055,0.5674,-0.7647,0.3624,0.6733,0.6444),
      ["LeftHand"] = CFrame.new(0.0247,0.0428,0.0265,0.7579,-0.5274,-0.3839,0.6113,0.7797,0.1357,0.2277,-0.3376,0.9133),
      ["Head"] = CFrame.new(0.0000,0.0000,0.0000,0.9999,-0.0158,-0.0034,0.0162,0.9852,0.1707,0.0006,-0.1707,0.9853),
      ["RightUpperArm"] = CFrame.new(0.0000,0.0000,0.0000,0.9872,0.1596,0.0000,-0.1596,0.9872,-0.0000,-0.0000,0.0000,1.0000),
      ["RightLowerArm"] = CFrame.new(0.0000,0.0000,0.0000,1.0000,0.0000,0.0000,0.0000,1.0000,0.0000,0.0000,0.0000,1.0000),
      ["RightHand"] = CFrame.new(0.0000,0.0000,0.0000,0.9984,-0.0561,0.0000,0.0561,0.9984,-0.0000,0.0000,0.0000,1.0000),
      ["LeftUpperLeg"] = CFrame.new(0.0002,0.0021,0.0002,0.9794,0.0868,-0.1825,-0.1065,0.9892,-0.1010,0.1718,0.1184,0.9780),
      ["LeftLowerLeg"] = CFrame.new(0.0000,0.0000,0.0000,1.0000,-0.0000,0.0000,0.0000,0.9930,0.1185,-0.0000,-0.1185,0.9930),
      ["LeftFoot"] = CFrame.new(0.0000,0.0000,0.0000,0.9998,0.0203,0.0012,-0.0203,0.9998,0.0005,-0.0012,-0.0005,1.0000),
      ["RightUpperLeg"] = CFrame.new(0.0003,-0.0139,-0.0005,0.9971,-0.0063,0.0764,0.0098,0.9990,-0.0442,-0.0760,0.0448,0.9961),
      ["RightLowerLeg"] = CFrame.new(0.0000,0.0000,0.0000,1.0000,-0.0000,0.0000,0.0000,0.9959,0.0903,-0.0000,-0.0903,0.9959),
      ["RightFoot"] = CFrame.new(0.0000,0.0000,0.0000,0.9997,-0.0249,-0.0020,0.0248,0.9990,-0.0373,0.0029,0.0372,0.9993),
    }},
    {Time = 4.267, Data = {
      ["HumanoidRootPart"] = CFrame.new(0.0000,0.0000,0.0000,1.0000,0.0000,0.0000,0.0000,1.0000,0.0000,0.0000,0.0000,1.0000),
      ["LowerTorso"] = CFrame.new(0.0163,-0.0053,0.0000,0.9972,-0.0751,0.0000,0.0751,0.9972,-0.0000,0.0000,0.0000,1.0000),
      ["UpperTorso"] = CFrame.new(0.0000,0.0000,0.0000,0.9938,0.1113,-0.0026,-0.1111,0.9898,-0.0887,-0.0073,0.0885,0.9961),
      ["LeftUpperArm"] = CFrame.new(-0.0068,-0.0168,-0.1905,0.0354,-0.3470,-0.9372,0.0873,0.9353,-0.3430,0.9956,-0.0696,0.0634),
      ["LeftLowerArm"] = CFrame.new(-0.0092,-0.0032,-0.0038,0.8805,-0.4740,0.0000,0.3055,0.5674,-0.7647,0.3624,0.6733,0.6444),
      ["LeftHand"] = CFrame.new(0.0247,0.0428,0.0265,0.7579,-0.5274,-0.3839,0.6113,0.7797,0.1357,0.2277,-0.3376,0.9133),
      ["Head"] = CFrame.new(0.0000,0.0000,0.0000,0.9999,-0.0157,-0.0040,0.0162,0.9849,0.1722,0.0012,-0.1722,0.9851),
      ["RightUpperArm"] = CFrame.new(0.0000,0.0000,0.0000,0.9872,0.1596,0.0000,-0.1596,0.9872,-0.0000,-0.0000,0.0000,1.0000),
      ["RightLowerArm"] = CFrame.new(0.0000,0.0000,0.0000,1.0000,0.0000,0.0000,0.0000,1.0000,0.0000,0.0000,0.0000,1.0000),
      ["RightHand"] = CFrame.new(0.0000,0.0000,0.0000,0.9987,-0.0516,0.0000,0.0516,0.9987,-0.0000,0.0000,0.0000,1.0000),
      ["LeftUpperLeg"] = CFrame.new(0.0002,0.0023,0.0002,0.9793,0.0875,-0.1824,-0.1070,0.9893,-0.0997,0.1717,0.1171,0.9782),
      ["LeftLowerLeg"] = CFrame.new(0.0000,0.0000,0.0000,1.0000,-0.0000,0.0000,0.0000,0.9934,0.1148,-0.0000,-0.1148,0.9934),
      ["LeftFoot"] = CFrame.new(0.0000,0.0000,0.0000,0.9998,0.0206,0.0012,-0.0206,0.9998,0.0029,-0.0012,-0.0030,1.0000),
      ["RightUpperLeg"] = CFrame.new(0.0003,-0.0141,-0.0005,0.9971,-0.0059,0.0764,0.0094,0.9990,-0.0447,-0.0761,0.0453,0.9961),
      ["RightLowerLeg"] = CFrame.new(0.0000,0.0000,0.0000,1.0000,-0.0000,0.0000,0.0000,0.9959,0.0903,-0.0000,-0.0903,0.9959),
      ["RightFoot"] = CFrame.new(0.0000,0.0000,0.0000,0.9997,-0.0236,-0.0021,0.0235,0.9991,-0.0361,0.0029,0.0361,0.9993),
    }},
    {Time = 4.300, Data = {
      ["HumanoidRootPart"] = CFrame.new(0.0000,0.0000,0.0000,1.0000,0.0000,0.0000,0.0000,1.0000,0.0000,0.0000,0.0000,1.0000),
      ["LowerTorso"] = CFrame.new(0.0153,-0.0052,0.0000,0.9971,-0.0762,0.0000,0.0762,0.9971,-0.0000,0.0000,0.0000,1.0000),
      ["UpperTorso"] = CFrame.new(0.0000,0.0000,0.0000,0.9938,0.1111,-0.0025,-0.1109,0.9899,-0.0879,-0.0073,0.0876,0.9961),
      ["LeftUpperArm"] = CFrame.new(-0.0068,-0.0168,-0.1905,0.0354,-0.3470,-0.9372,0.0873,0.9353,-0.3430,0.9956,-0.0696,0.0634),
      ["LeftLowerArm"] = CFrame.new(-0.0092,-0.0032,-0.0038,0.8805,-0.4740,0.0000,0.3055,0.5674,-0.7647,0.3624,0.6733,0.6444),
      ["LeftHand"] = CFrame.new(0.0247,0.0428,0.0265,0.7579,-0.5274,-0.3839,0.6113,0.7797,0.1357,0.2277,-0.3376,0.9133),
      ["Head"] = CFrame.new(0.0000,0.0000,0.0000,0.9999,-0.0156,-0.0047,0.0162,0.9847,0.1737,0.0019,-0.1738,0.9848),
      ["RightUpperArm"] = CFrame.new(0.0000,0.0000,0.0000,0.9872,0.1596,0.0000,-0.1596,0.9872,-0.0000,-0.0000,0.0000,1.0000),
      ["RightLowerArm"] = CFrame.new(0.0000,0.0000,0.0000,1.0000,0.0000,0.0000,0.0000,1.0000,0.0000,0.0000,0.0000,1.0000),
      ["RightHand"] = CFrame.new(0.0000,0.0000,0.0000,0.9989,-0.0469,0.0000,0.0469,0.9989,-0.0000,0.0000,0.0000,1.0000),
      ["LeftUpperLeg"] = CFrame.new(0.0002,0.0025,0.0003,0.9793,0.0883,-0.1822,-0.1075,0.9893,-0.0983,0.1716,0.1158,0.9783),
      ["LeftLowerLeg"] = CFrame.new(0.0000,0.0000,0.0000,1.0000,-0.0000,0.0000,0.0000,0.9938,0.1112,-0.0000,-0.1112,0.9938),
      ["LeftFoot"] = CFrame.new(0.0000,0.0000,0.0000,0.9998,0.0210,0.0013,-0.0210,0.9998,0.0054,-0.0012,-0.0054,1.0000),
      ["RightUpperLeg"] = CFrame.new(0.0003,-0.0143,-0.0005,0.9971,-0.0055,0.0764,0.0090,0.9989,-0.0452,-0.0761,0.0457,0.9961),
      ["RightLowerLeg"] = CFrame.new(0.0000,0.0000,0.0000,1.0000,-0.0000,0.0000,0.0000,0.9959,0.0903,-0.0000,-0.0903,0.9959),
      ["RightFoot"] = CFrame.new(0.0000,0.0000,0.0000,0.9997,-0.0223,-0.0021,0.0222,0.9991,-0.0350,0.0029,0.0349,0.9994),
    }},
    {Time = 4.333, Data = {
      ["HumanoidRootPart"] = CFrame.new(0.0000,0.0000,0.0000,1.0000,0.0000,0.0000,0.0000,1.0000,0.0000,0.0000,0.0000,1.0000),
      ["LowerTorso"] = CFrame.new(0.0143,-0.0051,0.0000,0.9970,-0.0773,0.0000,0.0773,0.9970,-0.0000,0.0000,0.0000,1.0000),
      ["UpperTorso"] = CFrame.new(0.0000,0.0000,0.0000,0.9938,0.1108,-0.0024,-0.1106,0.9901,-0.0869,-0.0072,0.0867,0.9962),
      ["LeftUpperArm"] = CFrame.new(-0.0068,-0.0168,-0.1905,0.0354,-0.3470,-0.9372,0.0873,0.9353,-0.3430,0.9956,-0.0696,0.0634),
      ["LeftLowerArm"] = CFrame.new(-0.0092,-0.0032,-0.0038,0.8805,-0.4740,0.0000,0.3055,0.5674,-0.7647,0.3624,0.6733,0.6444),
      ["LeftHand"] = CFrame.new(0.0247,0.0428,0.0265,0.7579,-0.5274,-0.3839,0.6113,0.7797,0.1357,0.2277,-0.3376,0.9133),
      ["Head"] = CFrame.new(0.0000,0.0000,0.0000,0.9999,-0.0155,-0.0054,0.0162,0.9844,0.1754,0.0026,-0.1755,0.9845),
      ["RightUpperArm"] = CFrame.new(0.0000,0.0000,0.0000,0.9872,0.1596,0.0000,-0.1596,0.9872,-0.0000,-0.0000,0.0000,1.0000),
      ["RightLowerArm"] = CFrame.new(0.0000,0.0000,0.0000,1.0000,0.0000,0.0000,0.0000,1.0000,0.0000,0.0000,0.0000,1.0000),
      ["RightHand"] = CFrame.new(0.0000,0.0000,0.0000,0.9991,-0.0419,0.0000,0.0419,0.9991,-0.0000,0.0000,0.0000,1.0000),
      ["LeftUpperLeg"] = CFrame.new(0.0002,0.0027,0.0003,0.9792,0.0890,-0.1821,-0.1079,0.9894,-0.0970,0.1716,0.1146,0.9785),
      ["LeftLowerLeg"] = CFrame.new(0.0000,0.0000,0.0000,1.0000,-0.0000,0.0000,0.0000,0.9942,0.1077,-0.0000,-0.1077,0.9942),
      ["LeftFoot"] = CFrame.new(0.0000,0.0000,0.0000,0.9998,0.0213,0.0014,-0.0213,0.9997,0.0077,-0.0012,-0.0078,1.0000),
      ["RightUpperLeg"] = CFrame.new(0.0003,-0.0145,-0.0005,0.9971,-0.0051,0.0764,0.0086,0.9989,-0.0456,-0.0761,0.0462,0.9960),
      ["RightLowerLeg"] = CFrame.new(0.0000,0.0000,0.0000,1.0000,-0.0000,0.0000,0.0000,0.9959,0.0903,-0.0000,-0.0903,0.9959),
      ["RightFoot"] = CFrame.new(0.0000,0.0000,0.0000,0.9998,-0.0211,-0.0022,0.0210,0.9992,-0.0339,0.0029,0.0338,0.9994),
    }},
    {Time = 4.367, Data = {
      ["HumanoidRootPart"] = CFrame.new(0.0000,0.0000,0.0000,1.0000,0.0000,0.0000,0.0000,1.0000,0.0000,0.0000,0.0000,1.0000),
      ["LowerTorso"] = CFrame.new(0.0133,-0.0050,0.0000,0.9969,-0.0784,0.0000,0.0784,0.9969,-0.0000,0.0000,0.0000,1.0000),
      ["UpperTorso"] = CFrame.new(0.0000,0.0000,0.0000,0.9939,0.1104,-0.0023,-0.1102,0.9902,-0.0860,-0.0072,0.0857,0.9963),
      ["LeftUpperArm"] = CFrame.new(-0.0068,-0.0168,-0.1905,0.0354,-0.3470,-0.9372,0.0873,0.9353,-0.3430,0.9956,-0.0696,0.0634),
      ["LeftLowerArm"] = CFrame.new(-0.0092,-0.0032,-0.0038,0.8805,-0.4740,0.0000,0.3055,0.5674,-0.7647,0.3624,0.6733,0.6444),
      ["LeftHand"] = CFrame.new(0.0247,0.0428,0.0265,0.7579,-0.5274,-0.3839,0.6113,0.7797,0.1357,0.2277,-0.3376,0.9133),
      ["Head"] = CFrame.new(0.0000,0.0000,0.0000,0.9999,-0.0154,-0.0061,0.0162,0.9840,0.1772,0.0033,-0.1772,0.9842),
      ["RightUpperArm"] = CFrame.new(0.0000,0.0000,0.0000,0.9872,0.1596,0.0000,-0.1596,0.9872,-0.0000,-0.0000,0.0000,1.0000),
      ["RightLowerArm"] = CFrame.new(0.0000,0.0000,0.0000,1.0000,0.0000,0.0000,0.0000,1.0000,0.0000,0.0000,0.0000,1.0000),
      ["RightHand"] = CFrame.new(0.0000,0.0000,0.0000,0.9993,-0.0368,0.0000,0.0368,0.9993,-0.0000,0.0000,0.0000,1.0000),
      ["LeftUpperLeg"] = CFrame.new(0.0002,0.0029,0.0003,0.9792,0.0897,-0.1820,-0.1084,0.9895,-0.0957,0.1715,0.1135,0.9786),
      ["LeftLowerLeg"] = CFrame.new(0.0000,0.0000,0.0000,1.0000,-0.0000,0.0000,0.0000,0.9945,0.1044,-0.0000,-0.1044,0.9945),
      ["LeftFoot"] = CFrame.new(0.0000,0.0000,0.0000,0.9998,0.0216,0.0014,-0.0216,0.9997,0.0100,-0.0012,-0.0100,0.9999),
      ["RightUpperLeg"] = CFrame.new(0.0003,-0.0147,-0.0005,0.9971,-0.0048,0.0764,0.0083,0.9989,-0.0461,-0.0761,0.0466,0.9960),
      ["RightLowerLeg"] = CFrame.new(0.0000,0.0000,0.0000,1.0000,-0.0000,0.0000,0.0000,0.9959,0.0903,-0.0000,-0.0903,0.9959),
      ["RightFoot"] = CFrame.new(0.0000,0.0000,0.0000,0.9998,-0.0199,-0.0022,0.0198,0.9993,-0.0329,0.0029,0.0328,0.9995),
    }},
    {Time = 4.400, Data = {
      ["HumanoidRootPart"] = CFrame.new(0.0000,0.0000,0.0000,1.0000,0.0000,0.0000,0.0000,1.0000,0.0000,0.0000,0.0000,1.0000),
      ["LowerTorso"] = CFrame.new(0.0124,-0.0049,0.0000,0.9968,-0.0794,0.0000,0.0794,0.9968,-0.0000,0.0000,0.0000,1.0000),
      ["UpperTorso"] = CFrame.new(0.0000,0.0000,0.0000,0.9939,0.1101,-0.0022,-0.1099,0.9903,-0.0849,-0.0072,0.0846,0.9964),
      ["LeftUpperArm"] = CFrame.new(-0.0068,-0.0168,-0.1905,0.0354,-0.3470,-0.9372,0.0873,0.9353,-0.3430,0.9956,-0.0696,0.0634),
      ["LeftLowerArm"] = CFrame.new(-0.0092,-0.0032,-0.0038,0.8805,-0.4740,0.0000,0.3055,0.5674,-0.7647,0.3624,0.6733,0.6444),
      ["LeftHand"] = CFrame.new(0.0247,0.0428,0.0265,0.7579,-0.5274,-0.3839,0.6113,0.7797,0.1357,0.2277,-0.3376,0.9133),
      ["Head"] = CFrame.new(0.0000,0.0000,0.0000,0.9999,-0.0152,-0.0070,0.0162,0.9837,0.1791,0.0041,-0.1791,0.9838),
      ["RightUpperArm"] = CFrame.new(0.0000,0.0000,0.0000,0.9872,0.1596,0.0000,-0.1596,0.9872,-0.0000,-0.0000,0.0000,1.0000),
      ["RightLowerArm"] = CFrame.new(0.0000,0.0000,0.0000,1.0000,0.0000,0.0000,0.0000,1.0000,0.0000,0.0000,0.0000,1.0000),
      ["RightHand"] = CFrame.new(0.0000,0.0000,0.0000,0.9995,-0.0320,0.0000,0.0320,0.9995,-0.0000,0.0000,0.0000,1.0000),
      ["LeftUpperLeg"] = CFrame.new(0.0002,0.0031,0.0003,0.9792,0.0903,-0.1819,-0.1088,0.9896,-0.0945,0.1715,0.1124,0.9788),
      ["LeftLowerLeg"] = CFrame.new(0.0000,0.0000,0.0000,1.0000,-0.0000,0.0000,0.0000,0.9949,0.1012,-0.0000,-0.1012,0.9949),
      ["LeftFoot"] = CFrame.new(0.0000,0.0000,0.0000,0.9998,0.0219,0.0015,-0.0219,0.9997,0.0121,-0.0012,-0.0121,0.9999),
      ["RightUpperLeg"] = CFrame.new(0.0003,-0.0149,-0.0005,0.9971,-0.0044,0.0764,0.0080,0.9989,-0.0465,-0.0761,0.0470,0.9960),
      ["RightLowerLeg"] = CFrame.new(0.0000,0.0000,0.0000,1.0000,-0.0000,0.0000,0.0000,0.9959,0.0903,-0.0000,-0.0903,0.9959),
      ["RightFoot"] = CFrame.new(0.0000,0.0000,0.0000,0.9998,-0.0188,-0.0023,0.0187,0.9993,-0.0319,0.0029,0.0318,0.9995),
    }},
    {Time = 4.433, Data = {
      ["HumanoidRootPart"] = CFrame.new(0.0000,0.0000,0.0000,1.0000,0.0000,0.0000,0.0000,1.0000,0.0000,0.0000,0.0000,1.0000),
      ["LowerTorso"] = CFrame.new(0.0116,-0.0048,0.0000,0.9968,-0.0803,0.0000,0.0803,0.9968,-0.0000,0.0000,0.0000,1.0000),
      ["UpperTorso"] = CFrame.new(0.0000,0.0000,0.0000,0.9940,0.1097,-0.0020,-0.1095,0.9904,-0.0838,-0.0072,0.0835,0.9965),
      ["LeftUpperArm"] = CFrame.new(-0.0068,-0.0168,-0.1905,0.0354,-0.3470,-0.9372,0.0873,0.9353,-0.3430,0.9956,-0.0696,0.0634),
      ["LeftLowerArm"] = CFrame.new(-0.0092,-0.0032,-0.0038,0.8805,-0.4740,0.0000,0.3055,0.5674,-0.7647,0.3624,0.6733,0.6444),
      ["LeftHand"] = CFrame.new(0.0247,0.0428,0.0265,0.7579,-0.5274,-0.3839,0.6113,0.7797,0.1357,0.2277,-0.3376,0.9133),
      ["Head"] = CFrame.new(0.0000,0.0000,0.0000,0.9999,-0.0151,-0.0078,0.0162,0.9833,0.1811,0.0050,-0.1812,0.9834),
      ["RightUpperArm"] = CFrame.new(0.0000,0.0000,0.0000,0.9872,0.1596,0.0000,-0.1596,0.9872,-0.0000,-0.0000,0.0000,1.0000),
      ["RightLowerArm"] = CFrame.new(0.0000,0.0000,0.0000,1.0000,0.0000,0.0000,0.0000,1.0000,0.0000,0.0000,0.0000,1.0000),
      ["RightHand"] = CFrame.new(0.0000,0.0000,0.0000,0.9996,-0.0274,0.0000,0.0274,0.9996,-0.0000,0.0000,0.0000,1.0000),
      ["LeftUpperLeg"] = CFrame.new(0.0003,0.0033,0.0003,0.9791,0.0909,-0.1818,-0.1092,0.9896,-0.0934,0.1714,0.1113,0.9789),
      ["LeftLowerLeg"] = CFrame.new(0.0000,0.0000,0.0000,1.0000,-0.0000,0.0000,0.0000,0.9952,0.0982,-0.0000,-0.0982,0.9952),
      ["LeftFoot"] = CFrame.new(0.0000,0.0000,0.0000,0.9998,0.0222,0.0015,-0.0222,0.9997,0.0141,-0.0012,-0.0141,0.9999),
      ["RightUpperLeg"] = CFrame.new(0.0003,-0.0151,-0.0005,0.9971,-0.0041,0.0764,0.0077,0.9989,-0.0469,-0.0761,0.0473,0.9960),
      ["RightLowerLeg"] = CFrame.new(0.0000,0.0000,0.0000,1.0000,-0.0000,0.0000,0.0000,0.9959,0.0903,-0.0000,-0.0903,0.9959),
      ["RightFoot"] = CFrame.new(0.0000,0.0000,0.0000,0.9998,-0.0178,-0.0023,0.0177,0.9994,-0.0309,0.0029,0.0309,0.9995),
    }},
    {Time = 4.467, Data = {
      ["HumanoidRootPart"] = CFrame.new(0.0000,0.0000,0.0000,1.0000,0.0000,0.0000,0.0000,1.0000,0.0000,0.0000,0.0000,1.0000),
      ["LowerTorso"] = CFrame.new(0.0108,-0.0047,0.0000,0.9967,-0.0812,0.0000,0.0812,0.9967,-0.0000,0.0000,0.0000,1.0000),
      ["UpperTorso"] = CFrame.new(0.0000,0.0000,0.0000,0.9940,0.1094,-0.0019,-0.1091,0.9906,-0.0827,-0.0072,0.0824,0.9966),
      ["LeftUpperArm"] = CFrame.new(-0.0068,-0.0168,-0.1905,0.0354,-0.3470,-0.9372,0.0873,0.9353,-0.3430,0.9956,-0.0696,0.0634),
      ["LeftLowerArm"] = CFrame.new(-0.0092,-0.0032,-0.0038,0.8805,-0.4740,0.0000,0.3055,0.5674,-0.7647,0.3624,0.6733,0.6444),
      ["LeftHand"] = CFrame.new(0.0247,0.0428,0.0265,0.7579,-0.5274,-0.3839,0.6113,0.7797,0.1357,0.2277,-0.3376,0.9133),
      ["Head"] = CFrame.new(0.0000,0.0000,0.0000,0.9999,-0.0149,-0.0087,0.0162,0.9829,0.1832,0.0059,-0.1833,0.9830),
      ["RightUpperArm"] = CFrame.new(0.0000,0.0000,0.0000,0.9872,0.1596,0.0000,-0.1596,0.9872,-0.0000,-0.0000,0.0000,1.0000),
      ["RightLowerArm"] = CFrame.new(0.0000,0.0000,0.0000,1.0000,0.0000,0.0000,0.0000,1.0000,0.0000,0.0000,0.0000,1.0000),
      ["RightHand"] = CFrame.new(0.0000,0.0000,0.0000,0.9997,-0.0231,0.0000,0.0231,0.9997,-0.0000,0.0000,0.0000,1.0000),
      ["LeftUpperLeg"] = CFrame.new(0.0003,0.0034,0.0004,0.9791,0.0915,-0.1817,-0.1096,0.9897,-0.0923,0.1714,0.1103,0.9790),
      ["LeftLowerLeg"] = CFrame.new(0.0000,0.0000,0.0000,1.0000,-0.0000,0.0000,0.0000,0.9954,0.0954,-0.0000,-0.0954,0.9954),
      ["LeftFoot"] = CFrame.new(0.0000,0.0000,0.0000,0.9997,0.0225,0.0016,-0.0225,0.9996,0.0159,-0.0012,-0.0160,0.9999),
      ["RightUpperLeg"] = CFrame.new(0.0003,-0.0153,-0.0005,0.9971,-0.0037,0.0764,0.0074,0.9989,-0.0472,-0.0761,0.0477,0.9960),
      ["RightLowerLeg"] = CFrame.new(0.0000,0.0000,0.0000,1.0000,-0.0000,0.0000,0.0000,0.9959,0.0903,-0.0000,-0.0903,0.9959),
      ["RightFoot"] = CFrame.new(0.0000,0.0000,0.0000,0.9999,-0.0168,-0.0024,0.0167,0.9994,-0.0301,0.0029,0.0300,0.9995),
    }},
    {Time = 4.500, Data = {
      ["HumanoidRootPart"] = CFrame.new(0.0000,0.0000,0.0000,1.0000,0.0000,0.0000,0.0000,1.0000,0.0000,0.0000,0.0000,1.0000),
      ["LowerTorso"] = CFrame.new(0.0100,-0.0046,0.0000,0.9966,-0.0820,0.0000,0.0820,0.9966,-0.0000,0.0000,0.0000,1.0000),
      ["UpperTorso"] = CFrame.new(0.0000,0.0000,0.0000,0.9940,0.1090,-0.0017,-0.1087,0.9907,-0.0814,-0.0071,0.0811,0.9967),
      ["LeftUpperArm"] = CFrame.new(-0.0068,-0.0168,-0.1905,0.0354,-0.3470,-0.9372,0.0873,0.9353,-0.3430,0.9956,-0.0696,0.0634),
      ["LeftLowerArm"] = CFrame.new(-0.0092,-0.0032,-0.0038,0.8805,-0.4740,0.0000,0.3055,0.5674,-0.7647,0.3624,0.6733,0.6444),
      ["LeftHand"] = CFrame.new(0.0247,0.0428,0.0265,0.7579,-0.5274,-0.3839,0.6113,0.7797,0.1357,0.2277,-0.3376,0.9133),
      ["Head"] = CFrame.new(0.0000,0.0000,0.0000,0.9998,-0.0147,-0.0097,0.0163,0.9825,0.1854,0.0068,-0.1855,0.9826),
      ["RightUpperArm"] = CFrame.new(0.0000,0.0000,0.0000,0.9872,0.1596,0.0000,-0.1596,0.9872,-0.0000,-0.0000,0.0000,1.0000),
      ["RightLowerArm"] = CFrame.new(0.0000,0.0000,0.0000,1.0000,0.0000,0.0000,0.0000,1.0000,0.0000,0.0000,0.0000,1.0000),
      ["RightHand"] = CFrame.new(0.0000,0.0000,0.0000,0.9998,-0.0190,0.0000,0.0190,0.9998,-0.0000,0.0000,0.0000,1.0000),
      ["LeftUpperLeg"] = CFrame.new(0.0003,0.0036,0.0004,0.9791,0.0920,-0.1816,-0.1100,0.9897,-0.0913,0.1713,0.1094,0.9791),
      ["LeftLowerLeg"] = CFrame.new(0.0000,0.0000,0.0000,1.0000,-0.0000,0.0000,0.0000,0.9957,0.0928,-0.0000,-0.0928,0.9957),
      ["LeftFoot"] = CFrame.new(0.0000,0.0000,0.0000,0.9997,0.0227,0.0017,-0.0228,0.9996,0.0177,-0.0012,-0.0177,0.9998),
      ["RightUpperLeg"] = CFrame.new(0.0003,-0.0154,-0.0005,0.9971,-0.0034,0.0764,0.0071,0.9988,-0.0476,-0.0761,0.0480,0.9959),
      ["RightLowerLeg"] = CFrame.new(0.0000,0.0000,0.0000,1.0000,-0.0000,0.0000,0.0000,0.9959,0.0903,-0.0000,-0.0903,0.9959),
      ["RightFoot"] = CFrame.new(0.0000,0.0000,0.0000,0.9999,-0.0158,-0.0024,0.0157,0.9994,-0.0292,0.0029,0.0292,0.9996),
    }},
    {Time = 4.533, Data = {
      ["HumanoidRootPart"] = CFrame.new(0.0000,0.0000,0.0000,1.0000,0.0000,0.0000,0.0000,1.0000,0.0000,0.0000,0.0000,1.0000),
      ["LowerTorso"] = CFrame.new(0.0093,-0.0045,0.0000,0.9966,-0.0828,0.0000,0.0828,0.9966,-0.0000,0.0000,0.0000,1.0000),
      ["UpperTorso"] = CFrame.new(0.0000,0.0000,0.0000,0.9941,0.1085,-0.0016,-0.1083,0.9909,-0.0801,-0.0071,0.0798,0.9968),
      ["LeftUpperArm"] = CFrame.new(-0.0068,-0.0168,-0.1905,0.0354,-0.3470,-0.9372,0.0873,0.9353,-0.3430,0.9956,-0.0696,0.0634),
      ["LeftLowerArm"] = CFrame.new(-0.0092,-0.0032,-0.0038,0.8805,-0.4740,0.0000,0.3055,0.5674,-0.7647,0.3624,0.6733,0.6444),
      ["LeftHand"] = CFrame.new(0.0247,0.0428,0.0265,0.7579,-0.5274,-0.3839,0.6113,0.7797,0.1357,0.2277,-0.3376,0.9133),
      ["Head"] = CFrame.new(0.0000,0.0000,0.0000,0.9998,-0.0145,-0.0107,0.0163,0.9821,0.1877,0.0078,-0.1879,0.9822),
      ["RightUpperArm"] = CFrame.new(0.0000,0.0000,0.0000,0.9872,0.1596,0.0000,-0.1596,0.9872,-0.0000,-0.0000,0.0000,1.0000),
      ["RightLowerArm"] = CFrame.new(0.0000,0.0000,0.0000,1.0000,0.0000,0.0000,0.0000,1.0000,0.0000,0.0000,0.0000,1.0000),
      ["RightHand"] = CFrame.new(0.0000,0.0000,0.0000,0.9999,-0.0151,0.0000,0.0151,0.9999,-0.0000,0.0000,0.0000,1.0000),
      ["LeftUpperLeg"] = CFrame.new(0.0003,0.0037,0.0004,0.9790,0.0925,-0.1815,-0.1103,0.9898,-0.0904,0.1713,0.1085,0.9792),
      ["LeftLowerLeg"] = CFrame.new(0.0000,0.0000,0.0000,1.0000,-0.0000,0.0000,0.0000,0.9959,0.0903,-0.0000,-0.0903,0.9959),
      ["LeftFoot"] = CFrame.new(0.0000,0.0000,0.0000,0.9997,0.0230,0.0017,-0.0230,0.9995,0.0194,-0.0013,-0.0194,0.9998),
      ["RightUpperLeg"] = CFrame.new(0.0003,-0.0156,-0.0005,0.9971,-0.0032,0.0764,0.0068,0.9988,-0.0479,-0.0761,0.0483,0.9959),
      ["RightLowerLeg"] = CFrame.new(0.0000,0.0000,0.0000,1.0000,-0.0000,0.0000,0.0000,0.9959,0.0903,-0.0000,-0.0903,0.9959),
      ["RightFoot"] = CFrame.new(0.0000,0.0000,0.0000,0.9999,-0.0150,-0.0024,0.0149,0.9995,-0.0285,0.0029,0.0284,0.9996),
    }},
    {Time = 4.567, Data = {
      ["HumanoidRootPart"] = CFrame.new(0.0000,0.0000,0.0000,1.0000,0.0000,0.0000,0.0000,1.0000,0.0000,0.0000,0.0000,1.0000),
      ["LowerTorso"] = CFrame.new(0.0087,-0.0044,0.0000,0.9965,-0.0835,0.0000,0.0835,0.9965,-0.0000,0.0000,0.0000,1.0000),
      ["UpperTorso"] = CFrame.new(0.0000,0.0000,0.0000,0.9941,0.1081,-0.0014,-0.1079,0.9910,-0.0788,-0.0071,0.0785,0.9969),
      ["LeftUpperArm"] = CFrame.new(-0.0068,-0.0168,-0.1905,0.0354,-0.3470,-0.9372,0.0873,0.9353,-0.3430,0.9956,-0.0696,0.0634),
      ["LeftLowerArm"] = CFrame.new(-0.0092,-0.0032,-0.0038,0.8805,-0.4740,0.0000,0.3055,0.5674,-0.7647,0.3624,0.6733,0.6444),
      ["LeftHand"] = CFrame.new(0.0247,0.0428,0.0265,0.7579,-0.5274,-0.3839,0.6113,0.7797,0.1357,0.2277,-0.3376,0.9133),
      ["Head"] = CFrame.new(0.0000,0.0000,0.0000,0.9998,-0.0143,-0.0117,0.0163,0.9816,0.1901,0.0088,-0.1903,0.9817),
      ["RightUpperArm"] = CFrame.new(0.0000,0.0000,0.0000,0.9872,0.1596,0.0000,-0.1596,0.9872,-0.0000,-0.0000,0.0000,1.0000),
      ["RightLowerArm"] = CFrame.new(0.0000,0.0000,0.0000,1.0000,0.0000,0.0000,0.0000,1.0000,0.0000,0.0000,0.0000,1.0000),
      ["RightHand"] = CFrame.new(0.0000,0.0000,0.0000,0.9999,-0.0115,0.0000,0.0115,0.9999,-0.0000,0.0000,0.0000,1.0000),
      ["LeftUpperLeg"] = CFrame.new(0.0003,0.0039,0.0004,0.9790,0.0930,-0.1814,-0.1106,0.9898,-0.0895,0.1712,0.1077,0.9793),
      ["LeftLowerLeg"] = CFrame.new(0.0000,0.0000,0.0000,1.0000,-0.0000,0.0000,0.0000,0.9961,0.0880,-0.0000,-0.0880,0.9961),
      ["LeftFoot"] = CFrame.new(0.0000,0.0000,0.0000,0.9997,0.0232,0.0017,-0.0232,0.9995,0.0209,-0.0013,-0.0209,0.9998),
      ["RightUpperLeg"] = CFrame.new(0.0003,-0.0157,-0.0005,0.9971,-0.0029,0.0764,0.0066,0.9988,-0.0482,-0.0762,0.0486,0.9959),
      ["RightLowerLeg"] = CFrame.new(0.0000,0.0000,0.0000,1.0000,-0.0000,0.0000,0.0000,0.9959,0.0903,-0.0000,-0.0903,0.9959),
      ["RightFoot"] = CFrame.new(0.0000,0.0000,0.0000,0.9999,-0.0141,-0.0025,0.0141,0.9995,-0.0278,0.0028,0.0277,0.9996),
    }},
    {Time = 4.600, Data = {
      ["HumanoidRootPart"] = CFrame.new(0.0000,0.0000,0.0000,1.0000,0.0000,0.0000,0.0000,1.0000,0.0000,0.0000,0.0000,1.0000),
      ["LowerTorso"] = CFrame.new(0.0081,-0.0044,0.0000,0.9964,-0.0842,0.0000,0.0842,0.9964,-0.0000,0.0000,0.0000,1.0000),
      ["UpperTorso"] = CFrame.new(0.0000,0.0000,0.0000,0.9942,0.1077,-0.0013,-0.1075,0.9912,-0.0775,-0.0071,0.0772,0.9970),
      ["LeftUpperArm"] = CFrame.new(-0.0068,-0.0168,-0.1905,0.0354,-0.3470,-0.9372,0.0873,0.9353,-0.3430,0.9956,-0.0696,0.0634),
      ["LeftLowerArm"] = CFrame.new(-0.0092,-0.0032,-0.0038,0.8805,-0.4740,0.0000,0.3055,0.5674,-0.7647,0.3624,0.6733,0.6444),
      ["LeftHand"] = CFrame.new(0.0247,0.0428,0.0265,0.7579,-0.5274,-0.3839,0.6113,0.7797,0.1357,0.2277,-0.3376,0.9133),
      ["Head"] = CFrame.new(0.0000,0.0000,0.0000,0.9998,-0.0141,-0.0127,0.0163,0.9812,0.1925,0.0098,-0.1926,0.9812),
      ["RightUpperArm"] = CFrame.new(0.0000,0.0000,0.0000,0.9872,0.1596,0.0000,-0.1596,0.9872,-0.0000,-0.0000,0.0000,1.0000),
      ["RightLowerArm"] = CFrame.new(0.0000,0.0000,0.0000,1.0000,0.0000,0.0000,0.0000,1.0000,0.0000,0.0000,0.0000,1.0000),
      ["RightHand"] = CFrame.new(0.0000,0.0000,0.0000,1.0000,-0.0082,0.0000,0.0082,1.0000,-0.0000,0.0000,0.0000,1.0000),
      ["LeftUpperLeg"] = CFrame.new(0.0003,0.0040,0.0004,0.9790,0.0934,-0.1813,-0.1109,0.9899,-0.0887,0.1712,0.1070,0.9794),
      ["LeftLowerLeg"] = CFrame.new(0.0000,0.0000,0.0000,1.0000,-0.0000,0.0000,0.0000,0.9963,0.0859,-0.0000,-0.0859,0.9963),
      ["LeftFoot"] = CFrame.new(0.0000,0.0000,0.0000,0.9997,0.0234,0.0018,-0.0234,0.9995,0.0223,-0.0013,-0.0224,0.9997),
      ["RightUpperLeg"] = CFrame.new(0.0002,-0.0159,-0.0005,0.9971,-0.0027,0.0764,0.0064,0.9988,-0.0485,-0.0762,0.0488,0.9959),
      ["RightLowerLeg"] = CFrame.new(0.0000,0.0000,0.0000,1.0000,-0.0000,0.0000,0.0000,0.9959,0.0903,-0.0000,-0.0903,0.9959),
      ["RightFoot"] = CFrame.new(0.0000,0.0000,0.0000,0.9999,-0.0134,-0.0025,0.0133,0.9995,-0.0271,0.0028,0.0271,0.9996),
    }},
    {Time = 4.633, Data = {
      ["HumanoidRootPart"] = CFrame.new(0.0000,0.0000,0.0000,1.0000,0.0000,0.0000,0.0000,1.0000,0.0000,0.0000,0.0000,1.0000),
      ["LowerTorso"] = CFrame.new(0.0075,-0.0043,0.0000,0.9964,-0.0848,0.0000,0.0848,0.9964,-0.0000,0.0000,0.0000,1.0000),
      ["UpperTorso"] = CFrame.new(0.0000,0.0000,0.0000,0.9942,0.1073,-0.0011,-0.1071,0.9913,-0.0763,-0.0071,0.0760,0.9971),
      ["LeftUpperArm"] = CFrame.new(-0.0068,-0.0168,-0.1905,0.0354,-0.3470,-0.9372,0.0873,0.9353,-0.3430,0.9956,-0.0696,0.0634),
      ["LeftLowerArm"] = CFrame.new(-0.0092,-0.0032,-0.0038,0.8805,-0.4740,0.0000,0.3055,0.5674,-0.7647,0.3624,0.6733,0.6444),
      ["LeftHand"] = CFrame.new(0.0247,0.0428,0.0265,0.7579,-0.5274,-0.3839,0.6113,0.7797,0.1357,0.2277,-0.3376,0.9133),
      ["Head"] = CFrame.new(0.0000,0.0000,0.0000,0.9998,-0.0140,-0.0137,0.0164,0.9807,0.1947,0.0107,-0.1949,0.9808),
      ["RightUpperArm"] = CFrame.new(0.0000,0.0000,0.0000,0.9872,0.1596,0.0000,-0.1596,0.9872,-0.0000,-0.0000,0.0000,1.0000),
      ["RightLowerArm"] = CFrame.new(0.0000,0.0000,0.0000,1.0000,0.0000,0.0000,0.0000,1.0000,0.0000,0.0000,0.0000,1.0000),
      ["RightHand"] = CFrame.new(0.0000,0.0000,0.0000,1.0000,-0.0051,0.0000,0.0051,1.0000,-0.0000,0.0000,0.0000,1.0000),
      ["LeftUpperLeg"] = CFrame.new(0.0003,0.0041,0.0004,0.9789,0.0938,-0.1813,-0.1112,0.9899,-0.0880,0.1712,0.1063,0.9795),
      ["LeftLowerLeg"] = CFrame.new(0.0000,0.0000,0.0000,1.0000,-0.0000,0.0000,0.0000,0.9965,0.0839,-0.0000,-0.0839,0.9965),
      ["LeftFoot"] = CFrame.new(0.0000,0.0000,0.0000,0.9997,0.0236,0.0018,-0.0236,0.9994,0.0236,-0.0013,-0.0237,0.9997),
      ["RightUpperLeg"] = CFrame.new(0.0002,-0.0160,-0.0005,0.9971,-0.0024,0.0764,0.0062,0.9988,-0.0487,-0.0762,0.0491,0.9959),
      ["RightLowerLeg"] = CFrame.new(0.0000,0.0000,0.0000,1.0000,-0.0000,0.0000,0.0000,0.9959,0.0903,-0.0000,-0.0903,0.9959),
      ["RightFoot"] = CFrame.new(0.0000,0.0000,0.0000,0.9999,-0.0127,-0.0025,0.0126,0.9996,-0.0265,0.0028,0.0265,0.9996),
    }},
    {Time = 4.667, Data = {
      ["HumanoidRootPart"] = CFrame.new(0.0000,0.0000,0.0000,1.0000,0.0000,0.0000,0.0000,1.0000,0.0000,0.0000,0.0000,1.0000),
      ["LowerTorso"] = CFrame.new(0.0070,-0.0043,0.0000,0.9963,-0.0854,0.0000,0.0854,0.9963,-0.0000,0.0000,0.0000,1.0000),
      ["UpperTorso"] = CFrame.new(0.0000,0.0000,0.0000,0.9943,0.1069,-0.0010,-0.1067,0.9915,-0.0751,-0.0070,0.0748,0.9972),
      ["LeftUpperArm"] = CFrame.new(-0.0068,-0.0168,-0.1905,0.0354,-0.3470,-0.9372,0.0873,0.9353,-0.3430,0.9956,-0.0696,0.0634),
      ["LeftLowerArm"] = CFrame.new(-0.0092,-0.0032,-0.0038,0.8805,-0.4740,0.0000,0.3055,0.5674,-0.7647,0.3624,0.6733,0.6444),
      ["LeftHand"] = CFrame.new(0.0247,0.0428,0.0265,0.7579,-0.5274,-0.3839,0.6113,0.7797,0.1357,0.2277,-0.3376,0.9133),
      ["Head"] = CFrame.new(0.0000,0.0000,0.0000,0.9998,-0.0138,-0.0146,0.0164,0.9803,0.1968,0.0116,-0.1970,0.9803),
      ["RightUpperArm"] = CFrame.new(0.0000,0.0000,0.0000,0.9872,0.1596,0.0000,-0.1596,0.9872,-0.0000,-0.0000,0.0000,1.0000),
      ["RightLowerArm"] = CFrame.new(0.0000,0.0000,0.0000,1.0000,0.0000,0.0000,0.0000,1.0000,0.0000,0.0000,0.0000,1.0000),
      ["RightHand"] = CFrame.new(0.0000,0.0000,0.0000,1.0000,-0.0022,0.0000,0.0022,1.0000,-0.0000,0.0000,0.0000,1.0000),
      ["LeftUpperLeg"] = CFrame.new(0.0003,0.0042,0.0004,0.9789,0.0942,-0.1812,-0.1114,0.9899,-0.0873,0.1711,0.1057,0.9796),
      ["LeftLowerLeg"] = CFrame.new(0.0000,0.0000,0.0000,1.0000,-0.0000,0.0000,0.0000,0.9966,0.0821,-0.0000,-0.0821,0.9966),
      ["LeftFoot"] = CFrame.new(0.0000,0.0000,0.0000,0.9997,0.0238,0.0019,-0.0238,0.9994,0.0248,-0.0013,-0.0249,0.9997),
      ["RightUpperLeg"] = CFrame.new(0.0002,-0.0161,-0.0005,0.9971,-0.0022,0.0764,0.0060,0.9988,-0.0490,-0.0762,0.0493,0.9959),
      ["RightLowerLeg"] = CFrame.new(0.0000,0.0000,0.0000,1.0000,-0.0000,0.0000,0.0000,0.9959,0.0903,-0.0000,-0.0903,0.9959),
      ["RightFoot"] = CFrame.new(0.0000,0.0000,0.0000,0.9999,-0.0121,-0.0025,0.0120,0.9996,-0.0259,0.0028,0.0259,0.9997),
    }},
    {Time = 4.700, Data = {
      ["HumanoidRootPart"] = CFrame.new(0.0000,0.0000,0.0000,1.0000,0.0000,0.0000,0.0000,1.0000,0.0000,0.0000,0.0000,1.0000),
      ["LowerTorso"] = CFrame.new(0.0065,-0.0042,0.0000,0.9963,-0.0859,0.0000,0.0859,0.9963,-0.0000,0.0000,0.0000,1.0000),
      ["UpperTorso"] = CFrame.new(0.0000,0.0000,0.0000,0.9943,0.1065,-0.0009,-0.1063,0.9916,-0.0740,-0.0070,0.0737,0.9973),
      ["LeftUpperArm"] = CFrame.new(-0.0068,-0.0168,-0.1905,0.0354,-0.3470,-0.9372,0.0873,0.9353,-0.3430,0.9956,-0.0696,0.0634),
      ["LeftLowerArm"] = CFrame.new(-0.0092,-0.0032,-0.0038,0.8805,-0.4740,0.0000,0.3055,0.5674,-0.7647,0.3624,0.6733,0.6444),
      ["LeftHand"] = CFrame.new(0.0247,0.0428,0.0265,0.7579,-0.5274,-0.3839,0.6113,0.7797,0.1357,0.2277,-0.3376,0.9133),
      ["Head"] = CFrame.new(0.0000,0.0000,0.0000,0.9998,-0.0136,-0.0155,0.0164,0.9799,0.1988,0.0125,-0.1990,0.9799),
      ["RightUpperArm"] = CFrame.new(0.0000,0.0000,0.0000,0.9872,0.1596,0.0000,-0.1596,0.9872,-0.0000,-0.0000,0.0000,1.0000),
      ["RightLowerArm"] = CFrame.new(0.0000,0.0000,0.0000,1.0000,0.0000,0.0000,0.0000,1.0000,0.0000,0.0000,0.0000,1.0000),
      ["RightHand"] = CFrame.new(0.0000,0.0000,0.0000,1.0000,0.0004,0.0000,-0.0004,1.0000,-0.0000,-0.0000,0.0000,1.0000),
      ["LeftUpperLeg"] = CFrame.new(0.0003,0.0043,0.0004,0.9789,0.0945,-0.1811,-0.1117,0.9900,-0.0867,0.1711,0.1051,0.9796),
      ["LeftLowerLeg"] = CFrame.new(0.0000,0.0000,0.0000,1.0000,-0.0000,0.0000,0.0000,0.9968,0.0805,-0.0000,-0.0805,0.9968),
      ["LeftFoot"] = CFrame.new(0.0000,0.0000,0.0000,0.9997,0.0239,0.0019,-0.0240,0.9994,0.0259,-0.0013,-0.0260,0.9997),
      ["RightUpperLeg"] = CFrame.new(0.0002,-0.0162,-0.0005,0.9971,-0.0021,0.0764,0.0058,0.9988,-0.0492,-0.0762,0.0495,0.9959),
      ["RightLowerLeg"] = CFrame.new(0.0000,0.0000,0.0000,1.0000,-0.0000,0.0000,0.0000,0.9959,0.0903,-0.0000,-0.0903,0.9959),
      ["RightFoot"] = CFrame.new(0.0000,0.0000,0.0000,0.9999,-0.0115,-0.0025,0.0114,0.9996,-0.0254,0.0028,0.0254,0.9997),
    }},
    {Time = 4.733, Data = {
      ["HumanoidRootPart"] = CFrame.new(0.0000,0.0000,0.0000,1.0000,0.0000,0.0000,0.0000,1.0000,0.0000,0.0000,0.0000,1.0000),
      ["LowerTorso"] = CFrame.new(0.0061,-0.0042,0.0000,0.9963,-0.0863,0.0000,0.0863,0.9963,-0.0000,0.0000,0.0000,1.0000),
      ["UpperTorso"] = CFrame.new(0.0000,0.0000,0.0000,0.9943,0.1062,-0.0007,-0.1060,0.9917,-0.0730,-0.0070,0.0726,0.9973),
      ["LeftUpperArm"] = CFrame.new(-0.0068,-0.0168,-0.1905,0.0354,-0.3470,-0.9372,0.0873,0.9353,-0.3430,0.9956,-0.0696,0.0634),
      ["LeftLowerArm"] = CFrame.new(-0.0092,-0.0032,-0.0038,0.8805,-0.4740,0.0000,0.3055,0.5674,-0.7647,0.3624,0.6733,0.6444),
      ["LeftHand"] = CFrame.new(0.0247,0.0428,0.0265,0.7579,-0.5274,-0.3839,0.6113,0.7797,0.1357,0.2277,-0.3376,0.9133),
      ["Head"] = CFrame.new(0.0000,0.0000,0.0000,0.9998,-0.0134,-0.0163,0.0164,0.9795,0.2007,0.0132,-0.2009,0.9795),
      ["RightUpperArm"] = CFrame.new(0.0000,0.0000,0.0000,0.9872,0.1596,0.0000,-0.1596,0.9872,-0.0000,-0.0000,0.0000,1.0000),
      ["RightLowerArm"] = CFrame.new(0.0000,0.0000,0.0000,1.0000,0.0000,0.0000,0.0000,1.0000,0.0000,0.0000,0.0000,1.0000),
      ["RightHand"] = CFrame.new(0.0000,0.0000,0.0000,1.0000,0.0028,0.0000,-0.0028,1.0000,-0.0000,-0.0000,0.0000,1.0000),
      ["LeftUpperLeg"] = CFrame.new(0.0003,0.0044,0.0004,0.9789,0.0948,-0.1811,-0.1119,0.9900,-0.0862,0.1711,0.1046,0.9797),
      ["LeftLowerLeg"] = CFrame.new(0.0000,0.0000,0.0000,1.0000,-0.0000,0.0000,0.0000,0.9969,0.0790,-0.0000,-0.0790,0.9969),
      ["LeftFoot"] = CFrame.new(0.0000,0.0000,0.0000,0.9997,0.0241,0.0019,-0.0241,0.9993,0.0269,-0.0013,-0.0269,0.9996),
      ["RightUpperLeg"] = CFrame.new(0.0002,-0.0163,-0.0005,0.9971,-0.0019,0.0764,0.0057,0.9988,-0.0494,-0.0762,0.0497,0.9959),
      ["RightLowerLeg"] = CFrame.new(0.0000,0.0000,0.0000,1.0000,-0.0000,0.0000,0.0000,0.9959,0.0903,-0.0000,-0.0903,0.9959),
      ["RightFoot"] = CFrame.new(0.0000,0.0000,0.0000,0.9999,-0.0110,-0.0026,0.0109,0.9996,-0.0250,0.0028,0.0250,0.9997),
    }},
    {Time = 4.767, Data = {
      ["HumanoidRootPart"] = CFrame.new(0.0000,0.0000,0.0000,1.0000,0.0000,0.0000,0.0000,1.0000,0.0000,0.0000,0.0000,1.0000),
      ["LowerTorso"] = CFrame.new(0.0057,-0.0041,0.0000,0.9962,-0.0867,0.0000,0.0867,0.9962,-0.0000,0.0000,0.0000,1.0000),
      ["UpperTorso"] = CFrame.new(0.0000,0.0000,0.0000,0.9944,0.1059,-0.0006,-0.1056,0.9918,-0.0720,-0.0070,0.0717,0.9974),
      ["LeftUpperArm"] = CFrame.new(-0.0068,-0.0168,-0.1905,0.0354,-0.3470,-0.9372,0.0873,0.9353,-0.3430,0.9956,-0.0696,0.0634),
      ["LeftLowerArm"] = CFrame.new(-0.0092,-0.0032,-0.0038,0.8805,-0.4740,0.0000,0.3055,0.5674,-0.7647,0.3624,0.6733,0.6444),
      ["LeftHand"] = CFrame.new(0.0247,0.0428,0.0265,0.7579,-0.5274,-0.3839,0.6113,0.7797,0.1357,0.2277,-0.3376,0.9133),
      ["Head"] = CFrame.new(0.0000,0.0000,0.0000,0.9998,-0.0133,-0.0170,0.0165,0.9792,0.2024,0.0140,-0.2027,0.9791),
      ["RightUpperArm"] = CFrame.new(0.0000,0.0000,0.0000,0.9872,0.1596,0.0000,-0.1596,0.9872,-0.0000,-0.0000,0.0000,1.0000),
      ["RightLowerArm"] = CFrame.new(0.0000,0.0000,0.0000,1.0000,0.0000,0.0000,0.0000,1.0000,0.0000,0.0000,0.0000,1.0000),
      ["RightHand"] = CFrame.new(0.0000,0.0000,0.0000,1.0000,0.0049,0.0000,-0.0049,1.0000,-0.0000,-0.0000,0.0000,1.0000),
      ["LeftUpperLeg"] = CFrame.new(0.0003,0.0044,0.0004,0.9789,0.0951,-0.1810,-0.1120,0.9900,-0.0857,0.1711,0.1042,0.9797),
      ["LeftLowerLeg"] = CFrame.new(0.0000,0.0000,0.0000,1.0000,-0.0000,0.0000,0.0000,0.9970,0.0777,-0.0000,-0.0777,0.9970),
      ["LeftFoot"] = CFrame.new(0.0000,0.0000,0.0000,0.9997,0.0242,0.0020,-0.0242,0.9993,0.0278,-0.0013,-0.0278,0.9996),
      ["RightUpperLeg"] = CFrame.new(0.0002,-0.0164,-0.0005,0.9971,-0.0018,0.0764,0.0056,0.9988,-0.0495,-0.0762,0.0498,0.9958),
      ["RightLowerLeg"] = CFrame.new(0.0000,0.0000,0.0000,1.0000,-0.0000,0.0000,0.0000,0.9959,0.0903,-0.0000,-0.0903,0.9959),
      ["RightFoot"] = CFrame.new(0.0000,0.0000,0.0000,0.9999,-0.0105,-0.0026,0.0105,0.9996,-0.0246,0.0028,0.0246,0.9997),
    }},
    {Time = 4.800, Data = {
      ["HumanoidRootPart"] = CFrame.new(0.0000,0.0000,0.0000,1.0000,0.0000,0.0000,0.0000,1.0000,0.0000,0.0000,0.0000,1.0000),
      ["LowerTorso"] = CFrame.new(0.0054,-0.0041,0.0000,0.9962,-0.0871,0.0000,0.0871,0.9962,-0.0000,0.0000,0.0000,1.0000),
      ["UpperTorso"] = CFrame.new(0.0000,0.0000,0.0000,0.9944,0.1056,-0.0005,-0.1053,0.9919,-0.0711,-0.0070,0.0707,0.9975),
      ["LeftUpperArm"] = CFrame.new(-0.0068,-0.0168,-0.1905,0.0354,-0.3470,-0.9372,0.0873,0.9353,-0.3430,0.9956,-0.0696,0.0634),
      ["LeftLowerArm"] = CFrame.new(-0.0092,-0.0032,-0.0038,0.8805,-0.4740,0.0000,0.3055,0.5674,-0.7647,0.3624,0.6733,0.6444),
      ["LeftHand"] = CFrame.new(0.0247,0.0428,0.0265,0.7579,-0.5274,-0.3839,0.6113,0.7797,0.1357,0.2277,-0.3376,0.9133),
      ["Head"] = CFrame.new(0.0000,0.0000,0.0000,0.9998,-0.0131,-0.0178,0.0165,0.9788,0.2041,0.0147,-0.2043,0.9788),
      ["RightUpperArm"] = CFrame.new(0.0000,0.0000,0.0000,0.9872,0.1596,0.0000,-0.1596,0.9872,-0.0000,-0.0000,0.0000,1.0000),
      ["RightLowerArm"] = CFrame.new(0.0000,0.0000,0.0000,1.0000,0.0000,0.0000,0.0000,1.0000,0.0000,0.0000,0.0000,1.0000),
      ["RightHand"] = CFrame.new(0.0000,0.0000,0.0000,1.0000,0.0067,0.0000,-0.0067,1.0000,-0.0000,-0.0000,0.0000,1.0000),
      ["LeftUpperLeg"] = CFrame.new(0.0003,0.0045,0.0004,0.9789,0.0953,-0.1810,-0.1122,0.9900,-0.0853,0.1710,0.1038,0.9798),
      ["LeftLowerLeg"] = CFrame.new(0.0000,0.0000,0.0000,1.0000,-0.0000,0.0000,0.0000,0.9971,0.0766,-0.0000,-0.0766,0.9971),
      ["LeftFoot"] = CFrame.new(0.0000,0.0000,0.0000,0.9997,0.0243,0.0020,-0.0243,0.9993,0.0285,-0.0013,-0.0285,0.9996),
      ["RightUpperLeg"] = CFrame.new(0.0002,-0.0164,-0.0005,0.9971,-0.0016,0.0764,0.0054,0.9987,-0.0497,-0.0762,0.0500,0.9958),
      ["RightLowerLeg"] = CFrame.new(0.0000,0.0000,0.0000,1.0000,-0.0000,0.0000,0.0000,0.9959,0.0903,-0.0000,-0.0903,0.9959),
      ["RightFoot"] = CFrame.new(0.0000,0.0000,0.0000,0.9999,-0.0101,-0.0026,0.0101,0.9997,-0.0242,0.0028,0.0242,0.9997),
    }},
    {Time = 4.833, Data = {
      ["HumanoidRootPart"] = CFrame.new(0.0000,0.0000,0.0000,1.0000,0.0000,0.0000,0.0000,1.0000,0.0000,0.0000,0.0000,1.0000),
      ["LowerTorso"] = CFrame.new(0.0052,-0.0040,0.0000,0.9962,-0.0874,0.0000,0.0874,0.9962,-0.0000,0.0000,0.0000,1.0000),
      ["UpperTorso"] = CFrame.new(0.0000,0.0000,0.0000,0.9944,0.1053,-0.0004,-0.1051,0.9920,-0.0702,-0.0070,0.0699,0.9975),
      ["LeftUpperArm"] = CFrame.new(-0.0068,-0.0168,-0.1905,0.0354,-0.3470,-0.9372,0.0873,0.9353,-0.3430,0.9956,-0.0696,0.0634),
      ["LeftLowerArm"] = CFrame.new(-0.0092,-0.0032,-0.0038,0.8805,-0.4740,0.0000,0.3055,0.5674,-0.7647,0.3624,0.6733,0.6444),
      ["LeftHand"] = CFrame.new(0.0247,0.0428,0.0265,0.7579,-0.5274,-0.3839,0.6113,0.7797,0.1357,0.2277,-0.3376,0.9133),
      ["Head"] = CFrame.new(0.0000,0.0000,0.0000,0.9997,-0.0130,-0.0184,0.0165,0.9785,0.2056,0.0154,-0.2059,0.9785),
      ["RightUpperArm"] = CFrame.new(0.0000,0.0000,0.0000,0.9872,0.1596,0.0000,-0.1596,0.9872,-0.0000,-0.0000,0.0000,1.0000),
      ["RightLowerArm"] = CFrame.new(0.0000,0.0000,0.0000,1.0000,0.0000,0.0000,0.0000,1.0000,0.0000,0.0000,0.0000,1.0000),
      ["RightHand"] = CFrame.new(0.0000,0.0000,0.0000,1.0000,0.0084,0.0000,-0.0084,1.0000,-0.0000,-0.0000,0.0000,1.0000),
      ["LeftUpperLeg"] = CFrame.new(0.0003,0.0045,0.0004,0.9788,0.0955,-0.1810,-0.1123,0.9900,-0.0849,0.1711,0.1034,0.9798),
      ["LeftLowerLeg"] = CFrame.new(0.0000,0.0000,0.0000,1.0000,-0.0000,0.0000,0.0000,0.9971,0.0757,-0.0000,-0.0757,0.9971),
      ["LeftFoot"] = CFrame.new(0.0000,0.0000,0.0000,0.9997,0.0244,0.0019,-0.0244,0.9993,0.0291,-0.0012,-0.0292,0.9996),
      ["RightUpperLeg"] = CFrame.new(0.0002,-0.0165,-0.0005,0.9971,-0.0015,0.0764,0.0053,0.9987,-0.0498,-0.0762,0.0501,0.9958),
      ["RightLowerLeg"] = CFrame.new(0.0000,0.0000,0.0000,1.0000,-0.0000,0.0000,0.0000,0.9959,0.0903,-0.0000,-0.0903,0.9959),
      ["RightFoot"] = CFrame.new(0.0000,0.0000,0.0000,0.9999,-0.0098,-0.0026,0.0097,0.9997,-0.0239,0.0028,0.0239,0.9997),
    }},
    {Time = 4.867, Data = {
      ["HumanoidRootPart"] = CFrame.new(0.0000,0.0000,0.0000,1.0000,0.0000,0.0000,0.0000,1.0000,0.0000,0.0000,0.0000,1.0000),
      ["LowerTorso"] = CFrame.new(0.0049,-0.0040,0.0000,0.9962,-0.0876,0.0000,0.0876,0.9962,-0.0000,0.0000,0.0000,1.0000),
      ["UpperTorso"] = CFrame.new(0.0000,0.0000,0.0000,0.9945,0.1050,-0.0003,-0.1048,0.9921,-0.0694,-0.0070,0.0691,0.9976),
      ["LeftUpperArm"] = CFrame.new(-0.0068,-0.0168,-0.1905,0.0354,-0.3470,-0.9372,0.0873,0.9353,-0.3430,0.9956,-0.0696,0.0634),
      ["LeftLowerArm"] = CFrame.new(-0.0092,-0.0032,-0.0038,0.8805,-0.4740,0.0000,0.3055,0.5674,-0.7647,0.3624,0.6733,0.6444),
      ["LeftHand"] = CFrame.new(0.0247,0.0428,0.0265,0.7579,-0.5274,-0.3839,0.6113,0.7797,0.1357,0.2277,-0.3376,0.9133),
      ["Head"] = CFrame.new(0.0000,0.0000,0.0000,0.9997,-0.0129,-0.0190,0.0165,0.9782,0.2071,0.0160,-0.2073,0.9781),
      ["RightUpperArm"] = CFrame.new(0.0000,0.0000,0.0000,0.9872,0.1596,0.0000,-0.1596,0.9872,-0.0000,-0.0000,0.0000,1.0000),
      ["RightLowerArm"] = CFrame.new(0.0000,0.0000,0.0000,1.0000,0.0000,0.0000,0.0000,1.0000,0.0000,0.0000,0.0000,1.0000),
      ["RightHand"] = CFrame.new(0.0000,0.0000,0.0000,1.0000,0.0097,0.0000,-0.0097,1.0000,-0.0000,-0.0000,0.0000,1.0000),
      ["LeftUpperLeg"] = CFrame.new(0.0003,0.0046,0.0004,0.9788,0.0957,-0.1810,-0.1124,0.9901,-0.0846,0.1711,0.1032,0.9798),
      ["LeftLowerLeg"] = CFrame.new(0.0000,0.0000,0.0000,1.0000,-0.0000,0.0000,0.0000,0.9972,0.0749,-0.0000,-0.0749,0.9972),
      ["LeftFoot"] = CFrame.new(0.0000,0.0000,0.0000,0.9997,0.0244,0.0019,-0.0245,0.9993,0.0296,-0.0012,-0.0297,0.9996),
      ["RightUpperLeg"] = CFrame.new(0.0002,-0.0165,-0.0005,0.9971,-0.0014,0.0764,0.0053,0.9987,-0.0499,-0.0762,0.0502,0.9958),
      ["RightLowerLeg"] = CFrame.new(0.0000,0.0000,0.0000,1.0000,-0.0000,0.0000,0.0000,0.9959,0.0903,-0.0000,-0.0903,0.9959),
      ["RightFoot"] = CFrame.new(0.0000,0.0000,0.0000,1.0000,-0.0095,-0.0026,0.0095,0.9997,-0.0237,0.0028,0.0237,0.9997),
    }},
    {Time = 4.900, Data = {
      ["HumanoidRootPart"] = CFrame.new(0.0000,0.0000,0.0000,1.0000,0.0000,0.0000,0.0000,1.0000,0.0000,0.0000,0.0000,1.0000),
      ["LowerTorso"] = CFrame.new(0.0048,-0.0040,0.0000,0.9961,-0.0878,0.0000,0.0878,0.9961,-0.0000,0.0000,0.0000,1.0000),
      ["UpperTorso"] = CFrame.new(0.0000,0.0000,0.0000,0.9945,0.1048,-0.0002,-0.1046,0.9921,-0.0687,-0.0070,0.0683,0.9976),
      ["LeftUpperArm"] = CFrame.new(-0.0068,-0.0168,-0.1905,0.0354,-0.3470,-0.9372,0.0873,0.9353,-0.3430,0.9956,-0.0696,0.0634),
      ["LeftLowerArm"] = CFrame.new(-0.0092,-0.0032,-0.0038,0.8805,-0.4740,0.0000,0.3055,0.5674,-0.7647,0.3624,0.6733,0.6444),
      ["LeftHand"] = CFrame.new(0.0247,0.0428,0.0265,0.7579,-0.5274,-0.3839,0.6113,0.7797,0.1357,0.2277,-0.3376,0.9133),
      ["Head"] = CFrame.new(0.0000,0.0000,0.0000,0.9997,-0.0128,-0.0196,0.0166,0.9779,0.2084,0.0165,-0.2087,0.9778),
      ["RightUpperArm"] = CFrame.new(0.0000,0.0000,0.0000,0.9872,0.1596,0.0000,-0.1596,0.9872,-0.0000,-0.0000,0.0000,1.0000),
      ["RightLowerArm"] = CFrame.new(0.0000,0.0000,0.0000,1.0000,0.0000,0.0000,0.0000,1.0000,0.0000,0.0000,0.0000,1.0000),
      ["RightHand"] = CFrame.new(0.0000,0.0000,0.0000,0.9999,0.0108,0.0000,-0.0108,0.9999,-0.0000,-0.0000,0.0000,1.0000),
      ["LeftUpperLeg"] = CFrame.new(0.0003,0.0046,0.0004,0.9788,0.0958,-0.1810,-0.1125,0.9901,-0.0844,0.1711,0.1030,0.9799),
      ["LeftLowerLeg"] = CFrame.new(0.0000,0.0000,0.0000,1.0000,-0.0000,0.0000,0.0000,0.9972,0.0743,-0.0000,-0.0743,0.9972),
      ["LeftFoot"] = CFrame.new(0.0000,0.0000,0.0000,0.9997,0.0245,0.0019,-0.0245,0.9992,0.0300,-0.0012,-0.0301,0.9995),
      ["RightUpperLeg"] = CFrame.new(0.0002,-0.0165,-0.0005,0.9971,-0.0014,0.0764,0.0052,0.9987,-0.0500,-0.0763,0.0502,0.9958),
      ["RightLowerLeg"] = CFrame.new(0.0000,0.0000,0.0000,1.0000,-0.0000,0.0000,0.0000,0.9959,0.0903,-0.0000,-0.0903,0.9959),
      ["RightFoot"] = CFrame.new(0.0000,0.0000,0.0000,1.0000,-0.0093,-0.0026,0.0093,0.9997,-0.0235,0.0028,0.0235,0.9997),
    }},
    {Time = 4.933, Data = {
      ["HumanoidRootPart"] = CFrame.new(0.0000,0.0000,0.0000,1.0000,0.0000,0.0000,0.0000,1.0000,0.0000,0.0000,0.0000,1.0000),
      ["LowerTorso"] = CFrame.new(0.0046,-0.0040,0.0000,0.9961,-0.0879,0.0000,0.0879,0.9961,-0.0000,0.0000,0.0000,1.0000),
      ["UpperTorso"] = CFrame.new(0.0000,0.0000,0.0000,0.9945,0.1046,-0.0002,-0.1043,0.9922,-0.0680,-0.0069,0.0676,0.9977),
      ["LeftUpperArm"] = CFrame.new(-0.0068,-0.0168,-0.1905,0.0354,-0.3470,-0.9372,0.0873,0.9353,-0.3430,0.9956,-0.0696,0.0634),
      ["LeftLowerArm"] = CFrame.new(-0.0092,-0.0032,-0.0038,0.8805,-0.4740,0.0000,0.3055,0.5674,-0.7647,0.3624,0.6733,0.6444),
      ["LeftHand"] = CFrame.new(0.0247,0.0428,0.0265,0.7579,-0.5274,-0.3839,0.6113,0.7797,0.1357,0.2277,-0.3376,0.9133),
      ["Head"] = CFrame.new(0.0000,0.0000,0.0000,0.9997,-0.0126,-0.0201,0.0166,0.9776,0.2096,0.0170,-0.2099,0.9776),
      ["RightUpperArm"] = CFrame.new(0.0000,0.0000,0.0000,0.9872,0.1596,0.0000,-0.1596,0.9872,-0.0000,-0.0000,0.0000,1.0000),
      ["RightLowerArm"] = CFrame.new(0.0000,0.0000,0.0000,1.0000,0.0000,0.0000,0.0000,1.0000,0.0000,0.0000,0.0000,1.0000),
      ["RightHand"] = CFrame.new(0.0000,0.0000,0.0000,0.9999,0.0117,0.0000,-0.0117,0.9999,-0.0000,-0.0000,0.0000,1.0000),
      ["LeftUpperLeg"] = CFrame.new(0.0003,0.0046,0.0004,0.9788,0.0959,-0.1810,-0.1126,0.9901,-0.0842,0.1711,0.1028,0.9799),
      ["LeftLowerLeg"] = CFrame.new(0.0000,0.0000,0.0000,1.0000,-0.0000,0.0000,0.0000,0.9973,0.0739,-0.0000,-0.0739,0.9973),
      ["LeftFoot"] = CFrame.new(0.0000,0.0000,0.0000,0.9997,0.0245,0.0019,-0.0246,0.9992,0.0303,-0.0012,-0.0304,0.9995),
      ["RightUpperLeg"] = CFrame.new(0.0002,-0.0166,-0.0005,0.9971,-0.0013,0.0764,0.0052,0.9987,-0.0500,-0.0763,0.0503,0.9958),
      ["RightLowerLeg"] = CFrame.new(0.0000,0.0000,0.0000,1.0000,-0.0000,0.0000,0.0000,0.9959,0.0903,-0.0000,-0.0903,0.9959),
      ["RightFoot"] = CFrame.new(0.0000,0.0000,0.0000,1.0000,-0.0092,-0.0026,0.0091,0.9997,-0.0234,0.0028,0.0234,0.9997),
    }},
    {Time = 4.967, Data = {
      ["HumanoidRootPart"] = CFrame.new(0.0000,0.0000,0.0000,1.0000,0.0000,0.0000,0.0000,1.0000,0.0000,0.0000,0.0000,1.0000),
      ["LowerTorso"] = CFrame.new(0.0046,-0.0040,0.0000,0.9961,-0.0880,0.0000,0.0880,0.9961,-0.0000,0.0000,0.0000,1.0000),
      ["UpperTorso"] = CFrame.new(0.0000,0.0000,0.0000,0.9945,0.1044,-0.0001,-0.1041,0.9923,-0.0674,-0.0069,0.0670,0.9977),
      ["LeftUpperArm"] = CFrame.new(-0.0068,-0.0168,-0.1905,0.0354,-0.3470,-0.9372,0.0873,0.9353,-0.3430,0.9956,-0.0696,0.0634),
      ["LeftLowerArm"] = CFrame.new(-0.0092,-0.0032,-0.0038,0.8805,-0.4740,0.0000,0.3055,0.5674,-0.7647,0.3624,0.6733,0.6444),
      ["LeftHand"] = CFrame.new(0.0247,0.0428,0.0265,0.7579,-0.5274,-0.3839,0.6113,0.7797,0.1357,0.2277,-0.3376,0.9133),
      ["Head"] = CFrame.new(0.0000,0.0000,0.0000,0.9997,-0.0125,-0.0206,0.0166,0.9774,0.2107,0.0175,-0.2110,0.9773),
      ["RightUpperArm"] = CFrame.new(0.0000,0.0000,0.0000,0.9872,0.1596,0.0000,-0.1596,0.9872,-0.0000,-0.0000,0.0000,1.0000),
      ["RightLowerArm"] = CFrame.new(0.0000,0.0000,0.0000,1.0000,0.0000,0.0000,0.0000,1.0000,0.0000,0.0000,0.0000,1.0000),
      ["RightHand"] = CFrame.new(0.0000,0.0000,0.0000,0.9999,0.0123,0.0000,-0.0123,0.9999,-0.0000,-0.0000,0.0000,1.0000),
      ["LeftUpperLeg"] = CFrame.new(0.0003,0.0046,0.0004,0.9788,0.0959,-0.1810,-0.1126,0.9901,-0.0841,0.1711,0.1027,0.9799),
      ["LeftLowerLeg"] = CFrame.new(0.0000,0.0000,0.0000,1.0000,-0.0000,0.0000,0.0000,0.9973,0.0736,-0.0000,-0.0736,0.9973),
      ["LeftFoot"] = CFrame.new(0.0000,0.0000,0.0000,0.9997,0.0245,0.0019,-0.0246,0.9992,0.0305,-0.0012,-0.0305,0.9995),
      ["RightUpperLeg"] = CFrame.new(0.0002,-0.0166,-0.0005,0.9971,-0.0013,0.0764,0.0052,0.9987,-0.0500,-0.0763,0.0503,0.9958),
      ["RightLowerLeg"] = CFrame.new(0.0000,0.0000,0.0000,1.0000,-0.0000,0.0000,0.0000,0.9959,0.0903,-0.0000,-0.0903,0.9959),
      ["RightFoot"] = CFrame.new(0.0000,0.0000,0.0000,1.0000,-0.0091,-0.0026,0.0090,0.9997,-0.0233,0.0028,0.0233,0.9997),
    }},
    {Time = 5.000, Data = {
      ["HumanoidRootPart"] = CFrame.new(0.0000,0.0000,0.0000,1.0000,0.0000,0.0000,0.0000,1.0000,0.0000,0.0000,0.0000,1.0000),
      ["LowerTorso"] = CFrame.new(0.0046,-0.0040,0.0000,0.9961,-0.0880,0.0000,0.0880,0.9961,-0.0000,0.0000,0.0000,1.0000),
      ["UpperTorso"] = CFrame.new(0.0000,0.0000,0.0000,0.9946,0.1042,-0.0000,-0.1040,0.9923,-0.0668,-0.0069,0.0665,0.9978),
      ["LeftUpperArm"] = CFrame.new(-0.0068,-0.0168,-0.1905,0.0354,-0.3470,-0.9372,0.0873,0.9353,-0.3430,0.9956,-0.0696,0.0634),
      ["LeftLowerArm"] = CFrame.new(-0.0092,-0.0032,-0.0038,0.8805,-0.4740,0.0000,0.3055,0.5674,-0.7647,0.3624,0.6733,0.6444),
      ["LeftHand"] = CFrame.new(0.0247,0.0428,0.0265,0.7579,-0.5274,-0.3839,0.6113,0.7797,0.1357,0.2277,-0.3376,0.9133),
      ["Head"] = CFrame.new(0.0000,0.0000,0.0000,0.9997,-0.0124,-0.0210,0.0166,0.9772,0.2117,0.0179,-0.2120,0.9771),
      ["RightUpperArm"] = CFrame.new(0.0000,0.0000,0.0000,0.9872,0.1596,0.0000,-0.1596,0.9872,-0.0000,-0.0000,0.0000,1.0000),
      ["RightLowerArm"] = CFrame.new(0.0000,0.0000,0.0000,1.0000,0.0000,0.0000,0.0000,1.0000,0.0000,0.0000,0.0000,1.0000),
      ["RightHand"] = CFrame.new(0.0000,0.0000,0.0000,0.9999,0.0127,0.0000,-0.0127,0.9999,-0.0000,-0.0000,0.0000,1.0000),
      ["LeftUpperLeg"] = CFrame.new(0.0003,0.0046,0.0003,0.9788,0.0959,-0.1810,-0.1126,0.9901,-0.0841,0.1711,0.1027,0.9799),
      ["LeftLowerLeg"] = CFrame.new(0.0000,0.0000,0.0000,1.0000,-0.0000,0.0000,0.0000,0.9973,0.0737,-0.0000,-0.0737,0.9973),
      ["LeftFoot"] = CFrame.new(0.0000,0.0000,0.0000,0.9997,0.0245,0.0019,-0.0245,0.9992,0.0305,-0.0012,-0.0305,0.9995),
      ["RightUpperLeg"] = CFrame.new(0.0002,-0.0166,-0.0005,0.9971,-0.0014,0.0764,0.0052,0.9987,-0.0500,-0.0763,0.0502,0.9958),
      ["RightLowerLeg"] = CFrame.new(0.0000,0.0000,0.0000,1.0000,-0.0000,0.0000,0.0000,0.9959,0.0903,-0.0000,-0.0903,0.9959),
      ["RightFoot"] = CFrame.new(0.0000,0.0000,0.0000,1.0000,-0.0091,-0.0026,0.0090,0.9997,-0.0233,0.0028,0.0233,0.9997),
    }},
    {Time = 5.033, Data = {
      ["HumanoidRootPart"] = CFrame.new(0.0000,0.0000,0.0000,1.0000,0.0000,0.0000,0.0000,1.0000,0.0000,0.0000,0.0000,1.0000),
      ["LowerTorso"] = CFrame.new(0.0045,-0.0040,0.0000,0.9961,-0.0879,0.0000,0.0879,0.9961,-0.0000,0.0000,0.0000,1.0000),
      ["UpperTorso"] = CFrame.new(0.0000,0.0000,0.0000,0.9946,0.1040,0.0000,-0.1038,0.9924,-0.0663,-0.0069,0.0660,0.9978),
      ["LeftUpperArm"] = CFrame.new(-0.0068,-0.0168,-0.1905,0.0354,-0.3470,-0.9372,0.0873,0.9353,-0.3430,0.9956,-0.0696,0.0634),
      ["LeftLowerArm"] = CFrame.new(-0.0092,-0.0032,-0.0038,0.8805,-0.4740,0.0000,0.3055,0.5674,-0.7647,0.3624,0.6733,0.6444),
      ["LeftHand"] = CFrame.new(0.0247,0.0428,0.0265,0.7579,-0.5274,-0.3839,0.6113,0.7797,0.1357,0.2277,-0.3376,0.9133),
      ["Head"] = CFrame.new(0.0000,0.0000,0.0000,0.9997,-0.0124,-0.0214,0.0166,0.9770,0.2126,0.0183,-0.2129,0.9769),
      ["RightUpperArm"] = CFrame.new(0.0000,0.0000,0.0000,0.9872,0.1596,0.0000,-0.1596,0.9872,-0.0000,-0.0000,0.0000,1.0000),
      ["RightLowerArm"] = CFrame.new(0.0000,0.0000,0.0000,1.0000,0.0000,0.0000,0.0000,1.0000,0.0000,0.0000,0.0000,1.0000),
      ["RightHand"] = CFrame.new(0.0000,0.0000,0.0000,0.9999,0.0128,0.0000,-0.0128,0.9999,-0.0000,-0.0000,0.0000,1.0000),
      ["LeftUpperLeg"] = CFrame.new(0.0003,0.0046,0.0003,0.9788,0.0959,-0.1810,-0.1125,0.9901,-0.0842,0.1711,0.1027,0.9799),
      ["LeftLowerLeg"] = CFrame.new(0.0000,0.0000,0.0000,1.0000,-0.0000,0.0000,0.0000,0.9973,0.0737,-0.0000,-0.0737,0.9973),
      ["LeftFoot"] = CFrame.new(0.0000,0.0000,0.0000,0.9997,0.0245,0.0019,-0.0245,0.9992,0.0305,-0.0012,-0.0305,0.9995),
      ["RightUpperLeg"] = CFrame.new(0.0002,-0.0166,-0.0005,0.9971,-0.0014,0.0764,0.0052,0.9987,-0.0500,-0.0763,0.0502,0.9958),
      ["RightLowerLeg"] = CFrame.new(0.0000,0.0000,0.0000,1.0000,-0.0000,0.0000,0.0000,0.9959,0.0903,-0.0000,-0.0903,0.9959),
      ["RightFoot"] = CFrame.new(0.0000,0.0000,0.0000,1.0000,-0.0090,-0.0026,0.0090,0.9997,-0.0233,0.0028,0.0233,0.9997),
    }},
    {Time = 5.067, Data = {
      ["HumanoidRootPart"] = CFrame.new(0.0000,0.0000,0.0000,1.0000,0.0000,0.0000,0.0000,1.0000,0.0000,0.0000,0.0000,1.0000),
      ["LowerTorso"] = CFrame.new(0.0045,-0.0040,0.0000,0.9961,-0.0879,0.0000,0.0879,0.9961,-0.0000,0.0000,0.0000,1.0000),
      ["UpperTorso"] = CFrame.new(0.0000,0.0000,0.0000,0.9946,0.1039,0.0001,-0.1036,0.9924,-0.0659,-0.0069,0.0655,0.9978),
      ["LeftUpperArm"] = CFrame.new(-0.0068,-0.0168,-0.1905,0.0354,-0.3470,-0.9372,0.0873,0.9353,-0.3430,0.9956,-0.0696,0.0634),
      ["LeftLowerArm"] = CFrame.new(-0.0092,-0.0032,-0.0038,0.8805,-0.4740,0.0000,0.3055,0.5674,-0.7647,0.3624,0.6733,0.6444),
      ["LeftHand"] = CFrame.new(0.0247,0.0428,0.0265,0.7579,-0.5274,-0.3839,0.6113,0.7797,0.1357,0.2277,-0.3376,0.9133),
      ["Head"] = CFrame.new(0.0000,0.0000,0.0000,0.9997,-0.0123,-0.0218,0.0167,0.9768,0.2134,0.0186,-0.2137,0.9767),
      ["RightUpperArm"] = CFrame.new(0.0000,0.0000,0.0000,0.9872,0.1596,0.0000,-0.1596,0.9872,-0.0000,-0.0000,0.0000,1.0000),
      ["RightLowerArm"] = CFrame.new(0.0000,0.0000,0.0000,1.0000,0.0000,0.0000,0.0000,1.0000,0.0000,0.0000,0.0000,1.0000),
      ["RightHand"] = CFrame.new(0.0000,0.0000,0.0000,0.9999,0.0128,0.0000,-0.0128,0.9999,-0.0000,-0.0000,0.0000,1.0000),
      ["LeftUpperLeg"] = CFrame.new(0.0003,0.0046,0.0003,0.9788,0.0958,-0.1810,-0.1125,0.9901,-0.0842,0.1711,0.1028,0.9799),
      ["LeftLowerLeg"] = CFrame.new(0.0000,0.0000,0.0000,1.0000,-0.0000,0.0000,0.0000,0.9973,0.0737,-0.0000,-0.0737,0.9973),
      ["LeftFoot"] = CFrame.new(0.0000,0.0000,0.0000,0.9997,0.0245,0.0019,-0.0245,0.9992,0.0305,-0.0012,-0.0305,0.9995),
      ["RightUpperLeg"] = CFrame.new(0.0002,-0.0165,-0.0005,0.9971,-0.0015,0.0764,0.0053,0.9987,-0.0500,-0.0763,0.0502,0.9958),
      ["RightLowerLeg"] = CFrame.new(0.0000,0.0000,0.0000,1.0000,-0.0000,0.0000,0.0000,0.9959,0.0903,-0.0000,-0.0903,0.9959),
      ["RightFoot"] = CFrame.new(0.0000,0.0000,0.0000,1.0000,-0.0090,-0.0026,0.0089,0.9997,-0.0234,0.0028,0.0233,0.9997),
    }},
    {Time = 5.100, Data = {
      ["HumanoidRootPart"] = CFrame.new(0.0000,0.0000,0.0000,1.0000,0.0000,0.0000,0.0000,1.0000,0.0000,0.0000,0.0000,1.0000),
      ["LowerTorso"] = CFrame.new(0.0045,-0.0039,0.0000,0.9962,-0.0876,0.0000,0.0876,0.9962,-0.0000,0.0000,0.0000,1.0000),
      ["UpperTorso"] = CFrame.new(0.0000,0.0000,0.0000,0.9946,0.1038,0.0001,-0.1035,0.9925,-0.0655,-0.0069,0.0652,0.9979),
      ["LeftUpperArm"] = CFrame.new(-0.0068,-0.0168,-0.1905,0.0354,-0.3470,-0.9372,0.0873,0.9353,-0.3430,0.9956,-0.0696,0.0634),
      ["LeftLowerArm"] = CFrame.new(-0.0092,-0.0032,-0.0038,0.8805,-0.4740,0.0000,0.3055,0.5674,-0.7647,0.3624,0.6733,0.6444),
      ["LeftHand"] = CFrame.new(0.0247,0.0428,0.0265,0.7579,-0.5274,-0.3839,0.6113,0.7797,0.1357,0.2277,-0.3376,0.9133),
      ["Head"] = CFrame.new(0.0000,0.0000,0.0000,0.9997,-0.0122,-0.0220,0.0167,0.9767,0.2140,0.0189,-0.2143,0.9766),
      ["RightUpperArm"] = CFrame.new(0.0000,0.0000,0.0000,0.9872,0.1596,0.0000,-0.1596,0.9872,-0.0000,-0.0000,0.0000,1.0000),
      ["RightLowerArm"] = CFrame.new(0.0000,0.0000,0.0000,1.0000,0.0000,0.0000,0.0000,1.0000,0.0000,0.0000,0.0000,1.0000),
      ["RightHand"] = CFrame.new(0.0000,0.0000,0.0000,0.9999,0.0128,0.0000,-0.0128,0.9999,-0.0000,-0.0000,0.0000,1.0000),
      ["LeftUpperLeg"] = CFrame.new(0.0003,0.0046,0.0003,0.9788,0.0956,-0.1810,-0.1123,0.9901,-0.0843,0.1712,0.1028,0.9799),
      ["LeftLowerLeg"] = CFrame.new(0.0000,0.0000,0.0000,1.0000,-0.0000,0.0000,0.0000,0.9973,0.0738,-0.0000,-0.0738,0.9973),
      ["LeftFoot"] = CFrame.new(0.0000,0.0000,0.0000,0.9997,0.0243,0.0019,-0.0244,0.9992,0.0304,-0.0012,-0.0305,0.9995),
      ["RightUpperLeg"] = CFrame.new(0.0002,-0.0165,-0.0005,0.9971,-0.0017,0.0764,0.0055,0.9987,-0.0500,-0.0763,0.0502,0.9958),
      ["RightLowerLeg"] = CFrame.new(0.0000,0.0000,0.0000,1.0000,-0.0000,0.0000,0.0000,0.9959,0.0903,-0.0000,-0.0903,0.9959),
      ["RightFoot"] = CFrame.new(0.0000,0.0000,0.0000,1.0000,-0.0089,-0.0026,0.0088,0.9997,-0.0234,0.0028,0.0234,0.9997),
    }},
    {Time = 5.133, Data = {
      ["HumanoidRootPart"] = CFrame.new(0.0000,0.0000,0.0000,1.0000,0.0000,0.0000,0.0000,1.0000,0.0000,0.0000,0.0000,1.0000),
      ["LowerTorso"] = CFrame.new(0.0045,-0.0039,0.0000,0.9962,-0.0873,0.0000,0.0873,0.9962,-0.0000,0.0000,0.0000,1.0000),
      ["UpperTorso"] = CFrame.new(0.0000,0.0000,0.0000,0.9946,0.1037,0.0001,-0.1034,0.9925,-0.0652,-0.0069,0.0649,0.9979),
      ["LeftUpperArm"] = CFrame.new(-0.0068,-0.0168,-0.1905,0.0354,-0.3470,-0.9372,0.0873,0.9353,-0.3430,0.9956,-0.0696,0.0634),
      ["LeftLowerArm"] = CFrame.new(-0.0092,-0.0032,-0.0038,0.8805,-0.4740,0.0000,0.3055,0.5674,-0.7647,0.3624,0.6733,0.6444),
      ["LeftHand"] = CFrame.new(0.0247,0.0428,0.0265,0.7579,-0.5274,-0.3839,0.6113,0.7797,0.1357,0.2277,-0.3376,0.9133),
      ["Head"] = CFrame.new(0.0000,0.0000,0.0000,0.9997,-0.0122,-0.0223,0.0167,0.9766,0.2146,0.0191,-0.2149,0.9765),
      ["RightUpperArm"] = CFrame.new(0.0000,0.0000,0.0000,0.9872,0.1596,0.0000,-0.1596,0.9872,-0.0000,-0.0000,0.0000,1.0000),
      ["RightLowerArm"] = CFrame.new(0.0000,0.0000,0.0000,1.0000,0.0000,0.0000,0.0000,1.0000,0.0000,0.0000,0.0000,1.0000),
      ["RightHand"] = CFrame.new(0.0000,0.0000,0.0000,0.9999,0.0128,0.0000,-0.0128,0.9999,-0.0000,-0.0000,0.0000,1.0000),
      ["LeftUpperLeg"] = CFrame.new(0.0003,0.0045,0.0003,0.9789,0.0953,-0.1810,-0.1120,0.9901,-0.0844,0.1712,0.1029,0.9799),
      ["LeftLowerLeg"] = CFrame.new(0.0000,0.0000,0.0000,1.0000,-0.0000,0.0000,0.0000,0.9973,0.0740,-0.0000,-0.0740,0.9973),
      ["LeftFoot"] = CFrame.new(0.0000,0.0000,0.0000,0.9997,0.0242,0.0019,-0.0242,0.9992,0.0304,-0.0012,-0.0305,0.9995),
      ["RightUpperLeg"] = CFrame.new(0.0002,-0.0165,-0.0005,0.9971,-0.0020,0.0764,0.0059,0.9987,-0.0500,-0.0762,0.0503,0.9958),
      ["RightLowerLeg"] = CFrame.new(0.0000,0.0000,0.0000,1.0000,-0.0000,0.0000,0.0000,0.9959,0.0903,-0.0000,-0.0903,0.9959),
      ["RightFoot"] = CFrame.new(0.0000,0.0000,0.0000,1.0000,-0.0087,-0.0026,0.0087,0.9997,-0.0235,0.0028,0.0235,0.9997),
    }},
    {Time = 5.167, Data = {
      ["HumanoidRootPart"] = CFrame.new(0.0000,0.0000,0.0000,1.0000,0.0000,0.0000,0.0000,1.0000,0.0000,0.0000,0.0000,1.0000),
      ["LowerTorso"] = CFrame.new(0.0045,-0.0039,0.0000,0.9962,-0.0868,0.0000,0.0868,0.9962,-0.0000,0.0000,0.0000,1.0000),
      ["UpperTorso"] = CFrame.new(0.0000,0.0000,0.0000,0.9946,0.1036,0.0002,-0.1033,0.9925,-0.0650,-0.0069,0.0646,0.9979),
      ["LeftUpperArm"] = CFrame.new(-0.0068,-0.0168,-0.1905,0.0354,-0.3470,-0.9372,0.0873,0.9353,-0.3430,0.9956,-0.0696,0.0634),
      ["LeftLowerArm"] = CFrame.new(-0.0092,-0.0032,-0.0038,0.8805,-0.4740,0.0000,0.3055,0.5674,-0.7647,0.3624,0.6733,0.6444),
      ["LeftHand"] = CFrame.new(0.0247,0.0428,0.0265,0.7579,-0.5274,-0.3839,0.6113,0.7797,0.1357,0.2277,-0.3376,0.9133),
      ["Head"] = CFrame.new(0.0000,0.0000,0.0000,0.9997,-0.0121,-0.0225,0.0167,0.9765,0.2150,0.0193,-0.2153,0.9764),
      ["RightUpperArm"] = CFrame.new(0.0000,0.0000,0.0000,0.9872,0.1596,0.0000,-0.1596,0.9872,-0.0000,-0.0000,0.0000,1.0000),
      ["RightLowerArm"] = CFrame.new(0.0000,0.0000,0.0000,1.0000,0.0000,0.0000,0.0000,1.0000,0.0000,0.0000,0.0000,1.0000),
      ["RightHand"] = CFrame.new(0.0000,0.0000,0.0000,0.9999,0.0127,0.0000,-0.0127,0.9999,-0.0000,-0.0000,0.0000,1.0000),
      ["LeftUpperLeg"] = CFrame.new(0.0003,0.0045,0.0003,0.9789,0.0950,-0.1810,-0.1117,0.9901,-0.0846,0.1712,0.1030,0.9798),
      ["LeftLowerLeg"] = CFrame.new(0.0000,0.0000,0.0000,1.0000,-0.0000,0.0000,0.0000,0.9972,0.0742,-0.0000,-0.0742,0.9972),
      ["LeftFoot"] = CFrame.new(0.0000,0.0000,0.0000,0.9997,0.0239,0.0019,-0.0240,0.9992,0.0304,-0.0012,-0.0305,0.9995),
      ["RightUpperLeg"] = CFrame.new(0.0002,-0.0164,-0.0005,0.9971,-0.0025,0.0764,0.0063,0.9987,-0.0499,-0.0762,0.0503,0.9958),
      ["RightLowerLeg"] = CFrame.new(0.0000,0.0000,0.0000,1.0000,-0.0000,0.0000,0.0000,0.9959,0.0903,-0.0000,-0.0903,0.9959),
      ["RightFoot"] = CFrame.new(0.0000,0.0000,0.0000,1.0000,-0.0085,-0.0026,0.0085,0.9997,-0.0236,0.0028,0.0236,0.9997),
    }},
    {Time = 5.200, Data = {
      ["HumanoidRootPart"] = CFrame.new(0.0000,0.0000,0.0000,1.0000,0.0000,0.0000,0.0000,1.0000,0.0000,0.0000,0.0000,1.0000),
      ["LowerTorso"] = CFrame.new(0.0045,-0.0039,0.0000,0.9963,-0.0863,0.0000,0.0863,0.9963,-0.0000,0.0000,0.0000,1.0000),
      ["UpperTorso"] = CFrame.new(0.0000,0.0000,0.0000,0.9946,0.1035,0.0002,-0.1033,0.9925,-0.0648,-0.0069,0.0644,0.9979),
      ["LeftUpperArm"] = CFrame.new(-0.0068,-0.0168,-0.1905,0.0354,-0.3470,-0.9372,0.0873,0.9353,-0.3430,0.9956,-0.0696,0.0634),
      ["LeftLowerArm"] = CFrame.new(-0.0092,-0.0032,-0.0038,0.8805,-0.4740,0.0000,0.3055,0.5674,-0.7647,0.3624,0.6733,0.6444),
      ["LeftHand"] = CFrame.new(0.0247,0.0428,0.0265,0.7579,-0.5274,-0.3839,0.6113,0.7797,0.1357,0.2277,-0.3376,0.9133),
      ["Head"] = CFrame.new(0.0000,0.0000,0.0000,0.9997,-0.0121,-0.0226,0.0167,0.9764,0.2154,0.0195,-0.2157,0.9763),
      ["RightUpperArm"] = CFrame.new(0.0000,0.0000,0.0000,0.9872,0.1596,0.0000,-0.1596,0.9872,-0.0000,-0.0000,0.0000,1.0000),
      ["RightLowerArm"] = CFrame.new(0.0000,0.0000,0.0000,1.0000,0.0000,0.0000,0.0000,1.0000,0.0000,0.0000,0.0000,1.0000),
      ["RightHand"] = CFrame.new(0.0000,0.0000,0.0000,0.9999,0.0126,0.0000,-0.0126,0.9999,-0.0000,-0.0000,0.0000,1.0000),
      ["LeftUpperLeg"] = CFrame.new(0.0003,0.0044,0.0003,0.9789,0.0945,-0.1810,-0.1113,0.9902,-0.0848,0.1712,0.1031,0.9798),
      ["LeftLowerLeg"] = CFrame.new(0.0000,0.0000,0.0000,1.0000,-0.0000,0.0000,0.0000,0.9972,0.0745,-0.0000,-0.0745,0.9972),
      ["LeftFoot"] = CFrame.new(0.0000,0.0000,0.0000,0.9997,0.0237,0.0019,-0.0237,0.9993,0.0304,-0.0012,-0.0304,0.9995),
      ["RightUpperLeg"] = CFrame.new(0.0002,-0.0163,-0.0005,0.9971,-0.0030,0.0764,0.0068,0.9987,-0.0499,-0.0762,0.0503,0.9958),
      ["RightLowerLeg"] = CFrame.new(0.0000,0.0000,0.0000,1.0000,-0.0000,0.0000,0.0000,0.9959,0.0903,-0.0000,-0.0903,0.9959),
      ["RightFoot"] = CFrame.new(0.0000,0.0000,0.0000,1.0000,-0.0083,-0.0026,0.0082,0.9997,-0.0238,0.0028,0.0238,0.9997),
    }},
    {Time = 5.233, Data = {
      ["HumanoidRootPart"] = CFrame.new(0.0000,0.0000,0.0000,1.0000,0.0000,0.0000,0.0000,1.0000,0.0000,0.0000,0.0000,1.0000),
      ["LowerTorso"] = CFrame.new(0.0044,-0.0039,0.0000,0.9963,-0.0857,0.0000,0.0857,0.9963,-0.0000,0.0000,0.0000,1.0000),
      ["UpperTorso"] = CFrame.new(0.0000,0.0000,0.0000,0.9946,0.1035,0.0002,-0.1032,0.9926,-0.0647,-0.0069,0.0643,0.9979),
      ["LeftUpperArm"] = CFrame.new(-0.0068,-0.0168,-0.1905,0.0354,-0.3470,-0.9372,0.0873,0.9353,-0.3430,0.9956,-0.0696,0.0634),
      ["LeftLowerArm"] = CFrame.new(-0.0092,-0.0032,-0.0038,0.8805,-0.4740,0.0000,0.3055,0.5674,-0.7647,0.3624,0.6733,0.6444),
      ["LeftHand"] = CFrame.new(0.0247,0.0428,0.0265,0.7579,-0.5274,-0.3839,0.6113,0.7797,0.1357,0.2277,-0.3376,0.9133),
      ["Head"] = CFrame.new(0.0000,0.0000,0.0000,0.9997,-0.0121,-0.0227,0.0167,0.9763,0.2156,0.0195,-0.2159,0.9762),
      ["RightUpperArm"] = CFrame.new(0.0000,0.0000,0.0000,0.9872,0.1596,0.0000,-0.1596,0.9872,-0.0000,-0.0000,0.0000,1.0000),
      ["RightLowerArm"] = CFrame.new(0.0000,0.0000,0.0000,1.0000,0.0000,0.0000,0.0000,1.0000,0.0000,0.0000,0.0000,1.0000),
      ["RightHand"] = CFrame.new(0.0000,0.0000,0.0000,0.9999,0.0126,0.0000,-0.0126,0.9999,-0.0000,-0.0000,0.0000,1.0000),
      ["LeftUpperLeg"] = CFrame.new(0.0003,0.0043,0.0003,0.9790,0.0940,-0.1810,-0.1108,0.9902,-0.0850,0.1713,0.1033,0.9798),
      ["LeftLowerLeg"] = CFrame.new(0.0000,0.0000,0.0000,1.0000,-0.0000,0.0000,0.0000,0.9972,0.0749,-0.0000,-0.0749,0.9972),
      ["LeftFoot"] = CFrame.new(0.0000,0.0000,0.0000,0.9997,0.0233,0.0019,-0.0234,0.9993,0.0303,-0.0012,-0.0304,0.9995),
      ["RightUpperLeg"] = CFrame.new(0.0002,-0.0162,-0.0005,0.9971,-0.0036,0.0764,0.0074,0.9987,-0.0498,-0.0762,0.0502,0.9958),
      ["RightLowerLeg"] = CFrame.new(0.0000,0.0000,0.0000,1.0000,-0.0000,0.0000,0.0000,0.9959,0.0903,-0.0000,-0.0903,0.9959),
      ["RightFoot"] = CFrame.new(0.0000,0.0000,0.0000,1.0000,-0.0080,-0.0026,0.0080,0.9997,-0.0240,0.0028,0.0240,0.9997),
    }},
    {Time = 5.267, Data = {
      ["HumanoidRootPart"] = CFrame.new(0.0000,0.0000,0.0000,1.0000,0.0000,0.0000,0.0000,1.0000,0.0000,0.0000,0.0000,1.0000),
      ["LowerTorso"] = CFrame.new(0.0044,-0.0038,0.0000,0.9964,-0.0849,0.0000,0.0849,0.9964,-0.0000,0.0000,0.0000,1.0000),
      ["UpperTorso"] = CFrame.new(0.0000,0.0000,0.0000,0.9946,0.1034,0.0002,-0.1032,0.9926,-0.0646,-0.0069,0.0642,0.9979),
      ["LeftUpperArm"] = CFrame.new(-0.0068,-0.0168,-0.1905,0.0354,-0.3470,-0.9372,0.0873,0.9353,-0.3430,0.9956,-0.0696,0.0634),
      ["LeftLowerArm"] = CFrame.new(-0.0092,-0.0032,-0.0038,0.8805,-0.4740,0.0000,0.3055,0.5674,-0.7647,0.3624,0.6733,0.6444),
      ["LeftHand"] = CFrame.new(0.0247,0.0428,0.0265,0.7579,-0.5274,-0.3839,0.6113,0.7797,0.1357,0.2277,-0.3376,0.9133),
      ["Head"] = CFrame.new(0.0000,0.0000,0.0000,0.9997,-0.0121,-0.0227,0.0167,0.9763,0.2156,0.0195,-0.2159,0.9762),
      ["RightUpperArm"] = CFrame.new(0.0000,0.0000,0.0000,0.9872,0.1596,0.0000,-0.1596,0.9872,-0.0000,-0.0000,0.0000,1.0000),
      ["RightLowerArm"] = CFrame.new(0.0000,0.0000,0.0000,1.0000,0.0000,0.0000,0.0000,1.0000,0.0000,0.0000,0.0000,1.0000),
      ["RightHand"] = CFrame.new(0.0000,0.0000,0.0000,0.9999,0.0125,0.0000,-0.0125,0.9999,-0.0000,-0.0000,0.0000,1.0000),
      ["LeftUpperLeg"] = CFrame.new(0.0003,0.0042,0.0003,0.9790,0.0934,-0.1810,-0.1102,0.9902,-0.0853,0.1713,0.1034,0.9798),
      ["LeftLowerLeg"] = CFrame.new(0.0000,0.0000,0.0000,1.0000,-0.0000,0.0000,0.0000,0.9972,0.0753,-0.0000,-0.0753,0.9972),
      ["LeftFoot"] = CFrame.new(0.0000,0.0000,0.0000,0.9997,0.0229,0.0019,-0.0230,0.9993,0.0303,-0.0012,-0.0303,0.9995),
      ["RightUpperLeg"] = CFrame.new(0.0002,-0.0160,-0.0005,0.9971,-0.0043,0.0764,0.0081,0.9987,-0.0497,-0.0761,0.0502,0.9958),
      ["RightLowerLeg"] = CFrame.new(0.0000,0.0000,0.0000,1.0000,-0.0000,0.0000,0.0000,0.9959,0.0903,-0.0000,-0.0903,0.9959),
      ["RightFoot"] = CFrame.new(0.0000,0.0000,0.0000,1.0000,-0.0077,-0.0026,0.0077,0.9997,-0.0242,0.0027,0.0242,0.9997),
    }},
    {Time = 5.300, Data = {
      ["HumanoidRootPart"] = CFrame.new(0.0000,0.0000,0.0000,1.0000,0.0000,0.0000,0.0000,1.0000,0.0000,0.0000,0.0000,1.0000),
      ["LowerTorso"] = CFrame.new(0.0043,-0.0038,0.0000,0.9965,-0.0841,0.0000,0.0841,0.9965,-0.0000,0.0000,0.0000,1.0000),
      ["UpperTorso"] = CFrame.new(0.0000,0.0000,0.0000,0.9946,0.1034,0.0002,-0.1032,0.9926,-0.0646,-0.0069,0.0643,0.9979),
      ["LeftUpperArm"] = CFrame.new(-0.0068,-0.0168,-0.1905,0.0354,-0.3470,-0.9372,0.0873,0.9353,-0.3430,0.9956,-0.0696,0.0634),
      ["LeftLowerArm"] = CFrame.new(-0.0092,-0.0032,-0.0038,0.8805,-0.4740,0.0000,0.3055,0.5674,-0.7647,0.3624,0.6733,0.6444),
      ["LeftHand"] = CFrame.new(0.0247,0.0428,0.0265,0.7579,-0.5274,-0.3839,0.6113,0.7797,0.1357,0.2277,-0.3376,0.9133),
      ["Head"] = CFrame.new(0.0000,0.0000,0.0000,0.9997,-0.0121,-0.0226,0.0167,0.9763,0.2156,0.0195,-0.2159,0.9762),
      ["RightUpperArm"] = CFrame.new(0.0000,0.0000,0.0000,0.9872,0.1596,0.0000,-0.1596,0.9872,-0.0000,-0.0000,0.0000,1.0000),
      ["RightLowerArm"] = CFrame.new(0.0000,0.0000,0.0000,1.0000,0.0000,0.0000,0.0000,1.0000,0.0000,0.0000,0.0000,1.0000),
      ["RightHand"] = CFrame.new(0.0000,0.0000,0.0000,0.9999,0.0124,0.0000,-0.0124,0.9999,-0.0000,-0.0000,0.0000,1.0000),
      ["LeftUpperLeg"] = CFrame.new(0.0002,0.0040,0.0003,0.9791,0.0927,-0.1810,-0.1096,0.9903,-0.0856,0.1714,0.1036,0.9797),
      ["LeftLowerLeg"] = CFrame.new(0.0000,0.0000,0.0000,1.0000,-0.0000,0.0000,0.0000,0.9971,0.0757,-0.0000,-0.0757,0.9971),
      ["LeftFoot"] = CFrame.new(0.0000,0.0000,0.0000,0.9997,0.0225,0.0019,-0.0226,0.9993,0.0302,-0.0012,-0.0302,0.9995),
      ["RightUpperLeg"] = CFrame.new(0.0002,-0.0159,-0.0005,0.9971,-0.0051,0.0765,0.0089,0.9987,-0.0496,-0.0761,0.0501,0.9958),
      ["RightLowerLeg"] = CFrame.new(0.0000,0.0000,0.0000,1.0000,-0.0000,0.0000,0.0000,0.9959,0.0903,-0.0000,-0.0903,0.9959),
      ["RightFoot"] = CFrame.new(0.0000,0.0000,0.0000,1.0000,-0.0074,-0.0025,0.0073,0.9997,-0.0244,0.0027,0.0244,0.9997),
    }},
    {Time = 5.333, Data = {
      ["HumanoidRootPart"] = CFrame.new(0.0000,0.0000,0.0000,1.0000,0.0000,0.0000,0.0000,1.0000,0.0000,0.0000,0.0000,1.0000),
      ["LowerTorso"] = CFrame.new(0.0043,-0.0038,0.0000,0.9965,-0.0832,0.0000,0.0832,0.9965,-0.0000,0.0000,0.0000,1.0000),
      ["UpperTorso"] = CFrame.new(0.0000,0.0000,0.0000,0.9946,0.1033,0.0002,-0.1031,0.9926,-0.0646,-0.0069,0.0643,0.9979),
      ["LeftUpperArm"] = CFrame.new(-0.0068,-0.0168,-0.1905,0.0354,-0.3470,-0.9372,0.0873,0.9353,-0.3430,0.9956,-0.0696,0.0634),
      ["LeftLowerArm"] = CFrame.new(-0.0092,-0.0032,-0.0038,0.8805,-0.4740,0.0000,0.3055,0.5674,-0.7647,0.3624,0.6733,0.6444),
      ["LeftHand"] = CFrame.new(0.0247,0.0428,0.0265,0.7579,-0.5274,-0.3839,0.6113,0.7797,0.1357,0.2277,-0.3376,0.9133),
      ["Head"] = CFrame.new(0.0000,0.0000,0.0000,0.9997,-0.0120,-0.0226,0.0166,0.9763,0.2156,0.0195,-0.2159,0.9762),
      ["RightUpperArm"] = CFrame.new(0.0000,0.0000,0.0000,0.9872,0.1596,0.0000,-0.1596,0.9872,-0.0000,-0.0000,0.0000,1.0000),
      ["RightLowerArm"] = CFrame.new(0.0000,0.0000,0.0000,1.0000,0.0000,0.0000,0.0000,1.0000,0.0000,0.0000,0.0000,1.0000),
      ["RightHand"] = CFrame.new(0.0000,0.0000,0.0000,0.9999,0.0122,0.0000,-0.0122,0.9999,-0.0000,-0.0000,0.0000,1.0000),
      ["LeftUpperLeg"] = CFrame.new(0.0002,0.0039,0.0003,0.9792,0.0920,-0.1811,-0.1089,0.9903,-0.0859,0.1714,0.1038,0.9797),
      ["LeftLowerLeg"] = CFrame.new(0.0000,0.0000,0.0000,1.0000,-0.0000,0.0000,0.0000,0.9971,0.0762,-0.0000,-0.0762,0.9971),
      ["LeftFoot"] = CFrame.new(0.0000,0.0000,0.0000,0.9998,0.0220,0.0019,-0.0221,0.9993,0.0301,-0.0012,-0.0301,0.9995),
      ["RightUpperLeg"] = CFrame.new(0.0002,-0.0157,-0.0005,0.9971,-0.0060,0.0765,0.0098,0.9987,-0.0495,-0.0761,0.0501,0.9958),
      ["RightLowerLeg"] = CFrame.new(0.0000,0.0000,0.0000,1.0000,-0.0000,0.0000,0.0000,0.9959,0.0903,-0.0000,-0.0903,0.9959),
      ["RightFoot"] = CFrame.new(0.0000,0.0000,0.0000,1.0000,-0.0070,-0.0025,0.0069,0.9997,-0.0247,0.0027,0.0247,0.9997),
    }},
    {Time = 5.367, Data = {
      ["HumanoidRootPart"] = CFrame.new(0.0000,0.0000,0.0000,1.0000,0.0000,0.0000,0.0000,1.0000,0.0000,0.0000,0.0000,1.0000),
      ["LowerTorso"] = CFrame.new(0.0042,-0.0037,0.0000,0.9966,-0.0821,0.0000,0.0821,0.9966,-0.0000,0.0000,0.0000,1.0000),
      ["UpperTorso"] = CFrame.new(0.0000,0.0000,0.0000,0.9947,0.1031,0.0002,-0.1029,0.9926,-0.0646,-0.0069,0.0643,0.9979),
      ["LeftUpperArm"] = CFrame.new(-0.0068,-0.0168,-0.1905,0.0354,-0.3470,-0.9372,0.0873,0.9353,-0.3430,0.9956,-0.0696,0.0634),
      ["LeftLowerArm"] = CFrame.new(-0.0092,-0.0032,-0.0038,0.8805,-0.4740,0.0000,0.3055,0.5674,-0.7647,0.3624,0.6733,0.6444),
      ["LeftHand"] = CFrame.new(0.0247,0.0428,0.0265,0.7579,-0.5274,-0.3839,0.6113,0.7797,0.1357,0.2277,-0.3376,0.9133),
      ["Head"] = CFrame.new(0.0000,0.0000,0.0000,0.9997,-0.0120,-0.0226,0.0166,0.9763,0.2156,0.0195,-0.2159,0.9762),
      ["RightUpperArm"] = CFrame.new(0.0000,0.0000,0.0000,0.9872,0.1596,0.0000,-0.1596,0.9872,-0.0000,-0.0000,0.0000,1.0000),
      ["RightLowerArm"] = CFrame.new(0.0000,0.0000,0.0000,1.0000,0.0000,0.0000,0.0000,1.0000,0.0000,0.0000,0.0000,1.0000),
      ["RightHand"] = CFrame.new(0.0000,0.0000,0.0000,0.9999,0.0121,0.0000,-0.0121,0.9999,-0.0000,-0.0000,0.0000,1.0000),
      ["LeftUpperLeg"] = CFrame.new(0.0002,0.0037,0.0003,0.9792,0.0911,-0.1811,-0.1081,0.9904,-0.0863,0.1715,0.1041,0.9797),
      ["LeftLowerLeg"] = CFrame.new(0.0000,0.0000,0.0000,1.0000,-0.0000,0.0000,0.0000,0.9970,0.0768,-0.0000,-0.0768,0.9970),
      ["LeftFoot"] = CFrame.new(0.0000,0.0000,0.0000,0.9998,0.0215,0.0019,-0.0215,0.9993,0.0300,-0.0012,-0.0300,0.9995),
      ["RightUpperLeg"] = CFrame.new(0.0002,-0.0155,-0.0005,0.9970,-0.0070,0.0765,0.0108,0.9987,-0.0494,-0.0760,0.0500,0.9958),
      ["RightLowerLeg"] = CFrame.new(0.0000,0.0000,0.0000,1.0000,-0.0000,0.0000,0.0000,0.9959,0.0903,-0.0000,-0.0903,0.9959),
      ["RightFoot"] = CFrame.new(0.0000,0.0000,0.0000,1.0000,-0.0065,-0.0025,0.0065,0.9997,-0.0250,0.0027,0.0250,0.9997),
    }},
    {Time = 5.400, Data = {
      ["HumanoidRootPart"] = CFrame.new(0.0000,0.0000,0.0000,1.0000,0.0000,0.0000,0.0000,1.0000,0.0000,0.0000,0.0000,1.0000),
      ["LowerTorso"] = CFrame.new(0.0042,-0.0037,0.0000,0.9967,-0.0810,0.0000,0.0810,0.9967,-0.0000,0.0000,0.0000,1.0000),
      ["UpperTorso"] = CFrame.new(0.0000,0.0000,0.0000,0.9947,0.1028,0.0002,-0.1026,0.9926,-0.0646,-0.0068,0.0643,0.9979),
      ["LeftUpperArm"] = CFrame.new(-0.0068,-0.0168,-0.1905,0.0354,-0.3470,-0.9372,0.0873,0.9353,-0.3430,0.9956,-0.0696,0.0634),
      ["LeftLowerArm"] = CFrame.new(-0.0092,-0.0032,-0.0038,0.8805,-0.4740,0.0000,0.3055,0.5674,-0.7647,0.3624,0.6733,0.6444),
      ["LeftHand"] = CFrame.new(0.0247,0.0428,0.0265,0.7579,-0.5274,-0.3839,0.6113,0.7797,0.1357,0.2277,-0.3376,0.9133),
      ["Head"] = CFrame.new(0.0000,0.0000,0.0000,0.9997,-0.0120,-0.0226,0.0165,0.9764,0.2154,0.0194,-0.2157,0.9763),
      ["RightUpperArm"] = CFrame.new(0.0000,0.0000,0.0000,0.9872,0.1596,0.0000,-0.1596,0.9872,-0.0000,-0.0000,0.0000,1.0000),
      ["RightLowerArm"] = CFrame.new(0.0000,0.0000,0.0000,1.0000,0.0000,0.0000,0.0000,1.0000,0.0000,0.0000,0.0000,1.0000),
      ["RightHand"] = CFrame.new(0.0000,0.0000,0.0000,0.9999,0.0119,0.0000,-0.0119,0.9999,-0.0000,-0.0000,0.0000,1.0000),
      ["LeftUpperLeg"] = CFrame.new(0.0002,0.0036,0.0003,0.9793,0.0902,-0.1812,-0.1073,0.9904,-0.0867,0.1716,0.1043,0.9796),
      ["LeftLowerLeg"] = CFrame.new(0.0000,0.0000,0.0000,1.0000,-0.0000,0.0000,0.0000,0.9970,0.0774,-0.0000,-0.0774,0.9970),
      ["LeftFoot"] = CFrame.new(0.0000,0.0000,0.0000,0.9998,0.0209,0.0018,-0.0209,0.9993,0.0299,-0.0012,-0.0299,0.9996),
      ["RightUpperLeg"] = CFrame.new(0.0002,-0.0153,-0.0005,0.9970,-0.0081,0.0765,0.0118,0.9987,-0.0492,-0.0760,0.0500,0.9959),
      ["RightLowerLeg"] = CFrame.new(0.0000,0.0000,0.0000,1.0000,-0.0000,0.0000,0.0000,0.9959,0.0903,-0.0000,-0.0903,0.9959),
      ["RightFoot"] = CFrame.new(0.0000,0.0000,0.0000,1.0000,-0.0061,-0.0025,0.0060,0.9997,-0.0253,0.0026,0.0253,0.9997),
    }},
    {Time = 5.433, Data = {
      ["HumanoidRootPart"] = CFrame.new(0.0000,0.0000,0.0000,1.0000,0.0000,0.0000,0.0000,1.0000,0.0000,0.0000,0.0000,1.0000),
      ["LowerTorso"] = CFrame.new(0.0041,-0.0036,0.0000,0.9968,-0.0798,0.0000,0.0798,0.9968,-0.0000,0.0000,0.0000,1.0000),
      ["UpperTorso"] = CFrame.new(0.0000,0.0000,0.0000,0.9947,0.1024,0.0002,-0.1022,0.9927,-0.0647,-0.0068,0.0643,0.9979),
      ["LeftUpperArm"] = CFrame.new(-0.0068,-0.0168,-0.1905,0.0354,-0.3470,-0.9372,0.0873,0.9353,-0.3430,0.9956,-0.0696,0.0634),
      ["LeftLowerArm"] = CFrame.new(-0.0092,-0.0032,-0.0038,0.8805,-0.4740,0.0000,0.3055,0.5674,-0.7647,0.3624,0.6733,0.6444),
      ["LeftHand"] = CFrame.new(0.0247,0.0428,0.0265,0.7579,-0.5274,-0.3839,0.6113,0.7797,0.1357,0.2277,-0.3376,0.9133),
      ["Head"] = CFrame.new(0.0000,0.0000,0.0000,0.9997,-0.0119,-0.0224,0.0164,0.9764,0.2152,0.0193,-0.2155,0.9763),
      ["RightUpperArm"] = CFrame.new(0.0000,0.0000,0.0000,0.9872,0.1596,0.0000,-0.1596,0.9872,-0.0000,-0.0000,0.0000,1.0000),
      ["RightLowerArm"] = CFrame.new(0.0000,0.0000,0.0000,1.0000,0.0000,0.0000,0.0000,1.0000,0.0000,0.0000,0.0000,1.0000),
      ["RightHand"] = CFrame.new(0.0000,0.0000,0.0000,0.9999,0.0118,0.0000,-0.0118,0.9999,-0.0000,-0.0000,0.0000,1.0000),
      ["LeftUpperLeg"] = CFrame.new(0.0002,0.0034,0.0003,0.9794,0.0892,-0.1812,-0.1063,0.9905,-0.0871,0.1717,0.1046,0.9796),
      ["LeftLowerLeg"] = CFrame.new(0.0000,0.0000,0.0000,1.0000,-0.0000,0.0000,0.0000,0.9969,0.0781,-0.0000,-0.0781,0.9969),
      ["LeftFoot"] = CFrame.new(0.0000,0.0000,0.0000,0.9998,0.0203,0.0018,-0.0203,0.9994,0.0298,-0.0012,-0.0298,0.9996),
      ["RightUpperLeg"] = CFrame.new(0.0002,-0.0150,-0.0005,0.9970,-0.0092,0.0765,0.0130,0.9987,-0.0491,-0.0759,0.0499,0.9959),
      ["RightLowerLeg"] = CFrame.new(0.0000,0.0000,0.0000,1.0000,-0.0000,0.0000,0.0000,0.9959,0.0903,-0.0000,-0.0903,0.9959),
      ["RightFoot"] = CFrame.new(0.0000,0.0000,0.0000,1.0000,-0.0055,-0.0025,0.0055,0.9997,-0.0257,0.0026,0.0257,0.9997),
    }},
    {Time = 5.467, Data = {
      ["HumanoidRootPart"] = CFrame.new(0.0000,0.0000,0.0000,1.0000,0.0000,0.0000,0.0000,1.0000,0.0000,0.0000,0.0000,1.0000),
      ["LowerTorso"] = CFrame.new(0.0041,-0.0035,0.0000,0.9969,-0.0785,0.0000,0.0785,0.9969,-0.0000,0.0000,0.0000,1.0000),
      ["UpperTorso"] = CFrame.new(0.0000,0.0000,0.0000,0.9948,0.1019,0.0002,-0.1017,0.9927,-0.0647,-0.0068,0.0643,0.9979),
      ["LeftUpperArm"] = CFrame.new(-0.0068,-0.0168,-0.1905,0.0354,-0.3470,-0.9372,0.0873,0.9353,-0.3430,0.9956,-0.0696,0.0634),
      ["LeftLowerArm"] = CFrame.new(-0.0092,-0.0032,-0.0038,0.8805,-0.4740,0.0000,0.3055,0.5674,-0.7647,0.3624,0.6733,0.6444),
      ["LeftHand"] = CFrame.new(0.0247,0.0428,0.0265,0.7579,-0.5274,-0.3839,0.6113,0.7797,0.1357,0.2277,-0.3376,0.9133),
      ["Head"] = CFrame.new(0.0000,0.0000,0.0000,0.9997,-0.0118,-0.0222,0.0163,0.9765,0.2150,0.0192,-0.2153,0.9764),
      ["RightUpperArm"] = CFrame.new(0.0000,0.0000,0.0000,0.9872,0.1596,0.0000,-0.1596,0.9872,-0.0000,-0.0000,0.0000,1.0000),
      ["RightLowerArm"] = CFrame.new(0.0000,0.0000,0.0000,1.0000,0.0000,0.0000,0.0000,1.0000,0.0000,0.0000,0.0000,1.0000),
      ["RightHand"] = CFrame.new(0.0000,0.0000,0.0000,0.9999,0.0116,0.0000,-0.0116,0.9999,-0.0000,-0.0000,0.0000,1.0000),
      ["LeftUpperLeg"] = CFrame.new(0.0002,0.0032,0.0003,0.9795,0.0881,-0.1813,-0.1053,0.9906,-0.0876,0.1719,0.1049,0.9795),
      ["LeftLowerLeg"] = CFrame.new(0.0000,0.0000,0.0000,1.0000,-0.0000,0.0000,0.0000,0.9969,0.0788,-0.0000,-0.0788,0.9969),
      ["LeftFoot"] = CFrame.new(0.0000,0.0000,0.0000,0.9998,0.0196,0.0018,-0.0196,0.9994,0.0297,-0.0012,-0.0297,0.9996),
      ["RightUpperLeg"] = CFrame.new(0.0002,-0.0148,-0.0005,0.9970,-0.0105,0.0765,0.0143,0.9987,-0.0489,-0.0759,0.0499,0.9959),
      ["RightLowerLeg"] = CFrame.new(0.0000,0.0000,0.0000,1.0000,-0.0000,0.0000,0.0000,0.9959,0.0903,-0.0000,-0.0903,0.9959),
      ["RightFoot"] = CFrame.new(0.0000,0.0000,0.0000,1.0000,-0.0050,-0.0024,0.0049,0.9996,-0.0261,0.0026,0.0261,0.9997),
    }},
    {Time = 5.500, Data = {
      ["HumanoidRootPart"] = CFrame.new(0.0000,0.0000,0.0000,1.0000,0.0000,0.0000,0.0000,1.0000,0.0000,0.0000,0.0000,1.0000),
      ["LowerTorso"] = CFrame.new(0.0040,-0.0035,0.0000,0.9970,-0.0771,0.0000,0.0771,0.9970,-0.0000,0.0000,0.0000,1.0000),
      ["UpperTorso"] = CFrame.new(0.0000,0.0000,0.0000,0.9949,0.1013,0.0002,-0.1011,0.9928,-0.0647,-0.0067,0.0643,0.9979),
      ["LeftUpperArm"] = CFrame.new(-0.0068,-0.0168,-0.1905,0.0354,-0.3470,-0.9372,0.0873,0.9353,-0.3430,0.9956,-0.0696,0.0634),
      ["LeftLowerArm"] = CFrame.new(-0.0092,-0.0032,-0.0038,0.8805,-0.4740,0.0000,0.3055,0.5674,-0.7647,0.3624,0.6733,0.6444),
      ["LeftHand"] = CFrame.new(0.0247,0.0428,0.0265,0.7579,-0.5274,-0.3839,0.6113,0.7797,0.1357,0.2277,-0.3376,0.9133),
      ["Head"] = CFrame.new(0.0000,0.0000,0.0000,0.9997,-0.0117,-0.0220,0.0162,0.9765,0.2147,0.0190,-0.2150,0.9764),
      ["RightUpperArm"] = CFrame.new(0.0000,0.0000,0.0000,0.9872,0.1596,0.0000,-0.1596,0.9872,-0.0000,-0.0000,0.0000,1.0000),
      ["RightLowerArm"] = CFrame.new(0.0000,0.0000,0.0000,1.0000,0.0000,0.0000,0.0000,1.0000,0.0000,0.0000,0.0000,1.0000),
      ["RightHand"] = CFrame.new(0.0000,0.0000,0.0000,0.9999,0.0114,0.0000,-0.0114,0.9999,-0.0000,-0.0000,0.0000,1.0000),
      ["LeftUpperLeg"] = CFrame.new(0.0002,0.0029,0.0003,0.9796,0.0870,-0.1814,-0.1043,0.9906,-0.0881,0.1720,0.1052,0.9795),
      ["LeftLowerLeg"] = CFrame.new(0.0000,0.0000,0.0000,1.0000,-0.0000,0.0000,0.0000,0.9968,0.0795,-0.0000,-0.0795,0.9968),
      ["LeftFoot"] = CFrame.new(0.0000,0.0000,0.0000,0.9998,0.0188,0.0017,-0.0189,0.9994,0.0295,-0.0012,-0.0296,0.9996),
      ["RightUpperLeg"] = CFrame.new(0.0002,-0.0145,-0.0005,0.9970,-0.0119,0.0765,0.0156,0.9987,-0.0487,-0.0758,0.0498,0.9959),
      ["RightLowerLeg"] = CFrame.new(0.0000,0.0000,0.0000,1.0000,-0.0000,0.0000,0.0000,0.9959,0.0903,-0.0000,-0.0903,0.9959),
      ["RightFoot"] = CFrame.new(0.0000,0.0000,0.0000,1.0000,-0.0044,-0.0024,0.0043,0.9996,-0.0265,0.0025,0.0265,0.9996),
    }},
    {Time = 5.533, Data = {
      ["HumanoidRootPart"] = CFrame.new(0.0000,0.0000,0.0000,1.0000,0.0000,0.0000,0.0000,1.0000,0.0000,0.0000,0.0000,1.0000),
      ["LowerTorso"] = CFrame.new(0.0039,-0.0034,0.0000,0.9971,-0.0756,0.0000,0.0756,0.9971,-0.0000,0.0000,0.0000,1.0000),
      ["UpperTorso"] = CFrame.new(0.0000,0.0000,0.0000,0.9949,0.1006,0.0002,-0.1004,0.9928,-0.0647,-0.0067,0.0643,0.9979),
      ["LeftUpperArm"] = CFrame.new(-0.0068,-0.0168,-0.1905,0.0354,-0.3470,-0.9372,0.0873,0.9353,-0.3430,0.9956,-0.0696,0.0634),
      ["LeftLowerArm"] = CFrame.new(-0.0092,-0.0032,-0.0038,0.8805,-0.4740,0.0000,0.3055,0.5674,-0.7647,0.3624,0.6733,0.6444),
      ["LeftHand"] = CFrame.new(0.0247,0.0428,0.0265,0.7579,-0.5274,-0.3839,0.6113,0.7797,0.1357,0.2277,-0.3376,0.9133),
      ["Head"] = CFrame.new(0.0000,0.0000,0.0000,0.9997,-0.0116,-0.0218,0.0160,0.9766,0.2144,0.0188,-0.2147,0.9765),
      ["RightUpperArm"] = CFrame.new(0.0000,0.0000,0.0000,0.9872,0.1596,0.0000,-0.1596,0.9872,-0.0000,-0.0000,0.0000,1.0000),
      ["RightLowerArm"] = CFrame.new(0.0000,0.0000,0.0000,1.0000,0.0000,0.0000,0.0000,1.0000,0.0000,0.0000,0.0000,1.0000),
      ["RightHand"] = CFrame.new(0.0000,0.0000,0.0000,0.9999,0.0112,0.0000,-0.0112,0.9999,-0.0000,-0.0000,0.0000,1.0000),
      ["LeftUpperLeg"] = CFrame.new(0.0002,0.0027,0.0003,0.9797,0.0857,-0.1814,-0.1031,0.9907,-0.0887,0.1721,0.1056,0.9794),
      ["LeftLowerLeg"] = CFrame.new(0.0000,0.0000,0.0000,1.0000,-0.0000,0.0000,0.0000,0.9968,0.0804,-0.0000,-0.0804,0.9968),
      ["LeftFoot"] = CFrame.new(0.0000,0.0000,0.0000,0.9998,0.0180,0.0017,-0.0181,0.9994,0.0294,-0.0011,-0.0294,0.9996),
      ["RightUpperLeg"] = CFrame.new(0.0002,-0.0142,-0.0005,0.9970,-0.0133,0.0765,0.0171,0.9987,-0.0486,-0.0757,0.0497,0.9959),
      ["RightLowerLeg"] = CFrame.new(0.0000,0.0000,0.0000,1.0000,-0.0000,0.0000,0.0000,0.9959,0.0903,-0.0000,-0.0903,0.9959),
      ["RightFoot"] = CFrame.new(0.0000,0.0000,0.0000,1.0000,-0.0037,-0.0024,0.0037,0.9996,-0.0269,0.0025,0.0269,0.9996),
    }},
    {Time = 5.567, Data = {
      ["HumanoidRootPart"] = CFrame.new(0.0000,0.0000,0.0000,1.0000,0.0000,0.0000,0.0000,1.0000,0.0000,0.0000,0.0000,1.0000),
      ["LowerTorso"] = CFrame.new(0.0038,-0.0033,0.0000,0.9973,-0.0739,0.0000,0.0739,0.9973,-0.0000,0.0000,0.0000,1.0000),
      ["UpperTorso"] = CFrame.new(0.0000,0.0000,0.0000,0.9950,0.0998,0.0002,-0.0996,0.9929,-0.0647,-0.0066,0.0643,0.9979),
      ["LeftUpperArm"] = CFrame.new(-0.0068,-0.0168,-0.1905,0.0354,-0.3470,-0.9372,0.0873,0.9353,-0.3430,0.9956,-0.0696,0.0634),
      ["LeftLowerArm"] = CFrame.new(-0.0092,-0.0032,-0.0038,0.8805,-0.4740,0.0000,0.3055,0.5674,-0.7647,0.3624,0.6733,0.6444),
      ["LeftHand"] = CFrame.new(0.0247,0.0428,0.0265,0.7579,-0.5274,-0.3839,0.6113,0.7797,0.1357,0.2277,-0.3376,0.9133),
      ["Head"] = CFrame.new(0.0000,0.0000,0.0000,0.9997,-0.0114,-0.0215,0.0158,0.9767,0.2141,0.0186,-0.2143,0.9766),
      ["RightUpperArm"] = CFrame.new(0.0000,0.0000,0.0000,0.9872,0.1596,0.0000,-0.1596,0.9872,-0.0000,-0.0000,0.0000,1.0000),
      ["RightLowerArm"] = CFrame.new(0.0000,0.0000,0.0000,1.0000,0.0000,0.0000,0.0000,1.0000,0.0000,0.0000,0.0000,1.0000),
      ["RightHand"] = CFrame.new(0.0000,0.0000,0.0000,0.9999,0.0109,0.0000,-0.0109,0.9999,-0.0000,-0.0000,0.0000,1.0000),
      ["LeftUpperLeg"] = CFrame.new(0.0002,0.0024,0.0002,0.9798,0.0844,-0.1815,-0.1019,0.9908,-0.0893,0.1723,0.1059,0.9793),
      ["LeftLowerLeg"] = CFrame.new(0.0000,0.0000,0.0000,1.0000,-0.0000,0.0000,0.0000,0.9967,0.0812,-0.0000,-0.0812,0.9967),
      ["LeftFoot"] = CFrame.new(0.0000,0.0000,0.0000,0.9999,0.0172,0.0016,-0.0172,0.9994,0.0292,-0.0011,-0.0293,0.9996),
      ["RightUpperLeg"] = CFrame.new(0.0002,-0.0139,-0.0005,0.9970,-0.0149,0.0765,0.0186,0.9987,-0.0484,-0.0756,0.0496,0.9959),
      ["RightLowerLeg"] = CFrame.new(0.0000,0.0000,0.0000,1.0000,-0.0000,0.0000,0.0000,0.9959,0.0903,-0.0000,-0.0903,0.9959),
      ["RightFoot"] = CFrame.new(0.0000,0.0000,0.0000,1.0000,-0.0031,-0.0024,0.0030,0.9996,-0.0274,0.0024,0.0274,0.9996),
    }},
    {Time = 5.600, Data = {
      ["HumanoidRootPart"] = CFrame.new(0.0000,0.0000,0.0000,1.0000,0.0000,0.0000,0.0000,1.0000,0.0000,0.0000,0.0000,1.0000),
      ["LowerTorso"] = CFrame.new(0.0037,-0.0033,0.0000,0.9974,-0.0722,0.0000,0.0722,0.9974,-0.0000,0.0000,0.0000,1.0000),
      ["UpperTorso"] = CFrame.new(0.0000,0.0000,0.0000,0.9951,0.0989,0.0002,-0.0987,0.9930,-0.0647,-0.0066,0.0643,0.9979),
      ["LeftUpperArm"] = CFrame.new(-0.0068,-0.0168,-0.1905,0.0354,-0.3470,-0.9372,0.0873,0.9353,-0.3430,0.9956,-0.0696,0.0634),
      ["LeftLowerArm"] = CFrame.new(-0.0092,-0.0032,-0.0038,0.8805,-0.4740,0.0000,0.3055,0.5674,-0.7647,0.3624,0.6733,0.6444),
      ["LeftHand"] = CFrame.new(0.0247,0.0428,0.0265,0.7579,-0.5274,-0.3839,0.6113,0.7797,0.1357,0.2277,-0.3376,0.9133),
      ["Head"] = CFrame.new(0.0000,0.0000,0.0000,0.9997,-0.0113,-0.0212,0.0156,0.9768,0.2136,0.0183,-0.2139,0.9767),
      ["RightUpperArm"] = CFrame.new(0.0000,0.0000,0.0000,0.9872,0.1596,0.0000,-0.1596,0.9872,-0.0000,-0.0000,0.0000,1.0000),
      ["RightLowerArm"] = CFrame.new(0.0000,0.0000,0.0000,1.0000,0.0000,0.0000,0.0000,1.0000,0.0000,0.0000,0.0000,1.0000),
      ["RightHand"] = CFrame.new(0.0000,0.0000,0.0000,0.9999,0.0107,0.0000,-0.0107,0.9999,-0.0000,-0.0000,0.0000,1.0000),
      ["LeftUpperLeg"] = CFrame.new(0.0002,0.0022,0.0002,0.9799,0.0830,-0.1816,-0.1006,0.9909,-0.0899,0.1724,0.1063,0.9793),
      ["LeftLowerLeg"] = CFrame.new(0.0000,0.0000,0.0000,1.0000,-0.0000,0.0000,0.0000,0.9966,0.0822,-0.0000,-0.0822,0.9966),
      ["LeftFoot"] = CFrame.new(0.0000,0.0000,0.0000,0.9999,0.0163,0.0016,-0.0163,0.9994,0.0291,-0.0011,-0.0291,0.9996),
      ["RightUpperLeg"] = CFrame.new(0.0002,-0.0136,-0.0005,0.9969,-0.0165,0.0765,0.0203,0.9986,-0.0482,-0.0756,0.0496,0.9959),
      ["RightLowerLeg"] = CFrame.new(0.0000,0.0000,0.0000,1.0000,-0.0000,0.0000,0.0000,0.9959,0.0903,-0.0000,-0.0903,0.9959),
      ["RightFoot"] = CFrame.new(0.0000,0.0000,0.0000,1.0000,-0.0023,-0.0023,0.0023,0.9996,-0.0279,0.0024,0.0279,0.9996),
    }},
    {Time = 5.633, Data = {
      ["HumanoidRootPart"] = CFrame.new(0.0000,0.0000,0.0000,1.0000,0.0000,0.0000,0.0000,1.0000,0.0000,0.0000,0.0000,1.0000),
      ["LowerTorso"] = CFrame.new(0.0036,-0.0032,0.0000,0.9975,-0.0704,0.0000,0.0704,0.9975,-0.0000,0.0000,0.0000,1.0000),
      ["UpperTorso"] = CFrame.new(0.0000,0.0000,0.0000,0.9952,0.0979,0.0002,-0.0977,0.9931,-0.0647,-0.0065,0.0644,0.9979),
      ["LeftUpperArm"] = CFrame.new(-0.0068,-0.0168,-0.1905,0.0354,-0.3470,-0.9372,0.0873,0.9353,-0.3430,0.9956,-0.0696,0.0634),
      ["LeftLowerArm"] = CFrame.new(-0.0092,-0.0032,-0.0038,0.8805,-0.4740,0.0000,0.3055,0.5674,-0.7647,0.3624,0.6733,0.6444),
      ["LeftHand"] = CFrame.new(0.0247,0.0428,0.0265,0.7579,-0.5274,-0.3839,0.6113,0.7797,0.1357,0.2277,-0.3376,0.9133),
      ["Head"] = CFrame.new(0.0000,0.0000,0.0000,0.9997,-0.0111,-0.0209,0.0153,0.9769,0.2132,0.0180,-0.2134,0.9768),
      ["RightUpperArm"] = CFrame.new(0.0000,0.0000,0.0000,0.9872,0.1596,0.0000,-0.1596,0.9872,-0.0000,-0.0000,0.0000,1.0000),
      ["RightLowerArm"] = CFrame.new(0.0000,0.0000,0.0000,1.0000,0.0000,0.0000,0.0000,1.0000,0.0000,0.0000,0.0000,1.0000),
      ["RightHand"] = CFrame.new(0.0000,0.0000,0.0000,0.9999,0.0104,0.0000,-0.0104,0.9999,-0.0000,-0.0000,0.0000,1.0000),
      ["LeftUpperLeg"] = CFrame.new(0.0002,0.0019,0.0002,0.9800,0.0815,-0.1816,-0.0992,0.9909,-0.0905,0.1726,0.1067,0.9792),
      ["LeftLowerLeg"] = CFrame.new(0.0000,0.0000,0.0000,1.0000,-0.0000,0.0000,0.0000,0.9965,0.0832,-0.0000,-0.0832,0.9965),
      ["LeftFoot"] = CFrame.new(0.0000,0.0000,0.0000,0.9999,0.0154,0.0015,-0.0154,0.9995,0.0289,-0.0011,-0.0289,0.9996),
      ["RightUpperLeg"] = CFrame.new(0.0002,-0.0133,-0.0004,0.9969,-0.0183,0.0765,0.0220,0.9986,-0.0479,-0.0755,0.0495,0.9959),
      ["RightLowerLeg"] = CFrame.new(0.0000,0.0000,0.0000,1.0000,-0.0000,0.0000,0.0000,0.9959,0.0903,-0.0000,-0.0903,0.9959),
      ["RightFoot"] = CFrame.new(0.0000,0.0000,0.0000,1.0000,-0.0016,-0.0023,0.0015,0.9996,-0.0284,0.0023,0.0284,0.9996),
    }},
    {Time = 5.667, Data = {
      ["HumanoidRootPart"] = CFrame.new(0.0000,0.0000,0.0000,1.0000,0.0000,0.0000,0.0000,1.0000,0.0000,0.0000,0.0000,1.0000),
      ["LowerTorso"] = CFrame.new(0.0035,-0.0031,0.0000,0.9976,-0.0685,0.0000,0.0685,0.9976,-0.0000,0.0000,0.0000,1.0000),
      ["UpperTorso"] = CFrame.new(0.0000,0.0000,0.0000,0.9953,0.0968,0.0002,-0.0966,0.9932,-0.0647,-0.0064,0.0644,0.9979),
      ["LeftUpperArm"] = CFrame.new(-0.0068,-0.0168,-0.1905,0.0354,-0.3470,-0.9372,0.0873,0.9353,-0.3430,0.9956,-0.0696,0.0634),
      ["LeftLowerArm"] = CFrame.new(-0.0092,-0.0032,-0.0038,0.8805,-0.4740,0.0000,0.3055,0.5674,-0.7647,0.3624,0.6733,0.6444),
      ["LeftHand"] = CFrame.new(0.0247,0.0428,0.0265,0.7579,-0.5274,-0.3839,0.6113,0.7797,0.1357,0.2277,-0.3376,0.9133),
      ["Head"] = CFrame.new(0.0000,0.0000,0.0000,0.9997,-0.0109,-0.0205,0.0150,0.9770,0.2127,0.0177,-0.2129,0.9769),
      ["RightUpperArm"] = CFrame.new(0.0000,0.0000,0.0000,0.9872,0.1596,0.0000,-0.1596,0.9872,-0.0000,-0.0000,0.0000,1.0000),
      ["RightLowerArm"] = CFrame.new(0.0000,0.0000,0.0000,1.0000,0.0000,0.0000,0.0000,1.0000,0.0000,0.0000,0.0000,1.0000),
      ["RightHand"] = CFrame.new(0.0000,0.0000,0.0000,0.9999,0.0102,0.0000,-0.0102,0.9999,-0.0000,-0.0000,0.0000,1.0000),
      ["LeftUpperLeg"] = CFrame.new(0.0002,0.0016,0.0001,0.9801,0.0800,-0.1817,-0.0978,0.9910,-0.0912,0.1728,0.1072,0.9791),
      ["LeftLowerLeg"] = CFrame.new(0.0000,0.0000,0.0000,1.0000,-0.0000,0.0000,0.0000,0.9964,0.0842,-0.0000,-0.0842,0.9964),
      ["LeftFoot"] = CFrame.new(0.0000,0.0000,0.0000,0.9999,0.0144,0.0015,-0.0144,0.9995,0.0287,-0.0010,-0.0287,0.9996),
      ["RightUpperLeg"] = CFrame.new(0.0002,-0.0129,-0.0004,0.9969,-0.0201,0.0765,0.0238,0.9986,-0.0477,-0.0754,0.0494,0.9959),
      ["RightLowerLeg"] = CFrame.new(0.0000,0.0000,0.0000,1.0000,-0.0000,0.0000,0.0000,0.9959,0.0903,-0.0000,-0.0903,0.9959),
      ["RightFoot"] = CFrame.new(0.0000,0.0000,0.0000,1.0000,-0.0008,-0.0023,0.0007,0.9996,-0.0290,0.0023,0.0290,0.9996),
    }},
    {Time = 5.700, Data = {
      ["HumanoidRootPart"] = CFrame.new(0.0000,0.0000,0.0000,1.0000,0.0000,0.0000,0.0000,1.0000,0.0000,0.0000,0.0000,1.0000),
      ["LowerTorso"] = CFrame.new(0.0034,-0.0030,0.0000,0.9978,-0.0665,0.0000,0.0665,0.9978,-0.0000,0.0000,0.0000,1.0000),
      ["UpperTorso"] = CFrame.new(0.0000,0.0000,0.0000,0.9954,0.0956,0.0002,-0.0954,0.9933,-0.0647,-0.0063,0.0644,0.9979),
      ["LeftUpperArm"] = CFrame.new(-0.0068,-0.0168,-0.1905,0.0354,-0.3470,-0.9372,0.0873,0.9353,-0.3430,0.9956,-0.0696,0.0634),
      ["LeftLowerArm"] = CFrame.new(-0.0092,-0.0032,-0.0038,0.8805,-0.4740,0.0000,0.3055,0.5674,-0.7647,0.3624,0.6733,0.6444),
      ["LeftHand"] = CFrame.new(0.0247,0.0428,0.0265,0.7579,-0.5274,-0.3839,0.6113,0.7797,0.1357,0.2277,-0.3376,0.9133),
      ["Head"] = CFrame.new(0.0000,0.0000,0.0000,0.9997,-0.0107,-0.0201,0.0147,0.9771,0.2121,0.0173,-0.2124,0.9770),
      ["RightUpperArm"] = CFrame.new(0.0000,0.0000,0.0000,0.9872,0.1596,0.0000,-0.1596,0.9872,-0.0000,-0.0000,0.0000,1.0000),
      ["RightLowerArm"] = CFrame.new(0.0000,0.0000,0.0000,1.0000,0.0000,0.0000,0.0000,1.0000,0.0000,0.0000,0.0000,1.0000),
      ["RightHand"] = CFrame.new(0.0000,0.0000,0.0000,1.0000,0.0099,0.0000,-0.0099,1.0000,-0.0000,-0.0000,0.0000,1.0000),
      ["LeftUpperLeg"] = CFrame.new(0.0002,0.0013,0.0001,0.9802,0.0783,-0.1818,-0.0963,0.9911,-0.0920,0.1730,0.1076,0.9790),
      ["LeftLowerLeg"] = CFrame.new(0.0000,0.0000,0.0000,1.0000,-0.0000,0.0000,0.0000,0.9964,0.0853,-0.0000,-0.0853,0.9964),
      ["LeftFoot"] = CFrame.new(0.0000,0.0000,0.0000,0.9999,0.0133,0.0014,-0.0133,0.9995,0.0285,-0.0010,-0.0286,0.9996),
      ["RightUpperLeg"] = CFrame.new(0.0002,-0.0125,-0.0004,0.9968,-0.0220,0.0765,0.0257,0.9985,-0.0475,-0.0753,0.0493,0.9959),
      ["RightLowerLeg"] = CFrame.new(0.0000,0.0000,0.0000,1.0000,-0.0000,0.0000,0.0000,0.9959,0.0903,-0.0000,-0.0903,0.9959),
      ["RightFoot"] = CFrame.new(0.0000,0.0000,0.0000,1.0000,0.0001,-0.0022,-0.0002,0.9996,-0.0296,0.0022,0.0296,0.9996),
    }},
    {Time = 5.733, Data = {
      ["HumanoidRootPart"] = CFrame.new(0.0000,0.0000,0.0000,1.0000,0.0000,0.0000,0.0000,1.0000,0.0000,0.0000,0.0000,1.0000),
      ["LowerTorso"] = CFrame.new(0.0033,-0.0029,0.0000,0.9979,-0.0644,0.0000,0.0644,0.9979,-0.0000,0.0000,0.0000,1.0000),
      ["UpperTorso"] = CFrame.new(0.0000,0.0000,0.0000,0.9955,0.0943,0.0002,-0.0940,0.9935,-0.0647,-0.0063,0.0644,0.9979),
      ["LeftUpperArm"] = CFrame.new(-0.0068,-0.0168,-0.1905,0.0354,-0.3470,-0.9372,0.0873,0.9353,-0.3430,0.9956,-0.0696,0.0634),
      ["LeftLowerArm"] = CFrame.new(-0.0092,-0.0032,-0.0038,0.8805,-0.4740,0.0000,0.3055,0.5674,-0.7647,0.3624,0.6733,0.6444),
      ["LeftHand"] = CFrame.new(0.0247,0.0428,0.0265,0.7579,-0.5274,-0.3839,0.6113,0.7797,0.1357,0.2277,-0.3376,0.9133),
      ["Head"] = CFrame.new(0.0000,0.0000,0.0000,0.9998,-0.0105,-0.0196,0.0144,0.9773,0.2115,0.0170,-0.2118,0.9772),
      ["RightUpperArm"] = CFrame.new(0.0000,0.0000,0.0000,0.9872,0.1596,0.0000,-0.1596,0.9872,-0.0000,-0.0000,0.0000,1.0000),
      ["RightLowerArm"] = CFrame.new(0.0000,0.0000,0.0000,1.0000,0.0000,0.0000,0.0000,1.0000,0.0000,0.0000,0.0000,1.0000),
      ["RightHand"] = CFrame.new(0.0000,0.0000,0.0000,1.0000,0.0096,0.0000,-0.0096,1.0000,-0.0000,-0.0000,0.0000,1.0000),
      ["LeftUpperLeg"] = CFrame.new(0.0002,0.0009,0.0001,0.9803,0.0766,-0.1819,-0.0947,0.9912,-0.0927,0.1732,0.1081,0.9789),
      ["LeftLowerLeg"] = CFrame.new(0.0000,0.0000,0.0000,1.0000,-0.0000,0.0000,0.0000,0.9963,0.0864,-0.0000,-0.0864,0.9963),
      ["LeftFoot"] = CFrame.new(0.0000,0.0000,0.0000,0.9999,0.0122,0.0013,-0.0122,0.9995,0.0283,-0.0010,-0.0284,0.9996),
      ["RightUpperLeg"] = CFrame.new(0.0002,-0.0121,-0.0004,0.9968,-0.0241,0.0765,0.0277,0.9985,-0.0472,-0.0752,0.0492,0.9960),
      ["RightLowerLeg"] = CFrame.new(0.0000,0.0000,0.0000,1.0000,-0.0000,0.0000,0.0000,0.9959,0.0903,-0.0000,-0.0903,0.9959),
      ["RightFoot"] = CFrame.new(0.0000,0.0000,0.0000,1.0000,0.0010,-0.0022,-0.0011,0.9995,-0.0302,0.0022,0.0302,0.9995),
    }},
    {Time = 5.767, Data = {
      ["HumanoidRootPart"] = CFrame.new(0.0000,0.0000,0.0000,1.0000,0.0000,0.0000,0.0000,1.0000,0.0000,0.0000,0.0000,1.0000),
      ["LowerTorso"] = CFrame.new(0.0032,-0.0028,0.0000,0.9981,-0.0622,0.0000,0.0622,0.9981,-0.0000,0.0000,0.0000,1.0000),
      ["UpperTorso"] = CFrame.new(0.0000,0.0000,0.0000,0.9957,0.0928,0.0002,-0.0926,0.9936,-0.0647,-0.0062,0.0644,0.9979),
      ["LeftUpperArm"] = CFrame.new(-0.0068,-0.0168,-0.1905,0.0354,-0.3470,-0.9372,0.0873,0.9353,-0.3430,0.9956,-0.0696,0.0634),
      ["LeftLowerArm"] = CFrame.new(-0.0092,-0.0032,-0.0038,0.8805,-0.4740,0.0000,0.3055,0.5674,-0.7647,0.3624,0.6733,0.6444),
      ["LeftHand"] = CFrame.new(0.0247,0.0428,0.0265,0.7579,-0.5274,-0.3839,0.6113,0.7797,0.1357,0.2277,-0.3376,0.9133),
      ["Head"] = CFrame.new(0.0000,0.0000,0.0000,0.9998,-0.0102,-0.0191,0.0140,0.9774,0.2109,0.0165,-0.2111,0.9773),
      ["RightUpperArm"] = CFrame.new(0.0000,0.0000,0.0000,0.9872,0.1596,0.0000,-0.1596,0.9872,-0.0000,-0.0000,0.0000,1.0000),
      ["RightLowerArm"] = CFrame.new(0.0000,0.0000,0.0000,1.0000,0.0000,0.0000,0.0000,1.0000,0.0000,0.0000,0.0000,1.0000),
      ["RightHand"] = CFrame.new(0.0000,0.0000,0.0000,1.0000,0.0093,0.0000,-0.0093,1.0000,-0.0000,-0.0000,0.0000,1.0000),
      ["LeftUpperLeg"] = CFrame.new(0.0002,0.0006,0.0000,0.9805,0.0748,-0.1820,-0.0930,0.9913,-0.0935,0.1734,0.1086,0.9788),
      ["LeftLowerLeg"] = CFrame.new(0.0000,0.0000,0.0000,1.0000,-0.0000,0.0000,0.0000,0.9962,0.0876,-0.0000,-0.0876,0.9962),
      ["LeftFoot"] = CFrame.new(0.0000,0.0000,0.0000,0.9999,0.0111,0.0013,-0.0111,0.9995,0.0281,-0.0010,-0.0282,0.9996),
      ["RightUpperLeg"] = CFrame.new(0.0002,-0.0117,-0.0004,0.9967,-0.0262,0.0765,0.0298,0.9985,-0.0469,-0.0751,0.0491,0.9960),
      ["RightLowerLeg"] = CFrame.new(0.0000,0.0000,0.0000,1.0000,-0.0000,0.0000,0.0000,0.9959,0.0903,-0.0000,-0.0903,0.9959),
      ["RightFoot"] = CFrame.new(0.0000,0.0000,0.0000,1.0000,0.0019,-0.0021,-0.0020,0.9995,-0.0308,0.0021,0.0308,0.9995),
    }},
    {Time = 5.800, Data = {
      ["HumanoidRootPart"] = CFrame.new(0.0000,0.0000,0.0000,1.0000,0.0000,0.0000,0.0000,1.0000,0.0000,0.0000,0.0000,1.0000),
      ["LowerTorso"] = CFrame.new(0.0031,-0.0027,0.0000,0.9982,-0.0599,0.0000,0.0599,0.9982,-0.0000,0.0000,0.0000,1.0000),
      ["UpperTorso"] = CFrame.new(0.0000,0.0000,0.0000,0.9958,0.0913,0.0002,-0.0911,0.9937,-0.0647,-0.0061,0.0645,0.9979),
      ["LeftUpperArm"] = CFrame.new(-0.0068,-0.0168,-0.1905,0.0354,-0.3470,-0.9372,0.0873,0.9353,-0.3430,0.9956,-0.0696,0.0634),
      ["LeftLowerArm"] = CFrame.new(-0.0092,-0.0032,-0.0038,0.8805,-0.4740,0.0000,0.3055,0.5674,-0.7647,0.3624,0.6733,0.6444),
      ["LeftHand"] = CFrame.new(0.0247,0.0428,0.0265,0.7579,-0.5274,-0.3839,0.6113,0.7797,0.1357,0.2277,-0.3376,0.9133),
      ["Head"] = CFrame.new(0.0000,0.0000,0.0000,0.9998,-0.0099,-0.0186,0.0136,0.9776,0.2102,0.0161,-0.2104,0.9775),
      ["RightUpperArm"] = CFrame.new(0.0000,0.0000,0.0000,0.9872,0.1596,0.0000,-0.1596,0.9872,-0.0000,-0.0000,0.0000,1.0000),
      ["RightLowerArm"] = CFrame.new(0.0000,0.0000,0.0000,1.0000,0.0000,0.0000,0.0000,1.0000,0.0000,0.0000,0.0000,1.0000),
      ["RightHand"] = CFrame.new(0.0000,0.0000,0.0000,1.0000,0.0089,0.0000,-0.0089,1.0000,-0.0000,-0.0000,0.0000,1.0000),
      ["LeftUpperLeg"] = CFrame.new(0.0002,0.0002,-0.0000,0.9806,0.0729,-0.1820,-0.0913,0.9913,-0.0944,0.1736,0.1091,0.9788),
      ["LeftLowerLeg"] = CFrame.new(0.0000,0.0000,0.0000,1.0000,-0.0000,0.0000,0.0000,0.9960,0.0889,-0.0000,-0.0889,0.9960),
      ["LeftFoot"] = CFrame.new(0.0000,0.0000,0.0000,1.0000,0.0099,0.0012,-0.0099,0.9996,0.0279,-0.0009,-0.0279,0.9996),
      ["RightUpperLeg"] = CFrame.new(0.0002,-0.0113,-0.0004,0.9967,-0.0284,0.0765,0.0320,0.9984,-0.0466,-0.0750,0.0489,0.9960),
      ["RightLowerLeg"] = CFrame.new(0.0000,0.0000,0.0000,1.0000,-0.0000,0.0000,0.0000,0.9959,0.0903,-0.0000,-0.0903,0.9959),
      ["RightFoot"] = CFrame.new(0.0000,0.0000,0.0000,1.0000,0.0029,-0.0021,-0.0030,0.9995,-0.0315,0.0020,0.0315,0.9995),
    }},
    {Time = 5.833, Data = {
      ["HumanoidRootPart"] = CFrame.new(0.0000,0.0000,0.0000,1.0000,0.0000,0.0000,0.0000,1.0000,0.0000,0.0000,0.0000,1.0000),
      ["LowerTorso"] = CFrame.new(0.0030,-0.0026,0.0000,0.9983,-0.0575,0.0000,0.0575,0.9983,-0.0000,0.0000,0.0000,1.0000),
      ["UpperTorso"] = CFrame.new(0.0000,0.0000,0.0000,0.9960,0.0897,0.0001,-0.0895,0.9939,-0.0648,-0.0060,0.0645,0.9979),
      ["LeftUpperArm"] = CFrame.new(-0.0068,-0.0168,-0.1905,0.0354,-0.3470,-0.9372,0.0873,0.9353,-0.3430,0.9956,-0.0696,0.0634),
      ["LeftLowerArm"] = CFrame.new(-0.0092,-0.0032,-0.0038,0.8805,-0.4740,0.0000,0.3055,0.5674,-0.7647,0.3624,0.6733,0.6444),
      ["LeftHand"] = CFrame.new(0.0247,0.0428,0.0265,0.7579,-0.5274,-0.3839,0.6113,0.7797,0.1357,0.2277,-0.3376,0.9133),
      ["Head"] = CFrame.new(0.0000,0.0000,0.0000,0.9998,-0.0097,-0.0181,0.0132,0.9777,0.2095,0.0156,-0.2097,0.9776),
      ["RightUpperArm"] = CFrame.new(0.0000,0.0000,0.0000,0.9872,0.1596,0.0000,-0.1596,0.9872,-0.0000,-0.0000,0.0000,1.0000),
      ["RightLowerArm"] = CFrame.new(0.0000,0.0000,0.0000,1.0000,0.0000,0.0000,0.0000,1.0000,0.0000,0.0000,0.0000,1.0000),
      ["RightHand"] = CFrame.new(0.0000,0.0000,0.0000,1.0000,0.0086,0.0000,-0.0086,1.0000,-0.0000,-0.0000,0.0000,1.0000),
      ["LeftUpperLeg"] = CFrame.new(0.0002,-0.0001,-0.0001,0.9807,0.0710,-0.1821,-0.0894,0.9914,-0.0952,0.1738,0.1097,0.9787),
      ["LeftLowerLeg"] = CFrame.new(0.0000,0.0000,0.0000,1.0000,-0.0000,0.0000,0.0000,0.9959,0.0902,-0.0000,-0.0902,0.9959),
      ["LeftFoot"] = CFrame.new(0.0000,0.0000,0.0000,1.0000,0.0086,0.0011,-0.0086,0.9996,0.0277,-0.0009,-0.0277,0.9996),
      ["RightUpperLeg"] = CFrame.new(0.0002,-0.0108,-0.0004,0.9966,-0.0307,0.0765,0.0343,0.9983,-0.0464,-0.0749,0.0488,0.9960),
      ["RightLowerLeg"] = CFrame.new(0.0000,0.0000,0.0000,1.0000,-0.0000,0.0000,0.0000,0.9959,0.0903,-0.0000,-0.0903,0.9959),
      ["RightFoot"] = CFrame.new(0.0000,0.0000,0.0000,1.0000,0.0039,-0.0021,-0.0040,0.9995,-0.0322,0.0019,0.0322,0.9995),
    }},
    {Time = 5.867, Data = {
      ["HumanoidRootPart"] = CFrame.new(0.0000,0.0000,0.0000,1.0000,0.0000,0.0000,0.0000,1.0000,0.0000,0.0000,0.0000,1.0000),
      ["LowerTorso"] = CFrame.new(0.0028,-0.0025,0.0000,0.9985,-0.0550,0.0000,0.0550,0.9985,-0.0000,0.0000,0.0000,1.0000),
      ["UpperTorso"] = CFrame.new(0.0000,0.0000,0.0000,0.9961,0.0880,0.0001,-0.0878,0.9940,-0.0648,-0.0058,0.0645,0.9979),
      ["LeftUpperArm"] = CFrame.new(-0.0068,-0.0168,-0.1905,0.0354,-0.3470,-0.9372,0.0873,0.9353,-0.3430,0.9956,-0.0696,0.0634),
      ["LeftLowerArm"] = CFrame.new(-0.0092,-0.0032,-0.0038,0.8805,-0.4740,0.0000,0.3055,0.5674,-0.7647,0.3624,0.6733,0.6444),
      ["LeftHand"] = CFrame.new(0.0247,0.0428,0.0265,0.7579,-0.5274,-0.3839,0.6113,0.7797,0.1357,0.2277,-0.3376,0.9133),
      ["Head"] = CFrame.new(0.0000,0.0000,0.0000,0.9998,-0.0094,-0.0175,0.0128,0.9779,0.2087,0.0151,-0.2089,0.9778),
      ["RightUpperArm"] = CFrame.new(0.0000,0.0000,0.0000,0.9872,0.1596,0.0000,-0.1596,0.9872,-0.0000,-0.0000,0.0000,1.0000),
      ["RightLowerArm"] = CFrame.new(0.0000,0.0000,0.0000,1.0000,0.0000,0.0000,0.0000,1.0000,0.0000,0.0000,0.0000,1.0000),
      ["RightHand"] = CFrame.new(0.0000,0.0000,0.0000,1.0000,0.0082,0.0000,-0.0082,1.0000,-0.0000,-0.0000,0.0000,1.0000),
      ["LeftUpperLeg"] = CFrame.new(0.0001,-0.0005,-0.0001,0.9808,0.0689,-0.1822,-0.0876,0.9915,-0.0961,0.1741,0.1102,0.9785),
      ["LeftLowerLeg"] = CFrame.new(0.0000,0.0000,0.0000,1.0000,-0.0000,0.0000,0.0000,0.9958,0.0915,-0.0000,-0.0915,0.9958),
      ["LeftFoot"] = CFrame.new(0.0000,0.0000,0.0000,1.0000,0.0073,0.0011,-0.0073,0.9996,0.0275,-0.0009,-0.0275,0.9996),
      ["RightUpperLeg"] = CFrame.new(0.0002,-0.0104,-0.0003,0.9965,-0.0331,0.0765,0.0367,0.9983,-0.0461,-0.0748,0.0487,0.9960),
      ["RightLowerLeg"] = CFrame.new(0.0000,0.0000,0.0000,1.0000,-0.0000,0.0000,0.0000,0.9959,0.0903,-0.0000,-0.0903,0.9959),
      ["RightFoot"] = CFrame.new(0.0000,0.0000,0.0000,1.0000,0.0050,-0.0020,-0.0050,0.9994,-0.0329,0.0019,0.0329,0.9995),
    }},
    {Time = 5.900, Data = {
      ["HumanoidRootPart"] = CFrame.new(0.0000,0.0000,0.0000,1.0000,0.0000,0.0000,0.0000,1.0000,0.0000,0.0000,0.0000,1.0000),
      ["LowerTorso"] = CFrame.new(0.0027,-0.0024,0.0000,0.9986,-0.0524,0.0000,0.0524,0.9986,-0.0000,0.0000,0.0000,1.0000),
      ["UpperTorso"] = CFrame.new(0.0000,0.0000,0.0000,0.9963,0.0862,0.0001,-0.0860,0.9942,-0.0648,-0.0057,0.0645,0.9979),
      ["LeftUpperArm"] = CFrame.new(-0.0068,-0.0168,-0.1905,0.0354,-0.3470,-0.9372,0.0873,0.9353,-0.3430,0.9956,-0.0696,0.0634),
      ["LeftLowerArm"] = CFrame.new(-0.0092,-0.0032,-0.0038,0.8805,-0.4740,0.0000,0.3055,0.5674,-0.7647,0.3624,0.6733,0.6444),
      ["LeftHand"] = CFrame.new(0.0247,0.0428,0.0265,0.7579,-0.5274,-0.3839,0.6113,0.7797,0.1357,0.2277,-0.3376,0.9133),
      ["Head"] = CFrame.new(0.0000,0.0000,0.0000,0.9998,-0.0090,-0.0169,0.0123,0.9781,0.2079,0.0146,-0.2081,0.9780),
      ["RightUpperArm"] = CFrame.new(0.0000,0.0000,0.0000,0.9872,0.1596,0.0000,-0.1596,0.9872,-0.0000,-0.0000,0.0000,1.0000),
      ["RightLowerArm"] = CFrame.new(0.0000,0.0000,0.0000,1.0000,0.0000,0.0000,0.0000,1.0000,0.0000,0.0000,0.0000,1.0000),
      ["RightHand"] = CFrame.new(0.0000,0.0000,0.0000,1.0000,0.0078,0.0000,-0.0078,1.0000,-0.0000,-0.0000,0.0000,1.0000),
      ["LeftUpperLeg"] = CFrame.new(0.0001,-0.0009,-0.0002,0.9810,0.0668,-0.1823,-0.0856,0.9916,-0.0971,0.1743,0.1108,0.9784),
      ["LeftLowerLeg"] = CFrame.new(0.0000,0.0000,0.0000,1.0000,-0.0000,0.0000,0.0000,0.9957,0.0929,-0.0000,-0.0929,0.9957),
      ["LeftFoot"] = CFrame.new(0.0000,0.0000,0.0000,1.0000,0.0059,0.0010,-0.0060,0.9996,0.0272,-0.0008,-0.0272,0.9996),
      ["RightUpperLeg"] = CFrame.new(0.0002,-0.0099,-0.0003,0.9964,-0.0356,0.0765,0.0392,0.9982,-0.0457,-0.0747,0.0486,0.9960),
      ["RightLowerLeg"] = CFrame.new(0.0000,0.0000,0.0000,1.0000,-0.0000,0.0000,0.0000,0.9959,0.0903,-0.0000,-0.0903,0.9959),
      ["RightFoot"] = CFrame.new(0.0000,0.0000,0.0000,1.0000,0.0061,-0.0020,-0.0061,0.9994,-0.0337,0.0018,0.0337,0.9994),
    }},
    {Time = 5.933, Data = {
      ["HumanoidRootPart"] = CFrame.new(0.0000,0.0000,0.0000,1.0000,0.0000,0.0000,0.0000,1.0000,0.0000,0.0000,0.0000,1.0000),
      ["LowerTorso"] = CFrame.new(0.0026,-0.0022,0.0000,0.9988,-0.0497,0.0000,0.0497,0.9988,-0.0000,0.0000,0.0000,1.0000),
      ["UpperTorso"] = CFrame.new(0.0000,0.0000,0.0000,0.9964,0.0842,0.0001,-0.0841,0.9944,-0.0648,-0.0056,0.0646,0.9979),
      ["LeftUpperArm"] = CFrame.new(-0.0068,-0.0168,-0.1905,0.0354,-0.3470,-0.9372,0.0873,0.9353,-0.3430,0.9956,-0.0696,0.0634),
      ["LeftLowerArm"] = CFrame.new(-0.0092,-0.0032,-0.0038,0.8805,-0.4740,0.0000,0.3055,0.5674,-0.7647,0.3624,0.6733,0.6444),
      ["LeftHand"] = CFrame.new(0.0247,0.0428,0.0265,0.7579,-0.5274,-0.3839,0.6113,0.7797,0.1357,0.2277,-0.3376,0.9133),
      ["Head"] = CFrame.new(0.0000,0.0000,0.0000,0.9998,-0.0087,-0.0162,0.0119,0.9783,0.2070,0.0140,-0.2072,0.9782),
      ["RightUpperArm"] = CFrame.new(0.0000,0.0000,0.0000,0.9872,0.1596,0.0000,-0.1596,0.9872,-0.0000,-0.0000,0.0000,1.0000),
      ["RightLowerArm"] = CFrame.new(0.0000,0.0000,0.0000,1.0000,0.0000,0.0000,0.0000,1.0000,0.0000,0.0000,0.0000,1.0000),
      ["RightHand"] = CFrame.new(0.0000,0.0000,0.0000,1.0000,0.0075,0.0000,-0.0075,1.0000,-0.0000,-0.0000,0.0000,1.0000),
      ["LeftUpperLeg"] = CFrame.new(0.0001,-0.0014,-0.0002,0.9811,0.0646,-0.1824,-0.0835,0.9917,-0.0981,0.1746,0.1114,0.9783),
      ["LeftLowerLeg"] = CFrame.new(0.0000,0.0000,0.0000,1.0000,-0.0000,0.0000,0.0000,0.9955,0.0944,-0.0000,-0.0944,0.9955),
      ["LeftFoot"] = CFrame.new(0.0000,0.0000,0.0000,1.0000,0.0045,0.0009,-0.0046,0.9996,0.0270,-0.0008,-0.0270,0.9996),
      ["RightUpperLeg"] = CFrame.new(0.0002,-0.0094,-0.0003,0.9963,-0.0382,0.0765,0.0417,0.9981,-0.0454,-0.0746,0.0484,0.9960),
      ["RightLowerLeg"] = CFrame.new(0.0000,0.0000,0.0000,1.0000,-0.0000,0.0000,0.0000,0.9959,0.0903,-0.0000,-0.0903,0.9959),
      ["RightFoot"] = CFrame.new(0.0000,0.0000,0.0000,1.0000,0.0072,-0.0019,-0.0073,0.9994,-0.0345,0.0017,0.0345,0.9994),
    }},
    {Time = 5.967, Data = {
      ["HumanoidRootPart"] = CFrame.new(0.0000,0.0000,0.0000,1.0000,0.0000,0.0000,0.0000,1.0000,0.0000,0.0000,0.0000,1.0000),
      ["LowerTorso"] = CFrame.new(0.0024,-0.0021,0.0000,0.9989,-0.0470,0.0000,0.0470,0.9989,-0.0000,0.0000,0.0000,1.0000),
      ["UpperTorso"] = CFrame.new(0.0000,0.0000,0.0000,0.9966,0.0822,0.0001,-0.0820,0.9945,-0.0648,-0.0055,0.0646,0.9979),
      ["LeftUpperArm"] = CFrame.new(-0.0068,-0.0168,-0.1905,0.0354,-0.3470,-0.9372,0.0873,0.9353,-0.3430,0.9956,-0.0696,0.0634),
      ["LeftLowerArm"] = CFrame.new(-0.0092,-0.0032,-0.0038,0.8805,-0.4740,0.0000,0.3055,0.5674,-0.7647,0.3624,0.6733,0.6444),
      ["LeftHand"] = CFrame.new(0.0247,0.0428,0.0265,0.7579,-0.5274,-0.3839,0.6113,0.7797,0.1357,0.2277,-0.3376,0.9133),
      ["Head"] = CFrame.new(0.0000,0.0000,0.0000,0.9998,-0.0083,-0.0155,0.0113,0.9785,0.2061,0.0135,-0.2062,0.9784),
      ["RightUpperArm"] = CFrame.new(0.0000,0.0000,0.0000,0.9872,0.1596,0.0000,-0.1596,0.9872,-0.0000,-0.0000,0.0000,1.0000),
      ["RightLowerArm"] = CFrame.new(0.0000,0.0000,0.0000,1.0000,0.0000,0.0000,0.0000,1.0000,0.0000,0.0000,0.0000,1.0000),
      ["RightHand"] = CFrame.new(0.0000,0.0000,0.0000,1.0000,0.0071,0.0000,-0.0071,1.0000,-0.0000,-0.0000,0.0000,1.0000),
      ["LeftUpperLeg"] = CFrame.new(0.0001,-0.0018,-0.0003,0.9812,0.0623,-0.1825,-0.0814,0.9917,-0.0991,0.1748,0.1121,0.9782),
      ["LeftLowerLeg"] = CFrame.new(0.0000,0.0000,0.0000,1.0000,-0.0000,0.0000,0.0000,0.9954,0.0959,-0.0000,-0.0959,0.9954),
      ["LeftFoot"] = CFrame.new(0.0000,0.0000,0.0000,1.0000,0.0031,0.0008,-0.0031,0.9996,0.0267,-0.0007,-0.0267,0.9996),
      ["RightUpperLeg"] = CFrame.new(0.0002,-0.0088,-0.0003,0.9962,-0.0409,0.0765,0.0444,0.9980,-0.0451,-0.0745,0.0483,0.9961),
      ["RightLowerLeg"] = CFrame.new(0.0000,0.0000,0.0000,1.0000,-0.0000,0.0000,0.0000,0.9959,0.0903,-0.0000,-0.0903,0.9959),
      ["RightFoot"] = CFrame.new(0.0000,0.0000,0.0000,1.0000,0.0084,-0.0019,-0.0085,0.9993,-0.0353,0.0016,0.0353,0.9994),
    }},
    {Time = 6.000, Data = {
      ["HumanoidRootPart"] = CFrame.new(0.0000,0.0000,0.0000,1.0000,0.0000,0.0000,0.0000,1.0000,0.0000,0.0000,0.0000,1.0000),
      ["LowerTorso"] = CFrame.new(0.0023,-0.0020,0.0000,0.9990,-0.0441,0.0000,0.0441,0.9990,-0.0000,0.0000,0.0000,1.0000),
      ["UpperTorso"] = CFrame.new(0.0000,0.0000,0.0000,0.9968,0.0801,0.0001,-0.0799,0.9947,-0.0649,-0.0053,0.0646,0.9979),
      ["LeftUpperArm"] = CFrame.new(-0.0068,-0.0168,-0.1905,0.0354,-0.3470,-0.9372,0.0873,0.9353,-0.3430,0.9956,-0.0696,0.0634),
      ["LeftLowerArm"] = CFrame.new(-0.0092,-0.0032,-0.0038,0.8805,-0.4740,0.0000,0.3055,0.5674,-0.7647,0.3624,0.6733,0.6444),
      ["LeftHand"] = CFrame.new(0.0247,0.0428,0.0265,0.7579,-0.5274,-0.3839,0.6113,0.7797,0.1357,0.2277,-0.3376,0.9133),
      ["Head"] = CFrame.new(0.0000,0.0000,0.0000,0.9999,-0.0079,-0.0148,0.0108,0.9787,0.2051,0.0128,-0.2053,0.9786),
      ["RightUpperArm"] = CFrame.new(0.0000,0.0000,0.0000,0.9872,0.1596,0.0000,-0.1596,0.9872,-0.0000,-0.0000,0.0000,1.0000),
      ["RightLowerArm"] = CFrame.new(0.0000,0.0000,0.0000,1.0000,0.0000,0.0000,0.0000,1.0000,0.0000,0.0000,0.0000,1.0000),
      ["RightHand"] = CFrame.new(0.0000,0.0000,0.0000,1.0000,0.0066,0.0000,-0.0066,1.0000,-0.0000,-0.0000,0.0000,1.0000),
      ["LeftUpperLeg"] = CFrame.new(0.0001,-0.0023,-0.0003,0.9814,0.0600,-0.1826,-0.0792,0.9918,-0.1001,0.1751,0.1127,0.9781),
      ["LeftLowerLeg"] = CFrame.new(0.0000,0.0000,0.0000,1.0000,-0.0000,0.0000,0.0000,0.9952,0.0975,-0.0000,-0.0975,0.9952),
      ["LeftFoot"] = CFrame.new(0.0000,0.0000,0.0000,1.0000,0.0016,0.0007,-0.0016,0.9996,0.0265,-0.0007,-0.0265,0.9996),
      ["RightUpperLeg"] = CFrame.new(0.0002,-0.0083,-0.0003,0.9961,-0.0436,0.0765,0.0471,0.9979,-0.0447,-0.0744,0.0481,0.9961),
      ["RightLowerLeg"] = CFrame.new(0.0000,0.0000,0.0000,1.0000,-0.0000,0.0000,0.0000,0.9959,0.0903,-0.0000,-0.0903,0.9959),
      ["RightFoot"] = CFrame.new(0.0000,0.0000,0.0000,1.0000,0.0096,-0.0019,-0.0097,0.9993,-0.0361,0.0015,0.0361,0.9993),
    }},
    {Time = 6.033, Data = {
      ["HumanoidRootPart"] = CFrame.new(0.0000,0.0000,0.0000,1.0000,0.0000,0.0000,0.0000,1.0000,0.0000,0.0000,0.0000,1.0000),
      ["LowerTorso"] = CFrame.new(0.0021,-0.0019,0.0000,0.9992,-0.0412,0.0000,0.0412,0.9992,-0.0000,0.0000,0.0000,1.0000),
      ["UpperTorso"] = CFrame.new(0.0000,0.0000,0.0000,0.9970,0.0779,0.0001,-0.0777,0.9949,-0.0649,-0.0052,0.0647,0.9979),
      ["LeftUpperArm"] = CFrame.new(-0.0068,-0.0168,-0.1905,0.0354,-0.3470,-0.9372,0.0873,0.9353,-0.3430,0.9956,-0.0696,0.0634),
      ["LeftLowerArm"] = CFrame.new(-0.0092,-0.0032,-0.0038,0.8805,-0.4740,0.0000,0.3055,0.5674,-0.7647,0.3624,0.6733,0.6444),
      ["LeftHand"] = CFrame.new(0.0247,0.0428,0.0265,0.7579,-0.5274,-0.3839,0.6113,0.7797,0.1357,0.2277,-0.3376,0.9133),
      ["Head"] = CFrame.new(0.0000,0.0000,0.0000,0.9999,-0.0076,-0.0140,0.0103,0.9789,0.2041,0.0122,-0.2042,0.9788),
      ["RightUpperArm"] = CFrame.new(0.0000,0.0000,0.0000,0.9872,0.1596,0.0000,-0.1596,0.9872,-0.0000,-0.0000,0.0000,1.0000),
      ["RightLowerArm"] = CFrame.new(0.0000,0.0000,0.0000,1.0000,0.0000,0.0000,0.0000,1.0000,0.0000,0.0000,0.0000,1.0000),
      ["RightHand"] = CFrame.new(0.0000,0.0000,0.0000,1.0000,0.0062,0.0000,-0.0062,1.0000,-0.0000,-0.0000,0.0000,1.0000),
      ["LeftUpperLeg"] = CFrame.new(0.0001,-0.0027,-0.0004,0.9815,0.0576,-0.1827,-0.0771,0.9919,-0.1012,0.1754,0.1134,0.9779),
      ["LeftLowerLeg"] = CFrame.new(0.0000,0.0000,0.0000,1.0000,-0.0000,0.0000,0.0000,0.9951,0.0991,-0.0000,-0.0991,0.9951),
      ["LeftFoot"] = CFrame.new(0.0000,0.0000,0.0000,1.0000,0.0001,0.0007,-0.0001,0.9997,0.0262,-0.0007,-0.0262,0.9997),
      ["RightUpperLeg"] = CFrame.new(0.0002,-0.0078,-0.0003,0.9960,-0.0464,0.0765,0.0499,0.9978,-0.0444,-0.0743,0.0480,0.9961),
      ["RightLowerLeg"] = CFrame.new(0.0000,0.0000,0.0000,1.0000,-0.0000,0.0000,0.0000,0.9959,0.0903,-0.0000,-0.0903,0.9959),
      ["RightFoot"] = CFrame.new(0.0000,0.0000,0.0000,0.9999,0.0109,-0.0018,-0.0109,0.9993,-0.0369,0.0014,0.0370,0.9993),
    }},
    {Time = 6.067, Data = {
      ["HumanoidRootPart"] = CFrame.new(0.0000,0.0000,0.0000,1.0000,0.0000,0.0000,0.0000,1.0000,0.0000,0.0000,0.0000,1.0000),
      ["LowerTorso"] = CFrame.new(0.0020,-0.0017,0.0000,0.9993,-0.0384,0.0000,0.0384,0.9993,-0.0000,0.0000,0.0000,1.0000),
      ["UpperTorso"] = CFrame.new(0.0000,0.0000,0.0000,0.9971,0.0756,0.0001,-0.0754,0.9950,-0.0649,-0.0050,0.0647,0.9979),
      ["LeftUpperArm"] = CFrame.new(-0.0068,-0.0168,-0.1905,0.0354,-0.3470,-0.9372,0.0873,0.9353,-0.3430,0.9956,-0.0696,0.0634),
      ["LeftLowerArm"] = CFrame.new(-0.0092,-0.0032,-0.0038,0.8805,-0.4740,0.0000,0.3055,0.5674,-0.7647,0.3624,0.6733,0.6444),
      ["LeftHand"] = CFrame.new(0.0247,0.0428,0.0265,0.7579,-0.5274,-0.3839,0.6113,0.7797,0.1357,0.2277,-0.3376,0.9133),
      ["Head"] = CFrame.new(0.0000,0.0000,0.0000,0.9999,-0.0071,-0.0132,0.0097,0.9791,0.2031,0.0115,-0.2032,0.9791),
      ["RightUpperArm"] = CFrame.new(0.0000,0.0000,0.0000,0.9872,0.1596,0.0000,-0.1596,0.9872,-0.0000,-0.0000,0.0000,1.0000),
      ["RightLowerArm"] = CFrame.new(0.0000,0.0000,0.0000,1.0000,0.0000,0.0000,0.0000,1.0000,0.0000,0.0000,0.0000,1.0000),
      ["RightHand"] = CFrame.new(0.0000,0.0000,0.0000,1.0000,0.0058,0.0000,-0.0058,1.0000,-0.0000,-0.0000,0.0000,1.0000),
      ["LeftUpperLeg"] = CFrame.new(0.0000,-0.0032,-0.0004,0.9816,0.0553,-0.1828,-0.0749,0.9919,-0.1022,0.1757,0.1140,0.9778),
      ["LeftLowerLeg"] = CFrame.new(0.0000,0.0000,0.0000,1.0000,-0.0000,0.0000,0.0000,0.9949,0.1006,-0.0000,-0.1006,0.9949),
      ["LeftFoot"] = CFrame.new(0.0000,0.0000,0.0000,1.0000,-0.0014,0.0006,0.0014,0.9997,0.0259,-0.0006,-0.0259,0.9997),
      ["RightUpperLeg"] = CFrame.new(0.0002,-0.0072,-0.0002,0.9959,-0.0491,0.0765,0.0526,0.9976,-0.0440,-0.0742,0.0479,0.9961),
      ["RightLowerLeg"] = CFrame.new(0.0000,0.0000,0.0000,1.0000,-0.0000,0.0000,0.0000,0.9959,0.0903,-0.0000,-0.0903,0.9959),
      ["RightFoot"] = CFrame.new(0.0000,0.0000,0.0000,0.9999,0.0120,-0.0018,-0.0121,0.9992,-0.0378,0.0013,0.0378,0.9993),
    }},
    {Time = 6.100, Data = {
      ["HumanoidRootPart"] = CFrame.new(0.0000,0.0000,0.0000,1.0000,0.0000,0.0000,0.0000,1.0000,0.0000,0.0000,0.0000,1.0000),
      ["LowerTorso"] = CFrame.new(0.0018,-0.0016,0.0000,0.9994,-0.0357,0.0000,0.0357,0.9994,-0.0000,0.0000,0.0000,1.0000),
      ["UpperTorso"] = CFrame.new(0.0000,0.0000,0.0000,0.9973,0.0731,0.0001,-0.0730,0.9952,-0.0649,-0.0049,0.0648,0.9979),
      ["LeftUpperArm"] = CFrame.new(-0.0068,-0.0168,-0.1905,0.0354,-0.3470,-0.9372,0.0873,0.9353,-0.3430,0.9956,-0.0696,0.0634),
      ["LeftLowerArm"] = CFrame.new(-0.0092,-0.0032,-0.0038,0.8805,-0.4740,0.0000,0.3055,0.5674,-0.7647,0.3624,0.6733,0.6444),
      ["LeftHand"] = CFrame.new(0.0247,0.0428,0.0265,0.7579,-0.5274,-0.3839,0.6113,0.7797,0.1357,0.2277,-0.3376,0.9133),
      ["Head"] = CFrame.new(0.0000,0.0000,0.0000,0.9999,-0.0067,-0.0124,0.0091,0.9793,0.2020,0.0108,-0.2021,0.9793),
      ["RightUpperArm"] = CFrame.new(0.0000,0.0000,0.0000,0.9872,0.1596,0.0000,-0.1596,0.9872,-0.0000,-0.0000,0.0000,1.0000),
      ["RightLowerArm"] = CFrame.new(0.0000,0.0000,0.0000,1.0000,0.0000,0.0000,0.0000,1.0000,0.0000,0.0000,0.0000,1.0000),
      ["RightHand"] = CFrame.new(0.0000,0.0000,0.0000,1.0000,0.0054,0.0000,-0.0054,1.0000,-0.0000,-0.0000,0.0000,1.0000),
      ["LeftUpperLeg"] = CFrame.new(0.0000,-0.0036,-0.0005,0.9817,0.0531,-0.1829,-0.0729,0.9920,-0.1032,0.1759,0.1146,0.9777),
      ["LeftLowerLeg"] = CFrame.new(0.0000,0.0000,0.0000,1.0000,-0.0000,0.0000,0.0000,0.9948,0.1020,-0.0000,-0.1020,0.9948),
      ["LeftFoot"] = CFrame.new(0.0000,0.0000,0.0000,1.0000,-0.0028,0.0005,0.0028,0.9997,0.0257,-0.0006,-0.0257,0.9997),
      ["RightUpperLeg"] = CFrame.new(0.0001,-0.0067,-0.0002,0.9957,-0.0517,0.0765,0.0551,0.9975,-0.0437,-0.0740,0.0477,0.9961),
      ["RightLowerLeg"] = CFrame.new(0.0000,0.0000,0.0000,1.0000,-0.0000,0.0000,0.0000,0.9959,0.0903,-0.0000,-0.0903,0.9959),
      ["RightFoot"] = CFrame.new(0.0000,0.0000,0.0000,0.9999,0.0132,-0.0017,-0.0132,0.9992,-0.0385,0.0012,0.0386,0.9993),
    }},
    {Time = 6.133, Data = {
      ["HumanoidRootPart"] = CFrame.new(0.0000,0.0000,0.0000,1.0000,0.0000,0.0000,0.0000,1.0000,0.0000,0.0000,0.0000,1.0000),
      ["LowerTorso"] = CFrame.new(0.0017,-0.0015,0.0000,0.9995,-0.0331,0.0000,0.0331,0.9995,-0.0000,0.0000,0.0000,1.0000),
      ["UpperTorso"] = CFrame.new(0.0000,0.0000,0.0000,0.9975,0.0706,0.0001,-0.0704,0.9954,-0.0650,-0.0047,0.0648,0.9979),
      ["LeftUpperArm"] = CFrame.new(-0.0068,-0.0168,-0.1905,0.0354,-0.3470,-0.9372,0.0873,0.9353,-0.3430,0.9956,-0.0696,0.0634),
      ["LeftLowerArm"] = CFrame.new(-0.0092,-0.0032,-0.0038,0.8805,-0.4740,0.0000,0.3055,0.5674,-0.7647,0.3624,0.6733,0.6444),
      ["LeftHand"] = CFrame.new(0.0247,0.0428,0.0265,0.7579,-0.5274,-0.3839,0.6113,0.7797,0.1357,0.2277,-0.3376,0.9133),
      ["Head"] = CFrame.new(0.0000,0.0000,0.0000,0.9999,-0.0062,-0.0116,0.0084,0.9796,0.2008,0.0101,-0.2009,0.9796),
      ["RightUpperArm"] = CFrame.new(0.0000,0.0000,0.0000,0.9872,0.1596,0.0000,-0.1596,0.9872,-0.0000,-0.0000,0.0000,1.0000),
      ["RightLowerArm"] = CFrame.new(0.0000,0.0000,0.0000,1.0000,0.0000,0.0000,0.0000,1.0000,0.0000,0.0000,0.0000,1.0000),
      ["RightHand"] = CFrame.new(0.0000,0.0000,0.0000,1.0000,0.0050,0.0000,-0.0050,1.0000,-0.0000,-0.0000,0.0000,1.0000),
      ["LeftUpperLeg"] = CFrame.new(0.0000,-0.0040,-0.0005,0.9818,0.0510,-0.1830,-0.0709,0.9920,-0.1041,0.1762,0.1152,0.9776),
      ["LeftLowerLeg"] = CFrame.new(0.0000,0.0000,0.0000,1.0000,-0.0000,0.0000,0.0000,0.9946,0.1034,-0.0000,-0.1034,0.9946),
      ["LeftFoot"] = CFrame.new(0.0000,0.0000,0.0000,1.0000,-0.0041,0.0004,0.0041,0.9997,0.0254,-0.0005,-0.0254,0.9997),
      ["RightUpperLeg"] = CFrame.new(0.0001,-0.0062,-0.0002,0.9956,-0.0542,0.0765,0.0576,0.9974,-0.0434,-0.0739,0.0476,0.9961),
      ["RightLowerLeg"] = CFrame.new(0.0000,0.0000,0.0000,1.0000,-0.0000,0.0000,0.0000,0.9959,0.0903,-0.0000,-0.0903,0.9959),
      ["RightFoot"] = CFrame.new(0.0000,0.0000,0.0000,0.9999,0.0143,-0.0017,-0.0143,0.9991,-0.0393,0.0011,0.0393,0.9992),
    }},
    {Time = 6.167, Data = {
      ["HumanoidRootPart"] = CFrame.new(0.0000,0.0000,0.0000,1.0000,0.0000,0.0000,0.0000,1.0000,0.0000,0.0000,0.0000,1.0000),
      ["LowerTorso"] = CFrame.new(0.0016,-0.0014,0.0000,0.9995,-0.0306,0.0000,0.0306,0.9995,-0.0000,0.0000,0.0000,1.0000),
      ["UpperTorso"] = CFrame.new(0.0000,0.0000,0.0000,0.9977,0.0680,0.0001,-0.0679,0.9956,-0.0650,-0.0045,0.0648,0.9979),
      ["LeftUpperArm"] = CFrame.new(-0.0068,-0.0168,-0.1905,0.0354,-0.3470,-0.9372,0.0873,0.9353,-0.3430,0.9956,-0.0696,0.0634),
      ["LeftLowerArm"] = CFrame.new(-0.0092,-0.0032,-0.0038,0.8805,-0.4740,0.0000,0.3055,0.5674,-0.7647,0.3624,0.6733,0.6444),
      ["LeftHand"] = CFrame.new(0.0247,0.0428,0.0265,0.7579,-0.5274,-0.3839,0.6113,0.7797,0.1357,0.2277,-0.3376,0.9133),
      ["Head"] = CFrame.new(0.0000,0.0000,0.0000,0.9999,-0.0058,-0.0107,0.0078,0.9798,0.1997,0.0093,-0.1997,0.9798),
      ["RightUpperArm"] = CFrame.new(0.0000,0.0000,0.0000,0.9872,0.1596,0.0000,-0.1596,0.9872,-0.0000,-0.0000,0.0000,1.0000),
      ["RightLowerArm"] = CFrame.new(0.0000,0.0000,0.0000,1.0000,0.0000,0.0000,0.0000,1.0000,0.0000,0.0000,0.0000,1.0000),
      ["RightHand"] = CFrame.new(0.0000,0.0000,0.0000,1.0000,0.0046,0.0000,-0.0046,1.0000,-0.0000,-0.0000,0.0000,1.0000),
      ["LeftUpperLeg"] = CFrame.new(-0.0000,-0.0044,-0.0006,0.9819,0.0490,-0.1830,-0.0690,0.9921,-0.1050,0.1764,0.1158,0.9775),
      ["LeftLowerLeg"] = CFrame.new(0.0000,0.0000,0.0000,1.0000,-0.0000,0.0000,0.0000,0.9945,0.1048,-0.0000,-0.1048,0.9945),
      ["LeftFoot"] = CFrame.new(0.0000,0.0000,0.0000,1.0000,-0.0055,0.0004,0.0054,0.9997,0.0252,-0.0005,-0.0252,0.9997),
      ["RightUpperLeg"] = CFrame.new(0.0001,-0.0058,-0.0002,0.9955,-0.0566,0.0765,0.0600,0.9973,-0.0431,-0.0738,0.0475,0.9961),
      ["RightLowerLeg"] = CFrame.new(0.0000,0.0000,0.0000,1.0000,-0.0000,0.0000,0.0000,0.9959,0.0903,-0.0000,-0.0903,0.9959),
      ["RightFoot"] = CFrame.new(0.0000,0.0000,0.0000,0.9999,0.0153,-0.0017,-0.0154,0.9991,-0.0400,0.0011,0.0400,0.9992),
    }},
    {Time = 6.200, Data = {
      ["HumanoidRootPart"] = CFrame.new(0.0000,0.0000,0.0000,1.0000,0.0000,0.0000,0.0000,1.0000,0.0000,0.0000,0.0000,1.0000),
      ["LowerTorso"] = CFrame.new(0.0015,-0.0013,0.0000,0.9996,-0.0282,0.0000,0.0282,0.9996,-0.0000,0.0000,0.0000,1.0000),
      ["UpperTorso"] = CFrame.new(0.0000,0.0000,0.0000,0.9979,0.0655,0.0001,-0.0654,0.9957,-0.0650,-0.0044,0.0649,0.9979),
      ["LeftUpperArm"] = CFrame.new(-0.0068,-0.0168,-0.1905,0.0354,-0.3470,-0.9372,0.0873,0.9353,-0.3430,0.9956,-0.0696,0.0634),
      ["LeftLowerArm"] = CFrame.new(-0.0092,-0.0032,-0.0038,0.8805,-0.4740,0.0000,0.3055,0.5674,-0.7647,0.3624,0.6733,0.6444),
      ["LeftHand"] = CFrame.new(0.0247,0.0428,0.0265,0.7579,-0.5274,-0.3839,0.6113,0.7797,0.1357,0.2277,-0.3376,0.9133),
      ["Head"] = CFrame.new(0.0000,0.0000,0.0000,0.9999,-0.0053,-0.0098,0.0072,0.9801,0.1985,0.0086,-0.1986,0.9800),
      ["RightUpperArm"] = CFrame.new(0.0000,0.0000,0.0000,0.9872,0.1596,0.0000,-0.1596,0.9872,-0.0000,-0.0000,0.0000,1.0000),
      ["RightLowerArm"] = CFrame.new(0.0000,0.0000,0.0000,1.0000,0.0000,0.0000,0.0000,1.0000,0.0000,0.0000,0.0000,1.0000),
      ["RightHand"] = CFrame.new(0.0000,0.0000,0.0000,1.0000,0.0042,0.0000,-0.0042,1.0000,-0.0000,-0.0000,0.0000,1.0000),
      ["LeftUpperLeg"] = CFrame.new(-0.0000,-0.0048,-0.0006,0.9820,0.0470,-0.1831,-0.0672,0.9921,-0.1059,0.1767,0.1163,0.9774),
      ["LeftLowerLeg"] = CFrame.new(0.0000,0.0000,0.0000,1.0000,-0.0000,0.0000,0.0000,0.9944,0.1061,-0.0000,-0.1061,0.9944),
      ["LeftFoot"] = CFrame.new(0.0000,0.0000,0.0000,1.0000,-0.0067,0.0003,0.0067,0.9997,0.0250,-0.0005,-0.0250,0.9997),
      ["RightUpperLeg"] = CFrame.new(0.0001,-0.0053,-0.0002,0.9953,-0.0589,0.0765,0.0623,0.9971,-0.0428,-0.0738,0.0473,0.9962),
      ["RightLowerLeg"] = CFrame.new(0.0000,0.0000,0.0000,1.0000,-0.0000,0.0000,0.0000,0.9959,0.0903,-0.0000,-0.0903,0.9959),
      ["RightFoot"] = CFrame.new(0.0000,0.0000,0.0000,0.9999,0.0164,-0.0016,-0.0164,0.9990,-0.0407,0.0010,0.0407,0.9992),
    }},
    {Time = 6.233, Data = {
      ["HumanoidRootPart"] = CFrame.new(0.0000,0.0000,0.0000,1.0000,0.0000,0.0000,0.0000,1.0000,0.0000,0.0000,0.0000,1.0000),
      ["LowerTorso"] = CFrame.new(0.0013,-0.0012,0.0000,0.9997,-0.0259,0.0000,0.0259,0.9997,-0.0000,0.0000,0.0000,1.0000),
      ["UpperTorso"] = CFrame.new(0.0000,0.0000,0.0000,0.9980,0.0632,0.0001,-0.0630,0.9959,-0.0650,-0.0042,0.0649,0.9979),
      ["LeftUpperArm"] = CFrame.new(-0.0068,-0.0168,-0.1905,0.0354,-0.3470,-0.9372,0.0873,0.9353,-0.3430,0.9956,-0.0696,0.0634),
      ["LeftLowerArm"] = CFrame.new(-0.0092,-0.0032,-0.0038,0.8805,-0.4740,0.0000,0.3055,0.5674,-0.7647,0.3624,0.6733,0.6444),
      ["LeftHand"] = CFrame.new(0.0247,0.0428,0.0265,0.7579,-0.5274,-0.3839,0.6113,0.7797,0.1357,0.2277,-0.3376,0.9133),
      ["Head"] = CFrame.new(0.0000,0.0000,0.0000,0.9999,-0.0049,-0.0090,0.0066,0.9803,0.1974,0.0079,-0.1975,0.9803),
      ["RightUpperArm"] = CFrame.new(0.0000,0.0000,0.0000,0.9872,0.1596,0.0000,-0.1596,0.9872,-0.0000,-0.0000,0.0000,1.0000),
      ["RightLowerArm"] = CFrame.new(0.0000,0.0000,0.0000,1.0000,0.0000,0.0000,0.0000,1.0000,0.0000,0.0000,0.0000,1.0000),
      ["RightHand"] = CFrame.new(0.0000,0.0000,0.0000,1.0000,0.0039,0.0000,-0.0039,1.0000,-0.0000,-0.0000,0.0000,1.0000),
      ["LeftUpperLeg"] = CFrame.new(-0.0000,-0.0051,-0.0007,0.9820,0.0451,-0.1832,-0.0655,0.9921,-0.1067,0.1769,0.1168,0.9773),
      ["LeftLowerLeg"] = CFrame.new(0.0000,0.0000,0.0000,1.0000,-0.0000,0.0000,0.0000,0.9942,0.1073,-0.0000,-0.1073,0.9942),
      ["LeftFoot"] = CFrame.new(0.0000,0.0000,0.0000,1.0000,-0.0079,0.0002,0.0079,0.9997,0.0248,-0.0004,-0.0248,0.9997),
      ["RightUpperLeg"] = CFrame.new(0.0001,-0.0049,-0.0002,0.9952,-0.0611,0.0765,0.0645,0.9970,-0.0425,-0.0737,0.0472,0.9962),
      ["RightLowerLeg"] = CFrame.new(0.0000,0.0000,0.0000,1.0000,-0.0000,0.0000,0.0000,0.9959,0.0903,-0.0000,-0.0903,0.9959),
      ["RightFoot"] = CFrame.new(0.0000,0.0000,0.0000,0.9998,0.0173,-0.0016,-0.0174,0.9990,-0.0414,0.0009,0.0414,0.9991),
    }},
    {Time = 6.267, Data = {
      ["HumanoidRootPart"] = CFrame.new(0.0000,0.0000,0.0000,1.0000,0.0000,0.0000,0.0000,1.0000,0.0000,0.0000,0.0000,1.0000),
      ["LowerTorso"] = CFrame.new(0.0012,-0.0011,0.0000,0.9997,-0.0237,0.0000,0.0237,0.9997,-0.0000,0.0000,0.0000,1.0000),
      ["UpperTorso"] = CFrame.new(0.0000,0.0000,0.0000,0.9981,0.0609,0.0001,-0.0607,0.9960,-0.0651,-0.0040,0.0649,0.9979),
      ["LeftUpperArm"] = CFrame.new(-0.0068,-0.0168,-0.1905,0.0354,-0.3470,-0.9372,0.0873,0.9353,-0.3430,0.9956,-0.0696,0.0634),
      ["LeftLowerArm"] = CFrame.new(-0.0092,-0.0032,-0.0038,0.8805,-0.4740,0.0000,0.3055,0.5674,-0.7647,0.3624,0.6733,0.6444),
      ["LeftHand"] = CFrame.new(0.0247,0.0428,0.0265,0.7579,-0.5274,-0.3839,0.6113,0.7797,0.1357,0.2277,-0.3376,0.9133),
      ["Head"] = CFrame.new(0.0000,0.0000,0.0000,1.0000,-0.0045,-0.0083,0.0060,0.9805,0.1964,0.0072,-0.1964,0.9805),
      ["RightUpperArm"] = CFrame.new(0.0000,0.0000,0.0000,0.9872,0.1596,0.0000,-0.1596,0.9872,-0.0000,-0.0000,0.0000,1.0000),
      ["RightLowerArm"] = CFrame.new(0.0000,0.0000,0.0000,1.0000,0.0000,0.0000,0.0000,1.0000,0.0000,0.0000,0.0000,1.0000),
      ["RightHand"] = CFrame.new(0.0000,0.0000,0.0000,1.0000,0.0036,0.0000,-0.0036,1.0000,-0.0000,-0.0000,0.0000,1.0000),
      ["LeftUpperLeg"] = CFrame.new(-0.0001,-0.0055,-0.0007,0.9821,0.0433,-0.1832,-0.0638,0.9922,-0.1075,0.1771,0.1173,0.9772),
      ["LeftLowerLeg"] = CFrame.new(0.0000,0.0000,0.0000,1.0000,-0.0000,0.0000,0.0000,0.9941,0.1085,-0.0000,-0.1085,0.9941),
      ["LeftFoot"] = CFrame.new(0.0000,0.0000,0.0000,1.0000,-0.0091,0.0002,0.0091,0.9997,0.0246,-0.0004,-0.0246,0.9997),
      ["RightUpperLeg"] = CFrame.new(0.0001,-0.0045,-0.0002,0.9951,-0.0632,0.0765,0.0665,0.9969,-0.0422,-0.0736,0.0471,0.9962),
      ["RightLowerLeg"] = CFrame.new(0.0000,0.0000,0.0000,1.0000,-0.0000,0.0000,0.0000,0.9959,0.0903,-0.0000,-0.0903,0.9959),
      ["RightFoot"] = CFrame.new(0.0000,0.0000,0.0000,0.9998,0.0183,-0.0016,-0.0183,0.9989,-0.0420,0.0008,0.0421,0.9991),
    }},
    {Time = 6.300, Data = {
      ["HumanoidRootPart"] = CFrame.new(0.0000,0.0000,0.0000,1.0000,0.0000,0.0000,0.0000,1.0000,0.0000,0.0000,0.0000,1.0000),
      ["LowerTorso"] = CFrame.new(0.0011,-0.0010,0.0000,0.9998,-0.0216,0.0000,0.0216,0.9998,-0.0000,0.0000,0.0000,1.0000),
      ["UpperTorso"] = CFrame.new(0.0000,0.0000,0.0000,0.9983,0.0587,0.0001,-0.0586,0.9962,-0.0651,-0.0039,0.0650,0.9979),
      ["LeftUpperArm"] = CFrame.new(-0.0068,-0.0168,-0.1905,0.0354,-0.3470,-0.9372,0.0873,0.9353,-0.3430,0.9956,-0.0696,0.0634),
      ["LeftLowerArm"] = CFrame.new(-0.0092,-0.0032,-0.0038,0.8805,-0.4740,0.0000,0.3055,0.5674,-0.7647,0.3624,0.6733,0.6444),
      ["LeftHand"] = CFrame.new(0.0247,0.0428,0.0265,0.7579,-0.5274,-0.3839,0.6113,0.7797,0.1357,0.2277,-0.3376,0.9133),
      ["Head"] = CFrame.new(0.0000,0.0000,0.0000,1.0000,-0.0041,-0.0075,0.0055,0.9807,0.1954,0.0066,-0.1955,0.9807),
      ["RightUpperArm"] = CFrame.new(0.0000,0.0000,0.0000,0.9872,0.1596,0.0000,-0.1596,0.9872,-0.0000,-0.0000,0.0000,1.0000),
      ["RightLowerArm"] = CFrame.new(0.0000,0.0000,0.0000,1.0000,0.0000,0.0000,0.0000,1.0000,0.0000,0.0000,0.0000,1.0000),
      ["RightHand"] = CFrame.new(0.0000,0.0000,0.0000,1.0000,0.0033,0.0000,-0.0033,1.0000,-0.0000,-0.0000,0.0000,1.0000),
      ["LeftUpperLeg"] = CFrame.new(-0.0001,-0.0058,-0.0007,0.9822,0.0416,-0.1833,-0.0622,0.9922,-0.1083,0.1773,0.1178,0.9771),
      ["LeftLowerLeg"] = CFrame.new(0.0000,0.0000,0.0000,1.0000,-0.0000,0.0000,0.0000,0.9940,0.1097,-0.0000,-0.1097,0.9940),
      ["LeftFoot"] = CFrame.new(0.0000,0.0000,0.0000,0.9999,-0.0102,0.0001,0.0102,0.9997,0.0244,-0.0004,-0.0244,0.9997),
      ["RightUpperLeg"] = CFrame.new(0.0001,-0.0041,-0.0001,0.9949,-0.0652,0.0765,0.0686,0.9968,-0.0420,-0.0735,0.0470,0.9962),
      ["RightLowerLeg"] = CFrame.new(0.0000,0.0000,0.0000,1.0000,-0.0000,0.0000,0.0000,0.9959,0.0903,-0.0000,-0.0903,0.9959),
      ["RightFoot"] = CFrame.new(0.0000,0.0000,0.0000,0.9998,0.0192,-0.0016,-0.0192,0.9989,-0.0426,0.0007,0.0427,0.9991),
    }},
    {Time = 6.333, Data = {
      ["HumanoidRootPart"] = CFrame.new(0.0000,0.0000,0.0000,1.0000,0.0000,0.0000,0.0000,1.0000,0.0000,0.0000,0.0000,1.0000),
      ["LowerTorso"] = CFrame.new(0.0010,-0.0009,0.0000,0.9998,-0.0196,0.0000,0.0196,0.9998,-0.0000,0.0000,0.0000,1.0000),
      ["UpperTorso"] = CFrame.new(0.0000,0.0000,0.0000,0.9984,0.0566,0.0001,-0.0565,0.9963,-0.0651,-0.0038,0.0650,0.9979),
      ["LeftUpperArm"] = CFrame.new(-0.0068,-0.0168,-0.1905,0.0354,-0.3470,-0.9372,0.0873,0.9353,-0.3430,0.9956,-0.0696,0.0634),
      ["LeftLowerArm"] = CFrame.new(-0.0092,-0.0032,-0.0038,0.8805,-0.4740,0.0000,0.3055,0.5674,-0.7647,0.3624,0.6733,0.6444),
      ["LeftHand"] = CFrame.new(0.0247,0.0428,0.0265,0.7579,-0.5274,-0.3839,0.6113,0.7797,0.1357,0.2277,-0.3376,0.9133),
      ["Head"] = CFrame.new(0.0000,0.0000,0.0000,1.0000,-0.0037,-0.0068,0.0050,0.9809,0.1945,0.0060,-0.1945,0.9809),
      ["RightUpperArm"] = CFrame.new(0.0000,0.0000,0.0000,0.9872,0.1596,0.0000,-0.1596,0.9872,-0.0000,-0.0000,0.0000,1.0000),
      ["RightLowerArm"] = CFrame.new(0.0000,0.0000,0.0000,1.0000,0.0000,0.0000,0.0000,1.0000,0.0000,0.0000,0.0000,1.0000),
      ["RightHand"] = CFrame.new(0.0000,0.0000,0.0000,1.0000,0.0029,0.0000,-0.0029,1.0000,-0.0000,-0.0000,0.0000,1.0000),
      ["LeftUpperLeg"] = CFrame.new(-0.0001,-0.0061,-0.0008,0.9822,0.0399,-0.1833,-0.0607,0.9922,-0.1090,0.1775,0.1182,0.9770),
      ["LeftLowerLeg"] = CFrame.new(0.0000,0.0000,0.0000,1.0000,-0.0000,0.0000,0.0000,0.9938,0.1108,-0.0000,-0.1108,0.9938),
      ["LeftFoot"] = CFrame.new(0.0000,0.0000,0.0000,0.9999,-0.0112,0.0001,0.0112,0.9996,0.0242,-0.0003,-0.0242,0.9997),
      ["RightUpperLeg"] = CFrame.new(0.0001,-0.0037,-0.0001,0.9948,-0.0671,0.0765,0.0705,0.9966,-0.0417,-0.0734,0.0469,0.9962),
      ["RightLowerLeg"] = CFrame.new(0.0000,0.0000,0.0000,1.0000,-0.0000,0.0000,0.0000,0.9959,0.0903,-0.0000,-0.0903,0.9959),
      ["RightFoot"] = CFrame.new(0.0000,0.0000,0.0000,0.9998,0.0200,-0.0015,-0.0201,0.9989,-0.0432,0.0007,0.0433,0.9991),
    }},
    {Time = 6.367, Data = {
      ["HumanoidRootPart"] = CFrame.new(0.0000,0.0000,0.0000,1.0000,0.0000,0.0000,0.0000,1.0000,0.0000,0.0000,0.0000,1.0000),
      ["LowerTorso"] = CFrame.new(0.0009,-0.0008,0.0000,0.9998,-0.0177,0.0000,0.0177,0.9998,-0.0000,0.0000,0.0000,1.0000),
      ["UpperTorso"] = CFrame.new(0.0000,0.0000,0.0000,0.9985,0.0546,0.0001,-0.0545,0.9964,-0.0651,-0.0036,0.0650,0.9979),
      ["LeftUpperArm"] = CFrame.new(-0.0068,-0.0168,-0.1905,0.0354,-0.3470,-0.9372,0.0873,0.9353,-0.3430,0.9956,-0.0696,0.0634),
      ["LeftLowerArm"] = CFrame.new(-0.0092,-0.0032,-0.0038,0.8805,-0.4740,0.0000,0.3055,0.5674,-0.7647,0.3624,0.6733,0.6444),
      ["LeftHand"] = CFrame.new(0.0247,0.0428,0.0265,0.7579,-0.5274,-0.3839,0.6113,0.7797,0.1357,0.2277,-0.3376,0.9133),
      ["Head"] = CFrame.new(0.0000,0.0000,0.0000,1.0000,-0.0034,-0.0062,0.0045,0.9811,0.1936,0.0054,-0.1936,0.9811),
      ["RightUpperArm"] = CFrame.new(0.0000,0.0000,0.0000,0.9872,0.1596,0.0000,-0.1596,0.9872,-0.0000,-0.0000,0.0000,1.0000),
      ["RightLowerArm"] = CFrame.new(0.0000,0.0000,0.0000,1.0000,0.0000,0.0000,0.0000,1.0000,0.0000,0.0000,0.0000,1.0000),
      ["RightHand"] = CFrame.new(0.0000,0.0000,0.0000,1.0000,0.0027,0.0000,-0.0027,1.0000,-0.0000,-0.0000,0.0000,1.0000),
      ["LeftUpperLeg"] = CFrame.new(-0.0001,-0.0064,-0.0008,0.9823,0.0384,-0.1834,-0.0593,0.9922,-0.1097,0.1777,0.1187,0.9769),
      ["LeftLowerLeg"] = CFrame.new(0.0000,0.0000,0.0000,1.0000,-0.0000,0.0000,0.0000,0.9937,0.1118,-0.0000,-0.1118,0.9937),
      ["LeftFoot"] = CFrame.new(0.0000,0.0000,0.0000,0.9999,-0.0122,-0.0000,0.0122,0.9996,0.0240,-0.0003,-0.0240,0.9997),
      ["RightUpperLeg"] = CFrame.new(0.0001,-0.0033,-0.0001,0.9947,-0.0690,0.0765,0.0723,0.9965,-0.0415,-0.0734,0.0468,0.9962),
      ["RightLowerLeg"] = CFrame.new(0.0000,0.0000,0.0000,1.0000,-0.0000,0.0000,0.0000,0.9959,0.0903,-0.0000,-0.0903,0.9959),
      ["RightFoot"] = CFrame.new(0.0000,0.0000,0.0000,0.9998,0.0208,-0.0015,-0.0209,0.9988,-0.0438,0.0006,0.0438,0.9990),
    }},
    {Time = 6.400, Data = {
      ["HumanoidRootPart"] = CFrame.new(0.0000,0.0000,0.0000,1.0000,0.0000,0.0000,0.0000,1.0000,0.0000,0.0000,0.0000,1.0000),
      ["LowerTorso"] = CFrame.new(0.0008,-0.0007,0.0000,0.9999,-0.0159,0.0000,0.0159,0.9999,-0.0000,0.0000,0.0000,1.0000),
      ["UpperTorso"] = CFrame.new(0.0000,0.0000,0.0000,0.9986,0.0528,0.0001,-0.0527,0.9965,-0.0652,-0.0035,0.0651,0.9979),
      ["LeftUpperArm"] = CFrame.new(-0.0068,-0.0168,-0.1905,0.0354,-0.3470,-0.9372,0.0873,0.9353,-0.3430,0.9956,-0.0696,0.0634),
      ["LeftLowerArm"] = CFrame.new(-0.0092,-0.0032,-0.0038,0.8805,-0.4740,0.0000,0.3055,0.5674,-0.7647,0.3624,0.6733,0.6444),
      ["LeftHand"] = CFrame.new(0.0247,0.0428,0.0265,0.7579,-0.5274,-0.3839,0.6113,0.7797,0.1357,0.2277,-0.3376,0.9133),
      ["Head"] = CFrame.new(0.0000,0.0000,0.0000,1.0000,-0.0030,-0.0055,0.0040,0.9812,0.1927,0.0048,-0.1927,0.9812),
      ["RightUpperArm"] = CFrame.new(0.0000,0.0000,0.0000,0.9872,0.1596,0.0000,-0.1596,0.9872,-0.0000,-0.0000,0.0000,1.0000),
      ["RightLowerArm"] = CFrame.new(0.0000,0.0000,0.0000,1.0000,0.0000,0.0000,0.0000,1.0000,0.0000,0.0000,0.0000,1.0000),
      ["RightHand"] = CFrame.new(0.0000,0.0000,0.0000,1.0000,0.0024,0.0000,-0.0024,1.0000,-0.0000,-0.0000,0.0000,1.0000),
      ["LeftUpperLeg"] = CFrame.new(-0.0001,-0.0067,-0.0008,0.9823,0.0369,-0.1834,-0.0579,0.9922,-0.1104,0.1779,0.1191,0.9768),
      ["LeftLowerLeg"] = CFrame.new(0.0000,0.0000,0.0000,1.0000,-0.0000,0.0000,0.0000,0.9936,0.1128,-0.0000,-0.1128,0.9936),
      ["LeftFoot"] = CFrame.new(0.0000,0.0000,0.0000,0.9999,-0.0131,-0.0001,0.0131,0.9996,0.0238,-0.0003,-0.0238,0.9997),
      ["RightUpperLeg"] = CFrame.new(0.0001,-0.0030,-0.0001,0.9946,-0.0707,0.0765,0.0740,0.9964,-0.0413,-0.0733,0.0467,0.9962),
      ["RightLowerLeg"] = CFrame.new(0.0000,0.0000,0.0000,1.0000,-0.0000,0.0000,0.0000,0.9959,0.0903,-0.0000,-0.0903,0.9959),
      ["RightFoot"] = CFrame.new(0.0000,0.0000,0.0000,0.9998,0.0216,-0.0015,-0.0216,0.9988,-0.0443,0.0005,0.0443,0.9990),
    }},
    {Time = 6.433, Data = {
      ["HumanoidRootPart"] = CFrame.new(0.0000,0.0000,0.0000,1.0000,0.0000,0.0000,0.0000,1.0000,0.0000,0.0000,0.0000,1.0000),
      ["LowerTorso"] = CFrame.new(0.0007,-0.0006,0.0000,0.9999,-0.0142,0.0000,0.0142,0.9999,-0.0000,0.0000,0.0000,1.0000),
      ["UpperTorso"] = CFrame.new(0.0000,0.0000,0.0000,0.9987,0.0510,0.0001,-0.0509,0.9966,-0.0652,-0.0034,0.0651,0.9979),
      ["LeftUpperArm"] = CFrame.new(-0.0068,-0.0168,-0.1905,0.0354,-0.3470,-0.9372,0.0873,0.9353,-0.3430,0.9956,-0.0696,0.0634),
      ["LeftLowerArm"] = CFrame.new(-0.0092,-0.0032,-0.0038,0.8805,-0.4740,0.0000,0.3055,0.5674,-0.7647,0.3624,0.6733,0.6444),
      ["LeftHand"] = CFrame.new(0.0247,0.0428,0.0265,0.7579,-0.5274,-0.3839,0.6113,0.7797,0.1357,0.2277,-0.3376,0.9133),
      ["Head"] = CFrame.new(0.0000,0.0000,0.0000,1.0000,-0.0027,-0.0049,0.0036,0.9814,0.1919,0.0043,-0.1919,0.9814),
      ["RightUpperArm"] = CFrame.new(0.0000,0.0000,0.0000,0.9872,0.1596,0.0000,-0.1596,0.9872,-0.0000,-0.0000,0.0000,1.0000),
      ["RightLowerArm"] = CFrame.new(0.0000,0.0000,0.0000,1.0000,0.0000,0.0000,0.0000,1.0000,0.0000,0.0000,0.0000,1.0000),
      ["RightHand"] = CFrame.new(0.0000,0.0000,0.0000,1.0000,0.0021,0.0000,-0.0021,1.0000,-0.0000,-0.0000,0.0000,1.0000),
      ["LeftUpperLeg"] = CFrame.new(-0.0001,-0.0070,-0.0009,0.9824,0.0355,-0.1835,-0.0566,0.9922,-0.1110,0.1781,0.1194,0.9767),
      ["LeftLowerLeg"] = CFrame.new(0.0000,0.0000,0.0000,1.0000,-0.0000,0.0000,0.0000,0.9935,0.1137,-0.0000,-0.1137,0.9935),
      ["LeftFoot"] = CFrame.new(0.0000,0.0000,0.0000,0.9999,-0.0140,-0.0001,0.0140,0.9996,0.0237,-0.0002,-0.0237,0.9997),
      ["RightUpperLeg"] = CFrame.new(0.0001,-0.0027,-0.0001,0.9944,-0.0723,0.0765,0.0756,0.9963,-0.0411,-0.0732,0.0466,0.9962),
      ["RightLowerLeg"] = CFrame.new(0.0000,0.0000,0.0000,1.0000,-0.0000,0.0000,0.0000,0.9959,0.0903,-0.0000,-0.0903,0.9959),
      ["RightFoot"] = CFrame.new(0.0000,0.0000,0.0000,0.9997,0.0223,-0.0015,-0.0224,0.9987,-0.0448,0.0005,0.0448,0.9990),
    }},
    {Time = 6.467, Data = {
      ["HumanoidRootPart"] = CFrame.new(0.0000,0.0000,0.0000,1.0000,0.0000,0.0000,0.0000,1.0000,0.0000,0.0000,0.0000,1.0000),
      ["LowerTorso"] = CFrame.new(0.0006,-0.0006,0.0000,0.9999,-0.0125,0.0000,0.0125,0.9999,-0.0000,0.0000,0.0000,1.0000),
      ["UpperTorso"] = CFrame.new(0.0000,0.0000,0.0000,0.9988,0.0493,0.0001,-0.0492,0.9967,-0.0652,-0.0033,0.0651,0.9979),
      ["LeftUpperArm"] = CFrame.new(-0.0068,-0.0168,-0.1905,0.0354,-0.3470,-0.9372,0.0873,0.9353,-0.3430,0.9956,-0.0696,0.0634),
      ["LeftLowerArm"] = CFrame.new(-0.0092,-0.0032,-0.0038,0.8805,-0.4740,0.0000,0.3055,0.5674,-0.7647,0.3624,0.6733,0.6444),
      ["LeftHand"] = CFrame.new(0.0247,0.0428,0.0265,0.7579,-0.5274,-0.3839,0.6113,0.7797,0.1357,0.2277,-0.3376,0.9133),
      ["Head"] = CFrame.new(0.0000,0.0000,0.0000,1.0000,-0.0024,-0.0044,0.0032,0.9816,0.1911,0.0038,-0.1912,0.9816),
      ["RightUpperArm"] = CFrame.new(0.0000,0.0000,0.0000,0.9872,0.1596,0.0000,-0.1596,0.9872,-0.0000,-0.0000,0.0000,1.0000),
      ["RightLowerArm"] = CFrame.new(0.0000,0.0000,0.0000,1.0000,0.0000,0.0000,0.0000,1.0000,0.0000,0.0000,0.0000,1.0000),
      ["RightHand"] = CFrame.new(0.0000,0.0000,0.0000,1.0000,0.0019,0.0000,-0.0019,1.0000,-0.0000,-0.0000,0.0000,1.0000),
      ["LeftUpperLeg"] = CFrame.new(-0.0001,-0.0072,-0.0009,0.9824,0.0342,-0.1835,-0.0554,0.9922,-0.1116,0.1783,0.1198,0.9767),
      ["LeftLowerLeg"] = CFrame.new(0.0000,0.0000,0.0000,1.0000,-0.0000,0.0000,0.0000,0.9934,0.1146,-0.0000,-0.1146,0.9934),
      ["LeftFoot"] = CFrame.new(0.0000,0.0000,0.0000,0.9999,-0.0149,-0.0001,0.0149,0.9996,0.0235,-0.0002,-0.0235,0.9997),
      ["RightUpperLeg"] = CFrame.new(0.0001,-0.0024,-0.0001,0.9943,-0.0739,0.0765,0.0772,0.9962,-0.0409,-0.0732,0.0465,0.9962),
      ["RightLowerLeg"] = CFrame.new(0.0000,0.0000,0.0000,1.0000,-0.0000,0.0000,0.0000,0.9959,0.0903,-0.0000,-0.0903,0.9959),
      ["RightFoot"] = CFrame.new(0.0000,0.0000,0.0000,0.9997,0.0230,-0.0015,-0.0230,0.9987,-0.0453,0.0004,0.0453,0.9990),
    }},
    {Time = 6.500, Data = {
      ["HumanoidRootPart"] = CFrame.new(0.0000,0.0000,0.0000,1.0000,0.0000,0.0000,0.0000,1.0000,0.0000,0.0000,0.0000,1.0000),
      ["LowerTorso"] = CFrame.new(0.0006,-0.0005,0.0000,0.9999,-0.0110,0.0000,0.0110,0.9999,-0.0000,0.0000,0.0000,1.0000),
      ["UpperTorso"] = CFrame.new(0.0000,0.0000,0.0000,0.9989,0.0478,0.0000,-0.0477,0.9967,-0.0652,-0.0032,0.0651,0.9979),
      ["LeftUpperArm"] = CFrame.new(-0.0068,-0.0168,-0.1905,0.0354,-0.3470,-0.9372,0.0873,0.9353,-0.3430,0.9956,-0.0696,0.0634),
      ["LeftLowerArm"] = CFrame.new(-0.0092,-0.0032,-0.0038,0.8805,-0.4740,0.0000,0.3055,0.5674,-0.7647,0.3624,0.6733,0.6444),
      ["LeftHand"] = CFrame.new(0.0247,0.0428,0.0265,0.7579,-0.5274,-0.3839,0.6113,0.7797,0.1357,0.2277,-0.3376,0.9133),
      ["Head"] = CFrame.new(0.0000,0.0000,0.0000,1.0000,-0.0021,-0.0038,0.0028,0.9817,0.1904,0.0034,-0.1904,0.9817),
      ["RightUpperArm"] = CFrame.new(0.0000,0.0000,0.0000,0.9872,0.1596,0.0000,-0.1596,0.9872,-0.0000,-0.0000,0.0000,1.0000),
      ["RightLowerArm"] = CFrame.new(0.0000,0.0000,0.0000,1.0000,0.0000,0.0000,0.0000,1.0000,0.0000,0.0000,0.0000,1.0000),
      ["RightHand"] = CFrame.new(0.0000,0.0000,0.0000,1.0000,0.0017,0.0000,-0.0017,1.0000,-0.0000,-0.0000,0.0000,1.0000),
      ["LeftUpperLeg"] = CFrame.new(-0.0001,-0.0075,-0.0009,0.9825,0.0329,-0.1835,-0.0542,0.9922,-0.1122,0.1784,0.1201,0.9766),
      ["LeftLowerLeg"] = CFrame.new(0.0000,0.0000,0.0000,1.0000,-0.0000,0.0000,0.0000,0.9933,0.1154,-0.0000,-0.1154,0.9933),
      ["LeftFoot"] = CFrame.new(0.0000,0.0000,0.0000,0.9999,-0.0157,-0.0002,0.0157,0.9996,0.0234,-0.0002,-0.0234,0.9997),
      ["RightUpperLeg"] = CFrame.new(0.0001,-0.0021,-0.0001,0.9942,-0.0753,0.0765,0.0786,0.9961,-0.0407,-0.0731,0.0464,0.9962),
      ["RightLowerLeg"] = CFrame.new(0.0000,0.0000,0.0000,1.0000,-0.0000,0.0000,0.0000,0.9959,0.0903,-0.0000,-0.0903,0.9959),
      ["RightFoot"] = CFrame.new(0.0000,0.0000,0.0000,0.9997,0.0236,-0.0014,-0.0237,0.9987,-0.0457,0.0004,0.0457,0.9990),
    }},
    {Time = 6.533, Data = {
      ["HumanoidRootPart"] = CFrame.new(0.0000,0.0000,0.0000,1.0000,0.0000,0.0000,0.0000,1.0000,0.0000,0.0000,0.0000,1.0000),
      ["LowerTorso"] = CFrame.new(0.0005,-0.0004,0.0000,1.0000,-0.0096,0.0000,0.0096,1.0000,-0.0000,0.0000,0.0000,1.0000),
      ["UpperTorso"] = CFrame.new(0.0000,0.0000,0.0000,0.9989,0.0463,0.0000,-0.0462,0.9968,-0.0652,-0.0031,0.0652,0.9979),
      ["LeftUpperArm"] = CFrame.new(-0.0068,-0.0168,-0.1905,0.0354,-0.3470,-0.9372,0.0873,0.9353,-0.3430,0.9956,-0.0696,0.0634),
      ["LeftLowerArm"] = CFrame.new(-0.0092,-0.0032,-0.0038,0.8805,-0.4740,0.0000,0.3055,0.5674,-0.7647,0.3624,0.6733,0.6444),
      ["LeftHand"] = CFrame.new(0.0247,0.0428,0.0265,0.7579,-0.5274,-0.3839,0.6113,0.7797,0.1357,0.2277,-0.3376,0.9133),
      ["Head"] = CFrame.new(0.0000,0.0000,0.0000,1.0000,-0.0018,-0.0033,0.0024,0.9818,0.1898,0.0029,-0.1898,0.9818),
      ["RightUpperArm"] = CFrame.new(0.0000,0.0000,0.0000,0.9872,0.1596,0.0000,-0.1596,0.9872,-0.0000,-0.0000,0.0000,1.0000),
      ["RightLowerArm"] = CFrame.new(0.0000,0.0000,0.0000,1.0000,0.0000,0.0000,0.0000,1.0000,0.0000,0.0000,0.0000,1.0000),
      ["RightHand"] = CFrame.new(0.0000,0.0000,0.0000,1.0000,0.0014,0.0000,-0.0014,1.0000,-0.0000,-0.0000,0.0000,1.0000),
      ["LeftUpperLeg"] = CFrame.new(-0.0001,-0.0077,-0.0009,0.9825,0.0318,-0.1836,-0.0531,0.9922,-0.1127,0.1786,0.1205,0.9765),
      ["LeftLowerLeg"] = CFrame.new(0.0000,0.0000,0.0000,1.0000,-0.0000,0.0000,0.0000,0.9932,0.1162,-0.0000,-0.1162,0.9932),
      ["LeftFoot"] = CFrame.new(0.0000,0.0000,0.0000,0.9999,-0.0164,-0.0002,0.0164,0.9996,0.0232,-0.0002,-0.0232,0.9997),
      ["RightUpperLeg"] = CFrame.new(0.0001,-0.0018,-0.0001,0.9941,-0.0767,0.0765,0.0800,0.9960,-0.0405,-0.0731,0.0464,0.9962),
      ["RightLowerLeg"] = CFrame.new(0.0000,0.0000,0.0000,1.0000,-0.0000,0.0000,0.0000,0.9959,0.0903,-0.0000,-0.0903,0.9959),
      ["RightFoot"] = CFrame.new(0.0000,0.0000,0.0000,0.9997,0.0243,-0.0014,-0.0243,0.9986,-0.0461,0.0003,0.0462,0.9989),
    }},
    {Time = 6.567, Data = {
      ["HumanoidRootPart"] = CFrame.new(0.0000,0.0000,0.0000,1.0000,0.0000,0.0000,0.0000,1.0000,0.0000,0.0000,0.0000,1.0000),
      ["LowerTorso"] = CFrame.new(0.0004,-0.0004,0.0000,1.0000,-0.0083,0.0000,0.0083,1.0000,-0.0000,0.0000,0.0000,1.0000),
      ["UpperTorso"] = CFrame.new(0.0000,0.0000,0.0000,0.9990,0.0449,0.0000,-0.0448,0.9969,-0.0652,-0.0030,0.0652,0.9979),
      ["LeftUpperArm"] = CFrame.new(-0.0068,-0.0168,-0.1905,0.0354,-0.3470,-0.9372,0.0873,0.9353,-0.3430,0.9956,-0.0696,0.0634),
      ["LeftLowerArm"] = CFrame.new(-0.0092,-0.0032,-0.0038,0.8805,-0.4740,0.0000,0.3055,0.5674,-0.7647,0.3624,0.6733,0.6444),
      ["LeftHand"] = CFrame.new(0.0247,0.0428,0.0265,0.7579,-0.5274,-0.3839,0.6113,0.7797,0.1357,0.2277,-0.3376,0.9133),
      ["Head"] = CFrame.new(0.0000,0.0000,0.0000,1.0000,-0.0016,-0.0029,0.0021,0.9819,0.1891,0.0025,-0.1891,0.9819),
      ["RightUpperArm"] = CFrame.new(0.0000,0.0000,0.0000,0.9872,0.1596,0.0000,-0.1596,0.9872,-0.0000,-0.0000,0.0000,1.0000),
      ["RightLowerArm"] = CFrame.new(0.0000,0.0000,0.0000,1.0000,0.0000,0.0000,0.0000,1.0000,0.0000,0.0000,0.0000,1.0000),
      ["RightHand"] = CFrame.new(0.0000,0.0000,0.0000,1.0000,0.0012,0.0000,-0.0012,1.0000,-0.0000,-0.0000,0.0000,1.0000),
      ["LeftUpperLeg"] = CFrame.new(-0.0002,-0.0079,-0.0010,0.9825,0.0307,-0.1836,-0.0521,0.9922,-0.1132,0.1787,0.1207,0.9765),
      ["LeftLowerLeg"] = CFrame.new(0.0000,0.0000,0.0000,1.0000,-0.0000,0.0000,0.0000,0.9931,0.1169,-0.0000,-0.1169,0.9931),
      ["LeftFoot"] = CFrame.new(0.0000,0.0000,0.0000,0.9999,-0.0171,-0.0003,0.0171,0.9996,0.0231,-0.0001,-0.0231,0.9997),
      ["RightUpperLeg"] = CFrame.new(0.0000,-0.0016,-0.0001,0.9940,-0.0780,0.0765,0.0812,0.9959,-0.0403,-0.0730,0.0463,0.9963),
      ["RightLowerLeg"] = CFrame.new(0.0000,0.0000,0.0000,1.0000,-0.0000,0.0000,0.0000,0.9959,0.0903,-0.0000,-0.0903,0.9959),
      ["RightFoot"] = CFrame.new(0.0000,0.0000,0.0000,0.9997,0.0248,-0.0014,-0.0249,0.9986,-0.0465,0.0003,0.0465,0.9989),
    }},
    {Time = 6.600, Data = {
      ["HumanoidRootPart"] = CFrame.new(0.0000,0.0000,0.0000,1.0000,0.0000,0.0000,0.0000,1.0000,0.0000,0.0000,0.0000,1.0000),
      ["LowerTorso"] = CFrame.new(0.0004,-0.0003,0.0000,1.0000,-0.0071,0.0000,0.0071,1.0000,-0.0000,0.0000,0.0000,1.0000),
      ["UpperTorso"] = CFrame.new(0.0000,0.0000,0.0000,0.9990,0.0437,0.0000,-0.0436,0.9969,-0.0653,-0.0029,0.0652,0.9979),
      ["LeftUpperArm"] = CFrame.new(-0.0068,-0.0168,-0.1905,0.0354,-0.3470,-0.9372,0.0873,0.9353,-0.3430,0.9956,-0.0696,0.0634),
      ["LeftLowerArm"] = CFrame.new(-0.0092,-0.0032,-0.0038,0.8805,-0.4740,0.0000,0.3055,0.5674,-0.7647,0.3624,0.6733,0.6444),
      ["LeftHand"] = CFrame.new(0.0247,0.0428,0.0265,0.7579,-0.5274,-0.3839,0.6113,0.7797,0.1357,0.2277,-0.3376,0.9133),
      ["Head"] = CFrame.new(0.0000,0.0000,0.0000,1.0000,-0.0013,-0.0025,0.0018,0.9821,0.1886,0.0022,-0.1886,0.9821),
      ["RightUpperArm"] = CFrame.new(0.0000,0.0000,0.0000,0.9872,0.1596,0.0000,-0.1596,0.9872,-0.0000,-0.0000,0.0000,1.0000),
      ["RightLowerArm"] = CFrame.new(0.0000,0.0000,0.0000,1.0000,0.0000,0.0000,0.0000,1.0000,0.0000,0.0000,0.0000,1.0000),
      ["RightHand"] = CFrame.new(0.0000,0.0000,0.0000,1.0000,0.0011,0.0000,-0.0011,1.0000,-0.0000,-0.0000,0.0000,1.0000),
      ["LeftUpperLeg"] = CFrame.new(-0.0002,-0.0081,-0.0010,0.9825,0.0297,-0.1836,-0.0512,0.9922,-0.1136,0.1788,0.1210,0.9764),
      ["LeftLowerLeg"] = CFrame.new(0.0000,0.0000,0.0000,1.0000,-0.0000,0.0000,0.0000,0.9931,0.1175,-0.0000,-0.1175,0.9931),
      ["LeftFoot"] = CFrame.new(0.0000,0.0000,0.0000,0.9998,-0.0177,-0.0003,0.0178,0.9996,0.0230,-0.0001,-0.0230,0.9997),
      ["RightUpperLeg"] = CFrame.new(0.0000,-0.0013,-0.0000,0.9939,-0.0792,0.0765,0.0824,0.9958,-0.0402,-0.0730,0.0462,0.9963),
      ["RightLowerLeg"] = CFrame.new(0.0000,0.0000,0.0000,1.0000,-0.0000,0.0000,0.0000,0.9959,0.0903,-0.0000,-0.0903,0.9959),
      ["RightFoot"] = CFrame.new(0.0000,0.0000,0.0000,0.9997,0.0253,-0.0014,-0.0254,0.9986,-0.0469,0.0002,0.0469,0.9989),
    }},
    {Time = 6.633, Data = {
      ["HumanoidRootPart"] = CFrame.new(0.0000,0.0000,0.0000,1.0000,0.0000,0.0000,0.0000,1.0000,0.0000,0.0000,0.0000,1.0000),
      ["LowerTorso"] = CFrame.new(0.0003,-0.0003,0.0000,1.0000,-0.0059,0.0000,0.0059,1.0000,-0.0000,0.0000,0.0000,1.0000),
      ["UpperTorso"] = CFrame.new(0.0000,0.0000,0.0000,0.9991,0.0425,0.0000,-0.0424,0.9970,-0.0653,-0.0028,0.0652,0.9979),
      ["LeftUpperArm"] = CFrame.new(-0.0068,-0.0168,-0.1905,0.0354,-0.3470,-0.9372,0.0873,0.9353,-0.3430,0.9956,-0.0696,0.0634),
      ["LeftLowerArm"] = CFrame.new(-0.0092,-0.0032,-0.0038,0.8805,-0.4740,0.0000,0.3055,0.5674,-0.7647,0.3624,0.6733,0.6444),
      ["LeftHand"] = CFrame.new(0.0247,0.0428,0.0265,0.7579,-0.5274,-0.3839,0.6113,0.7797,0.1357,0.2277,-0.3376,0.9133),
      ["Head"] = CFrame.new(0.0000,0.0000,0.0000,1.0000,-0.0011,-0.0021,0.0015,0.9822,0.1880,0.0018,-0.1880,0.9822),
      ["RightUpperArm"] = CFrame.new(0.0000,0.0000,0.0000,0.9872,0.1596,0.0000,-0.1596,0.9872,-0.0000,-0.0000,0.0000,1.0000),
      ["RightLowerArm"] = CFrame.new(0.0000,0.0000,0.0000,1.0000,0.0000,0.0000,0.0000,1.0000,0.0000,0.0000,0.0000,1.0000),
      ["RightHand"] = CFrame.new(0.0000,0.0000,0.0000,1.0000,0.0009,0.0000,-0.0009,1.0000,-0.0000,-0.0000,0.0000,1.0000),
      ["LeftUpperLeg"] = CFrame.new(-0.0002,-0.0083,-0.0010,0.9826,0.0288,-0.1836,-0.0504,0.9922,-0.1140,0.1789,0.1213,0.9764),
      ["LeftLowerLeg"] = CFrame.new(0.0000,0.0000,0.0000,1.0000,-0.0000,0.0000,0.0000,0.9930,0.1181,-0.0000,-0.1181,0.9930),
      ["LeftFoot"] = CFrame.new(0.0000,0.0000,0.0000,0.9998,-0.0183,-0.0003,0.0183,0.9996,0.0229,-0.0001,-0.0229,0.9997),
      ["RightUpperLeg"] = CFrame.new(0.0000,-0.0011,-0.0000,0.9938,-0.0802,0.0765,0.0835,0.9957,-0.0400,-0.0729,0.0462,0.9963),
      ["RightLowerLeg"] = CFrame.new(0.0000,0.0000,0.0000,1.0000,-0.0000,0.0000,0.0000,0.9959,0.0903,-0.0000,-0.0903,0.9959),
      ["RightFoot"] = CFrame.new(0.0000,0.0000,0.0000,0.9997,0.0258,-0.0014,-0.0258,0.9986,-0.0472,0.0002,0.0472,0.9989),
    }},
    {Time = 6.667, Data = {
      ["HumanoidRootPart"] = CFrame.new(0.0000,0.0000,0.0000,1.0000,0.0000,0.0000,0.0000,1.0000,0.0000,0.0000,0.0000,1.0000),
      ["LowerTorso"] = CFrame.new(0.0003,-0.0002,0.0000,1.0000,-0.0049,0.0000,0.0049,1.0000,-0.0000,0.0000,0.0000,1.0000),
      ["UpperTorso"] = CFrame.new(0.0000,0.0000,0.0000,0.9991,0.0414,0.0000,-0.0413,0.9970,-0.0653,-0.0027,0.0652,0.9979),
      ["LeftUpperArm"] = CFrame.new(-0.0068,-0.0168,-0.1905,0.0354,-0.3470,-0.9372,0.0873,0.9353,-0.3430,0.9956,-0.0696,0.0634),
      ["LeftLowerArm"] = CFrame.new(-0.0092,-0.0032,-0.0038,0.8805,-0.4740,0.0000,0.3055,0.5674,-0.7647,0.3624,0.6733,0.6444),
      ["LeftHand"] = CFrame.new(0.0247,0.0428,0.0265,0.7579,-0.5274,-0.3839,0.6113,0.7797,0.1357,0.2277,-0.3376,0.9133),
      ["Head"] = CFrame.new(0.0000,0.0000,0.0000,1.0000,-0.0009,-0.0017,0.0012,0.9823,0.1875,0.0015,-0.1875,0.9823),
      ["RightUpperArm"] = CFrame.new(0.0000,0.0000,0.0000,0.9872,0.1596,0.0000,-0.1596,0.9872,-0.0000,-0.0000,0.0000,1.0000),
      ["RightLowerArm"] = CFrame.new(0.0000,0.0000,0.0000,1.0000,0.0000,0.0000,0.0000,1.0000,0.0000,0.0000,0.0000,1.0000),
      ["RightHand"] = CFrame.new(0.0000,0.0000,0.0000,1.0000,0.0007,0.0000,-0.0007,1.0000,-0.0000,-0.0000,0.0000,1.0000),
      ["LeftUpperLeg"] = CFrame.new(-0.0002,-0.0084,-0.0010,0.9826,0.0279,-0.1837,-0.0496,0.9922,-0.1144,0.1790,0.1215,0.9763),
      ["LeftLowerLeg"] = CFrame.new(0.0000,0.0000,0.0000,1.0000,-0.0000,0.0000,0.0000,0.9929,0.1187,-0.0000,-0.1187,0.9929),
      ["LeftFoot"] = CFrame.new(0.0000,0.0000,0.0000,0.9998,-0.0189,-0.0003,0.0189,0.9996,0.0228,-0.0001,-0.0228,0.9997),
      ["RightUpperLeg"] = CFrame.new(0.0000,-0.0009,-0.0000,0.9938,-0.0812,0.0765,0.0844,0.9956,-0.0399,-0.0729,0.0461,0.9963),
      ["RightLowerLeg"] = CFrame.new(0.0000,0.0000,0.0000,1.0000,-0.0000,0.0000,0.0000,0.9959,0.0903,-0.0000,-0.0903,0.9959),
      ["RightFoot"] = CFrame.new(0.0000,0.0000,0.0000,0.9997,0.0262,-0.0014,-0.0263,0.9985,-0.0475,0.0001,0.0475,0.9989),
    }},
    {Time = 6.700, Data = {
      ["HumanoidRootPart"] = CFrame.new(0.0000,0.0000,0.0000,1.0000,0.0000,0.0000,0.0000,1.0000,0.0000,0.0000,0.0000,1.0000),
      ["LowerTorso"] = CFrame.new(0.0002,-0.0002,0.0000,1.0000,-0.0040,0.0000,0.0040,1.0000,-0.0000,0.0000,0.0000,1.0000),
      ["UpperTorso"] = CFrame.new(0.0000,0.0000,0.0000,0.9992,0.0405,0.0000,-0.0404,0.9971,-0.0653,-0.0027,0.0652,0.9979),
      ["LeftUpperArm"] = CFrame.new(-0.0068,-0.0168,-0.1905,0.0354,-0.3470,-0.9372,0.0873,0.9353,-0.3430,0.9956,-0.0696,0.0634),
      ["LeftLowerArm"] = CFrame.new(-0.0092,-0.0032,-0.0038,0.8805,-0.4740,0.0000,0.3055,0.5674,-0.7647,0.3624,0.6733,0.6444),
      ["LeftHand"] = CFrame.new(0.0247,0.0428,0.0265,0.7579,-0.5274,-0.3839,0.6113,0.7797,0.1357,0.2277,-0.3376,0.9133),
      ["Head"] = CFrame.new(0.0000,0.0000,0.0000,1.0000,-0.0008,-0.0014,0.0010,0.9823,0.1871,0.0012,-0.1871,0.9823),
      ["RightUpperArm"] = CFrame.new(0.0000,0.0000,0.0000,0.9872,0.1596,0.0000,-0.1596,0.9872,-0.0000,-0.0000,0.0000,1.0000),
      ["RightLowerArm"] = CFrame.new(0.0000,0.0000,0.0000,1.0000,0.0000,0.0000,0.0000,1.0000,0.0000,0.0000,0.0000,1.0000),
      ["RightHand"] = CFrame.new(0.0000,0.0000,0.0000,1.0000,0.0006,0.0000,-0.0006,1.0000,-0.0000,-0.0000,0.0000,1.0000),
      ["LeftUpperLeg"] = CFrame.new(-0.0002,-0.0086,-0.0010,0.9826,0.0272,-0.1837,-0.0489,0.9922,-0.1147,0.1791,0.1217,0.9763),
      ["LeftLowerLeg"] = CFrame.new(0.0000,0.0000,0.0000,1.0000,-0.0000,0.0000,0.0000,0.9929,0.1192,-0.0000,-0.1192,0.9929),
      ["LeftFoot"] = CFrame.new(0.0000,0.0000,0.0000,0.9998,-0.0194,-0.0004,0.0194,0.9996,0.0227,-0.0001,-0.0227,0.9997),
      ["RightUpperLeg"] = CFrame.new(0.0000,-0.0007,-0.0000,0.9937,-0.0821,0.0765,0.0853,0.9956,-0.0398,-0.0729,0.0461,0.9963),
      ["RightLowerLeg"] = CFrame.new(0.0000,0.0000,0.0000,1.0000,-0.0000,0.0000,0.0000,0.9959,0.0903,-0.0000,-0.0903,0.9959),
      ["RightFoot"] = CFrame.new(0.0000,0.0000,0.0000,0.9996,0.0266,-0.0014,-0.0267,0.9985,-0.0478,0.0001,0.0478,0.9989),
    }},
    {Time = 6.733, Data = {
      ["HumanoidRootPart"] = CFrame.new(0.0000,0.0000,0.0000,1.0000,0.0000,0.0000,0.0000,1.0000,0.0000,0.0000,0.0000,1.0000),
      ["LowerTorso"] = CFrame.new(0.0002,-0.0001,0.0000,1.0000,-0.0031,0.0000,0.0031,1.0000,-0.0000,0.0000,0.0000,1.0000),
      ["UpperTorso"] = CFrame.new(0.0000,0.0000,0.0000,0.9992,0.0396,0.0000,-0.0395,0.9971,-0.0653,-0.0026,0.0652,0.9979),
      ["LeftUpperArm"] = CFrame.new(-0.0068,-0.0168,-0.1905,0.0354,-0.3470,-0.9372,0.0873,0.9353,-0.3430,0.9956,-0.0696,0.0634),
      ["LeftLowerArm"] = CFrame.new(-0.0092,-0.0032,-0.0038,0.8805,-0.4740,0.0000,0.3055,0.5674,-0.7647,0.3624,0.6733,0.6444),
      ["LeftHand"] = CFrame.new(0.0247,0.0428,0.0265,0.7579,-0.5274,-0.3839,0.6113,0.7797,0.1357,0.2277,-0.3376,0.9133),
      ["Head"] = CFrame.new(0.0000,0.0000,0.0000,1.0000,-0.0006,-0.0011,0.0008,0.9824,0.1867,0.0010,-0.1867,0.9824),
      ["RightUpperArm"] = CFrame.new(0.0000,0.0000,0.0000,0.9872,0.1596,0.0000,-0.1596,0.9872,-0.0000,-0.0000,0.0000,1.0000),
      ["RightLowerArm"] = CFrame.new(0.0000,0.0000,0.0000,1.0000,0.0000,0.0000,0.0000,1.0000,0.0000,0.0000,0.0000,1.0000),
      ["RightHand"] = CFrame.new(0.0000,0.0000,0.0000,1.0000,0.0005,0.0000,-0.0005,1.0000,-0.0000,-0.0000,0.0000,1.0000),
      ["LeftUpperLeg"] = CFrame.new(-0.0002,-0.0087,-0.0011,0.9826,0.0265,-0.1837,-0.0482,0.9922,-0.1150,0.1792,0.1219,0.9762),
      ["LeftLowerLeg"] = CFrame.new(0.0000,0.0000,0.0000,1.0000,-0.0000,0.0000,0.0000,0.9928,0.1197,-0.0000,-0.1197,0.9928),
      ["LeftFoot"] = CFrame.new(0.0000,0.0000,0.0000,0.9998,-0.0198,-0.0004,0.0198,0.9995,0.0226,-0.0001,-0.0226,0.9997),
      ["RightUpperLeg"] = CFrame.new(0.0000,-0.0006,-0.0000,0.9936,-0.0829,0.0765,0.0861,0.9955,-0.0397,-0.0729,0.0460,0.9963),
      ["RightLowerLeg"] = CFrame.new(0.0000,0.0000,0.0000,1.0000,-0.0000,0.0000,0.0000,0.9959,0.0903,-0.0000,-0.0903,0.9959),
      ["RightFoot"] = CFrame.new(0.0000,0.0000,0.0000,0.9996,0.0270,-0.0014,-0.0270,0.9985,-0.0480,0.0001,0.0480,0.9988),
    }},
    {Time = 6.767, Data = {
      ["HumanoidRootPart"] = CFrame.new(0.0000,0.0000,0.0000,1.0000,0.0000,0.0000,0.0000,1.0000,0.0000,0.0000,0.0000,1.0000),
      ["LowerTorso"] = CFrame.new(0.0001,-0.0001,0.0000,1.0000,-0.0024,0.0000,0.0024,1.0000,-0.0000,0.0000,0.0000,1.0000),
      ["UpperTorso"] = CFrame.new(0.0000,0.0000,0.0000,0.9992,0.0388,0.0000,-0.0388,0.9971,-0.0653,-0.0025,0.0652,0.9979),
      ["LeftUpperArm"] = CFrame.new(-0.0068,-0.0168,-0.1905,0.0354,-0.3470,-0.9372,0.0873,0.9353,-0.3430,0.9956,-0.0696,0.0634),
      ["LeftLowerArm"] = CFrame.new(-0.0092,-0.0032,-0.0038,0.8805,-0.4740,0.0000,0.3055,0.5674,-0.7647,0.3624,0.6733,0.6444),
      ["LeftHand"] = CFrame.new(0.0247,0.0428,0.0265,0.7579,-0.5274,-0.3839,0.6113,0.7797,0.1357,0.2277,-0.3376,0.9133),
      ["Head"] = CFrame.new(0.0000,0.0000,0.0000,1.0000,-0.0005,-0.0008,0.0006,0.9825,0.1864,0.0007,-0.1864,0.9825),
      ["RightUpperArm"] = CFrame.new(0.0000,0.0000,0.0000,0.9872,0.1596,0.0000,-0.1596,0.9872,-0.0000,-0.0000,0.0000,1.0000),
      ["RightLowerArm"] = CFrame.new(0.0000,0.0000,0.0000,1.0000,0.0000,0.0000,0.0000,1.0000,0.0000,0.0000,0.0000,1.0000),
      ["RightHand"] = CFrame.new(0.0000,0.0000,0.0000,1.0000,0.0004,0.0000,-0.0004,1.0000,-0.0000,-0.0000,0.0000,1.0000),
      ["LeftUpperLeg"] = CFrame.new(-0.0002,-0.0088,-0.0011,0.9826,0.0259,-0.1837,-0.0477,0.9922,-0.1153,0.1793,0.1221,0.9762),
      ["LeftLowerLeg"] = CFrame.new(0.0000,0.0000,0.0000,1.0000,-0.0000,0.0000,0.0000,0.9928,0.1201,-0.0000,-0.1201,0.9928),
      ["LeftFoot"] = CFrame.new(0.0000,0.0000,0.0000,0.9998,-0.0202,-0.0004,0.0202,0.9995,0.0226,-0.0000,-0.0226,0.9997),
      ["RightUpperLeg"] = CFrame.new(0.0000,-0.0005,-0.0000,0.9936,-0.0836,0.0765,0.0868,0.9954,-0.0396,-0.0728,0.0460,0.9963),
      ["RightLowerLeg"] = CFrame.new(0.0000,0.0000,0.0000,1.0000,-0.0000,0.0000,0.0000,0.9959,0.0903,-0.0000,-0.0903,0.9959),
      ["RightFoot"] = CFrame.new(0.0000,0.0000,0.0000,0.9996,0.0273,-0.0014,-0.0273,0.9985,-0.0482,0.0000,0.0483,0.9988),
    }},
    {Time = 6.800, Data = {
      ["HumanoidRootPart"] = CFrame.new(0.0000,0.0000,0.0000,1.0000,0.0000,0.0000,0.0000,1.0000,0.0000,0.0000,0.0000,1.0000),
      ["LowerTorso"] = CFrame.new(0.0001,-0.0001,0.0000,1.0000,-0.0018,0.0000,0.0018,1.0000,-0.0000,0.0000,0.0000,1.0000),
      ["UpperTorso"] = CFrame.new(0.0000,0.0000,0.0000,0.9993,0.0382,0.0000,-0.0381,0.9971,-0.0653,-0.0025,0.0652,0.9979),
      ["LeftUpperArm"] = CFrame.new(-0.0068,-0.0168,-0.1905,0.0354,-0.3470,-0.9372,0.0873,0.9353,-0.3430,0.9956,-0.0696,0.0634),
      ["LeftLowerArm"] = CFrame.new(-0.0092,-0.0032,-0.0038,0.8805,-0.4740,0.0000,0.3055,0.5674,-0.7647,0.3624,0.6733,0.6444),
      ["LeftHand"] = CFrame.new(0.0247,0.0428,0.0265,0.7579,-0.5274,-0.3839,0.6113,0.7797,0.1357,0.2277,-0.3376,0.9133),
      ["Head"] = CFrame.new(0.0000,0.0000,0.0000,1.0000,-0.0003,-0.0006,0.0004,0.9825,0.1861,0.0005,-0.1861,0.9825),
      ["RightUpperArm"] = CFrame.new(0.0000,0.0000,0.0000,0.9872,0.1596,0.0000,-0.1596,0.9872,-0.0000,-0.0000,0.0000,1.0000),
      ["RightLowerArm"] = CFrame.new(0.0000,0.0000,0.0000,1.0000,0.0000,0.0000,0.0000,1.0000,0.0000,0.0000,0.0000,1.0000),
      ["RightHand"] = CFrame.new(0.0000,0.0000,0.0000,1.0000,0.0003,0.0000,-0.0003,1.0000,-0.0000,-0.0000,0.0000,1.0000),
      ["LeftUpperLeg"] = CFrame.new(-0.0002,-0.0089,-0.0011,0.9826,0.0254,-0.1837,-0.0472,0.9922,-0.1155,0.1794,0.1222,0.9762),
      ["LeftLowerLeg"] = CFrame.new(0.0000,0.0000,0.0000,1.0000,-0.0000,0.0000,0.0000,0.9927,0.1204,-0.0000,-0.1204,0.9927),
      ["LeftFoot"] = CFrame.new(0.0000,0.0000,0.0000,0.9998,-0.0205,-0.0004,0.0205,0.9995,0.0225,-0.0000,-0.0225,0.9997),
      ["RightUpperLeg"] = CFrame.new(0.0000,-0.0003,-0.0000,0.9935,-0.0842,0.0765,0.0874,0.9954,-0.0395,-0.0728,0.0460,0.9963),
      ["RightLowerLeg"] = CFrame.new(0.0000,0.0000,0.0000,1.0000,-0.0000,0.0000,0.0000,0.9959,0.0903,-0.0000,-0.0903,0.9959),
      ["RightFoot"] = CFrame.new(0.0000,0.0000,0.0000,0.9996,0.0276,-0.0014,-0.0276,0.9984,-0.0484,0.0000,0.0484,0.9988),
    }},
    {Time = 6.833, Data = {
      ["HumanoidRootPart"] = CFrame.new(0.0000,0.0000,0.0000,1.0000,0.0000,0.0000,0.0000,1.0000,0.0000,0.0000,0.0000,1.0000),
      ["LowerTorso"] = CFrame.new(0.0001,-0.0001,0.0000,1.0000,-0.0012,0.0000,0.0012,1.0000,-0.0000,0.0000,0.0000,1.0000),
      ["UpperTorso"] = CFrame.new(0.0000,0.0000,0.0000,0.9993,0.0376,0.0000,-0.0375,0.9972,-0.0653,-0.0025,0.0653,0.9979),
      ["LeftUpperArm"] = CFrame.new(-0.0068,-0.0168,-0.1905,0.0354,-0.3470,-0.9372,0.0873,0.9353,-0.3430,0.9956,-0.0696,0.0634),
      ["LeftLowerArm"] = CFrame.new(-0.0092,-0.0032,-0.0038,0.8805,-0.4740,0.0000,0.3055,0.5674,-0.7647,0.3624,0.6733,0.6444),
      ["LeftHand"] = CFrame.new(0.0247,0.0428,0.0265,0.7579,-0.5274,-0.3839,0.6113,0.7797,0.1357,0.2277,-0.3376,0.9133),
      ["Head"] = CFrame.new(0.0000,0.0000,0.0000,1.0000,-0.0002,-0.0004,0.0003,0.9826,0.1858,0.0004,-0.1858,0.9826),
      ["RightUpperArm"] = CFrame.new(0.0000,0.0000,0.0000,0.9872,0.1596,0.0000,-0.1596,0.9872,-0.0000,-0.0000,0.0000,1.0000),
      ["RightLowerArm"] = CFrame.new(0.0000,0.0000,0.0000,1.0000,0.0000,0.0000,0.0000,1.0000,0.0000,0.0000,0.0000,1.0000),
      ["RightHand"] = CFrame.new(0.0000,0.0000,0.0000,1.0000,0.0002,0.0000,-0.0002,1.0000,-0.0000,-0.0000,0.0000,1.0000),
      ["LeftUpperLeg"] = CFrame.new(-0.0002,-0.0090,-0.0011,0.9827,0.0249,-0.1837,-0.0468,0.9922,-0.1157,0.1794,0.1223,0.9761),
      ["LeftLowerLeg"] = CFrame.new(0.0000,0.0000,0.0000,1.0000,-0.0000,0.0000,0.0000,0.9927,0.1207,-0.0000,-0.1207,0.9927),
      ["LeftFoot"] = CFrame.new(0.0000,0.0000,0.0000,0.9998,-0.0208,-0.0004,0.0208,0.9995,0.0225,-0.0000,-0.0225,0.9997),
      ["RightUpperLeg"] = CFrame.new(0.0000,-0.0002,-0.0000,0.9935,-0.0847,0.0765,0.0879,0.9953,-0.0395,-0.0728,0.0459,0.9963),
      ["RightLowerLeg"] = CFrame.new(0.0000,0.0000,0.0000,1.0000,-0.0000,0.0000,0.0000,0.9959,0.0903,-0.0000,-0.0903,0.9959),
      ["RightFoot"] = CFrame.new(0.0000,0.0000,0.0000,0.9996,0.0278,-0.0013,-0.0278,0.9984,-0.0486,-0.0000,0.0486,0.9988),
    }},
    {Time = 6.867, Data = {
      ["HumanoidRootPart"] = CFrame.new(0.0000,0.0000,0.0000,1.0000,0.0000,0.0000,0.0000,1.0000,0.0000,0.0000,0.0000,1.0000),
      ["LowerTorso"] = CFrame.new(0.0000,-0.0000,0.0000,1.0000,-0.0008,0.0000,0.0008,1.0000,-0.0000,0.0000,0.0000,1.0000),
      ["UpperTorso"] = CFrame.new(0.0000,0.0000,0.0000,0.9993,0.0372,0.0000,-0.0371,0.9972,-0.0653,-0.0024,0.0653,0.9979),
      ["LeftUpperArm"] = CFrame.new(-0.0068,-0.0168,-0.1905,0.0354,-0.3470,-0.9372,0.0873,0.9353,-0.3430,0.9956,-0.0696,0.0634),
      ["LeftLowerArm"] = CFrame.new(-0.0092,-0.0032,-0.0038,0.8805,-0.4740,0.0000,0.3055,0.5674,-0.7647,0.3624,0.6733,0.6444),
      ["LeftHand"] = CFrame.new(0.0247,0.0428,0.0265,0.7579,-0.5274,-0.3839,0.6113,0.7797,0.1357,0.2277,-0.3376,0.9133),
      ["Head"] = CFrame.new(0.0000,0.0000,0.0000,1.0000,-0.0001,-0.0003,0.0002,0.9826,0.1856,0.0002,-0.1856,0.9826),
      ["RightUpperArm"] = CFrame.new(0.0000,0.0000,0.0000,0.9872,0.1596,0.0000,-0.1596,0.9872,-0.0000,-0.0000,0.0000,1.0000),
      ["RightLowerArm"] = CFrame.new(0.0000,0.0000,0.0000,1.0000,0.0000,0.0000,0.0000,1.0000,0.0000,0.0000,0.0000,1.0000),
      ["RightHand"] = CFrame.new(0.0000,0.0000,0.0000,1.0000,0.0001,0.0000,-0.0001,1.0000,-0.0000,-0.0000,0.0000,1.0000),
      ["LeftUpperLeg"] = CFrame.new(-0.0002,-0.0091,-0.0011,0.9827,0.0246,-0.1837,-0.0465,0.9922,-0.1159,0.1795,0.1224,0.9761),
      ["LeftLowerLeg"] = CFrame.new(0.0000,0.0000,0.0000,1.0000,-0.0000,0.0000,0.0000,0.9927,0.1209,-0.0000,-0.1209,0.9927),
      ["LeftFoot"] = CFrame.new(0.0000,0.0000,0.0000,0.9998,-0.0210,-0.0005,0.0210,0.9995,0.0224,-0.0000,-0.0224,0.9997),
      ["RightUpperLeg"] = CFrame.new(0.0000,-0.0001,-0.0000,0.9934,-0.0852,0.0765,0.0883,0.9953,-0.0394,-0.0728,0.0459,0.9963),
      ["RightLowerLeg"] = CFrame.new(0.0000,0.0000,0.0000,1.0000,-0.0000,0.0000,0.0000,0.9959,0.0903,-0.0000,-0.0903,0.9959),
      ["RightFoot"] = CFrame.new(0.0000,0.0000,0.0000,0.9996,0.0280,-0.0013,-0.0280,0.9984,-0.0487,-0.0000,0.0487,0.9988),
    }},
    {Time = 6.900, Data = {
      ["HumanoidRootPart"] = CFrame.new(0.0000,0.0000,0.0000,1.0000,0.0000,0.0000,0.0000,1.0000,0.0000,0.0000,0.0000,1.0000),
      ["LowerTorso"] = CFrame.new(0.0000,-0.0000,0.0000,1.0000,-0.0004,0.0000,0.0004,1.0000,-0.0000,0.0000,0.0000,1.0000),
      ["UpperTorso"] = CFrame.new(0.0000,0.0000,0.0000,0.9993,0.0368,0.0000,-0.0367,0.9972,-0.0653,-0.0024,0.0653,0.9979),
      ["LeftUpperArm"] = CFrame.new(-0.0068,-0.0168,-0.1905,0.0354,-0.3470,-0.9372,0.0873,0.9353,-0.3430,0.9956,-0.0696,0.0634),
      ["LeftLowerArm"] = CFrame.new(-0.0092,-0.0032,-0.0038,0.8805,-0.4740,0.0000,0.3055,0.5674,-0.7647,0.3624,0.6733,0.6444),
      ["LeftHand"] = CFrame.new(0.0247,0.0428,0.0265,0.7579,-0.5274,-0.3839,0.6113,0.7797,0.1357,0.2277,-0.3376,0.9133),
      ["Head"] = CFrame.new(0.0000,0.0000,0.0000,1.0000,-0.0001,-0.0002,0.0001,0.9827,0.1854,0.0001,-0.1854,0.9827),
      ["RightUpperArm"] = CFrame.new(0.0000,0.0000,0.0000,0.9872,0.1596,0.0000,-0.1596,0.9872,-0.0000,-0.0000,0.0000,1.0000),
      ["RightLowerArm"] = CFrame.new(0.0000,0.0000,0.0000,1.0000,0.0000,0.0000,0.0000,1.0000,0.0000,0.0000,0.0000,1.0000),
      ["RightHand"] = CFrame.new(0.0000,0.0000,0.0000,1.0000,0.0001,0.0000,-0.0001,1.0000,-0.0000,-0.0000,0.0000,1.0000),
      ["LeftUpperLeg"] = CFrame.new(-0.0002,-0.0091,-0.0011,0.9827,0.0243,-0.1837,-0.0462,0.9922,-0.1160,0.1795,0.1225,0.9761),
      ["LeftLowerLeg"] = CFrame.new(0.0000,0.0000,0.0000,1.0000,-0.0000,0.0000,0.0000,0.9926,0.1211,-0.0000,-0.1211,0.9926),
      ["LeftFoot"] = CFrame.new(0.0000,0.0000,0.0000,0.9998,-0.0212,-0.0005,0.0212,0.9995,0.0224,-0.0000,-0.0224,0.9997),
      ["RightUpperLeg"] = CFrame.new(0.0000,-0.0001,-0.0000,0.9934,-0.0855,0.0765,0.0887,0.9953,-0.0394,-0.0728,0.0459,0.9963),
      ["RightLowerLeg"] = CFrame.new(0.0000,0.0000,0.0000,1.0000,-0.0000,0.0000,0.0000,0.9959,0.0903,-0.0000,-0.0903,0.9959),
      ["RightFoot"] = CFrame.new(0.0000,0.0000,0.0000,0.9996,0.0281,-0.0013,-0.0282,0.9984,-0.0488,-0.0000,0.0488,0.9988),
    }},
    {Time = 6.933, Data = {
      ["HumanoidRootPart"] = CFrame.new(0.0000,0.0000,0.0000,1.0000,0.0000,0.0000,0.0000,1.0000,0.0000,0.0000,0.0000,1.0000),
      ["LowerTorso"] = CFrame.new(0.0000,-0.0000,0.0000,1.0000,-0.0002,0.0000,0.0002,1.0000,-0.0000,0.0000,0.0000,1.0000),
      ["UpperTorso"] = CFrame.new(0.0000,0.0000,0.0000,0.9993,0.0366,0.0000,-0.0365,0.9972,-0.0653,-0.0024,0.0653,0.9979),
      ["LeftUpperArm"] = CFrame.new(-0.0068,-0.0168,-0.1905,0.0354,-0.3470,-0.9372,0.0873,0.9353,-0.3430,0.9956,-0.0696,0.0634),
      ["LeftLowerArm"] = CFrame.new(-0.0092,-0.0032,-0.0038,0.8805,-0.4740,0.0000,0.3055,0.5674,-0.7647,0.3624,0.6733,0.6444),
      ["LeftHand"] = CFrame.new(0.0247,0.0428,0.0265,0.7579,-0.5274,-0.3839,0.6113,0.7797,0.1357,0.2277,-0.3376,0.9133),
      ["Head"] = CFrame.new(0.0000,0.0000,0.0000,1.0000,-0.0000,-0.0001,0.0000,0.9827,0.1853,0.0001,-0.1853,0.9827),
      ["RightUpperArm"] = CFrame.new(0.0000,0.0000,0.0000,0.9872,0.1596,0.0000,-0.1596,0.9872,-0.0000,-0.0000,0.0000,1.0000),
      ["RightLowerArm"] = CFrame.new(0.0000,0.0000,0.0000,1.0000,0.0000,0.0000,0.0000,1.0000,0.0000,0.0000,0.0000,1.0000),
      ["RightHand"] = CFrame.new(0.0000,0.0000,0.0000,1.0000,0.0000,0.0000,-0.0000,1.0000,-0.0000,-0.0000,0.0000,1.0000),
      ["LeftUpperLeg"] = CFrame.new(-0.0002,-0.0091,-0.0011,0.9827,0.0241,-0.1838,-0.0460,0.9922,-0.1161,0.1795,0.1225,0.9761),
      ["LeftLowerLeg"] = CFrame.new(0.0000,0.0000,0.0000,1.0000,-0.0000,0.0000,0.0000,0.9926,0.1212,-0.0000,-0.1212,0.9926),
      ["LeftFoot"] = CFrame.new(0.0000,0.0000,0.0000,0.9998,-0.0213,-0.0005,0.0213,0.9995,0.0224,-0.0000,-0.0224,0.9997),
      ["RightUpperLeg"] = CFrame.new(0.0000,-0.0000,-0.0000,0.9934,-0.0857,0.0765,0.0889,0.9953,-0.0394,-0.0728,0.0459,0.9963),
      ["RightLowerLeg"] = CFrame.new(0.0000,0.0000,0.0000,1.0000,-0.0000,0.0000,0.0000,0.9959,0.0903,-0.0000,-0.0903,0.9959),
      ["RightFoot"] = CFrame.new(0.0000,0.0000,0.0000,0.9996,0.0282,-0.0013,-0.0283,0.9984,-0.0489,-0.0000,0.0489,0.9988),
    }},
    {Time = 6.967, Data = {
      ["HumanoidRootPart"] = CFrame.new(0.0000,0.0000,0.0000,1.0000,0.0000,0.0000,0.0000,1.0000,0.0000,0.0000,0.0000,1.0000),
      ["LowerTorso"] = CFrame.new(0.0000,-0.0000,0.0000,1.0000,-0.0000,0.0000,0.0000,1.0000,-0.0000,0.0000,0.0000,1.0000),
      ["UpperTorso"] = CFrame.new(0.0000,0.0000,0.0000,0.9993,0.0364,0.0000,-0.0363,0.9972,-0.0653,-0.0024,0.0653,0.9979),
      ["LeftUpperArm"] = CFrame.new(-0.0068,-0.0168,-0.1905,0.0354,-0.3470,-0.9372,0.0873,0.9353,-0.3430,0.9956,-0.0696,0.0634),
      ["LeftLowerArm"] = CFrame.new(-0.0092,-0.0032,-0.0038,0.8805,-0.4740,0.0000,0.3055,0.5674,-0.7647,0.3624,0.6733,0.6444),
      ["LeftHand"] = CFrame.new(0.0247,0.0428,0.0265,0.7579,-0.5274,-0.3839,0.6113,0.7797,0.1357,0.2277,-0.3376,0.9133),
      ["Head"] = CFrame.new(0.0000,0.0000,0.0000,1.0000,-0.0000,-0.0000,0.0000,0.9827,0.1853,0.0000,-0.1853,0.9827),
      ["RightUpperArm"] = CFrame.new(0.0000,0.0000,0.0000,0.9872,0.1596,0.0000,-0.1596,0.9872,-0.0000,-0.0000,0.0000,1.0000),
      ["RightLowerArm"] = CFrame.new(0.0000,0.0000,0.0000,1.0000,0.0000,0.0000,0.0000,1.0000,0.0000,0.0000,0.0000,1.0000),
      ["RightHand"] = CFrame.new(0.0000,0.0000,0.0000,1.0000,0.0000,0.0000,-0.0000,1.0000,-0.0000,-0.0000,0.0000,1.0000),
      ["LeftUpperLeg"] = CFrame.new(-0.0002,-0.0092,-0.0011,0.9827,0.0240,-0.1838,-0.0459,0.9922,-0.1162,0.1795,0.1226,0.9761),
      ["LeftLowerLeg"] = CFrame.new(0.0000,0.0000,0.0000,1.0000,-0.0000,0.0000,0.0000,0.9926,0.1213,-0.0000,-0.1213,0.9926),
      ["LeftFoot"] = CFrame.new(0.0000,0.0000,0.0000,0.9998,-0.0214,-0.0005,0.0214,0.9995,0.0224,-0.0000,-0.0224,0.9998),
      ["RightUpperLeg"] = CFrame.new(0.0000,-0.0000,-0.0000,0.9934,-0.0859,0.0765,0.0890,0.9952,-0.0393,-0.0727,0.0459,0.9963),
      ["RightLowerLeg"] = CFrame.new(0.0000,0.0000,0.0000,1.0000,-0.0000,0.0000,0.0000,0.9959,0.0903,-0.0000,-0.0903,0.9959),
      ["RightFoot"] = CFrame.new(0.0000,0.0000,0.0000,0.9996,0.0283,-0.0013,-0.0283,0.9984,-0.0489,-0.0001,0.0489,0.9988),
    }},
    {Time = 7.000, Data = {
      ["HumanoidRootPart"] = CFrame.new(0.0000,0.0000,0.0000,1.0000,0.0000,0.0000,0.0000,1.0000,0.0000,0.0000,0.0000,1.0000),
      ["LowerTorso"] = CFrame.new(0.0000,0.0000,0.0000,1.0000,0.0000,0.0000,0.0000,1.0000,0.0000,0.0000,0.0000,1.0000),
      ["UpperTorso"] = CFrame.new(0.0000,0.0000,0.0000,0.9993,0.0364,0.0000,-0.0363,0.9972,-0.0653,-0.0024,0.0653,0.9979),
      ["LeftUpperArm"] = CFrame.new(-0.0068,-0.0168,-0.1905,0.0354,-0.3470,-0.9372,0.0873,0.9353,-0.3430,0.9956,-0.0696,0.0634),
      ["LeftLowerArm"] = CFrame.new(-0.0092,-0.0032,-0.0038,0.8805,-0.4740,0.0000,0.3055,0.5674,-0.7647,0.3624,0.6733,0.6444),
      ["LeftHand"] = CFrame.new(0.0247,0.0428,0.0265,0.7579,-0.5274,-0.3839,0.6113,0.7797,0.1357,0.2277,-0.3376,0.9133),
      ["Head"] = CFrame.new(0.0000,0.0000,0.0000,1.0000,-0.0000,0.0000,0.0000,0.9827,0.1852,-0.0000,-0.1852,0.9827),
      ["RightUpperArm"] = CFrame.new(0.0000,0.0000,0.0000,0.9872,0.1596,0.0000,-0.1596,0.9872,-0.0000,-0.0000,0.0000,1.0000),
      ["RightLowerArm"] = CFrame.new(0.0000,0.0000,0.0000,1.0000,0.0000,0.0000,0.0000,1.0000,0.0000,0.0000,0.0000,1.0000),
      ["RightHand"] = CFrame.new(0.0000,0.0000,0.0000,1.0000,0.0000,0.0000,0.0000,1.0000,0.0000,0.0000,0.0000,1.0000),
      ["LeftUpperLeg"] = CFrame.new(-0.0002,-0.0092,-0.0011,0.9827,0.0239,-0.1838,-0.0459,0.9922,-0.1162,0.1795,0.1226,0.9761),
      ["LeftLowerLeg"] = CFrame.new(0.0000,0.0000,0.0000,1.0000,-0.0000,0.0000,0.0000,0.9926,0.1214,-0.0000,-0.1214,0.9926),
      ["LeftFoot"] = CFrame.new(0.0000,0.0000,0.0000,0.9998,-0.0214,-0.0005,0.0214,0.9995,0.0223,0.0000,-0.0223,0.9998),
      ["RightUpperLeg"] = CFrame.new(0.0000,0.0000,0.0000,0.9934,-0.0859,0.0765,0.0891,0.9952,-0.0393,-0.0727,0.0459,0.9963),
      ["RightLowerLeg"] = CFrame.new(0.0000,0.0000,0.0000,1.0000,-0.0000,0.0000,0.0000,0.9959,0.0903,-0.0000,-0.0903,0.9959),
      ["RightFoot"] = CFrame.new(0.0000,0.0000,0.0000,0.9996,0.0283,-0.0013,-0.0284,0.9984,-0.0489,-0.0001,0.0490,0.9988),
    }},
  }
}
