return {
  ["98690366480441"] = {
    {Time = 0.000, Data = {
      ["HumanoidRootPart"] = CFrame.new(0.0000,0.0000,0.0000,1.0000,0.0000,0.0000,0.0000,1.0000,0.0000,0.0000,0.0000,1.0000),
      ["LowerTorso"] = CFrame.new(0.0000,0.0000,0.0000,1.0000,0.0000,0.0000,0.0000,1.0000,0.0000,0.0000,0.0000,1.0000),
      ["LeftUpperLeg"] = CFrame.new(0.0000,0.0000,0.0000,1.0000,0.0000,0.0000,0.0000,1.0000,0.0000,0.0000,0.0000,1.0000),
      ["LeftLowerLeg"] = CFrame.new(0.0000,0.0000,0.0000,1.0000,0.0000,0.0000,0.0000,1.0000,0.0000,0.0000,0.0000,1.0000),
      ["LeftFoot"] = CFrame.new(0.0000,0.0000,0.0000,1.0000,0.0000,0.0000,0.0000,1.0000,0.0000,0.0000,0.0000,1.0000),
      ["UpperTorso"] = CFrame.new(0.0000,0.0000,0.0000,1.0000,0.0000,0.0000,0.0000,1.0000,0.0000,0.0000,0.0000,1.0000),
      ["Head"] = CFrame.new(0.0000,0.0000,0.0000,1.0000,0.0000,0.0000,0.0000,1.0000,0.0000,0.0000,0.0000,1.0000),
      ["RightUpperArm"] = CFrame.new(0.0000,0.0000,0.0000,1.0000,0.0000,0.0000,0.0000,1.0000,0.0000,0.0000,0.0000,1.0000),
      ["RightLowerArm"] = CFrame.new(0.0000,0.0000,0.0000,1.0000,0.0000,0.0000,0.0000,1.0000,0.0000,0.0000,0.0000,1.0000),
      ["RightHand"] = CFrame.new(0.0000,0.0000,0.0000,1.0000,0.0000,0.0000,0.0000,1.0000,0.0000,0.0000,0.0000,1.0000),
      ["LeftUpperArm"] = CFrame.new(0.0000,0.0000,0.0000,1.0000,0.0000,0.0000,0.0000,1.0000,0.0000,0.0000,0.0000,1.0000),
      ["LeftLowerArm"] = CFrame.new(0.0000,0.0000,0.0000,1.0000,0.0000,0.0000,0.0000,1.0000,0.0000,0.0000,0.0000,1.0000),
      ["LeftHand"] = CFrame.new(0.0000,0.0000,0.0000,1.0000,0.0000,0.0000,0.0000,1.0000,0.0000,0.0000,0.0000,1.0000),
      ["RightUpperLeg"] = CFrame.new(0.0000,0.0000,0.0000,1.0000,0.0000,0.0000,0.0000,1.0000,0.0000,0.0000,0.0000,1.0000),
      ["RightLowerLeg"] = CFrame.new(0.0000,0.0000,0.0000,1.0000,0.0000,0.0000,0.0000,1.0000,0.0000,0.0000,0.0000,1.0000),
      ["RightFoot"] = CFrame.new(0.0000,0.0000,0.0000,1.0000,0.0000,0.0000,0.0000,1.0000,0.0000,0.0000,0.0000,1.0000),
    }},
    {Time = 0.033, Data = {
      ["HumanoidRootPart"] = CFrame.new(0.0000,0.0000,0.0000,1.0000,0.0000,0.0000,0.0000,1.0000,0.0000,0.0000,0.0000,1.0000),
      ["LowerTorso"] = CFrame.new(0.0000,0.0000,0.0000,1.0000,-0.0000,0.0000,0.0000,1.0000,-0.0000,-0.0000,0.0000,1.0000),
      ["LeftUpperLeg"] = CFrame.new(0.0000,0.0000,0.0000,1.0000,0.0000,0.0000,0.0000,1.0000,0.0000,0.0000,0.0000,1.0000),
      ["LeftLowerLeg"] = CFrame.new(0.0000,0.0000,0.0000,1.0000,0.0000,0.0000,0.0000,1.0000,0.0000,0.0000,0.0000,1.0000),
      ["LeftFoot"] = CFrame.new(0.0000,0.0000,0.0000,1.0000,0.0000,0.0000,0.0000,1.0000,0.0000,0.0000,0.0000,1.0000),
      ["UpperTorso"] = CFrame.new(0.0000,0.0000,0.0000,1.0000,-0.0000,0.0000,0.0000,0.9999,-0.0136,0.0000,0.0136,0.9999),
      ["Head"] = CFrame.new(0.0000,0.0000,0.0000,1.0000,-0.0000,0.0000,0.0000,0.9985,0.0549,-0.0000,-0.0549,0.9985),
      ["RightUpperArm"] = CFrame.new(0.0000,0.0000,0.0000,0.9953,-0.0710,-0.0662,0.0712,0.9975,-0.0000,0.0660,-0.0047,0.9978),
      ["RightLowerArm"] = CFrame.new(-0.0000,-0.0000,0.0000,1.0000,-0.0000,0.0000,0.0000,0.9966,-0.0826,0.0000,0.0826,0.9966),
      ["RightHand"] = CFrame.new(0.0000,-0.0000,0.0000,1.0000,-0.0000,0.0000,0.0000,1.0000,-0.0000,0.0000,0.0000,1.0000),
      ["LeftUpperArm"] = CFrame.new(0.0000,0.0000,0.0000,0.9964,-0.0000,-0.0849,-0.0124,0.9892,-0.1460,0.0840,0.1466,0.9856),
      ["LeftLowerArm"] = CFrame.new(0.0000,0.0000,0.0000,1.0000,-0.0000,0.0000,0.0000,0.9893,-0.1459,0.0000,0.1459,0.9893),
      ["LeftHand"] = CFrame.new(0.0000,0.0000,0.0000,1.0000,0.0000,0.0000,0.0000,1.0000,0.0000,0.0000,0.0000,1.0000),
      ["RightUpperLeg"] = CFrame.new(0.0000,0.0000,0.0000,1.0000,0.0000,0.0000,0.0000,1.0000,0.0000,0.0000,0.0000,1.0000),
      ["RightLowerLeg"] = CFrame.new(0.0000,0.0000,0.0000,1.0000,0.0000,0.0000,0.0000,1.0000,0.0000,0.0000,0.0000,1.0000),
      ["RightFoot"] = CFrame.new(0.0000,0.0000,0.0000,1.0000,0.0000,0.0000,0.0000,1.0000,0.0000,0.0000,0.0000,1.0000),
    }},
    {Time = 0.067, Data = {
      ["HumanoidRootPart"] = CFrame.new(0.0000,0.0000,0.0000,1.0000,0.0000,0.0000,0.0000,1.0000,0.0000,0.0000,0.0000,1.0000),
      ["LowerTorso"] = CFrame.new(0.0000,0.0000,0.0000,1.0000,-0.0000,0.0000,0.0000,1.0000,-0.0000,-0.0000,0.0000,1.0000),
      ["LeftUpperLeg"] = CFrame.new(0.0000,0.0000,0.0000,1.0000,0.0000,0.0000,0.0000,1.0000,0.0000,0.0000,0.0000,1.0000),
      ["LeftLowerLeg"] = CFrame.new(0.0000,0.0000,0.0000,1.0000,0.0000,0.0000,0.0000,1.0000,0.0000,0.0000,0.0000,1.0000),
      ["LeftFoot"] = CFrame.new(0.0000,0.0000,0.0000,1.0000,0.0000,0.0000,0.0000,1.0000,0.0000,0.0000,0.0000,1.0000),
      ["UpperTorso"] = CFrame.new(0.0000,0.0000,0.0000,1.0000,-0.0000,0.0000,0.0000,0.9996,-0.0272,0.0000,0.0272,0.9996),
      ["Head"] = CFrame.new(0.0000,0.0000,0.0000,1.0000,-0.0000,0.0000,0.0000,0.9940,0.1097,-0.0000,-0.1097,0.9940),
      ["RightUpperArm"] = CFrame.new(0.0000,0.0000,0.0000,0.9812,-0.1407,-0.1320,0.1420,0.9899,-0.0000,0.1307,-0.0187,0.9912),
      ["RightLowerArm"] = CFrame.new(-0.0000,-0.0000,0.0000,1.0000,-0.0000,0.0000,0.0000,0.9864,-0.1646,0.0000,0.1646,0.9864),
      ["RightHand"] = CFrame.new(0.0000,-0.0000,0.0000,1.0000,-0.0000,0.0000,0.0000,1.0000,-0.0000,0.0000,0.0000,1.0000),
      ["LeftUpperArm"] = CFrame.new(0.0000,0.0000,0.0000,0.9856,-0.0000,-0.1692,-0.0491,0.9570,-0.2858,0.1620,0.2900,0.9432),
      ["LeftLowerArm"] = CFrame.new(0.0000,0.0000,0.0000,1.0000,-0.0000,0.0000,0.0000,0.9574,-0.2887,0.0000,0.2887,0.9574),
      ["LeftHand"] = CFrame.new(0.0000,0.0000,0.0000,1.0000,0.0000,0.0000,0.0000,1.0000,0.0000,0.0000,0.0000,1.0000),
      ["RightUpperLeg"] = CFrame.new(0.0000,0.0000,0.0000,1.0000,0.0000,0.0000,0.0000,1.0000,0.0000,0.0000,0.0000,1.0000),
      ["RightLowerLeg"] = CFrame.new(0.0000,0.0000,0.0000,1.0000,0.0000,0.0000,0.0000,1.0000,0.0000,0.0000,0.0000,1.0000),
      ["RightFoot"] = CFrame.new(0.0000,0.0000,0.0000,1.0000,0.0000,0.0000,0.0000,1.0000,0.0000,0.0000,0.0000,1.0000),
    }},
    {Time = 0.100, Data = {
      ["HumanoidRootPart"] = CFrame.new(0.0000,0.0000,0.0000,1.0000,0.0000,0.0000,0.0000,1.0000,0.0000,0.0000,0.0000,1.0000),
      ["LowerTorso"] = CFrame.new(0.0000,0.0000,0.0000,1.0000,-0.0000,0.0000,0.0000,1.0000,-0.0000,-0.0000,0.0000,1.0000),
      ["LeftUpperLeg"] = CFrame.new(0.0000,0.0000,0.0000,1.0000,0.0000,0.0000,0.0000,1.0000,0.0000,0.0000,0.0000,1.0000),
      ["LeftLowerLeg"] = CFrame.new(0.0000,0.0000,0.0000,1.0000,0.0000,0.0000,0.0000,1.0000,0.0000,0.0000,0.0000,1.0000),
      ["LeftFoot"] = CFrame.new(0.0000,0.0000,0.0000,1.0000,0.0000,0.0000,0.0000,1.0000,0.0000,0.0000,0.0000,1.0000),
      ["UpperTorso"] = CFrame.new(0.0000,0.0000,0.0000,1.0000,-0.0000,0.0000,0.0000,0.9992,-0.0408,0.0000,0.0408,0.9992),
      ["Head"] = CFrame.new(0.0000,0.0000,0.0000,1.0000,-0.0000,0.0000,0.0000,0.9864,0.1641,-0.0000,-0.1641,0.9864),
      ["RightUpperArm"] = CFrame.new(0.0000,0.0000,0.0000,0.9580,-0.2079,-0.1973,0.2121,0.9773,-0.0000,0.1928,-0.0418,0.9803),
      ["RightLowerArm"] = CFrame.new(-0.0000,-0.0000,0.0000,1.0000,-0.0000,0.0000,0.0000,0.9694,-0.2454,0.0000,0.2454,0.9694),
      ["RightHand"] = CFrame.new(0.0000,-0.0000,0.0000,1.0000,-0.0000,0.0000,0.0000,1.0000,-0.0000,0.0000,0.0000,1.0000),
      ["LeftUpperArm"] = CFrame.new(0.0000,0.0000,0.0000,0.9676,-0.0000,-0.2523,-0.1078,0.9042,-0.4133,0.2281,0.4271,0.8750),
      ["LeftLowerArm"] = CFrame.new(0.0000,0.0000,0.0000,1.0000,-0.0000,0.0000,0.0000,0.9051,-0.4253,0.0000,0.4253,0.9051),
      ["LeftHand"] = CFrame.new(0.0000,0.0000,0.0000,1.0000,0.0000,0.0000,0.0000,1.0000,0.0000,0.0000,0.0000,1.0000),
      ["RightUpperLeg"] = CFrame.new(0.0000,0.0000,0.0000,1.0000,0.0000,0.0000,0.0000,1.0000,0.0000,0.0000,0.0000,1.0000),
      ["RightLowerLeg"] = CFrame.new(0.0000,0.0000,0.0000,1.0000,0.0000,0.0000,0.0000,1.0000,0.0000,0.0000,0.0000,1.0000),
      ["RightFoot"] = CFrame.new(0.0000,0.0000,0.0000,1.0000,0.0000,0.0000,0.0000,1.0000,0.0000,0.0000,0.0000,1.0000),
    }},
    {Time = 0.133, Data = {
      ["HumanoidRootPart"] = CFrame.new(0.0000,0.0000,0.0000,1.0000,0.0000,0.0000,0.0000,1.0000,0.0000,0.0000,0.0000,1.0000),
      ["LowerTorso"] = CFrame.new(0.0000,0.0000,0.0000,1.0000,-0.0000,0.0000,0.0000,1.0000,-0.0000,-0.0000,0.0000,1.0000),
      ["LeftUpperLeg"] = CFrame.new(0.0000,0.0000,0.0000,1.0000,0.0000,0.0000,0.0000,1.0000,0.0000,0.0000,0.0000,1.0000),
      ["LeftLowerLeg"] = CFrame.new(0.0000,0.0000,0.0000,1.0000,0.0000,0.0000,0.0000,1.0000,0.0000,0.0000,0.0000,1.0000),
      ["LeftFoot"] = CFrame.new(0.0000,0.0000,0.0000,1.0000,0.0000,0.0000,0.0000,1.0000,0.0000,0.0000,0.0000,1.0000),
      ["UpperTorso"] = CFrame.new(0.0000,0.0000,0.0000,1.0000,-0.0000,0.0000,0.0000,0.9985,-0.0543,0.0000,0.0543,0.9985),
      ["Head"] = CFrame.new(0.0000,0.0000,0.0000,1.0000,-0.0000,0.0000,0.0000,0.9759,0.2180,-0.0000,-0.2180,0.9759),
      ["RightUpperArm"] = CFrame.new(0.0000,0.0000,0.0000,0.9262,-0.2713,-0.2617,0.2811,0.9597,-0.0000,0.2512,-0.0736,0.9651),
      ["RightLowerArm"] = CFrame.new(-0.0000,-0.0000,0.0000,1.0000,-0.0000,0.0000,0.0000,0.9458,-0.3246,0.0000,0.3246,0.9458),
      ["RightHand"] = CFrame.new(0.0000,-0.0000,0.0000,1.0000,-0.0000,0.0000,0.0000,1.0000,-0.0000,0.0000,0.0000,1.0000),
      ["LeftUpperArm"] = CFrame.new(0.0000,0.0000,0.0000,0.9427,-0.0000,-0.3336,-0.1851,0.8319,-0.5232,0.2775,0.5550,0.7842),
      ["LeftLowerArm"] = CFrame.new(0.0000,0.0000,0.0000,1.0000,-0.0000,0.0000,0.0000,0.8333,-0.5528,0.0000,0.5528,0.8333),
      ["LeftHand"] = CFrame.new(0.0000,0.0000,0.0000,1.0000,0.0000,0.0000,0.0000,1.0000,0.0000,0.0000,0.0000,1.0000),
      ["RightUpperLeg"] = CFrame.new(0.0000,0.0000,0.0000,1.0000,0.0000,0.0000,0.0000,1.0000,0.0000,0.0000,0.0000,1.0000),
      ["RightLowerLeg"] = CFrame.new(0.0000,0.0000,0.0000,1.0000,0.0000,0.0000,0.0000,1.0000,0.0000,0.0000,0.0000,1.0000),
      ["RightFoot"] = CFrame.new(0.0000,0.0000,0.0000,1.0000,0.0000,0.0000,0.0000,1.0000,0.0000,0.0000,0.0000,1.0000),
    }},
    {Time = 0.167, Data = {
      ["HumanoidRootPart"] = CFrame.new(0.0000,0.0000,0.0000,1.0000,0.0000,0.0000,0.0000,1.0000,0.0000,0.0000,0.0000,1.0000),
      ["LowerTorso"] = CFrame.new(0.0000,0.0000,0.0000,1.0000,-0.0000,0.0000,0.0000,1.0000,-0.0000,-0.0000,0.0000,1.0000),
      ["LeftUpperLeg"] = CFrame.new(0.0000,0.0000,0.0000,1.0000,0.0000,0.0000,0.0000,1.0000,0.0000,0.0000,0.0000,1.0000),
      ["LeftLowerLeg"] = CFrame.new(0.0000,0.0000,0.0000,1.0000,0.0000,0.0000,0.0000,1.0000,0.0000,0.0000,0.0000,1.0000),
      ["LeftFoot"] = CFrame.new(0.0000,0.0000,0.0000,1.0000,0.0000,0.0000,0.0000,1.0000,0.0000,0.0000,0.0000,1.0000),
      ["UpperTorso"] = CFrame.new(0.0000,0.0000,0.0000,1.0000,-0.0000,0.0000,0.0000,0.9977,-0.0679,0.0000,0.0679,0.9977),
      ["Head"] = CFrame.new(0.0000,0.0000,0.0000,1.0000,-0.0000,0.0000,0.0000,0.9625,0.2713,-0.0000,-0.2713,0.9625),
      ["RightUpperArm"] = CFrame.new(0.0000,0.0000,0.0000,0.8864,-0.3297,-0.3250,0.3486,0.9373,-0.0000,0.3046,-0.1133,0.9457),
      ["RightLowerArm"] = CFrame.new(-0.0000,-0.0000,0.0000,1.0000,-0.0000,0.0000,0.0000,0.9158,-0.4016,0.0000,0.4016,0.9158),
      ["RightHand"] = CFrame.new(0.0000,-0.0000,0.0000,1.0000,-0.0000,0.0000,0.0000,1.0000,-0.0000,0.0000,0.0000,1.0000),
      ["LeftUpperArm"] = CFrame.new(0.0000,0.0000,0.0000,0.9110,-0.0000,-0.4124,-0.2767,0.7415,-0.6112,0.3058,0.6709,0.6755),
      ["LeftLowerArm"] = CFrame.new(0.0000,0.0000,0.0000,1.0000,-0.0000,0.0000,0.0000,0.7437,-0.6685,0.0000,0.6685,0.7437),
      ["LeftHand"] = CFrame.new(0.0000,0.0000,0.0000,1.0000,0.0000,0.0000,0.0000,1.0000,0.0000,0.0000,0.0000,1.0000),
      ["RightUpperLeg"] = CFrame.new(0.0000,0.0000,0.0000,1.0000,0.0000,0.0000,0.0000,1.0000,0.0000,0.0000,0.0000,1.0000),
      ["RightLowerLeg"] = CFrame.new(0.0000,0.0000,0.0000,1.0000,0.0000,0.0000,0.0000,1.0000,0.0000,0.0000,0.0000,1.0000),
      ["RightFoot"] = CFrame.new(0.0000,0.0000,0.0000,1.0000,0.0000,0.0000,0.0000,1.0000,0.0000,0.0000,0.0000,1.0000),
    }},
    {Time = 0.200, Data = {
      ["HumanoidRootPart"] = CFrame.new(0.0000,0.0000,0.0000,1.0000,0.0000,0.0000,0.0000,1.0000,0.0000,0.0000,0.0000,1.0000),
      ["LowerTorso"] = CFrame.new(0.0000,0.0079,-0.0895,1.0000,-0.0000,0.0000,0.0000,0.9997,0.0226,-0.0000,-0.0226,0.9997),
      ["LeftUpperLeg"] = CFrame.new(0.0000,0.0000,0.0000,1.0000,0.0000,0.0000,0.0000,1.0000,0.0000,0.0000,0.0000,1.0000),
      ["LeftLowerLeg"] = CFrame.new(0.0000,0.0000,0.0000,1.0000,0.0000,0.0000,0.0000,1.0000,0.0000,0.0000,0.0000,1.0000),
      ["LeftFoot"] = CFrame.new(0.0000,0.0000,0.0000,1.0000,0.0000,0.0000,0.0000,1.0000,0.0000,0.0000,0.0000,1.0000),
      ["UpperTorso"] = CFrame.new(0.0000,0.0000,0.0000,1.0000,-0.0000,0.0000,0.0000,0.9941,-0.1081,0.0000,0.1081,0.9941),
      ["Head"] = CFrame.new(0.0000,0.0000,0.0000,1.0000,-0.0000,0.0000,0.0000,0.9565,0.2917,-0.0000,-0.2917,0.9565),
      ["RightUpperArm"] = CFrame.new(0.0000,0.0000,0.0000,0.8828,-0.3953,-0.2538,0.3651,0.9173,-0.1590,0.2957,0.0477,0.9541),
      ["RightLowerArm"] = CFrame.new(-0.0000,-0.0000,0.0000,0.9989,-0.0000,-0.0462,-0.0189,0.9126,-0.4083,0.0422,0.4088,0.9117),
      ["RightHand"] = CFrame.new(0.0000,-0.0000,0.0000,0.9999,0.0011,-0.0102,-0.0009,0.9998,0.0215,0.0102,-0.0215,0.9997),
      ["LeftUpperArm"] = CFrame.new(0.0000,0.0000,0.0000,0.9005,-0.0367,-0.4333,-0.3364,0.5727,-0.7476,0.2756,0.8190,0.5034),
      ["LeftLowerArm"] = CFrame.new(0.0000,0.0000,0.0000,0.9976,-0.0623,-0.0294,0.0320,0.7976,-0.6024,0.0610,0.6000,0.7977),
      ["LeftHand"] = CFrame.new(0.0000,0.0000,0.0000,0.9972,-0.0713,-0.0240,0.0714,0.9975,-0.0000,0.0240,-0.0017,0.9997),
      ["RightUpperLeg"] = CFrame.new(0.0000,0.0000,0.0000,1.0000,0.0000,0.0000,0.0000,1.0000,0.0000,0.0000,0.0000,1.0000),
      ["RightLowerLeg"] = CFrame.new(0.0000,0.0000,0.0000,1.0000,0.0000,0.0000,0.0000,1.0000,0.0000,0.0000,0.0000,1.0000),
      ["RightFoot"] = CFrame.new(0.0000,0.0000,0.0000,1.0000,0.0000,0.0000,0.0000,1.0000,0.0000,0.0000,0.0000,1.0000),
    }},
    {Time = 0.233, Data = {
      ["HumanoidRootPart"] = CFrame.new(0.0000,0.0000,0.0000,1.0000,0.0000,0.0000,0.0000,1.0000,0.0000,0.0000,0.0000,1.0000),
      ["LowerTorso"] = CFrame.new(0.0000,0.0158,-0.1790,1.0000,-0.0000,0.0000,0.0000,0.9990,0.0451,-0.0000,-0.0451,0.9990),
      ["LeftUpperLeg"] = CFrame.new(0.0000,0.0000,0.0000,1.0000,0.0000,0.0000,0.0000,1.0000,0.0000,0.0000,0.0000,1.0000),
      ["LeftLowerLeg"] = CFrame.new(0.0000,0.0000,0.0000,1.0000,0.0000,0.0000,0.0000,1.0000,0.0000,0.0000,0.0000,1.0000),
      ["LeftFoot"] = CFrame.new(0.0000,0.0000,0.0000,1.0000,0.0000,0.0000,0.0000,1.0000,0.0000,0.0000,0.0000,1.0000),
      ["UpperTorso"] = CFrame.new(0.0000,0.0000,0.0000,1.0000,-0.0000,0.0000,0.0000,0.9890,-0.1482,0.0000,0.1482,0.9890),
      ["Head"] = CFrame.new(0.0000,0.0000,0.0000,1.0000,-0.0000,0.0000,0.0000,0.9501,0.3120,-0.0000,-0.3120,0.9501),
      ["RightUpperArm"] = CFrame.new(0.0000,0.0000,0.0000,0.8696,-0.4593,-0.1812,0.3899,0.8639,-0.3189,0.3030,0.2066,0.9303),
      ["RightLowerArm"] = CFrame.new(-0.0000,-0.0000,0.0000,0.9957,-0.0000,-0.0924,-0.0384,0.9094,-0.4141,0.0840,0.4159,0.9055),
      ["RightHand"] = CFrame.new(0.0000,-0.0000,0.0000,0.9998,0.0022,-0.0204,-0.0013,0.9991,0.0431,0.0205,-0.0430,0.9989),
      ["LeftUpperArm"] = CFrame.new(0.0000,0.0000,0.0000,0.8880,-0.0724,-0.4540,-0.3972,0.3763,-0.8370,0.2315,0.9237,0.3054),
      ["LeftLowerArm"] = CFrame.new(0.0000,0.0000,0.0000,0.9905,-0.1241,-0.0588,0.0742,0.8438,-0.5315,0.1156,0.5221,0.8450),
      ["LeftHand"] = CFrame.new(0.0000,0.0000,0.0000,0.9887,-0.1422,-0.0480,0.1424,0.9898,-0.0000,0.0476,-0.0068,0.9988),
      ["RightUpperLeg"] = CFrame.new(0.0000,0.0000,0.0000,1.0000,0.0000,0.0000,0.0000,1.0000,0.0000,0.0000,0.0000,1.0000),
      ["RightLowerLeg"] = CFrame.new(0.0000,0.0000,0.0000,1.0000,0.0000,0.0000,0.0000,1.0000,0.0000,0.0000,0.0000,1.0000),
      ["RightFoot"] = CFrame.new(0.0000,0.0000,0.0000,1.0000,0.0000,0.0000,0.0000,1.0000,0.0000,0.0000,0.0000,1.0000),
    }},
    {Time = 0.267, Data = {
      ["HumanoidRootPart"] = CFrame.new(0.0000,0.0000,0.0000,1.0000,0.0000,0.0000,0.0000,1.0000,0.0000,0.0000,0.0000,1.0000),
      ["LowerTorso"] = CFrame.new(0.0000,0.0237,-0.2685,1.0000,-0.0000,0.0000,0.0000,0.9977,0.0676,-0.0000,-0.0676,0.9977),
      ["LeftUpperLeg"] = CFrame.new(0.0000,0.0000,0.0000,1.0000,0.0000,0.0000,0.0000,1.0000,0.0000,0.0000,0.0000,1.0000),
      ["LeftLowerLeg"] = CFrame.new(0.0000,0.0000,0.0000,1.0000,0.0000,0.0000,0.0000,1.0000,0.0000,0.0000,0.0000,1.0000),
      ["LeftFoot"] = CFrame.new(0.0000,0.0000,0.0000,1.0000,0.0000,0.0000,0.0000,1.0000,0.0000,0.0000,0.0000,1.0000),
      ["UpperTorso"] = CFrame.new(0.0000,0.0000,0.0000,1.0000,-0.0000,0.0000,0.0000,0.9822,-0.1880,0.0000,0.1880,0.9822),
      ["Head"] = CFrame.new(0.0000,0.0000,0.0000,1.0000,-0.0000,0.0000,0.0000,0.9433,0.3321,-0.0000,-0.3321,0.9433),
      ["RightUpperArm"] = CFrame.new(0.0000,0.0000,0.0000,0.8471,-0.5204,-0.1076,0.4170,0.7764,-0.4725,0.3294,0.3555,0.8747),
      ["RightLowerArm"] = CFrame.new(-0.0000,-0.0000,0.0000,0.9904,-0.0000,-0.1383,-0.0585,0.9061,-0.4190,0.1254,0.4230,0.8974),
      ["RightHand"] = CFrame.new(0.0000,-0.0000,0.0000,0.9995,0.0033,-0.0307,-0.0013,0.9979,0.0646,0.0308,-0.0645,0.9974),
      ["LeftUpperArm"] = CFrame.new(0.0000,0.0000,0.0000,0.8737,-0.1072,-0.4745,-0.4552,0.1636,-0.8752,0.1714,0.9807,0.0941),
      ["LeftLowerArm"] = CFrame.new(0.0000,0.0000,0.0000,0.9787,-0.1852,-0.0881,0.1256,0.8808,-0.4565,0.1621,0.4358,0.8853),
      ["LeftHand"] = CFrame.new(0.0000,0.0000,0.0000,0.9746,-0.2121,-0.0720,0.2126,0.9771,-0.0000,0.0704,-0.0153,0.9974),
      ["RightUpperLeg"] = CFrame.new(0.0000,0.0000,0.0000,1.0000,0.0000,0.0000,0.0000,1.0000,0.0000,0.0000,0.0000,1.0000),
      ["RightLowerLeg"] = CFrame.new(0.0000,0.0000,0.0000,1.0000,0.0000,0.0000,0.0000,1.0000,0.0000,0.0000,0.0000,1.0000),
      ["RightFoot"] = CFrame.new(0.0000,0.0000,0.0000,1.0000,0.0000,0.0000,0.0000,1.0000,0.0000,0.0000,0.0000,1.0000),
    }},
    {Time = 0.300, Data = {
      ["HumanoidRootPart"] = CFrame.new(0.0000,0.0000,0.0000,1.0000,0.0000,0.0000,0.0000,1.0000,0.0000,0.0000,0.0000,1.0000),
      ["LowerTorso"] = CFrame.new(0.0000,0.0316,-0.3580,1.0000,-0.0000,0.0000,0.0000,0.9959,0.0901,-0.0000,-0.0901,0.9959),
      ["LeftUpperLeg"] = CFrame.new(0.0000,0.0000,0.0000,1.0000,0.0000,0.0000,0.0000,1.0000,0.0000,0.0000,0.0000,1.0000),
      ["LeftLowerLeg"] = CFrame.new(0.0000,0.0000,0.0000,1.0000,0.0000,0.0000,0.0000,1.0000,0.0000,0.0000,0.0000,1.0000),
      ["LeftFoot"] = CFrame.new(0.0000,0.0000,0.0000,1.0000,0.0000,0.0000,0.0000,1.0000,0.0000,0.0000,0.0000,1.0000),
      ["UpperTorso"] = CFrame.new(0.0000,0.0000,0.0000,1.0000,-0.0000,0.0000,0.0000,0.9738,-0.2275,0.0000,0.2275,0.9738),
      ["Head"] = CFrame.new(0.0000,0.0000,0.0000,1.0000,-0.0000,0.0000,0.0000,0.9360,0.3520,-0.0000,-0.3520,0.9360),
      ["RightUpperArm"] = CFrame.new(0.0000,0.0000,0.0000,0.8159,-0.5773,-0.0334,0.4394,0.6565,-0.6131,0.3758,0.4855,0.7893),
      ["RightLowerArm"] = CFrame.new(-0.0000,-0.0000,0.0000,0.9829,-0.0000,-0.1840,-0.0791,0.9028,-0.4228,0.1661,0.4301,0.8874),
      ["RightHand"] = CFrame.new(0.0000,-0.0000,0.0000,0.9992,0.0044,-0.0409,-0.0009,0.9963,0.0860,0.0411,-0.0859,0.9955),
      ["LeftUpperArm"] = CFrame.new(0.0000,0.0000,0.0000,0.8576,-0.1408,-0.4947,-0.5056,-0.0540,-0.8611,0.0946,0.9886,-0.1175),
      ["LeftLowerArm"] = CFrame.new(0.0000,0.0000,0.0000,0.9624,-0.2451,-0.1173,0.1849,0.9071,-0.3782,0.1991,0.3423,0.9182),
      ["LeftHand"] = CFrame.new(0.0000,0.0000,0.0000,0.9550,-0.2805,-0.0960,0.2818,0.9595,-0.0000,0.0921,-0.0271,0.9954),
      ["RightUpperLeg"] = CFrame.new(0.0000,0.0000,0.0000,1.0000,0.0000,0.0000,0.0000,1.0000,0.0000,0.0000,0.0000,1.0000),
      ["RightLowerLeg"] = CFrame.new(0.0000,0.0000,0.0000,1.0000,0.0000,0.0000,0.0000,1.0000,0.0000,0.0000,0.0000,1.0000),
      ["RightFoot"] = CFrame.new(0.0000,0.0000,0.0000,1.0000,0.0000,0.0000,0.0000,1.0000,0.0000,0.0000,0.0000,1.0000),
    }},
    {Time = 0.333, Data = {
      ["HumanoidRootPart"] = CFrame.new(0.0000,0.0000,0.0000,1.0000,0.0000,0.0000,0.0000,1.0000,0.0000,0.0000,0.0000,1.0000),
      ["LowerTorso"] = CFrame.new(0.0000,0.0395,-0.4475,1.0000,-0.0000,0.0000,0.0000,0.9936,0.1126,-0.0000,-0.1126,0.9936),
      ["LeftUpperLeg"] = CFrame.new(0.0000,0.0000,0.0000,1.0000,0.0000,0.0000,0.0000,1.0000,0.0000,0.0000,0.0000,1.0000),
      ["LeftLowerLeg"] = CFrame.new(0.0000,0.0000,0.0000,1.0000,0.0000,0.0000,0.0000,1.0000,0.0000,0.0000,0.0000,1.0000),
      ["LeftFoot"] = CFrame.new(0.0000,0.0000,0.0000,1.0000,0.0000,0.0000,0.0000,1.0000,0.0000,0.0000,0.0000,1.0000),
      ["UpperTorso"] = CFrame.new(0.0000,0.0000,0.0000,1.0000,-0.0000,0.0000,0.0000,0.9638,-0.2666,0.0000,0.2666,0.9638),
      ["Head"] = CFrame.new(0.0000,0.0000,0.0000,1.0000,-0.0000,0.0000,0.0000,0.9283,0.3718,-0.0000,-0.3718,0.9283),
      ["RightUpperArm"] = CFrame.new(0.0000,0.0000,0.0000,0.7765,-0.6288,0.0410,0.4502,0.5081,-0.7343,0.4409,0.5886,0.6776),
      ["RightLowerArm"] = CFrame.new(-0.0000,-0.0000,0.0000,0.9734,-0.0000,-0.2293,-0.1002,0.8994,-0.4255,0.2062,0.4372,0.8754),
      ["RightHand"] = CFrame.new(0.0000,-0.0000,0.0000,0.9987,0.0055,-0.0511,-0.0000,0.9942,0.1074,0.0514,-0.1072,0.9929),
      ["LeftUpperArm"] = CFrame.new(0.0000,0.0000,0.0000,0.8397,-0.1733,-0.5146,-0.5430,-0.2652,-0.7968,0.0016,0.9485,-0.3168),
      ["LeftLowerArm"] = CFrame.new(0.0000,0.0000,0.0000,0.9416,-0.3033,-0.1465,0.2505,0.9213,-0.2974,0.2252,0.2433,0.9434),
      ["LeftHand"] = CFrame.new(0.0000,0.0000,0.0000,0.9301,-0.3471,-0.1199,0.3496,0.9369,-0.0000,0.1123,-0.0419,0.9928),
      ["RightUpperLeg"] = CFrame.new(0.0000,0.0000,0.0000,1.0000,0.0000,0.0000,0.0000,1.0000,0.0000,0.0000,0.0000,1.0000),
      ["RightLowerLeg"] = CFrame.new(0.0000,0.0000,0.0000,1.0000,0.0000,0.0000,0.0000,1.0000,0.0000,0.0000,0.0000,1.0000),
      ["RightFoot"] = CFrame.new(0.0000,0.0000,0.0000,1.0000,0.0000,0.0000,0.0000,1.0000,0.0000,0.0000,0.0000,1.0000),
    }},
    {Time = 0.367, Data = {
      ["HumanoidRootPart"] = CFrame.new(0.0000,0.0000,0.0000,1.0000,0.0000,0.0000,0.0000,1.0000,0.0000,0.0000,0.0000,1.0000),
      ["LowerTorso"] = CFrame.new(0.0000,0.0918,-0.5075,0.9999,-0.0117,0.0000,0.0116,0.9936,0.1126,-0.0013,-0.1126,0.9936),
      ["LeftUpperLeg"] = CFrame.new(0.0000,0.0000,0.0000,0.9999,0.0106,0.0000,-0.0106,0.9999,-0.0000,-0.0000,0.0000,1.0000),
      ["LeftLowerLeg"] = CFrame.new(0.0000,0.0000,0.0000,1.0000,0.0000,0.0000,0.0000,1.0000,0.0000,0.0000,0.0000,1.0000),
      ["LeftFoot"] = CFrame.new(0.0000,0.0000,0.0000,1.0000,-0.0000,0.0000,0.0000,0.9946,0.1040,-0.0000,-0.1040,0.9946),
      ["UpperTorso"] = CFrame.new(0.0000,0.0000,0.0000,0.9998,0.0205,-0.0081,-0.0220,0.9608,-0.2763,0.0021,0.2764,0.9610),
      ["Head"] = CFrame.new(0.0000,0.0000,0.0000,1.0000,-0.0000,0.0000,0.0000,0.9128,0.4084,-0.0000,-0.4084,0.9128),
      ["RightUpperArm"] = CFrame.new(0.0000,0.0000,0.0000,0.7259,-0.6505,0.2232,0.4987,0.2745,-0.8221,0.4736,0.7081,0.5237),
      ["RightLowerArm"] = CFrame.new(-0.0000,-0.0000,0.0000,0.9746,-0.0235,-0.2228,-0.0984,0.8484,-0.5202,0.2012,0.5289,0.8245),
      ["RightHand"] = CFrame.new(0.0000,-0.0000,0.0000,0.9987,0.0055,-0.0511,-0.0000,0.9942,0.1074,0.0514,-0.1072,0.9929),
      ["LeftUpperArm"] = CFrame.new(0.0000,0.0000,0.0000,0.8279,-0.1491,-0.5407,-0.5440,-0.4484,-0.7092,-0.1367,0.8813,-0.4524),
      ["LeftLowerArm"] = CFrame.new(0.0000,0.0000,0.0000,0.9528,-0.2736,-0.1318,0.2402,0.9445,-0.2239,0.1857,0.1817,0.9657),
      ["LeftHand"] = CFrame.new(0.0000,0.0000,0.0000,0.9635,-0.2394,-0.1199,0.2411,0.9705,-0.0000,0.1163,-0.0289,0.9928),
      ["RightUpperLeg"] = CFrame.new(0.0000,0.0000,0.0000,1.0000,0.0086,0.0000,-0.0086,1.0000,-0.0000,-0.0000,0.0000,1.0000),
      ["RightLowerLeg"] = CFrame.new(0.0000,0.0000,0.0000,1.0000,0.0000,0.0000,0.0000,1.0000,0.0000,0.0000,0.0000,1.0000),
      ["RightFoot"] = CFrame.new(0.0000,0.0000,0.0000,1.0000,-0.0000,0.0000,0.0000,0.9960,0.0888,-0.0000,-0.0888,0.9960),
    }},
    {Time = 0.400, Data = {
      ["HumanoidRootPart"] = CFrame.new(0.0000,0.0000,0.0000,1.0000,0.0000,0.0000,0.0000,1.0000,0.0000,0.0000,0.0000,1.0000),
      ["LowerTorso"] = CFrame.new(0.0000,0.1440,-0.5675,0.9997,-0.0234,0.0000,0.0233,0.9934,0.1126,-0.0026,-0.1125,0.9936),
      ["LeftUpperLeg"] = CFrame.new(0.0000,0.0000,0.0000,0.9998,0.0212,0.0000,-0.0212,0.9998,-0.0000,-0.0000,0.0000,1.0000),
      ["LeftLowerLeg"] = CFrame.new(0.0000,0.0000,0.0000,1.0000,0.0000,0.0000,0.0000,1.0000,0.0000,0.0000,0.0000,1.0000),
      ["LeftFoot"] = CFrame.new(0.0000,0.0000,0.0000,1.0000,-0.0000,0.0000,0.0000,0.9783,0.2070,-0.0000,-0.2070,0.9783),
      ["UpperTorso"] = CFrame.new(0.0000,0.0000,0.0000,0.9990,0.0411,-0.0161,-0.0440,0.9573,-0.2859,0.0037,0.2863,0.9581),
      ["Head"] = CFrame.new(0.0000,0.0000,0.0000,1.0000,-0.0000,0.0000,0.0000,0.8959,0.4443,-0.0000,-0.4443,0.8959),
      ["RightUpperArm"] = CFrame.new(0.0000,0.0000,0.0000,0.6518,-0.6457,0.3978,0.5285,0.0105,-0.8489,0.5439,0.7636,0.3480),
      ["RightLowerArm"] = CFrame.new(-0.0000,-0.0000,0.0000,0.9752,-0.0470,-0.2162,-0.0970,0.7874,-0.6087,0.1989,0.6146,0.7634),
      ["RightHand"] = CFrame.new(0.0000,-0.0000,0.0000,0.9987,0.0055,-0.0511,-0.0000,0.9942,0.1074,0.0514,-0.1072,0.9929),
      ["LeftUpperArm"] = CFrame.new(0.0000,0.0000,0.0000,0.8146,-0.1255,-0.5663,-0.5114,-0.6162,-0.5990,-0.2737,0.7776,-0.5661),
      ["LeftLowerArm"] = CFrame.new(0.0000,0.0000,0.0000,0.9629,-0.2433,-0.1170,0.2252,0.9629,-0.1487,0.1488,0.1169,0.9819),
      ["LeftHand"] = CFrame.new(0.0000,0.0000,0.0000,0.9844,-0.1285,-0.1199,0.1295,0.9916,-0.0000,0.1189,-0.0155,0.9928),
      ["RightUpperLeg"] = CFrame.new(0.0000,0.0000,0.0000,0.9999,0.0171,0.0000,-0.0171,0.9999,-0.0000,-0.0000,0.0000,1.0000),
      ["RightLowerLeg"] = CFrame.new(0.0000,0.0000,0.0000,1.0000,0.0000,0.0000,0.0000,1.0000,0.0000,0.0000,0.0000,1.0000),
      ["RightFoot"] = CFrame.new(0.0000,0.0000,0.0000,1.0000,-0.0000,0.0000,0.0000,0.9842,0.1770,-0.0000,-0.1770,0.9842),
    }},
    {Time = 0.433, Data = {
      ["HumanoidRootPart"] = CFrame.new(0.0000,0.0000,0.0000,1.0000,0.0000,0.0000,0.0000,1.0000,0.0000,0.0000,0.0000,1.0000),
      ["LowerTorso"] = CFrame.new(0.0000,0.1962,-0.6276,0.9994,-0.0351,0.0000,0.0349,0.9930,0.1126,-0.0040,-0.1125,0.9936),
      ["LeftUpperLeg"] = CFrame.new(0.0000,0.0000,0.0000,0.9995,0.0319,0.0000,-0.0319,0.9995,-0.0000,-0.0000,0.0000,1.0000),
      ["LeftLowerLeg"] = CFrame.new(0.0000,0.0000,0.0000,1.0000,0.0000,0.0000,0.0000,1.0000,0.0000,0.0000,0.0000,1.0000),
      ["LeftFoot"] = CFrame.new(0.0000,0.0000,0.0000,1.0000,-0.0000,0.0000,0.0000,0.9515,0.3076,-0.0000,-0.3076,0.9515),
      ["UpperTorso"] = CFrame.new(0.0000,0.0000,0.0000,0.9978,0.0616,-0.0242,-0.0660,0.9531,-0.2954,0.0049,0.2963,0.9551),
      ["Head"] = CFrame.new(0.0000,0.0000,0.0000,1.0000,-0.0000,0.0000,0.0000,0.8775,0.4796,-0.0000,-0.4796,0.8775),
      ["RightUpperArm"] = CFrame.new(0.0000,0.0000,0.0000,0.5592,-0.6122,0.5590,0.5232,-0.2624,-0.8108,0.6430,0.7459,0.1736),
      ["RightLowerArm"] = CFrame.new(-0.0000,-0.0000,0.0000,0.9752,-0.0706,-0.2097,-0.0965,0.7173,-0.6901,0.1992,0.6932,0.6927),
      ["RightHand"] = CFrame.new(0.0000,-0.0000,0.0000,0.9987,0.0055,-0.0511,-0.0000,0.9942,0.1074,0.0514,-0.1072,0.9929),
      ["LeftUpperArm"] = CFrame.new(0.0000,0.0000,0.0000,0.7998,-0.1027,-0.5914,-0.4461,-0.7608,-0.4713,-0.4015,0.6408,-0.6543),
      ["LeftLowerArm"] = CFrame.new(0.0000,0.0000,0.0000,0.9718,-0.2126,-0.1022,0.2059,0.9759,-0.0723,0.1151,0.0493,0.9921),
      ["LeftHand"] = CFrame.new(0.0000,0.0000,0.0000,0.9927,-0.0161,-0.1199,0.0162,0.9999,-0.0000,0.1199,-0.0019,0.9928),
      ["RightUpperLeg"] = CFrame.new(0.0000,0.0000,0.0000,0.9997,0.0257,0.0000,-0.0257,0.9997,-0.0000,-0.0000,0.0000,1.0000),
      ["RightLowerLeg"] = CFrame.new(0.0000,0.0000,0.0000,1.0000,0.0000,0.0000,0.0000,1.0000,0.0000,0.0000,0.0000,1.0000),
      ["RightFoot"] = CFrame.new(0.0000,0.0000,0.0000,1.0000,-0.0000,0.0000,0.0000,0.9646,0.2637,-0.0000,-0.2637,0.9646),
    }},
    {Time = 0.467, Data = {
      ["HumanoidRootPart"] = CFrame.new(0.0000,0.0000,0.0000,1.0000,0.0000,0.0000,0.0000,1.0000,0.0000,0.0000,0.0000,1.0000),
      ["LowerTorso"] = CFrame.new(0.0000,0.2485,-0.6876,0.9989,-0.0468,0.0000,0.0465,0.9926,0.1126,-0.0053,-0.1124,0.9936),
      ["LeftUpperLeg"] = CFrame.new(0.0000,0.0000,0.0000,0.9991,0.0425,0.0000,-0.0425,0.9991,-0.0000,-0.0000,0.0000,1.0000),
      ["LeftLowerLeg"] = CFrame.new(0.0000,0.0000,0.0000,1.0000,0.0000,0.0000,0.0000,1.0000,0.0000,0.0000,0.0000,1.0000),
      ["LeftFoot"] = CFrame.new(0.0000,0.0000,0.0000,1.0000,-0.0000,0.0000,0.0000,0.9143,0.4050,-0.0000,-0.4050,0.9143),
      ["UpperTorso"] = CFrame.new(0.0000,0.0000,0.0000,0.9961,0.0820,-0.0322,-0.0880,0.9483,-0.3049,0.0056,0.3065,0.9518),
      ["Head"] = CFrame.new(0.0000,0.0000,0.0000,1.0000,-0.0000,0.0000,0.0000,0.8578,0.5140,-0.0000,-0.5140,0.8578),
      ["RightUpperArm"] = CFrame.new(0.0000,0.0000,0.0000,0.4539,-0.5497,0.7013,0.4716,-0.5196,-0.7125,0.7560,0.6541,0.0234),
      ["RightLowerArm"] = CFrame.new(-0.0000,-0.0000,0.0000,0.9746,-0.0942,-0.2032,-0.0974,0.6387,-0.7632,0.2017,0.7636,0.6133),
      ["RightHand"] = CFrame.new(0.0000,-0.0000,0.0000,0.9987,0.0055,-0.0511,-0.0000,0.9942,0.1074,0.0514,-0.1072,0.9929),
      ["LeftUpperArm"] = CFrame.new(0.0000,0.0000,0.0000,0.7837,-0.0805,-0.6159,-0.3508,-0.8757,-0.3319,-0.5126,0.4762,-0.7145),
      ["LeftLowerArm"] = CFrame.new(0.0000,0.0000,0.0000,0.9795,-0.1816,-0.0874,0.1827,0.9832,0.0047,0.0851,-0.0206,0.9962),
      ["LeftHand"] = CFrame.new(0.0000,0.0000,0.0000,0.9881,0.0966,-0.1199,-0.0973,0.9953,-0.0000,0.1193,0.0117,0.9928),
      ["RightUpperLeg"] = CFrame.new(0.0000,0.0000,0.0000,0.9994,0.0342,0.0000,-0.0342,0.9994,-0.0000,-0.0000,0.0000,1.0000),
      ["RightLowerLeg"] = CFrame.new(0.0000,0.0000,0.0000,1.0000,0.0000,0.0000,0.0000,1.0000,0.0000,0.0000,0.0000,1.0000),
      ["RightFoot"] = CFrame.new(0.0000,0.0000,0.0000,1.0000,-0.0000,0.0000,0.0000,0.9373,0.3484,-0.0000,-0.3484,0.9373),
    }},
    {Time = 0.500, Data = {
      ["HumanoidRootPart"] = CFrame.new(0.0000,0.0000,0.0000,1.0000,0.0000,0.0000,0.0000,1.0000,0.0000,0.0000,0.0000,1.0000),
      ["LowerTorso"] = CFrame.new(0.0000,0.3007,-0.7477,0.9983,-0.0585,0.0000,0.0582,0.9919,0.1126,-0.0066,-0.1124,0.9936),
      ["LeftUpperLeg"] = CFrame.new(0.0000,0.0000,0.0000,0.9986,0.0531,0.0000,-0.0531,0.9986,-0.0000,-0.0000,0.0000,1.0000),
      ["LeftLowerLeg"] = CFrame.new(0.0000,0.0000,0.0000,1.0000,0.0000,0.0000,0.0000,1.0000,0.0000,0.0000,0.0000,1.0000),
      ["LeftFoot"] = CFrame.new(0.0000,0.0000,0.0000,1.0000,-0.0000,0.0000,0.0000,0.8672,0.4979,-0.0000,-0.4979,0.8672),
      ["UpperTorso"] = CFrame.new(0.0000,0.0000,0.0000,0.9939,0.1024,-0.0403,-0.1099,0.9429,-0.3143,0.0058,0.3168,0.9485),
      ["Head"] = CFrame.new(0.0000,0.0000,0.0000,1.0000,-0.0000,0.0000,0.0000,0.8367,0.5477,-0.0000,-0.5477,0.8367),
      ["RightUpperArm"] = CFrame.new(0.0000,0.0000,0.0000,0.3420,-0.4591,0.8199,0.3685,-0.7371,-0.5665,0.8644,0.4959,-0.0829),
      ["RightLowerArm"] = CFrame.new(-0.0000,-0.0000,0.0000,0.9734,-0.1178,-0.1967,-0.1002,0.5528,-0.8273,0.2062,0.8249,0.5263),
      ["RightHand"] = CFrame.new(0.0000,-0.0000,0.0000,0.9987,0.0055,-0.0511,-0.0000,0.9942,0.1074,0.0514,-0.1072,0.9929),
      ["LeftUpperArm"] = CFrame.new(0.0000,0.0000,0.0000,0.7663,-0.0592,-0.6398,-0.2297,-0.9552,-0.1868,-0.6000,0.2901,-0.7455),
      ["LeftLowerArm"] = CFrame.new(0.0000,0.0000,0.0000,0.9860,-0.1503,-0.0725,0.1560,0.9843,0.0820,0.0591,-0.0921,0.9940),
      ["LeftHand"] = CFrame.new(0.0000,0.0000,0.0000,0.9708,0.2080,-0.1199,-0.2095,0.9778,-0.0000,0.1172,0.0251,0.9928),
      ["RightUpperLeg"] = CFrame.new(0.0000,0.0000,0.0000,0.9991,0.0428,0.0000,-0.0428,0.9991,-0.0000,-0.0000,0.0000,1.0000),
      ["RightLowerLeg"] = CFrame.new(0.0000,0.0000,0.0000,1.0000,0.0000,0.0000,0.0000,1.0000,0.0000,0.0000,0.0000,1.0000),
      ["RightFoot"] = CFrame.new(0.0000,0.0000,0.0000,1.0000,-0.0000,0.0000,0.0000,0.9027,0.4303,-0.0000,-0.4303,0.9027),
    }},
    {Time = 0.533, Data = {
      ["HumanoidRootPart"] = CFrame.new(0.0000,0.0000,0.0000,1.0000,0.0000,0.0000,0.0000,1.0000,0.0000,0.0000,0.0000,1.0000),
      ["LowerTorso"] = CFrame.new(0.0000,0.3007,-0.7477,0.9983,-0.0585,0.0000,0.0582,0.9919,0.1126,-0.0066,-0.1124,0.9936),
      ["LeftUpperLeg"] = CFrame.new(0.0000,0.0000,0.0000,0.9986,0.0531,0.0000,-0.0531,0.9986,-0.0000,-0.0000,0.0000,1.0000),
      ["LeftLowerLeg"] = CFrame.new(0.0000,0.0000,0.0000,1.0000,0.0000,0.0000,0.0000,1.0000,0.0000,0.0000,0.0000,1.0000),
      ["LeftFoot"] = CFrame.new(0.0000,0.0000,0.0000,1.0000,-0.0000,0.0000,0.0000,0.8672,0.4979,-0.0000,-0.4979,0.8672),
      ["UpperTorso"] = CFrame.new(0.0000,0.0000,0.0000,0.9914,0.1249,-0.0403,-0.1312,0.9402,-0.3143,-0.0014,0.3169,0.9485),
      ["Head"] = CFrame.new(-0.0003,-0.0040,-0.0201,0.9993,0.0344,0.0167,-0.0377,0.8166,0.5760,0.0062,-0.5762,0.8173),
      ["RightUpperArm"] = CFrame.new(0.0000,0.0000,0.0000,0.3126,-0.2221,0.9235,0.3463,-0.8787,-0.3286,0.8845,0.4226,-0.1978),
      ["RightLowerArm"] = CFrame.new(-0.0029,-0.0032,-0.0097,0.9931,-0.0920,-0.0726,-0.0188,0.4863,-0.8736,0.1157,0.8689,0.4812),
      ["RightHand"] = CFrame.new(-0.0024,-0.0088,-0.0007,0.9987,0.0055,-0.0511,-0.0000,0.9942,0.1074,0.0514,-0.1072,0.9929),
      ["LeftUpperArm"] = CFrame.new(0.0000,0.0000,0.0000,0.6673,-0.0714,-0.7414,-0.2069,-0.9740,-0.0923,-0.7155,0.2150,-0.6647),
      ["LeftLowerArm"] = CFrame.new(0.0000,0.0000,0.0000,0.9933,-0.1051,-0.0482,0.1073,0.9932,0.0457,0.0431,-0.0506,0.9978),
      ["LeftHand"] = CFrame.new(0.0000,0.0000,0.0000,0.9355,0.3173,-0.1556,-0.3347,0.9368,-0.1019,0.1135,0.1474,0.9825),
      ["RightUpperLeg"] = CFrame.new(0.0000,0.0000,0.0000,0.9991,0.0428,0.0000,-0.0428,0.9991,-0.0000,-0.0000,0.0000,1.0000),
      ["RightLowerLeg"] = CFrame.new(0.0000,0.0000,0.0000,1.0000,0.0000,0.0000,0.0000,1.0000,0.0000,0.0000,0.0000,1.0000),
      ["RightFoot"] = CFrame.new(0.0000,0.0000,0.0000,1.0000,-0.0000,0.0000,0.0000,0.9027,0.4303,-0.0000,-0.4303,0.9027),
    }},
    {Time = 0.567, Data = {
      ["HumanoidRootPart"] = CFrame.new(0.0000,0.0000,0.0000,1.0000,0.0000,0.0000,0.0000,1.0000,0.0000,0.0000,0.0000,1.0000),
      ["LowerTorso"] = CFrame.new(0.0000,0.3007,-0.7477,0.9983,-0.0585,0.0000,0.0582,0.9919,0.1126,-0.0066,-0.1124,0.9936),
      ["LeftUpperLeg"] = CFrame.new(0.0000,0.0000,0.0000,0.9986,0.0531,0.0000,-0.0531,0.9986,-0.0000,-0.0000,0.0000,1.0000),
      ["LeftLowerLeg"] = CFrame.new(0.0000,0.0000,0.0000,1.0000,0.0000,0.0000,0.0000,1.0000,0.0000,0.0000,0.0000,1.0000),
      ["LeftFoot"] = CFrame.new(0.0000,0.0000,0.0000,1.0000,-0.0000,0.0000,0.0000,0.8672,0.4979,-0.0000,-0.4979,0.8672),
      ["UpperTorso"] = CFrame.new(0.0000,0.0000,0.0000,0.9886,0.1451,-0.0403,-0.1503,0.9373,-0.3143,-0.0078,0.3168,0.9485),
      ["Head"] = CFrame.new(-0.0005,-0.0076,-0.0382,0.9974,0.0648,0.0327,-0.0714,0.7965,0.6004,0.0129,-0.6012,0.7990),
      ["RightUpperArm"] = CFrame.new(0.0000,0.0000,0.0000,0.2931,0.0098,0.9560,0.3187,-0.9438,-0.0880,0.9014,0.3305,-0.2797),
      ["RightLowerArm"] = CFrame.new(-0.0055,-0.0061,-0.0185,0.9974,-0.0603,0.0387,0.0608,0.4264,-0.9025,0.0379,0.9025,0.4290),
      ["RightHand"] = CFrame.new(-0.0045,-0.0167,-0.0014,0.9987,0.0055,-0.0511,-0.0000,0.9942,0.1074,0.0514,-0.1072,0.9929),
      ["LeftUpperArm"] = CFrame.new(0.0000,0.0000,0.0000,0.5667,-0.0918,-0.8188,-0.1739,-0.9847,-0.0100,-0.8053,0.1480,-0.5740),
      ["LeftLowerArm"] = CFrame.new(0.0000,0.0000,0.0000,0.9976,-0.0633,-0.0277,0.0636,0.9979,0.0120,0.0269,-0.0137,0.9995),
      ["LeftHand"] = CFrame.new(0.0000,0.0000,0.0000,0.8917,0.4073,-0.1973,-0.4422,0.8770,-0.1880,0.0965,0.2549,0.9621),
      ["RightUpperLeg"] = CFrame.new(0.0000,0.0000,0.0000,0.9991,0.0428,0.0000,-0.0428,0.9991,-0.0000,-0.0000,0.0000,1.0000),
      ["RightLowerLeg"] = CFrame.new(0.0000,0.0000,0.0000,1.0000,0.0000,0.0000,0.0000,1.0000,0.0000,0.0000,0.0000,1.0000),
      ["RightFoot"] = CFrame.new(0.0000,0.0000,0.0000,1.0000,-0.0000,0.0000,0.0000,0.9027,0.4303,-0.0000,-0.4303,0.9027),
    }},
    {Time = 0.600, Data = {
      ["HumanoidRootPart"] = CFrame.new(0.0000,0.0000,0.0000,1.0000,0.0000,0.0000,0.0000,1.0000,0.0000,0.0000,0.0000,1.0000),
      ["LowerTorso"] = CFrame.new(0.0000,0.3007,-0.7477,0.9983,-0.0585,0.0000,0.0582,0.9919,0.1126,-0.0066,-0.1124,0.9936),
      ["LeftUpperLeg"] = CFrame.new(0.0000,0.0000,0.0000,0.9986,0.0531,0.0000,-0.0531,0.9986,-0.0000,-0.0000,0.0000,1.0000),
      ["LeftLowerLeg"] = CFrame.new(0.0000,0.0000,0.0000,1.0000,0.0000,0.0000,0.0000,1.0000,0.0000,0.0000,0.0000,1.0000),
      ["LeftFoot"] = CFrame.new(0.0000,0.0000,0.0000,1.0000,-0.0000,0.0000,0.0000,0.8672,0.4979,-0.0000,-0.4979,0.8672),
      ["UpperTorso"] = CFrame.new(0.0000,0.0000,0.0000,0.9861,0.1610,-0.0403,-0.1655,0.9348,-0.3143,-0.0129,0.3166,0.9485),
      ["Head"] = CFrame.new(-0.0007,-0.0104,-0.0526,0.9950,0.0885,0.0460,-0.0980,0.7793,0.6190,0.0189,-0.6204,0.7841),
      ["RightUpperArm"] = CFrame.new(0.0000,0.0000,0.0000,0.2831,0.1955,0.9390,0.2929,-0.9499,0.1094,0.9133,0.2440,-0.3262),
      ["RightLowerArm"] = CFrame.new(-0.0075,-0.0084,-0.0254,0.9917,-0.0298,0.1252,0.1271,0.3797,-0.9164,-0.0202,0.9246,0.3803),
      ["RightHand"] = CFrame.new(-0.0062,-0.0230,-0.0019,0.9987,0.0055,-0.0511,-0.0000,0.9942,0.1074,0.0514,-0.1072,0.9929),
      ["LeftUpperArm"] = CFrame.new(0.0000,0.0000,0.0000,0.4809,-0.1138,-0.8693,-0.1398,-0.9888,0.0521,-0.8655,0.0965,-0.4915),
      ["LeftLowerArm"] = CFrame.new(0.0000,0.0000,0.0000,0.9995,-0.0295,-0.0124,0.0293,0.9995,-0.0154,0.0129,0.0150,0.9998),
      ["LeftHand"] = CFrame.new(0.0000,0.0000,0.0000,0.8496,0.4716,-0.2362,-0.5222,0.8150,-0.2511,0.0740,0.3367,0.9387),
      ["RightUpperLeg"] = CFrame.new(0.0000,0.0000,0.0000,0.9991,0.0428,0.0000,-0.0428,0.9991,-0.0000,-0.0000,0.0000,1.0000),
      ["RightLowerLeg"] = CFrame.new(0.0000,0.0000,0.0000,1.0000,0.0000,0.0000,0.0000,1.0000,0.0000,0.0000,0.0000,1.0000),
      ["RightFoot"] = CFrame.new(0.0000,0.0000,0.0000,1.0000,-0.0000,0.0000,0.0000,0.9027,0.4303,-0.0000,-0.4303,0.9027),
    }},
    {Time = 0.633, Data = {
      ["HumanoidRootPart"] = CFrame.new(0.0000,0.0000,0.0000,1.0000,0.0000,0.0000,0.0000,1.0000,0.0000,0.0000,0.0000,1.0000),
      ["LowerTorso"] = CFrame.new(0.0000,0.3007,-0.7477,0.9983,-0.0585,0.0000,0.0582,0.9919,0.1126,-0.0066,-0.1124,0.9936),
      ["LeftUpperLeg"] = CFrame.new(0.0000,0.0000,0.0000,0.9986,0.0531,0.0000,-0.0531,0.9986,-0.0000,-0.0000,0.0000,1.0000),
      ["LeftLowerLeg"] = CFrame.new(0.0000,0.0000,0.0000,1.0000,0.0000,0.0000,0.0000,1.0000,0.0000,0.0000,0.0000,1.0000),
      ["LeftFoot"] = CFrame.new(0.0000,0.0000,0.0000,1.0000,-0.0000,0.0000,0.0000,0.8672,0.4979,-0.0000,-0.4979,0.8672),
      ["UpperTorso"] = CFrame.new(0.0000,0.0000,0.0000,0.9844,0.1713,-0.0403,-0.1752,0.9330,-0.3143,-0.0162,0.3165,0.9485),
      ["Head"] = CFrame.new(-0.0008,-0.0122,-0.0618,0.9931,0.1036,0.0549,-0.1149,0.7676,0.6305,0.0231,-0.6325,0.7742),
      ["RightUpperArm"] = CFrame.new(0.0000,0.0000,0.0000,0.2796,0.3114,0.9082,0.2751,-0.9323,0.2350,0.9199,0.1841,-0.3463),
      ["RightLowerArm"] = CFrame.new(-0.0088,-0.0099,-0.0299,0.9837,-0.0079,0.1794,0.1707,0.3503,-0.9209,-0.0555,0.9366,0.3459),
      ["RightHand"] = CFrame.new(-0.0073,-0.0271,-0.0022,0.9987,0.0055,-0.0511,-0.0000,0.9942,0.1074,0.0514,-0.1072,0.9929),
      ["LeftUpperArm"] = CFrame.new(0.0000,0.0000,0.0000,0.4237,-0.1306,-0.8963,-0.1146,-0.9893,0.0900,-0.8985,0.0645,-0.4341),
      ["LeftLowerArm"] = CFrame.new(0.0000,0.0000,0.0000,1.0000,-0.0076,-0.0031,0.0075,0.9994,-0.0333,0.0034,0.0332,0.9994),
      ["LeftHand"] = CFrame.new(0.0000,0.0000,0.0000,0.8194,0.5091,-0.2635,-0.5705,0.7689,-0.2887,0.0556,0.3869,0.9205),
      ["RightUpperLeg"] = CFrame.new(0.0000,0.0000,0.0000,0.9991,0.0428,0.0000,-0.0428,0.9991,-0.0000,-0.0000,0.0000,1.0000),
      ["RightLowerLeg"] = CFrame.new(0.0000,0.0000,0.0000,1.0000,0.0000,0.0000,0.0000,1.0000,0.0000,0.0000,0.0000,1.0000),
      ["RightFoot"] = CFrame.new(0.0000,0.0000,0.0000,1.0000,-0.0000,0.0000,0.0000,0.9027,0.4303,-0.0000,-0.4303,0.9027),
    }},
    {Time = 0.667, Data = {
      ["HumanoidRootPart"] = CFrame.new(0.0000,0.0000,0.0000,1.0000,0.0000,0.0000,0.0000,1.0000,0.0000,0.0000,0.0000,1.0000),
      ["LowerTorso"] = CFrame.new(0.0000,0.3007,-0.7477,0.9983,-0.0585,0.0000,0.0582,0.9919,0.1126,-0.0066,-0.1124,0.9936),
      ["LeftUpperLeg"] = CFrame.new(0.0000,0.0000,0.0000,0.9986,0.0531,0.0000,-0.0531,0.9986,-0.0000,-0.0000,0.0000,1.0000),
      ["LeftLowerLeg"] = CFrame.new(0.0000,0.0000,0.0000,1.0000,0.0000,0.0000,0.0000,1.0000,0.0000,0.0000,0.0000,1.0000),
      ["LeftFoot"] = CFrame.new(0.0000,0.0000,0.0000,1.0000,-0.0000,0.0000,0.0000,0.8672,0.4979,-0.0000,-0.4979,0.8672),
      ["UpperTorso"] = CFrame.new(0.0000,0.0000,0.0000,0.9838,0.1748,-0.0403,-0.1785,0.9324,-0.3143,-0.0174,0.3164,0.9485),
      ["Head"] = CFrame.new(-0.0008,-0.0129,-0.0650,0.9924,0.1087,0.0580,-0.1207,0.7635,0.6344,0.0247,-0.6366,0.7708),
      ["RightUpperArm"] = CFrame.new(0.0000,0.0000,0.0000,0.2789,0.3503,0.8942,0.2688,-0.9224,0.2775,0.9219,0.1629,-0.3514),
      ["RightLowerArm"] = CFrame.new(-0.0093,-0.0104,-0.0314,0.9803,0.0000,0.1978,0.1860,0.3403,-0.9217,-0.0673,0.9403,0.3336),
      ["RightHand"] = CFrame.new(-0.0076,-0.0285,-0.0023,0.9987,0.0055,-0.0511,-0.0000,0.9942,0.1074,0.0514,-0.1072,0.9929),
      ["LeftUpperArm"] = CFrame.new(0.0000,0.0000,0.0000,0.4036,-0.1368,-0.9046,-0.1053,-0.9891,0.1027,-0.9088,0.0538,-0.4136),
      ["LeftLowerArm"] = CFrame.new(0.0000,0.0000,0.0000,1.0000,-0.0000,0.0000,0.0000,0.9992,-0.0395,0.0000,0.0395,0.9992),
      ["LeftHand"] = CFrame.new(0.0000,0.0000,0.0000,0.8085,0.5212,-0.2733,-0.5865,0.7519,-0.3010,0.0486,0.4037,0.9136),
      ["RightUpperLeg"] = CFrame.new(0.0000,0.0000,0.0000,0.9991,0.0428,0.0000,-0.0428,0.9991,-0.0000,-0.0000,0.0000,1.0000),
      ["RightLowerLeg"] = CFrame.new(0.0000,0.0000,0.0000,1.0000,0.0000,0.0000,0.0000,1.0000,0.0000,0.0000,0.0000,1.0000),
      ["RightFoot"] = CFrame.new(0.0000,0.0000,0.0000,1.0000,-0.0000,0.0000,0.0000,0.9027,0.4303,-0.0000,-0.4303,0.9027),
    }},
    {Time = 0.700, Data = {
      ["HumanoidRootPart"] = CFrame.new(0.0000,0.0000,0.0000,1.0000,0.0000,0.0000,0.0000,1.0000,0.0000,0.0000,0.0000,1.0000),
      ["LowerTorso"] = CFrame.new(0.0000,0.3007,-0.7477,0.9983,-0.0585,0.0000,0.0582,0.9919,0.1126,-0.0066,-0.1124,0.9936),
      ["LeftUpperLeg"] = CFrame.new(0.0000,0.0000,0.0000,0.9986,0.0531,0.0000,-0.0531,0.9986,-0.0000,-0.0000,0.0000,1.0000),
      ["LeftLowerLeg"] = CFrame.new(0.0000,0.0000,0.0000,1.0000,0.0000,0.0000,0.0000,1.0000,0.0000,0.0000,0.0000,1.0000),
      ["LeftFoot"] = CFrame.new(0.0000,0.0000,0.0000,1.0000,-0.0000,0.0000,0.0000,0.8672,0.4979,-0.0000,-0.4979,0.8672),
      ["UpperTorso"] = CFrame.new(0.0000,0.0000,0.0000,0.9838,0.1747,-0.0408,-0.1785,0.9315,-0.3170,-0.0174,0.3191,0.9476),
      ["Head"] = CFrame.new(-0.0008,-0.0129,-0.0650,0.9924,0.1087,0.0580,-0.1207,0.7635,0.6344,0.0247,-0.6366,0.7708),
      ["RightUpperArm"] = CFrame.new(0.0000,0.0000,0.0000,0.2789,0.3517,0.8936,0.2688,-0.9219,0.2789,0.9219,0.1624,-0.3516),
      ["RightLowerArm"] = CFrame.new(-0.0093,-0.0104,-0.0314,0.9802,-0.0016,0.1978,0.1860,0.3478,-0.9189,-0.0673,0.9376,0.3413),
      ["RightHand"] = CFrame.new(-0.0076,-0.0285,-0.0023,0.9987,0.0055,-0.0511,-0.0000,0.9942,0.1074,0.0514,-0.1072,0.9929),
      ["LeftUpperArm"] = CFrame.new(0.0000,0.0000,0.0000,0.4036,-0.1368,-0.9046,-0.1053,-0.9891,0.1027,-0.9088,0.0538,-0.4136),
      ["LeftLowerArm"] = CFrame.new(0.0000,0.0000,0.0000,1.0000,-0.0000,0.0000,0.0000,0.9996,-0.0280,0.0000,0.0280,0.9996),
      ["LeftHand"] = CFrame.new(0.0000,0.0000,0.0000,0.8085,0.5212,-0.2733,-0.5865,0.7519,-0.3010,0.0486,0.4037,0.9136),
      ["RightUpperLeg"] = CFrame.new(0.0000,0.0000,0.0000,0.9991,0.0428,0.0000,-0.0428,0.9991,-0.0000,-0.0000,0.0000,1.0000),
      ["RightLowerLeg"] = CFrame.new(0.0000,0.0000,0.0000,1.0000,0.0000,0.0000,0.0000,1.0000,0.0000,0.0000,0.0000,1.0000),
      ["RightFoot"] = CFrame.new(0.0000,0.0000,0.0000,1.0000,-0.0000,0.0000,0.0000,0.9027,0.4303,-0.0000,-0.4303,0.9027),
    }},
    {Time = 0.733, Data = {
      ["HumanoidRootPart"] = CFrame.new(0.0000,0.0000,0.0000,1.0000,0.0000,0.0000,0.0000,1.0000,0.0000,0.0000,0.0000,1.0000),
      ["LowerTorso"] = CFrame.new(0.0000,0.3007,-0.7477,0.9983,-0.0585,0.0000,0.0582,0.9919,0.1126,-0.0066,-0.1124,0.9936),
      ["LeftUpperLeg"] = CFrame.new(0.0000,0.0000,0.0000,0.9986,0.0531,0.0000,-0.0531,0.9986,-0.0000,-0.0000,0.0000,1.0000),
      ["LeftLowerLeg"] = CFrame.new(0.0000,0.0000,0.0000,1.0000,0.0000,0.0000,0.0000,1.0000,0.0000,0.0000,0.0000,1.0000),
      ["LeftFoot"] = CFrame.new(0.0000,0.0000,0.0000,1.0000,-0.0000,0.0000,0.0000,0.8672,0.4979,-0.0000,-0.4979,0.8672),
      ["UpperTorso"] = CFrame.new(0.0000,0.0000,0.0000,0.9838,0.1745,-0.0416,-0.1785,0.9300,-0.3212,-0.0174,0.3235,0.9461),
      ["Head"] = CFrame.new(-0.0008,-0.0129,-0.0650,0.9924,0.1087,0.0580,-0.1207,0.7635,0.6344,0.0247,-0.6366,0.7708),
      ["RightUpperArm"] = CFrame.new(0.0000,0.0000,0.0000,0.2789,0.3539,0.8928,0.2688,-0.9212,0.2812,0.9219,0.1615,-0.3520),
      ["RightLowerArm"] = CFrame.new(-0.0093,-0.0104,-0.0314,0.9802,-0.0042,0.1978,0.1860,0.3600,-0.9142,-0.0673,0.9329,0.3537),
      ["RightHand"] = CFrame.new(-0.0076,-0.0285,-0.0023,0.9987,0.0055,-0.0511,-0.0000,0.9942,0.1074,0.0514,-0.1072,0.9929),
      ["LeftUpperArm"] = CFrame.new(0.0000,0.0000,0.0000,0.4036,-0.1368,-0.9046,-0.1053,-0.9891,0.1027,-0.9088,0.0538,-0.4136),
      ["LeftLowerArm"] = CFrame.new(0.0000,0.0000,0.0000,1.0000,-0.0000,0.0000,0.0000,1.0000,-0.0095,0.0000,0.0095,1.0000),
      ["LeftHand"] = CFrame.new(0.0000,0.0000,0.0000,0.8085,0.5212,-0.2733,-0.5865,0.7519,-0.3010,0.0486,0.4037,0.9136),
      ["RightUpperLeg"] = CFrame.new(0.0000,0.0000,0.0000,0.9991,0.0428,0.0000,-0.0428,0.9991,-0.0000,-0.0000,0.0000,1.0000),
      ["RightLowerLeg"] = CFrame.new(0.0000,0.0000,0.0000,1.0000,0.0000,0.0000,0.0000,1.0000,0.0000,0.0000,0.0000,1.0000),
      ["RightFoot"] = CFrame.new(0.0000,0.0000,0.0000,1.0000,-0.0000,0.0000,0.0000,0.9027,0.4303,-0.0000,-0.4303,0.9027),
    }},
    {Time = 0.767, Data = {
      ["HumanoidRootPart"] = CFrame.new(0.0000,0.0000,0.0000,1.0000,0.0000,0.0000,0.0000,1.0000,0.0000,0.0000,0.0000,1.0000),
      ["LowerTorso"] = CFrame.new(0.0000,0.3007,-0.7477,0.9983,-0.0585,0.0000,0.0582,0.9919,0.1126,-0.0066,-0.1124,0.9936),
      ["LeftUpperLeg"] = CFrame.new(0.0000,0.0000,0.0000,0.9986,0.0531,0.0000,-0.0531,0.9986,-0.0000,-0.0000,0.0000,1.0000),
      ["LeftLowerLeg"] = CFrame.new(0.0000,0.0000,0.0000,1.0000,0.0000,0.0000,0.0000,1.0000,0.0000,0.0000,0.0000,1.0000),
      ["LeftFoot"] = CFrame.new(0.0000,0.0000,0.0000,1.0000,-0.0000,0.0000,0.0000,0.8672,0.4979,-0.0000,-0.4979,0.8672),
      ["UpperTorso"] = CFrame.new(0.0000,0.0000,0.0000,0.9838,0.1745,-0.0416,-0.1785,0.9300,-0.3213,-0.0174,0.3236,0.9461),
      ["Head"] = CFrame.new(-0.0008,-0.0129,-0.0650,0.9924,0.1087,0.0580,-0.1207,0.7635,0.6344,0.0247,-0.6366,0.7708),
      ["RightUpperArm"] = CFrame.new(0.0000,0.0000,0.0000,0.2789,0.3539,0.8927,0.2688,-0.9212,0.2812,0.9219,0.1615,-0.3520),
      ["RightLowerArm"] = CFrame.new(-0.0093,-0.0104,-0.0314,0.9802,-0.0043,0.1978,0.1860,0.3603,-0.9141,-0.0673,0.9328,0.3539),
      ["RightHand"] = CFrame.new(-0.0076,-0.0285,-0.0023,0.9987,0.0055,-0.0511,-0.0000,0.9942,0.1074,0.0514,-0.1072,0.9929),
      ["LeftUpperArm"] = CFrame.new(0.0000,0.0000,0.0000,0.4036,-0.1368,-0.9046,-0.1053,-0.9891,0.1027,-0.9088,0.0538,-0.4136),
      ["LeftLowerArm"] = CFrame.new(0.0000,0.0000,0.0000,1.0000,-0.0000,0.0000,0.0000,1.0000,-0.0091,0.0000,0.0091,1.0000),
      ["LeftHand"] = CFrame.new(0.0000,0.0000,0.0000,0.8085,0.5212,-0.2733,-0.5865,0.7519,-0.3010,0.0486,0.4037,0.9136),
      ["RightUpperLeg"] = CFrame.new(0.0000,0.0000,0.0000,0.9991,0.0428,0.0000,-0.0428,0.9991,-0.0000,-0.0000,0.0000,1.0000),
      ["RightLowerLeg"] = CFrame.new(0.0000,0.0000,0.0000,1.0000,0.0000,0.0000,0.0000,1.0000,0.0000,0.0000,0.0000,1.0000),
      ["RightFoot"] = CFrame.new(0.0000,0.0000,0.0000,1.0000,-0.0000,0.0000,0.0000,0.9027,0.4303,-0.0000,-0.4303,0.9027),
    }},
    {Time = 0.800, Data = {
      ["HumanoidRootPart"] = CFrame.new(0.0000,0.0000,0.0000,1.0000,0.0000,0.0000,0.0000,1.0000,0.0000,0.0000,0.0000,1.0000),
      ["LowerTorso"] = CFrame.new(0.0000,0.3007,-0.7477,0.9983,-0.0585,0.0000,0.0582,0.9919,0.1126,-0.0066,-0.1124,0.9936),
      ["LeftUpperLeg"] = CFrame.new(0.0000,0.0000,0.0000,0.9986,0.0531,0.0000,-0.0531,0.9986,-0.0000,-0.0000,0.0000,1.0000),
      ["LeftLowerLeg"] = CFrame.new(0.0000,0.0000,0.0000,1.0000,0.0000,0.0000,0.0000,1.0000,0.0000,0.0000,0.0000,1.0000),
      ["LeftFoot"] = CFrame.new(0.0000,0.0000,0.0000,1.0000,-0.0000,0.0000,0.0000,0.8672,0.4979,-0.0000,-0.4979,0.8672),
      ["UpperTorso"] = CFrame.new(0.0000,0.0000,0.0000,0.9838,0.1745,-0.0414,-0.1785,0.9304,-0.3201,-0.0174,0.3223,0.9465),
      ["Head"] = CFrame.new(-0.0008,-0.0129,-0.0650,0.9924,0.1087,0.0580,-0.1207,0.7635,0.6344,0.0247,-0.6366,0.7708),
      ["RightUpperArm"] = CFrame.new(0.0000,0.0000,0.0000,0.2789,0.3533,0.8930,0.2688,-0.9214,0.2806,0.9219,0.1618,-0.3519),
      ["RightLowerArm"] = CFrame.new(-0.0093,-0.0104,-0.0314,0.9802,-0.0035,0.1978,0.1860,0.3566,-0.9155,-0.0673,0.9342,0.3503),
      ["RightHand"] = CFrame.new(-0.0076,-0.0285,-0.0023,0.9987,0.0055,-0.0511,-0.0000,0.9942,0.1074,0.0514,-0.1072,0.9929),
      ["LeftUpperArm"] = CFrame.new(0.0000,0.0000,0.0000,0.4036,-0.1368,-0.9046,-0.1053,-0.9891,0.1027,-0.9088,0.0538,-0.4136),
      ["LeftLowerArm"] = CFrame.new(0.0000,0.0000,0.0000,1.0000,-0.0000,0.0000,0.0000,0.9999,-0.0146,0.0000,0.0146,0.9999),
      ["LeftHand"] = CFrame.new(0.0000,0.0000,0.0000,0.8085,0.5212,-0.2733,-0.5865,0.7519,-0.3010,0.0486,0.4037,0.9136),
      ["RightUpperLeg"] = CFrame.new(0.0000,0.0000,0.0000,0.9991,0.0428,0.0000,-0.0428,0.9991,-0.0000,-0.0000,0.0000,1.0000),
      ["RightLowerLeg"] = CFrame.new(0.0000,0.0000,0.0000,1.0000,0.0000,0.0000,0.0000,1.0000,0.0000,0.0000,0.0000,1.0000),
      ["RightFoot"] = CFrame.new(0.0000,0.0000,0.0000,1.0000,-0.0000,0.0000,0.0000,0.9027,0.4303,-0.0000,-0.4303,0.9027),
    }},
    {Time = 0.833, Data = {
      ["HumanoidRootPart"] = CFrame.new(0.0000,0.0000,0.0000,1.0000,0.0000,0.0000,0.0000,1.0000,0.0000,0.0000,0.0000,1.0000),
      ["LowerTorso"] = CFrame.new(0.0000,0.3007,-0.7477,0.9983,-0.0585,0.0000,0.0582,0.9919,0.1126,-0.0066,-0.1124,0.9936),
      ["LeftUpperLeg"] = CFrame.new(0.0000,0.0000,0.0000,0.9986,0.0531,0.0000,-0.0531,0.9986,-0.0000,-0.0000,0.0000,1.0000),
      ["LeftLowerLeg"] = CFrame.new(0.0000,0.0000,0.0000,1.0000,0.0000,0.0000,0.0000,1.0000,0.0000,0.0000,0.0000,1.0000),
      ["LeftFoot"] = CFrame.new(0.0000,0.0000,0.0000,1.0000,-0.0000,0.0000,0.0000,0.8672,0.4979,-0.0000,-0.4979,0.8672),
      ["UpperTorso"] = CFrame.new(0.0000,0.0000,0.0000,0.9838,0.1746,-0.0411,-0.1785,0.9309,-0.3188,-0.0174,0.3210,0.9469),
      ["Head"] = CFrame.new(-0.0008,-0.0129,-0.0650,0.9924,0.1087,0.0580,-0.1207,0.7635,0.6344,0.0247,-0.6366,0.7708),
      ["RightUpperArm"] = CFrame.new(0.0000,0.0000,0.0000,0.2789,0.3526,0.8933,0.2688,-0.9216,0.2799,0.9219,0.1620,-0.3518),
      ["RightLowerArm"] = CFrame.new(-0.0093,-0.0104,-0.0314,0.9802,-0.0027,0.1978,0.1860,0.3530,-0.9169,-0.0673,0.9356,0.3466),
      ["RightHand"] = CFrame.new(-0.0076,-0.0285,-0.0023,0.9987,0.0055,-0.0511,-0.0000,0.9942,0.1074,0.0514,-0.1072,0.9929),
      ["LeftUpperArm"] = CFrame.new(0.0000,0.0000,0.0000,0.4036,-0.1368,-0.9046,-0.1053,-0.9891,0.1027,-0.9088,0.0538,-0.4136),
      ["LeftLowerArm"] = CFrame.new(0.0000,0.0000,0.0000,1.0000,-0.0000,0.0000,0.0000,0.9998,-0.0201,0.0000,0.0201,0.9998),
      ["LeftHand"] = CFrame.new(0.0000,0.0000,0.0000,0.8085,0.5212,-0.2733,-0.5865,0.7519,-0.3010,0.0486,0.4037,0.9136),
      ["RightUpperLeg"] = CFrame.new(0.0000,0.0000,0.0000,0.9991,0.0428,0.0000,-0.0428,0.9991,-0.0000,-0.0000,0.0000,1.0000),
      ["RightLowerLeg"] = CFrame.new(0.0000,0.0000,0.0000,1.0000,0.0000,0.0000,0.0000,1.0000,0.0000,0.0000,0.0000,1.0000),
      ["RightFoot"] = CFrame.new(0.0000,0.0000,0.0000,1.0000,-0.0000,0.0000,0.0000,0.9027,0.4303,-0.0000,-0.4303,0.9027),
    }},
    {Time = 0.867, Data = {
      ["HumanoidRootPart"] = CFrame.new(0.0000,0.0000,0.0000,1.0000,0.0000,0.0000,0.0000,1.0000,0.0000,0.0000,0.0000,1.0000),
      ["LowerTorso"] = CFrame.new(0.0000,0.3007,-0.7477,0.9983,-0.0585,0.0000,0.0582,0.9919,0.1126,-0.0066,-0.1124,0.9936),
      ["LeftUpperLeg"] = CFrame.new(0.0000,0.0000,0.0000,0.9986,0.0531,0.0000,-0.0531,0.9986,-0.0000,-0.0000,0.0000,1.0000),
      ["LeftLowerLeg"] = CFrame.new(0.0000,0.0000,0.0000,1.0000,0.0000,0.0000,0.0000,1.0000,0.0000,0.0000,0.0000,1.0000),
      ["LeftFoot"] = CFrame.new(0.0000,0.0000,0.0000,1.0000,-0.0000,0.0000,0.0000,0.8672,0.4979,-0.0000,-0.4979,0.8672),
      ["UpperTorso"] = CFrame.new(0.0000,0.0000,0.0000,0.9838,0.1746,-0.0409,-0.1785,0.9313,-0.3175,-0.0174,0.3197,0.9474),
      ["Head"] = CFrame.new(-0.0008,-0.0129,-0.0650,0.9924,0.1087,0.0580,-0.1207,0.7635,0.6344,0.0247,-0.6366,0.7708),
      ["RightUpperArm"] = CFrame.new(0.0000,0.0000,0.0000,0.2789,0.3519,0.8935,0.2688,-0.9218,0.2792,0.9219,0.1623,-0.3517),
      ["RightLowerArm"] = CFrame.new(-0.0093,-0.0104,-0.0314,0.9802,-0.0020,0.1978,0.1860,0.3494,-0.9183,-0.0673,0.9370,0.3429),
      ["RightHand"] = CFrame.new(-0.0076,-0.0285,-0.0023,0.9987,0.0055,-0.0511,-0.0000,0.9942,0.1074,0.0514,-0.1072,0.9929),
      ["LeftUpperArm"] = CFrame.new(0.0000,0.0000,0.0000,0.4036,-0.1368,-0.9046,-0.1053,-0.9891,0.1027,-0.9088,0.0538,-0.4136),
      ["LeftLowerArm"] = CFrame.new(0.0000,0.0000,0.0000,1.0000,-0.0000,0.0000,0.0000,0.9997,-0.0257,0.0000,0.0257,0.9997),
      ["LeftHand"] = CFrame.new(0.0000,0.0000,0.0000,0.8085,0.5212,-0.2733,-0.5865,0.7519,-0.3010,0.0486,0.4037,0.9136),
      ["RightUpperLeg"] = CFrame.new(0.0000,0.0000,0.0000,0.9991,0.0428,0.0000,-0.0428,0.9991,-0.0000,-0.0000,0.0000,1.0000),
      ["RightLowerLeg"] = CFrame.new(0.0000,0.0000,0.0000,1.0000,0.0000,0.0000,0.0000,1.0000,0.0000,0.0000,0.0000,1.0000),
      ["RightFoot"] = CFrame.new(0.0000,0.0000,0.0000,1.0000,-0.0000,0.0000,0.0000,0.9027,0.4303,-0.0000,-0.4303,0.9027),
    }},
    {Time = 0.900, Data = {
      ["HumanoidRootPart"] = CFrame.new(0.0000,0.0000,0.0000,1.0000,0.0000,0.0000,0.0000,1.0000,0.0000,0.0000,0.0000,1.0000),
      ["LowerTorso"] = CFrame.new(0.0000,0.3007,-0.7477,0.9983,-0.0585,0.0000,0.0582,0.9919,0.1126,-0.0066,-0.1124,0.9936),
      ["LeftUpperLeg"] = CFrame.new(0.0000,0.0000,0.0000,0.9986,0.0531,0.0000,-0.0531,0.9986,-0.0000,-0.0000,0.0000,1.0000),
      ["LeftLowerLeg"] = CFrame.new(0.0000,0.0000,0.0000,1.0000,0.0000,0.0000,0.0000,1.0000,0.0000,0.0000,0.0000,1.0000),
      ["LeftFoot"] = CFrame.new(0.0000,0.0000,0.0000,1.0000,-0.0000,0.0000,0.0000,0.8672,0.4979,-0.0000,-0.4979,0.8672),
      ["UpperTorso"] = CFrame.new(0.0000,0.0000,0.0000,0.9838,0.1747,-0.0407,-0.1785,0.9317,-0.3162,-0.0174,0.3183,0.9478),
      ["Head"] = CFrame.new(-0.0008,-0.0129,-0.0650,0.9924,0.1087,0.0580,-0.1207,0.7635,0.6344,0.0247,-0.6366,0.7708),
      ["RightUpperArm"] = CFrame.new(0.0000,0.0000,0.0000,0.2789,0.3513,0.8938,0.2688,-0.9220,0.2785,0.9219,0.1626,-0.3516),
      ["RightLowerArm"] = CFrame.new(-0.0093,-0.0104,-0.0314,0.9802,-0.0012,0.1978,0.1860,0.3458,-0.9197,-0.0673,0.9383,0.3391),
      ["RightHand"] = CFrame.new(-0.0076,-0.0285,-0.0023,0.9987,0.0055,-0.0511,-0.0000,0.9942,0.1074,0.0514,-0.1072,0.9929),
      ["LeftUpperArm"] = CFrame.new(0.0000,0.0000,0.0000,0.4036,-0.1368,-0.9046,-0.1053,-0.9891,0.1027,-0.9088,0.0538,-0.4136),
      ["LeftLowerArm"] = CFrame.new(0.0000,0.0000,0.0000,1.0000,-0.0000,0.0000,0.0000,0.9995,-0.0312,0.0000,0.0312,0.9995),
      ["LeftHand"] = CFrame.new(0.0000,0.0000,0.0000,0.8085,0.5212,-0.2733,-0.5865,0.7519,-0.3010,0.0486,0.4037,0.9136),
      ["RightUpperLeg"] = CFrame.new(0.0000,0.0000,0.0000,0.9991,0.0428,0.0000,-0.0428,0.9991,-0.0000,-0.0000,0.0000,1.0000),
      ["RightLowerLeg"] = CFrame.new(0.0000,0.0000,0.0000,1.0000,0.0000,0.0000,0.0000,1.0000,0.0000,0.0000,0.0000,1.0000),
      ["RightFoot"] = CFrame.new(0.0000,0.0000,0.0000,1.0000,-0.0000,0.0000,0.0000,0.9027,0.4303,-0.0000,-0.4303,0.9027),
    }},
    {Time = 0.933, Data = {
      ["HumanoidRootPart"] = CFrame.new(0.0000,0.0000,0.0000,1.0000,0.0000,0.0000,0.0000,1.0000,0.0000,0.0000,0.0000,1.0000),
      ["LowerTorso"] = CFrame.new(0.0000,0.3007,-0.7477,0.9983,-0.0585,0.0000,0.0582,0.9919,0.1126,-0.0066,-0.1124,0.9936),
      ["LeftUpperLeg"] = CFrame.new(0.0000,0.0000,0.0000,0.9986,0.0531,0.0000,-0.0531,0.9986,-0.0000,-0.0000,0.0000,1.0000),
      ["LeftLowerLeg"] = CFrame.new(0.0000,0.0000,0.0000,1.0000,0.0000,0.0000,0.0000,1.0000,0.0000,0.0000,0.0000,1.0000),
      ["LeftFoot"] = CFrame.new(0.0000,0.0000,0.0000,1.0000,-0.0000,0.0000,0.0000,0.8672,0.4979,-0.0000,-0.4979,0.8672),
      ["UpperTorso"] = CFrame.new(0.0000,0.0000,0.0000,0.9838,0.1747,-0.0404,-0.1785,0.9322,-0.3149,-0.0174,0.3170,0.9483),
      ["Head"] = CFrame.new(-0.0008,-0.0129,-0.0650,0.9924,0.1087,0.0580,-0.1207,0.7635,0.6344,0.0247,-0.6366,0.7708),
      ["RightUpperArm"] = CFrame.new(0.0000,0.0000,0.0000,0.2789,0.3506,0.8940,0.2688,-0.9223,0.2779,0.9219,0.1628,-0.3514),
      ["RightLowerArm"] = CFrame.new(-0.0093,-0.0104,-0.0314,0.9803,-0.0004,0.1978,0.1860,0.3421,-0.9211,-0.0673,0.9397,0.3354),
      ["RightHand"] = CFrame.new(-0.0076,-0.0285,-0.0023,0.9987,0.0055,-0.0511,-0.0000,0.9942,0.1074,0.0514,-0.1072,0.9929),
      ["LeftUpperArm"] = CFrame.new(0.0000,0.0000,0.0000,0.4036,-0.1368,-0.9046,-0.1053,-0.9891,0.1027,-0.9088,0.0538,-0.4136),
      ["LeftLowerArm"] = CFrame.new(0.0000,0.0000,0.0000,1.0000,-0.0000,0.0000,0.0000,0.9993,-0.0367,0.0000,0.0367,0.9993),
      ["LeftHand"] = CFrame.new(0.0000,0.0000,0.0000,0.8085,0.5212,-0.2733,-0.5865,0.7519,-0.3010,0.0486,0.4037,0.9136),
      ["RightUpperLeg"] = CFrame.new(0.0000,0.0000,0.0000,0.9991,0.0428,0.0000,-0.0428,0.9991,-0.0000,-0.0000,0.0000,1.0000),
      ["RightLowerLeg"] = CFrame.new(0.0000,0.0000,0.0000,1.0000,0.0000,0.0000,0.0000,1.0000,0.0000,0.0000,0.0000,1.0000),
      ["RightFoot"] = CFrame.new(0.0000,0.0000,0.0000,1.0000,-0.0000,0.0000,0.0000,0.9027,0.4303,-0.0000,-0.4303,0.9027),
    }},
    {Time = 0.967, Data = {
      ["HumanoidRootPart"] = CFrame.new(0.0000,0.0000,0.0000,1.0000,0.0000,0.0000,0.0000,1.0000,0.0000,0.0000,0.0000,1.0000),
      ["LowerTorso"] = CFrame.new(0.0000,0.3007,-0.7477,0.9983,-0.0585,0.0000,0.0582,0.9919,0.1126,-0.0066,-0.1124,0.9936),
      ["LeftUpperLeg"] = CFrame.new(0.0000,0.0000,0.0000,0.9986,0.0531,0.0000,-0.0531,0.9986,-0.0000,-0.0000,0.0000,1.0000),
      ["LeftLowerLeg"] = CFrame.new(0.0000,0.0000,0.0000,1.0000,0.0000,0.0000,0.0000,1.0000,0.0000,0.0000,0.0000,1.0000),
      ["LeftFoot"] = CFrame.new(0.0000,0.0000,0.0000,1.0000,-0.0000,0.0000,0.0000,0.8672,0.4979,-0.0000,-0.4979,0.8672),
      ["UpperTorso"] = CFrame.new(0.0000,0.0000,0.0000,0.9838,0.1748,-0.0403,-0.1785,0.9324,-0.3144,-0.0173,0.3165,0.9484),
      ["Head"] = CFrame.new(-0.0008,-0.0129,-0.0650,0.9924,0.1087,0.0580,-0.1207,0.7635,0.6344,0.0247,-0.6366,0.7708),
      ["RightUpperArm"] = CFrame.new(0.0000,0.0000,0.0000,0.2789,0.3504,0.8941,0.2688,-0.9223,0.2776,0.9219,0.1629,-0.3514),
      ["RightLowerArm"] = CFrame.new(-0.0093,-0.0104,-0.0314,0.9803,-0.0001,0.1978,0.1860,0.3406,-0.9216,-0.0673,0.9402,0.3339),
      ["RightHand"] = CFrame.new(-0.0076,-0.0285,-0.0023,0.9987,0.0055,-0.0511,-0.0000,0.9942,0.1074,0.0514,-0.1072,0.9929),
      ["LeftUpperArm"] = CFrame.new(0.0000,0.0000,0.0000,0.4036,-0.1368,-0.9046,-0.1053,-0.9891,0.1027,-0.9088,0.0538,-0.4136),
      ["LeftLowerArm"] = CFrame.new(0.0000,0.0000,0.0000,1.0000,-0.0000,0.0000,0.0000,0.9992,-0.0390,0.0000,0.0390,0.9992),
      ["LeftHand"] = CFrame.new(0.0000,0.0000,0.0000,0.8085,0.5212,-0.2733,-0.5865,0.7519,-0.3010,0.0486,0.4037,0.9136),
      ["RightUpperLeg"] = CFrame.new(0.0000,0.0000,0.0000,0.9991,0.0428,0.0000,-0.0428,0.9991,-0.0000,-0.0000,0.0000,1.0000),
      ["RightLowerLeg"] = CFrame.new(0.0000,0.0000,0.0000,1.0000,0.0000,0.0000,0.0000,1.0000,0.0000,0.0000,0.0000,1.0000),
      ["RightFoot"] = CFrame.new(0.0000,0.0000,0.0000,1.0000,-0.0000,0.0000,0.0000,0.9027,0.4303,-0.0000,-0.4303,0.9027),
    }},
    {Time = 1.000, Data = {
      ["HumanoidRootPart"] = CFrame.new(0.0000,0.0000,0.0000,1.0000,0.0000,0.0000,0.0000,1.0000,0.0000,0.0000,0.0000,1.0000),
      ["LowerTorso"] = CFrame.new(0.0000,0.3007,-0.7477,0.9983,-0.0585,0.0000,0.0582,0.9919,0.1126,-0.0066,-0.1124,0.9936),
      ["LeftUpperLeg"] = CFrame.new(0.0000,0.0000,0.0000,0.9986,0.0531,0.0000,-0.0531,0.9986,-0.0000,-0.0000,0.0000,1.0000),
      ["LeftLowerLeg"] = CFrame.new(0.0000,0.0000,0.0000,1.0000,0.0000,0.0000,0.0000,1.0000,0.0000,0.0000,0.0000,1.0000),
      ["LeftFoot"] = CFrame.new(0.0000,0.0000,0.0000,1.0000,-0.0000,0.0000,0.0000,0.8672,0.4979,-0.0000,-0.4979,0.8672),
      ["UpperTorso"] = CFrame.new(0.0000,0.0000,0.0000,0.9838,0.1747,-0.0405,-0.1785,0.9321,-0.3153,-0.0174,0.3174,0.9481),
      ["Head"] = CFrame.new(-0.0008,-0.0129,-0.0650,0.9924,0.1087,0.0580,-0.1207,0.7635,0.6344,0.0247,-0.6366,0.7708),
      ["RightUpperArm"] = CFrame.new(0.0000,0.0000,0.0000,0.2789,0.3508,0.8940,0.2688,-0.9222,0.2780,0.9219,0.1627,-0.3515),
      ["RightLowerArm"] = CFrame.new(-0.0093,-0.0104,-0.0314,0.9803,-0.0006,0.1978,0.1860,0.3430,-0.9207,-0.0673,0.9393,0.3364),
      ["RightHand"] = CFrame.new(-0.0076,-0.0285,-0.0023,0.9987,0.0055,-0.0511,-0.0000,0.9942,0.1074,0.0514,-0.1072,0.9929),
      ["LeftUpperArm"] = CFrame.new(0.0000,0.0000,0.0000,0.4036,-0.1368,-0.9046,-0.1053,-0.9891,0.1027,-0.9088,0.0538,-0.4136),
      ["LeftLowerArm"] = CFrame.new(0.0000,0.0000,0.0000,1.0000,-0.0000,0.0000,0.0000,0.9994,-0.0353,0.0000,0.0353,0.9994),
      ["LeftHand"] = CFrame.new(0.0000,0.0000,0.0000,0.8085,0.5212,-0.2733,-0.5865,0.7519,-0.3010,0.0486,0.4037,0.9136),
      ["RightUpperLeg"] = CFrame.new(0.0000,0.0000,0.0000,0.9991,0.0428,0.0000,-0.0428,0.9991,-0.0000,-0.0000,0.0000,1.0000),
      ["RightLowerLeg"] = CFrame.new(0.0000,0.0000,0.0000,1.0000,0.0000,0.0000,0.0000,1.0000,0.0000,0.0000,0.0000,1.0000),
      ["RightFoot"] = CFrame.new(0.0000,0.0000,0.0000,1.0000,-0.0000,0.0000,0.0000,0.9027,0.4303,-0.0000,-0.4303,0.9027),
    }},
    {Time = 1.033, Data = {
      ["HumanoidRootPart"] = CFrame.new(0.0000,0.0000,0.0000,1.0000,0.0000,0.0000,0.0000,1.0000,0.0000,0.0000,0.0000,1.0000),
      ["LowerTorso"] = CFrame.new(0.0000,0.3007,-0.7477,0.9983,-0.0585,0.0000,0.0582,0.9919,0.1126,-0.0066,-0.1124,0.9936),
      ["LeftUpperLeg"] = CFrame.new(0.0000,0.0000,0.0000,0.9986,0.0531,0.0000,-0.0531,0.9986,-0.0000,-0.0000,0.0000,1.0000),
      ["LeftLowerLeg"] = CFrame.new(0.0000,0.0000,0.0000,1.0000,0.0000,0.0000,0.0000,1.0000,0.0000,0.0000,0.0000,1.0000),
      ["LeftFoot"] = CFrame.new(0.0000,0.0000,0.0000,1.0000,-0.0000,0.0000,0.0000,0.8672,0.4979,-0.0000,-0.4979,0.8672),
      ["UpperTorso"] = CFrame.new(0.0000,0.0000,0.0000,0.9838,0.1747,-0.0408,-0.1785,0.9315,-0.3168,-0.0174,0.3189,0.9476),
      ["Head"] = CFrame.new(-0.0008,-0.0129,-0.0650,0.9924,0.1087,0.0580,-0.1207,0.7635,0.6344,0.0247,-0.6366,0.7708),
      ["RightUpperArm"] = CFrame.new(0.0000,0.0000,0.0000,0.2789,0.3516,0.8937,0.2688,-0.9220,0.2788,0.9219,0.1624,-0.3516),
      ["RightLowerArm"] = CFrame.new(-0.0093,-0.0104,-0.0314,0.9802,-0.0015,0.1978,0.1860,0.3473,-0.9191,-0.0673,0.9377,0.3408),
      ["RightHand"] = CFrame.new(-0.0076,-0.0285,-0.0023,0.9987,0.0055,-0.0511,-0.0000,0.9942,0.1074,0.0514,-0.1072,0.9929),
      ["LeftUpperArm"] = CFrame.new(0.0000,0.0000,0.0000,0.4036,-0.1368,-0.9046,-0.1053,-0.9891,0.1027,-0.9088,0.0538,-0.4136),
      ["LeftLowerArm"] = CFrame.new(0.0000,0.0000,0.0000,1.0000,-0.0000,0.0000,0.0000,0.9996,-0.0288,0.0000,0.0288,0.9996),
      ["LeftHand"] = CFrame.new(0.0000,0.0000,0.0000,0.8085,0.5212,-0.2733,-0.5865,0.7519,-0.3010,0.0486,0.4037,0.9136),
      ["RightUpperLeg"] = CFrame.new(0.0000,0.0000,0.0000,0.9991,0.0428,0.0000,-0.0428,0.9991,-0.0000,-0.0000,0.0000,1.0000),
      ["RightLowerLeg"] = CFrame.new(0.0000,0.0000,0.0000,1.0000,0.0000,0.0000,0.0000,1.0000,0.0000,0.0000,0.0000,1.0000),
      ["RightFoot"] = CFrame.new(0.0000,0.0000,0.0000,1.0000,-0.0000,0.0000,0.0000,0.9027,0.4303,-0.0000,-0.4303,0.9027),
    }},
    {Time = 1.067, Data = {
      ["HumanoidRootPart"] = CFrame.new(0.0000,0.0000,0.0000,1.0000,0.0000,0.0000,0.0000,1.0000,0.0000,0.0000,0.0000,1.0000),
      ["LowerTorso"] = CFrame.new(0.0000,0.3007,-0.7477,0.9983,-0.0585,0.0000,0.0582,0.9919,0.1126,-0.0066,-0.1124,0.9936),
      ["LeftUpperLeg"] = CFrame.new(0.0000,0.0000,0.0000,0.9986,0.0531,0.0000,-0.0531,0.9986,-0.0000,-0.0000,0.0000,1.0000),
      ["LeftLowerLeg"] = CFrame.new(0.0000,0.0000,0.0000,1.0000,0.0000,0.0000,0.0000,1.0000,0.0000,0.0000,0.0000,1.0000),
      ["LeftFoot"] = CFrame.new(0.0000,0.0000,0.0000,1.0000,-0.0000,0.0000,0.0000,0.8672,0.4979,-0.0000,-0.4979,0.8672),
      ["UpperTorso"] = CFrame.new(0.0000,0.0000,0.0000,0.9838,0.1746,-0.0411,-0.1785,0.9309,-0.3186,-0.0174,0.3208,0.9470),
      ["Head"] = CFrame.new(-0.0008,-0.0129,-0.0650,0.9924,0.1087,0.0580,-0.1207,0.7635,0.6344,0.0247,-0.6366,0.7708),
      ["RightUpperArm"] = CFrame.new(0.0000,0.0000,0.0000,0.2789,0.3525,0.8933,0.2688,-0.9217,0.2798,0.9219,0.1621,-0.3518),
      ["RightLowerArm"] = CFrame.new(-0.0093,-0.0104,-0.0314,0.9802,-0.0026,0.1978,0.1860,0.3525,-0.9171,-0.0673,0.9358,0.3460),
      ["RightHand"] = CFrame.new(-0.0076,-0.0285,-0.0023,0.9987,0.0055,-0.0511,-0.0000,0.9942,0.1074,0.0514,-0.1072,0.9929),
      ["LeftUpperArm"] = CFrame.new(0.0000,0.0000,0.0000,0.4036,-0.1368,-0.9046,-0.1053,-0.9891,0.1027,-0.9088,0.0538,-0.4136),
      ["LeftLowerArm"] = CFrame.new(0.0000,0.0000,0.0000,1.0000,-0.0000,0.0000,0.0000,0.9998,-0.0209,0.0000,0.0209,0.9998),
      ["LeftHand"] = CFrame.new(0.0000,0.0000,0.0000,0.8085,0.5212,-0.2733,-0.5865,0.7519,-0.3010,0.0486,0.4037,0.9136),
      ["RightUpperLeg"] = CFrame.new(0.0000,0.0000,0.0000,0.9991,0.0428,0.0000,-0.0428,0.9991,-0.0000,-0.0000,0.0000,1.0000),
      ["RightLowerLeg"] = CFrame.new(0.0000,0.0000,0.0000,1.0000,0.0000,0.0000,0.0000,1.0000,0.0000,0.0000,0.0000,1.0000),
      ["RightFoot"] = CFrame.new(0.0000,0.0000,0.0000,1.0000,-0.0000,0.0000,0.0000,0.9027,0.4303,-0.0000,-0.4303,0.9027),
    }},
    {Time = 1.100, Data = {
      ["HumanoidRootPart"] = CFrame.new(0.0000,0.0000,0.0000,1.0000,0.0000,0.0000,0.0000,1.0000,0.0000,0.0000,0.0000,1.0000),
      ["LowerTorso"] = CFrame.new(0.0000,0.3007,-0.7477,0.9983,-0.0585,0.0000,0.0582,0.9919,0.1126,-0.0066,-0.1124,0.9936),
      ["LeftUpperLeg"] = CFrame.new(0.0000,0.0000,0.0000,0.9986,0.0531,0.0000,-0.0531,0.9986,-0.0000,-0.0000,0.0000,1.0000),
      ["LeftLowerLeg"] = CFrame.new(0.0000,0.0000,0.0000,1.0000,0.0000,0.0000,0.0000,1.0000,0.0000,0.0000,0.0000,1.0000),
      ["LeftFoot"] = CFrame.new(0.0000,0.0000,0.0000,1.0000,-0.0000,0.0000,0.0000,0.8672,0.4979,-0.0000,-0.4979,0.8672),
      ["UpperTorso"] = CFrame.new(0.0000,0.0000,0.0000,0.9838,0.1745,-0.0414,-0.1785,0.9303,-0.3203,-0.0174,0.3225,0.9464),
      ["Head"] = CFrame.new(-0.0008,-0.0129,-0.0650,0.9924,0.1087,0.0580,-0.1207,0.7635,0.6344,0.0247,-0.6366,0.7708),
      ["RightUpperArm"] = CFrame.new(0.0000,0.0000,0.0000,0.2789,0.3534,0.8929,0.2688,-0.9214,0.2807,0.9219,0.1617,-0.3519),
      ["RightLowerArm"] = CFrame.new(-0.0093,-0.0104,-0.0314,0.9802,-0.0037,0.1978,0.1860,0.3574,-0.9153,-0.0673,0.9339,0.3510),
      ["RightHand"] = CFrame.new(-0.0076,-0.0285,-0.0023,0.9987,0.0055,-0.0511,-0.0000,0.9942,0.1074,0.0514,-0.1072,0.9929),
      ["LeftUpperArm"] = CFrame.new(0.0000,0.0000,0.0000,0.4036,-0.1368,-0.9046,-0.1053,-0.9891,0.1027,-0.9088,0.0538,-0.4136),
      ["LeftLowerArm"] = CFrame.new(0.0000,0.0000,0.0000,1.0000,-0.0000,0.0000,0.0000,0.9999,-0.0135,0.0000,0.0135,0.9999),
      ["LeftHand"] = CFrame.new(0.0000,0.0000,0.0000,0.8085,0.5212,-0.2733,-0.5865,0.7519,-0.3010,0.0486,0.4037,0.9136),
      ["RightUpperLeg"] = CFrame.new(0.0000,0.0000,0.0000,0.9991,0.0428,0.0000,-0.0428,0.9991,-0.0000,-0.0000,0.0000,1.0000),
      ["RightLowerLeg"] = CFrame.new(0.0000,0.0000,0.0000,1.0000,0.0000,0.0000,0.0000,1.0000,0.0000,0.0000,0.0000,1.0000),
      ["RightFoot"] = CFrame.new(0.0000,0.0000,0.0000,1.0000,-0.0000,0.0000,0.0000,0.9027,0.4303,-0.0000,-0.4303,0.9027),
    }},
    {Time = 1.133, Data = {
      ["HumanoidRootPart"] = CFrame.new(0.0000,0.0000,0.0000,1.0000,0.0000,0.0000,0.0000,1.0000,0.0000,0.0000,0.0000,1.0000),
      ["LowerTorso"] = CFrame.new(0.0000,0.3007,-0.7477,0.9983,-0.0585,0.0000,0.0582,0.9919,0.1126,-0.0066,-0.1124,0.9936),
      ["LeftUpperLeg"] = CFrame.new(0.0000,0.0000,0.0000,0.9986,0.0531,0.0000,-0.0531,0.9986,-0.0000,-0.0000,0.0000,1.0000),
      ["LeftLowerLeg"] = CFrame.new(0.0000,0.0000,0.0000,1.0000,0.0000,0.0000,0.0000,1.0000,0.0000,0.0000,0.0000,1.0000),
      ["LeftFoot"] = CFrame.new(0.0000,0.0000,0.0000,1.0000,-0.0000,0.0000,0.0000,0.8672,0.4979,-0.0000,-0.4979,0.8672),
      ["UpperTorso"] = CFrame.new(0.0000,0.0000,0.0000,0.9838,0.1745,-0.0417,-0.1785,0.9299,-0.3215,-0.0174,0.3238,0.9460),
      ["Head"] = CFrame.new(-0.0008,-0.0129,-0.0650,0.9924,0.1087,0.0580,-0.1207,0.7635,0.6344,0.0247,-0.6366,0.7708),
      ["RightUpperArm"] = CFrame.new(0.0000,0.0000,0.0000,0.2789,0.3540,0.8927,0.2688,-0.9212,0.2813,0.9219,0.1615,-0.3521),
      ["RightLowerArm"] = CFrame.new(-0.0093,-0.0104,-0.0314,0.9802,-0.0044,0.1978,0.1860,0.3608,-0.9139,-0.0673,0.9326,0.3545),
      ["RightHand"] = CFrame.new(-0.0076,-0.0285,-0.0023,0.9987,0.0055,-0.0511,-0.0000,0.9942,0.1074,0.0514,-0.1072,0.9929),
      ["LeftUpperArm"] = CFrame.new(0.0000,0.0000,0.0000,0.4036,-0.1368,-0.9046,-0.1053,-0.9891,0.1027,-0.9088,0.0538,-0.4136),
      ["LeftLowerArm"] = CFrame.new(0.0000,0.0000,0.0000,1.0000,-0.0000,0.0000,0.0000,1.0000,-0.0082,0.0000,0.0082,1.0000),
      ["LeftHand"] = CFrame.new(0.0000,0.0000,0.0000,0.8085,0.5212,-0.2733,-0.5865,0.7519,-0.3010,0.0486,0.4037,0.9136),
      ["RightUpperLeg"] = CFrame.new(0.0000,0.0000,0.0000,0.9991,0.0428,0.0000,-0.0428,0.9991,-0.0000,-0.0000,0.0000,1.0000),
      ["RightLowerLeg"] = CFrame.new(0.0000,0.0000,0.0000,1.0000,0.0000,0.0000,0.0000,1.0000,0.0000,0.0000,0.0000,1.0000),
      ["RightFoot"] = CFrame.new(0.0000,0.0000,0.0000,1.0000,-0.0000,0.0000,0.0000,0.9027,0.4303,-0.0000,-0.4303,0.9027),
    }},
    {Time = 1.167, Data = {
      ["HumanoidRootPart"] = CFrame.new(0.0000,0.0000,0.0000,1.0000,0.0000,0.0000,0.0000,1.0000,0.0000,0.0000,0.0000,1.0000),
      ["LowerTorso"] = CFrame.new(0.0000,0.3007,-0.7477,0.9983,-0.0585,0.0000,0.0582,0.9919,0.1126,-0.0066,-0.1124,0.9936),
      ["LeftUpperLeg"] = CFrame.new(0.0000,0.0000,0.0000,0.9986,0.0531,0.0000,-0.0531,0.9986,-0.0000,-0.0000,0.0000,1.0000),
      ["LeftLowerLeg"] = CFrame.new(0.0000,0.0000,0.0000,1.0000,0.0000,0.0000,0.0000,1.0000,0.0000,0.0000,0.0000,1.0000),
      ["LeftFoot"] = CFrame.new(0.0000,0.0000,0.0000,1.0000,-0.0000,0.0000,0.0000,0.8672,0.4979,-0.0000,-0.4979,0.8672),
      ["UpperTorso"] = CFrame.new(0.0000,0.0000,0.0000,0.9838,0.1744,-0.0417,-0.1785,0.9298,-0.3220,-0.0174,0.3242,0.9458),
      ["Head"] = CFrame.new(-0.0008,-0.0129,-0.0650,0.9924,0.1087,0.0580,-0.1207,0.7635,0.6344,0.0247,-0.6366,0.7708),
      ["RightUpperArm"] = CFrame.new(0.0000,0.0000,0.0000,0.2789,0.3542,0.8926,0.2688,-0.9211,0.2816,0.9219,0.1614,-0.3521),
      ["RightLowerArm"] = CFrame.new(-0.0093,-0.0104,-0.0314,0.9802,-0.0047,0.1978,0.1860,0.3621,-0.9134,-0.0673,0.9321,0.3558),
      ["RightHand"] = CFrame.new(-0.0076,-0.0285,-0.0023,0.9987,0.0055,-0.0511,-0.0000,0.9942,0.1074,0.0514,-0.1072,0.9929),
      ["LeftUpperArm"] = CFrame.new(0.0000,0.0000,0.0000,0.4036,-0.1368,-0.9046,-0.1053,-0.9891,0.1027,-0.9088,0.0538,-0.4136),
      ["LeftLowerArm"] = CFrame.new(0.0000,0.0000,0.0000,1.0000,-0.0000,0.0000,0.0000,1.0000,-0.0063,0.0000,0.0063,1.0000),
      ["LeftHand"] = CFrame.new(0.0000,0.0000,0.0000,0.8085,0.5212,-0.2733,-0.5865,0.7519,-0.3010,0.0486,0.4037,0.9136),
      ["RightUpperLeg"] = CFrame.new(0.0000,0.0000,0.0000,0.9991,0.0428,0.0000,-0.0428,0.9991,-0.0000,-0.0000,0.0000,1.0000),
      ["RightLowerLeg"] = CFrame.new(0.0000,0.0000,0.0000,1.0000,0.0000,0.0000,0.0000,1.0000,0.0000,0.0000,0.0000,1.0000),
      ["RightFoot"] = CFrame.new(0.0000,0.0000,0.0000,1.0000,-0.0000,0.0000,0.0000,0.9027,0.4303,-0.0000,-0.4303,0.9027),
    }},
    {Time = 1.200, Data = {
      ["HumanoidRootPart"] = CFrame.new(0.0000,0.0000,0.0000,1.0000,0.0000,0.0000,0.0000,1.0000,0.0000,0.0000,0.0000,1.0000),
      ["LowerTorso"] = CFrame.new(0.0000,0.3007,-0.7477,0.9983,-0.0585,0.0000,0.0582,0.9919,0.1126,-0.0066,-0.1124,0.9936),
      ["LeftUpperLeg"] = CFrame.new(0.0000,0.0000,0.0000,0.9986,0.0531,0.0000,-0.0531,0.9986,-0.0000,-0.0000,0.0000,1.0000),
      ["LeftLowerLeg"] = CFrame.new(0.0000,0.0000,0.0000,1.0000,0.0000,0.0000,0.0000,1.0000,0.0000,0.0000,0.0000,1.0000),
      ["LeftFoot"] = CFrame.new(0.0000,0.0000,0.0000,1.0000,-0.0000,0.0000,0.0000,0.8672,0.4979,-0.0000,-0.4979,0.8672),
      ["UpperTorso"] = CFrame.new(0.0000,0.0000,0.0000,0.9838,0.1745,-0.0414,-0.1785,0.9303,-0.3204,-0.0174,0.3226,0.9464),
      ["Head"] = CFrame.new(-0.0008,-0.0129,-0.0650,0.9924,0.1087,0.0580,-0.1207,0.7635,0.6344,0.0247,-0.6366,0.7708),
      ["RightUpperArm"] = CFrame.new(0.0000,0.0000,0.0000,0.2789,0.3534,0.8929,0.2688,-0.9214,0.2808,0.9219,0.1617,-0.3520),
      ["RightLowerArm"] = CFrame.new(-0.0093,-0.0104,-0.0314,0.9802,-0.0038,0.1978,0.1860,0.3577,-0.9151,-0.0673,0.9338,0.3514),
      ["RightHand"] = CFrame.new(-0.0076,-0.0285,-0.0023,0.9987,0.0055,-0.0511,-0.0000,0.9942,0.1074,0.0514,-0.1072,0.9929),
      ["LeftUpperArm"] = CFrame.new(0.0000,0.0000,0.0000,0.4036,-0.1368,-0.9046,-0.1053,-0.9891,0.1027,-0.9088,0.0538,-0.4136),
      ["LeftLowerArm"] = CFrame.new(0.0000,0.0000,0.0000,1.0000,-0.0000,0.0000,0.0000,0.9999,-0.0129,0.0000,0.0129,0.9999),
      ["LeftHand"] = CFrame.new(0.0000,0.0000,0.0000,0.8085,0.5212,-0.2733,-0.5865,0.7519,-0.3010,0.0486,0.4037,0.9136),
      ["RightUpperLeg"] = CFrame.new(0.0000,0.0000,0.0000,0.9991,0.0428,0.0000,-0.0428,0.9991,-0.0000,-0.0000,0.0000,1.0000),
      ["RightLowerLeg"] = CFrame.new(0.0000,0.0000,0.0000,1.0000,0.0000,0.0000,0.0000,1.0000,0.0000,0.0000,0.0000,1.0000),
      ["RightFoot"] = CFrame.new(0.0000,0.0000,0.0000,1.0000,-0.0000,0.0000,0.0000,0.9027,0.4303,-0.0000,-0.4303,0.9027),
    }},
    {Time = 1.233, Data = {
      ["HumanoidRootPart"] = CFrame.new(0.0000,0.0000,0.0000,1.0000,0.0000,0.0000,0.0000,1.0000,0.0000,0.0000,0.0000,1.0000),
      ["LowerTorso"] = CFrame.new(0.0000,0.3007,-0.7477,0.9983,-0.0585,0.0000,0.0582,0.9919,0.1126,-0.0066,-0.1124,0.9936),
      ["LeftUpperLeg"] = CFrame.new(0.0000,0.0000,0.0000,0.9986,0.0531,0.0000,-0.0531,0.9986,-0.0000,-0.0000,0.0000,1.0000),
      ["LeftLowerLeg"] = CFrame.new(0.0000,0.0000,0.0000,1.0000,0.0000,0.0000,0.0000,1.0000,0.0000,0.0000,0.0000,1.0000),
      ["LeftFoot"] = CFrame.new(0.0000,0.0000,0.0000,1.0000,-0.0000,0.0000,0.0000,0.8672,0.4979,-0.0000,-0.4979,0.8672),
      ["UpperTorso"] = CFrame.new(0.0000,0.0000,0.0000,0.9838,0.1746,-0.0412,-0.1785,0.9308,-0.3189,-0.0174,0.3211,0.9469),
      ["Head"] = CFrame.new(-0.0008,-0.0129,-0.0650,0.9924,0.1087,0.0580,-0.1207,0.7635,0.6344,0.0247,-0.6366,0.7708),
      ["RightUpperArm"] = CFrame.new(0.0000,0.0000,0.0000,0.2789,0.3527,0.8932,0.2688,-0.9216,0.2800,0.9219,0.1620,-0.3518),
      ["RightLowerArm"] = CFrame.new(-0.0093,-0.0104,-0.0314,0.9802,-0.0028,0.1978,0.1860,0.3534,-0.9168,-0.0673,0.9355,0.3469),
      ["RightHand"] = CFrame.new(-0.0076,-0.0285,-0.0023,0.9987,0.0055,-0.0511,-0.0000,0.9942,0.1074,0.0514,-0.1072,0.9929),
      ["LeftUpperArm"] = CFrame.new(0.0000,0.0000,0.0000,0.4036,-0.1368,-0.9046,-0.1053,-0.9891,0.1027,-0.9088,0.0538,-0.4136),
      ["LeftLowerArm"] = CFrame.new(0.0000,0.0000,0.0000,1.0000,-0.0000,0.0000,0.0000,0.9998,-0.0196,0.0000,0.0196,0.9998),
      ["LeftHand"] = CFrame.new(0.0000,0.0000,0.0000,0.8085,0.5212,-0.2733,-0.5865,0.7519,-0.3010,0.0486,0.4037,0.9136),
      ["RightUpperLeg"] = CFrame.new(0.0000,0.0000,0.0000,0.9991,0.0428,0.0000,-0.0428,0.9991,-0.0000,-0.0000,0.0000,1.0000),
      ["RightLowerLeg"] = CFrame.new(0.0000,0.0000,0.0000,1.0000,0.0000,0.0000,0.0000,1.0000,0.0000,0.0000,0.0000,1.0000),
      ["RightFoot"] = CFrame.new(0.0000,0.0000,0.0000,1.0000,-0.0000,0.0000,0.0000,0.9027,0.4303,-0.0000,-0.4303,0.9027),
    }},
    {Time = 1.267, Data = {
      ["HumanoidRootPart"] = CFrame.new(0.0000,0.0000,0.0000,1.0000,0.0000,0.0000,0.0000,1.0000,0.0000,0.0000,0.0000,1.0000),
      ["LowerTorso"] = CFrame.new(0.0000,0.3007,-0.7477,0.9983,-0.0585,0.0000,0.0582,0.9919,0.1126,-0.0066,-0.1124,0.9936),
      ["LeftUpperLeg"] = CFrame.new(0.0000,0.0000,0.0000,0.9986,0.0531,0.0000,-0.0531,0.9986,-0.0000,-0.0000,0.0000,1.0000),
      ["LeftLowerLeg"] = CFrame.new(0.0000,0.0000,0.0000,1.0000,0.0000,0.0000,0.0000,1.0000,0.0000,0.0000,0.0000,1.0000),
      ["LeftFoot"] = CFrame.new(0.0000,0.0000,0.0000,1.0000,-0.0000,0.0000,0.0000,0.8672,0.4979,-0.0000,-0.4979,0.8672),
      ["UpperTorso"] = CFrame.new(0.0000,0.0000,0.0000,0.9838,0.1746,-0.0409,-0.1785,0.9313,-0.3174,-0.0174,0.3195,0.9474),
      ["Head"] = CFrame.new(-0.0008,-0.0129,-0.0650,0.9924,0.1087,0.0580,-0.1207,0.7635,0.6344,0.0247,-0.6366,0.7708),
      ["RightUpperArm"] = CFrame.new(0.0000,0.0000,0.0000,0.2789,0.3519,0.8935,0.2688,-0.9219,0.2791,0.9219,0.1623,-0.3517),
      ["RightLowerArm"] = CFrame.new(-0.0093,-0.0104,-0.0314,0.9802,-0.0019,0.1978,0.1860,0.3490,-0.9185,-0.0673,0.9371,0.3425),
      ["RightHand"] = CFrame.new(-0.0076,-0.0285,-0.0023,0.9987,0.0055,-0.0511,-0.0000,0.9942,0.1074,0.0514,-0.1072,0.9929),
      ["LeftUpperArm"] = CFrame.new(0.0000,0.0000,0.0000,0.4036,-0.1368,-0.9046,-0.1053,-0.9891,0.1027,-0.9088,0.0538,-0.4136),
      ["LeftLowerArm"] = CFrame.new(0.0000,0.0000,0.0000,1.0000,-0.0000,0.0000,0.0000,0.9997,-0.0262,0.0000,0.0262,0.9997),
      ["LeftHand"] = CFrame.new(0.0000,0.0000,0.0000,0.8085,0.5212,-0.2733,-0.5865,0.7519,-0.3010,0.0486,0.4037,0.9136),
      ["RightUpperLeg"] = CFrame.new(0.0000,0.0000,0.0000,0.9991,0.0428,0.0000,-0.0428,0.9991,-0.0000,-0.0000,0.0000,1.0000),
      ["RightLowerLeg"] = CFrame.new(0.0000,0.0000,0.0000,1.0000,0.0000,0.0000,0.0000,1.0000,0.0000,0.0000,0.0000,1.0000),
      ["RightFoot"] = CFrame.new(0.0000,0.0000,0.0000,1.0000,-0.0000,0.0000,0.0000,0.9027,0.4303,-0.0000,-0.4303,0.9027),
    }},
    {Time = 1.300, Data = {
      ["HumanoidRootPart"] = CFrame.new(0.0000,0.0000,0.0000,1.0000,0.0000,0.0000,0.0000,1.0000,0.0000,0.0000,0.0000,1.0000),
      ["LowerTorso"] = CFrame.new(0.0000,0.3007,-0.7477,0.9983,-0.0585,0.0000,0.0582,0.9919,0.1126,-0.0066,-0.1124,0.9936),
      ["LeftUpperLeg"] = CFrame.new(0.0000,0.0000,0.0000,0.9986,0.0531,0.0000,-0.0531,0.9986,-0.0000,-0.0000,0.0000,1.0000),
      ["LeftLowerLeg"] = CFrame.new(0.0000,0.0000,0.0000,1.0000,0.0000,0.0000,0.0000,1.0000,0.0000,0.0000,0.0000,1.0000),
      ["LeftFoot"] = CFrame.new(0.0000,0.0000,0.0000,1.0000,-0.0000,0.0000,0.0000,0.8672,0.4979,-0.0000,-0.4979,0.8672),
      ["UpperTorso"] = CFrame.new(0.0000,0.0000,0.0000,0.9838,0.1747,-0.0406,-0.1785,0.9319,-0.3158,-0.0174,0.3180,0.9479),
      ["Head"] = CFrame.new(-0.0008,-0.0129,-0.0650,0.9924,0.1087,0.0580,-0.1207,0.7635,0.6344,0.0247,-0.6366,0.7708),
      ["RightUpperArm"] = CFrame.new(0.0000,0.0000,0.0000,0.2789,0.3511,0.8938,0.2688,-0.9221,0.2783,0.9219,0.1626,-0.3515),
      ["RightLowerArm"] = CFrame.new(-0.0093,-0.0104,-0.0314,0.9803,-0.0009,0.1978,0.1860,0.3447,-0.9201,-0.0673,0.9387,0.3380),
      ["RightHand"] = CFrame.new(-0.0076,-0.0285,-0.0023,0.9987,0.0055,-0.0511,-0.0000,0.9942,0.1074,0.0514,-0.1072,0.9929),
      ["LeftUpperArm"] = CFrame.new(0.0000,0.0000,0.0000,0.4036,-0.1368,-0.9046,-0.1053,-0.9891,0.1027,-0.9088,0.0538,-0.4136),
      ["LeftLowerArm"] = CFrame.new(0.0000,0.0000,0.0000,1.0000,-0.0000,0.0000,0.0000,0.9995,-0.0328,0.0000,0.0328,0.9995),
      ["LeftHand"] = CFrame.new(0.0000,0.0000,0.0000,0.8085,0.5212,-0.2733,-0.5865,0.7519,-0.3010,0.0486,0.4037,0.9136),
      ["RightUpperLeg"] = CFrame.new(0.0000,0.0000,0.0000,0.9991,0.0428,0.0000,-0.0428,0.9991,-0.0000,-0.0000,0.0000,1.0000),
      ["RightLowerLeg"] = CFrame.new(0.0000,0.0000,0.0000,1.0000,0.0000,0.0000,0.0000,1.0000,0.0000,0.0000,0.0000,1.0000),
      ["RightFoot"] = CFrame.new(0.0000,0.0000,0.0000,1.0000,-0.0000,0.0000,0.0000,0.9027,0.4303,-0.0000,-0.4303,0.9027),
    }},
    {Time = 1.333, Data = {
      ["HumanoidRootPart"] = CFrame.new(0.0000,0.0000,0.0000,1.0000,0.0000,0.0000,0.0000,1.0000,0.0000,0.0000,0.0000,1.0000),
      ["LowerTorso"] = CFrame.new(0.0000,0.3007,-0.7477,0.9983,-0.0585,0.0000,0.0582,0.9919,0.1126,-0.0066,-0.1124,0.9936),
      ["LeftUpperLeg"] = CFrame.new(0.0000,0.0000,0.0000,0.9986,0.0531,0.0000,-0.0531,0.9986,-0.0000,-0.0000,0.0000,1.0000),
      ["LeftLowerLeg"] = CFrame.new(0.0000,0.0000,0.0000,1.0000,0.0000,0.0000,0.0000,1.0000,0.0000,0.0000,0.0000,1.0000),
      ["LeftFoot"] = CFrame.new(0.0000,0.0000,0.0000,1.0000,-0.0000,0.0000,0.0000,0.8672,0.4979,-0.0000,-0.4979,0.8672),
      ["UpperTorso"] = CFrame.new(0.0000,0.0000,0.0000,0.9838,0.1748,-0.0403,-0.1785,0.9324,-0.3143,-0.0174,0.3164,0.9485),
      ["Head"] = CFrame.new(-0.0009,-0.0129,-0.0650,0.9924,0.1087,0.0580,-0.1207,0.7635,0.6344,0.0247,-0.6366,0.7708),
      ["RightUpperArm"] = CFrame.new(0.0000,0.0000,0.0000,0.2789,0.3503,0.8942,0.2688,-0.9224,0.2775,0.9219,0.1629,-0.3514),
      ["RightLowerArm"] = CFrame.new(-0.0093,-0.0104,-0.0314,0.9803,0.0000,0.1978,0.1860,0.3403,-0.9217,-0.0673,0.9403,0.3336),
      ["RightHand"] = CFrame.new(-0.0076,-0.0285,-0.0023,0.9987,0.0055,-0.0511,-0.0000,0.9942,0.1074,0.0514,-0.1072,0.9929),
      ["LeftUpperArm"] = CFrame.new(0.0000,0.0000,0.0000,0.4036,-0.1368,-0.9046,-0.1053,-0.9891,0.1027,-0.9088,0.0538,-0.4136),
      ["LeftLowerArm"] = CFrame.new(0.0000,0.0000,0.0000,1.0000,-0.0000,0.0000,0.0000,0.9992,-0.0395,0.0000,0.0395,0.9992),
      ["LeftHand"] = CFrame.new(0.0000,0.0000,0.0000,0.8085,0.5212,-0.2733,-0.5865,0.7519,-0.3010,0.0486,0.4037,0.9136),
      ["RightUpperLeg"] = CFrame.new(0.0000,0.0000,0.0000,0.9991,0.0428,0.0000,-0.0428,0.9991,-0.0000,-0.0000,0.0000,1.0000),
      ["RightLowerLeg"] = CFrame.new(0.0000,0.0000,0.0000,1.0000,0.0000,0.0000,0.0000,1.0000,0.0000,0.0000,0.0000,1.0000),
      ["RightFoot"] = CFrame.new(0.0000,0.0000,0.0000,1.0000,-0.0000,0.0000,0.0000,0.9027,0.4303,-0.0000,-0.4303,0.9027),
    }},
    {Time = 1.367, Data = {
      ["HumanoidRootPart"] = CFrame.new(0.0000,0.0000,0.0000,1.0000,0.0000,0.0000,0.0000,1.0000,0.0000,0.0000,0.0000,1.0000),
      ["LowerTorso"] = CFrame.new(0.0000,0.2807,-0.6847,0.9990,-0.0451,0.0004,0.0448,0.9934,0.1056,-0.0052,-0.1055,0.9944),
      ["LeftUpperLeg"] = CFrame.new(0.0000,0.0000,0.0000,0.9991,0.0413,0.0000,-0.0413,0.9991,-0.0000,-0.0000,0.0000,1.0000),
      ["LeftLowerLeg"] = CFrame.new(0.0000,0.0000,0.0000,1.0000,0.0000,0.0000,0.0000,1.0000,0.0000,0.0000,0.0000,1.0000),
      ["LeftFoot"] = CFrame.new(0.0000,0.0000,0.0000,1.0000,-0.0000,0.0000,0.0000,0.8833,0.4688,-0.0000,-0.4688,0.8833),
      ["UpperTorso"] = CFrame.new(0.0000,0.0000,0.0000,0.9858,0.1662,-0.0233,-0.1654,0.9389,-0.3020,-0.0283,0.3015,0.9530),
      ["Head"] = CFrame.new(-0.0009,-0.0129,-0.0650,0.9951,0.0871,0.0464,-0.0965,0.7607,0.6419,0.0206,-0.6433,0.7654),
      ["RightUpperArm"] = CFrame.new(0.0000,0.0000,0.0000,0.1064,0.2659,0.9581,0.2591,-0.9377,0.2315,0.9600,0.2236,-0.1686),
      ["RightLowerArm"] = CFrame.new(-0.0074,-0.0083,-0.0251,0.9796,0.0000,0.2010,0.1908,0.3144,-0.9299,-0.0632,0.9493,0.3080),
      ["RightHand"] = CFrame.new(-0.0076,-0.0285,-0.0023,0.9983,0.0281,-0.0511,-0.0224,0.9940,0.1074,0.0538,-0.1061,0.9929),
      ["LeftUpperArm"] = CFrame.new(0.0000,0.0000,0.0000,0.5378,-0.1045,-0.8366,-0.1081,-0.9926,0.0545,-0.8361,0.0611,-0.5452),
      ["LeftLowerArm"] = CFrame.new(0.0000,0.0000,0.0000,1.0000,-0.0000,0.0000,0.0000,0.9895,-0.1448,0.0000,0.1448,0.9895),
      ["LeftHand"] = CFrame.new(0.0000,0.0000,0.0000,0.8085,0.5212,-0.2733,-0.5865,0.7519,-0.3010,0.0486,0.4037,0.9136),
      ["RightUpperLeg"] = CFrame.new(0.0000,0.0000,0.0000,0.9996,0.0276,0.0000,-0.0276,0.9996,-0.0000,-0.0000,0.0000,1.0000),
      ["RightLowerLeg"] = CFrame.new(0.0000,0.0000,0.0000,1.0000,0.0000,0.0000,0.0000,1.0000,0.0000,0.0000,0.0000,1.0000),
      ["RightFoot"] = CFrame.new(0.0000,0.0000,0.0000,1.0000,-0.0000,0.0000,0.0000,0.9167,0.3997,-0.0000,-0.3997,0.9167),
    }},
    {Time = 1.400, Data = {
      ["HumanoidRootPart"] = CFrame.new(0.0000,0.0000,0.0000,1.0000,0.0000,0.0000,0.0000,1.0000,0.0000,0.0000,0.0000,1.0000),
      ["LowerTorso"] = CFrame.new(0.0000,0.2608,-0.6218,0.9995,-0.0316,0.0008,0.0314,0.9946,0.0986,-0.0039,-0.0986,0.9951),
      ["LeftUpperLeg"] = CFrame.new(0.0000,0.0000,0.0000,0.9996,0.0295,0.0000,-0.0295,0.9996,-0.0000,-0.0000,0.0000,1.0000),
      ["LeftLowerLeg"] = CFrame.new(0.0000,0.0000,0.0000,1.0000,0.0000,0.0000,0.0000,1.0000,0.0000,0.0000,0.0000,1.0000),
      ["LeftFoot"] = CFrame.new(0.0000,0.0000,0.0000,1.0000,-0.0000,0.0000,0.0000,0.8984,0.4392,-0.0000,-0.4392,0.8984),
      ["UpperTorso"] = CFrame.new(0.0000,0.0000,0.0000,0.9875,0.1575,-0.0064,-0.1526,0.9449,-0.2895,-0.0396,0.2868,0.9572),
      ["Head"] = CFrame.new(-0.0009,-0.0129,-0.0650,0.9973,0.0654,0.0348,-0.0723,0.7571,0.6493,0.0161,-0.6500,0.7597),
      ["RightUpperArm"] = CFrame.new(0.0000,0.0000,0.0000,0.0103,0.1160,0.9932,0.2656,-0.9579,0.1091,0.9640,0.2627,-0.0407),
      ["RightLowerArm"] = CFrame.new(-0.0056,-0.0062,-0.0188,0.9789,0.0000,0.2043,0.1956,0.2883,-0.9373,-0.0589,0.9575,0.2823),
      ["RightHand"] = CFrame.new(-0.0076,-0.0285,-0.0023,0.9974,0.0506,-0.0511,-0.0449,0.9932,0.1074,0.0562,-0.1048,0.9929),
      ["LeftUpperArm"] = CFrame.new(0.0000,0.0000,0.0000,0.6578,-0.0375,-0.7522,-0.0899,-0.9955,-0.0290,-0.7478,0.0867,-0.6583),
      ["LeftLowerArm"] = CFrame.new(0.0000,0.0000,0.0000,1.0000,-0.0000,0.0000,0.0000,0.9686,-0.2486,0.0000,0.2486,0.9686),
      ["LeftHand"] = CFrame.new(0.0000,0.0000,0.0000,0.8085,0.5212,-0.2733,-0.5865,0.7519,-0.3010,0.0486,0.4037,0.9136),
      ["RightUpperLeg"] = CFrame.new(0.0000,0.0000,0.0000,0.9999,0.0124,0.0000,-0.0124,0.9999,-0.0000,-0.0000,0.0000,1.0000),
      ["RightLowerLeg"] = CFrame.new(0.0000,0.0000,0.0000,1.0000,0.0000,0.0000,0.0000,1.0000,0.0000,0.0000,0.0000,1.0000),
      ["RightFoot"] = CFrame.new(0.0000,0.0000,0.0000,1.0000,-0.0000,0.0000,0.0000,0.9296,0.3686,-0.0000,-0.3686,0.9296),
    }},
    {Time = 1.433, Data = {
      ["HumanoidRootPart"] = CFrame.new(0.0000,0.0000,0.0000,1.0000,0.0000,0.0000,0.0000,1.0000,0.0000,0.0000,0.0000,1.0000),
      ["LowerTorso"] = CFrame.new(0.0000,0.2408,-0.5588,0.9998,-0.0182,0.0012,0.0180,0.9956,0.0917,-0.0029,-0.0916,0.9958),
      ["LeftUpperLeg"] = CFrame.new(0.0000,0.0000,0.0000,0.9998,0.0177,0.0000,-0.0177,0.9998,-0.0000,-0.0000,0.0000,1.0000),
      ["LeftLowerLeg"] = CFrame.new(0.0000,0.0000,0.0000,1.0000,0.0000,0.0000,0.0000,1.0000,0.0000,0.0000,0.0000,1.0000),
      ["LeftFoot"] = CFrame.new(0.0000,0.0000,0.0000,1.0000,-0.0000,0.0000,0.0000,0.9125,0.4091,-0.0000,-0.4091,0.9125),
      ["UpperTorso"] = CFrame.new(0.0000,0.0000,0.0000,0.9888,0.1488,0.0106,-0.1401,0.9506,-0.2768,-0.0512,0.2722,0.9609),
      ["Head"] = CFrame.new(-0.0009,-0.0129,-0.0650,0.9988,0.0436,0.0232,-0.0481,0.7528,0.6565,0.0112,-0.6569,0.7539),
      ["RightUpperArm"] = CFrame.new(0.0000,0.0000,0.0000,0.0115,-0.0559,0.9984,0.2831,-0.9574,-0.0568,0.9590,0.2833,0.0048),
      ["RightLowerArm"] = CFrame.new(-0.0037,-0.0042,-0.0126,0.9782,0.0000,0.2076,0.2003,0.2620,-0.9440,-0.0544,0.9651,0.2563),
      ["RightHand"] = CFrame.new(-0.0076,-0.0285,-0.0023,0.9960,0.0731,-0.0511,-0.0673,0.9919,0.1074,0.0585,-0.1035,0.9929),
      ["LeftUpperArm"] = CFrame.new(0.0000,0.0000,0.0000,0.7548,0.0589,-0.6533,-0.0450,-0.9890,-0.1412,-0.6544,0.1360,-0.7438),
      ["LeftLowerArm"] = CFrame.new(0.0000,0.0000,0.0000,1.0000,-0.0000,0.0000,0.0000,0.9369,-0.3495,0.0000,0.3495,0.9369),
      ["LeftHand"] = CFrame.new(0.0000,0.0000,0.0000,0.8085,0.5212,-0.2733,-0.5865,0.7519,-0.3010,0.0486,0.4037,0.9136),
      ["RightUpperLeg"] = CFrame.new(0.0000,0.0000,0.0000,1.0000,-0.0028,0.0000,0.0028,1.0000,-0.0000,0.0000,0.0000,1.0000),
      ["RightLowerLeg"] = CFrame.new(0.0000,0.0000,0.0000,1.0000,0.0000,0.0000,0.0000,1.0000,0.0000,0.0000,0.0000,1.0000),
      ["RightFoot"] = CFrame.new(0.0000,0.0000,0.0000,1.0000,-0.0000,0.0000,0.0000,0.9415,0.3371,-0.0000,-0.3371,0.9415),
    }},
    {Time = 1.467, Data = {
      ["HumanoidRootPart"] = CFrame.new(0.0000,0.0000,0.0000,1.0000,0.0000,0.0000,0.0000,1.0000,0.0000,0.0000,0.0000,1.0000),
      ["LowerTorso"] = CFrame.new(0.0000,0.2208,-0.4958,1.0000,-0.0047,0.0016,0.0045,0.9964,0.0847,-0.0020,-0.0847,0.9964),
      ["LeftUpperLeg"] = CFrame.new(0.0000,0.0000,0.0000,1.0000,0.0059,0.0000,-0.0059,1.0000,-0.0000,-0.0000,0.0000,1.0000),
      ["LeftLowerLeg"] = CFrame.new(0.0000,0.0000,0.0000,1.0000,0.0000,0.0000,0.0000,1.0000,0.0000,0.0000,0.0000,1.0000),
      ["LeftFoot"] = CFrame.new(0.0000,0.0000,0.0000,1.0000,-0.0000,0.0000,0.0000,0.9256,0.3785,-0.0000,-0.3785,0.9256),
      ["UpperTorso"] = CFrame.new(0.0000,0.0000,0.0000,0.9898,0.1401,0.0275,-0.1280,0.9560,-0.2641,-0.0633,0.2578,0.9641),
      ["Head"] = CFrame.new(-0.0009,-0.0129,-0.0650,0.9997,0.0218,0.0116,-0.0240,0.7477,0.6636,0.0058,-0.6637,0.7480),
      ["RightUpperArm"] = CFrame.new(0.0000,0.0000,0.0000,0.1088,-0.2013,0.9735,0.2894,-0.9305,-0.2247,0.9510,0.3062,-0.0429),
      ["RightLowerArm"] = CFrame.new(-0.0019,-0.0021,-0.0063,0.9775,0.0000,0.2108,0.2049,0.2355,-0.9500,-0.0497,0.9719,0.2302),
      ["RightHand"] = CFrame.new(-0.0076,-0.0285,-0.0023,0.9941,0.0955,-0.0511,-0.0896,0.9902,0.1074,0.0608,-0.1022,0.9929),
      ["LeftUpperArm"] = CFrame.new(0.0000,0.0000,0.0000,0.8216,0.1776,-0.5416,0.0276,-0.9615,-0.2734,-0.5693,0.2097,-0.7949),
      ["LeftLowerArm"] = CFrame.new(0.0000,0.0000,0.0000,1.0000,-0.0000,0.0000,0.0000,0.8947,-0.4466,0.0000,0.4466,0.8947),
      ["LeftHand"] = CFrame.new(0.0000,0.0000,0.0000,0.8085,0.5212,-0.2733,-0.5865,0.7519,-0.3010,0.0486,0.4037,0.9136),
      ["RightUpperLeg"] = CFrame.new(0.0000,0.0000,0.0000,0.9998,-0.0180,0.0000,0.0180,0.9998,-0.0000,0.0000,0.0000,1.0000),
      ["RightLowerLeg"] = CFrame.new(0.0000,0.0000,0.0000,1.0000,0.0000,0.0000,0.0000,1.0000,0.0000,0.0000,0.0000,1.0000),
      ["RightFoot"] = CFrame.new(0.0000,0.0000,0.0000,1.0000,-0.0000,0.0000,0.0000,0.9523,0.3052,-0.0000,-0.3052,0.9523),
    }},
    {Time = 1.500, Data = {
      ["HumanoidRootPart"] = CFrame.new(0.0000,0.0000,0.0000,1.0000,0.0000,0.0000,0.0000,1.0000,0.0000,0.0000,0.0000,1.0000),
      ["LowerTorso"] = CFrame.new(0.0000,0.2009,-0.4329,1.0000,0.0088,0.0021,-0.0089,0.9969,0.0777,-0.0014,-0.0777,0.9970),
      ["LeftUpperLeg"] = CFrame.new(0.0000,0.0000,0.0000,1.0000,-0.0060,0.0000,0.0060,1.0000,-0.0000,0.0000,0.0000,1.0000),
      ["LeftLowerLeg"] = CFrame.new(0.0000,0.0000,0.0000,1.0000,0.0000,0.0000,0.0000,1.0000,0.0000,0.0000,0.0000,1.0000),
      ["LeftFoot"] = CFrame.new(0.0000,0.0000,0.0000,1.0000,-0.0000,0.0000,0.0000,0.9377,0.3476,-0.0000,-0.3476,0.9377),
      ["UpperTorso"] = CFrame.new(0.0000,0.0000,0.0000,0.9903,0.1313,0.0445,-0.1161,0.9609,-0.2512,-0.0757,0.2436,0.9669),
      ["Head"] = CFrame.new(-0.0009,-0.0129,-0.0650,1.0000,-0.0000,0.0000,0.0000,0.7418,0.6706,-0.0000,-0.6706,0.7418),
      ["RightUpperArm"] = CFrame.new(0.0000,0.0000,0.0000,0.2789,-0.2778,0.9193,0.2688,-0.8964,-0.3525,0.9219,0.3454,-0.1753),
      ["RightLowerArm"] = CFrame.new(-0.0000,0.0000,0.0000,0.9768,-0.0000,0.2141,0.2094,0.2088,-0.9553,-0.0447,0.9780,0.2040),
      ["RightHand"] = CFrame.new(-0.0076,-0.0285,-0.0023,0.9917,0.1179,-0.0511,-0.1120,0.9879,0.1074,0.0631,-0.1008,0.9929),
      ["LeftUpperArm"] = CFrame.new(0.0000,0.0000,0.0000,0.8534,0.3094,-0.4194,0.1228,-0.9015,-0.4151,-0.5065,0.3027,-0.8073),
      ["LeftLowerArm"] = CFrame.new(0.0000,0.0000,0.0000,1.0000,-0.0000,0.0000,0.0000,0.8425,-0.5386,0.0000,0.5386,0.8425),
      ["LeftHand"] = CFrame.new(0.0000,0.0000,0.0000,0.8085,0.5212,-0.2733,-0.5865,0.7519,-0.3010,0.0486,0.4037,0.9136),
      ["RightUpperLeg"] = CFrame.new(0.0000,0.0000,0.0000,0.9994,-0.0332,0.0000,0.0332,0.9994,-0.0000,0.0000,0.0000,1.0000),
      ["RightLowerLeg"] = CFrame.new(0.0000,0.0000,0.0000,1.0000,0.0000,0.0000,0.0000,1.0000,0.0000,0.0000,0.0000,1.0000),
      ["RightFoot"] = CFrame.new(0.0000,0.0000,0.0000,1.0000,-0.0000,0.0000,0.0000,0.9620,0.2730,-0.0000,-0.2730,0.9620),
    }},
    {Time = 1.533, Data = {
      ["HumanoidRootPart"] = CFrame.new(0.0000,0.0000,0.0000,1.0000,0.0000,0.0000,0.0000,1.0000,0.0000,0.0000,0.0000,1.0000),
      ["LowerTorso"] = CFrame.new(0.0000,0.1607,-0.3463,1.0000,0.0070,0.0016,-0.0071,0.9980,0.0622,-0.0012,-0.0622,0.9981),
      ["LeftUpperLeg"] = CFrame.new(0.0000,0.0000,0.0000,1.0000,-0.0048,0.0000,0.0048,1.0000,-0.0000,0.0000,0.0000,1.0000),
      ["LeftLowerLeg"] = CFrame.new(0.0000,0.0000,0.0000,1.0000,0.0000,0.0000,0.0000,1.0000,0.0000,0.0000,0.0000,1.0000),
      ["LeftFoot"] = CFrame.new(0.0000,0.0000,0.0000,1.0000,-0.0000,0.0000,0.0000,0.9599,0.2802,-0.0000,-0.2802,0.9599),
      ["UpperTorso"] = CFrame.new(0.0000,0.0000,0.0000,0.9924,0.1176,0.0356,-0.1082,0.9734,-0.2018,-0.0584,0.1964,0.9788),
      ["Head"] = CFrame.new(-0.0001,-0.0107,-0.0605,1.0000,-0.0000,0.0000,0.0000,0.7874,0.6165,-0.0000,-0.6165,0.7874),
      ["RightUpperArm"] = CFrame.new(0.0000,0.0000,0.0000,0.4080,-0.3777,0.8312,0.3919,-0.7498,-0.5331,0.8246,0.5432,-0.1579),
      ["RightLowerArm"] = CFrame.new(-0.0000,0.0000,0.0000,0.9610,0.0036,0.2765,0.2706,0.1935,-0.9431,-0.0569,0.9811,0.1850),
      ["RightHand"] = CFrame.new(-0.0076,-0.0285,-0.0023,0.9934,0.0998,-0.0556,-0.0960,0.9931,0.0670,0.0620,-0.0613,0.9962),
      ["LeftUpperArm"] = CFrame.new(0.0000,0.0000,0.0000,0.8775,0.2435,-0.4132,-0.0044,-0.8574,-0.5146,-0.4796,0.4533,-0.7513),
      ["LeftLowerArm"] = CFrame.new(0.0000,0.0000,0.0000,1.0000,-0.0000,0.0000,0.0000,0.8171,-0.5764,0.0000,0.5764,0.8171),
      ["LeftHand"] = CFrame.new(0.0000,0.0000,0.0000,0.8689,0.4242,-0.2551,-0.4846,0.8339,-0.2640,0.1008,0.3530,0.9302),
      ["RightUpperLeg"] = CFrame.new(0.0000,0.0000,0.0000,0.9996,-0.0266,0.0000,0.0266,0.9996,-0.0000,0.0000,0.0000,1.0000),
      ["RightLowerLeg"] = CFrame.new(0.0000,0.0000,0.0000,1.0000,0.0000,0.0000,0.0000,1.0000,0.0000,0.0000,0.0000,1.0000),
      ["RightFoot"] = CFrame.new(0.0000,0.0000,0.0000,1.0000,-0.0000,0.0000,0.0000,0.9756,0.2194,-0.0000,-0.2194,0.9756),
    }},
    {Time = 1.567, Data = {
      ["HumanoidRootPart"] = CFrame.new(0.0000,0.0000,0.0000,1.0000,0.0000,0.0000,0.0000,1.0000,0.0000,0.0000,0.0000,1.0000),
      ["LowerTorso"] = CFrame.new(0.0000,0.1205,-0.2597,1.0000,0.0053,0.0012,-0.0053,0.9989,0.0467,-0.0010,-0.0467,0.9989),
      ["LeftUpperLeg"] = CFrame.new(0.0000,0.0000,0.0000,1.0000,-0.0036,0.0000,0.0036,1.0000,-0.0000,0.0000,0.0000,1.0000),
      ["LeftLowerLeg"] = CFrame.new(0.0000,0.0000,0.0000,1.0000,0.0000,0.0000,0.0000,1.0000,0.0000,0.0000,0.0000,1.0000),
      ["LeftFoot"] = CFrame.new(0.0000,0.0000,0.0000,1.0000,-0.0000,0.0000,0.0000,0.9774,0.2114,-0.0000,-0.2114,0.9774),
      ["UpperTorso"] = CFrame.new(0.0000,0.0000,0.0000,0.9942,0.1040,0.0267,-0.0988,0.9835,-0.1519,-0.0420,0.1484,0.9880),
      ["Head"] = CFrame.new(0.0008,-0.0084,-0.0559,1.0000,-0.0000,0.0000,0.0000,0.8290,0.5593,-0.0000,-0.5593,0.8290),
      ["RightUpperArm"] = CFrame.new(0.0000,0.0000,0.0000,0.5302,-0.4560,0.7148,0.4641,-0.5495,-0.6947,0.7096,0.7001,-0.0797),
      ["RightLowerArm"] = CFrame.new(-0.0000,0.0000,0.0000,0.9412,0.0071,0.3377,0.3311,0.1786,-0.9265,-0.0669,0.9839,0.1658),
      ["RightHand"] = CFrame.new(-0.0077,-0.0285,-0.0023,0.9948,0.0817,-0.0602,-0.0802,0.9964,0.0266,0.0622,-0.0216,0.9978),
      ["LeftUpperArm"] = CFrame.new(0.0000,0.0000,0.0000,0.8964,0.1758,-0.4070,-0.1213,-0.7858,-0.6065,-0.4264,0.5930,-0.6830),
      ["LeftLowerArm"] = CFrame.new(0.0000,0.0000,0.0000,1.0000,-0.0000,0.0000,0.0000,0.7900,-0.6131,0.0000,0.6131,0.7900),
      ["LeftHand"] = CFrame.new(0.0000,0.0000,0.0000,0.9173,0.3200,-0.2368,-0.3723,0.9002,-0.2260,0.1409,0.2955,0.9449),
      ["RightUpperLeg"] = CFrame.new(0.0000,0.0000,0.0000,0.9998,-0.0199,0.0000,0.0199,0.9998,-0.0000,0.0000,0.0000,1.0000),
      ["RightLowerLeg"] = CFrame.new(0.0000,0.0000,0.0000,1.0000,0.0000,0.0000,0.0000,1.0000,0.0000,0.0000,0.0000,1.0000),
      ["RightFoot"] = CFrame.new(0.0000,0.0000,0.0000,1.0000,-0.0000,0.0000,0.0000,0.9863,0.1651,-0.0000,-0.1651,0.9863),
    }},
    {Time = 1.600, Data = {
      ["HumanoidRootPart"] = CFrame.new(0.0000,0.0000,0.0000,1.0000,0.0000,0.0000,0.0000,1.0000,0.0000,0.0000,0.0000,1.0000),
      ["LowerTorso"] = CFrame.new(0.0000,0.0803,-0.1732,1.0000,0.0035,0.0008,-0.0035,0.9995,0.0311,-0.0007,-0.0311,0.9995),
      ["LeftUpperLeg"] = CFrame.new(0.0000,0.0000,0.0000,1.0000,-0.0024,0.0000,0.0024,1.0000,-0.0000,0.0000,0.0000,1.0000),
      ["LeftLowerLeg"] = CFrame.new(0.0000,0.0000,0.0000,1.0000,0.0000,0.0000,0.0000,1.0000,0.0000,0.0000,0.0000,1.0000),
      ["LeftFoot"] = CFrame.new(0.0000,0.0000,0.0000,1.0000,-0.0000,0.0000,0.0000,0.9899,0.1415,-0.0000,-0.1415,0.9899),
      ["UpperTorso"] = CFrame.new(0.0000,0.0000,0.0000,0.9958,0.0903,0.0178,-0.0880,0.9909,-0.1015,-0.0268,0.0995,0.9947),
      ["Head"] = CFrame.new(0.0016,-0.0062,-0.0514,1.0000,-0.0000,0.0000,0.0000,0.8664,0.4993,-0.0000,-0.4993,0.8664),
      ["RightUpperArm"] = CFrame.new(0.0000,0.0000,0.0000,0.6399,-0.5108,0.5741,0.4849,-0.3112,-0.8173,0.5961,0.8014,0.0486),
      ["RightLowerArm"] = CFrame.new(-0.0000,0.0000,0.0000,0.9175,0.0103,0.3975,0.3906,0.1641,-0.9058,-0.0746,0.9864,0.1465),
      ["RightHand"] = CFrame.new(-0.0077,-0.0285,-0.0023,0.9959,0.0635,-0.0648,-0.0645,0.9978,-0.0138,0.0637,0.0180,0.9978),
      ["LeftUpperArm"] = CFrame.new(0.0000,0.0000,0.0000,0.9100,0.1065,-0.4008,-0.2229,-0.6892,-0.6894,-0.3497,0.7167,-0.6034),
      ["LeftLowerArm"] = CFrame.new(0.0000,0.0000,0.0000,1.0000,-0.0000,0.0000,0.0000,0.7613,-0.6484,0.0000,0.6484,0.7613),
      ["LeftHand"] = CFrame.new(0.0000,0.0000,0.0000,0.9529,0.2102,-0.2185,-0.2523,0.9494,-0.1872,0.1681,0.2335,0.9577),
      ["RightUpperLeg"] = CFrame.new(0.0000,0.0000,0.0000,0.9999,-0.0133,0.0000,0.0133,0.9999,-0.0000,0.0000,0.0000,1.0000),
      ["RightLowerLeg"] = CFrame.new(0.0000,0.0000,0.0000,1.0000,0.0000,0.0000,0.0000,1.0000,0.0000,0.0000,0.0000,1.0000),
      ["RightFoot"] = CFrame.new(0.0000,0.0000,0.0000,1.0000,-0.0000,0.0000,0.0000,0.9939,0.1104,-0.0000,-0.1104,0.9939),
    }},
    {Time = 1.633, Data = {
      ["HumanoidRootPart"] = CFrame.new(0.0000,0.0000,0.0000,1.0000,0.0000,0.0000,0.0000,1.0000,0.0000,0.0000,0.0000,1.0000),
      ["LowerTorso"] = CFrame.new(0.0000,0.0402,-0.0866,1.0000,0.0018,0.0004,-0.0018,0.9999,0.0156,-0.0004,-0.0156,0.9999),
      ["LeftUpperLeg"] = CFrame.new(0.0000,0.0000,0.0000,1.0000,-0.0012,0.0000,0.0012,1.0000,-0.0000,0.0000,0.0000,1.0000),
      ["LeftLowerLeg"] = CFrame.new(0.0000,0.0000,0.0000,1.0000,0.0000,0.0000,0.0000,1.0000,0.0000,0.0000,0.0000,1.0000),
      ["LeftFoot"] = CFrame.new(0.0000,0.0000,0.0000,1.0000,-0.0000,0.0000,0.0000,0.9975,0.0709,-0.0000,-0.0709,0.9975),
      ["UpperTorso"] = CFrame.new(0.0000,0.0000,0.0000,0.9970,0.0765,0.0089,-0.0760,0.9958,-0.0508,-0.0127,0.0500,0.9987),
      ["Head"] = CFrame.new(0.0024,-0.0040,-0.0469,1.0000,-0.0000,0.0000,0.0000,0.8995,0.4368,-0.0000,-0.4368,0.8995),
      ["RightUpperArm"] = CFrame.new(0.0000,0.0000,0.0000,0.7318,-0.5415,0.4138,0.4610,-0.0539,-0.8858,0.5019,0.8390,0.2102),
      ["RightLowerArm"] = CFrame.new(-0.0000,0.0000,0.0000,0.8900,0.0134,0.4557,0.4488,0.1500,-0.8810,-0.0801,0.9886,0.1275),
      ["RightHand"] = CFrame.new(-0.0077,-0.0285,-0.0023,0.9966,0.0453,-0.0693,-0.0491,0.9973,-0.0543,0.0667,0.0575,0.9961),
      ["LeftUpperArm"] = CFrame.new(0.0000,0.0000,0.0000,0.9182,0.0363,-0.3945,-0.3047,-0.5716,-0.7618,-0.2531,0.8197,-0.5138),
      ["LeftLowerArm"] = CFrame.new(0.0000,0.0000,0.0000,1.0000,-0.0000,0.0000,0.0000,0.7310,-0.6824,0.0000,0.6824,0.7310),
      ["LeftHand"] = CFrame.new(0.0000,0.0000,0.0000,0.9750,0.0964,-0.2000,-0.1273,0.9808,-0.1476,0.1820,0.1694,0.9686),
      ["RightUpperLeg"] = CFrame.new(0.0000,0.0000,0.0000,1.0000,-0.0066,0.0000,0.0066,1.0000,-0.0000,0.0000,0.0000,1.0000),
      ["RightLowerLeg"] = CFrame.new(0.0000,0.0000,0.0000,1.0000,0.0000,0.0000,0.0000,1.0000,0.0000,0.0000,0.0000,1.0000),
      ["RightFoot"] = CFrame.new(0.0000,0.0000,0.0000,1.0000,-0.0000,0.0000,0.0000,0.9985,0.0553,-0.0000,-0.0553,0.9985),
    }},
    {Time = 1.667, Data = {
      ["HumanoidRootPart"] = CFrame.new(0.0000,0.0000,0.0000,1.0000,0.0000,0.0000,0.0000,1.0000,0.0000,0.0000,0.0000,1.0000),
      ["LowerTorso"] = CFrame.new(0.0000,0.0000,0.0000,1.0000,0.0000,0.0000,0.0000,1.0000,0.0000,0.0000,0.0000,1.0000),
      ["LeftUpperLeg"] = CFrame.new(0.0000,0.0000,0.0000,1.0000,0.0000,0.0000,0.0000,1.0000,0.0000,0.0000,0.0000,1.0000),
      ["LeftLowerLeg"] = CFrame.new(0.0000,0.0000,0.0000,1.0000,0.0000,0.0000,0.0000,1.0000,0.0000,0.0000,0.0000,1.0000),
      ["LeftFoot"] = CFrame.new(0.0000,0.0000,0.0000,1.0000,0.0000,0.0000,0.0000,1.0000,0.0000,0.0000,0.0000,1.0000),
      ["UpperTorso"] = CFrame.new(0.0000,0.0000,0.0000,0.9980,0.0628,0.0000,-0.0628,0.9980,-0.0000,-0.0000,0.0000,1.0000),
      ["Head"] = CFrame.new(0.0032,-0.0018,-0.0423,1.0000,-0.0000,0.0000,0.0000,0.9282,0.3722,-0.0000,-0.3722,0.9282),
      ["RightUpperArm"] = CFrame.new(0.0000,0.0000,0.0000,0.8011,-0.5485,0.2394,0.4049,0.2021,-0.8918,0.4408,0.8113,0.3840),
      ["RightLowerArm"] = CFrame.new(-0.0000,0.0000,0.0000,0.8589,0.0161,0.5120,0.5054,0.1362,-0.8521,-0.0835,0.9905,0.1089),
      ["RightHand"] = CFrame.new(-0.0077,-0.0285,-0.0023,0.9969,0.0271,-0.0739,-0.0341,0.9949,-0.0946,0.0709,0.0968,0.9928),
      ["LeftUpperArm"] = CFrame.new(0.0000,0.0000,0.0000,0.9209,-0.0346,-0.3882,-0.3632,-0.4375,-0.8226,-0.1414,0.8985,-0.4155),
      ["LeftLowerArm"] = CFrame.new(0.0000,0.0000,0.0000,1.0000,-0.0000,0.0000,0.0000,0.6991,-0.7150,0.0000,0.7150,0.6991),
      ["LeftHand"] = CFrame.new(0.0000,0.0000,0.0000,0.9832,-0.0196,-0.1815,-0.0000,0.9942,-0.1074,0.1826,0.1056,0.9775),
      ["RightUpperLeg"] = CFrame.new(0.0000,0.0000,0.0000,1.0000,0.0000,0.0000,0.0000,1.0000,0.0000,0.0000,0.0000,1.0000),
      ["RightLowerLeg"] = CFrame.new(0.0000,0.0000,0.0000,1.0000,0.0000,0.0000,0.0000,1.0000,0.0000,0.0000,0.0000,1.0000),
      ["RightFoot"] = CFrame.new(0.0000,0.0000,0.0000,1.0000,0.0000,0.0000,0.0000,1.0000,0.0000,0.0000,0.0000,1.0000),
    }},
    {Time = 1.700, Data = {
      ["HumanoidRootPart"] = CFrame.new(0.0000,0.0000,0.0000,1.0000,0.0000,0.0000,0.0000,1.0000,0.0000,0.0000,0.0000,1.0000),
      ["LowerTorso"] = CFrame.new(0.0000,0.0000,0.0000,1.0000,0.0000,0.0000,0.0000,1.0000,0.0000,0.0000,0.0000,1.0000),
      ["LeftUpperLeg"] = CFrame.new(0.0000,0.0000,0.0000,1.0000,0.0000,0.0000,0.0000,1.0000,0.0000,0.0000,0.0000,1.0000),
      ["LeftLowerLeg"] = CFrame.new(0.0000,0.0000,0.0000,1.0000,0.0000,0.0000,0.0000,1.0000,0.0000,0.0000,0.0000,1.0000),
      ["LeftFoot"] = CFrame.new(0.0000,0.0000,0.0000,1.0000,-0.0000,0.0000,0.0000,0.9999,-0.0105,0.0000,0.0105,0.9999),
      ["UpperTorso"] = CFrame.new(0.0000,0.0000,0.0000,0.9987,0.0502,0.0000,-0.0502,0.9987,-0.0000,-0.0000,0.0000,1.0000),
      ["Head"] = CFrame.new(0.0032,-0.0018,-0.0423,1.0000,-0.0000,0.0000,0.0000,0.9261,0.3774,-0.0000,-0.3774,0.9261),
      ["RightUpperArm"] = CFrame.new(0.0000,0.0000,0.0000,0.8303,-0.5129,0.2181,0.4581,0.4050,-0.7913,0.3175,0.7569,0.5712),
      ["RightLowerArm"] = CFrame.new(-0.0000,0.0000,0.0000,0.9089,0.0137,0.4169,0.3942,0.2983,-0.8693,-0.1362,0.9544,0.2657),
      ["RightHand"] = CFrame.new(-0.0077,-0.0285,-0.0023,0.9969,0.0271,-0.0739,-0.0341,0.9949,-0.0946,0.0709,0.0968,0.9928),
      ["LeftUpperArm"] = CFrame.new(0.0000,0.0000,0.0000,0.9252,0.0507,-0.3760,-0.3665,-0.1372,-0.9203,-0.0983,0.9892,-0.1084),
      ["LeftLowerArm"] = CFrame.new(0.0000,0.0000,0.0000,0.9964,-0.0000,0.0847,0.0624,0.6759,-0.7343,-0.0572,0.7370,0.6735),
      ["LeftHand"] = CFrame.new(0.0000,0.0000,0.0000,0.9832,-0.0184,-0.1816,0.0000,0.9949,-0.1006,0.1826,0.0989,0.9782),
      ["RightUpperLeg"] = CFrame.new(0.0000,0.0000,0.0000,1.0000,0.0000,0.0000,0.0000,1.0000,0.0000,0.0000,0.0000,1.0000),
      ["RightLowerLeg"] = CFrame.new(0.0000,0.0000,0.0000,1.0000,0.0000,0.0000,0.0000,1.0000,0.0000,0.0000,0.0000,1.0000),
      ["RightFoot"] = CFrame.new(0.0000,0.0000,0.0000,1.0000,-0.0000,0.0000,0.0000,1.0000,-0.0098,0.0000,0.0098,1.0000),
    }},
    {Time = 1.733, Data = {
      ["HumanoidRootPart"] = CFrame.new(0.0000,0.0000,0.0000,1.0000,0.0000,0.0000,0.0000,1.0000,0.0000,0.0000,0.0000,1.0000),
      ["LowerTorso"] = CFrame.new(0.0000,0.0000,0.0000,1.0000,0.0000,0.0000,0.0000,1.0000,0.0000,0.0000,0.0000,1.0000),
      ["LeftUpperLeg"] = CFrame.new(0.0000,0.0000,0.0000,1.0000,0.0000,0.0000,0.0000,1.0000,0.0000,0.0000,0.0000,1.0000),
      ["LeftLowerLeg"] = CFrame.new(0.0000,0.0000,0.0000,1.0000,0.0000,0.0000,0.0000,1.0000,0.0000,0.0000,0.0000,1.0000),
      ["LeftFoot"] = CFrame.new(0.0000,0.0000,0.0000,1.0000,-0.0000,0.0000,0.0000,0.9998,-0.0211,0.0000,0.0211,0.9998),
      ["UpperTorso"] = CFrame.new(0.0000,0.0000,0.0000,0.9993,0.0377,0.0000,-0.0377,0.9993,-0.0000,-0.0000,0.0000,1.0000),
      ["Head"] = CFrame.new(0.0032,-0.0018,-0.0423,1.0000,-0.0000,0.0000,0.0000,0.9239,0.3826,-0.0000,-0.3826,0.9239),
      ["RightUpperArm"] = CFrame.new(0.0000,0.0000,0.0000,0.8574,-0.4756,0.1967,0.4768,0.5901,-0.6515,0.1938,0.6524,0.7327),
      ["RightLowerArm"] = CFrame.new(-0.0000,0.0000,0.0000,0.9484,0.0107,0.3169,0.2780,0.4527,-0.8472,-0.1525,0.8916,0.4264),
      ["RightHand"] = CFrame.new(-0.0077,-0.0285,-0.0023,0.9969,0.0271,-0.0739,-0.0341,0.9949,-0.0946,0.0709,0.0968,0.9928),
      ["LeftUpperArm"] = CFrame.new(0.0000,0.0000,0.0000,0.9214,0.1366,-0.3638,-0.3840,0.1768,-0.9062,-0.0595,0.9747,0.2154),
      ["LeftLowerArm"] = CFrame.new(0.0000,0.0000,0.0000,0.9857,-0.0000,0.1687,0.1279,0.6521,-0.7473,-0.1100,0.7582,0.6427),
      ["LeftHand"] = CFrame.new(0.0000,0.0000,0.0000,0.9832,-0.0171,-0.1817,0.0000,0.9956,-0.0937,0.1826,0.0921,0.9789),
      ["RightUpperLeg"] = CFrame.new(0.0000,0.0000,0.0000,1.0000,0.0000,0.0000,0.0000,1.0000,0.0000,0.0000,0.0000,1.0000),
      ["RightLowerLeg"] = CFrame.new(0.0000,0.0000,0.0000,1.0000,0.0000,0.0000,0.0000,1.0000,0.0000,0.0000,0.0000,1.0000),
      ["RightFoot"] = CFrame.new(0.0000,0.0000,0.0000,1.0000,-0.0000,0.0000,0.0000,0.9998,-0.0196,0.0000,0.0196,0.9998),
    }},
    {Time = 1.767, Data = {
      ["HumanoidRootPart"] = CFrame.new(0.0000,0.0000,0.0000,1.0000,0.0000,0.0000,0.0000,1.0000,0.0000,0.0000,0.0000,1.0000),
      ["LowerTorso"] = CFrame.new(0.0000,0.0000,0.0000,1.0000,0.0000,0.0000,0.0000,1.0000,0.0000,0.0000,0.0000,1.0000),
      ["LeftUpperLeg"] = CFrame.new(0.0000,0.0000,0.0000,1.0000,0.0000,0.0000,0.0000,1.0000,0.0000,0.0000,0.0000,1.0000),
      ["LeftLowerLeg"] = CFrame.new(0.0000,0.0000,0.0000,1.0000,0.0000,0.0000,0.0000,1.0000,0.0000,0.0000,0.0000,1.0000),
      ["LeftFoot"] = CFrame.new(0.0000,0.0000,0.0000,1.0000,-0.0000,0.0000,0.0000,0.9995,-0.0316,0.0000,0.0316,0.9995),
      ["UpperTorso"] = CFrame.new(0.0000,0.0000,0.0000,0.9997,0.0251,0.0000,-0.0251,0.9997,-0.0000,-0.0000,0.0000,1.0000),
      ["Head"] = CFrame.new(0.0032,-0.0018,-0.0423,1.0000,-0.0000,0.0000,0.0000,0.9218,0.3878,-0.0000,-0.3878,0.9218),
      ["RightUpperArm"] = CFrame.new(0.0000,0.0000,0.0000,0.8824,-0.4366,0.1752,0.4638,0.7452,-0.4791,0.0786,0.5040,0.8601),
      ["RightLowerArm"] = CFrame.new(-0.0000,0.0000,0.0000,0.9770,0.0073,0.2133,0.1672,0.5951,-0.7861,-0.1327,0.8036,0.5802),
      ["RightHand"] = CFrame.new(-0.0077,-0.0285,-0.0023,0.9969,0.0271,-0.0739,-0.0341,0.9949,-0.0946,0.0709,0.0968,0.9928),
      ["LeftUpperArm"] = CFrame.new(0.0000,0.0000,0.0000,0.9095,0.2221,-0.3514,-0.4156,0.4660,-0.7811,-0.0097,0.8565,0.5161),
      ["LeftLowerArm"] = CFrame.new(0.0000,0.0000,0.0000,0.9678,-0.0000,0.2515,0.1958,0.6275,-0.7536,-0.1578,0.7786,0.6073),
      ["LeftHand"] = CFrame.new(0.0000,0.0000,0.0000,0.9832,-0.0159,-0.1819,-0.0000,0.9962,-0.0868,0.1826,0.0854,0.9795),
      ["RightUpperLeg"] = CFrame.new(0.0000,0.0000,0.0000,1.0000,0.0000,0.0000,0.0000,1.0000,0.0000,0.0000,0.0000,1.0000),
      ["RightLowerLeg"] = CFrame.new(0.0000,0.0000,0.0000,1.0000,0.0000,0.0000,0.0000,1.0000,0.0000,0.0000,0.0000,1.0000),
      ["RightFoot"] = CFrame.new(0.0000,0.0000,0.0000,1.0000,-0.0000,0.0000,0.0000,0.9996,-0.0294,0.0000,0.0294,0.9996),
    }},
    {Time = 1.800, Data = {
      ["HumanoidRootPart"] = CFrame.new(0.0000,0.0000,0.0000,1.0000,0.0000,0.0000,0.0000,1.0000,0.0000,0.0000,0.0000,1.0000),
      ["LowerTorso"] = CFrame.new(0.0000,0.0000,0.0000,1.0000,0.0000,0.0000,0.0000,1.0000,0.0000,0.0000,0.0000,1.0000),
      ["LeftUpperLeg"] = CFrame.new(0.0000,0.0000,0.0000,1.0000,0.0000,0.0000,0.0000,1.0000,0.0000,0.0000,0.0000,1.0000),
      ["LeftLowerLeg"] = CFrame.new(0.0000,0.0000,0.0000,1.0000,0.0000,0.0000,0.0000,1.0000,0.0000,0.0000,0.0000,1.0000),
      ["LeftFoot"] = CFrame.new(0.0000,0.0000,0.0000,1.0000,-0.0000,0.0000,0.0000,0.9991,-0.0422,0.0000,0.0422,0.9991),
      ["UpperTorso"] = CFrame.new(0.0000,0.0000,0.0000,0.9999,0.0126,0.0000,-0.0126,0.9999,-0.0000,-0.0000,0.0000,1.0000),
      ["Head"] = CFrame.new(0.0032,-0.0018,-0.0423,1.0000,-0.0000,0.0000,0.0000,0.9196,0.3930,-0.0000,-0.3930,0.9196),
      ["RightUpperArm"] = CFrame.new(0.0000,0.0000,0.0000,0.9053,-0.3961,0.1536,0.4244,0.8604,-0.2821,-0.0205,0.3206,0.9470),
      ["RightLowerArm"] = CFrame.new(-0.0000,0.0000,0.0000,0.9942,0.0037,0.1073,0.0716,0.7214,-0.6888,-0.0800,0.6925,0.7169),
      ["RightHand"] = CFrame.new(-0.0077,-0.0285,-0.0023,0.9969,0.0271,-0.0739,-0.0341,0.9949,-0.0946,0.0709,0.0968,0.9928),
      ["LeftUpperArm"] = CFrame.new(0.0000,0.0000,0.0000,0.8894,0.3066,-0.3391,-0.4526,0.6947,-0.5590,0.0642,0.6507,0.7566),
      ["LeftLowerArm"] = CFrame.new(0.0000,0.0000,0.0000,0.9431,-0.0000,0.3326,0.2655,0.6023,-0.7528,-0.2003,0.7982,0.5680),
      ["LeftHand"] = CFrame.new(0.0000,0.0000,0.0000,0.9832,-0.0146,-0.1820,-0.0000,0.9968,-0.0800,0.1826,0.0786,0.9800),
      ["RightUpperLeg"] = CFrame.new(0.0000,0.0000,0.0000,1.0000,0.0000,0.0000,0.0000,1.0000,0.0000,0.0000,0.0000,1.0000),
      ["RightLowerLeg"] = CFrame.new(0.0000,0.0000,0.0000,1.0000,0.0000,0.0000,0.0000,1.0000,0.0000,0.0000,0.0000,1.0000),
      ["RightFoot"] = CFrame.new(0.0000,0.0000,0.0000,1.0000,-0.0000,0.0000,0.0000,0.9992,-0.0392,0.0000,0.0392,0.9992),
    }},
    {Time = 1.833, Data = {
      ["HumanoidRootPart"] = CFrame.new(0.0000,0.0000,0.0000,1.0000,0.0000,0.0000,0.0000,1.0000,0.0000,0.0000,0.0000,1.0000),
      ["LowerTorso"] = CFrame.new(0.0000,0.0000,0.0000,1.0000,0.0000,0.0000,0.0000,1.0000,0.0000,0.0000,0.0000,1.0000),
      ["LeftUpperLeg"] = CFrame.new(0.0000,0.0000,0.0000,1.0000,0.0000,0.0000,0.0000,1.0000,0.0000,0.0000,0.0000,1.0000),
      ["LeftLowerLeg"] = CFrame.new(0.0000,0.0000,0.0000,1.0000,0.0000,0.0000,0.0000,1.0000,0.0000,0.0000,0.0000,1.0000),
      ["LeftFoot"] = CFrame.new(0.0000,0.0000,0.0000,1.0000,-0.0000,0.0000,0.0000,0.9986,-0.0527,0.0000,0.0527,0.9986),
      ["UpperTorso"] = CFrame.new(0.0000,0.0000,0.0000,1.0000,0.0000,0.0000,0.0000,1.0000,0.0000,0.0000,0.0000,1.0000),
      ["Head"] = CFrame.new(0.0032,-0.0018,-0.0423,1.0000,-0.0000,0.0000,0.0000,0.9173,0.3981,-0.0000,-0.3981,0.9173),
      ["RightUpperArm"] = CFrame.new(0.0000,0.0000,0.0000,0.9258,-0.3543,0.1320,0.3652,0.9283,-0.0702,-0.0977,0.1132,0.9888),
      ["RightLowerArm"] = CFrame.new(-0.0000,0.0000,0.0000,1.0000,-0.0000,0.0000,0.0000,0.8277,-0.5612,0.0000,0.5612,0.8277),
      ["RightHand"] = CFrame.new(-0.0077,-0.0285,-0.0023,0.9969,0.0271,-0.0739,-0.0341,0.9949,-0.0946,0.0709,0.0968,0.9928),
      ["LeftUpperArm"] = CFrame.new(0.0000,0.0000,0.0000,0.8613,0.3891,-0.3266,-0.4789,0.8364,-0.2664,0.1695,0.3859,0.9068),
      ["LeftLowerArm"] = CFrame.new(0.0000,0.0000,0.0000,0.9115,-0.0000,0.4112,0.3360,0.5765,-0.7448,-0.2371,0.8171,0.5255),
      ["LeftHand"] = CFrame.new(0.0000,0.0000,0.0000,0.9832,-0.0133,-0.1821,-0.0000,0.9973,-0.0731,0.1826,0.0719,0.9806),
      ["RightUpperLeg"] = CFrame.new(0.0000,0.0000,0.0000,1.0000,0.0000,0.0000,0.0000,1.0000,0.0000,0.0000,0.0000,1.0000),
      ["RightLowerLeg"] = CFrame.new(0.0000,0.0000,0.0000,1.0000,0.0000,0.0000,0.0000,1.0000,0.0000,0.0000,0.0000,1.0000),
      ["RightFoot"] = CFrame.new(0.0000,0.0000,0.0000,1.0000,-0.0000,0.0000,0.0000,0.9988,-0.0489,0.0000,0.0489,0.9988),
    }},
    {Time = 1.867, Data = {
      ["HumanoidRootPart"] = CFrame.new(0.0000,0.0000,0.0000,1.0000,0.0000,0.0000,0.0000,1.0000,0.0000,0.0000,0.0000,1.0000),
      ["LowerTorso"] = CFrame.new(0.0000,0.0000,0.0434,1.0000,-0.0000,0.0000,0.0000,0.9999,-0.0104,0.0000,0.0104,0.9999),
      ["LeftUpperLeg"] = CFrame.new(0.0000,0.0000,0.0000,1.0000,0.0000,0.0000,0.0000,1.0000,0.0000,0.0000,0.0000,1.0000),
      ["LeftLowerLeg"] = CFrame.new(0.0000,0.0000,0.0000,1.0000,0.0000,0.0000,0.0000,1.0000,0.0000,0.0000,0.0000,1.0000),
      ["LeftFoot"] = CFrame.new(0.0000,0.0000,0.0000,1.0000,-0.0000,0.0000,0.0000,0.9980,-0.0632,0.0000,0.0632,0.9980),
      ["UpperTorso"] = CFrame.new(0.0000,0.0000,0.0000,1.0000,-0.0000,0.0000,0.0000,0.9996,0.0284,-0.0000,-0.0284,0.9996),
      ["Head"] = CFrame.new(0.0032,-0.0018,-0.0423,1.0000,-0.0000,0.0000,0.0000,0.9342,0.3567,-0.0000,-0.3567,0.9342),
      ["RightUpperArm"] = CFrame.new(0.0000,0.0000,0.0000,0.9323,-0.3467,0.1031,0.3501,0.9366,-0.0169,-0.0907,0.0518,0.9945),
      ["RightLowerArm"] = CFrame.new(-0.0000,0.0000,0.0000,0.9994,-0.0054,-0.0332,-0.0110,0.8797,-0.4755,0.0318,0.4756,0.8791),
      ["RightHand"] = CFrame.new(-0.0077,-0.0285,-0.0023,0.9790,0.0004,-0.2036,-0.0151,0.9974,-0.0702,0.2031,0.0718,0.9765),
      ["LeftUpperArm"] = CFrame.new(0.0000,0.0000,0.0000,0.9038,0.3396,-0.2605,-0.3937,0.8985,-0.1943,0.1681,0.2782,0.9457),
      ["LeftLowerArm"] = CFrame.new(0.0000,0.0000,0.0000,0.9202,0.0373,0.3897,0.2603,0.6853,-0.6802,-0.2924,0.7273,0.6209),
      ["LeftHand"] = CFrame.new(0.0000,0.0000,0.0000,0.9925,0.0199,-0.1204,-0.0289,0.9969,-0.0730,0.1186,0.0759,0.9900),
      ["RightUpperLeg"] = CFrame.new(0.0000,0.0000,0.0000,1.0000,0.0000,0.0000,0.0000,1.0000,0.0000,0.0000,0.0000,1.0000),
      ["RightLowerLeg"] = CFrame.new(0.0000,0.0000,0.0000,1.0000,0.0000,0.0000,0.0000,1.0000,0.0000,0.0000,0.0000,1.0000),
      ["RightFoot"] = CFrame.new(0.0000,0.0000,0.0000,1.0000,-0.0000,0.0000,0.0000,0.9983,-0.0587,0.0000,0.0587,0.9983),
    }},
    {Time = 1.900, Data = {
      ["HumanoidRootPart"] = CFrame.new(0.0000,0.0000,0.0000,1.0000,0.0000,0.0000,0.0000,1.0000,0.0000,0.0000,0.0000,1.0000),
      ["LowerTorso"] = CFrame.new(0.0000,0.0000,0.0868,1.0000,-0.0000,0.0000,0.0000,0.9998,-0.0207,0.0000,0.0207,0.9998),
      ["LeftUpperLeg"] = CFrame.new(0.0000,0.0000,0.0000,1.0000,0.0000,0.0000,0.0000,1.0000,0.0000,0.0000,0.0000,1.0000),
      ["LeftLowerLeg"] = CFrame.new(0.0000,0.0000,0.0000,1.0000,0.0000,0.0000,0.0000,1.0000,0.0000,0.0000,0.0000,1.0000),
      ["LeftFoot"] = CFrame.new(0.0000,0.0000,0.0000,1.0000,-0.0000,0.0000,0.0000,0.9973,-0.0737,0.0000,0.0737,0.9973),
      ["UpperTorso"] = CFrame.new(0.0000,0.0000,0.0000,1.0000,-0.0000,0.0000,0.0000,0.9984,0.0567,-0.0000,-0.0567,0.9984),
      ["Head"] = CFrame.new(0.0032,-0.0018,-0.0423,1.0000,-0.0000,0.0000,0.0000,0.9493,0.3145,-0.0000,-0.3145,0.9493),
      ["RightUpperArm"] = CFrame.new(0.0000,0.0000,0.0000,0.9380,-0.3387,0.0740,0.3368,0.9409,0.0369,-0.0821,-0.0096,0.9966),
      ["RightLowerArm"] = CFrame.new(-0.0000,0.0000,0.0000,0.9977,-0.0108,-0.0663,-0.0156,0.9229,-0.3847,0.0654,0.3849,0.9207),
      ["RightHand"] = CFrame.new(-0.0077,-0.0285,-0.0023,0.9437,-0.0248,-0.3299,0.0102,0.9989,-0.0459,0.3307,0.0400,0.9429),
      ["LeftUpperArm"] = CFrame.new(0.0000,0.0000,0.0000,0.9389,0.2849,-0.1932,-0.3103,0.9434,-0.1170,0.1489,0.1698,0.9742),
      ["LeftLowerArm"] = CFrame.new(0.0000,0.0000,0.0000,0.9268,0.0752,0.3680,0.1763,0.7781,-0.6029,-0.3317,0.6236,0.7079),
      ["LeftHand"] = CFrame.new(0.0000,0.0000,0.0000,0.9969,0.0536,-0.0582,-0.0578,0.9957,-0.0725,0.0541,0.0757,0.9957),
      ["RightUpperLeg"] = CFrame.new(0.0000,0.0000,0.0000,1.0000,0.0000,0.0000,0.0000,1.0000,0.0000,0.0000,0.0000,1.0000),
      ["RightLowerLeg"] = CFrame.new(0.0000,0.0000,0.0000,1.0000,0.0000,0.0000,0.0000,1.0000,0.0000,0.0000,0.0000,1.0000),
      ["RightFoot"] = CFrame.new(0.0000,0.0000,0.0000,1.0000,-0.0000,0.0000,0.0000,0.9977,-0.0685,0.0000,0.0685,0.9977),
    }},
    {Time = 1.933, Data = {
      ["HumanoidRootPart"] = CFrame.new(0.0000,0.0000,0.0000,1.0000,0.0000,0.0000,0.0000,1.0000,0.0000,0.0000,0.0000,1.0000),
      ["LowerTorso"] = CFrame.new(0.0000,0.0000,0.1302,1.0000,-0.0000,0.0000,0.0000,0.9995,-0.0310,0.0000,0.0310,0.9995),
      ["LeftUpperLeg"] = CFrame.new(0.0000,0.0000,0.0000,1.0000,0.0000,0.0000,0.0000,1.0000,0.0000,0.0000,0.0000,1.0000),
      ["LeftLowerLeg"] = CFrame.new(0.0000,0.0000,0.0000,1.0000,0.0000,0.0000,0.0000,1.0000,0.0000,0.0000,0.0000,1.0000),
      ["LeftFoot"] = CFrame.new(0.0000,0.0000,0.0000,1.0000,-0.0000,0.0000,0.0000,0.9964,-0.0843,0.0000,0.0843,0.9964),
      ["UpperTorso"] = CFrame.new(0.0000,0.0000,0.0000,1.0000,-0.0000,0.0000,0.0000,0.9964,0.0850,-0.0000,-0.0850,0.9964),
      ["Head"] = CFrame.new(0.0032,-0.0018,-0.0423,1.0000,-0.0000,0.0000,0.0000,0.9624,0.2716,-0.0000,-0.2716,0.9624),
      ["RightUpperArm"] = CFrame.new(0.0000,0.0000,0.0000,0.9428,-0.3303,0.0450,0.3254,0.9412,0.0907,-0.0723,-0.0708,0.9949),
      ["RightLowerArm"] = CFrame.new(-0.0000,0.0000,0.0000,0.9949,-0.0162,-0.0994,-0.0134,0.9569,-0.2901,0.0998,0.2899,0.9518),
      ["RightHand"] = CFrame.new(-0.0077,-0.0285,-0.0023,0.8915,-0.0473,-0.4505,0.0415,0.9989,-0.0228,0.4511,0.0016,0.8925),
      ["LeftUpperArm"] = CFrame.new(0.0000,0.0000,0.0000,0.9661,0.2259,-0.1249,-0.2320,0.9720,-0.0361,0.1133,0.0639,0.9915),
      ["LeftLowerArm"] = CFrame.new(0.0000,0.0000,0.0000,0.9313,0.1137,0.3461,0.0869,0.8532,-0.5142,-0.3538,0.5090,0.7847),
      ["LeftHand"] = CFrame.new(0.0000,0.0000,0.0000,0.9962,0.0873,0.0042,-0.0868,0.9936,-0.0718,-0.0104,0.0712,0.9974),
      ["RightUpperLeg"] = CFrame.new(0.0000,0.0000,0.0000,1.0000,0.0000,0.0000,0.0000,1.0000,0.0000,0.0000,0.0000,1.0000),
      ["RightLowerLeg"] = CFrame.new(0.0000,0.0000,0.0000,1.0000,0.0000,0.0000,0.0000,1.0000,0.0000,0.0000,0.0000,1.0000),
      ["RightFoot"] = CFrame.new(0.0000,0.0000,0.0000,1.0000,-0.0000,0.0000,0.0000,0.9969,-0.0782,0.0000,0.0782,0.9969),
    }},
    {Time = 1.967, Data = {
      ["HumanoidRootPart"] = CFrame.new(0.0000,0.0000,0.0000,1.0000,0.0000,0.0000,0.0000,1.0000,0.0000,0.0000,0.0000,1.0000),
      ["LowerTorso"] = CFrame.new(0.0000,0.0000,0.1736,1.0000,-0.0000,0.0000,0.0000,0.9991,-0.0414,0.0000,0.0414,0.9991),
      ["LeftUpperLeg"] = CFrame.new(0.0000,0.0000,0.0000,1.0000,0.0000,0.0000,0.0000,1.0000,0.0000,0.0000,0.0000,1.0000),
      ["LeftLowerLeg"] = CFrame.new(0.0000,0.0000,0.0000,1.0000,0.0000,0.0000,0.0000,1.0000,0.0000,0.0000,0.0000,1.0000),
      ["LeftFoot"] = CFrame.new(0.0000,0.0000,0.0000,1.0000,-0.0000,0.0000,0.0000,0.9955,-0.0948,0.0000,0.0948,0.9955),
      ["UpperTorso"] = CFrame.new(0.0000,0.0000,0.0000,1.0000,-0.0000,0.0000,0.0000,0.9936,0.1132,-0.0000,-0.1132,0.9936),
      ["Head"] = CFrame.new(0.0032,-0.0018,-0.0423,1.0000,-0.0000,0.0000,0.0000,0.9736,0.2283,-0.0000,-0.2283,0.9736),
      ["RightUpperArm"] = CFrame.new(0.0000,0.0000,0.0000,0.9467,-0.3216,0.0158,0.3161,0.9377,0.1443,-0.0613,-0.1316,0.9894),
      ["RightLowerArm"] = CFrame.new(-0.0000,0.0000,0.0000,0.9910,-0.0215,-0.1324,-0.0044,0.9812,-0.1928,0.1340,0.1917,0.9723),
      ["RightHand"] = CFrame.new(-0.0077,-0.0285,-0.0023,0.8236,-0.0659,-0.5634,0.0784,0.9969,-0.0020,0.5618,-0.0425,0.8262),
      ["LeftUpperArm"] = CFrame.new(0.0000,0.0000,0.0000,0.9849,0.1639,-0.0560,-0.1614,0.9858,0.0466,0.0629,-0.0369,0.9973),
      ["LeftLowerArm"] = CFrame.new(0.0000,0.0000,0.0000,0.9337,0.1526,0.3240,-0.0044,0.9096,-0.4155,-0.3581,0.3865,0.8499),
      ["LeftHand"] = CFrame.new(0.0000,0.0000,0.0000,0.9905,0.1205,0.0666,-0.1158,0.9907,-0.0708,-0.0745,0.0624,0.9953),
      ["RightUpperLeg"] = CFrame.new(0.0000,0.0000,0.0000,1.0000,0.0000,0.0000,0.0000,1.0000,0.0000,0.0000,0.0000,1.0000),
      ["RightLowerLeg"] = CFrame.new(0.0000,0.0000,0.0000,1.0000,0.0000,0.0000,0.0000,1.0000,0.0000,0.0000,0.0000,1.0000),
      ["RightFoot"] = CFrame.new(0.0000,0.0000,0.0000,1.0000,-0.0000,0.0000,0.0000,0.9961,-0.0880,0.0000,0.0880,0.9961),
    }},
    {Time = 2.000, Data = {
      ["HumanoidRootPart"] = CFrame.new(0.0000,0.0000,0.0000,1.0000,0.0000,0.0000,0.0000,1.0000,0.0000,0.0000,0.0000,1.0000),
      ["LowerTorso"] = CFrame.new(0.0000,0.0000,0.2170,1.0000,-0.0000,0.0000,0.0000,0.9987,-0.0517,0.0000,0.0517,0.9987),
      ["LeftUpperLeg"] = CFrame.new(0.0000,0.0000,0.0000,1.0000,0.0000,0.0000,0.0000,1.0000,0.0000,0.0000,0.0000,1.0000),
      ["LeftLowerLeg"] = CFrame.new(0.0000,0.0000,0.0000,1.0000,0.0000,0.0000,0.0000,1.0000,0.0000,0.0000,0.0000,1.0000),
      ["LeftFoot"] = CFrame.new(0.0000,0.0000,0.0000,1.0000,-0.0000,0.0000,0.0000,0.9944,-0.1052,0.0000,0.1052,0.9944),
      ["UpperTorso"] = CFrame.new(0.0000,0.0000,0.0000,1.0000,-0.0000,0.0000,0.0000,0.9900,0.1414,-0.0000,-0.1414,0.9900),
      ["Head"] = CFrame.new(0.0032,-0.0018,-0.0423,1.0000,-0.0000,0.0000,0.0000,0.9828,0.1844,-0.0000,-0.1844,0.9828),
      ["RightUpperArm"] = CFrame.new(0.0000,0.0000,0.0000,0.9498,-0.3126,-0.0133,0.3090,0.9304,0.1974,-0.0493,-0.1916,0.9802),
      ["RightLowerArm"] = CFrame.new(-0.0000,0.0000,0.0000,0.9859,-0.0268,-0.1652,0.0112,0.9955,-0.0943,0.1670,0.0911,0.9817),
      ["RightHand"] = CFrame.new(-0.0077,-0.0285,-0.0023,0.7412,-0.0793,-0.6666,0.1201,0.9926,0.0155,0.6605,-0.0915,0.7453),
      ["LeftUpperArm"] = CFrame.new(0.0000,0.0000,0.0000,0.9949,0.0998,0.0131,-0.1007,0.9865,0.1295,-0.0000,-0.1301,0.9915),
      ["LeftLowerArm"] = CFrame.new(0.0000,0.0000,0.0000,0.9339,0.1917,0.3018,-0.0947,0.9466,-0.3083,-0.3447,0.2593,0.9022),
      ["LeftHand"] = CFrame.new(0.0000,0.0000,0.0000,0.9798,0.1528,0.1287,-0.1448,0.9870,-0.0696,-0.1377,0.0495,0.9892),
      ["RightUpperLeg"] = CFrame.new(0.0000,0.0000,0.0000,1.0000,0.0000,0.0000,0.0000,1.0000,0.0000,0.0000,0.0000,1.0000),
      ["RightLowerLeg"] = CFrame.new(0.0000,0.0000,0.0000,1.0000,0.0000,0.0000,0.0000,1.0000,0.0000,0.0000,0.0000,1.0000),
      ["RightFoot"] = CFrame.new(0.0000,0.0000,0.0000,1.0000,-0.0000,0.0000,0.0000,0.9952,-0.0978,0.0000,0.0978,0.9952),
    }},
    {Time = 2.033, Data = {
      ["HumanoidRootPart"] = CFrame.new(0.0000,0.0000,0.0000,1.0000,0.0000,0.0000,0.0000,1.0000,0.0000,0.0000,0.0000,1.0000),
      ["LowerTorso"] = CFrame.new(0.0000,0.0000,0.2215,1.0000,-0.0000,0.0000,0.0000,0.9986,-0.0528,0.0000,0.0528,0.9986),
      ["LeftUpperLeg"] = CFrame.new(0.0000,0.0000,0.0000,1.0000,0.0000,0.0000,0.0000,1.0000,0.0000,0.0000,0.0000,1.0000),
      ["LeftLowerLeg"] = CFrame.new(0.0000,0.0000,0.0000,1.0000,0.0000,0.0000,0.0000,1.0000,0.0000,0.0000,0.0000,1.0000),
      ["LeftFoot"] = CFrame.new(0.0000,0.0000,0.0000,1.0000,-0.0000,0.0000,0.0000,0.9933,-0.1157,0.0000,0.1157,0.9933),
      ["UpperTorso"] = CFrame.new(0.0000,0.0000,0.0000,1.0000,-0.0000,0.0000,0.0000,0.9895,0.1444,-0.0000,-0.1444,0.9895),
      ["Head"] = CFrame.new(0.0032,-0.0018,-0.0423,1.0000,-0.0000,0.0000,0.0000,0.9825,0.1863,-0.0000,-0.1863,0.9825),
      ["RightUpperArm"] = CFrame.new(0.0000,0.0000,0.0000,0.9510,-0.3015,-0.0684,0.3092,0.9277,0.2090,0.0005,-0.2200,0.9755),
      ["RightLowerArm"] = CFrame.new(-0.0000,0.0000,0.0000,0.9878,-0.0105,-0.1551,0.0037,0.9990,-0.0439,0.1554,0.0428,0.9869),
      ["RightHand"] = CFrame.new(-0.0071,-0.0264,-0.0022,0.7769,-0.0654,-0.6262,0.1149,0.9926,0.0389,0.6190,-0.1022,0.7787),
      ["LeftUpperArm"] = CFrame.new(0.0000,0.0000,0.0000,0.9941,0.1002,0.0412,-0.1055,0.9814,0.1604,-0.0244,-0.1638,0.9862),
      ["LeftLowerArm"] = CFrame.new(0.0000,0.0000,0.0000,0.9498,0.1509,0.2742,-0.0928,0.9725,-0.2138,-0.2989,0.1776,0.9376),
      ["LeftHand"] = CFrame.new(0.0000,0.0000,0.0000,0.9830,0.1331,0.1267,-0.1360,0.9906,0.0143,-0.1236,-0.0313,0.9918),
      ["RightUpperLeg"] = CFrame.new(0.0000,0.0000,0.0000,1.0000,0.0000,0.0000,0.0000,1.0000,0.0000,0.0000,0.0000,1.0000),
      ["RightLowerLeg"] = CFrame.new(0.0000,0.0000,0.0000,1.0000,0.0000,0.0000,0.0000,1.0000,0.0000,0.0000,0.0000,1.0000),
      ["RightFoot"] = CFrame.new(0.0000,0.0000,0.0000,1.0000,-0.0000,0.0000,0.0000,0.9942,-0.1075,0.0000,0.1075,0.9942),
    }},
    {Time = 2.067, Data = {
      ["HumanoidRootPart"] = CFrame.new(0.0000,0.0000,0.0000,1.0000,0.0000,0.0000,0.0000,1.0000,0.0000,0.0000,0.0000,1.0000),
      ["LowerTorso"] = CFrame.new(0.0000,0.0000,0.2260,1.0000,-0.0000,0.0000,0.0000,0.9986,-0.0538,0.0000,0.0538,0.9986),
      ["LeftUpperLeg"] = CFrame.new(0.0000,0.0000,0.0000,1.0000,0.0000,0.0000,0.0000,1.0000,0.0000,0.0000,0.0000,1.0000),
      ["LeftLowerLeg"] = CFrame.new(0.0000,0.0000,0.0000,1.0000,0.0000,0.0000,0.0000,1.0000,0.0000,0.0000,0.0000,1.0000),
      ["LeftFoot"] = CFrame.new(0.0000,0.0000,0.0000,1.0000,-0.0000,0.0000,0.0000,0.9920,-0.1262,0.0000,0.1262,0.9920),
      ["UpperTorso"] = CFrame.new(0.0000,0.0000,0.0000,1.0000,-0.0000,0.0000,0.0000,0.9891,0.1475,-0.0000,-0.1475,0.9891),
      ["Head"] = CFrame.new(0.0032,-0.0018,-0.0423,1.0000,-0.0000,0.0000,0.0000,0.9821,0.1882,-0.0000,-0.1882,0.9821),
      ["RightUpperArm"] = CFrame.new(0.0000,0.0000,0.0000,0.9492,-0.2895,-0.1234,0.3107,0.9247,0.2200,0.0504,-0.2471,0.9677),
      ["RightLowerArm"] = CFrame.new(-0.0000,0.0000,0.0000,0.9894,0.0059,-0.1450,-0.0049,1.0000,0.0067,0.1451,-0.0060,0.9894),
      ["RightHand"] = CFrame.new(-0.0065,-0.0243,-0.0020,0.8102,-0.0498,-0.5840,0.1072,0.9922,0.0642,0.5762,-0.1146,0.8092),
      ["LeftUpperArm"] = CFrame.new(0.0000,0.0000,0.0000,0.9925,0.1004,0.0693,-0.1120,0.9752,0.1910,-0.0484,-0.1973,0.9791),
      ["LeftLowerArm"] = CFrame.new(0.0000,0.0000,0.0000,0.9630,0.1089,0.2465,-0.0825,0.9899,-0.1151,-0.2565,0.0905,0.9623),
      ["LeftHand"] = CFrame.new(0.0000,0.0000,0.0000,0.9857,0.1132,0.1246,-0.1258,0.9872,0.0982,-0.1119,-0.1124,0.9873),
      ["RightUpperLeg"] = CFrame.new(0.0000,0.0000,0.0000,1.0000,0.0000,0.0000,0.0000,1.0000,0.0000,0.0000,0.0000,1.0000),
      ["RightLowerLeg"] = CFrame.new(0.0000,0.0000,0.0000,1.0000,0.0000,0.0000,0.0000,1.0000,0.0000,0.0000,0.0000,1.0000),
      ["RightFoot"] = CFrame.new(0.0000,0.0000,0.0000,1.0000,-0.0000,0.0000,0.0000,0.9931,-0.1172,0.0000,0.1172,0.9931),
    }},
    {Time = 2.100, Data = {
      ["HumanoidRootPart"] = CFrame.new(0.0000,0.0000,0.0000,1.0000,0.0000,0.0000,0.0000,1.0000,0.0000,0.0000,0.0000,1.0000),
      ["LowerTorso"] = CFrame.new(0.0000,0.0000,0.2305,1.0000,-0.0000,0.0000,0.0000,0.9985,-0.0549,0.0000,0.0549,0.9985),
      ["LeftUpperLeg"] = CFrame.new(0.0000,0.0000,0.0000,1.0000,0.0000,0.0000,0.0000,1.0000,0.0000,0.0000,0.0000,1.0000),
      ["LeftLowerLeg"] = CFrame.new(0.0000,0.0000,0.0000,1.0000,0.0000,0.0000,0.0000,1.0000,0.0000,0.0000,0.0000,1.0000),
      ["LeftFoot"] = CFrame.new(0.0000,0.0000,0.0000,1.0000,-0.0000,0.0000,0.0000,0.9906,-0.1366,0.0000,0.1366,0.9906),
      ["UpperTorso"] = CFrame.new(0.0000,0.0000,0.0000,1.0000,-0.0000,0.0000,0.0000,0.9886,0.1505,-0.0000,-0.1505,0.9886),
      ["Head"] = CFrame.new(0.0032,-0.0018,-0.0423,1.0000,-0.0000,0.0000,0.0000,0.9818,0.1902,-0.0000,-0.1902,0.9818),
      ["RightUpperArm"] = CFrame.new(0.0000,0.0000,0.0000,0.9443,-0.2768,-0.1779,0.3134,0.9213,0.2300,0.1003,-0.2730,0.9568),
      ["RightLowerArm"] = CFrame.new(-0.0000,0.0000,0.0000,0.9906,0.0222,-0.1349,-0.0146,0.9982,0.0575,0.1360,-0.0550,0.9892),
      ["RightHand"] = CFrame.new(-0.0060,-0.0221,-0.0018,0.8409,-0.0326,-0.5402,0.0969,0.9911,0.0910,0.5324,-0.1289,0.8366),
      ["LeftUpperArm"] = CFrame.new(0.0000,0.0000,0.0000,0.9902,0.1006,0.0974,-0.1201,0.9678,0.2211,-0.0720,-0.2306,0.9704),
      ["LeftLowerArm"] = CFrame.new(0.0000,0.0000,0.0000,0.9736,0.0660,0.2185,-0.0646,0.9978,-0.0136,-0.2189,-0.0009,0.9757),
      ["LeftHand"] = CFrame.new(0.0000,0.0000,0.0000,0.9881,0.0933,0.1226,-0.1147,0.9767,0.1813,-0.1028,-0.1932,0.9758),
      ["RightUpperLeg"] = CFrame.new(0.0000,0.0000,0.0000,1.0000,0.0000,0.0000,0.0000,1.0000,0.0000,0.0000,0.0000,1.0000),
      ["RightLowerLeg"] = CFrame.new(0.0000,0.0000,0.0000,1.0000,0.0000,0.0000,0.0000,1.0000,0.0000,0.0000,0.0000,1.0000),
      ["RightFoot"] = CFrame.new(0.0000,0.0000,0.0000,1.0000,-0.0000,0.0000,0.0000,0.9919,-0.1269,0.0000,0.1269,0.9919),
    }},
    {Time = 2.133, Data = {
      ["HumanoidRootPart"] = CFrame.new(0.0000,0.0000,0.0000,1.0000,0.0000,0.0000,0.0000,1.0000,0.0000,0.0000,0.0000,1.0000),
      ["LowerTorso"] = CFrame.new(0.0000,0.0000,0.2350,1.0000,-0.0000,0.0000,0.0000,0.9984,-0.0559,0.0000,0.0559,0.9984),
      ["LeftUpperLeg"] = CFrame.new(0.0000,0.0000,0.0000,1.0000,0.0000,0.0000,0.0000,1.0000,0.0000,0.0000,0.0000,1.0000),
      ["LeftLowerLeg"] = CFrame.new(0.0000,0.0000,0.0000,1.0000,0.0000,0.0000,0.0000,1.0000,0.0000,0.0000,0.0000,1.0000),
      ["LeftFoot"] = CFrame.new(0.0000,0.0000,0.0000,1.0000,-0.0000,0.0000,0.0000,0.9891,-0.1471,0.0000,0.1471,0.9891),
      ["UpperTorso"] = CFrame.new(0.0000,0.0000,0.0000,1.0000,-0.0000,0.0000,0.0000,0.9881,0.1536,-0.0000,-0.1536,0.9881),
      ["Head"] = CFrame.new(0.0032,-0.0018,-0.0423,1.0000,-0.0000,0.0000,0.0000,0.9814,0.1921,-0.0000,-0.1921,0.9814),
      ["RightUpperArm"] = CFrame.new(0.0000,0.0000,0.0000,0.9364,-0.2633,-0.2320,0.3173,0.9177,0.2391,0.1499,-0.2975,0.9429),
      ["RightLowerArm"] = CFrame.new(-0.0000,0.0000,0.0000,0.9914,0.0387,-0.1248,-0.0251,0.9938,0.1083,0.1282,-0.1043,0.9862),
      ["RightHand"] = CFrame.new(-0.0054,-0.0200,-0.0016,0.8688,-0.0140,-0.4949,0.0839,0.9893,0.1192,0.4879,-0.1451,0.8607),
      ["LeftUpperArm"] = CFrame.new(0.0000,0.0000,0.0000,0.9870,0.1007,0.1253,-0.1297,0.9594,0.2506,-0.0950,-0.2636,0.9599),
      ["LeftLowerArm"] = CFrame.new(0.0000,0.0000,0.0000,0.9815,0.0224,0.1903,-0.0400,0.9952,0.0894,-0.1874,-0.0954,0.9776),
      ["LeftHand"] = CFrame.new(0.0000,0.0000,0.0000,0.9900,0.0734,0.1205,-0.1031,0.9592,0.2632,-0.0963,-0.2730,0.9572),
      ["RightUpperLeg"] = CFrame.new(0.0000,0.0000,0.0000,1.0000,0.0000,0.0000,0.0000,1.0000,0.0000,0.0000,0.0000,1.0000),
      ["RightLowerLeg"] = CFrame.new(0.0000,0.0000,0.0000,1.0000,0.0000,0.0000,0.0000,1.0000,0.0000,0.0000,0.0000,1.0000),
      ["RightFoot"] = CFrame.new(0.0000,0.0000,0.0000,1.0000,-0.0000,0.0000,0.0000,0.9906,-0.1366,0.0000,0.1366,0.9906),
    }},
    {Time = 2.167, Data = {
      ["HumanoidRootPart"] = CFrame.new(0.0000,0.0000,0.0000,1.0000,0.0000,0.0000,0.0000,1.0000,0.0000,0.0000,0.0000,1.0000),
      ["LowerTorso"] = CFrame.new(0.0000,0.0000,0.2395,1.0000,-0.0000,0.0000,0.0000,0.9984,-0.0570,0.0000,0.0570,0.9984),
      ["LeftUpperLeg"] = CFrame.new(0.0000,0.0000,0.0000,1.0000,0.0000,0.0000,0.0000,1.0000,0.0000,0.0000,0.0000,1.0000),
      ["LeftLowerLeg"] = CFrame.new(0.0000,0.0000,0.0000,1.0000,0.0000,0.0000,0.0000,1.0000,0.0000,0.0000,0.0000,1.0000),
      ["LeftFoot"] = CFrame.new(0.0000,0.0000,0.0000,1.0000,-0.0000,0.0000,0.0000,0.9910,-0.1338,0.0000,0.1338,0.9910),
      ["UpperTorso"] = CFrame.new(0.0000,0.0000,0.0000,1.0000,-0.0000,0.0000,0.0000,0.9877,0.1567,-0.0000,-0.1567,0.9877),
      ["Head"] = CFrame.new(0.0032,-0.0018,-0.0423,1.0000,-0.0000,0.0000,0.0000,0.9810,0.1940,-0.0000,-0.1940,0.9810),
      ["RightUpperArm"] = CFrame.new(0.0000,0.0000,0.0000,0.9511,-0.2419,-0.1923,0.2779,0.9417,0.1898,0.1352,-0.2339,0.9628),
      ["RightLowerArm"] = CFrame.new(-0.0000,0.0000,0.0000,0.9939,0.0387,-0.1034,-0.0271,0.9934,0.1112,0.1071,-0.1077,0.9884),
      ["RightHand"] = CFrame.new(-0.0054,-0.0200,-0.0016,0.8847,-0.0198,-0.4657,0.0812,0.9904,0.1122,0.4590,-0.1371,0.8778),
      ["LeftUpperArm"] = CFrame.new(0.0000,0.0000,0.0000,0.9927,0.0847,0.0855,-0.1003,0.9750,0.1982,-0.0666,-0.2053,0.9764),
      ["LeftLowerArm"] = CFrame.new(0.0000,0.0000,0.0000,0.9866,0.0176,0.1621,-0.0323,0.9955,0.0886,-0.1599,-0.0927,0.9828),
      ["LeftHand"] = CFrame.new(0.0000,0.0000,0.0000,0.9904,0.0678,0.1206,-0.0974,0.9609,0.2591,-0.0984,-0.2683,0.9583),
      ["RightUpperLeg"] = CFrame.new(0.0000,0.0000,0.0000,1.0000,0.0000,0.0000,0.0000,1.0000,0.0000,0.0000,0.0000,1.0000),
      ["RightLowerLeg"] = CFrame.new(0.0000,0.0000,0.0000,1.0000,0.0000,0.0000,0.0000,1.0000,0.0000,0.0000,0.0000,1.0000),
      ["RightFoot"] = CFrame.new(0.0000,0.0000,0.0000,1.0000,-0.0000,0.0000,0.0000,0.9922,-0.1243,0.0000,0.1243,0.9922),
    }},
    {Time = 2.200, Data = {
      ["HumanoidRootPart"] = CFrame.new(0.0000,0.0000,0.0000,1.0000,0.0000,0.0000,0.0000,1.0000,0.0000,0.0000,0.0000,1.0000),
      ["LowerTorso"] = CFrame.new(0.0000,0.0000,0.2440,1.0000,-0.0000,0.0000,0.0000,0.9983,-0.0580,0.0000,0.0580,0.9983),
      ["LeftUpperLeg"] = CFrame.new(0.0000,0.0000,0.0000,1.0000,0.0000,0.0000,0.0000,1.0000,0.0000,0.0000,0.0000,1.0000),
      ["LeftLowerLeg"] = CFrame.new(0.0000,0.0000,0.0000,1.0000,0.0000,0.0000,0.0000,1.0000,0.0000,0.0000,0.0000,1.0000),
      ["LeftFoot"] = CFrame.new(0.0000,0.0000,0.0000,1.0000,-0.0000,0.0000,0.0000,0.9927,-0.1205,0.0000,0.1205,0.9927),
      ["UpperTorso"] = CFrame.new(0.0000,0.0000,0.0000,1.0000,-0.0000,0.0000,0.0000,0.9872,0.1597,-0.0000,-0.1597,0.9872),
      ["Head"] = CFrame.new(0.0032,-0.0018,-0.0423,1.0000,-0.0000,0.0000,0.0000,0.9806,0.1959,-0.0000,-0.1959,0.9806),
      ["RightUpperArm"] = CFrame.new(0.0000,0.0000,0.0000,0.9636,-0.2196,-0.1523,0.2408,0.9606,0.1387,0.1158,-0.1704,0.9786),
      ["RightLowerArm"] = CFrame.new(-0.0000,0.0000,0.0000,0.9959,0.0388,-0.0820,-0.0293,0.9931,0.1139,0.0859,-0.1111,0.9901),
      ["RightHand"] = CFrame.new(-0.0054,-0.0200,-0.0016,0.8995,-0.0257,-0.4361,0.0791,0.9913,0.1047,0.4296,-0.1287,0.8938),
      ["LeftUpperArm"] = CFrame.new(0.0000,0.0000,0.0000,0.9966,0.0684,0.0455,-0.0744,0.9867,0.1445,-0.0350,-0.1474,0.9885),
      ["LeftLowerArm"] = CFrame.new(0.0000,0.0000,0.0000,0.9909,0.0127,0.1338,-0.0246,0.9958,0.0878,-0.1321,-0.0903,0.9871),
      ["LeftHand"] = CFrame.new(0.0000,0.0000,0.0000,0.9907,0.0623,0.1207,-0.0916,0.9626,0.2550,-0.1004,-0.2637,0.9594),
      ["RightUpperLeg"] = CFrame.new(0.0000,0.0000,0.0000,1.0000,0.0000,0.0000,0.0000,1.0000,0.0000,0.0000,0.0000,1.0000),
      ["RightLowerLeg"] = CFrame.new(0.0000,0.0000,0.0000,1.0000,0.0000,0.0000,0.0000,1.0000,0.0000,0.0000,0.0000,1.0000),
      ["RightFoot"] = CFrame.new(0.0000,0.0000,0.0000,1.0000,-0.0000,0.0000,0.0000,0.9937,-0.1119,0.0000,0.1119,0.9937),
    }},
    {Time = 2.233, Data = {
      ["HumanoidRootPart"] = CFrame.new(0.0000,0.0000,0.0000,1.0000,0.0000,0.0000,0.0000,1.0000,0.0000,0.0000,0.0000,1.0000),
      ["LowerTorso"] = CFrame.new(0.0000,0.0000,0.2486,1.0000,-0.0000,0.0000,0.0000,0.9983,-0.0590,0.0000,0.0590,0.9983),
      ["LeftUpperLeg"] = CFrame.new(0.0000,0.0000,0.0000,1.0000,0.0000,0.0000,0.0000,1.0000,0.0000,0.0000,0.0000,1.0000),
      ["LeftLowerLeg"] = CFrame.new(0.0000,0.0000,0.0000,1.0000,0.0000,0.0000,0.0000,1.0000,0.0000,0.0000,0.0000,1.0000),
      ["LeftFoot"] = CFrame.new(0.0000,0.0000,0.0000,1.0000,-0.0000,0.0000,0.0000,0.9942,-0.1072,0.0000,0.1072,0.9942),
      ["UpperTorso"] = CFrame.new(0.0000,0.0000,0.0000,1.0000,-0.0000,0.0000,0.0000,0.9867,0.1628,-0.0000,-0.1628,0.9867),
      ["Head"] = CFrame.new(0.0032,-0.0018,-0.0423,1.0000,-0.0000,0.0000,0.0000,0.9802,0.1978,-0.0000,-0.1978,0.9802),
      ["RightUpperArm"] = CFrame.new(0.0000,0.0000,0.0000,0.9741,-0.1964,-0.1121,0.2065,0.9746,0.0864,0.0922,-0.1073,0.9899),
      ["RightLowerArm"] = CFrame.new(-0.0000,0.0000,0.0000,0.9974,0.0388,-0.0606,-0.0315,0.9927,0.1167,0.0646,-0.1145,0.9913),
      ["RightHand"] = CFrame.new(-0.0054,-0.0200,-0.0016,0.9133,-0.0318,-0.4060,0.0776,0.9923,0.0968,0.3997,-0.1200,0.9087),
      ["LeftUpperArm"] = CFrame.new(0.0000,0.0000,0.0000,0.9986,0.0520,0.0055,-0.0523,0.9946,0.0899,-0.0008,-0.0900,0.9959),
      ["LeftLowerArm"] = CFrame.new(0.0000,0.0000,0.0000,0.9944,0.0078,0.1053,-0.0170,0.9961,0.0869,-0.1043,-0.0882,0.9906),
      ["LeftHand"] = CFrame.new(0.0000,0.0000,0.0000,0.9910,0.0568,0.1209,-0.0858,0.9642,0.2508,-0.1023,-0.2589,0.9605),
      ["RightUpperLeg"] = CFrame.new(0.0000,0.0000,0.0000,1.0000,0.0000,0.0000,0.0000,1.0000,0.0000,0.0000,0.0000,1.0000),
      ["RightLowerLeg"] = CFrame.new(0.0000,0.0000,0.0000,1.0000,0.0000,0.0000,0.0000,1.0000,0.0000,0.0000,0.0000,1.0000),
      ["RightFoot"] = CFrame.new(0.0000,0.0000,0.0000,1.0000,-0.0000,0.0000,0.0000,0.9950,-0.0995,0.0000,0.0995,0.9950),
    }},
    {Time = 2.267, Data = {
      ["HumanoidRootPart"] = CFrame.new(0.0000,0.0000,0.0000,1.0000,0.0000,0.0000,0.0000,1.0000,0.0000,0.0000,0.0000,1.0000),
      ["LowerTorso"] = CFrame.new(0.0000,0.0000,0.2531,1.0000,-0.0000,0.0000,0.0000,0.9982,-0.0601,0.0000,0.0601,0.9982),
      ["LeftUpperLeg"] = CFrame.new(0.0000,0.0000,0.0000,1.0000,0.0000,0.0000,0.0000,1.0000,0.0000,0.0000,0.0000,1.0000),
      ["LeftLowerLeg"] = CFrame.new(0.0000,0.0000,0.0000,1.0000,0.0000,0.0000,0.0000,1.0000,0.0000,0.0000,0.0000,1.0000),
      ["LeftFoot"] = CFrame.new(0.0000,0.0000,0.0000,1.0000,-0.0000,0.0000,0.0000,0.9956,-0.0938,0.0000,0.0938,0.9956),
      ["UpperTorso"] = CFrame.new(0.0000,0.0000,0.0000,1.0000,-0.0000,0.0000,0.0000,0.9862,0.1658,-0.0000,-0.1658,0.9862),
      ["Head"] = CFrame.new(0.0032,-0.0018,-0.0423,1.0000,-0.0000,0.0000,0.0000,0.9799,0.1997,-0.0000,-0.1997,0.9799),
      ["RightUpperArm"] = CFrame.new(0.0000,0.0000,0.0000,0.9824,-0.1726,-0.0716,0.1753,0.9840,0.0332,0.0647,-0.0452,0.9969),
      ["RightLowerArm"] = CFrame.new(-0.0000,0.0000,0.0000,0.9985,0.0388,-0.0391,-0.0339,0.9923,0.1193,0.0434,-0.1178,0.9921),
      ["RightHand"] = CFrame.new(-0.0054,-0.0200,-0.0016,0.9261,-0.0380,-0.3754,0.0767,0.9931,0.0886,0.3694,-0.1108,0.9226),
      ["LeftUpperArm"] = CFrame.new(0.0000,0.0000,0.0000,0.9988,0.0355,-0.0346,-0.0343,0.9988,0.0348,0.0357,-0.0336,0.9988),
      ["LeftLowerArm"] = CFrame.new(0.0000,0.0000,0.0000,0.9970,0.0028,0.0768,-0.0094,0.9963,0.0859,-0.0763,-0.0863,0.9933),
      ["LeftHand"] = CFrame.new(0.0000,0.0000,0.0000,0.9913,0.0512,0.1210,-0.0800,0.9658,0.2467,-0.1042,-0.2542,0.9615),
      ["RightUpperLeg"] = CFrame.new(0.0000,0.0000,0.0000,1.0000,0.0000,0.0000,0.0000,1.0000,0.0000,0.0000,0.0000,1.0000),
      ["RightLowerLeg"] = CFrame.new(0.0000,0.0000,0.0000,1.0000,0.0000,0.0000,0.0000,1.0000,0.0000,0.0000,0.0000,1.0000),
      ["RightFoot"] = CFrame.new(0.0000,0.0000,0.0000,1.0000,-0.0000,0.0000,0.0000,0.9962,-0.0871,0.0000,0.0871,0.9962),
    }},
    {Time = 2.300, Data = {
      ["HumanoidRootPart"] = CFrame.new(0.0000,0.0000,0.0000,1.0000,0.0000,0.0000,0.0000,1.0000,0.0000,0.0000,0.0000,1.0000),
      ["LowerTorso"] = CFrame.new(0.0000,0.0000,0.2357,1.0000,-0.0000,0.0000,0.0000,0.9984,-0.0560,0.0000,0.0560,0.9984),
      ["LeftUpperLeg"] = CFrame.new(0.0000,0.0000,0.0000,1.0000,0.0000,0.0000,0.0000,1.0000,0.0000,0.0000,0.0000,1.0000),
      ["LeftLowerLeg"] = CFrame.new(0.0000,0.0000,0.0000,1.0000,0.0000,0.0000,0.0000,1.0000,0.0000,0.0000,0.0000,1.0000),
      ["LeftFoot"] = CFrame.new(0.0000,0.0000,0.0000,1.0000,-0.0000,0.0000,0.0000,0.9968,-0.0804,0.0000,0.0804,0.9968),
      ["UpperTorso"] = CFrame.new(0.0000,0.0000,0.0000,1.0000,-0.0000,0.0000,0.0000,0.9874,0.1580,-0.0000,-0.1580,0.9874),
      ["Head"] = CFrame.new(0.0032,-0.0018,-0.0423,1.0000,-0.0000,0.0000,0.0000,0.9795,0.2016,-0.0000,-0.2016,0.9795),
      ["RightUpperArm"] = CFrame.new(0.0000,0.0000,0.0000,0.9885,-0.1482,-0.0311,0.1477,0.9888,-0.0204,0.0338,0.0156,0.9993),
      ["RightLowerArm"] = CFrame.new(-0.0000,0.0000,0.0000,0.9991,0.0388,-0.0176,-0.0363,0.9919,0.1220,0.0222,-0.1212,0.9924),
      ["RightHand"] = CFrame.new(-0.0054,-0.0200,-0.0016,0.9378,-0.0444,-0.3444,0.0764,0.9939,0.0799,0.3387,-0.1012,0.9354),
      ["LeftUpperArm"] = CFrame.new(0.0000,0.0000,0.0000,0.9970,0.0189,-0.0745,-0.0205,0.9996,-0.0202,0.0741,0.0217,0.9970),
      ["LeftLowerArm"] = CFrame.new(0.0000,0.0000,0.0000,0.9988,-0.0022,0.0482,-0.0019,0.9964,0.0848,-0.0482,-0.0848,0.9952),
      ["LeftHand"] = CFrame.new(0.0000,0.0000,0.0000,0.9916,0.0457,0.1211,-0.0742,0.9673,0.2425,-0.1060,-0.2495,0.9626),
      ["RightUpperLeg"] = CFrame.new(0.0000,0.0000,0.0000,1.0000,0.0000,0.0000,0.0000,1.0000,0.0000,0.0000,0.0000,1.0000),
      ["RightLowerLeg"] = CFrame.new(0.0000,0.0000,0.0000,1.0000,0.0000,0.0000,0.0000,1.0000,0.0000,0.0000,0.0000,1.0000),
      ["RightFoot"] = CFrame.new(0.0000,0.0000,0.0000,1.0000,-0.0000,0.0000,0.0000,0.9972,-0.0747,0.0000,0.0747,0.9972),
    }},
    {Time = 2.333, Data = {
      ["HumanoidRootPart"] = CFrame.new(0.0000,0.0000,0.0000,1.0000,0.0000,0.0000,0.0000,1.0000,0.0000,0.0000,0.0000,1.0000),
      ["LowerTorso"] = CFrame.new(0.0000,0.0000,0.1964,1.0000,-0.0000,0.0000,0.0000,0.9989,-0.0466,0.0000,0.0466,0.9989),
      ["LeftUpperLeg"] = CFrame.new(0.0000,0.0000,0.0000,1.0000,0.0000,0.0000,0.0000,1.0000,0.0000,0.0000,0.0000,1.0000),
      ["LeftLowerLeg"] = CFrame.new(0.0000,0.0000,0.0000,1.0000,0.0000,0.0000,0.0000,1.0000,0.0000,0.0000,0.0000,1.0000),
      ["LeftFoot"] = CFrame.new(0.0000,0.0000,0.0000,1.0000,-0.0000,0.0000,0.0000,0.9977,-0.0670,0.0000,0.0670,0.9977),
      ["UpperTorso"] = CFrame.new(0.0000,0.0000,0.0000,1.0000,-0.0000,0.0000,0.0000,0.9903,0.1392,-0.0000,-0.1392,0.9903),
      ["Head"] = CFrame.new(0.0032,-0.0018,-0.0423,1.0000,-0.0000,0.0000,0.0000,0.9791,0.2035,-0.0000,-0.2035,0.9791),
      ["RightUpperArm"] = CFrame.new(0.0000,0.0000,0.0000,0.9923,-0.1235,0.0095,0.1239,0.9895,-0.0741,-0.0003,0.0747,0.9972),
      ["RightLowerArm"] = CFrame.new(-0.0000,0.0000,0.0000,0.9992,0.0387,0.0039,-0.0389,0.9914,0.1245,0.0009,-0.1246,0.9922),
      ["RightHand"] = CFrame.new(-0.0054,-0.0200,-0.0016,0.9484,-0.0508,-0.3130,0.0767,0.9945,0.0709,0.3077,-0.0912,0.9471),
      ["LeftUpperArm"] = CFrame.new(0.0000,0.0000,0.0000,0.9934,0.0024,-0.1144,-0.0110,0.9971,-0.0748,0.1139,0.0756,0.9906),
      ["LeftLowerArm"] = CFrame.new(0.0000,0.0000,0.0000,0.9998,-0.0071,0.0196,0.0055,0.9965,0.0836,-0.0201,-0.0835,0.9963),
      ["LeftHand"] = CFrame.new(0.0000,0.0000,0.0000,0.9918,0.0401,0.1212,-0.0683,0.9688,0.2384,-0.1078,-0.2447,0.9636),
      ["RightUpperLeg"] = CFrame.new(0.0000,0.0000,0.0000,1.0000,0.0000,0.0000,0.0000,1.0000,0.0000,0.0000,0.0000,1.0000),
      ["RightLowerLeg"] = CFrame.new(0.0000,0.0000,0.0000,1.0000,0.0000,0.0000,0.0000,1.0000,0.0000,0.0000,0.0000,1.0000),
      ["RightFoot"] = CFrame.new(0.0000,0.0000,0.0000,1.0000,-0.0000,0.0000,0.0000,0.9981,-0.0623,0.0000,0.0623,0.9981),
    }},
    {Time = 2.367, Data = {
      ["HumanoidRootPart"] = CFrame.new(0.0000,0.0000,0.0000,1.0000,0.0000,0.0000,0.0000,1.0000,0.0000,0.0000,0.0000,1.0000),
      ["LowerTorso"] = CFrame.new(0.0000,0.0000,0.1571,1.0000,-0.0000,0.0000,0.0000,0.9993,-0.0373,0.0000,0.0373,0.9993),
      ["LeftUpperLeg"] = CFrame.new(0.0000,0.0000,0.0000,1.0000,0.0000,0.0000,0.0000,1.0000,0.0000,0.0000,0.0000,1.0000),
      ["LeftLowerLeg"] = CFrame.new(0.0000,0.0000,0.0000,1.0000,0.0000,0.0000,0.0000,1.0000,0.0000,0.0000,0.0000,1.0000),
      ["LeftFoot"] = CFrame.new(0.0000,0.0000,0.0000,1.0000,-0.0000,0.0000,0.0000,0.9986,-0.0537,0.0000,0.0537,0.9986),
      ["UpperTorso"] = CFrame.new(0.0000,0.0000,0.0000,1.0000,-0.0000,0.0000,0.0000,0.9927,0.1204,-0.0000,-0.1204,0.9927),
      ["Head"] = CFrame.new(0.0032,-0.0018,-0.0423,1.0000,-0.0000,0.0000,0.0000,0.9787,0.2054,-0.0000,-0.2054,0.9787),
      ["RightUpperArm"] = CFrame.new(0.0000,0.0000,0.0000,0.9939,-0.0985,0.0501,0.1041,0.9864,-0.1275,-0.0369,0.1319,0.9906),
      ["RightLowerArm"] = CFrame.new(-0.0000,0.0000,0.0000,0.9989,0.0387,0.0255,-0.0416,0.9910,0.1271,-0.0203,-0.1280,0.9916),
      ["RightHand"] = CFrame.new(-0.0054,-0.0200,-0.0016,0.9579,-0.0573,-0.2813,0.0776,0.9951,0.0616,0.2764,-0.0809,0.9576),
      ["LeftUpperArm"] = CFrame.new(0.0000,0.0000,0.0000,0.9880,-0.0140,-0.1541,-0.0061,0.9917,-0.1286,0.1546,0.1280,0.9796),
      ["LeftLowerArm"] = CFrame.new(0.0000,0.0000,0.0000,0.9999,-0.0121,-0.0091,0.0128,0.9965,0.0824,0.0080,-0.0825,0.9966),
      ["LeftHand"] = CFrame.new(0.0000,0.0000,0.0000,0.9920,0.0346,0.1213,-0.0625,0.9702,0.2342,-0.1096,-0.2399,0.9646),
      ["RightUpperLeg"] = CFrame.new(0.0000,0.0000,0.0000,1.0000,0.0000,0.0000,0.0000,1.0000,0.0000,0.0000,0.0000,1.0000),
      ["RightLowerLeg"] = CFrame.new(0.0000,0.0000,0.0000,1.0000,0.0000,0.0000,0.0000,1.0000,0.0000,0.0000,0.0000,1.0000),
      ["RightFoot"] = CFrame.new(0.0000,0.0000,0.0000,1.0000,-0.0000,0.0000,0.0000,0.9988,-0.0498,0.0000,0.0498,0.9988),
    }},
    {Time = 2.400, Data = {
      ["HumanoidRootPart"] = CFrame.new(0.0000,0.0000,0.0000,1.0000,0.0000,0.0000,0.0000,1.0000,0.0000,0.0000,0.0000,1.0000),
      ["LowerTorso"] = CFrame.new(0.0000,0.0000,0.1178,1.0000,-0.0000,0.0000,0.0000,0.9996,-0.0280,0.0000,0.0280,0.9996),
      ["LeftUpperLeg"] = CFrame.new(0.0000,0.0000,0.0000,1.0000,0.0000,0.0000,0.0000,1.0000,0.0000,0.0000,0.0000,1.0000),
      ["LeftLowerLeg"] = CFrame.new(0.0000,0.0000,0.0000,1.0000,0.0000,0.0000,0.0000,1.0000,0.0000,0.0000,0.0000,1.0000),
      ["LeftFoot"] = CFrame.new(0.0000,0.0000,0.0000,1.0000,-0.0000,0.0000,0.0000,0.9992,-0.0402,0.0000,0.0402,0.9992),
      ["UpperTorso"] = CFrame.new(0.0000,0.0000,0.0000,1.0000,-0.0000,0.0000,0.0000,0.9948,0.1015,-0.0000,-0.1015,0.9948),
      ["Head"] = CFrame.new(0.0032,-0.0018,-0.0423,1.0000,-0.0000,0.0000,0.0000,0.9783,0.2073,-0.0000,-0.2073,0.9783),
      ["RightUpperArm"] = CFrame.new(0.0000,0.0000,0.0000,0.9932,-0.0733,0.0906,0.0887,0.9797,-0.1800,-0.0755,0.1868,0.9795),
      ["RightLowerArm"] = CFrame.new(-0.0000,0.0000,0.0000,0.9981,0.0386,0.0470,-0.0444,0.9906,0.1295,-0.0415,-0.1314,0.9905),
      ["RightHand"] = CFrame.new(-0.0054,-0.0200,-0.0016,0.9663,-0.0638,-0.2492,0.0792,0.9955,0.0521,0.2448,-0.0700,0.9670),
      ["LeftUpperArm"] = CFrame.new(0.0000,0.0000,0.0000,0.9806,-0.0301,-0.1935,-0.0056,0.9834,-0.1811,0.1958,0.1787,0.9642),
      ["LeftLowerArm"] = CFrame.new(0.0000,0.0000,0.0000,0.9991,-0.0171,-0.0377,0.0201,0.9965,0.0811,0.0362,-0.0818,0.9960),
      ["LeftHand"] = CFrame.new(0.0000,0.0000,0.0000,0.9922,0.0290,0.1214,-0.0566,0.9715,0.2301,-0.1113,-0.2351,0.9656),
      ["RightUpperLeg"] = CFrame.new(0.0000,0.0000,0.0000,1.0000,0.0000,0.0000,0.0000,1.0000,0.0000,0.0000,0.0000,1.0000),
      ["RightLowerLeg"] = CFrame.new(0.0000,0.0000,0.0000,1.0000,0.0000,0.0000,0.0000,1.0000,0.0000,0.0000,0.0000,1.0000),
      ["RightFoot"] = CFrame.new(0.0000,0.0000,0.0000,1.0000,-0.0000,0.0000,0.0000,0.9993,-0.0374,0.0000,0.0374,0.9993),
    }},
    {Time = 2.433, Data = {
      ["HumanoidRootPart"] = CFrame.new(0.0000,0.0000,0.0000,1.0000,0.0000,0.0000,0.0000,1.0000,0.0000,0.0000,0.0000,1.0000),
      ["LowerTorso"] = CFrame.new(0.0000,0.0000,0.0786,1.0000,-0.0000,0.0000,0.0000,0.9998,-0.0187,0.0000,0.0187,0.9998),
      ["LeftUpperLeg"] = CFrame.new(0.0000,0.0000,0.0000,1.0000,0.0000,0.0000,0.0000,1.0000,0.0000,0.0000,0.0000,1.0000),
      ["LeftLowerLeg"] = CFrame.new(0.0000,0.0000,0.0000,1.0000,0.0000,0.0000,0.0000,1.0000,0.0000,0.0000,0.0000,1.0000),
      ["LeftFoot"] = CFrame.new(0.0000,0.0000,0.0000,1.0000,-0.0000,0.0000,0.0000,0.9996,-0.0268,0.0000,0.0268,0.9996),
      ["UpperTorso"] = CFrame.new(0.0000,0.0000,0.0000,1.0000,-0.0000,0.0000,0.0000,0.9966,0.0825,-0.0000,-0.0825,0.9966),
      ["Head"] = CFrame.new(0.0032,-0.0018,-0.0423,1.0000,-0.0000,0.0000,0.0000,0.9779,0.2092,-0.0000,-0.2092,0.9779),
      ["RightUpperArm"] = CFrame.new(0.0000,0.0000,0.0000,0.9902,-0.0482,0.1309,0.0778,0.9698,-0.2313,-0.1158,0.2392,0.9640),
      ["RightLowerArm"] = CFrame.new(-0.0000,0.0000,0.0000,0.9969,0.0385,0.0684,-0.0473,0.9901,0.1319,-0.0627,-0.1347,0.9889),
      ["RightHand"] = CFrame.new(-0.0054,-0.0200,-0.0016,0.9736,-0.0704,-0.2169,0.0814,0.9958,0.0423,0.2131,-0.0588,0.9753),
      ["LeftUpperArm"] = CFrame.new(0.0000,0.0000,0.0000,0.9715,-0.0459,-0.2327,-0.0096,0.9727,-0.2319,0.2369,0.2276,0.9445),
      ["LeftLowerArm"] = CFrame.new(0.0000,0.0000,0.0000,0.9976,-0.0221,-0.0663,0.0273,0.9964,0.0797,0.0643,-0.0814,0.9946),
      ["LeftHand"] = CFrame.new(0.0000,0.0000,0.0000,0.9923,0.0235,0.1215,-0.0507,0.9728,0.2259,-0.1129,-0.2303,0.9665),
      ["RightUpperLeg"] = CFrame.new(0.0000,0.0000,0.0000,1.0000,0.0000,0.0000,0.0000,1.0000,0.0000,0.0000,0.0000,1.0000),
      ["RightLowerLeg"] = CFrame.new(0.0000,0.0000,0.0000,1.0000,0.0000,0.0000,0.0000,1.0000,0.0000,0.0000,0.0000,1.0000),
      ["RightFoot"] = CFrame.new(0.0000,0.0000,0.0000,1.0000,-0.0000,0.0000,0.0000,0.9997,-0.0249,0.0000,0.0249,0.9997),
    }},
    {Time = 2.467, Data = {
      ["HumanoidRootPart"] = CFrame.new(0.0000,0.0000,0.0000,1.0000,0.0000,0.0000,0.0000,1.0000,0.0000,0.0000,0.0000,1.0000),
      ["LowerTorso"] = CFrame.new(0.0000,0.0000,0.0393,1.0000,-0.0000,0.0000,0.0000,1.0000,-0.0093,0.0000,0.0093,1.0000),
      ["LeftUpperLeg"] = CFrame.new(0.0000,0.0000,0.0000,1.0000,0.0000,0.0000,0.0000,1.0000,0.0000,0.0000,0.0000,1.0000),
      ["LeftLowerLeg"] = CFrame.new(0.0000,0.0000,0.0000,1.0000,0.0000,0.0000,0.0000,1.0000,0.0000,0.0000,0.0000,1.0000),
      ["LeftFoot"] = CFrame.new(0.0000,0.0000,0.0000,1.0000,-0.0000,0.0000,0.0000,0.9999,-0.0134,0.0000,0.0134,0.9999),
      ["UpperTorso"] = CFrame.new(0.0000,0.0000,0.0000,1.0000,-0.0000,0.0000,0.0000,0.9980,0.0636,-0.0000,-0.0636,0.9980),
      ["Head"] = CFrame.new(0.0032,-0.0018,-0.0423,1.0000,-0.0000,0.0000,0.0000,0.9775,0.2111,-0.0000,-0.2111,0.9775),
      ["RightUpperArm"] = CFrame.new(0.0000,0.0000,0.0000,0.9850,-0.0232,0.1711,0.0714,0.9570,-0.2810,-0.1572,0.2890,0.9443),
      ["RightLowerArm"] = CFrame.new(-0.0000,0.0000,0.0000,0.9952,0.0384,0.0899,-0.0503,0.9897,0.1342,-0.0838,-0.1381,0.9869),
      ["RightHand"] = CFrame.new(-0.0054,-0.0200,-0.0016,0.9798,-0.0770,-0.1844,0.0843,0.9959,0.0323,0.1812,-0.0471,0.9823),
      ["LeftUpperArm"] = CFrame.new(0.0000,0.0000,0.0000,0.9605,-0.0613,-0.2714,-0.0181,0.9596,-0.2807,0.2777,0.2745,0.9206),
      ["LeftLowerArm"] = CFrame.new(0.0000,0.0000,0.0000,0.9951,-0.0270,-0.0949,0.0345,0.9963,0.0783,0.0924,-0.0812,0.9924),
      ["LeftHand"] = CFrame.new(0.0000,0.0000,0.0000,0.9924,0.0179,0.1216,-0.0448,0.9741,0.2217,-0.1145,-0.2255,0.9675),
      ["RightUpperLeg"] = CFrame.new(0.0000,0.0000,0.0000,1.0000,0.0000,0.0000,0.0000,1.0000,0.0000,0.0000,0.0000,1.0000),
      ["RightLowerLeg"] = CFrame.new(0.0000,0.0000,0.0000,1.0000,0.0000,0.0000,0.0000,1.0000,0.0000,0.0000,0.0000,1.0000),
      ["RightFoot"] = CFrame.new(0.0000,0.0000,0.0000,1.0000,-0.0000,0.0000,0.0000,0.9999,-0.0125,0.0000,0.0125,0.9999),
    }},
    {Time = 2.500, Data = {
      ["HumanoidRootPart"] = CFrame.new(0.0000,0.0000,0.0000,1.0000,0.0000,0.0000,0.0000,1.0000,0.0000,0.0000,0.0000,1.0000),
      ["LowerTorso"] = CFrame.new(0.0000,0.0000,0.0000,1.0000,0.0000,0.0000,0.0000,1.0000,0.0000,0.0000,0.0000,1.0000),
      ["LeftUpperLeg"] = CFrame.new(0.0000,0.0000,0.0000,1.0000,0.0000,0.0000,0.0000,1.0000,0.0000,0.0000,0.0000,1.0000),
      ["LeftLowerLeg"] = CFrame.new(0.0000,0.0000,0.0000,1.0000,0.0000,0.0000,0.0000,1.0000,0.0000,0.0000,0.0000,1.0000),
      ["LeftFoot"] = CFrame.new(0.0000,0.0000,0.0000,1.0000,0.0000,0.0000,0.0000,1.0000,0.0000,0.0000,0.0000,1.0000),
      ["UpperTorso"] = CFrame.new(0.0000,0.0000,0.0000,1.0000,-0.0000,0.0000,0.0000,0.9990,0.0446,-0.0000,-0.0446,0.9990),
      ["Head"] = CFrame.new(0.0032,-0.0017,-0.0423,1.0000,-0.0000,0.0000,0.0000,0.9771,0.2130,-0.0000,-0.2130,0.9771),
      ["RightUpperArm"] = CFrame.new(0.0000,0.0000,0.0000,0.9775,0.0014,0.2109,0.0695,0.9418,-0.3288,-0.1991,0.3360,0.9206),
      ["RightLowerArm"] = CFrame.new(-0.0000,0.0000,0.0000,0.9902,0.0406,0.1333,-0.0572,0.9907,0.1231,-0.1270,-0.1295,0.9834),
      ["RightHand"] = CFrame.new(-0.0054,-0.0200,-0.0016,0.9849,-0.0835,-0.1516,0.0879,0.9959,0.0221,0.1492,-0.0351,0.9882),
      ["LeftUpperArm"] = CFrame.new(0.0000,0.0000,0.0000,0.9478,-0.0762,-0.3097,-0.0309,0.9445,-0.3270,0.3175,0.3195,0.8928),
      ["LeftLowerArm"] = CFrame.new(0.0000,0.0000,0.0000,0.9914,-0.0359,-0.1257,0.0443,0.9969,0.0648,0.1230,-0.0698,0.9899),
      ["LeftHand"] = CFrame.new(0.0000,0.0000,0.0000,0.9925,0.0124,0.1217,-0.0389,0.9753,0.2175,-0.1160,-0.2206,0.9684),
      ["RightUpperLeg"] = CFrame.new(0.0000,0.0000,0.0000,1.0000,0.0000,0.0000,0.0000,1.0000,0.0000,0.0000,0.0000,1.0000),
      ["RightLowerLeg"] = CFrame.new(0.0000,0.0000,0.0000,1.0000,0.0000,0.0000,0.0000,1.0000,0.0000,0.0000,0.0000,1.0000),
      ["RightFoot"] = CFrame.new(0.0000,0.0000,0.0000,1.0000,0.0000,0.0000,0.0000,1.0000,0.0000,0.0000,0.0000,1.0000),
    }},
    {Time = 2.533, Data = {
      ["HumanoidRootPart"] = CFrame.new(0.0000,0.0000,0.0000,1.0000,0.0000,0.0000,0.0000,1.0000,0.0000,0.0000,0.0000,1.0000),
      ["LowerTorso"] = CFrame.new(0.0000,0.0000,-0.0174,1.0000,-0.0000,0.0000,0.0000,1.0000,0.0033,-0.0000,-0.0033,1.0000),
      ["LeftUpperLeg"] = CFrame.new(0.0000,0.0000,0.0000,1.0000,0.0000,0.0000,0.0000,1.0000,0.0000,0.0000,0.0000,1.0000),
      ["LeftLowerLeg"] = CFrame.new(0.0000,0.0000,0.0000,1.0000,0.0000,0.0000,0.0000,1.0000,0.0000,0.0000,0.0000,1.0000),
      ["LeftFoot"] = CFrame.new(0.0000,0.0000,0.0000,1.0000,-0.0000,0.0000,0.0000,1.0000,0.0030,-0.0000,-0.0030,1.0000),
      ["UpperTorso"] = CFrame.new(0.0000,0.0000,0.0000,1.0000,-0.0000,0.0000,0.0000,0.9997,0.0256,-0.0000,-0.0256,0.9997),
      ["Head"] = CFrame.new(0.0032,-0.0017,-0.0423,1.0000,-0.0000,0.0000,0.0000,0.9766,0.2149,-0.0000,-0.2149,0.9766),
      ["RightUpperArm"] = CFrame.new(0.0000,0.0000,0.0000,0.9678,0.0257,0.2504,0.0723,0.9246,-0.3741,-0.2411,0.3802,0.8929),
      ["RightLowerArm"] = CFrame.new(-0.0000,0.0000,0.0000,0.9791,0.0450,0.1981,-0.0655,0.9930,0.0984,-0.1923,-0.1094,0.9752),
      ["RightHand"] = CFrame.new(-0.0054,-0.0200,-0.0016,0.9888,-0.0901,-0.1187,0.0921,0.9957,0.0118,0.1172,-0.0226,0.9929),
      ["LeftUpperArm"] = CFrame.new(0.0000,0.0000,0.0000,0.9333,-0.0906,-0.3476,-0.0479,0.9276,-0.3705,0.3560,0.3624,0.8614),
      ["LeftLowerArm"] = CFrame.new(0.0000,0.0000,0.0000,0.9861,-0.0487,-0.1588,0.0556,0.9977,0.0393,0.1565,-0.0476,0.9865),
      ["LeftHand"] = CFrame.new(0.0000,0.0000,0.0000,0.9925,0.0068,0.1218,-0.0329,0.9764,0.2134,-0.1175,-0.2158,0.9693),
      ["RightUpperLeg"] = CFrame.new(0.0000,0.0000,0.0000,1.0000,0.0000,0.0000,0.0000,1.0000,0.0000,0.0000,0.0000,1.0000),
      ["RightLowerLeg"] = CFrame.new(0.0000,0.0000,0.0000,1.0000,0.0000,0.0000,0.0000,1.0000,0.0000,0.0000,0.0000,1.0000),
      ["RightFoot"] = CFrame.new(0.0000,0.0000,0.0000,1.0000,-0.0000,0.0000,0.0000,1.0000,0.0083,-0.0000,-0.0083,1.0000),
    }},
    {Time = 2.567, Data = {
      ["HumanoidRootPart"] = CFrame.new(0.0000,0.0000,0.0000,1.0000,0.0000,0.0000,0.0000,1.0000,0.0000,0.0000,0.0000,1.0000),
      ["LowerTorso"] = CFrame.new(0.0000,0.0000,-0.0348,1.0000,-0.0000,0.0000,0.0000,1.0000,0.0066,-0.0000,-0.0066,1.0000),
      ["LeftUpperLeg"] = CFrame.new(0.0000,0.0000,0.0000,1.0000,0.0000,0.0000,0.0000,1.0000,0.0000,0.0000,0.0000,1.0000),
      ["LeftLowerLeg"] = CFrame.new(0.0000,0.0000,0.0000,1.0000,0.0000,0.0000,0.0000,1.0000,0.0000,0.0000,0.0000,1.0000),
      ["LeftFoot"] = CFrame.new(0.0000,0.0000,0.0000,1.0000,-0.0000,0.0000,0.0000,1.0000,0.0059,-0.0000,-0.0059,1.0000),
      ["UpperTorso"] = CFrame.new(0.0000,0.0000,0.0000,1.0000,-0.0000,0.0000,0.0000,1.0000,0.0066,-0.0000,-0.0066,1.0000),
      ["Head"] = CFrame.new(0.0032,-0.0017,-0.0423,1.0000,-0.0000,0.0000,0.0000,0.9762,0.2167,-0.0000,-0.2167,0.9762),
      ["RightUpperArm"] = CFrame.new(0.0000,0.0000,0.0000,0.9559,0.0494,0.2895,0.0795,0.9055,-0.4168,-0.2827,0.4214,0.8617),
      ["RightLowerArm"] = CFrame.new(-0.0000,0.0000,0.0000,0.9638,0.0490,0.2621,-0.0707,0.9948,0.0739,-0.2571,-0.0898,0.9622),
      ["RightHand"] = CFrame.new(-0.0054,-0.0200,-0.0016,0.9916,-0.0966,-0.0857,0.0970,0.9953,0.0014,0.0851,-0.0097,0.9963),
      ["LeftUpperArm"] = CFrame.new(0.0000,0.0000,0.0000,0.9171,-0.1044,-0.3848,-0.0689,0.9091,-0.4109,0.3927,0.4033,0.8265),
      ["LeftLowerArm"] = CFrame.new(0.0000,0.0000,0.0000,0.9795,-0.0613,-0.1917,0.0652,0.9978,0.0140,0.1904,-0.0262,0.9814),
      ["LeftHand"] = CFrame.new(0.0000,0.0000,0.0000,0.9925,0.0013,0.1219,-0.0270,0.9775,0.2092,-0.1189,-0.2109,0.9702),
      ["RightUpperLeg"] = CFrame.new(0.0000,0.0000,0.0000,1.0000,0.0000,0.0000,0.0000,1.0000,0.0000,0.0000,0.0000,1.0000),
      ["RightLowerLeg"] = CFrame.new(0.0000,0.0000,0.0000,1.0000,0.0000,0.0000,0.0000,1.0000,0.0000,0.0000,0.0000,1.0000),
      ["RightFoot"] = CFrame.new(0.0000,0.0000,0.0000,1.0000,-0.0000,0.0000,0.0000,0.9999,0.0166,-0.0000,-0.0166,0.9999),
    }},
    {Time = 2.600, Data = {
      ["HumanoidRootPart"] = CFrame.new(0.0000,0.0000,0.0000,1.0000,0.0000,0.0000,0.0000,1.0000,0.0000,0.0000,0.0000,1.0000),
      ["LowerTorso"] = CFrame.new(0.0000,0.0000,-0.0522,1.0000,-0.0000,0.0000,0.0000,1.0000,0.0100,-0.0000,-0.0100,1.0000),
      ["LeftUpperLeg"] = CFrame.new(0.0000,0.0000,0.0000,1.0000,0.0000,0.0000,0.0000,1.0000,0.0000,0.0000,0.0000,1.0000),
      ["LeftLowerLeg"] = CFrame.new(0.0000,0.0000,0.0000,1.0000,0.0000,0.0000,0.0000,1.0000,0.0000,0.0000,0.0000,1.0000),
      ["LeftFoot"] = CFrame.new(0.0000,0.0000,0.0000,1.0000,-0.0000,0.0000,0.0000,1.0000,0.0089,-0.0000,-0.0089,1.0000),
      ["UpperTorso"] = CFrame.new(0.0000,0.0000,0.0000,1.0000,-0.0000,0.0000,0.0000,0.9999,-0.0124,0.0000,0.0124,0.9999),
      ["Head"] = CFrame.new(0.0032,-0.0017,-0.0423,1.0000,-0.0000,0.0000,0.0000,0.9758,0.2186,-0.0000,-0.2186,0.9758),
      ["RightUpperArm"] = CFrame.new(0.0000,0.0000,0.0000,0.9419,0.0723,0.3281,0.0910,0.8851,-0.4564,-0.3234,0.4598,0.8270),
      ["RightLowerArm"] = CFrame.new(-0.0000,0.0000,0.0000,0.9443,0.0527,0.3250,-0.0727,0.9961,0.0499,-0.3211,-0.0707,0.9444),
      ["RightHand"] = CFrame.new(-0.0054,-0.0200,-0.0016,0.9933,-0.1030,-0.0525,0.1026,0.9947,-0.0091,0.0532,0.0036,0.9986),
      ["LeftUpperArm"] = CFrame.new(0.0000,0.0000,0.0000,0.8992,-0.1175,-0.4215,-0.0937,0.8892,-0.4478,0.4274,0.4422,0.7886),
      ["LeftLowerArm"] = CFrame.new(0.0000,0.0000,0.0000,0.9717,-0.0737,-0.2243,0.0731,0.9973,-0.0110,0.2245,-0.0057,0.9745),
      ["LeftHand"] = CFrame.new(0.0000,0.0000,0.0000,0.9925,-0.0043,0.1220,-0.0210,0.9785,0.2050,-0.1203,-0.2060,0.9711),
      ["RightUpperLeg"] = CFrame.new(0.0000,0.0000,0.0000,1.0000,0.0000,0.0000,0.0000,1.0000,0.0000,0.0000,0.0000,1.0000),
      ["RightLowerLeg"] = CFrame.new(0.0000,0.0000,0.0000,1.0000,0.0000,0.0000,0.0000,1.0000,0.0000,0.0000,0.0000,1.0000),
      ["RightFoot"] = CFrame.new(0.0000,0.0000,0.0000,1.0000,-0.0000,0.0000,0.0000,0.9997,0.0249,-0.0000,-0.0249,0.9997),
    }},
    {Time = 2.633, Data = {
      ["HumanoidRootPart"] = CFrame.new(0.0000,0.0000,0.0000,1.0000,0.0000,0.0000,0.0000,1.0000,0.0000,0.0000,0.0000,1.0000),
      ["LowerTorso"] = CFrame.new(0.0000,0.0000,-0.0496,1.0000,-0.0000,0.0000,0.0000,1.0000,0.0094,-0.0000,-0.0094,1.0000),
      ["LeftUpperLeg"] = CFrame.new(0.0000,0.0000,0.0000,1.0000,0.0000,0.0000,0.0000,1.0000,0.0000,0.0000,0.0000,1.0000),
      ["LeftLowerLeg"] = CFrame.new(0.0000,0.0000,0.0000,1.0000,0.0000,0.0000,0.0000,1.0000,0.0000,0.0000,0.0000,1.0000),
      ["LeftFoot"] = CFrame.new(0.0000,0.0000,0.0000,1.0000,-0.0000,0.0000,0.0000,1.0000,0.0084,-0.0000,-0.0084,1.0000),
      ["UpperTorso"] = CFrame.new(0.0000,0.0000,0.0000,1.0000,-0.0000,0.0000,0.0000,0.9999,-0.0124,0.0000,0.0124,0.9999),
      ["Head"] = CFrame.new(0.0032,-0.0017,-0.0423,1.0000,-0.0000,0.0000,0.0000,0.9754,0.2205,-0.0000,-0.2205,0.9754),
      ["RightUpperArm"] = CFrame.new(0.0000,0.0000,0.0000,0.9257,0.0945,0.3662,0.1068,0.8636,-0.4928,-0.3628,0.4953,0.7894),
      ["RightLowerArm"] = CFrame.new(-0.0000,0.0000,0.0000,0.9206,0.0559,0.3864,-0.0717,0.9971,0.0266,-0.3838,-0.0522,0.9219),
      ["RightHand"] = CFrame.new(-0.0054,-0.0200,-0.0016,0.9938,-0.1093,-0.0193,0.1089,0.9939,-0.0196,0.0214,0.0173,0.9996),
      ["LeftUpperArm"] = CFrame.new(0.0000,0.0000,0.0000,0.8797,-0.1297,-0.4574,-0.1221,0.8681,-0.4811,0.4595,0.4791,0.7479),
      ["LeftLowerArm"] = CFrame.new(0.0000,0.0000,0.0000,0.9627,-0.0858,-0.2567,0.0793,0.9962,-0.0356,0.2588,0.0139,0.9658),
      ["LeftHand"] = CFrame.new(0.0000,0.0000,0.0000,0.9925,-0.0098,0.1222,-0.0150,0.9795,0.2008,-0.1216,-0.2011,0.9720),
      ["RightUpperLeg"] = CFrame.new(0.0000,0.0000,0.0000,1.0000,0.0000,0.0000,0.0000,1.0000,0.0000,0.0000,0.0000,1.0000),
      ["RightLowerLeg"] = CFrame.new(0.0000,0.0000,0.0000,1.0000,0.0000,0.0000,0.0000,1.0000,0.0000,0.0000,0.0000,1.0000),
      ["RightFoot"] = CFrame.new(0.0000,0.0000,0.0000,1.0000,-0.0000,0.0000,0.0000,0.9997,0.0237,-0.0000,-0.0237,0.9997),
    }},
    {Time = 2.667, Data = {
      ["HumanoidRootPart"] = CFrame.new(0.0000,0.0000,0.0000,1.0000,0.0000,0.0000,0.0000,1.0000,0.0000,0.0000,0.0000,1.0000),
      ["LowerTorso"] = CFrame.new(0.0000,0.0000,-0.0469,1.0000,-0.0000,0.0000,0.0000,1.0000,0.0089,-0.0000,-0.0089,1.0000),
      ["LeftUpperLeg"] = CFrame.new(0.0000,0.0000,0.0000,1.0000,0.0000,0.0000,0.0000,1.0000,0.0000,0.0000,0.0000,1.0000),
      ["LeftLowerLeg"] = CFrame.new(0.0000,0.0000,0.0000,1.0000,0.0000,0.0000,0.0000,1.0000,0.0000,0.0000,0.0000,1.0000),
      ["LeftFoot"] = CFrame.new(0.0000,0.0000,0.0000,1.0000,-0.0000,0.0000,0.0000,1.0000,0.0080,-0.0000,-0.0080,1.0000),
      ["UpperTorso"] = CFrame.new(0.0000,0.0000,0.0000,1.0000,-0.0000,0.0000,0.0000,0.9999,-0.0124,0.0000,0.0124,0.9999),
      ["Head"] = CFrame.new(0.0032,-0.0017,-0.0423,1.0000,-0.0000,0.0000,0.0000,0.9749,0.2224,-0.0000,-0.2224,0.9749),
      ["RightUpperArm"] = CFrame.new(0.0000,0.0000,0.0000,0.9076,0.1157,0.4036,0.1265,0.8413,-0.5255,-0.4004,0.5280,0.7490),
      ["RightLowerArm"] = CFrame.new(-0.0000,0.0000,0.0000,0.8930,0.0586,0.4462,-0.0677,0.9977,0.0044,-0.4450,-0.0341,0.8949),
      ["RightHand"] = CFrame.new(-0.0054,-0.0200,-0.0016,0.9932,-0.1155,0.0139,0.1158,0.9928,-0.0300,-0.0103,0.0314,0.9995),
      ["LeftUpperArm"] = CFrame.new(0.0000,0.0000,0.0000,0.8587,-0.1412,-0.4927,-0.1537,0.8461,-0.5104,0.4889,0.5140,0.7048),
      ["LeftLowerArm"] = CFrame.new(0.0000,0.0000,0.0000,0.9524,-0.0975,-0.2888,0.0837,0.9947,-0.0597,0.2931,0.0327,0.9555),
      ["LeftHand"] = CFrame.new(0.0000,0.0000,0.0000,0.9924,-0.0154,0.1223,-0.0091,0.9804,0.1966,-0.1229,-0.1962,0.9728),
      ["RightUpperLeg"] = CFrame.new(0.0000,0.0000,0.0000,1.0000,0.0000,0.0000,0.0000,1.0000,0.0000,0.0000,0.0000,1.0000),
      ["RightLowerLeg"] = CFrame.new(0.0000,0.0000,0.0000,1.0000,0.0000,0.0000,0.0000,1.0000,0.0000,0.0000,0.0000,1.0000),
      ["RightFoot"] = CFrame.new(0.0000,0.0000,0.0000,1.0000,-0.0000,0.0000,0.0000,0.9997,0.0224,-0.0000,-0.0224,0.9997),
    }},
    {Time = 2.700, Data = {
      ["HumanoidRootPart"] = CFrame.new(0.0000,0.0000,0.0000,1.0000,0.0000,0.0000,0.0000,1.0000,0.0000,0.0000,0.0000,1.0000),
      ["LowerTorso"] = CFrame.new(0.0000,0.0000,-0.0442,1.0000,-0.0000,0.0000,0.0000,1.0000,0.0084,-0.0000,-0.0084,1.0000),
      ["LeftUpperLeg"] = CFrame.new(0.0000,0.0000,0.0000,1.0000,0.0000,0.0000,0.0000,1.0000,0.0000,0.0000,0.0000,1.0000),
      ["LeftLowerLeg"] = CFrame.new(0.0000,0.0000,0.0000,1.0000,0.0000,0.0000,0.0000,1.0000,0.0000,0.0000,0.0000,1.0000),
      ["LeftFoot"] = CFrame.new(0.0000,0.0000,0.0000,1.0000,-0.0000,0.0000,0.0000,1.0000,0.0075,-0.0000,-0.0075,1.0000),
      ["UpperTorso"] = CFrame.new(0.0000,0.0000,0.0000,1.0000,-0.0000,0.0000,0.0000,0.9999,-0.0124,0.0000,0.0124,0.9999),
      ["Head"] = CFrame.new(0.0032,-0.0017,-0.0423,1.0000,-0.0000,0.0000,0.0000,0.9745,0.2243,-0.0000,-0.2243,0.9745),
      ["RightUpperArm"] = CFrame.new(0.0000,0.0000,0.0000,0.8875,0.1358,0.4405,0.1499,0.8186,-0.5544,-0.4358,0.5580,0.7062),
      ["RightLowerArm"] = CFrame.new(-0.0000,0.0000,0.0000,0.8615,0.0608,0.5041,-0.0608,0.9980,-0.0164,-0.5041,-0.0165,0.8635),
      ["RightHand"] = CFrame.new(-0.0054,-0.0200,-0.0016,0.9915,-0.1215,0.0471,0.1234,0.9915,-0.0405,-0.0418,0.0459,0.9981),
      ["LeftUpperArm"] = CFrame.new(0.0000,0.0000,0.0000,0.8361,-0.1517,-0.5271,-0.1883,0.8232,-0.5356,0.5152,0.5470,0.6598),
      ["LeftLowerArm"] = CFrame.new(0.0000,0.0000,0.0000,0.9409,-0.1089,-0.3206,0.0865,0.9928,-0.0832,0.3274,0.0505,0.9435),
      ["LeftHand"] = CFrame.new(0.0000,0.0000,0.0000,0.9923,-0.0209,0.1224,-0.0031,0.9813,0.1924,-0.1241,-0.1913,0.9737),
      ["RightUpperLeg"] = CFrame.new(0.0000,0.0000,0.0000,1.0000,0.0000,0.0000,0.0000,1.0000,0.0000,0.0000,0.0000,1.0000),
      ["RightLowerLeg"] = CFrame.new(0.0000,0.0000,0.0000,1.0000,0.0000,0.0000,0.0000,1.0000,0.0000,0.0000,0.0000,1.0000),
      ["RightFoot"] = CFrame.new(0.0000,0.0000,0.0000,1.0000,-0.0000,0.0000,0.0000,0.9998,0.0211,-0.0000,-0.0211,0.9998),
    }},
    {Time = 2.733, Data = {
      ["HumanoidRootPart"] = CFrame.new(0.0000,0.0000,0.0000,1.0000,0.0000,0.0000,0.0000,1.0000,0.0000,0.0000,0.0000,1.0000),
      ["LowerTorso"] = CFrame.new(0.0000,0.0000,-0.0415,1.0000,-0.0000,0.0000,0.0000,1.0000,0.0079,-0.0000,-0.0079,1.0000),
      ["LeftUpperLeg"] = CFrame.new(0.0000,0.0000,0.0000,1.0000,0.0000,0.0000,0.0000,1.0000,0.0000,0.0000,0.0000,1.0000),
      ["LeftLowerLeg"] = CFrame.new(0.0000,0.0000,0.0000,1.0000,0.0000,0.0000,0.0000,1.0000,0.0000,0.0000,0.0000,1.0000),
      ["LeftFoot"] = CFrame.new(0.0000,0.0000,0.0000,1.0000,-0.0000,0.0000,0.0000,1.0000,0.0071,-0.0000,-0.0071,1.0000),
      ["UpperTorso"] = CFrame.new(0.0000,0.0000,0.0000,1.0000,-0.0000,0.0000,0.0000,0.9999,-0.0124,0.0000,0.0124,0.9999),
      ["Head"] = CFrame.new(0.0032,-0.0017,-0.0423,1.0000,-0.0000,0.0000,0.0000,0.9745,0.2243,-0.0000,-0.2243,0.9745),
      ["RightUpperArm"] = CFrame.new(0.0000,0.0000,0.0000,0.8748,0.1357,0.4651,0.1661,0.8179,-0.5509,-0.4551,0.5591,0.6930),
      ["RightLowerArm"] = CFrame.new(-0.0000,0.0000,0.0000,0.8419,0.1651,0.5137,-0.1358,0.9862,-0.0943,-0.5222,0.0097,0.8528),
      ["RightHand"] = CFrame.new(-0.0054,-0.0200,-0.0016,0.9915,-0.1215,0.0471,0.1234,0.9915,-0.0405,-0.0418,0.0459,0.9981),
      ["LeftUpperArm"] = CFrame.new(0.0000,0.0000,0.0000,0.8170,-0.1747,-0.5495,-0.1827,0.8254,-0.5341,0.5469,0.5368,0.6425),
      ["LeftLowerArm"] = CFrame.new(0.0000,0.0000,0.0000,0.9151,-0.1352,-0.3799,0.0891,0.9866,-0.1367,0.3933,0.0912,0.9149),
      ["LeftHand"] = CFrame.new(0.0000,0.0000,0.0000,0.9923,-0.0209,0.1224,-0.0031,0.9813,0.1924,-0.1241,-0.1913,0.9737),
      ["RightUpperLeg"] = CFrame.new(0.0000,0.0000,0.0000,1.0000,0.0000,0.0000,0.0000,1.0000,0.0000,0.0000,0.0000,1.0000),
      ["RightLowerLeg"] = CFrame.new(0.0000,0.0000,0.0000,1.0000,0.0000,0.0000,0.0000,1.0000,0.0000,0.0000,0.0000,1.0000),
      ["RightFoot"] = CFrame.new(0.0000,0.0000,0.0000,1.0000,-0.0000,0.0000,0.0000,0.9998,0.0198,-0.0000,-0.0198,0.9998),
    }},
    {Time = 2.767, Data = {
      ["HumanoidRootPart"] = CFrame.new(0.0000,0.0000,0.0000,1.0000,0.0000,0.0000,0.0000,1.0000,0.0000,0.0000,0.0000,1.0000),
      ["LowerTorso"] = CFrame.new(0.0000,0.0000,-0.0388,1.0000,-0.0000,0.0000,0.0000,1.0000,0.0074,-0.0000,-0.0074,1.0000),
      ["LeftUpperLeg"] = CFrame.new(0.0000,0.0000,0.0000,1.0000,0.0000,0.0000,0.0000,1.0000,0.0000,0.0000,0.0000,1.0000),
      ["LeftLowerLeg"] = CFrame.new(0.0000,0.0000,0.0000,1.0000,0.0000,0.0000,0.0000,1.0000,0.0000,0.0000,0.0000,1.0000),
      ["LeftFoot"] = CFrame.new(0.0000,0.0000,0.0000,1.0000,-0.0000,0.0000,0.0000,1.0000,0.0066,-0.0000,-0.0066,1.0000),
      ["UpperTorso"] = CFrame.new(0.0000,0.0000,0.0000,1.0000,-0.0000,0.0000,0.0000,0.9999,-0.0124,0.0000,0.0124,0.9999),
      ["Head"] = CFrame.new(0.0032,-0.0017,-0.0423,1.0000,-0.0000,0.0000,0.0000,0.9745,0.2243,-0.0000,-0.2243,0.9745),
      ["RightUpperArm"] = CFrame.new(0.0000,0.0000,0.0000,0.8669,0.1356,0.4797,0.1757,0.8174,-0.5486,-0.4665,0.5598,0.6848),
      ["RightLowerArm"] = CFrame.new(-0.0000,0.0000,0.0000,0.8263,0.2271,0.5154,-0.1794,0.9736,-0.1413,-0.5339,0.0243,0.8452),
      ["RightHand"] = CFrame.new(-0.0054,-0.0200,-0.0016,0.9915,-0.1215,0.0471,0.1234,0.9915,-0.0405,-0.0418,0.0459,0.9981),
      ["LeftUpperArm"] = CFrame.new(0.0000,0.0000,0.0000,0.8050,-0.1883,-0.5626,-0.1794,0.8266,-0.5334,0.5655,0.5303,0.6317),
      ["LeftLowerArm"] = CFrame.new(0.0000,0.0000,0.0000,0.8975,-0.1523,-0.4139,0.0888,0.9817,-0.1686,0.4320,0.1146,0.8946),
      ["LeftHand"] = CFrame.new(0.0000,0.0000,0.0000,0.9923,-0.0209,0.1224,-0.0031,0.9813,0.1924,-0.1241,-0.1913,0.9737),
      ["RightUpperLeg"] = CFrame.new(0.0000,0.0000,0.0000,1.0000,0.0000,0.0000,0.0000,1.0000,0.0000,0.0000,0.0000,1.0000),
      ["RightLowerLeg"] = CFrame.new(0.0000,0.0000,0.0000,1.0000,0.0000,0.0000,0.0000,1.0000,0.0000,0.0000,0.0000,1.0000),
      ["RightFoot"] = CFrame.new(0.0000,0.0000,0.0000,1.0000,-0.0000,0.0000,0.0000,0.9998,0.0185,-0.0000,-0.0185,0.9998),
    }},
    {Time = 2.800, Data = {
      ["HumanoidRootPart"] = CFrame.new(0.0000,0.0000,0.0000,1.0000,0.0000,0.0000,0.0000,1.0000,0.0000,0.0000,0.0000,1.0000),
      ["LowerTorso"] = CFrame.new(0.0000,0.0000,-0.0362,1.0000,-0.0000,0.0000,0.0000,1.0000,0.0069,-0.0000,-0.0069,1.0000),
      ["LeftUpperLeg"] = CFrame.new(0.0000,0.0000,0.0000,1.0000,0.0000,0.0000,0.0000,1.0000,0.0000,0.0000,0.0000,1.0000),
      ["LeftLowerLeg"] = CFrame.new(0.0000,0.0000,0.0000,1.0000,0.0000,0.0000,0.0000,1.0000,0.0000,0.0000,0.0000,1.0000),
      ["LeftFoot"] = CFrame.new(0.0000,0.0000,0.0000,1.0000,-0.0000,0.0000,0.0000,1.0000,0.0062,-0.0000,-0.0062,1.0000),
      ["UpperTorso"] = CFrame.new(0.0000,0.0000,0.0000,1.0000,-0.0000,0.0000,0.0000,0.9999,-0.0124,0.0000,0.0124,0.9999),
      ["Head"] = CFrame.new(0.0032,-0.0017,-0.0423,1.0000,-0.0000,0.0000,0.0000,0.9745,0.2243,-0.0000,-0.2243,0.9745),
      ["RightUpperArm"] = CFrame.new(0.0000,0.0000,0.0000,0.8642,0.1356,0.4846,0.1789,0.8173,-0.5478,-0.4703,0.5601,0.6820),
      ["RightLowerArm"] = CFrame.new(-0.0000,0.0000,0.0000,0.8204,0.2476,0.5153,-0.1937,0.9684,-0.1569,-0.5379,0.0289,0.8425),
      ["RightHand"] = CFrame.new(-0.0054,-0.0200,-0.0016,0.9915,-0.1215,0.0471,0.1234,0.9915,-0.0405,-0.0418,0.0459,0.9981),
      ["LeftUpperArm"] = CFrame.new(0.0000,0.0000,0.0000,0.8009,-0.1928,-0.5669,-0.1782,0.8270,-0.5331,0.5717,0.5280,0.6280),
      ["LeftLowerArm"] = CFrame.new(0.0000,0.0000,0.0000,0.8913,-0.1581,-0.4249,0.0884,0.9798,-0.1792,0.4447,0.1222,0.8873),
      ["LeftHand"] = CFrame.new(0.0000,0.0000,0.0000,0.9923,-0.0209,0.1224,-0.0031,0.9813,0.1924,-0.1241,-0.1913,0.9737),
      ["RightUpperLeg"] = CFrame.new(0.0000,0.0000,0.0000,1.0000,0.0000,0.0000,0.0000,1.0000,0.0000,0.0000,0.0000,1.0000),
      ["RightLowerLeg"] = CFrame.new(0.0000,0.0000,0.0000,1.0000,0.0000,0.0000,0.0000,1.0000,0.0000,0.0000,0.0000,1.0000),
      ["RightFoot"] = CFrame.new(0.0000,0.0000,0.0000,1.0000,-0.0000,0.0000,0.0000,0.9999,0.0173,-0.0000,-0.0173,0.9999),
    }},
    {Time = 2.833, Data = {
      ["HumanoidRootPart"] = CFrame.new(0.0000,0.0000,0.0000,1.0000,0.0000,0.0000,0.0000,1.0000,0.0000,0.0000,0.0000,1.0000),
      ["LowerTorso"] = CFrame.new(0.0000,0.0000,-0.0335,1.0000,-0.0000,0.0000,0.0000,1.0000,0.0064,-0.0000,-0.0064,1.0000),
      ["LeftUpperLeg"] = CFrame.new(0.0000,0.0000,0.0000,1.0000,0.0000,0.0000,0.0000,1.0000,0.0000,0.0000,0.0000,1.0000),
      ["LeftLowerLeg"] = CFrame.new(0.0000,0.0000,0.0000,1.0000,0.0000,0.0000,0.0000,1.0000,0.0000,0.0000,0.0000,1.0000),
      ["LeftFoot"] = CFrame.new(0.0000,0.0000,0.0000,1.0000,-0.0000,0.0000,0.0000,1.0000,0.0057,-0.0000,-0.0057,1.0000),
      ["UpperTorso"] = CFrame.new(0.0000,0.0000,0.0000,1.0000,-0.0000,0.0000,0.0000,0.9999,-0.0124,0.0000,0.0124,0.9999),
      ["Head"] = CFrame.new(0.0032,-0.0017,-0.0423,1.0000,-0.0000,0.0000,0.0000,0.9748,0.2232,-0.0000,-0.2232,0.9748),
      ["RightUpperArm"] = CFrame.new(0.0000,0.0000,0.0000,0.8824,0.1284,0.4526,0.1415,0.8450,-0.5156,-0.4487,0.5190,0.7275),
      ["RightLowerArm"] = CFrame.new(-0.0000,0.0000,0.0000,0.8527,0.2445,0.4616,-0.1726,0.9659,-0.1929,-0.4930,0.0848,0.8659),
      ["RightHand"] = CFrame.new(-0.0050,-0.0186,-0.0015,0.9926,-0.1129,0.0437,0.1147,0.9925,-0.0412,-0.0388,0.0459,0.9982),
      ["LeftUpperArm"] = CFrame.new(0.0000,0.0000,0.0000,0.8271,-0.1844,-0.5309,-0.1359,0.8510,-0.5073,0.5454,0.4917,0.6788),
      ["LeftLowerArm"] = CFrame.new(0.0000,0.0000,0.0000,0.9208,-0.1585,-0.3564,0.0822,0.9721,-0.2199,0.3812,0.1732,0.9081),
      ["LeftHand"] = CFrame.new(0.0000,0.0000,0.0000,0.9933,-0.0194,0.1137,-0.0009,0.9844,0.1757,-0.1153,-0.1746,0.9779),
      ["RightUpperLeg"] = CFrame.new(0.0000,0.0000,0.0000,1.0000,0.0000,0.0000,0.0000,1.0000,0.0000,0.0000,0.0000,1.0000),
      ["RightLowerLeg"] = CFrame.new(0.0000,0.0000,0.0000,1.0000,0.0000,0.0000,0.0000,1.0000,0.0000,0.0000,0.0000,1.0000),
      ["RightFoot"] = CFrame.new(0.0000,0.0000,0.0000,1.0000,-0.0000,0.0000,0.0000,0.9999,0.0160,-0.0000,-0.0160,0.9999),
    }},
    {Time = 2.867, Data = {
      ["HumanoidRootPart"] = CFrame.new(0.0000,0.0000,0.0000,1.0000,0.0000,0.0000,0.0000,1.0000,0.0000,0.0000,0.0000,1.0000),
      ["LowerTorso"] = CFrame.new(0.0000,0.0000,-0.0308,1.0000,-0.0000,0.0000,0.0000,1.0000,0.0059,-0.0000,-0.0059,1.0000),
      ["LeftUpperLeg"] = CFrame.new(0.0000,0.0000,0.0000,1.0000,0.0000,0.0000,0.0000,1.0000,0.0000,0.0000,0.0000,1.0000),
      ["LeftLowerLeg"] = CFrame.new(0.0000,0.0000,0.0000,1.0000,0.0000,0.0000,0.0000,1.0000,0.0000,0.0000,0.0000,1.0000),
      ["LeftFoot"] = CFrame.new(0.0000,0.0000,0.0000,1.0000,-0.0000,0.0000,0.0000,1.0000,0.0052,-0.0000,-0.0052,1.0000),
      ["UpperTorso"] = CFrame.new(0.0000,0.0000,0.0000,1.0000,-0.0000,0.0000,0.0000,0.9999,-0.0124,0.0000,0.0124,0.9999),
      ["Head"] = CFrame.new(0.0032,-0.0017,-0.0423,1.0000,-0.0000,0.0000,0.0000,0.9750,0.2222,-0.0000,-0.2222,0.9750),
      ["RightUpperArm"] = CFrame.new(0.0000,0.0000,0.0000,0.8994,0.1207,0.4201,0.1070,0.8711,-0.4794,-0.4238,0.4761,0.7705),
      ["RightLowerArm"] = CFrame.new(-0.0000,0.0000,0.0000,0.8818,0.2397,0.4061,-0.1554,0.9608,-0.2298,-0.4452,0.1395,0.8845),
      ["RightHand"] = CFrame.new(-0.0046,-0.0172,-0.0014,0.9937,-0.1043,0.0404,0.1059,0.9935,-0.0419,-0.0357,0.0459,0.9983),
      ["LeftUpperArm"] = CFrame.new(0.0000,0.0000,0.0000,0.8517,-0.1749,-0.4940,-0.0967,0.8740,-0.4762,0.5150,0.4534,0.7275),
      ["LeftLowerArm"] = CFrame.new(0.0000,0.0000,0.0000,0.9452,-0.1577,-0.2858,0.0816,0.9619,-0.2610,0.3160,0.2234,0.9221),
      ["LeftHand"] = CFrame.new(0.0000,0.0000,0.0000,0.9943,-0.0180,0.1050,0.0011,0.9873,0.1589,-0.1065,-0.1579,0.9817),
      ["RightUpperLeg"] = CFrame.new(0.0000,0.0000,0.0000,1.0000,0.0000,0.0000,0.0000,1.0000,0.0000,0.0000,0.0000,1.0000),
      ["RightLowerLeg"] = CFrame.new(0.0000,0.0000,0.0000,1.0000,0.0000,0.0000,0.0000,1.0000,0.0000,0.0000,0.0000,1.0000),
      ["RightFoot"] = CFrame.new(0.0000,0.0000,0.0000,1.0000,-0.0000,0.0000,0.0000,0.9999,0.0147,-0.0000,-0.0147,0.9999),
    }},
    {Time = 2.900, Data = {
      ["HumanoidRootPart"] = CFrame.new(0.0000,0.0000,0.0000,1.0000,0.0000,0.0000,0.0000,1.0000,0.0000,0.0000,0.0000,1.0000),
      ["LowerTorso"] = CFrame.new(0.0000,0.0000,-0.0281,1.0000,-0.0000,0.0000,0.0000,1.0000,0.0054,-0.0000,-0.0054,1.0000),
      ["LeftUpperLeg"] = CFrame.new(0.0000,0.0000,0.0000,1.0000,0.0000,0.0000,0.0000,1.0000,0.0000,0.0000,0.0000,1.0000),
      ["LeftLowerLeg"] = CFrame.new(0.0000,0.0000,0.0000,1.0000,0.0000,0.0000,0.0000,1.0000,0.0000,0.0000,0.0000,1.0000),
      ["LeftFoot"] = CFrame.new(0.0000,0.0000,0.0000,1.0000,-0.0000,0.0000,0.0000,1.0000,0.0048,-0.0000,-0.0048,1.0000),
      ["UpperTorso"] = CFrame.new(0.0000,0.0000,0.0000,1.0000,-0.0000,0.0000,0.0000,0.9999,-0.0124,0.0000,0.0124,0.9999),
      ["Head"] = CFrame.new(0.0032,-0.0017,-0.0423,1.0000,-0.0000,0.0000,0.0000,0.9753,0.2211,-0.0000,-0.2211,0.9753),
      ["RightUpperArm"] = CFrame.new(0.0000,0.0000,0.0000,0.9152,0.1125,0.3871,0.0757,0.8952,-0.4392,-0.3959,0.4313,0.8107),
      ["RightLowerArm"] = CFrame.new(-0.0000,0.0000,0.0000,0.9076,0.2333,0.3490,-0.1422,0.9531,-0.2672,-0.3950,0.1929,0.8982),
      ["RightHand"] = CFrame.new(-0.0042,-0.0157,-0.0013,0.9947,-0.0956,0.0370,0.0972,0.9944,-0.0426,-0.0327,0.0460,0.9984),
      ["LeftUpperArm"] = CFrame.new(0.0000,0.0000,0.0000,0.8746,-0.1643,-0.4561,-0.0614,0.8958,-0.4403,0.4809,0.4131,0.7734),
      ["LeftLowerArm"] = CFrame.new(0.0000,0.0000,0.0000,0.9644,-0.1559,-0.2136,0.0866,0.9494,-0.3018,0.2499,0.2726,0.9291),
      ["LeftHand"] = CFrame.new(0.0000,0.0000,0.0000,0.9952,-0.0165,0.0962,0.0027,0.9899,0.1420,-0.0976,-0.1410,0.9852),
      ["RightUpperLeg"] = CFrame.new(0.0000,0.0000,0.0000,1.0000,0.0000,0.0000,0.0000,1.0000,0.0000,0.0000,0.0000,1.0000),
      ["RightLowerLeg"] = CFrame.new(0.0000,0.0000,0.0000,1.0000,0.0000,0.0000,0.0000,1.0000,0.0000,0.0000,0.0000,1.0000),
      ["RightFoot"] = CFrame.new(0.0000,0.0000,0.0000,1.0000,-0.0000,0.0000,0.0000,0.9999,0.0134,-0.0000,-0.0134,0.9999),
    }},
    {Time = 2.933, Data = {
      ["HumanoidRootPart"] = CFrame.new(0.0000,0.0000,0.0000,1.0000,0.0000,0.0000,0.0000,1.0000,0.0000,0.0000,0.0000,1.0000),
      ["LowerTorso"] = CFrame.new(0.0000,0.0000,-0.0254,1.0000,-0.0000,0.0000,0.0000,1.0000,0.0049,-0.0000,-0.0049,1.0000),
      ["LeftUpperLeg"] = CFrame.new(0.0000,0.0000,0.0000,1.0000,0.0000,0.0000,0.0000,1.0000,0.0000,0.0000,0.0000,1.0000),
      ["LeftLowerLeg"] = CFrame.new(0.0000,0.0000,0.0000,1.0000,0.0000,0.0000,0.0000,1.0000,0.0000,0.0000,0.0000,1.0000),
      ["LeftFoot"] = CFrame.new(0.0000,0.0000,0.0000,1.0000,-0.0000,0.0000,0.0000,1.0000,0.0043,-0.0000,-0.0043,1.0000),
      ["UpperTorso"] = CFrame.new(0.0000,0.0000,0.0000,1.0000,-0.0000,0.0000,0.0000,0.9999,-0.0124,0.0000,0.0124,0.9999),
      ["Head"] = CFrame.new(0.0032,-0.0017,-0.0423,1.0000,-0.0000,0.0000,0.0000,0.9755,0.2200,-0.0000,-0.2200,0.9755),
      ["RightUpperArm"] = CFrame.new(0.0000,0.0000,0.0000,0.9297,0.1038,0.3535,0.0480,0.9173,-0.3954,-0.3653,0.3845,0.8478),
      ["RightLowerArm"] = CFrame.new(-0.0000,0.0000,0.0000,0.9299,0.2254,0.2906,-0.1333,0.9431,-0.3048,-0.3428,0.2447,0.9070),
      ["RightHand"] = CFrame.new(-0.0039,-0.0143,-0.0012,0.9956,-0.0870,0.0336,0.0884,0.9951,-0.0434,-0.0297,0.0461,0.9985),
      ["LeftUpperArm"] = CFrame.new(0.0000,0.0000,0.0000,0.8958,-0.1526,-0.4174,-0.0301,0.9162,-0.3997,0.4434,0.3706,0.8161),
      ["LeftLowerArm"] = CFrame.new(0.0000,0.0000,0.0000,0.9782,-0.1530,-0.1403,0.0972,0.9348,-0.3417,0.1834,0.3206,0.9293),
      ["LeftHand"] = CFrame.new(0.0000,0.0000,0.0000,0.9961,-0.0150,0.0875,0.0039,0.9922,0.1250,-0.0887,-0.1241,0.9883),
      ["RightUpperLeg"] = CFrame.new(0.0000,0.0000,0.0000,1.0000,0.0000,0.0000,0.0000,1.0000,0.0000,0.0000,0.0000,1.0000),
      ["RightLowerLeg"] = CFrame.new(0.0000,0.0000,0.0000,1.0000,0.0000,0.0000,0.0000,1.0000,0.0000,0.0000,0.0000,1.0000),
      ["RightFoot"] = CFrame.new(0.0000,0.0000,0.0000,1.0000,-0.0000,0.0000,0.0000,0.9999,0.0122,-0.0000,-0.0122,0.9999),
    }},
    {Time = 2.967, Data = {
      ["HumanoidRootPart"] = CFrame.new(0.0000,0.0000,0.0000,1.0000,0.0000,0.0000,0.0000,1.0000,0.0000,0.0000,0.0000,1.0000),
      ["LowerTorso"] = CFrame.new(0.0000,0.0000,-0.0228,1.0000,-0.0000,0.0000,0.0000,1.0000,0.0043,-0.0000,-0.0043,1.0000),
      ["LeftUpperLeg"] = CFrame.new(0.0000,0.0000,0.0000,1.0000,0.0000,0.0000,0.0000,1.0000,0.0000,0.0000,0.0000,1.0000),
      ["LeftLowerLeg"] = CFrame.new(0.0000,0.0000,0.0000,1.0000,0.0000,0.0000,0.0000,1.0000,0.0000,0.0000,0.0000,1.0000),
      ["LeftFoot"] = CFrame.new(0.0000,0.0000,0.0000,1.0000,-0.0000,0.0000,0.0000,1.0000,0.0039,-0.0000,-0.0039,1.0000),
      ["UpperTorso"] = CFrame.new(0.0000,0.0000,0.0000,1.0000,-0.0000,0.0000,0.0000,0.9999,-0.0124,0.0000,0.0124,0.9999),
      ["Head"] = CFrame.new(0.0032,-0.0017,-0.0423,1.0000,-0.0000,0.0000,0.0000,0.9757,0.2189,-0.0000,-0.2189,0.9757),
      ["RightUpperArm"] = CFrame.new(0.0000,0.0000,0.0000,0.9428,0.0946,0.3195,0.0239,0.9371,-0.3483,-0.3324,0.3360,0.8813),
      ["RightLowerArm"] = CFrame.new(-0.0000,0.0000,0.0000,0.9486,0.2160,0.2312,-0.1287,0.9309,-0.3420,-0.2891,0.2947,0.9108),
      ["RightHand"] = CFrame.new(-0.0035,-0.0129,-0.0011,0.9965,-0.0783,0.0303,0.0796,0.9959,-0.0441,-0.0267,0.0463,0.9986),
      ["LeftUpperArm"] = CFrame.new(0.0000,0.0000,0.0000,0.9152,-0.1401,-0.3779,-0.0034,0.9349,-0.3548,0.4030,0.3260,0.8552),
      ["LeftLowerArm"] = CFrame.new(0.0000,0.0000,0.0000,0.9866,-0.1491,-0.0661,0.1133,0.9181,-0.3799,0.1174,0.3673,0.9227),
      ["LeftHand"] = CFrame.new(0.0000,0.0000,0.0000,0.9968,-0.0135,0.0788,0.0049,0.9941,0.1079,-0.0798,-0.1072,0.9910),
      ["RightUpperLeg"] = CFrame.new(0.0000,0.0000,0.0000,1.0000,0.0000,0.0000,0.0000,1.0000,0.0000,0.0000,0.0000,1.0000),
      ["RightLowerLeg"] = CFrame.new(0.0000,0.0000,0.0000,1.0000,0.0000,0.0000,0.0000,1.0000,0.0000,0.0000,0.0000,1.0000),
      ["RightFoot"] = CFrame.new(0.0000,0.0000,0.0000,1.0000,-0.0000,0.0000,0.0000,0.9999,0.0109,-0.0000,-0.0109,0.9999),
    }},
    {Time = 3.000, Data = {
      ["HumanoidRootPart"] = CFrame.new(0.0000,0.0000,0.0000,1.0000,0.0000,0.0000,0.0000,1.0000,0.0000,0.0000,0.0000,1.0000),
      ["LowerTorso"] = CFrame.new(0.0000,0.0000,-0.0201,1.0000,-0.0000,0.0000,0.0000,1.0000,0.0038,-0.0000,-0.0038,1.0000),
      ["LeftUpperLeg"] = CFrame.new(0.0000,0.0000,0.0000,1.0000,0.0000,0.0000,0.0000,1.0000,0.0000,0.0000,0.0000,1.0000),
      ["LeftLowerLeg"] = CFrame.new(0.0000,0.0000,0.0000,1.0000,0.0000,0.0000,0.0000,1.0000,0.0000,0.0000,0.0000,1.0000),
      ["LeftFoot"] = CFrame.new(0.0000,0.0000,0.0000,1.0000,-0.0000,0.0000,0.0000,1.0000,0.0034,-0.0000,-0.0034,1.0000),
      ["UpperTorso"] = CFrame.new(0.0000,0.0000,0.0000,1.0000,-0.0000,0.0000,0.0000,0.9999,-0.0124,0.0000,0.0124,0.9999),
      ["Head"] = CFrame.new(0.0032,-0.0017,-0.0423,1.0000,-0.0000,0.0000,0.0000,0.9760,0.2178,-0.0000,-0.2178,0.9760),
      ["RightUpperArm"] = CFrame.new(0.0000,0.0000,0.0000,0.9547,0.0851,0.2851,0.0039,0.9545,-0.2981,-0.2975,0.2858,0.9110),
      ["RightLowerArm"] = CFrame.new(-0.0000,0.0000,0.0000,0.9615,0.1992,0.1894,-0.1252,0.9309,-0.3433,-0.2447,0.3063,0.9199),
      ["RightHand"] = CFrame.new(-0.0031,-0.0114,-0.0009,0.9972,-0.0696,0.0269,0.0708,0.9965,-0.0448,-0.0237,0.0466,0.9986),
      ["LeftUpperArm"] = CFrame.new(0.0000,0.0000,0.0000,0.9327,-0.1267,-0.3377,0.0185,0.9518,-0.3061,0.3602,0.2792,0.8901),
      ["LeftLowerArm"] = CFrame.new(0.0000,0.0000,0.0000,0.9900,-0.1383,-0.0272,0.1178,0.9179,-0.3788,0.0774,0.3718,0.9251),
      ["LeftHand"] = CFrame.new(0.0000,0.0000,0.0000,0.9975,-0.0120,0.0700,0.0056,0.9959,0.0908,-0.0708,-0.0901,0.9934),
      ["RightUpperLeg"] = CFrame.new(0.0000,0.0000,0.0000,1.0000,0.0000,0.0000,0.0000,1.0000,0.0000,0.0000,0.0000,1.0000),
      ["RightLowerLeg"] = CFrame.new(0.0000,0.0000,0.0000,1.0000,0.0000,0.0000,0.0000,1.0000,0.0000,0.0000,0.0000,1.0000),
      ["RightFoot"] = CFrame.new(0.0000,0.0000,0.0000,1.0000,-0.0000,0.0000,0.0000,1.0000,0.0096,-0.0000,-0.0096,1.0000),
    }},
    {Time = 3.033, Data = {
      ["HumanoidRootPart"] = CFrame.new(0.0000,0.0000,0.0000,1.0000,0.0000,0.0000,0.0000,1.0000,0.0000,0.0000,0.0000,1.0000),
      ["LowerTorso"] = CFrame.new(0.0000,0.0000,-0.0174,1.0000,-0.0000,0.0000,0.0000,1.0000,0.0033,-0.0000,-0.0033,1.0000),
      ["LeftUpperLeg"] = CFrame.new(0.0000,0.0000,0.0000,1.0000,0.0000,0.0000,0.0000,1.0000,0.0000,0.0000,0.0000,1.0000),
      ["LeftLowerLeg"] = CFrame.new(0.0000,0.0000,0.0000,1.0000,0.0000,0.0000,0.0000,1.0000,0.0000,0.0000,0.0000,1.0000),
      ["LeftFoot"] = CFrame.new(0.0000,0.0000,0.0000,1.0000,-0.0000,0.0000,0.0000,1.0000,0.0030,-0.0000,-0.0030,1.0000),
      ["UpperTorso"] = CFrame.new(0.0000,0.0000,0.0000,1.0000,-0.0000,0.0000,0.0000,0.9999,-0.0124,0.0000,0.0124,0.9999),
      ["Head"] = CFrame.new(0.0032,-0.0017,-0.0423,1.0000,-0.0000,0.0000,0.0000,0.9762,0.2167,-0.0000,-0.2167,0.9762),
      ["RightUpperArm"] = CFrame.new(0.0000,0.0000,0.0000,0.9653,0.0753,0.2502,-0.0120,0.9694,-0.2454,-0.2610,0.2339,0.9366),
      ["RightLowerArm"] = CFrame.new(-0.0000,0.0000,0.0000,0.9704,0.1753,0.1660,-0.1178,0.9439,-0.3084,-0.2107,0.2798,0.9367),
      ["RightHand"] = CFrame.new(-0.0027,-0.0100,-0.0008,0.9979,-0.0609,0.0236,0.0619,0.9970,-0.0455,-0.0207,0.0469,0.9987),
      ["LeftUpperArm"] = CFrame.new(0.0000,0.0000,0.0000,0.9483,-0.1126,-0.2968,0.0353,0.9666,-0.2538,0.3155,0.2302,0.9206),
      ["LeftLowerArm"] = CFrame.new(0.0000,0.0000,0.0000,0.9924,-0.1211,-0.0238,0.1059,0.9346,-0.3396,0.0634,0.3345,0.9403),
      ["LeftHand"] = CFrame.new(0.0000,0.0000,0.0000,0.9981,-0.0105,0.0613,0.0060,0.9973,0.0736,-0.0619,-0.0731,0.9954),
      ["RightUpperLeg"] = CFrame.new(0.0000,0.0000,0.0000,1.0000,0.0000,0.0000,0.0000,1.0000,0.0000,0.0000,0.0000,1.0000),
      ["RightLowerLeg"] = CFrame.new(0.0000,0.0000,0.0000,1.0000,0.0000,0.0000,0.0000,1.0000,0.0000,0.0000,0.0000,1.0000),
      ["RightFoot"] = CFrame.new(0.0000,0.0000,0.0000,1.0000,-0.0000,0.0000,0.0000,1.0000,0.0083,-0.0000,-0.0083,1.0000),
    }},
    {Time = 3.067, Data = {
      ["HumanoidRootPart"] = CFrame.new(0.0000,0.0000,0.0000,1.0000,0.0000,0.0000,0.0000,1.0000,0.0000,0.0000,0.0000,1.0000),
      ["LowerTorso"] = CFrame.new(0.0000,0.0000,-0.0147,1.0000,-0.0000,0.0000,0.0000,1.0000,0.0028,-0.0000,-0.0028,1.0000),
      ["LeftUpperLeg"] = CFrame.new(0.0000,0.0000,0.0000,1.0000,0.0000,0.0000,0.0000,1.0000,0.0000,0.0000,0.0000,1.0000),
      ["LeftLowerLeg"] = CFrame.new(0.0000,0.0000,0.0000,1.0000,0.0000,0.0000,0.0000,1.0000,0.0000,0.0000,0.0000,1.0000),
      ["LeftFoot"] = CFrame.new(0.0000,0.0000,0.0000,1.0000,-0.0000,0.0000,0.0000,1.0000,0.0025,-0.0000,-0.0025,1.0000),
      ["UpperTorso"] = CFrame.new(0.0000,0.0000,0.0000,1.0000,-0.0000,0.0000,0.0000,0.9999,-0.0124,0.0000,0.0124,0.9999),
      ["Head"] = CFrame.new(0.0032,-0.0017,-0.0423,1.0000,-0.0000,0.0000,0.0000,0.9765,0.2157,-0.0000,-0.2157,0.9765),
      ["RightUpperArm"] = CFrame.new(0.0000,0.0000,0.0000,0.9744,0.0651,0.2151,-0.0235,0.9814,-0.1904,-0.2235,0.1804,0.9579),
      ["RightLowerArm"] = CFrame.new(-0.0000,0.0000,0.0000,0.9782,0.1510,0.1424,-0.1079,0.9560,-0.2727,-0.1773,0.2513,0.9515),
      ["RightHand"] = CFrame.new(-0.0023,-0.0086,-0.0007,0.9984,-0.0522,0.0202,0.0531,0.9975,-0.0462,-0.0177,0.0472,0.9987),
      ["LeftUpperArm"] = CFrame.new(0.0000,0.0000,0.0000,0.9619,-0.0977,-0.2555,0.0467,0.9790,-0.1986,0.2695,0.1791,0.9462),
      ["LeftLowerArm"] = CFrame.new(0.0000,0.0000,0.0000,0.9944,-0.1039,-0.0204,0.0931,0.9495,-0.2997,0.0505,0.2961,0.9538),
      ["LeftHand"] = CFrame.new(0.0000,0.0000,0.0000,0.9986,-0.0090,0.0526,0.0060,0.9984,0.0563,-0.0530,-0.0559,0.9970),
      ["RightUpperLeg"] = CFrame.new(0.0000,0.0000,0.0000,1.0000,0.0000,0.0000,0.0000,1.0000,0.0000,0.0000,0.0000,1.0000),
      ["RightLowerLeg"] = CFrame.new(0.0000,0.0000,0.0000,1.0000,0.0000,0.0000,0.0000,1.0000,0.0000,0.0000,0.0000,1.0000),
      ["RightFoot"] = CFrame.new(0.0000,0.0000,0.0000,1.0000,-0.0000,0.0000,0.0000,1.0000,0.0070,-0.0000,-0.0070,1.0000),
    }},
    {Time = 3.100, Data = {
      ["HumanoidRootPart"] = CFrame.new(0.0000,0.0000,0.0000,1.0000,0.0000,0.0000,0.0000,1.0000,0.0000,0.0000,0.0000,1.0000),
      ["LowerTorso"] = CFrame.new(0.0000,0.0000,-0.0121,1.0000,-0.0000,0.0000,0.0000,1.0000,0.0023,-0.0000,-0.0023,1.0000),
      ["LeftUpperLeg"] = CFrame.new(0.0000,0.0000,0.0000,1.0000,0.0000,0.0000,0.0000,1.0000,0.0000,0.0000,0.0000,1.0000),
      ["LeftLowerLeg"] = CFrame.new(0.0000,0.0000,0.0000,1.0000,0.0000,0.0000,0.0000,1.0000,0.0000,0.0000,0.0000,1.0000),
      ["LeftFoot"] = CFrame.new(0.0000,0.0000,0.0000,1.0000,-0.0000,0.0000,0.0000,1.0000,0.0021,-0.0000,-0.0021,1.0000),
      ["UpperTorso"] = CFrame.new(0.0000,0.0000,0.0000,1.0000,-0.0000,0.0000,0.0000,0.9999,-0.0124,0.0000,0.0124,0.9999),
      ["Head"] = CFrame.new(0.0032,-0.0017,-0.0423,1.0000,-0.0000,0.0000,0.0000,0.9767,0.2146,-0.0000,-0.2146,0.9767),
      ["RightUpperArm"] = CFrame.new(0.0000,0.0000,0.0000,0.9822,0.0546,0.1797,-0.0307,0.9906,-0.1335,-0.1853,0.1256,0.9746),
      ["RightLowerArm"] = CFrame.new(-0.0000,0.0000,0.0000,0.9848,0.1264,0.1188,-0.0956,0.9670,-0.2360,-0.1447,0.2211,0.9645),
      ["RightHand"] = CFrame.new(-0.0019,-0.0072,-0.0006,0.9989,-0.0435,0.0168,0.0443,0.9979,-0.0470,-0.0147,0.0477,0.9988),
      ["LeftUpperArm"] = CFrame.new(0.0000,0.0000,0.0000,0.9734,-0.0823,-0.2136,0.0527,0.9886,-0.1410,0.2228,0.1260,0.9667),
      ["LeftLowerArm"] = CFrame.new(0.0000,0.0000,0.0000,0.9961,-0.0866,-0.0170,0.0793,0.9625,-0.2593,0.0388,0.2569,0.9656),
      ["LeftHand"] = CFrame.new(0.0000,0.0000,0.0000,0.9990,-0.0075,0.0438,0.0058,0.9992,0.0391,-0.0441,-0.0388,0.9983),
      ["RightUpperLeg"] = CFrame.new(0.0000,0.0000,0.0000,1.0000,0.0000,0.0000,0.0000,1.0000,0.0000,0.0000,0.0000,1.0000),
      ["RightLowerLeg"] = CFrame.new(0.0000,0.0000,0.0000,1.0000,0.0000,0.0000,0.0000,1.0000,0.0000,0.0000,0.0000,1.0000),
      ["RightFoot"] = CFrame.new(0.0000,0.0000,0.0000,1.0000,-0.0000,0.0000,0.0000,1.0000,0.0058,-0.0000,-0.0058,1.0000),
    }},
    {Time = 3.133, Data = {
      ["HumanoidRootPart"] = CFrame.new(0.0000,0.0000,0.0000,1.0000,0.0000,0.0000,0.0000,1.0000,0.0000,0.0000,0.0000,1.0000),
      ["LowerTorso"] = CFrame.new(0.0000,0.0000,-0.0094,1.0000,-0.0000,0.0000,0.0000,1.0000,0.0018,-0.0000,-0.0018,1.0000),
      ["LeftUpperLeg"] = CFrame.new(0.0000,0.0000,0.0000,1.0000,0.0000,0.0000,0.0000,1.0000,0.0000,0.0000,0.0000,1.0000),
      ["LeftLowerLeg"] = CFrame.new(0.0000,0.0000,0.0000,1.0000,0.0000,0.0000,0.0000,1.0000,0.0000,0.0000,0.0000,1.0000),
      ["LeftFoot"] = CFrame.new(0.0000,0.0000,0.0000,1.0000,-0.0000,0.0000,0.0000,1.0000,0.0016,-0.0000,-0.0016,1.0000),
      ["UpperTorso"] = CFrame.new(0.0000,0.0000,0.0000,1.0000,-0.0000,0.0000,0.0000,0.9999,-0.0124,0.0000,0.0124,0.9999),
      ["Head"] = CFrame.new(0.0032,-0.0017,-0.0423,1.0000,-0.0000,0.0000,0.0000,0.9769,0.2135,-0.0000,-0.2135,0.9769),
      ["RightUpperArm"] = CFrame.new(0.0000,0.0000,0.0000,0.9886,0.0440,0.1440,-0.0334,0.9966,-0.0752,-0.1468,0.0695,0.9867),
      ["RightLowerArm"] = CFrame.new(-0.0000,0.0000,0.0000,0.9903,0.1015,0.0951,-0.0810,0.9767,-0.1987,-0.1131,0.1891,0.9754),
      ["RightHand"] = CFrame.new(-0.0015,-0.0057,-0.0005,0.9993,-0.0348,0.0135,0.0354,0.9982,-0.0477,-0.0118,0.0481,0.9988),
      ["LeftUpperArm"] = CFrame.new(0.0000,0.0000,0.0000,0.9830,-0.0665,-0.1714,0.0531,0.9953,-0.0814,0.1760,0.0709,0.9818),
      ["LeftLowerArm"] = CFrame.new(0.0000,0.0000,0.0000,0.9975,-0.0693,-0.0136,0.0647,0.9737,-0.2184,0.0284,0.2170,0.9758),
      ["LeftHand"] = CFrame.new(0.0000,0.0000,0.0000,0.9994,-0.0060,0.0350,0.0053,0.9997,0.0218,-0.0352,-0.0216,0.9991),
      ["RightUpperLeg"] = CFrame.new(0.0000,0.0000,0.0000,1.0000,0.0000,0.0000,0.0000,1.0000,0.0000,0.0000,0.0000,1.0000),
      ["RightLowerLeg"] = CFrame.new(0.0000,0.0000,0.0000,1.0000,0.0000,0.0000,0.0000,1.0000,0.0000,0.0000,0.0000,1.0000),
      ["RightFoot"] = CFrame.new(0.0000,0.0000,0.0000,1.0000,-0.0000,0.0000,0.0000,1.0000,0.0045,-0.0000,-0.0045,1.0000),
    }},
    {Time = 3.167, Data = {
      ["HumanoidRootPart"] = CFrame.new(0.0000,0.0000,0.0000,1.0000,0.0000,0.0000,0.0000,1.0000,0.0000,0.0000,0.0000,1.0000),
      ["LowerTorso"] = CFrame.new(0.0000,0.0000,-0.0067,1.0000,-0.0000,0.0000,0.0000,1.0000,0.0013,-0.0000,-0.0013,1.0000),
      ["LeftUpperLeg"] = CFrame.new(0.0000,0.0000,0.0000,1.0000,0.0000,0.0000,0.0000,1.0000,0.0000,0.0000,0.0000,1.0000),
      ["LeftLowerLeg"] = CFrame.new(0.0000,0.0000,0.0000,1.0000,0.0000,0.0000,0.0000,1.0000,0.0000,0.0000,0.0000,1.0000),
      ["LeftFoot"] = CFrame.new(0.0000,0.0000,0.0000,1.0000,-0.0000,0.0000,0.0000,1.0000,0.0011,-0.0000,-0.0011,1.0000),
      ["UpperTorso"] = CFrame.new(0.0000,0.0000,0.0000,1.0000,-0.0000,0.0000,0.0000,0.9999,-0.0124,0.0000,0.0124,0.9999),
      ["Head"] = CFrame.new(0.0032,-0.0017,-0.0423,1.0000,-0.0000,0.0000,0.0000,0.9772,0.2124,-0.0000,-0.2124,0.9772),
      ["RightUpperArm"] = CFrame.new(0.0000,0.0000,0.0000,0.9936,0.0331,0.1082,-0.0316,0.9994,-0.0159,-0.1086,0.0124,0.9940),
      ["RightLowerArm"] = CFrame.new(-0.0000,0.0000,0.0000,0.9945,0.0763,0.0714,-0.0640,0.9849,-0.1608,-0.0826,0.1554,0.9844),
      ["RightHand"] = CFrame.new(-0.0012,-0.0043,-0.0004,0.9996,-0.0261,0.0101,0.0266,0.9985,-0.0484,-0.0088,0.0487,0.9988),
      ["LeftUpperArm"] = CFrame.new(0.0000,0.0000,0.0000,0.9904,-0.0502,-0.1288,0.0479,0.9986,-0.0204,0.1297,0.0140,0.9915),
      ["LeftLowerArm"] = CFrame.new(0.0000,0.0000,0.0000,0.9986,-0.0520,-0.0102,0.0494,0.9829,-0.1772,0.0192,0.1764,0.9841),
      ["LeftHand"] = CFrame.new(0.0000,0.0000,0.0000,0.9996,-0.0045,0.0263,0.0044,1.0000,0.0044,-0.0263,-0.0043,0.9996),
      ["RightUpperLeg"] = CFrame.new(0.0000,0.0000,0.0000,1.0000,0.0000,0.0000,0.0000,1.0000,0.0000,0.0000,0.0000,1.0000),
      ["RightLowerLeg"] = CFrame.new(0.0000,0.0000,0.0000,1.0000,0.0000,0.0000,0.0000,1.0000,0.0000,0.0000,0.0000,1.0000),
      ["RightFoot"] = CFrame.new(0.0000,0.0000,0.0000,1.0000,-0.0000,0.0000,0.0000,1.0000,0.0032,-0.0000,-0.0032,1.0000),
    }},
    {Time = 3.200, Data = {
      ["HumanoidRootPart"] = CFrame.new(0.0000,0.0000,0.0000,1.0000,0.0000,0.0000,0.0000,1.0000,0.0000,0.0000,0.0000,1.0000),
      ["LowerTorso"] = CFrame.new(0.0000,0.0000,-0.0040,1.0000,-0.0000,0.0000,0.0000,1.0000,0.0008,-0.0000,-0.0008,1.0000),
      ["LeftUpperLeg"] = CFrame.new(0.0000,0.0000,0.0000,1.0000,0.0000,0.0000,0.0000,1.0000,0.0000,0.0000,0.0000,1.0000),
      ["LeftLowerLeg"] = CFrame.new(0.0000,0.0000,0.0000,1.0000,0.0000,0.0000,0.0000,1.0000,0.0000,0.0000,0.0000,1.0000),
      ["LeftFoot"] = CFrame.new(0.0000,0.0000,0.0000,1.0000,-0.0000,0.0000,0.0000,1.0000,0.0007,-0.0000,-0.0007,1.0000),
      ["UpperTorso"] = CFrame.new(0.0000,0.0000,0.0000,1.0000,-0.0000,0.0000,0.0000,0.9999,-0.0124,0.0000,0.0124,0.9999),
      ["Head"] = CFrame.new(0.0032,-0.0017,-0.0423,1.0000,-0.0000,0.0000,0.0000,0.9774,0.2113,-0.0000,-0.2113,0.9774),
      ["RightUpperArm"] = CFrame.new(0.0000,0.0000,0.0000,0.9971,0.0222,0.0722,-0.0254,0.9987,0.0439,-0.0711,-0.0456,0.9964),
      ["RightLowerArm"] = CFrame.new(-0.0000,0.0000,0.0000,0.9976,0.0510,0.0476,-0.0448,0.9915,-0.1225,-0.0535,0.1200,0.9913),
      ["RightHand"] = CFrame.new(-0.0008,-0.0029,-0.0002,0.9998,-0.0174,0.0067,0.0177,0.9986,-0.0491,-0.0059,0.0492,0.9988),
      ["LeftUpperArm"] = CFrame.new(0.0000,0.0000,0.0000,0.9957,-0.0336,-0.0860,0.0373,0.9984,0.0414,0.0845,-0.0444,0.9954),
      ["LeftLowerArm"] = CFrame.new(0.0000,0.0000,0.0000,0.9994,-0.0347,-0.0068,0.0335,0.9902,-0.1356,0.0114,0.1353,0.9907),
      ["LeftHand"] = CFrame.new(0.0000,0.0000,0.0000,0.9998,-0.0030,0.0175,0.0032,0.9999,-0.0129,-0.0175,0.0129,0.9998),
      ["RightUpperLeg"] = CFrame.new(0.0000,0.0000,0.0000,1.0000,0.0000,0.0000,0.0000,1.0000,0.0000,0.0000,0.0000,1.0000),
      ["RightLowerLeg"] = CFrame.new(0.0000,0.0000,0.0000,1.0000,0.0000,0.0000,0.0000,1.0000,0.0000,0.0000,0.0000,1.0000),
      ["RightFoot"] = CFrame.new(0.0000,0.0000,0.0000,1.0000,-0.0000,0.0000,0.0000,1.0000,0.0019,-0.0000,-0.0019,1.0000),
    }},
    {Time = 3.233, Data = {
      ["HumanoidRootPart"] = CFrame.new(0.0000,0.0000,0.0000,1.0000,0.0000,0.0000,0.0000,1.0000,0.0000,0.0000,0.0000,1.0000),
      ["LowerTorso"] = CFrame.new(0.0000,0.0000,-0.0013,1.0000,-0.0000,0.0000,0.0000,1.0000,0.0003,-0.0000,-0.0003,1.0000),
      ["LeftUpperLeg"] = CFrame.new(0.0000,0.0000,0.0000,1.0000,0.0000,0.0000,0.0000,1.0000,0.0000,0.0000,0.0000,1.0000),
      ["LeftLowerLeg"] = CFrame.new(0.0000,0.0000,0.0000,1.0000,0.0000,0.0000,0.0000,1.0000,0.0000,0.0000,0.0000,1.0000),
      ["LeftFoot"] = CFrame.new(0.0000,0.0000,0.0000,1.0000,-0.0000,0.0000,0.0000,1.0000,0.0002,-0.0000,-0.0002,1.0000),
      ["UpperTorso"] = CFrame.new(0.0000,0.0000,0.0000,1.0000,-0.0000,0.0000,0.0000,0.9999,-0.0124,0.0000,0.0124,0.9999),
      ["Head"] = CFrame.new(0.0032,-0.0017,-0.0423,1.0000,-0.0000,0.0000,0.0000,0.9776,0.2102,-0.0000,-0.2102,0.9776),
      ["RightUpperArm"] = CFrame.new(0.0000,0.0000,0.0000,0.9993,0.0111,0.0361,-0.0148,0.9945,0.1039,-0.0348,-0.1043,0.9939),
      ["RightLowerArm"] = CFrame.new(-0.0000,0.0000,0.0000,0.9994,0.0255,0.0238,-0.0234,0.9962,-0.0838,-0.0259,0.0832,0.9962),
      ["RightHand"] = CFrame.new(-0.0004,-0.0014,-0.0001,1.0000,-0.0087,0.0034,0.0089,0.9987,-0.0498,-0.0029,0.0499,0.9988),
      ["LeftUpperArm"] = CFrame.new(0.0000,0.0000,0.0000,0.9989,-0.0169,-0.0430,0.0212,0.9944,0.1034,0.0411,-0.1042,0.9937),
      ["LeftLowerArm"] = CFrame.new(0.0000,0.0000,0.0000,0.9998,-0.0173,-0.0034,0.0170,0.9955,-0.0938,0.0050,0.0937,0.9956),
      ["LeftHand"] = CFrame.new(0.0000,0.0000,0.0000,1.0000,-0.0015,0.0088,0.0018,0.9995,-0.0302,-0.0087,0.0302,0.9995),
      ["RightUpperLeg"] = CFrame.new(0.0000,0.0000,0.0000,1.0000,0.0000,0.0000,0.0000,1.0000,0.0000,0.0000,0.0000,1.0000),
      ["RightLowerLeg"] = CFrame.new(0.0000,0.0000,0.0000,1.0000,0.0000,0.0000,0.0000,1.0000,0.0000,0.0000,0.0000,1.0000),
      ["RightFoot"] = CFrame.new(0.0000,0.0000,0.0000,1.0000,-0.0000,0.0000,0.0000,1.0000,0.0006,-0.0000,-0.0006,1.0000),
    }},
    {Time = 3.267, Data = {
      ["HumanoidRootPart"] = CFrame.new(0.0000,0.0000,0.0000,1.0000,0.0000,0.0000,0.0000,1.0000,0.0000,0.0000,0.0000,1.0000),
      ["LowerTorso"] = CFrame.new(0.0000,0.0000,0.0000,1.0000,0.0000,0.0000,0.0000,1.0000,0.0000,0.0000,0.0000,1.0000),
      ["LeftUpperLeg"] = CFrame.new(0.0000,0.0000,0.0000,1.0000,0.0000,0.0000,0.0000,1.0000,0.0000,0.0000,0.0000,1.0000),
      ["LeftLowerLeg"] = CFrame.new(0.0000,0.0000,0.0000,1.0000,0.0000,0.0000,0.0000,1.0000,0.0000,0.0000,0.0000,1.0000),
      ["LeftFoot"] = CFrame.new(0.0000,0.0000,0.0000,1.0000,0.0000,0.0000,0.0000,1.0000,0.0000,0.0000,0.0000,1.0000),
      ["UpperTorso"] = CFrame.new(0.0000,0.0000,0.0000,1.0000,-0.0000,0.0000,0.0000,0.9999,-0.0124,0.0000,0.0124,0.9999),
      ["Head"] = CFrame.new(0.0032,-0.0017,-0.0423,1.0000,-0.0000,0.0000,0.0000,0.9779,0.2092,-0.0000,-0.2092,0.9779),
      ["RightUpperArm"] = CFrame.new(0.0000,0.0000,0.0000,1.0000,0.0000,-0.0000,-0.0000,0.9866,0.1634,0.0000,-0.1634,0.9866),
      ["RightLowerArm"] = CFrame.new(-0.0000,0.0000,0.0000,1.0000,-0.0000,0.0000,0.0000,0.9990,-0.0448,0.0000,0.0448,0.9990),
      ["RightHand"] = CFrame.new(0.0000,0.0000,0.0000,1.0000,-0.0000,0.0000,0.0000,0.9987,-0.0506,0.0000,0.0506,0.9987),
      ["LeftUpperArm"] = CFrame.new(0.0000,0.0000,0.0000,1.0000,-0.0000,0.0000,0.0000,0.9863,0.1650,-0.0000,-0.1650,0.9863),
      ["LeftLowerArm"] = CFrame.new(0.0000,0.0000,0.0000,1.0000,-0.0000,0.0000,0.0000,0.9987,-0.0518,0.0000,0.0518,0.9987),
      ["LeftHand"] = CFrame.new(0.0000,0.0000,0.0000,1.0000,-0.0000,0.0000,0.0000,0.9989,-0.0475,0.0000,0.0475,0.9989),
      ["RightUpperLeg"] = CFrame.new(0.0000,0.0000,0.0000,1.0000,0.0000,0.0000,0.0000,1.0000,0.0000,0.0000,0.0000,1.0000),
      ["RightLowerLeg"] = CFrame.new(0.0000,0.0000,0.0000,1.0000,0.0000,0.0000,0.0000,1.0000,0.0000,0.0000,0.0000,1.0000),
      ["RightFoot"] = CFrame.new(0.0000,0.0000,0.0000,1.0000,0.0000,0.0000,0.0000,1.0000,0.0000,0.0000,0.0000,1.0000),
    }},
    {Time = 3.300, Data = {
      ["HumanoidRootPart"] = CFrame.new(0.0000,0.0000,0.0000,1.0000,0.0000,0.0000,0.0000,1.0000,0.0000,0.0000,0.0000,1.0000),
      ["LowerTorso"] = CFrame.new(0.0000,0.0000,0.0000,1.0000,0.0000,0.0000,0.0000,1.0000,0.0000,0.0000,0.0000,1.0000),
      ["LeftUpperLeg"] = CFrame.new(0.0000,0.0000,0.0000,1.0000,0.0000,0.0000,0.0000,1.0000,0.0000,0.0000,0.0000,1.0000),
      ["LeftLowerLeg"] = CFrame.new(0.0000,0.0000,0.0000,1.0000,0.0000,0.0000,0.0000,1.0000,0.0000,0.0000,0.0000,1.0000),
      ["LeftFoot"] = CFrame.new(0.0000,0.0000,0.0000,1.0000,0.0000,0.0000,0.0000,1.0000,0.0000,0.0000,0.0000,1.0000),
      ["UpperTorso"] = CFrame.new(0.0000,0.0000,0.0000,1.0000,-0.0000,0.0000,0.0000,0.9999,-0.0124,0.0000,0.0124,0.9999),
      ["Head"] = CFrame.new(0.0032,-0.0017,-0.0423,1.0000,-0.0000,0.0000,0.0000,0.9781,0.2081,-0.0000,-0.2081,0.9781),
      ["RightUpperArm"] = CFrame.new(0.0000,0.0000,0.0000,1.0000,0.0000,-0.0000,-0.0000,0.9876,0.1567,0.0000,-0.1567,0.9876),
      ["RightLowerArm"] = CFrame.new(-0.0000,0.0000,0.0000,1.0000,-0.0000,0.0000,0.0000,0.9991,-0.0432,0.0000,0.0432,0.9991),
      ["RightHand"] = CFrame.new(0.0000,0.0000,0.0000,1.0000,-0.0000,0.0000,0.0000,0.9988,-0.0487,0.0000,0.0487,0.9988),
      ["LeftUpperArm"] = CFrame.new(0.0000,0.0000,0.0000,1.0000,-0.0000,0.0000,0.0000,0.9874,0.1582,-0.0000,-0.1582,0.9874),
      ["LeftLowerArm"] = CFrame.new(0.0000,0.0000,0.0000,1.0000,-0.0000,0.0000,0.0000,0.9988,-0.0499,0.0000,0.0499,0.9988),
      ["LeftHand"] = CFrame.new(0.0000,0.0000,0.0000,1.0000,-0.0000,0.0000,0.0000,0.9990,-0.0458,0.0000,0.0458,0.9990),
      ["RightUpperLeg"] = CFrame.new(0.0000,0.0000,0.0000,1.0000,0.0000,0.0000,0.0000,1.0000,0.0000,0.0000,0.0000,1.0000),
      ["RightLowerLeg"] = CFrame.new(0.0000,0.0000,0.0000,1.0000,0.0000,0.0000,0.0000,1.0000,0.0000,0.0000,0.0000,1.0000),
      ["RightFoot"] = CFrame.new(0.0000,0.0000,0.0000,1.0000,0.0000,0.0000,0.0000,1.0000,0.0000,0.0000,0.0000,1.0000),
    }},
    {Time = 3.333, Data = {
      ["HumanoidRootPart"] = CFrame.new(0.0000,0.0000,0.0000,1.0000,0.0000,0.0000,0.0000,1.0000,0.0000,0.0000,0.0000,1.0000),
      ["LowerTorso"] = CFrame.new(0.0000,0.0000,0.0000,1.0000,0.0000,0.0000,0.0000,1.0000,0.0000,0.0000,0.0000,1.0000),
      ["LeftUpperLeg"] = CFrame.new(0.0000,0.0000,0.0000,1.0000,0.0000,0.0000,0.0000,1.0000,0.0000,0.0000,0.0000,1.0000),
      ["LeftLowerLeg"] = CFrame.new(0.0000,0.0000,0.0000,1.0000,0.0000,0.0000,0.0000,1.0000,0.0000,0.0000,0.0000,1.0000),
      ["LeftFoot"] = CFrame.new(0.0000,0.0000,0.0000,1.0000,0.0000,0.0000,0.0000,1.0000,0.0000,0.0000,0.0000,1.0000),
      ["UpperTorso"] = CFrame.new(0.0000,0.0000,0.0000,1.0000,-0.0000,0.0000,0.0000,0.9999,-0.0124,0.0000,0.0124,0.9999),
      ["Head"] = CFrame.new(0.0032,-0.0017,-0.0423,1.0000,-0.0000,0.0000,0.0000,0.9783,0.2070,-0.0000,-0.2070,0.9783),
      ["RightUpperArm"] = CFrame.new(0.0000,0.0000,0.0000,1.0000,0.0000,-0.0000,-0.0000,0.9905,0.1377,0.0000,-0.1377,0.9905),
      ["RightLowerArm"] = CFrame.new(-0.0000,0.0000,0.0000,1.0000,-0.0000,0.0000,0.0000,0.9993,-0.0387,0.0000,0.0387,0.9993),
      ["RightHand"] = CFrame.new(0.0000,0.0000,0.0000,1.0000,-0.0000,0.0000,0.0000,0.9990,-0.0436,0.0000,0.0436,0.9990),
      ["LeftUpperArm"] = CFrame.new(0.0000,0.0000,0.0000,1.0000,-0.0000,0.0000,0.0000,0.9903,0.1391,-0.0000,-0.1391,0.9903),
      ["LeftLowerArm"] = CFrame.new(0.0000,0.0000,0.0000,1.0000,-0.0000,0.0000,0.0000,0.9990,-0.0446,0.0000,0.0446,0.9990),
      ["LeftHand"] = CFrame.new(0.0000,0.0000,0.0000,1.0000,-0.0000,0.0000,0.0000,0.9992,-0.0410,0.0000,0.0410,0.9992),
      ["RightUpperLeg"] = CFrame.new(0.0000,0.0000,0.0000,1.0000,0.0000,0.0000,0.0000,1.0000,0.0000,0.0000,0.0000,1.0000),
      ["RightLowerLeg"] = CFrame.new(0.0000,0.0000,0.0000,1.0000,0.0000,0.0000,0.0000,1.0000,0.0000,0.0000,0.0000,1.0000),
      ["RightFoot"] = CFrame.new(0.0000,0.0000,0.0000,1.0000,0.0000,0.0000,0.0000,1.0000,0.0000,0.0000,0.0000,1.0000),
    }},
    {Time = 3.367, Data = {
      ["HumanoidRootPart"] = CFrame.new(0.0000,0.0000,0.0000,1.0000,0.0000,0.0000,0.0000,1.0000,0.0000,0.0000,0.0000,1.0000),
      ["LowerTorso"] = CFrame.new(0.0000,0.0000,0.0000,1.0000,0.0000,0.0000,0.0000,1.0000,0.0000,0.0000,0.0000,1.0000),
      ["LeftUpperLeg"] = CFrame.new(0.0000,0.0000,0.0000,1.0000,0.0000,0.0000,0.0000,1.0000,0.0000,0.0000,0.0000,1.0000),
      ["LeftLowerLeg"] = CFrame.new(0.0000,0.0000,0.0000,1.0000,0.0000,0.0000,0.0000,1.0000,0.0000,0.0000,0.0000,1.0000),
      ["LeftFoot"] = CFrame.new(0.0000,0.0000,0.0000,1.0000,0.0000,0.0000,0.0000,1.0000,0.0000,0.0000,0.0000,1.0000),
      ["UpperTorso"] = CFrame.new(0.0000,0.0000,0.0000,1.0000,-0.0000,0.0000,0.0000,0.9999,-0.0111,0.0000,0.0111,0.9999),
      ["Head"] = CFrame.new(0.0032,-0.0017,-0.0423,1.0000,-0.0000,0.0000,0.0000,0.9786,0.2059,-0.0000,-0.2059,0.9786),
      ["RightUpperArm"] = CFrame.new(0.0000,0.0000,0.0000,1.0000,0.0000,-0.0000,-0.0000,0.9939,0.1103,0.0000,-0.1103,0.9939),
      ["RightLowerArm"] = CFrame.new(-0.0000,0.0000,0.0000,1.0000,-0.0000,0.0000,0.0000,0.9995,-0.0321,0.0000,0.0321,0.9995),
      ["RightHand"] = CFrame.new(0.0000,0.0000,0.0000,1.0000,-0.0000,0.0000,0.0000,0.9993,-0.0362,0.0000,0.0362,0.9993),
      ["LeftUpperArm"] = CFrame.new(0.0000,0.0000,0.0000,1.0000,-0.0000,0.0000,0.0000,0.9938,0.1113,-0.0000,-0.1113,0.9938),
      ["LeftLowerArm"] = CFrame.new(0.0000,0.0000,0.0000,1.0000,-0.0000,0.0000,0.0000,0.9993,-0.0370,0.0000,0.0370,0.9993),
      ["LeftHand"] = CFrame.new(0.0000,0.0000,0.0000,1.0000,-0.0000,0.0000,0.0000,0.9994,-0.0340,0.0000,0.0340,0.9994),
      ["RightUpperLeg"] = CFrame.new(0.0000,0.0000,0.0000,1.0000,0.0000,0.0000,0.0000,1.0000,0.0000,0.0000,0.0000,1.0000),
      ["RightLowerLeg"] = CFrame.new(0.0000,0.0000,0.0000,1.0000,0.0000,0.0000,0.0000,1.0000,0.0000,0.0000,0.0000,1.0000),
      ["RightFoot"] = CFrame.new(0.0000,0.0000,0.0000,1.0000,0.0000,0.0000,0.0000,1.0000,0.0000,0.0000,0.0000,1.0000),
    }},
    {Time = 3.400, Data = {
      ["HumanoidRootPart"] = CFrame.new(0.0000,0.0000,0.0000,1.0000,0.0000,0.0000,0.0000,1.0000,0.0000,0.0000,0.0000,1.0000),
      ["LowerTorso"] = CFrame.new(0.0000,0.0000,0.0000,1.0000,0.0000,0.0000,0.0000,1.0000,0.0000,0.0000,0.0000,1.0000),
      ["LeftUpperLeg"] = CFrame.new(0.0000,0.0000,0.0000,1.0000,0.0000,0.0000,0.0000,1.0000,0.0000,0.0000,0.0000,1.0000),
      ["LeftLowerLeg"] = CFrame.new(0.0000,0.0000,0.0000,1.0000,0.0000,0.0000,0.0000,1.0000,0.0000,0.0000,0.0000,1.0000),
      ["LeftFoot"] = CFrame.new(0.0000,0.0000,0.0000,1.0000,0.0000,0.0000,0.0000,1.0000,0.0000,0.0000,0.0000,1.0000),
      ["UpperTorso"] = CFrame.new(0.0000,0.0000,0.0000,1.0000,-0.0000,0.0000,0.0000,1.0000,-0.0097,0.0000,0.0097,1.0000),
      ["Head"] = CFrame.new(0.0032,-0.0017,-0.0423,1.0000,-0.0000,0.0000,0.0000,0.9788,0.2048,-0.0000,-0.2048,0.9788),
      ["RightUpperArm"] = CFrame.new(0.0000,0.0000,0.0000,1.0000,0.0000,-0.0000,-0.0000,0.9968,0.0797,0.0000,-0.0797,0.9968),
      ["RightLowerArm"] = CFrame.new(-0.0000,0.0000,0.0000,1.0000,-0.0000,0.0000,0.0000,0.9997,-0.0248,0.0000,0.0248,0.9997),
      ["RightHand"] = CFrame.new(0.0000,0.0000,0.0000,1.0000,-0.0000,0.0000,0.0000,0.9996,-0.0279,0.0000,0.0279,0.9996),
      ["LeftUpperArm"] = CFrame.new(0.0000,0.0000,0.0000,1.0000,-0.0000,0.0000,0.0000,0.9968,0.0804,-0.0000,-0.0804,0.9968),
      ["LeftLowerArm"] = CFrame.new(0.0000,0.0000,0.0000,1.0000,-0.0000,0.0000,0.0000,0.9996,-0.0286,0.0000,0.0286,0.9996),
      ["LeftHand"] = CFrame.new(0.0000,0.0000,0.0000,1.0000,-0.0000,0.0000,0.0000,0.9997,-0.0263,0.0000,0.0263,0.9997),
      ["RightUpperLeg"] = CFrame.new(0.0000,0.0000,0.0000,1.0000,0.0000,0.0000,0.0000,1.0000,0.0000,0.0000,0.0000,1.0000),
      ["RightLowerLeg"] = CFrame.new(0.0000,0.0000,0.0000,1.0000,0.0000,0.0000,0.0000,1.0000,0.0000,0.0000,0.0000,1.0000),
      ["RightFoot"] = CFrame.new(0.0000,0.0000,0.0000,1.0000,0.0000,0.0000,0.0000,1.0000,0.0000,0.0000,0.0000,1.0000),
    }},
    {Time = 3.433, Data = {
      ["HumanoidRootPart"] = CFrame.new(0.0000,0.0000,0.0000,1.0000,0.0000,0.0000,0.0000,1.0000,0.0000,0.0000,0.0000,1.0000),
      ["LowerTorso"] = CFrame.new(0.0000,0.0000,0.0000,1.0000,0.0000,0.0000,0.0000,1.0000,0.0000,0.0000,0.0000,1.0000),
      ["LeftUpperLeg"] = CFrame.new(0.0000,0.0000,0.0000,1.0000,0.0000,0.0000,0.0000,1.0000,0.0000,0.0000,0.0000,1.0000),
      ["LeftLowerLeg"] = CFrame.new(0.0000,0.0000,0.0000,1.0000,0.0000,0.0000,0.0000,1.0000,0.0000,0.0000,0.0000,1.0000),
      ["LeftFoot"] = CFrame.new(0.0000,0.0000,0.0000,1.0000,0.0000,0.0000,0.0000,1.0000,0.0000,0.0000,0.0000,1.0000),
      ["UpperTorso"] = CFrame.new(0.0000,0.0000,0.0000,1.0000,-0.0000,0.0000,0.0000,1.0000,-0.0083,0.0000,0.0083,1.0000),
      ["Head"] = CFrame.new(0.0032,-0.0017,-0.0423,1.0000,-0.0000,0.0000,0.0000,0.9790,0.2037,-0.0000,-0.2037,0.9790),
      ["RightUpperArm"] = CFrame.new(0.0000,0.0000,0.0000,1.0000,0.0000,-0.0000,-0.0000,0.9986,0.0520,0.0000,-0.0520,0.9986),
      ["RightLowerArm"] = CFrame.new(-0.0000,0.0000,0.0000,1.0000,-0.0000,0.0000,0.0000,0.9998,-0.0182,0.0000,0.0182,0.9998),
      ["RightHand"] = CFrame.new(0.0000,0.0000,0.0000,1.0000,-0.0000,0.0000,0.0000,0.9998,-0.0205,0.0000,0.0205,0.9998),
      ["LeftUpperArm"] = CFrame.new(0.0000,0.0000,0.0000,1.0000,-0.0000,0.0000,0.0000,0.9986,0.0525,-0.0000,-0.0525,0.9986),
      ["LeftLowerArm"] = CFrame.new(0.0000,0.0000,0.0000,1.0000,-0.0000,0.0000,0.0000,0.9998,-0.0210,0.0000,0.0210,0.9998),
      ["LeftHand"] = CFrame.new(0.0000,0.0000,0.0000,1.0000,-0.0000,0.0000,0.0000,0.9998,-0.0193,0.0000,0.0193,0.9998),
      ["RightUpperLeg"] = CFrame.new(0.0000,0.0000,0.0000,1.0000,0.0000,0.0000,0.0000,1.0000,0.0000,0.0000,0.0000,1.0000),
      ["RightLowerLeg"] = CFrame.new(0.0000,0.0000,0.0000,1.0000,0.0000,0.0000,0.0000,1.0000,0.0000,0.0000,0.0000,1.0000),
      ["RightFoot"] = CFrame.new(0.0000,0.0000,0.0000,1.0000,0.0000,0.0000,0.0000,1.0000,0.0000,0.0000,0.0000,1.0000),
    }},
    {Time = 3.467, Data = {
      ["HumanoidRootPart"] = CFrame.new(0.0000,0.0000,0.0000,1.0000,0.0000,0.0000,0.0000,1.0000,0.0000,0.0000,0.0000,1.0000),
      ["LowerTorso"] = CFrame.new(0.0000,0.0000,0.0000,1.0000,0.0000,0.0000,0.0000,1.0000,0.0000,0.0000,0.0000,1.0000),
      ["LeftUpperLeg"] = CFrame.new(0.0000,0.0000,0.0000,1.0000,0.0000,0.0000,0.0000,1.0000,0.0000,0.0000,0.0000,1.0000),
      ["LeftLowerLeg"] = CFrame.new(0.0000,0.0000,0.0000,1.0000,0.0000,0.0000,0.0000,1.0000,0.0000,0.0000,0.0000,1.0000),
      ["LeftFoot"] = CFrame.new(0.0000,0.0000,0.0000,1.0000,0.0000,0.0000,0.0000,1.0000,0.0000,0.0000,0.0000,1.0000),
      ["UpperTorso"] = CFrame.new(0.0000,0.0000,0.0000,1.0000,-0.0000,0.0000,0.0000,1.0000,-0.0070,0.0000,0.0070,1.0000),
      ["Head"] = CFrame.new(0.0032,-0.0017,-0.0423,1.0000,-0.0000,0.0000,0.0000,0.9793,0.2027,-0.0000,-0.2027,0.9793),
      ["RightUpperArm"] = CFrame.new(0.0000,0.0000,0.0000,1.0000,0.0000,-0.0000,-0.0000,0.9995,0.0329,0.0000,-0.0329,0.9995),
      ["RightLowerArm"] = CFrame.new(-0.0000,0.0000,0.0000,1.0000,-0.0000,0.0000,0.0000,0.9999,-0.0136,0.0000,0.0136,0.9999),
      ["RightHand"] = CFrame.new(0.0000,0.0000,0.0000,1.0000,-0.0000,0.0000,0.0000,0.9999,-0.0154,0.0000,0.0154,0.9999),
      ["LeftUpperArm"] = CFrame.new(0.0000,0.0000,0.0000,1.0000,-0.0000,0.0000,0.0000,0.9994,0.0332,-0.0000,-0.0332,0.9994),
      ["LeftLowerArm"] = CFrame.new(0.0000,0.0000,0.0000,1.0000,-0.0000,0.0000,0.0000,0.9999,-0.0157,0.0000,0.0157,0.9999),
      ["LeftHand"] = CFrame.new(0.0000,0.0000,0.0000,1.0000,-0.0000,0.0000,0.0000,0.9999,-0.0144,0.0000,0.0144,0.9999),
      ["RightUpperLeg"] = CFrame.new(0.0000,0.0000,0.0000,1.0000,0.0000,0.0000,0.0000,1.0000,0.0000,0.0000,0.0000,1.0000),
      ["RightLowerLeg"] = CFrame.new(0.0000,0.0000,0.0000,1.0000,0.0000,0.0000,0.0000,1.0000,0.0000,0.0000,0.0000,1.0000),
      ["RightFoot"] = CFrame.new(0.0000,0.0000,0.0000,1.0000,0.0000,0.0000,0.0000,1.0000,0.0000,0.0000,0.0000,1.0000),
    }},
    {Time = 3.500, Data = {
      ["HumanoidRootPart"] = CFrame.new(0.0000,0.0000,0.0000,1.0000,0.0000,0.0000,0.0000,1.0000,0.0000,0.0000,0.0000,1.0000),
      ["LowerTorso"] = CFrame.new(0.0000,0.0000,0.0000,1.0000,0.0000,0.0000,0.0000,1.0000,0.0000,0.0000,0.0000,1.0000),
      ["LeftUpperLeg"] = CFrame.new(0.0000,0.0000,0.0000,1.0000,0.0000,0.0000,0.0000,1.0000,0.0000,0.0000,0.0000,1.0000),
      ["LeftLowerLeg"] = CFrame.new(0.0000,0.0000,0.0000,1.0000,0.0000,0.0000,0.0000,1.0000,0.0000,0.0000,0.0000,1.0000),
      ["LeftFoot"] = CFrame.new(0.0000,0.0000,0.0000,1.0000,0.0000,0.0000,0.0000,1.0000,0.0000,0.0000,0.0000,1.0000),
      ["UpperTorso"] = CFrame.new(0.0000,0.0000,0.0000,1.0000,-0.0000,0.0000,0.0000,1.0000,-0.0056,0.0000,0.0056,1.0000),
      ["Head"] = CFrame.new(0.0032,-0.0017,-0.0423,1.0000,-0.0000,0.0000,0.0000,0.9795,0.2016,-0.0000,-0.2016,0.9795),
      ["RightUpperArm"] = CFrame.new(0.0000,0.0000,0.0000,1.0000,0.0000,-0.0000,-0.0000,0.9997,0.0261,0.0000,-0.0261,0.9997),
      ["RightLowerArm"] = CFrame.new(-0.0000,0.0000,0.0000,1.0000,-0.0000,0.0000,0.0000,0.9999,-0.0120,0.0000,0.0120,0.9999),
      ["RightHand"] = CFrame.new(0.0000,0.0000,0.0000,1.0000,-0.0000,0.0000,0.0000,0.9999,-0.0135,0.0000,0.0135,0.9999),
      ["LeftUpperArm"] = CFrame.new(0.0000,0.0000,0.0000,1.0000,-0.0000,0.0000,0.0000,0.9997,0.0263,-0.0000,-0.0263,0.9997),
      ["LeftLowerArm"] = CFrame.new(0.0000,0.0000,0.0000,1.0000,-0.0000,0.0000,0.0000,0.9999,-0.0139,0.0000,0.0139,0.9999),
      ["LeftHand"] = CFrame.new(0.0000,0.0000,0.0000,1.0000,-0.0000,0.0000,0.0000,0.9999,-0.0127,0.0000,0.0127,0.9999),
      ["RightUpperLeg"] = CFrame.new(0.0000,0.0000,0.0000,1.0000,0.0000,0.0000,0.0000,1.0000,0.0000,0.0000,0.0000,1.0000),
      ["RightLowerLeg"] = CFrame.new(0.0000,0.0000,0.0000,1.0000,0.0000,0.0000,0.0000,1.0000,0.0000,0.0000,0.0000,1.0000),
      ["RightFoot"] = CFrame.new(0.0000,0.0000,0.0000,1.0000,0.0000,0.0000,0.0000,1.0000,0.0000,0.0000,0.0000,1.0000),
    }},
    {Time = 3.533, Data = {
      ["HumanoidRootPart"] = CFrame.new(0.0000,0.0000,0.0000,1.0000,0.0000,0.0000,0.0000,1.0000,0.0000,0.0000,0.0000,1.0000),
      ["LowerTorso"] = CFrame.new(0.0000,0.0000,0.0000,1.0000,0.0000,0.0000,0.0000,1.0000,0.0000,0.0000,0.0000,1.0000),
      ["LeftUpperLeg"] = CFrame.new(0.0000,0.0000,0.0000,1.0000,0.0000,0.0000,0.0000,1.0000,0.0000,0.0000,0.0000,1.0000),
      ["LeftLowerLeg"] = CFrame.new(0.0000,0.0000,0.0000,1.0000,0.0000,0.0000,0.0000,1.0000,0.0000,0.0000,0.0000,1.0000),
      ["LeftFoot"] = CFrame.new(0.0000,0.0000,0.0000,1.0000,0.0000,0.0000,0.0000,1.0000,0.0000,0.0000,0.0000,1.0000),
      ["UpperTorso"] = CFrame.new(0.0000,0.0000,0.0000,1.0000,-0.0000,0.0000,0.0000,1.0000,-0.0043,0.0000,0.0043,1.0000),
      ["Head"] = CFrame.new(0.0032,-0.0017,-0.0423,1.0000,-0.0000,0.0000,0.0000,0.9796,0.2010,-0.0000,-0.2010,0.9796),
      ["RightUpperArm"] = CFrame.new(0.0000,0.0000,0.0000,1.0000,0.0000,-0.0000,-0.0000,0.9998,0.0174,0.0000,-0.0174,0.9998),
      ["RightLowerArm"] = CFrame.new(-0.0000,0.0000,0.0000,1.0000,-0.0000,0.0000,0.0000,1.0000,-0.0093,0.0000,0.0093,1.0000),
      ["RightHand"] = CFrame.new(0.0000,0.0000,0.0000,1.0000,-0.0000,0.0000,0.0000,0.9999,-0.0105,0.0000,0.0105,0.9999),
      ["LeftUpperArm"] = CFrame.new(0.0000,0.0000,0.0000,1.0000,-0.0000,0.0000,0.0000,0.9998,0.0175,-0.0000,-0.0175,0.9998),
      ["LeftLowerArm"] = CFrame.new(0.0000,0.0000,0.0000,1.0000,-0.0000,0.0000,0.0000,0.9999,-0.0108,0.0000,0.0108,0.9999),
      ["LeftHand"] = CFrame.new(0.0000,0.0000,0.0000,1.0000,-0.0000,0.0000,0.0000,1.0000,-0.0099,0.0000,0.0099,1.0000),
      ["RightUpperLeg"] = CFrame.new(0.0000,0.0000,0.0000,1.0000,0.0000,0.0000,0.0000,1.0000,0.0000,0.0000,0.0000,1.0000),
      ["RightLowerLeg"] = CFrame.new(0.0000,0.0000,0.0000,1.0000,0.0000,0.0000,0.0000,1.0000,0.0000,0.0000,0.0000,1.0000),
      ["RightFoot"] = CFrame.new(0.0000,0.0000,0.0000,1.0000,0.0000,0.0000,0.0000,1.0000,0.0000,0.0000,0.0000,1.0000),
    }},
    {Time = 3.567, Data = {
      ["HumanoidRootPart"] = CFrame.new(0.0000,0.0000,0.0000,1.0000,0.0000,0.0000,0.0000,1.0000,0.0000,0.0000,0.0000,1.0000),
      ["LowerTorso"] = CFrame.new(0.0000,0.0000,0.0000,1.0000,0.0000,0.0000,0.0000,1.0000,0.0000,0.0000,0.0000,1.0000),
      ["LeftUpperLeg"] = CFrame.new(0.0000,0.0000,0.0000,1.0000,0.0000,0.0000,0.0000,1.0000,0.0000,0.0000,0.0000,1.0000),
      ["LeftLowerLeg"] = CFrame.new(0.0000,0.0000,0.0000,1.0000,0.0000,0.0000,0.0000,1.0000,0.0000,0.0000,0.0000,1.0000),
      ["LeftFoot"] = CFrame.new(0.0000,0.0000,0.0000,1.0000,0.0000,0.0000,0.0000,1.0000,0.0000,0.0000,0.0000,1.0000),
      ["UpperTorso"] = CFrame.new(0.0000,0.0000,0.0000,1.0000,-0.0000,0.0000,0.0000,1.0000,-0.0029,0.0000,0.0029,1.0000),
      ["Head"] = CFrame.new(0.0032,-0.0017,-0.0423,1.0000,-0.0000,0.0000,0.0000,0.9797,0.2004,-0.0000,-0.2004,0.9797),
      ["RightUpperArm"] = CFrame.new(0.0000,0.0000,0.0000,1.0000,0.0000,-0.0000,-0.0000,1.0000,0.0087,0.0000,-0.0087,1.0000),
      ["RightLowerArm"] = CFrame.new(-0.0000,0.0000,0.0000,1.0000,-0.0000,0.0000,0.0000,1.0000,-0.0067,0.0000,0.0067,1.0000),
      ["RightHand"] = CFrame.new(0.0000,0.0000,0.0000,1.0000,-0.0000,0.0000,0.0000,1.0000,-0.0075,0.0000,0.0075,1.0000),
      ["LeftUpperArm"] = CFrame.new(0.0000,0.0000,0.0000,1.0000,-0.0000,0.0000,0.0000,1.0000,0.0088,-0.0000,-0.0088,1.0000),
      ["LeftLowerArm"] = CFrame.new(0.0000,0.0000,0.0000,1.0000,-0.0000,0.0000,0.0000,1.0000,-0.0077,0.0000,0.0077,1.0000),
      ["LeftHand"] = CFrame.new(0.0000,0.0000,0.0000,1.0000,-0.0000,0.0000,0.0000,1.0000,-0.0071,0.0000,0.0071,1.0000),
      ["RightUpperLeg"] = CFrame.new(0.0000,0.0000,0.0000,1.0000,0.0000,0.0000,0.0000,1.0000,0.0000,0.0000,0.0000,1.0000),
      ["RightLowerLeg"] = CFrame.new(0.0000,0.0000,0.0000,1.0000,0.0000,0.0000,0.0000,1.0000,0.0000,0.0000,0.0000,1.0000),
      ["RightFoot"] = CFrame.new(0.0000,0.0000,0.0000,1.0000,0.0000,0.0000,0.0000,1.0000,0.0000,0.0000,0.0000,1.0000),
    }},
    {Time = 3.600, Data = {
      ["HumanoidRootPart"] = CFrame.new(0.0000,0.0000,0.0000,1.0000,0.0000,0.0000,0.0000,1.0000,0.0000,0.0000,0.0000,1.0000),
      ["LowerTorso"] = CFrame.new(0.0000,0.0000,0.0000,1.0000,0.0000,0.0000,0.0000,1.0000,0.0000,0.0000,0.0000,1.0000),
      ["LeftUpperLeg"] = CFrame.new(0.0000,0.0000,0.0000,1.0000,0.0000,0.0000,0.0000,1.0000,0.0000,0.0000,0.0000,1.0000),
      ["LeftLowerLeg"] = CFrame.new(0.0000,0.0000,0.0000,1.0000,0.0000,0.0000,0.0000,1.0000,0.0000,0.0000,0.0000,1.0000),
      ["LeftFoot"] = CFrame.new(0.0000,0.0000,0.0000,1.0000,0.0000,0.0000,0.0000,1.0000,0.0000,0.0000,0.0000,1.0000),
      ["UpperTorso"] = CFrame.new(0.0000,0.0000,0.0000,1.0000,-0.0000,0.0000,0.0000,1.0000,-0.0016,0.0000,0.0016,1.0000),
      ["Head"] = CFrame.new(0.0032,-0.0017,-0.0423,1.0000,-0.0000,0.0000,0.0000,0.9798,0.1999,-0.0000,-0.1999,0.9798),
      ["RightUpperArm"] = CFrame.new(0.0000,0.0000,0.0000,1.0000,0.0000,-0.0000,-0.0000,1.0000,-0.0000,0.0000,0.0000,1.0000),
      ["RightLowerArm"] = CFrame.new(-0.0000,0.0000,0.0000,1.0000,-0.0000,0.0000,0.0000,1.0000,-0.0040,0.0000,0.0040,1.0000),
      ["RightHand"] = CFrame.new(0.0000,0.0000,0.0000,1.0000,-0.0000,0.0000,0.0000,1.0000,-0.0045,0.0000,0.0045,1.0000),
      ["LeftUpperArm"] = CFrame.new(0.0000,0.0000,0.0000,1.0000,0.0000,0.0000,0.0000,1.0000,0.0000,0.0000,0.0000,1.0000),
      ["LeftLowerArm"] = CFrame.new(0.0000,0.0000,0.0000,1.0000,-0.0000,0.0000,0.0000,1.0000,-0.0046,0.0000,0.0046,1.0000),
      ["LeftHand"] = CFrame.new(0.0000,0.0000,0.0000,1.0000,-0.0000,0.0000,0.0000,1.0000,-0.0042,0.0000,0.0042,1.0000),
      ["RightUpperLeg"] = CFrame.new(0.0000,0.0000,0.0000,1.0000,0.0000,0.0000,0.0000,1.0000,0.0000,0.0000,0.0000,1.0000),
      ["RightLowerLeg"] = CFrame.new(0.0000,0.0000,0.0000,1.0000,0.0000,0.0000,0.0000,1.0000,0.0000,0.0000,0.0000,1.0000),
      ["RightFoot"] = CFrame.new(0.0000,0.0000,0.0000,1.0000,0.0000,0.0000,0.0000,1.0000,0.0000,0.0000,0.0000,1.0000),
    }},
    {Time = 3.633, Data = {
      ["HumanoidRootPart"] = CFrame.new(0.0000,0.0000,0.0000,1.0000,0.0000,0.0000,0.0000,1.0000,0.0000,0.0000,0.0000,1.0000),
      ["LowerTorso"] = CFrame.new(0.0000,0.0000,0.0000,1.0000,0.0000,0.0000,0.0000,1.0000,0.0000,0.0000,0.0000,1.0000),
      ["LeftUpperLeg"] = CFrame.new(0.0000,0.0000,0.0000,1.0000,0.0000,0.0000,0.0000,1.0000,0.0000,0.0000,0.0000,1.0000),
      ["LeftLowerLeg"] = CFrame.new(0.0000,0.0000,0.0000,1.0000,0.0000,0.0000,0.0000,1.0000,0.0000,0.0000,0.0000,1.0000),
      ["LeftFoot"] = CFrame.new(0.0000,0.0000,0.0000,1.0000,0.0000,0.0000,0.0000,1.0000,0.0000,0.0000,0.0000,1.0000),
      ["UpperTorso"] = CFrame.new(0.0000,0.0000,0.0000,1.0000,-0.0000,0.0000,0.0000,1.0000,-0.0002,0.0000,0.0002,1.0000),
      ["Head"] = CFrame.new(0.0032,-0.0017,-0.0423,1.0000,-0.0000,0.0000,0.0000,0.9799,0.1993,-0.0000,-0.1993,0.9799),
      ["RightUpperArm"] = CFrame.new(0.0000,0.0000,0.0000,1.0000,0.0000,-0.0000,-0.0000,1.0000,-0.0000,0.0000,0.0000,1.0000),
      ["RightLowerArm"] = CFrame.new(-0.0000,0.0000,0.0000,1.0000,-0.0000,0.0000,0.0000,1.0000,-0.0013,0.0000,0.0013,1.0000),
      ["RightHand"] = CFrame.new(0.0000,0.0000,0.0000,1.0000,-0.0000,0.0000,0.0000,1.0000,-0.0015,0.0000,0.0015,1.0000),
      ["LeftUpperArm"] = CFrame.new(0.0000,0.0000,0.0000,1.0000,-0.0000,0.0000,0.0000,1.0000,0.0020,-0.0000,-0.0020,1.0000),
      ["LeftLowerArm"] = CFrame.new(0.0000,0.0000,0.0000,1.0000,-0.0000,0.0000,0.0000,1.0000,-0.0015,0.0000,0.0015,1.0000),
      ["LeftHand"] = CFrame.new(0.0000,0.0000,0.0000,1.0000,-0.0000,0.0000,0.0000,1.0000,-0.0014,0.0000,0.0014,1.0000),
      ["RightUpperLeg"] = CFrame.new(0.0000,0.0000,0.0000,1.0000,0.0000,0.0000,0.0000,1.0000,0.0000,0.0000,0.0000,1.0000),
      ["RightLowerLeg"] = CFrame.new(0.0000,0.0000,0.0000,1.0000,0.0000,0.0000,0.0000,1.0000,0.0000,0.0000,0.0000,1.0000),
      ["RightFoot"] = CFrame.new(0.0000,0.0000,0.0000,1.0000,0.0000,0.0000,0.0000,1.0000,0.0000,0.0000,0.0000,1.0000),
    }},
    {Time = 3.667, Data = {
      ["HumanoidRootPart"] = CFrame.new(0.0000,0.0000,0.0000,1.0000,0.0000,0.0000,0.0000,1.0000,0.0000,0.0000,0.0000,1.0000),
      ["LowerTorso"] = CFrame.new(0.0000,0.0000,0.0000,1.0000,0.0000,0.0000,0.0000,1.0000,0.0000,0.0000,0.0000,1.0000),
      ["LeftUpperLeg"] = CFrame.new(0.0000,0.0000,0.0000,1.0000,0.0000,0.0000,0.0000,1.0000,0.0000,0.0000,0.0000,1.0000),
      ["LeftLowerLeg"] = CFrame.new(0.0000,0.0000,0.0000,1.0000,0.0000,0.0000,0.0000,1.0000,0.0000,0.0000,0.0000,1.0000),
      ["LeftFoot"] = CFrame.new(0.0000,0.0000,0.0000,1.0000,0.0000,0.0000,0.0000,1.0000,0.0000,0.0000,0.0000,1.0000),
      ["UpperTorso"] = CFrame.new(0.0000,0.0000,0.0000,1.0000,-0.0000,0.0000,0.0000,1.0000,0.0011,-0.0000,-0.0011,1.0000),
      ["Head"] = CFrame.new(0.0032,-0.0017,-0.0423,1.0000,-0.0000,0.0000,0.0000,0.9801,0.1987,-0.0000,-0.1987,0.9801),
      ["RightUpperArm"] = CFrame.new(0.0000,0.0000,0.0000,1.0000,0.0000,-0.0000,-0.0000,1.0000,-0.0000,0.0000,0.0000,1.0000),
      ["RightLowerArm"] = CFrame.new(-0.0000,0.0000,0.0000,1.0000,-0.0000,0.0000,0.0000,1.0000,-0.0000,0.0000,0.0000,1.0000),
      ["RightHand"] = CFrame.new(0.0000,0.0000,0.0000,1.0000,-0.0000,0.0000,0.0000,1.0000,-0.0000,0.0000,0.0000,1.0000),
      ["LeftUpperArm"] = CFrame.new(0.0000,0.0000,0.0000,1.0000,-0.0000,0.0000,0.0000,1.0000,0.0040,-0.0000,-0.0040,1.0000),
      ["LeftLowerArm"] = CFrame.new(0.0000,0.0000,0.0000,1.0000,0.0000,0.0000,0.0000,1.0000,0.0000,0.0000,0.0000,1.0000),
      ["LeftHand"] = CFrame.new(0.0000,0.0000,0.0000,1.0000,0.0000,0.0000,0.0000,1.0000,0.0000,0.0000,0.0000,1.0000),
      ["RightUpperLeg"] = CFrame.new(0.0000,0.0000,0.0000,1.0000,0.0000,0.0000,0.0000,1.0000,0.0000,0.0000,0.0000,1.0000),
      ["RightLowerLeg"] = CFrame.new(0.0000,0.0000,0.0000,1.0000,0.0000,0.0000,0.0000,1.0000,0.0000,0.0000,0.0000,1.0000),
      ["RightFoot"] = CFrame.new(0.0000,0.0000,0.0000,1.0000,0.0000,0.0000,0.0000,1.0000,0.0000,0.0000,0.0000,1.0000),
    }},
    {Time = 3.700, Data = {
      ["HumanoidRootPart"] = CFrame.new(0.0000,0.0000,0.0000,1.0000,0.0000,0.0000,0.0000,1.0000,0.0000,0.0000,0.0000,1.0000),
      ["LowerTorso"] = CFrame.new(0.0000,0.0000,0.0000,1.0000,0.0000,0.0000,0.0000,1.0000,0.0000,0.0000,0.0000,1.0000),
      ["LeftUpperLeg"] = CFrame.new(0.0000,0.0000,0.0000,1.0000,0.0000,0.0000,0.0000,1.0000,0.0000,0.0000,0.0000,1.0000),
      ["LeftLowerLeg"] = CFrame.new(0.0000,0.0000,0.0000,1.0000,0.0000,0.0000,0.0000,1.0000,0.0000,0.0000,0.0000,1.0000),
      ["LeftFoot"] = CFrame.new(0.0000,0.0000,0.0000,1.0000,0.0000,0.0000,0.0000,1.0000,0.0000,0.0000,0.0000,1.0000),
      ["UpperTorso"] = CFrame.new(0.0000,0.0000,0.0000,1.0000,-0.0000,0.0000,0.0000,1.0000,0.0025,-0.0000,-0.0025,1.0000),
      ["Head"] = CFrame.new(0.0032,-0.0017,-0.0423,1.0000,-0.0000,0.0000,0.0000,0.9802,0.1981,-0.0000,-0.1981,0.9802),
      ["RightUpperArm"] = CFrame.new(0.0000,0.0000,0.0000,1.0000,0.0000,-0.0000,-0.0000,1.0000,-0.0000,0.0000,0.0000,1.0000),
      ["RightLowerArm"] = CFrame.new(-0.0000,0.0000,0.0000,1.0000,-0.0000,0.0000,0.0000,1.0000,-0.0000,0.0000,0.0000,1.0000),
      ["RightHand"] = CFrame.new(0.0000,0.0000,0.0000,1.0000,-0.0000,0.0000,0.0000,1.0000,-0.0000,0.0000,0.0000,1.0000),
      ["LeftUpperArm"] = CFrame.new(0.0000,0.0000,0.0000,1.0000,-0.0000,0.0000,0.0000,1.0000,0.0060,-0.0000,-0.0060,1.0000),
      ["LeftLowerArm"] = CFrame.new(0.0000,0.0000,0.0000,1.0000,0.0000,0.0000,0.0000,1.0000,0.0000,0.0000,0.0000,1.0000),
      ["LeftHand"] = CFrame.new(0.0000,0.0000,0.0000,1.0000,0.0000,0.0000,0.0000,1.0000,0.0000,0.0000,0.0000,1.0000),
      ["RightUpperLeg"] = CFrame.new(0.0000,0.0000,0.0000,1.0000,0.0000,0.0000,0.0000,1.0000,0.0000,0.0000,0.0000,1.0000),
      ["RightLowerLeg"] = CFrame.new(0.0000,0.0000,0.0000,1.0000,0.0000,0.0000,0.0000,1.0000,0.0000,0.0000,0.0000,1.0000),
      ["RightFoot"] = CFrame.new(0.0000,0.0000,0.0000,1.0000,0.0000,0.0000,0.0000,1.0000,0.0000,0.0000,0.0000,1.0000),
    }},
    {Time = 3.733, Data = {
      ["HumanoidRootPart"] = CFrame.new(0.0000,0.0000,0.0000,1.0000,0.0000,0.0000,0.0000,1.0000,0.0000,0.0000,0.0000,1.0000),
      ["LowerTorso"] = CFrame.new(0.0000,0.0000,0.0000,1.0000,0.0000,0.0000,0.0000,1.0000,0.0000,0.0000,0.0000,1.0000),
      ["LeftUpperLeg"] = CFrame.new(0.0000,0.0000,0.0000,1.0000,0.0000,0.0000,0.0000,1.0000,0.0000,0.0000,0.0000,1.0000),
      ["LeftLowerLeg"] = CFrame.new(0.0000,0.0000,0.0000,1.0000,0.0000,0.0000,0.0000,1.0000,0.0000,0.0000,0.0000,1.0000),
      ["LeftFoot"] = CFrame.new(0.0000,0.0000,0.0000,1.0000,0.0000,0.0000,0.0000,1.0000,0.0000,0.0000,0.0000,1.0000),
      ["UpperTorso"] = CFrame.new(0.0000,0.0000,0.0000,1.0000,-0.0000,0.0000,0.0000,1.0000,0.0038,-0.0000,-0.0038,1.0000),
      ["Head"] = CFrame.new(0.0032,-0.0017,-0.0423,1.0000,-0.0000,0.0000,0.0000,0.9803,0.1976,-0.0000,-0.1976,0.9803),
      ["RightUpperArm"] = CFrame.new(0.0000,0.0000,0.0000,1.0000,0.0000,-0.0000,-0.0000,1.0000,0.0000,0.0000,-0.0000,1.0000),
      ["RightLowerArm"] = CFrame.new(-0.0000,0.0000,0.0000,1.0000,-0.0000,0.0000,0.0000,1.0000,-0.0000,0.0000,0.0000,1.0000),
      ["RightHand"] = CFrame.new(0.0000,0.0000,0.0000,1.0000,-0.0000,0.0000,0.0000,1.0000,-0.0000,0.0000,0.0000,1.0000),
      ["LeftUpperArm"] = CFrame.new(0.0000,0.0000,0.0000,1.0000,-0.0000,0.0000,0.0000,1.0000,0.0079,-0.0000,-0.0079,1.0000),
      ["LeftLowerArm"] = CFrame.new(0.0000,0.0000,0.0000,1.0000,0.0000,0.0000,0.0000,1.0000,0.0000,0.0000,0.0000,1.0000),
      ["LeftHand"] = CFrame.new(0.0000,0.0000,0.0000,1.0000,0.0000,0.0000,0.0000,1.0000,0.0000,0.0000,0.0000,1.0000),
      ["RightUpperLeg"] = CFrame.new(0.0000,0.0000,0.0000,1.0000,0.0000,0.0000,0.0000,1.0000,0.0000,0.0000,0.0000,1.0000),
      ["RightLowerLeg"] = CFrame.new(0.0000,0.0000,0.0000,1.0000,0.0000,0.0000,0.0000,1.0000,0.0000,0.0000,0.0000,1.0000),
      ["RightFoot"] = CFrame.new(0.0000,0.0000,0.0000,1.0000,0.0000,0.0000,0.0000,1.0000,0.0000,0.0000,0.0000,1.0000),
    }},
    {Time = 3.767, Data = {
      ["HumanoidRootPart"] = CFrame.new(0.0000,0.0000,0.0000,1.0000,0.0000,0.0000,0.0000,1.0000,0.0000,0.0000,0.0000,1.0000),
      ["LowerTorso"] = CFrame.new(0.0000,0.0000,0.0000,1.0000,0.0000,0.0000,0.0000,1.0000,0.0000,0.0000,0.0000,1.0000),
      ["LeftUpperLeg"] = CFrame.new(0.0000,0.0000,0.0000,1.0000,0.0000,0.0000,0.0000,1.0000,0.0000,0.0000,0.0000,1.0000),
      ["LeftLowerLeg"] = CFrame.new(0.0000,0.0000,0.0000,1.0000,0.0000,0.0000,0.0000,1.0000,0.0000,0.0000,0.0000,1.0000),
      ["LeftFoot"] = CFrame.new(0.0000,0.0000,0.0000,1.0000,0.0000,0.0000,0.0000,1.0000,0.0000,0.0000,0.0000,1.0000),
      ["UpperTorso"] = CFrame.new(0.0000,0.0000,0.0000,1.0000,-0.0000,0.0000,0.0000,1.0000,0.0052,-0.0000,-0.0052,1.0000),
      ["Head"] = CFrame.new(0.0032,-0.0017,-0.0423,1.0000,-0.0000,0.0000,0.0000,0.9804,0.1970,-0.0000,-0.1970,0.9804),
      ["RightUpperArm"] = CFrame.new(0.0000,0.0000,0.0000,1.0000,0.0000,-0.0000,-0.0000,1.0000,-0.0000,0.0000,0.0000,1.0000),
      ["RightLowerArm"] = CFrame.new(-0.0000,0.0000,0.0000,1.0000,-0.0000,0.0000,0.0000,1.0000,-0.0000,0.0000,0.0000,1.0000),
      ["RightHand"] = CFrame.new(0.0000,0.0000,0.0000,1.0000,-0.0000,0.0000,0.0000,1.0000,-0.0000,0.0000,0.0000,1.0000),
      ["LeftUpperArm"] = CFrame.new(0.0000,0.0000,0.0000,1.0000,-0.0000,0.0000,0.0000,1.0000,0.0098,-0.0000,-0.0098,1.0000),
      ["LeftLowerArm"] = CFrame.new(0.0000,0.0000,0.0000,1.0000,0.0000,0.0000,0.0000,1.0000,0.0000,0.0000,0.0000,1.0000),
      ["LeftHand"] = CFrame.new(0.0000,0.0000,0.0000,1.0000,0.0000,0.0000,0.0000,1.0000,0.0000,0.0000,0.0000,1.0000),
      ["RightUpperLeg"] = CFrame.new(0.0000,0.0000,0.0000,1.0000,0.0000,0.0000,0.0000,1.0000,0.0000,0.0000,0.0000,1.0000),
      ["RightLowerLeg"] = CFrame.new(0.0000,0.0000,0.0000,1.0000,0.0000,0.0000,0.0000,1.0000,0.0000,0.0000,0.0000,1.0000),
      ["RightFoot"] = CFrame.new(0.0000,0.0000,0.0000,1.0000,0.0000,0.0000,0.0000,1.0000,0.0000,0.0000,0.0000,1.0000),
    }},
    {Time = 3.800, Data = {
      ["HumanoidRootPart"] = CFrame.new(0.0000,0.0000,0.0000,1.0000,0.0000,0.0000,0.0000,1.0000,0.0000,0.0000,0.0000,1.0000),
      ["LowerTorso"] = CFrame.new(0.0000,0.0000,0.0000,1.0000,0.0000,0.0000,0.0000,1.0000,0.0000,0.0000,0.0000,1.0000),
      ["LeftUpperLeg"] = CFrame.new(0.0000,0.0000,0.0000,1.0000,0.0000,0.0000,0.0000,1.0000,0.0000,0.0000,0.0000,1.0000),
      ["LeftLowerLeg"] = CFrame.new(0.0000,0.0000,0.0000,1.0000,0.0000,0.0000,0.0000,1.0000,0.0000,0.0000,0.0000,1.0000),
      ["LeftFoot"] = CFrame.new(0.0000,0.0000,0.0000,1.0000,0.0000,0.0000,0.0000,1.0000,0.0000,0.0000,0.0000,1.0000),
      ["UpperTorso"] = CFrame.new(0.0000,0.0000,0.0000,1.0000,-0.0000,0.0000,0.0000,1.0000,0.0065,-0.0000,-0.0065,1.0000),
      ["Head"] = CFrame.new(0.0032,-0.0017,-0.0423,1.0000,-0.0000,0.0000,0.0000,0.9805,0.1964,-0.0000,-0.1964,0.9805),
      ["RightUpperArm"] = CFrame.new(0.0000,0.0000,0.0000,1.0000,0.0000,-0.0000,-0.0000,1.0000,-0.0000,0.0000,0.0000,1.0000),
      ["RightLowerArm"] = CFrame.new(-0.0000,0.0000,0.0000,1.0000,-0.0000,0.0000,0.0000,1.0000,-0.0000,0.0000,0.0000,1.0000),
      ["RightHand"] = CFrame.new(0.0000,0.0000,0.0000,1.0000,-0.0000,0.0000,0.0000,1.0000,-0.0000,0.0000,0.0000,1.0000),
      ["LeftUpperArm"] = CFrame.new(0.0000,0.0000,0.0000,1.0000,-0.0000,0.0000,0.0000,0.9999,0.0117,-0.0000,-0.0117,0.9999),
      ["LeftLowerArm"] = CFrame.new(0.0000,0.0000,0.0000,1.0000,0.0000,0.0000,0.0000,1.0000,0.0000,0.0000,0.0000,1.0000),
      ["LeftHand"] = CFrame.new(0.0000,0.0000,0.0000,1.0000,0.0000,0.0000,0.0000,1.0000,0.0000,0.0000,0.0000,1.0000),
      ["RightUpperLeg"] = CFrame.new(0.0000,0.0000,0.0000,1.0000,0.0000,0.0000,0.0000,1.0000,0.0000,0.0000,0.0000,1.0000),
      ["RightLowerLeg"] = CFrame.new(0.0000,0.0000,0.0000,1.0000,0.0000,0.0000,0.0000,1.0000,0.0000,0.0000,0.0000,1.0000),
      ["RightFoot"] = CFrame.new(0.0000,0.0000,0.0000,1.0000,0.0000,0.0000,0.0000,1.0000,0.0000,0.0000,0.0000,1.0000),
    }},
    {Time = 3.833, Data = {
      ["HumanoidRootPart"] = CFrame.new(0.0000,0.0000,0.0000,1.0000,0.0000,0.0000,0.0000,1.0000,0.0000,0.0000,0.0000,1.0000),
      ["LowerTorso"] = CFrame.new(0.0000,0.0000,0.0000,1.0000,0.0000,0.0000,0.0000,1.0000,0.0000,0.0000,0.0000,1.0000),
      ["LeftUpperLeg"] = CFrame.new(0.0000,0.0000,0.0000,1.0000,0.0000,0.0000,0.0000,1.0000,0.0000,0.0000,0.0000,1.0000),
      ["LeftLowerLeg"] = CFrame.new(0.0000,0.0000,0.0000,1.0000,0.0000,0.0000,0.0000,1.0000,0.0000,0.0000,0.0000,1.0000),
      ["LeftFoot"] = CFrame.new(0.0000,0.0000,0.0000,1.0000,0.0000,0.0000,0.0000,1.0000,0.0000,0.0000,0.0000,1.0000),
      ["UpperTorso"] = CFrame.new(0.0000,0.0000,0.0000,1.0000,-0.0000,0.0000,0.0000,1.0000,0.0079,-0.0000,-0.0079,1.0000),
      ["Head"] = CFrame.new(0.0032,-0.0017,-0.0423,1.0000,-0.0000,0.0000,0.0000,0.9806,0.1959,-0.0000,-0.1959,0.9806),
      ["RightUpperArm"] = CFrame.new(0.0000,0.0000,0.0000,1.0000,0.0000,-0.0000,-0.0000,1.0000,-0.0000,0.0000,0.0000,1.0000),
      ["RightLowerArm"] = CFrame.new(-0.0000,0.0000,0.0000,1.0000,-0.0000,0.0000,0.0000,1.0000,-0.0000,0.0000,0.0000,1.0000),
      ["RightHand"] = CFrame.new(0.0000,0.0000,0.0000,1.0000,-0.0000,0.0000,0.0000,1.0000,-0.0000,0.0000,0.0000,1.0000),
      ["LeftUpperArm"] = CFrame.new(0.0000,0.0000,0.0000,1.0000,-0.0000,0.0000,0.0000,0.9999,0.0135,-0.0000,-0.0135,0.9999),
      ["LeftLowerArm"] = CFrame.new(0.0000,0.0000,0.0000,1.0000,0.0000,0.0000,0.0000,1.0000,0.0000,0.0000,0.0000,1.0000),
      ["LeftHand"] = CFrame.new(0.0000,0.0000,0.0000,1.0000,0.0000,0.0000,0.0000,1.0000,0.0000,0.0000,0.0000,1.0000),
      ["RightUpperLeg"] = CFrame.new(0.0000,0.0000,0.0000,1.0000,0.0000,0.0000,0.0000,1.0000,0.0000,0.0000,0.0000,1.0000),
      ["RightLowerLeg"] = CFrame.new(0.0000,0.0000,0.0000,1.0000,0.0000,0.0000,0.0000,1.0000,0.0000,0.0000,0.0000,1.0000),
      ["RightFoot"] = CFrame.new(0.0000,0.0000,0.0000,1.0000,0.0000,0.0000,0.0000,1.0000,0.0000,0.0000,0.0000,1.0000),
    }},
    {Time = 3.867, Data = {
      ["HumanoidRootPart"] = CFrame.new(0.0000,0.0000,0.0000,1.0000,0.0000,0.0000,0.0000,1.0000,0.0000,0.0000,0.0000,1.0000),
      ["LowerTorso"] = CFrame.new(0.0000,0.0000,0.0000,1.0000,0.0000,0.0000,0.0000,1.0000,0.0000,0.0000,0.0000,1.0000),
      ["LeftUpperLeg"] = CFrame.new(0.0000,0.0000,0.0000,1.0000,0.0000,0.0000,0.0000,1.0000,0.0000,0.0000,0.0000,1.0000),
      ["LeftLowerLeg"] = CFrame.new(0.0000,0.0000,0.0000,1.0000,0.0000,0.0000,0.0000,1.0000,0.0000,0.0000,0.0000,1.0000),
      ["LeftFoot"] = CFrame.new(0.0000,0.0000,0.0000,1.0000,0.0000,0.0000,0.0000,1.0000,0.0000,0.0000,0.0000,1.0000),
      ["UpperTorso"] = CFrame.new(0.0000,0.0000,0.0000,1.0000,-0.0000,0.0000,0.0000,1.0000,0.0092,-0.0000,-0.0092,1.0000),
      ["Head"] = CFrame.new(0.0032,-0.0017,-0.0423,1.0000,-0.0000,0.0000,0.0000,0.9807,0.1953,-0.0000,-0.1953,0.9807),
      ["RightUpperArm"] = CFrame.new(0.0000,0.0000,0.0000,1.0000,0.0000,-0.0000,-0.0000,1.0000,-0.0000,0.0000,0.0000,1.0000),
      ["RightLowerArm"] = CFrame.new(-0.0000,0.0000,0.0000,1.0000,-0.0000,0.0000,0.0000,1.0000,-0.0000,0.0000,0.0000,1.0000),
      ["RightHand"] = CFrame.new(0.0000,0.0000,0.0000,1.0000,-0.0000,0.0000,0.0000,1.0000,-0.0000,0.0000,0.0000,1.0000),
      ["LeftUpperArm"] = CFrame.new(0.0000,0.0000,0.0000,1.0000,-0.0000,0.0000,0.0000,0.9999,0.0152,-0.0000,-0.0152,0.9999),
      ["LeftLowerArm"] = CFrame.new(0.0000,0.0000,0.0000,1.0000,0.0000,0.0000,0.0000,1.0000,0.0000,0.0000,0.0000,1.0000),
      ["LeftHand"] = CFrame.new(0.0000,0.0000,0.0000,1.0000,0.0000,0.0000,0.0000,1.0000,0.0000,0.0000,0.0000,1.0000),
      ["RightUpperLeg"] = CFrame.new(0.0000,0.0000,0.0000,1.0000,0.0000,0.0000,0.0000,1.0000,0.0000,0.0000,0.0000,1.0000),
      ["RightLowerLeg"] = CFrame.new(0.0000,0.0000,0.0000,1.0000,0.0000,0.0000,0.0000,1.0000,0.0000,0.0000,0.0000,1.0000),
      ["RightFoot"] = CFrame.new(0.0000,0.0000,0.0000,1.0000,0.0000,0.0000,0.0000,1.0000,0.0000,0.0000,0.0000,1.0000),
    }},
    {Time = 3.900, Data = {
      ["HumanoidRootPart"] = CFrame.new(0.0000,0.0000,0.0000,1.0000,0.0000,0.0000,0.0000,1.0000,0.0000,0.0000,0.0000,1.0000),
      ["LowerTorso"] = CFrame.new(0.0000,0.0000,0.0000,1.0000,0.0000,0.0000,0.0000,1.0000,0.0000,0.0000,0.0000,1.0000),
      ["LeftUpperLeg"] = CFrame.new(0.0000,0.0000,0.0000,1.0000,0.0000,0.0000,0.0000,1.0000,0.0000,0.0000,0.0000,1.0000),
      ["LeftLowerLeg"] = CFrame.new(0.0000,0.0000,0.0000,1.0000,0.0000,0.0000,0.0000,1.0000,0.0000,0.0000,0.0000,1.0000),
      ["LeftFoot"] = CFrame.new(0.0000,0.0000,0.0000,1.0000,0.0000,0.0000,0.0000,1.0000,0.0000,0.0000,0.0000,1.0000),
      ["UpperTorso"] = CFrame.new(0.0000,0.0000,0.0000,1.0000,-0.0000,0.0000,0.0000,0.9999,0.0106,-0.0000,-0.0106,0.9999),
      ["Head"] = CFrame.new(0.0032,-0.0017,-0.0423,1.0000,-0.0000,0.0000,0.0000,0.9809,0.1947,-0.0000,-0.1947,0.9809),
      ["RightUpperArm"] = CFrame.new(0.0000,0.0000,0.0000,1.0000,0.0000,-0.0000,-0.0000,1.0000,-0.0000,0.0000,0.0000,1.0000),
      ["RightLowerArm"] = CFrame.new(-0.0000,0.0000,0.0000,1.0000,-0.0000,0.0000,0.0000,1.0000,-0.0000,0.0000,0.0000,1.0000),
      ["RightHand"] = CFrame.new(0.0000,0.0000,0.0000,1.0000,-0.0000,0.0000,0.0000,1.0000,-0.0000,0.0000,0.0000,1.0000),
      ["LeftUpperArm"] = CFrame.new(0.0000,0.0000,0.0000,1.0000,-0.0000,0.0000,0.0000,0.9999,0.0169,-0.0000,-0.0169,0.9999),
      ["LeftLowerArm"] = CFrame.new(0.0000,0.0000,0.0000,1.0000,0.0000,0.0000,0.0000,1.0000,0.0000,0.0000,0.0000,1.0000),
      ["LeftHand"] = CFrame.new(0.0000,0.0000,0.0000,1.0000,0.0000,0.0000,0.0000,1.0000,0.0000,0.0000,0.0000,1.0000),
      ["RightUpperLeg"] = CFrame.new(0.0000,0.0000,0.0000,1.0000,0.0000,0.0000,0.0000,1.0000,0.0000,0.0000,0.0000,1.0000),
      ["RightLowerLeg"] = CFrame.new(0.0000,0.0000,0.0000,1.0000,0.0000,0.0000,0.0000,1.0000,0.0000,0.0000,0.0000,1.0000),
      ["RightFoot"] = CFrame.new(0.0000,0.0000,0.0000,1.0000,0.0000,0.0000,0.0000,1.0000,0.0000,0.0000,0.0000,1.0000),
    }},
    {Time = 3.933, Data = {
      ["HumanoidRootPart"] = CFrame.new(0.0000,0.0000,0.0000,1.0000,0.0000,0.0000,0.0000,1.0000,0.0000,0.0000,0.0000,1.0000),
      ["LowerTorso"] = CFrame.new(0.0000,0.0000,0.0000,1.0000,0.0000,0.0000,0.0000,1.0000,0.0000,0.0000,0.0000,1.0000),
      ["LeftUpperLeg"] = CFrame.new(0.0000,0.0000,0.0000,1.0000,0.0000,0.0000,0.0000,1.0000,0.0000,0.0000,0.0000,1.0000),
      ["LeftLowerLeg"] = CFrame.new(0.0000,0.0000,0.0000,1.0000,0.0000,0.0000,0.0000,1.0000,0.0000,0.0000,0.0000,1.0000),
      ["LeftFoot"] = CFrame.new(0.0000,0.0000,0.0000,1.0000,0.0000,0.0000,0.0000,1.0000,0.0000,0.0000,0.0000,1.0000),
      ["UpperTorso"] = CFrame.new(0.0000,0.0000,0.0000,1.0000,-0.0000,0.0000,0.0000,0.9999,0.0119,-0.0000,-0.0119,0.9999),
      ["Head"] = CFrame.new(0.0032,-0.0017,-0.0423,1.0000,-0.0000,0.0000,0.0000,0.9810,0.1941,-0.0000,-0.1941,0.9810),
      ["RightUpperArm"] = CFrame.new(0.0000,0.0000,0.0000,1.0000,-0.0000,0.0000,0.0000,1.0000,-0.0000,-0.0000,0.0000,1.0000),
      ["RightLowerArm"] = CFrame.new(-0.0000,0.0000,0.0000,1.0000,-0.0000,0.0000,0.0000,1.0000,-0.0000,0.0000,0.0000,1.0000),
      ["RightHand"] = CFrame.new(0.0000,0.0000,0.0000,1.0000,-0.0000,0.0000,0.0000,1.0000,-0.0000,0.0000,0.0000,1.0000),
      ["LeftUpperArm"] = CFrame.new(0.0000,0.0000,0.0000,1.0000,-0.0000,0.0000,0.0000,0.9998,0.0184,-0.0000,-0.0184,0.9998),
      ["LeftLowerArm"] = CFrame.new(0.0000,0.0000,0.0000,1.0000,0.0000,0.0000,0.0000,1.0000,0.0000,0.0000,0.0000,1.0000),
      ["LeftHand"] = CFrame.new(0.0000,0.0000,0.0000,1.0000,0.0000,0.0000,0.0000,1.0000,0.0000,0.0000,0.0000,1.0000),
      ["RightUpperLeg"] = CFrame.new(0.0000,0.0000,0.0000,1.0000,0.0000,0.0000,0.0000,1.0000,0.0000,0.0000,0.0000,1.0000),
      ["RightLowerLeg"] = CFrame.new(0.0000,0.0000,0.0000,1.0000,0.0000,0.0000,0.0000,1.0000,0.0000,0.0000,0.0000,1.0000),
      ["RightFoot"] = CFrame.new(0.0000,0.0000,0.0000,1.0000,0.0000,0.0000,0.0000,1.0000,0.0000,0.0000,0.0000,1.0000),
    }},
    {Time = 3.967, Data = {
      ["HumanoidRootPart"] = CFrame.new(0.0000,0.0000,0.0000,1.0000,0.0000,0.0000,0.0000,1.0000,0.0000,0.0000,0.0000,1.0000),
      ["LowerTorso"] = CFrame.new(0.0000,0.0000,0.0000,1.0000,0.0000,0.0000,0.0000,1.0000,0.0000,0.0000,0.0000,1.0000),
      ["LeftUpperLeg"] = CFrame.new(0.0000,0.0000,0.0000,1.0000,0.0000,0.0000,0.0000,1.0000,0.0000,0.0000,0.0000,1.0000),
      ["LeftLowerLeg"] = CFrame.new(0.0000,0.0000,0.0000,1.0000,0.0000,0.0000,0.0000,1.0000,0.0000,0.0000,0.0000,1.0000),
      ["LeftFoot"] = CFrame.new(0.0000,0.0000,0.0000,1.0000,0.0000,0.0000,0.0000,1.0000,0.0000,0.0000,0.0000,1.0000),
      ["UpperTorso"] = CFrame.new(0.0000,0.0000,0.0000,1.0000,-0.0000,0.0000,0.0000,0.9999,0.0133,-0.0000,-0.0133,0.9999),
      ["Head"] = CFrame.new(0.0032,-0.0017,-0.0423,1.0000,-0.0000,0.0000,0.0000,0.9811,0.1936,-0.0000,-0.1936,0.9811),
      ["RightUpperArm"] = CFrame.new(0.0000,0.0000,0.0000,1.0000,0.0000,-0.0000,-0.0000,1.0000,-0.0000,0.0000,0.0000,1.0000),
      ["RightLowerArm"] = CFrame.new(-0.0000,0.0000,0.0000,1.0000,-0.0000,0.0000,0.0000,1.0000,-0.0000,0.0000,0.0000,1.0000),
      ["RightHand"] = CFrame.new(0.0000,0.0000,0.0000,1.0000,-0.0000,0.0000,0.0000,1.0000,-0.0000,0.0000,0.0000,1.0000),
      ["LeftUpperArm"] = CFrame.new(0.0000,0.0000,0.0000,1.0000,-0.0000,0.0000,0.0000,0.9998,0.0199,-0.0000,-0.0199,0.9998),
      ["LeftLowerArm"] = CFrame.new(0.0000,0.0000,0.0000,1.0000,0.0000,0.0000,0.0000,1.0000,0.0000,0.0000,0.0000,1.0000),
      ["LeftHand"] = CFrame.new(0.0000,0.0000,0.0000,1.0000,0.0000,0.0000,0.0000,1.0000,0.0000,0.0000,0.0000,1.0000),
      ["RightUpperLeg"] = CFrame.new(0.0000,0.0000,0.0000,1.0000,0.0000,0.0000,0.0000,1.0000,0.0000,0.0000,0.0000,1.0000),
      ["RightLowerLeg"] = CFrame.new(0.0000,0.0000,0.0000,1.0000,0.0000,0.0000,0.0000,1.0000,0.0000,0.0000,0.0000,1.0000),
      ["RightFoot"] = CFrame.new(0.0000,0.0000,0.0000,1.0000,0.0000,0.0000,0.0000,1.0000,0.0000,0.0000,0.0000,1.0000),
    }},
    {Time = 4.000, Data = {
      ["HumanoidRootPart"] = CFrame.new(0.0000,0.0000,0.0000,1.0000,0.0000,0.0000,0.0000,1.0000,0.0000,0.0000,0.0000,1.0000),
      ["LowerTorso"] = CFrame.new(0.0000,0.0000,0.0000,1.0000,0.0000,0.0000,0.0000,1.0000,0.0000,0.0000,0.0000,1.0000),
      ["LeftUpperLeg"] = CFrame.new(0.0000,0.0000,0.0000,1.0000,0.0000,0.0000,0.0000,1.0000,0.0000,0.0000,0.0000,1.0000),
      ["LeftLowerLeg"] = CFrame.new(0.0000,0.0000,0.0000,1.0000,0.0000,0.0000,0.0000,1.0000,0.0000,0.0000,0.0000,1.0000),
      ["LeftFoot"] = CFrame.new(0.0000,0.0000,0.0000,1.0000,0.0000,0.0000,0.0000,1.0000,0.0000,0.0000,0.0000,1.0000),
      ["UpperTorso"] = CFrame.new(0.0000,0.0000,0.0000,1.0000,-0.0000,0.0000,0.0000,0.9999,0.0146,-0.0000,-0.0146,0.9999),
      ["Head"] = CFrame.new(0.0032,-0.0017,-0.0423,1.0000,-0.0000,0.0000,0.0000,0.9812,0.1930,-0.0000,-0.1930,0.9812),
      ["RightUpperArm"] = CFrame.new(0.0000,0.0000,0.0000,1.0000,0.0000,-0.0000,-0.0000,1.0000,-0.0000,0.0000,0.0000,1.0000),
      ["RightLowerArm"] = CFrame.new(-0.0000,0.0000,0.0000,1.0000,-0.0000,0.0000,0.0000,1.0000,-0.0000,0.0000,0.0000,1.0000),
      ["RightHand"] = CFrame.new(0.0000,0.0000,0.0000,1.0000,-0.0000,0.0000,0.0000,1.0000,-0.0000,0.0000,0.0000,1.0000),
      ["LeftUpperArm"] = CFrame.new(0.0000,0.0000,0.0000,1.0000,-0.0000,0.0000,0.0000,0.9998,0.0213,-0.0000,-0.0213,0.9998),
      ["LeftLowerArm"] = CFrame.new(0.0000,0.0000,0.0000,1.0000,0.0000,0.0000,0.0000,1.0000,0.0000,0.0000,0.0000,1.0000),
      ["LeftHand"] = CFrame.new(0.0000,0.0000,0.0000,1.0000,0.0000,0.0000,0.0000,1.0000,0.0000,0.0000,0.0000,1.0000),
      ["RightUpperLeg"] = CFrame.new(0.0000,0.0000,0.0000,1.0000,0.0000,0.0000,0.0000,1.0000,0.0000,0.0000,0.0000,1.0000),
      ["RightLowerLeg"] = CFrame.new(0.0000,0.0000,0.0000,1.0000,0.0000,0.0000,0.0000,1.0000,0.0000,0.0000,0.0000,1.0000),
      ["RightFoot"] = CFrame.new(0.0000,0.0000,0.0000,1.0000,0.0000,0.0000,0.0000,1.0000,0.0000,0.0000,0.0000,1.0000),
    }},
    {Time = 4.033, Data = {
      ["HumanoidRootPart"] = CFrame.new(0.0000,0.0000,0.0000,1.0000,0.0000,0.0000,0.0000,1.0000,0.0000,0.0000,0.0000,1.0000),
      ["LowerTorso"] = CFrame.new(0.0000,0.0000,0.0000,1.0000,0.0000,0.0000,0.0000,1.0000,0.0000,0.0000,0.0000,1.0000),
      ["LeftUpperLeg"] = CFrame.new(0.0000,0.0000,0.0000,1.0000,0.0000,0.0000,0.0000,1.0000,0.0000,0.0000,0.0000,1.0000),
      ["LeftLowerLeg"] = CFrame.new(0.0000,0.0000,0.0000,1.0000,0.0000,0.0000,0.0000,1.0000,0.0000,0.0000,0.0000,1.0000),
      ["LeftFoot"] = CFrame.new(0.0000,0.0000,0.0000,1.0000,0.0000,0.0000,0.0000,1.0000,0.0000,0.0000,0.0000,1.0000),
      ["UpperTorso"] = CFrame.new(0.0000,0.0000,0.0000,1.0000,-0.0000,0.0000,0.0000,0.9999,0.0160,-0.0000,-0.0160,0.9999),
      ["Head"] = CFrame.new(0.0032,-0.0017,-0.0423,1.0000,-0.0000,0.0000,0.0000,0.9813,0.1924,-0.0000,-0.1924,0.9813),
      ["RightUpperArm"] = CFrame.new(0.0000,0.0000,0.0000,1.0000,0.0000,-0.0000,-0.0000,1.0000,-0.0000,0.0000,0.0000,1.0000),
      ["RightLowerArm"] = CFrame.new(-0.0000,0.0000,0.0000,1.0000,-0.0000,0.0000,0.0000,1.0000,-0.0000,0.0000,0.0000,1.0000),
      ["RightHand"] = CFrame.new(0.0000,0.0000,0.0000,1.0000,-0.0000,0.0000,0.0000,1.0000,-0.0000,0.0000,0.0000,1.0000),
      ["LeftUpperArm"] = CFrame.new(0.0000,0.0000,0.0000,1.0000,-0.0000,0.0000,0.0000,0.9997,0.0226,-0.0000,-0.0226,0.9997),
      ["LeftLowerArm"] = CFrame.new(0.0000,0.0000,0.0000,1.0000,0.0000,0.0000,0.0000,1.0000,0.0000,0.0000,0.0000,1.0000),
      ["LeftHand"] = CFrame.new(0.0000,0.0000,0.0000,1.0000,0.0000,0.0000,0.0000,1.0000,0.0000,0.0000,0.0000,1.0000),
      ["RightUpperLeg"] = CFrame.new(0.0000,0.0000,0.0000,1.0000,0.0000,0.0000,0.0000,1.0000,0.0000,0.0000,0.0000,1.0000),
      ["RightLowerLeg"] = CFrame.new(0.0000,0.0000,0.0000,1.0000,0.0000,0.0000,0.0000,1.0000,0.0000,0.0000,0.0000,1.0000),
      ["RightFoot"] = CFrame.new(0.0000,0.0000,0.0000,1.0000,0.0000,0.0000,0.0000,1.0000,0.0000,0.0000,0.0000,1.0000),
    }},
    {Time = 4.067, Data = {
      ["HumanoidRootPart"] = CFrame.new(0.0000,0.0000,0.0000,1.0000,0.0000,0.0000,0.0000,1.0000,0.0000,0.0000,0.0000,1.0000),
      ["LowerTorso"] = CFrame.new(0.0000,0.0000,0.0000,1.0000,0.0000,0.0000,0.0000,1.0000,0.0000,0.0000,0.0000,1.0000),
      ["LeftUpperLeg"] = CFrame.new(0.0000,0.0000,0.0000,1.0000,0.0000,0.0000,0.0000,1.0000,0.0000,0.0000,0.0000,1.0000),
      ["LeftLowerLeg"] = CFrame.new(0.0000,0.0000,0.0000,1.0000,0.0000,0.0000,0.0000,1.0000,0.0000,0.0000,0.0000,1.0000),
      ["LeftFoot"] = CFrame.new(0.0000,0.0000,0.0000,1.0000,0.0000,0.0000,0.0000,1.0000,0.0000,0.0000,0.0000,1.0000),
      ["UpperTorso"] = CFrame.new(0.0000,0.0000,0.0000,1.0000,-0.0000,0.0000,0.0000,0.9998,0.0174,-0.0000,-0.0174,0.9998),
      ["Head"] = CFrame.new(0.0032,-0.0017,-0.0423,1.0000,-0.0000,0.0000,0.0000,0.9814,0.1919,-0.0000,-0.1919,0.9814),
      ["RightUpperArm"] = CFrame.new(0.0000,0.0000,0.0000,1.0000,0.0000,-0.0000,-0.0000,1.0000,-0.0000,0.0000,0.0000,1.0000),
      ["RightLowerArm"] = CFrame.new(-0.0000,0.0000,0.0000,1.0000,-0.0000,0.0000,0.0000,1.0000,-0.0000,0.0000,0.0000,1.0000),
      ["RightHand"] = CFrame.new(0.0000,0.0000,0.0000,1.0000,-0.0000,0.0000,0.0000,1.0000,-0.0000,0.0000,0.0000,1.0000),
      ["LeftUpperArm"] = CFrame.new(0.0000,0.0000,0.0000,1.0000,-0.0000,0.0000,0.0000,0.9997,0.0237,-0.0000,-0.0237,0.9997),
      ["LeftLowerArm"] = CFrame.new(0.0000,0.0000,0.0000,1.0000,0.0000,0.0000,0.0000,1.0000,0.0000,0.0000,0.0000,1.0000),
      ["LeftHand"] = CFrame.new(0.0000,0.0000,0.0000,1.0000,0.0000,0.0000,0.0000,1.0000,0.0000,0.0000,0.0000,1.0000),
      ["RightUpperLeg"] = CFrame.new(0.0000,0.0000,0.0000,1.0000,0.0000,0.0000,0.0000,1.0000,0.0000,0.0000,0.0000,1.0000),
      ["RightLowerLeg"] = CFrame.new(0.0000,0.0000,0.0000,1.0000,0.0000,0.0000,0.0000,1.0000,0.0000,0.0000,0.0000,1.0000),
      ["RightFoot"] = CFrame.new(0.0000,0.0000,0.0000,1.0000,0.0000,0.0000,0.0000,1.0000,0.0000,0.0000,0.0000,1.0000),
    }},
    {Time = 4.100, Data = {
      ["HumanoidRootPart"] = CFrame.new(0.0000,0.0000,0.0000,1.0000,0.0000,0.0000,0.0000,1.0000,0.0000,0.0000,0.0000,1.0000),
      ["LowerTorso"] = CFrame.new(0.0000,0.0000,0.0000,1.0000,0.0000,0.0000,0.0000,1.0000,0.0000,0.0000,0.0000,1.0000),
      ["LeftUpperLeg"] = CFrame.new(0.0000,0.0000,0.0000,1.0000,0.0000,0.0000,0.0000,1.0000,0.0000,0.0000,0.0000,1.0000),
      ["LeftLowerLeg"] = CFrame.new(0.0000,0.0000,0.0000,1.0000,0.0000,0.0000,0.0000,1.0000,0.0000,0.0000,0.0000,1.0000),
      ["LeftFoot"] = CFrame.new(0.0000,0.0000,0.0000,1.0000,0.0000,0.0000,0.0000,1.0000,0.0000,0.0000,0.0000,1.0000),
      ["UpperTorso"] = CFrame.new(0.0000,0.0000,0.0000,1.0000,-0.0000,0.0000,0.0000,0.9998,0.0187,-0.0000,-0.0187,0.9998),
      ["Head"] = CFrame.new(0.0032,-0.0017,-0.0423,1.0000,-0.0000,0.0000,0.0000,0.9815,0.1913,-0.0000,-0.1913,0.9815),
      ["RightUpperArm"] = CFrame.new(0.0000,0.0000,0.0000,1.0000,0.0000,-0.0000,-0.0000,1.0000,-0.0000,0.0000,0.0000,1.0000),
      ["RightLowerArm"] = CFrame.new(-0.0000,0.0000,0.0000,1.0000,-0.0000,0.0000,0.0000,1.0000,-0.0000,0.0000,0.0000,1.0000),
      ["RightHand"] = CFrame.new(0.0000,0.0000,0.0000,1.0000,-0.0000,0.0000,0.0000,1.0000,-0.0000,0.0000,0.0000,1.0000),
      ["LeftUpperArm"] = CFrame.new(0.0000,0.0000,0.0000,1.0000,-0.0000,0.0000,0.0000,0.9997,0.0247,-0.0000,-0.0247,0.9997),
      ["LeftLowerArm"] = CFrame.new(0.0000,0.0000,0.0000,1.0000,0.0000,0.0000,0.0000,1.0000,0.0000,0.0000,0.0000,1.0000),
      ["LeftHand"] = CFrame.new(0.0000,0.0000,0.0000,1.0000,0.0000,0.0000,0.0000,1.0000,0.0000,0.0000,0.0000,1.0000),
      ["RightUpperLeg"] = CFrame.new(0.0000,0.0000,0.0000,1.0000,0.0000,0.0000,0.0000,1.0000,0.0000,0.0000,0.0000,1.0000),
      ["RightLowerLeg"] = CFrame.new(0.0000,0.0000,0.0000,1.0000,0.0000,0.0000,0.0000,1.0000,0.0000,0.0000,0.0000,1.0000),
      ["RightFoot"] = CFrame.new(0.0000,0.0000,0.0000,1.0000,0.0000,0.0000,0.0000,1.0000,0.0000,0.0000,0.0000,1.0000),
    }},
    {Time = 4.133, Data = {
      ["HumanoidRootPart"] = CFrame.new(0.0000,0.0000,0.0000,1.0000,0.0000,0.0000,0.0000,1.0000,0.0000,0.0000,0.0000,1.0000),
      ["LowerTorso"] = CFrame.new(0.0000,0.0000,0.0000,1.0000,0.0000,0.0000,0.0000,1.0000,0.0000,0.0000,0.0000,1.0000),
      ["LeftUpperLeg"] = CFrame.new(0.0000,0.0000,0.0000,1.0000,0.0000,0.0000,0.0000,1.0000,0.0000,0.0000,0.0000,1.0000),
      ["LeftLowerLeg"] = CFrame.new(0.0000,0.0000,0.0000,1.0000,0.0000,0.0000,0.0000,1.0000,0.0000,0.0000,0.0000,1.0000),
      ["LeftFoot"] = CFrame.new(0.0000,0.0000,0.0000,1.0000,0.0000,0.0000,0.0000,1.0000,0.0000,0.0000,0.0000,1.0000),
      ["UpperTorso"] = CFrame.new(0.0000,0.0000,0.0000,1.0000,-0.0000,0.0000,0.0000,0.9998,0.0201,-0.0000,-0.0201,0.9998),
      ["Head"] = CFrame.new(0.0032,-0.0017,-0.0423,1.0000,-0.0000,0.0000,0.0000,0.9816,0.1907,-0.0000,-0.1907,0.9816),
      ["RightUpperArm"] = CFrame.new(0.0000,0.0000,0.0000,1.0000,0.0000,-0.0000,-0.0000,1.0000,-0.0000,0.0000,0.0000,1.0000),
      ["RightLowerArm"] = CFrame.new(-0.0000,0.0000,0.0000,1.0000,-0.0000,0.0000,0.0000,1.0000,-0.0000,0.0000,0.0000,1.0000),
      ["RightHand"] = CFrame.new(0.0000,0.0000,0.0000,1.0000,-0.0000,0.0000,0.0000,1.0000,-0.0000,0.0000,0.0000,1.0000),
      ["LeftUpperArm"] = CFrame.new(0.0000,0.0000,0.0000,1.0000,-0.0000,0.0000,0.0000,0.9997,0.0256,-0.0000,-0.0256,0.9997),
      ["LeftLowerArm"] = CFrame.new(0.0000,0.0000,0.0000,1.0000,0.0000,0.0000,0.0000,1.0000,0.0000,0.0000,0.0000,1.0000),
      ["LeftHand"] = CFrame.new(0.0000,0.0000,0.0000,1.0000,0.0000,0.0000,0.0000,1.0000,0.0000,0.0000,0.0000,1.0000),
      ["RightUpperLeg"] = CFrame.new(0.0000,0.0000,0.0000,1.0000,0.0000,0.0000,0.0000,1.0000,0.0000,0.0000,0.0000,1.0000),
      ["RightLowerLeg"] = CFrame.new(0.0000,0.0000,0.0000,1.0000,0.0000,0.0000,0.0000,1.0000,0.0000,0.0000,0.0000,1.0000),
      ["RightFoot"] = CFrame.new(0.0000,0.0000,0.0000,1.0000,0.0000,0.0000,0.0000,1.0000,0.0000,0.0000,0.0000,1.0000),
    }},
    {Time = 4.167, Data = {
      ["HumanoidRootPart"] = CFrame.new(0.0000,0.0000,0.0000,1.0000,0.0000,0.0000,0.0000,1.0000,0.0000,0.0000,0.0000,1.0000),
      ["LowerTorso"] = CFrame.new(0.0000,0.0000,0.0000,1.0000,0.0000,0.0000,0.0000,1.0000,0.0000,0.0000,0.0000,1.0000),
      ["LeftUpperLeg"] = CFrame.new(0.0000,0.0000,0.0000,1.0000,0.0000,0.0000,0.0000,1.0000,0.0000,0.0000,0.0000,1.0000),
      ["LeftLowerLeg"] = CFrame.new(0.0000,0.0000,0.0000,1.0000,0.0000,0.0000,0.0000,1.0000,0.0000,0.0000,0.0000,1.0000),
      ["LeftFoot"] = CFrame.new(0.0000,0.0000,0.0000,1.0000,0.0000,0.0000,0.0000,1.0000,0.0000,0.0000,0.0000,1.0000),
      ["UpperTorso"] = CFrame.new(0.0000,0.0000,0.0000,1.0000,-0.0000,0.0000,0.0000,0.9998,0.0214,-0.0000,-0.0214,0.9998),
      ["Head"] = CFrame.new(0.0032,-0.0017,-0.0423,1.0000,-0.0000,0.0000,0.0000,0.9818,0.1902,-0.0000,-0.1902,0.9818),
      ["RightUpperArm"] = CFrame.new(0.0000,0.0000,0.0000,1.0000,0.0000,-0.0000,-0.0000,1.0000,-0.0000,0.0000,0.0000,1.0000),
      ["RightLowerArm"] = CFrame.new(-0.0000,0.0000,0.0000,1.0000,-0.0000,0.0000,0.0000,1.0000,-0.0000,0.0000,0.0000,1.0000),
      ["RightHand"] = CFrame.new(0.0000,0.0000,0.0000,1.0000,-0.0000,0.0000,0.0000,1.0000,-0.0000,0.0000,0.0000,1.0000),
      ["LeftUpperArm"] = CFrame.new(0.0000,0.0000,0.0000,1.0000,-0.0000,0.0000,0.0000,0.9997,0.0264,-0.0000,-0.0264,0.9997),
      ["LeftLowerArm"] = CFrame.new(0.0000,0.0000,0.0000,1.0000,0.0000,0.0000,0.0000,1.0000,0.0000,0.0000,0.0000,1.0000),
      ["LeftHand"] = CFrame.new(0.0000,0.0000,0.0000,1.0000,0.0000,0.0000,0.0000,1.0000,0.0000,0.0000,0.0000,1.0000),
      ["RightUpperLeg"] = CFrame.new(0.0000,0.0000,0.0000,1.0000,0.0000,0.0000,0.0000,1.0000,0.0000,0.0000,0.0000,1.0000),
      ["RightLowerLeg"] = CFrame.new(0.0000,0.0000,0.0000,1.0000,0.0000,0.0000,0.0000,1.0000,0.0000,0.0000,0.0000,1.0000),
      ["RightFoot"] = CFrame.new(0.0000,0.0000,0.0000,1.0000,0.0000,0.0000,0.0000,1.0000,0.0000,0.0000,0.0000,1.0000),
    }},
    {Time = 4.200, Data = {
      ["HumanoidRootPart"] = CFrame.new(0.0000,0.0000,0.0000,1.0000,0.0000,0.0000,0.0000,1.0000,0.0000,0.0000,0.0000,1.0000),
      ["LowerTorso"] = CFrame.new(0.0000,0.0000,0.0000,1.0000,0.0000,0.0000,0.0000,1.0000,0.0000,0.0000,0.0000,1.0000),
      ["LeftUpperLeg"] = CFrame.new(0.0000,0.0000,0.0000,1.0000,0.0000,0.0000,0.0000,1.0000,0.0000,0.0000,0.0000,1.0000),
      ["LeftLowerLeg"] = CFrame.new(0.0000,0.0000,0.0000,1.0000,0.0000,0.0000,0.0000,1.0000,0.0000,0.0000,0.0000,1.0000),
      ["LeftFoot"] = CFrame.new(0.0000,0.0000,0.0000,1.0000,0.0000,0.0000,0.0000,1.0000,0.0000,0.0000,0.0000,1.0000),
      ["UpperTorso"] = CFrame.new(0.0000,0.0000,0.0000,1.0000,-0.0000,0.0000,0.0000,0.9997,0.0228,-0.0000,-0.0228,0.9997),
      ["Head"] = CFrame.new(0.0032,-0.0017,-0.0423,1.0000,-0.0000,0.0000,0.0000,0.9819,0.1896,-0.0000,-0.1896,0.9819),
      ["RightUpperArm"] = CFrame.new(0.0000,0.0000,0.0000,1.0000,0.0000,-0.0000,-0.0000,1.0000,-0.0000,0.0000,0.0000,1.0000),
      ["RightLowerArm"] = CFrame.new(-0.0000,0.0000,0.0000,1.0000,-0.0000,0.0000,0.0000,1.0000,-0.0000,0.0000,0.0000,1.0000),
      ["RightHand"] = CFrame.new(0.0000,0.0000,0.0000,1.0000,-0.0000,0.0000,0.0000,1.0000,-0.0000,0.0000,0.0000,1.0000),
      ["LeftUpperArm"] = CFrame.new(0.0000,0.0000,0.0000,1.0000,-0.0000,0.0000,0.0000,0.9996,0.0270,-0.0000,-0.0270,0.9996),
      ["LeftLowerArm"] = CFrame.new(0.0000,0.0000,0.0000,1.0000,0.0000,0.0000,0.0000,1.0000,0.0000,0.0000,0.0000,1.0000),
      ["LeftHand"] = CFrame.new(0.0000,0.0000,0.0000,1.0000,0.0000,0.0000,0.0000,1.0000,0.0000,0.0000,0.0000,1.0000),
      ["RightUpperLeg"] = CFrame.new(0.0000,0.0000,0.0000,1.0000,0.0000,0.0000,0.0000,1.0000,0.0000,0.0000,0.0000,1.0000),
      ["RightLowerLeg"] = CFrame.new(0.0000,0.0000,0.0000,1.0000,0.0000,0.0000,0.0000,1.0000,0.0000,0.0000,0.0000,1.0000),
      ["RightFoot"] = CFrame.new(0.0000,0.0000,0.0000,1.0000,0.0000,0.0000,0.0000,1.0000,0.0000,0.0000,0.0000,1.0000),
    }},
    {Time = 4.233, Data = {
      ["HumanoidRootPart"] = CFrame.new(0.0000,0.0000,0.0000,1.0000,0.0000,0.0000,0.0000,1.0000,0.0000,0.0000,0.0000,1.0000),
      ["LowerTorso"] = CFrame.new(0.0000,0.0000,0.0000,1.0000,0.0000,0.0000,0.0000,1.0000,0.0000,0.0000,0.0000,1.0000),
      ["LeftUpperLeg"] = CFrame.new(0.0000,0.0000,0.0000,1.0000,0.0000,0.0000,0.0000,1.0000,0.0000,0.0000,0.0000,1.0000),
      ["LeftLowerLeg"] = CFrame.new(0.0000,0.0000,0.0000,1.0000,0.0000,0.0000,0.0000,1.0000,0.0000,0.0000,0.0000,1.0000),
      ["LeftFoot"] = CFrame.new(0.0000,0.0000,0.0000,1.0000,0.0000,0.0000,0.0000,1.0000,0.0000,0.0000,0.0000,1.0000),
      ["UpperTorso"] = CFrame.new(0.0000,0.0000,0.0000,1.0000,-0.0000,0.0000,0.0000,0.9997,0.0241,-0.0000,-0.0241,0.9997),
      ["Head"] = CFrame.new(0.0032,-0.0017,-0.0423,1.0000,-0.0000,0.0000,0.0000,0.9820,0.1890,-0.0000,-0.1890,0.9820),
      ["RightUpperArm"] = CFrame.new(0.0000,0.0000,0.0000,1.0000,0.0000,-0.0000,-0.0000,1.0000,-0.0000,0.0000,0.0000,1.0000),
      ["RightLowerArm"] = CFrame.new(-0.0000,0.0000,0.0000,1.0000,-0.0000,0.0000,0.0000,1.0000,-0.0000,0.0000,0.0000,1.0000),
      ["RightHand"] = CFrame.new(0.0000,0.0000,0.0000,1.0000,-0.0000,0.0000,0.0000,1.0000,-0.0000,0.0000,0.0000,1.0000),
      ["LeftUpperArm"] = CFrame.new(0.0000,0.0000,0.0000,1.0000,-0.0000,0.0000,0.0000,0.9996,0.0275,-0.0000,-0.0275,0.9996),
      ["LeftLowerArm"] = CFrame.new(0.0000,0.0000,0.0000,1.0000,0.0000,0.0000,0.0000,1.0000,0.0000,0.0000,0.0000,1.0000),
      ["LeftHand"] = CFrame.new(0.0000,0.0000,0.0000,1.0000,0.0000,0.0000,0.0000,1.0000,0.0000,0.0000,0.0000,1.0000),
      ["RightUpperLeg"] = CFrame.new(0.0000,0.0000,0.0000,1.0000,0.0000,0.0000,0.0000,1.0000,0.0000,0.0000,0.0000,1.0000),
      ["RightLowerLeg"] = CFrame.new(0.0000,0.0000,0.0000,1.0000,0.0000,0.0000,0.0000,1.0000,0.0000,0.0000,0.0000,1.0000),
      ["RightFoot"] = CFrame.new(0.0000,0.0000,0.0000,1.0000,0.0000,0.0000,0.0000,1.0000,0.0000,0.0000,0.0000,1.0000),
    }},
    {Time = 4.267, Data = {
      ["HumanoidRootPart"] = CFrame.new(0.0000,0.0000,0.0000,1.0000,0.0000,0.0000,0.0000,1.0000,0.0000,0.0000,0.0000,1.0000),
      ["LowerTorso"] = CFrame.new(0.0000,0.0000,0.0000,1.0000,0.0000,0.0000,0.0000,1.0000,0.0000,0.0000,0.0000,1.0000),
      ["LeftUpperLeg"] = CFrame.new(0.0000,0.0000,0.0000,1.0000,0.0000,0.0000,0.0000,1.0000,0.0000,0.0000,0.0000,1.0000),
      ["LeftLowerLeg"] = CFrame.new(0.0000,0.0000,0.0000,1.0000,0.0000,0.0000,0.0000,1.0000,0.0000,0.0000,0.0000,1.0000),
      ["LeftFoot"] = CFrame.new(0.0000,0.0000,0.0000,1.0000,0.0000,0.0000,0.0000,1.0000,0.0000,0.0000,0.0000,1.0000),
      ["UpperTorso"] = CFrame.new(0.0000,0.0000,0.0000,1.0000,-0.0000,0.0000,0.0000,0.9997,0.0255,-0.0000,-0.0255,0.9997),
      ["Head"] = CFrame.new(0.0032,-0.0017,-0.0423,1.0000,-0.0000,0.0000,0.0000,0.9821,0.1884,-0.0000,-0.1884,0.9821),
      ["RightUpperArm"] = CFrame.new(0.0000,0.0000,0.0000,1.0000,0.0000,-0.0000,-0.0000,1.0000,0.0000,0.0000,-0.0000,1.0000),
      ["RightLowerArm"] = CFrame.new(-0.0000,0.0000,0.0000,1.0000,-0.0000,0.0000,0.0000,1.0000,-0.0000,0.0000,0.0000,1.0000),
      ["RightHand"] = CFrame.new(0.0000,0.0000,0.0000,1.0000,-0.0000,0.0000,0.0000,1.0000,-0.0000,0.0000,0.0000,1.0000),
      ["LeftUpperArm"] = CFrame.new(0.0000,0.0000,0.0000,1.0000,-0.0000,0.0000,0.0000,0.9996,0.0279,-0.0000,-0.0279,0.9996),
      ["LeftLowerArm"] = CFrame.new(0.0000,0.0000,0.0000,1.0000,0.0000,0.0000,0.0000,1.0000,0.0000,0.0000,0.0000,1.0000),
      ["LeftHand"] = CFrame.new(0.0000,0.0000,0.0000,1.0000,0.0000,0.0000,0.0000,1.0000,0.0000,0.0000,0.0000,1.0000),
      ["RightUpperLeg"] = CFrame.new(0.0000,0.0000,0.0000,1.0000,0.0000,0.0000,0.0000,1.0000,0.0000,0.0000,0.0000,1.0000),
      ["RightLowerLeg"] = CFrame.new(0.0000,0.0000,0.0000,1.0000,0.0000,0.0000,0.0000,1.0000,0.0000,0.0000,0.0000,1.0000),
      ["RightFoot"] = CFrame.new(0.0000,0.0000,0.0000,1.0000,0.0000,0.0000,0.0000,1.0000,0.0000,0.0000,0.0000,1.0000),
    }},
    {Time = 4.300, Data = {
      ["HumanoidRootPart"] = CFrame.new(0.0000,0.0000,0.0000,1.0000,0.0000,0.0000,0.0000,1.0000,0.0000,0.0000,0.0000,1.0000),
      ["LowerTorso"] = CFrame.new(0.0000,0.0000,0.0000,1.0000,0.0000,0.0000,0.0000,1.0000,0.0000,0.0000,0.0000,1.0000),
      ["LeftUpperLeg"] = CFrame.new(0.0000,0.0000,0.0000,1.0000,0.0000,0.0000,0.0000,1.0000,0.0000,0.0000,0.0000,1.0000),
      ["LeftLowerLeg"] = CFrame.new(0.0000,0.0000,0.0000,1.0000,0.0000,0.0000,0.0000,1.0000,0.0000,0.0000,0.0000,1.0000),
      ["LeftFoot"] = CFrame.new(0.0000,0.0000,0.0000,1.0000,0.0000,0.0000,0.0000,1.0000,0.0000,0.0000,0.0000,1.0000),
      ["UpperTorso"] = CFrame.new(0.0000,0.0000,0.0000,1.0000,-0.0000,0.0000,0.0000,0.9996,0.0268,-0.0000,-0.0268,0.9996),
      ["Head"] = CFrame.new(0.0032,-0.0017,-0.0423,1.0000,-0.0000,0.0000,0.0000,0.9822,0.1879,-0.0000,-0.1879,0.9822),
      ["RightUpperArm"] = CFrame.new(0.0000,0.0000,0.0000,1.0000,0.0000,-0.0000,-0.0000,1.0000,0.0000,0.0000,-0.0000,1.0000),
      ["RightLowerArm"] = CFrame.new(-0.0000,0.0000,0.0000,1.0000,-0.0000,0.0000,0.0000,1.0000,-0.0000,0.0000,0.0000,1.0000),
      ["RightHand"] = CFrame.new(0.0000,0.0000,0.0000,1.0000,-0.0000,0.0000,0.0000,1.0000,-0.0000,0.0000,0.0000,1.0000),
      ["LeftUpperArm"] = CFrame.new(0.0000,0.0000,0.0000,1.0000,-0.0000,0.0000,0.0000,0.9996,0.0281,-0.0000,-0.0281,0.9996),
      ["LeftLowerArm"] = CFrame.new(0.0000,0.0000,0.0000,1.0000,0.0000,0.0000,0.0000,1.0000,0.0000,0.0000,0.0000,1.0000),
      ["LeftHand"] = CFrame.new(0.0000,0.0000,0.0000,1.0000,0.0000,0.0000,0.0000,1.0000,0.0000,0.0000,0.0000,1.0000),
      ["RightUpperLeg"] = CFrame.new(0.0000,0.0000,0.0000,1.0000,0.0000,0.0000,0.0000,1.0000,0.0000,0.0000,0.0000,1.0000),
      ["RightLowerLeg"] = CFrame.new(0.0000,0.0000,0.0000,1.0000,0.0000,0.0000,0.0000,1.0000,0.0000,0.0000,0.0000,1.0000),
      ["RightFoot"] = CFrame.new(0.0000,0.0000,0.0000,1.0000,0.0000,0.0000,0.0000,1.0000,0.0000,0.0000,0.0000,1.0000),
    }},
    {Time = 4.333, Data = {
      ["HumanoidRootPart"] = CFrame.new(0.0000,0.0000,0.0000,1.0000,0.0000,0.0000,0.0000,1.0000,0.0000,0.0000,0.0000,1.0000),
      ["LowerTorso"] = CFrame.new(0.0000,0.0000,0.0000,1.0000,0.0000,0.0000,0.0000,1.0000,0.0000,0.0000,0.0000,1.0000),
      ["LeftUpperLeg"] = CFrame.new(0.0000,0.0000,0.0000,1.0000,0.0000,0.0000,0.0000,1.0000,0.0000,0.0000,0.0000,1.0000),
      ["LeftLowerLeg"] = CFrame.new(0.0000,0.0000,0.0000,1.0000,0.0000,0.0000,0.0000,1.0000,0.0000,0.0000,0.0000,1.0000),
      ["LeftFoot"] = CFrame.new(0.0000,0.0000,0.0000,1.0000,0.0000,0.0000,0.0000,1.0000,0.0000,0.0000,0.0000,1.0000),
      ["UpperTorso"] = CFrame.new(0.0000,0.0000,0.0000,1.0000,-0.0000,0.0000,0.0000,0.9996,0.0282,-0.0000,-0.0282,0.9996),
      ["Head"] = CFrame.new(0.0032,-0.0017,-0.0423,1.0000,-0.0000,0.0000,0.0000,0.9823,0.1873,-0.0000,-0.1873,0.9823),
      ["RightUpperArm"] = CFrame.new(0.0000,0.0000,0.0000,1.0000,0.0000,-0.0000,-0.0000,1.0000,-0.0000,0.0000,0.0000,1.0000),
      ["RightLowerArm"] = CFrame.new(-0.0000,0.0000,0.0000,1.0000,-0.0000,0.0000,0.0000,1.0000,-0.0000,0.0000,0.0000,1.0000),
      ["RightHand"] = CFrame.new(0.0000,0.0000,0.0000,1.0000,-0.0000,0.0000,0.0000,1.0000,-0.0000,0.0000,0.0000,1.0000),
      ["LeftUpperArm"] = CFrame.new(0.0000,0.0000,0.0000,1.0000,-0.0000,0.0000,0.0000,0.9996,0.0281,-0.0000,-0.0281,0.9996),
      ["LeftLowerArm"] = CFrame.new(0.0000,0.0000,0.0000,1.0000,0.0000,0.0000,0.0000,1.0000,0.0000,0.0000,0.0000,1.0000),
      ["LeftHand"] = CFrame.new(0.0000,0.0000,0.0000,1.0000,0.0000,0.0000,0.0000,1.0000,0.0000,0.0000,0.0000,1.0000),
      ["RightUpperLeg"] = CFrame.new(0.0000,0.0000,0.0000,1.0000,0.0000,0.0000,0.0000,1.0000,0.0000,0.0000,0.0000,1.0000),
      ["RightLowerLeg"] = CFrame.new(0.0000,0.0000,0.0000,1.0000,0.0000,0.0000,0.0000,1.0000,0.0000,0.0000,0.0000,1.0000),
      ["RightFoot"] = CFrame.new(0.0000,0.0000,0.0000,1.0000,0.0000,0.0000,0.0000,1.0000,0.0000,0.0000,0.0000,1.0000),
    }},
    {Time = 4.367, Data = {
      ["HumanoidRootPart"] = CFrame.new(0.0000,0.0000,0.0000,1.0000,0.0000,0.0000,0.0000,1.0000,0.0000,0.0000,0.0000,1.0000),
      ["LowerTorso"] = CFrame.new(0.0000,0.0000,0.0000,1.0000,0.0000,0.0000,0.0000,1.0000,0.0000,0.0000,0.0000,1.0000),
      ["LeftUpperLeg"] = CFrame.new(0.0000,0.0000,0.0000,1.0000,0.0000,0.0000,0.0000,1.0000,0.0000,0.0000,0.0000,1.0000),
      ["LeftLowerLeg"] = CFrame.new(0.0000,0.0000,0.0000,1.0000,0.0000,0.0000,0.0000,1.0000,0.0000,0.0000,0.0000,1.0000),
      ["LeftFoot"] = CFrame.new(0.0000,0.0000,0.0000,1.0000,0.0000,0.0000,0.0000,1.0000,0.0000,0.0000,0.0000,1.0000),
      ["UpperTorso"] = CFrame.new(0.0000,0.0000,0.0000,1.0000,-0.0000,0.0000,0.0000,0.9996,0.0279,-0.0000,-0.0279,0.9996),
      ["Head"] = CFrame.new(0.0032,-0.0017,-0.0423,1.0000,-0.0000,0.0000,0.0000,0.9824,0.1867,-0.0000,-0.1867,0.9824),
      ["RightUpperArm"] = CFrame.new(0.0000,0.0000,0.0000,1.0000,0.0000,-0.0000,-0.0000,1.0000,-0.0000,0.0000,0.0000,1.0000),
      ["RightLowerArm"] = CFrame.new(-0.0000,0.0000,0.0000,1.0000,-0.0000,0.0000,0.0000,1.0000,-0.0000,0.0000,0.0000,1.0000),
      ["RightHand"] = CFrame.new(0.0000,0.0000,0.0000,1.0000,-0.0000,0.0000,0.0000,1.0000,-0.0000,0.0000,0.0000,1.0000),
      ["LeftUpperArm"] = CFrame.new(0.0000,0.0000,0.0000,1.0000,-0.0000,0.0000,0.0000,0.9996,0.0281,-0.0000,-0.0281,0.9996),
      ["LeftLowerArm"] = CFrame.new(0.0000,0.0000,0.0000,1.0000,0.0000,0.0000,0.0000,1.0000,0.0000,0.0000,0.0000,1.0000),
      ["LeftHand"] = CFrame.new(0.0000,0.0000,0.0000,1.0000,0.0000,0.0000,0.0000,1.0000,0.0000,0.0000,0.0000,1.0000),
      ["RightUpperLeg"] = CFrame.new(0.0000,0.0000,0.0000,1.0000,0.0000,0.0000,0.0000,1.0000,0.0000,0.0000,0.0000,1.0000),
      ["RightLowerLeg"] = CFrame.new(0.0000,0.0000,0.0000,1.0000,0.0000,0.0000,0.0000,1.0000,0.0000,0.0000,0.0000,1.0000),
      ["RightFoot"] = CFrame.new(0.0000,0.0000,0.0000,1.0000,0.0000,0.0000,0.0000,1.0000,0.0000,0.0000,0.0000,1.0000),
    }},
    {Time = 4.400, Data = {
      ["HumanoidRootPart"] = CFrame.new(0.0000,0.0000,0.0000,1.0000,0.0000,0.0000,0.0000,1.0000,0.0000,0.0000,0.0000,1.0000),
      ["LowerTorso"] = CFrame.new(0.0000,0.0000,0.0000,1.0000,0.0000,0.0000,0.0000,1.0000,0.0000,0.0000,0.0000,1.0000),
      ["LeftUpperLeg"] = CFrame.new(0.0000,0.0000,0.0000,1.0000,0.0000,0.0000,0.0000,1.0000,0.0000,0.0000,0.0000,1.0000),
      ["LeftLowerLeg"] = CFrame.new(0.0000,0.0000,0.0000,1.0000,0.0000,0.0000,0.0000,1.0000,0.0000,0.0000,0.0000,1.0000),
      ["LeftFoot"] = CFrame.new(0.0000,0.0000,0.0000,1.0000,0.0000,0.0000,0.0000,1.0000,0.0000,0.0000,0.0000,1.0000),
      ["UpperTorso"] = CFrame.new(0.0000,0.0000,0.0000,1.0000,-0.0000,0.0000,0.0000,0.9996,0.0273,-0.0000,-0.0273,0.9996),
      ["Head"] = CFrame.new(0.0032,-0.0017,-0.0423,1.0000,-0.0000,0.0000,0.0000,0.9825,0.1861,-0.0000,-0.1861,0.9825),
      ["RightUpperArm"] = CFrame.new(0.0000,0.0000,0.0000,1.0000,0.0000,-0.0000,-0.0000,1.0000,-0.0000,0.0000,0.0000,1.0000),
      ["RightLowerArm"] = CFrame.new(-0.0000,0.0000,0.0000,1.0000,-0.0000,0.0000,0.0000,1.0000,-0.0000,0.0000,0.0000,1.0000),
      ["RightHand"] = CFrame.new(0.0000,0.0000,0.0000,1.0000,-0.0000,0.0000,0.0000,1.0000,-0.0000,0.0000,0.0000,1.0000),
      ["LeftUpperArm"] = CFrame.new(0.0000,0.0000,0.0000,1.0000,-0.0000,0.0000,0.0000,0.9996,0.0280,-0.0000,-0.0280,0.9996),
      ["LeftLowerArm"] = CFrame.new(0.0000,0.0000,0.0000,1.0000,0.0000,0.0000,0.0000,1.0000,0.0000,0.0000,0.0000,1.0000),
      ["LeftHand"] = CFrame.new(0.0000,0.0000,0.0000,1.0000,0.0000,0.0000,0.0000,1.0000,0.0000,0.0000,0.0000,1.0000),
      ["RightUpperLeg"] = CFrame.new(0.0000,0.0000,0.0000,1.0000,0.0000,0.0000,0.0000,1.0000,0.0000,0.0000,0.0000,1.0000),
      ["RightLowerLeg"] = CFrame.new(0.0000,0.0000,0.0000,1.0000,0.0000,0.0000,0.0000,1.0000,0.0000,0.0000,0.0000,1.0000),
      ["RightFoot"] = CFrame.new(0.0000,0.0000,0.0000,1.0000,0.0000,0.0000,0.0000,1.0000,0.0000,0.0000,0.0000,1.0000),
    }},
    {Time = 4.433, Data = {
      ["HumanoidRootPart"] = CFrame.new(0.0000,0.0000,0.0000,1.0000,0.0000,0.0000,0.0000,1.0000,0.0000,0.0000,0.0000,1.0000),
      ["LowerTorso"] = CFrame.new(0.0000,0.0000,0.0000,1.0000,0.0000,0.0000,0.0000,1.0000,0.0000,0.0000,0.0000,1.0000),
      ["LeftUpperLeg"] = CFrame.new(0.0000,0.0000,0.0000,1.0000,0.0000,0.0000,0.0000,1.0000,0.0000,0.0000,0.0000,1.0000),
      ["LeftLowerLeg"] = CFrame.new(0.0000,0.0000,0.0000,1.0000,0.0000,0.0000,0.0000,1.0000,0.0000,0.0000,0.0000,1.0000),
      ["LeftFoot"] = CFrame.new(0.0000,0.0000,0.0000,1.0000,0.0000,0.0000,0.0000,1.0000,0.0000,0.0000,0.0000,1.0000),
      ["UpperTorso"] = CFrame.new(0.0000,0.0000,0.0000,1.0000,-0.0000,0.0000,0.0000,0.9997,0.0261,-0.0000,-0.0261,0.9997),
      ["Head"] = CFrame.new(0.0032,-0.0017,-0.0423,1.0000,-0.0000,0.0000,0.0000,0.9826,0.1856,-0.0000,-0.1856,0.9826),
      ["RightUpperArm"] = CFrame.new(0.0000,0.0000,0.0000,1.0000,0.0000,-0.0000,-0.0000,1.0000,0.0000,0.0000,-0.0000,1.0000),
      ["RightLowerArm"] = CFrame.new(-0.0000,0.0000,0.0000,1.0000,-0.0000,0.0000,0.0000,1.0000,-0.0000,0.0000,0.0000,1.0000),
      ["RightHand"] = CFrame.new(0.0000,0.0000,0.0000,1.0000,-0.0000,0.0000,0.0000,1.0000,-0.0000,0.0000,0.0000,1.0000),
      ["LeftUpperArm"] = CFrame.new(0.0000,0.0000,0.0000,1.0000,-0.0000,0.0000,0.0000,0.9996,0.0279,-0.0000,-0.0279,0.9996),
      ["LeftLowerArm"] = CFrame.new(0.0000,0.0000,0.0000,1.0000,0.0000,0.0000,0.0000,1.0000,0.0000,0.0000,0.0000,1.0000),
      ["LeftHand"] = CFrame.new(0.0000,0.0000,0.0000,1.0000,0.0000,0.0000,0.0000,1.0000,0.0000,0.0000,0.0000,1.0000),
      ["RightUpperLeg"] = CFrame.new(0.0000,0.0000,0.0000,1.0000,0.0000,0.0000,0.0000,1.0000,0.0000,0.0000,0.0000,1.0000),
      ["RightLowerLeg"] = CFrame.new(0.0000,0.0000,0.0000,1.0000,0.0000,0.0000,0.0000,1.0000,0.0000,0.0000,0.0000,1.0000),
      ["RightFoot"] = CFrame.new(0.0000,0.0000,0.0000,1.0000,0.0000,0.0000,0.0000,1.0000,0.0000,0.0000,0.0000,1.0000),
    }},
    {Time = 4.467, Data = {
      ["HumanoidRootPart"] = CFrame.new(0.0000,0.0000,0.0000,1.0000,0.0000,0.0000,0.0000,1.0000,0.0000,0.0000,0.0000,1.0000),
      ["LowerTorso"] = CFrame.new(0.0000,0.0000,0.0000,1.0000,0.0000,0.0000,0.0000,1.0000,0.0000,0.0000,0.0000,1.0000),
      ["LeftUpperLeg"] = CFrame.new(0.0000,0.0000,0.0000,1.0000,0.0000,0.0000,0.0000,1.0000,0.0000,0.0000,0.0000,1.0000),
      ["LeftLowerLeg"] = CFrame.new(0.0000,0.0000,0.0000,1.0000,0.0000,0.0000,0.0000,1.0000,0.0000,0.0000,0.0000,1.0000),
      ["LeftFoot"] = CFrame.new(0.0000,0.0000,0.0000,1.0000,0.0000,0.0000,0.0000,1.0000,0.0000,0.0000,0.0000,1.0000),
      ["UpperTorso"] = CFrame.new(0.0000,0.0000,0.0000,1.0000,-0.0000,0.0000,0.0000,0.9997,0.0246,-0.0000,-0.0246,0.9997),
      ["Head"] = CFrame.new(0.0032,-0.0017,-0.0423,1.0000,-0.0000,0.0000,0.0000,0.9827,0.1850,-0.0000,-0.1850,0.9827),
      ["RightUpperArm"] = CFrame.new(0.0000,0.0000,0.0000,1.0000,-0.0000,0.0000,0.0000,1.0000,-0.0000,-0.0000,0.0000,1.0000),
      ["RightLowerArm"] = CFrame.new(-0.0000,0.0000,0.0000,1.0000,-0.0000,0.0000,0.0000,1.0000,-0.0000,0.0000,0.0000,1.0000),
      ["RightHand"] = CFrame.new(0.0000,0.0000,0.0000,1.0000,-0.0000,0.0000,0.0000,1.0000,-0.0000,0.0000,0.0000,1.0000),
      ["LeftUpperArm"] = CFrame.new(0.0000,0.0000,0.0000,1.0000,-0.0000,0.0000,0.0000,0.9996,0.0276,-0.0000,-0.0276,0.9996),
      ["LeftLowerArm"] = CFrame.new(0.0000,0.0000,0.0000,1.0000,0.0000,0.0000,0.0000,1.0000,0.0000,0.0000,0.0000,1.0000),
      ["LeftHand"] = CFrame.new(0.0000,0.0000,0.0000,1.0000,0.0000,0.0000,0.0000,1.0000,0.0000,0.0000,0.0000,1.0000),
      ["RightUpperLeg"] = CFrame.new(0.0000,0.0000,0.0000,1.0000,0.0000,0.0000,0.0000,1.0000,0.0000,0.0000,0.0000,1.0000),
      ["RightLowerLeg"] = CFrame.new(0.0000,0.0000,0.0000,1.0000,0.0000,0.0000,0.0000,1.0000,0.0000,0.0000,0.0000,1.0000),
      ["RightFoot"] = CFrame.new(0.0000,0.0000,0.0000,1.0000,0.0000,0.0000,0.0000,1.0000,0.0000,0.0000,0.0000,1.0000),
    }},
    {Time = 4.500, Data = {
      ["HumanoidRootPart"] = CFrame.new(0.0000,0.0000,0.0000,1.0000,0.0000,0.0000,0.0000,1.0000,0.0000,0.0000,0.0000,1.0000),
      ["LowerTorso"] = CFrame.new(0.0000,0.0000,0.0000,1.0000,0.0000,0.0000,0.0000,1.0000,0.0000,0.0000,0.0000,1.0000),
      ["LeftUpperLeg"] = CFrame.new(0.0000,0.0000,0.0000,1.0000,0.0000,0.0000,0.0000,1.0000,0.0000,0.0000,0.0000,1.0000),
      ["LeftLowerLeg"] = CFrame.new(0.0000,0.0000,0.0000,1.0000,0.0000,0.0000,0.0000,1.0000,0.0000,0.0000,0.0000,1.0000),
      ["LeftFoot"] = CFrame.new(0.0000,0.0000,0.0000,1.0000,0.0000,0.0000,0.0000,1.0000,0.0000,0.0000,0.0000,1.0000),
      ["UpperTorso"] = CFrame.new(0.0000,0.0000,0.0000,1.0000,-0.0000,0.0000,0.0000,0.9997,0.0227,-0.0000,-0.0227,0.9997),
      ["Head"] = CFrame.new(0.0032,-0.0017,-0.0423,1.0000,-0.0000,0.0000,0.0000,0.9828,0.1844,-0.0000,-0.1844,0.9828),
      ["RightUpperArm"] = CFrame.new(0.0000,0.0000,0.0000,1.0000,0.0000,-0.0000,-0.0000,1.0000,-0.0000,0.0000,0.0000,1.0000),
      ["RightLowerArm"] = CFrame.new(-0.0000,0.0000,0.0000,1.0000,-0.0000,0.0000,0.0000,1.0000,-0.0000,0.0000,0.0000,1.0000),
      ["RightHand"] = CFrame.new(0.0000,0.0000,0.0000,1.0000,-0.0000,0.0000,0.0000,1.0000,-0.0000,0.0000,0.0000,1.0000),
      ["LeftUpperArm"] = CFrame.new(0.0000,0.0000,0.0000,1.0000,-0.0000,0.0000,0.0000,0.9996,0.0273,-0.0000,-0.0273,0.9996),
      ["LeftLowerArm"] = CFrame.new(0.0000,0.0000,0.0000,1.0000,0.0000,0.0000,0.0000,1.0000,0.0000,0.0000,0.0000,1.0000),
      ["LeftHand"] = CFrame.new(0.0000,0.0000,0.0000,1.0000,0.0000,0.0000,0.0000,1.0000,0.0000,0.0000,0.0000,1.0000),
      ["RightUpperLeg"] = CFrame.new(0.0000,0.0000,0.0000,1.0000,0.0000,0.0000,0.0000,1.0000,0.0000,0.0000,0.0000,1.0000),
      ["RightLowerLeg"] = CFrame.new(0.0000,0.0000,0.0000,1.0000,0.0000,0.0000,0.0000,1.0000,0.0000,0.0000,0.0000,1.0000),
      ["RightFoot"] = CFrame.new(0.0000,0.0000,0.0000,1.0000,0.0000,0.0000,0.0000,1.0000,0.0000,0.0000,0.0000,1.0000),
    }},
    {Time = 4.533, Data = {
      ["HumanoidRootPart"] = CFrame.new(0.0000,0.0000,0.0000,1.0000,0.0000,0.0000,0.0000,1.0000,0.0000,0.0000,0.0000,1.0000),
      ["LowerTorso"] = CFrame.new(0.0000,0.0000,0.0000,1.0000,0.0000,0.0000,0.0000,1.0000,0.0000,0.0000,0.0000,1.0000),
      ["LeftUpperLeg"] = CFrame.new(0.0000,0.0000,0.0000,1.0000,0.0000,0.0000,0.0000,1.0000,0.0000,0.0000,0.0000,1.0000),
      ["LeftLowerLeg"] = CFrame.new(0.0000,0.0000,0.0000,1.0000,0.0000,0.0000,0.0000,1.0000,0.0000,0.0000,0.0000,1.0000),
      ["LeftFoot"] = CFrame.new(0.0000,0.0000,0.0000,1.0000,0.0000,0.0000,0.0000,1.0000,0.0000,0.0000,0.0000,1.0000),
      ["UpperTorso"] = CFrame.new(0.0000,0.0000,0.0000,1.0000,-0.0000,0.0000,0.0000,0.9998,0.0205,-0.0000,-0.0205,0.9998),
      ["Head"] = CFrame.new(0.0029,-0.0016,-0.0379,1.0000,-0.0000,0.0000,0.0000,0.9854,0.1700,-0.0000,-0.1700,0.9854),
      ["RightUpperArm"] = CFrame.new(0.0000,0.0000,0.0000,1.0000,-0.0000,0.0000,0.0000,1.0000,-0.0000,-0.0000,0.0000,1.0000),
      ["RightLowerArm"] = CFrame.new(-0.0000,0.0000,0.0000,1.0000,-0.0000,0.0000,0.0000,1.0000,-0.0000,0.0000,0.0000,1.0000),
      ["RightHand"] = CFrame.new(0.0000,0.0000,0.0000,1.0000,-0.0000,0.0000,0.0000,1.0000,-0.0000,0.0000,0.0000,1.0000),
      ["LeftUpperArm"] = CFrame.new(0.0000,0.0000,0.0000,1.0000,-0.0000,0.0000,0.0000,0.9996,0.0270,-0.0000,-0.0270,0.9996),
      ["LeftLowerArm"] = CFrame.new(0.0000,0.0000,0.0000,1.0000,0.0000,0.0000,0.0000,1.0000,0.0000,0.0000,0.0000,1.0000),
      ["LeftHand"] = CFrame.new(0.0000,0.0000,0.0000,1.0000,0.0000,0.0000,0.0000,1.0000,0.0000,0.0000,0.0000,1.0000),
      ["RightUpperLeg"] = CFrame.new(0.0000,0.0000,0.0000,1.0000,0.0000,0.0000,0.0000,1.0000,0.0000,0.0000,0.0000,1.0000),
      ["RightLowerLeg"] = CFrame.new(0.0000,0.0000,0.0000,1.0000,0.0000,0.0000,0.0000,1.0000,0.0000,0.0000,0.0000,1.0000),
      ["RightFoot"] = CFrame.new(0.0000,0.0000,0.0000,1.0000,0.0000,0.0000,0.0000,1.0000,0.0000,0.0000,0.0000,1.0000),
    }},
    {Time = 4.567, Data = {
      ["HumanoidRootPart"] = CFrame.new(0.0000,0.0000,0.0000,1.0000,0.0000,0.0000,0.0000,1.0000,0.0000,0.0000,0.0000,1.0000),
      ["LowerTorso"] = CFrame.new(0.0000,0.0000,0.0000,1.0000,0.0000,0.0000,0.0000,1.0000,0.0000,0.0000,0.0000,1.0000),
      ["LeftUpperLeg"] = CFrame.new(0.0000,0.0000,0.0000,1.0000,0.0000,0.0000,0.0000,1.0000,0.0000,0.0000,0.0000,1.0000),
      ["LeftLowerLeg"] = CFrame.new(0.0000,0.0000,0.0000,1.0000,0.0000,0.0000,0.0000,1.0000,0.0000,0.0000,0.0000,1.0000),
      ["LeftFoot"] = CFrame.new(0.0000,0.0000,0.0000,1.0000,0.0000,0.0000,0.0000,1.0000,0.0000,0.0000,0.0000,1.0000),
      ["UpperTorso"] = CFrame.new(0.0000,0.0000,0.0000,1.0000,-0.0000,0.0000,0.0000,0.9998,0.0180,-0.0000,-0.0180,0.9998),
      ["Head"] = CFrame.new(0.0025,-0.0014,-0.0335,1.0000,-0.0000,0.0000,0.0000,0.9878,0.1557,-0.0000,-0.1557,0.9878),
      ["RightUpperArm"] = CFrame.new(0.0000,0.0000,0.0000,1.0000,0.0000,-0.0000,-0.0000,1.0000,-0.0000,0.0000,0.0000,1.0000),
      ["RightLowerArm"] = CFrame.new(-0.0000,0.0000,0.0000,1.0000,-0.0000,0.0000,0.0000,1.0000,-0.0000,0.0000,0.0000,1.0000),
      ["RightHand"] = CFrame.new(0.0000,0.0000,0.0000,1.0000,-0.0000,0.0000,0.0000,1.0000,-0.0000,0.0000,0.0000,1.0000),
      ["LeftUpperArm"] = CFrame.new(0.0000,0.0000,0.0000,1.0000,-0.0000,0.0000,0.0000,0.9996,0.0265,-0.0000,-0.0265,0.9996),
      ["LeftLowerArm"] = CFrame.new(0.0000,0.0000,0.0000,1.0000,0.0000,0.0000,0.0000,1.0000,0.0000,0.0000,0.0000,1.0000),
      ["LeftHand"] = CFrame.new(0.0000,0.0000,0.0000,1.0000,0.0000,0.0000,0.0000,1.0000,0.0000,0.0000,0.0000,1.0000),
      ["RightUpperLeg"] = CFrame.new(0.0000,0.0000,0.0000,1.0000,0.0000,0.0000,0.0000,1.0000,0.0000,0.0000,0.0000,1.0000),
      ["RightLowerLeg"] = CFrame.new(0.0000,0.0000,0.0000,1.0000,0.0000,0.0000,0.0000,1.0000,0.0000,0.0000,0.0000,1.0000),
      ["RightFoot"] = CFrame.new(0.0000,0.0000,0.0000,1.0000,0.0000,0.0000,0.0000,1.0000,0.0000,0.0000,0.0000,1.0000),
    }},
    {Time = 4.600, Data = {
      ["HumanoidRootPart"] = CFrame.new(0.0000,0.0000,0.0000,1.0000,0.0000,0.0000,0.0000,1.0000,0.0000,0.0000,0.0000,1.0000),
      ["LowerTorso"] = CFrame.new(0.0000,0.0000,0.0000,1.0000,0.0000,0.0000,0.0000,1.0000,0.0000,0.0000,0.0000,1.0000),
      ["LeftUpperLeg"] = CFrame.new(0.0000,0.0000,0.0000,1.0000,0.0000,0.0000,0.0000,1.0000,0.0000,0.0000,0.0000,1.0000),
      ["LeftLowerLeg"] = CFrame.new(0.0000,0.0000,0.0000,1.0000,0.0000,0.0000,0.0000,1.0000,0.0000,0.0000,0.0000,1.0000),
      ["LeftFoot"] = CFrame.new(0.0000,0.0000,0.0000,1.0000,0.0000,0.0000,0.0000,1.0000,0.0000,0.0000,0.0000,1.0000),
      ["UpperTorso"] = CFrame.new(0.0000,0.0000,0.0000,1.0000,-0.0000,0.0000,0.0000,0.9999,0.0153,-0.0000,-0.0153,0.9999),
      ["Head"] = CFrame.new(0.0022,-0.0012,-0.0292,1.0000,-0.0000,0.0000,0.0000,0.9899,0.1417,-0.0000,-0.1417,0.9899),
      ["RightUpperArm"] = CFrame.new(0.0000,0.0000,0.0000,1.0000,0.0000,-0.0000,-0.0000,1.0000,-0.0000,0.0000,0.0000,1.0000),
      ["RightLowerArm"] = CFrame.new(-0.0000,0.0000,0.0000,1.0000,-0.0000,0.0000,0.0000,1.0000,-0.0000,0.0000,0.0000,1.0000),
      ["RightHand"] = CFrame.new(0.0000,0.0000,0.0000,1.0000,-0.0000,0.0000,0.0000,1.0000,-0.0000,0.0000,0.0000,1.0000),
      ["LeftUpperArm"] = CFrame.new(0.0000,0.0000,0.0000,1.0000,-0.0000,0.0000,0.0000,0.9997,0.0260,-0.0000,-0.0260,0.9997),
      ["LeftLowerArm"] = CFrame.new(0.0000,0.0000,0.0000,1.0000,0.0000,0.0000,0.0000,1.0000,0.0000,0.0000,0.0000,1.0000),
      ["LeftHand"] = CFrame.new(0.0000,0.0000,0.0000,1.0000,0.0000,0.0000,0.0000,1.0000,0.0000,0.0000,0.0000,1.0000),
      ["RightUpperLeg"] = CFrame.new(0.0000,0.0000,0.0000,1.0000,0.0000,0.0000,0.0000,1.0000,0.0000,0.0000,0.0000,1.0000),
      ["RightLowerLeg"] = CFrame.new(0.0000,0.0000,0.0000,1.0000,0.0000,0.0000,0.0000,1.0000,0.0000,0.0000,0.0000,1.0000),
      ["RightFoot"] = CFrame.new(0.0000,0.0000,0.0000,1.0000,0.0000,0.0000,0.0000,1.0000,0.0000,0.0000,0.0000,1.0000),
    }},
    {Time = 4.633, Data = {
      ["HumanoidRootPart"] = CFrame.new(0.0000,0.0000,0.0000,1.0000,0.0000,0.0000,0.0000,1.0000,0.0000,0.0000,0.0000,1.0000),
      ["LowerTorso"] = CFrame.new(0.0000,0.0000,0.0000,1.0000,0.0000,0.0000,0.0000,1.0000,0.0000,0.0000,0.0000,1.0000),
      ["LeftUpperLeg"] = CFrame.new(0.0000,0.0000,0.0000,1.0000,0.0000,0.0000,0.0000,1.0000,0.0000,0.0000,0.0000,1.0000),
      ["LeftLowerLeg"] = CFrame.new(0.0000,0.0000,0.0000,1.0000,0.0000,0.0000,0.0000,1.0000,0.0000,0.0000,0.0000,1.0000),
      ["LeftFoot"] = CFrame.new(0.0000,0.0000,0.0000,1.0000,0.0000,0.0000,0.0000,1.0000,0.0000,0.0000,0.0000,1.0000),
      ["UpperTorso"] = CFrame.new(0.0000,0.0000,0.0000,1.0000,-0.0000,0.0000,0.0000,0.9999,0.0124,-0.0000,-0.0124,0.9999),
      ["Head"] = CFrame.new(0.0019,-0.0011,-0.0251,1.0000,-0.0000,0.0000,0.0000,0.9918,0.1281,-0.0000,-0.1281,0.9918),
      ["RightUpperArm"] = CFrame.new(0.0000,0.0000,0.0000,1.0000,0.0000,-0.0000,-0.0000,1.0000,-0.0000,0.0000,0.0000,1.0000),
      ["RightLowerArm"] = CFrame.new(-0.0000,0.0000,0.0000,1.0000,-0.0000,0.0000,0.0000,1.0000,-0.0000,0.0000,0.0000,1.0000),
      ["RightHand"] = CFrame.new(0.0000,0.0000,0.0000,1.0000,-0.0000,0.0000,0.0000,1.0000,-0.0000,0.0000,0.0000,1.0000),
      ["LeftUpperArm"] = CFrame.new(0.0000,0.0000,0.0000,1.0000,-0.0000,0.0000,0.0000,0.9997,0.0255,-0.0000,-0.0255,0.9997),
      ["LeftLowerArm"] = CFrame.new(0.0000,0.0000,0.0000,1.0000,0.0000,0.0000,0.0000,1.0000,0.0000,0.0000,0.0000,1.0000),
      ["LeftHand"] = CFrame.new(0.0000,0.0000,0.0000,1.0000,0.0000,0.0000,0.0000,1.0000,0.0000,0.0000,0.0000,1.0000),
      ["RightUpperLeg"] = CFrame.new(0.0000,0.0000,0.0000,1.0000,0.0000,0.0000,0.0000,1.0000,0.0000,0.0000,0.0000,1.0000),
      ["RightLowerLeg"] = CFrame.new(0.0000,0.0000,0.0000,1.0000,0.0000,0.0000,0.0000,1.0000,0.0000,0.0000,0.0000,1.0000),
      ["RightFoot"] = CFrame.new(0.0000,0.0000,0.0000,1.0000,0.0000,0.0000,0.0000,1.0000,0.0000,0.0000,0.0000,1.0000),
    }},
    {Time = 4.667, Data = {
      ["HumanoidRootPart"] = CFrame.new(0.0000,0.0000,0.0000,1.0000,0.0000,0.0000,0.0000,1.0000,0.0000,0.0000,0.0000,1.0000),
      ["LowerTorso"] = CFrame.new(0.0000,0.0000,0.0000,1.0000,0.0000,0.0000,0.0000,1.0000,0.0000,0.0000,0.0000,1.0000),
      ["LeftUpperLeg"] = CFrame.new(0.0000,0.0000,0.0000,1.0000,0.0000,0.0000,0.0000,1.0000,0.0000,0.0000,0.0000,1.0000),
      ["LeftLowerLeg"] = CFrame.new(0.0000,0.0000,0.0000,1.0000,0.0000,0.0000,0.0000,1.0000,0.0000,0.0000,0.0000,1.0000),
      ["LeftFoot"] = CFrame.new(0.0000,0.0000,0.0000,1.0000,0.0000,0.0000,0.0000,1.0000,0.0000,0.0000,0.0000,1.0000),
      ["UpperTorso"] = CFrame.new(0.0000,0.0000,0.0000,1.0000,-0.0000,0.0000,0.0000,1.0000,0.0095,-0.0000,-0.0095,1.0000),
      ["Head"] = CFrame.new(0.0016,-0.0009,-0.0212,1.0000,-0.0000,0.0000,0.0000,0.9934,0.1151,-0.0000,-0.1151,0.9934),
      ["RightUpperArm"] = CFrame.new(0.0000,0.0000,0.0000,1.0000,-0.0000,0.0000,0.0000,1.0000,-0.0000,-0.0000,0.0000,1.0000),
      ["RightLowerArm"] = CFrame.new(-0.0000,0.0000,0.0000,1.0000,-0.0000,0.0000,0.0000,1.0000,-0.0000,0.0000,0.0000,1.0000),
      ["RightHand"] = CFrame.new(0.0000,0.0000,0.0000,1.0000,-0.0000,0.0000,0.0000,1.0000,-0.0000,0.0000,0.0000,1.0000),
      ["LeftUpperArm"] = CFrame.new(0.0000,0.0000,0.0000,1.0000,-0.0000,0.0000,0.0000,0.9997,0.0249,-0.0000,-0.0249,0.9997),
      ["LeftLowerArm"] = CFrame.new(0.0000,0.0000,0.0000,1.0000,0.0000,0.0000,0.0000,1.0000,0.0000,0.0000,0.0000,1.0000),
      ["LeftHand"] = CFrame.new(0.0000,0.0000,0.0000,1.0000,0.0000,0.0000,0.0000,1.0000,0.0000,0.0000,0.0000,1.0000),
      ["RightUpperLeg"] = CFrame.new(0.0000,0.0000,0.0000,1.0000,0.0000,0.0000,0.0000,1.0000,0.0000,0.0000,0.0000,1.0000),
      ["RightLowerLeg"] = CFrame.new(0.0000,0.0000,0.0000,1.0000,0.0000,0.0000,0.0000,1.0000,0.0000,0.0000,0.0000,1.0000),
      ["RightFoot"] = CFrame.new(0.0000,0.0000,0.0000,1.0000,0.0000,0.0000,0.0000,1.0000,0.0000,0.0000,0.0000,1.0000),
    }},
    {Time = 4.700, Data = {
      ["HumanoidRootPart"] = CFrame.new(0.0000,0.0000,0.0000,1.0000,0.0000,0.0000,0.0000,1.0000,0.0000,0.0000,0.0000,1.0000),
      ["LowerTorso"] = CFrame.new(0.0000,0.0000,0.0000,1.0000,0.0000,0.0000,0.0000,1.0000,0.0000,0.0000,0.0000,1.0000),
      ["LeftUpperLeg"] = CFrame.new(0.0000,0.0000,0.0000,1.0000,0.0000,0.0000,0.0000,1.0000,0.0000,0.0000,0.0000,1.0000),
      ["LeftLowerLeg"] = CFrame.new(0.0000,0.0000,0.0000,1.0000,0.0000,0.0000,0.0000,1.0000,0.0000,0.0000,0.0000,1.0000),
      ["LeftFoot"] = CFrame.new(0.0000,0.0000,0.0000,1.0000,0.0000,0.0000,0.0000,1.0000,0.0000,0.0000,0.0000,1.0000),
      ["UpperTorso"] = CFrame.new(0.0000,0.0000,0.0000,1.0000,-0.0000,0.0000,0.0000,1.0000,0.0066,-0.0000,-0.0066,1.0000),
      ["Head"] = CFrame.new(0.0013,-0.0007,-0.0174,1.0000,-0.0000,0.0000,0.0000,0.9947,0.1029,-0.0000,-0.1029,0.9947),
      ["RightUpperArm"] = CFrame.new(0.0000,0.0000,0.0000,1.0000,0.0000,-0.0000,-0.0000,1.0000,-0.0000,0.0000,0.0000,1.0000),
      ["RightLowerArm"] = CFrame.new(-0.0000,0.0000,0.0000,1.0000,-0.0000,0.0000,0.0000,1.0000,-0.0000,0.0000,0.0000,1.0000),
      ["RightHand"] = CFrame.new(0.0000,0.0000,0.0000,1.0000,-0.0000,0.0000,0.0000,1.0000,-0.0000,0.0000,0.0000,1.0000),
      ["LeftUpperArm"] = CFrame.new(0.0000,0.0000,0.0000,1.0000,-0.0000,0.0000,0.0000,0.9997,0.0242,-0.0000,-0.0242,0.9997),
      ["LeftLowerArm"] = CFrame.new(0.0000,0.0000,0.0000,1.0000,0.0000,0.0000,0.0000,1.0000,0.0000,0.0000,0.0000,1.0000),
      ["LeftHand"] = CFrame.new(0.0000,0.0000,0.0000,1.0000,0.0000,0.0000,0.0000,1.0000,0.0000,0.0000,0.0000,1.0000),
      ["RightUpperLeg"] = CFrame.new(0.0000,0.0000,0.0000,1.0000,0.0000,0.0000,0.0000,1.0000,0.0000,0.0000,0.0000,1.0000),
      ["RightLowerLeg"] = CFrame.new(0.0000,0.0000,0.0000,1.0000,0.0000,0.0000,0.0000,1.0000,0.0000,0.0000,0.0000,1.0000),
      ["RightFoot"] = CFrame.new(0.0000,0.0000,0.0000,1.0000,0.0000,0.0000,0.0000,1.0000,0.0000,0.0000,0.0000,1.0000),
    }},
    {Time = 4.733, Data = {
      ["HumanoidRootPart"] = CFrame.new(0.0000,0.0000,0.0000,1.0000,0.0000,0.0000,0.0000,1.0000,0.0000,0.0000,0.0000,1.0000),
      ["LowerTorso"] = CFrame.new(0.0000,0.0000,0.0000,1.0000,0.0000,0.0000,0.0000,1.0000,0.0000,0.0000,0.0000,1.0000),
      ["LeftUpperLeg"] = CFrame.new(0.0000,0.0000,0.0000,1.0000,0.0000,0.0000,0.0000,1.0000,0.0000,0.0000,0.0000,1.0000),
      ["LeftLowerLeg"] = CFrame.new(0.0000,0.0000,0.0000,1.0000,0.0000,0.0000,0.0000,1.0000,0.0000,0.0000,0.0000,1.0000),
      ["LeftFoot"] = CFrame.new(0.0000,0.0000,0.0000,1.0000,0.0000,0.0000,0.0000,1.0000,0.0000,0.0000,0.0000,1.0000),
      ["UpperTorso"] = CFrame.new(0.0000,0.0000,0.0000,1.0000,-0.0000,0.0000,0.0000,1.0000,0.0037,-0.0000,-0.0037,1.0000),
      ["Head"] = CFrame.new(0.0011,-0.0006,-0.0140,1.0000,-0.0000,0.0000,0.0000,0.9958,0.0915,-0.0000,-0.0915,0.9958),
      ["RightUpperArm"] = CFrame.new(0.0000,0.0000,0.0000,1.0000,0.0000,-0.0000,-0.0000,1.0000,-0.0000,0.0000,0.0000,1.0000),
      ["RightLowerArm"] = CFrame.new(-0.0000,0.0000,0.0000,1.0000,-0.0000,0.0000,0.0000,1.0000,-0.0000,0.0000,0.0000,1.0000),
      ["RightHand"] = CFrame.new(0.0000,0.0000,0.0000,1.0000,-0.0000,0.0000,0.0000,1.0000,-0.0000,0.0000,0.0000,1.0000),
      ["LeftUpperArm"] = CFrame.new(0.0000,0.0000,0.0000,1.0000,-0.0000,0.0000,0.0000,0.9997,0.0235,-0.0000,-0.0235,0.9997),
      ["LeftLowerArm"] = CFrame.new(0.0000,0.0000,0.0000,1.0000,0.0000,0.0000,0.0000,1.0000,0.0000,0.0000,0.0000,1.0000),
      ["LeftHand"] = CFrame.new(0.0000,0.0000,0.0000,1.0000,0.0000,0.0000,0.0000,1.0000,0.0000,0.0000,0.0000,1.0000),
      ["RightUpperLeg"] = CFrame.new(0.0000,0.0000,0.0000,1.0000,0.0000,0.0000,0.0000,1.0000,0.0000,0.0000,0.0000,1.0000),
      ["RightLowerLeg"] = CFrame.new(0.0000,0.0000,0.0000,1.0000,0.0000,0.0000,0.0000,1.0000,0.0000,0.0000,0.0000,1.0000),
      ["RightFoot"] = CFrame.new(0.0000,0.0000,0.0000,1.0000,0.0000,0.0000,0.0000,1.0000,0.0000,0.0000,0.0000,1.0000),
    }},
    {Time = 4.767, Data = {
      ["HumanoidRootPart"] = CFrame.new(0.0000,0.0000,0.0000,1.0000,0.0000,0.0000,0.0000,1.0000,0.0000,0.0000,0.0000,1.0000),
      ["LowerTorso"] = CFrame.new(0.0000,0.0000,0.0000,1.0000,0.0000,0.0000,0.0000,1.0000,0.0000,0.0000,0.0000,1.0000),
      ["LeftUpperLeg"] = CFrame.new(0.0000,0.0000,0.0000,1.0000,0.0000,0.0000,0.0000,1.0000,0.0000,0.0000,0.0000,1.0000),
      ["LeftLowerLeg"] = CFrame.new(0.0000,0.0000,0.0000,1.0000,0.0000,0.0000,0.0000,1.0000,0.0000,0.0000,0.0000,1.0000),
      ["LeftFoot"] = CFrame.new(0.0000,0.0000,0.0000,1.0000,0.0000,0.0000,0.0000,1.0000,0.0000,0.0000,0.0000,1.0000),
      ["UpperTorso"] = CFrame.new(0.0000,0.0000,0.0000,1.0000,-0.0000,0.0000,0.0000,1.0000,0.0010,-0.0000,-0.0010,1.0000),
      ["Head"] = CFrame.new(0.0008,-0.0005,-0.0109,1.0000,-0.0000,0.0000,0.0000,0.9967,0.0812,-0.0000,-0.0812,0.9967),
      ["RightUpperArm"] = CFrame.new(0.0000,0.0000,0.0000,1.0000,0.0000,-0.0000,-0.0000,1.0000,0.0000,0.0000,-0.0000,1.0000),
      ["RightLowerArm"] = CFrame.new(-0.0000,0.0000,0.0000,1.0000,-0.0000,0.0000,0.0000,1.0000,-0.0000,0.0000,0.0000,1.0000),
      ["RightHand"] = CFrame.new(0.0000,0.0000,0.0000,1.0000,-0.0000,0.0000,0.0000,1.0000,-0.0000,0.0000,0.0000,1.0000),
      ["LeftUpperArm"] = CFrame.new(0.0000,0.0000,0.0000,1.0000,-0.0000,0.0000,0.0000,0.9997,0.0228,-0.0000,-0.0228,0.9997),
      ["LeftLowerArm"] = CFrame.new(0.0000,0.0000,0.0000,1.0000,0.0000,0.0000,0.0000,1.0000,0.0000,0.0000,0.0000,1.0000),
      ["LeftHand"] = CFrame.new(0.0000,0.0000,0.0000,1.0000,0.0000,0.0000,0.0000,1.0000,0.0000,0.0000,0.0000,1.0000),
      ["RightUpperLeg"] = CFrame.new(0.0000,0.0000,0.0000,1.0000,0.0000,0.0000,0.0000,1.0000,0.0000,0.0000,0.0000,1.0000),
      ["RightLowerLeg"] = CFrame.new(0.0000,0.0000,0.0000,1.0000,0.0000,0.0000,0.0000,1.0000,0.0000,0.0000,0.0000,1.0000),
      ["RightFoot"] = CFrame.new(0.0000,0.0000,0.0000,1.0000,0.0000,0.0000,0.0000,1.0000,0.0000,0.0000,0.0000,1.0000),
    }},
    {Time = 4.800, Data = {
      ["HumanoidRootPart"] = CFrame.new(0.0000,0.0000,0.0000,1.0000,0.0000,0.0000,0.0000,1.0000,0.0000,0.0000,0.0000,1.0000),
      ["LowerTorso"] = CFrame.new(0.0000,0.0000,0.0000,1.0000,0.0000,0.0000,0.0000,1.0000,0.0000,0.0000,0.0000,1.0000),
      ["LeftUpperLeg"] = CFrame.new(0.0000,0.0000,0.0000,1.0000,0.0000,0.0000,0.0000,1.0000,0.0000,0.0000,0.0000,1.0000),
      ["LeftLowerLeg"] = CFrame.new(0.0000,0.0000,0.0000,1.0000,0.0000,0.0000,0.0000,1.0000,0.0000,0.0000,0.0000,1.0000),
      ["LeftFoot"] = CFrame.new(0.0000,0.0000,0.0000,1.0000,0.0000,0.0000,0.0000,1.0000,0.0000,0.0000,0.0000,1.0000),
      ["UpperTorso"] = CFrame.new(0.0000,0.0000,0.0000,1.0000,-0.0000,0.0000,0.0000,1.0000,-0.0015,0.0000,0.0015,1.0000),
      ["Head"] = CFrame.new(0.0006,-0.0003,-0.0081,1.0000,-0.0000,0.0000,0.0000,0.9974,0.0720,-0.0000,-0.0720,0.9974),
      ["RightUpperArm"] = CFrame.new(0.0000,0.0000,0.0000,1.0000,0.0000,-0.0000,-0.0000,1.0000,0.0000,0.0000,-0.0000,1.0000),
      ["RightLowerArm"] = CFrame.new(-0.0000,0.0000,0.0000,1.0000,-0.0000,0.0000,0.0000,1.0000,-0.0000,0.0000,0.0000,1.0000),
      ["RightHand"] = CFrame.new(0.0000,0.0000,0.0000,1.0000,-0.0000,0.0000,0.0000,1.0000,-0.0000,0.0000,0.0000,1.0000),
      ["LeftUpperArm"] = CFrame.new(0.0000,0.0000,0.0000,1.0000,-0.0000,0.0000,0.0000,0.9998,0.0220,-0.0000,-0.0220,0.9998),
      ["LeftLowerArm"] = CFrame.new(0.0000,0.0000,0.0000,1.0000,0.0000,0.0000,0.0000,1.0000,0.0000,0.0000,0.0000,1.0000),
      ["LeftHand"] = CFrame.new(0.0000,0.0000,0.0000,1.0000,0.0000,0.0000,0.0000,1.0000,0.0000,0.0000,0.0000,1.0000),
      ["RightUpperLeg"] = CFrame.new(0.0000,0.0000,0.0000,1.0000,0.0000,0.0000,0.0000,1.0000,0.0000,0.0000,0.0000,1.0000),
      ["RightLowerLeg"] = CFrame.new(0.0000,0.0000,0.0000,1.0000,0.0000,0.0000,0.0000,1.0000,0.0000,0.0000,0.0000,1.0000),
      ["RightFoot"] = CFrame.new(0.0000,0.0000,0.0000,1.0000,0.0000,0.0000,0.0000,1.0000,0.0000,0.0000,0.0000,1.0000),
    }},
    {Time = 4.833, Data = {
      ["HumanoidRootPart"] = CFrame.new(0.0000,0.0000,0.0000,1.0000,0.0000,0.0000,0.0000,1.0000,0.0000,0.0000,0.0000,1.0000),
      ["LowerTorso"] = CFrame.new(0.0000,0.0000,0.0000,1.0000,0.0000,0.0000,0.0000,1.0000,0.0000,0.0000,0.0000,1.0000),
      ["LeftUpperLeg"] = CFrame.new(0.0000,0.0000,0.0000,1.0000,0.0000,0.0000,0.0000,1.0000,0.0000,0.0000,0.0000,1.0000),
      ["LeftLowerLeg"] = CFrame.new(0.0000,0.0000,0.0000,1.0000,0.0000,0.0000,0.0000,1.0000,0.0000,0.0000,0.0000,1.0000),
      ["LeftFoot"] = CFrame.new(0.0000,0.0000,0.0000,1.0000,0.0000,0.0000,0.0000,1.0000,0.0000,0.0000,0.0000,1.0000),
      ["UpperTorso"] = CFrame.new(0.0000,0.0000,0.0000,1.0000,-0.0000,0.0000,0.0000,1.0000,-0.0037,0.0000,0.0037,1.0000),
      ["Head"] = CFrame.new(0.0004,-0.0002,-0.0057,1.0000,-0.0000,0.0000,0.0000,0.9979,0.0640,-0.0000,-0.0640,0.9979),
      ["RightUpperArm"] = CFrame.new(0.0000,0.0000,0.0000,1.0000,-0.0000,0.0000,0.0000,1.0000,0.0000,-0.0000,-0.0000,1.0000),
      ["RightLowerArm"] = CFrame.new(-0.0000,0.0000,0.0000,1.0000,-0.0000,0.0000,0.0000,1.0000,-0.0000,0.0000,0.0000,1.0000),
      ["RightHand"] = CFrame.new(0.0000,0.0000,0.0000,1.0000,-0.0000,0.0000,0.0000,1.0000,-0.0000,0.0000,0.0000,1.0000),
      ["LeftUpperArm"] = CFrame.new(0.0000,0.0000,0.0000,1.0000,-0.0000,0.0000,0.0000,0.9998,0.0211,-0.0000,-0.0211,0.9998),
      ["LeftLowerArm"] = CFrame.new(0.0000,0.0000,0.0000,1.0000,0.0000,0.0000,0.0000,1.0000,0.0000,0.0000,0.0000,1.0000),
      ["LeftHand"] = CFrame.new(0.0000,0.0000,0.0000,1.0000,0.0000,0.0000,0.0000,1.0000,0.0000,0.0000,0.0000,1.0000),
      ["RightUpperLeg"] = CFrame.new(0.0000,0.0000,0.0000,1.0000,0.0000,0.0000,0.0000,1.0000,0.0000,0.0000,0.0000,1.0000),
      ["RightLowerLeg"] = CFrame.new(0.0000,0.0000,0.0000,1.0000,0.0000,0.0000,0.0000,1.0000,0.0000,0.0000,0.0000,1.0000),
      ["RightFoot"] = CFrame.new(0.0000,0.0000,0.0000,1.0000,0.0000,0.0000,0.0000,1.0000,0.0000,0.0000,0.0000,1.0000),
    }},
    {Time = 4.867, Data = {
      ["HumanoidRootPart"] = CFrame.new(0.0000,0.0000,0.0000,1.0000,0.0000,0.0000,0.0000,1.0000,0.0000,0.0000,0.0000,1.0000),
      ["LowerTorso"] = CFrame.new(0.0000,0.0000,0.0000,1.0000,0.0000,0.0000,0.0000,1.0000,0.0000,0.0000,0.0000,1.0000),
      ["LeftUpperLeg"] = CFrame.new(0.0000,0.0000,0.0000,1.0000,0.0000,0.0000,0.0000,1.0000,0.0000,0.0000,0.0000,1.0000),
      ["LeftLowerLeg"] = CFrame.new(0.0000,0.0000,0.0000,1.0000,0.0000,0.0000,0.0000,1.0000,0.0000,0.0000,0.0000,1.0000),
      ["LeftFoot"] = CFrame.new(0.0000,0.0000,0.0000,1.0000,0.0000,0.0000,0.0000,1.0000,0.0000,0.0000,0.0000,1.0000),
      ["UpperTorso"] = CFrame.new(0.0000,0.0000,0.0000,1.0000,-0.0000,0.0000,0.0000,1.0000,-0.0056,0.0000,0.0056,1.0000),
      ["Head"] = CFrame.new(0.0003,-0.0002,-0.0037,1.0000,-0.0000,0.0000,0.0000,0.9984,0.0573,-0.0000,-0.0573,0.9984),
      ["RightUpperArm"] = CFrame.new(0.0000,0.0000,0.0000,1.0000,0.0000,-0.0000,-0.0000,1.0000,-0.0000,0.0000,0.0000,1.0000),
      ["RightLowerArm"] = CFrame.new(-0.0000,0.0000,0.0000,1.0000,-0.0000,0.0000,0.0000,1.0000,-0.0000,0.0000,0.0000,1.0000),
      ["RightHand"] = CFrame.new(0.0000,0.0000,0.0000,1.0000,-0.0000,0.0000,0.0000,1.0000,-0.0000,0.0000,0.0000,1.0000),
      ["LeftUpperArm"] = CFrame.new(0.0000,0.0000,0.0000,1.0000,-0.0000,0.0000,0.0000,0.9998,0.0203,-0.0000,-0.0203,0.9998),
      ["LeftLowerArm"] = CFrame.new(0.0000,0.0000,0.0000,1.0000,0.0000,0.0000,0.0000,1.0000,0.0000,0.0000,0.0000,1.0000),
      ["LeftHand"] = CFrame.new(0.0000,0.0000,0.0000,1.0000,0.0000,0.0000,0.0000,1.0000,0.0000,0.0000,0.0000,1.0000),
      ["RightUpperLeg"] = CFrame.new(0.0000,0.0000,0.0000,1.0000,0.0000,0.0000,0.0000,1.0000,0.0000,0.0000,0.0000,1.0000),
      ["RightLowerLeg"] = CFrame.new(0.0000,0.0000,0.0000,1.0000,0.0000,0.0000,0.0000,1.0000,0.0000,0.0000,0.0000,1.0000),
      ["RightFoot"] = CFrame.new(0.0000,0.0000,0.0000,1.0000,0.0000,0.0000,0.0000,1.0000,0.0000,0.0000,0.0000,1.0000),
    }},
    {Time = 4.900, Data = {
      ["HumanoidRootPart"] = CFrame.new(0.0000,0.0000,0.0000,1.0000,0.0000,0.0000,0.0000,1.0000,0.0000,0.0000,0.0000,1.0000),
      ["LowerTorso"] = CFrame.new(0.0000,0.0000,0.0000,1.0000,0.0000,0.0000,0.0000,1.0000,0.0000,0.0000,0.0000,1.0000),
      ["LeftUpperLeg"] = CFrame.new(0.0000,0.0000,0.0000,1.0000,0.0000,0.0000,0.0000,1.0000,0.0000,0.0000,0.0000,1.0000),
      ["LeftLowerLeg"] = CFrame.new(0.0000,0.0000,0.0000,1.0000,0.0000,0.0000,0.0000,1.0000,0.0000,0.0000,0.0000,1.0000),
      ["LeftFoot"] = CFrame.new(0.0000,0.0000,0.0000,1.0000,0.0000,0.0000,0.0000,1.0000,0.0000,0.0000,0.0000,1.0000),
      ["UpperTorso"] = CFrame.new(0.0000,0.0000,0.0000,1.0000,-0.0000,0.0000,0.0000,1.0000,-0.0071,0.0000,0.0071,1.0000),
      ["Head"] = CFrame.new(0.0002,-0.0001,-0.0021,1.0000,-0.0000,0.0000,0.0000,0.9986,0.0521,-0.0000,-0.0521,0.9986),
      ["RightUpperArm"] = CFrame.new(0.0000,0.0000,0.0000,1.0000,0.0000,-0.0000,-0.0000,1.0000,-0.0000,0.0000,0.0000,1.0000),
      ["RightLowerArm"] = CFrame.new(-0.0000,0.0000,0.0000,1.0000,-0.0000,0.0000,0.0000,1.0000,-0.0000,0.0000,0.0000,1.0000),
      ["RightHand"] = CFrame.new(0.0000,0.0000,0.0000,1.0000,-0.0000,0.0000,0.0000,1.0000,-0.0000,0.0000,0.0000,1.0000),
      ["LeftUpperArm"] = CFrame.new(0.0000,0.0000,0.0000,1.0000,-0.0000,0.0000,0.0000,0.9998,0.0194,-0.0000,-0.0194,0.9998),
      ["LeftLowerArm"] = CFrame.new(0.0000,0.0000,0.0000,1.0000,0.0000,0.0000,0.0000,1.0000,0.0000,0.0000,0.0000,1.0000),
      ["LeftHand"] = CFrame.new(0.0000,0.0000,0.0000,1.0000,0.0000,0.0000,0.0000,1.0000,0.0000,0.0000,0.0000,1.0000),
      ["RightUpperLeg"] = CFrame.new(0.0000,0.0000,0.0000,1.0000,0.0000,0.0000,0.0000,1.0000,0.0000,0.0000,0.0000,1.0000),
      ["RightLowerLeg"] = CFrame.new(0.0000,0.0000,0.0000,1.0000,0.0000,0.0000,0.0000,1.0000,0.0000,0.0000,0.0000,1.0000),
      ["RightFoot"] = CFrame.new(0.0000,0.0000,0.0000,1.0000,0.0000,0.0000,0.0000,1.0000,0.0000,0.0000,0.0000,1.0000),
    }},
    {Time = 4.933, Data = {
      ["HumanoidRootPart"] = CFrame.new(0.0000,0.0000,0.0000,1.0000,0.0000,0.0000,0.0000,1.0000,0.0000,0.0000,0.0000,1.0000),
      ["LowerTorso"] = CFrame.new(0.0000,0.0000,0.0000,1.0000,0.0000,0.0000,0.0000,1.0000,0.0000,0.0000,0.0000,1.0000),
      ["LeftUpperLeg"] = CFrame.new(0.0000,0.0000,0.0000,1.0000,0.0000,0.0000,0.0000,1.0000,0.0000,0.0000,0.0000,1.0000),
      ["LeftLowerLeg"] = CFrame.new(0.0000,0.0000,0.0000,1.0000,0.0000,0.0000,0.0000,1.0000,0.0000,0.0000,0.0000,1.0000),
      ["LeftFoot"] = CFrame.new(0.0000,0.0000,0.0000,1.0000,0.0000,0.0000,0.0000,1.0000,0.0000,0.0000,0.0000,1.0000),
      ["UpperTorso"] = CFrame.new(0.0000,0.0000,0.0000,1.0000,-0.0000,0.0000,0.0000,1.0000,-0.0083,0.0000,0.0083,1.0000),
      ["Head"] = CFrame.new(0.0001,-0.0000,-0.0009,1.0000,-0.0000,0.0000,0.0000,0.9988,0.0483,-0.0000,-0.0483,0.9988),
      ["RightUpperArm"] = CFrame.new(0.0000,0.0000,0.0000,1.0000,0.0000,-0.0000,-0.0000,1.0000,-0.0000,0.0000,0.0000,1.0000),
      ["RightLowerArm"] = CFrame.new(-0.0000,0.0000,0.0000,1.0000,-0.0000,0.0000,0.0000,1.0000,-0.0000,0.0000,0.0000,1.0000),
      ["RightHand"] = CFrame.new(0.0000,0.0000,0.0000,1.0000,-0.0000,0.0000,0.0000,1.0000,-0.0000,0.0000,0.0000,1.0000),
      ["LeftUpperArm"] = CFrame.new(0.0000,0.0000,0.0000,1.0000,-0.0000,0.0000,0.0000,0.9998,0.0184,-0.0000,-0.0184,0.9998),
      ["LeftLowerArm"] = CFrame.new(0.0000,0.0000,0.0000,1.0000,0.0000,0.0000,0.0000,1.0000,0.0000,0.0000,0.0000,1.0000),
      ["LeftHand"] = CFrame.new(0.0000,0.0000,0.0000,1.0000,0.0000,0.0000,0.0000,1.0000,0.0000,0.0000,0.0000,1.0000),
      ["RightUpperLeg"] = CFrame.new(0.0000,0.0000,0.0000,1.0000,0.0000,0.0000,0.0000,1.0000,0.0000,0.0000,0.0000,1.0000),
      ["RightLowerLeg"] = CFrame.new(0.0000,0.0000,0.0000,1.0000,0.0000,0.0000,0.0000,1.0000,0.0000,0.0000,0.0000,1.0000),
      ["RightFoot"] = CFrame.new(0.0000,0.0000,0.0000,1.0000,0.0000,0.0000,0.0000,1.0000,0.0000,0.0000,0.0000,1.0000),
    }},
    {Time = 4.967, Data = {
      ["HumanoidRootPart"] = CFrame.new(0.0000,0.0000,0.0000,1.0000,0.0000,0.0000,0.0000,1.0000,0.0000,0.0000,0.0000,1.0000),
      ["LowerTorso"] = CFrame.new(0.0000,0.0000,0.0000,1.0000,0.0000,0.0000,0.0000,1.0000,0.0000,0.0000,0.0000,1.0000),
      ["LeftUpperLeg"] = CFrame.new(0.0000,0.0000,0.0000,1.0000,0.0000,0.0000,0.0000,1.0000,0.0000,0.0000,0.0000,1.0000),
      ["LeftLowerLeg"] = CFrame.new(0.0000,0.0000,0.0000,1.0000,0.0000,0.0000,0.0000,1.0000,0.0000,0.0000,0.0000,1.0000),
      ["LeftFoot"] = CFrame.new(0.0000,0.0000,0.0000,1.0000,0.0000,0.0000,0.0000,1.0000,0.0000,0.0000,0.0000,1.0000),
      ["UpperTorso"] = CFrame.new(0.0000,0.0000,0.0000,1.0000,-0.0000,0.0000,0.0000,1.0000,-0.0089,0.0000,0.0089,1.0000),
      ["Head"] = CFrame.new(0.0000,-0.0000,-0.0002,1.0000,-0.0000,0.0000,0.0000,0.9989,0.0460,-0.0000,-0.0460,0.9989),
      ["RightUpperArm"] = CFrame.new(0.0000,0.0000,0.0000,1.0000,-0.0000,0.0000,0.0000,1.0000,-0.0000,-0.0000,0.0000,1.0000),
      ["RightLowerArm"] = CFrame.new(-0.0000,0.0000,0.0000,1.0000,-0.0000,0.0000,0.0000,1.0000,-0.0000,0.0000,0.0000,1.0000),
      ["RightHand"] = CFrame.new(0.0000,0.0000,0.0000,1.0000,-0.0000,0.0000,0.0000,1.0000,-0.0000,0.0000,0.0000,1.0000),
      ["LeftUpperArm"] = CFrame.new(0.0000,0.0000,0.0000,1.0000,-0.0000,0.0000,0.0000,0.9998,0.0175,-0.0000,-0.0175,0.9998),
      ["LeftLowerArm"] = CFrame.new(0.0000,0.0000,0.0000,1.0000,0.0000,0.0000,0.0000,1.0000,0.0000,0.0000,0.0000,1.0000),
      ["LeftHand"] = CFrame.new(0.0000,0.0000,0.0000,1.0000,0.0000,0.0000,0.0000,1.0000,0.0000,0.0000,0.0000,1.0000),
      ["RightUpperLeg"] = CFrame.new(0.0000,0.0000,0.0000,1.0000,0.0000,0.0000,0.0000,1.0000,0.0000,0.0000,0.0000,1.0000),
      ["RightLowerLeg"] = CFrame.new(0.0000,0.0000,0.0000,1.0000,0.0000,0.0000,0.0000,1.0000,0.0000,0.0000,0.0000,1.0000),
      ["RightFoot"] = CFrame.new(0.0000,0.0000,0.0000,1.0000,0.0000,0.0000,0.0000,1.0000,0.0000,0.0000,0.0000,1.0000),
    }},
    {Time = 5.000, Data = {
      ["HumanoidRootPart"] = CFrame.new(0.0000,0.0000,0.0000,1.0000,0.0000,0.0000,0.0000,1.0000,0.0000,0.0000,0.0000,1.0000),
      ["LowerTorso"] = CFrame.new(0.0000,0.0000,0.0000,1.0000,0.0000,0.0000,0.0000,1.0000,0.0000,0.0000,0.0000,1.0000),
      ["LeftUpperLeg"] = CFrame.new(0.0000,0.0000,0.0000,1.0000,0.0000,0.0000,0.0000,1.0000,0.0000,0.0000,0.0000,1.0000),
      ["LeftLowerLeg"] = CFrame.new(0.0000,0.0000,0.0000,1.0000,0.0000,0.0000,0.0000,1.0000,0.0000,0.0000,0.0000,1.0000),
      ["LeftFoot"] = CFrame.new(0.0000,0.0000,0.0000,1.0000,0.0000,0.0000,0.0000,1.0000,0.0000,0.0000,0.0000,1.0000),
      ["UpperTorso"] = CFrame.new(0.0000,0.0000,0.0000,1.0000,-0.0000,0.0000,0.0000,1.0000,-0.0092,0.0000,0.0092,1.0000),
      ["Head"] = CFrame.new(0.0000,-0.0000,-0.0001,1.0000,-0.0000,0.0000,0.0000,0.9990,0.0452,-0.0000,-0.0452,0.9990),
      ["RightUpperArm"] = CFrame.new(0.0000,0.0000,0.0000,1.0000,0.0000,-0.0000,-0.0000,1.0000,0.0000,0.0000,-0.0000,1.0000),
      ["RightLowerArm"] = CFrame.new(-0.0000,0.0000,0.0000,1.0000,-0.0000,0.0000,0.0000,1.0000,-0.0000,0.0000,0.0000,1.0000),
      ["RightHand"] = CFrame.new(0.0000,0.0000,0.0000,1.0000,-0.0000,0.0000,0.0000,1.0000,-0.0000,0.0000,0.0000,1.0000),
      ["LeftUpperArm"] = CFrame.new(0.0000,0.0000,0.0000,1.0000,-0.0000,0.0000,0.0000,0.9999,0.0165,-0.0000,-0.0165,0.9999),
      ["LeftLowerArm"] = CFrame.new(0.0000,0.0000,0.0000,1.0000,0.0000,0.0000,0.0000,1.0000,0.0000,0.0000,0.0000,1.0000),
      ["LeftHand"] = CFrame.new(0.0000,0.0000,0.0000,1.0000,0.0000,0.0000,0.0000,1.0000,0.0000,0.0000,0.0000,1.0000),
      ["RightUpperLeg"] = CFrame.new(0.0000,0.0000,0.0000,1.0000,0.0000,0.0000,0.0000,1.0000,0.0000,0.0000,0.0000,1.0000),
      ["RightLowerLeg"] = CFrame.new(0.0000,0.0000,0.0000,1.0000,0.0000,0.0000,0.0000,1.0000,0.0000,0.0000,0.0000,1.0000),
      ["RightFoot"] = CFrame.new(0.0000,0.0000,0.0000,1.0000,0.0000,0.0000,0.0000,1.0000,0.0000,0.0000,0.0000,1.0000),
    }},
    {Time = 5.033, Data = {
      ["HumanoidRootPart"] = CFrame.new(0.0000,0.0000,0.0000,1.0000,0.0000,0.0000,0.0000,1.0000,0.0000,0.0000,0.0000,1.0000),
      ["LowerTorso"] = CFrame.new(0.0000,0.0000,0.0000,1.0000,0.0000,0.0000,0.0000,1.0000,0.0000,0.0000,0.0000,1.0000),
      ["LeftUpperLeg"] = CFrame.new(0.0000,0.0000,0.0000,1.0000,0.0000,0.0000,0.0000,1.0000,0.0000,0.0000,0.0000,1.0000),
      ["LeftLowerLeg"] = CFrame.new(0.0000,0.0000,0.0000,1.0000,0.0000,0.0000,0.0000,1.0000,0.0000,0.0000,0.0000,1.0000),
      ["LeftFoot"] = CFrame.new(0.0000,0.0000,0.0000,1.0000,0.0000,0.0000,0.0000,1.0000,0.0000,0.0000,0.0000,1.0000),
      ["UpperTorso"] = CFrame.new(0.0000,0.0000,0.0000,1.0000,-0.0000,0.0000,0.0000,1.0000,-0.0087,0.0000,0.0087,1.0000),
      ["Head"] = CFrame.new(0.0000,-0.0000,-0.0001,1.0000,-0.0000,0.0000,0.0000,0.9991,0.0424,-0.0000,-0.0424,0.9991),
      ["RightUpperArm"] = CFrame.new(0.0000,0.0000,0.0000,1.0000,0.0000,-0.0000,-0.0000,1.0000,-0.0000,0.0000,0.0000,1.0000),
      ["RightLowerArm"] = CFrame.new(-0.0000,0.0000,0.0000,1.0000,-0.0000,0.0000,0.0000,1.0000,-0.0000,0.0000,0.0000,1.0000),
      ["RightHand"] = CFrame.new(0.0000,0.0000,0.0000,1.0000,-0.0000,0.0000,0.0000,1.0000,-0.0000,0.0000,0.0000,1.0000),
      ["LeftUpperArm"] = CFrame.new(0.0000,0.0000,0.0000,1.0000,-0.0000,0.0000,0.0000,0.9999,0.0156,-0.0000,-0.0156,0.9999),
      ["LeftLowerArm"] = CFrame.new(0.0000,0.0000,0.0000,1.0000,0.0000,0.0000,0.0000,1.0000,0.0000,0.0000,0.0000,1.0000),
      ["LeftHand"] = CFrame.new(0.0000,0.0000,0.0000,1.0000,0.0000,0.0000,0.0000,1.0000,0.0000,0.0000,0.0000,1.0000),
      ["RightUpperLeg"] = CFrame.new(0.0000,0.0000,0.0000,1.0000,0.0000,0.0000,0.0000,1.0000,0.0000,0.0000,0.0000,1.0000),
      ["RightLowerLeg"] = CFrame.new(0.0000,0.0000,0.0000,1.0000,0.0000,0.0000,0.0000,1.0000,0.0000,0.0000,0.0000,1.0000),
      ["RightFoot"] = CFrame.new(0.0000,0.0000,0.0000,1.0000,0.0000,0.0000,0.0000,1.0000,0.0000,0.0000,0.0000,1.0000),
    }},
    {Time = 5.067, Data = {
      ["HumanoidRootPart"] = CFrame.new(0.0000,0.0000,0.0000,1.0000,0.0000,0.0000,0.0000,1.0000,0.0000,0.0000,0.0000,1.0000),
      ["LowerTorso"] = CFrame.new(0.0000,0.0000,0.0000,1.0000,0.0000,0.0000,0.0000,1.0000,0.0000,0.0000,0.0000,1.0000),
      ["LeftUpperLeg"] = CFrame.new(0.0000,0.0000,0.0000,1.0000,0.0000,0.0000,0.0000,1.0000,0.0000,0.0000,0.0000,1.0000),
      ["LeftLowerLeg"] = CFrame.new(0.0000,0.0000,0.0000,1.0000,0.0000,0.0000,0.0000,1.0000,0.0000,0.0000,0.0000,1.0000),
      ["LeftFoot"] = CFrame.new(0.0000,0.0000,0.0000,1.0000,0.0000,0.0000,0.0000,1.0000,0.0000,0.0000,0.0000,1.0000),
      ["UpperTorso"] = CFrame.new(0.0000,0.0000,0.0000,1.0000,-0.0000,0.0000,0.0000,1.0000,-0.0081,0.0000,0.0081,1.0000),
      ["Head"] = CFrame.new(0.0000,-0.0000,-0.0001,1.0000,-0.0000,0.0000,0.0000,0.9992,0.0396,-0.0000,-0.0396,0.9992),
      ["RightUpperArm"] = CFrame.new(0.0000,0.0000,0.0000,1.0000,0.0000,-0.0000,-0.0000,1.0000,-0.0000,0.0000,0.0000,1.0000),
      ["RightLowerArm"] = CFrame.new(-0.0000,0.0000,0.0000,1.0000,-0.0000,0.0000,0.0000,1.0000,-0.0000,0.0000,0.0000,1.0000),
      ["RightHand"] = CFrame.new(0.0000,0.0000,0.0000,1.0000,-0.0000,0.0000,0.0000,1.0000,-0.0000,0.0000,0.0000,1.0000),
      ["LeftUpperArm"] = CFrame.new(0.0000,0.0000,0.0000,1.0000,-0.0000,0.0000,0.0000,0.9999,0.0146,-0.0000,-0.0146,0.9999),
      ["LeftLowerArm"] = CFrame.new(0.0000,0.0000,0.0000,1.0000,0.0000,0.0000,0.0000,1.0000,0.0000,0.0000,0.0000,1.0000),
      ["LeftHand"] = CFrame.new(0.0000,0.0000,0.0000,1.0000,0.0000,0.0000,0.0000,1.0000,0.0000,0.0000,0.0000,1.0000),
      ["RightUpperLeg"] = CFrame.new(0.0000,0.0000,0.0000,1.0000,0.0000,0.0000,0.0000,1.0000,0.0000,0.0000,0.0000,1.0000),
      ["RightLowerLeg"] = CFrame.new(0.0000,0.0000,0.0000,1.0000,0.0000,0.0000,0.0000,1.0000,0.0000,0.0000,0.0000,1.0000),
      ["RightFoot"] = CFrame.new(0.0000,0.0000,0.0000,1.0000,0.0000,0.0000,0.0000,1.0000,0.0000,0.0000,0.0000,1.0000),
    }},
    {Time = 5.100, Data = {
      ["HumanoidRootPart"] = CFrame.new(0.0000,0.0000,0.0000,1.0000,0.0000,0.0000,0.0000,1.0000,0.0000,0.0000,0.0000,1.0000),
      ["LowerTorso"] = CFrame.new(0.0000,0.0000,0.0000,1.0000,0.0000,0.0000,0.0000,1.0000,0.0000,0.0000,0.0000,1.0000),
      ["LeftUpperLeg"] = CFrame.new(0.0000,0.0000,0.0000,1.0000,0.0000,0.0000,0.0000,1.0000,0.0000,0.0000,0.0000,1.0000),
      ["LeftLowerLeg"] = CFrame.new(0.0000,0.0000,0.0000,1.0000,0.0000,0.0000,0.0000,1.0000,0.0000,0.0000,0.0000,1.0000),
      ["LeftFoot"] = CFrame.new(0.0000,0.0000,0.0000,1.0000,0.0000,0.0000,0.0000,1.0000,0.0000,0.0000,0.0000,1.0000),
      ["UpperTorso"] = CFrame.new(0.0000,0.0000,0.0000,1.0000,-0.0000,0.0000,0.0000,1.0000,-0.0076,0.0000,0.0076,1.0000),
      ["Head"] = CFrame.new(0.0000,-0.0000,-0.0001,1.0000,-0.0000,0.0000,0.0000,0.9993,0.0368,-0.0000,-0.0368,0.9993),
      ["RightUpperArm"] = CFrame.new(0.0000,0.0000,0.0000,1.0000,0.0000,-0.0000,-0.0000,1.0000,-0.0000,0.0000,0.0000,1.0000),
      ["RightLowerArm"] = CFrame.new(-0.0000,0.0000,0.0000,1.0000,-0.0000,0.0000,0.0000,1.0000,-0.0000,0.0000,0.0000,1.0000),
      ["RightHand"] = CFrame.new(0.0000,0.0000,0.0000,1.0000,-0.0000,0.0000,0.0000,1.0000,-0.0000,0.0000,0.0000,1.0000),
      ["LeftUpperArm"] = CFrame.new(0.0000,0.0000,0.0000,1.0000,-0.0000,0.0000,0.0000,0.9999,0.0136,-0.0000,-0.0136,0.9999),
      ["LeftLowerArm"] = CFrame.new(0.0000,0.0000,0.0000,1.0000,0.0000,0.0000,0.0000,1.0000,0.0000,0.0000,0.0000,1.0000),
      ["LeftHand"] = CFrame.new(0.0000,0.0000,0.0000,1.0000,0.0000,0.0000,0.0000,1.0000,0.0000,0.0000,0.0000,1.0000),
      ["RightUpperLeg"] = CFrame.new(0.0000,0.0000,0.0000,1.0000,0.0000,0.0000,0.0000,1.0000,0.0000,0.0000,0.0000,1.0000),
      ["RightLowerLeg"] = CFrame.new(0.0000,0.0000,0.0000,1.0000,0.0000,0.0000,0.0000,1.0000,0.0000,0.0000,0.0000,1.0000),
      ["RightFoot"] = CFrame.new(0.0000,0.0000,0.0000,1.0000,0.0000,0.0000,0.0000,1.0000,0.0000,0.0000,0.0000,1.0000),
    }},
    {Time = 5.133, Data = {
      ["HumanoidRootPart"] = CFrame.new(0.0000,0.0000,0.0000,1.0000,0.0000,0.0000,0.0000,1.0000,0.0000,0.0000,0.0000,1.0000),
      ["LowerTorso"] = CFrame.new(0.0000,0.0000,0.0000,1.0000,0.0000,0.0000,0.0000,1.0000,0.0000,0.0000,0.0000,1.0000),
      ["LeftUpperLeg"] = CFrame.new(0.0000,0.0000,0.0000,1.0000,0.0000,0.0000,0.0000,1.0000,0.0000,0.0000,0.0000,1.0000),
      ["LeftLowerLeg"] = CFrame.new(0.0000,0.0000,0.0000,1.0000,0.0000,0.0000,0.0000,1.0000,0.0000,0.0000,0.0000,1.0000),
      ["LeftFoot"] = CFrame.new(0.0000,0.0000,0.0000,1.0000,0.0000,0.0000,0.0000,1.0000,0.0000,0.0000,0.0000,1.0000),
      ["UpperTorso"] = CFrame.new(0.0000,0.0000,0.0000,1.0000,-0.0000,0.0000,0.0000,1.0000,-0.0071,0.0000,0.0071,1.0000),
      ["Head"] = CFrame.new(0.0000,-0.0000,-0.0001,1.0000,-0.0000,0.0000,0.0000,0.9994,0.0340,-0.0000,-0.0340,0.9994),
      ["RightUpperArm"] = CFrame.new(0.0000,0.0000,0.0000,1.0000,-0.0000,0.0000,0.0000,1.0000,-0.0000,-0.0000,0.0000,1.0000),
      ["RightLowerArm"] = CFrame.new(-0.0000,0.0000,0.0000,1.0000,-0.0000,0.0000,0.0000,1.0000,-0.0000,0.0000,0.0000,1.0000),
      ["RightHand"] = CFrame.new(0.0000,0.0000,0.0000,1.0000,-0.0000,0.0000,0.0000,1.0000,-0.0000,0.0000,0.0000,1.0000),
      ["LeftUpperArm"] = CFrame.new(0.0000,0.0000,0.0000,1.0000,-0.0000,0.0000,0.0000,0.9999,0.0126,-0.0000,-0.0126,0.9999),
      ["LeftLowerArm"] = CFrame.new(0.0000,0.0000,0.0000,1.0000,0.0000,0.0000,0.0000,1.0000,0.0000,0.0000,0.0000,1.0000),
      ["LeftHand"] = CFrame.new(0.0000,0.0000,0.0000,1.0000,0.0000,0.0000,0.0000,1.0000,0.0000,0.0000,0.0000,1.0000),
      ["RightUpperLeg"] = CFrame.new(0.0000,0.0000,0.0000,1.0000,0.0000,0.0000,0.0000,1.0000,0.0000,0.0000,0.0000,1.0000),
      ["RightLowerLeg"] = CFrame.new(0.0000,0.0000,0.0000,1.0000,0.0000,0.0000,0.0000,1.0000,0.0000,0.0000,0.0000,1.0000),
      ["RightFoot"] = CFrame.new(0.0000,0.0000,0.0000,1.0000,0.0000,0.0000,0.0000,1.0000,0.0000,0.0000,0.0000,1.0000),
    }},
    {Time = 5.167, Data = {
      ["HumanoidRootPart"] = CFrame.new(0.0000,0.0000,0.0000,1.0000,0.0000,0.0000,0.0000,1.0000,0.0000,0.0000,0.0000,1.0000),
      ["LowerTorso"] = CFrame.new(0.0000,0.0000,0.0000,1.0000,0.0000,0.0000,0.0000,1.0000,0.0000,0.0000,0.0000,1.0000),
      ["LeftUpperLeg"] = CFrame.new(0.0000,0.0000,0.0000,1.0000,0.0000,0.0000,0.0000,1.0000,0.0000,0.0000,0.0000,1.0000),
      ["LeftLowerLeg"] = CFrame.new(0.0000,0.0000,0.0000,1.0000,0.0000,0.0000,0.0000,1.0000,0.0000,0.0000,0.0000,1.0000),
      ["LeftFoot"] = CFrame.new(0.0000,0.0000,0.0000,1.0000,0.0000,0.0000,0.0000,1.0000,0.0000,0.0000,0.0000,1.0000),
      ["UpperTorso"] = CFrame.new(0.0000,0.0000,0.0000,1.0000,-0.0000,0.0000,0.0000,1.0000,-0.0066,0.0000,0.0066,1.0000),
      ["Head"] = CFrame.new(0.0000,-0.0000,-0.0001,1.0000,-0.0000,0.0000,0.0000,0.9995,0.0313,-0.0000,-0.0313,0.9995),
      ["RightUpperArm"] = CFrame.new(0.0000,0.0000,0.0000,1.0000,0.0000,-0.0000,-0.0000,1.0000,0.0000,0.0000,-0.0000,1.0000),
      ["RightLowerArm"] = CFrame.new(-0.0000,0.0000,0.0000,1.0000,-0.0000,0.0000,0.0000,1.0000,-0.0000,0.0000,0.0000,1.0000),
      ["RightHand"] = CFrame.new(0.0000,0.0000,0.0000,1.0000,-0.0000,0.0000,0.0000,1.0000,-0.0000,0.0000,0.0000,1.0000),
      ["LeftUpperArm"] = CFrame.new(0.0000,0.0000,0.0000,1.0000,-0.0000,0.0000,0.0000,0.9999,0.0116,-0.0000,-0.0116,0.9999),
      ["LeftLowerArm"] = CFrame.new(0.0000,0.0000,0.0000,1.0000,0.0000,0.0000,0.0000,1.0000,0.0000,0.0000,0.0000,1.0000),
      ["LeftHand"] = CFrame.new(0.0000,0.0000,0.0000,1.0000,0.0000,0.0000,0.0000,1.0000,0.0000,0.0000,0.0000,1.0000),
      ["RightUpperLeg"] = CFrame.new(0.0000,0.0000,0.0000,1.0000,0.0000,0.0000,0.0000,1.0000,0.0000,0.0000,0.0000,1.0000),
      ["RightLowerLeg"] = CFrame.new(0.0000,0.0000,0.0000,1.0000,0.0000,0.0000,0.0000,1.0000,0.0000,0.0000,0.0000,1.0000),
      ["RightFoot"] = CFrame.new(0.0000,0.0000,0.0000,1.0000,0.0000,0.0000,0.0000,1.0000,0.0000,0.0000,0.0000,1.0000),
    }},
    {Time = 5.200, Data = {
      ["HumanoidRootPart"] = CFrame.new(0.0000,0.0000,0.0000,1.0000,0.0000,0.0000,0.0000,1.0000,0.0000,0.0000,0.0000,1.0000),
      ["LowerTorso"] = CFrame.new(0.0000,0.0000,0.0000,1.0000,0.0000,0.0000,0.0000,1.0000,0.0000,0.0000,0.0000,1.0000),
      ["LeftUpperLeg"] = CFrame.new(0.0000,0.0000,0.0000,1.0000,0.0000,0.0000,0.0000,1.0000,0.0000,0.0000,0.0000,1.0000),
      ["LeftLowerLeg"] = CFrame.new(0.0000,0.0000,0.0000,1.0000,0.0000,0.0000,0.0000,1.0000,0.0000,0.0000,0.0000,1.0000),
      ["LeftFoot"] = CFrame.new(0.0000,0.0000,0.0000,1.0000,0.0000,0.0000,0.0000,1.0000,0.0000,0.0000,0.0000,1.0000),
      ["UpperTorso"] = CFrame.new(0.0000,0.0000,0.0000,1.0000,-0.0000,0.0000,0.0000,1.0000,-0.0061,0.0000,0.0061,1.0000),
      ["Head"] = CFrame.new(0.0000,-0.0000,-0.0001,1.0000,-0.0000,0.0000,0.0000,0.9996,0.0286,-0.0000,-0.0286,0.9996),
      ["RightUpperArm"] = CFrame.new(0.0000,0.0000,0.0000,1.0000,0.0000,-0.0000,-0.0000,1.0000,-0.0000,0.0000,0.0000,1.0000),
      ["RightLowerArm"] = CFrame.new(-0.0000,0.0000,0.0000,1.0000,-0.0000,0.0000,0.0000,1.0000,-0.0000,0.0000,0.0000,1.0000),
      ["RightHand"] = CFrame.new(0.0000,0.0000,0.0000,1.0000,-0.0000,0.0000,0.0000,1.0000,-0.0000,0.0000,0.0000,1.0000),
      ["LeftUpperArm"] = CFrame.new(0.0000,0.0000,0.0000,1.0000,-0.0000,0.0000,0.0000,0.9999,0.0107,-0.0000,-0.0107,0.9999),
      ["LeftLowerArm"] = CFrame.new(0.0000,0.0000,0.0000,1.0000,0.0000,0.0000,0.0000,1.0000,0.0000,0.0000,0.0000,1.0000),
      ["LeftHand"] = CFrame.new(0.0000,0.0000,0.0000,1.0000,0.0000,0.0000,0.0000,1.0000,0.0000,0.0000,0.0000,1.0000),
      ["RightUpperLeg"] = CFrame.new(0.0000,0.0000,0.0000,1.0000,0.0000,0.0000,0.0000,1.0000,0.0000,0.0000,0.0000,1.0000),
      ["RightLowerLeg"] = CFrame.new(0.0000,0.0000,0.0000,1.0000,0.0000,0.0000,0.0000,1.0000,0.0000,0.0000,0.0000,1.0000),
      ["RightFoot"] = CFrame.new(0.0000,0.0000,0.0000,1.0000,0.0000,0.0000,0.0000,1.0000,0.0000,0.0000,0.0000,1.0000),
    }},
    {Time = 5.233, Data = {
      ["HumanoidRootPart"] = CFrame.new(0.0000,0.0000,0.0000,1.0000,0.0000,0.0000,0.0000,1.0000,0.0000,0.0000,0.0000,1.0000),
      ["LowerTorso"] = CFrame.new(0.0000,0.0000,0.0000,1.0000,0.0000,0.0000,0.0000,1.0000,0.0000,0.0000,0.0000,1.0000),
      ["LeftUpperLeg"] = CFrame.new(0.0000,0.0000,0.0000,1.0000,0.0000,0.0000,0.0000,1.0000,0.0000,0.0000,0.0000,1.0000),
      ["LeftLowerLeg"] = CFrame.new(0.0000,0.0000,0.0000,1.0000,0.0000,0.0000,0.0000,1.0000,0.0000,0.0000,0.0000,1.0000),
      ["LeftFoot"] = CFrame.new(0.0000,0.0000,0.0000,1.0000,0.0000,0.0000,0.0000,1.0000,0.0000,0.0000,0.0000,1.0000),
      ["UpperTorso"] = CFrame.new(0.0000,0.0000,0.0000,1.0000,-0.0000,0.0000,0.0000,1.0000,-0.0056,0.0000,0.0056,1.0000),
      ["Head"] = CFrame.new(0.0000,-0.0000,-0.0001,1.0000,-0.0000,0.0000,0.0000,0.9997,0.0260,-0.0000,-0.0260,0.9997),
      ["RightUpperArm"] = CFrame.new(0.0000,0.0000,0.0000,1.0000,0.0000,-0.0000,-0.0000,1.0000,-0.0000,0.0000,0.0000,1.0000),
      ["RightLowerArm"] = CFrame.new(-0.0000,0.0000,0.0000,1.0000,-0.0000,0.0000,0.0000,1.0000,-0.0000,0.0000,0.0000,1.0000),
      ["RightHand"] = CFrame.new(0.0000,0.0000,0.0000,1.0000,-0.0000,0.0000,0.0000,1.0000,-0.0000,0.0000,0.0000,1.0000),
      ["LeftUpperArm"] = CFrame.new(0.0000,0.0000,0.0000,1.0000,-0.0000,0.0000,0.0000,1.0000,0.0097,-0.0000,-0.0097,1.0000),
      ["LeftLowerArm"] = CFrame.new(0.0000,0.0000,0.0000,1.0000,0.0000,0.0000,0.0000,1.0000,0.0000,0.0000,0.0000,1.0000),
      ["LeftHand"] = CFrame.new(0.0000,0.0000,0.0000,1.0000,0.0000,0.0000,0.0000,1.0000,0.0000,0.0000,0.0000,1.0000),
      ["RightUpperLeg"] = CFrame.new(0.0000,0.0000,0.0000,1.0000,0.0000,0.0000,0.0000,1.0000,0.0000,0.0000,0.0000,1.0000),
      ["RightLowerLeg"] = CFrame.new(0.0000,0.0000,0.0000,1.0000,0.0000,0.0000,0.0000,1.0000,0.0000,0.0000,0.0000,1.0000),
      ["RightFoot"] = CFrame.new(0.0000,0.0000,0.0000,1.0000,0.0000,0.0000,0.0000,1.0000,0.0000,0.0000,0.0000,1.0000),
    }},
    {Time = 5.267, Data = {
      ["HumanoidRootPart"] = CFrame.new(0.0000,0.0000,0.0000,1.0000,0.0000,0.0000,0.0000,1.0000,0.0000,0.0000,0.0000,1.0000),
      ["LowerTorso"] = CFrame.new(0.0000,0.0000,0.0000,1.0000,0.0000,0.0000,0.0000,1.0000,0.0000,0.0000,0.0000,1.0000),
      ["LeftUpperLeg"] = CFrame.new(0.0000,0.0000,0.0000,1.0000,0.0000,0.0000,0.0000,1.0000,0.0000,0.0000,0.0000,1.0000),
      ["LeftLowerLeg"] = CFrame.new(0.0000,0.0000,0.0000,1.0000,0.0000,0.0000,0.0000,1.0000,0.0000,0.0000,0.0000,1.0000),
      ["LeftFoot"] = CFrame.new(0.0000,0.0000,0.0000,1.0000,0.0000,0.0000,0.0000,1.0000,0.0000,0.0000,0.0000,1.0000),
      ["UpperTorso"] = CFrame.new(0.0000,0.0000,0.0000,1.0000,-0.0000,0.0000,0.0000,1.0000,-0.0051,0.0000,0.0051,1.0000),
      ["Head"] = CFrame.new(0.0000,-0.0000,-0.0000,1.0000,-0.0000,0.0000,0.0000,0.9997,0.0235,-0.0000,-0.0235,0.9997),
      ["RightUpperArm"] = CFrame.new(0.0000,0.0000,0.0000,1.0000,0.0000,-0.0000,-0.0000,1.0000,-0.0000,0.0000,0.0000,1.0000),
      ["RightLowerArm"] = CFrame.new(-0.0000,0.0000,0.0000,1.0000,-0.0000,0.0000,0.0000,1.0000,-0.0000,0.0000,0.0000,1.0000),
      ["RightHand"] = CFrame.new(0.0000,0.0000,0.0000,1.0000,-0.0000,0.0000,0.0000,1.0000,-0.0000,0.0000,0.0000,1.0000),
      ["LeftUpperArm"] = CFrame.new(0.0000,0.0000,0.0000,1.0000,-0.0000,0.0000,0.0000,1.0000,0.0088,-0.0000,-0.0088,1.0000),
      ["LeftLowerArm"] = CFrame.new(0.0000,0.0000,0.0000,1.0000,0.0000,0.0000,0.0000,1.0000,0.0000,0.0000,0.0000,1.0000),
      ["LeftHand"] = CFrame.new(0.0000,0.0000,0.0000,1.0000,0.0000,0.0000,0.0000,1.0000,0.0000,0.0000,0.0000,1.0000),
      ["RightUpperLeg"] = CFrame.new(0.0000,0.0000,0.0000,1.0000,0.0000,0.0000,0.0000,1.0000,0.0000,0.0000,0.0000,1.0000),
      ["RightLowerLeg"] = CFrame.new(0.0000,0.0000,0.0000,1.0000,0.0000,0.0000,0.0000,1.0000,0.0000,0.0000,0.0000,1.0000),
      ["RightFoot"] = CFrame.new(0.0000,0.0000,0.0000,1.0000,0.0000,0.0000,0.0000,1.0000,0.0000,0.0000,0.0000,1.0000),
    }},
    {Time = 5.300, Data = {
      ["HumanoidRootPart"] = CFrame.new(0.0000,0.0000,0.0000,1.0000,0.0000,0.0000,0.0000,1.0000,0.0000,0.0000,0.0000,1.0000),
      ["LowerTorso"] = CFrame.new(0.0000,0.0000,0.0000,1.0000,0.0000,0.0000,0.0000,1.0000,0.0000,0.0000,0.0000,1.0000),
      ["LeftUpperLeg"] = CFrame.new(0.0000,0.0000,0.0000,1.0000,0.0000,0.0000,0.0000,1.0000,0.0000,0.0000,0.0000,1.0000),
      ["LeftLowerLeg"] = CFrame.new(0.0000,0.0000,0.0000,1.0000,0.0000,0.0000,0.0000,1.0000,0.0000,0.0000,0.0000,1.0000),
      ["LeftFoot"] = CFrame.new(0.0000,0.0000,0.0000,1.0000,0.0000,0.0000,0.0000,1.0000,0.0000,0.0000,0.0000,1.0000),
      ["UpperTorso"] = CFrame.new(0.0000,0.0000,0.0000,1.0000,-0.0000,0.0000,0.0000,1.0000,-0.0046,0.0000,0.0046,1.0000),
      ["Head"] = CFrame.new(0.0000,-0.0000,-0.0000,1.0000,-0.0000,0.0000,0.0000,0.9998,0.0210,-0.0000,-0.0210,0.9998),
      ["RightUpperArm"] = CFrame.new(0.0000,0.0000,0.0000,1.0000,0.0000,-0.0000,-0.0000,1.0000,-0.0000,0.0000,0.0000,1.0000),
      ["RightLowerArm"] = CFrame.new(-0.0000,0.0000,0.0000,1.0000,-0.0000,0.0000,0.0000,1.0000,-0.0000,0.0000,0.0000,1.0000),
      ["RightHand"] = CFrame.new(0.0000,0.0000,0.0000,1.0000,-0.0000,0.0000,0.0000,1.0000,-0.0000,0.0000,0.0000,1.0000),
      ["LeftUpperArm"] = CFrame.new(0.0000,0.0000,0.0000,1.0000,-0.0000,0.0000,0.0000,1.0000,0.0079,-0.0000,-0.0079,1.0000),
      ["LeftLowerArm"] = CFrame.new(0.0000,0.0000,0.0000,1.0000,0.0000,0.0000,0.0000,1.0000,0.0000,0.0000,0.0000,1.0000),
      ["LeftHand"] = CFrame.new(0.0000,0.0000,0.0000,1.0000,0.0000,0.0000,0.0000,1.0000,0.0000,0.0000,0.0000,1.0000),
      ["RightUpperLeg"] = CFrame.new(0.0000,0.0000,0.0000,1.0000,0.0000,0.0000,0.0000,1.0000,0.0000,0.0000,0.0000,1.0000),
      ["RightLowerLeg"] = CFrame.new(0.0000,0.0000,0.0000,1.0000,0.0000,0.0000,0.0000,1.0000,0.0000,0.0000,0.0000,1.0000),
      ["RightFoot"] = CFrame.new(0.0000,0.0000,0.0000,1.0000,0.0000,0.0000,0.0000,1.0000,0.0000,0.0000,0.0000,1.0000),
    }},
    {Time = 5.333, Data = {
      ["HumanoidRootPart"] = CFrame.new(0.0000,0.0000,0.0000,1.0000,0.0000,0.0000,0.0000,1.0000,0.0000,0.0000,0.0000,1.0000),
      ["LowerTorso"] = CFrame.new(0.0000,0.0000,0.0000,1.0000,0.0000,0.0000,0.0000,1.0000,0.0000,0.0000,0.0000,1.0000),
      ["LeftUpperLeg"] = CFrame.new(0.0000,0.0000,0.0000,1.0000,0.0000,0.0000,0.0000,1.0000,0.0000,0.0000,0.0000,1.0000),
      ["LeftLowerLeg"] = CFrame.new(0.0000,0.0000,0.0000,1.0000,0.0000,0.0000,0.0000,1.0000,0.0000,0.0000,0.0000,1.0000),
      ["LeftFoot"] = CFrame.new(0.0000,0.0000,0.0000,1.0000,0.0000,0.0000,0.0000,1.0000,0.0000,0.0000,0.0000,1.0000),
      ["UpperTorso"] = CFrame.new(0.0000,0.0000,0.0000,1.0000,-0.0000,0.0000,0.0000,1.0000,-0.0040,0.0000,0.0040,1.0000),
      ["Head"] = CFrame.new(0.0000,-0.0000,-0.0000,1.0000,-0.0000,0.0000,0.0000,0.9998,0.0187,-0.0000,-0.0187,0.9998),
      ["RightUpperArm"] = CFrame.new(0.0000,0.0000,0.0000,1.0000,0.0000,-0.0000,-0.0000,1.0000,-0.0000,0.0000,0.0000,1.0000),
      ["RightLowerArm"] = CFrame.new(-0.0000,0.0000,0.0000,1.0000,-0.0000,0.0000,0.0000,1.0000,-0.0000,0.0000,0.0000,1.0000),
      ["RightHand"] = CFrame.new(0.0000,0.0000,0.0000,1.0000,-0.0000,0.0000,0.0000,1.0000,-0.0000,0.0000,0.0000,1.0000),
      ["LeftUpperArm"] = CFrame.new(0.0000,0.0000,0.0000,1.0000,-0.0000,0.0000,0.0000,1.0000,0.0070,-0.0000,-0.0070,1.0000),
      ["LeftLowerArm"] = CFrame.new(0.0000,0.0000,0.0000,1.0000,0.0000,0.0000,0.0000,1.0000,0.0000,0.0000,0.0000,1.0000),
      ["LeftHand"] = CFrame.new(0.0000,0.0000,0.0000,1.0000,0.0000,0.0000,0.0000,1.0000,0.0000,0.0000,0.0000,1.0000),
      ["RightUpperLeg"] = CFrame.new(0.0000,0.0000,0.0000,1.0000,0.0000,0.0000,0.0000,1.0000,0.0000,0.0000,0.0000,1.0000),
      ["RightLowerLeg"] = CFrame.new(0.0000,0.0000,0.0000,1.0000,0.0000,0.0000,0.0000,1.0000,0.0000,0.0000,0.0000,1.0000),
      ["RightFoot"] = CFrame.new(0.0000,0.0000,0.0000,1.0000,0.0000,0.0000,0.0000,1.0000,0.0000,0.0000,0.0000,1.0000),
    }},
    {Time = 5.367, Data = {
      ["HumanoidRootPart"] = CFrame.new(0.0000,0.0000,0.0000,1.0000,0.0000,0.0000,0.0000,1.0000,0.0000,0.0000,0.0000,1.0000),
      ["LowerTorso"] = CFrame.new(0.0000,0.0000,0.0000,1.0000,0.0000,0.0000,0.0000,1.0000,0.0000,0.0000,0.0000,1.0000),
      ["LeftUpperLeg"] = CFrame.new(0.0000,0.0000,0.0000,1.0000,0.0000,0.0000,0.0000,1.0000,0.0000,0.0000,0.0000,1.0000),
      ["LeftLowerLeg"] = CFrame.new(0.0000,0.0000,0.0000,1.0000,0.0000,0.0000,0.0000,1.0000,0.0000,0.0000,0.0000,1.0000),
      ["LeftFoot"] = CFrame.new(0.0000,0.0000,0.0000,1.0000,0.0000,0.0000,0.0000,1.0000,0.0000,0.0000,0.0000,1.0000),
      ["UpperTorso"] = CFrame.new(0.0000,0.0000,0.0000,1.0000,-0.0000,0.0000,0.0000,1.0000,-0.0035,0.0000,0.0035,1.0000),
      ["Head"] = CFrame.new(0.0000,-0.0000,-0.0000,1.0000,-0.0000,0.0000,0.0000,0.9999,0.0164,-0.0000,-0.0164,0.9999),
      ["RightUpperArm"] = CFrame.new(0.0000,0.0000,0.0000,1.0000,0.0000,-0.0000,-0.0000,1.0000,-0.0000,0.0000,0.0000,1.0000),
      ["RightLowerArm"] = CFrame.new(-0.0000,0.0000,0.0000,1.0000,-0.0000,0.0000,0.0000,1.0000,-0.0000,0.0000,0.0000,1.0000),
      ["RightHand"] = CFrame.new(0.0000,0.0000,0.0000,1.0000,-0.0000,0.0000,0.0000,1.0000,-0.0000,0.0000,0.0000,1.0000),
      ["LeftUpperArm"] = CFrame.new(0.0000,0.0000,0.0000,1.0000,-0.0000,0.0000,0.0000,1.0000,0.0062,-0.0000,-0.0062,1.0000),
      ["LeftLowerArm"] = CFrame.new(0.0000,0.0000,0.0000,1.0000,0.0000,0.0000,0.0000,1.0000,0.0000,0.0000,0.0000,1.0000),
      ["LeftHand"] = CFrame.new(0.0000,0.0000,0.0000,1.0000,0.0000,0.0000,0.0000,1.0000,0.0000,0.0000,0.0000,1.0000),
      ["RightUpperLeg"] = CFrame.new(0.0000,0.0000,0.0000,1.0000,0.0000,0.0000,0.0000,1.0000,0.0000,0.0000,0.0000,1.0000),
      ["RightLowerLeg"] = CFrame.new(0.0000,0.0000,0.0000,1.0000,0.0000,0.0000,0.0000,1.0000,0.0000,0.0000,0.0000,1.0000),
      ["RightFoot"] = CFrame.new(0.0000,0.0000,0.0000,1.0000,0.0000,0.0000,0.0000,1.0000,0.0000,0.0000,0.0000,1.0000),
    }},
    {Time = 5.400, Data = {
      ["HumanoidRootPart"] = CFrame.new(0.0000,0.0000,0.0000,1.0000,0.0000,0.0000,0.0000,1.0000,0.0000,0.0000,0.0000,1.0000),
      ["LowerTorso"] = CFrame.new(0.0000,0.0000,0.0000,1.0000,0.0000,0.0000,0.0000,1.0000,0.0000,0.0000,0.0000,1.0000),
      ["LeftUpperLeg"] = CFrame.new(0.0000,0.0000,0.0000,1.0000,0.0000,0.0000,0.0000,1.0000,0.0000,0.0000,0.0000,1.0000),
      ["LeftLowerLeg"] = CFrame.new(0.0000,0.0000,0.0000,1.0000,0.0000,0.0000,0.0000,1.0000,0.0000,0.0000,0.0000,1.0000),
      ["LeftFoot"] = CFrame.new(0.0000,0.0000,0.0000,1.0000,0.0000,0.0000,0.0000,1.0000,0.0000,0.0000,0.0000,1.0000),
      ["UpperTorso"] = CFrame.new(0.0000,0.0000,0.0000,1.0000,-0.0000,0.0000,0.0000,1.0000,-0.0030,0.0000,0.0030,1.0000),
      ["Head"] = CFrame.new(0.0000,-0.0000,-0.0000,1.0000,-0.0000,0.0000,0.0000,0.9999,0.0143,-0.0000,-0.0143,0.9999),
      ["RightUpperArm"] = CFrame.new(0.0000,0.0000,0.0000,1.0000,0.0000,-0.0000,-0.0000,1.0000,-0.0000,0.0000,0.0000,1.0000),
      ["RightLowerArm"] = CFrame.new(-0.0000,0.0000,0.0000,1.0000,-0.0000,0.0000,0.0000,1.0000,-0.0000,0.0000,0.0000,1.0000),
      ["RightHand"] = CFrame.new(0.0000,0.0000,0.0000,1.0000,-0.0000,0.0000,0.0000,1.0000,-0.0000,0.0000,0.0000,1.0000),
      ["LeftUpperArm"] = CFrame.new(0.0000,0.0000,0.0000,1.0000,-0.0000,0.0000,0.0000,1.0000,0.0054,-0.0000,-0.0054,1.0000),
      ["LeftLowerArm"] = CFrame.new(0.0000,0.0000,0.0000,1.0000,0.0000,0.0000,0.0000,1.0000,0.0000,0.0000,0.0000,1.0000),
      ["LeftHand"] = CFrame.new(0.0000,0.0000,0.0000,1.0000,0.0000,0.0000,0.0000,1.0000,0.0000,0.0000,0.0000,1.0000),
      ["RightUpperLeg"] = CFrame.new(0.0000,0.0000,0.0000,1.0000,0.0000,0.0000,0.0000,1.0000,0.0000,0.0000,0.0000,1.0000),
      ["RightLowerLeg"] = CFrame.new(0.0000,0.0000,0.0000,1.0000,0.0000,0.0000,0.0000,1.0000,0.0000,0.0000,0.0000,1.0000),
      ["RightFoot"] = CFrame.new(0.0000,0.0000,0.0000,1.0000,0.0000,0.0000,0.0000,1.0000,0.0000,0.0000,0.0000,1.0000),
    }},
    {Time = 5.433, Data = {
      ["HumanoidRootPart"] = CFrame.new(0.0000,0.0000,0.0000,1.0000,0.0000,0.0000,0.0000,1.0000,0.0000,0.0000,0.0000,1.0000),
      ["LowerTorso"] = CFrame.new(0.0000,0.0000,0.0000,1.0000,0.0000,0.0000,0.0000,1.0000,0.0000,0.0000,0.0000,1.0000),
      ["LeftUpperLeg"] = CFrame.new(0.0000,0.0000,0.0000,1.0000,0.0000,0.0000,0.0000,1.0000,0.0000,0.0000,0.0000,1.0000),
      ["LeftLowerLeg"] = CFrame.new(0.0000,0.0000,0.0000,1.0000,0.0000,0.0000,0.0000,1.0000,0.0000,0.0000,0.0000,1.0000),
      ["LeftFoot"] = CFrame.new(0.0000,0.0000,0.0000,1.0000,0.0000,0.0000,0.0000,1.0000,0.0000,0.0000,0.0000,1.0000),
      ["UpperTorso"] = CFrame.new(0.0000,0.0000,0.0000,1.0000,-0.0000,0.0000,0.0000,1.0000,-0.0025,0.0000,0.0025,1.0000),
      ["Head"] = CFrame.new(0.0000,-0.0000,-0.0000,1.0000,-0.0000,0.0000,0.0000,0.9999,0.0123,-0.0000,-0.0123,0.9999),
      ["RightUpperArm"] = CFrame.new(0.0000,0.0000,0.0000,1.0000,0.0000,-0.0000,-0.0000,1.0000,-0.0000,0.0000,0.0000,1.0000),
      ["RightLowerArm"] = CFrame.new(-0.0000,0.0000,0.0000,1.0000,-0.0000,0.0000,0.0000,1.0000,-0.0000,0.0000,0.0000,1.0000),
      ["RightHand"] = CFrame.new(0.0000,0.0000,0.0000,1.0000,-0.0000,0.0000,0.0000,1.0000,-0.0000,0.0000,0.0000,1.0000),
      ["LeftUpperArm"] = CFrame.new(0.0000,0.0000,0.0000,1.0000,-0.0000,0.0000,0.0000,1.0000,0.0047,-0.0000,-0.0047,1.0000),
      ["LeftLowerArm"] = CFrame.new(0.0000,0.0000,0.0000,1.0000,0.0000,0.0000,0.0000,1.0000,0.0000,0.0000,0.0000,1.0000),
      ["LeftHand"] = CFrame.new(0.0000,0.0000,0.0000,1.0000,0.0000,0.0000,0.0000,1.0000,0.0000,0.0000,0.0000,1.0000),
      ["RightUpperLeg"] = CFrame.new(0.0000,0.0000,0.0000,1.0000,0.0000,0.0000,0.0000,1.0000,0.0000,0.0000,0.0000,1.0000),
      ["RightLowerLeg"] = CFrame.new(0.0000,0.0000,0.0000,1.0000,0.0000,0.0000,0.0000,1.0000,0.0000,0.0000,0.0000,1.0000),
      ["RightFoot"] = CFrame.new(0.0000,0.0000,0.0000,1.0000,0.0000,0.0000,0.0000,1.0000,0.0000,0.0000,0.0000,1.0000),
    }},
    {Time = 5.467, Data = {
      ["HumanoidRootPart"] = CFrame.new(0.0000,0.0000,0.0000,1.0000,0.0000,0.0000,0.0000,1.0000,0.0000,0.0000,0.0000,1.0000),
      ["LowerTorso"] = CFrame.new(0.0000,0.0000,0.0000,1.0000,0.0000,0.0000,0.0000,1.0000,0.0000,0.0000,0.0000,1.0000),
      ["LeftUpperLeg"] = CFrame.new(0.0000,0.0000,0.0000,1.0000,0.0000,0.0000,0.0000,1.0000,0.0000,0.0000,0.0000,1.0000),
      ["LeftLowerLeg"] = CFrame.new(0.0000,0.0000,0.0000,1.0000,0.0000,0.0000,0.0000,1.0000,0.0000,0.0000,0.0000,1.0000),
      ["LeftFoot"] = CFrame.new(0.0000,0.0000,0.0000,1.0000,0.0000,0.0000,0.0000,1.0000,0.0000,0.0000,0.0000,1.0000),
      ["UpperTorso"] = CFrame.new(0.0000,0.0000,0.0000,1.0000,-0.0000,0.0000,0.0000,1.0000,-0.0020,0.0000,0.0020,1.0000),
      ["Head"] = CFrame.new(0.0000,-0.0000,-0.0000,1.0000,-0.0000,0.0000,0.0000,0.9999,0.0104,-0.0000,-0.0104,0.9999),
      ["RightUpperArm"] = CFrame.new(0.0000,0.0000,0.0000,1.0000,0.0000,-0.0000,-0.0000,1.0000,-0.0000,0.0000,0.0000,1.0000),
      ["RightLowerArm"] = CFrame.new(-0.0000,0.0000,0.0000,1.0000,-0.0000,0.0000,0.0000,1.0000,-0.0000,0.0000,0.0000,1.0000),
      ["RightHand"] = CFrame.new(0.0000,0.0000,0.0000,1.0000,-0.0000,0.0000,0.0000,1.0000,-0.0000,0.0000,0.0000,1.0000),
      ["LeftUpperArm"] = CFrame.new(0.0000,0.0000,0.0000,1.0000,-0.0000,0.0000,0.0000,1.0000,0.0040,-0.0000,-0.0040,1.0000),
      ["LeftLowerArm"] = CFrame.new(0.0000,0.0000,0.0000,1.0000,0.0000,0.0000,0.0000,1.0000,0.0000,0.0000,0.0000,1.0000),
      ["LeftHand"] = CFrame.new(0.0000,0.0000,0.0000,1.0000,0.0000,0.0000,0.0000,1.0000,0.0000,0.0000,0.0000,1.0000),
      ["RightUpperLeg"] = CFrame.new(0.0000,0.0000,0.0000,1.0000,0.0000,0.0000,0.0000,1.0000,0.0000,0.0000,0.0000,1.0000),
      ["RightLowerLeg"] = CFrame.new(0.0000,0.0000,0.0000,1.0000,0.0000,0.0000,0.0000,1.0000,0.0000,0.0000,0.0000,1.0000),
      ["RightFoot"] = CFrame.new(0.0000,0.0000,0.0000,1.0000,0.0000,0.0000,0.0000,1.0000,0.0000,0.0000,0.0000,1.0000),
    }},
    {Time = 5.500, Data = {
      ["HumanoidRootPart"] = CFrame.new(0.0000,0.0000,0.0000,1.0000,0.0000,0.0000,0.0000,1.0000,0.0000,0.0000,0.0000,1.0000),
      ["LowerTorso"] = CFrame.new(0.0000,0.0000,0.0000,1.0000,0.0000,0.0000,0.0000,1.0000,0.0000,0.0000,0.0000,1.0000),
      ["LeftUpperLeg"] = CFrame.new(0.0000,0.0000,0.0000,1.0000,0.0000,0.0000,0.0000,1.0000,0.0000,0.0000,0.0000,1.0000),
      ["LeftLowerLeg"] = CFrame.new(0.0000,0.0000,0.0000,1.0000,0.0000,0.0000,0.0000,1.0000,0.0000,0.0000,0.0000,1.0000),
      ["LeftFoot"] = CFrame.new(0.0000,0.0000,0.0000,1.0000,0.0000,0.0000,0.0000,1.0000,0.0000,0.0000,0.0000,1.0000),
      ["UpperTorso"] = CFrame.new(0.0000,0.0000,0.0000,1.0000,-0.0000,0.0000,0.0000,1.0000,-0.0015,0.0000,0.0015,1.0000),
      ["Head"] = CFrame.new(0.0000,-0.0000,-0.0000,1.0000,-0.0000,0.0000,0.0000,1.0000,0.0086,-0.0000,-0.0086,1.0000),
      ["RightUpperArm"] = CFrame.new(0.0000,0.0000,0.0000,1.0000,0.0000,-0.0000,-0.0000,1.0000,-0.0000,0.0000,0.0000,1.0000),
      ["RightLowerArm"] = CFrame.new(-0.0000,0.0000,0.0000,1.0000,-0.0000,0.0000,0.0000,1.0000,-0.0000,0.0000,0.0000,1.0000),
      ["RightHand"] = CFrame.new(0.0000,0.0000,0.0000,1.0000,-0.0000,0.0000,0.0000,1.0000,-0.0000,0.0000,0.0000,1.0000),
      ["LeftUpperArm"] = CFrame.new(0.0000,0.0000,0.0000,1.0000,-0.0000,0.0000,0.0000,1.0000,0.0033,-0.0000,-0.0033,1.0000),
      ["LeftLowerArm"] = CFrame.new(0.0000,0.0000,0.0000,1.0000,0.0000,0.0000,0.0000,1.0000,0.0000,0.0000,0.0000,1.0000),
      ["LeftHand"] = CFrame.new(0.0000,0.0000,0.0000,1.0000,0.0000,0.0000,0.0000,1.0000,0.0000,0.0000,0.0000,1.0000),
      ["RightUpperLeg"] = CFrame.new(0.0000,0.0000,0.0000,1.0000,0.0000,0.0000,0.0000,1.0000,0.0000,0.0000,0.0000,1.0000),
      ["RightLowerLeg"] = CFrame.new(0.0000,0.0000,0.0000,1.0000,0.0000,0.0000,0.0000,1.0000,0.0000,0.0000,0.0000,1.0000),
      ["RightFoot"] = CFrame.new(0.0000,0.0000,0.0000,1.0000,0.0000,0.0000,0.0000,1.0000,0.0000,0.0000,0.0000,1.0000),
    }},
    {Time = 5.533, Data = {
      ["HumanoidRootPart"] = CFrame.new(0.0000,0.0000,0.0000,1.0000,0.0000,0.0000,0.0000,1.0000,0.0000,0.0000,0.0000,1.0000),
      ["LowerTorso"] = CFrame.new(0.0000,0.0000,0.0000,1.0000,0.0000,0.0000,0.0000,1.0000,0.0000,0.0000,0.0000,1.0000),
      ["LeftUpperLeg"] = CFrame.new(0.0000,0.0000,0.0000,1.0000,0.0000,0.0000,0.0000,1.0000,0.0000,0.0000,0.0000,1.0000),
      ["LeftLowerLeg"] = CFrame.new(0.0000,0.0000,0.0000,1.0000,0.0000,0.0000,0.0000,1.0000,0.0000,0.0000,0.0000,1.0000),
      ["LeftFoot"] = CFrame.new(0.0000,0.0000,0.0000,1.0000,0.0000,0.0000,0.0000,1.0000,0.0000,0.0000,0.0000,1.0000),
      ["UpperTorso"] = CFrame.new(0.0000,0.0000,0.0000,1.0000,-0.0000,0.0000,0.0000,1.0000,-0.0010,0.0000,0.0010,1.0000),
      ["Head"] = CFrame.new(0.0000,-0.0000,-0.0000,1.0000,-0.0000,0.0000,0.0000,1.0000,0.0070,-0.0000,-0.0070,1.0000),
      ["RightUpperArm"] = CFrame.new(0.0000,0.0000,0.0000,1.0000,0.0000,-0.0000,-0.0000,1.0000,-0.0000,0.0000,0.0000,1.0000),
      ["RightLowerArm"] = CFrame.new(-0.0000,0.0000,0.0000,1.0000,-0.0000,0.0000,0.0000,1.0000,-0.0000,0.0000,0.0000,1.0000),
      ["RightHand"] = CFrame.new(0.0000,0.0000,0.0000,1.0000,-0.0000,0.0000,0.0000,1.0000,-0.0000,0.0000,0.0000,1.0000),
      ["LeftUpperArm"] = CFrame.new(0.0000,0.0000,0.0000,1.0000,-0.0000,0.0000,0.0000,1.0000,0.0027,-0.0000,-0.0027,1.0000),
      ["LeftLowerArm"] = CFrame.new(0.0000,0.0000,0.0000,1.0000,0.0000,0.0000,0.0000,1.0000,0.0000,0.0000,0.0000,1.0000),
      ["LeftHand"] = CFrame.new(0.0000,0.0000,0.0000,1.0000,0.0000,0.0000,0.0000,1.0000,0.0000,0.0000,0.0000,1.0000),
      ["RightUpperLeg"] = CFrame.new(0.0000,0.0000,0.0000,1.0000,0.0000,0.0000,0.0000,1.0000,0.0000,0.0000,0.0000,1.0000),
      ["RightLowerLeg"] = CFrame.new(0.0000,0.0000,0.0000,1.0000,0.0000,0.0000,0.0000,1.0000,0.0000,0.0000,0.0000,1.0000),
      ["RightFoot"] = CFrame.new(0.0000,0.0000,0.0000,1.0000,0.0000,0.0000,0.0000,1.0000,0.0000,0.0000,0.0000,1.0000),
    }},
    {Time = 5.567, Data = {
      ["HumanoidRootPart"] = CFrame.new(0.0000,0.0000,0.0000,1.0000,0.0000,0.0000,0.0000,1.0000,0.0000,0.0000,0.0000,1.0000),
      ["LowerTorso"] = CFrame.new(0.0000,0.0000,0.0000,1.0000,0.0000,0.0000,0.0000,1.0000,0.0000,0.0000,0.0000,1.0000),
      ["LeftUpperLeg"] = CFrame.new(0.0000,0.0000,0.0000,1.0000,0.0000,0.0000,0.0000,1.0000,0.0000,0.0000,0.0000,1.0000),
      ["LeftLowerLeg"] = CFrame.new(0.0000,0.0000,0.0000,1.0000,0.0000,0.0000,0.0000,1.0000,0.0000,0.0000,0.0000,1.0000),
      ["LeftFoot"] = CFrame.new(0.0000,0.0000,0.0000,1.0000,0.0000,0.0000,0.0000,1.0000,0.0000,0.0000,0.0000,1.0000),
      ["UpperTorso"] = CFrame.new(0.0000,0.0000,0.0000,1.0000,-0.0000,0.0000,0.0000,1.0000,-0.0005,0.0000,0.0005,1.0000),
      ["Head"] = CFrame.new(0.0000,-0.0000,-0.0000,1.0000,-0.0000,0.0000,0.0000,1.0000,0.0056,-0.0000,-0.0056,1.0000),
      ["RightUpperArm"] = CFrame.new(0.0000,0.0000,0.0000,1.0000,0.0000,-0.0000,-0.0000,1.0000,-0.0000,0.0000,0.0000,1.0000),
      ["RightLowerArm"] = CFrame.new(-0.0000,0.0000,0.0000,1.0000,-0.0000,0.0000,0.0000,1.0000,-0.0000,0.0000,0.0000,1.0000),
      ["RightHand"] = CFrame.new(0.0000,0.0000,0.0000,1.0000,-0.0000,0.0000,0.0000,1.0000,-0.0000,0.0000,0.0000,1.0000),
      ["LeftUpperArm"] = CFrame.new(0.0000,0.0000,0.0000,1.0000,-0.0000,0.0000,0.0000,1.0000,0.0021,-0.0000,-0.0021,1.0000),
      ["LeftLowerArm"] = CFrame.new(0.0000,0.0000,0.0000,1.0000,0.0000,0.0000,0.0000,1.0000,0.0000,0.0000,0.0000,1.0000),
      ["LeftHand"] = CFrame.new(0.0000,0.0000,0.0000,1.0000,0.0000,0.0000,0.0000,1.0000,0.0000,0.0000,0.0000,1.0000),
      ["RightUpperLeg"] = CFrame.new(0.0000,0.0000,0.0000,1.0000,0.0000,0.0000,0.0000,1.0000,0.0000,0.0000,0.0000,1.0000),
      ["RightLowerLeg"] = CFrame.new(0.0000,0.0000,0.0000,1.0000,0.0000,0.0000,0.0000,1.0000,0.0000,0.0000,0.0000,1.0000),
      ["RightFoot"] = CFrame.new(0.0000,0.0000,0.0000,1.0000,0.0000,0.0000,0.0000,1.0000,0.0000,0.0000,0.0000,1.0000),
    }},
    {Time = 5.600, Data = {
      ["HumanoidRootPart"] = CFrame.new(0.0000,0.0000,0.0000,1.0000,0.0000,0.0000,0.0000,1.0000,0.0000,0.0000,0.0000,1.0000),
      ["LowerTorso"] = CFrame.new(0.0000,0.0000,0.0000,1.0000,0.0000,0.0000,0.0000,1.0000,0.0000,0.0000,0.0000,1.0000),
      ["LeftUpperLeg"] = CFrame.new(0.0000,0.0000,0.0000,1.0000,0.0000,0.0000,0.0000,1.0000,0.0000,0.0000,0.0000,1.0000),
      ["LeftLowerLeg"] = CFrame.new(0.0000,0.0000,0.0000,1.0000,0.0000,0.0000,0.0000,1.0000,0.0000,0.0000,0.0000,1.0000),
      ["LeftFoot"] = CFrame.new(0.0000,0.0000,0.0000,1.0000,0.0000,0.0000,0.0000,1.0000,0.0000,0.0000,0.0000,1.0000),
      ["UpperTorso"] = CFrame.new(0.0000,0.0000,0.0000,1.0000,-0.0000,0.0000,0.0000,1.0000,0.0001,-0.0000,-0.0001,1.0000),
      ["Head"] = CFrame.new(0.0000,-0.0000,-0.0000,1.0000,-0.0000,0.0000,0.0000,1.0000,0.0043,-0.0000,-0.0043,1.0000),
      ["RightUpperArm"] = CFrame.new(0.0000,0.0000,0.0000,1.0000,0.0000,-0.0000,-0.0000,1.0000,-0.0000,0.0000,0.0000,1.0000),
      ["RightLowerArm"] = CFrame.new(-0.0000,0.0000,0.0000,1.0000,-0.0000,0.0000,0.0000,1.0000,-0.0000,0.0000,0.0000,1.0000),
      ["RightHand"] = CFrame.new(0.0000,0.0000,0.0000,1.0000,-0.0000,0.0000,0.0000,1.0000,-0.0000,0.0000,0.0000,1.0000),
      ["LeftUpperArm"] = CFrame.new(0.0000,0.0000,0.0000,1.0000,-0.0000,0.0000,0.0000,1.0000,0.0016,-0.0000,-0.0016,1.0000),
      ["LeftLowerArm"] = CFrame.new(0.0000,0.0000,0.0000,1.0000,0.0000,0.0000,0.0000,1.0000,0.0000,0.0000,0.0000,1.0000),
      ["LeftHand"] = CFrame.new(0.0000,0.0000,0.0000,1.0000,0.0000,0.0000,0.0000,1.0000,0.0000,0.0000,0.0000,1.0000),
      ["RightUpperLeg"] = CFrame.new(0.0000,0.0000,0.0000,1.0000,0.0000,0.0000,0.0000,1.0000,0.0000,0.0000,0.0000,1.0000),
      ["RightLowerLeg"] = CFrame.new(0.0000,0.0000,0.0000,1.0000,0.0000,0.0000,0.0000,1.0000,0.0000,0.0000,0.0000,1.0000),
      ["RightFoot"] = CFrame.new(0.0000,0.0000,0.0000,1.0000,0.0000,0.0000,0.0000,1.0000,0.0000,0.0000,0.0000,1.0000),
    }},
    {Time = 5.633, Data = {
      ["HumanoidRootPart"] = CFrame.new(0.0000,0.0000,0.0000,1.0000,0.0000,0.0000,0.0000,1.0000,0.0000,0.0000,0.0000,1.0000),
      ["LowerTorso"] = CFrame.new(0.0000,0.0000,0.0000,1.0000,0.0000,0.0000,0.0000,1.0000,0.0000,0.0000,0.0000,1.0000),
      ["LeftUpperLeg"] = CFrame.new(0.0000,0.0000,0.0000,1.0000,0.0000,0.0000,0.0000,1.0000,0.0000,0.0000,0.0000,1.0000),
      ["LeftLowerLeg"] = CFrame.new(0.0000,0.0000,0.0000,1.0000,0.0000,0.0000,0.0000,1.0000,0.0000,0.0000,0.0000,1.0000),
      ["LeftFoot"] = CFrame.new(0.0000,0.0000,0.0000,1.0000,0.0000,0.0000,0.0000,1.0000,0.0000,0.0000,0.0000,1.0000),
      ["UpperTorso"] = CFrame.new(0.0000,0.0000,0.0000,1.0000,-0.0000,0.0000,0.0000,1.0000,0.0006,-0.0000,-0.0006,1.0000),
      ["Head"] = CFrame.new(0.0000,-0.0000,-0.0000,1.0000,-0.0000,0.0000,0.0000,1.0000,0.0032,-0.0000,-0.0032,1.0000),
      ["RightUpperArm"] = CFrame.new(0.0000,0.0000,0.0000,1.0000,0.0000,-0.0000,-0.0000,1.0000,-0.0000,0.0000,0.0000,1.0000),
      ["RightLowerArm"] = CFrame.new(-0.0000,0.0000,0.0000,1.0000,-0.0000,0.0000,0.0000,1.0000,-0.0000,0.0000,0.0000,1.0000),
      ["RightHand"] = CFrame.new(0.0000,0.0000,0.0000,1.0000,-0.0000,0.0000,0.0000,1.0000,-0.0000,0.0000,0.0000,1.0000),
      ["LeftUpperArm"] = CFrame.new(0.0000,0.0000,0.0000,1.0000,-0.0000,0.0000,0.0000,1.0000,0.0012,-0.0000,-0.0012,1.0000),
      ["LeftLowerArm"] = CFrame.new(0.0000,0.0000,0.0000,1.0000,0.0000,0.0000,0.0000,1.0000,0.0000,0.0000,0.0000,1.0000),
      ["LeftHand"] = CFrame.new(0.0000,0.0000,0.0000,1.0000,0.0000,0.0000,0.0000,1.0000,0.0000,0.0000,0.0000,1.0000),
      ["RightUpperLeg"] = CFrame.new(0.0000,0.0000,0.0000,1.0000,0.0000,0.0000,0.0000,1.0000,0.0000,0.0000,0.0000,1.0000),
      ["RightLowerLeg"] = CFrame.new(0.0000,0.0000,0.0000,1.0000,0.0000,0.0000,0.0000,1.0000,0.0000,0.0000,0.0000,1.0000),
      ["RightFoot"] = CFrame.new(0.0000,0.0000,0.0000,1.0000,0.0000,0.0000,0.0000,1.0000,0.0000,0.0000,0.0000,1.0000),
    }},
    {Time = 5.667, Data = {
      ["HumanoidRootPart"] = CFrame.new(0.0000,0.0000,0.0000,1.0000,0.0000,0.0000,0.0000,1.0000,0.0000,0.0000,0.0000,1.0000),
      ["LowerTorso"] = CFrame.new(0.0000,0.0000,0.0000,1.0000,0.0000,0.0000,0.0000,1.0000,0.0000,0.0000,0.0000,1.0000),
      ["LeftUpperLeg"] = CFrame.new(0.0000,0.0000,0.0000,1.0000,0.0000,0.0000,0.0000,1.0000,0.0000,0.0000,0.0000,1.0000),
      ["LeftLowerLeg"] = CFrame.new(0.0000,0.0000,0.0000,1.0000,0.0000,0.0000,0.0000,1.0000,0.0000,0.0000,0.0000,1.0000),
      ["LeftFoot"] = CFrame.new(0.0000,0.0000,0.0000,1.0000,0.0000,0.0000,0.0000,1.0000,0.0000,0.0000,0.0000,1.0000),
      ["UpperTorso"] = CFrame.new(0.0000,0.0000,0.0000,1.0000,-0.0000,0.0000,0.0000,1.0000,0.0011,-0.0000,-0.0011,1.0000),
      ["Head"] = CFrame.new(0.0000,-0.0000,-0.0000,1.0000,-0.0000,0.0000,0.0000,1.0000,0.0022,-0.0000,-0.0022,1.0000),
      ["RightUpperArm"] = CFrame.new(0.0000,0.0000,0.0000,1.0000,0.0000,-0.0000,-0.0000,1.0000,-0.0000,0.0000,0.0000,1.0000),
      ["RightLowerArm"] = CFrame.new(-0.0000,0.0000,0.0000,1.0000,-0.0000,0.0000,0.0000,1.0000,-0.0000,0.0000,0.0000,1.0000),
      ["RightHand"] = CFrame.new(0.0000,0.0000,0.0000,1.0000,-0.0000,0.0000,0.0000,1.0000,-0.0000,0.0000,0.0000,1.0000),
      ["LeftUpperArm"] = CFrame.new(0.0000,0.0000,0.0000,1.0000,-0.0000,0.0000,0.0000,1.0000,0.0008,-0.0000,-0.0008,1.0000),
      ["LeftLowerArm"] = CFrame.new(0.0000,0.0000,0.0000,1.0000,0.0000,0.0000,0.0000,1.0000,0.0000,0.0000,0.0000,1.0000),
      ["LeftHand"] = CFrame.new(0.0000,0.0000,0.0000,1.0000,0.0000,0.0000,0.0000,1.0000,0.0000,0.0000,0.0000,1.0000),
      ["RightUpperLeg"] = CFrame.new(0.0000,0.0000,0.0000,1.0000,0.0000,0.0000,0.0000,1.0000,0.0000,0.0000,0.0000,1.0000),
      ["RightLowerLeg"] = CFrame.new(0.0000,0.0000,0.0000,1.0000,0.0000,0.0000,0.0000,1.0000,0.0000,0.0000,0.0000,1.0000),
      ["RightFoot"] = CFrame.new(0.0000,0.0000,0.0000,1.0000,0.0000,0.0000,0.0000,1.0000,0.0000,0.0000,0.0000,1.0000),
    }},
    {Time = 5.700, Data = {
      ["HumanoidRootPart"] = CFrame.new(0.0000,0.0000,0.0000,1.0000,0.0000,0.0000,0.0000,1.0000,0.0000,0.0000,0.0000,1.0000),
      ["LowerTorso"] = CFrame.new(0.0000,0.0000,0.0000,1.0000,0.0000,0.0000,0.0000,1.0000,0.0000,0.0000,0.0000,1.0000),
      ["LeftUpperLeg"] = CFrame.new(0.0000,0.0000,0.0000,1.0000,0.0000,0.0000,0.0000,1.0000,0.0000,0.0000,0.0000,1.0000),
      ["LeftLowerLeg"] = CFrame.new(0.0000,0.0000,0.0000,1.0000,0.0000,0.0000,0.0000,1.0000,0.0000,0.0000,0.0000,1.0000),
      ["LeftFoot"] = CFrame.new(0.0000,0.0000,0.0000,1.0000,0.0000,0.0000,0.0000,1.0000,0.0000,0.0000,0.0000,1.0000),
      ["UpperTorso"] = CFrame.new(0.0000,0.0000,0.0000,1.0000,-0.0000,0.0000,0.0000,1.0000,0.0016,-0.0000,-0.0016,1.0000),
      ["Head"] = CFrame.new(0.0000,-0.0000,-0.0000,1.0000,-0.0000,0.0000,0.0000,1.0000,0.0014,-0.0000,-0.0014,1.0000),
      ["RightUpperArm"] = CFrame.new(0.0000,0.0000,0.0000,1.0000,0.0000,-0.0000,-0.0000,1.0000,-0.0000,0.0000,0.0000,1.0000),
      ["RightLowerArm"] = CFrame.new(-0.0000,0.0000,0.0000,1.0000,-0.0000,0.0000,0.0000,1.0000,-0.0000,0.0000,0.0000,1.0000),
      ["RightHand"] = CFrame.new(0.0000,0.0000,0.0000,1.0000,-0.0000,0.0000,0.0000,1.0000,-0.0000,0.0000,0.0000,1.0000),
      ["LeftUpperArm"] = CFrame.new(0.0000,0.0000,0.0000,1.0000,-0.0000,0.0000,0.0000,1.0000,0.0005,-0.0000,-0.0005,1.0000),
      ["LeftLowerArm"] = CFrame.new(0.0000,0.0000,0.0000,1.0000,0.0000,0.0000,0.0000,1.0000,0.0000,0.0000,0.0000,1.0000),
      ["LeftHand"] = CFrame.new(0.0000,0.0000,0.0000,1.0000,0.0000,0.0000,0.0000,1.0000,0.0000,0.0000,0.0000,1.0000),
      ["RightUpperLeg"] = CFrame.new(0.0000,0.0000,0.0000,1.0000,0.0000,0.0000,0.0000,1.0000,0.0000,0.0000,0.0000,1.0000),
      ["RightLowerLeg"] = CFrame.new(0.0000,0.0000,0.0000,1.0000,0.0000,0.0000,0.0000,1.0000,0.0000,0.0000,0.0000,1.0000),
      ["RightFoot"] = CFrame.new(0.0000,0.0000,0.0000,1.0000,0.0000,0.0000,0.0000,1.0000,0.0000,0.0000,0.0000,1.0000),
    }},
    {Time = 5.733, Data = {
      ["HumanoidRootPart"] = CFrame.new(0.0000,0.0000,0.0000,1.0000,0.0000,0.0000,0.0000,1.0000,0.0000,0.0000,0.0000,1.0000),
      ["LowerTorso"] = CFrame.new(0.0000,0.0000,0.0000,1.0000,0.0000,0.0000,0.0000,1.0000,0.0000,0.0000,0.0000,1.0000),
      ["LeftUpperLeg"] = CFrame.new(0.0000,0.0000,0.0000,1.0000,0.0000,0.0000,0.0000,1.0000,0.0000,0.0000,0.0000,1.0000),
      ["LeftLowerLeg"] = CFrame.new(0.0000,0.0000,0.0000,1.0000,0.0000,0.0000,0.0000,1.0000,0.0000,0.0000,0.0000,1.0000),
      ["LeftFoot"] = CFrame.new(0.0000,0.0000,0.0000,1.0000,0.0000,0.0000,0.0000,1.0000,0.0000,0.0000,0.0000,1.0000),
      ["UpperTorso"] = CFrame.new(0.0000,0.0000,0.0000,1.0000,-0.0000,0.0000,0.0000,1.0000,0.0021,-0.0000,-0.0021,1.0000),
      ["Head"] = CFrame.new(0.0000,-0.0000,-0.0000,1.0000,-0.0000,0.0000,0.0000,1.0000,0.0008,-0.0000,-0.0008,1.0000),
      ["RightUpperArm"] = CFrame.new(0.0000,0.0000,0.0000,1.0000,0.0000,-0.0000,-0.0000,1.0000,-0.0000,0.0000,0.0000,1.0000),
      ["RightLowerArm"] = CFrame.new(-0.0000,0.0000,0.0000,1.0000,-0.0000,0.0000,0.0000,1.0000,-0.0000,0.0000,0.0000,1.0000),
      ["RightHand"] = CFrame.new(0.0000,0.0000,0.0000,1.0000,-0.0000,0.0000,0.0000,1.0000,-0.0000,0.0000,0.0000,1.0000),
      ["LeftUpperArm"] = CFrame.new(0.0000,0.0000,0.0000,1.0000,-0.0000,0.0000,0.0000,1.0000,0.0003,-0.0000,-0.0003,1.0000),
      ["LeftLowerArm"] = CFrame.new(0.0000,0.0000,0.0000,1.0000,0.0000,0.0000,0.0000,1.0000,0.0000,0.0000,0.0000,1.0000),
      ["LeftHand"] = CFrame.new(0.0000,0.0000,0.0000,1.0000,0.0000,0.0000,0.0000,1.0000,0.0000,0.0000,0.0000,1.0000),
      ["RightUpperLeg"] = CFrame.new(0.0000,0.0000,0.0000,1.0000,0.0000,0.0000,0.0000,1.0000,0.0000,0.0000,0.0000,1.0000),
      ["RightLowerLeg"] = CFrame.new(0.0000,0.0000,0.0000,1.0000,0.0000,0.0000,0.0000,1.0000,0.0000,0.0000,0.0000,1.0000),
      ["RightFoot"] = CFrame.new(0.0000,0.0000,0.0000,1.0000,0.0000,0.0000,0.0000,1.0000,0.0000,0.0000,0.0000,1.0000),
    }},
    {Time = 5.767, Data = {
      ["HumanoidRootPart"] = CFrame.new(0.0000,0.0000,0.0000,1.0000,0.0000,0.0000,0.0000,1.0000,0.0000,0.0000,0.0000,1.0000),
      ["LowerTorso"] = CFrame.new(0.0000,0.0000,0.0000,1.0000,0.0000,0.0000,0.0000,1.0000,0.0000,0.0000,0.0000,1.0000),
      ["LeftUpperLeg"] = CFrame.new(0.0000,0.0000,0.0000,1.0000,0.0000,0.0000,0.0000,1.0000,0.0000,0.0000,0.0000,1.0000),
      ["LeftLowerLeg"] = CFrame.new(0.0000,0.0000,0.0000,1.0000,0.0000,0.0000,0.0000,1.0000,0.0000,0.0000,0.0000,1.0000),
      ["LeftFoot"] = CFrame.new(0.0000,0.0000,0.0000,1.0000,0.0000,0.0000,0.0000,1.0000,0.0000,0.0000,0.0000,1.0000),
      ["UpperTorso"] = CFrame.new(0.0000,0.0000,0.0000,1.0000,-0.0000,0.0000,0.0000,1.0000,0.0026,-0.0000,-0.0026,1.0000),
      ["Head"] = CFrame.new(0.0000,-0.0000,-0.0000,1.0000,-0.0000,0.0000,0.0000,1.0000,0.0004,-0.0000,-0.0004,1.0000),
      ["RightUpperArm"] = CFrame.new(0.0000,0.0000,0.0000,1.0000,0.0000,-0.0000,-0.0000,1.0000,-0.0000,0.0000,0.0000,1.0000),
      ["RightLowerArm"] = CFrame.new(-0.0000,0.0000,0.0000,1.0000,-0.0000,0.0000,0.0000,1.0000,-0.0000,0.0000,0.0000,1.0000),
      ["RightHand"] = CFrame.new(0.0000,0.0000,0.0000,1.0000,-0.0000,0.0000,0.0000,1.0000,-0.0000,0.0000,0.0000,1.0000),
      ["LeftUpperArm"] = CFrame.new(0.0000,0.0000,0.0000,1.0000,-0.0000,0.0000,0.0000,1.0000,0.0001,-0.0000,-0.0001,1.0000),
      ["LeftLowerArm"] = CFrame.new(0.0000,0.0000,0.0000,1.0000,0.0000,0.0000,0.0000,1.0000,0.0000,0.0000,0.0000,1.0000),
      ["LeftHand"] = CFrame.new(0.0000,0.0000,0.0000,1.0000,0.0000,0.0000,0.0000,1.0000,0.0000,0.0000,0.0000,1.0000),
      ["RightUpperLeg"] = CFrame.new(0.0000,0.0000,0.0000,1.0000,0.0000,0.0000,0.0000,1.0000,0.0000,0.0000,0.0000,1.0000),
      ["RightLowerLeg"] = CFrame.new(0.0000,0.0000,0.0000,1.0000,0.0000,0.0000,0.0000,1.0000,0.0000,0.0000,0.0000,1.0000),
      ["RightFoot"] = CFrame.new(0.0000,0.0000,0.0000,1.0000,0.0000,0.0000,0.0000,1.0000,0.0000,0.0000,0.0000,1.0000),
    }},
    {Time = 5.800, Data = {
      ["HumanoidRootPart"] = CFrame.new(0.0000,0.0000,0.0000,1.0000,0.0000,0.0000,0.0000,1.0000,0.0000,0.0000,0.0000,1.0000),
      ["LowerTorso"] = CFrame.new(0.0000,0.0000,0.0000,1.0000,0.0000,0.0000,0.0000,1.0000,0.0000,0.0000,0.0000,1.0000),
      ["LeftUpperLeg"] = CFrame.new(0.0000,0.0000,0.0000,1.0000,0.0000,0.0000,0.0000,1.0000,0.0000,0.0000,0.0000,1.0000),
      ["LeftLowerLeg"] = CFrame.new(0.0000,0.0000,0.0000,1.0000,0.0000,0.0000,0.0000,1.0000,0.0000,0.0000,0.0000,1.0000),
      ["LeftFoot"] = CFrame.new(0.0000,0.0000,0.0000,1.0000,0.0000,0.0000,0.0000,1.0000,0.0000,0.0000,0.0000,1.0000),
      ["UpperTorso"] = CFrame.new(0.0000,0.0000,0.0000,1.0000,-0.0000,0.0000,0.0000,1.0000,0.0031,-0.0000,-0.0031,1.0000),
      ["Head"] = CFrame.new(0.0000,-0.0000,-0.0000,1.0000,-0.0000,0.0000,0.0000,1.0000,0.0001,-0.0000,-0.0001,1.0000),
      ["RightUpperArm"] = CFrame.new(0.0000,0.0000,0.0000,1.0000,0.0000,-0.0000,-0.0000,1.0000,-0.0000,0.0000,0.0000,1.0000),
      ["RightLowerArm"] = CFrame.new(-0.0000,0.0000,0.0000,1.0000,-0.0000,0.0000,0.0000,1.0000,-0.0000,0.0000,0.0000,1.0000),
      ["RightHand"] = CFrame.new(0.0000,0.0000,0.0000,1.0000,-0.0000,0.0000,0.0000,1.0000,-0.0000,0.0000,0.0000,1.0000),
      ["LeftUpperArm"] = CFrame.new(0.0000,0.0000,0.0000,1.0000,-0.0000,0.0000,0.0000,1.0000,0.0000,-0.0000,-0.0000,1.0000),
      ["LeftLowerArm"] = CFrame.new(0.0000,0.0000,0.0000,1.0000,0.0000,0.0000,0.0000,1.0000,0.0000,0.0000,0.0000,1.0000),
      ["LeftHand"] = CFrame.new(0.0000,0.0000,0.0000,1.0000,0.0000,0.0000,0.0000,1.0000,0.0000,0.0000,0.0000,1.0000),
      ["RightUpperLeg"] = CFrame.new(0.0000,0.0000,0.0000,1.0000,0.0000,0.0000,0.0000,1.0000,0.0000,0.0000,0.0000,1.0000),
      ["RightLowerLeg"] = CFrame.new(0.0000,0.0000,0.0000,1.0000,0.0000,0.0000,0.0000,1.0000,0.0000,0.0000,0.0000,1.0000),
      ["RightFoot"] = CFrame.new(0.0000,0.0000,0.0000,1.0000,0.0000,0.0000,0.0000,1.0000,0.0000,0.0000,0.0000,1.0000),
    }},
    {Time = 5.833, Data = {
      ["HumanoidRootPart"] = CFrame.new(0.0000,0.0000,0.0000,1.0000,0.0000,0.0000,0.0000,1.0000,0.0000,0.0000,0.0000,1.0000),
      ["LowerTorso"] = CFrame.new(0.0000,0.0000,0.0000,1.0000,0.0000,0.0000,0.0000,1.0000,0.0000,0.0000,0.0000,1.0000),
      ["LeftUpperLeg"] = CFrame.new(0.0000,0.0000,0.0000,1.0000,0.0000,0.0000,0.0000,1.0000,0.0000,0.0000,0.0000,1.0000),
      ["LeftLowerLeg"] = CFrame.new(0.0000,0.0000,0.0000,1.0000,0.0000,0.0000,0.0000,1.0000,0.0000,0.0000,0.0000,1.0000),
      ["LeftFoot"] = CFrame.new(0.0000,0.0000,0.0000,1.0000,0.0000,0.0000,0.0000,1.0000,0.0000,0.0000,0.0000,1.0000),
      ["UpperTorso"] = CFrame.new(0.0000,0.0000,0.0000,1.0000,-0.0000,0.0000,0.0000,1.0000,0.0036,-0.0000,-0.0036,1.0000),
      ["Head"] = CFrame.new(0.0000,-0.0000,-0.0000,1.0000,-0.0000,0.0000,0.0000,1.0000,-0.0000,-0.0000,0.0000,1.0000),
      ["RightUpperArm"] = CFrame.new(0.0000,0.0000,0.0000,1.0000,0.0000,-0.0000,-0.0000,1.0000,0.0000,0.0000,-0.0000,1.0000),
      ["RightLowerArm"] = CFrame.new(-0.0000,0.0000,0.0000,1.0000,-0.0000,0.0000,0.0000,1.0000,-0.0000,0.0000,0.0000,1.0000),
      ["RightHand"] = CFrame.new(0.0000,0.0000,0.0000,1.0000,-0.0000,0.0000,0.0000,1.0000,-0.0000,0.0000,0.0000,1.0000),
      ["LeftUpperArm"] = CFrame.new(0.0000,0.0000,0.0000,1.0000,-0.0000,0.0000,0.0000,1.0000,0.0000,-0.0000,-0.0000,1.0000),
      ["LeftLowerArm"] = CFrame.new(0.0000,0.0000,0.0000,1.0000,0.0000,0.0000,0.0000,1.0000,0.0000,0.0000,0.0000,1.0000),
      ["LeftHand"] = CFrame.new(0.0000,0.0000,0.0000,1.0000,0.0000,0.0000,0.0000,1.0000,0.0000,0.0000,0.0000,1.0000),
      ["RightUpperLeg"] = CFrame.new(0.0000,0.0000,0.0000,1.0000,0.0000,0.0000,0.0000,1.0000,0.0000,0.0000,0.0000,1.0000),
      ["RightLowerLeg"] = CFrame.new(0.0000,0.0000,0.0000,1.0000,0.0000,0.0000,0.0000,1.0000,0.0000,0.0000,0.0000,1.0000),
      ["RightFoot"] = CFrame.new(0.0000,0.0000,0.0000,1.0000,0.0000,0.0000,0.0000,1.0000,0.0000,0.0000,0.0000,1.0000),
    }},
    {Time = 5.867, Data = {
      ["HumanoidRootPart"] = CFrame.new(0.0000,0.0000,0.0000,1.0000,0.0000,0.0000,0.0000,1.0000,0.0000,0.0000,0.0000,1.0000),
      ["LowerTorso"] = CFrame.new(0.0000,0.0000,0.0000,1.0000,0.0000,0.0000,0.0000,1.0000,0.0000,0.0000,0.0000,1.0000),
      ["LeftUpperLeg"] = CFrame.new(0.0000,0.0000,0.0000,1.0000,0.0000,0.0000,0.0000,1.0000,0.0000,0.0000,0.0000,1.0000),
      ["LeftLowerLeg"] = CFrame.new(0.0000,0.0000,0.0000,1.0000,0.0000,0.0000,0.0000,1.0000,0.0000,0.0000,0.0000,1.0000),
      ["LeftFoot"] = CFrame.new(0.0000,0.0000,0.0000,1.0000,0.0000,0.0000,0.0000,1.0000,0.0000,0.0000,0.0000,1.0000),
      ["UpperTorso"] = CFrame.new(0.0000,0.0000,0.0000,1.0000,-0.0000,0.0000,0.0000,1.0000,0.0035,-0.0000,-0.0035,1.0000),
      ["Head"] = CFrame.new(0.0000,-0.0000,-0.0000,1.0000,-0.0000,0.0000,0.0000,1.0000,0.0018,-0.0000,-0.0018,1.0000),
      ["RightUpperArm"] = CFrame.new(0.0000,0.0000,0.0000,1.0000,0.0000,-0.0000,-0.0000,1.0000,0.0000,0.0000,-0.0000,1.0000),
      ["RightLowerArm"] = CFrame.new(-0.0000,0.0000,0.0000,1.0000,-0.0000,0.0000,0.0000,1.0000,-0.0000,0.0000,0.0000,1.0000),
      ["RightHand"] = CFrame.new(0.0000,0.0000,0.0000,1.0000,-0.0000,0.0000,0.0000,1.0000,-0.0000,0.0000,0.0000,1.0000),
      ["LeftUpperArm"] = CFrame.new(0.0000,0.0000,0.0000,1.0000,-0.0000,0.0000,0.0000,1.0000,0.0000,-0.0000,-0.0000,1.0000),
      ["LeftLowerArm"] = CFrame.new(0.0000,0.0000,0.0000,1.0000,0.0000,0.0000,0.0000,1.0000,0.0000,0.0000,0.0000,1.0000),
      ["LeftHand"] = CFrame.new(0.0000,0.0000,0.0000,1.0000,0.0000,0.0000,0.0000,1.0000,0.0000,0.0000,0.0000,1.0000),
      ["RightUpperLeg"] = CFrame.new(0.0000,0.0000,0.0000,1.0000,0.0000,0.0000,0.0000,1.0000,0.0000,0.0000,0.0000,1.0000),
      ["RightLowerLeg"] = CFrame.new(0.0000,0.0000,0.0000,1.0000,0.0000,0.0000,0.0000,1.0000,0.0000,0.0000,0.0000,1.0000),
      ["RightFoot"] = CFrame.new(0.0000,0.0000,0.0000,1.0000,0.0000,0.0000,0.0000,1.0000,0.0000,0.0000,0.0000,1.0000),
    }},
    {Time = 5.900, Data = {
      ["HumanoidRootPart"] = CFrame.new(0.0000,0.0000,0.0000,1.0000,0.0000,0.0000,0.0000,1.0000,0.0000,0.0000,0.0000,1.0000),
      ["LowerTorso"] = CFrame.new(0.0000,0.0000,0.0000,1.0000,0.0000,0.0000,0.0000,1.0000,0.0000,0.0000,0.0000,1.0000),
      ["LeftUpperLeg"] = CFrame.new(0.0000,0.0000,0.0000,1.0000,0.0000,0.0000,0.0000,1.0000,0.0000,0.0000,0.0000,1.0000),
      ["LeftLowerLeg"] = CFrame.new(0.0000,0.0000,0.0000,1.0000,0.0000,0.0000,0.0000,1.0000,0.0000,0.0000,0.0000,1.0000),
      ["LeftFoot"] = CFrame.new(0.0000,0.0000,0.0000,1.0000,0.0000,0.0000,0.0000,1.0000,0.0000,0.0000,0.0000,1.0000),
      ["UpperTorso"] = CFrame.new(0.0000,0.0000,0.0000,1.0000,-0.0000,0.0000,0.0000,1.0000,0.0033,-0.0000,-0.0033,1.0000),
      ["Head"] = CFrame.new(0.0000,-0.0000,-0.0000,1.0000,-0.0000,0.0000,0.0000,1.0000,0.0036,-0.0000,-0.0036,1.0000),
      ["RightUpperArm"] = CFrame.new(0.0000,0.0000,0.0000,1.0000,0.0000,-0.0000,-0.0000,1.0000,-0.0000,0.0000,0.0000,1.0000),
      ["RightLowerArm"] = CFrame.new(-0.0000,0.0000,0.0000,1.0000,-0.0000,0.0000,0.0000,1.0000,-0.0000,0.0000,0.0000,1.0000),
      ["RightHand"] = CFrame.new(0.0000,0.0000,0.0000,1.0000,-0.0000,0.0000,0.0000,1.0000,-0.0000,0.0000,0.0000,1.0000),
      ["LeftUpperArm"] = CFrame.new(0.0000,0.0000,0.0000,1.0000,-0.0000,0.0000,0.0000,1.0000,0.0000,-0.0000,-0.0000,1.0000),
      ["LeftLowerArm"] = CFrame.new(0.0000,0.0000,0.0000,1.0000,0.0000,0.0000,0.0000,1.0000,0.0000,0.0000,0.0000,1.0000),
      ["LeftHand"] = CFrame.new(0.0000,0.0000,0.0000,1.0000,0.0000,0.0000,0.0000,1.0000,0.0000,0.0000,0.0000,1.0000),
      ["RightUpperLeg"] = CFrame.new(0.0000,0.0000,0.0000,1.0000,0.0000,0.0000,0.0000,1.0000,0.0000,0.0000,0.0000,1.0000),
      ["RightLowerLeg"] = CFrame.new(0.0000,0.0000,0.0000,1.0000,0.0000,0.0000,0.0000,1.0000,0.0000,0.0000,0.0000,1.0000),
      ["RightFoot"] = CFrame.new(0.0000,0.0000,0.0000,1.0000,0.0000,0.0000,0.0000,1.0000,0.0000,0.0000,0.0000,1.0000),
    }},
    {Time = 5.933, Data = {
      ["HumanoidRootPart"] = CFrame.new(0.0000,0.0000,0.0000,1.0000,0.0000,0.0000,0.0000,1.0000,0.0000,0.0000,0.0000,1.0000),
      ["LowerTorso"] = CFrame.new(0.0000,0.0000,0.0000,1.0000,0.0000,0.0000,0.0000,1.0000,0.0000,0.0000,0.0000,1.0000),
      ["LeftUpperLeg"] = CFrame.new(0.0000,0.0000,0.0000,1.0000,0.0000,0.0000,0.0000,1.0000,0.0000,0.0000,0.0000,1.0000),
      ["LeftLowerLeg"] = CFrame.new(0.0000,0.0000,0.0000,1.0000,0.0000,0.0000,0.0000,1.0000,0.0000,0.0000,0.0000,1.0000),
      ["LeftFoot"] = CFrame.new(0.0000,0.0000,0.0000,1.0000,0.0000,0.0000,0.0000,1.0000,0.0000,0.0000,0.0000,1.0000),
      ["UpperTorso"] = CFrame.new(0.0000,0.0000,0.0000,1.0000,-0.0000,0.0000,0.0000,1.0000,0.0032,-0.0000,-0.0032,1.0000),
      ["Head"] = CFrame.new(0.0000,-0.0000,-0.0000,1.0000,-0.0000,0.0000,0.0000,1.0000,0.0054,-0.0000,-0.0054,1.0000),
      ["RightUpperArm"] = CFrame.new(0.0000,0.0000,0.0000,1.0000,0.0000,-0.0000,-0.0000,1.0000,-0.0000,0.0000,0.0000,1.0000),
      ["RightLowerArm"] = CFrame.new(-0.0000,0.0000,0.0000,1.0000,-0.0000,0.0000,0.0000,1.0000,-0.0000,0.0000,0.0000,1.0000),
      ["RightHand"] = CFrame.new(0.0000,0.0000,0.0000,1.0000,-0.0000,0.0000,0.0000,1.0000,-0.0000,0.0000,0.0000,1.0000),
      ["LeftUpperArm"] = CFrame.new(0.0000,0.0000,0.0000,1.0000,-0.0000,0.0000,0.0000,1.0000,0.0000,-0.0000,-0.0000,1.0000),
      ["LeftLowerArm"] = CFrame.new(0.0000,0.0000,0.0000,1.0000,0.0000,0.0000,0.0000,1.0000,0.0000,0.0000,0.0000,1.0000),
      ["LeftHand"] = CFrame.new(0.0000,0.0000,0.0000,1.0000,0.0000,0.0000,0.0000,1.0000,0.0000,0.0000,0.0000,1.0000),
      ["RightUpperLeg"] = CFrame.new(0.0000,0.0000,0.0000,1.0000,0.0000,0.0000,0.0000,1.0000,0.0000,0.0000,0.0000,1.0000),
      ["RightLowerLeg"] = CFrame.new(0.0000,0.0000,0.0000,1.0000,0.0000,0.0000,0.0000,1.0000,0.0000,0.0000,0.0000,1.0000),
      ["RightFoot"] = CFrame.new(0.0000,0.0000,0.0000,1.0000,0.0000,0.0000,0.0000,1.0000,0.0000,0.0000,0.0000,1.0000),
    }},
    {Time = 5.967, Data = {
      ["HumanoidRootPart"] = CFrame.new(0.0000,0.0000,0.0000,1.0000,0.0000,0.0000,0.0000,1.0000,0.0000,0.0000,0.0000,1.0000),
      ["LowerTorso"] = CFrame.new(0.0000,0.0000,0.0000,1.0000,0.0000,0.0000,0.0000,1.0000,0.0000,0.0000,0.0000,1.0000),
      ["LeftUpperLeg"] = CFrame.new(0.0000,0.0000,0.0000,1.0000,0.0000,0.0000,0.0000,1.0000,0.0000,0.0000,0.0000,1.0000),
      ["LeftLowerLeg"] = CFrame.new(0.0000,0.0000,0.0000,1.0000,0.0000,0.0000,0.0000,1.0000,0.0000,0.0000,0.0000,1.0000),
      ["LeftFoot"] = CFrame.new(0.0000,0.0000,0.0000,1.0000,0.0000,0.0000,0.0000,1.0000,0.0000,0.0000,0.0000,1.0000),
      ["UpperTorso"] = CFrame.new(0.0000,0.0000,0.0000,1.0000,-0.0000,0.0000,0.0000,1.0000,0.0031,-0.0000,-0.0031,1.0000),
      ["Head"] = CFrame.new(0.0000,-0.0000,-0.0000,1.0000,-0.0000,0.0000,0.0000,1.0000,0.0072,-0.0000,-0.0072,1.0000),
      ["RightUpperArm"] = CFrame.new(0.0000,0.0000,0.0000,1.0000,0.0000,-0.0000,-0.0000,1.0000,-0.0000,0.0000,0.0000,1.0000),
      ["RightLowerArm"] = CFrame.new(-0.0000,0.0000,0.0000,1.0000,-0.0000,0.0000,0.0000,1.0000,-0.0000,0.0000,0.0000,1.0000),
      ["RightHand"] = CFrame.new(0.0000,0.0000,0.0000,1.0000,-0.0000,0.0000,0.0000,1.0000,-0.0000,0.0000,0.0000,1.0000),
      ["LeftUpperArm"] = CFrame.new(0.0000,0.0000,0.0000,1.0000,-0.0000,0.0000,0.0000,1.0000,0.0000,-0.0000,-0.0000,1.0000),
      ["LeftLowerArm"] = CFrame.new(0.0000,0.0000,0.0000,1.0000,0.0000,0.0000,0.0000,1.0000,0.0000,0.0000,0.0000,1.0000),
      ["LeftHand"] = CFrame.new(0.0000,0.0000,0.0000,1.0000,0.0000,0.0000,0.0000,1.0000,0.0000,0.0000,0.0000,1.0000),
      ["RightUpperLeg"] = CFrame.new(0.0000,0.0000,0.0000,1.0000,0.0000,0.0000,0.0000,1.0000,0.0000,0.0000,0.0000,1.0000),
      ["RightLowerLeg"] = CFrame.new(0.0000,0.0000,0.0000,1.0000,0.0000,0.0000,0.0000,1.0000,0.0000,0.0000,0.0000,1.0000),
      ["RightFoot"] = CFrame.new(0.0000,0.0000,0.0000,1.0000,0.0000,0.0000,0.0000,1.0000,0.0000,0.0000,0.0000,1.0000),
    }},
    {Time = 6.000, Data = {
      ["HumanoidRootPart"] = CFrame.new(0.0000,0.0000,0.0000,1.0000,0.0000,0.0000,0.0000,1.0000,0.0000,0.0000,0.0000,1.0000),
      ["LowerTorso"] = CFrame.new(0.0000,0.0000,0.0000,1.0000,0.0000,0.0000,0.0000,1.0000,0.0000,0.0000,0.0000,1.0000),
      ["LeftUpperLeg"] = CFrame.new(0.0000,0.0000,0.0000,1.0000,0.0000,0.0000,0.0000,1.0000,0.0000,0.0000,0.0000,1.0000),
      ["LeftLowerLeg"] = CFrame.new(0.0000,0.0000,0.0000,1.0000,0.0000,0.0000,0.0000,1.0000,0.0000,0.0000,0.0000,1.0000),
      ["LeftFoot"] = CFrame.new(0.0000,0.0000,0.0000,1.0000,0.0000,0.0000,0.0000,1.0000,0.0000,0.0000,0.0000,1.0000),
      ["UpperTorso"] = CFrame.new(0.0000,0.0000,0.0000,1.0000,-0.0000,0.0000,0.0000,1.0000,0.0029,-0.0000,-0.0029,1.0000),
      ["Head"] = CFrame.new(0.0000,-0.0000,-0.0000,1.0000,-0.0000,0.0000,0.0000,1.0000,0.0091,-0.0000,-0.0091,1.0000),
      ["RightUpperArm"] = CFrame.new(0.0000,0.0000,0.0000,1.0000,-0.0000,0.0000,0.0000,1.0000,-0.0000,-0.0000,0.0000,1.0000),
      ["RightLowerArm"] = CFrame.new(-0.0000,0.0000,0.0000,1.0000,-0.0000,0.0000,0.0000,1.0000,-0.0000,0.0000,0.0000,1.0000),
      ["RightHand"] = CFrame.new(0.0000,0.0000,0.0000,1.0000,-0.0000,0.0000,0.0000,1.0000,-0.0000,0.0000,0.0000,1.0000),
      ["LeftUpperArm"] = CFrame.new(0.0000,0.0000,0.0000,1.0000,-0.0000,0.0000,0.0000,1.0000,0.0000,-0.0000,-0.0000,1.0000),
      ["LeftLowerArm"] = CFrame.new(0.0000,0.0000,0.0000,1.0000,0.0000,0.0000,0.0000,1.0000,0.0000,0.0000,0.0000,1.0000),
      ["LeftHand"] = CFrame.new(0.0000,0.0000,0.0000,1.0000,0.0000,0.0000,0.0000,1.0000,0.0000,0.0000,0.0000,1.0000),
      ["RightUpperLeg"] = CFrame.new(0.0000,0.0000,0.0000,1.0000,0.0000,0.0000,0.0000,1.0000,0.0000,0.0000,0.0000,1.0000),
      ["RightLowerLeg"] = CFrame.new(0.0000,0.0000,0.0000,1.0000,0.0000,0.0000,0.0000,1.0000,0.0000,0.0000,0.0000,1.0000),
      ["RightFoot"] = CFrame.new(0.0000,0.0000,0.0000,1.0000,0.0000,0.0000,0.0000,1.0000,0.0000,0.0000,0.0000,1.0000),
    }},
    {Time = 6.033, Data = {
      ["HumanoidRootPart"] = CFrame.new(0.0000,0.0000,0.0000,1.0000,0.0000,0.0000,0.0000,1.0000,0.0000,0.0000,0.0000,1.0000),
      ["LowerTorso"] = CFrame.new(0.0000,0.0000,0.0000,1.0000,0.0000,0.0000,0.0000,1.0000,0.0000,0.0000,0.0000,1.0000),
      ["LeftUpperLeg"] = CFrame.new(0.0000,0.0000,0.0000,1.0000,0.0000,0.0000,0.0000,1.0000,0.0000,0.0000,0.0000,1.0000),
      ["LeftLowerLeg"] = CFrame.new(0.0000,0.0000,0.0000,1.0000,0.0000,0.0000,0.0000,1.0000,0.0000,0.0000,0.0000,1.0000),
      ["LeftFoot"] = CFrame.new(0.0000,0.0000,0.0000,1.0000,0.0000,0.0000,0.0000,1.0000,0.0000,0.0000,0.0000,1.0000),
      ["UpperTorso"] = CFrame.new(0.0000,0.0000,0.0000,1.0000,-0.0000,0.0000,0.0000,1.0000,0.0028,-0.0000,-0.0028,1.0000),
      ["Head"] = CFrame.new(0.0000,-0.0000,-0.0000,1.0000,-0.0000,0.0000,0.0000,0.9999,0.0109,-0.0000,-0.0109,0.9999),
      ["RightUpperArm"] = CFrame.new(0.0000,0.0000,0.0000,1.0000,0.0000,-0.0000,-0.0000,1.0000,-0.0000,0.0000,0.0000,1.0000),
      ["RightLowerArm"] = CFrame.new(-0.0000,0.0000,0.0000,1.0000,-0.0000,0.0000,0.0000,1.0000,-0.0000,0.0000,0.0000,1.0000),
      ["RightHand"] = CFrame.new(0.0000,0.0000,0.0000,1.0000,-0.0000,0.0000,0.0000,1.0000,-0.0000,0.0000,0.0000,1.0000),
      ["LeftUpperArm"] = CFrame.new(0.0000,0.0000,0.0000,1.0000,-0.0000,0.0000,0.0000,1.0000,0.0000,-0.0000,-0.0000,1.0000),
      ["LeftLowerArm"] = CFrame.new(0.0000,0.0000,0.0000,1.0000,0.0000,0.0000,0.0000,1.0000,0.0000,0.0000,0.0000,1.0000),
      ["LeftHand"] = CFrame.new(0.0000,0.0000,0.0000,1.0000,0.0000,0.0000,0.0000,1.0000,0.0000,0.0000,0.0000,1.0000),
      ["RightUpperLeg"] = CFrame.new(0.0000,0.0000,0.0000,1.0000,0.0000,0.0000,0.0000,1.0000,0.0000,0.0000,0.0000,1.0000),
      ["RightLowerLeg"] = CFrame.new(0.0000,0.0000,0.0000,1.0000,0.0000,0.0000,0.0000,1.0000,0.0000,0.0000,0.0000,1.0000),
      ["RightFoot"] = CFrame.new(0.0000,0.0000,0.0000,1.0000,0.0000,0.0000,0.0000,1.0000,0.0000,0.0000,0.0000,1.0000),
    }},
    {Time = 6.067, Data = {
      ["HumanoidRootPart"] = CFrame.new(0.0000,0.0000,0.0000,1.0000,0.0000,0.0000,0.0000,1.0000,0.0000,0.0000,0.0000,1.0000),
      ["LowerTorso"] = CFrame.new(0.0000,0.0000,0.0000,1.0000,0.0000,0.0000,0.0000,1.0000,0.0000,0.0000,0.0000,1.0000),
      ["LeftUpperLeg"] = CFrame.new(0.0000,0.0000,0.0000,1.0000,0.0000,0.0000,0.0000,1.0000,0.0000,0.0000,0.0000,1.0000),
      ["LeftLowerLeg"] = CFrame.new(0.0000,0.0000,0.0000,1.0000,0.0000,0.0000,0.0000,1.0000,0.0000,0.0000,0.0000,1.0000),
      ["LeftFoot"] = CFrame.new(0.0000,0.0000,0.0000,1.0000,0.0000,0.0000,0.0000,1.0000,0.0000,0.0000,0.0000,1.0000),
      ["UpperTorso"] = CFrame.new(0.0000,0.0000,0.0000,1.0000,-0.0000,0.0000,0.0000,1.0000,0.0026,-0.0000,-0.0026,1.0000),
      ["Head"] = CFrame.new(0.0000,-0.0000,-0.0000,1.0000,-0.0000,0.0000,0.0000,0.9999,0.0127,-0.0000,-0.0127,0.9999),
      ["RightUpperArm"] = CFrame.new(0.0000,0.0000,0.0000,1.0000,0.0000,-0.0000,-0.0000,1.0000,-0.0000,0.0000,0.0000,1.0000),
      ["RightLowerArm"] = CFrame.new(-0.0000,0.0000,0.0000,1.0000,-0.0000,0.0000,0.0000,1.0000,-0.0000,0.0000,0.0000,1.0000),
      ["RightHand"] = CFrame.new(0.0000,0.0000,0.0000,1.0000,-0.0000,0.0000,0.0000,1.0000,-0.0000,0.0000,0.0000,1.0000),
      ["LeftUpperArm"] = CFrame.new(0.0000,0.0000,0.0000,1.0000,-0.0000,0.0000,0.0000,1.0000,0.0000,-0.0000,-0.0000,1.0000),
      ["LeftLowerArm"] = CFrame.new(0.0000,0.0000,0.0000,1.0000,0.0000,0.0000,0.0000,1.0000,0.0000,0.0000,0.0000,1.0000),
      ["LeftHand"] = CFrame.new(0.0000,0.0000,0.0000,1.0000,0.0000,0.0000,0.0000,1.0000,0.0000,0.0000,0.0000,1.0000),
      ["RightUpperLeg"] = CFrame.new(0.0000,0.0000,0.0000,1.0000,0.0000,0.0000,0.0000,1.0000,0.0000,0.0000,0.0000,1.0000),
      ["RightLowerLeg"] = CFrame.new(0.0000,0.0000,0.0000,1.0000,0.0000,0.0000,0.0000,1.0000,0.0000,0.0000,0.0000,1.0000),
      ["RightFoot"] = CFrame.new(0.0000,0.0000,0.0000,1.0000,0.0000,0.0000,0.0000,1.0000,0.0000,0.0000,0.0000,1.0000),
    }},
    {Time = 6.100, Data = {
      ["HumanoidRootPart"] = CFrame.new(0.0000,0.0000,0.0000,1.0000,0.0000,0.0000,0.0000,1.0000,0.0000,0.0000,0.0000,1.0000),
      ["LowerTorso"] = CFrame.new(0.0000,0.0000,0.0000,1.0000,0.0000,0.0000,0.0000,1.0000,0.0000,0.0000,0.0000,1.0000),
      ["LeftUpperLeg"] = CFrame.new(0.0000,0.0000,0.0000,1.0000,0.0000,0.0000,0.0000,1.0000,0.0000,0.0000,0.0000,1.0000),
      ["LeftLowerLeg"] = CFrame.new(0.0000,0.0000,0.0000,1.0000,0.0000,0.0000,0.0000,1.0000,0.0000,0.0000,0.0000,1.0000),
      ["LeftFoot"] = CFrame.new(0.0000,0.0000,0.0000,1.0000,0.0000,0.0000,0.0000,1.0000,0.0000,0.0000,0.0000,1.0000),
      ["UpperTorso"] = CFrame.new(0.0000,0.0000,0.0000,1.0000,-0.0000,0.0000,0.0000,1.0000,0.0025,-0.0000,-0.0025,1.0000),
      ["Head"] = CFrame.new(0.0000,-0.0000,-0.0000,1.0000,-0.0000,0.0000,0.0000,0.9999,0.0145,-0.0000,-0.0145,0.9999),
      ["RightUpperArm"] = CFrame.new(0.0000,0.0000,0.0000,1.0000,0.0000,-0.0000,-0.0000,1.0000,-0.0000,0.0000,0.0000,1.0000),
      ["RightLowerArm"] = CFrame.new(-0.0000,0.0000,0.0000,1.0000,-0.0000,0.0000,0.0000,1.0000,-0.0000,0.0000,0.0000,1.0000),
      ["RightHand"] = CFrame.new(0.0000,0.0000,0.0000,1.0000,-0.0000,0.0000,0.0000,1.0000,-0.0000,0.0000,0.0000,1.0000),
      ["LeftUpperArm"] = CFrame.new(0.0000,0.0000,0.0000,1.0000,-0.0000,0.0000,0.0000,1.0000,0.0000,-0.0000,-0.0000,1.0000),
      ["LeftLowerArm"] = CFrame.new(0.0000,0.0000,0.0000,1.0000,0.0000,0.0000,0.0000,1.0000,0.0000,0.0000,0.0000,1.0000),
      ["LeftHand"] = CFrame.new(0.0000,0.0000,0.0000,1.0000,0.0000,0.0000,0.0000,1.0000,0.0000,0.0000,0.0000,1.0000),
      ["RightUpperLeg"] = CFrame.new(0.0000,0.0000,0.0000,1.0000,0.0000,0.0000,0.0000,1.0000,0.0000,0.0000,0.0000,1.0000),
      ["RightLowerLeg"] = CFrame.new(0.0000,0.0000,0.0000,1.0000,0.0000,0.0000,0.0000,1.0000,0.0000,0.0000,0.0000,1.0000),
      ["RightFoot"] = CFrame.new(0.0000,0.0000,0.0000,1.0000,0.0000,0.0000,0.0000,1.0000,0.0000,0.0000,0.0000,1.0000),
    }},
    {Time = 6.133, Data = {
      ["HumanoidRootPart"] = CFrame.new(0.0000,0.0000,0.0000,1.0000,0.0000,0.0000,0.0000,1.0000,0.0000,0.0000,0.0000,1.0000),
      ["LowerTorso"] = CFrame.new(0.0000,0.0000,0.0000,1.0000,0.0000,0.0000,0.0000,1.0000,0.0000,0.0000,0.0000,1.0000),
      ["LeftUpperLeg"] = CFrame.new(0.0000,0.0000,0.0000,1.0000,0.0000,0.0000,0.0000,1.0000,0.0000,0.0000,0.0000,1.0000),
      ["LeftLowerLeg"] = CFrame.new(0.0000,0.0000,0.0000,1.0000,0.0000,0.0000,0.0000,1.0000,0.0000,0.0000,0.0000,1.0000),
      ["LeftFoot"] = CFrame.new(0.0000,0.0000,0.0000,1.0000,0.0000,0.0000,0.0000,1.0000,0.0000,0.0000,0.0000,1.0000),
      ["UpperTorso"] = CFrame.new(0.0000,0.0000,0.0000,1.0000,-0.0000,0.0000,0.0000,1.0000,0.0023,-0.0000,-0.0023,1.0000),
      ["Head"] = CFrame.new(0.0000,-0.0000,-0.0000,1.0000,-0.0000,0.0000,0.0000,0.9999,0.0163,-0.0000,-0.0163,0.9999),
      ["RightUpperArm"] = CFrame.new(0.0000,0.0000,0.0000,1.0000,0.0000,-0.0000,-0.0000,1.0000,-0.0000,0.0000,0.0000,1.0000),
      ["RightLowerArm"] = CFrame.new(-0.0000,0.0000,0.0000,1.0000,-0.0000,0.0000,0.0000,1.0000,-0.0000,0.0000,0.0000,1.0000),
      ["RightHand"] = CFrame.new(0.0000,0.0000,0.0000,1.0000,-0.0000,0.0000,0.0000,1.0000,-0.0000,0.0000,0.0000,1.0000),
      ["LeftUpperArm"] = CFrame.new(0.0000,0.0000,0.0000,1.0000,-0.0000,0.0000,0.0000,1.0000,0.0000,-0.0000,-0.0000,1.0000),
      ["LeftLowerArm"] = CFrame.new(0.0000,0.0000,0.0000,1.0000,0.0000,0.0000,0.0000,1.0000,0.0000,0.0000,0.0000,1.0000),
      ["LeftHand"] = CFrame.new(0.0000,0.0000,0.0000,1.0000,0.0000,0.0000,0.0000,1.0000,0.0000,0.0000,0.0000,1.0000),
      ["RightUpperLeg"] = CFrame.new(0.0000,0.0000,0.0000,1.0000,0.0000,0.0000,0.0000,1.0000,0.0000,0.0000,0.0000,1.0000),
      ["RightLowerLeg"] = CFrame.new(0.0000,0.0000,0.0000,1.0000,0.0000,0.0000,0.0000,1.0000,0.0000,0.0000,0.0000,1.0000),
      ["RightFoot"] = CFrame.new(0.0000,0.0000,0.0000,1.0000,0.0000,0.0000,0.0000,1.0000,0.0000,0.0000,0.0000,1.0000),
    }},
    {Time = 6.167, Data = {
      ["HumanoidRootPart"] = CFrame.new(0.0000,0.0000,0.0000,1.0000,0.0000,0.0000,0.0000,1.0000,0.0000,0.0000,0.0000,1.0000),
      ["LowerTorso"] = CFrame.new(0.0000,0.0000,0.0000,1.0000,0.0000,0.0000,0.0000,1.0000,0.0000,0.0000,0.0000,1.0000),
      ["LeftUpperLeg"] = CFrame.new(0.0000,0.0000,0.0000,1.0000,0.0000,0.0000,0.0000,1.0000,0.0000,0.0000,0.0000,1.0000),
      ["LeftLowerLeg"] = CFrame.new(0.0000,0.0000,0.0000,1.0000,0.0000,0.0000,0.0000,1.0000,0.0000,0.0000,0.0000,1.0000),
      ["LeftFoot"] = CFrame.new(0.0000,0.0000,0.0000,1.0000,0.0000,0.0000,0.0000,1.0000,0.0000,0.0000,0.0000,1.0000),
      ["UpperTorso"] = CFrame.new(0.0000,0.0000,0.0000,1.0000,-0.0000,0.0000,0.0000,1.0000,0.0022,-0.0000,-0.0022,1.0000),
      ["Head"] = CFrame.new(0.0000,-0.0000,-0.0000,1.0000,-0.0000,0.0000,0.0000,0.9998,0.0181,-0.0000,-0.0181,0.9998),
      ["RightUpperArm"] = CFrame.new(0.0000,0.0000,0.0000,1.0000,0.0000,-0.0000,-0.0000,1.0000,-0.0000,0.0000,0.0000,1.0000),
      ["RightLowerArm"] = CFrame.new(-0.0000,0.0000,0.0000,1.0000,-0.0000,0.0000,0.0000,1.0000,-0.0000,0.0000,0.0000,1.0000),
      ["RightHand"] = CFrame.new(0.0000,0.0000,0.0000,1.0000,-0.0000,0.0000,0.0000,1.0000,-0.0000,0.0000,0.0000,1.0000),
      ["LeftUpperArm"] = CFrame.new(0.0000,0.0000,0.0000,1.0000,-0.0000,0.0000,0.0000,1.0000,0.0000,-0.0000,-0.0000,1.0000),
      ["LeftLowerArm"] = CFrame.new(0.0000,0.0000,0.0000,1.0000,0.0000,0.0000,0.0000,1.0000,0.0000,0.0000,0.0000,1.0000),
      ["LeftHand"] = CFrame.new(0.0000,0.0000,0.0000,1.0000,0.0000,0.0000,0.0000,1.0000,0.0000,0.0000,0.0000,1.0000),
      ["RightUpperLeg"] = CFrame.new(0.0000,0.0000,0.0000,1.0000,0.0000,0.0000,0.0000,1.0000,0.0000,0.0000,0.0000,1.0000),
      ["RightLowerLeg"] = CFrame.new(0.0000,0.0000,0.0000,1.0000,0.0000,0.0000,0.0000,1.0000,0.0000,0.0000,0.0000,1.0000),
      ["RightFoot"] = CFrame.new(0.0000,0.0000,0.0000,1.0000,0.0000,0.0000,0.0000,1.0000,0.0000,0.0000,0.0000,1.0000),
    }},
    {Time = 6.200, Data = {
      ["HumanoidRootPart"] = CFrame.new(0.0000,0.0000,0.0000,1.0000,0.0000,0.0000,0.0000,1.0000,0.0000,0.0000,0.0000,1.0000),
      ["LowerTorso"] = CFrame.new(0.0000,0.0000,0.0000,1.0000,0.0000,0.0000,0.0000,1.0000,0.0000,0.0000,0.0000,1.0000),
      ["LeftUpperLeg"] = CFrame.new(0.0000,0.0000,0.0000,1.0000,0.0000,0.0000,0.0000,1.0000,0.0000,0.0000,0.0000,1.0000),
      ["LeftLowerLeg"] = CFrame.new(0.0000,0.0000,0.0000,1.0000,0.0000,0.0000,0.0000,1.0000,0.0000,0.0000,0.0000,1.0000),
      ["LeftFoot"] = CFrame.new(0.0000,0.0000,0.0000,1.0000,0.0000,0.0000,0.0000,1.0000,0.0000,0.0000,0.0000,1.0000),
      ["UpperTorso"] = CFrame.new(0.0000,0.0000,0.0000,1.0000,-0.0000,0.0000,0.0000,1.0000,0.0020,-0.0000,-0.0020,1.0000),
      ["Head"] = CFrame.new(0.0000,-0.0000,-0.0000,1.0000,-0.0000,0.0000,0.0000,0.9998,0.0199,-0.0000,-0.0199,0.9998),
      ["RightUpperArm"] = CFrame.new(0.0000,0.0000,0.0000,1.0000,0.0000,-0.0000,-0.0000,1.0000,-0.0000,0.0000,0.0000,1.0000),
      ["RightLowerArm"] = CFrame.new(-0.0000,0.0000,0.0000,1.0000,-0.0000,0.0000,0.0000,1.0000,-0.0000,0.0000,0.0000,1.0000),
      ["RightHand"] = CFrame.new(0.0000,0.0000,0.0000,1.0000,-0.0000,0.0000,0.0000,1.0000,-0.0000,0.0000,0.0000,1.0000),
      ["LeftUpperArm"] = CFrame.new(0.0000,0.0000,0.0000,1.0000,-0.0000,0.0000,0.0000,1.0000,0.0000,-0.0000,-0.0000,1.0000),
      ["LeftLowerArm"] = CFrame.new(0.0000,0.0000,0.0000,1.0000,0.0000,0.0000,0.0000,1.0000,0.0000,0.0000,0.0000,1.0000),
      ["LeftHand"] = CFrame.new(0.0000,0.0000,0.0000,1.0000,0.0000,0.0000,0.0000,1.0000,0.0000,0.0000,0.0000,1.0000),
      ["RightUpperLeg"] = CFrame.new(0.0000,0.0000,0.0000,1.0000,0.0000,0.0000,0.0000,1.0000,0.0000,0.0000,0.0000,1.0000),
      ["RightLowerLeg"] = CFrame.new(0.0000,0.0000,0.0000,1.0000,0.0000,0.0000,0.0000,1.0000,0.0000,0.0000,0.0000,1.0000),
      ["RightFoot"] = CFrame.new(0.0000,0.0000,0.0000,1.0000,0.0000,0.0000,0.0000,1.0000,0.0000,0.0000,0.0000,1.0000),
    }},
    {Time = 6.233, Data = {
      ["HumanoidRootPart"] = CFrame.new(0.0000,0.0000,0.0000,1.0000,0.0000,0.0000,0.0000,1.0000,0.0000,0.0000,0.0000,1.0000),
      ["LowerTorso"] = CFrame.new(0.0000,0.0000,0.0000,1.0000,0.0000,0.0000,0.0000,1.0000,0.0000,0.0000,0.0000,1.0000),
      ["LeftUpperLeg"] = CFrame.new(0.0000,0.0000,0.0000,1.0000,0.0000,0.0000,0.0000,1.0000,0.0000,0.0000,0.0000,1.0000),
      ["LeftLowerLeg"] = CFrame.new(0.0000,0.0000,0.0000,1.0000,0.0000,0.0000,0.0000,1.0000,0.0000,0.0000,0.0000,1.0000),
      ["LeftFoot"] = CFrame.new(0.0000,0.0000,0.0000,1.0000,0.0000,0.0000,0.0000,1.0000,0.0000,0.0000,0.0000,1.0000),
      ["UpperTorso"] = CFrame.new(0.0000,0.0000,0.0000,1.0000,-0.0000,0.0000,0.0000,1.0000,0.0019,-0.0000,-0.0019,1.0000),
      ["Head"] = CFrame.new(0.0000,-0.0000,-0.0000,1.0000,-0.0000,0.0000,0.0000,0.9998,0.0217,-0.0000,-0.0217,0.9998),
      ["RightUpperArm"] = CFrame.new(0.0000,0.0000,0.0000,1.0000,0.0000,-0.0000,-0.0000,1.0000,-0.0000,0.0000,0.0000,1.0000),
      ["RightLowerArm"] = CFrame.new(-0.0000,0.0000,0.0000,1.0000,-0.0000,0.0000,0.0000,1.0000,-0.0000,0.0000,0.0000,1.0000),
      ["RightHand"] = CFrame.new(0.0000,0.0000,0.0000,1.0000,-0.0000,0.0000,0.0000,1.0000,-0.0000,0.0000,0.0000,1.0000),
      ["LeftUpperArm"] = CFrame.new(0.0000,0.0000,0.0000,1.0000,-0.0000,0.0000,0.0000,1.0000,0.0000,-0.0000,-0.0000,1.0000),
      ["LeftLowerArm"] = CFrame.new(0.0000,0.0000,0.0000,1.0000,0.0000,0.0000,0.0000,1.0000,0.0000,0.0000,0.0000,1.0000),
      ["LeftHand"] = CFrame.new(0.0000,0.0000,0.0000,1.0000,0.0000,0.0000,0.0000,1.0000,0.0000,0.0000,0.0000,1.0000),
      ["RightUpperLeg"] = CFrame.new(0.0000,0.0000,0.0000,1.0000,0.0000,0.0000,0.0000,1.0000,0.0000,0.0000,0.0000,1.0000),
      ["RightLowerLeg"] = CFrame.new(0.0000,0.0000,0.0000,1.0000,0.0000,0.0000,0.0000,1.0000,0.0000,0.0000,0.0000,1.0000),
      ["RightFoot"] = CFrame.new(0.0000,0.0000,0.0000,1.0000,0.0000,0.0000,0.0000,1.0000,0.0000,0.0000,0.0000,1.0000),
    }},
    {Time = 6.267, Data = {
      ["HumanoidRootPart"] = CFrame.new(0.0000,0.0000,0.0000,1.0000,0.0000,0.0000,0.0000,1.0000,0.0000,0.0000,0.0000,1.0000),
      ["LowerTorso"] = CFrame.new(0.0000,0.0000,0.0000,1.0000,0.0000,0.0000,0.0000,1.0000,0.0000,0.0000,0.0000,1.0000),
      ["LeftUpperLeg"] = CFrame.new(0.0000,0.0000,0.0000,1.0000,0.0000,0.0000,0.0000,1.0000,0.0000,0.0000,0.0000,1.0000),
      ["LeftLowerLeg"] = CFrame.new(0.0000,0.0000,0.0000,1.0000,0.0000,0.0000,0.0000,1.0000,0.0000,0.0000,0.0000,1.0000),
      ["LeftFoot"] = CFrame.new(0.0000,0.0000,0.0000,1.0000,0.0000,0.0000,0.0000,1.0000,0.0000,0.0000,0.0000,1.0000),
      ["UpperTorso"] = CFrame.new(0.0000,0.0000,0.0000,1.0000,-0.0000,0.0000,0.0000,1.0000,0.0017,-0.0000,-0.0017,1.0000),
      ["Head"] = CFrame.new(0.0000,-0.0000,-0.0000,1.0000,-0.0000,0.0000,0.0000,0.9997,0.0235,-0.0000,-0.0235,0.9997),
      ["RightUpperArm"] = CFrame.new(0.0000,0.0000,0.0000,1.0000,-0.0000,0.0000,0.0000,1.0000,-0.0000,-0.0000,0.0000,1.0000),
      ["RightLowerArm"] = CFrame.new(-0.0000,0.0000,0.0000,1.0000,-0.0000,0.0000,0.0000,1.0000,-0.0000,0.0000,0.0000,1.0000),
      ["RightHand"] = CFrame.new(0.0000,0.0000,0.0000,1.0000,-0.0000,0.0000,0.0000,1.0000,-0.0000,0.0000,0.0000,1.0000),
      ["LeftUpperArm"] = CFrame.new(0.0000,0.0000,0.0000,1.0000,-0.0000,0.0000,0.0000,1.0000,0.0000,-0.0000,-0.0000,1.0000),
      ["LeftLowerArm"] = CFrame.new(0.0000,0.0000,0.0000,1.0000,0.0000,0.0000,0.0000,1.0000,0.0000,0.0000,0.0000,1.0000),
      ["LeftHand"] = CFrame.new(0.0000,0.0000,0.0000,1.0000,0.0000,0.0000,0.0000,1.0000,0.0000,0.0000,0.0000,1.0000),
      ["RightUpperLeg"] = CFrame.new(0.0000,0.0000,0.0000,1.0000,0.0000,0.0000,0.0000,1.0000,0.0000,0.0000,0.0000,1.0000),
      ["RightLowerLeg"] = CFrame.new(0.0000,0.0000,0.0000,1.0000,0.0000,0.0000,0.0000,1.0000,0.0000,0.0000,0.0000,1.0000),
      ["RightFoot"] = CFrame.new(0.0000,0.0000,0.0000,1.0000,0.0000,0.0000,0.0000,1.0000,0.0000,0.0000,0.0000,1.0000),
    }},
    {Time = 6.300, Data = {
      ["HumanoidRootPart"] = CFrame.new(0.0000,0.0000,0.0000,1.0000,0.0000,0.0000,0.0000,1.0000,0.0000,0.0000,0.0000,1.0000),
      ["LowerTorso"] = CFrame.new(0.0000,0.0000,0.0000,1.0000,0.0000,0.0000,0.0000,1.0000,0.0000,0.0000,0.0000,1.0000),
      ["LeftUpperLeg"] = CFrame.new(0.0000,0.0000,0.0000,1.0000,0.0000,0.0000,0.0000,1.0000,0.0000,0.0000,0.0000,1.0000),
      ["LeftLowerLeg"] = CFrame.new(0.0000,0.0000,0.0000,1.0000,0.0000,0.0000,0.0000,1.0000,0.0000,0.0000,0.0000,1.0000),
      ["LeftFoot"] = CFrame.new(0.0000,0.0000,0.0000,1.0000,0.0000,0.0000,0.0000,1.0000,0.0000,0.0000,0.0000,1.0000),
      ["UpperTorso"] = CFrame.new(0.0000,0.0000,0.0000,1.0000,-0.0000,0.0000,0.0000,1.0000,0.0016,-0.0000,-0.0016,1.0000),
      ["Head"] = CFrame.new(0.0000,-0.0000,-0.0000,1.0000,-0.0000,0.0000,0.0000,0.9997,0.0253,-0.0000,-0.0253,0.9997),
      ["RightUpperArm"] = CFrame.new(0.0000,0.0000,0.0000,1.0000,0.0000,-0.0000,-0.0000,1.0000,-0.0000,0.0000,0.0000,1.0000),
      ["RightLowerArm"] = CFrame.new(-0.0000,0.0000,0.0000,1.0000,-0.0000,0.0000,0.0000,1.0000,-0.0000,0.0000,0.0000,1.0000),
      ["RightHand"] = CFrame.new(0.0000,0.0000,0.0000,1.0000,-0.0000,0.0000,0.0000,1.0000,-0.0000,0.0000,0.0000,1.0000),
      ["LeftUpperArm"] = CFrame.new(0.0000,0.0000,0.0000,1.0000,-0.0000,0.0000,0.0000,1.0000,0.0000,-0.0000,-0.0000,1.0000),
      ["LeftLowerArm"] = CFrame.new(0.0000,0.0000,0.0000,1.0000,0.0000,0.0000,0.0000,1.0000,0.0000,0.0000,0.0000,1.0000),
      ["LeftHand"] = CFrame.new(0.0000,0.0000,0.0000,1.0000,0.0000,0.0000,0.0000,1.0000,0.0000,0.0000,0.0000,1.0000),
      ["RightUpperLeg"] = CFrame.new(0.0000,0.0000,0.0000,1.0000,0.0000,0.0000,0.0000,1.0000,0.0000,0.0000,0.0000,1.0000),
      ["RightLowerLeg"] = CFrame.new(0.0000,0.0000,0.0000,1.0000,0.0000,0.0000,0.0000,1.0000,0.0000,0.0000,0.0000,1.0000),
      ["RightFoot"] = CFrame.new(0.0000,0.0000,0.0000,1.0000,0.0000,0.0000,0.0000,1.0000,0.0000,0.0000,0.0000,1.0000),
    }},
    {Time = 6.333, Data = {
      ["HumanoidRootPart"] = CFrame.new(0.0000,0.0000,0.0000,1.0000,0.0000,0.0000,0.0000,1.0000,0.0000,0.0000,0.0000,1.0000),
      ["LowerTorso"] = CFrame.new(0.0000,0.0000,0.0000,1.0000,0.0000,0.0000,0.0000,1.0000,0.0000,0.0000,0.0000,1.0000),
      ["LeftUpperLeg"] = CFrame.new(0.0000,0.0000,0.0000,1.0000,0.0000,0.0000,0.0000,1.0000,0.0000,0.0000,0.0000,1.0000),
      ["LeftLowerLeg"] = CFrame.new(0.0000,0.0000,0.0000,1.0000,0.0000,0.0000,0.0000,1.0000,0.0000,0.0000,0.0000,1.0000),
      ["LeftFoot"] = CFrame.new(0.0000,0.0000,0.0000,1.0000,0.0000,0.0000,0.0000,1.0000,0.0000,0.0000,0.0000,1.0000),
      ["UpperTorso"] = CFrame.new(0.0000,0.0000,0.0000,1.0000,-0.0000,0.0000,0.0000,1.0000,0.0015,-0.0000,-0.0015,1.0000),
      ["Head"] = CFrame.new(0.0000,-0.0000,-0.0000,1.0000,-0.0000,0.0000,0.0000,0.9996,0.0272,-0.0000,-0.0272,0.9996),
      ["RightUpperArm"] = CFrame.new(0.0000,0.0000,0.0000,1.0000,0.0000,-0.0000,-0.0000,1.0000,-0.0000,0.0000,0.0000,1.0000),
      ["RightLowerArm"] = CFrame.new(-0.0000,0.0000,0.0000,1.0000,-0.0000,0.0000,0.0000,1.0000,-0.0000,0.0000,0.0000,1.0000),
      ["RightHand"] = CFrame.new(0.0000,0.0000,0.0000,1.0000,-0.0000,0.0000,0.0000,1.0000,-0.0000,0.0000,0.0000,1.0000),
      ["LeftUpperArm"] = CFrame.new(0.0000,0.0000,0.0000,1.0000,-0.0000,0.0000,0.0000,1.0000,0.0000,-0.0000,-0.0000,1.0000),
      ["LeftLowerArm"] = CFrame.new(0.0000,0.0000,0.0000,1.0000,0.0000,0.0000,0.0000,1.0000,0.0000,0.0000,0.0000,1.0000),
      ["LeftHand"] = CFrame.new(0.0000,0.0000,0.0000,1.0000,0.0000,0.0000,0.0000,1.0000,0.0000,0.0000,0.0000,1.0000),
      ["RightUpperLeg"] = CFrame.new(0.0000,0.0000,0.0000,1.0000,0.0000,0.0000,0.0000,1.0000,0.0000,0.0000,0.0000,1.0000),
      ["RightLowerLeg"] = CFrame.new(0.0000,0.0000,0.0000,1.0000,0.0000,0.0000,0.0000,1.0000,0.0000,0.0000,0.0000,1.0000),
      ["RightFoot"] = CFrame.new(0.0000,0.0000,0.0000,1.0000,0.0000,0.0000,0.0000,1.0000,0.0000,0.0000,0.0000,1.0000),
    }},
    {Time = 6.367, Data = {
      ["HumanoidRootPart"] = CFrame.new(0.0000,0.0000,0.0000,1.0000,0.0000,0.0000,0.0000,1.0000,0.0000,0.0000,0.0000,1.0000),
      ["LowerTorso"] = CFrame.new(0.0000,0.0000,0.0000,1.0000,0.0000,0.0000,0.0000,1.0000,0.0000,0.0000,0.0000,1.0000),
      ["LeftUpperLeg"] = CFrame.new(0.0000,0.0000,0.0000,1.0000,0.0000,0.0000,0.0000,1.0000,0.0000,0.0000,0.0000,1.0000),
      ["LeftLowerLeg"] = CFrame.new(0.0000,0.0000,0.0000,1.0000,0.0000,0.0000,0.0000,1.0000,0.0000,0.0000,0.0000,1.0000),
      ["LeftFoot"] = CFrame.new(0.0000,0.0000,0.0000,1.0000,0.0000,0.0000,0.0000,1.0000,0.0000,0.0000,0.0000,1.0000),
      ["UpperTorso"] = CFrame.new(0.0000,0.0000,0.0000,1.0000,-0.0000,0.0000,0.0000,1.0000,0.0013,-0.0000,-0.0013,1.0000),
      ["Head"] = CFrame.new(0.0000,-0.0000,-0.0000,1.0000,-0.0000,0.0000,0.0000,0.9996,0.0290,-0.0000,-0.0290,0.9996),
      ["RightUpperArm"] = CFrame.new(0.0000,0.0000,0.0000,1.0000,0.0000,-0.0000,-0.0000,1.0000,-0.0000,0.0000,0.0000,1.0000),
      ["RightLowerArm"] = CFrame.new(-0.0000,0.0000,0.0000,1.0000,-0.0000,0.0000,0.0000,1.0000,-0.0000,0.0000,0.0000,1.0000),
      ["RightHand"] = CFrame.new(0.0000,0.0000,0.0000,1.0000,-0.0000,0.0000,0.0000,1.0000,-0.0000,0.0000,0.0000,1.0000),
      ["LeftUpperArm"] = CFrame.new(0.0000,0.0000,0.0000,1.0000,-0.0000,0.0000,0.0000,1.0000,0.0000,-0.0000,-0.0000,1.0000),
      ["LeftLowerArm"] = CFrame.new(0.0000,0.0000,0.0000,1.0000,0.0000,0.0000,0.0000,1.0000,0.0000,0.0000,0.0000,1.0000),
      ["LeftHand"] = CFrame.new(0.0000,0.0000,0.0000,1.0000,0.0000,0.0000,0.0000,1.0000,0.0000,0.0000,0.0000,1.0000),
      ["RightUpperLeg"] = CFrame.new(0.0000,0.0000,0.0000,1.0000,0.0000,0.0000,0.0000,1.0000,0.0000,0.0000,0.0000,1.0000),
      ["RightLowerLeg"] = CFrame.new(0.0000,0.0000,0.0000,1.0000,0.0000,0.0000,0.0000,1.0000,0.0000,0.0000,0.0000,1.0000),
      ["RightFoot"] = CFrame.new(0.0000,0.0000,0.0000,1.0000,0.0000,0.0000,0.0000,1.0000,0.0000,0.0000,0.0000,1.0000),
    }},
    {Time = 6.400, Data = {
      ["HumanoidRootPart"] = CFrame.new(0.0000,0.0000,0.0000,1.0000,0.0000,0.0000,0.0000,1.0000,0.0000,0.0000,0.0000,1.0000),
      ["LowerTorso"] = CFrame.new(0.0000,0.0000,0.0000,1.0000,0.0000,0.0000,0.0000,1.0000,0.0000,0.0000,0.0000,1.0000),
      ["LeftUpperLeg"] = CFrame.new(0.0000,0.0000,0.0000,1.0000,0.0000,0.0000,0.0000,1.0000,0.0000,0.0000,0.0000,1.0000),
      ["LeftLowerLeg"] = CFrame.new(0.0000,0.0000,0.0000,1.0000,0.0000,0.0000,0.0000,1.0000,0.0000,0.0000,0.0000,1.0000),
      ["LeftFoot"] = CFrame.new(0.0000,0.0000,0.0000,1.0000,0.0000,0.0000,0.0000,1.0000,0.0000,0.0000,0.0000,1.0000),
      ["UpperTorso"] = CFrame.new(0.0000,0.0000,0.0000,1.0000,-0.0000,0.0000,0.0000,1.0000,0.0012,-0.0000,-0.0012,1.0000),
      ["Head"] = CFrame.new(0.0000,-0.0000,-0.0000,1.0000,-0.0000,0.0000,0.0000,0.9995,0.0308,-0.0000,-0.0308,0.9995),
      ["RightUpperArm"] = CFrame.new(0.0000,0.0000,0.0000,1.0000,0.0000,-0.0000,-0.0000,1.0000,-0.0000,0.0000,0.0000,1.0000),
      ["RightLowerArm"] = CFrame.new(-0.0000,0.0000,0.0000,1.0000,-0.0000,0.0000,0.0000,1.0000,-0.0000,0.0000,0.0000,1.0000),
      ["RightHand"] = CFrame.new(0.0000,0.0000,0.0000,1.0000,-0.0000,0.0000,0.0000,1.0000,-0.0000,0.0000,0.0000,1.0000),
      ["LeftUpperArm"] = CFrame.new(0.0000,0.0000,0.0000,1.0000,-0.0000,0.0000,0.0000,1.0000,0.0000,-0.0000,-0.0000,1.0000),
      ["LeftLowerArm"] = CFrame.new(0.0000,0.0000,0.0000,1.0000,0.0000,0.0000,0.0000,1.0000,0.0000,0.0000,0.0000,1.0000),
      ["LeftHand"] = CFrame.new(0.0000,0.0000,0.0000,1.0000,0.0000,0.0000,0.0000,1.0000,0.0000,0.0000,0.0000,1.0000),
      ["RightUpperLeg"] = CFrame.new(0.0000,0.0000,0.0000,1.0000,0.0000,0.0000,0.0000,1.0000,0.0000,0.0000,0.0000,1.0000),
      ["RightLowerLeg"] = CFrame.new(0.0000,0.0000,0.0000,1.0000,0.0000,0.0000,0.0000,1.0000,0.0000,0.0000,0.0000,1.0000),
      ["RightFoot"] = CFrame.new(0.0000,0.0000,0.0000,1.0000,0.0000,0.0000,0.0000,1.0000,0.0000,0.0000,0.0000,1.0000),
    }},
    {Time = 6.433, Data = {
      ["HumanoidRootPart"] = CFrame.new(0.0000,0.0000,0.0000,1.0000,0.0000,0.0000,0.0000,1.0000,0.0000,0.0000,0.0000,1.0000),
      ["LowerTorso"] = CFrame.new(0.0000,0.0000,0.0000,1.0000,0.0000,0.0000,0.0000,1.0000,0.0000,0.0000,0.0000,1.0000),
      ["LeftUpperLeg"] = CFrame.new(0.0000,0.0000,0.0000,1.0000,0.0000,0.0000,0.0000,1.0000,0.0000,0.0000,0.0000,1.0000),
      ["LeftLowerLeg"] = CFrame.new(0.0000,0.0000,0.0000,1.0000,0.0000,0.0000,0.0000,1.0000,0.0000,0.0000,0.0000,1.0000),
      ["LeftFoot"] = CFrame.new(0.0000,0.0000,0.0000,1.0000,0.0000,0.0000,0.0000,1.0000,0.0000,0.0000,0.0000,1.0000),
      ["UpperTorso"] = CFrame.new(0.0000,0.0000,0.0000,1.0000,-0.0000,0.0000,0.0000,1.0000,0.0010,-0.0000,-0.0010,1.0000),
      ["Head"] = CFrame.new(0.0000,-0.0000,-0.0000,1.0000,-0.0000,0.0000,0.0000,0.9995,0.0326,-0.0000,-0.0326,0.9995),
      ["RightUpperArm"] = CFrame.new(0.0000,0.0000,0.0000,1.0000,0.0000,-0.0000,-0.0000,1.0000,-0.0000,0.0000,0.0000,1.0000),
      ["RightLowerArm"] = CFrame.new(-0.0000,0.0000,0.0000,1.0000,-0.0000,0.0000,0.0000,1.0000,-0.0000,0.0000,0.0000,1.0000),
      ["RightHand"] = CFrame.new(0.0000,0.0000,0.0000,1.0000,-0.0000,0.0000,0.0000,1.0000,-0.0000,0.0000,0.0000,1.0000),
      ["LeftUpperArm"] = CFrame.new(0.0000,0.0000,0.0000,1.0000,-0.0000,0.0000,0.0000,1.0000,0.0000,-0.0000,-0.0000,1.0000),
      ["LeftLowerArm"] = CFrame.new(0.0000,0.0000,0.0000,1.0000,0.0000,0.0000,0.0000,1.0000,0.0000,0.0000,0.0000,1.0000),
      ["LeftHand"] = CFrame.new(0.0000,0.0000,0.0000,1.0000,0.0000,0.0000,0.0000,1.0000,0.0000,0.0000,0.0000,1.0000),
      ["RightUpperLeg"] = CFrame.new(0.0000,0.0000,0.0000,1.0000,0.0000,0.0000,0.0000,1.0000,0.0000,0.0000,0.0000,1.0000),
      ["RightLowerLeg"] = CFrame.new(0.0000,0.0000,0.0000,1.0000,0.0000,0.0000,0.0000,1.0000,0.0000,0.0000,0.0000,1.0000),
      ["RightFoot"] = CFrame.new(0.0000,0.0000,0.0000,1.0000,0.0000,0.0000,0.0000,1.0000,0.0000,0.0000,0.0000,1.0000),
    }},
    {Time = 6.467, Data = {
      ["HumanoidRootPart"] = CFrame.new(0.0000,0.0000,0.0000,1.0000,0.0000,0.0000,0.0000,1.0000,0.0000,0.0000,0.0000,1.0000),
      ["LowerTorso"] = CFrame.new(0.0000,0.0000,0.0000,1.0000,0.0000,0.0000,0.0000,1.0000,0.0000,0.0000,0.0000,1.0000),
      ["LeftUpperLeg"] = CFrame.new(0.0000,0.0000,0.0000,1.0000,0.0000,0.0000,0.0000,1.0000,0.0000,0.0000,0.0000,1.0000),
      ["LeftLowerLeg"] = CFrame.new(0.0000,0.0000,0.0000,1.0000,0.0000,0.0000,0.0000,1.0000,0.0000,0.0000,0.0000,1.0000),
      ["LeftFoot"] = CFrame.new(0.0000,0.0000,0.0000,1.0000,0.0000,0.0000,0.0000,1.0000,0.0000,0.0000,0.0000,1.0000),
      ["UpperTorso"] = CFrame.new(0.0000,0.0000,0.0000,1.0000,-0.0000,0.0000,0.0000,1.0000,0.0009,-0.0000,-0.0009,1.0000),
      ["Head"] = CFrame.new(0.0000,-0.0000,-0.0000,1.0000,-0.0000,0.0000,0.0000,0.9994,0.0344,-0.0000,-0.0344,0.9994),
      ["RightUpperArm"] = CFrame.new(0.0000,0.0000,0.0000,1.0000,0.0000,-0.0000,-0.0000,1.0000,-0.0000,0.0000,0.0000,1.0000),
      ["RightLowerArm"] = CFrame.new(-0.0000,0.0000,0.0000,1.0000,-0.0000,0.0000,0.0000,1.0000,-0.0000,0.0000,0.0000,1.0000),
      ["RightHand"] = CFrame.new(0.0000,0.0000,0.0000,1.0000,-0.0000,0.0000,0.0000,1.0000,-0.0000,0.0000,0.0000,1.0000),
      ["LeftUpperArm"] = CFrame.new(0.0000,0.0000,0.0000,1.0000,-0.0000,0.0000,0.0000,1.0000,0.0000,-0.0000,-0.0000,1.0000),
      ["LeftLowerArm"] = CFrame.new(0.0000,0.0000,0.0000,1.0000,0.0000,0.0000,0.0000,1.0000,0.0000,0.0000,0.0000,1.0000),
      ["LeftHand"] = CFrame.new(0.0000,0.0000,0.0000,1.0000,0.0000,0.0000,0.0000,1.0000,0.0000,0.0000,0.0000,1.0000),
      ["RightUpperLeg"] = CFrame.new(0.0000,0.0000,0.0000,1.0000,0.0000,0.0000,0.0000,1.0000,0.0000,0.0000,0.0000,1.0000),
      ["RightLowerLeg"] = CFrame.new(0.0000,0.0000,0.0000,1.0000,0.0000,0.0000,0.0000,1.0000,0.0000,0.0000,0.0000,1.0000),
      ["RightFoot"] = CFrame.new(0.0000,0.0000,0.0000,1.0000,0.0000,0.0000,0.0000,1.0000,0.0000,0.0000,0.0000,1.0000),
    }},
    {Time = 6.500, Data = {
      ["HumanoidRootPart"] = CFrame.new(0.0000,0.0000,0.0000,1.0000,0.0000,0.0000,0.0000,1.0000,0.0000,0.0000,0.0000,1.0000),
      ["LowerTorso"] = CFrame.new(0.0000,0.0000,0.0000,1.0000,0.0000,0.0000,0.0000,1.0000,0.0000,0.0000,0.0000,1.0000),
      ["LeftUpperLeg"] = CFrame.new(0.0000,0.0000,0.0000,1.0000,0.0000,0.0000,0.0000,1.0000,0.0000,0.0000,0.0000,1.0000),
      ["LeftLowerLeg"] = CFrame.new(0.0000,0.0000,0.0000,1.0000,0.0000,0.0000,0.0000,1.0000,0.0000,0.0000,0.0000,1.0000),
      ["LeftFoot"] = CFrame.new(0.0000,0.0000,0.0000,1.0000,0.0000,0.0000,0.0000,1.0000,0.0000,0.0000,0.0000,1.0000),
      ["UpperTorso"] = CFrame.new(0.0000,0.0000,0.0000,1.0000,-0.0000,0.0000,0.0000,1.0000,0.0007,-0.0000,-0.0007,1.0000),
      ["Head"] = CFrame.new(0.0000,-0.0000,-0.0000,1.0000,-0.0000,0.0000,0.0000,0.9993,0.0362,-0.0000,-0.0362,0.9993),
      ["RightUpperArm"] = CFrame.new(0.0000,0.0000,0.0000,1.0000,0.0000,-0.0000,-0.0000,1.0000,-0.0000,0.0000,0.0000,1.0000),
      ["RightLowerArm"] = CFrame.new(-0.0000,0.0000,0.0000,1.0000,-0.0000,0.0000,0.0000,1.0000,-0.0000,0.0000,0.0000,1.0000),
      ["RightHand"] = CFrame.new(0.0000,0.0000,0.0000,1.0000,-0.0000,0.0000,0.0000,1.0000,-0.0000,0.0000,0.0000,1.0000),
      ["LeftUpperArm"] = CFrame.new(0.0000,0.0000,0.0000,1.0000,-0.0000,0.0000,0.0000,1.0000,0.0000,-0.0000,-0.0000,1.0000),
      ["LeftLowerArm"] = CFrame.new(0.0000,0.0000,0.0000,1.0000,0.0000,0.0000,0.0000,1.0000,0.0000,0.0000,0.0000,1.0000),
      ["LeftHand"] = CFrame.new(0.0000,0.0000,0.0000,1.0000,0.0000,0.0000,0.0000,1.0000,0.0000,0.0000,0.0000,1.0000),
      ["RightUpperLeg"] = CFrame.new(0.0000,0.0000,0.0000,1.0000,0.0000,0.0000,0.0000,1.0000,0.0000,0.0000,0.0000,1.0000),
      ["RightLowerLeg"] = CFrame.new(0.0000,0.0000,0.0000,1.0000,0.0000,0.0000,0.0000,1.0000,0.0000,0.0000,0.0000,1.0000),
      ["RightFoot"] = CFrame.new(0.0000,0.0000,0.0000,1.0000,0.0000,0.0000,0.0000,1.0000,0.0000,0.0000,0.0000,1.0000),
    }},
    {Time = 6.533, Data = {
      ["HumanoidRootPart"] = CFrame.new(0.0000,0.0000,0.0000,1.0000,0.0000,0.0000,0.0000,1.0000,0.0000,0.0000,0.0000,1.0000),
      ["LowerTorso"] = CFrame.new(0.0000,0.0000,0.0000,1.0000,0.0000,0.0000,0.0000,1.0000,0.0000,0.0000,0.0000,1.0000),
      ["LeftUpperLeg"] = CFrame.new(0.0000,0.0000,0.0000,1.0000,0.0000,0.0000,0.0000,1.0000,0.0000,0.0000,0.0000,1.0000),
      ["LeftLowerLeg"] = CFrame.new(0.0000,0.0000,0.0000,1.0000,0.0000,0.0000,0.0000,1.0000,0.0000,0.0000,0.0000,1.0000),
      ["LeftFoot"] = CFrame.new(0.0000,0.0000,0.0000,1.0000,0.0000,0.0000,0.0000,1.0000,0.0000,0.0000,0.0000,1.0000),
      ["UpperTorso"] = CFrame.new(0.0000,0.0000,0.0000,1.0000,-0.0000,0.0000,0.0000,1.0000,0.0006,-0.0000,-0.0006,1.0000),
      ["Head"] = CFrame.new(0.0000,-0.0000,-0.0000,1.0000,-0.0000,0.0000,0.0000,0.9993,0.0380,-0.0000,-0.0380,0.9993),
      ["RightUpperArm"] = CFrame.new(0.0000,0.0000,0.0000,1.0000,0.0000,-0.0000,-0.0000,1.0000,-0.0000,0.0000,0.0000,1.0000),
      ["RightLowerArm"] = CFrame.new(-0.0000,0.0000,0.0000,1.0000,-0.0000,0.0000,0.0000,1.0000,-0.0000,0.0000,0.0000,1.0000),
      ["RightHand"] = CFrame.new(0.0000,0.0000,0.0000,1.0000,-0.0000,0.0000,0.0000,1.0000,-0.0000,0.0000,0.0000,1.0000),
      ["LeftUpperArm"] = CFrame.new(0.0000,0.0000,0.0000,1.0000,-0.0000,0.0000,0.0000,1.0000,0.0000,-0.0000,-0.0000,1.0000),
      ["LeftLowerArm"] = CFrame.new(0.0000,0.0000,0.0000,1.0000,0.0000,0.0000,0.0000,1.0000,0.0000,0.0000,0.0000,1.0000),
      ["LeftHand"] = CFrame.new(0.0000,0.0000,0.0000,1.0000,0.0000,0.0000,0.0000,1.0000,0.0000,0.0000,0.0000,1.0000),
      ["RightUpperLeg"] = CFrame.new(0.0000,0.0000,0.0000,1.0000,0.0000,0.0000,0.0000,1.0000,0.0000,0.0000,0.0000,1.0000),
      ["RightLowerLeg"] = CFrame.new(0.0000,0.0000,0.0000,1.0000,0.0000,0.0000,0.0000,1.0000,0.0000,0.0000,0.0000,1.0000),
      ["RightFoot"] = CFrame.new(0.0000,0.0000,0.0000,1.0000,0.0000,0.0000,0.0000,1.0000,0.0000,0.0000,0.0000,1.0000),
    }},
    {Time = 6.567, Data = {
      ["HumanoidRootPart"] = CFrame.new(0.0000,0.0000,0.0000,1.0000,0.0000,0.0000,0.0000,1.0000,0.0000,0.0000,0.0000,1.0000),
      ["LowerTorso"] = CFrame.new(0.0000,0.0000,0.0000,1.0000,0.0000,0.0000,0.0000,1.0000,0.0000,0.0000,0.0000,1.0000),
      ["LeftUpperLeg"] = CFrame.new(0.0000,0.0000,0.0000,1.0000,0.0000,0.0000,0.0000,1.0000,0.0000,0.0000,0.0000,1.0000),
      ["LeftLowerLeg"] = CFrame.new(0.0000,0.0000,0.0000,1.0000,0.0000,0.0000,0.0000,1.0000,0.0000,0.0000,0.0000,1.0000),
      ["LeftFoot"] = CFrame.new(0.0000,0.0000,0.0000,1.0000,0.0000,0.0000,0.0000,1.0000,0.0000,0.0000,0.0000,1.0000),
      ["UpperTorso"] = CFrame.new(0.0000,0.0000,0.0000,1.0000,-0.0000,0.0000,0.0000,1.0000,0.0004,-0.0000,-0.0004,1.0000),
      ["Head"] = CFrame.new(0.0000,-0.0000,-0.0000,1.0000,-0.0000,0.0000,0.0000,0.9992,0.0398,-0.0000,-0.0398,0.9992),
      ["RightUpperArm"] = CFrame.new(0.0000,0.0000,0.0000,1.0000,0.0000,-0.0000,-0.0000,1.0000,-0.0000,0.0000,0.0000,1.0000),
      ["RightLowerArm"] = CFrame.new(-0.0000,0.0000,0.0000,1.0000,-0.0000,0.0000,0.0000,1.0000,-0.0000,0.0000,0.0000,1.0000),
      ["RightHand"] = CFrame.new(0.0000,0.0000,0.0000,1.0000,-0.0000,0.0000,0.0000,1.0000,-0.0000,0.0000,0.0000,1.0000),
      ["LeftUpperArm"] = CFrame.new(0.0000,0.0000,0.0000,1.0000,-0.0000,0.0000,0.0000,1.0000,0.0000,-0.0000,-0.0000,1.0000),
      ["LeftLowerArm"] = CFrame.new(0.0000,0.0000,0.0000,1.0000,0.0000,0.0000,0.0000,1.0000,0.0000,0.0000,0.0000,1.0000),
      ["LeftHand"] = CFrame.new(0.0000,0.0000,0.0000,1.0000,0.0000,0.0000,0.0000,1.0000,0.0000,0.0000,0.0000,1.0000),
      ["RightUpperLeg"] = CFrame.new(0.0000,0.0000,0.0000,1.0000,0.0000,0.0000,0.0000,1.0000,0.0000,0.0000,0.0000,1.0000),
      ["RightLowerLeg"] = CFrame.new(0.0000,0.0000,0.0000,1.0000,0.0000,0.0000,0.0000,1.0000,0.0000,0.0000,0.0000,1.0000),
      ["RightFoot"] = CFrame.new(0.0000,0.0000,0.0000,1.0000,0.0000,0.0000,0.0000,1.0000,0.0000,0.0000,0.0000,1.0000),
    }},
    {Time = 6.600, Data = {
      ["HumanoidRootPart"] = CFrame.new(0.0000,0.0000,0.0000,1.0000,0.0000,0.0000,0.0000,1.0000,0.0000,0.0000,0.0000,1.0000),
      ["LowerTorso"] = CFrame.new(0.0000,0.0000,0.0000,1.0000,0.0000,0.0000,0.0000,1.0000,0.0000,0.0000,0.0000,1.0000),
      ["LeftUpperLeg"] = CFrame.new(0.0000,0.0000,0.0000,1.0000,0.0000,0.0000,0.0000,1.0000,0.0000,0.0000,0.0000,1.0000),
      ["LeftLowerLeg"] = CFrame.new(0.0000,0.0000,0.0000,1.0000,0.0000,0.0000,0.0000,1.0000,0.0000,0.0000,0.0000,1.0000),
      ["LeftFoot"] = CFrame.new(0.0000,0.0000,0.0000,1.0000,0.0000,0.0000,0.0000,1.0000,0.0000,0.0000,0.0000,1.0000),
      ["UpperTorso"] = CFrame.new(0.0000,0.0000,0.0000,1.0000,-0.0000,0.0000,0.0000,1.0000,0.0003,-0.0000,-0.0003,1.0000),
      ["Head"] = CFrame.new(0.0000,-0.0000,-0.0000,1.0000,-0.0000,0.0000,0.0000,0.9991,0.0416,-0.0000,-0.0416,0.9991),
      ["RightUpperArm"] = CFrame.new(0.0000,0.0000,0.0000,1.0000,0.0000,-0.0000,-0.0000,1.0000,-0.0000,0.0000,0.0000,1.0000),
      ["RightLowerArm"] = CFrame.new(-0.0000,0.0000,0.0000,1.0000,-0.0000,0.0000,0.0000,1.0000,-0.0000,0.0000,0.0000,1.0000),
      ["RightHand"] = CFrame.new(0.0000,0.0000,0.0000,1.0000,-0.0000,0.0000,0.0000,1.0000,-0.0000,0.0000,0.0000,1.0000),
      ["LeftUpperArm"] = CFrame.new(0.0000,0.0000,0.0000,1.0000,-0.0000,0.0000,0.0000,1.0000,0.0000,-0.0000,-0.0000,1.0000),
      ["LeftLowerArm"] = CFrame.new(0.0000,0.0000,0.0000,1.0000,0.0000,0.0000,0.0000,1.0000,0.0000,0.0000,0.0000,1.0000),
      ["LeftHand"] = CFrame.new(0.0000,0.0000,0.0000,1.0000,0.0000,0.0000,0.0000,1.0000,0.0000,0.0000,0.0000,1.0000),
      ["RightUpperLeg"] = CFrame.new(0.0000,0.0000,0.0000,1.0000,0.0000,0.0000,0.0000,1.0000,0.0000,0.0000,0.0000,1.0000),
      ["RightLowerLeg"] = CFrame.new(0.0000,0.0000,0.0000,1.0000,0.0000,0.0000,0.0000,1.0000,0.0000,0.0000,0.0000,1.0000),
      ["RightFoot"] = CFrame.new(0.0000,0.0000,0.0000,1.0000,0.0000,0.0000,0.0000,1.0000,0.0000,0.0000,0.0000,1.0000),
    }},
    {Time = 6.633, Data = {
      ["HumanoidRootPart"] = CFrame.new(0.0000,0.0000,0.0000,1.0000,0.0000,0.0000,0.0000,1.0000,0.0000,0.0000,0.0000,1.0000),
      ["LowerTorso"] = CFrame.new(0.0000,0.0000,0.0000,1.0000,0.0000,0.0000,0.0000,1.0000,0.0000,0.0000,0.0000,1.0000),
      ["LeftUpperLeg"] = CFrame.new(0.0000,0.0000,0.0000,1.0000,0.0000,0.0000,0.0000,1.0000,0.0000,0.0000,0.0000,1.0000),
      ["LeftLowerLeg"] = CFrame.new(0.0000,0.0000,0.0000,1.0000,0.0000,0.0000,0.0000,1.0000,0.0000,0.0000,0.0000,1.0000),
      ["LeftFoot"] = CFrame.new(0.0000,0.0000,0.0000,1.0000,0.0000,0.0000,0.0000,1.0000,0.0000,0.0000,0.0000,1.0000),
      ["UpperTorso"] = CFrame.new(0.0000,0.0000,0.0000,1.0000,-0.0000,0.0000,0.0000,1.0000,0.0001,-0.0000,-0.0001,1.0000),
      ["Head"] = CFrame.new(0.0000,-0.0000,-0.0000,1.0000,-0.0000,0.0000,0.0000,0.9991,0.0434,-0.0000,-0.0434,0.9991),
      ["RightUpperArm"] = CFrame.new(0.0000,0.0000,0.0000,1.0000,0.0000,-0.0000,-0.0000,1.0000,-0.0000,0.0000,0.0000,1.0000),
      ["RightLowerArm"] = CFrame.new(-0.0000,0.0000,0.0000,1.0000,-0.0000,0.0000,0.0000,1.0000,-0.0000,0.0000,0.0000,1.0000),
      ["RightHand"] = CFrame.new(0.0000,0.0000,0.0000,1.0000,-0.0000,0.0000,0.0000,1.0000,-0.0000,0.0000,0.0000,1.0000),
      ["LeftUpperArm"] = CFrame.new(0.0000,0.0000,0.0000,1.0000,-0.0000,0.0000,0.0000,1.0000,0.0000,-0.0000,-0.0000,1.0000),
      ["LeftLowerArm"] = CFrame.new(0.0000,0.0000,0.0000,1.0000,0.0000,0.0000,0.0000,1.0000,0.0000,0.0000,0.0000,1.0000),
      ["LeftHand"] = CFrame.new(0.0000,0.0000,0.0000,1.0000,0.0000,0.0000,0.0000,1.0000,0.0000,0.0000,0.0000,1.0000),
      ["RightUpperLeg"] = CFrame.new(0.0000,0.0000,0.0000,1.0000,0.0000,0.0000,0.0000,1.0000,0.0000,0.0000,0.0000,1.0000),
      ["RightLowerLeg"] = CFrame.new(0.0000,0.0000,0.0000,1.0000,0.0000,0.0000,0.0000,1.0000,0.0000,0.0000,0.0000,1.0000),
      ["RightFoot"] = CFrame.new(0.0000,0.0000,0.0000,1.0000,0.0000,0.0000,0.0000,1.0000,0.0000,0.0000,0.0000,1.0000),
    }},
    {Time = 6.667, Data = {
      ["HumanoidRootPart"] = CFrame.new(0.0000,0.0000,0.0000,1.0000,0.0000,0.0000,0.0000,1.0000,0.0000,0.0000,0.0000,1.0000),
      ["LowerTorso"] = CFrame.new(0.0000,0.0000,0.0000,1.0000,0.0000,0.0000,0.0000,1.0000,0.0000,0.0000,0.0000,1.0000),
      ["LeftUpperLeg"] = CFrame.new(0.0000,0.0000,0.0000,1.0000,0.0000,0.0000,0.0000,1.0000,0.0000,0.0000,0.0000,1.0000),
      ["LeftLowerLeg"] = CFrame.new(0.0000,0.0000,0.0000,1.0000,0.0000,0.0000,0.0000,1.0000,0.0000,0.0000,0.0000,1.0000),
      ["LeftFoot"] = CFrame.new(0.0000,0.0000,0.0000,1.0000,0.0000,0.0000,0.0000,1.0000,0.0000,0.0000,0.0000,1.0000),
      ["UpperTorso"] = CFrame.new(0.0000,0.0000,0.0000,1.0000,0.0000,0.0000,0.0000,1.0000,0.0000,0.0000,0.0000,1.0000),
      ["Head"] = CFrame.new(0.0000,-0.0000,-0.0000,1.0000,-0.0000,0.0000,0.0000,0.9990,0.0452,-0.0000,-0.0452,0.9990),
      ["RightUpperArm"] = CFrame.new(0.0000,0.0000,0.0000,1.0000,0.0000,-0.0000,-0.0000,1.0000,-0.0000,0.0000,0.0000,1.0000),
      ["RightLowerArm"] = CFrame.new(-0.0000,0.0000,0.0000,1.0000,-0.0000,0.0000,0.0000,1.0000,-0.0000,0.0000,0.0000,1.0000),
      ["RightHand"] = CFrame.new(0.0000,0.0000,0.0000,1.0000,-0.0000,0.0000,0.0000,1.0000,-0.0000,0.0000,0.0000,1.0000),
      ["LeftUpperArm"] = CFrame.new(0.0000,0.0000,0.0000,1.0000,-0.0000,0.0000,0.0000,1.0000,0.0000,-0.0000,-0.0000,1.0000),
      ["LeftLowerArm"] = CFrame.new(0.0000,0.0000,0.0000,1.0000,0.0000,0.0000,0.0000,1.0000,0.0000,0.0000,0.0000,1.0000),
      ["LeftHand"] = CFrame.new(0.0000,0.0000,0.0000,1.0000,0.0000,0.0000,0.0000,1.0000,0.0000,0.0000,0.0000,1.0000),
      ["RightUpperLeg"] = CFrame.new(0.0000,0.0000,0.0000,1.0000,0.0000,0.0000,0.0000,1.0000,0.0000,0.0000,0.0000,1.0000),
      ["RightLowerLeg"] = CFrame.new(0.0000,0.0000,0.0000,1.0000,0.0000,0.0000,0.0000,1.0000,0.0000,0.0000,0.0000,1.0000),
      ["RightFoot"] = CFrame.new(0.0000,0.0000,0.0000,1.0000,0.0000,0.0000,0.0000,1.0000,0.0000,0.0000,0.0000,1.0000),
    }},
    {Time = 6.700, Data = {
      ["HumanoidRootPart"] = CFrame.new(0.0000,0.0000,0.0000,1.0000,0.0000,0.0000,0.0000,1.0000,0.0000,0.0000,0.0000,1.0000),
      ["LowerTorso"] = CFrame.new(0.0000,0.0000,0.0000,1.0000,0.0000,0.0000,0.0000,1.0000,0.0000,0.0000,0.0000,1.0000),
      ["LeftUpperLeg"] = CFrame.new(0.0000,0.0000,0.0000,1.0000,0.0000,0.0000,0.0000,1.0000,0.0000,0.0000,0.0000,1.0000),
      ["LeftLowerLeg"] = CFrame.new(0.0000,0.0000,0.0000,1.0000,0.0000,0.0000,0.0000,1.0000,0.0000,0.0000,0.0000,1.0000),
      ["LeftFoot"] = CFrame.new(0.0000,0.0000,0.0000,1.0000,0.0000,0.0000,0.0000,1.0000,0.0000,0.0000,0.0000,1.0000),
      ["UpperTorso"] = CFrame.new(0.0000,0.0000,0.0000,1.0000,0.0000,0.0000,0.0000,1.0000,0.0000,0.0000,0.0000,1.0000),
      ["Head"] = CFrame.new(0.0000,-0.0000,-0.0000,1.0000,-0.0000,0.0000,0.0000,0.9990,0.0441,-0.0000,-0.0441,0.9990),
      ["RightUpperArm"] = CFrame.new(0.0000,0.0000,0.0000,1.0000,0.0000,-0.0000,-0.0000,1.0000,-0.0000,0.0000,0.0000,1.0000),
      ["RightLowerArm"] = CFrame.new(-0.0000,0.0000,0.0000,1.0000,-0.0000,0.0000,0.0000,1.0000,-0.0000,0.0000,0.0000,1.0000),
      ["RightHand"] = CFrame.new(0.0000,0.0000,0.0000,1.0000,-0.0000,0.0000,0.0000,1.0000,-0.0000,0.0000,0.0000,1.0000),
      ["LeftUpperArm"] = CFrame.new(0.0000,0.0000,0.0000,1.0000,-0.0000,0.0000,0.0000,1.0000,0.0000,-0.0000,-0.0000,1.0000),
      ["LeftLowerArm"] = CFrame.new(0.0000,0.0000,0.0000,1.0000,0.0000,0.0000,0.0000,1.0000,0.0000,0.0000,0.0000,1.0000),
      ["LeftHand"] = CFrame.new(0.0000,0.0000,0.0000,1.0000,0.0000,0.0000,0.0000,1.0000,0.0000,0.0000,0.0000,1.0000),
      ["RightUpperLeg"] = CFrame.new(0.0000,0.0000,0.0000,1.0000,0.0000,0.0000,0.0000,1.0000,0.0000,0.0000,0.0000,1.0000),
      ["RightLowerLeg"] = CFrame.new(0.0000,0.0000,0.0000,1.0000,0.0000,0.0000,0.0000,1.0000,0.0000,0.0000,0.0000,1.0000),
      ["RightFoot"] = CFrame.new(0.0000,0.0000,0.0000,1.0000,0.0000,0.0000,0.0000,1.0000,0.0000,0.0000,0.0000,1.0000),
    }},
    {Time = 6.733, Data = {
      ["HumanoidRootPart"] = CFrame.new(0.0000,0.0000,0.0000,1.0000,0.0000,0.0000,0.0000,1.0000,0.0000,0.0000,0.0000,1.0000),
      ["LowerTorso"] = CFrame.new(0.0000,0.0000,0.0000,1.0000,0.0000,0.0000,0.0000,1.0000,0.0000,0.0000,0.0000,1.0000),
      ["LeftUpperLeg"] = CFrame.new(0.0000,0.0000,0.0000,1.0000,0.0000,0.0000,0.0000,1.0000,0.0000,0.0000,0.0000,1.0000),
      ["LeftLowerLeg"] = CFrame.new(0.0000,0.0000,0.0000,1.0000,0.0000,0.0000,0.0000,1.0000,0.0000,0.0000,0.0000,1.0000),
      ["LeftFoot"] = CFrame.new(0.0000,0.0000,0.0000,1.0000,0.0000,0.0000,0.0000,1.0000,0.0000,0.0000,0.0000,1.0000),
      ["UpperTorso"] = CFrame.new(0.0000,0.0000,0.0000,1.0000,0.0000,0.0000,0.0000,1.0000,0.0000,0.0000,0.0000,1.0000),
      ["Head"] = CFrame.new(0.0000,-0.0000,-0.0000,1.0000,-0.0000,0.0000,0.0000,0.9992,0.0409,-0.0000,-0.0409,0.9992),
      ["RightUpperArm"] = CFrame.new(0.0000,0.0000,0.0000,1.0000,0.0000,-0.0000,-0.0000,1.0000,-0.0000,0.0000,0.0000,1.0000),
      ["RightLowerArm"] = CFrame.new(-0.0000,0.0000,0.0000,1.0000,-0.0000,0.0000,0.0000,1.0000,-0.0000,0.0000,0.0000,1.0000),
      ["RightHand"] = CFrame.new(0.0000,0.0000,0.0000,1.0000,-0.0000,0.0000,0.0000,1.0000,-0.0000,0.0000,0.0000,1.0000),
      ["LeftUpperArm"] = CFrame.new(0.0000,0.0000,0.0000,1.0000,-0.0000,0.0000,0.0000,1.0000,0.0000,-0.0000,-0.0000,1.0000),
      ["LeftLowerArm"] = CFrame.new(0.0000,0.0000,0.0000,1.0000,0.0000,0.0000,0.0000,1.0000,0.0000,0.0000,0.0000,1.0000),
      ["LeftHand"] = CFrame.new(0.0000,0.0000,0.0000,1.0000,0.0000,0.0000,0.0000,1.0000,0.0000,0.0000,0.0000,1.0000),
      ["RightUpperLeg"] = CFrame.new(0.0000,0.0000,0.0000,1.0000,0.0000,0.0000,0.0000,1.0000,0.0000,0.0000,0.0000,1.0000),
      ["RightLowerLeg"] = CFrame.new(0.0000,0.0000,0.0000,1.0000,0.0000,0.0000,0.0000,1.0000,0.0000,0.0000,0.0000,1.0000),
      ["RightFoot"] = CFrame.new(0.0000,0.0000,0.0000,1.0000,0.0000,0.0000,0.0000,1.0000,0.0000,0.0000,0.0000,1.0000),
    }},
    {Time = 6.767, Data = {
      ["HumanoidRootPart"] = CFrame.new(0.0000,0.0000,0.0000,1.0000,0.0000,0.0000,0.0000,1.0000,0.0000,0.0000,0.0000,1.0000),
      ["LowerTorso"] = CFrame.new(0.0000,0.0000,0.0000,1.0000,0.0000,0.0000,0.0000,1.0000,0.0000,0.0000,0.0000,1.0000),
      ["LeftUpperLeg"] = CFrame.new(0.0000,0.0000,0.0000,1.0000,0.0000,0.0000,0.0000,1.0000,0.0000,0.0000,0.0000,1.0000),
      ["LeftLowerLeg"] = CFrame.new(0.0000,0.0000,0.0000,1.0000,0.0000,0.0000,0.0000,1.0000,0.0000,0.0000,0.0000,1.0000),
      ["LeftFoot"] = CFrame.new(0.0000,0.0000,0.0000,1.0000,0.0000,0.0000,0.0000,1.0000,0.0000,0.0000,0.0000,1.0000),
      ["UpperTorso"] = CFrame.new(0.0000,0.0000,0.0000,1.0000,0.0000,0.0000,0.0000,1.0000,0.0000,0.0000,0.0000,1.0000),
      ["Head"] = CFrame.new(0.0000,-0.0000,-0.0000,1.0000,-0.0000,0.0000,0.0000,0.9994,0.0359,-0.0000,-0.0359,0.9994),
      ["RightUpperArm"] = CFrame.new(0.0000,0.0000,0.0000,1.0000,0.0000,-0.0000,-0.0000,1.0000,-0.0000,0.0000,0.0000,1.0000),
      ["RightLowerArm"] = CFrame.new(-0.0000,0.0000,0.0000,1.0000,-0.0000,0.0000,0.0000,1.0000,-0.0000,0.0000,0.0000,1.0000),
      ["RightHand"] = CFrame.new(0.0000,0.0000,0.0000,1.0000,-0.0000,0.0000,0.0000,1.0000,-0.0000,0.0000,0.0000,1.0000),
      ["LeftUpperArm"] = CFrame.new(0.0000,0.0000,0.0000,1.0000,-0.0000,0.0000,0.0000,1.0000,0.0000,-0.0000,-0.0000,1.0000),
      ["LeftLowerArm"] = CFrame.new(0.0000,0.0000,0.0000,1.0000,0.0000,0.0000,0.0000,1.0000,0.0000,0.0000,0.0000,1.0000),
      ["LeftHand"] = CFrame.new(0.0000,0.0000,0.0000,1.0000,0.0000,0.0000,0.0000,1.0000,0.0000,0.0000,0.0000,1.0000),
      ["RightUpperLeg"] = CFrame.new(0.0000,0.0000,0.0000,1.0000,0.0000,0.0000,0.0000,1.0000,0.0000,0.0000,0.0000,1.0000),
      ["RightLowerLeg"] = CFrame.new(0.0000,0.0000,0.0000,1.0000,0.0000,0.0000,0.0000,1.0000,0.0000,0.0000,0.0000,1.0000),
      ["RightFoot"] = CFrame.new(0.0000,0.0000,0.0000,1.0000,0.0000,0.0000,0.0000,1.0000,0.0000,0.0000,0.0000,1.0000),
    }},
    {Time = 6.800, Data = {
      ["HumanoidRootPart"] = CFrame.new(0.0000,0.0000,0.0000,1.0000,0.0000,0.0000,0.0000,1.0000,0.0000,0.0000,0.0000,1.0000),
      ["LowerTorso"] = CFrame.new(0.0000,0.0000,0.0000,1.0000,0.0000,0.0000,0.0000,1.0000,0.0000,0.0000,0.0000,1.0000),
      ["LeftUpperLeg"] = CFrame.new(0.0000,0.0000,0.0000,1.0000,0.0000,0.0000,0.0000,1.0000,0.0000,0.0000,0.0000,1.0000),
      ["LeftLowerLeg"] = CFrame.new(0.0000,0.0000,0.0000,1.0000,0.0000,0.0000,0.0000,1.0000,0.0000,0.0000,0.0000,1.0000),
      ["LeftFoot"] = CFrame.new(0.0000,0.0000,0.0000,1.0000,0.0000,0.0000,0.0000,1.0000,0.0000,0.0000,0.0000,1.0000),
      ["UpperTorso"] = CFrame.new(0.0000,0.0000,0.0000,1.0000,0.0000,0.0000,0.0000,1.0000,0.0000,0.0000,0.0000,1.0000),
      ["Head"] = CFrame.new(0.0000,-0.0000,-0.0000,1.0000,-0.0000,0.0000,0.0000,0.9996,0.0296,-0.0000,-0.0296,0.9996),
      ["RightUpperArm"] = CFrame.new(0.0000,0.0000,0.0000,1.0000,0.0000,-0.0000,-0.0000,1.0000,-0.0000,0.0000,0.0000,1.0000),
      ["RightLowerArm"] = CFrame.new(-0.0000,0.0000,0.0000,1.0000,-0.0000,0.0000,0.0000,1.0000,-0.0000,0.0000,0.0000,1.0000),
      ["RightHand"] = CFrame.new(0.0000,0.0000,0.0000,1.0000,-0.0000,0.0000,0.0000,1.0000,-0.0000,0.0000,0.0000,1.0000),
      ["LeftUpperArm"] = CFrame.new(0.0000,0.0000,0.0000,1.0000,-0.0000,0.0000,0.0000,1.0000,0.0000,-0.0000,-0.0000,1.0000),
      ["LeftLowerArm"] = CFrame.new(0.0000,0.0000,0.0000,1.0000,0.0000,0.0000,0.0000,1.0000,0.0000,0.0000,0.0000,1.0000),
      ["LeftHand"] = CFrame.new(0.0000,0.0000,0.0000,1.0000,0.0000,0.0000,0.0000,1.0000,0.0000,0.0000,0.0000,1.0000),
      ["RightUpperLeg"] = CFrame.new(0.0000,0.0000,0.0000,1.0000,0.0000,0.0000,0.0000,1.0000,0.0000,0.0000,0.0000,1.0000),
      ["RightLowerLeg"] = CFrame.new(0.0000,0.0000,0.0000,1.0000,0.0000,0.0000,0.0000,1.0000,0.0000,0.0000,0.0000,1.0000),
      ["RightFoot"] = CFrame.new(0.0000,0.0000,0.0000,1.0000,0.0000,0.0000,0.0000,1.0000,0.0000,0.0000,0.0000,1.0000),
    }},
    {Time = 6.833, Data = {
      ["HumanoidRootPart"] = CFrame.new(0.0000,0.0000,0.0000,1.0000,0.0000,0.0000,0.0000,1.0000,0.0000,0.0000,0.0000,1.0000),
      ["LowerTorso"] = CFrame.new(0.0000,0.0000,0.0000,1.0000,0.0000,0.0000,0.0000,1.0000,0.0000,0.0000,0.0000,1.0000),
      ["LeftUpperLeg"] = CFrame.new(0.0000,0.0000,0.0000,1.0000,0.0000,0.0000,0.0000,1.0000,0.0000,0.0000,0.0000,1.0000),
      ["LeftLowerLeg"] = CFrame.new(0.0000,0.0000,0.0000,1.0000,0.0000,0.0000,0.0000,1.0000,0.0000,0.0000,0.0000,1.0000),
      ["LeftFoot"] = CFrame.new(0.0000,0.0000,0.0000,1.0000,0.0000,0.0000,0.0000,1.0000,0.0000,0.0000,0.0000,1.0000),
      ["UpperTorso"] = CFrame.new(0.0000,0.0000,0.0000,1.0000,0.0000,0.0000,0.0000,1.0000,0.0000,0.0000,0.0000,1.0000),
      ["Head"] = CFrame.new(0.0000,-0.0000,-0.0000,1.0000,-0.0000,0.0000,0.0000,0.9997,0.0226,-0.0000,-0.0226,0.9997),
      ["RightUpperArm"] = CFrame.new(0.0000,0.0000,0.0000,1.0000,0.0000,-0.0000,-0.0000,1.0000,-0.0000,0.0000,0.0000,1.0000),
      ["RightLowerArm"] = CFrame.new(-0.0000,0.0000,0.0000,1.0000,-0.0000,0.0000,0.0000,1.0000,-0.0000,0.0000,0.0000,1.0000),
      ["RightHand"] = CFrame.new(0.0000,0.0000,0.0000,1.0000,-0.0000,0.0000,0.0000,1.0000,-0.0000,0.0000,0.0000,1.0000),
      ["LeftUpperArm"] = CFrame.new(0.0000,0.0000,0.0000,1.0000,-0.0000,0.0000,0.0000,1.0000,0.0000,-0.0000,-0.0000,1.0000),
      ["LeftLowerArm"] = CFrame.new(0.0000,0.0000,0.0000,1.0000,0.0000,0.0000,0.0000,1.0000,0.0000,0.0000,0.0000,1.0000),
      ["LeftHand"] = CFrame.new(0.0000,0.0000,0.0000,1.0000,0.0000,0.0000,0.0000,1.0000,0.0000,0.0000,0.0000,1.0000),
      ["RightUpperLeg"] = CFrame.new(0.0000,0.0000,0.0000,1.0000,0.0000,0.0000,0.0000,1.0000,0.0000,0.0000,0.0000,1.0000),
      ["RightLowerLeg"] = CFrame.new(0.0000,0.0000,0.0000,1.0000,0.0000,0.0000,0.0000,1.0000,0.0000,0.0000,0.0000,1.0000),
      ["RightFoot"] = CFrame.new(0.0000,0.0000,0.0000,1.0000,0.0000,0.0000,0.0000,1.0000,0.0000,0.0000,0.0000,1.0000),
    }},
    {Time = 6.867, Data = {
      ["HumanoidRootPart"] = CFrame.new(0.0000,0.0000,0.0000,1.0000,0.0000,0.0000,0.0000,1.0000,0.0000,0.0000,0.0000,1.0000),
      ["LowerTorso"] = CFrame.new(0.0000,0.0000,0.0000,1.0000,0.0000,0.0000,0.0000,1.0000,0.0000,0.0000,0.0000,1.0000),
      ["LeftUpperLeg"] = CFrame.new(0.0000,0.0000,0.0000,1.0000,0.0000,0.0000,0.0000,1.0000,0.0000,0.0000,0.0000,1.0000),
      ["LeftLowerLeg"] = CFrame.new(0.0000,0.0000,0.0000,1.0000,0.0000,0.0000,0.0000,1.0000,0.0000,0.0000,0.0000,1.0000),
      ["LeftFoot"] = CFrame.new(0.0000,0.0000,0.0000,1.0000,0.0000,0.0000,0.0000,1.0000,0.0000,0.0000,0.0000,1.0000),
      ["UpperTorso"] = CFrame.new(0.0000,0.0000,0.0000,1.0000,0.0000,0.0000,0.0000,1.0000,0.0000,0.0000,0.0000,1.0000),
      ["Head"] = CFrame.new(0.0000,-0.0000,-0.0000,1.0000,-0.0000,0.0000,0.0000,0.9999,0.0156,-0.0000,-0.0156,0.9999),
      ["RightUpperArm"] = CFrame.new(0.0000,0.0000,0.0000,1.0000,0.0000,-0.0000,-0.0000,1.0000,-0.0000,0.0000,0.0000,1.0000),
      ["RightLowerArm"] = CFrame.new(-0.0000,0.0000,0.0000,1.0000,-0.0000,0.0000,0.0000,1.0000,-0.0000,0.0000,0.0000,1.0000),
      ["RightHand"] = CFrame.new(0.0000,0.0000,0.0000,1.0000,-0.0000,0.0000,0.0000,1.0000,-0.0000,0.0000,0.0000,1.0000),
      ["LeftUpperArm"] = CFrame.new(0.0000,0.0000,0.0000,1.0000,-0.0000,0.0000,0.0000,1.0000,0.0000,-0.0000,-0.0000,1.0000),
      ["LeftLowerArm"] = CFrame.new(0.0000,0.0000,0.0000,1.0000,0.0000,0.0000,0.0000,1.0000,0.0000,0.0000,0.0000,1.0000),
      ["LeftHand"] = CFrame.new(0.0000,0.0000,0.0000,1.0000,0.0000,0.0000,0.0000,1.0000,0.0000,0.0000,0.0000,1.0000),
      ["RightUpperLeg"] = CFrame.new(0.0000,0.0000,0.0000,1.0000,0.0000,0.0000,0.0000,1.0000,0.0000,0.0000,0.0000,1.0000),
      ["RightLowerLeg"] = CFrame.new(0.0000,0.0000,0.0000,1.0000,0.0000,0.0000,0.0000,1.0000,0.0000,0.0000,0.0000,1.0000),
      ["RightFoot"] = CFrame.new(0.0000,0.0000,0.0000,1.0000,0.0000,0.0000,0.0000,1.0000,0.0000,0.0000,0.0000,1.0000),
    }},
    {Time = 6.900, Data = {
      ["HumanoidRootPart"] = CFrame.new(0.0000,0.0000,0.0000,1.0000,0.0000,0.0000,0.0000,1.0000,0.0000,0.0000,0.0000,1.0000),
      ["LowerTorso"] = CFrame.new(0.0000,0.0000,0.0000,1.0000,0.0000,0.0000,0.0000,1.0000,0.0000,0.0000,0.0000,1.0000),
      ["LeftUpperLeg"] = CFrame.new(0.0000,0.0000,0.0000,1.0000,0.0000,0.0000,0.0000,1.0000,0.0000,0.0000,0.0000,1.0000),
      ["LeftLowerLeg"] = CFrame.new(0.0000,0.0000,0.0000,1.0000,0.0000,0.0000,0.0000,1.0000,0.0000,0.0000,0.0000,1.0000),
      ["LeftFoot"] = CFrame.new(0.0000,0.0000,0.0000,1.0000,0.0000,0.0000,0.0000,1.0000,0.0000,0.0000,0.0000,1.0000),
      ["UpperTorso"] = CFrame.new(0.0000,0.0000,0.0000,1.0000,0.0000,0.0000,0.0000,1.0000,0.0000,0.0000,0.0000,1.0000),
      ["Head"] = CFrame.new(0.0000,-0.0000,-0.0000,1.0000,-0.0000,0.0000,0.0000,1.0000,0.0093,-0.0000,-0.0093,1.0000),
      ["RightUpperArm"] = CFrame.new(0.0000,0.0000,0.0000,1.0000,0.0000,-0.0000,-0.0000,1.0000,-0.0000,0.0000,0.0000,1.0000),
      ["RightLowerArm"] = CFrame.new(-0.0000,0.0000,0.0000,1.0000,-0.0000,0.0000,0.0000,1.0000,-0.0000,0.0000,0.0000,1.0000),
      ["RightHand"] = CFrame.new(0.0000,0.0000,0.0000,1.0000,-0.0000,0.0000,0.0000,1.0000,-0.0000,0.0000,0.0000,1.0000),
      ["LeftUpperArm"] = CFrame.new(0.0000,0.0000,0.0000,1.0000,-0.0000,0.0000,0.0000,1.0000,0.0000,-0.0000,-0.0000,1.0000),
      ["LeftLowerArm"] = CFrame.new(0.0000,0.0000,0.0000,1.0000,0.0000,0.0000,0.0000,1.0000,0.0000,0.0000,0.0000,1.0000),
      ["LeftHand"] = CFrame.new(0.0000,0.0000,0.0000,1.0000,0.0000,0.0000,0.0000,1.0000,0.0000,0.0000,0.0000,1.0000),
      ["RightUpperLeg"] = CFrame.new(0.0000,0.0000,0.0000,1.0000,0.0000,0.0000,0.0000,1.0000,0.0000,0.0000,0.0000,1.0000),
      ["RightLowerLeg"] = CFrame.new(0.0000,0.0000,0.0000,1.0000,0.0000,0.0000,0.0000,1.0000,0.0000,0.0000,0.0000,1.0000),
      ["RightFoot"] = CFrame.new(0.0000,0.0000,0.0000,1.0000,0.0000,0.0000,0.0000,1.0000,0.0000,0.0000,0.0000,1.0000),
    }},
    {Time = 6.933, Data = {
      ["HumanoidRootPart"] = CFrame.new(0.0000,0.0000,0.0000,1.0000,0.0000,0.0000,0.0000,1.0000,0.0000,0.0000,0.0000,1.0000),
      ["LowerTorso"] = CFrame.new(0.0000,0.0000,0.0000,1.0000,0.0000,0.0000,0.0000,1.0000,0.0000,0.0000,0.0000,1.0000),
      ["LeftUpperLeg"] = CFrame.new(0.0000,0.0000,0.0000,1.0000,0.0000,0.0000,0.0000,1.0000,0.0000,0.0000,0.0000,1.0000),
      ["LeftLowerLeg"] = CFrame.new(0.0000,0.0000,0.0000,1.0000,0.0000,0.0000,0.0000,1.0000,0.0000,0.0000,0.0000,1.0000),
      ["LeftFoot"] = CFrame.new(0.0000,0.0000,0.0000,1.0000,0.0000,0.0000,0.0000,1.0000,0.0000,0.0000,0.0000,1.0000),
      ["UpperTorso"] = CFrame.new(0.0000,0.0000,0.0000,1.0000,0.0000,0.0000,0.0000,1.0000,0.0000,0.0000,0.0000,1.0000),
      ["Head"] = CFrame.new(0.0000,-0.0000,-0.0000,1.0000,-0.0000,0.0000,0.0000,1.0000,0.0043,-0.0000,-0.0043,1.0000),
      ["RightUpperArm"] = CFrame.new(0.0000,0.0000,0.0000,1.0000,0.0000,-0.0000,-0.0000,1.0000,-0.0000,0.0000,0.0000,1.0000),
      ["RightLowerArm"] = CFrame.new(-0.0000,0.0000,0.0000,1.0000,-0.0000,0.0000,0.0000,1.0000,-0.0000,0.0000,0.0000,1.0000),
      ["RightHand"] = CFrame.new(0.0000,0.0000,0.0000,1.0000,-0.0000,0.0000,0.0000,1.0000,-0.0000,0.0000,0.0000,1.0000),
      ["LeftUpperArm"] = CFrame.new(0.0000,0.0000,0.0000,1.0000,-0.0000,0.0000,0.0000,1.0000,0.0000,-0.0000,-0.0000,1.0000),
      ["LeftLowerArm"] = CFrame.new(0.0000,0.0000,0.0000,1.0000,0.0000,0.0000,0.0000,1.0000,0.0000,0.0000,0.0000,1.0000),
      ["LeftHand"] = CFrame.new(0.0000,0.0000,0.0000,1.0000,0.0000,0.0000,0.0000,1.0000,0.0000,0.0000,0.0000,1.0000),
      ["RightUpperLeg"] = CFrame.new(0.0000,0.0000,0.0000,1.0000,0.0000,0.0000,0.0000,1.0000,0.0000,0.0000,0.0000,1.0000),
      ["RightLowerLeg"] = CFrame.new(0.0000,0.0000,0.0000,1.0000,0.0000,0.0000,0.0000,1.0000,0.0000,0.0000,0.0000,1.0000),
      ["RightFoot"] = CFrame.new(0.0000,0.0000,0.0000,1.0000,0.0000,0.0000,0.0000,1.0000,0.0000,0.0000,0.0000,1.0000),
    }},
    {Time = 6.967, Data = {
      ["HumanoidRootPart"] = CFrame.new(0.0000,0.0000,0.0000,1.0000,0.0000,0.0000,0.0000,1.0000,0.0000,0.0000,0.0000,1.0000),
      ["LowerTorso"] = CFrame.new(0.0000,0.0000,0.0000,1.0000,0.0000,0.0000,0.0000,1.0000,0.0000,0.0000,0.0000,1.0000),
      ["LeftUpperLeg"] = CFrame.new(0.0000,0.0000,0.0000,1.0000,0.0000,0.0000,0.0000,1.0000,0.0000,0.0000,0.0000,1.0000),
      ["LeftLowerLeg"] = CFrame.new(0.0000,0.0000,0.0000,1.0000,0.0000,0.0000,0.0000,1.0000,0.0000,0.0000,0.0000,1.0000),
      ["LeftFoot"] = CFrame.new(0.0000,0.0000,0.0000,1.0000,0.0000,0.0000,0.0000,1.0000,0.0000,0.0000,0.0000,1.0000),
      ["UpperTorso"] = CFrame.new(0.0000,0.0000,0.0000,1.0000,0.0000,0.0000,0.0000,1.0000,0.0000,0.0000,0.0000,1.0000),
      ["Head"] = CFrame.new(0.0000,-0.0000,-0.0000,1.0000,-0.0000,0.0000,0.0000,1.0000,0.0011,-0.0000,-0.0011,1.0000),
      ["RightUpperArm"] = CFrame.new(0.0000,0.0000,0.0000,1.0000,0.0000,-0.0000,-0.0000,1.0000,-0.0000,0.0000,0.0000,1.0000),
      ["RightLowerArm"] = CFrame.new(-0.0000,0.0000,0.0000,1.0000,-0.0000,0.0000,0.0000,1.0000,-0.0000,0.0000,0.0000,1.0000),
      ["RightHand"] = CFrame.new(0.0000,0.0000,0.0000,1.0000,-0.0000,0.0000,0.0000,1.0000,-0.0000,0.0000,0.0000,1.0000),
      ["LeftUpperArm"] = CFrame.new(0.0000,0.0000,0.0000,1.0000,-0.0000,0.0000,0.0000,1.0000,0.0000,-0.0000,-0.0000,1.0000),
      ["LeftLowerArm"] = CFrame.new(0.0000,0.0000,0.0000,1.0000,0.0000,0.0000,0.0000,1.0000,0.0000,0.0000,0.0000,1.0000),
      ["LeftHand"] = CFrame.new(0.0000,0.0000,0.0000,1.0000,0.0000,0.0000,0.0000,1.0000,0.0000,0.0000,0.0000,1.0000),
      ["RightUpperLeg"] = CFrame.new(0.0000,0.0000,0.0000,1.0000,0.0000,0.0000,0.0000,1.0000,0.0000,0.0000,0.0000,1.0000),
      ["RightLowerLeg"] = CFrame.new(0.0000,0.0000,0.0000,1.0000,0.0000,0.0000,0.0000,1.0000,0.0000,0.0000,0.0000,1.0000),
      ["RightFoot"] = CFrame.new(0.0000,0.0000,0.0000,1.0000,0.0000,0.0000,0.0000,1.0000,0.0000,0.0000,0.0000,1.0000),
    }},
    {Time = 7.000, Data = {
      ["HumanoidRootPart"] = CFrame.new(0.0000,0.0000,0.0000,1.0000,0.0000,0.0000,0.0000,1.0000,0.0000,0.0000,0.0000,1.0000),
      ["LowerTorso"] = CFrame.new(0.0000,0.0000,0.0000,1.0000,0.0000,0.0000,0.0000,1.0000,0.0000,0.0000,0.0000,1.0000),
      ["LeftUpperLeg"] = CFrame.new(0.0000,0.0000,0.0000,1.0000,0.0000,0.0000,0.0000,1.0000,0.0000,0.0000,0.0000,1.0000),
      ["LeftLowerLeg"] = CFrame.new(0.0000,0.0000,0.0000,1.0000,0.0000,0.0000,0.0000,1.0000,0.0000,0.0000,0.0000,1.0000),
      ["LeftFoot"] = CFrame.new(0.0000,0.0000,0.0000,1.0000,0.0000,0.0000,0.0000,1.0000,0.0000,0.0000,0.0000,1.0000),
      ["UpperTorso"] = CFrame.new(0.0000,0.0000,0.0000,1.0000,0.0000,0.0000,0.0000,1.0000,0.0000,0.0000,0.0000,1.0000),
      ["Head"] = CFrame.new(0.0000,0.0000,0.0000,1.0000,0.0000,0.0000,0.0000,1.0000,0.0000,0.0000,0.0000,1.0000),
      ["RightUpperArm"] = CFrame.new(0.0000,0.0000,0.0000,1.0000,0.0000,-0.0000,-0.0000,1.0000,-0.0000,0.0000,0.0000,1.0000),
      ["RightLowerArm"] = CFrame.new(0.0000,0.0000,0.0000,1.0000,0.0000,0.0000,0.0000,1.0000,0.0000,0.0000,0.0000,1.0000),
      ["RightHand"] = CFrame.new(0.0000,0.0000,0.0000,1.0000,0.0000,0.0000,0.0000,1.0000,0.0000,0.0000,0.0000,1.0000),
      ["LeftUpperArm"] = CFrame.new(0.0000,0.0000,0.0000,1.0000,0.0000,0.0000,0.0000,1.0000,0.0000,0.0000,0.0000,1.0000),
      ["LeftLowerArm"] = CFrame.new(0.0000,0.0000,0.0000,1.0000,0.0000,0.0000,0.0000,1.0000,0.0000,0.0000,0.0000,1.0000),
      ["LeftHand"] = CFrame.new(0.0000,0.0000,0.0000,1.0000,0.0000,0.0000,0.0000,1.0000,0.0000,0.0000,0.0000,1.0000),
      ["RightUpperLeg"] = CFrame.new(0.0000,0.0000,0.0000,1.0000,0.0000,0.0000,0.0000,1.0000,0.0000,0.0000,0.0000,1.0000),
      ["RightLowerLeg"] = CFrame.new(0.0000,0.0000,0.0000,1.0000,0.0000,0.0000,0.0000,1.0000,0.0000,0.0000,0.0000,1.0000),
      ["RightFoot"] = CFrame.new(0.0000,0.0000,0.0000,1.0000,0.0000,0.0000,0.0000,1.0000,0.0000,0.0000,0.0000,1.0000),
    }},
  }
}
