return {
  ["71325513162723"] = {
    {Time = 0.000, Data = {
      ["HumanoidRootPart"] = CFrame.new(0.0000,0.0000,0.0000,1.0000,0.0000,0.0000,0.0000,1.0000,0.0000,0.0000,0.0000,1.0000),
      ["LowerTorso"] = CFrame.new(0.0000,2.0000,0.0000,-0.9962,-0.0872,-0.0000,0.0872,-0.9962,-0.0000,-0.0000,-0.0000,1.0000),
      ["UpperTorso"] = CFrame.new(0.0000,0.0000,0.0000,0.9744,0.2250,0.0000,-0.2250,0.9744,-0.0000,-0.0000,0.0000,1.0000),
      ["LeftUpperArm"] = CFrame.new(0.0000,0.0000,0.0000,0.2419,0.5759,-0.7809,-0.2298,-0.7479,-0.6227,-0.9427,0.3301,-0.0486),
      ["LeftLowerArm"] = CFrame.new(0.0000,0.0000,0.0000,1.0000,0.0000,-0.0000,-0.0000,0.4293,-0.9032,-0.0000,0.9032,0.4293),
      ["LeftHand"] = CFrame.new(0.0000,0.0000,0.0000,1.0000,0.0000,-0.0000,-0.0000,0.8598,-0.5106,0.0000,0.5106,0.8598),
      ["Head"] = CFrame.new(0.0000,2.0000,0.0000,-1.0000,-0.0000,-0.0000,0.0000,-1.0000,-0.0000,-0.0000,-0.0000,1.0000),
      ["RightUpperArm"] = CFrame.new(0.0001,0.0000,-0.0000,0.2139,-0.5798,0.7862,0.1588,-0.7735,-0.6136,0.9639,0.2561,-0.0734),
      ["RightLowerArm"] = CFrame.new(0.0000,-0.0001,0.0000,1.0000,-0.0000,0.0000,0.0000,0.5077,-0.8615,-0.0000,0.8615,0.5077),
      ["RightHand"] = CFrame.new(-0.0000,0.0000,-0.0000,1.0000,-0.0000,0.0000,0.0000,0.8057,-0.5923,0.0000,0.5923,0.8057),
      ["LeftUpperLeg"] = CFrame.new(0.0000,-0.0000,-0.0000,0.8568,0.3343,0.3926,0.0292,0.7287,-0.6843,-0.5148,0.5978,0.6146),
      ["LeftLowerLeg"] = CFrame.new(0.0000,-0.0000,-0.0000,1.0000,-0.0000,0.0000,-0.0000,-0.0696,0.9976,-0.0000,-0.9976,-0.0696),
      ["LeftFoot"] = CFrame.new(0.0000,0.0000,-0.0000,1.0000,-0.0000,0.0000,0.0000,0.9931,-0.1175,-0.0000,0.1175,0.9931),
      ["RightUpperLeg"] = CFrame.new(-0.0000,0.0000,-0.0000,0.8671,-0.4083,-0.2853,0.0998,0.7035,-0.7037,0.4880,0.5817,0.6507),
      ["RightLowerLeg"] = CFrame.new(-0.0001,0.0000,0.0000,1.0000,0.0000,-0.0000,0.0000,-0.0925,0.9957,0.0000,-0.9957,-0.0925),
      ["RightFoot"] = CFrame.new(-0.0000,0.0000,0.0000,1.0000,0.0000,-0.0000,-0.0000,0.9988,-0.0481,0.0000,0.0481,0.9988),
    }},
    {Time = 0.033, Data = {
      ["HumanoidRootPart"] = CFrame.new(0.0000,0.0000,0.0000,1.0000,0.0000,0.0000,0.0000,1.0000,0.0000,0.0000,0.0000,1.0000),
      ["LowerTorso"] = CFrame.new(0.0000,2.0008,0.0000,-0.9962,-0.0871,-0.0000,0.0871,-0.9962,-0.0000,-0.0000,-0.0000,1.0000),
      ["UpperTorso"] = CFrame.new(0.0000,0.0000,0.0000,0.9744,0.2248,0.0000,-0.2248,0.9744,-0.0000,-0.0000,0.0000,1.0000),
      ["LeftUpperArm"] = CFrame.new(0.0000,0.0000,0.0000,0.2419,0.5760,-0.7808,-0.2298,-0.7478,-0.6228,-0.9427,0.3301,-0.0485),
      ["LeftLowerArm"] = CFrame.new(0.0000,-0.0000,0.0000,1.0000,0.0000,-0.0000,-0.0000,0.4291,-0.9033,-0.0000,0.9033,0.4291),
      ["LeftHand"] = CFrame.new(0.0000,0.0000,0.0000,1.0000,0.0000,-0.0000,-0.0000,0.8599,-0.5104,0.0000,0.5104,0.8599),
      ["Head"] = CFrame.new(0.0000,2.0000,0.0000,-1.0000,-0.0000,-0.0000,0.0000,-1.0000,-0.0000,-0.0000,-0.0000,1.0000),
      ["RightUpperArm"] = CFrame.new(0.0001,0.0000,-0.0000,0.2140,-0.5798,0.7861,0.1588,-0.7734,-0.6137,0.9639,0.2561,-0.0734),
      ["RightLowerArm"] = CFrame.new(0.0000,-0.0001,-0.0000,1.0000,-0.0000,0.0000,0.0000,0.5075,-0.8617,-0.0000,0.8617,0.5075),
      ["RightHand"] = CFrame.new(-0.0000,0.0000,-0.0000,1.0000,-0.0000,0.0000,0.0000,0.8059,-0.5920,0.0000,0.5920,0.8059),
      ["LeftUpperLeg"] = CFrame.new(0.0000,-0.0000,-0.0000,0.8568,0.3342,0.3926,0.0292,0.7287,-0.6842,-0.5148,0.5977,0.6146),
      ["LeftLowerLeg"] = CFrame.new(0.0000,-0.0000,-0.0000,1.0000,-0.0000,0.0000,-0.0000,-0.0692,0.9976,-0.0000,-0.9976,-0.0692),
      ["LeftFoot"] = CFrame.new(0.0000,0.0000,-0.0000,1.0000,-0.0000,0.0000,0.0000,0.9931,-0.1175,-0.0000,0.1175,0.9931),
      ["RightUpperLeg"] = CFrame.new(-0.0000,0.0000,-0.0000,0.8671,-0.4083,-0.2853,0.0998,0.7035,-0.7036,0.4880,0.5817,0.6508),
      ["RightLowerLeg"] = CFrame.new(-0.0001,0.0000,0.0000,1.0000,0.0000,-0.0000,0.0000,-0.0922,0.9957,0.0000,-0.9957,-0.0922),
      ["RightFoot"] = CFrame.new(-0.0000,0.0000,0.0000,1.0000,0.0000,-0.0000,-0.0000,0.9988,-0.0481,0.0000,0.0481,0.9988),
    }},
    {Time = 0.067, Data = {
      ["HumanoidRootPart"] = CFrame.new(0.0000,0.0000,0.0000,1.0000,0.0000,0.0000,0.0000,1.0000,0.0000,0.0000,0.0000,1.0000),
      ["LowerTorso"] = CFrame.new(0.0000,2.0033,0.0000,-0.9962,-0.0870,-0.0000,0.0870,-0.9962,-0.0000,-0.0000,-0.0000,1.0000),
      ["UpperTorso"] = CFrame.new(0.0000,0.0000,0.0000,0.9745,0.2245,0.0000,-0.2245,0.9745,-0.0000,-0.0000,0.0000,1.0000),
      ["LeftUpperArm"] = CFrame.new(0.0000,0.0000,0.0000,0.2420,0.5763,-0.7806,-0.2298,-0.7475,-0.6232,-0.9427,0.3302,-0.0484),
      ["LeftLowerArm"] = CFrame.new(0.0000,-0.0000,0.0000,1.0000,0.0000,-0.0000,-0.0000,0.4284,-0.9036,-0.0000,0.9036,0.4284),
      ["LeftHand"] = CFrame.new(0.0000,0.0000,0.0000,1.0000,0.0000,-0.0000,-0.0000,0.8603,-0.5097,0.0000,0.5097,0.8603),
      ["Head"] = CFrame.new(0.0000,2.0000,0.0000,-1.0000,-0.0000,-0.0000,0.0000,-1.0000,-0.0000,-0.0000,-0.0000,1.0000),
      ["RightUpperArm"] = CFrame.new(0.0001,0.0000,-0.0000,0.2140,-0.5801,0.7859,0.1588,-0.7732,-0.6140,0.9639,0.2561,-0.0733),
      ["RightLowerArm"] = CFrame.new(0.0000,-0.0001,-0.0000,1.0000,-0.0000,0.0000,0.0000,0.5067,-0.8621,-0.0000,0.8621,0.5067),
      ["RightHand"] = CFrame.new(-0.0000,0.0000,-0.0000,1.0000,-0.0000,0.0000,0.0000,0.8065,-0.5912,0.0000,0.5912,0.8065),
      ["LeftUpperLeg"] = CFrame.new(0.0000,-0.0000,-0.0000,0.8568,0.3342,0.3926,0.0292,0.7289,-0.6840,-0.5148,0.5976,0.6147),
      ["LeftLowerLeg"] = CFrame.new(0.0000,-0.0000,-0.0000,1.0000,-0.0000,0.0000,-0.0000,-0.0681,0.9977,-0.0000,-0.9977,-0.0681),
      ["LeftFoot"] = CFrame.new(0.0000,0.0000,-0.0000,1.0000,-0.0000,0.0000,0.0000,0.9931,-0.1175,-0.0000,0.1175,0.9931),
      ["RightUpperLeg"] = CFrame.new(-0.0000,0.0000,-0.0000,0.8671,-0.4082,-0.2854,0.0998,0.7037,-0.7035,0.4880,0.5815,0.6509),
      ["RightLowerLeg"] = CFrame.new(-0.0001,0.0000,0.0000,1.0000,0.0000,-0.0000,0.0000,-0.0913,0.9958,0.0000,-0.9958,-0.0913),
      ["RightFoot"] = CFrame.new(-0.0000,0.0000,0.0000,1.0000,0.0000,-0.0000,-0.0000,0.9988,-0.0481,0.0000,0.0481,0.9988),
    }},
    {Time = 0.100, Data = {
      ["HumanoidRootPart"] = CFrame.new(0.0000,0.0000,0.0000,1.0000,0.0000,0.0000,0.0000,1.0000,0.0000,0.0000,0.0000,1.0000),
      ["LowerTorso"] = CFrame.new(0.0000,2.0073,0.0000,-0.9962,-0.0867,-0.0000,0.0867,-0.9962,-0.0000,-0.0000,-0.0000,1.0000),
      ["UpperTorso"] = CFrame.new(0.0000,0.0000,0.0000,0.9746,0.2239,0.0000,-0.2239,0.9746,-0.0000,-0.0000,0.0000,1.0000),
      ["LeftUpperArm"] = CFrame.new(0.0000,0.0000,0.0000,0.2420,0.5769,-0.7801,-0.2298,-0.7471,-0.6238,-0.9427,0.3302,-0.0482),
      ["LeftLowerArm"] = CFrame.new(0.0000,-0.0000,0.0000,1.0000,0.0000,-0.0000,-0.0000,0.4272,-0.9042,-0.0000,0.9042,0.4272),
      ["LeftHand"] = CFrame.new(0.0000,0.0000,0.0000,1.0000,0.0000,-0.0000,-0.0000,0.8610,-0.5086,0.0000,0.5086,0.8610),
      ["Head"] = CFrame.new(0.0000,2.0000,0.0000,-1.0000,-0.0000,-0.0000,0.0000,-1.0000,0.0000,-0.0000,0.0000,1.0000),
      ["RightUpperArm"] = CFrame.new(0.0001,0.0000,-0.0000,0.2140,-0.5806,0.7856,0.1587,-0.7728,-0.6144,0.9638,0.2562,-0.0732),
      ["RightLowerArm"] = CFrame.new(0.0000,-0.0001,-0.0000,1.0000,-0.0000,0.0000,0.0000,0.5056,-0.8628,-0.0000,0.8628,0.5056),
      ["RightHand"] = CFrame.new(-0.0000,0.0000,-0.0000,1.0000,-0.0000,0.0000,0.0000,0.8075,-0.5899,0.0000,0.5899,0.8075),
      ["LeftUpperLeg"] = CFrame.new(0.0000,-0.0000,-0.0000,0.8568,0.3340,0.3928,0.0292,0.7291,-0.6838,-0.5148,0.5974,0.6150),
      ["LeftLowerLeg"] = CFrame.new(0.0000,-0.0000,-0.0000,1.0000,-0.0000,0.0000,-0.0000,-0.0662,0.9978,-0.0000,-0.9978,-0.0662),
      ["LeftFoot"] = CFrame.new(0.0000,0.0000,-0.0000,1.0000,-0.0000,0.0000,0.0000,0.9931,-0.1175,-0.0000,0.1175,0.9931),
      ["RightUpperLeg"] = CFrame.new(-0.0000,0.0000,-0.0000,0.8671,-0.4081,-0.2856,0.0998,0.7040,-0.7032,0.4880,0.5812,0.6512),
      ["RightLowerLeg"] = CFrame.new(-0.0001,0.0000,0.0000,1.0000,0.0000,-0.0000,0.0000,-0.0897,0.9960,0.0000,-0.9960,-0.0897),
      ["RightFoot"] = CFrame.new(-0.0000,0.0000,0.0000,1.0000,0.0000,-0.0000,-0.0000,0.9988,-0.0481,0.0000,0.0481,0.9988),
    }},
    {Time = 0.133, Data = {
      ["HumanoidRootPart"] = CFrame.new(0.0000,0.0000,0.0000,1.0000,0.0000,0.0000,0.0000,1.0000,0.0000,0.0000,0.0000,1.0000),
      ["LowerTorso"] = CFrame.new(0.0000,2.0127,0.0000,-0.9963,-0.0864,-0.0000,0.0864,-0.9963,-0.0000,-0.0000,-0.0000,1.0000),
      ["UpperTorso"] = CFrame.new(0.0000,0.0000,0.0000,0.9748,0.2231,0.0000,-0.2231,0.9748,-0.0000,-0.0000,0.0000,1.0000),
      ["LeftUpperArm"] = CFrame.new(0.0000,0.0000,0.0000,0.2421,0.5777,-0.7795,-0.2298,-0.7464,-0.6246,-0.9427,0.3303,-0.0479),
      ["LeftLowerArm"] = CFrame.new(0.0000,-0.0000,0.0000,1.0000,0.0000,-0.0000,-0.0000,0.4256,-0.9049,-0.0000,0.9049,0.4256),
      ["LeftHand"] = CFrame.new(0.0000,0.0000,0.0000,1.0000,0.0000,-0.0000,-0.0000,0.8619,-0.5071,0.0000,0.5071,0.8619),
      ["Head"] = CFrame.new(0.0000,2.0000,0.0000,-1.0000,-0.0000,-0.0000,0.0000,-1.0000,0.0000,-0.0000,0.0000,1.0000),
      ["RightUpperArm"] = CFrame.new(0.0001,0.0000,-0.0000,0.2140,-0.5812,0.7851,0.1587,-0.7723,-0.6150,0.9638,0.2563,-0.0731),
      ["RightLowerArm"] = CFrame.new(0.0000,-0.0001,-0.0000,1.0000,-0.0000,0.0000,0.0000,0.5039,-0.8637,-0.0000,0.8637,0.5039),
      ["RightHand"] = CFrame.new(-0.0000,0.0000,-0.0000,1.0000,-0.0000,0.0000,0.0000,0.8088,-0.5881,0.0000,0.5881,0.8088),
      ["LeftUpperLeg"] = CFrame.new(0.0000,-0.0000,-0.0000,0.8568,0.3338,0.3929,0.0292,0.7294,-0.6834,-0.5147,0.5971,0.6153),
      ["LeftLowerLeg"] = CFrame.new(0.0000,-0.0000,-0.0000,1.0000,-0.0000,0.0000,-0.0000,-0.0636,0.9980,-0.0000,-0.9980,-0.0636),
      ["LeftFoot"] = CFrame.new(0.0000,0.0000,-0.0000,1.0000,-0.0000,0.0000,0.0000,0.9931,-0.1175,-0.0000,0.1175,0.9931),
      ["RightUpperLeg"] = CFrame.new(-0.0000,0.0000,-0.0000,0.8671,-0.4079,-0.2858,0.0998,0.7044,-0.7028,0.4880,0.5809,0.6515),
      ["RightLowerLeg"] = CFrame.new(-0.0001,0.0000,0.0000,1.0000,0.0000,-0.0000,0.0000,-0.0876,0.9962,0.0000,-0.9962,-0.0876),
      ["RightFoot"] = CFrame.new(-0.0000,0.0000,0.0000,1.0000,0.0000,-0.0000,-0.0000,0.9988,-0.0481,0.0000,0.0481,0.9988),
    }},
    {Time = 0.167, Data = {
      ["HumanoidRootPart"] = CFrame.new(0.0000,0.0000,0.0000,1.0000,0.0000,0.0000,0.0000,1.0000,0.0000,0.0000,0.0000,1.0000),
      ["LowerTorso"] = CFrame.new(0.0000,2.0197,0.0000,-0.9963,-0.0860,-0.0000,0.0860,-0.9963,-0.0000,-0.0000,-0.0000,1.0000),
      ["UpperTorso"] = CFrame.new(0.0000,0.0000,0.0000,0.9750,0.2220,0.0000,-0.2220,0.9750,-0.0000,-0.0000,0.0000,1.0000),
      ["LeftUpperArm"] = CFrame.new(0.0000,0.0000,0.0000,0.2422,0.5788,-0.7787,-0.2298,-0.7456,-0.6256,-0.9426,0.3304,-0.0476),
      ["LeftLowerArm"] = CFrame.new(0.0000,-0.0000,0.0000,1.0000,0.0000,-0.0000,-0.0000,0.4236,-0.9059,-0.0000,0.9059,0.4236),
      ["LeftHand"] = CFrame.new(0.0000,0.0000,0.0000,1.0000,0.0000,-0.0000,-0.0000,0.8630,-0.5051,0.0000,0.5051,0.8630),
      ["Head"] = CFrame.new(0.0000,2.0000,0.0000,-1.0000,-0.0000,-0.0000,0.0000,-1.0000,0.0000,-0.0000,0.0000,1.0000),
      ["RightUpperArm"] = CFrame.new(0.0001,0.0000,-0.0000,0.2141,-0.5820,0.7845,0.1587,-0.7717,-0.6158,0.9638,0.2564,-0.0728),
      ["RightLowerArm"] = CFrame.new(0.0000,-0.0001,-0.0000,1.0000,-0.0000,0.0000,0.0000,0.5019,-0.8649,-0.0000,0.8649,0.5019),
      ["RightHand"] = CFrame.new(-0.0000,0.0000,-0.0000,1.0000,-0.0000,0.0000,0.0000,0.8104,-0.5859,0.0000,0.5859,0.8104),
      ["LeftUpperLeg"] = CFrame.new(0.0000,-0.0000,-0.0000,0.8569,0.3336,0.3931,0.0292,0.7299,-0.6830,-0.5147,0.5967,0.6156),
      ["LeftLowerLeg"] = CFrame.new(0.0000,-0.0000,-0.0000,1.0000,-0.0000,0.0000,-0.0000,-0.0602,0.9982,-0.0000,-0.9982,-0.0602),
      ["LeftFoot"] = CFrame.new(0.0000,0.0000,-0.0000,1.0000,-0.0000,0.0000,0.0000,0.9931,-0.1175,-0.0000,0.1175,0.9931),
      ["RightUpperLeg"] = CFrame.new(-0.0000,0.0000,-0.0000,0.8672,-0.4077,-0.2861,0.0998,0.7049,-0.7022,0.4880,0.5804,0.6519),
      ["RightLowerLeg"] = CFrame.new(-0.0001,0.0000,0.0000,1.0000,0.0000,-0.0000,0.0000,-0.0849,0.9964,0.0000,-0.9964,-0.0849),
      ["RightFoot"] = CFrame.new(-0.0000,0.0000,0.0000,1.0000,0.0000,-0.0000,-0.0000,0.9988,-0.0481,0.0000,0.0481,0.9988),
    }},
    {Time = 0.200, Data = {
      ["HumanoidRootPart"] = CFrame.new(0.0000,0.0000,0.0000,1.0000,0.0000,0.0000,0.0000,1.0000,0.0000,0.0000,0.0000,1.0000),
      ["LowerTorso"] = CFrame.new(0.0000,2.0280,0.0000,-0.9963,-0.0855,-0.0000,0.0855,-0.9963,-0.0000,-0.0000,-0.0000,1.0000),
      ["UpperTorso"] = CFrame.new(0.0000,0.0000,0.0000,0.9753,0.2207,0.0000,-0.2207,0.9753,-0.0000,-0.0000,0.0000,1.0000),
      ["LeftUpperArm"] = CFrame.new(0.0000,0.0000,0.0000,0.2423,0.5800,-0.7777,-0.2297,-0.7445,-0.6268,-0.9426,0.3305,-0.0471),
      ["LeftLowerArm"] = CFrame.new(0.0000,-0.0000,0.0000,1.0000,0.0000,-0.0000,-0.0000,0.4211,-0.9070,-0.0000,0.9070,0.4211),
      ["LeftHand"] = CFrame.new(0.0000,0.0000,0.0000,1.0000,0.0000,-0.0000,-0.0000,0.8644,-0.5028,0.0000,0.5028,0.8644),
      ["Head"] = CFrame.new(0.0000,2.0000,0.0000,-1.0000,-0.0000,-0.0000,0.0000,-1.0000,0.0000,-0.0000,0.0000,1.0000),
      ["RightUpperArm"] = CFrame.new(0.0001,0.0000,-0.0000,0.2142,-0.5829,0.7838,0.1587,-0.7710,-0.6168,0.9638,0.2565,-0.0726),
      ["RightLowerArm"] = CFrame.new(0.0000,-0.0001,-0.0000,1.0000,-0.0000,0.0000,0.0000,0.4994,-0.8664,-0.0000,0.8664,0.4994),
      ["RightHand"] = CFrame.new(-0.0000,0.0000,-0.0000,1.0000,-0.0000,0.0000,0.0000,0.8124,-0.5831,0.0000,0.5831,0.8124),
      ["LeftUpperLeg"] = CFrame.new(0.0000,-0.0000,-0.0000,0.8569,0.3333,0.3934,0.0292,0.7304,-0.6824,-0.5147,0.5962,0.6161),
      ["LeftLowerLeg"] = CFrame.new(0.0000,-0.0000,-0.0000,1.0000,-0.0000,0.0000,-0.0000,-0.0563,0.9984,-0.0000,-0.9984,-0.0563),
      ["LeftFoot"] = CFrame.new(0.0000,0.0000,-0.0000,1.0000,-0.0000,0.0000,0.0000,0.9931,-0.1175,-0.0000,0.1175,0.9931),
      ["RightUpperLeg"] = CFrame.new(-0.0000,0.0000,-0.0000,0.8672,-0.4074,-0.2864,0.0998,0.7055,-0.7016,0.4879,0.5799,0.6524),
      ["RightLowerLeg"] = CFrame.new(-0.0001,0.0000,0.0000,1.0000,0.0000,-0.0000,0.0000,-0.0817,0.9967,0.0000,-0.9967,-0.0817),
      ["RightFoot"] = CFrame.new(-0.0000,0.0000,0.0000,1.0000,0.0000,-0.0000,-0.0000,0.9988,-0.0481,0.0000,0.0481,0.9988),
    }},
    {Time = 0.233, Data = {
      ["HumanoidRootPart"] = CFrame.new(0.0000,0.0000,0.0000,1.0000,0.0000,0.0000,0.0000,1.0000,0.0000,0.0000,0.0000,1.0000),
      ["LowerTorso"] = CFrame.new(0.0000,2.0377,0.0000,-0.9964,-0.0849,-0.0000,0.0849,-0.9964,-0.0000,-0.0000,-0.0000,1.0000),
      ["UpperTorso"] = CFrame.new(0.0000,0.0000,0.0000,0.9757,0.2193,0.0000,-0.2193,0.9757,-0.0000,-0.0000,0.0000,1.0000),
      ["LeftUpperArm"] = CFrame.new(0.0000,0.0000,0.0000,0.2424,0.5814,-0.7766,-0.2297,-0.7434,-0.6282,-0.9426,0.3307,-0.0467),
      ["LeftLowerArm"] = CFrame.new(0.0000,-0.0000,0.0000,1.0000,0.0000,-0.0000,-0.0000,0.4183,-0.9083,-0.0000,0.9083,0.4183),
      ["LeftHand"] = CFrame.new(0.0000,0.0000,0.0000,1.0000,0.0000,-0.0000,-0.0000,0.8660,-0.5001,0.0000,0.5001,0.8660),
      ["Head"] = CFrame.new(0.0000,2.0000,0.0000,-1.0000,-0.0000,-0.0000,0.0000,-1.0000,0.0000,-0.0000,0.0000,1.0000),
      ["RightUpperArm"] = CFrame.new(0.0001,0.0000,-0.0000,0.2142,-0.5841,0.7829,0.1587,-0.7701,-0.6179,0.9638,0.2566,-0.0723),
      ["RightLowerArm"] = CFrame.new(0.0000,-0.0001,-0.0000,1.0000,-0.0000,0.0000,0.0000,0.4966,-0.8680,-0.0000,0.8680,0.4966),
      ["RightHand"] = CFrame.new(-0.0000,0.0000,-0.0000,1.0000,-0.0000,0.0000,0.0000,0.8146,-0.5800,0.0000,0.5800,0.8146),
      ["LeftUpperLeg"] = CFrame.new(0.0000,-0.0000,-0.0000,0.8569,0.3329,0.3936,0.0292,0.7310,-0.6818,-0.5147,0.5957,0.6166),
      ["LeftLowerLeg"] = CFrame.new(0.0000,-0.0000,-0.0000,1.0000,-0.0000,0.0000,-0.0000,-0.0517,0.9987,-0.0000,-0.9987,-0.0517),
      ["LeftFoot"] = CFrame.new(0.0000,0.0000,-0.0000,1.0000,-0.0000,0.0000,0.0000,0.9931,-0.1175,-0.0000,0.1175,0.9931),
      ["RightUpperLeg"] = CFrame.new(-0.0000,0.0000,-0.0000,0.8672,-0.4071,-0.2868,0.0998,0.7062,-0.7009,0.4879,0.5792,0.6530),
      ["RightLowerLeg"] = CFrame.new(-0.0001,0.0000,0.0000,1.0000,0.0000,-0.0000,0.0000,-0.0779,0.9970,0.0000,-0.9970,-0.0779),
      ["RightFoot"] = CFrame.new(-0.0000,0.0000,0.0000,1.0000,0.0000,-0.0000,-0.0000,0.9988,-0.0481,0.0000,0.0481,0.9988),
    }},
    {Time = 0.267, Data = {
      ["HumanoidRootPart"] = CFrame.new(0.0000,0.0000,0.0000,1.0000,0.0000,0.0000,0.0000,1.0000,0.0000,0.0000,0.0000,1.0000),
      ["LowerTorso"] = CFrame.new(0.0000,2.0486,0.0000,-0.9964,-0.0843,-0.0000,0.0843,-0.9964,-0.0000,-0.0000,-0.0000,1.0000),
      ["UpperTorso"] = CFrame.new(0.0000,0.0000,0.0000,0.9760,0.2176,0.0000,-0.2176,0.9760,-0.0000,-0.0000,0.0000,1.0000),
      ["LeftUpperArm"] = CFrame.new(0.0000,0.0000,0.0000,0.2425,0.5830,-0.7754,-0.2296,-0.7420,-0.6298,-0.9426,0.3308,-0.0461),
      ["LeftLowerArm"] = CFrame.new(0.0000,-0.0000,0.0000,1.0000,0.0000,-0.0000,-0.0000,0.4151,-0.9098,-0.0000,0.9098,0.4151),
      ["LeftHand"] = CFrame.new(0.0000,0.0000,0.0000,1.0000,0.0000,-0.0000,-0.0000,0.8677,-0.4970,0.0000,0.4970,0.8677),
      ["Head"] = CFrame.new(0.0000,2.0000,0.0000,-1.0000,-0.0000,-0.0000,0.0000,-1.0000,0.0000,-0.0000,0.0000,1.0000),
      ["RightUpperArm"] = CFrame.new(0.0001,0.0000,-0.0000,0.2143,-0.5853,0.7820,0.1587,-0.7691,-0.6191,0.9638,0.2567,-0.0720),
      ["RightLowerArm"] = CFrame.new(0.0000,-0.0001,-0.0000,1.0000,-0.0000,0.0000,0.0000,0.4933,-0.8699,-0.0000,0.8699,0.4933),
      ["RightHand"] = CFrame.new(-0.0000,0.0000,-0.0000,1.0000,-0.0000,0.0000,0.0000,0.8172,-0.5764,0.0000,0.5764,0.8172),
      ["LeftUpperLeg"] = CFrame.new(0.0000,-0.0000,-0.0000,0.8569,0.3325,0.3939,0.0292,0.7316,-0.6811,-0.5147,0.5951,0.6172),
      ["LeftLowerLeg"] = CFrame.new(0.0000,-0.0000,-0.0000,1.0000,-0.0000,0.0000,-0.0000,-0.0465,0.9989,-0.0000,-0.9989,-0.0465),
      ["LeftFoot"] = CFrame.new(0.0000,0.0000,-0.0000,1.0000,-0.0000,0.0000,0.0000,0.9931,-0.1175,-0.0000,0.1175,0.9931),
      ["RightUpperLeg"] = CFrame.new(-0.0000,0.0000,-0.0000,0.8672,-0.4068,-0.2873,0.0998,0.7070,-0.7001,0.4879,0.5785,0.6537),
      ["RightLowerLeg"] = CFrame.new(-0.0001,0.0000,0.0000,1.0000,0.0000,-0.0000,0.0000,-0.0737,0.9973,0.0000,-0.9973,-0.0737),
      ["RightFoot"] = CFrame.new(-0.0000,0.0000,0.0000,1.0000,0.0000,-0.0000,-0.0000,0.9988,-0.0481,0.0000,0.0481,0.9988),
    }},
    {Time = 0.300, Data = {
      ["HumanoidRootPart"] = CFrame.new(0.0000,0.0000,0.0000,1.0000,0.0000,0.0000,0.0000,1.0000,0.0000,0.0000,0.0000,1.0000),
      ["LowerTorso"] = CFrame.new(0.0000,2.0608,0.0000,-0.9965,-0.0835,-0.0000,0.0835,-0.9965,-0.0000,-0.0000,-0.0000,1.0000),
      ["UpperTorso"] = CFrame.new(0.0000,0.0000,0.0000,0.9765,0.2157,0.0000,-0.2157,0.9765,-0.0000,-0.0000,0.0000,1.0000),
      ["LeftUpperArm"] = CFrame.new(0.0000,0.0000,0.0000,0.2427,0.5848,-0.7740,-0.2296,-0.7406,-0.6316,-0.9425,0.3310,-0.0454),
      ["LeftLowerArm"] = CFrame.new(0.0000,-0.0000,0.0000,1.0000,0.0000,-0.0000,-0.0000,0.4115,-0.9114,-0.0000,0.9114,0.4115),
      ["LeftHand"] = CFrame.new(0.0000,0.0000,0.0000,1.0000,0.0000,-0.0000,-0.0000,0.8697,-0.4936,0.0000,0.4936,0.8697),
      ["Head"] = CFrame.new(0.0000,2.0000,0.0000,-1.0000,-0.0000,-0.0000,0.0000,-1.0000,0.0000,-0.0000,0.0000,1.0000),
      ["RightUpperArm"] = CFrame.new(0.0001,0.0000,-0.0000,0.2144,-0.5867,0.7809,0.1586,-0.7680,-0.6205,0.9638,0.2569,-0.0716),
      ["RightLowerArm"] = CFrame.new(0.0000,-0.0001,-0.0000,1.0000,-0.0000,0.0000,0.0000,0.4897,-0.8719,-0.0000,0.8719,0.4897),
      ["RightHand"] = CFrame.new(-0.0000,0.0000,-0.0000,1.0000,-0.0000,0.0000,0.0000,0.8200,-0.5724,0.0000,0.5724,0.8200),
      ["LeftUpperLeg"] = CFrame.new(0.0000,-0.0000,-0.0000,0.8569,0.3321,0.3943,0.0292,0.7324,-0.6803,-0.5147,0.5944,0.6179),
      ["LeftLowerLeg"] = CFrame.new(0.0000,-0.0000,-0.0000,1.0000,-0.0000,0.0000,-0.0000,-0.0406,0.9992,-0.0000,-0.9992,-0.0406),
      ["LeftFoot"] = CFrame.new(0.0000,0.0000,-0.0000,1.0000,-0.0000,0.0000,0.0000,0.9931,-0.1175,-0.0000,0.1175,0.9931),
      ["RightUpperLeg"] = CFrame.new(-0.0000,0.0000,-0.0000,0.8672,-0.4064,-0.2878,0.0997,0.7079,-0.6992,0.4879,0.5776,0.6545),
      ["RightLowerLeg"] = CFrame.new(-0.0001,0.0000,0.0000,1.0000,0.0000,-0.0000,0.0000,-0.0690,0.9976,0.0000,-0.9976,-0.0690),
      ["RightFoot"] = CFrame.new(-0.0000,0.0000,0.0000,1.0000,0.0000,-0.0000,-0.0000,0.9988,-0.0481,0.0000,0.0481,0.9988),
    }},
    {Time = 0.333, Data = {
      ["HumanoidRootPart"] = CFrame.new(0.0000,0.0000,0.0000,1.0000,0.0000,0.0000,0.0000,1.0000,0.0000,0.0000,0.0000,1.0000),
      ["LowerTorso"] = CFrame.new(0.0000,2.0741,0.0000,-0.9966,-0.0827,-0.0000,0.0827,-0.9966,-0.0000,-0.0000,-0.0000,1.0000),
      ["UpperTorso"] = CFrame.new(0.0000,0.0000,0.0000,0.9769,0.2137,0.0000,-0.2137,0.9769,-0.0000,-0.0000,0.0000,1.0000),
      ["LeftUpperArm"] = CFrame.new(0.0000,0.0000,0.0000,0.2428,0.5868,-0.7725,-0.2296,-0.7389,-0.6335,-0.9425,0.3312,-0.0447),
      ["LeftLowerArm"] = CFrame.new(0.0000,-0.0000,0.0000,1.0000,0.0000,-0.0000,-0.0000,0.4076,-0.9132,-0.0000,0.9132,0.4076),
      ["LeftHand"] = CFrame.new(0.0000,0.0000,0.0000,1.0000,0.0000,-0.0000,-0.0000,0.8718,-0.4899,0.0000,0.4899,0.8718),
      ["Head"] = CFrame.new(0.0000,2.0000,0.0000,-1.0000,-0.0000,-0.0000,0.0000,-1.0000,0.0000,-0.0000,0.0000,1.0000),
      ["RightUpperArm"] = CFrame.new(0.0001,0.0000,-0.0000,0.2145,-0.5882,0.7798,0.1586,-0.7668,-0.6220,0.9638,0.2571,-0.0712),
      ["RightLowerArm"] = CFrame.new(0.0000,-0.0001,-0.0000,1.0000,-0.0000,0.0000,0.0000,0.4857,-0.8741,-0.0000,0.8741,0.4857),
      ["RightHand"] = CFrame.new(-0.0000,0.0000,-0.0000,1.0000,-0.0000,0.0000,0.0000,0.8231,-0.5679,0.0000,0.5679,0.8231),
      ["LeftUpperLeg"] = CFrame.new(0.0000,-0.0000,-0.0000,0.8569,0.3316,0.3947,0.0292,0.7332,-0.6794,-0.5146,0.5937,0.6186),
      ["LeftLowerLeg"] = CFrame.new(0.0000,-0.0000,-0.0000,1.0000,-0.0000,0.0000,-0.0000,-0.0343,0.9994,-0.0000,-0.9994,-0.0343),
      ["LeftFoot"] = CFrame.new(0.0000,0.0000,-0.0000,1.0000,-0.0000,0.0000,0.0000,0.9931,-0.1175,-0.0000,0.1175,0.9931),
      ["RightUpperLeg"] = CFrame.new(-0.0000,0.0000,-0.0000,0.8672,-0.4060,-0.2883,0.0997,0.7089,-0.6982,0.4878,0.5768,0.6553),
      ["RightLowerLeg"] = CFrame.new(-0.0001,0.0000,0.0000,1.0000,0.0000,-0.0000,0.0000,-0.0638,0.9980,0.0000,-0.9980,-0.0638),
      ["RightFoot"] = CFrame.new(-0.0000,0.0000,0.0000,1.0000,0.0000,-0.0000,-0.0000,0.9988,-0.0481,0.0000,0.0481,0.9988),
    }},
    {Time = 0.367, Data = {
      ["HumanoidRootPart"] = CFrame.new(0.0000,0.0000,0.0000,1.0000,0.0000,0.0000,0.0000,1.0000,0.0000,0.0000,0.0000,1.0000),
      ["LowerTorso"] = CFrame.new(0.0000,2.0885,0.0000,-0.9966,-0.0818,-0.0000,0.0818,-0.9966,-0.0000,-0.0000,-0.0000,1.0000),
      ["UpperTorso"] = CFrame.new(0.0000,0.0000,0.0000,0.9774,0.2114,0.0000,-0.2114,0.9774,-0.0000,-0.0000,0.0000,1.0000),
      ["LeftUpperArm"] = CFrame.new(0.0000,0.0000,0.0000,0.2430,0.5889,-0.7708,-0.2295,-0.7372,-0.6356,-0.9425,0.3314,-0.0440),
      ["LeftLowerArm"] = CFrame.new(0.0000,-0.0000,0.0000,1.0000,0.0000,-0.0000,-0.0000,0.4033,-0.9151,-0.0000,0.9151,0.4033),
      ["LeftHand"] = CFrame.new(0.0000,0.0000,0.0000,1.0000,0.0000,-0.0000,-0.0000,0.8741,-0.4858,0.0000,0.4858,0.8741),
      ["Head"] = CFrame.new(0.0000,2.0000,0.0000,-1.0000,-0.0000,-0.0000,0.0000,-1.0000,0.0000,-0.0000,0.0000,1.0000),
      ["RightUpperArm"] = CFrame.new(0.0001,0.0000,-0.0000,0.2146,-0.5898,0.7785,0.1586,-0.7654,-0.6237,0.9638,0.2573,-0.0707),
      ["RightLowerArm"] = CFrame.new(0.0000,-0.0001,-0.0000,1.0000,-0.0000,0.0000,0.0000,0.4814,-0.8765,-0.0000,0.8765,0.4814),
      ["RightHand"] = CFrame.new(-0.0000,0.0000,-0.0000,1.0000,-0.0000,0.0000,0.0000,0.8264,-0.5631,0.0000,0.5631,0.8264),
      ["LeftUpperLeg"] = CFrame.new(0.0000,-0.0000,-0.0000,0.8569,0.3311,0.3951,0.0292,0.7341,-0.6785,-0.5146,0.5929,0.6194),
      ["LeftLowerLeg"] = CFrame.new(0.0000,-0.0000,-0.0000,1.0000,-0.0000,0.0000,-0.0000,-0.0274,0.9996,-0.0000,-0.9996,-0.0274),
      ["LeftFoot"] = CFrame.new(0.0000,0.0000,-0.0000,1.0000,-0.0000,0.0000,0.0000,0.9931,-0.1175,-0.0000,0.1175,0.9931),
      ["RightUpperLeg"] = CFrame.new(-0.0000,0.0000,-0.0000,0.8672,-0.4055,-0.2889,0.0997,0.7100,-0.6971,0.4878,0.5758,0.6561),
      ["RightLowerLeg"] = CFrame.new(-0.0001,0.0000,0.0000,1.0000,0.0000,-0.0000,0.0000,-0.0582,0.9983,0.0000,-0.9983,-0.0582),
      ["RightFoot"] = CFrame.new(-0.0000,0.0000,0.0000,1.0000,0.0000,-0.0000,-0.0000,0.9988,-0.0481,0.0000,0.0481,0.9988),
    }},
    {Time = 0.400, Data = {
      ["HumanoidRootPart"] = CFrame.new(0.0000,0.0000,0.0000,1.0000,0.0000,0.0000,0.0000,1.0000,0.0000,0.0000,0.0000,1.0000),
      ["LowerTorso"] = CFrame.new(0.0000,2.1040,0.0000,-0.9967,-0.0809,-0.0000,0.0809,-0.9967,-0.0000,-0.0000,-0.0000,1.0000),
      ["UpperTorso"] = CFrame.new(0.0000,0.0000,0.0000,0.9779,0.2090,0.0000,-0.2090,0.9779,-0.0000,-0.0000,0.0000,1.0000),
      ["LeftUpperArm"] = CFrame.new(0.0000,0.0000,0.0000,0.2432,0.5912,-0.7690,-0.2295,-0.7352,-0.6378,-0.9425,0.3315,-0.0432),
      ["LeftLowerArm"] = CFrame.new(0.0000,-0.0000,0.0000,1.0000,0.0000,-0.0000,-0.0000,0.3988,-0.9171,-0.0000,0.9171,0.3988),
      ["LeftHand"] = CFrame.new(0.0000,0.0000,0.0000,1.0000,0.0000,-0.0000,-0.0000,0.8765,-0.4814,0.0000,0.4814,0.8765),
      ["Head"] = CFrame.new(0.0000,2.0000,0.0000,-1.0000,-0.0000,-0.0000,0.0000,-1.0000,0.0000,-0.0000,0.0000,1.0000),
      ["RightUpperArm"] = CFrame.new(0.0001,0.0000,-0.0000,0.2147,-0.5916,0.7771,0.1586,-0.7640,-0.6254,0.9637,0.2575,-0.0702),
      ["RightLowerArm"] = CFrame.new(0.0000,-0.0001,-0.0000,1.0000,-0.0000,0.0000,0.0000,0.4767,-0.8791,-0.0000,0.8791,0.4767),
      ["RightHand"] = CFrame.new(-0.0000,0.0000,-0.0000,1.0000,-0.0000,0.0000,0.0000,0.8299,-0.5579,0.0000,0.5579,0.8299),
      ["LeftUpperLeg"] = CFrame.new(0.0000,-0.0000,-0.0000,0.8569,0.3305,0.3955,0.0292,0.7350,-0.6774,-0.5146,0.5921,0.6202),
      ["LeftLowerLeg"] = CFrame.new(0.0000,-0.0000,-0.0000,1.0000,-0.0000,0.0000,-0.0000,-0.0200,0.9998,-0.0000,-0.9998,-0.0200),
      ["LeftFoot"] = CFrame.new(0.0000,0.0000,-0.0000,1.0000,-0.0000,0.0000,0.0000,0.9931,-0.1175,-0.0000,0.1175,0.9931),
      ["RightUpperLeg"] = CFrame.new(-0.0000,0.0000,-0.0000,0.8673,-0.4050,-0.2895,0.0997,0.7111,-0.6960,0.4878,0.5747,0.6571),
      ["RightLowerLeg"] = CFrame.new(-0.0001,0.0000,0.0000,1.0000,0.0000,-0.0000,0.0000,-0.0522,0.9986,0.0000,-0.9986,-0.0522),
      ["RightFoot"] = CFrame.new(-0.0000,0.0000,0.0000,1.0000,0.0000,-0.0000,-0.0000,0.9988,-0.0481,0.0000,0.0481,0.9988),
    }},
    {Time = 0.433, Data = {
      ["HumanoidRootPart"] = CFrame.new(0.0000,0.0000,0.0000,1.0000,0.0000,0.0000,0.0000,1.0000,0.0000,0.0000,0.0000,1.0000),
      ["LowerTorso"] = CFrame.new(0.0000,2.1205,0.0000,-0.9968,-0.0799,-0.0000,0.0799,-0.9968,-0.0000,-0.0000,-0.0000,1.0000),
      ["UpperTorso"] = CFrame.new(0.0000,0.0000,0.0000,0.9785,0.2064,0.0000,-0.2064,0.9785,-0.0000,-0.0000,0.0000,1.0000),
      ["LeftUpperArm"] = CFrame.new(0.0000,0.0000,0.0000,0.2434,0.5936,-0.7671,-0.2294,-0.7332,-0.6401,-0.9424,0.3318,-0.0423),
      ["LeftLowerArm"] = CFrame.new(0.0000,-0.0000,0.0000,1.0000,0.0000,-0.0000,-0.0000,0.3939,-0.9192,-0.0000,0.9192,0.3939),
      ["LeftHand"] = CFrame.new(0.0000,0.0000,0.0000,1.0000,0.0000,-0.0000,-0.0000,0.8791,-0.4767,0.0000,0.4767,0.8791),
      ["Head"] = CFrame.new(0.0000,2.0000,0.0000,-1.0000,-0.0000,-0.0000,0.0000,-1.0000,0.0000,-0.0000,0.0000,1.0000),
      ["RightUpperArm"] = CFrame.new(0.0001,0.0000,-0.0000,0.2148,-0.5935,0.7757,0.1585,-0.7625,-0.6273,0.9637,0.2577,-0.0697),
      ["RightLowerArm"] = CFrame.new(0.0000,-0.0001,-0.0000,1.0000,-0.0000,0.0000,0.0000,0.4717,-0.8817,-0.0000,0.8817,0.4717),
      ["RightHand"] = CFrame.new(0.0000,0.0000,-0.0000,1.0000,-0.0000,0.0000,0.0000,0.8336,-0.5524,0.0000,0.5524,0.8336),
      ["LeftUpperLeg"] = CFrame.new(0.0000,-0.0000,-0.0000,0.8570,0.3299,0.3960,0.0292,0.7360,-0.6763,-0.5146,0.5912,0.6211),
      ["LeftLowerLeg"] = CFrame.new(0.0000,-0.0000,-0.0000,1.0000,-0.0000,0.0000,-0.0000,-0.0121,0.9999,-0.0000,-0.9999,-0.0121),
      ["LeftFoot"] = CFrame.new(0.0000,0.0000,-0.0000,1.0000,-0.0000,0.0000,0.0000,0.9931,-0.1175,-0.0000,0.1175,0.9931),
      ["RightUpperLeg"] = CFrame.new(-0.0000,0.0000,-0.0000,0.8673,-0.4045,-0.2902,0.0997,0.7123,-0.6948,0.4877,0.5736,0.6581),
      ["RightLowerLeg"] = CFrame.new(-0.0001,0.0000,0.0000,1.0000,0.0000,-0.0000,0.0000,-0.0458,0.9990,0.0000,-0.9990,-0.0458),
      ["RightFoot"] = CFrame.new(-0.0000,0.0000,0.0000,1.0000,0.0000,-0.0000,-0.0000,0.9988,-0.0481,0.0000,0.0481,0.9988),
    }},
    {Time = 0.467, Data = {
      ["HumanoidRootPart"] = CFrame.new(0.0000,0.0000,0.0000,1.0000,0.0000,0.0000,0.0000,1.0000,0.0000,0.0000,0.0000,1.0000),
      ["LowerTorso"] = CFrame.new(0.0000,2.1379,0.0000,-0.9969,-0.0788,-0.0000,0.0788,-0.9969,-0.0000,-0.0000,-0.0000,1.0000),
      ["UpperTorso"] = CFrame.new(0.0000,0.0000,0.0000,0.9790,0.2036,0.0000,-0.2036,0.9790,-0.0000,-0.0000,0.0000,1.0000),
      ["LeftUpperArm"] = CFrame.new(0.0000,0.0000,0.0000,0.2435,0.5961,-0.7651,-0.2293,-0.7310,-0.6426,-0.9424,0.3320,-0.0413),
      ["LeftLowerArm"] = CFrame.new(0.0000,-0.0000,0.0000,1.0000,0.0000,-0.0000,-0.0000,0.3887,-0.9214,-0.0000,0.9214,0.3887),
      ["LeftHand"] = CFrame.new(0.0000,0.0000,0.0000,1.0000,0.0000,-0.0000,-0.0000,0.8817,-0.4717,0.0000,0.4717,0.8817),
      ["Head"] = CFrame.new(0.0000,2.0000,0.0000,-1.0000,-0.0000,-0.0000,0.0000,-1.0000,0.0000,-0.0000,0.0000,1.0000),
      ["RightUpperArm"] = CFrame.new(0.0001,0.0000,-0.0000,0.2149,-0.5954,0.7741,0.1585,-0.7609,-0.6292,0.9637,0.2579,-0.0691),
      ["RightLowerArm"] = CFrame.new(0.0000,-0.0000,-0.0000,1.0000,-0.0000,0.0000,0.0000,0.4665,-0.8845,-0.0000,0.8845,0.4665),
      ["RightHand"] = CFrame.new(0.0000,0.0000,-0.0000,1.0000,-0.0000,0.0000,0.0000,0.8374,-0.5465,0.0000,0.5465,0.8374),
      ["LeftUpperLeg"] = CFrame.new(0.0000,-0.0000,-0.0000,0.8570,0.3293,0.3965,0.0292,0.7371,-0.6752,-0.5145,0.5902,0.6220),
      ["LeftLowerLeg"] = CFrame.new(0.0000,-0.0000,-0.0000,1.0000,-0.0000,0.0000,-0.0000,-0.0038,1.0000,-0.0000,-1.0000,-0.0038),
      ["LeftFoot"] = CFrame.new(0.0000,0.0000,-0.0000,1.0000,-0.0000,0.0000,0.0000,0.9931,-0.1175,-0.0000,0.1175,0.9931),
      ["RightUpperLeg"] = CFrame.new(-0.0000,0.0000,-0.0000,0.8673,-0.4040,-0.2909,0.0997,0.7136,-0.6935,0.4877,0.5724,0.6591),
      ["RightLowerLeg"] = CFrame.new(-0.0001,0.0000,0.0000,1.0000,0.0000,-0.0000,0.0000,-0.0390,0.9992,0.0000,-0.9992,-0.0390),
      ["RightFoot"] = CFrame.new(-0.0000,0.0000,0.0000,1.0000,0.0000,-0.0000,-0.0000,0.9988,-0.0481,0.0000,0.0481,0.9988),
    }},
    {Time = 0.500, Data = {
      ["HumanoidRootPart"] = CFrame.new(0.0000,0.0000,0.0000,1.0000,0.0000,0.0000,0.0000,1.0000,0.0000,0.0000,0.0000,1.0000),
      ["LowerTorso"] = CFrame.new(0.0000,2.1562,0.0000,-0.9970,-0.0776,-0.0000,0.0776,-0.9970,-0.0000,-0.0000,-0.0000,1.0000),
      ["UpperTorso"] = CFrame.new(0.0000,0.0000,0.0000,0.9797,0.2007,0.0000,-0.2007,0.9797,-0.0000,-0.0000,0.0000,1.0000),
      ["LeftUpperArm"] = CFrame.new(0.0000,0.0000,0.0000,0.2437,0.5988,-0.7629,-0.2293,-0.7288,-0.6453,-0.9424,0.3322,-0.0403),
      ["LeftLowerArm"] = CFrame.new(0.0000,-0.0000,0.0000,1.0000,0.0000,-0.0000,-0.0000,0.3832,-0.9236,-0.0000,0.9236,0.3832),
      ["LeftHand"] = CFrame.new(0.0000,0.0000,0.0000,1.0000,0.0000,-0.0000,-0.0000,0.8845,-0.4665,0.0000,0.4665,0.8845),
      ["Head"] = CFrame.new(0.0000,2.0000,0.0000,-1.0000,-0.0000,-0.0000,0.0000,-1.0000,0.0000,-0.0000,0.0000,1.0000),
      ["RightUpperArm"] = CFrame.new(0.0001,0.0000,-0.0000,0.2149,-0.5975,0.7725,0.1585,-0.7592,-0.6313,0.9637,0.2581,-0.0685),
      ["RightLowerArm"] = CFrame.new(0.0000,-0.0000,-0.0000,1.0000,-0.0000,0.0000,0.0000,0.4609,-0.8874,-0.0000,0.8874,0.4609),
      ["RightHand"] = CFrame.new(0.0000,0.0000,-0.0000,1.0000,-0.0000,0.0000,0.0000,0.8415,-0.5403,0.0000,0.5403,0.8415),
      ["LeftUpperLeg"] = CFrame.new(0.0000,-0.0000,-0.0000,0.8570,0.3286,0.3970,0.0292,0.7382,-0.6740,-0.5145,0.5892,0.6230),
      ["LeftLowerLeg"] = CFrame.new(0.0000,-0.0000,-0.0000,1.0000,-0.0000,0.0000,-0.0000,0.0050,1.0000,-0.0000,-1.0000,0.0050),
      ["LeftFoot"] = CFrame.new(0.0000,0.0000,-0.0000,1.0000,-0.0000,0.0000,0.0000,0.9931,-0.1175,-0.0000,0.1175,0.9931),
      ["RightUpperLeg"] = CFrame.new(-0.0000,0.0000,-0.0000,0.8673,-0.4034,-0.2917,0.0997,0.7149,-0.6921,0.4877,0.5712,0.6602),
      ["RightLowerLeg"] = CFrame.new(-0.0001,0.0000,0.0000,1.0000,0.0000,-0.0000,0.0000,-0.0319,0.9995,0.0000,-0.9995,-0.0319),
      ["RightFoot"] = CFrame.new(-0.0000,0.0000,0.0000,1.0000,0.0000,-0.0000,-0.0000,0.9988,-0.0481,0.0000,0.0481,0.9988),
    }},
    {Time = 0.533, Data = {
      ["HumanoidRootPart"] = CFrame.new(0.0000,0.0000,0.0000,1.0000,0.0000,0.0000,0.0000,1.0000,0.0000,0.0000,0.0000,1.0000),
      ["LowerTorso"] = CFrame.new(0.0000,2.1754,0.0000,-0.9971,-0.0764,-0.0000,0.0764,-0.9971,-0.0000,-0.0000,-0.0000,1.0000),
      ["UpperTorso"] = CFrame.new(0.0000,0.0000,0.0000,0.9803,0.1976,0.0000,-0.1976,0.9803,-0.0000,-0.0000,0.0000,1.0000),
      ["LeftUpperArm"] = CFrame.new(0.0000,0.0000,0.0000,0.2439,0.6016,-0.7607,-0.2292,-0.7264,-0.6480,-0.9423,0.3324,-0.0392),
      ["LeftLowerArm"] = CFrame.new(0.0000,-0.0000,0.0000,1.0000,0.0000,-0.0000,-0.0000,0.3775,-0.9260,-0.0000,0.9260,0.3775),
      ["LeftHand"] = CFrame.new(0.0000,0.0000,0.0000,1.0000,0.0000,-0.0000,-0.0000,0.8874,-0.4610,0.0000,0.4610,0.8874),
      ["Head"] = CFrame.new(0.0000,2.0000,0.0000,-1.0000,-0.0000,-0.0000,0.0000,-1.0000,0.0000,-0.0000,0.0000,1.0000),
      ["RightUpperArm"] = CFrame.new(0.0001,0.0000,-0.0000,0.2150,-0.5997,0.7708,0.1584,-0.7574,-0.6334,0.9637,0.2583,-0.0679),
      ["RightLowerArm"] = CFrame.new(0.0000,-0.0000,-0.0000,1.0000,-0.0000,0.0000,0.0000,0.4551,-0.8904,-0.0000,0.8904,0.4551),
      ["RightHand"] = CFrame.new(0.0000,0.0000,-0.0000,1.0000,-0.0000,0.0000,0.0000,0.8456,-0.5338,0.0000,0.5338,0.8456),
      ["LeftUpperLeg"] = CFrame.new(0.0000,-0.0000,-0.0000,0.8570,0.3279,0.3975,0.0292,0.7393,-0.6727,-0.5145,0.5881,0.6240),
      ["LeftLowerLeg"] = CFrame.new(0.0000,-0.0000,-0.0000,1.0000,-0.0000,0.0000,-0.0000,0.0141,0.9999,-0.0000,-0.9999,0.0141),
      ["LeftFoot"] = CFrame.new(0.0000,0.0000,-0.0000,1.0000,-0.0000,0.0000,0.0000,0.9931,-0.1175,-0.0000,0.1175,0.9931),
      ["RightUpperLeg"] = CFrame.new(-0.0000,0.0000,-0.0000,0.8673,-0.4028,-0.2925,0.0997,0.7163,-0.6907,0.4877,0.5699,0.6614),
      ["RightLowerLeg"] = CFrame.new(-0.0001,0.0000,0.0000,1.0000,0.0000,-0.0000,0.0000,-0.0244,0.9997,0.0000,-0.9997,-0.0244),
      ["RightFoot"] = CFrame.new(-0.0000,0.0000,0.0000,1.0000,0.0000,-0.0000,-0.0000,0.9988,-0.0481,0.0000,0.0481,0.9988),
    }},
    {Time = 0.567, Data = {
      ["HumanoidRootPart"] = CFrame.new(0.0000,0.0000,0.0000,1.0000,0.0000,0.0000,0.0000,1.0000,0.0000,0.0000,0.0000,1.0000),
      ["LowerTorso"] = CFrame.new(0.0000,2.1953,0.0000,-0.9972,-0.0752,-0.0000,0.0752,-0.9972,-0.0000,-0.0000,-0.0000,1.0000),
      ["UpperTorso"] = CFrame.new(0.0000,0.0000,0.0000,0.9809,0.1944,0.0000,-0.1944,0.9809,-0.0000,-0.0000,0.0000,1.0000),
      ["LeftUpperArm"] = CFrame.new(0.0000,0.0000,0.0000,0.2441,0.6045,-0.7583,-0.2292,-0.7238,-0.6508,-0.9423,0.3326,-0.0381),
      ["LeftLowerArm"] = CFrame.new(0.0000,-0.0000,0.0000,1.0000,0.0000,-0.0000,-0.0000,0.3716,-0.9284,-0.0000,0.9284,0.3716),
      ["LeftHand"] = CFrame.new(0.0000,0.0000,0.0000,1.0000,0.0000,-0.0000,-0.0000,0.8904,-0.4552,0.0000,0.4552,0.8904),
      ["Head"] = CFrame.new(0.0000,2.0000,0.0000,-1.0000,-0.0000,-0.0000,0.0000,-1.0000,0.0000,-0.0000,0.0000,1.0000),
      ["RightUpperArm"] = CFrame.new(0.0001,0.0000,-0.0000,0.2151,-0.6019,0.7690,0.1584,-0.7555,-0.6357,0.9637,0.2586,-0.0672),
      ["RightLowerArm"] = CFrame.new(0.0000,-0.0000,-0.0000,1.0000,-0.0000,0.0000,0.0000,0.4490,-0.8935,-0.0000,0.8935,0.4490),
      ["RightHand"] = CFrame.new(0.0000,0.0000,-0.0000,1.0000,-0.0000,0.0000,0.0000,0.8499,-0.5270,0.0000,0.5270,0.8499),
      ["LeftUpperLeg"] = CFrame.new(0.0000,-0.0000,-0.0000,0.8570,0.3272,0.3981,0.0292,0.7405,-0.6714,-0.5145,0.5870,0.6251),
      ["LeftLowerLeg"] = CFrame.new(0.0000,-0.0000,-0.0000,1.0000,-0.0000,0.0000,-0.0000,0.0236,0.9997,-0.0000,-0.9997,0.0236),
      ["LeftFoot"] = CFrame.new(0.0000,0.0000,-0.0000,1.0000,-0.0000,0.0000,0.0000,0.9931,-0.1175,-0.0000,0.1175,0.9931),
      ["RightUpperLeg"] = CFrame.new(-0.0000,0.0000,-0.0000,0.8673,-0.4021,-0.2933,0.0997,0.7177,-0.6892,0.4876,0.5685,0.6626),
      ["RightLowerLeg"] = CFrame.new(-0.0001,0.0000,0.0000,1.0000,0.0000,-0.0000,0.0000,-0.0167,0.9999,0.0000,-0.9999,-0.0167),
      ["RightFoot"] = CFrame.new(-0.0000,0.0000,0.0000,1.0000,0.0000,-0.0000,-0.0000,0.9988,-0.0481,0.0000,0.0481,0.9988),
    }},
    {Time = 0.600, Data = {
      ["HumanoidRootPart"] = CFrame.new(0.0000,0.0000,0.0000,1.0000,0.0000,0.0000,0.0000,1.0000,0.0000,0.0000,0.0000,1.0000),
      ["LowerTorso"] = CFrame.new(0.0000,2.2160,0.0000,-0.9973,-0.0738,-0.0000,0.0738,-0.9973,-0.0000,-0.0000,-0.0000,1.0000),
      ["UpperTorso"] = CFrame.new(0.0000,0.0000,0.0000,0.9816,0.1910,0.0000,-0.1910,0.9816,-0.0000,-0.0000,0.0000,1.0000),
      ["LeftUpperArm"] = CFrame.new(0.0000,0.0000,0.0000,0.2442,0.6075,-0.7558,-0.2291,-0.7212,-0.6537,-0.9423,0.3328,-0.0370),
      ["LeftLowerArm"] = CFrame.new(0.0000,-0.0000,0.0000,1.0000,0.0000,-0.0000,-0.0000,0.3654,-0.9309,-0.0000,0.9309,0.3654),
      ["LeftHand"] = CFrame.new(0.0000,0.0000,0.0000,1.0000,0.0000,-0.0000,-0.0000,0.8934,-0.4493,0.0000,0.4493,0.8934),
      ["Head"] = CFrame.new(0.0000,2.0000,0.0000,-1.0000,-0.0000,-0.0000,0.0000,-1.0000,0.0000,-0.0000,0.0000,1.0000),
      ["RightUpperArm"] = CFrame.new(0.0001,0.0000,-0.0000,0.2152,-0.6042,0.7672,0.1584,-0.7536,-0.6380,0.9636,0.2588,-0.0665),
      ["RightLowerArm"] = CFrame.new(0.0000,-0.0000,-0.0000,1.0000,-0.0000,0.0000,0.0000,0.4427,-0.8967,-0.0000,0.8967,0.4427),
      ["RightHand"] = CFrame.new(0.0000,0.0000,-0.0000,1.0000,-0.0000,0.0000,0.0000,0.8542,-0.5199,0.0000,0.5199,0.8542),
      ["LeftUpperLeg"] = CFrame.new(0.0000,-0.0000,-0.0000,0.8570,0.3264,0.3987,0.0292,0.7418,-0.6700,-0.5144,0.5859,0.6262),
      ["LeftLowerLeg"] = CFrame.new(0.0000,-0.0000,-0.0000,1.0000,-0.0000,0.0000,-0.0000,0.0335,0.9994,-0.0000,-0.9994,0.0335),
      ["LeftFoot"] = CFrame.new(0.0000,0.0000,-0.0000,1.0000,-0.0000,0.0000,0.0000,0.9931,-0.1175,-0.0000,0.1175,0.9931),
      ["RightUpperLeg"] = CFrame.new(-0.0000,0.0000,-0.0000,0.8674,-0.4015,-0.2941,0.0997,0.7192,-0.6876,0.4876,0.5671,0.6638),
      ["RightLowerLeg"] = CFrame.new(-0.0001,0.0000,0.0000,1.0000,0.0000,-0.0000,0.0000,-0.0087,1.0000,0.0000,-1.0000,-0.0087),
      ["RightFoot"] = CFrame.new(-0.0000,0.0000,0.0000,1.0000,0.0000,-0.0000,-0.0000,0.9988,-0.0481,0.0000,0.0481,0.9988),
    }},
    {Time = 0.633, Data = {
      ["HumanoidRootPart"] = CFrame.new(0.0000,0.0000,0.0000,1.0000,0.0000,0.0000,0.0000,1.0000,0.0000,0.0000,0.0000,1.0000),
      ["LowerTorso"] = CFrame.new(0.0000,2.2373,0.0000,-0.9974,-0.0725,-0.0000,0.0725,-0.9974,-0.0000,-0.0000,-0.0000,1.0000),
      ["UpperTorso"] = CFrame.new(0.0000,0.0000,0.0000,0.9823,0.1875,0.0000,-0.1875,0.9823,-0.0000,-0.0000,0.0000,1.0000),
      ["LeftUpperArm"] = CFrame.new(0.0000,0.0000,0.0000,0.2444,0.6106,-0.7533,-0.2291,-0.7185,-0.6567,-0.9422,0.3330,-0.0357),
      ["LeftLowerArm"] = CFrame.new(0.0000,-0.0000,0.0000,1.0000,0.0000,-0.0000,-0.0000,0.3589,-0.9334,-0.0000,0.9334,0.3589),
      ["LeftHand"] = CFrame.new(0.0000,0.0000,0.0000,1.0000,0.0000,-0.0000,-0.0000,0.8965,-0.4431,0.0000,0.4431,0.8965),
      ["Head"] = CFrame.new(0.0000,2.0000,0.0000,-1.0000,-0.0000,-0.0000,0.0000,-1.0000,0.0000,-0.0000,0.0000,1.0000),
      ["RightUpperArm"] = CFrame.new(0.0001,0.0000,-0.0000,0.2153,-0.6066,0.7653,0.1583,-0.7516,-0.6403,0.9636,0.2591,-0.0658),
      ["RightLowerArm"] = CFrame.new(0.0000,-0.0000,-0.0000,1.0000,-0.0000,0.0000,0.0000,0.4361,-0.8999,-0.0000,0.8999,0.4361),
      ["RightHand"] = CFrame.new(0.0000,0.0000,-0.0000,1.0000,-0.0000,0.0000,0.0000,0.8587,-0.5125,0.0000,0.5125,0.8587),
      ["LeftUpperLeg"] = CFrame.new(0.0000,-0.0000,-0.0000,0.8570,0.3257,0.3993,0.0292,0.7430,-0.6686,-0.5144,0.5847,0.6273),
      ["LeftLowerLeg"] = CFrame.new(0.0000,-0.0000,-0.0000,1.0000,-0.0000,0.0000,-0.0000,0.0437,0.9990,-0.0000,-0.9990,0.0437),
      ["LeftFoot"] = CFrame.new(0.0000,0.0000,-0.0000,1.0000,-0.0000,0.0000,0.0000,0.9931,-0.1175,-0.0000,0.1175,0.9931),
      ["RightUpperLeg"] = CFrame.new(-0.0000,0.0000,-0.0000,0.8674,-0.4008,-0.2950,0.0997,0.7207,-0.6860,0.4876,0.5656,0.6651),
      ["RightLowerLeg"] = CFrame.new(-0.0001,0.0000,0.0000,1.0000,0.0000,-0.0000,0.0000,-0.0004,1.0000,0.0000,-1.0000,-0.0004),
      ["RightFoot"] = CFrame.new(-0.0000,0.0000,0.0000,1.0000,0.0000,-0.0000,-0.0000,0.9988,-0.0481,0.0000,0.0481,0.9988),
    }},
    {Time = 0.667, Data = {
      ["HumanoidRootPart"] = CFrame.new(0.0000,0.0000,0.0000,1.0000,0.0000,0.0000,0.0000,1.0000,0.0000,0.0000,0.0000,1.0000),
      ["LowerTorso"] = CFrame.new(0.0000,2.2593,0.0000,-0.9975,-0.0710,-0.0000,0.0710,-0.9975,-0.0000,-0.0000,-0.0000,1.0000),
      ["UpperTorso"] = CFrame.new(0.0000,0.0000,0.0000,0.9830,0.1838,0.0000,-0.1838,0.9830,-0.0000,-0.0000,0.0000,1.0000),
      ["LeftUpperArm"] = CFrame.new(0.0000,0.0000,0.0000,0.2445,0.6137,-0.7507,-0.2290,-0.7157,-0.6598,-0.9422,0.3332,-0.0345),
      ["LeftLowerArm"] = CFrame.new(0.0000,-0.0000,0.0000,1.0000,0.0000,-0.0000,-0.0000,0.3523,-0.9359,-0.0000,0.9359,0.3523),
      ["LeftHand"] = CFrame.new(0.0000,0.0000,0.0000,1.0000,0.0000,-0.0000,-0.0000,0.8996,-0.4367,0.0000,0.4367,0.8996),
      ["Head"] = CFrame.new(0.0000,2.0000,0.0000,-1.0000,-0.0000,-0.0000,0.0000,-1.0000,0.0000,-0.0000,0.0000,1.0000),
      ["RightUpperArm"] = CFrame.new(0.0001,0.0000,-0.0000,0.2154,-0.6091,0.7633,0.1583,-0.7495,-0.6428,0.9636,0.2593,-0.0650),
      ["RightLowerArm"] = CFrame.new(0.0000,-0.0000,-0.0000,1.0000,-0.0000,0.0000,0.0000,0.4293,-0.9031,0.0000,0.9031,0.4293),
      ["RightHand"] = CFrame.new(0.0000,0.0000,-0.0000,1.0000,-0.0000,0.0000,0.0000,0.8632,-0.5049,-0.0000,0.5049,0.8632),
      ["LeftUpperLeg"] = CFrame.new(0.0000,-0.0000,-0.0000,0.8571,0.3249,0.3999,0.0292,0.7443,-0.6672,-0.5144,0.5834,0.6285),
      ["LeftLowerLeg"] = CFrame.new(0.0000,-0.0000,-0.0000,1.0000,-0.0000,0.0000,-0.0000,0.0541,0.9985,-0.0000,-0.9985,0.0541),
      ["LeftFoot"] = CFrame.new(0.0000,0.0000,-0.0000,1.0000,-0.0000,0.0000,0.0000,0.9931,-0.1175,-0.0000,0.1175,0.9931),
      ["RightUpperLeg"] = CFrame.new(-0.0000,0.0000,-0.0000,0.8674,-0.4001,-0.2959,0.0997,0.7223,-0.6844,0.4875,0.5641,0.6664),
      ["RightLowerLeg"] = CFrame.new(-0.0001,0.0000,0.0000,1.0000,0.0000,-0.0000,0.0000,0.0082,1.0000,0.0000,-1.0000,0.0082),
      ["RightFoot"] = CFrame.new(-0.0000,0.0000,0.0000,1.0000,0.0000,-0.0000,-0.0000,0.9988,-0.0481,0.0000,0.0481,0.9988),
    }},
    {Time = 0.700, Data = {
      ["HumanoidRootPart"] = CFrame.new(0.0000,0.0000,0.0000,1.0000,0.0000,0.0000,0.0000,1.0000,0.0000,0.0000,0.0000,1.0000),
      ["LowerTorso"] = CFrame.new(0.0000,2.2817,0.0000,-0.9976,-0.0696,0.0000,0.0696,-0.9976,0.0000,0.0000,0.0000,1.0000),
      ["UpperTorso"] = CFrame.new(0.0000,0.0000,0.0000,0.9837,0.1800,0.0000,-0.1800,0.9837,-0.0000,-0.0000,0.0000,1.0000),
      ["LeftUpperArm"] = CFrame.new(0.0000,0.0000,0.0000,0.2447,0.6170,-0.7480,-0.2290,-0.7128,-0.6629,-0.9422,0.3334,-0.0331),
      ["LeftLowerArm"] = CFrame.new(0.0000,-0.0000,0.0000,1.0000,0.0000,-0.0000,-0.0000,0.3455,-0.9384,-0.0000,0.9384,0.3455),
      ["LeftHand"] = CFrame.new(0.0000,0.0000,0.0000,1.0000,0.0000,-0.0000,-0.0000,0.9028,-0.4301,0.0000,0.4301,0.9028),
      ["Head"] = CFrame.new(0.0000,2.0000,0.0000,-1.0000,-0.0000,-0.0000,0.0000,-1.0000,0.0000,-0.0000,0.0000,1.0000),
      ["RightUpperArm"] = CFrame.new(0.0001,0.0000,-0.0000,0.2155,-0.6116,0.7613,0.1583,-0.7474,-0.6452,0.9636,0.2595,-0.0642),
      ["RightLowerArm"] = CFrame.new(0.0000,-0.0000,-0.0000,1.0000,-0.0000,0.0000,0.0000,0.4224,-0.9064,0.0000,0.9064,0.4224),
      ["RightHand"] = CFrame.new(0.0000,0.0000,-0.0000,1.0000,-0.0000,0.0000,0.0000,0.8677,-0.4970,-0.0000,0.4970,0.8677),
      ["LeftUpperLeg"] = CFrame.new(0.0000,-0.0000,-0.0000,0.8571,0.3240,0.4006,0.0292,0.7457,-0.6657,-0.5144,0.5822,0.6297),
      ["LeftLowerLeg"] = CFrame.new(0.0000,-0.0000,-0.0000,1.0000,-0.0000,0.0000,-0.0000,0.0649,0.9979,-0.0000,-0.9979,0.0649),
      ["LeftFoot"] = CFrame.new(0.0000,0.0000,-0.0000,1.0000,-0.0000,0.0000,0.0000,0.9931,-0.1175,-0.0000,0.1175,0.9931),
      ["RightUpperLeg"] = CFrame.new(-0.0000,0.0000,-0.0000,0.8674,-0.3994,-0.2968,0.0997,0.7239,-0.6827,0.4875,0.5626,0.6677),
      ["RightLowerLeg"] = CFrame.new(-0.0001,0.0000,0.0000,1.0000,0.0000,-0.0000,0.0000,0.0169,0.9999,0.0000,-0.9999,0.0169),
      ["RightFoot"] = CFrame.new(-0.0000,0.0000,0.0000,1.0000,0.0000,-0.0000,-0.0000,0.9988,-0.0481,0.0000,0.0481,0.9988),
    }},
    {Time = 0.733, Data = {
      ["HumanoidRootPart"] = CFrame.new(0.0000,0.0000,0.0000,1.0000,0.0000,0.0000,0.0000,1.0000,0.0000,0.0000,0.0000,1.0000),
      ["LowerTorso"] = CFrame.new(0.0000,2.3047,0.0000,-0.9977,-0.0681,-0.0000,0.0681,-0.9977,-0.0000,-0.0000,-0.0000,1.0000),
      ["UpperTorso"] = CFrame.new(0.0000,0.0000,0.0000,0.9844,0.1761,0.0000,-0.1761,0.9844,-0.0000,-0.0000,0.0000,1.0000),
      ["LeftUpperArm"] = CFrame.new(0.0000,0.0000,0.0000,0.2448,0.6203,-0.7452,-0.2289,-0.7099,-0.6661,-0.9422,0.3336,-0.0318),
      ["LeftLowerArm"] = CFrame.new(0.0000,-0.0000,0.0000,1.0000,0.0000,-0.0000,-0.0000,0.3386,-0.9409,-0.0000,0.9409,0.3386),
      ["LeftHand"] = CFrame.new(0.0000,0.0000,0.0000,1.0000,0.0000,-0.0000,-0.0000,0.9059,-0.4234,0.0000,0.4234,0.9059),
      ["Head"] = CFrame.new(0.0000,2.0000,0.0000,-1.0000,-0.0000,-0.0000,0.0000,-1.0000,0.0000,-0.0000,0.0000,1.0000),
      ["RightUpperArm"] = CFrame.new(0.0001,0.0000,-0.0000,0.2156,-0.6142,0.7592,0.1583,-0.7452,-0.6478,0.9636,0.2598,-0.0634),
      ["RightLowerArm"] = CFrame.new(0.0000,-0.0000,-0.0000,1.0000,-0.0000,0.0000,0.0000,0.4152,-0.9097,0.0000,0.9097,0.4152),
      ["RightHand"] = CFrame.new(0.0000,0.0000,-0.0000,1.0000,-0.0000,0.0000,0.0000,0.8723,-0.4889,-0.0000,0.4889,0.8723),
      ["LeftUpperLeg"] = CFrame.new(0.0000,-0.0000,-0.0000,0.8571,0.3232,0.4012,0.0292,0.7471,-0.6641,-0.5144,0.5809,0.6309),
      ["LeftLowerLeg"] = CFrame.new(0.0000,-0.0000,-0.0000,1.0000,-0.0000,0.0000,-0.0000,0.0758,0.9971,-0.0000,-0.9971,0.0758),
      ["LeftFoot"] = CFrame.new(0.0000,0.0000,-0.0000,1.0000,-0.0000,0.0000,0.0000,0.9931,-0.1175,-0.0000,0.1175,0.9931),
      ["RightUpperLeg"] = CFrame.new(-0.0000,0.0000,-0.0000,0.8674,-0.3987,-0.2978,0.0997,0.7255,-0.6809,0.4875,0.5610,0.6691),
      ["RightLowerLeg"] = CFrame.new(-0.0001,0.0000,0.0000,1.0000,0.0000,-0.0000,0.0000,0.0258,0.9997,0.0000,-0.9997,0.0258),
      ["RightFoot"] = CFrame.new(-0.0000,0.0000,0.0000,1.0000,0.0000,-0.0000,-0.0000,0.9988,-0.0481,0.0000,0.0481,0.9988),
    }},
    {Time = 0.767, Data = {
      ["HumanoidRootPart"] = CFrame.new(0.0000,0.0000,0.0000,1.0000,0.0000,0.0000,0.0000,1.0000,0.0000,0.0000,0.0000,1.0000),
      ["LowerTorso"] = CFrame.new(0.0000,2.3282,0.0000,-0.9978,-0.0665,0.0000,0.0665,-0.9978,0.0000,0.0000,0.0000,1.0000),
      ["UpperTorso"] = CFrame.new(0.0000,0.0000,0.0000,0.9851,0.1721,0.0000,-0.1721,0.9851,-0.0000,-0.0000,0.0000,1.0000),
      ["LeftUpperArm"] = CFrame.new(0.0000,0.0000,0.0000,0.2449,0.6236,-0.7424,-0.2289,-0.7069,-0.6693,-0.9421,0.3338,-0.0304),
      ["LeftLowerArm"] = CFrame.new(0.0000,-0.0000,0.0000,1.0000,0.0000,-0.0000,-0.0000,0.3314,-0.9435,-0.0000,0.9435,0.3314),
      ["LeftHand"] = CFrame.new(0.0000,0.0000,0.0000,1.0000,0.0000,-0.0000,-0.0000,0.9091,-0.4165,0.0000,0.4165,0.9091),
      ["Head"] = CFrame.new(0.0000,2.0000,0.0000,-1.0000,-0.0000,-0.0000,0.0000,-1.0000,0.0000,-0.0000,0.0000,1.0000),
      ["RightUpperArm"] = CFrame.new(0.0001,0.0000,-0.0000,0.2156,-0.6168,0.7570,0.1582,-0.7430,-0.6504,0.9636,0.2600,-0.0626),
      ["RightLowerArm"] = CFrame.new(0.0000,-0.0000,-0.0000,1.0000,-0.0000,0.0000,0.0000,0.4079,-0.9130,0.0000,0.9130,0.4079),
      ["RightHand"] = CFrame.new(0.0000,0.0000,-0.0000,1.0000,-0.0000,0.0000,0.0000,0.8769,-0.4807,-0.0000,0.4807,0.8769),
      ["LeftUpperLeg"] = CFrame.new(0.0000,-0.0000,-0.0000,0.8571,0.3224,0.4019,0.0292,0.7484,-0.6626,-0.5144,0.5796,0.6321),
      ["LeftLowerLeg"] = CFrame.new(0.0000,-0.0000,-0.0000,1.0000,-0.0000,0.0000,-0.0000,0.0870,0.9962,-0.0000,-0.9962,0.0870),
      ["LeftFoot"] = CFrame.new(0.0000,0.0000,-0.0000,1.0000,-0.0000,0.0000,0.0000,0.9931,-0.1175,-0.0000,0.1175,0.9931),
      ["RightUpperLeg"] = CFrame.new(-0.0000,0.0000,-0.0000,0.8674,-0.3979,-0.2987,0.0997,0.7272,-0.6792,0.4875,0.5593,0.6705),
      ["RightLowerLeg"] = CFrame.new(-0.0001,0.0000,0.0000,1.0000,0.0000,-0.0000,0.0000,0.0350,0.9994,0.0000,-0.9994,0.0350),
      ["RightFoot"] = CFrame.new(-0.0000,0.0000,0.0000,1.0000,0.0000,-0.0000,-0.0000,0.9988,-0.0481,0.0000,0.0481,0.9988),
    }},
    {Time = 0.800, Data = {
      ["HumanoidRootPart"] = CFrame.new(0.0000,0.0000,0.0000,1.0000,0.0000,0.0000,0.0000,1.0000,0.0000,0.0000,0.0000,1.0000),
      ["LowerTorso"] = CFrame.new(0.0000,2.3520,0.0000,-0.9979,-0.0649,-0.0000,0.0649,-0.9979,-0.0000,-0.0000,-0.0000,1.0000),
      ["UpperTorso"] = CFrame.new(0.0000,0.0000,0.0000,0.9858,0.1680,0.0000,-0.1680,0.9858,-0.0000,-0.0000,0.0000,1.0000),
      ["LeftUpperArm"] = CFrame.new(0.0000,0.0000,0.0000,0.2450,0.6270,-0.7395,-0.2288,-0.7038,-0.6726,-0.9421,0.3340,-0.0289),
      ["LeftLowerArm"] = CFrame.new(0.0000,-0.0000,0.0000,1.0000,0.0000,-0.0000,-0.0000,0.3242,-0.9460,-0.0000,0.9460,0.3242),
      ["LeftHand"] = CFrame.new(-0.0000,0.0000,0.0000,1.0000,0.0000,-0.0000,-0.0000,0.9123,-0.4095,0.0000,0.4095,0.9123),
      ["Head"] = CFrame.new(0.0000,2.0000,0.0000,-1.0000,-0.0000,-0.0000,0.0000,-1.0000,0.0000,-0.0000,0.0000,1.0000),
      ["RightUpperArm"] = CFrame.new(0.0001,0.0000,-0.0000,0.2157,-0.6194,0.7549,0.1582,-0.7407,-0.6530,0.9636,0.2603,-0.0617),
      ["RightLowerArm"] = CFrame.new(0.0000,-0.0000,-0.0000,1.0000,-0.0000,0.0000,0.0000,0.4005,-0.9163,0.0000,0.9163,0.4005),
      ["RightHand"] = CFrame.new(0.0000,0.0000,-0.0000,1.0000,-0.0000,0.0000,0.0000,0.8815,-0.4722,-0.0000,0.4722,0.8815),
      ["LeftUpperLeg"] = CFrame.new(0.0000,-0.0000,-0.0000,0.8571,0.3215,0.4025,0.0292,0.7499,-0.6610,-0.5143,0.5782,0.6333),
      ["LeftLowerLeg"] = CFrame.new(0.0000,-0.0000,-0.0000,1.0000,-0.0000,0.0000,-0.0000,0.0983,0.9952,-0.0000,-0.9952,0.0983),
      ["LeftFoot"] = CFrame.new(0.0000,0.0000,-0.0000,1.0000,-0.0000,0.0000,0.0000,0.9931,-0.1175,-0.0000,0.1175,0.9931),
      ["RightUpperLeg"] = CFrame.new(-0.0000,0.0000,-0.0000,0.8674,-0.3972,-0.2997,0.0997,0.7289,-0.6774,0.4875,0.5577,0.6718),
      ["RightLowerLeg"] = CFrame.new(-0.0001,0.0000,0.0000,1.0000,0.0000,-0.0000,0.0000,0.0442,0.9990,0.0000,-0.9990,0.0442),
      ["RightFoot"] = CFrame.new(-0.0000,0.0000,0.0000,1.0000,0.0000,-0.0000,-0.0000,0.9988,-0.0481,0.0000,0.0481,0.9988),
    }},
    {Time = 0.833, Data = {
      ["HumanoidRootPart"] = CFrame.new(0.0000,0.0000,0.0000,1.0000,0.0000,0.0000,0.0000,1.0000,0.0000,0.0000,0.0000,1.0000),
      ["LowerTorso"] = CFrame.new(0.0000,2.3762,0.0000,-0.9980,-0.0632,-0.0000,0.0632,-0.9980,-0.0000,-0.0000,-0.0000,1.0000),
      ["UpperTorso"] = CFrame.new(0.0000,0.0000,0.0000,0.9865,0.1638,0.0000,-0.1638,0.9865,-0.0000,-0.0000,0.0000,1.0000),
      ["LeftUpperArm"] = CFrame.new(0.0000,0.0000,0.0000,0.2451,0.6305,-0.7365,-0.2288,-0.7006,-0.6759,-0.9421,0.3342,-0.0275),
      ["LeftLowerArm"] = CFrame.new(0.0000,-0.0000,0.0000,1.0000,0.0000,-0.0000,-0.0000,0.3168,-0.9485,-0.0000,0.9485,0.3168),
      ["LeftHand"] = CFrame.new(-0.0000,0.0000,0.0000,1.0000,0.0000,-0.0000,-0.0000,0.9155,-0.4023,0.0000,0.4023,0.9155),
      ["Head"] = CFrame.new(0.0000,2.0000,0.0000,-1.0000,-0.0000,-0.0000,0.0000,-1.0000,0.0000,-0.0000,0.0000,1.0000),
      ["RightUpperArm"] = CFrame.new(0.0001,0.0000,-0.0000,0.2157,-0.6221,0.7526,0.1582,-0.7383,-0.6556,0.9636,0.2605,-0.0609),
      ["RightLowerArm"] = CFrame.new(0.0000,-0.0000,-0.0000,1.0000,-0.0000,0.0000,0.0000,0.3929,-0.9196,0.0000,0.9196,0.3929),
      ["RightHand"] = CFrame.new(0.0000,0.0000,-0.0000,1.0000,-0.0000,0.0000,0.0000,0.8861,-0.4636,-0.0000,0.4636,0.8861),
      ["LeftUpperLeg"] = CFrame.new(0.0000,-0.0000,-0.0000,0.8571,0.3206,0.4032,0.0292,0.7513,-0.6593,-0.5143,0.5769,0.6346),
      ["LeftLowerLeg"] = CFrame.new(0.0000,-0.0000,-0.0000,1.0000,-0.0000,0.0000,-0.0000,0.1098,0.9940,-0.0000,-0.9940,0.1098),
      ["LeftFoot"] = CFrame.new(0.0000,0.0000,-0.0000,1.0000,-0.0000,0.0000,0.0000,0.9931,-0.1175,-0.0000,0.1175,0.9931),
      ["RightUpperLeg"] = CFrame.new(-0.0000,0.0000,-0.0000,0.8674,-0.3964,-0.3007,0.0997,0.7306,-0.6755,0.4874,0.5560,0.6732),
      ["RightLowerLeg"] = CFrame.new(-0.0001,0.0000,0.0000,1.0000,0.0000,-0.0000,0.0000,0.0536,0.9986,0.0000,-0.9986,0.0536),
      ["RightFoot"] = CFrame.new(-0.0000,0.0000,0.0000,1.0000,0.0000,-0.0000,-0.0000,0.9988,-0.0481,0.0000,0.0481,0.9988),
    }},
    {Time = 0.867, Data = {
      ["HumanoidRootPart"] = CFrame.new(0.0000,0.0000,0.0000,1.0000,0.0000,0.0000,0.0000,1.0000,0.0000,0.0000,0.0000,1.0000),
      ["LowerTorso"] = CFrame.new(0.0000,2.4006,0.0000,-0.9981,-0.0616,-0.0000,0.0616,-0.9981,-0.0000,-0.0000,-0.0000,1.0000),
      ["UpperTorso"] = CFrame.new(0.0000,0.0000,0.0000,0.9872,0.1595,0.0000,-0.1595,0.9872,-0.0000,-0.0000,0.0000,1.0000),
      ["LeftUpperArm"] = CFrame.new(0.0000,0.0000,0.0000,0.2452,0.6339,-0.7335,-0.2288,-0.6974,-0.6792,-0.9421,0.3343,-0.0260),
      ["LeftLowerArm"] = CFrame.new(0.0000,-0.0000,0.0000,1.0000,0.0000,-0.0000,-0.0000,0.3093,-0.9510,-0.0000,0.9510,0.3093),
      ["LeftHand"] = CFrame.new(-0.0000,0.0000,0.0000,1.0000,0.0000,-0.0000,-0.0000,0.9187,-0.3951,0.0000,0.3951,0.9187),
      ["Head"] = CFrame.new(0.0000,2.0000,0.0000,-1.0000,-0.0000,-0.0000,0.0000,-1.0000,0.0000,-0.0000,0.0000,1.0000),
      ["RightUpperArm"] = CFrame.new(0.0001,0.0000,-0.0000,0.2158,-0.6248,0.7504,0.1582,-0.7360,-0.6583,0.9635,0.2607,-0.0600),
      ["RightLowerArm"] = CFrame.new(0.0000,-0.0000,-0.0000,1.0000,-0.0000,0.0000,0.0000,0.3852,-0.9229,0.0000,0.9229,0.3852),
      ["RightHand"] = CFrame.new(0.0000,0.0000,-0.0000,1.0000,-0.0000,0.0000,0.0000,0.8906,-0.4548,-0.0000,0.4548,0.8906),
      ["LeftUpperLeg"] = CFrame.new(0.0000,-0.0000,-0.0000,0.8571,0.3197,0.4039,0.0292,0.7527,-0.6577,-0.5143,0.5755,0.6358),
      ["LeftLowerLeg"] = CFrame.new(0.0000,-0.0000,-0.0000,1.0000,-0.0000,0.0000,-0.0000,0.1214,0.9926,-0.0000,-0.9926,0.1214),
      ["LeftFoot"] = CFrame.new(0.0000,0.0000,-0.0000,1.0000,-0.0000,0.0000,0.0000,0.9931,-0.1175,-0.0000,0.1175,0.9931),
      ["RightUpperLeg"] = CFrame.new(-0.0000,0.0000,-0.0000,0.8674,-0.3956,-0.3017,0.0997,0.7323,-0.6737,0.4874,0.5543,0.6747),
      ["RightLowerLeg"] = CFrame.new(-0.0001,0.0000,0.0000,1.0000,0.0000,-0.0000,0.0000,0.0631,0.9980,0.0000,-0.9980,0.0631),
      ["RightFoot"] = CFrame.new(-0.0000,0.0000,0.0000,1.0000,0.0000,-0.0000,-0.0000,0.9988,-0.0481,0.0000,0.0481,0.9988),
    }},
    {Time = 0.900, Data = {
      ["HumanoidRootPart"] = CFrame.new(0.0000,0.0000,0.0000,1.0000,0.0000,0.0000,0.0000,1.0000,0.0000,0.0000,0.0000,1.0000),
      ["LowerTorso"] = CFrame.new(0.0000,2.4253,0.0000,-0.9982,-0.0598,-0.0000,0.0598,-0.9982,-0.0000,-0.0000,-0.0000,1.0000),
      ["UpperTorso"] = CFrame.new(0.0000,0.0000,0.0000,0.9879,0.1550,0.0000,-0.1550,0.9879,-0.0000,-0.0000,0.0000,1.0000),
      ["LeftUpperArm"] = CFrame.new(0.0000,0.0000,0.0000,0.2452,0.6374,-0.7304,-0.2287,-0.6941,-0.6825,-0.9421,0.3344,-0.0244),
      ["LeftLowerArm"] = CFrame.new(0.0000,-0.0000,0.0000,1.0000,0.0000,-0.0000,-0.0000,0.3017,-0.9534,-0.0000,0.9534,0.3017),
      ["LeftHand"] = CFrame.new(-0.0000,0.0000,0.0000,1.0000,0.0000,-0.0000,-0.0000,0.9218,-0.3877,0.0000,0.3877,0.9218),
      ["Head"] = CFrame.new(0.0000,2.0000,0.0000,-1.0000,-0.0000,-0.0000,0.0000,-1.0000,0.0000,-0.0000,0.0000,1.0000),
      ["RightUpperArm"] = CFrame.new(0.0001,0.0000,-0.0000,0.2158,-0.6275,0.7481,0.1582,-0.7336,-0.6609,0.9635,0.2610,-0.0590),
      ["RightLowerArm"] = CFrame.new(0.0000,-0.0000,-0.0000,1.0000,-0.0000,0.0000,0.0000,0.3774,-0.9261,0.0000,0.9261,0.3774),
      ["RightHand"] = CFrame.new(0.0000,0.0000,-0.0000,1.0000,-0.0000,0.0000,0.0000,0.8951,-0.4459,-0.0000,0.4459,0.8951),
      ["LeftUpperLeg"] = CFrame.new(0.0000,-0.0000,-0.0000,0.8571,0.3188,0.4046,0.0292,0.7542,-0.6560,-0.5143,0.5741,0.6371),
      ["LeftLowerLeg"] = CFrame.new(0.0000,-0.0000,-0.0000,1.0000,-0.0000,0.0000,-0.0000,0.1331,0.9911,-0.0000,-0.9911,0.1331),
      ["LeftFoot"] = CFrame.new(0.0000,0.0000,-0.0000,1.0000,-0.0000,0.0000,0.0000,0.9931,-0.1175,-0.0000,0.1175,0.9931),
      ["RightUpperLeg"] = CFrame.new(-0.0000,0.0000,-0.0000,0.8675,-0.3948,-0.3027,0.0997,0.7340,-0.6718,0.4874,0.5526,0.6761),
      ["RightLowerLeg"] = CFrame.new(-0.0001,0.0000,0.0000,1.0000,0.0000,-0.0000,0.0000,0.0726,0.9974,0.0000,-0.9974,0.0726),
      ["RightFoot"] = CFrame.new(-0.0000,0.0000,0.0000,1.0000,0.0000,-0.0000,-0.0000,0.9988,-0.0481,0.0000,0.0481,0.9988),
    }},
    {Time = 0.933, Data = {
      ["HumanoidRootPart"] = CFrame.new(0.0000,0.0000,0.0000,1.0000,0.0000,0.0000,0.0000,1.0000,0.0000,0.0000,0.0000,1.0000),
      ["LowerTorso"] = CFrame.new(0.0000,2.4501,0.0000,-0.9983,-0.0581,0.0000,0.0581,-0.9983,0.0000,0.0000,0.0000,1.0000),
      ["UpperTorso"] = CFrame.new(0.0000,0.0000,0.0000,0.9886,0.1506,0.0000,-0.1506,0.9886,-0.0000,-0.0000,0.0000,1.0000),
      ["LeftUpperArm"] = CFrame.new(0.0000,0.0000,0.0000,0.2453,0.6409,-0.7274,-0.2287,-0.6908,-0.6859,-0.9421,0.3346,-0.0228),
      ["LeftLowerArm"] = CFrame.new(0.0000,-0.0000,0.0000,1.0000,0.0000,-0.0000,-0.0000,0.2941,-0.9558,-0.0000,0.9558,0.2941),
      ["LeftHand"] = CFrame.new(-0.0000,0.0000,0.0000,1.0000,0.0000,-0.0000,-0.0000,0.9249,-0.3803,0.0000,0.3803,0.9249),
      ["Head"] = CFrame.new(0.0000,2.0000,0.0000,-1.0000,-0.0000,-0.0000,0.0000,-1.0000,0.0000,-0.0000,0.0000,1.0000),
      ["RightUpperArm"] = CFrame.new(0.0001,0.0000,-0.0000,0.2158,-0.6302,0.7458,0.1582,-0.7312,-0.6636,0.9635,0.2612,-0.0581),
      ["RightLowerArm"] = CFrame.new(0.0000,-0.0000,-0.0000,1.0000,-0.0000,0.0000,0.0000,0.3695,-0.9292,0.0000,0.9292,0.3695),
      ["RightHand"] = CFrame.new(0.0000,0.0000,-0.0000,1.0000,-0.0000,0.0000,0.0000,0.8995,-0.4369,-0.0000,0.4369,0.8995),
      ["LeftUpperLeg"] = CFrame.new(0.0000,-0.0000,-0.0000,0.8571,0.3179,0.4053,0.0292,0.7556,-0.6544,-0.5143,0.5727,0.6384),
      ["LeftLowerLeg"] = CFrame.new(0.0000,-0.0000,-0.0000,1.0000,-0.0000,0.0000,-0.0000,0.1448,0.9895,-0.0000,-0.9895,0.1448),
      ["LeftFoot"] = CFrame.new(0.0000,0.0000,-0.0000,1.0000,-0.0000,0.0000,0.0000,0.9931,-0.1175,-0.0000,0.1175,0.9931),
      ["RightUpperLeg"] = CFrame.new(-0.0000,0.0000,-0.0000,0.8675,-0.3941,-0.3037,0.0997,0.7357,-0.6699,0.4874,0.5508,0.6775),
      ["RightLowerLeg"] = CFrame.new(-0.0001,0.0000,0.0000,1.0000,0.0000,-0.0000,0.0000,0.0823,0.9966,0.0000,-0.9966,0.0823),
      ["RightFoot"] = CFrame.new(-0.0000,0.0000,0.0000,1.0000,0.0000,-0.0000,-0.0000,0.9988,-0.0481,0.0000,0.0481,0.9988),
    }},
    {Time = 0.967, Data = {
      ["HumanoidRootPart"] = CFrame.new(0.0000,0.0000,0.0000,1.0000,0.0000,0.0000,0.0000,1.0000,0.0000,0.0000,0.0000,1.0000),
      ["LowerTorso"] = CFrame.new(0.0000,2.4750,0.0000,-0.9984,-0.0563,-0.0000,0.0563,-0.9984,-0.0000,-0.0000,-0.0000,1.0000),
      ["UpperTorso"] = CFrame.new(0.0000,0.0000,0.0000,0.9893,0.1460,0.0000,-0.1460,0.9893,-0.0000,-0.0000,0.0000,1.0000),
      ["LeftUpperArm"] = CFrame.new(0.0000,0.0000,0.0000,0.2453,0.6444,-0.7242,-0.2287,-0.6875,-0.6892,-0.9421,0.3347,-0.0213),
      ["LeftLowerArm"] = CFrame.new(0.0000,-0.0000,0.0000,1.0000,0.0000,-0.0000,-0.0000,0.2864,-0.9581,-0.0000,0.9581,0.2864),
      ["LeftHand"] = CFrame.new(-0.0000,0.0000,0.0000,1.0000,0.0000,-0.0000,-0.0000,0.9279,-0.3728,0.0000,0.3728,0.9279),
      ["Head"] = CFrame.new(0.0000,2.0000,0.0000,-1.0000,-0.0000,-0.0000,0.0000,-1.0000,0.0000,-0.0000,0.0000,1.0000),
      ["RightUpperArm"] = CFrame.new(0.0001,0.0000,-0.0000,0.2158,-0.6330,0.7435,0.1582,-0.7287,-0.6663,0.9635,0.2614,-0.0572),
      ["RightLowerArm"] = CFrame.new(0.0000,-0.0000,-0.0000,1.0000,-0.0000,0.0000,0.0000,0.3615,-0.9324,0.0000,0.9324,0.3615),
      ["RightHand"] = CFrame.new(0.0000,0.0000,-0.0000,1.0000,-0.0000,0.0000,0.0000,0.9038,-0.4279,-0.0000,0.4279,0.9038),
      ["LeftUpperLeg"] = CFrame.new(0.0000,-0.0000,-0.0000,0.8571,0.3170,0.4060,0.0292,0.7571,-0.6527,-0.5143,0.5713,0.6397),
      ["LeftLowerLeg"] = CFrame.new(0.0000,-0.0000,-0.0000,1.0000,-0.0000,0.0000,-0.0000,0.1566,0.9877,-0.0000,-0.9877,0.1566),
      ["LeftFoot"] = CFrame.new(0.0000,0.0000,-0.0000,1.0000,-0.0000,0.0000,0.0000,0.9931,-0.1175,-0.0000,0.1175,0.9931),
      ["RightUpperLeg"] = CFrame.new(-0.0000,0.0000,-0.0000,0.8675,-0.3933,-0.3047,0.0997,0.7375,-0.6680,0.4874,0.5491,0.6789),
      ["RightLowerLeg"] = CFrame.new(-0.0001,0.0000,0.0000,1.0000,0.0000,-0.0000,0.0000,0.0919,0.9958,0.0000,-0.9958,0.0919),
      ["RightFoot"] = CFrame.new(-0.0000,0.0000,0.0000,1.0000,0.0000,-0.0000,-0.0000,0.9988,-0.0481,0.0000,0.0481,0.9988),
    }},
    {Time = 1.000, Data = {
      ["HumanoidRootPart"] = CFrame.new(0.0000,0.0000,0.0000,1.0000,0.0000,0.0000,0.0000,1.0000,0.0000,0.0000,0.0000,1.0000),
      ["LowerTorso"] = CFrame.new(0.0000,2.5000,0.0000,-0.9985,-0.0545,-0.0000,0.0545,-0.9985,-0.0000,-0.0000,-0.0000,1.0000),
      ["UpperTorso"] = CFrame.new(0.0000,0.0000,0.0000,0.9900,0.1413,0.0000,-0.1413,0.9900,-0.0000,-0.0000,0.0000,1.0000),
      ["LeftUpperArm"] = CFrame.new(0.0000,0.0000,0.0000,0.2453,0.6479,-0.7211,-0.2287,-0.6842,-0.6925,-0.9421,0.3348,-0.0196),
      ["LeftLowerArm"] = CFrame.new(0.0000,-0.0000,0.0000,1.0000,0.0000,-0.0000,-0.0000,0.2786,-0.9604,-0.0000,0.9604,0.2786),
      ["LeftHand"] = CFrame.new(-0.0000,0.0000,0.0000,1.0000,0.0000,-0.0000,-0.0000,0.9309,-0.3653,0.0000,0.3653,0.9309),
      ["Head"] = CFrame.new(0.0000,2.0000,0.0000,-1.0000,-0.0000,-0.0000,0.0000,-1.0000,0.0000,-0.0000,0.0000,1.0000),
      ["RightUpperArm"] = CFrame.new(0.0001,0.0000,-0.0000,0.2158,-0.6357,0.7411,0.1581,-0.7262,-0.6690,0.9635,0.2616,-0.0562),
      ["RightLowerArm"] = CFrame.new(0.0000,-0.0000,-0.0000,1.0000,-0.0000,0.0000,0.0000,0.3535,-0.9354,0.0000,0.9354,0.3535),
      ["RightHand"] = CFrame.new(0.0000,0.0000,-0.0000,1.0000,-0.0000,0.0000,0.0000,0.9081,-0.4187,-0.0000,0.4187,0.9081),
      ["LeftUpperLeg"] = CFrame.new(0.0000,-0.0000,-0.0000,0.8571,0.3161,0.4067,0.0292,0.7585,-0.6510,-0.5143,0.5698,0.6409),
      ["LeftLowerLeg"] = CFrame.new(0.0000,-0.0000,-0.0000,1.0000,-0.0000,0.0000,-0.0000,0.1684,0.9857,-0.0000,-0.9857,0.1684),
      ["LeftFoot"] = CFrame.new(0.0000,0.0000,-0.0000,1.0000,-0.0000,0.0000,0.0000,0.9931,-0.1175,-0.0000,0.1175,0.9931),
      ["RightUpperLeg"] = CFrame.new(-0.0000,0.0000,-0.0000,0.8675,-0.3925,-0.3057,0.0997,0.7392,-0.6661,0.4874,0.5473,0.6804),
      ["RightLowerLeg"] = CFrame.new(-0.0001,0.0000,0.0000,1.0000,0.0000,-0.0000,0.0000,0.1016,0.9948,0.0000,-0.9948,0.1016),
      ["RightFoot"] = CFrame.new(-0.0000,0.0000,0.0000,1.0000,0.0000,-0.0000,-0.0000,0.9988,-0.0481,0.0000,0.0481,0.9988),
    }},
    {Time = 1.033, Data = {
      ["HumanoidRootPart"] = CFrame.new(0.0000,0.0000,0.0000,1.0000,0.0000,0.0000,0.0000,1.0000,0.0000,0.0000,0.0000,1.0000),
      ["LowerTorso"] = CFrame.new(0.0000,2.5250,0.0000,-0.9986,-0.0527,-0.0000,0.0527,-0.9986,-0.0000,-0.0000,-0.0000,1.0000),
      ["UpperTorso"] = CFrame.new(0.0000,0.0000,0.0000,0.9906,0.1366,0.0000,-0.1366,0.9906,-0.0000,-0.0000,0.0000,1.0000),
      ["LeftUpperArm"] = CFrame.new(0.0000,0.0000,0.0000,0.2453,0.6514,-0.7180,-0.2287,-0.6808,-0.6959,-0.9421,0.3349,-0.0180),
      ["LeftLowerArm"] = CFrame.new(0.0000,-0.0000,0.0000,1.0000,0.0000,-0.0000,-0.0000,0.2709,-0.9626,-0.0000,0.9626,0.2709),
      ["LeftHand"] = CFrame.new(-0.0000,0.0000,0.0000,1.0000,0.0000,-0.0000,-0.0000,0.9338,-0.3577,0.0000,0.3577,0.9338),
      ["Head"] = CFrame.new(0.0000,2.0000,0.0000,-1.0000,-0.0000,-0.0000,0.0000,-1.0000,0.0000,-0.0000,0.0000,1.0000),
      ["RightUpperArm"] = CFrame.new(0.0001,0.0000,-0.0000,0.2158,-0.6384,0.7388,0.1581,-0.7238,-0.6717,0.9635,0.2618,-0.0552),
      ["RightLowerArm"] = CFrame.new(0.0000,-0.0000,-0.0000,1.0000,-0.0000,0.0000,0.0000,0.3455,-0.9384,0.0000,0.9384,0.3455),
      ["RightHand"] = CFrame.new(0.0000,0.0000,-0.0000,1.0000,-0.0000,0.0000,0.0000,0.9123,-0.4095,-0.0000,0.4095,0.9123),
      ["LeftUpperLeg"] = CFrame.new(0.0000,-0.0000,-0.0000,0.8571,0.3152,0.4074,0.0292,0.7600,-0.6493,-0.5143,0.5684,0.6422),
      ["LeftLowerLeg"] = CFrame.new(0.0000,-0.0000,-0.0000,1.0000,-0.0000,0.0000,-0.0000,0.1801,0.9836,-0.0000,-0.9836,0.1801),
      ["LeftFoot"] = CFrame.new(0.0000,0.0000,-0.0000,1.0000,-0.0000,0.0000,0.0000,0.9931,-0.1175,-0.0000,0.1175,0.9931),
      ["RightUpperLeg"] = CFrame.new(-0.0000,0.0000,-0.0000,0.8675,-0.3917,-0.3068,0.0997,0.7409,-0.6641,0.4874,0.5455,0.6818),
      ["RightLowerLeg"] = CFrame.new(-0.0001,0.0000,0.0000,1.0000,0.0000,-0.0000,0.0000,0.1113,0.9938,0.0000,-0.9938,0.1113),
      ["RightFoot"] = CFrame.new(-0.0000,0.0000,0.0000,1.0000,0.0000,-0.0000,-0.0000,0.9988,-0.0481,0.0000,0.0481,0.9988),
    }},
    {Time = 1.067, Data = {
      ["HumanoidRootPart"] = CFrame.new(0.0000,0.0000,0.0000,1.0000,0.0000,0.0000,0.0000,1.0000,0.0000,0.0000,0.0000,1.0000),
      ["LowerTorso"] = CFrame.new(0.0000,2.5499,0.0000,-0.9987,-0.0508,-0.0000,0.0508,-0.9987,-0.0000,-0.0000,-0.0000,1.0000),
      ["UpperTorso"] = CFrame.new(0.0000,0.0000,0.0000,0.9913,0.1319,0.0000,-0.1319,0.9913,-0.0000,-0.0000,0.0000,1.0000),
      ["LeftUpperArm"] = CFrame.new(0.0000,0.0000,0.0000,0.2453,0.6549,-0.7148,-0.2287,-0.6774,-0.6991,-0.9421,0.3349,-0.0164),
      ["LeftLowerArm"] = CFrame.new(0.0000,-0.0000,0.0000,1.0000,0.0000,-0.0000,-0.0000,0.2631,-0.9648,-0.0000,0.9648,0.2631),
      ["LeftHand"] = CFrame.new(-0.0000,0.0000,0.0000,1.0000,0.0000,-0.0000,-0.0000,0.9367,-0.3502,0.0000,0.3502,0.9367),
      ["Head"] = CFrame.new(0.0000,2.0000,0.0000,-1.0000,-0.0000,-0.0000,0.0000,-1.0000,0.0000,-0.0000,0.0000,1.0000),
      ["RightUpperArm"] = CFrame.new(0.0001,0.0000,-0.0000,0.2158,-0.6412,0.7364,0.1581,-0.7213,-0.6743,0.9635,0.2620,-0.0543),
      ["RightLowerArm"] = CFrame.new(0.0000,-0.0000,-0.0000,1.0000,-0.0000,0.0000,0.0000,0.3375,-0.9413,0.0000,0.9413,0.3375),
      ["RightHand"] = CFrame.new(0.0000,0.0000,-0.0000,1.0000,-0.0000,0.0000,0.0000,0.9164,-0.4003,-0.0000,0.4003,0.9164),
      ["LeftUpperLeg"] = CFrame.new(0.0000,-0.0000,-0.0000,0.8571,0.3143,0.4081,0.0292,0.7614,-0.6476,-0.5143,0.5670,0.6434),
      ["LeftLowerLeg"] = CFrame.new(0.0000,-0.0000,-0.0000,1.0000,-0.0000,0.0000,-0.0000,0.1918,0.9814,-0.0000,-0.9814,0.1918),
      ["LeftFoot"] = CFrame.new(0.0000,0.0000,-0.0000,1.0000,-0.0000,0.0000,0.0000,0.9931,-0.1175,-0.0000,0.1175,0.9931),
      ["RightUpperLeg"] = CFrame.new(-0.0000,0.0000,-0.0000,0.8675,-0.3909,-0.3078,0.0997,0.7427,-0.6622,0.4874,0.5438,0.6832),
      ["RightLowerLeg"] = CFrame.new(-0.0001,0.0000,0.0000,1.0000,0.0000,-0.0000,0.0000,0.1209,0.9927,0.0000,-0.9927,0.1209),
      ["RightFoot"] = CFrame.new(-0.0000,0.0000,0.0000,1.0000,0.0000,-0.0000,-0.0000,0.9988,-0.0481,0.0000,0.0481,0.9988),
    }},
    {Time = 1.100, Data = {
      ["HumanoidRootPart"] = CFrame.new(0.0000,0.0000,0.0000,1.0000,0.0000,0.0000,0.0000,1.0000,0.0000,0.0000,0.0000,1.0000),
      ["LowerTorso"] = CFrame.new(0.0000,2.5747,0.0000,-0.9988,-0.0490,-0.0000,0.0490,-0.9988,-0.0000,-0.0000,-0.0000,1.0000),
      ["UpperTorso"] = CFrame.new(0.0000,0.0000,0.0000,0.9919,0.1270,0.0000,-0.1270,0.9919,-0.0000,-0.0000,0.0000,1.0000),
      ["LeftUpperArm"] = CFrame.new(0.0000,0.0000,0.0000,0.2452,0.6584,-0.7116,-0.2287,-0.6740,-0.7024,-0.9421,0.3350,-0.0147),
      ["LeftLowerArm"] = CFrame.new(-0.0000,-0.0000,0.0000,1.0000,0.0000,-0.0000,-0.0000,0.2554,-0.9668,-0.0000,0.9668,0.2554),
      ["LeftHand"] = CFrame.new(-0.0000,0.0000,0.0000,1.0000,0.0000,-0.0000,-0.0000,0.9395,-0.3426,0.0000,0.3426,0.9395),
      ["Head"] = CFrame.new(0.0000,2.0000,0.0000,-1.0000,-0.0000,-0.0000,0.0000,-1.0000,0.0000,-0.0000,0.0000,1.0000),
      ["RightUpperArm"] = CFrame.new(0.0001,0.0000,-0.0000,0.2158,-0.6439,0.7341,0.1582,-0.7188,-0.6770,0.9635,0.2622,-0.0533),
      ["RightLowerArm"] = CFrame.new(0.0000,-0.0000,-0.0000,1.0000,-0.0000,0.0000,0.0000,0.3295,-0.9442,0.0000,0.9442,0.3295),
      ["RightHand"] = CFrame.new(0.0000,0.0000,-0.0000,1.0000,-0.0000,0.0000,0.0000,0.9203,-0.3911,-0.0000,0.3911,0.9203),
      ["LeftUpperLeg"] = CFrame.new(0.0000,-0.0000,-0.0000,0.8571,0.3134,0.4088,0.0292,0.7628,-0.6459,-0.5143,0.5656,0.6447),
      ["LeftLowerLeg"] = CFrame.new(0.0000,-0.0000,-0.0000,1.0000,-0.0000,0.0000,-0.0000,0.2035,0.9791,-0.0000,-0.9791,0.2035),
      ["LeftFoot"] = CFrame.new(0.0000,0.0000,-0.0000,1.0000,-0.0000,0.0000,0.0000,0.9931,-0.1175,-0.0000,0.1175,0.9931),
      ["RightUpperLeg"] = CFrame.new(-0.0000,0.0000,-0.0000,0.8675,-0.3901,-0.3088,0.0997,0.7444,-0.6603,0.4874,0.5420,0.6846),
      ["RightLowerLeg"] = CFrame.new(-0.0001,0.0000,0.0000,1.0000,0.0000,-0.0000,0.0000,0.1305,0.9915,0.0000,-0.9915,0.1305),
      ["RightFoot"] = CFrame.new(-0.0000,0.0000,0.0000,1.0000,0.0000,-0.0000,-0.0000,0.9988,-0.0481,0.0000,0.0481,0.9988),
    }},
    {Time = 1.133, Data = {
      ["HumanoidRootPart"] = CFrame.new(0.0000,0.0000,0.0000,1.0000,0.0000,0.0000,0.0000,1.0000,0.0000,0.0000,0.0000,1.0000),
      ["LowerTorso"] = CFrame.new(0.0000,2.5994,0.0000,-0.9989,-0.0471,-0.0000,0.0471,-0.9989,-0.0000,-0.0000,-0.0000,1.0000),
      ["UpperTorso"] = CFrame.new(0.0000,0.0000,0.0000,0.9925,0.1222,0.0000,-0.1222,0.9925,-0.0000,-0.0000,0.0000,1.0000),
      ["LeftUpperArm"] = CFrame.new(0.0000,0.0000,0.0000,0.2452,0.6618,-0.7085,-0.2287,-0.6707,-0.7056,-0.9421,0.3350,-0.0131),
      ["LeftLowerArm"] = CFrame.new(-0.0000,-0.0000,0.0000,1.0000,0.0000,-0.0000,-0.0000,0.2477,-0.9688,-0.0000,0.9688,0.2477),
      ["LeftHand"] = CFrame.new(-0.0000,0.0000,0.0000,1.0000,0.0000,-0.0000,-0.0000,0.9422,-0.3351,0.0000,0.3351,0.9422),
      ["Head"] = CFrame.new(0.0000,2.0000,0.0000,-1.0000,-0.0000,-0.0000,0.0000,-1.0000,0.0000,-0.0000,0.0000,1.0000),
      ["RightUpperArm"] = CFrame.new(0.0001,0.0000,-0.0000,0.2158,-0.6465,0.7317,0.1582,-0.7164,-0.6796,0.9636,0.2624,-0.0523),
      ["RightLowerArm"] = CFrame.new(0.0000,-0.0000,-0.0000,1.0000,-0.0000,0.0000,0.0000,0.3215,-0.9469,0.0000,0.9469,0.3215),
      ["RightHand"] = CFrame.new(0.0000,0.0000,-0.0000,1.0000,-0.0000,0.0000,0.0000,0.9242,-0.3819,-0.0000,0.3819,0.9242),
      ["LeftUpperLeg"] = CFrame.new(0.0000,-0.0000,-0.0000,0.8571,0.3125,0.4095,0.0292,0.7643,-0.6442,-0.5143,0.5641,0.6459),
      ["LeftLowerLeg"] = CFrame.new(0.0000,-0.0000,-0.0000,1.0000,-0.0000,0.0000,-0.0000,0.2150,0.9766,-0.0000,-0.9766,0.2150),
      ["LeftFoot"] = CFrame.new(0.0000,0.0000,-0.0000,1.0000,-0.0000,0.0000,0.0000,0.9931,-0.1175,-0.0000,0.1175,0.9931),
      ["RightUpperLeg"] = CFrame.new(-0.0000,0.0000,-0.0000,0.8674,-0.3893,-0.3098,0.0997,0.7461,-0.6584,0.4874,0.5402,0.6860),
      ["RightLowerLeg"] = CFrame.new(-0.0001,0.0000,0.0000,1.0000,0.0000,-0.0000,0.0000,0.1400,0.9902,0.0000,-0.9902,0.1400),
      ["RightFoot"] = CFrame.new(-0.0000,0.0000,0.0000,1.0000,0.0000,-0.0000,-0.0000,0.9988,-0.0481,0.0000,0.0481,0.9988),
    }},
    {Time = 1.167, Data = {
      ["HumanoidRootPart"] = CFrame.new(0.0000,0.0000,0.0000,1.0000,0.0000,0.0000,0.0000,1.0000,0.0000,0.0000,0.0000,1.0000),
      ["LowerTorso"] = CFrame.new(0.0000,2.6238,0.0000,-0.9990,-0.0452,-0.0000,0.0452,-0.9990,-0.0000,-0.0000,-0.0000,1.0000),
      ["UpperTorso"] = CFrame.new(0.0000,0.0000,0.0000,0.9931,0.1172,0.0000,-0.1172,0.9931,-0.0000,-0.0000,0.0000,1.0000),
      ["LeftUpperArm"] = CFrame.new(0.0000,0.0000,0.0000,0.2451,0.6651,-0.7054,-0.2287,-0.6673,-0.7088,-0.9421,0.3350,-0.0114),
      ["LeftLowerArm"] = CFrame.new(-0.0000,-0.0000,0.0000,1.0000,0.0000,-0.0000,-0.0000,0.2400,-0.9708,-0.0000,0.9708,0.2400),
      ["LeftHand"] = CFrame.new(-0.0000,0.0000,0.0000,1.0000,0.0000,-0.0000,-0.0000,0.9448,-0.3276,0.0000,0.3276,0.9448),
      ["Head"] = CFrame.new(0.0000,2.0000,0.0000,-1.0000,-0.0000,-0.0000,0.0000,-1.0000,0.0000,-0.0000,0.0000,1.0000),
      ["RightUpperArm"] = CFrame.new(0.0001,0.0000,-0.0000,0.2157,-0.6492,0.7294,0.1582,-0.7139,-0.6822,0.9636,0.2625,-0.0513),
      ["RightLowerArm"] = CFrame.new(0.0000,-0.0000,-0.0000,1.0000,-0.0000,0.0000,0.0000,0.3136,-0.9496,0.0000,0.9496,0.3136),
      ["RightHand"] = CFrame.new(0.0000,0.0000,-0.0000,1.0000,-0.0000,0.0000,0.0000,0.9279,-0.3728,-0.0000,0.3728,0.9279),
      ["LeftUpperLeg"] = CFrame.new(0.0000,-0.0000,-0.0000,0.8571,0.3116,0.4102,0.0292,0.7657,-0.6426,-0.5143,0.5627,0.6472),
      ["LeftLowerLeg"] = CFrame.new(0.0000,-0.0000,-0.0000,1.0000,-0.0000,0.0000,-0.0000,0.2264,0.9740,-0.0000,-0.9740,0.2264),
      ["LeftFoot"] = CFrame.new(0.0000,0.0000,-0.0000,1.0000,-0.0000,0.0000,0.0000,0.9931,-0.1175,-0.0000,0.1175,0.9931),
      ["RightUpperLeg"] = CFrame.new(-0.0000,0.0000,-0.0000,0.8674,-0.3885,-0.3108,0.0997,0.7477,-0.6565,0.4875,0.5385,0.6873),
      ["RightLowerLeg"] = CFrame.new(-0.0001,0.0000,0.0000,1.0000,0.0000,-0.0000,0.0000,0.1494,0.9888,0.0000,-0.9888,0.1494),
      ["RightFoot"] = CFrame.new(-0.0000,0.0000,0.0000,1.0000,0.0000,-0.0000,-0.0000,0.9988,-0.0481,0.0000,0.0481,0.9988),
    }},
    {Time = 1.200, Data = {
      ["HumanoidRootPart"] = CFrame.new(0.0000,0.0000,0.0000,1.0000,0.0000,0.0000,0.0000,1.0000,0.0000,0.0000,0.0000,1.0000),
      ["LowerTorso"] = CFrame.new(0.0000,2.6480,0.0000,-0.9991,-0.0433,-0.0000,0.0433,-0.9991,-0.0000,-0.0000,-0.0000,1.0000),
      ["UpperTorso"] = CFrame.new(0.0000,0.0000,0.0000,0.9937,0.1123,0.0000,-0.1123,0.9937,-0.0000,-0.0000,0.0000,1.0000),
      ["LeftUpperArm"] = CFrame.new(0.0000,0.0000,0.0000,0.2450,0.6685,-0.7022,-0.2288,-0.6640,-0.7119,-0.9422,0.3350,-0.0098),
      ["LeftLowerArm"] = CFrame.new(-0.0000,-0.0000,0.0000,1.0000,0.0000,-0.0000,-0.0000,0.2325,-0.9726,-0.0000,0.9726,0.2325),
      ["LeftHand"] = CFrame.new(-0.0000,0.0000,0.0000,1.0000,0.0000,-0.0000,-0.0000,0.9473,-0.3202,0.0000,0.3202,0.9473),
      ["Head"] = CFrame.new(0.0000,2.0000,0.0000,-1.0000,-0.0000,-0.0000,0.0000,-1.0000,0.0000,-0.0000,0.0000,1.0000),
      ["RightUpperArm"] = CFrame.new(0.0001,0.0000,-0.0000,0.2157,-0.6518,0.7271,0.1582,-0.7115,-0.6847,0.9636,0.2627,-0.0503),
      ["RightLowerArm"] = CFrame.new(0.0000,-0.0000,-0.0000,1.0000,-0.0000,0.0000,0.0000,0.3057,-0.9521,0.0000,0.9521,0.3057),
      ["RightHand"] = CFrame.new(0.0000,0.0000,-0.0000,1.0000,-0.0000,0.0000,0.0000,0.9315,-0.3637,-0.0000,0.3637,0.9315),
      ["LeftUpperLeg"] = CFrame.new(0.0000,-0.0000,-0.0000,0.8571,0.3107,0.4109,0.0292,0.7670,-0.6409,-0.5143,0.5613,0.6484),
      ["LeftLowerLeg"] = CFrame.new(0.0000,-0.0000,-0.0000,1.0000,-0.0000,0.0000,-0.0000,0.2376,0.9714,-0.0000,-0.9714,0.2376),
      ["LeftFoot"] = CFrame.new(0.0000,0.0000,-0.0000,1.0000,-0.0000,0.0000,0.0000,0.9931,-0.1175,-0.0000,0.1175,0.9931),
      ["RightUpperLeg"] = CFrame.new(-0.0000,0.0000,-0.0000,0.8674,-0.3878,-0.3118,0.0997,0.7494,-0.6546,0.4875,0.5368,0.6887),
      ["RightLowerLeg"] = CFrame.new(-0.0001,0.0000,0.0000,1.0000,0.0000,-0.0000,0.0000,0.1587,0.9873,0.0000,-0.9873,0.1587),
      ["RightFoot"] = CFrame.new(-0.0000,0.0000,0.0000,1.0000,0.0000,-0.0000,-0.0000,0.9988,-0.0481,0.0000,0.0481,0.9988),
    }},
    {Time = 1.233, Data = {
      ["HumanoidRootPart"] = CFrame.new(0.0000,0.0000,0.0000,1.0000,0.0000,0.0000,0.0000,1.0000,0.0000,0.0000,0.0000,1.0000),
      ["LowerTorso"] = CFrame.new(0.0000,2.6718,0.0000,-0.9991,-0.0413,0.0000,0.0413,-0.9991,0.0000,0.0000,0.0000,1.0000),
      ["UpperTorso"] = CFrame.new(0.0000,0.0000,0.0000,0.9942,0.1073,0.0000,-0.1073,0.9942,-0.0000,-0.0000,0.0000,1.0000),
      ["LeftUpperArm"] = CFrame.new(0.0000,0.0000,0.0000,0.2449,0.6717,-0.6991,-0.2288,-0.6607,-0.7149,-0.9422,0.3350,-0.0081),
      ["LeftLowerArm"] = CFrame.new(-0.0000,-0.0000,0.0000,1.0000,0.0000,-0.0000,-0.0000,0.2250,-0.9744,-0.0000,0.9744,0.2250),
      ["LeftHand"] = CFrame.new(-0.0000,0.0000,0.0000,1.0000,0.0000,-0.0000,-0.0000,0.9498,-0.3129,0.0000,0.3129,0.9498),
      ["Head"] = CFrame.new(0.0000,2.0000,0.0000,-1.0000,-0.0000,-0.0000,0.0000,-1.0000,0.0000,-0.0000,0.0000,1.0000),
      ["RightUpperArm"] = CFrame.new(0.0001,0.0000,-0.0000,0.2156,-0.6544,0.7248,0.1582,-0.7090,-0.6872,0.9636,0.2628,-0.0494),
      ["RightLowerArm"] = CFrame.new(0.0000,0.0000,-0.0000,1.0000,-0.0000,0.0000,0.0000,0.2979,-0.9546,0.0000,0.9546,0.2979),
      ["RightHand"] = CFrame.new(0.0000,0.0000,-0.0000,1.0000,-0.0000,0.0000,0.0000,0.9350,-0.3548,-0.0000,0.3548,0.9350),
      ["LeftUpperLeg"] = CFrame.new(0.0000,-0.0000,-0.0000,0.8571,0.3099,0.4116,0.0292,0.7684,-0.6393,-0.5144,0.5599,0.6495),
      ["LeftLowerLeg"] = CFrame.new(0.0000,-0.0000,-0.0000,1.0000,-0.0000,0.0000,-0.0000,0.2486,0.9686,-0.0000,-0.9686,0.2486),
      ["LeftFoot"] = CFrame.new(0.0000,0.0000,-0.0000,1.0000,-0.0000,0.0000,0.0000,0.9931,-0.1175,-0.0000,0.1175,0.9931),
      ["RightUpperLeg"] = CFrame.new(-0.0000,0.0000,-0.0000,0.8674,-0.3870,-0.3128,0.0997,0.7510,-0.6528,0.4875,0.5350,0.6900),
      ["RightLowerLeg"] = CFrame.new(-0.0001,0.0000,0.0000,1.0000,0.0000,-0.0000,0.0000,0.1678,0.9858,0.0000,-0.9858,0.1678),
      ["RightFoot"] = CFrame.new(-0.0000,0.0000,0.0000,1.0000,0.0000,-0.0000,-0.0000,0.9988,-0.0481,0.0000,0.0481,0.9988),
    }},
    {Time = 1.267, Data = {
      ["HumanoidRootPart"] = CFrame.new(0.0000,0.0000,0.0000,1.0000,0.0000,0.0000,0.0000,1.0000,0.0000,0.0000,0.0000,1.0000),
      ["LowerTorso"] = CFrame.new(0.0000,2.6953,0.0000,-0.9992,-0.0394,-0.0000,0.0394,-0.9992,-0.0000,-0.0000,-0.0000,1.0000),
      ["UpperTorso"] = CFrame.new(0.0000,0.0000,0.0000,0.9948,0.1023,0.0000,-0.1023,0.9948,-0.0000,-0.0000,0.0000,1.0000),
      ["LeftUpperArm"] = CFrame.new(0.0000,0.0000,0.0000,0.2448,0.6749,-0.6961,-0.2288,-0.6574,-0.7179,-0.9422,0.3350,-0.0065),
      ["LeftLowerArm"] = CFrame.new(-0.0000,-0.0000,0.0000,1.0000,0.0000,-0.0000,-0.0000,0.2176,-0.9760,-0.0000,0.9760,0.2176),
      ["LeftHand"] = CFrame.new(-0.0000,0.0000,0.0000,1.0000,0.0000,-0.0000,-0.0000,0.9521,-0.3057,0.0000,0.3057,0.9521),
      ["Head"] = CFrame.new(0.0000,2.0000,0.0000,-1.0000,-0.0000,-0.0000,0.0000,-1.0000,0.0000,-0.0000,0.0000,1.0000),
      ["RightUpperArm"] = CFrame.new(0.0001,0.0000,-0.0000,0.2155,-0.6569,0.7225,0.1582,-0.7067,-0.6896,0.9636,0.2630,-0.0484),
      ["RightLowerArm"] = CFrame.new(0.0000,0.0000,-0.0000,1.0000,-0.0000,0.0000,0.0000,0.2903,-0.9569,0.0000,0.9569,0.2903),
      ["RightHand"] = CFrame.new(0.0000,0.0000,-0.0000,1.0000,-0.0000,0.0000,0.0000,0.9383,-0.3459,-0.0000,0.3459,0.9383),
      ["LeftUpperLeg"] = CFrame.new(0.0000,-0.0000,-0.0000,0.8571,0.3090,0.4122,0.0292,0.7697,-0.6377,-0.5144,0.5586,0.6507),
      ["LeftLowerLeg"] = CFrame.new(0.0000,-0.0000,-0.0000,1.0000,-0.0000,0.0000,-0.0000,0.2595,0.9658,-0.0000,-0.9658,0.2595),
      ["LeftFoot"] = CFrame.new(0.0000,0.0000,-0.0000,1.0000,-0.0000,0.0000,0.0000,0.9931,-0.1175,-0.0000,0.1175,0.9931),
      ["RightUpperLeg"] = CFrame.new(-0.0000,-0.0000,-0.0000,0.8674,-0.3863,-0.3137,0.0997,0.7526,-0.6509,0.4875,0.5334,0.6913),
      ["RightLowerLeg"] = CFrame.new(-0.0001,0.0000,0.0000,1.0000,0.0000,-0.0000,0.0000,0.1768,0.9843,0.0000,-0.9843,0.1768),
      ["RightFoot"] = CFrame.new(-0.0000,0.0000,0.0000,1.0000,0.0000,-0.0000,-0.0000,0.9988,-0.0481,0.0000,0.0481,0.9988),
    }},
    {Time = 1.300, Data = {
      ["HumanoidRootPart"] = CFrame.new(0.0000,0.0000,0.0000,1.0000,0.0000,0.0000,0.0000,1.0000,0.0000,0.0000,0.0000,1.0000),
      ["LowerTorso"] = CFrame.new(0.0000,2.7182,0.0000,-0.9993,-0.0375,-0.0000,0.0375,-0.9993,-0.0000,-0.0000,-0.0000,1.0000),
      ["UpperTorso"] = CFrame.new(0.0000,0.0000,0.0000,0.9953,0.0973,0.0000,-0.0973,0.9953,-0.0000,-0.0000,0.0000,1.0000),
      ["LeftUpperArm"] = CFrame.new(0.0000,0.0000,0.0000,0.2446,0.6781,-0.6931,-0.2289,-0.6542,-0.7208,-0.9422,0.3350,-0.0049),
      ["LeftLowerArm"] = CFrame.new(-0.0000,-0.0000,0.0000,1.0000,0.0000,-0.0000,-0.0000,0.2104,-0.9776,-0.0000,0.9776,0.2104),
      ["LeftHand"] = CFrame.new(-0.0000,0.0000,0.0000,1.0000,0.0000,-0.0000,-0.0000,0.9544,-0.2986,0.0000,0.2986,0.9544),
      ["Head"] = CFrame.new(0.0000,2.0000,0.0000,-1.0000,-0.0000,-0.0000,0.0000,-1.0000,0.0000,-0.0000,0.0000,1.0000),
      ["RightUpperArm"] = CFrame.new(0.0001,0.0000,-0.0000,0.2155,-0.6593,0.7203,0.1582,-0.7043,-0.6920,0.9636,0.2631,-0.0474),
      ["RightLowerArm"] = CFrame.new(0.0000,0.0000,-0.0000,1.0000,-0.0000,0.0000,0.0000,0.2827,-0.9592,0.0000,0.9592,0.2827),
      ["RightHand"] = CFrame.new(0.0000,0.0000,-0.0000,1.0000,-0.0000,0.0000,0.0000,0.9414,-0.3372,-0.0000,0.3372,0.9414),
      ["LeftUpperLeg"] = CFrame.new(0.0000,-0.0000,-0.0000,0.8571,0.3082,0.4129,0.0292,0.7710,-0.6361,-0.5144,0.5572,0.6518),
      ["LeftLowerLeg"] = CFrame.new(0.0000,-0.0000,-0.0000,1.0000,-0.0000,0.0000,-0.0000,0.2701,0.9628,-0.0000,-0.9628,0.2701),
      ["LeftFoot"] = CFrame.new(0.0000,0.0000,-0.0000,1.0000,-0.0000,0.0000,0.0000,0.9931,-0.1175,-0.0000,0.1175,0.9931),
      ["RightUpperLeg"] = CFrame.new(-0.0000,-0.0000,-0.0000,0.8674,-0.3855,-0.3146,0.0997,0.7541,-0.6491,0.4875,0.5317,0.6925),
      ["RightLowerLeg"] = CFrame.new(-0.0001,0.0000,0.0000,1.0000,0.0000,-0.0000,0.0000,0.1856,0.9826,0.0000,-0.9826,0.1856),
      ["RightFoot"] = CFrame.new(-0.0000,0.0000,0.0000,1.0000,0.0000,-0.0000,-0.0000,0.9988,-0.0481,0.0000,0.0481,0.9988),
    }},
    {Time = 1.333, Data = {
      ["HumanoidRootPart"] = CFrame.new(0.0000,0.0000,0.0000,1.0000,0.0000,0.0000,0.0000,1.0000,0.0000,0.0000,0.0000,1.0000),
      ["LowerTorso"] = CFrame.new(0.0000,2.7407,0.0000,-0.9994,-0.0355,-0.0000,0.0355,-0.9994,-0.0000,-0.0000,-0.0000,1.0000),
      ["UpperTorso"] = CFrame.new(0.0000,0.0000,0.0000,0.9957,0.0923,0.0000,-0.0923,0.9957,-0.0000,-0.0000,0.0000,1.0000),
      ["LeftUpperArm"] = CFrame.new(0.0000,0.0000,0.0000,0.2445,0.6811,-0.6902,-0.2289,-0.6511,-0.7237,-0.9422,0.3349,-0.0033),
      ["LeftLowerArm"] = CFrame.new(-0.0000,-0.0000,0.0000,1.0000,0.0000,-0.0000,-0.0000,0.2033,-0.9791,-0.0000,0.9791,0.2033),
      ["LeftHand"] = CFrame.new(-0.0000,0.0000,0.0000,1.0000,0.0000,-0.0000,-0.0000,0.9565,-0.2916,0.0000,0.2916,0.9565),
      ["Head"] = CFrame.new(0.0000,2.0000,0.0000,-1.0000,-0.0000,-0.0000,0.0000,-1.0000,0.0000,-0.0000,0.0000,1.0000),
      ["RightUpperArm"] = CFrame.new(0.0001,0.0000,-0.0000,0.2154,-0.6617,0.7181,0.1583,-0.7020,-0.6944,0.9636,0.2632,-0.0465),
      ["RightLowerArm"] = CFrame.new(0.0000,0.0000,-0.0000,1.0000,-0.0000,0.0000,0.0000,0.2753,-0.9613,0.0000,0.9613,0.2753),
      ["RightHand"] = CFrame.new(0.0000,0.0000,-0.0000,1.0000,-0.0000,0.0000,0.0000,0.9445,-0.3286,-0.0000,0.3286,0.9445),
      ["LeftUpperLeg"] = CFrame.new(0.0000,-0.0000,-0.0000,0.8570,0.3074,0.4135,0.0292,0.7723,-0.6346,-0.5144,0.5559,0.6529),
      ["LeftLowerLeg"] = CFrame.new(0.0000,-0.0000,-0.0000,1.0000,-0.0000,0.0000,-0.0000,0.2804,0.9599,-0.0000,-0.9599,0.2804),
      ["LeftFoot"] = CFrame.new(0.0000,0.0000,-0.0000,1.0000,-0.0000,0.0000,0.0000,0.9931,-0.1175,-0.0000,0.1175,0.9931),
      ["RightUpperLeg"] = CFrame.new(-0.0000,-0.0000,-0.0000,0.8674,-0.3848,-0.3156,0.0997,0.7556,-0.6474,0.4876,0.5301,0.6938),
      ["RightLowerLeg"] = CFrame.new(-0.0001,0.0000,0.0000,1.0000,0.0000,-0.0000,0.0000,0.1942,0.9810,0.0000,-0.9810,0.1942),
      ["RightFoot"] = CFrame.new(-0.0000,0.0000,0.0000,1.0000,0.0000,-0.0000,-0.0000,0.9988,-0.0481,0.0000,0.0481,0.9988),
    }},
    {Time = 1.367, Data = {
      ["HumanoidRootPart"] = CFrame.new(0.0000,0.0000,0.0000,1.0000,0.0000,0.0000,0.0000,1.0000,0.0000,0.0000,0.0000,1.0000),
      ["LowerTorso"] = CFrame.new(0.0000,2.7627,0.0000,-0.9994,-0.0336,-0.0000,0.0336,-0.9994,-0.0000,-0.0000,-0.0000,1.0000),
      ["UpperTorso"] = CFrame.new(0.0000,0.0000,0.0000,0.9962,0.0873,0.0000,-0.0873,0.9962,-0.0000,-0.0000,0.0000,1.0000),
      ["LeftUpperArm"] = CFrame.new(0.0000,0.0000,0.0000,0.2444,0.6841,-0.6873,-0.2290,-0.6480,-0.7264,-0.9423,0.3349,-0.0017),
      ["LeftLowerArm"] = CFrame.new(-0.0000,-0.0000,0.0000,1.0000,0.0000,-0.0000,-0.0000,0.1963,-0.9805,-0.0000,0.9805,0.1963),
      ["LeftHand"] = CFrame.new(-0.0000,0.0000,0.0000,1.0000,0.0000,-0.0000,-0.0000,0.9586,-0.2848,0.0000,0.2848,0.9586),
      ["Head"] = CFrame.new(0.0000,2.0000,0.0000,-1.0000,0.0000,-0.0000,-0.0000,-1.0000,0.0000,-0.0000,0.0000,1.0000),
      ["RightUpperArm"] = CFrame.new(0.0001,0.0000,-0.0000,0.2153,-0.6641,0.7160,0.1583,-0.6998,-0.6966,0.9636,0.2633,-0.0455),
      ["RightLowerArm"] = CFrame.new(0.0000,0.0000,-0.0000,1.0000,-0.0000,0.0000,0.0000,0.2681,-0.9634,0.0000,0.9634,0.2681),
      ["RightHand"] = CFrame.new(0.0000,0.0000,-0.0000,1.0000,-0.0000,0.0000,0.0000,0.9473,-0.3202,-0.0000,0.3202,0.9473),
      ["LeftUpperLeg"] = CFrame.new(0.0000,-0.0000,-0.0000,0.8570,0.3066,0.4141,0.0292,0.7735,-0.6331,-0.5144,0.5546,0.6540),
      ["LeftLowerLeg"] = CFrame.new(0.0000,-0.0000,-0.0000,1.0000,-0.0000,0.0000,-0.0000,0.2904,0.9569,-0.0000,-0.9569,0.2904),
      ["LeftFoot"] = CFrame.new(0.0000,0.0000,-0.0000,1.0000,-0.0000,0.0000,0.0000,0.9931,-0.1175,-0.0000,0.1175,0.9931),
      ["RightUpperLeg"] = CFrame.new(-0.0000,-0.0000,-0.0000,0.8674,-0.3841,-0.3165,0.0997,0.7571,-0.6457,0.4876,0.5285,0.6950),
      ["RightLowerLeg"] = CFrame.new(-0.0001,0.0000,0.0000,1.0000,0.0000,-0.0000,0.0000,0.2025,0.9793,0.0000,-0.9793,0.2025),
      ["RightFoot"] = CFrame.new(-0.0000,0.0000,0.0000,1.0000,0.0000,-0.0000,-0.0000,0.9988,-0.0481,0.0000,0.0481,0.9988),
    }},
    {Time = 1.400, Data = {
      ["HumanoidRootPart"] = CFrame.new(0.0000,0.0000,0.0000,1.0000,0.0000,0.0000,0.0000,1.0000,0.0000,0.0000,0.0000,1.0000),
      ["LowerTorso"] = CFrame.new(0.0000,2.7840,0.0000,-0.9995,-0.0317,-0.0000,0.0317,-0.9995,-0.0000,-0.0000,-0.0000,1.0000),
      ["UpperTorso"] = CFrame.new(0.0000,0.0000,0.0000,0.9966,0.0823,0.0000,-0.0823,0.9966,-0.0000,-0.0000,0.0000,1.0000),
      ["LeftUpperArm"] = CFrame.new(0.0000,0.0000,0.0000,0.2442,0.6870,-0.6844,-0.2290,-0.6450,-0.7291,-0.9423,0.3348,-0.0002),
      ["LeftLowerArm"] = CFrame.new(-0.0000,-0.0000,0.0000,1.0000,0.0000,-0.0000,-0.0000,0.1896,-0.9819,-0.0000,0.9819,0.1896),
      ["LeftHand"] = CFrame.new(-0.0000,0.0000,0.0000,1.0000,0.0000,-0.0000,-0.0000,0.9605,-0.2782,0.0000,0.2782,0.9605),
      ["Head"] = CFrame.new(0.0000,2.0000,0.0000,-1.0000,-0.0000,-0.0000,0.0000,-1.0000,0.0000,-0.0000,0.0000,1.0000),
      ["RightUpperArm"] = CFrame.new(0.0001,0.0000,-0.0000,0.2152,-0.6663,0.7139,0.1583,-0.6976,-0.6988,0.9636,0.2634,-0.0446),
      ["RightLowerArm"] = CFrame.new(0.0000,0.0000,-0.0000,1.0000,-0.0000,0.0000,0.0000,0.2611,-0.9653,0.0000,0.9653,0.2611),
      ["RightHand"] = CFrame.new(0.0000,0.0000,-0.0000,1.0000,-0.0000,0.0000,0.0000,0.9501,-0.3121,-0.0000,0.3121,0.9501),
      ["LeftUpperLeg"] = CFrame.new(0.0000,-0.0000,-0.0000,0.8570,0.3058,0.4147,0.0292,0.7747,-0.6316,-0.5145,0.5534,0.6550),
      ["LeftLowerLeg"] = CFrame.new(0.0000,-0.0000,-0.0000,1.0000,-0.0000,0.0000,-0.0000,0.3002,0.9539,-0.0000,-0.9539,0.3002),
      ["LeftFoot"] = CFrame.new(0.0000,0.0000,-0.0000,1.0000,-0.0000,0.0000,0.0000,0.9931,-0.1175,-0.0000,0.1175,0.9931),
      ["RightUpperLeg"] = CFrame.new(-0.0000,-0.0000,-0.0000,0.8673,-0.3834,-0.3173,0.0997,0.7585,-0.6440,0.4876,0.5269,0.6961),
      ["RightLowerLeg"] = CFrame.new(-0.0001,0.0000,0.0000,1.0000,0.0000,-0.0000,0.0000,0.2106,0.9776,0.0000,-0.9776,0.2106),
      ["RightFoot"] = CFrame.new(-0.0000,0.0000,0.0000,1.0000,0.0000,-0.0000,-0.0000,0.9988,-0.0481,0.0000,0.0481,0.9988),
    }},
    {Time = 1.433, Data = {
      ["HumanoidRootPart"] = CFrame.new(0.0000,0.0000,0.0000,1.0000,0.0000,0.0000,0.0000,1.0000,0.0000,0.0000,0.0000,1.0000),
      ["LowerTorso"] = CFrame.new(0.0000,2.8047,0.0000,-0.9996,-0.0297,-0.0000,0.0297,-0.9996,-0.0000,-0.0000,-0.0000,1.0000),
      ["UpperTorso"] = CFrame.new(0.0000,0.0000,0.0000,0.9970,0.0773,0.0000,-0.0773,0.9970,-0.0000,-0.0000,0.0000,1.0000),
      ["LeftUpperArm"] = CFrame.new(0.0000,0.0000,0.0000,0.2440,0.6897,-0.6817,-0.2291,-0.6421,-0.7316,-0.9423,0.3347,0.0013),
      ["LeftLowerArm"] = CFrame.new(-0.0000,-0.0000,0.0000,1.0000,0.0000,-0.0000,-0.0000,0.1830,-0.9831,-0.0000,0.9831,0.1830),
      ["LeftHand"] = CFrame.new(-0.0000,0.0000,0.0000,1.0000,0.0000,-0.0000,-0.0000,0.9624,-0.2718,0.0000,0.2718,0.9624),
      ["Head"] = CFrame.new(0.0000,2.0000,0.0000,-1.0000,0.0000,-0.0000,-0.0000,-1.0000,0.0000,-0.0000,0.0000,1.0000),
      ["RightUpperArm"] = CFrame.new(0.0001,0.0000,-0.0000,0.2151,-0.6685,0.7119,0.1584,-0.6954,-0.7009,0.9637,0.2635,-0.0437),
      ["RightLowerArm"] = CFrame.new(0.0000,0.0000,-0.0000,1.0000,-0.0000,0.0000,0.0000,0.2542,-0.9671,0.0000,0.9671,0.2542),
      ["RightHand"] = CFrame.new(0.0000,0.0000,-0.0000,1.0000,-0.0000,0.0000,0.0000,0.9526,-0.3041,-0.0000,0.3041,0.9526),
      ["LeftUpperLeg"] = CFrame.new(0.0000,-0.0000,-0.0000,0.8570,0.3051,0.4153,0.0292,0.7759,-0.6302,-0.5145,0.5522,0.6560),
      ["LeftLowerLeg"] = CFrame.new(0.0000,-0.0000,-0.0000,1.0000,-0.0000,0.0000,-0.0000,0.3096,0.9509,-0.0000,-0.9509,0.3096),
      ["LeftFoot"] = CFrame.new(0.0000,0.0000,-0.0000,1.0000,-0.0000,0.0000,0.0000,0.9931,-0.1175,-0.0000,0.1175,0.9931),
      ["RightUpperLeg"] = CFrame.new(-0.0000,-0.0000,-0.0000,0.8673,-0.3828,-0.3182,0.0997,0.7599,-0.6424,0.4876,0.5254,0.6972),
      ["RightLowerLeg"] = CFrame.new(-0.0001,0.0000,0.0000,1.0000,0.0000,-0.0000,0.0000,0.2185,0.9758,0.0000,-0.9758,0.2185),
      ["RightFoot"] = CFrame.new(-0.0000,0.0000,0.0000,1.0000,0.0000,-0.0000,-0.0000,0.9988,-0.0481,0.0000,0.0481,0.9988),
    }},
    {Time = 1.467, Data = {
      ["HumanoidRootPart"] = CFrame.new(0.0000,0.0000,0.0000,1.0000,0.0000,0.0000,0.0000,1.0000,0.0000,0.0000,0.0000,1.0000),
      ["LowerTorso"] = CFrame.new(0.0000,2.8246,0.0000,-0.9996,-0.0278,-0.0000,0.0278,-0.9996,-0.0000,-0.0000,-0.0000,1.0000),
      ["UpperTorso"] = CFrame.new(0.0000,0.0000,0.0000,0.9974,0.0723,0.0000,-0.0723,0.9974,-0.0000,-0.0000,0.0000,1.0000),
      ["LeftUpperArm"] = CFrame.new(0.0000,0.0000,0.0000,0.2439,0.6924,-0.6791,-0.2292,-0.6392,-0.7341,-0.9423,0.3346,0.0028),
      ["LeftLowerArm"] = CFrame.new(-0.0000,-0.0000,0.0000,1.0000,0.0000,-0.0000,-0.0000,0.1767,-0.9843,-0.0000,0.9843,0.1767),
      ["LeftHand"] = CFrame.new(-0.0000,0.0000,0.0000,1.0000,0.0000,-0.0000,-0.0000,0.9641,-0.2655,0.0000,0.2655,0.9641),
      ["Head"] = CFrame.new(0.0000,2.0000,0.0000,-1.0000,0.0000,-0.0000,-0.0000,-1.0000,0.0000,-0.0000,0.0000,1.0000),
      ["RightUpperArm"] = CFrame.new(0.0001,0.0000,-0.0000,0.2150,-0.6706,0.7099,0.1584,-0.6934,-0.7030,0.9637,0.2636,-0.0429),
      ["RightLowerArm"] = CFrame.new(0.0000,0.0000,-0.0000,1.0000,-0.0000,0.0000,0.0000,0.2476,-0.9689,0.0000,0.9689,0.2476),
      ["RightHand"] = CFrame.new(0.0000,0.0000,-0.0000,1.0000,-0.0000,0.0000,0.0000,0.9550,-0.2965,-0.0000,0.2965,0.9550),
      ["LeftUpperLeg"] = CFrame.new(0.0000,-0.0000,-0.0000,0.8570,0.3043,0.4159,0.0292,0.7770,-0.6288,-0.5145,0.5510,0.6570),
      ["LeftLowerLeg"] = CFrame.new(0.0000,-0.0000,-0.0000,1.0000,-0.0000,0.0000,-0.0000,0.3186,0.9479,-0.0000,-0.9479,0.3186),
      ["LeftFoot"] = CFrame.new(0.0000,0.0000,-0.0000,1.0000,-0.0000,0.0000,0.0000,0.9931,-0.1175,-0.0000,0.1175,0.9931),
      ["RightUpperLeg"] = CFrame.new(-0.0000,-0.0000,-0.0000,0.8673,-0.3821,-0.3190,0.0997,0.7612,-0.6408,0.4877,0.5240,0.6983),
      ["RightLowerLeg"] = CFrame.new(-0.0001,0.0000,0.0000,1.0000,0.0000,-0.0000,0.0000,0.2260,0.9741,0.0000,-0.9741,0.2260),
      ["RightFoot"] = CFrame.new(-0.0000,0.0000,0.0000,1.0000,0.0000,-0.0000,-0.0000,0.9988,-0.0481,0.0000,0.0481,0.9988),
    }},
    {Time = 1.500, Data = {
      ["HumanoidRootPart"] = CFrame.new(0.0000,0.0000,0.0000,1.0000,0.0000,0.0000,0.0000,1.0000,0.0000,0.0000,0.0000,1.0000),
      ["LowerTorso"] = CFrame.new(0.0000,2.8438,0.0000,-0.9997,-0.0259,-0.0000,0.0259,-0.9997,-0.0000,-0.0000,-0.0000,1.0000),
      ["UpperTorso"] = CFrame.new(0.0000,0.0000,0.0000,0.9977,0.0673,0.0000,-0.0673,0.9977,-0.0000,-0.0000,0.0000,1.0000),
      ["LeftUpperArm"] = CFrame.new(0.0000,0.0000,0.0000,0.2437,0.6950,-0.6765,-0.2292,-0.6365,-0.7364,-0.9424,0.3345,0.0042),
      ["LeftLowerArm"] = CFrame.new(-0.0000,-0.0000,0.0000,1.0000,0.0000,-0.0000,-0.0000,0.1706,-0.9853,-0.0000,0.9853,0.1706),
      ["LeftHand"] = CFrame.new(-0.0000,0.0000,0.0000,1.0000,0.0000,-0.0000,-0.0000,0.9657,-0.2595,0.0000,0.2595,0.9657),
      ["Head"] = CFrame.new(0.0000,2.0000,0.0000,-1.0000,0.0000,-0.0000,-0.0000,-1.0000,0.0000,-0.0000,0.0000,1.0000),
      ["RightUpperArm"] = CFrame.new(0.0001,0.0000,-0.0000,0.2149,-0.6727,0.7080,0.1584,-0.6914,-0.7049,0.9637,0.2637,-0.0420),
      ["RightLowerArm"] = CFrame.new(0.0000,0.0000,-0.0000,1.0000,-0.0000,0.0000,0.0000,0.2413,-0.9705,0.0000,0.9705,0.2413),
      ["RightHand"] = CFrame.new(0.0000,0.0000,-0.0000,1.0000,-0.0000,0.0000,0.0000,0.9573,-0.2891,-0.0000,0.2891,0.9573),
      ["LeftUpperLeg"] = CFrame.new(0.0000,-0.0000,-0.0000,0.8570,0.3036,0.4164,0.0292,0.7781,-0.6275,-0.5145,0.5499,0.6579),
      ["LeftLowerLeg"] = CFrame.new(0.0000,-0.0000,-0.0000,1.0000,-0.0000,0.0000,-0.0000,0.3273,0.9449,-0.0000,-0.9449,0.3273),
      ["LeftFoot"] = CFrame.new(0.0000,0.0000,-0.0000,1.0000,-0.0000,0.0000,0.0000,0.9931,-0.1175,-0.0000,0.1175,0.9931),
      ["RightUpperLeg"] = CFrame.new(-0.0000,-0.0000,-0.0000,0.8673,-0.3815,-0.3198,0.0997,0.7625,-0.6393,0.4877,0.5226,0.6993),
      ["RightLowerLeg"] = CFrame.new(-0.0001,0.0000,0.0000,1.0000,0.0000,-0.0000,0.0000,0.2333,0.9724,0.0000,-0.9724,0.2333),
      ["RightFoot"] = CFrame.new(-0.0000,0.0000,0.0000,1.0000,0.0000,-0.0000,-0.0000,0.9988,-0.0481,0.0000,0.0481,0.9988),
    }},
    {Time = 1.533, Data = {
      ["HumanoidRootPart"] = CFrame.new(0.0000,0.0000,0.0000,1.0000,0.0000,0.0000,0.0000,1.0000,0.0000,0.0000,0.0000,1.0000),
      ["LowerTorso"] = CFrame.new(0.0000,2.8621,0.0000,-0.9997,-0.0240,-0.0000,0.0240,-0.9997,-0.0000,-0.0000,-0.0000,1.0000),
      ["UpperTorso"] = CFrame.new(0.0000,0.0000,0.0000,0.9981,0.0624,0.0000,-0.0624,0.9981,-0.0000,-0.0000,0.0000,1.0000),
      ["LeftUpperArm"] = CFrame.new(0.0000,0.0000,0.0000,0.2435,0.6974,-0.6740,-0.2293,-0.6339,-0.7387,-0.9424,0.3344,0.0055),
      ["LeftLowerArm"] = CFrame.new(-0.0000,-0.0000,0.0000,1.0000,0.0000,-0.0000,-0.0000,0.1648,-0.9863,-0.0000,0.9863,0.1648),
      ["LeftHand"] = CFrame.new(-0.0000,0.0000,0.0000,1.0000,0.0000,-0.0000,-0.0000,0.9673,-0.2538,0.0000,0.2538,0.9673),
      ["Head"] = CFrame.new(0.0000,2.0000,0.0000,-1.0000,0.0000,-0.0000,-0.0000,-1.0000,0.0000,-0.0000,0.0000,1.0000),
      ["RightUpperArm"] = CFrame.new(0.0001,0.0000,-0.0000,0.2148,-0.6746,0.7062,0.1585,-0.6895,-0.7068,0.9637,0.2637,-0.0412),
      ["RightLowerArm"] = CFrame.new(0.0000,0.0000,-0.0000,1.0000,-0.0000,0.0000,0.0000,0.2352,-0.9720,0.0000,0.9720,0.2352),
      ["RightHand"] = CFrame.new(0.0000,0.0000,-0.0000,1.0000,-0.0000,0.0000,0.0000,0.9594,-0.2820,-0.0000,0.2820,0.9594),
      ["LeftUpperLeg"] = CFrame.new(0.0000,-0.0000,-0.0000,0.8570,0.3030,0.4169,0.0292,0.7791,-0.6262,-0.5146,0.5488,0.6588),
      ["LeftLowerLeg"] = CFrame.new(0.0000,-0.0000,-0.0000,1.0000,-0.0000,0.0000,-0.0000,0.3355,0.9420,-0.0000,-0.9420,0.3355),
      ["LeftFoot"] = CFrame.new(0.0000,0.0000,-0.0000,1.0000,-0.0000,0.0000,0.0000,0.9931,-0.1175,-0.0000,0.1175,0.9931),
      ["RightUpperLeg"] = CFrame.new(-0.0000,-0.0000,-0.0000,0.8673,-0.3809,-0.3205,0.0997,0.7637,-0.6379,0.4877,0.5212,0.7003),
      ["RightLowerLeg"] = CFrame.new(-0.0001,0.0000,0.0000,1.0000,0.0000,-0.0000,0.0000,0.2402,0.9707,0.0000,-0.9707,0.2402),
      ["RightFoot"] = CFrame.new(-0.0000,0.0000,0.0000,1.0000,0.0000,-0.0000,-0.0000,0.9988,-0.0481,0.0000,0.0481,0.9988),
    }},
    {Time = 1.567, Data = {
      ["HumanoidRootPart"] = CFrame.new(0.0000,0.0000,0.0000,1.0000,0.0000,0.0000,0.0000,1.0000,0.0000,0.0000,0.0000,1.0000),
      ["LowerTorso"] = CFrame.new(0.0000,2.8795,0.0000,-0.9998,-0.0221,-0.0000,0.0221,-0.9998,-0.0000,-0.0000,-0.0000,1.0000),
      ["UpperTorso"] = CFrame.new(0.0000,0.0000,0.0000,0.9983,0.0575,0.0000,-0.0575,0.9983,-0.0000,-0.0000,0.0000,1.0000),
      ["LeftUpperArm"] = CFrame.new(0.0000,0.0000,0.0000,0.2434,0.6997,-0.6717,-0.2294,-0.6314,-0.7408,-0.9424,0.3343,0.0068),
      ["LeftLowerArm"] = CFrame.new(-0.0000,-0.0000,0.0000,1.0000,0.0000,-0.0000,-0.0000,0.1592,-0.9872,-0.0000,0.9872,0.1592),
      ["LeftHand"] = CFrame.new(-0.0000,0.0000,0.0000,1.0000,0.0000,-0.0000,-0.0000,0.9687,-0.2483,0.0000,0.2483,0.9687),
      ["Head"] = CFrame.new(0.0000,2.0000,0.0000,-1.0000,0.0000,-0.0000,-0.0000,-1.0000,0.0000,-0.0000,0.0000,1.0000),
      ["RightUpperArm"] = CFrame.new(0.0001,0.0000,-0.0000,0.2147,-0.6764,0.7045,0.1585,-0.6876,-0.7085,0.9637,0.2638,-0.0405),
      ["RightLowerArm"] = CFrame.new(0.0000,0.0000,-0.0000,1.0000,-0.0000,0.0000,0.0000,0.2294,-0.9733,0.0000,0.9733,0.2294),
      ["RightHand"] = CFrame.new(0.0000,0.0000,-0.0000,1.0000,-0.0000,0.0000,0.0000,0.9614,-0.2752,-0.0000,0.2752,0.9614),
      ["LeftUpperLeg"] = CFrame.new(0.0000,-0.0000,-0.0000,0.8569,0.3023,0.4174,0.0292,0.7801,-0.6250,-0.5146,0.5478,0.6597),
      ["LeftLowerLeg"] = CFrame.new(0.0000,-0.0000,-0.0000,1.0000,-0.0000,0.0000,-0.0000,0.3434,0.9392,-0.0000,-0.9392,0.3434),
      ["LeftFoot"] = CFrame.new(0.0000,0.0000,-0.0000,1.0000,-0.0000,0.0000,0.0000,0.9931,-0.1175,-0.0000,0.1175,0.9931),
      ["RightUpperLeg"] = CFrame.new(-0.0000,-0.0000,-0.0000,0.8673,-0.3804,-0.3212,0.0997,0.7648,-0.6365,0.4878,0.5200,0.7012),
      ["RightLowerLeg"] = CFrame.new(-0.0001,0.0000,0.0000,1.0000,0.0000,-0.0000,0.0000,0.2468,0.9691,0.0000,-0.9691,0.2468),
      ["RightFoot"] = CFrame.new(-0.0000,0.0000,0.0000,1.0000,0.0000,-0.0000,-0.0000,0.9988,-0.0481,0.0000,0.0481,0.9988),
    }},
    {Time = 1.600, Data = {
      ["HumanoidRootPart"] = CFrame.new(0.0000,0.0000,0.0000,1.0000,0.0000,0.0000,0.0000,1.0000,0.0000,0.0000,0.0000,1.0000),
      ["LowerTorso"] = CFrame.new(0.0000,2.8960,0.0000,-0.9998,-0.0202,-0.0000,0.0202,-0.9998,-0.0000,-0.0000,-0.0000,1.0000),
      ["UpperTorso"] = CFrame.new(0.0000,0.0000,0.0000,0.9986,0.0526,0.0000,-0.0526,0.9986,-0.0000,-0.0000,0.0000,1.0000),
      ["LeftUpperArm"] = CFrame.new(0.0000,0.0000,0.0000,0.2432,0.7019,-0.6695,-0.2294,-0.6290,-0.7428,-0.9425,0.3342,0.0081),
      ["LeftLowerArm"] = CFrame.new(-0.0000,-0.0000,0.0000,1.0000,0.0000,-0.0000,-0.0000,0.1540,-0.9881,-0.0000,0.9881,0.1540),
      ["LeftHand"] = CFrame.new(-0.0000,0.0000,0.0000,1.0000,0.0000,-0.0000,-0.0000,0.9700,-0.2432,0.0000,0.2432,0.9700),
      ["Head"] = CFrame.new(0.0000,2.0000,0.0000,-1.0000,0.0000,-0.0000,-0.0000,-1.0000,0.0000,-0.0000,0.0000,1.0000),
      ["RightUpperArm"] = CFrame.new(0.0001,0.0000,-0.0000,0.2146,-0.6782,0.7029,0.1585,-0.6859,-0.7102,0.9637,0.2639,-0.0397),
      ["RightLowerArm"] = CFrame.new(0.0000,0.0000,-0.0000,1.0000,-0.0000,0.0000,0.0000,0.2239,-0.9746,0.0000,0.9746,0.2239),
      ["RightHand"] = CFrame.new(0.0000,0.0000,-0.0000,1.0000,-0.0000,0.0000,0.0000,0.9632,-0.2688,-0.0000,0.2688,0.9632),
      ["LeftUpperLeg"] = CFrame.new(0.0000,-0.0000,-0.0000,0.8569,0.3017,0.4179,0.0292,0.7810,-0.6239,-0.5146,0.5468,0.6604),
      ["LeftLowerLeg"] = CFrame.new(0.0000,-0.0000,-0.0000,1.0000,-0.0000,0.0000,-0.0000,0.3507,0.9365,-0.0000,-0.9365,0.3507),
      ["LeftFoot"] = CFrame.new(0.0000,0.0000,-0.0000,1.0000,-0.0000,0.0000,0.0000,0.9931,-0.1175,-0.0000,0.1175,0.9931),
      ["RightUpperLeg"] = CFrame.new(-0.0000,-0.0000,-0.0000,0.8672,-0.3799,-0.3219,0.0997,0.7659,-0.6352,0.4878,0.5188,0.7021),
      ["RightLowerLeg"] = CFrame.new(-0.0001,0.0000,0.0000,1.0000,0.0000,-0.0000,0.0000,0.2530,0.9675,0.0000,-0.9675,0.2530),
      ["RightFoot"] = CFrame.new(-0.0000,0.0000,0.0000,1.0000,0.0000,-0.0000,-0.0000,0.9988,-0.0481,0.0000,0.0481,0.9988),
    }},
    {Time = 1.633, Data = {
      ["HumanoidRootPart"] = CFrame.new(0.0000,0.0000,0.0000,1.0000,0.0000,0.0000,0.0000,1.0000,0.0000,0.0000,0.0000,1.0000),
      ["LowerTorso"] = CFrame.new(0.0000,2.9115,0.0000,-0.9998,-0.0184,-0.0000,0.0184,-0.9998,-0.0000,-0.0000,-0.0000,1.0000),
      ["UpperTorso"] = CFrame.new(0.0000,0.0000,0.0000,0.9989,0.0478,0.0000,-0.0478,0.9989,-0.0000,-0.0000,0.0000,1.0000),
      ["LeftUpperArm"] = CFrame.new(0.0000,0.0000,0.0000,0.2430,0.7039,-0.6674,-0.2295,-0.6268,-0.7446,-0.9425,0.3341,0.0092),
      ["LeftLowerArm"] = CFrame.new(-0.0000,-0.0000,0.0000,1.0000,0.0000,-0.0000,-0.0000,0.1490,-0.9888,-0.0000,0.9888,0.1490),
      ["LeftHand"] = CFrame.new(-0.0000,0.0000,0.0000,1.0000,0.0000,-0.0000,-0.0000,0.9712,-0.2383,0.0000,0.2383,0.9712),
      ["Head"] = CFrame.new(0.0000,2.0000,0.0000,-1.0000,0.0000,-0.0000,-0.0000,-1.0000,0.0000,-0.0000,0.0000,1.0000),
      ["RightUpperArm"] = CFrame.new(0.0001,0.0000,-0.0000,0.2145,-0.6798,0.7013,0.1586,-0.6843,-0.7118,0.9638,0.2639,-0.0390),
      ["RightLowerArm"] = CFrame.new(0.0000,0.0000,-0.0000,1.0000,-0.0000,0.0000,0.0000,0.2187,-0.9758,0.0000,0.9758,0.2187),
      ["RightHand"] = CFrame.new(0.0000,0.0000,-0.0000,1.0000,-0.0000,0.0000,0.0000,0.9649,-0.2628,-0.0000,0.2628,0.9649),
      ["LeftUpperLeg"] = CFrame.new(0.0000,-0.0000,-0.0000,0.8569,0.3012,0.4183,0.0292,0.7819,-0.6228,-0.5146,0.5459,0.6612),
      ["LeftLowerLeg"] = CFrame.new(0.0000,-0.0000,-0.0000,1.0000,-0.0000,0.0000,-0.0000,0.3577,0.9338,-0.0000,-0.9338,0.3577),
      ["LeftFoot"] = CFrame.new(0.0000,0.0000,-0.0000,1.0000,-0.0000,0.0000,0.0000,0.9931,-0.1175,-0.0000,0.1175,0.9931),
      ["RightUpperLeg"] = CFrame.new(-0.0000,-0.0000,-0.0000,0.8672,-0.3794,-0.3225,0.0997,0.7669,-0.6339,0.4878,0.5176,0.7029),
      ["RightLowerLeg"] = CFrame.new(-0.0001,0.0000,0.0000,1.0000,0.0000,-0.0000,0.0000,0.2588,0.9659,0.0000,-0.9659,0.2588),
      ["RightFoot"] = CFrame.new(-0.0000,0.0000,0.0000,1.0000,0.0000,-0.0000,-0.0000,0.9988,-0.0481,0.0000,0.0481,0.9988),
    }},
    {Time = 1.667, Data = {
      ["HumanoidRootPart"] = CFrame.new(0.0000,0.0000,0.0000,1.0000,0.0000,0.0000,0.0000,1.0000,0.0000,0.0000,0.0000,1.0000),
      ["LowerTorso"] = CFrame.new(0.0000,2.9259,0.0000,-0.9999,-0.0166,-0.0000,0.0166,-0.9999,-0.0000,-0.0000,-0.0000,1.0000),
      ["UpperTorso"] = CFrame.new(0.0000,0.0000,0.0000,0.9991,0.0431,0.0000,-0.0431,0.9991,-0.0000,-0.0000,0.0000,1.0000),
      ["LeftUpperArm"] = CFrame.new(0.0000,0.0000,0.0000,0.2429,0.7058,-0.6654,-0.2295,-0.6247,-0.7464,-0.9425,0.3340,0.0103),
      ["LeftLowerArm"] = CFrame.new(-0.0000,-0.0000,0.0000,1.0000,0.0000,-0.0000,-0.0000,0.1444,-0.9895,-0.0000,0.9895,0.1444),
      ["LeftHand"] = CFrame.new(-0.0000,0.0000,0.0000,1.0000,0.0000,-0.0000,-0.0000,0.9723,-0.2337,0.0000,0.2337,0.9723),
      ["Head"] = CFrame.new(0.0000,2.0000,0.0000,-1.0000,0.0000,-0.0000,-0.0000,-1.0000,0.0000,-0.0000,0.0000,1.0000),
      ["RightUpperArm"] = CFrame.new(0.0001,0.0000,-0.0000,0.2145,-0.6813,0.6999,0.1586,-0.6828,-0.7132,0.9638,0.2640,-0.0384),
      ["RightLowerArm"] = CFrame.new(0.0000,0.0000,-0.0000,1.0000,-0.0000,0.0000,0.0000,0.2139,-0.9769,0.0000,0.9769,0.2139),
      ["RightHand"] = CFrame.new(0.0000,0.0000,-0.0000,1.0000,-0.0000,0.0000,0.0000,0.9664,-0.2572,-0.0000,0.2572,0.9664),
      ["LeftUpperLeg"] = CFrame.new(0.0000,-0.0000,-0.0000,0.8569,0.3007,0.4187,0.0292,0.7827,-0.6218,-0.5147,0.5450,0.6619),
      ["LeftLowerLeg"] = CFrame.new(0.0000,-0.0000,-0.0000,1.0000,-0.0000,0.0000,-0.0000,0.3641,0.9314,-0.0000,-0.9314,0.3641),
      ["LeftFoot"] = CFrame.new(0.0000,0.0000,-0.0000,1.0000,-0.0000,0.0000,0.0000,0.9931,-0.1175,-0.0000,0.1175,0.9931),
      ["RightUpperLeg"] = CFrame.new(-0.0000,-0.0000,-0.0000,0.8672,-0.3789,-0.3231,0.0997,0.7679,-0.6328,0.4879,0.5166,0.7037),
      ["RightLowerLeg"] = CFrame.new(-0.0001,0.0000,0.0000,1.0000,0.0000,-0.0000,0.0000,0.2642,0.9645,0.0000,-0.9645,0.2642),
      ["RightFoot"] = CFrame.new(-0.0000,0.0000,0.0000,1.0000,0.0000,-0.0000,-0.0000,0.9988,-0.0481,0.0000,0.0481,0.9988),
    }},
    {Time = 1.700, Data = {
      ["HumanoidRootPart"] = CFrame.new(0.0000,0.0000,0.0000,1.0000,0.0000,0.0000,0.0000,1.0000,0.0000,0.0000,0.0000,1.0000),
      ["LowerTorso"] = CFrame.new(0.0000,2.9392,0.0000,-0.9999,-0.0148,-0.0000,0.0148,-0.9999,-0.0000,-0.0000,-0.0000,1.0000),
      ["UpperTorso"] = CFrame.new(0.0000,0.0000,0.0000,0.9993,0.0384,0.0000,-0.0384,0.9993,-0.0000,-0.0000,0.0000,1.0000),
      ["LeftUpperArm"] = CFrame.new(0.0000,0.0000,0.0000,0.2427,0.7076,-0.6636,-0.2296,-0.6227,-0.7480,-0.9425,0.3339,0.0113),
      ["LeftLowerArm"] = CFrame.new(-0.0000,-0.0000,0.0000,1.0000,0.0000,-0.0000,-0.0000,0.1402,-0.9901,-0.0000,0.9901,0.1402),
      ["LeftHand"] = CFrame.new(-0.0000,0.0000,0.0000,1.0000,0.0000,-0.0000,-0.0000,0.9733,-0.2295,0.0000,0.2295,0.9733),
      ["Head"] = CFrame.new(0.0000,2.0000,0.0000,-1.0000,0.0000,-0.0000,-0.0000,-1.0000,0.0000,-0.0000,0.0000,1.0000),
      ["RightUpperArm"] = CFrame.new(0.0001,0.0000,-0.0000,0.2144,-0.6827,0.6986,0.1586,-0.6814,-0.7146,0.9638,0.2640,-0.0378),
      ["RightLowerArm"] = CFrame.new(0.0000,0.0000,-0.0000,1.0000,-0.0000,0.0000,0.0000,0.2094,-0.9778,0.0000,0.9778,0.2094),
      ["RightHand"] = CFrame.new(0.0000,0.0000,-0.0000,1.0000,-0.0000,0.0000,0.0000,0.9677,-0.2520,-0.0000,0.2520,0.9677),
      ["LeftUpperLeg"] = CFrame.new(0.0000,-0.0000,-0.0000,0.8569,0.3002,0.4191,0.0292,0.7834,-0.6208,-0.5147,0.5442,0.6625),
      ["LeftLowerLeg"] = CFrame.new(0.0000,-0.0000,-0.0000,1.0000,-0.0000,0.0000,-0.0000,0.3700,0.9290,-0.0000,-0.9290,0.3700),
      ["LeftFoot"] = CFrame.new(0.0000,0.0000,-0.0000,1.0000,-0.0000,0.0000,0.0000,0.9931,-0.1175,-0.0000,0.1175,0.9931),
      ["RightUpperLeg"] = CFrame.new(-0.0000,-0.0000,-0.0000,0.8672,-0.3785,-0.3236,0.0997,0.7687,-0.6318,0.4879,0.5156,0.7044),
      ["RightLowerLeg"] = CFrame.new(-0.0001,0.0000,0.0000,1.0000,0.0000,-0.0000,0.0000,0.2692,0.9631,0.0000,-0.9631,0.2692),
      ["RightFoot"] = CFrame.new(-0.0000,0.0000,0.0000,1.0000,0.0000,-0.0000,-0.0000,0.9988,-0.0481,0.0000,0.0481,0.9988),
    }},
    {Time = 1.733, Data = {
      ["HumanoidRootPart"] = CFrame.new(0.0000,0.0000,0.0000,1.0000,0.0000,0.0000,0.0000,1.0000,0.0000,0.0000,0.0000,1.0000),
      ["LowerTorso"] = CFrame.new(0.0000,2.9514,0.0000,-0.9999,-0.0130,-0.0000,0.0130,-0.9999,-0.0000,-0.0000,-0.0000,1.0000),
      ["UpperTorso"] = CFrame.new(0.0000,0.0000,0.0000,0.9994,0.0337,0.0000,-0.0337,0.9994,-0.0000,-0.0000,0.0000,1.0000),
      ["LeftUpperArm"] = CFrame.new(0.0000,0.0000,0.0000,0.2426,0.7092,-0.6620,-0.2297,-0.6210,-0.7494,-0.9426,0.3338,0.0122),
      ["LeftLowerArm"] = CFrame.new(-0.0000,-0.0000,0.0000,1.0000,0.0000,-0.0000,-0.0000,0.1363,-0.9907,-0.0000,0.9907,0.1363),
      ["LeftHand"] = CFrame.new(-0.0000,0.0000,0.0000,1.0000,0.0000,-0.0000,-0.0000,0.9742,-0.2257,0.0000,0.2257,0.9742),
      ["Head"] = CFrame.new(0.0000,2.0000,0.0000,-1.0000,0.0000,-0.0000,-0.0000,-1.0000,0.0000,-0.0000,0.0000,1.0000),
      ["RightUpperArm"] = CFrame.new(0.0001,0.0000,-0.0000,0.2143,-0.6840,0.6973,0.1587,-0.6801,-0.7158,0.9638,0.2640,-0.0372),
      ["RightLowerArm"] = CFrame.new(0.0000,0.0000,-0.0000,1.0000,-0.0000,0.0000,0.0000,0.2053,-0.9787,0.0000,0.9787,0.2053),
      ["RightHand"] = CFrame.new(0.0000,0.0000,-0.0000,1.0000,-0.0000,0.0000,0.0000,0.9690,-0.2472,-0.0000,0.2472,0.9690),
      ["LeftUpperLeg"] = CFrame.new(0.0000,-0.0000,-0.0000,0.8569,0.2997,0.4194,0.0292,0.7841,-0.6200,-0.5147,0.5435,0.6631),
      ["LeftLowerLeg"] = CFrame.new(0.0000,-0.0000,-0.0000,1.0000,-0.0000,0.0000,-0.0000,0.3754,0.9269,-0.0000,-0.9269,0.3754),
      ["LeftFoot"] = CFrame.new(0.0000,0.0000,-0.0000,1.0000,-0.0000,0.0000,0.0000,0.9931,-0.1175,-0.0000,0.1175,0.9931),
      ["RightUpperLeg"] = CFrame.new(-0.0000,-0.0000,-0.0000,0.8672,-0.3781,-0.3241,0.0997,0.7695,-0.6308,0.4879,0.5147,0.7050),
      ["RightLowerLeg"] = CFrame.new(-0.0001,0.0000,0.0000,1.0000,0.0000,-0.0000,0.0000,0.2738,0.9618,0.0000,-0.9618,0.2738),
      ["RightFoot"] = CFrame.new(-0.0000,0.0000,0.0000,1.0000,0.0000,-0.0000,-0.0000,0.9988,-0.0481,0.0000,0.0481,0.9988),
    }},
    {Time = 1.767, Data = {
      ["HumanoidRootPart"] = CFrame.new(0.0000,0.0000,0.0000,1.0000,0.0000,0.0000,0.0000,1.0000,0.0000,0.0000,0.0000,1.0000),
      ["LowerTorso"] = CFrame.new(0.0000,2.9623,0.0000,-0.9999,-0.0112,-0.0000,0.0112,-0.9999,-0.0000,-0.0000,-0.0000,1.0000),
      ["UpperTorso"] = CFrame.new(0.0000,0.0000,0.0000,0.9996,0.0292,0.0000,-0.0292,0.9996,-0.0000,-0.0000,0.0000,1.0000),
      ["LeftUpperArm"] = CFrame.new(0.0000,0.0000,0.0000,0.2424,0.7106,-0.6605,-0.2297,-0.6194,-0.7507,-0.9426,0.3337,0.0131),
      ["LeftLowerArm"] = CFrame.new(-0.0000,-0.0000,0.0000,1.0000,0.0000,-0.0000,-0.0000,0.1328,-0.9911,-0.0000,0.9911,0.1328),
      ["LeftHand"] = CFrame.new(-0.0000,0.0000,0.0000,1.0000,0.0000,-0.0000,-0.0000,0.9750,-0.2223,0.0000,0.2223,0.9750),
      ["Head"] = CFrame.new(0.0000,2.0000,0.0000,-1.0000,-0.0000,-0.0000,0.0000,-1.0000,0.0000,-0.0000,0.0000,1.0000),
      ["RightUpperArm"] = CFrame.new(0.0001,0.0000,-0.0000,0.2142,-0.6851,0.6962,0.1587,-0.6789,-0.7169,0.9638,0.2640,-0.0367),
      ["RightLowerArm"] = CFrame.new(0.0000,0.0000,-0.0000,1.0000,-0.0000,0.0000,0.0000,0.2017,-0.9795,0.0000,0.9795,0.2017),
      ["RightHand"] = CFrame.new(0.0000,0.0000,-0.0000,1.0000,-0.0000,0.0000,0.0000,0.9700,-0.2429,-0.0000,0.2429,0.9700),
      ["LeftUpperLeg"] = CFrame.new(0.0000,-0.0000,-0.0000,0.8569,0.2993,0.4197,0.0292,0.7847,-0.6192,-0.5147,0.5429,0.6636),
      ["LeftLowerLeg"] = CFrame.new(0.0000,-0.0000,-0.0000,1.0000,-0.0000,0.0000,-0.0000,0.3802,0.9249,-0.0000,-0.9249,0.3802),
      ["LeftFoot"] = CFrame.new(0.0000,0.0000,-0.0000,1.0000,-0.0000,0.0000,0.0000,0.9931,-0.1175,-0.0000,0.1175,0.9931),
      ["RightUpperLeg"] = CFrame.new(-0.0000,-0.0000,-0.0000,0.8672,-0.3777,-0.3246,0.0997,0.7702,-0.6299,0.4879,0.5139,0.7056),
      ["RightLowerLeg"] = CFrame.new(-0.0001,0.0000,0.0000,1.0000,0.0000,-0.0000,0.0000,0.2779,0.9606,0.0000,-0.9606,0.2779),
      ["RightFoot"] = CFrame.new(-0.0000,0.0000,0.0000,1.0000,0.0000,-0.0000,-0.0000,0.9988,-0.0481,0.0000,0.0481,0.9988),
    }},
    {Time = 1.800, Data = {
      ["HumanoidRootPart"] = CFrame.new(0.0000,0.0000,0.0000,1.0000,0.0000,0.0000,0.0000,1.0000,0.0000,0.0000,0.0000,1.0000),
      ["LowerTorso"] = CFrame.new(0.0000,2.9720,0.0000,-1.0000,-0.0095,-0.0000,0.0095,-1.0000,-0.0000,-0.0000,-0.0000,1.0000),
      ["UpperTorso"] = CFrame.new(0.0000,0.0000,0.0000,0.9997,0.0247,0.0000,-0.0247,0.9997,-0.0000,-0.0000,0.0000,1.0000),
      ["LeftUpperArm"] = CFrame.new(0.0000,0.0000,0.0000,0.2423,0.7119,-0.6592,-0.2298,-0.6180,-0.7519,-0.9426,0.3336,0.0138),
      ["LeftLowerArm"] = CFrame.new(-0.0000,-0.0000,0.0000,1.0000,0.0000,-0.0000,-0.0000,0.1297,-0.9916,-0.0000,0.9916,0.1297),
      ["LeftHand"] = CFrame.new(-0.0000,0.0000,0.0000,1.0000,0.0000,-0.0000,-0.0000,0.9757,-0.2192,0.0000,0.2192,0.9757),
      ["Head"] = CFrame.new(0.0000,2.0000,0.0000,-1.0000,0.0000,-0.0000,-0.0000,-1.0000,0.0000,-0.0000,0.0000,1.0000),
      ["RightUpperArm"] = CFrame.new(0.0001,0.0000,-0.0000,0.2142,-0.6861,0.6953,0.1587,-0.6779,-0.7178,0.9638,0.2641,-0.0363),
      ["RightLowerArm"] = CFrame.new(0.0000,0.0000,-0.0000,1.0000,-0.0000,0.0000,0.0000,0.1984,-0.9801,0.0000,0.9801,0.1984),
      ["RightHand"] = CFrame.new(0.0000,0.0000,-0.0000,1.0000,-0.0000,0.0000,0.0000,0.9710,-0.2391,-0.0000,0.2391,0.9710),
      ["LeftUpperLeg"] = CFrame.new(0.0000,-0.0000,-0.0000,0.8568,0.2990,0.4200,0.0292,0.7852,-0.6186,-0.5147,0.5423,0.6640),
      ["LeftLowerLeg"] = CFrame.new(0.0000,-0.0000,-0.0000,1.0000,-0.0000,0.0000,-0.0000,0.3845,0.9231,-0.0000,-0.9231,0.3845),
      ["LeftFoot"] = CFrame.new(0.0000,0.0000,-0.0000,1.0000,-0.0000,0.0000,0.0000,0.9931,-0.1175,-0.0000,0.1175,0.9931),
      ["RightUpperLeg"] = CFrame.new(-0.0000,-0.0000,-0.0000,0.8672,-0.3774,-0.3250,0.0997,0.7709,-0.6291,0.4880,0.5132,0.7061),
      ["RightLowerLeg"] = CFrame.new(-0.0001,0.0000,0.0000,1.0000,0.0000,-0.0000,0.0000,0.2815,0.9596,0.0000,-0.9596,0.2815),
      ["RightFoot"] = CFrame.new(-0.0000,0.0000,0.0000,1.0000,0.0000,-0.0000,-0.0000,0.9988,-0.0481,0.0000,0.0481,0.9988),
    }},
    {Time = 1.833, Data = {
      ["HumanoidRootPart"] = CFrame.new(0.0000,0.0000,0.0000,1.0000,0.0000,0.0000,0.0000,1.0000,0.0000,0.0000,0.0000,1.0000),
      ["LowerTorso"] = CFrame.new(0.0000,2.9803,0.0000,-1.0000,-0.0078,-0.0000,0.0078,-1.0000,-0.0000,-0.0000,-0.0000,1.0000),
      ["UpperTorso"] = CFrame.new(0.0000,0.0000,0.0000,0.9998,0.0204,0.0000,-0.0204,0.9998,-0.0000,-0.0000,0.0000,1.0000),
      ["LeftUpperArm"] = CFrame.new(0.0000,0.0000,0.0000,0.2422,0.7130,-0.6580,-0.2298,-0.6168,-0.7528,-0.9426,0.3336,0.0145),
      ["LeftLowerArm"] = CFrame.new(-0.0000,-0.0000,0.0000,1.0000,0.0000,-0.0000,-0.0000,0.1270,-0.9919,-0.0000,0.9919,0.1270),
      ["LeftHand"] = CFrame.new(-0.0000,0.0000,0.0000,1.0000,0.0000,-0.0000,-0.0000,0.9763,-0.2166,0.0000,0.2166,0.9763),
      ["Head"] = CFrame.new(0.0000,2.0000,0.0000,-1.0000,0.0000,-0.0000,-0.0000,-1.0000,0.0000,-0.0000,0.0000,1.0000),
      ["RightUpperArm"] = CFrame.new(0.0001,0.0000,-0.0000,0.2141,-0.6870,0.6944,0.1587,-0.6770,-0.7187,0.9638,0.2641,-0.0359),
      ["RightLowerArm"] = CFrame.new(0.0000,0.0000,-0.0000,1.0000,-0.0000,0.0000,0.0000,0.1956,-0.9807,0.0000,0.9807,0.1956),
      ["RightHand"] = CFrame.new(0.0000,0.0000,-0.0000,1.0000,-0.0000,0.0000,0.0000,0.9718,-0.2359,-0.0000,0.2359,0.9718),
      ["LeftUpperLeg"] = CFrame.new(0.0000,-0.0000,-0.0000,0.8568,0.2987,0.4202,0.0292,0.7856,-0.6180,-0.5148,0.5418,0.6644),
      ["LeftLowerLeg"] = CFrame.new(0.0000,-0.0000,-0.0000,1.0000,-0.0000,0.0000,-0.0000,0.3882,0.9216,-0.0000,-0.9216,0.3882),
      ["LeftFoot"] = CFrame.new(0.0000,0.0000,-0.0000,1.0000,-0.0000,0.0000,0.0000,0.9931,-0.1175,-0.0000,0.1175,0.9931),
      ["RightUpperLeg"] = CFrame.new(-0.0000,-0.0000,-0.0000,0.8671,-0.3772,-0.3253,0.0997,0.7714,-0.6285,0.4880,0.5125,0.7065),
      ["RightLowerLeg"] = CFrame.new(-0.0001,0.0000,0.0000,1.0000,0.0000,-0.0000,0.0000,0.2846,0.9587,0.0000,-0.9587,0.2846),
      ["RightFoot"] = CFrame.new(-0.0000,0.0000,0.0000,1.0000,0.0000,-0.0000,-0.0000,0.9988,-0.0481,0.0000,0.0481,0.9988),
    }},
    {Time = 1.867, Data = {
      ["HumanoidRootPart"] = CFrame.new(0.0000,0.0000,0.0000,1.0000,0.0000,0.0000,0.0000,1.0000,0.0000,0.0000,0.0000,1.0000),
      ["LowerTorso"] = CFrame.new(0.0000,2.9873,0.0000,-1.0000,-0.0062,-0.0000,0.0062,-1.0000,-0.0000,-0.0000,-0.0000,1.0000),
      ["UpperTorso"] = CFrame.new(0.0000,0.0000,0.0000,0.9999,0.0161,0.0000,-0.0161,0.9999,-0.0000,-0.0000,0.0000,1.0000),
      ["LeftUpperArm"] = CFrame.new(0.0000,0.0000,0.0000,0.2421,0.7139,-0.6571,-0.2298,-0.6158,-0.7537,-0.9426,0.3335,0.0150),
      ["LeftLowerArm"] = CFrame.new(-0.0000,-0.0000,0.0000,1.0000,0.0000,-0.0000,-0.0000,0.1248,-0.9922,-0.0000,0.9922,0.1248),
      ["LeftHand"] = CFrame.new(-0.0000,0.0000,0.0000,1.0000,0.0000,-0.0000,-0.0000,0.9768,-0.2144,0.0000,0.2144,0.9768),
      ["Head"] = CFrame.new(0.0000,2.0000,0.0000,-1.0000,0.0000,-0.0000,-0.0000,-1.0000,0.0000,-0.0000,0.0000,1.0000),
      ["RightUpperArm"] = CFrame.new(0.0001,0.0000,-0.0000,0.2140,-0.6877,0.6937,0.1587,-0.6763,-0.7193,0.9638,0.2641,-0.0356),
      ["RightLowerArm"] = CFrame.new(0.0000,0.0000,-0.0000,1.0000,-0.0000,0.0000,0.0000,0.1933,-0.9811,0.0000,0.9811,0.1933),
      ["RightHand"] = CFrame.new(0.0000,0.0000,-0.0000,1.0000,-0.0000,0.0000,0.0000,0.9724,-0.2332,-0.0000,0.2332,0.9724),
      ["LeftUpperLeg"] = CFrame.new(0.0000,-0.0000,-0.0000,0.8568,0.2984,0.4204,0.0292,0.7860,-0.6175,-0.5148,0.5414,0.6648),
      ["LeftLowerLeg"] = CFrame.new(0.0000,-0.0000,-0.0000,1.0000,-0.0000,0.0000,-0.0000,0.3912,0.9203,-0.0000,-0.9203,0.3912),
      ["LeftFoot"] = CFrame.new(0.0000,0.0000,-0.0000,1.0000,-0.0000,0.0000,0.0000,0.9931,-0.1175,-0.0000,0.1175,0.9931),
      ["RightUpperLeg"] = CFrame.new(-0.0000,-0.0000,-0.0000,0.8671,-0.3769,-0.3256,0.0997,0.7718,-0.6279,0.4880,0.5120,0.7069),
      ["RightLowerLeg"] = CFrame.new(-0.0001,0.0000,0.0000,1.0000,0.0000,-0.0000,0.0000,0.2872,0.9579,0.0000,-0.9579,0.2872),
      ["RightFoot"] = CFrame.new(-0.0000,0.0000,0.0000,1.0000,0.0000,-0.0000,-0.0000,0.9988,-0.0481,0.0000,0.0481,0.9988),
    }},
    {Time = 1.900, Data = {
      ["HumanoidRootPart"] = CFrame.new(0.0000,0.0000,0.0000,1.0000,0.0000,0.0000,0.0000,1.0000,0.0000,0.0000,0.0000,1.0000),
      ["LowerTorso"] = CFrame.new(0.0000,2.9927,0.0000,-1.0000,-0.0046,-0.0000,0.0046,-1.0000,-0.0000,-0.0000,-0.0000,1.0000),
      ["UpperTorso"] = CFrame.new(0.0000,0.0000,0.0000,0.9999,0.0119,0.0000,-0.0119,0.9999,-0.0000,-0.0000,0.0000,1.0000),
      ["LeftUpperArm"] = CFrame.new(0.0000,0.0000,0.0000,0.2420,0.7146,-0.6563,-0.2299,-0.6150,-0.7543,-0.9426,0.3335,0.0154),
      ["LeftLowerArm"] = CFrame.new(-0.0000,-0.0000,0.0000,1.0000,0.0000,-0.0000,-0.0000,0.1230,-0.9924,-0.0000,0.9924,0.1230),
      ["LeftHand"] = CFrame.new(-0.0000,0.0000,0.0000,1.0000,0.0000,-0.0000,-0.0000,0.9771,-0.2126,0.0000,0.2126,0.9771),
      ["Head"] = CFrame.new(0.0000,2.0000,0.0000,-1.0000,0.0000,-0.0000,-0.0000,-1.0000,0.0000,-0.0000,0.0000,1.0000),
      ["RightUpperArm"] = CFrame.new(0.0001,0.0000,-0.0000,0.2140,-0.6883,0.6932,0.1588,-0.6757,-0.7199,0.9638,0.2641,-0.0353),
      ["RightLowerArm"] = CFrame.new(0.0000,0.0000,-0.0000,1.0000,-0.0000,0.0000,0.0000,0.1915,-0.9815,0.0000,0.9815,0.1915),
      ["RightHand"] = CFrame.new(0.0000,0.0000,-0.0000,1.0000,-0.0000,0.0000,0.0000,0.9730,-0.2310,-0.0000,0.2310,0.9730),
      ["LeftUpperLeg"] = CFrame.new(0.0000,-0.0000,-0.0000,0.8568,0.2982,0.4206,0.0292,0.7863,-0.6171,-0.5148,0.5411,0.6650),
      ["LeftLowerLeg"] = CFrame.new(0.0000,-0.0000,-0.0000,1.0000,-0.0000,0.0000,-0.0000,0.3936,0.9193,-0.0000,-0.9193,0.3936),
      ["LeftFoot"] = CFrame.new(0.0000,0.0000,-0.0000,1.0000,-0.0000,0.0000,0.0000,0.9931,-0.1175,-0.0000,0.1175,0.9931),
      ["RightUpperLeg"] = CFrame.new(-0.0000,-0.0000,-0.0000,0.8671,-0.3768,-0.3258,0.0997,0.7722,-0.6275,0.4880,0.5116,0.7072),
      ["RightLowerLeg"] = CFrame.new(-0.0001,0.0000,0.0000,1.0000,0.0000,-0.0000,0.0000,0.2892,0.9573,0.0000,-0.9573,0.2892),
      ["RightFoot"] = CFrame.new(-0.0000,0.0000,0.0000,1.0000,0.0000,-0.0000,-0.0000,0.9988,-0.0481,0.0000,0.0481,0.9988),
    }},
    {Time = 1.933, Data = {
      ["HumanoidRootPart"] = CFrame.new(0.0000,0.0000,0.0000,1.0000,0.0000,0.0000,0.0000,1.0000,0.0000,0.0000,0.0000,1.0000),
      ["LowerTorso"] = CFrame.new(0.0000,2.9967,0.0000,-1.0000,-0.0030,-0.0000,0.0030,-1.0000,-0.0000,-0.0000,-0.0000,1.0000),
      ["UpperTorso"] = CFrame.new(0.0000,0.0000,0.0000,1.0000,0.0078,0.0000,-0.0078,1.0000,-0.0000,-0.0000,0.0000,1.0000),
      ["LeftUpperArm"] = CFrame.new(0.0000,0.0000,0.0000,0.2420,0.7151,-0.6558,-0.2299,-0.6144,-0.7548,-0.9426,0.3334,0.0157),
      ["LeftLowerArm"] = CFrame.new(-0.0000,-0.0000,0.0000,1.0000,0.0000,-0.0000,-0.0000,0.1218,-0.9926,-0.0000,0.9926,0.1218),
      ["LeftHand"] = CFrame.new(-0.0000,0.0000,0.0000,1.0000,0.0000,-0.0000,-0.0000,0.9774,-0.2114,0.0000,0.2114,0.9774),
      ["Head"] = CFrame.new(0.0000,2.0000,0.0000,-1.0000,0.0000,-0.0000,-0.0000,-1.0000,0.0000,-0.0000,0.0000,1.0000),
      ["RightUpperArm"] = CFrame.new(0.0001,0.0000,-0.0000,0.2140,-0.6887,0.6928,0.1588,-0.6753,-0.7203,0.9639,0.2641,-0.0351),
      ["RightLowerArm"] = CFrame.new(0.0000,0.0000,-0.0000,1.0000,-0.0000,0.0000,0.0000,0.1901,-0.9818,0.0000,0.9818,0.1901),
      ["RightHand"] = CFrame.new(0.0000,0.0000,-0.0000,1.0000,-0.0000,0.0000,0.0000,0.9733,-0.2294,-0.0000,0.2294,0.9733),
      ["LeftUpperLeg"] = CFrame.new(0.0000,-0.0000,-0.0000,0.8568,0.2981,0.4207,0.0292,0.7865,-0.6168,-0.5148,0.5408,0.6652),
      ["LeftLowerLeg"] = CFrame.new(0.0000,-0.0000,-0.0000,1.0000,-0.0000,0.0000,-0.0000,0.3954,0.9185,-0.0000,-0.9185,0.3954),
      ["LeftFoot"] = CFrame.new(0.0000,0.0000,-0.0000,1.0000,-0.0000,0.0000,0.0000,0.9931,-0.1175,-0.0000,0.1175,0.9931),
      ["RightUpperLeg"] = CFrame.new(-0.0000,-0.0000,-0.0000,0.8671,-0.3766,-0.3260,0.0997,0.7725,-0.6272,0.4880,0.5113,0.7074),
      ["RightLowerLeg"] = CFrame.new(-0.0001,0.0000,0.0000,1.0000,0.0000,-0.0000,0.0000,0.2907,0.9568,0.0000,-0.9568,0.2907),
      ["RightFoot"] = CFrame.new(-0.0000,0.0000,0.0000,1.0000,0.0000,-0.0000,-0.0000,0.9988,-0.0481,0.0000,0.0481,0.9988),
    }},
    {Time = 1.967, Data = {
      ["HumanoidRootPart"] = CFrame.new(0.0000,0.0000,0.0000,1.0000,0.0000,0.0000,0.0000,1.0000,0.0000,0.0000,0.0000,1.0000),
      ["LowerTorso"] = CFrame.new(0.0000,2.9992,0.0000,-1.0000,-0.0015,-0.0000,0.0015,-1.0000,-0.0000,-0.0000,-0.0000,1.0000),
      ["UpperTorso"] = CFrame.new(0.0000,0.0000,0.0000,1.0000,0.0038,0.0000,-0.0038,1.0000,-0.0000,-0.0000,0.0000,1.0000),
      ["LeftUpperArm"] = CFrame.new(0.0000,0.0000,0.0000,0.2420,0.7154,-0.6555,-0.2299,-0.6140,-0.7551,-0.9427,0.3334,0.0159),
      ["LeftLowerArm"] = CFrame.new(-0.0000,-0.0000,0.0000,1.0000,0.0000,-0.0000,-0.0000,0.1210,-0.9927,-0.0000,0.9927,0.1210),
      ["LeftHand"] = CFrame.new(-0.0000,0.0000,0.0000,1.0000,0.0000,-0.0000,-0.0000,0.9776,-0.2106,0.0000,0.2106,0.9776),
      ["Head"] = CFrame.new(0.0000,2.0000,0.0000,-1.0000,0.0000,-0.0000,-0.0000,-1.0000,0.0000,-0.0000,0.0000,1.0000),
      ["RightUpperArm"] = CFrame.new(0.0001,0.0000,-0.0000,0.2140,-0.6889,0.6925,0.1588,-0.6750,-0.7205,0.9639,0.2641,-0.0350),
      ["RightLowerArm"] = CFrame.new(0.0000,0.0000,-0.0000,1.0000,-0.0000,0.0000,0.0000,0.1893,-0.9819,0.0000,0.9819,0.1893),
      ["RightHand"] = CFrame.new(0.0000,0.0000,-0.0000,1.0000,-0.0000,0.0000,0.0000,0.9736,-0.2285,-0.0000,0.2285,0.9736),
      ["LeftUpperLeg"] = CFrame.new(0.0000,-0.0000,-0.0000,0.8568,0.2980,0.4208,0.0292,0.7867,-0.6167,-0.5148,0.5407,0.6653),
      ["LeftLowerLeg"] = CFrame.new(0.0000,-0.0000,-0.0000,1.0000,-0.0000,0.0000,-0.0000,0.3965,0.9181,-0.0000,-0.9181,0.3965),
      ["LeftFoot"] = CFrame.new(0.0000,0.0000,-0.0000,1.0000,-0.0000,0.0000,0.0000,0.9931,-0.1175,-0.0000,0.1175,0.9931),
      ["RightUpperLeg"] = CFrame.new(-0.0000,-0.0000,-0.0000,0.8671,-0.3766,-0.3261,0.0998,0.7726,-0.6270,0.4880,0.5111,0.7075),
      ["RightLowerLeg"] = CFrame.new(-0.0001,0.0000,0.0000,1.0000,0.0000,-0.0000,0.0000,0.2916,0.9565,0.0000,-0.9565,0.2916),
      ["RightFoot"] = CFrame.new(-0.0000,0.0000,0.0000,1.0000,0.0000,-0.0000,-0.0000,0.9988,-0.0481,0.0000,0.0481,0.9988),
    }},
    {Time = 2.000, Data = {
      ["HumanoidRootPart"] = CFrame.new(0.0000,0.0000,0.0000,1.0000,0.0000,0.0000,0.0000,1.0000,0.0000,0.0000,0.0000,1.0000),
      ["LowerTorso"] = CFrame.new(0.0000,3.0000,0.0000,-1.0000,0.0000,-0.0000,0.0000,-1.0000,-0.0000,-0.0000,-0.0000,1.0000),
      ["UpperTorso"] = CFrame.new(0.0000,0.0000,0.0000,1.0000,-0.0000,0.0000,0.0000,1.0000,-0.0000,0.0000,0.0000,1.0000),
      ["LeftUpperArm"] = CFrame.new(0.0000,0.0000,0.0000,0.2420,0.7155,-0.6553,-0.2299,-0.6139,-0.7552,-0.9427,0.3334,0.0160),
      ["LeftLowerArm"] = CFrame.new(-0.0000,-0.0000,0.0000,1.0000,0.0000,-0.0000,-0.0000,0.1207,-0.9927,-0.0000,0.9927,0.1207),
      ["LeftHand"] = CFrame.new(-0.0000,0.0000,0.0000,1.0000,0.0000,-0.0000,-0.0000,0.9776,-0.2103,0.0000,0.2103,0.9776),
      ["Head"] = CFrame.new(0.0000,2.0000,0.0000,-1.0000,0.0000,-0.0000,-0.0000,-1.0000,0.0000,-0.0000,0.0000,1.0000),
      ["RightUpperArm"] = CFrame.new(0.0001,0.0000,-0.0000,0.2139,-0.6890,0.6925,0.1588,-0.6749,-0.7206,0.9639,0.2641,-0.0350),
      ["RightLowerArm"] = CFrame.new(0.0000,0.0000,-0.0000,1.0000,-0.0000,0.0000,0.0000,0.1890,-0.9820,0.0000,0.9820,0.1890),
      ["RightHand"] = CFrame.new(0.0000,0.0000,0.0000,1.0000,-0.0000,0.0000,0.0000,0.9736,-0.2281,-0.0000,0.2281,0.9736),
      ["LeftUpperLeg"] = CFrame.new(0.0000,-0.0000,0.0000,0.8568,0.2980,0.4208,0.0292,0.7867,-0.6166,-0.5148,0.5406,0.6654),
      ["LeftLowerLeg"] = CFrame.new(0.0000,-0.0000,-0.0000,1.0000,-0.0000,0.0000,-0.0000,0.3968,0.9179,-0.0000,-0.9179,0.3968),
      ["LeftFoot"] = CFrame.new(0.0000,0.0000,-0.0000,1.0000,-0.0000,0.0000,0.0000,0.9931,-0.1175,-0.0000,0.1175,0.9931),
      ["RightUpperLeg"] = CFrame.new(0.0000,-0.0000,-0.0000,0.8671,-0.3765,-0.3261,0.0998,0.7727,-0.6269,0.4880,0.5111,0.7076),
      ["RightLowerLeg"] = CFrame.new(-0.0001,0.0000,0.0000,1.0000,0.0000,-0.0000,0.0000,0.2919,0.9564,0.0000,-0.9564,0.2919),
      ["RightFoot"] = CFrame.new(-0.0000,0.0000,0.0000,1.0000,0.0000,-0.0000,-0.0000,0.9988,-0.0481,0.0000,0.0481,0.9988),
    }},
    {Time = 2.033, Data = {
      ["HumanoidRootPart"] = CFrame.new(0.0000,0.0000,0.0000,1.0000,0.0000,0.0000,0.0000,1.0000,0.0000,0.0000,0.0000,1.0000),
      ["LowerTorso"] = CFrame.new(0.0000,2.9992,0.0000,-1.0000,0.0015,-0.0000,-0.0015,-1.0000,-0.0000,-0.0000,-0.0000,1.0000),
      ["UpperTorso"] = CFrame.new(0.0000,0.0000,0.0000,1.0000,-0.0038,0.0000,0.0038,1.0000,-0.0000,0.0000,0.0000,1.0000),
      ["LeftUpperArm"] = CFrame.new(0.0000,0.0000,0.0000,0.2420,0.7154,-0.6555,-0.2299,-0.6140,-0.7551,-0.9427,0.3334,0.0159),
      ["LeftLowerArm"] = CFrame.new(-0.0000,-0.0000,0.0000,1.0000,0.0000,-0.0000,-0.0000,0.1210,-0.9927,-0.0000,0.9927,0.1210),
      ["LeftHand"] = CFrame.new(-0.0000,0.0000,0.0000,1.0000,0.0000,-0.0000,-0.0000,0.9776,-0.2106,0.0000,0.2106,0.9776),
      ["Head"] = CFrame.new(0.0000,2.0000,0.0000,-1.0000,0.0000,-0.0000,-0.0000,-1.0000,0.0000,-0.0000,0.0000,1.0000),
      ["RightUpperArm"] = CFrame.new(0.0001,0.0000,-0.0000,0.2140,-0.6889,0.6925,0.1588,-0.6750,-0.7205,0.9639,0.2641,-0.0350),
      ["RightLowerArm"] = CFrame.new(0.0000,0.0000,-0.0000,1.0000,-0.0000,0.0000,0.0000,0.1893,-0.9819,0.0000,0.9819,0.1893),
      ["RightHand"] = CFrame.new(0.0000,0.0000,-0.0000,1.0000,-0.0000,0.0000,0.0000,0.9736,-0.2285,-0.0000,0.2285,0.9736),
      ["LeftUpperLeg"] = CFrame.new(0.0000,-0.0000,-0.0000,0.8568,0.2980,0.4208,0.0292,0.7867,-0.6167,-0.5148,0.5407,0.6653),
      ["LeftLowerLeg"] = CFrame.new(0.0000,-0.0000,-0.0000,1.0000,-0.0000,0.0000,-0.0000,0.3965,0.9181,-0.0000,-0.9181,0.3965),
      ["LeftFoot"] = CFrame.new(0.0000,0.0000,-0.0000,1.0000,-0.0000,0.0000,0.0000,0.9931,-0.1175,-0.0000,0.1175,0.9931),
      ["RightUpperLeg"] = CFrame.new(-0.0000,-0.0000,-0.0000,0.8671,-0.3766,-0.3261,0.0998,0.7726,-0.6270,0.4880,0.5111,0.7075),
      ["RightLowerLeg"] = CFrame.new(-0.0001,0.0000,0.0000,1.0000,0.0000,-0.0000,0.0000,0.2916,0.9565,0.0000,-0.9565,0.2916),
      ["RightFoot"] = CFrame.new(-0.0000,0.0000,0.0000,1.0000,0.0000,-0.0000,-0.0000,0.9988,-0.0481,0.0000,0.0481,0.9988),
    }},
    {Time = 2.067, Data = {
      ["HumanoidRootPart"] = CFrame.new(0.0000,0.0000,0.0000,1.0000,0.0000,0.0000,0.0000,1.0000,0.0000,0.0000,0.0000,1.0000),
      ["LowerTorso"] = CFrame.new(0.0000,2.9967,0.0000,-1.0000,0.0030,-0.0000,-0.0030,-1.0000,-0.0000,-0.0000,-0.0000,1.0000),
      ["UpperTorso"] = CFrame.new(0.0000,0.0000,0.0000,1.0000,-0.0078,0.0000,0.0078,1.0000,-0.0000,0.0000,0.0000,1.0000),
      ["LeftUpperArm"] = CFrame.new(0.0000,0.0000,0.0000,0.2420,0.7151,-0.6558,-0.2299,-0.6144,-0.7548,-0.9426,0.3334,0.0157),
      ["LeftLowerArm"] = CFrame.new(-0.0000,-0.0000,0.0000,1.0000,0.0000,-0.0000,-0.0000,0.1218,-0.9926,-0.0000,0.9926,0.1218),
      ["LeftHand"] = CFrame.new(-0.0000,0.0000,0.0000,1.0000,0.0000,-0.0000,-0.0000,0.9774,-0.2114,0.0000,0.2114,0.9774),
      ["Head"] = CFrame.new(0.0000,2.0000,0.0000,-1.0000,0.0000,-0.0000,-0.0000,-1.0000,0.0000,-0.0000,0.0000,1.0000),
      ["RightUpperArm"] = CFrame.new(0.0001,0.0000,-0.0000,0.2140,-0.6887,0.6928,0.1588,-0.6753,-0.7203,0.9639,0.2641,-0.0351),
      ["RightLowerArm"] = CFrame.new(0.0000,0.0000,-0.0000,1.0000,-0.0000,0.0000,0.0000,0.1901,-0.9818,0.0000,0.9818,0.1901),
      ["RightHand"] = CFrame.new(0.0000,0.0000,-0.0000,1.0000,-0.0000,0.0000,0.0000,0.9733,-0.2294,-0.0000,0.2294,0.9733),
      ["LeftUpperLeg"] = CFrame.new(0.0000,-0.0000,-0.0000,0.8568,0.2981,0.4207,0.0292,0.7865,-0.6168,-0.5148,0.5408,0.6652),
      ["LeftLowerLeg"] = CFrame.new(0.0000,-0.0000,-0.0000,1.0000,-0.0000,0.0000,-0.0000,0.3954,0.9185,-0.0000,-0.9185,0.3954),
      ["LeftFoot"] = CFrame.new(0.0000,0.0000,-0.0000,1.0000,-0.0000,0.0000,0.0000,0.9931,-0.1175,-0.0000,0.1175,0.9931),
      ["RightUpperLeg"] = CFrame.new(-0.0000,-0.0000,-0.0000,0.8671,-0.3766,-0.3260,0.0997,0.7725,-0.6272,0.4880,0.5113,0.7074),
      ["RightLowerLeg"] = CFrame.new(-0.0001,0.0000,0.0000,1.0000,0.0000,-0.0000,0.0000,0.2907,0.9568,0.0000,-0.9568,0.2907),
      ["RightFoot"] = CFrame.new(-0.0000,0.0000,0.0000,1.0000,0.0000,-0.0000,-0.0000,0.9988,-0.0481,0.0000,0.0481,0.9988),
    }},
    {Time = 2.100, Data = {
      ["HumanoidRootPart"] = CFrame.new(0.0000,0.0000,0.0000,1.0000,0.0000,0.0000,0.0000,1.0000,0.0000,0.0000,0.0000,1.0000),
      ["LowerTorso"] = CFrame.new(0.0000,2.9927,0.0000,-1.0000,0.0046,-0.0000,-0.0046,-1.0000,-0.0000,-0.0000,-0.0000,1.0000),
      ["UpperTorso"] = CFrame.new(0.0000,0.0000,0.0000,0.9999,-0.0119,0.0000,0.0119,0.9999,-0.0000,0.0000,0.0000,1.0000),
      ["LeftUpperArm"] = CFrame.new(0.0000,0.0000,0.0000,0.2420,0.7146,-0.6563,-0.2299,-0.6150,-0.7543,-0.9426,0.3335,0.0154),
      ["LeftLowerArm"] = CFrame.new(-0.0000,-0.0000,0.0000,1.0000,0.0000,-0.0000,-0.0000,0.1230,-0.9924,-0.0000,0.9924,0.1230),
      ["LeftHand"] = CFrame.new(-0.0000,0.0000,0.0000,1.0000,0.0000,-0.0000,-0.0000,0.9771,-0.2126,0.0000,0.2126,0.9771),
      ["Head"] = CFrame.new(0.0000,2.0000,0.0000,-1.0000,0.0000,-0.0000,-0.0000,-1.0000,0.0000,-0.0000,0.0000,1.0000),
      ["RightUpperArm"] = CFrame.new(0.0001,0.0000,-0.0000,0.2140,-0.6883,0.6932,0.1588,-0.6757,-0.7199,0.9638,0.2641,-0.0353),
      ["RightLowerArm"] = CFrame.new(0.0000,0.0000,-0.0000,1.0000,-0.0000,0.0000,0.0000,0.1913,-0.9815,0.0000,0.9815,0.1913),
      ["RightHand"] = CFrame.new(0.0000,0.0000,-0.0000,1.0000,-0.0000,0.0000,0.0000,0.9730,-0.2310,-0.0000,0.2310,0.9730),
      ["LeftUpperLeg"] = CFrame.new(0.0000,-0.0000,-0.0000,0.8568,0.2982,0.4206,0.0292,0.7863,-0.6171,-0.5148,0.5411,0.6650),
      ["LeftLowerLeg"] = CFrame.new(0.0000,-0.0000,-0.0000,1.0000,-0.0000,0.0000,-0.0000,0.3936,0.9193,-0.0000,-0.9193,0.3936),
      ["LeftFoot"] = CFrame.new(0.0000,0.0000,-0.0000,1.0000,-0.0000,0.0000,0.0000,0.9931,-0.1175,-0.0000,0.1175,0.9931),
      ["RightUpperLeg"] = CFrame.new(-0.0000,-0.0000,-0.0000,0.8671,-0.3768,-0.3258,0.0997,0.7722,-0.6275,0.4880,0.5116,0.7072),
      ["RightLowerLeg"] = CFrame.new(-0.0001,0.0000,0.0000,1.0000,0.0000,-0.0000,0.0000,0.2892,0.9573,0.0000,-0.9573,0.2892),
      ["RightFoot"] = CFrame.new(-0.0000,0.0000,0.0000,1.0000,0.0000,-0.0000,-0.0000,0.9988,-0.0481,0.0000,0.0481,0.9988),
    }},
    {Time = 2.133, Data = {
      ["HumanoidRootPart"] = CFrame.new(0.0000,0.0000,0.0000,1.0000,0.0000,0.0000,0.0000,1.0000,0.0000,0.0000,0.0000,1.0000),
      ["LowerTorso"] = CFrame.new(0.0000,2.9873,0.0000,-1.0000,0.0062,0.0000,-0.0062,-1.0000,0.0000,0.0000,0.0000,1.0000),
      ["UpperTorso"] = CFrame.new(0.0000,0.0000,0.0000,0.9999,-0.0161,0.0000,0.0161,0.9999,-0.0000,0.0000,0.0000,1.0000),
      ["LeftUpperArm"] = CFrame.new(0.0000,0.0000,0.0000,0.2421,0.7139,-0.6571,-0.2298,-0.6158,-0.7537,-0.9426,0.3335,0.0150),
      ["LeftLowerArm"] = CFrame.new(-0.0000,-0.0000,0.0000,1.0000,0.0000,-0.0000,-0.0000,0.1248,-0.9922,-0.0000,0.9922,0.1248),
      ["LeftHand"] = CFrame.new(-0.0000,0.0000,0.0000,1.0000,0.0000,-0.0000,-0.0000,0.9768,-0.2144,0.0000,0.2144,0.9768),
      ["Head"] = CFrame.new(0.0000,2.0000,0.0000,-1.0000,-0.0000,-0.0000,0.0000,-1.0000,0.0000,-0.0000,0.0000,1.0000),
      ["RightUpperArm"] = CFrame.new(0.0001,0.0000,-0.0000,0.2140,-0.6877,0.6937,0.1587,-0.6763,-0.7193,0.9638,0.2641,-0.0356),
      ["RightLowerArm"] = CFrame.new(0.0000,0.0000,-0.0000,1.0000,-0.0000,0.0000,0.0000,0.1930,-0.9812,0.0000,0.9812,0.1930),
      ["RightHand"] = CFrame.new(0.0000,0.0000,-0.0000,1.0000,-0.0000,0.0000,0.0000,0.9724,-0.2332,-0.0000,0.2332,0.9724),
      ["LeftUpperLeg"] = CFrame.new(0.0000,-0.0000,-0.0000,0.8568,0.2984,0.4204,0.0292,0.7860,-0.6175,-0.5148,0.5414,0.6648),
      ["LeftLowerLeg"] = CFrame.new(0.0000,-0.0000,-0.0000,1.0000,-0.0000,0.0000,-0.0000,0.3912,0.9203,-0.0000,-0.9203,0.3912),
      ["LeftFoot"] = CFrame.new(0.0000,0.0000,-0.0000,1.0000,-0.0000,0.0000,0.0000,0.9931,-0.1175,-0.0000,0.1175,0.9931),
      ["RightUpperLeg"] = CFrame.new(-0.0000,-0.0000,-0.0000,0.8671,-0.3769,-0.3256,0.0997,0.7718,-0.6279,0.4880,0.5120,0.7069),
      ["RightLowerLeg"] = CFrame.new(-0.0001,0.0000,0.0000,1.0000,0.0000,-0.0000,0.0000,0.2872,0.9579,0.0000,-0.9579,0.2872),
      ["RightFoot"] = CFrame.new(-0.0000,0.0000,0.0000,1.0000,0.0000,-0.0000,-0.0000,0.9988,-0.0481,0.0000,0.0481,0.9988),
    }},
    {Time = 2.167, Data = {
      ["HumanoidRootPart"] = CFrame.new(0.0000,0.0000,0.0000,1.0000,0.0000,0.0000,0.0000,1.0000,0.0000,0.0000,0.0000,1.0000),
      ["LowerTorso"] = CFrame.new(0.0000,2.9803,0.0000,-1.0000,0.0078,-0.0000,-0.0078,-1.0000,-0.0000,-0.0000,-0.0000,1.0000),
      ["UpperTorso"] = CFrame.new(0.0000,0.0000,0.0000,0.9998,-0.0204,0.0000,0.0204,0.9998,-0.0000,0.0000,0.0000,1.0000),
      ["LeftUpperArm"] = CFrame.new(0.0000,0.0000,0.0000,0.2422,0.7130,-0.6580,-0.2298,-0.6168,-0.7528,-0.9426,0.3336,0.0145),
      ["LeftLowerArm"] = CFrame.new(-0.0000,-0.0000,0.0000,1.0000,0.0000,-0.0000,-0.0000,0.1270,-0.9919,-0.0000,0.9919,0.1270),
      ["LeftHand"] = CFrame.new(-0.0000,0.0000,0.0000,1.0000,0.0000,-0.0000,-0.0000,0.9763,-0.2166,0.0000,0.2166,0.9763),
      ["Head"] = CFrame.new(0.0000,2.0000,0.0000,-1.0000,0.0000,-0.0000,-0.0000,-1.0000,0.0000,-0.0000,0.0000,1.0000),
      ["RightUpperArm"] = CFrame.new(0.0001,0.0000,-0.0000,0.2141,-0.6870,0.6944,0.1587,-0.6770,-0.7187,0.9638,0.2641,-0.0359),
      ["RightLowerArm"] = CFrame.new(0.0000,0.0000,-0.0000,1.0000,-0.0000,0.0000,0.0000,0.1952,-0.9808,0.0000,0.9808,0.1952),
      ["RightHand"] = CFrame.new(0.0000,0.0000,-0.0000,1.0000,-0.0000,0.0000,0.0000,0.9718,-0.2359,-0.0000,0.2359,0.9718),
      ["LeftUpperLeg"] = CFrame.new(0.0000,-0.0000,-0.0000,0.8568,0.2987,0.4202,0.0292,0.7856,-0.6180,-0.5148,0.5418,0.6644),
      ["LeftLowerLeg"] = CFrame.new(0.0000,-0.0000,-0.0000,1.0000,-0.0000,0.0000,-0.0000,0.3882,0.9216,-0.0000,-0.9216,0.3882),
      ["LeftFoot"] = CFrame.new(0.0000,0.0000,-0.0000,1.0000,-0.0000,0.0000,0.0000,0.9931,-0.1175,-0.0000,0.1175,0.9931),
      ["RightUpperLeg"] = CFrame.new(-0.0000,-0.0000,-0.0000,0.8671,-0.3772,-0.3253,0.0997,0.7714,-0.6285,0.4880,0.5125,0.7065),
      ["RightLowerLeg"] = CFrame.new(-0.0001,0.0000,0.0000,1.0000,0.0000,-0.0000,0.0000,0.2846,0.9587,0.0000,-0.9587,0.2846),
      ["RightFoot"] = CFrame.new(-0.0000,0.0000,0.0000,1.0000,0.0000,-0.0000,-0.0000,0.9988,-0.0481,0.0000,0.0481,0.9988),
    }},
    {Time = 2.200, Data = {
      ["HumanoidRootPart"] = CFrame.new(0.0000,0.0000,0.0000,1.0000,0.0000,0.0000,0.0000,1.0000,0.0000,0.0000,0.0000,1.0000),
      ["LowerTorso"] = CFrame.new(0.0000,2.9720,0.0000,-1.0000,0.0095,-0.0000,-0.0095,-1.0000,-0.0000,-0.0000,-0.0000,1.0000),
      ["UpperTorso"] = CFrame.new(0.0000,0.0000,0.0000,0.9997,-0.0247,0.0000,0.0247,0.9997,-0.0000,0.0000,0.0000,1.0000),
      ["LeftUpperArm"] = CFrame.new(0.0000,0.0000,0.0000,0.2423,0.7119,-0.6592,-0.2298,-0.6180,-0.7519,-0.9426,0.3336,0.0138),
      ["LeftLowerArm"] = CFrame.new(-0.0000,-0.0000,0.0000,1.0000,0.0000,-0.0000,-0.0000,0.1297,-0.9916,-0.0000,0.9916,0.1297),
      ["LeftHand"] = CFrame.new(-0.0000,0.0000,0.0000,1.0000,0.0000,-0.0000,-0.0000,0.9757,-0.2192,0.0000,0.2192,0.9757),
      ["Head"] = CFrame.new(0.0000,2.0000,0.0000,-1.0000,0.0000,-0.0000,-0.0000,-1.0000,0.0000,-0.0000,0.0000,1.0000),
      ["RightUpperArm"] = CFrame.new(0.0001,0.0000,-0.0000,0.2142,-0.6861,0.6953,0.1587,-0.6779,-0.7178,0.9638,0.2641,-0.0363),
      ["RightLowerArm"] = CFrame.new(0.0000,0.0000,-0.0000,1.0000,-0.0000,0.0000,0.0000,0.1978,-0.9802,0.0000,0.9802,0.1978),
      ["RightHand"] = CFrame.new(0.0000,0.0000,-0.0000,1.0000,-0.0000,0.0000,0.0000,0.9710,-0.2391,-0.0000,0.2391,0.9710),
      ["LeftUpperLeg"] = CFrame.new(0.0000,-0.0000,-0.0000,0.8568,0.2990,0.4200,0.0292,0.7852,-0.6186,-0.5147,0.5423,0.6640),
      ["LeftLowerLeg"] = CFrame.new(0.0000,-0.0000,-0.0000,1.0000,-0.0000,0.0000,-0.0000,0.3845,0.9231,-0.0000,-0.9231,0.3845),
      ["LeftFoot"] = CFrame.new(0.0000,0.0000,-0.0000,1.0000,-0.0000,0.0000,0.0000,0.9931,-0.1175,-0.0000,0.1175,0.9931),
      ["RightUpperLeg"] = CFrame.new(-0.0000,-0.0000,-0.0000,0.8672,-0.3774,-0.3250,0.0997,0.7709,-0.6291,0.4880,0.5132,0.7061),
      ["RightLowerLeg"] = CFrame.new(-0.0001,0.0000,0.0000,1.0000,0.0000,-0.0000,0.0000,0.2815,0.9596,0.0000,-0.9596,0.2815),
      ["RightFoot"] = CFrame.new(-0.0000,0.0000,0.0000,1.0000,0.0000,-0.0000,-0.0000,0.9988,-0.0481,0.0000,0.0481,0.9988),
    }},
    {Time = 2.233, Data = {
      ["HumanoidRootPart"] = CFrame.new(0.0000,0.0000,0.0000,1.0000,0.0000,0.0000,0.0000,1.0000,0.0000,0.0000,0.0000,1.0000),
      ["LowerTorso"] = CFrame.new(0.0000,2.9623,0.0000,-0.9999,0.0112,-0.0000,-0.0112,-0.9999,-0.0000,-0.0000,-0.0000,1.0000),
      ["UpperTorso"] = CFrame.new(0.0000,0.0000,0.0000,0.9996,-0.0292,0.0000,0.0292,0.9996,-0.0000,0.0000,0.0000,1.0000),
      ["LeftUpperArm"] = CFrame.new(0.0000,0.0000,0.0000,0.2424,0.7106,-0.6605,-0.2297,-0.6194,-0.7507,-0.9426,0.3337,0.0131),
      ["LeftLowerArm"] = CFrame.new(-0.0000,-0.0000,0.0000,1.0000,0.0000,-0.0000,-0.0000,0.1328,-0.9911,-0.0000,0.9911,0.1328),
      ["LeftHand"] = CFrame.new(-0.0000,0.0000,0.0000,1.0000,0.0000,-0.0000,-0.0000,0.9750,-0.2223,0.0000,0.2223,0.9750),
      ["Head"] = CFrame.new(0.0000,2.0000,0.0000,-1.0000,0.0000,-0.0000,-0.0000,-1.0000,0.0000,-0.0000,0.0000,1.0000),
      ["RightUpperArm"] = CFrame.new(0.0001,0.0000,-0.0000,0.2142,-0.6851,0.6962,0.1587,-0.6789,-0.7169,0.9638,0.2640,-0.0367),
      ["RightLowerArm"] = CFrame.new(0.0000,0.0000,-0.0000,1.0000,-0.0000,0.0000,0.0000,0.2008,-0.9796,0.0000,0.9796,0.2008),
      ["RightHand"] = CFrame.new(0.0000,0.0000,-0.0000,1.0000,-0.0000,0.0000,0.0000,0.9700,-0.2429,-0.0000,0.2429,0.9700),
      ["LeftUpperLeg"] = CFrame.new(0.0000,-0.0000,-0.0000,0.8569,0.2993,0.4197,0.0292,0.7847,-0.6192,-0.5147,0.5429,0.6636),
      ["LeftLowerLeg"] = CFrame.new(0.0000,-0.0000,-0.0000,1.0000,-0.0000,0.0000,-0.0000,0.3802,0.9249,-0.0000,-0.9249,0.3802),
      ["LeftFoot"] = CFrame.new(0.0000,0.0000,-0.0000,1.0000,-0.0000,0.0000,0.0000,0.9931,-0.1175,-0.0000,0.1175,0.9931),
      ["RightUpperLeg"] = CFrame.new(-0.0000,-0.0000,-0.0000,0.8672,-0.3777,-0.3246,0.0997,0.7702,-0.6299,0.4879,0.5139,0.7056),
      ["RightLowerLeg"] = CFrame.new(-0.0001,0.0000,0.0000,1.0000,0.0000,-0.0000,0.0000,0.2779,0.9606,0.0000,-0.9606,0.2779),
      ["RightFoot"] = CFrame.new(-0.0000,0.0000,0.0000,1.0000,0.0000,-0.0000,-0.0000,0.9988,-0.0481,0.0000,0.0481,0.9988),
    }},
    {Time = 2.267, Data = {
      ["HumanoidRootPart"] = CFrame.new(0.0000,0.0000,0.0000,1.0000,0.0000,0.0000,0.0000,1.0000,0.0000,0.0000,0.0000,1.0000),
      ["LowerTorso"] = CFrame.new(0.0000,2.9514,0.0000,-0.9999,0.0130,-0.0000,-0.0130,-0.9999,-0.0000,-0.0000,-0.0000,1.0000),
      ["UpperTorso"] = CFrame.new(0.0000,0.0000,0.0000,0.9994,-0.0337,0.0000,0.0337,0.9994,-0.0000,0.0000,0.0000,1.0000),
      ["LeftUpperArm"] = CFrame.new(0.0000,0.0000,0.0000,0.2426,0.7092,-0.6620,-0.2297,-0.6210,-0.7494,-0.9426,0.3338,0.0122),
      ["LeftLowerArm"] = CFrame.new(-0.0000,-0.0000,0.0000,1.0000,0.0000,-0.0000,-0.0000,0.1363,-0.9907,-0.0000,0.9907,0.1363),
      ["LeftHand"] = CFrame.new(-0.0000,0.0000,0.0000,1.0000,0.0000,-0.0000,-0.0000,0.9742,-0.2257,0.0000,0.2257,0.9742),
      ["Head"] = CFrame.new(0.0000,2.0000,0.0000,-1.0000,0.0000,-0.0000,-0.0000,-1.0000,0.0000,-0.0000,0.0000,1.0000),
      ["RightUpperArm"] = CFrame.new(0.0001,0.0000,-0.0000,0.2143,-0.6840,0.6973,0.1587,-0.6801,-0.7158,0.9638,0.2640,-0.0372),
      ["RightLowerArm"] = CFrame.new(0.0000,0.0000,-0.0000,1.0000,-0.0000,0.0000,0.0000,0.2043,-0.9789,0.0000,0.9789,0.2043),
      ["RightHand"] = CFrame.new(0.0000,0.0000,-0.0000,1.0000,-0.0000,0.0000,0.0000,0.9690,-0.2472,-0.0000,0.2472,0.9690),
      ["LeftUpperLeg"] = CFrame.new(0.0000,-0.0000,-0.0000,0.8569,0.2997,0.4194,0.0292,0.7841,-0.6200,-0.5147,0.5435,0.6631),
      ["LeftLowerLeg"] = CFrame.new(0.0000,-0.0000,-0.0000,1.0000,-0.0000,0.0000,-0.0000,0.3754,0.9269,-0.0000,-0.9269,0.3754),
      ["LeftFoot"] = CFrame.new(0.0000,0.0000,-0.0000,1.0000,-0.0000,0.0000,0.0000,0.9931,-0.1175,-0.0000,0.1175,0.9931),
      ["RightUpperLeg"] = CFrame.new(-0.0000,-0.0000,-0.0000,0.8672,-0.3781,-0.3241,0.0997,0.7695,-0.6308,0.4879,0.5147,0.7050),
      ["RightLowerLeg"] = CFrame.new(-0.0001,0.0000,0.0000,1.0000,0.0000,-0.0000,0.0000,0.2738,0.9618,0.0000,-0.9618,0.2738),
      ["RightFoot"] = CFrame.new(-0.0000,0.0000,0.0000,1.0000,0.0000,-0.0000,-0.0000,0.9988,-0.0481,0.0000,0.0481,0.9988),
    }},
    {Time = 2.300, Data = {
      ["HumanoidRootPart"] = CFrame.new(0.0000,0.0000,0.0000,1.0000,0.0000,0.0000,0.0000,1.0000,0.0000,0.0000,0.0000,1.0000),
      ["LowerTorso"] = CFrame.new(0.0000,2.9392,0.0000,-0.9999,0.0148,-0.0000,-0.0148,-0.9999,-0.0000,-0.0000,-0.0000,1.0000),
      ["UpperTorso"] = CFrame.new(0.0000,0.0000,0.0000,0.9993,-0.0384,0.0000,0.0384,0.9993,-0.0000,0.0000,0.0000,1.0000),
      ["LeftUpperArm"] = CFrame.new(0.0000,0.0000,0.0000,0.2427,0.7076,-0.6636,-0.2296,-0.6227,-0.7480,-0.9425,0.3339,0.0113),
      ["LeftLowerArm"] = CFrame.new(-0.0000,-0.0000,0.0000,1.0000,0.0000,-0.0000,-0.0000,0.1402,-0.9901,-0.0000,0.9901,0.1402),
      ["LeftHand"] = CFrame.new(-0.0000,0.0000,0.0000,1.0000,0.0000,-0.0000,-0.0000,0.9733,-0.2295,0.0000,0.2295,0.9733),
      ["Head"] = CFrame.new(0.0000,2.0000,0.0000,-1.0000,0.0000,-0.0000,-0.0000,-1.0000,0.0000,-0.0000,0.0000,1.0000),
      ["RightUpperArm"] = CFrame.new(0.0001,0.0000,-0.0000,0.2144,-0.6827,0.6986,0.1586,-0.6814,-0.7146,0.9638,0.2640,-0.0378),
      ["RightLowerArm"] = CFrame.new(0.0000,0.0000,-0.0000,1.0000,-0.0000,0.0000,0.0000,0.2081,-0.9781,0.0000,0.9781,0.2081),
      ["RightHand"] = CFrame.new(0.0000,0.0000,-0.0000,1.0000,-0.0000,0.0000,0.0000,0.9677,-0.2520,-0.0000,0.2520,0.9677),
      ["LeftUpperLeg"] = CFrame.new(0.0000,-0.0000,-0.0000,0.8569,0.3002,0.4191,0.0292,0.7834,-0.6208,-0.5147,0.5442,0.6625),
      ["LeftLowerLeg"] = CFrame.new(0.0000,-0.0000,-0.0000,1.0000,-0.0000,0.0000,-0.0000,0.3700,0.9290,-0.0000,-0.9290,0.3700),
      ["LeftFoot"] = CFrame.new(0.0000,0.0000,-0.0000,1.0000,-0.0000,0.0000,0.0000,0.9931,-0.1175,-0.0000,0.1175,0.9931),
      ["RightUpperLeg"] = CFrame.new(-0.0000,-0.0000,-0.0000,0.8672,-0.3785,-0.3236,0.0997,0.7687,-0.6318,0.4879,0.5156,0.7044),
      ["RightLowerLeg"] = CFrame.new(-0.0001,0.0000,0.0000,1.0000,0.0000,-0.0000,0.0000,0.2692,0.9631,0.0000,-0.9631,0.2692),
      ["RightFoot"] = CFrame.new(-0.0000,0.0000,0.0000,1.0000,0.0000,-0.0000,-0.0000,0.9988,-0.0481,0.0000,0.0481,0.9988),
    }},
    {Time = 2.333, Data = {
      ["HumanoidRootPart"] = CFrame.new(0.0000,0.0000,0.0000,1.0000,0.0000,0.0000,0.0000,1.0000,0.0000,0.0000,0.0000,1.0000),
      ["LowerTorso"] = CFrame.new(0.0000,2.9259,0.0000,-0.9999,0.0166,-0.0000,-0.0166,-0.9999,-0.0000,-0.0000,-0.0000,1.0000),
      ["UpperTorso"] = CFrame.new(0.0000,0.0000,0.0000,0.9991,-0.0431,0.0000,0.0431,0.9991,-0.0000,0.0000,0.0000,1.0000),
      ["LeftUpperArm"] = CFrame.new(0.0000,0.0000,0.0000,0.2429,0.7058,-0.6654,-0.2295,-0.6247,-0.7464,-0.9425,0.3340,0.0103),
      ["LeftLowerArm"] = CFrame.new(-0.0000,-0.0000,0.0000,1.0000,0.0000,-0.0000,-0.0000,0.1444,-0.9895,-0.0000,0.9895,0.1444),
      ["LeftHand"] = CFrame.new(-0.0000,0.0000,0.0000,1.0000,0.0000,-0.0000,-0.0000,0.9723,-0.2337,0.0000,0.2337,0.9723),
      ["Head"] = CFrame.new(0.0000,2.0000,0.0000,-1.0000,0.0000,-0.0000,-0.0000,-1.0000,0.0000,-0.0000,0.0000,1.0000),
      ["RightUpperArm"] = CFrame.new(0.0001,0.0000,-0.0000,0.2145,-0.6813,0.6999,0.1586,-0.6828,-0.7132,0.9638,0.2640,-0.0384),
      ["RightLowerArm"] = CFrame.new(0.0000,0.0000,-0.0000,1.0000,-0.0000,0.0000,0.0000,0.2122,-0.9772,0.0000,0.9772,0.2122),
      ["RightHand"] = CFrame.new(0.0000,0.0000,-0.0000,1.0000,-0.0000,0.0000,0.0000,0.9664,-0.2572,-0.0000,0.2572,0.9664),
      ["LeftUpperLeg"] = CFrame.new(0.0000,-0.0000,-0.0000,0.8569,0.3007,0.4187,0.0292,0.7827,-0.6218,-0.5147,0.5450,0.6619),
      ["LeftLowerLeg"] = CFrame.new(0.0000,-0.0000,-0.0000,1.0000,-0.0000,0.0000,-0.0000,0.3641,0.9314,-0.0000,-0.9314,0.3641),
      ["LeftFoot"] = CFrame.new(0.0000,0.0000,-0.0000,1.0000,-0.0000,0.0000,0.0000,0.9931,-0.1175,-0.0000,0.1175,0.9931),
      ["RightUpperLeg"] = CFrame.new(-0.0000,-0.0000,-0.0000,0.8672,-0.3789,-0.3231,0.0997,0.7679,-0.6328,0.4879,0.5166,0.7037),
      ["RightLowerLeg"] = CFrame.new(-0.0001,0.0000,0.0000,1.0000,0.0000,-0.0000,0.0000,0.2642,0.9645,0.0000,-0.9645,0.2642),
      ["RightFoot"] = CFrame.new(-0.0000,0.0000,0.0000,1.0000,0.0000,-0.0000,-0.0000,0.9988,-0.0481,0.0000,0.0481,0.9988),
    }},
    {Time = 2.367, Data = {
      ["HumanoidRootPart"] = CFrame.new(0.0000,0.0000,0.0000,1.0000,0.0000,0.0000,0.0000,1.0000,0.0000,0.0000,0.0000,1.0000),
      ["LowerTorso"] = CFrame.new(0.0000,2.9115,0.0000,-0.9998,0.0184,-0.0000,-0.0184,-0.9998,-0.0000,-0.0000,-0.0000,1.0000),
      ["UpperTorso"] = CFrame.new(0.0000,0.0000,0.0000,0.9989,-0.0478,0.0000,0.0478,0.9989,-0.0000,0.0000,0.0000,1.0000),
      ["LeftUpperArm"] = CFrame.new(0.0000,0.0000,0.0000,0.2430,0.7039,-0.6674,-0.2295,-0.6268,-0.7446,-0.9425,0.3341,0.0092),
      ["LeftLowerArm"] = CFrame.new(-0.0000,-0.0000,0.0000,1.0000,0.0000,-0.0000,-0.0000,0.1490,-0.9888,-0.0000,0.9888,0.1490),
      ["LeftHand"] = CFrame.new(-0.0000,0.0000,0.0000,1.0000,0.0000,-0.0000,-0.0000,0.9712,-0.2383,0.0000,0.2383,0.9712),
      ["Head"] = CFrame.new(0.0000,2.0000,0.0000,-1.0000,-0.0000,-0.0000,0.0000,-1.0000,0.0000,-0.0000,0.0000,1.0000),
      ["RightUpperArm"] = CFrame.new(0.0001,0.0000,-0.0000,0.2145,-0.6798,0.7013,0.1586,-0.6843,-0.7118,0.9638,0.2639,-0.0390),
      ["RightLowerArm"] = CFrame.new(0.0000,0.0000,-0.0000,1.0000,-0.0000,0.0000,0.0000,0.2167,-0.9762,0.0000,0.9762,0.2167),
      ["RightHand"] = CFrame.new(0.0000,0.0000,-0.0000,1.0000,-0.0000,0.0000,0.0000,0.9649,-0.2628,-0.0000,0.2628,0.9649),
      ["LeftUpperLeg"] = CFrame.new(0.0000,-0.0000,-0.0000,0.8569,0.3012,0.4183,0.0292,0.7819,-0.6228,-0.5146,0.5459,0.6612),
      ["LeftLowerLeg"] = CFrame.new(0.0000,-0.0000,-0.0000,1.0000,-0.0000,0.0000,-0.0000,0.3577,0.9338,-0.0000,-0.9338,0.3577),
      ["LeftFoot"] = CFrame.new(0.0000,0.0000,-0.0000,1.0000,-0.0000,0.0000,0.0000,0.9931,-0.1175,-0.0000,0.1175,0.9931),
      ["RightUpperLeg"] = CFrame.new(-0.0000,-0.0000,-0.0000,0.8672,-0.3794,-0.3225,0.0997,0.7669,-0.6339,0.4878,0.5176,0.7029),
      ["RightLowerLeg"] = CFrame.new(-0.0001,0.0000,0.0000,1.0000,0.0000,-0.0000,0.0000,0.2588,0.9659,0.0000,-0.9659,0.2588),
      ["RightFoot"] = CFrame.new(-0.0000,0.0000,0.0000,1.0000,0.0000,-0.0000,-0.0000,0.9988,-0.0481,0.0000,0.0481,0.9988),
    }},
    {Time = 2.400, Data = {
      ["HumanoidRootPart"] = CFrame.new(0.0000,0.0000,0.0000,1.0000,0.0000,0.0000,0.0000,1.0000,0.0000,0.0000,0.0000,1.0000),
      ["LowerTorso"] = CFrame.new(0.0000,2.8960,0.0000,-0.9998,0.0202,-0.0000,-0.0202,-0.9998,-0.0000,-0.0000,-0.0000,1.0000),
      ["UpperTorso"] = CFrame.new(0.0000,0.0000,0.0000,0.9986,-0.0526,0.0000,0.0526,0.9986,-0.0000,0.0000,0.0000,1.0000),
      ["LeftUpperArm"] = CFrame.new(0.0000,0.0000,0.0000,0.2432,0.7019,-0.6695,-0.2294,-0.6290,-0.7428,-0.9425,0.3342,0.0081),
      ["LeftLowerArm"] = CFrame.new(-0.0000,-0.0000,0.0000,1.0000,0.0000,-0.0000,-0.0000,0.1540,-0.9881,-0.0000,0.9881,0.1540),
      ["LeftHand"] = CFrame.new(-0.0000,0.0000,0.0000,1.0000,0.0000,-0.0000,-0.0000,0.9700,-0.2432,0.0000,0.2432,0.9700),
      ["Head"] = CFrame.new(0.0000,2.0000,0.0000,-1.0000,0.0000,-0.0000,-0.0000,-1.0000,0.0000,-0.0000,0.0000,1.0000),
      ["RightUpperArm"] = CFrame.new(0.0001,0.0000,-0.0000,0.2146,-0.6782,0.7029,0.1585,-0.6859,-0.7102,0.9637,0.2639,-0.0397),
      ["RightLowerArm"] = CFrame.new(0.0000,0.0000,-0.0000,1.0000,-0.0000,0.0000,0.0000,0.2216,-0.9751,0.0000,0.9751,0.2216),
      ["RightHand"] = CFrame.new(0.0000,0.0000,-0.0000,1.0000,-0.0000,0.0000,0.0000,0.9632,-0.2688,-0.0000,0.2688,0.9632),
      ["LeftUpperLeg"] = CFrame.new(0.0000,-0.0000,-0.0000,0.8569,0.3017,0.4179,0.0292,0.7810,-0.6239,-0.5146,0.5468,0.6604),
      ["LeftLowerLeg"] = CFrame.new(0.0000,-0.0000,-0.0000,1.0000,-0.0000,0.0000,-0.0000,0.3507,0.9365,-0.0000,-0.9365,0.3507),
      ["LeftFoot"] = CFrame.new(0.0000,0.0000,-0.0000,1.0000,-0.0000,0.0000,0.0000,0.9931,-0.1175,-0.0000,0.1175,0.9931),
      ["RightUpperLeg"] = CFrame.new(-0.0000,-0.0000,-0.0000,0.8672,-0.3799,-0.3219,0.0997,0.7659,-0.6352,0.4878,0.5188,0.7021),
      ["RightLowerLeg"] = CFrame.new(-0.0001,0.0000,0.0000,1.0000,0.0000,-0.0000,0.0000,0.2530,0.9675,0.0000,-0.9675,0.2530),
      ["RightFoot"] = CFrame.new(-0.0000,0.0000,0.0000,1.0000,0.0000,-0.0000,-0.0000,0.9988,-0.0481,0.0000,0.0481,0.9988),
    }},
    {Time = 2.433, Data = {
      ["HumanoidRootPart"] = CFrame.new(0.0000,0.0000,0.0000,1.0000,0.0000,0.0000,0.0000,1.0000,0.0000,0.0000,0.0000,1.0000),
      ["LowerTorso"] = CFrame.new(0.0000,2.8795,0.0000,-0.9998,0.0221,-0.0000,-0.0221,-0.9998,-0.0000,-0.0000,-0.0000,1.0000),
      ["UpperTorso"] = CFrame.new(0.0000,0.0000,0.0000,0.9983,-0.0575,0.0000,0.0575,0.9983,-0.0000,0.0000,0.0000,1.0000),
      ["LeftUpperArm"] = CFrame.new(0.0000,0.0000,0.0000,0.2434,0.6997,-0.6717,-0.2294,-0.6314,-0.7408,-0.9424,0.3343,0.0068),
      ["LeftLowerArm"] = CFrame.new(-0.0000,-0.0000,0.0000,1.0000,0.0000,-0.0000,-0.0000,0.1592,-0.9872,-0.0000,0.9872,0.1592),
      ["LeftHand"] = CFrame.new(-0.0000,0.0000,0.0000,1.0000,0.0000,-0.0000,-0.0000,0.9687,-0.2483,0.0000,0.2483,0.9687),
      ["Head"] = CFrame.new(0.0000,2.0000,0.0000,-1.0000,0.0000,-0.0000,-0.0000,-1.0000,0.0000,-0.0000,0.0000,1.0000),
      ["RightUpperArm"] = CFrame.new(0.0001,0.0000,-0.0000,0.2147,-0.6764,0.7045,0.1585,-0.6876,-0.7085,0.9637,0.2638,-0.0405),
      ["RightLowerArm"] = CFrame.new(0.0000,0.0000,-0.0000,1.0000,-0.0000,0.0000,0.0000,0.2267,-0.9740,0.0000,0.9740,0.2267),
      ["RightHand"] = CFrame.new(0.0000,0.0000,-0.0000,1.0000,-0.0000,0.0000,0.0000,0.9614,-0.2752,-0.0000,0.2752,0.9614),
      ["LeftUpperLeg"] = CFrame.new(0.0000,-0.0000,-0.0000,0.8569,0.3023,0.4174,0.0292,0.7801,-0.6250,-0.5146,0.5478,0.6597),
      ["LeftLowerLeg"] = CFrame.new(0.0000,-0.0000,-0.0000,1.0000,-0.0000,0.0000,-0.0000,0.3434,0.9392,-0.0000,-0.9392,0.3434),
      ["LeftFoot"] = CFrame.new(0.0000,0.0000,-0.0000,1.0000,-0.0000,0.0000,0.0000,0.9931,-0.1175,-0.0000,0.1175,0.9931),
      ["RightUpperLeg"] = CFrame.new(-0.0000,-0.0000,-0.0000,0.8673,-0.3804,-0.3212,0.0997,0.7648,-0.6365,0.4878,0.5200,0.7012),
      ["RightLowerLeg"] = CFrame.new(-0.0001,0.0000,0.0000,1.0000,0.0000,-0.0000,0.0000,0.2468,0.9691,0.0000,-0.9691,0.2468),
      ["RightFoot"] = CFrame.new(-0.0000,0.0000,0.0000,1.0000,0.0000,-0.0000,-0.0000,0.9988,-0.0481,0.0000,0.0481,0.9988),
    }},
    {Time = 2.467, Data = {
      ["HumanoidRootPart"] = CFrame.new(0.0000,0.0000,0.0000,1.0000,0.0000,0.0000,0.0000,1.0000,0.0000,0.0000,0.0000,1.0000),
      ["LowerTorso"] = CFrame.new(0.0000,2.8621,0.0000,-0.9997,0.0240,-0.0000,-0.0240,-0.9997,-0.0000,-0.0000,-0.0000,1.0000),
      ["UpperTorso"] = CFrame.new(0.0000,0.0000,0.0000,0.9981,-0.0624,0.0000,0.0624,0.9981,-0.0000,0.0000,0.0000,1.0000),
      ["LeftUpperArm"] = CFrame.new(0.0000,0.0000,0.0000,0.2435,0.6974,-0.6740,-0.2293,-0.6339,-0.7387,-0.9424,0.3344,0.0055),
      ["LeftLowerArm"] = CFrame.new(-0.0000,-0.0000,0.0000,1.0000,0.0000,-0.0000,-0.0000,0.1648,-0.9863,-0.0000,0.9863,0.1648),
      ["LeftHand"] = CFrame.new(-0.0000,0.0000,0.0000,1.0000,0.0000,-0.0000,-0.0000,0.9673,-0.2538,0.0000,0.2538,0.9673),
      ["Head"] = CFrame.new(0.0000,2.0000,0.0000,-1.0000,-0.0000,-0.0000,0.0000,-1.0000,0.0000,-0.0000,0.0000,1.0000),
      ["RightUpperArm"] = CFrame.new(0.0001,0.0000,-0.0000,0.2148,-0.6746,0.7062,0.1585,-0.6895,-0.7068,0.9637,0.2637,-0.0412),
      ["RightLowerArm"] = CFrame.new(0.0000,0.0000,-0.0000,1.0000,-0.0000,0.0000,0.0000,0.2321,-0.9727,0.0000,0.9727,0.2321),
      ["RightHand"] = CFrame.new(0.0000,0.0000,-0.0000,1.0000,-0.0000,0.0000,0.0000,0.9594,-0.2820,-0.0000,0.2820,0.9594),
      ["LeftUpperLeg"] = CFrame.new(0.0000,-0.0000,-0.0000,0.8570,0.3030,0.4169,0.0292,0.7791,-0.6262,-0.5146,0.5488,0.6588),
      ["LeftLowerLeg"] = CFrame.new(0.0000,-0.0000,-0.0000,1.0000,-0.0000,0.0000,-0.0000,0.3355,0.9420,-0.0000,-0.9420,0.3355),
      ["LeftFoot"] = CFrame.new(0.0000,0.0000,-0.0000,1.0000,-0.0000,0.0000,0.0000,0.9931,-0.1175,-0.0000,0.1175,0.9931),
      ["RightUpperLeg"] = CFrame.new(-0.0000,-0.0000,-0.0000,0.8673,-0.3809,-0.3205,0.0997,0.7637,-0.6379,0.4877,0.5212,0.7003),
      ["RightLowerLeg"] = CFrame.new(-0.0001,0.0000,0.0000,1.0000,0.0000,-0.0000,0.0000,0.2402,0.9707,0.0000,-0.9707,0.2402),
      ["RightFoot"] = CFrame.new(-0.0000,0.0000,0.0000,1.0000,0.0000,-0.0000,-0.0000,0.9988,-0.0481,0.0000,0.0481,0.9988),
    }},
    {Time = 2.500, Data = {
      ["HumanoidRootPart"] = CFrame.new(0.0000,0.0000,0.0000,1.0000,0.0000,0.0000,0.0000,1.0000,0.0000,0.0000,0.0000,1.0000),
      ["LowerTorso"] = CFrame.new(0.0000,2.8438,0.0000,-0.9997,0.0259,-0.0000,-0.0259,-0.9997,-0.0000,-0.0000,-0.0000,1.0000),
      ["UpperTorso"] = CFrame.new(0.0000,0.0000,0.0000,0.9977,-0.0673,0.0000,0.0673,0.9977,-0.0000,0.0000,0.0000,1.0000),
      ["LeftUpperArm"] = CFrame.new(0.0000,0.0000,0.0000,0.2437,0.6950,-0.6765,-0.2292,-0.6365,-0.7364,-0.9424,0.3345,0.0042),
      ["LeftLowerArm"] = CFrame.new(-0.0000,-0.0000,0.0000,1.0000,0.0000,-0.0000,-0.0000,0.1706,-0.9853,-0.0000,0.9853,0.1706),
      ["LeftHand"] = CFrame.new(-0.0000,0.0000,0.0000,1.0000,0.0000,-0.0000,-0.0000,0.9657,-0.2595,0.0000,0.2595,0.9657),
      ["Head"] = CFrame.new(0.0000,2.0000,0.0000,-1.0000,0.0000,-0.0000,-0.0000,-1.0000,0.0000,-0.0000,0.0000,1.0000),
      ["RightUpperArm"] = CFrame.new(0.0001,0.0000,-0.0000,0.2149,-0.6727,0.7080,0.1584,-0.6914,-0.7049,0.9637,0.2637,-0.0420),
      ["RightLowerArm"] = CFrame.new(0.0000,0.0000,-0.0000,1.0000,-0.0000,0.0000,0.0000,0.2378,-0.9713,0.0000,0.9713,0.2378),
      ["RightHand"] = CFrame.new(0.0000,0.0000,-0.0000,1.0000,-0.0000,0.0000,0.0000,0.9573,-0.2891,-0.0000,0.2891,0.9573),
      ["LeftUpperLeg"] = CFrame.new(0.0000,-0.0000,-0.0000,0.8570,0.3036,0.4164,0.0292,0.7781,-0.6275,-0.5145,0.5499,0.6579),
      ["LeftLowerLeg"] = CFrame.new(0.0000,-0.0000,-0.0000,1.0000,-0.0000,0.0000,-0.0000,0.3273,0.9449,-0.0000,-0.9449,0.3273),
      ["LeftFoot"] = CFrame.new(0.0000,0.0000,-0.0000,1.0000,-0.0000,0.0000,0.0000,0.9931,-0.1175,-0.0000,0.1175,0.9931),
      ["RightUpperLeg"] = CFrame.new(-0.0000,-0.0000,-0.0000,0.8673,-0.3815,-0.3198,0.0997,0.7625,-0.6393,0.4877,0.5226,0.6993),
      ["RightLowerLeg"] = CFrame.new(-0.0001,0.0000,0.0000,1.0000,0.0000,-0.0000,0.0000,0.2333,0.9724,0.0000,-0.9724,0.2333),
      ["RightFoot"] = CFrame.new(-0.0000,0.0000,0.0000,1.0000,0.0000,-0.0000,-0.0000,0.9988,-0.0481,0.0000,0.0481,0.9988),
    }},
    {Time = 2.533, Data = {
      ["HumanoidRootPart"] = CFrame.new(0.0000,0.0000,0.0000,1.0000,0.0000,0.0000,0.0000,1.0000,0.0000,0.0000,0.0000,1.0000),
      ["LowerTorso"] = CFrame.new(0.0000,2.8246,0.0000,-0.9996,0.0278,-0.0000,-0.0278,-0.9996,-0.0000,-0.0000,-0.0000,1.0000),
      ["UpperTorso"] = CFrame.new(0.0000,0.0000,0.0000,0.9974,-0.0723,0.0000,0.0723,0.9974,-0.0000,0.0000,0.0000,1.0000),
      ["LeftUpperArm"] = CFrame.new(0.0000,0.0000,0.0000,0.2439,0.6924,-0.6791,-0.2292,-0.6392,-0.7341,-0.9423,0.3346,0.0028),
      ["LeftLowerArm"] = CFrame.new(-0.0000,-0.0000,0.0000,1.0000,0.0000,-0.0000,-0.0000,0.1767,-0.9843,-0.0000,0.9843,0.1767),
      ["LeftHand"] = CFrame.new(-0.0000,0.0000,0.0000,1.0000,0.0000,-0.0000,-0.0000,0.9641,-0.2655,0.0000,0.2655,0.9641),
      ["Head"] = CFrame.new(0.0000,2.0000,0.0000,-1.0000,-0.0000,-0.0000,0.0000,-1.0000,0.0000,-0.0000,0.0000,1.0000),
      ["RightUpperArm"] = CFrame.new(0.0001,0.0000,-0.0000,0.2150,-0.6706,0.7099,0.1584,-0.6934,-0.7030,0.9637,0.2636,-0.0429),
      ["RightLowerArm"] = CFrame.new(0.0000,0.0000,-0.0000,1.0000,-0.0000,0.0000,0.0000,0.2438,-0.9698,0.0000,0.9698,0.2438),
      ["RightHand"] = CFrame.new(0.0000,0.0000,-0.0000,1.0000,-0.0000,0.0000,0.0000,0.9550,-0.2965,-0.0000,0.2965,0.9550),
      ["LeftUpperLeg"] = CFrame.new(0.0000,-0.0000,-0.0000,0.8570,0.3043,0.4159,0.0292,0.7770,-0.6288,-0.5145,0.5510,0.6570),
      ["LeftLowerLeg"] = CFrame.new(0.0000,-0.0000,-0.0000,1.0000,-0.0000,0.0000,-0.0000,0.3186,0.9479,-0.0000,-0.9479,0.3186),
      ["LeftFoot"] = CFrame.new(0.0000,0.0000,-0.0000,1.0000,-0.0000,0.0000,0.0000,0.9931,-0.1175,-0.0000,0.1175,0.9931),
      ["RightUpperLeg"] = CFrame.new(-0.0000,-0.0000,-0.0000,0.8673,-0.3821,-0.3190,0.0997,0.7612,-0.6408,0.4877,0.5240,0.6983),
      ["RightLowerLeg"] = CFrame.new(-0.0001,0.0000,0.0000,1.0000,0.0000,-0.0000,0.0000,0.2260,0.9741,0.0000,-0.9741,0.2260),
      ["RightFoot"] = CFrame.new(-0.0000,0.0000,0.0000,1.0000,0.0000,-0.0000,-0.0000,0.9988,-0.0481,0.0000,0.0481,0.9988),
    }},
    {Time = 2.567, Data = {
      ["HumanoidRootPart"] = CFrame.new(0.0000,0.0000,0.0000,1.0000,0.0000,0.0000,0.0000,1.0000,0.0000,0.0000,0.0000,1.0000),
      ["LowerTorso"] = CFrame.new(0.0000,2.8047,0.0000,-0.9996,0.0297,-0.0000,-0.0297,-0.9996,-0.0000,-0.0000,-0.0000,1.0000),
      ["UpperTorso"] = CFrame.new(0.0000,0.0000,0.0000,0.9970,-0.0773,0.0000,0.0773,0.9970,-0.0000,0.0000,0.0000,1.0000),
      ["LeftUpperArm"] = CFrame.new(0.0000,0.0000,0.0000,0.2440,0.6897,-0.6817,-0.2291,-0.6421,-0.7316,-0.9423,0.3347,0.0013),
      ["LeftLowerArm"] = CFrame.new(-0.0000,-0.0000,0.0000,1.0000,0.0000,-0.0000,-0.0000,0.1830,-0.9831,-0.0000,0.9831,0.1830),
      ["LeftHand"] = CFrame.new(-0.0000,0.0000,0.0000,1.0000,0.0000,-0.0000,-0.0000,0.9624,-0.2718,0.0000,0.2718,0.9624),
      ["Head"] = CFrame.new(0.0000,2.0000,0.0000,-1.0000,-0.0000,-0.0000,0.0000,-1.0000,0.0000,-0.0000,0.0000,1.0000),
      ["RightUpperArm"] = CFrame.new(0.0001,0.0000,-0.0000,0.2151,-0.6685,0.7119,0.1584,-0.6954,-0.7009,0.9637,0.2635,-0.0437),
      ["RightLowerArm"] = CFrame.new(0.0000,0.0000,-0.0000,1.0000,-0.0000,0.0000,0.0000,0.2499,-0.9683,0.0000,0.9683,0.2499),
      ["RightHand"] = CFrame.new(0.0000,0.0000,-0.0000,1.0000,-0.0000,0.0000,0.0000,0.9526,-0.3041,-0.0000,0.3041,0.9526),
      ["LeftUpperLeg"] = CFrame.new(0.0000,-0.0000,-0.0000,0.8570,0.3051,0.4153,0.0292,0.7759,-0.6302,-0.5145,0.5522,0.6560),
      ["LeftLowerLeg"] = CFrame.new(0.0000,-0.0000,-0.0000,1.0000,-0.0000,0.0000,-0.0000,0.3096,0.9509,-0.0000,-0.9509,0.3096),
      ["LeftFoot"] = CFrame.new(0.0000,0.0000,-0.0000,1.0000,-0.0000,0.0000,0.0000,0.9931,-0.1175,-0.0000,0.1175,0.9931),
      ["RightUpperLeg"] = CFrame.new(-0.0000,-0.0000,-0.0000,0.8673,-0.3828,-0.3182,0.0997,0.7599,-0.6424,0.4876,0.5254,0.6972),
      ["RightLowerLeg"] = CFrame.new(-0.0001,0.0000,0.0000,1.0000,0.0000,-0.0000,0.0000,0.2185,0.9758,0.0000,-0.9758,0.2185),
      ["RightFoot"] = CFrame.new(-0.0000,0.0000,0.0000,1.0000,0.0000,-0.0000,-0.0000,0.9988,-0.0481,0.0000,0.0481,0.9988),
    }},
    {Time = 2.600, Data = {
      ["HumanoidRootPart"] = CFrame.new(0.0000,0.0000,0.0000,1.0000,0.0000,0.0000,0.0000,1.0000,0.0000,0.0000,0.0000,1.0000),
      ["LowerTorso"] = CFrame.new(0.0000,2.7840,0.0000,-0.9995,0.0317,-0.0000,-0.0317,-0.9995,-0.0000,-0.0000,-0.0000,1.0000),
      ["UpperTorso"] = CFrame.new(0.0000,0.0000,0.0000,0.9966,-0.0823,0.0000,0.0823,0.9966,-0.0000,0.0000,0.0000,1.0000),
      ["LeftUpperArm"] = CFrame.new(0.0000,0.0000,0.0000,0.2442,0.6870,-0.6844,-0.2290,-0.6450,-0.7291,-0.9423,0.3348,-0.0002),
      ["LeftLowerArm"] = CFrame.new(-0.0000,-0.0000,0.0000,1.0000,0.0000,-0.0000,-0.0000,0.1896,-0.9819,-0.0000,0.9819,0.1896),
      ["LeftHand"] = CFrame.new(-0.0000,0.0000,0.0000,1.0000,0.0000,-0.0000,-0.0000,0.9605,-0.2782,0.0000,0.2782,0.9605),
      ["Head"] = CFrame.new(0.0000,2.0000,0.0000,-1.0000,-0.0000,-0.0000,0.0000,-1.0000,0.0000,-0.0000,0.0000,1.0000),
      ["RightUpperArm"] = CFrame.new(0.0001,0.0000,-0.0000,0.2152,-0.6663,0.7139,0.1583,-0.6976,-0.6988,0.9636,0.2634,-0.0446),
      ["RightLowerArm"] = CFrame.new(0.0000,0.0000,-0.0000,1.0000,-0.0000,0.0000,0.0000,0.2563,-0.9666,0.0000,0.9666,0.2563),
      ["RightHand"] = CFrame.new(0.0000,0.0000,-0.0000,1.0000,-0.0000,0.0000,0.0000,0.9501,-0.3121,-0.0000,0.3121,0.9501),
      ["LeftUpperLeg"] = CFrame.new(0.0000,-0.0000,-0.0000,0.8570,0.3058,0.4147,0.0292,0.7747,-0.6316,-0.5145,0.5534,0.6550),
      ["LeftLowerLeg"] = CFrame.new(0.0000,-0.0000,-0.0000,1.0000,-0.0000,0.0000,-0.0000,0.3002,0.9539,-0.0000,-0.9539,0.3002),
      ["LeftFoot"] = CFrame.new(0.0000,0.0000,-0.0000,1.0000,-0.0000,0.0000,0.0000,0.9931,-0.1175,-0.0000,0.1175,0.9931),
      ["RightUpperLeg"] = CFrame.new(-0.0000,-0.0000,-0.0000,0.8673,-0.3834,-0.3173,0.0997,0.7585,-0.6440,0.4876,0.5269,0.6961),
      ["RightLowerLeg"] = CFrame.new(-0.0001,0.0000,0.0000,1.0000,0.0000,-0.0000,0.0000,0.2106,0.9776,0.0000,-0.9776,0.2106),
      ["RightFoot"] = CFrame.new(-0.0000,0.0000,0.0000,1.0000,0.0000,-0.0000,-0.0000,0.9988,-0.0481,0.0000,0.0481,0.9988),
    }},
    {Time = 2.633, Data = {
      ["HumanoidRootPart"] = CFrame.new(0.0000,0.0000,0.0000,1.0000,0.0000,0.0000,0.0000,1.0000,0.0000,0.0000,0.0000,1.0000),
      ["LowerTorso"] = CFrame.new(0.0000,2.7627,0.0000,-0.9994,0.0336,-0.0000,-0.0336,-0.9994,-0.0000,-0.0000,-0.0000,1.0000),
      ["UpperTorso"] = CFrame.new(0.0000,0.0000,0.0000,0.9962,-0.0873,0.0000,0.0873,0.9962,-0.0000,0.0000,0.0000,1.0000),
      ["LeftUpperArm"] = CFrame.new(0.0000,0.0000,0.0000,0.2444,0.6841,-0.6873,-0.2290,-0.6480,-0.7264,-0.9423,0.3349,-0.0017),
      ["LeftLowerArm"] = CFrame.new(-0.0000,-0.0000,0.0000,1.0000,0.0000,-0.0000,-0.0000,0.1963,-0.9805,-0.0000,0.9805,0.1963),
      ["LeftHand"] = CFrame.new(-0.0000,0.0000,0.0000,1.0000,0.0000,-0.0000,-0.0000,0.9586,-0.2848,0.0000,0.2848,0.9586),
      ["Head"] = CFrame.new(0.0000,2.0000,0.0000,-1.0000,0.0000,-0.0000,-0.0000,-1.0000,0.0000,-0.0000,0.0000,1.0000),
      ["RightUpperArm"] = CFrame.new(0.0001,0.0000,-0.0000,0.2153,-0.6641,0.7160,0.1583,-0.6998,-0.6966,0.9636,0.2633,-0.0455),
      ["RightLowerArm"] = CFrame.new(0.0000,0.0000,-0.0000,1.0000,-0.0000,0.0000,0.0000,0.2629,-0.9648,0.0000,0.9648,0.2629),
      ["RightHand"] = CFrame.new(0.0000,0.0000,-0.0000,1.0000,-0.0000,0.0000,0.0000,0.9473,-0.3202,-0.0000,0.3202,0.9473),
      ["LeftUpperLeg"] = CFrame.new(0.0000,-0.0000,-0.0000,0.8570,0.3066,0.4141,0.0292,0.7735,-0.6331,-0.5144,0.5546,0.6540),
      ["LeftLowerLeg"] = CFrame.new(0.0000,-0.0000,-0.0000,1.0000,-0.0000,0.0000,-0.0000,0.2904,0.9569,-0.0000,-0.9569,0.2904),
      ["LeftFoot"] = CFrame.new(0.0000,0.0000,-0.0000,1.0000,-0.0000,0.0000,0.0000,0.9931,-0.1175,-0.0000,0.1175,0.9931),
      ["RightUpperLeg"] = CFrame.new(-0.0000,-0.0000,-0.0000,0.8674,-0.3841,-0.3165,0.0997,0.7571,-0.6457,0.4876,0.5285,0.6950),
      ["RightLowerLeg"] = CFrame.new(-0.0001,0.0000,0.0000,1.0000,0.0000,-0.0000,0.0000,0.2025,0.9793,0.0000,-0.9793,0.2025),
      ["RightFoot"] = CFrame.new(-0.0000,0.0000,0.0000,1.0000,0.0000,-0.0000,-0.0000,0.9988,-0.0481,0.0000,0.0481,0.9988),
    }},
    {Time = 2.667, Data = {
      ["HumanoidRootPart"] = CFrame.new(0.0000,0.0000,0.0000,1.0000,0.0000,0.0000,0.0000,1.0000,0.0000,0.0000,0.0000,1.0000),
      ["LowerTorso"] = CFrame.new(0.0000,2.7407,0.0000,-0.9994,0.0355,-0.0000,-0.0355,-0.9994,-0.0000,-0.0000,-0.0000,1.0000),
      ["UpperTorso"] = CFrame.new(0.0000,0.0000,0.0000,0.9957,-0.0923,0.0000,0.0923,0.9957,-0.0000,0.0000,0.0000,1.0000),
      ["LeftUpperArm"] = CFrame.new(0.0000,0.0000,0.0000,0.2445,0.6811,-0.6902,-0.2289,-0.6511,-0.7237,-0.9422,0.3349,-0.0033),
      ["LeftLowerArm"] = CFrame.new(-0.0000,-0.0000,0.0000,1.0000,0.0000,-0.0000,-0.0000,0.2033,-0.9791,-0.0000,0.9791,0.2033),
      ["LeftHand"] = CFrame.new(-0.0000,0.0000,0.0000,1.0000,0.0000,-0.0000,-0.0000,0.9565,-0.2916,0.0000,0.2916,0.9565),
      ["Head"] = CFrame.new(0.0000,2.0000,0.0000,-1.0000,-0.0000,-0.0000,0.0000,-1.0000,0.0000,-0.0000,0.0000,1.0000),
      ["RightUpperArm"] = CFrame.new(0.0001,0.0000,-0.0000,0.2154,-0.6617,0.7181,0.1583,-0.7020,-0.6944,0.9636,0.2632,-0.0465),
      ["RightLowerArm"] = CFrame.new(0.0000,0.0000,-0.0000,1.0000,-0.0000,0.0000,0.0000,0.2697,-0.9630,0.0000,0.9630,0.2697),
      ["RightHand"] = CFrame.new(0.0000,0.0000,-0.0000,1.0000,-0.0000,0.0000,0.0000,0.9445,-0.3286,-0.0000,0.3286,0.9445),
      ["LeftUpperLeg"] = CFrame.new(0.0000,-0.0000,-0.0000,0.8570,0.3074,0.4135,0.0292,0.7723,-0.6346,-0.5144,0.5559,0.6529),
      ["LeftLowerLeg"] = CFrame.new(0.0000,-0.0000,-0.0000,1.0000,-0.0000,0.0000,-0.0000,0.2804,0.9599,-0.0000,-0.9599,0.2804),
      ["LeftFoot"] = CFrame.new(0.0000,0.0000,-0.0000,1.0000,-0.0000,0.0000,0.0000,0.9931,-0.1175,-0.0000,0.1175,0.9931),
      ["RightUpperLeg"] = CFrame.new(-0.0000,-0.0000,-0.0000,0.8674,-0.3848,-0.3156,0.0997,0.7556,-0.6474,0.4876,0.5301,0.6938),
      ["RightLowerLeg"] = CFrame.new(-0.0001,0.0000,0.0000,1.0000,0.0000,-0.0000,0.0000,0.1942,0.9810,0.0000,-0.9810,0.1942),
      ["RightFoot"] = CFrame.new(-0.0000,0.0000,0.0000,1.0000,0.0000,-0.0000,-0.0000,0.9988,-0.0481,0.0000,0.0481,0.9988),
    }},
    {Time = 2.700, Data = {
      ["HumanoidRootPart"] = CFrame.new(0.0000,0.0000,0.0000,1.0000,0.0000,0.0000,0.0000,1.0000,0.0000,0.0000,0.0000,1.0000),
      ["LowerTorso"] = CFrame.new(0.0000,2.7183,0.0000,-0.9993,0.0375,-0.0000,-0.0375,-0.9993,-0.0000,-0.0000,-0.0000,1.0000),
      ["UpperTorso"] = CFrame.new(0.0000,0.0000,0.0000,0.9953,-0.0973,0.0000,0.0973,0.9953,-0.0000,0.0000,0.0000,1.0000),
      ["LeftUpperArm"] = CFrame.new(0.0000,0.0000,0.0000,0.2446,0.6781,-0.6931,-0.2289,-0.6542,-0.7208,-0.9422,0.3350,-0.0049),
      ["LeftLowerArm"] = CFrame.new(-0.0000,-0.0000,0.0000,1.0000,0.0000,-0.0000,-0.0000,0.2104,-0.9776,-0.0000,0.9776,0.2104),
      ["LeftHand"] = CFrame.new(-0.0000,0.0000,0.0000,1.0000,0.0000,-0.0000,-0.0000,0.9544,-0.2986,0.0000,0.2986,0.9544),
      ["Head"] = CFrame.new(0.0000,2.0000,0.0000,-1.0000,-0.0000,-0.0000,0.0000,-1.0000,0.0000,-0.0000,0.0000,1.0000),
      ["RightUpperArm"] = CFrame.new(0.0001,0.0000,-0.0000,0.2155,-0.6593,0.7203,0.1582,-0.7043,-0.6920,0.9636,0.2631,-0.0474),
      ["RightLowerArm"] = CFrame.new(0.0000,0.0000,-0.0000,1.0000,-0.0000,0.0000,0.0000,0.2766,-0.9610,0.0000,0.9610,0.2766),
      ["RightHand"] = CFrame.new(0.0000,0.0000,-0.0000,1.0000,-0.0000,0.0000,0.0000,0.9414,-0.3372,-0.0000,0.3372,0.9414),
      ["LeftUpperLeg"] = CFrame.new(0.0000,-0.0000,-0.0000,0.8571,0.3082,0.4129,0.0292,0.7710,-0.6361,-0.5144,0.5572,0.6518),
      ["LeftLowerLeg"] = CFrame.new(0.0000,-0.0000,-0.0000,1.0000,-0.0000,0.0000,-0.0000,0.2701,0.9628,-0.0000,-0.9628,0.2701),
      ["LeftFoot"] = CFrame.new(0.0000,0.0000,-0.0000,1.0000,-0.0000,0.0000,0.0000,0.9931,-0.1175,-0.0000,0.1175,0.9931),
      ["RightUpperLeg"] = CFrame.new(-0.0000,-0.0000,-0.0000,0.8674,-0.3855,-0.3146,0.0997,0.7541,-0.6491,0.4875,0.5317,0.6925),
      ["RightLowerLeg"] = CFrame.new(-0.0001,0.0000,0.0000,1.0000,0.0000,-0.0000,0.0000,0.1856,0.9826,0.0000,-0.9826,0.1856),
      ["RightFoot"] = CFrame.new(-0.0000,0.0000,0.0000,1.0000,0.0000,-0.0000,-0.0000,0.9988,-0.0481,0.0000,0.0481,0.9988),
    }},
    {Time = 2.733, Data = {
      ["HumanoidRootPart"] = CFrame.new(0.0000,0.0000,0.0000,1.0000,0.0000,0.0000,0.0000,1.0000,0.0000,0.0000,0.0000,1.0000),
      ["LowerTorso"] = CFrame.new(0.0000,2.6953,0.0000,-0.9992,0.0394,-0.0000,-0.0394,-0.9992,-0.0000,-0.0000,-0.0000,1.0000),
      ["UpperTorso"] = CFrame.new(0.0000,0.0000,0.0000,0.9948,-0.1023,0.0000,0.1023,0.9948,-0.0000,0.0000,0.0000,1.0000),
      ["LeftUpperArm"] = CFrame.new(0.0000,0.0000,0.0000,0.2448,0.6749,-0.6961,-0.2288,-0.6574,-0.7179,-0.9422,0.3350,-0.0065),
      ["LeftLowerArm"] = CFrame.new(-0.0000,-0.0000,0.0000,1.0000,0.0000,-0.0000,-0.0000,0.2176,-0.9760,-0.0000,0.9760,0.2176),
      ["LeftHand"] = CFrame.new(-0.0000,0.0000,0.0000,1.0000,0.0000,-0.0000,-0.0000,0.9521,-0.3057,0.0000,0.3057,0.9521),
      ["Head"] = CFrame.new(0.0000,2.0000,0.0000,-1.0000,-0.0000,-0.0000,0.0000,-1.0000,0.0000,-0.0000,0.0000,1.0000),
      ["RightUpperArm"] = CFrame.new(0.0001,0.0000,-0.0000,0.2155,-0.6569,0.7225,0.1582,-0.7067,-0.6896,0.9636,0.2630,-0.0484),
      ["RightLowerArm"] = CFrame.new(0.0000,0.0000,-0.0000,1.0000,-0.0000,0.0000,0.0000,0.2836,-0.9589,0.0000,0.9589,0.2836),
      ["RightHand"] = CFrame.new(0.0000,0.0000,-0.0000,1.0000,-0.0000,0.0000,0.0000,0.9383,-0.3459,-0.0000,0.3459,0.9383),
      ["LeftUpperLeg"] = CFrame.new(0.0000,-0.0000,-0.0000,0.8571,0.3090,0.4122,0.0292,0.7697,-0.6377,-0.5144,0.5586,0.6507),
      ["LeftLowerLeg"] = CFrame.new(0.0000,-0.0000,-0.0000,1.0000,-0.0000,0.0000,-0.0000,0.2595,0.9658,-0.0000,-0.9658,0.2595),
      ["LeftFoot"] = CFrame.new(0.0000,0.0000,-0.0000,1.0000,-0.0000,0.0000,0.0000,0.9931,-0.1175,-0.0000,0.1175,0.9931),
      ["RightUpperLeg"] = CFrame.new(-0.0000,-0.0000,-0.0000,0.8674,-0.3863,-0.3137,0.0997,0.7526,-0.6509,0.4875,0.5334,0.6913),
      ["RightLowerLeg"] = CFrame.new(-0.0001,0.0000,0.0000,1.0000,0.0000,-0.0000,0.0000,0.1768,0.9843,0.0000,-0.9843,0.1768),
      ["RightFoot"] = CFrame.new(-0.0000,0.0000,0.0000,1.0000,0.0000,-0.0000,-0.0000,0.9988,-0.0481,0.0000,0.0481,0.9988),
    }},
    {Time = 2.767, Data = {
      ["HumanoidRootPart"] = CFrame.new(0.0000,0.0000,0.0000,1.0000,0.0000,0.0000,0.0000,1.0000,0.0000,0.0000,0.0000,1.0000),
      ["LowerTorso"] = CFrame.new(0.0000,2.6718,0.0000,-0.9991,0.0413,0.0000,-0.0413,-0.9991,0.0000,0.0000,0.0000,1.0000),
      ["UpperTorso"] = CFrame.new(0.0000,0.0000,0.0000,0.9942,-0.1073,0.0000,0.1073,0.9942,-0.0000,0.0000,0.0000,1.0000),
      ["LeftUpperArm"] = CFrame.new(0.0000,0.0000,0.0000,0.2449,0.6717,-0.6991,-0.2288,-0.6607,-0.7149,-0.9422,0.3350,-0.0081),
      ["LeftLowerArm"] = CFrame.new(-0.0000,-0.0000,0.0000,1.0000,0.0000,-0.0000,-0.0000,0.2250,-0.9744,-0.0000,0.9744,0.2250),
      ["LeftHand"] = CFrame.new(-0.0000,0.0000,0.0000,1.0000,0.0000,-0.0000,-0.0000,0.9498,-0.3129,0.0000,0.3129,0.9498),
      ["Head"] = CFrame.new(0.0000,2.0000,0.0000,-1.0000,-0.0000,-0.0000,0.0000,-1.0000,0.0000,-0.0000,0.0000,1.0000),
      ["RightUpperArm"] = CFrame.new(0.0001,0.0000,-0.0000,0.2156,-0.6544,0.7248,0.1582,-0.7090,-0.6872,0.9636,0.2628,-0.0494),
      ["RightLowerArm"] = CFrame.new(0.0000,0.0000,-0.0000,1.0000,-0.0000,0.0000,0.0000,0.2908,-0.9568,0.0000,0.9568,0.2908),
      ["RightHand"] = CFrame.new(0.0000,0.0000,-0.0000,1.0000,-0.0000,0.0000,0.0000,0.9350,-0.3548,-0.0000,0.3548,0.9350),
      ["LeftUpperLeg"] = CFrame.new(0.0000,-0.0000,-0.0000,0.8571,0.3099,0.4116,0.0292,0.7684,-0.6393,-0.5144,0.5599,0.6495),
      ["LeftLowerLeg"] = CFrame.new(0.0000,-0.0000,-0.0000,1.0000,-0.0000,0.0000,-0.0000,0.2486,0.9686,-0.0000,-0.9686,0.2486),
      ["LeftFoot"] = CFrame.new(0.0000,0.0000,-0.0000,1.0000,-0.0000,0.0000,0.0000,0.9931,-0.1175,-0.0000,0.1175,0.9931),
      ["RightUpperLeg"] = CFrame.new(-0.0000,0.0000,-0.0000,0.8674,-0.3870,-0.3128,0.0997,0.7510,-0.6528,0.4875,0.5350,0.6900),
      ["RightLowerLeg"] = CFrame.new(-0.0001,0.0000,0.0000,1.0000,0.0000,-0.0000,0.0000,0.1678,0.9858,0.0000,-0.9858,0.1678),
      ["RightFoot"] = CFrame.new(-0.0000,0.0000,0.0000,1.0000,0.0000,-0.0000,-0.0000,0.9988,-0.0481,0.0000,0.0481,0.9988),
    }},
    {Time = 2.800, Data = {
      ["HumanoidRootPart"] = CFrame.new(0.0000,0.0000,0.0000,1.0000,0.0000,0.0000,0.0000,1.0000,0.0000,0.0000,0.0000,1.0000),
      ["LowerTorso"] = CFrame.new(0.0000,2.6480,0.0000,-0.9991,0.0433,-0.0000,-0.0433,-0.9991,-0.0000,-0.0000,-0.0000,1.0000),
      ["UpperTorso"] = CFrame.new(0.0000,0.0000,0.0000,0.9937,-0.1123,0.0000,0.1123,0.9937,-0.0000,0.0000,0.0000,1.0000),
      ["LeftUpperArm"] = CFrame.new(0.0000,0.0000,0.0000,0.2450,0.6685,-0.7022,-0.2288,-0.6640,-0.7119,-0.9422,0.3350,-0.0098),
      ["LeftLowerArm"] = CFrame.new(-0.0000,-0.0000,0.0000,1.0000,0.0000,-0.0000,-0.0000,0.2325,-0.9726,-0.0000,0.9726,0.2325),
      ["LeftHand"] = CFrame.new(-0.0000,0.0000,0.0000,1.0000,0.0000,-0.0000,-0.0000,0.9473,-0.3202,0.0000,0.3202,0.9473),
      ["Head"] = CFrame.new(0.0000,2.0000,0.0000,-1.0000,-0.0000,-0.0000,0.0000,-1.0000,0.0000,-0.0000,0.0000,1.0000),
      ["RightUpperArm"] = CFrame.new(0.0001,0.0000,-0.0000,0.2157,-0.6518,0.7271,0.1582,-0.7115,-0.6847,0.9636,0.2627,-0.0503),
      ["RightLowerArm"] = CFrame.new(0.0000,0.0000,-0.0000,1.0000,-0.0000,0.0000,0.0000,0.2981,-0.9545,0.0000,0.9545,0.2981),
      ["RightHand"] = CFrame.new(0.0000,0.0000,-0.0000,1.0000,-0.0000,0.0000,0.0000,0.9315,-0.3637,-0.0000,0.3637,0.9315),
      ["LeftUpperLeg"] = CFrame.new(0.0000,-0.0000,-0.0000,0.8571,0.3107,0.4109,0.0292,0.7670,-0.6409,-0.5143,0.5613,0.6484),
      ["LeftLowerLeg"] = CFrame.new(0.0000,-0.0000,-0.0000,1.0000,-0.0000,0.0000,-0.0000,0.2376,0.9714,-0.0000,-0.9714,0.2376),
      ["LeftFoot"] = CFrame.new(0.0000,0.0000,-0.0000,1.0000,-0.0000,0.0000,0.0000,0.9931,-0.1175,-0.0000,0.1175,0.9931),
      ["RightUpperLeg"] = CFrame.new(-0.0000,0.0000,-0.0000,0.8674,-0.3878,-0.3118,0.0997,0.7494,-0.6546,0.4875,0.5368,0.6887),
      ["RightLowerLeg"] = CFrame.new(-0.0001,0.0000,0.0000,1.0000,0.0000,-0.0000,0.0000,0.1587,0.9873,0.0000,-0.9873,0.1587),
      ["RightFoot"] = CFrame.new(-0.0000,0.0000,0.0000,1.0000,0.0000,-0.0000,-0.0000,0.9988,-0.0481,0.0000,0.0481,0.9988),
    }},
    {Time = 2.833, Data = {
      ["HumanoidRootPart"] = CFrame.new(0.0000,0.0000,0.0000,1.0000,0.0000,0.0000,0.0000,1.0000,0.0000,0.0000,0.0000,1.0000),
      ["LowerTorso"] = CFrame.new(0.0000,2.6238,0.0000,-0.9990,0.0452,0.0000,-0.0452,-0.9990,0.0000,0.0000,0.0000,1.0000),
      ["UpperTorso"] = CFrame.new(0.0000,0.0000,0.0000,0.9931,-0.1172,0.0000,0.1172,0.9931,-0.0000,0.0000,0.0000,1.0000),
      ["LeftUpperArm"] = CFrame.new(0.0000,0.0000,0.0000,0.2451,0.6651,-0.7054,-0.2287,-0.6673,-0.7088,-0.9421,0.3350,-0.0114),
      ["LeftLowerArm"] = CFrame.new(-0.0000,-0.0000,0.0000,1.0000,0.0000,-0.0000,-0.0000,0.2400,-0.9708,-0.0000,0.9708,0.2400),
      ["LeftHand"] = CFrame.new(-0.0000,0.0000,0.0000,1.0000,0.0000,-0.0000,-0.0000,0.9448,-0.3276,0.0000,0.3276,0.9448),
      ["Head"] = CFrame.new(0.0000,2.0000,0.0000,-1.0000,-0.0000,-0.0000,0.0000,-1.0000,0.0000,-0.0000,0.0000,1.0000),
      ["RightUpperArm"] = CFrame.new(0.0001,0.0000,-0.0000,0.2157,-0.6492,0.7294,0.1582,-0.7139,-0.6822,0.9636,0.2625,-0.0513),
      ["RightLowerArm"] = CFrame.new(0.0000,0.0000,-0.0000,1.0000,-0.0000,0.0000,0.0000,0.3055,-0.9522,0.0000,0.9522,0.3055),
      ["RightHand"] = CFrame.new(0.0000,0.0000,-0.0000,1.0000,-0.0000,0.0000,0.0000,0.9279,-0.3728,-0.0000,0.3728,0.9279),
      ["LeftUpperLeg"] = CFrame.new(0.0000,-0.0000,-0.0000,0.8571,0.3116,0.4102,0.0292,0.7657,-0.6426,-0.5143,0.5627,0.6472),
      ["LeftLowerLeg"] = CFrame.new(0.0000,-0.0000,-0.0000,1.0000,-0.0000,0.0000,-0.0000,0.2264,0.9740,-0.0000,-0.9740,0.2264),
      ["LeftFoot"] = CFrame.new(0.0000,0.0000,-0.0000,1.0000,-0.0000,0.0000,0.0000,0.9931,-0.1175,-0.0000,0.1175,0.9931),
      ["RightUpperLeg"] = CFrame.new(-0.0000,0.0000,-0.0000,0.8674,-0.3885,-0.3108,0.0997,0.7477,-0.6565,0.4875,0.5385,0.6873),
      ["RightLowerLeg"] = CFrame.new(-0.0001,0.0000,0.0000,1.0000,0.0000,-0.0000,0.0000,0.1494,0.9888,0.0000,-0.9888,0.1494),
      ["RightFoot"] = CFrame.new(-0.0000,0.0000,0.0000,1.0000,0.0000,-0.0000,-0.0000,0.9988,-0.0481,0.0000,0.0481,0.9988),
    }},
    {Time = 2.867, Data = {
      ["HumanoidRootPart"] = CFrame.new(0.0000,0.0000,0.0000,1.0000,0.0000,0.0000,0.0000,1.0000,0.0000,0.0000,0.0000,1.0000),
      ["LowerTorso"] = CFrame.new(0.0000,2.5994,0.0000,-0.9989,0.0471,-0.0000,-0.0471,-0.9989,-0.0000,-0.0000,-0.0000,1.0000),
      ["UpperTorso"] = CFrame.new(0.0000,0.0000,0.0000,0.9925,-0.1222,0.0000,0.1222,0.9925,-0.0000,0.0000,0.0000,1.0000),
      ["LeftUpperArm"] = CFrame.new(0.0000,0.0000,0.0000,0.2452,0.6618,-0.7085,-0.2287,-0.6707,-0.7056,-0.9421,0.3350,-0.0131),
      ["LeftLowerArm"] = CFrame.new(-0.0000,-0.0000,0.0000,1.0000,0.0000,-0.0000,-0.0000,0.2477,-0.9688,-0.0000,0.9688,0.2477),
      ["LeftHand"] = CFrame.new(-0.0000,0.0000,0.0000,1.0000,0.0000,-0.0000,-0.0000,0.9422,-0.3351,0.0000,0.3351,0.9422),
      ["Head"] = CFrame.new(0.0000,2.0000,0.0000,-1.0000,-0.0000,-0.0000,0.0000,-1.0000,0.0000,-0.0000,0.0000,1.0000),
      ["RightUpperArm"] = CFrame.new(0.0001,0.0000,-0.0000,0.2158,-0.6465,0.7317,0.1582,-0.7164,-0.6796,0.9636,0.2624,-0.0523),
      ["RightLowerArm"] = CFrame.new(0.0000,-0.0000,-0.0000,1.0000,-0.0000,0.0000,0.0000,0.3129,-0.9498,0.0000,0.9498,0.3129),
      ["RightHand"] = CFrame.new(0.0000,0.0000,-0.0000,1.0000,-0.0000,0.0000,0.0000,0.9242,-0.3819,-0.0000,0.3819,0.9242),
      ["LeftUpperLeg"] = CFrame.new(0.0000,-0.0000,-0.0000,0.8571,0.3125,0.4095,0.0292,0.7643,-0.6442,-0.5143,0.5641,0.6459),
      ["LeftLowerLeg"] = CFrame.new(0.0000,-0.0000,-0.0000,1.0000,-0.0000,0.0000,-0.0000,0.2150,0.9766,-0.0000,-0.9766,0.2150),
      ["LeftFoot"] = CFrame.new(0.0000,0.0000,-0.0000,1.0000,-0.0000,0.0000,0.0000,0.9931,-0.1175,-0.0000,0.1175,0.9931),
      ["RightUpperLeg"] = CFrame.new(-0.0000,0.0000,-0.0000,0.8674,-0.3893,-0.3098,0.0997,0.7461,-0.6584,0.4874,0.5402,0.6860),
      ["RightLowerLeg"] = CFrame.new(-0.0001,0.0000,0.0000,1.0000,0.0000,-0.0000,0.0000,0.1400,0.9902,0.0000,-0.9902,0.1400),
      ["RightFoot"] = CFrame.new(-0.0000,0.0000,0.0000,1.0000,0.0000,-0.0000,-0.0000,0.9988,-0.0481,0.0000,0.0481,0.9988),
    }},
    {Time = 2.900, Data = {
      ["HumanoidRootPart"] = CFrame.new(0.0000,0.0000,0.0000,1.0000,0.0000,0.0000,0.0000,1.0000,0.0000,0.0000,0.0000,1.0000),
      ["LowerTorso"] = CFrame.new(0.0000,2.5747,0.0000,-0.9988,0.0490,-0.0000,-0.0490,-0.9988,-0.0000,-0.0000,-0.0000,1.0000),
      ["UpperTorso"] = CFrame.new(0.0000,0.0000,0.0000,0.9919,-0.1270,0.0000,0.1270,0.9919,-0.0000,0.0000,0.0000,1.0000),
      ["LeftUpperArm"] = CFrame.new(0.0000,0.0000,0.0000,0.2452,0.6584,-0.7116,-0.2287,-0.6740,-0.7024,-0.9421,0.3350,-0.0147),
      ["LeftLowerArm"] = CFrame.new(-0.0000,-0.0000,0.0000,1.0000,0.0000,-0.0000,-0.0000,0.2554,-0.9668,-0.0000,0.9668,0.2554),
      ["LeftHand"] = CFrame.new(-0.0000,0.0000,0.0000,1.0000,0.0000,-0.0000,-0.0000,0.9395,-0.3426,0.0000,0.3426,0.9395),
      ["Head"] = CFrame.new(0.0000,2.0000,0.0000,-1.0000,-0.0000,-0.0000,0.0000,-1.0000,0.0000,-0.0000,0.0000,1.0000),
      ["RightUpperArm"] = CFrame.new(0.0001,0.0000,-0.0000,0.2158,-0.6439,0.7341,0.1582,-0.7188,-0.6770,0.9635,0.2622,-0.0533),
      ["RightLowerArm"] = CFrame.new(0.0000,-0.0000,-0.0000,1.0000,-0.0000,0.0000,0.0000,0.3204,-0.9473,0.0000,0.9473,0.3204),
      ["RightHand"] = CFrame.new(0.0000,0.0000,-0.0000,1.0000,-0.0000,0.0000,0.0000,0.9203,-0.3911,-0.0000,0.3911,0.9203),
      ["LeftUpperLeg"] = CFrame.new(0.0000,-0.0000,-0.0000,0.8571,0.3134,0.4088,0.0292,0.7628,-0.6459,-0.5143,0.5656,0.6447),
      ["LeftLowerLeg"] = CFrame.new(0.0000,-0.0000,-0.0000,1.0000,-0.0000,0.0000,-0.0000,0.2035,0.9791,-0.0000,-0.9791,0.2035),
      ["LeftFoot"] = CFrame.new(0.0000,0.0000,-0.0000,1.0000,-0.0000,0.0000,0.0000,0.9931,-0.1175,-0.0000,0.1175,0.9931),
      ["RightUpperLeg"] = CFrame.new(-0.0000,0.0000,-0.0000,0.8675,-0.3901,-0.3088,0.0997,0.7444,-0.6603,0.4874,0.5420,0.6846),
      ["RightLowerLeg"] = CFrame.new(-0.0001,0.0000,0.0000,1.0000,0.0000,-0.0000,0.0000,0.1305,0.9915,0.0000,-0.9915,0.1305),
      ["RightFoot"] = CFrame.new(-0.0000,0.0000,0.0000,1.0000,0.0000,-0.0000,-0.0000,0.9988,-0.0481,0.0000,0.0481,0.9988),
    }},
    {Time = 2.933, Data = {
      ["HumanoidRootPart"] = CFrame.new(0.0000,0.0000,0.0000,1.0000,0.0000,0.0000,0.0000,1.0000,0.0000,0.0000,0.0000,1.0000),
      ["LowerTorso"] = CFrame.new(0.0000,2.5499,0.0000,-0.9987,0.0508,-0.0000,-0.0508,-0.9987,-0.0000,-0.0000,-0.0000,1.0000),
      ["UpperTorso"] = CFrame.new(0.0000,0.0000,0.0000,0.9913,-0.1319,0.0000,0.1319,0.9913,-0.0000,0.0000,0.0000,1.0000),
      ["LeftUpperArm"] = CFrame.new(0.0000,0.0000,0.0000,0.2453,0.6549,-0.7148,-0.2287,-0.6774,-0.6991,-0.9421,0.3349,-0.0164),
      ["LeftLowerArm"] = CFrame.new(0.0000,-0.0000,0.0000,1.0000,0.0000,-0.0000,-0.0000,0.2631,-0.9648,-0.0000,0.9648,0.2631),
      ["LeftHand"] = CFrame.new(-0.0000,0.0000,0.0000,1.0000,0.0000,-0.0000,-0.0000,0.9367,-0.3502,0.0000,0.3502,0.9367),
      ["Head"] = CFrame.new(0.0000,2.0000,0.0000,-1.0000,-0.0000,-0.0000,0.0000,-1.0000,0.0000,-0.0000,0.0000,1.0000),
      ["RightUpperArm"] = CFrame.new(0.0001,0.0000,-0.0000,0.2158,-0.6412,0.7364,0.1581,-0.7213,-0.6743,0.9635,0.2620,-0.0543),
      ["RightLowerArm"] = CFrame.new(0.0000,-0.0000,-0.0000,1.0000,-0.0000,0.0000,0.0000,0.3279,-0.9447,0.0000,0.9447,0.3279),
      ["RightHand"] = CFrame.new(0.0000,0.0000,-0.0000,1.0000,-0.0000,0.0000,0.0000,0.9164,-0.4003,-0.0000,0.4003,0.9164),
      ["LeftUpperLeg"] = CFrame.new(0.0000,-0.0000,-0.0000,0.8571,0.3143,0.4081,0.0292,0.7614,-0.6476,-0.5143,0.5670,0.6434),
      ["LeftLowerLeg"] = CFrame.new(0.0000,-0.0000,-0.0000,1.0000,-0.0000,0.0000,-0.0000,0.1918,0.9814,-0.0000,-0.9814,0.1918),
      ["LeftFoot"] = CFrame.new(0.0000,0.0000,-0.0000,1.0000,-0.0000,0.0000,0.0000,0.9931,-0.1175,-0.0000,0.1175,0.9931),
      ["RightUpperLeg"] = CFrame.new(-0.0000,0.0000,-0.0000,0.8675,-0.3909,-0.3078,0.0997,0.7427,-0.6622,0.4874,0.5438,0.6832),
      ["RightLowerLeg"] = CFrame.new(-0.0001,0.0000,0.0000,1.0000,0.0000,-0.0000,0.0000,0.1209,0.9927,0.0000,-0.9927,0.1209),
      ["RightFoot"] = CFrame.new(-0.0000,0.0000,0.0000,1.0000,0.0000,-0.0000,-0.0000,0.9988,-0.0481,0.0000,0.0481,0.9988),
    }},
    {Time = 2.967, Data = {
      ["HumanoidRootPart"] = CFrame.new(0.0000,0.0000,0.0000,1.0000,0.0000,0.0000,0.0000,1.0000,0.0000,0.0000,0.0000,1.0000),
      ["LowerTorso"] = CFrame.new(0.0000,2.5250,0.0000,-0.9986,0.0527,0.0000,-0.0527,-0.9986,0.0000,0.0000,0.0000,1.0000),
      ["UpperTorso"] = CFrame.new(0.0000,0.0000,0.0000,0.9906,-0.1366,0.0000,0.1366,0.9906,-0.0000,0.0000,0.0000,1.0000),
      ["LeftUpperArm"] = CFrame.new(0.0000,0.0000,0.0000,0.2453,0.6514,-0.7180,-0.2287,-0.6808,-0.6959,-0.9421,0.3349,-0.0180),
      ["LeftLowerArm"] = CFrame.new(0.0000,-0.0000,0.0000,1.0000,0.0000,-0.0000,-0.0000,0.2709,-0.9626,-0.0000,0.9626,0.2709),
      ["LeftHand"] = CFrame.new(-0.0000,0.0000,0.0000,1.0000,0.0000,-0.0000,-0.0000,0.9338,-0.3577,0.0000,0.3577,0.9338),
      ["Head"] = CFrame.new(0.0000,2.0000,0.0000,-1.0000,-0.0000,-0.0000,0.0000,-1.0000,0.0000,-0.0000,0.0000,1.0000),
      ["RightUpperArm"] = CFrame.new(0.0001,0.0000,-0.0000,0.2158,-0.6384,0.7388,0.1581,-0.7238,-0.6717,0.9635,0.2618,-0.0552),
      ["RightLowerArm"] = CFrame.new(0.0000,-0.0000,-0.0000,1.0000,-0.0000,0.0000,0.0000,0.3354,-0.9421,0.0000,0.9421,0.3354),
      ["RightHand"] = CFrame.new(0.0000,0.0000,-0.0000,1.0000,-0.0000,0.0000,0.0000,0.9123,-0.4095,-0.0000,0.4095,0.9123),
      ["LeftUpperLeg"] = CFrame.new(0.0000,-0.0000,-0.0000,0.8571,0.3152,0.4074,0.0292,0.7600,-0.6493,-0.5143,0.5684,0.6422),
      ["LeftLowerLeg"] = CFrame.new(0.0000,-0.0000,-0.0000,1.0000,-0.0000,0.0000,-0.0000,0.1801,0.9836,-0.0000,-0.9836,0.1801),
      ["LeftFoot"] = CFrame.new(0.0000,0.0000,-0.0000,1.0000,-0.0000,0.0000,0.0000,0.9931,-0.1175,-0.0000,0.1175,0.9931),
      ["RightUpperLeg"] = CFrame.new(-0.0000,0.0000,-0.0000,0.8675,-0.3917,-0.3068,0.0997,0.7409,-0.6641,0.4874,0.5455,0.6818),
      ["RightLowerLeg"] = CFrame.new(-0.0001,0.0000,0.0000,1.0000,0.0000,-0.0000,0.0000,0.1113,0.9938,0.0000,-0.9938,0.1113),
      ["RightFoot"] = CFrame.new(-0.0000,0.0000,0.0000,1.0000,0.0000,-0.0000,-0.0000,0.9988,-0.0481,0.0000,0.0481,0.9988),
    }},
    {Time = 3.000, Data = {
      ["HumanoidRootPart"] = CFrame.new(0.0000,0.0000,0.0000,1.0000,0.0000,0.0000,0.0000,1.0000,0.0000,0.0000,0.0000,1.0000),
      ["LowerTorso"] = CFrame.new(0.0000,2.5000,0.0000,-0.9985,0.0545,-0.0000,-0.0545,-0.9985,-0.0000,-0.0000,-0.0000,1.0000),
      ["UpperTorso"] = CFrame.new(0.0000,0.0000,0.0000,0.9900,-0.1413,0.0000,0.1413,0.9900,-0.0000,0.0000,0.0000,1.0000),
      ["LeftUpperArm"] = CFrame.new(0.0000,0.0000,0.0000,0.2453,0.6479,-0.7211,-0.2287,-0.6842,-0.6925,-0.9421,0.3348,-0.0196),
      ["LeftLowerArm"] = CFrame.new(0.0000,-0.0000,0.0000,1.0000,0.0000,-0.0000,-0.0000,0.2786,-0.9604,-0.0000,0.9604,0.2786),
      ["LeftHand"] = CFrame.new(-0.0000,0.0000,0.0000,1.0000,0.0000,-0.0000,-0.0000,0.9309,-0.3653,0.0000,0.3653,0.9309),
      ["Head"] = CFrame.new(0.0000,2.0000,0.0000,-1.0000,-0.0000,-0.0000,0.0000,-1.0000,0.0000,-0.0000,0.0000,1.0000),
      ["RightUpperArm"] = CFrame.new(0.0001,0.0000,-0.0000,0.2158,-0.6357,0.7411,0.1581,-0.7262,-0.6690,0.9635,0.2616,-0.0562),
      ["RightLowerArm"] = CFrame.new(0.0000,-0.0000,-0.0000,1.0000,-0.0000,0.0000,0.0000,0.3429,-0.9394,0.0000,0.9394,0.3429),
      ["RightHand"] = CFrame.new(0.0000,0.0000,-0.0000,1.0000,-0.0000,0.0000,0.0000,0.9081,-0.4187,-0.0000,0.4187,0.9081),
      ["LeftUpperLeg"] = CFrame.new(0.0000,-0.0000,-0.0000,0.8571,0.3161,0.4067,0.0292,0.7585,-0.6510,-0.5143,0.5698,0.6409),
      ["LeftLowerLeg"] = CFrame.new(0.0000,-0.0000,-0.0000,1.0000,-0.0000,0.0000,-0.0000,0.1684,0.9857,-0.0000,-0.9857,0.1684),
      ["LeftFoot"] = CFrame.new(0.0000,0.0000,-0.0000,1.0000,-0.0000,0.0000,0.0000,0.9931,-0.1175,-0.0000,0.1175,0.9931),
      ["RightUpperLeg"] = CFrame.new(-0.0000,0.0000,-0.0000,0.8675,-0.3925,-0.3057,0.0997,0.7392,-0.6661,0.4874,0.5473,0.6804),
      ["RightLowerLeg"] = CFrame.new(-0.0001,0.0000,0.0000,1.0000,0.0000,-0.0000,0.0000,0.1016,0.9948,0.0000,-0.9948,0.1016),
      ["RightFoot"] = CFrame.new(-0.0000,0.0000,0.0000,1.0000,0.0000,-0.0000,-0.0000,0.9988,-0.0481,0.0000,0.0481,0.9988),
    }},
    {Time = 3.033, Data = {
      ["HumanoidRootPart"] = CFrame.new(0.0000,0.0000,0.0000,1.0000,0.0000,0.0000,0.0000,1.0000,0.0000,0.0000,0.0000,1.0000),
      ["LowerTorso"] = CFrame.new(0.0000,2.4750,0.0000,-0.9984,0.0563,-0.0000,-0.0563,-0.9984,-0.0000,-0.0000,-0.0000,1.0000),
      ["UpperTorso"] = CFrame.new(0.0000,0.0000,0.0000,0.9893,-0.1460,0.0000,0.1460,0.9893,-0.0000,0.0000,0.0000,1.0000),
      ["LeftUpperArm"] = CFrame.new(0.0000,0.0000,0.0000,0.2453,0.6444,-0.7242,-0.2287,-0.6875,-0.6892,-0.9421,0.3347,-0.0213),
      ["LeftLowerArm"] = CFrame.new(0.0000,-0.0000,0.0000,1.0000,0.0000,-0.0000,-0.0000,0.2864,-0.9581,-0.0000,0.9581,0.2864),
      ["LeftHand"] = CFrame.new(-0.0000,0.0000,0.0000,1.0000,0.0000,-0.0000,-0.0000,0.9279,-0.3728,0.0000,0.3728,0.9279),
      ["Head"] = CFrame.new(0.0000,2.0000,0.0000,-1.0000,-0.0000,-0.0000,0.0000,-1.0000,0.0000,-0.0000,0.0000,1.0000),
      ["RightUpperArm"] = CFrame.new(0.0001,0.0000,-0.0000,0.2158,-0.6330,0.7435,0.1582,-0.7287,-0.6663,0.9635,0.2614,-0.0572),
      ["RightLowerArm"] = CFrame.new(0.0000,-0.0000,-0.0000,1.0000,-0.0000,0.0000,0.0000,0.3504,-0.9366,0.0000,0.9366,0.3504),
      ["RightHand"] = CFrame.new(0.0000,0.0000,-0.0000,1.0000,-0.0000,0.0000,0.0000,0.9038,-0.4279,-0.0000,0.4279,0.9038),
      ["LeftUpperLeg"] = CFrame.new(0.0000,-0.0000,-0.0000,0.8571,0.3170,0.4060,0.0292,0.7571,-0.6527,-0.5143,0.5713,0.6397),
      ["LeftLowerLeg"] = CFrame.new(0.0000,-0.0000,-0.0000,1.0000,-0.0000,0.0000,-0.0000,0.1566,0.9877,-0.0000,-0.9877,0.1566),
      ["LeftFoot"] = CFrame.new(0.0000,0.0000,-0.0000,1.0000,-0.0000,0.0000,0.0000,0.9931,-0.1175,-0.0000,0.1175,0.9931),
      ["RightUpperLeg"] = CFrame.new(-0.0000,0.0000,-0.0000,0.8675,-0.3933,-0.3047,0.0997,0.7375,-0.6680,0.4874,0.5491,0.6789),
      ["RightLowerLeg"] = CFrame.new(-0.0001,0.0000,0.0000,1.0000,0.0000,-0.0000,0.0000,0.0919,0.9958,0.0000,-0.9958,0.0919),
      ["RightFoot"] = CFrame.new(-0.0000,0.0000,0.0000,1.0000,0.0000,-0.0000,-0.0000,0.9988,-0.0481,0.0000,0.0481,0.9988),
    }},
    {Time = 3.067, Data = {
      ["HumanoidRootPart"] = CFrame.new(0.0000,0.0000,0.0000,1.0000,0.0000,0.0000,0.0000,1.0000,0.0000,0.0000,0.0000,1.0000),
      ["LowerTorso"] = CFrame.new(0.0000,2.4501,0.0000,-0.9983,0.0581,-0.0000,-0.0581,-0.9983,-0.0000,-0.0000,-0.0000,1.0000),
      ["UpperTorso"] = CFrame.new(0.0000,0.0000,0.0000,0.9886,-0.1506,0.0000,0.1506,0.9886,-0.0000,0.0000,0.0000,1.0000),
      ["LeftUpperArm"] = CFrame.new(0.0000,0.0000,0.0000,0.2453,0.6409,-0.7274,-0.2287,-0.6908,-0.6859,-0.9421,0.3346,-0.0228),
      ["LeftLowerArm"] = CFrame.new(0.0000,-0.0000,0.0000,1.0000,0.0000,-0.0000,-0.0000,0.2941,-0.9558,-0.0000,0.9558,0.2941),
      ["LeftHand"] = CFrame.new(-0.0000,0.0000,0.0000,1.0000,0.0000,-0.0000,-0.0000,0.9249,-0.3803,0.0000,0.3803,0.9249),
      ["Head"] = CFrame.new(0.0000,2.0000,0.0000,-1.0000,-0.0000,-0.0000,0.0000,-1.0000,0.0000,-0.0000,0.0000,1.0000),
      ["RightUpperArm"] = CFrame.new(0.0001,0.0000,-0.0000,0.2158,-0.6302,0.7458,0.1582,-0.7312,-0.6636,0.9635,0.2612,-0.0581),
      ["RightLowerArm"] = CFrame.new(0.0000,-0.0000,-0.0000,1.0000,-0.0000,0.0000,0.0000,0.3579,-0.9338,0.0000,0.9338,0.3579),
      ["RightHand"] = CFrame.new(0.0000,0.0000,-0.0000,1.0000,-0.0000,0.0000,0.0000,0.8995,-0.4369,-0.0000,0.4369,0.8995),
      ["LeftUpperLeg"] = CFrame.new(0.0000,-0.0000,-0.0000,0.8571,0.3179,0.4053,0.0292,0.7556,-0.6544,-0.5143,0.5727,0.6384),
      ["LeftLowerLeg"] = CFrame.new(0.0000,-0.0000,-0.0000,1.0000,-0.0000,0.0000,-0.0000,0.1448,0.9895,-0.0000,-0.9895,0.1448),
      ["LeftFoot"] = CFrame.new(0.0000,0.0000,-0.0000,1.0000,-0.0000,0.0000,0.0000,0.9931,-0.1175,-0.0000,0.1175,0.9931),
      ["RightUpperLeg"] = CFrame.new(-0.0000,0.0000,-0.0000,0.8675,-0.3941,-0.3037,0.0997,0.7357,-0.6699,0.4874,0.5508,0.6775),
      ["RightLowerLeg"] = CFrame.new(-0.0001,0.0000,0.0000,1.0000,0.0000,-0.0000,0.0000,0.0823,0.9966,0.0000,-0.9966,0.0823),
      ["RightFoot"] = CFrame.new(-0.0000,0.0000,0.0000,1.0000,0.0000,-0.0000,-0.0000,0.9988,-0.0481,0.0000,0.0481,0.9988),
    }},
    {Time = 3.100, Data = {
      ["HumanoidRootPart"] = CFrame.new(0.0000,0.0000,0.0000,1.0000,0.0000,0.0000,0.0000,1.0000,0.0000,0.0000,0.0000,1.0000),
      ["LowerTorso"] = CFrame.new(0.0000,2.4253,0.0000,-0.9982,0.0598,-0.0000,-0.0598,-0.9982,-0.0000,-0.0000,-0.0000,1.0000),
      ["UpperTorso"] = CFrame.new(0.0000,0.0000,0.0000,0.9879,-0.1550,0.0000,0.1550,0.9879,-0.0000,0.0000,0.0000,1.0000),
      ["LeftUpperArm"] = CFrame.new(0.0000,0.0000,0.0000,0.2452,0.6374,-0.7304,-0.2287,-0.6941,-0.6825,-0.9421,0.3344,-0.0244),
      ["LeftLowerArm"] = CFrame.new(0.0000,-0.0000,0.0000,1.0000,0.0000,-0.0000,-0.0000,0.3017,-0.9534,-0.0000,0.9534,0.3017),
      ["LeftHand"] = CFrame.new(-0.0000,0.0000,0.0000,1.0000,0.0000,-0.0000,-0.0000,0.9218,-0.3877,0.0000,0.3877,0.9218),
      ["Head"] = CFrame.new(0.0000,2.0000,0.0000,-1.0000,-0.0000,-0.0000,0.0000,-1.0000,0.0000,-0.0000,0.0000,1.0000),
      ["RightUpperArm"] = CFrame.new(0.0001,0.0000,-0.0000,0.2158,-0.6275,0.7481,0.1582,-0.7336,-0.6609,0.9635,0.2610,-0.0590),
      ["RightLowerArm"] = CFrame.new(0.0000,-0.0000,-0.0000,1.0000,-0.0000,0.0000,0.0000,0.3653,-0.9309,0.0000,0.9309,0.3653),
      ["RightHand"] = CFrame.new(0.0000,0.0000,-0.0000,1.0000,-0.0000,0.0000,0.0000,0.8951,-0.4459,-0.0000,0.4459,0.8951),
      ["LeftUpperLeg"] = CFrame.new(0.0000,-0.0000,-0.0000,0.8571,0.3188,0.4046,0.0292,0.7542,-0.6560,-0.5143,0.5741,0.6371),
      ["LeftLowerLeg"] = CFrame.new(0.0000,-0.0000,-0.0000,1.0000,-0.0000,0.0000,-0.0000,0.1331,0.9911,-0.0000,-0.9911,0.1331),
      ["LeftFoot"] = CFrame.new(0.0000,0.0000,-0.0000,1.0000,-0.0000,0.0000,0.0000,0.9931,-0.1175,-0.0000,0.1175,0.9931),
      ["RightUpperLeg"] = CFrame.new(-0.0000,0.0000,-0.0000,0.8675,-0.3948,-0.3027,0.0997,0.7340,-0.6718,0.4874,0.5526,0.6761),
      ["RightLowerLeg"] = CFrame.new(-0.0001,0.0000,0.0000,1.0000,0.0000,-0.0000,0.0000,0.0726,0.9974,0.0000,-0.9974,0.0726),
      ["RightFoot"] = CFrame.new(-0.0000,0.0000,0.0000,1.0000,0.0000,-0.0000,-0.0000,0.9988,-0.0481,0.0000,0.0481,0.9988),
    }},
    {Time = 3.133, Data = {
      ["HumanoidRootPart"] = CFrame.new(0.0000,0.0000,0.0000,1.0000,0.0000,0.0000,0.0000,1.0000,0.0000,0.0000,0.0000,1.0000),
      ["LowerTorso"] = CFrame.new(0.0000,2.4006,0.0000,-0.9981,0.0616,-0.0000,-0.0616,-0.9981,-0.0000,-0.0000,-0.0000,1.0000),
      ["UpperTorso"] = CFrame.new(0.0000,0.0000,0.0000,0.9872,-0.1595,0.0000,0.1595,0.9872,-0.0000,0.0000,0.0000,1.0000),
      ["LeftUpperArm"] = CFrame.new(0.0000,0.0000,0.0000,0.2452,0.6339,-0.7335,-0.2288,-0.6974,-0.6792,-0.9421,0.3343,-0.0260),
      ["LeftLowerArm"] = CFrame.new(0.0000,-0.0000,0.0000,1.0000,0.0000,-0.0000,-0.0000,0.3093,-0.9510,-0.0000,0.9510,0.3093),
      ["LeftHand"] = CFrame.new(-0.0000,0.0000,0.0000,1.0000,0.0000,-0.0000,-0.0000,0.9187,-0.3951,0.0000,0.3951,0.9187),
      ["Head"] = CFrame.new(0.0000,2.0000,0.0000,-1.0000,-0.0000,-0.0000,0.0000,-1.0000,0.0000,-0.0000,0.0000,1.0000),
      ["RightUpperArm"] = CFrame.new(0.0001,0.0000,-0.0000,0.2158,-0.6248,0.7504,0.1582,-0.7360,-0.6583,0.9635,0.2607,-0.0600),
      ["RightLowerArm"] = CFrame.new(0.0000,-0.0000,-0.0000,1.0000,-0.0000,0.0000,0.0000,0.3726,-0.9280,0.0000,0.9280,0.3726),
      ["RightHand"] = CFrame.new(0.0000,0.0000,-0.0000,1.0000,-0.0000,0.0000,0.0000,0.8906,-0.4548,-0.0000,0.4548,0.8906),
      ["LeftUpperLeg"] = CFrame.new(0.0000,-0.0000,-0.0000,0.8571,0.3197,0.4039,0.0292,0.7527,-0.6577,-0.5143,0.5755,0.6358),
      ["LeftLowerLeg"] = CFrame.new(0.0000,-0.0000,-0.0000,1.0000,-0.0000,0.0000,-0.0000,0.1214,0.9926,-0.0000,-0.9926,0.1214),
      ["LeftFoot"] = CFrame.new(0.0000,0.0000,-0.0000,1.0000,-0.0000,0.0000,0.0000,0.9931,-0.1175,-0.0000,0.1175,0.9931),
      ["RightUpperLeg"] = CFrame.new(-0.0000,0.0000,-0.0000,0.8674,-0.3956,-0.3017,0.0997,0.7323,-0.6737,0.4874,0.5543,0.6747),
      ["RightLowerLeg"] = CFrame.new(-0.0001,0.0000,0.0000,1.0000,0.0000,-0.0000,0.0000,0.0631,0.9980,0.0000,-0.9980,0.0631),
      ["RightFoot"] = CFrame.new(-0.0000,0.0000,0.0000,1.0000,0.0000,-0.0000,-0.0000,0.9988,-0.0481,0.0000,0.0481,0.9988),
    }},
    {Time = 3.167, Data = {
      ["HumanoidRootPart"] = CFrame.new(0.0000,0.0000,0.0000,1.0000,0.0000,0.0000,0.0000,1.0000,0.0000,0.0000,0.0000,1.0000),
      ["LowerTorso"] = CFrame.new(0.0000,2.3762,0.0000,-0.9980,0.0632,-0.0000,-0.0632,-0.9980,-0.0000,-0.0000,-0.0000,1.0000),
      ["UpperTorso"] = CFrame.new(0.0000,0.0000,0.0000,0.9865,-0.1638,0.0000,0.1638,0.9865,-0.0000,0.0000,0.0000,1.0000),
      ["LeftUpperArm"] = CFrame.new(0.0000,0.0000,0.0000,0.2451,0.6305,-0.7365,-0.2288,-0.7006,-0.6759,-0.9421,0.3342,-0.0275),
      ["LeftLowerArm"] = CFrame.new(0.0000,-0.0000,0.0000,1.0000,0.0000,-0.0000,-0.0000,0.3168,-0.9485,-0.0000,0.9485,0.3168),
      ["LeftHand"] = CFrame.new(-0.0000,0.0000,0.0000,1.0000,0.0000,-0.0000,-0.0000,0.9155,-0.4023,0.0000,0.4023,0.9155),
      ["Head"] = CFrame.new(0.0000,2.0000,0.0000,-1.0000,-0.0000,-0.0000,0.0000,-1.0000,0.0000,-0.0000,0.0000,1.0000),
      ["RightUpperArm"] = CFrame.new(0.0001,0.0000,-0.0000,0.2157,-0.6221,0.7526,0.1582,-0.7383,-0.6556,0.9636,0.2605,-0.0609),
      ["RightLowerArm"] = CFrame.new(0.0000,-0.0000,-0.0000,1.0000,-0.0000,0.0000,0.0000,0.3798,-0.9251,0.0000,0.9251,0.3798),
      ["RightHand"] = CFrame.new(0.0000,0.0000,-0.0000,1.0000,-0.0000,0.0000,0.0000,0.8861,-0.4636,-0.0000,0.4636,0.8861),
      ["LeftUpperLeg"] = CFrame.new(0.0000,-0.0000,-0.0000,0.8571,0.3206,0.4032,0.0292,0.7513,-0.6593,-0.5143,0.5769,0.6346),
      ["LeftLowerLeg"] = CFrame.new(0.0000,-0.0000,-0.0000,1.0000,-0.0000,0.0000,-0.0000,0.1098,0.9940,-0.0000,-0.9940,0.1098),
      ["LeftFoot"] = CFrame.new(0.0000,0.0000,-0.0000,1.0000,-0.0000,0.0000,0.0000,0.9931,-0.1175,-0.0000,0.1175,0.9931),
      ["RightUpperLeg"] = CFrame.new(-0.0000,0.0000,-0.0000,0.8674,-0.3964,-0.3007,0.0997,0.7306,-0.6755,0.4874,0.5560,0.6732),
      ["RightLowerLeg"] = CFrame.new(-0.0001,0.0000,0.0000,1.0000,0.0000,-0.0000,0.0000,0.0536,0.9986,0.0000,-0.9986,0.0536),
      ["RightFoot"] = CFrame.new(-0.0000,0.0000,0.0000,1.0000,0.0000,-0.0000,-0.0000,0.9988,-0.0481,0.0000,0.0481,0.9988),
    }},
    {Time = 3.200, Data = {
      ["HumanoidRootPart"] = CFrame.new(0.0000,0.0000,0.0000,1.0000,0.0000,0.0000,0.0000,1.0000,0.0000,0.0000,0.0000,1.0000),
      ["LowerTorso"] = CFrame.new(0.0000,2.3520,0.0000,-0.9979,0.0649,-0.0000,-0.0649,-0.9979,-0.0000,-0.0000,-0.0000,1.0000),
      ["UpperTorso"] = CFrame.new(0.0000,0.0000,0.0000,0.9858,-0.1680,0.0000,0.1680,0.9858,-0.0000,0.0000,0.0000,1.0000),
      ["LeftUpperArm"] = CFrame.new(0.0000,0.0000,0.0000,0.2450,0.6270,-0.7395,-0.2288,-0.7038,-0.6726,-0.9421,0.3340,-0.0289),
      ["LeftLowerArm"] = CFrame.new(0.0000,-0.0000,0.0000,1.0000,0.0000,-0.0000,-0.0000,0.3242,-0.9460,-0.0000,0.9460,0.3242),
      ["LeftHand"] = CFrame.new(-0.0000,0.0000,0.0000,1.0000,0.0000,-0.0000,-0.0000,0.9123,-0.4095,0.0000,0.4095,0.9123),
      ["Head"] = CFrame.new(0.0000,2.0000,0.0000,-1.0000,-0.0000,-0.0000,0.0000,-1.0000,0.0000,-0.0000,0.0000,1.0000),
      ["RightUpperArm"] = CFrame.new(0.0001,0.0000,-0.0000,0.2157,-0.6194,0.7549,0.1582,-0.7407,-0.6530,0.9636,0.2603,-0.0617),
      ["RightLowerArm"] = CFrame.new(0.0000,-0.0000,-0.0000,1.0000,-0.0000,0.0000,0.0000,0.3870,-0.9221,0.0000,0.9221,0.3870),
      ["RightHand"] = CFrame.new(0.0000,0.0000,-0.0000,1.0000,-0.0000,0.0000,0.0000,0.8815,-0.4722,-0.0000,0.4722,0.8815),
      ["LeftUpperLeg"] = CFrame.new(0.0000,-0.0000,-0.0000,0.8571,0.3215,0.4025,0.0292,0.7499,-0.6610,-0.5143,0.5782,0.6333),
      ["LeftLowerLeg"] = CFrame.new(0.0000,-0.0000,-0.0000,1.0000,-0.0000,0.0000,-0.0000,0.0983,0.9952,-0.0000,-0.9952,0.0983),
      ["LeftFoot"] = CFrame.new(0.0000,0.0000,-0.0000,1.0000,-0.0000,0.0000,0.0000,0.9931,-0.1175,-0.0000,0.1175,0.9931),
      ["RightUpperLeg"] = CFrame.new(-0.0000,0.0000,-0.0000,0.8674,-0.3972,-0.2997,0.0997,0.7289,-0.6774,0.4875,0.5577,0.6718),
      ["RightLowerLeg"] = CFrame.new(-0.0001,0.0000,0.0000,1.0000,0.0000,-0.0000,0.0000,0.0442,0.9990,0.0000,-0.9990,0.0442),
      ["RightFoot"] = CFrame.new(-0.0000,0.0000,0.0000,1.0000,0.0000,-0.0000,-0.0000,0.9988,-0.0481,0.0000,0.0481,0.9988),
    }},
    {Time = 3.233, Data = {
      ["HumanoidRootPart"] = CFrame.new(0.0000,0.0000,0.0000,1.0000,0.0000,0.0000,0.0000,1.0000,0.0000,0.0000,0.0000,1.0000),
      ["LowerTorso"] = CFrame.new(0.0000,2.3282,0.0000,-0.9978,0.0665,0.0000,-0.0665,-0.9978,0.0000,0.0000,0.0000,1.0000),
      ["UpperTorso"] = CFrame.new(0.0000,0.0000,0.0000,0.9851,-0.1721,0.0000,0.1721,0.9851,-0.0000,0.0000,0.0000,1.0000),
      ["LeftUpperArm"] = CFrame.new(0.0000,0.0000,0.0000,0.2449,0.6236,-0.7424,-0.2289,-0.7069,-0.6693,-0.9421,0.3338,-0.0304),
      ["LeftLowerArm"] = CFrame.new(0.0000,-0.0000,0.0000,1.0000,0.0000,-0.0000,-0.0000,0.3314,-0.9435,-0.0000,0.9435,0.3314),
      ["LeftHand"] = CFrame.new(0.0000,0.0000,0.0000,1.0000,0.0000,-0.0000,-0.0000,0.9091,-0.4165,0.0000,0.4165,0.9091),
      ["Head"] = CFrame.new(0.0000,2.0000,0.0000,-1.0000,-0.0000,-0.0000,0.0000,-1.0000,0.0000,-0.0000,0.0000,1.0000),
      ["RightUpperArm"] = CFrame.new(0.0001,0.0000,-0.0000,0.2156,-0.6168,0.7570,0.1582,-0.7430,-0.6504,0.9636,0.2600,-0.0626),
      ["RightLowerArm"] = CFrame.new(0.0000,-0.0000,-0.0000,1.0000,-0.0000,0.0000,0.0000,0.3940,-0.9191,0.0000,0.9191,0.3940),
      ["RightHand"] = CFrame.new(0.0000,0.0000,-0.0000,1.0000,-0.0000,0.0000,0.0000,0.8769,-0.4807,-0.0000,0.4807,0.8769),
      ["LeftUpperLeg"] = CFrame.new(0.0000,-0.0000,-0.0000,0.8571,0.3224,0.4019,0.0292,0.7484,-0.6626,-0.5144,0.5796,0.6321),
      ["LeftLowerLeg"] = CFrame.new(0.0000,-0.0000,-0.0000,1.0000,-0.0000,0.0000,-0.0000,0.0870,0.9962,-0.0000,-0.9962,0.0870),
      ["LeftFoot"] = CFrame.new(0.0000,0.0000,-0.0000,1.0000,-0.0000,0.0000,0.0000,0.9931,-0.1175,-0.0000,0.1175,0.9931),
      ["RightUpperLeg"] = CFrame.new(-0.0000,0.0000,-0.0000,0.8674,-0.3979,-0.2987,0.0997,0.7272,-0.6792,0.4875,0.5593,0.6705),
      ["RightLowerLeg"] = CFrame.new(-0.0001,0.0000,0.0000,1.0000,0.0000,-0.0000,0.0000,0.0350,0.9994,0.0000,-0.9994,0.0350),
      ["RightFoot"] = CFrame.new(-0.0000,0.0000,0.0000,1.0000,0.0000,-0.0000,-0.0000,0.9988,-0.0481,0.0000,0.0481,0.9988),
    }},
    {Time = 3.267, Data = {
      ["HumanoidRootPart"] = CFrame.new(0.0000,0.0000,0.0000,1.0000,0.0000,0.0000,0.0000,1.0000,0.0000,0.0000,0.0000,1.0000),
      ["LowerTorso"] = CFrame.new(0.0000,2.3047,0.0000,-0.9977,0.0681,-0.0000,-0.0681,-0.9977,-0.0000,-0.0000,-0.0000,1.0000),
      ["UpperTorso"] = CFrame.new(0.0000,0.0000,0.0000,0.9844,-0.1761,0.0000,0.1761,0.9844,-0.0000,0.0000,0.0000,1.0000),
      ["LeftUpperArm"] = CFrame.new(0.0000,0.0000,0.0000,0.2448,0.6203,-0.7452,-0.2289,-0.7099,-0.6661,-0.9422,0.3336,-0.0318),
      ["LeftLowerArm"] = CFrame.new(0.0000,-0.0000,0.0000,1.0000,0.0000,-0.0000,-0.0000,0.3386,-0.9409,-0.0000,0.9409,0.3386),
      ["LeftHand"] = CFrame.new(0.0000,0.0000,0.0000,1.0000,0.0000,-0.0000,-0.0000,0.9059,-0.4234,0.0000,0.4234,0.9059),
      ["Head"] = CFrame.new(0.0000,2.0000,0.0000,-1.0000,-0.0000,-0.0000,0.0000,-1.0000,0.0000,-0.0000,0.0000,1.0000),
      ["RightUpperArm"] = CFrame.new(0.0001,0.0000,-0.0000,0.2156,-0.6142,0.7592,0.1583,-0.7452,-0.6478,0.9636,0.2598,-0.0634),
      ["RightLowerArm"] = CFrame.new(0.0000,-0.0000,-0.0000,1.0000,-0.0000,0.0000,0.0000,0.4008,-0.9161,0.0000,0.9161,0.4008),
      ["RightHand"] = CFrame.new(0.0000,0.0000,-0.0000,1.0000,-0.0000,0.0000,0.0000,0.8723,-0.4889,-0.0000,0.4889,0.8723),
      ["LeftUpperLeg"] = CFrame.new(0.0000,-0.0000,-0.0000,0.8571,0.3232,0.4012,0.0292,0.7471,-0.6641,-0.5144,0.5809,0.6309),
      ["LeftLowerLeg"] = CFrame.new(0.0000,-0.0000,-0.0000,1.0000,-0.0000,0.0000,-0.0000,0.0758,0.9971,-0.0000,-0.9971,0.0758),
      ["LeftFoot"] = CFrame.new(0.0000,0.0000,-0.0000,1.0000,-0.0000,0.0000,0.0000,0.9931,-0.1175,-0.0000,0.1175,0.9931),
      ["RightUpperLeg"] = CFrame.new(-0.0000,0.0000,-0.0000,0.8674,-0.3987,-0.2978,0.0997,0.7255,-0.6809,0.4875,0.5610,0.6691),
      ["RightLowerLeg"] = CFrame.new(-0.0001,0.0000,0.0000,1.0000,0.0000,-0.0000,0.0000,0.0258,0.9997,0.0000,-0.9997,0.0258),
      ["RightFoot"] = CFrame.new(-0.0000,0.0000,0.0000,1.0000,0.0000,-0.0000,-0.0000,0.9988,-0.0481,0.0000,0.0481,0.9988),
    }},
    {Time = 3.300, Data = {
      ["HumanoidRootPart"] = CFrame.new(0.0000,0.0000,0.0000,1.0000,0.0000,0.0000,0.0000,1.0000,0.0000,0.0000,0.0000,1.0000),
      ["LowerTorso"] = CFrame.new(0.0000,2.2817,0.0000,-0.9976,0.0696,-0.0000,-0.0696,-0.9976,-0.0000,-0.0000,-0.0000,1.0000),
      ["UpperTorso"] = CFrame.new(0.0000,0.0000,0.0000,0.9837,-0.1800,0.0000,0.1800,0.9837,-0.0000,0.0000,0.0000,1.0000),
      ["LeftUpperArm"] = CFrame.new(0.0000,0.0000,0.0000,0.2447,0.6170,-0.7480,-0.2290,-0.7128,-0.6629,-0.9422,0.3334,-0.0331),
      ["LeftLowerArm"] = CFrame.new(0.0000,-0.0000,0.0000,1.0000,0.0000,-0.0000,-0.0000,0.3455,-0.9384,-0.0000,0.9384,0.3455),
      ["LeftHand"] = CFrame.new(0.0000,0.0000,0.0000,1.0000,0.0000,-0.0000,-0.0000,0.9028,-0.4301,0.0000,0.4301,0.9028),
      ["Head"] = CFrame.new(0.0000,2.0000,0.0000,-1.0000,-0.0000,-0.0000,0.0000,-1.0000,0.0000,-0.0000,0.0000,1.0000),
      ["RightUpperArm"] = CFrame.new(0.0001,0.0000,-0.0000,0.2155,-0.6116,0.7613,0.1583,-0.7474,-0.6452,0.9636,0.2595,-0.0642),
      ["RightLowerArm"] = CFrame.new(0.0000,-0.0000,-0.0000,1.0000,-0.0000,0.0000,0.0000,0.4076,-0.9132,0.0000,0.9132,0.4076),
      ["RightHand"] = CFrame.new(0.0000,0.0000,-0.0000,1.0000,-0.0000,0.0000,0.0000,0.8677,-0.4970,-0.0000,0.4970,0.8677),
      ["LeftUpperLeg"] = CFrame.new(0.0000,-0.0000,-0.0000,0.8571,0.3240,0.4006,0.0292,0.7457,-0.6657,-0.5144,0.5822,0.6297),
      ["LeftLowerLeg"] = CFrame.new(0.0000,-0.0000,-0.0000,1.0000,-0.0000,0.0000,-0.0000,0.0649,0.9979,-0.0000,-0.9979,0.0649),
      ["LeftFoot"] = CFrame.new(0.0000,0.0000,-0.0000,1.0000,-0.0000,0.0000,0.0000,0.9931,-0.1175,-0.0000,0.1175,0.9931),
      ["RightUpperLeg"] = CFrame.new(-0.0000,0.0000,-0.0000,0.8674,-0.3994,-0.2968,0.0997,0.7239,-0.6827,0.4875,0.5626,0.6677),
      ["RightLowerLeg"] = CFrame.new(-0.0001,0.0000,0.0000,1.0000,0.0000,-0.0000,0.0000,0.0169,0.9999,0.0000,-0.9999,0.0169),
      ["RightFoot"] = CFrame.new(-0.0000,0.0000,0.0000,1.0000,0.0000,-0.0000,-0.0000,0.9988,-0.0481,0.0000,0.0481,0.9988),
    }},
    {Time = 3.333, Data = {
      ["HumanoidRootPart"] = CFrame.new(0.0000,0.0000,0.0000,1.0000,0.0000,0.0000,0.0000,1.0000,0.0000,0.0000,0.0000,1.0000),
      ["LowerTorso"] = CFrame.new(0.0000,2.2593,0.0000,-0.9975,0.0710,-0.0000,-0.0710,-0.9975,-0.0000,-0.0000,-0.0000,1.0000),
      ["UpperTorso"] = CFrame.new(0.0000,0.0000,0.0000,0.9830,-0.1838,0.0000,0.1838,0.9830,-0.0000,0.0000,0.0000,1.0000),
      ["LeftUpperArm"] = CFrame.new(0.0000,0.0000,0.0000,0.2445,0.6137,-0.7507,-0.2290,-0.7157,-0.6598,-0.9422,0.3332,-0.0345),
      ["LeftLowerArm"] = CFrame.new(0.0000,-0.0000,0.0000,1.0000,0.0000,-0.0000,-0.0000,0.3523,-0.9359,-0.0000,0.9359,0.3523),
      ["LeftHand"] = CFrame.new(0.0000,0.0000,0.0000,1.0000,0.0000,-0.0000,-0.0000,0.8996,-0.4367,0.0000,0.4367,0.8996),
      ["Head"] = CFrame.new(0.0000,2.0000,0.0000,-1.0000,-0.0000,-0.0000,0.0000,-1.0000,0.0000,-0.0000,0.0000,1.0000),
      ["RightUpperArm"] = CFrame.new(0.0001,0.0000,-0.0000,0.2154,-0.6091,0.7633,0.1583,-0.7495,-0.6428,0.9636,0.2593,-0.0650),
      ["RightLowerArm"] = CFrame.new(0.0000,-0.0000,-0.0000,1.0000,-0.0000,0.0000,0.0000,0.4141,-0.9102,0.0000,0.9102,0.4141),
      ["RightHand"] = CFrame.new(0.0000,0.0000,-0.0000,1.0000,-0.0000,0.0000,0.0000,0.8632,-0.5049,-0.0000,0.5049,0.8632),
      ["LeftUpperLeg"] = CFrame.new(0.0000,-0.0000,-0.0000,0.8571,0.3249,0.3999,0.0292,0.7443,-0.6672,-0.5144,0.5834,0.6285),
      ["LeftLowerLeg"] = CFrame.new(0.0000,-0.0000,-0.0000,1.0000,-0.0000,0.0000,-0.0000,0.0541,0.9985,-0.0000,-0.9985,0.0541),
      ["LeftFoot"] = CFrame.new(0.0000,0.0000,-0.0000,1.0000,-0.0000,0.0000,0.0000,0.9931,-0.1175,-0.0000,0.1175,0.9931),
      ["RightUpperLeg"] = CFrame.new(-0.0000,0.0000,-0.0000,0.8674,-0.4001,-0.2959,0.0997,0.7223,-0.6844,0.4875,0.5641,0.6664),
      ["RightLowerLeg"] = CFrame.new(-0.0001,0.0000,0.0000,1.0000,0.0000,-0.0000,0.0000,0.0082,1.0000,0.0000,-1.0000,0.0082),
      ["RightFoot"] = CFrame.new(-0.0000,0.0000,0.0000,1.0000,0.0000,-0.0000,-0.0000,0.9988,-0.0481,0.0000,0.0481,0.9988),
    }},
    {Time = 3.367, Data = {
      ["HumanoidRootPart"] = CFrame.new(0.0000,0.0000,0.0000,1.0000,0.0000,0.0000,0.0000,1.0000,0.0000,0.0000,0.0000,1.0000),
      ["LowerTorso"] = CFrame.new(0.0000,2.2373,0.0000,-0.9974,0.0725,-0.0000,-0.0725,-0.9974,-0.0000,-0.0000,-0.0000,1.0000),
      ["UpperTorso"] = CFrame.new(0.0000,0.0000,0.0000,0.9823,-0.1875,0.0000,0.1875,0.9823,-0.0000,0.0000,0.0000,1.0000),
      ["LeftUpperArm"] = CFrame.new(0.0000,0.0000,0.0000,0.2444,0.6106,-0.7533,-0.2291,-0.7185,-0.6567,-0.9422,0.3330,-0.0357),
      ["LeftLowerArm"] = CFrame.new(0.0000,-0.0000,0.0000,1.0000,0.0000,-0.0000,-0.0000,0.3589,-0.9334,-0.0000,0.9334,0.3589),
      ["LeftHand"] = CFrame.new(0.0000,0.0000,0.0000,1.0000,0.0000,-0.0000,-0.0000,0.8965,-0.4431,0.0000,0.4431,0.8965),
      ["Head"] = CFrame.new(0.0000,2.0000,0.0000,-1.0000,-0.0000,-0.0000,0.0000,-1.0000,0.0000,-0.0000,0.0000,1.0000),
      ["RightUpperArm"] = CFrame.new(0.0001,0.0000,-0.0000,0.2153,-0.6066,0.7653,0.1583,-0.7516,-0.6403,0.9636,0.2591,-0.0658),
      ["RightLowerArm"] = CFrame.new(0.0000,-0.0000,-0.0000,1.0000,-0.0000,0.0000,0.0000,0.4205,-0.9073,0.0000,0.9073,0.4205),
      ["RightHand"] = CFrame.new(0.0000,0.0000,-0.0000,1.0000,-0.0000,0.0000,0.0000,0.8587,-0.5125,0.0000,0.5125,0.8587),
      ["LeftUpperLeg"] = CFrame.new(0.0000,-0.0000,-0.0000,0.8570,0.3257,0.3993,0.0292,0.7430,-0.6686,-0.5144,0.5847,0.6273),
      ["LeftLowerLeg"] = CFrame.new(0.0000,-0.0000,-0.0000,1.0000,-0.0000,0.0000,-0.0000,0.0437,0.9990,-0.0000,-0.9990,0.0437),
      ["LeftFoot"] = CFrame.new(0.0000,0.0000,-0.0000,1.0000,-0.0000,0.0000,0.0000,0.9931,-0.1175,-0.0000,0.1175,0.9931),
      ["RightUpperLeg"] = CFrame.new(-0.0000,0.0000,-0.0000,0.8674,-0.4008,-0.2950,0.0997,0.7207,-0.6860,0.4876,0.5656,0.6651),
      ["RightLowerLeg"] = CFrame.new(-0.0001,0.0000,0.0000,1.0000,0.0000,-0.0000,0.0000,-0.0004,1.0000,0.0000,-1.0000,-0.0004),
      ["RightFoot"] = CFrame.new(-0.0000,0.0000,0.0000,1.0000,0.0000,-0.0000,-0.0000,0.9988,-0.0481,0.0000,0.0481,0.9988),
    }},
    {Time = 3.400, Data = {
      ["HumanoidRootPart"] = CFrame.new(0.0000,0.0000,0.0000,1.0000,0.0000,0.0000,0.0000,1.0000,0.0000,0.0000,0.0000,1.0000),
      ["LowerTorso"] = CFrame.new(0.0000,2.2160,0.0000,-0.9973,0.0738,-0.0000,-0.0738,-0.9973,-0.0000,-0.0000,-0.0000,1.0000),
      ["UpperTorso"] = CFrame.new(0.0000,0.0000,0.0000,0.9816,-0.1910,0.0000,0.1910,0.9816,-0.0000,0.0000,0.0000,1.0000),
      ["LeftUpperArm"] = CFrame.new(0.0000,0.0000,0.0000,0.2442,0.6075,-0.7558,-0.2291,-0.7212,-0.6537,-0.9423,0.3328,-0.0370),
      ["LeftLowerArm"] = CFrame.new(0.0000,-0.0000,0.0000,1.0000,0.0000,-0.0000,-0.0000,0.3654,-0.9309,-0.0000,0.9309,0.3654),
      ["LeftHand"] = CFrame.new(0.0000,0.0000,0.0000,1.0000,0.0000,-0.0000,-0.0000,0.8934,-0.4493,0.0000,0.4493,0.8934),
      ["Head"] = CFrame.new(0.0000,2.0000,0.0000,-1.0000,-0.0000,-0.0000,0.0000,-1.0000,0.0000,-0.0000,0.0000,1.0000),
      ["RightUpperArm"] = CFrame.new(0.0001,0.0000,-0.0000,0.2152,-0.6042,0.7672,0.1584,-0.7536,-0.6380,0.9636,0.2588,-0.0665),
      ["RightLowerArm"] = CFrame.new(0.0000,-0.0000,-0.0000,1.0000,-0.0000,0.0000,0.0000,0.4267,-0.9044,-0.0000,0.9044,0.4267),
      ["RightHand"] = CFrame.new(0.0000,0.0000,-0.0000,1.0000,-0.0000,0.0000,0.0000,0.8542,-0.5199,0.0000,0.5199,0.8542),
      ["LeftUpperLeg"] = CFrame.new(0.0000,-0.0000,-0.0000,0.8570,0.3264,0.3987,0.0292,0.7418,-0.6700,-0.5144,0.5859,0.6262),
      ["LeftLowerLeg"] = CFrame.new(0.0000,-0.0000,-0.0000,1.0000,-0.0000,0.0000,-0.0000,0.0335,0.9994,-0.0000,-0.9994,0.0335),
      ["LeftFoot"] = CFrame.new(0.0000,0.0000,-0.0000,1.0000,-0.0000,0.0000,0.0000,0.9931,-0.1175,-0.0000,0.1175,0.9931),
      ["RightUpperLeg"] = CFrame.new(-0.0000,0.0000,-0.0000,0.8674,-0.4015,-0.2941,0.0997,0.7192,-0.6876,0.4876,0.5671,0.6638),
      ["RightLowerLeg"] = CFrame.new(-0.0001,0.0000,0.0000,1.0000,0.0000,-0.0000,0.0000,-0.0087,1.0000,0.0000,-1.0000,-0.0087),
      ["RightFoot"] = CFrame.new(-0.0000,0.0000,0.0000,1.0000,0.0000,-0.0000,-0.0000,0.9988,-0.0481,0.0000,0.0481,0.9988),
    }},
    {Time = 3.433, Data = {
      ["HumanoidRootPart"] = CFrame.new(0.0000,0.0000,0.0000,1.0000,0.0000,0.0000,0.0000,1.0000,0.0000,0.0000,0.0000,1.0000),
      ["LowerTorso"] = CFrame.new(0.0000,2.1953,0.0000,-0.9972,0.0752,0.0000,-0.0752,-0.9972,0.0000,0.0000,0.0000,1.0000),
      ["UpperTorso"] = CFrame.new(0.0000,0.0000,0.0000,0.9809,-0.1944,0.0000,0.1944,0.9809,-0.0000,0.0000,0.0000,1.0000),
      ["LeftUpperArm"] = CFrame.new(0.0000,0.0000,0.0000,0.2441,0.6045,-0.7583,-0.2292,-0.7238,-0.6508,-0.9423,0.3326,-0.0381),
      ["LeftLowerArm"] = CFrame.new(0.0000,-0.0000,0.0000,1.0000,0.0000,-0.0000,-0.0000,0.3716,-0.9284,-0.0000,0.9284,0.3716),
      ["LeftHand"] = CFrame.new(0.0000,0.0000,0.0000,1.0000,0.0000,-0.0000,-0.0000,0.8904,-0.4552,0.0000,0.4552,0.8904),
      ["Head"] = CFrame.new(0.0000,2.0000,0.0000,-1.0000,-0.0000,-0.0000,0.0000,-1.0000,0.0000,-0.0000,0.0000,1.0000),
      ["RightUpperArm"] = CFrame.new(0.0001,0.0000,-0.0000,0.2151,-0.6019,0.7690,0.1584,-0.7555,-0.6357,0.9637,0.2586,-0.0672),
      ["RightLowerArm"] = CFrame.new(0.0000,-0.0000,-0.0000,1.0000,-0.0000,0.0000,0.0000,0.4326,-0.9016,-0.0000,0.9016,0.4326),
      ["RightHand"] = CFrame.new(0.0000,0.0000,-0.0000,1.0000,-0.0000,0.0000,0.0000,0.8499,-0.5270,0.0000,0.5270,0.8499),
      ["LeftUpperLeg"] = CFrame.new(0.0000,-0.0000,-0.0000,0.8570,0.3272,0.3981,0.0292,0.7405,-0.6714,-0.5145,0.5870,0.6251),
      ["LeftLowerLeg"] = CFrame.new(0.0000,-0.0000,-0.0000,1.0000,-0.0000,0.0000,-0.0000,0.0236,0.9997,-0.0000,-0.9997,0.0236),
      ["LeftFoot"] = CFrame.new(0.0000,0.0000,-0.0000,1.0000,-0.0000,0.0000,0.0000,0.9931,-0.1175,-0.0000,0.1175,0.9931),
      ["RightUpperLeg"] = CFrame.new(-0.0000,0.0000,-0.0000,0.8673,-0.4021,-0.2933,0.0997,0.7177,-0.6892,0.4876,0.5685,0.6626),
      ["RightLowerLeg"] = CFrame.new(-0.0001,0.0000,0.0000,1.0000,0.0000,-0.0000,0.0000,-0.0167,0.9999,0.0000,-0.9999,-0.0167),
      ["RightFoot"] = CFrame.new(-0.0000,0.0000,0.0000,1.0000,0.0000,-0.0000,-0.0000,0.9988,-0.0481,0.0000,0.0481,0.9988),
    }},
    {Time = 3.467, Data = {
      ["HumanoidRootPart"] = CFrame.new(0.0000,0.0000,0.0000,1.0000,0.0000,0.0000,0.0000,1.0000,0.0000,0.0000,0.0000,1.0000),
      ["LowerTorso"] = CFrame.new(0.0000,2.1754,0.0000,-0.9971,0.0764,-0.0000,-0.0764,-0.9971,-0.0000,-0.0000,-0.0000,1.0000),
      ["UpperTorso"] = CFrame.new(0.0000,0.0000,0.0000,0.9803,-0.1976,0.0000,0.1976,0.9803,-0.0000,0.0000,0.0000,1.0000),
      ["LeftUpperArm"] = CFrame.new(0.0000,0.0000,0.0000,0.2439,0.6016,-0.7607,-0.2292,-0.7264,-0.6480,-0.9423,0.3324,-0.0392),
      ["LeftLowerArm"] = CFrame.new(0.0000,-0.0000,0.0000,1.0000,0.0000,-0.0000,-0.0000,0.3775,-0.9260,-0.0000,0.9260,0.3775),
      ["LeftHand"] = CFrame.new(0.0000,0.0000,0.0000,1.0000,0.0000,-0.0000,-0.0000,0.8874,-0.4610,0.0000,0.4610,0.8874),
      ["Head"] = CFrame.new(0.0000,2.0000,0.0000,-1.0000,-0.0000,-0.0000,0.0000,-1.0000,0.0000,-0.0000,0.0000,1.0000),
      ["RightUpperArm"] = CFrame.new(0.0001,0.0000,-0.0000,0.2150,-0.5997,0.7708,0.1584,-0.7574,-0.6334,0.9637,0.2583,-0.0679),
      ["RightLowerArm"] = CFrame.new(0.0000,-0.0000,-0.0000,1.0000,-0.0000,0.0000,0.0000,0.4384,-0.8988,-0.0000,0.8988,0.4384),
      ["RightHand"] = CFrame.new(0.0000,0.0000,-0.0000,1.0000,-0.0000,0.0000,0.0000,0.8456,-0.5338,0.0000,0.5338,0.8456),
      ["LeftUpperLeg"] = CFrame.new(0.0000,-0.0000,-0.0000,0.8570,0.3279,0.3975,0.0292,0.7393,-0.6727,-0.5145,0.5881,0.6240),
      ["LeftLowerLeg"] = CFrame.new(0.0000,-0.0000,-0.0000,1.0000,-0.0000,0.0000,-0.0000,0.0141,0.9999,-0.0000,-0.9999,0.0141),
      ["LeftFoot"] = CFrame.new(0.0000,0.0000,-0.0000,1.0000,-0.0000,0.0000,0.0000,0.9931,-0.1175,-0.0000,0.1175,0.9931),
      ["RightUpperLeg"] = CFrame.new(-0.0000,0.0000,-0.0000,0.8673,-0.4028,-0.2925,0.0997,0.7163,-0.6907,0.4877,0.5699,0.6614),
      ["RightLowerLeg"] = CFrame.new(-0.0001,0.0000,0.0000,1.0000,0.0000,-0.0000,0.0000,-0.0244,0.9997,0.0000,-0.9997,-0.0244),
      ["RightFoot"] = CFrame.new(-0.0000,0.0000,0.0000,1.0000,0.0000,-0.0000,-0.0000,0.9988,-0.0481,0.0000,0.0481,0.9988),
    }},
    {Time = 3.500, Data = {
      ["HumanoidRootPart"] = CFrame.new(0.0000,0.0000,0.0000,1.0000,0.0000,0.0000,0.0000,1.0000,0.0000,0.0000,0.0000,1.0000),
      ["LowerTorso"] = CFrame.new(0.0000,2.1562,0.0000,-0.9970,0.0776,-0.0000,-0.0776,-0.9970,-0.0000,-0.0000,-0.0000,1.0000),
      ["UpperTorso"] = CFrame.new(0.0000,0.0000,0.0000,0.9797,-0.2007,0.0000,0.2007,0.9797,-0.0000,0.0000,0.0000,1.0000),
      ["LeftUpperArm"] = CFrame.new(0.0000,0.0000,0.0000,0.2437,0.5988,-0.7629,-0.2293,-0.7288,-0.6453,-0.9424,0.3322,-0.0403),
      ["LeftLowerArm"] = CFrame.new(0.0000,-0.0000,0.0000,1.0000,0.0000,-0.0000,-0.0000,0.3832,-0.9236,-0.0000,0.9236,0.3832),
      ["LeftHand"] = CFrame.new(0.0000,0.0000,0.0000,1.0000,0.0000,-0.0000,-0.0000,0.8845,-0.4665,0.0000,0.4665,0.8845),
      ["Head"] = CFrame.new(0.0000,2.0000,0.0000,-1.0000,-0.0000,-0.0000,0.0000,-1.0000,0.0000,-0.0000,0.0000,1.0000),
      ["RightUpperArm"] = CFrame.new(0.0001,0.0000,-0.0000,0.2149,-0.5975,0.7725,0.1585,-0.7592,-0.6313,0.9637,0.2581,-0.0685),
      ["RightLowerArm"] = CFrame.new(0.0000,-0.0000,-0.0000,1.0000,-0.0000,0.0000,0.0000,0.4439,-0.8961,-0.0000,0.8961,0.4439),
      ["RightHand"] = CFrame.new(0.0000,0.0000,-0.0000,1.0000,-0.0000,0.0000,0.0000,0.8415,-0.5403,0.0000,0.5403,0.8415),
      ["LeftUpperLeg"] = CFrame.new(0.0000,-0.0000,-0.0000,0.8570,0.3286,0.3970,0.0292,0.7382,-0.6740,-0.5145,0.5892,0.6230),
      ["LeftLowerLeg"] = CFrame.new(0.0000,-0.0000,-0.0000,1.0000,-0.0000,0.0000,-0.0000,0.0050,1.0000,-0.0000,-1.0000,0.0050),
      ["LeftFoot"] = CFrame.new(0.0000,0.0000,-0.0000,1.0000,-0.0000,0.0000,0.0000,0.9931,-0.1175,-0.0000,0.1175,0.9931),
      ["RightUpperLeg"] = CFrame.new(-0.0000,0.0000,-0.0000,0.8673,-0.4034,-0.2917,0.0997,0.7149,-0.6921,0.4877,0.5712,0.6602),
      ["RightLowerLeg"] = CFrame.new(-0.0001,0.0000,0.0000,1.0000,0.0000,-0.0000,0.0000,-0.0319,0.9995,0.0000,-0.9995,-0.0319),
      ["RightFoot"] = CFrame.new(-0.0000,0.0000,0.0000,1.0000,0.0000,-0.0000,-0.0000,0.9988,-0.0481,0.0000,0.0481,0.9988),
    }},
    {Time = 3.533, Data = {
      ["HumanoidRootPart"] = CFrame.new(0.0000,0.0000,0.0000,1.0000,0.0000,0.0000,0.0000,1.0000,0.0000,0.0000,0.0000,1.0000),
      ["LowerTorso"] = CFrame.new(0.0000,2.1379,0.0000,-0.9969,0.0788,-0.0000,-0.0788,-0.9969,-0.0000,-0.0000,-0.0000,1.0000),
      ["UpperTorso"] = CFrame.new(0.0000,0.0000,0.0000,0.9790,-0.2036,0.0000,0.2036,0.9790,-0.0000,0.0000,0.0000,1.0000),
      ["LeftUpperArm"] = CFrame.new(0.0000,0.0000,0.0000,0.2435,0.5961,-0.7651,-0.2293,-0.7310,-0.6426,-0.9424,0.3320,-0.0413),
      ["LeftLowerArm"] = CFrame.new(0.0000,-0.0000,0.0000,1.0000,0.0000,-0.0000,-0.0000,0.3887,-0.9214,-0.0000,0.9214,0.3887),
      ["LeftHand"] = CFrame.new(0.0000,0.0000,0.0000,1.0000,0.0000,-0.0000,-0.0000,0.8817,-0.4717,0.0000,0.4717,0.8817),
      ["Head"] = CFrame.new(0.0000,2.0000,0.0000,-1.0000,-0.0000,-0.0000,0.0000,-1.0000,0.0000,-0.0000,0.0000,1.0000),
      ["RightUpperArm"] = CFrame.new(0.0001,0.0000,-0.0000,0.2149,-0.5954,0.7741,0.1585,-0.7609,-0.6292,0.9637,0.2579,-0.0691),
      ["RightLowerArm"] = CFrame.new(0.0000,-0.0000,-0.0000,1.0000,-0.0000,0.0000,0.0000,0.4491,-0.8935,-0.0000,0.8935,0.4491),
      ["RightHand"] = CFrame.new(0.0000,0.0000,-0.0000,1.0000,-0.0000,0.0000,0.0000,0.8374,-0.5465,0.0000,0.5465,0.8374),
      ["LeftUpperLeg"] = CFrame.new(0.0000,-0.0000,-0.0000,0.8570,0.3293,0.3965,0.0292,0.7371,-0.6752,-0.5145,0.5902,0.6220),
      ["LeftLowerLeg"] = CFrame.new(0.0000,-0.0000,-0.0000,1.0000,-0.0000,0.0000,-0.0000,-0.0038,1.0000,-0.0000,-1.0000,-0.0038),
      ["LeftFoot"] = CFrame.new(0.0000,0.0000,-0.0000,1.0000,-0.0000,0.0000,0.0000,0.9931,-0.1175,-0.0000,0.1175,0.9931),
      ["RightUpperLeg"] = CFrame.new(-0.0000,0.0000,-0.0000,0.8673,-0.4040,-0.2909,0.0997,0.7136,-0.6935,0.4877,0.5724,0.6591),
      ["RightLowerLeg"] = CFrame.new(-0.0001,0.0000,0.0000,1.0000,0.0000,-0.0000,0.0000,-0.0390,0.9992,0.0000,-0.9992,-0.0390),
      ["RightFoot"] = CFrame.new(-0.0000,0.0000,0.0000,1.0000,0.0000,-0.0000,-0.0000,0.9988,-0.0481,0.0000,0.0481,0.9988),
    }},
    {Time = 3.567, Data = {
      ["HumanoidRootPart"] = CFrame.new(0.0000,0.0000,0.0000,1.0000,0.0000,0.0000,0.0000,1.0000,0.0000,0.0000,0.0000,1.0000),
      ["LowerTorso"] = CFrame.new(0.0000,2.1205,0.0000,-0.9968,0.0799,-0.0000,-0.0799,-0.9968,-0.0000,-0.0000,-0.0000,1.0000),
      ["UpperTorso"] = CFrame.new(0.0000,0.0000,0.0000,0.9785,-0.2064,0.0000,0.2064,0.9785,-0.0000,0.0000,0.0000,1.0000),
      ["LeftUpperArm"] = CFrame.new(0.0000,0.0000,0.0000,0.2434,0.5936,-0.7671,-0.2294,-0.7332,-0.6401,-0.9424,0.3318,-0.0423),
      ["LeftLowerArm"] = CFrame.new(0.0000,-0.0000,0.0000,1.0000,0.0000,-0.0000,-0.0000,0.3939,-0.9192,-0.0000,0.9192,0.3939),
      ["LeftHand"] = CFrame.new(0.0000,0.0000,0.0000,1.0000,0.0000,-0.0000,-0.0000,0.8791,-0.4767,0.0000,0.4767,0.8791),
      ["Head"] = CFrame.new(0.0000,2.0000,0.0000,-1.0000,-0.0000,-0.0000,0.0000,-1.0000,0.0000,-0.0000,0.0000,1.0000),
      ["RightUpperArm"] = CFrame.new(0.0001,0.0000,-0.0000,0.2148,-0.5935,0.7757,0.1585,-0.7625,-0.6273,0.9637,0.2577,-0.0697),
      ["RightLowerArm"] = CFrame.new(0.0000,-0.0000,-0.0000,1.0000,-0.0000,0.0000,0.0000,0.4541,-0.8910,-0.0000,0.8910,0.4541),
      ["RightHand"] = CFrame.new(0.0000,0.0000,-0.0000,1.0000,-0.0000,0.0000,0.0000,0.8336,-0.5524,0.0000,0.5524,0.8336),
      ["LeftUpperLeg"] = CFrame.new(0.0000,-0.0000,-0.0000,0.8570,0.3299,0.3960,0.0292,0.7360,-0.6763,-0.5146,0.5912,0.6211),
      ["LeftLowerLeg"] = CFrame.new(0.0000,-0.0000,-0.0000,1.0000,-0.0000,0.0000,-0.0000,-0.0121,0.9999,-0.0000,-0.9999,-0.0121),
      ["LeftFoot"] = CFrame.new(0.0000,0.0000,-0.0000,1.0000,-0.0000,0.0000,0.0000,0.9931,-0.1175,-0.0000,0.1175,0.9931),
      ["RightUpperLeg"] = CFrame.new(-0.0000,0.0000,-0.0000,0.8673,-0.4045,-0.2902,0.0997,0.7123,-0.6948,0.4877,0.5736,0.6581),
      ["RightLowerLeg"] = CFrame.new(-0.0001,0.0000,0.0000,1.0000,0.0000,-0.0000,0.0000,-0.0458,0.9990,0.0000,-0.9990,-0.0458),
      ["RightFoot"] = CFrame.new(-0.0000,0.0000,0.0000,1.0000,0.0000,-0.0000,-0.0000,0.9988,-0.0481,0.0000,0.0481,0.9988),
    }},
    {Time = 3.600, Data = {
      ["HumanoidRootPart"] = CFrame.new(0.0000,0.0000,0.0000,1.0000,0.0000,0.0000,0.0000,1.0000,0.0000,0.0000,0.0000,1.0000),
      ["LowerTorso"] = CFrame.new(0.0000,2.1040,0.0000,-0.9967,0.0809,-0.0000,-0.0809,-0.9967,-0.0000,-0.0000,-0.0000,1.0000),
      ["UpperTorso"] = CFrame.new(0.0000,0.0000,0.0000,0.9779,-0.2090,0.0000,0.2090,0.9779,-0.0000,0.0000,0.0000,1.0000),
      ["LeftUpperArm"] = CFrame.new(0.0000,0.0000,0.0000,0.2432,0.5912,-0.7690,-0.2295,-0.7352,-0.6378,-0.9425,0.3315,-0.0432),
      ["LeftLowerArm"] = CFrame.new(0.0000,-0.0000,0.0000,1.0000,0.0000,-0.0000,-0.0000,0.3988,-0.9171,-0.0000,0.9171,0.3988),
      ["LeftHand"] = CFrame.new(0.0000,0.0000,0.0000,1.0000,0.0000,-0.0000,-0.0000,0.8765,-0.4814,0.0000,0.4814,0.8765),
      ["Head"] = CFrame.new(0.0000,2.0000,0.0000,-1.0000,-0.0000,-0.0000,0.0000,-1.0000,0.0000,-0.0000,0.0000,1.0000),
      ["RightUpperArm"] = CFrame.new(0.0001,0.0000,-0.0000,0.2147,-0.5916,0.7771,0.1586,-0.7640,-0.6254,0.9637,0.2575,-0.0702),
      ["RightLowerArm"] = CFrame.new(0.0000,-0.0000,-0.0000,1.0000,-0.0000,0.0000,0.0000,0.4588,-0.8886,-0.0000,0.8886,0.4588),
      ["RightHand"] = CFrame.new(-0.0000,0.0000,-0.0000,1.0000,-0.0000,0.0000,0.0000,0.8299,-0.5579,0.0000,0.5579,0.8299),
      ["LeftUpperLeg"] = CFrame.new(0.0000,-0.0000,-0.0000,0.8569,0.3305,0.3955,0.0292,0.7350,-0.6774,-0.5146,0.5921,0.6202),
      ["LeftLowerLeg"] = CFrame.new(0.0000,-0.0000,-0.0000,1.0000,-0.0000,0.0000,-0.0000,-0.0200,0.9998,-0.0000,-0.9998,-0.0200),
      ["LeftFoot"] = CFrame.new(0.0000,0.0000,-0.0000,1.0000,-0.0000,0.0000,0.0000,0.9931,-0.1175,-0.0000,0.1175,0.9931),
      ["RightUpperLeg"] = CFrame.new(-0.0000,0.0000,-0.0000,0.8673,-0.4050,-0.2895,0.0997,0.7111,-0.6960,0.4878,0.5747,0.6571),
      ["RightLowerLeg"] = CFrame.new(-0.0001,0.0000,0.0000,1.0000,0.0000,-0.0000,0.0000,-0.0522,0.9986,0.0000,-0.9986,-0.0522),
      ["RightFoot"] = CFrame.new(-0.0000,0.0000,0.0000,1.0000,0.0000,-0.0000,-0.0000,0.9988,-0.0481,0.0000,0.0481,0.9988),
    }},
    {Time = 3.633, Data = {
      ["HumanoidRootPart"] = CFrame.new(0.0000,0.0000,0.0000,1.0000,0.0000,0.0000,0.0000,1.0000,0.0000,0.0000,0.0000,1.0000),
      ["LowerTorso"] = CFrame.new(0.0000,2.0885,0.0000,-0.9966,0.0818,-0.0000,-0.0818,-0.9966,-0.0000,-0.0000,-0.0000,1.0000),
      ["UpperTorso"] = CFrame.new(0.0000,0.0000,0.0000,0.9774,-0.2114,0.0000,0.2114,0.9774,-0.0000,0.0000,0.0000,1.0000),
      ["LeftUpperArm"] = CFrame.new(0.0000,0.0000,0.0000,0.2430,0.5889,-0.7708,-0.2295,-0.7372,-0.6356,-0.9425,0.3314,-0.0440),
      ["LeftLowerArm"] = CFrame.new(0.0000,-0.0000,0.0000,1.0000,0.0000,-0.0000,-0.0000,0.4033,-0.9151,-0.0000,0.9151,0.4033),
      ["LeftHand"] = CFrame.new(0.0000,0.0000,0.0000,1.0000,0.0000,-0.0000,-0.0000,0.8741,-0.4858,0.0000,0.4858,0.8741),
      ["Head"] = CFrame.new(0.0000,2.0000,0.0000,-1.0000,-0.0000,-0.0000,0.0000,-1.0000,0.0000,-0.0000,0.0000,1.0000),
      ["RightUpperArm"] = CFrame.new(0.0001,0.0000,-0.0000,0.2146,-0.5898,0.7785,0.1586,-0.7654,-0.6237,0.9638,0.2573,-0.0707),
      ["RightLowerArm"] = CFrame.new(0.0000,-0.0000,-0.0000,1.0000,-0.0000,0.0000,0.0000,0.4632,-0.8863,-0.0000,0.8863,0.4632),
      ["RightHand"] = CFrame.new(-0.0000,0.0000,-0.0000,1.0000,-0.0000,0.0000,0.0000,0.8264,-0.5631,0.0000,0.5631,0.8264),
      ["LeftUpperLeg"] = CFrame.new(0.0000,-0.0000,-0.0000,0.8569,0.3311,0.3951,0.0292,0.7341,-0.6785,-0.5146,0.5929,0.6194),
      ["LeftLowerLeg"] = CFrame.new(0.0000,-0.0000,-0.0000,1.0000,-0.0000,0.0000,-0.0000,-0.0274,0.9996,-0.0000,-0.9996,-0.0274),
      ["LeftFoot"] = CFrame.new(0.0000,0.0000,-0.0000,1.0000,-0.0000,0.0000,0.0000,0.9931,-0.1175,-0.0000,0.1175,0.9931),
      ["RightUpperLeg"] = CFrame.new(-0.0000,0.0000,-0.0000,0.8672,-0.4055,-0.2889,0.0997,0.7100,-0.6971,0.4878,0.5758,0.6561),
      ["RightLowerLeg"] = CFrame.new(-0.0001,0.0000,0.0000,1.0000,0.0000,-0.0000,0.0000,-0.0582,0.9983,0.0000,-0.9983,-0.0582),
      ["RightFoot"] = CFrame.new(-0.0000,0.0000,0.0000,1.0000,0.0000,-0.0000,-0.0000,0.9988,-0.0481,0.0000,0.0481,0.9988),
    }},
    {Time = 3.667, Data = {
      ["HumanoidRootPart"] = CFrame.new(0.0000,0.0000,0.0000,1.0000,0.0000,0.0000,0.0000,1.0000,0.0000,0.0000,0.0000,1.0000),
      ["LowerTorso"] = CFrame.new(0.0000,2.0741,0.0000,-0.9966,0.0827,-0.0000,-0.0827,-0.9966,-0.0000,-0.0000,-0.0000,1.0000),
      ["UpperTorso"] = CFrame.new(0.0000,0.0000,0.0000,0.9769,-0.2137,0.0000,0.2137,0.9769,-0.0000,0.0000,0.0000,1.0000),
      ["LeftUpperArm"] = CFrame.new(0.0000,0.0000,0.0000,0.2428,0.5868,-0.7725,-0.2296,-0.7389,-0.6335,-0.9425,0.3312,-0.0447),
      ["LeftLowerArm"] = CFrame.new(0.0000,-0.0000,0.0000,1.0000,0.0000,-0.0000,-0.0000,0.4076,-0.9132,-0.0000,0.9132,0.4076),
      ["LeftHand"] = CFrame.new(0.0000,0.0000,0.0000,1.0000,0.0000,-0.0000,-0.0000,0.8718,-0.4899,0.0000,0.4899,0.8718),
      ["Head"] = CFrame.new(0.0000,2.0000,0.0000,-1.0000,-0.0000,-0.0000,0.0000,-1.0000,0.0000,-0.0000,0.0000,1.0000),
      ["RightUpperArm"] = CFrame.new(0.0001,0.0000,-0.0000,0.2145,-0.5882,0.7798,0.1586,-0.7668,-0.6220,0.9638,0.2571,-0.0712),
      ["RightLowerArm"] = CFrame.new(0.0000,-0.0000,-0.0000,1.0000,-0.0000,0.0000,0.0000,0.4672,-0.8841,-0.0000,0.8841,0.4672),
      ["RightHand"] = CFrame.new(-0.0000,0.0000,-0.0000,1.0000,-0.0000,0.0000,0.0000,0.8231,-0.5679,0.0000,0.5679,0.8231),
      ["LeftUpperLeg"] = CFrame.new(0.0000,-0.0000,-0.0000,0.8569,0.3316,0.3947,0.0292,0.7332,-0.6794,-0.5146,0.5937,0.6186),
      ["LeftLowerLeg"] = CFrame.new(0.0000,-0.0000,-0.0000,1.0000,-0.0000,0.0000,-0.0000,-0.0343,0.9994,-0.0000,-0.9994,-0.0343),
      ["LeftFoot"] = CFrame.new(0.0000,0.0000,-0.0000,1.0000,-0.0000,0.0000,0.0000,0.9931,-0.1175,-0.0000,0.1175,0.9931),
      ["RightUpperLeg"] = CFrame.new(-0.0000,0.0000,-0.0000,0.8672,-0.4060,-0.2883,0.0997,0.7089,-0.6982,0.4878,0.5768,0.6553),
      ["RightLowerLeg"] = CFrame.new(-0.0001,0.0000,0.0000,1.0000,0.0000,-0.0000,0.0000,-0.0638,0.9980,0.0000,-0.9980,-0.0638),
      ["RightFoot"] = CFrame.new(-0.0000,0.0000,0.0000,1.0000,0.0000,-0.0000,-0.0000,0.9988,-0.0481,0.0000,0.0481,0.9988),
    }},
    {Time = 3.700, Data = {
      ["HumanoidRootPart"] = CFrame.new(0.0000,0.0000,0.0000,1.0000,0.0000,0.0000,0.0000,1.0000,0.0000,0.0000,0.0000,1.0000),
      ["LowerTorso"] = CFrame.new(0.0000,2.0608,0.0000,-0.9965,0.0835,-0.0000,-0.0835,-0.9965,-0.0000,-0.0000,-0.0000,1.0000),
      ["UpperTorso"] = CFrame.new(0.0000,0.0000,0.0000,0.9765,-0.2157,0.0000,0.2157,0.9765,-0.0000,0.0000,0.0000,1.0000),
      ["LeftUpperArm"] = CFrame.new(0.0000,0.0000,0.0000,0.2427,0.5848,-0.7740,-0.2296,-0.7406,-0.6316,-0.9425,0.3310,-0.0454),
      ["LeftLowerArm"] = CFrame.new(0.0000,-0.0000,0.0000,1.0000,0.0000,-0.0000,-0.0000,0.4115,-0.9114,-0.0000,0.9114,0.4115),
      ["LeftHand"] = CFrame.new(0.0000,0.0000,0.0000,1.0000,0.0000,-0.0000,-0.0000,0.8697,-0.4936,0.0000,0.4936,0.8697),
      ["Head"] = CFrame.new(0.0000,2.0000,0.0000,-1.0000,-0.0000,-0.0000,0.0000,-1.0000,0.0000,-0.0000,0.0000,1.0000),
      ["RightUpperArm"] = CFrame.new(0.0001,0.0000,-0.0000,0.2144,-0.5867,0.7809,0.1586,-0.7680,-0.6205,0.9638,0.2569,-0.0716),
      ["RightLowerArm"] = CFrame.new(0.0000,-0.0000,-0.0000,1.0000,-0.0000,0.0000,0.0000,0.4710,-0.8821,-0.0000,0.8821,0.4710),
      ["RightHand"] = CFrame.new(-0.0000,0.0000,-0.0000,1.0000,-0.0000,0.0000,0.0000,0.8200,-0.5724,0.0000,0.5724,0.8200),
      ["LeftUpperLeg"] = CFrame.new(0.0000,-0.0000,-0.0000,0.8569,0.3321,0.3943,0.0292,0.7324,-0.6803,-0.5147,0.5944,0.6179),
      ["LeftLowerLeg"] = CFrame.new(0.0000,-0.0000,-0.0000,1.0000,-0.0000,0.0000,-0.0000,-0.0406,0.9992,-0.0000,-0.9992,-0.0406),
      ["LeftFoot"] = CFrame.new(0.0000,0.0000,-0.0000,1.0000,-0.0000,0.0000,0.0000,0.9931,-0.1175,-0.0000,0.1175,0.9931),
      ["RightUpperLeg"] = CFrame.new(-0.0000,0.0000,-0.0000,0.8672,-0.4064,-0.2878,0.0997,0.7079,-0.6992,0.4879,0.5776,0.6545),
      ["RightLowerLeg"] = CFrame.new(-0.0001,0.0000,0.0000,1.0000,0.0000,-0.0000,0.0000,-0.0690,0.9976,0.0000,-0.9976,-0.0690),
      ["RightFoot"] = CFrame.new(-0.0000,0.0000,0.0000,1.0000,0.0000,-0.0000,-0.0000,0.9988,-0.0481,0.0000,0.0481,0.9988),
    }},
    {Time = 3.733, Data = {
      ["HumanoidRootPart"] = CFrame.new(0.0000,0.0000,0.0000,1.0000,0.0000,0.0000,0.0000,1.0000,0.0000,0.0000,0.0000,1.0000),
      ["LowerTorso"] = CFrame.new(0.0000,2.0486,0.0000,-0.9964,0.0843,-0.0000,-0.0843,-0.9964,-0.0000,-0.0000,-0.0000,1.0000),
      ["UpperTorso"] = CFrame.new(0.0000,0.0000,0.0000,0.9760,-0.2176,0.0000,0.2176,0.9760,-0.0000,0.0000,0.0000,1.0000),
      ["LeftUpperArm"] = CFrame.new(0.0000,0.0000,0.0000,0.2425,0.5830,-0.7754,-0.2296,-0.7420,-0.6298,-0.9426,0.3308,-0.0461),
      ["LeftLowerArm"] = CFrame.new(0.0000,-0.0000,0.0000,1.0000,0.0000,-0.0000,-0.0000,0.4151,-0.9098,-0.0000,0.9098,0.4151),
      ["LeftHand"] = CFrame.new(0.0000,0.0000,0.0000,1.0000,0.0000,-0.0000,-0.0000,0.8677,-0.4970,0.0000,0.4970,0.8677),
      ["Head"] = CFrame.new(0.0000,2.0000,0.0000,-1.0000,-0.0000,-0.0000,0.0000,-1.0000,0.0000,-0.0000,0.0000,1.0000),
      ["RightUpperArm"] = CFrame.new(0.0001,0.0000,-0.0000,0.2143,-0.5853,0.7820,0.1587,-0.7691,-0.6191,0.9638,0.2567,-0.0720),
      ["RightLowerArm"] = CFrame.new(0.0000,-0.0000,-0.0000,1.0000,-0.0000,0.0000,0.0000,0.4744,-0.8803,-0.0000,0.8803,0.4744),
      ["RightHand"] = CFrame.new(-0.0000,0.0000,-0.0000,1.0000,-0.0000,0.0000,0.0000,0.8172,-0.5764,0.0000,0.5764,0.8172),
      ["LeftUpperLeg"] = CFrame.new(0.0000,-0.0000,-0.0000,0.8569,0.3325,0.3939,0.0292,0.7316,-0.6811,-0.5147,0.5951,0.6172),
      ["LeftLowerLeg"] = CFrame.new(0.0000,-0.0000,-0.0000,1.0000,-0.0000,0.0000,-0.0000,-0.0465,0.9989,-0.0000,-0.9989,-0.0465),
      ["LeftFoot"] = CFrame.new(0.0000,0.0000,-0.0000,1.0000,-0.0000,0.0000,0.0000,0.9931,-0.1175,-0.0000,0.1175,0.9931),
      ["RightUpperLeg"] = CFrame.new(-0.0000,0.0000,-0.0000,0.8672,-0.4068,-0.2873,0.0998,0.7070,-0.7001,0.4879,0.5785,0.6537),
      ["RightLowerLeg"] = CFrame.new(-0.0001,0.0000,0.0000,1.0000,0.0000,-0.0000,0.0000,-0.0737,0.9973,0.0000,-0.9973,-0.0737),
      ["RightFoot"] = CFrame.new(-0.0000,0.0000,0.0000,1.0000,0.0000,-0.0000,-0.0000,0.9988,-0.0481,0.0000,0.0481,0.9988),
    }},
    {Time = 3.767, Data = {
      ["HumanoidRootPart"] = CFrame.new(0.0000,0.0000,0.0000,1.0000,0.0000,0.0000,0.0000,1.0000,0.0000,0.0000,0.0000,1.0000),
      ["LowerTorso"] = CFrame.new(0.0000,2.0377,0.0000,-0.9964,0.0849,-0.0000,-0.0849,-0.9964,-0.0000,-0.0000,-0.0000,1.0000),
      ["UpperTorso"] = CFrame.new(0.0000,0.0000,0.0000,0.9757,-0.2193,0.0000,0.2193,0.9757,-0.0000,0.0000,0.0000,1.0000),
      ["LeftUpperArm"] = CFrame.new(0.0000,0.0000,0.0000,0.2424,0.5814,-0.7766,-0.2297,-0.7434,-0.6282,-0.9426,0.3307,-0.0467),
      ["LeftLowerArm"] = CFrame.new(0.0000,-0.0000,0.0000,1.0000,0.0000,-0.0000,-0.0000,0.4183,-0.9083,-0.0000,0.9083,0.4183),
      ["LeftHand"] = CFrame.new(0.0000,0.0000,0.0000,1.0000,0.0000,-0.0000,-0.0000,0.8660,-0.5001,0.0000,0.5001,0.8660),
      ["Head"] = CFrame.new(0.0000,2.0000,0.0000,-1.0000,-0.0000,-0.0000,0.0000,-1.0000,0.0000,-0.0000,0.0000,1.0000),
      ["RightUpperArm"] = CFrame.new(0.0001,0.0000,-0.0000,0.2142,-0.5841,0.7829,0.1587,-0.7701,-0.6179,0.9638,0.2566,-0.0723),
      ["RightLowerArm"] = CFrame.new(0.0000,-0.0000,-0.0000,1.0000,-0.0000,0.0000,0.0000,0.4775,-0.8786,-0.0000,0.8786,0.4775),
      ["RightHand"] = CFrame.new(-0.0000,0.0000,-0.0000,1.0000,-0.0000,0.0000,0.0000,0.8146,-0.5800,0.0000,0.5800,0.8146),
      ["LeftUpperLeg"] = CFrame.new(0.0000,-0.0000,-0.0000,0.8569,0.3329,0.3936,0.0292,0.7310,-0.6818,-0.5147,0.5957,0.6166),
      ["LeftLowerLeg"] = CFrame.new(0.0000,-0.0000,-0.0000,1.0000,-0.0000,0.0000,-0.0000,-0.0517,0.9987,-0.0000,-0.9987,-0.0517),
      ["LeftFoot"] = CFrame.new(0.0000,0.0000,-0.0000,1.0000,-0.0000,0.0000,0.0000,0.9931,-0.1175,-0.0000,0.1175,0.9931),
      ["RightUpperLeg"] = CFrame.new(-0.0000,0.0000,-0.0000,0.8672,-0.4071,-0.2868,0.0998,0.7062,-0.7009,0.4879,0.5792,0.6530),
      ["RightLowerLeg"] = CFrame.new(-0.0001,0.0000,0.0000,1.0000,0.0000,-0.0000,0.0000,-0.0779,0.9970,0.0000,-0.9970,-0.0779),
      ["RightFoot"] = CFrame.new(-0.0000,0.0000,0.0000,1.0000,0.0000,-0.0000,-0.0000,0.9988,-0.0481,0.0000,0.0481,0.9988),
    }},
    {Time = 3.800, Data = {
      ["HumanoidRootPart"] = CFrame.new(0.0000,0.0000,0.0000,1.0000,0.0000,0.0000,0.0000,1.0000,0.0000,0.0000,0.0000,1.0000),
      ["LowerTorso"] = CFrame.new(0.0000,2.0280,0.0000,-0.9963,0.0855,-0.0000,-0.0855,-0.9963,-0.0000,-0.0000,-0.0000,1.0000),
      ["UpperTorso"] = CFrame.new(0.0000,0.0000,0.0000,0.9753,-0.2207,0.0000,0.2207,0.9753,-0.0000,0.0000,0.0000,1.0000),
      ["LeftUpperArm"] = CFrame.new(0.0000,0.0000,0.0000,0.2423,0.5800,-0.7777,-0.2297,-0.7445,-0.6268,-0.9426,0.3305,-0.0471),
      ["LeftLowerArm"] = CFrame.new(0.0000,-0.0000,0.0000,1.0000,0.0000,-0.0000,-0.0000,0.4211,-0.9070,-0.0000,0.9070,0.4211),
      ["LeftHand"] = CFrame.new(0.0000,0.0000,0.0000,1.0000,0.0000,-0.0000,-0.0000,0.8644,-0.5028,0.0000,0.5028,0.8644),
      ["Head"] = CFrame.new(0.0000,2.0000,0.0000,-1.0000,-0.0000,-0.0000,0.0000,-1.0000,0.0000,-0.0000,0.0000,1.0000),
      ["RightUpperArm"] = CFrame.new(0.0001,0.0000,-0.0000,0.2142,-0.5829,0.7838,0.1587,-0.7710,-0.6168,0.9638,0.2565,-0.0726),
      ["RightLowerArm"] = CFrame.new(0.0000,-0.0000,-0.0000,1.0000,-0.0000,0.0000,0.0000,0.4802,-0.8771,-0.0000,0.8771,0.4802),
      ["RightHand"] = CFrame.new(-0.0000,0.0000,-0.0000,1.0000,-0.0000,0.0000,0.0000,0.8124,-0.5831,0.0000,0.5831,0.8124),
      ["LeftUpperLeg"] = CFrame.new(0.0000,-0.0000,-0.0000,0.8569,0.3333,0.3934,0.0292,0.7304,-0.6824,-0.5147,0.5962,0.6161),
      ["LeftLowerLeg"] = CFrame.new(0.0000,-0.0000,-0.0000,1.0000,-0.0000,0.0000,-0.0000,-0.0563,0.9984,-0.0000,-0.9984,-0.0563),
      ["LeftFoot"] = CFrame.new(0.0000,0.0000,-0.0000,1.0000,-0.0000,0.0000,0.0000,0.9931,-0.1175,-0.0000,0.1175,0.9931),
      ["RightUpperLeg"] = CFrame.new(-0.0000,0.0000,-0.0000,0.8672,-0.4074,-0.2864,0.0998,0.7055,-0.7016,0.4879,0.5799,0.6524),
      ["RightLowerLeg"] = CFrame.new(-0.0001,0.0000,0.0000,1.0000,0.0000,-0.0000,0.0000,-0.0817,0.9967,0.0000,-0.9967,-0.0817),
      ["RightFoot"] = CFrame.new(-0.0000,0.0000,0.0000,1.0000,0.0000,-0.0000,-0.0000,0.9988,-0.0481,0.0000,0.0481,0.9988),
    }},
    {Time = 3.833, Data = {
      ["HumanoidRootPart"] = CFrame.new(0.0000,0.0000,0.0000,1.0000,0.0000,0.0000,0.0000,1.0000,0.0000,0.0000,0.0000,1.0000),
      ["LowerTorso"] = CFrame.new(0.0000,2.0197,0.0000,-0.9963,0.0860,-0.0000,-0.0860,-0.9963,-0.0000,-0.0000,-0.0000,1.0000),
      ["UpperTorso"] = CFrame.new(0.0000,0.0000,0.0000,0.9750,-0.2220,0.0000,0.2220,0.9750,-0.0000,0.0000,0.0000,1.0000),
      ["LeftUpperArm"] = CFrame.new(0.0000,0.0000,0.0000,0.2422,0.5788,-0.7787,-0.2298,-0.7456,-0.6256,-0.9426,0.3304,-0.0476),
      ["LeftLowerArm"] = CFrame.new(0.0000,-0.0000,0.0000,1.0000,0.0000,-0.0000,-0.0000,0.4236,-0.9059,-0.0000,0.9059,0.4236),
      ["LeftHand"] = CFrame.new(0.0000,0.0000,0.0000,1.0000,0.0000,-0.0000,-0.0000,0.8630,-0.5051,0.0000,0.5051,0.8630),
      ["Head"] = CFrame.new(0.0000,2.0000,0.0000,-1.0000,-0.0000,-0.0000,0.0000,-1.0000,0.0000,-0.0000,0.0000,1.0000),
      ["RightUpperArm"] = CFrame.new(0.0001,0.0000,-0.0000,0.2141,-0.5820,0.7845,0.1587,-0.7717,-0.6158,0.9638,0.2564,-0.0728),
      ["RightLowerArm"] = CFrame.new(0.0000,-0.0000,-0.0000,1.0000,-0.0000,0.0000,0.0000,0.4825,-0.8759,-0.0000,0.8759,0.4825),
      ["RightHand"] = CFrame.new(-0.0000,0.0000,-0.0000,1.0000,-0.0000,0.0000,0.0000,0.8104,-0.5859,0.0000,0.5859,0.8104),
      ["LeftUpperLeg"] = CFrame.new(0.0000,-0.0000,-0.0000,0.8569,0.3336,0.3931,0.0292,0.7299,-0.6830,-0.5147,0.5967,0.6156),
      ["LeftLowerLeg"] = CFrame.new(0.0000,-0.0000,-0.0000,1.0000,-0.0000,0.0000,-0.0000,-0.0602,0.9982,-0.0000,-0.9982,-0.0602),
      ["LeftFoot"] = CFrame.new(0.0000,0.0000,-0.0000,1.0000,-0.0000,0.0000,0.0000,0.9931,-0.1175,-0.0000,0.1175,0.9931),
      ["RightUpperLeg"] = CFrame.new(-0.0000,0.0000,-0.0000,0.8672,-0.4077,-0.2861,0.0998,0.7049,-0.7022,0.4880,0.5804,0.6519),
      ["RightLowerLeg"] = CFrame.new(-0.0001,0.0000,0.0000,1.0000,0.0000,-0.0000,0.0000,-0.0849,0.9964,0.0000,-0.9964,-0.0849),
      ["RightFoot"] = CFrame.new(-0.0000,0.0000,0.0000,1.0000,0.0000,-0.0000,-0.0000,0.9988,-0.0481,0.0000,0.0481,0.9988),
    }},
    {Time = 3.867, Data = {
      ["HumanoidRootPart"] = CFrame.new(0.0000,0.0000,0.0000,1.0000,0.0000,0.0000,0.0000,1.0000,0.0000,0.0000,0.0000,1.0000),
      ["LowerTorso"] = CFrame.new(0.0000,2.0127,0.0000,-0.9963,0.0864,-0.0000,-0.0864,-0.9963,-0.0000,-0.0000,-0.0000,1.0000),
      ["UpperTorso"] = CFrame.new(0.0000,0.0000,0.0000,0.9748,-0.2231,0.0000,0.2231,0.9748,-0.0000,0.0000,0.0000,1.0000),
      ["LeftUpperArm"] = CFrame.new(0.0000,0.0000,0.0000,0.2421,0.5777,-0.7795,-0.2298,-0.7464,-0.6246,-0.9427,0.3303,-0.0479),
      ["LeftLowerArm"] = CFrame.new(0.0000,-0.0000,0.0000,1.0000,0.0000,-0.0000,-0.0000,0.4256,-0.9049,-0.0000,0.9049,0.4256),
      ["LeftHand"] = CFrame.new(0.0000,0.0000,0.0000,1.0000,0.0000,-0.0000,-0.0000,0.8619,-0.5071,0.0000,0.5071,0.8619),
      ["Head"] = CFrame.new(0.0000,2.0000,0.0000,-1.0000,-0.0000,-0.0000,0.0000,-1.0000,0.0000,-0.0000,0.0000,1.0000),
      ["RightUpperArm"] = CFrame.new(0.0001,0.0000,-0.0000,0.2140,-0.5812,0.7851,0.1587,-0.7723,-0.6150,0.9638,0.2563,-0.0731),
      ["RightLowerArm"] = CFrame.new(0.0000,-0.0000,-0.0000,1.0000,-0.0000,0.0000,0.0000,0.4845,-0.8748,-0.0000,0.8748,0.4845),
      ["RightHand"] = CFrame.new(-0.0000,0.0000,-0.0000,1.0000,-0.0000,0.0000,0.0000,0.8088,-0.5881,0.0000,0.5881,0.8088),
      ["LeftUpperLeg"] = CFrame.new(0.0000,-0.0000,-0.0000,0.8568,0.3338,0.3929,0.0292,0.7294,-0.6834,-0.5147,0.5971,0.6153),
      ["LeftLowerLeg"] = CFrame.new(0.0000,-0.0000,-0.0000,1.0000,-0.0000,0.0000,-0.0000,-0.0636,0.9980,-0.0000,-0.9980,-0.0636),
      ["LeftFoot"] = CFrame.new(0.0000,0.0000,-0.0000,1.0000,-0.0000,0.0000,0.0000,0.9931,-0.1175,-0.0000,0.1175,0.9931),
      ["RightUpperLeg"] = CFrame.new(-0.0000,0.0000,-0.0000,0.8671,-0.4079,-0.2858,0.0998,0.7044,-0.7028,0.4880,0.5809,0.6515),
      ["RightLowerLeg"] = CFrame.new(-0.0001,0.0000,0.0000,1.0000,0.0000,-0.0000,0.0000,-0.0876,0.9962,0.0000,-0.9962,-0.0876),
      ["RightFoot"] = CFrame.new(-0.0000,0.0000,0.0000,1.0000,0.0000,-0.0000,-0.0000,0.9988,-0.0481,0.0000,0.0481,0.9988),
    }},
    {Time = 3.900, Data = {
      ["HumanoidRootPart"] = CFrame.new(0.0000,0.0000,0.0000,1.0000,0.0000,0.0000,0.0000,1.0000,0.0000,0.0000,0.0000,1.0000),
      ["LowerTorso"] = CFrame.new(0.0000,2.0073,0.0000,-0.9962,0.0867,-0.0000,-0.0867,-0.9962,-0.0000,-0.0000,-0.0000,1.0000),
      ["UpperTorso"] = CFrame.new(0.0000,0.0000,0.0000,0.9746,-0.2239,0.0000,0.2239,0.9746,-0.0000,0.0000,0.0000,1.0000),
      ["LeftUpperArm"] = CFrame.new(0.0000,0.0000,0.0000,0.2420,0.5769,-0.7801,-0.2298,-0.7471,-0.6238,-0.9427,0.3302,-0.0482),
      ["LeftLowerArm"] = CFrame.new(0.0000,-0.0000,0.0000,1.0000,0.0000,-0.0000,-0.0000,0.4272,-0.9042,-0.0000,0.9042,0.4272),
      ["LeftHand"] = CFrame.new(0.0000,0.0000,0.0000,1.0000,0.0000,-0.0000,-0.0000,0.8610,-0.5086,0.0000,0.5086,0.8610),
      ["Head"] = CFrame.new(0.0000,2.0000,0.0000,-1.0000,-0.0000,-0.0000,0.0000,-1.0000,0.0000,-0.0000,0.0000,1.0000),
      ["RightUpperArm"] = CFrame.new(0.0001,0.0000,-0.0000,0.2140,-0.5806,0.7856,0.1587,-0.7728,-0.6144,0.9638,0.2562,-0.0732),
      ["RightLowerArm"] = CFrame.new(0.0000,-0.0000,-0.0000,1.0000,-0.0000,0.0000,0.0000,0.4860,-0.8739,-0.0000,0.8739,0.4860),
      ["RightHand"] = CFrame.new(-0.0000,0.0000,-0.0000,1.0000,-0.0000,0.0000,0.0000,0.8075,-0.5899,0.0000,0.5899,0.8075),
      ["LeftUpperLeg"] = CFrame.new(0.0000,-0.0000,-0.0000,0.8568,0.3340,0.3928,0.0292,0.7291,-0.6838,-0.5148,0.5974,0.6150),
      ["LeftLowerLeg"] = CFrame.new(0.0000,-0.0000,-0.0000,1.0000,-0.0000,0.0000,-0.0000,-0.0662,0.9978,-0.0000,-0.9978,-0.0662),
      ["LeftFoot"] = CFrame.new(0.0000,0.0000,-0.0000,1.0000,-0.0000,0.0000,0.0000,0.9931,-0.1175,-0.0000,0.1175,0.9931),
      ["RightUpperLeg"] = CFrame.new(-0.0000,0.0000,-0.0000,0.8671,-0.4081,-0.2856,0.0998,0.7040,-0.7032,0.4880,0.5812,0.6512),
      ["RightLowerLeg"] = CFrame.new(-0.0001,0.0000,0.0000,1.0000,0.0000,-0.0000,0.0000,-0.0897,0.9960,0.0000,-0.9960,-0.0897),
      ["RightFoot"] = CFrame.new(-0.0000,0.0000,0.0000,1.0000,0.0000,-0.0000,-0.0000,0.9988,-0.0481,0.0000,0.0481,0.9988),
    }},
    {Time = 3.933, Data = {
      ["HumanoidRootPart"] = CFrame.new(0.0000,0.0000,0.0000,1.0000,0.0000,0.0000,0.0000,1.0000,0.0000,0.0000,0.0000,1.0000),
      ["LowerTorso"] = CFrame.new(0.0000,2.0033,0.0000,-0.9962,0.0870,-0.0000,-0.0870,-0.9962,-0.0000,-0.0000,-0.0000,1.0000),
      ["UpperTorso"] = CFrame.new(0.0000,0.0000,0.0000,0.9745,-0.2245,0.0000,0.2245,0.9745,-0.0000,0.0000,0.0000,1.0000),
      ["LeftUpperArm"] = CFrame.new(0.0000,0.0000,0.0000,0.2420,0.5763,-0.7806,-0.2298,-0.7475,-0.6232,-0.9427,0.3302,-0.0484),
      ["LeftLowerArm"] = CFrame.new(0.0000,-0.0000,0.0000,1.0000,0.0000,-0.0000,-0.0000,0.4284,-0.9036,-0.0000,0.9036,0.4284),
      ["LeftHand"] = CFrame.new(0.0000,0.0000,0.0000,1.0000,0.0000,-0.0000,-0.0000,0.8603,-0.5097,0.0000,0.5097,0.8603),
      ["Head"] = CFrame.new(0.0000,2.0000,0.0000,-1.0000,-0.0000,-0.0000,0.0000,-1.0000,-0.0000,-0.0000,-0.0000,1.0000),
      ["RightUpperArm"] = CFrame.new(0.0001,0.0000,-0.0000,0.2140,-0.5801,0.7859,0.1588,-0.7732,-0.6140,0.9639,0.2561,-0.0733),
      ["RightLowerArm"] = CFrame.new(0.0000,-0.0000,-0.0000,1.0000,-0.0000,0.0000,0.0000,0.4871,-0.8733,-0.0000,0.8733,0.4871),
      ["RightHand"] = CFrame.new(-0.0000,0.0000,-0.0000,1.0000,-0.0000,0.0000,0.0000,0.8065,-0.5912,0.0000,0.5912,0.8065),
      ["LeftUpperLeg"] = CFrame.new(0.0000,-0.0000,-0.0000,0.8568,0.3342,0.3926,0.0292,0.7289,-0.6840,-0.5148,0.5976,0.6147),
      ["LeftLowerLeg"] = CFrame.new(0.0000,-0.0000,-0.0000,1.0000,-0.0000,0.0000,-0.0000,-0.0681,0.9977,-0.0000,-0.9977,-0.0681),
      ["LeftFoot"] = CFrame.new(0.0000,0.0000,-0.0000,1.0000,-0.0000,0.0000,0.0000,0.9931,-0.1175,-0.0000,0.1175,0.9931),
      ["RightUpperLeg"] = CFrame.new(-0.0000,0.0000,-0.0000,0.8671,-0.4082,-0.2854,0.0998,0.7037,-0.7035,0.4880,0.5815,0.6509),
      ["RightLowerLeg"] = CFrame.new(-0.0001,0.0000,0.0000,1.0000,0.0000,-0.0000,0.0000,-0.0913,0.9958,0.0000,-0.9958,-0.0913),
      ["RightFoot"] = CFrame.new(-0.0000,0.0000,0.0000,1.0000,0.0000,-0.0000,-0.0000,0.9988,-0.0481,0.0000,0.0481,0.9988),
    }},
    {Time = 3.967, Data = {
      ["HumanoidRootPart"] = CFrame.new(0.0000,0.0000,0.0000,1.0000,0.0000,0.0000,0.0000,1.0000,0.0000,0.0000,0.0000,1.0000),
      ["LowerTorso"] = CFrame.new(0.0000,2.0008,0.0000,-0.9962,0.0871,-0.0000,-0.0871,-0.9962,-0.0000,-0.0000,-0.0000,1.0000),
      ["UpperTorso"] = CFrame.new(0.0000,0.0000,0.0000,0.9744,-0.2248,0.0000,0.2248,0.9744,-0.0000,0.0000,0.0000,1.0000),
      ["LeftUpperArm"] = CFrame.new(0.0000,0.0000,0.0000,0.2419,0.5760,-0.7808,-0.2298,-0.7478,-0.6228,-0.9427,0.3301,-0.0485),
      ["LeftLowerArm"] = CFrame.new(0.0000,-0.0000,0.0000,1.0000,0.0000,-0.0000,-0.0000,0.4291,-0.9033,-0.0000,0.9033,0.4291),
      ["LeftHand"] = CFrame.new(0.0000,0.0000,0.0000,1.0000,0.0000,-0.0000,-0.0000,0.8599,-0.5104,0.0000,0.5104,0.8599),
      ["Head"] = CFrame.new(0.0000,2.0000,0.0000,-1.0000,-0.0000,-0.0000,0.0000,-1.0000,-0.0000,-0.0000,-0.0000,1.0000),
      ["RightUpperArm"] = CFrame.new(0.0001,0.0000,-0.0000,0.2140,-0.5798,0.7861,0.1588,-0.7734,-0.6137,0.9639,0.2561,-0.0734),
      ["RightLowerArm"] = CFrame.new(0.0000,-0.0000,-0.0000,1.0000,-0.0000,0.0000,0.0000,0.4878,-0.8729,-0.0000,0.8729,0.4878),
      ["RightHand"] = CFrame.new(-0.0000,0.0000,-0.0000,1.0000,-0.0000,0.0000,0.0000,0.8059,-0.5920,0.0000,0.5920,0.8059),
      ["LeftUpperLeg"] = CFrame.new(0.0000,-0.0000,-0.0000,0.8568,0.3342,0.3926,0.0292,0.7287,-0.6842,-0.5148,0.5977,0.6146),
      ["LeftLowerLeg"] = CFrame.new(0.0000,-0.0000,-0.0000,1.0000,-0.0000,0.0000,-0.0000,-0.0692,0.9976,-0.0000,-0.9976,-0.0692),
      ["LeftFoot"] = CFrame.new(0.0000,0.0000,-0.0000,1.0000,-0.0000,0.0000,0.0000,0.9931,-0.1175,-0.0000,0.1175,0.9931),
      ["RightUpperLeg"] = CFrame.new(-0.0000,0.0000,-0.0000,0.8671,-0.4083,-0.2853,0.0998,0.7035,-0.7036,0.4880,0.5817,0.6508),
      ["RightLowerLeg"] = CFrame.new(-0.0001,0.0000,0.0000,1.0000,0.0000,-0.0000,0.0000,-0.0922,0.9957,0.0000,-0.9957,-0.0922),
      ["RightFoot"] = CFrame.new(-0.0000,0.0000,0.0000,1.0000,0.0000,-0.0000,-0.0000,0.9988,-0.0481,0.0000,0.0481,0.9988),
    }},
    {Time = 4.000, Data = {
      ["HumanoidRootPart"] = CFrame.new(0.0000,0.0000,0.0000,1.0000,0.0000,0.0000,0.0000,1.0000,0.0000,0.0000,0.0000,1.0000),
      ["LowerTorso"] = CFrame.new(0.0000,2.0000,0.0000,-0.9962,0.0872,-0.0000,-0.0872,-0.9962,-0.0000,-0.0000,-0.0000,1.0000),
      ["UpperTorso"] = CFrame.new(0.0000,0.0000,0.0000,0.9744,-0.2250,0.0000,0.2250,0.9744,-0.0000,0.0000,0.0000,1.0000),
      ["LeftUpperArm"] = CFrame.new(0.0000,0.0000,0.0000,0.2419,0.5759,-0.7809,-0.2298,-0.7479,-0.6227,-0.9427,0.3301,-0.0486),
      ["LeftLowerArm"] = CFrame.new(0.0000,0.0000,0.0000,1.0000,0.0000,-0.0000,-0.0000,0.4293,-0.9032,-0.0000,0.9032,0.4293),
      ["LeftHand"] = CFrame.new(0.0000,0.0000,0.0000,1.0000,0.0000,-0.0000,-0.0000,0.8598,-0.5106,0.0000,0.5106,0.8598),
      ["Head"] = CFrame.new(0.0000,2.0000,0.0000,-1.0000,-0.0000,-0.0000,0.0000,-1.0000,-0.0000,-0.0000,-0.0000,1.0000),
      ["RightUpperArm"] = CFrame.new(0.0001,0.0000,-0.0000,0.2139,-0.5798,0.7862,0.1588,-0.7735,-0.6136,0.9639,0.2561,-0.0734),
      ["RightLowerArm"] = CFrame.new(0.0000,-0.0000,0.0000,1.0000,-0.0000,0.0000,0.0000,0.4880,-0.8728,-0.0000,0.8728,0.4880),
      ["RightHand"] = CFrame.new(-0.0000,0.0000,-0.0000,1.0000,-0.0000,0.0000,0.0000,0.8057,-0.5923,0.0000,0.5923,0.8057),
      ["LeftUpperLeg"] = CFrame.new(0.0000,-0.0000,-0.0000,0.8568,0.3343,0.3926,0.0292,0.7287,-0.6843,-0.5148,0.5978,0.6146),
      ["LeftLowerLeg"] = CFrame.new(0.0000,-0.0000,-0.0000,1.0000,-0.0000,0.0000,-0.0000,-0.0696,0.9976,-0.0000,-0.9976,-0.0696),
      ["LeftFoot"] = CFrame.new(0.0000,0.0000,-0.0000,1.0000,-0.0000,0.0000,0.0000,0.9931,-0.1175,-0.0000,0.1175,0.9931),
      ["RightUpperLeg"] = CFrame.new(-0.0000,0.0000,-0.0000,0.8671,-0.4083,-0.2853,0.0998,0.7035,-0.7037,0.4880,0.5817,0.6507),
      ["RightLowerLeg"] = CFrame.new(-0.0001,0.0000,0.0000,1.0000,0.0000,-0.0000,0.0000,-0.0925,0.9957,0.0000,-0.9957,-0.0925),
      ["RightFoot"] = CFrame.new(-0.0000,0.0000,0.0000,1.0000,0.0000,-0.0000,-0.0000,0.9988,-0.0481,0.0000,0.0481,0.9988),
    }},
    {Time = 4.033, Data = {
      ["HumanoidRootPart"] = CFrame.new(0.0000,0.0000,0.0000,1.0000,0.0000,0.0000,0.0000,1.0000,0.0000,0.0000,0.0000,1.0000),
      ["LowerTorso"] = CFrame.new(0.0000,2.0008,0.0000,-0.9962,0.0871,-0.0000,-0.0871,-0.9962,-0.0000,-0.0000,-0.0000,1.0000),
      ["UpperTorso"] = CFrame.new(0.0000,0.0000,0.0000,0.9744,-0.2248,0.0000,0.2248,0.9744,-0.0000,0.0000,0.0000,1.0000),
      ["LeftUpperArm"] = CFrame.new(0.0000,0.0000,0.0000,0.2419,0.5760,-0.7808,-0.2298,-0.7478,-0.6228,-0.9427,0.3301,-0.0485),
      ["LeftLowerArm"] = CFrame.new(0.0000,-0.0000,0.0000,1.0000,0.0000,-0.0000,-0.0000,0.4291,-0.9033,-0.0000,0.9033,0.4291),
      ["LeftHand"] = CFrame.new(0.0000,0.0000,0.0000,1.0000,0.0000,-0.0000,-0.0000,0.8599,-0.5104,0.0000,0.5104,0.8599),
      ["Head"] = CFrame.new(0.0000,2.0000,0.0000,-1.0000,-0.0000,-0.0000,0.0000,-1.0000,-0.0000,-0.0000,-0.0000,1.0000),
      ["RightUpperArm"] = CFrame.new(0.0001,0.0000,-0.0000,0.2140,-0.5798,0.7861,0.1588,-0.7734,-0.6137,0.9639,0.2561,-0.0734),
      ["RightLowerArm"] = CFrame.new(0.0000,-0.0000,-0.0000,1.0000,-0.0000,0.0000,0.0000,0.4878,-0.8729,-0.0000,0.8729,0.4878),
      ["RightHand"] = CFrame.new(-0.0000,0.0000,-0.0000,1.0000,-0.0000,0.0000,0.0000,0.8059,-0.5920,0.0000,0.5920,0.8059),
      ["LeftUpperLeg"] = CFrame.new(0.0000,-0.0000,-0.0000,0.8568,0.3342,0.3926,0.0292,0.7287,-0.6842,-0.5148,0.5977,0.6146),
      ["LeftLowerLeg"] = CFrame.new(0.0000,-0.0000,-0.0000,1.0000,-0.0000,0.0000,-0.0000,-0.0692,0.9976,-0.0000,-0.9976,-0.0692),
      ["LeftFoot"] = CFrame.new(0.0000,0.0000,-0.0000,1.0000,-0.0000,0.0000,0.0000,0.9931,-0.1175,-0.0000,0.1175,0.9931),
      ["RightUpperLeg"] = CFrame.new(-0.0000,0.0000,-0.0000,0.8671,-0.4083,-0.2853,0.0998,0.7035,-0.7036,0.4880,0.5817,0.6508),
      ["RightLowerLeg"] = CFrame.new(-0.0001,0.0000,0.0000,1.0000,0.0000,-0.0000,0.0000,-0.0922,0.9957,0.0000,-0.9957,-0.0922),
      ["RightFoot"] = CFrame.new(-0.0000,0.0000,0.0000,1.0000,0.0000,-0.0000,-0.0000,0.9988,-0.0481,0.0000,0.0481,0.9988),
    }},
    {Time = 4.067, Data = {
      ["HumanoidRootPart"] = CFrame.new(0.0000,0.0000,0.0000,1.0000,0.0000,0.0000,0.0000,1.0000,0.0000,0.0000,0.0000,1.0000),
      ["LowerTorso"] = CFrame.new(0.0000,2.0033,0.0000,-0.9962,0.0870,-0.0000,-0.0870,-0.9962,-0.0000,-0.0000,-0.0000,1.0000),
      ["UpperTorso"] = CFrame.new(0.0000,0.0000,0.0000,0.9745,-0.2245,0.0000,0.2245,0.9745,-0.0000,0.0000,0.0000,1.0000),
      ["LeftUpperArm"] = CFrame.new(0.0000,0.0000,0.0000,0.2420,0.5763,-0.7806,-0.2298,-0.7475,-0.6232,-0.9427,0.3302,-0.0484),
      ["LeftLowerArm"] = CFrame.new(0.0000,-0.0000,0.0000,1.0000,0.0000,-0.0000,-0.0000,0.4284,-0.9036,-0.0000,0.9036,0.4284),
      ["LeftHand"] = CFrame.new(0.0000,0.0000,0.0000,1.0000,0.0000,-0.0000,-0.0000,0.8603,-0.5097,0.0000,0.5097,0.8603),
      ["Head"] = CFrame.new(0.0000,2.0000,0.0000,-1.0000,-0.0000,-0.0000,0.0000,-1.0000,-0.0000,-0.0000,-0.0000,1.0000),
      ["RightUpperArm"] = CFrame.new(0.0001,0.0000,-0.0000,0.2140,-0.5801,0.7859,0.1588,-0.7732,-0.6140,0.9639,0.2561,-0.0733),
      ["RightLowerArm"] = CFrame.new(0.0000,-0.0000,-0.0000,1.0000,-0.0000,0.0000,0.0000,0.4871,-0.8733,-0.0000,0.8733,0.4871),
      ["RightHand"] = CFrame.new(-0.0000,0.0000,-0.0000,1.0000,-0.0000,0.0000,0.0000,0.8065,-0.5912,0.0000,0.5912,0.8065),
      ["LeftUpperLeg"] = CFrame.new(0.0000,-0.0000,-0.0000,0.8568,0.3342,0.3926,0.0292,0.7289,-0.6840,-0.5148,0.5976,0.6147),
      ["LeftLowerLeg"] = CFrame.new(0.0000,-0.0000,-0.0000,1.0000,-0.0000,0.0000,-0.0000,-0.0681,0.9977,-0.0000,-0.9977,-0.0681),
      ["LeftFoot"] = CFrame.new(0.0000,0.0000,-0.0000,1.0000,-0.0000,0.0000,0.0000,0.9931,-0.1175,-0.0000,0.1175,0.9931),
      ["RightUpperLeg"] = CFrame.new(-0.0000,0.0000,-0.0000,0.8671,-0.4082,-0.2854,0.0998,0.7037,-0.7035,0.4880,0.5815,0.6509),
      ["RightLowerLeg"] = CFrame.new(-0.0001,0.0000,0.0000,1.0000,0.0000,-0.0000,0.0000,-0.0913,0.9958,0.0000,-0.9958,-0.0913),
      ["RightFoot"] = CFrame.new(-0.0000,0.0000,0.0000,1.0000,0.0000,-0.0000,-0.0000,0.9988,-0.0481,0.0000,0.0481,0.9988),
    }},
    {Time = 4.100, Data = {
      ["HumanoidRootPart"] = CFrame.new(0.0000,0.0000,0.0000,1.0000,0.0000,0.0000,0.0000,1.0000,0.0000,0.0000,0.0000,1.0000),
      ["LowerTorso"] = CFrame.new(0.0000,2.0072,0.0000,-0.9962,0.0867,-0.0000,-0.0867,-0.9962,-0.0000,-0.0000,-0.0000,1.0000),
      ["UpperTorso"] = CFrame.new(0.0000,0.0000,0.0000,0.9746,-0.2239,0.0000,0.2239,0.9746,-0.0000,0.0000,0.0000,1.0000),
      ["LeftUpperArm"] = CFrame.new(0.0000,0.0000,0.0000,0.2420,0.5769,-0.7801,-0.2298,-0.7471,-0.6238,-0.9427,0.3302,-0.0482),
      ["LeftLowerArm"] = CFrame.new(0.0000,-0.0000,0.0000,1.0000,0.0000,-0.0000,-0.0000,0.4272,-0.9042,-0.0000,0.9042,0.4272),
      ["LeftHand"] = CFrame.new(0.0000,0.0000,0.0000,1.0000,0.0000,-0.0000,-0.0000,0.8610,-0.5086,0.0000,0.5086,0.8610),
      ["Head"] = CFrame.new(0.0000,2.0000,0.0000,-1.0000,-0.0000,-0.0000,0.0000,-1.0000,0.0000,-0.0000,0.0000,1.0000),
      ["RightUpperArm"] = CFrame.new(0.0001,0.0000,-0.0000,0.2140,-0.5806,0.7856,0.1587,-0.7728,-0.6144,0.9638,0.2562,-0.0732),
      ["RightLowerArm"] = CFrame.new(0.0000,-0.0000,-0.0000,1.0000,-0.0000,0.0000,0.0000,0.4860,-0.8739,-0.0000,0.8739,0.4860),
      ["RightHand"] = CFrame.new(-0.0000,0.0000,-0.0000,1.0000,-0.0000,0.0000,0.0000,0.8075,-0.5899,0.0000,0.5899,0.8075),
      ["LeftUpperLeg"] = CFrame.new(0.0000,-0.0000,-0.0000,0.8568,0.3340,0.3928,0.0292,0.7291,-0.6838,-0.5148,0.5974,0.6150),
      ["LeftLowerLeg"] = CFrame.new(0.0000,-0.0000,-0.0000,1.0000,-0.0000,0.0000,-0.0000,-0.0662,0.9978,-0.0000,-0.9978,-0.0662),
      ["LeftFoot"] = CFrame.new(0.0000,0.0000,-0.0000,1.0000,-0.0000,0.0000,0.0000,0.9931,-0.1175,-0.0000,0.1175,0.9931),
      ["RightUpperLeg"] = CFrame.new(-0.0000,0.0000,-0.0000,0.8671,-0.4081,-0.2856,0.0998,0.7040,-0.7032,0.4880,0.5812,0.6512),
      ["RightLowerLeg"] = CFrame.new(-0.0001,0.0000,0.0000,1.0000,0.0000,-0.0000,0.0000,-0.0897,0.9960,0.0000,-0.9960,-0.0897),
      ["RightFoot"] = CFrame.new(-0.0000,0.0000,0.0000,1.0000,0.0000,-0.0000,-0.0000,0.9988,-0.0481,0.0000,0.0481,0.9988),
    }},
    {Time = 4.133, Data = {
      ["HumanoidRootPart"] = CFrame.new(0.0000,0.0000,0.0000,1.0000,0.0000,0.0000,0.0000,1.0000,0.0000,0.0000,0.0000,1.0000),
      ["LowerTorso"] = CFrame.new(0.0000,2.0127,0.0000,-0.9963,0.0864,-0.0000,-0.0864,-0.9963,-0.0000,-0.0000,-0.0000,1.0000),
      ["UpperTorso"] = CFrame.new(0.0000,0.0000,0.0000,0.9748,-0.2231,0.0000,0.2231,0.9748,-0.0000,0.0000,0.0000,1.0000),
      ["LeftUpperArm"] = CFrame.new(0.0000,0.0000,0.0000,0.2421,0.5777,-0.7795,-0.2298,-0.7464,-0.6246,-0.9427,0.3303,-0.0479),
      ["LeftLowerArm"] = CFrame.new(0.0000,-0.0000,0.0000,1.0000,0.0000,-0.0000,-0.0000,0.4256,-0.9049,-0.0000,0.9049,0.4256),
      ["LeftHand"] = CFrame.new(0.0000,0.0000,0.0000,1.0000,0.0000,-0.0000,-0.0000,0.8619,-0.5071,0.0000,0.5071,0.8619),
      ["Head"] = CFrame.new(0.0000,2.0000,0.0000,-1.0000,-0.0000,-0.0000,0.0000,-1.0000,0.0000,-0.0000,0.0000,1.0000),
      ["RightUpperArm"] = CFrame.new(0.0001,0.0000,-0.0000,0.2140,-0.5812,0.7851,0.1587,-0.7723,-0.6150,0.9638,0.2563,-0.0731),
      ["RightLowerArm"] = CFrame.new(0.0000,-0.0000,-0.0000,1.0000,-0.0000,0.0000,0.0000,0.4845,-0.8748,-0.0000,0.8748,0.4845),
      ["RightHand"] = CFrame.new(-0.0000,0.0000,-0.0000,1.0000,-0.0000,0.0000,0.0000,0.8088,-0.5881,0.0000,0.5881,0.8088),
      ["LeftUpperLeg"] = CFrame.new(0.0000,-0.0000,-0.0000,0.8568,0.3338,0.3929,0.0292,0.7294,-0.6834,-0.5147,0.5971,0.6153),
      ["LeftLowerLeg"] = CFrame.new(0.0000,-0.0000,-0.0000,1.0000,-0.0000,0.0000,-0.0000,-0.0636,0.9980,-0.0000,-0.9980,-0.0636),
      ["LeftFoot"] = CFrame.new(0.0000,0.0000,-0.0000,1.0000,-0.0000,0.0000,0.0000,0.9931,-0.1175,-0.0000,0.1175,0.9931),
      ["RightUpperLeg"] = CFrame.new(-0.0000,0.0000,-0.0000,0.8671,-0.4079,-0.2858,0.0998,0.7044,-0.7028,0.4880,0.5809,0.6515),
      ["RightLowerLeg"] = CFrame.new(-0.0001,0.0000,0.0000,1.0000,0.0000,-0.0000,0.0000,-0.0876,0.9962,0.0000,-0.9962,-0.0876),
      ["RightFoot"] = CFrame.new(-0.0000,0.0000,0.0000,1.0000,0.0000,-0.0000,-0.0000,0.9988,-0.0481,0.0000,0.0481,0.9988),
    }},
    {Time = 4.167, Data = {
      ["HumanoidRootPart"] = CFrame.new(0.0000,0.0000,0.0000,1.0000,0.0000,0.0000,0.0000,1.0000,0.0000,0.0000,0.0000,1.0000),
      ["LowerTorso"] = CFrame.new(0.0000,2.0197,0.0000,-0.9963,0.0860,-0.0000,-0.0860,-0.9963,-0.0000,-0.0000,-0.0000,1.0000),
      ["UpperTorso"] = CFrame.new(0.0000,0.0000,0.0000,0.9750,-0.2220,0.0000,0.2220,0.9750,-0.0000,0.0000,0.0000,1.0000),
      ["LeftUpperArm"] = CFrame.new(0.0000,0.0000,0.0000,0.2422,0.5788,-0.7787,-0.2298,-0.7456,-0.6256,-0.9426,0.3304,-0.0476),
      ["LeftLowerArm"] = CFrame.new(0.0000,-0.0000,0.0000,1.0000,0.0000,-0.0000,-0.0000,0.4236,-0.9059,-0.0000,0.9059,0.4236),
      ["LeftHand"] = CFrame.new(0.0000,0.0000,0.0000,1.0000,0.0000,-0.0000,-0.0000,0.8630,-0.5051,0.0000,0.5051,0.8630),
      ["Head"] = CFrame.new(0.0000,2.0000,0.0000,-1.0000,-0.0000,-0.0000,0.0000,-1.0000,0.0000,-0.0000,0.0000,1.0000),
      ["RightUpperArm"] = CFrame.new(0.0001,0.0000,-0.0000,0.2141,-0.5820,0.7845,0.1587,-0.7717,-0.6158,0.9638,0.2564,-0.0728),
      ["RightLowerArm"] = CFrame.new(0.0000,-0.0000,-0.0000,1.0000,-0.0000,0.0000,0.0000,0.4825,-0.8759,-0.0000,0.8759,0.4825),
      ["RightHand"] = CFrame.new(-0.0000,0.0000,-0.0000,1.0000,-0.0000,0.0000,0.0000,0.8104,-0.5859,0.0000,0.5859,0.8104),
      ["LeftUpperLeg"] = CFrame.new(0.0000,-0.0000,-0.0000,0.8569,0.3336,0.3931,0.0292,0.7299,-0.6830,-0.5147,0.5967,0.6156),
      ["LeftLowerLeg"] = CFrame.new(0.0000,-0.0000,-0.0000,1.0000,-0.0000,0.0000,-0.0000,-0.0602,0.9982,-0.0000,-0.9982,-0.0602),
      ["LeftFoot"] = CFrame.new(0.0000,0.0000,-0.0000,1.0000,-0.0000,0.0000,0.0000,0.9931,-0.1175,-0.0000,0.1175,0.9931),
      ["RightUpperLeg"] = CFrame.new(-0.0000,0.0000,-0.0000,0.8672,-0.4077,-0.2861,0.0998,0.7049,-0.7022,0.4880,0.5804,0.6519),
      ["RightLowerLeg"] = CFrame.new(-0.0001,0.0000,0.0000,1.0000,0.0000,-0.0000,0.0000,-0.0849,0.9964,0.0000,-0.9964,-0.0849),
      ["RightFoot"] = CFrame.new(-0.0000,0.0000,0.0000,1.0000,0.0000,-0.0000,-0.0000,0.9988,-0.0481,0.0000,0.0481,0.9988),
    }},
    {Time = 4.200, Data = {
      ["HumanoidRootPart"] = CFrame.new(0.0000,0.0000,0.0000,1.0000,0.0000,0.0000,0.0000,1.0000,0.0000,0.0000,0.0000,1.0000),
      ["LowerTorso"] = CFrame.new(0.0000,2.0280,0.0000,-0.9963,0.0855,-0.0000,-0.0855,-0.9963,-0.0000,-0.0000,-0.0000,1.0000),
      ["UpperTorso"] = CFrame.new(0.0000,0.0000,0.0000,0.9753,-0.2207,0.0000,0.2207,0.9753,-0.0000,0.0000,0.0000,1.0000),
      ["LeftUpperArm"] = CFrame.new(0.0000,0.0000,0.0000,0.2423,0.5800,-0.7777,-0.2297,-0.7445,-0.6268,-0.9426,0.3305,-0.0471),
      ["LeftLowerArm"] = CFrame.new(0.0000,-0.0000,0.0000,1.0000,0.0000,-0.0000,-0.0000,0.4211,-0.9070,-0.0000,0.9070,0.4211),
      ["LeftHand"] = CFrame.new(0.0000,0.0000,0.0000,1.0000,0.0000,-0.0000,-0.0000,0.8644,-0.5028,0.0000,0.5028,0.8644),
      ["Head"] = CFrame.new(0.0000,2.0000,0.0000,-1.0000,-0.0000,-0.0000,0.0000,-1.0000,0.0000,-0.0000,0.0000,1.0000),
      ["RightUpperArm"] = CFrame.new(0.0001,0.0000,-0.0000,0.2142,-0.5829,0.7838,0.1587,-0.7710,-0.6168,0.9638,0.2565,-0.0726),
      ["RightLowerArm"] = CFrame.new(0.0000,-0.0000,-0.0000,1.0000,-0.0000,0.0000,0.0000,0.4802,-0.8771,-0.0000,0.8771,0.4802),
      ["RightHand"] = CFrame.new(-0.0000,0.0000,-0.0000,1.0000,-0.0000,0.0000,0.0000,0.8124,-0.5831,0.0000,0.5831,0.8124),
      ["LeftUpperLeg"] = CFrame.new(0.0000,-0.0000,-0.0000,0.8569,0.3333,0.3934,0.0292,0.7304,-0.6824,-0.5147,0.5962,0.6161),
      ["LeftLowerLeg"] = CFrame.new(0.0000,-0.0000,-0.0000,1.0000,-0.0000,0.0000,-0.0000,-0.0563,0.9984,-0.0000,-0.9984,-0.0563),
      ["LeftFoot"] = CFrame.new(0.0000,0.0000,-0.0000,1.0000,-0.0000,0.0000,0.0000,0.9931,-0.1175,-0.0000,0.1175,0.9931),
      ["RightUpperLeg"] = CFrame.new(-0.0000,0.0000,-0.0000,0.8672,-0.4074,-0.2864,0.0998,0.7055,-0.7016,0.4879,0.5799,0.6524),
      ["RightLowerLeg"] = CFrame.new(-0.0001,0.0000,0.0000,1.0000,0.0000,-0.0000,0.0000,-0.0817,0.9967,0.0000,-0.9967,-0.0817),
      ["RightFoot"] = CFrame.new(-0.0000,0.0000,0.0000,1.0000,0.0000,-0.0000,-0.0000,0.9988,-0.0481,0.0000,0.0481,0.9988),
    }},
    {Time = 4.233, Data = {
      ["HumanoidRootPart"] = CFrame.new(0.0000,0.0000,0.0000,1.0000,0.0000,0.0000,0.0000,1.0000,0.0000,0.0000,0.0000,1.0000),
      ["LowerTorso"] = CFrame.new(0.0000,2.0377,0.0000,-0.9964,0.0849,-0.0000,-0.0849,-0.9964,-0.0000,-0.0000,-0.0000,1.0000),
      ["UpperTorso"] = CFrame.new(0.0000,0.0000,0.0000,0.9757,-0.2193,0.0000,0.2193,0.9757,-0.0000,0.0000,0.0000,1.0000),
      ["LeftUpperArm"] = CFrame.new(0.0000,0.0000,0.0000,0.2424,0.5814,-0.7766,-0.2297,-0.7434,-0.6282,-0.9426,0.3307,-0.0467),
      ["LeftLowerArm"] = CFrame.new(0.0000,-0.0000,0.0000,1.0000,0.0000,-0.0000,-0.0000,0.4183,-0.9083,-0.0000,0.9083,0.4183),
      ["LeftHand"] = CFrame.new(0.0000,0.0000,0.0000,1.0000,0.0000,-0.0000,-0.0000,0.8660,-0.5001,0.0000,0.5001,0.8660),
      ["Head"] = CFrame.new(0.0000,2.0000,0.0000,-1.0000,-0.0000,-0.0000,0.0000,-1.0000,0.0000,-0.0000,0.0000,1.0000),
      ["RightUpperArm"] = CFrame.new(0.0001,0.0000,-0.0000,0.2142,-0.5841,0.7829,0.1587,-0.7701,-0.6179,0.9638,0.2566,-0.0723),
      ["RightLowerArm"] = CFrame.new(0.0000,-0.0000,-0.0000,1.0000,-0.0000,0.0000,0.0000,0.4775,-0.8786,-0.0000,0.8786,0.4775),
      ["RightHand"] = CFrame.new(-0.0000,0.0000,-0.0000,1.0000,-0.0000,0.0000,0.0000,0.8146,-0.5800,0.0000,0.5800,0.8146),
      ["LeftUpperLeg"] = CFrame.new(0.0000,-0.0000,-0.0000,0.8569,0.3329,0.3936,0.0292,0.7310,-0.6818,-0.5147,0.5957,0.6166),
      ["LeftLowerLeg"] = CFrame.new(0.0000,-0.0000,-0.0000,1.0000,-0.0000,0.0000,-0.0000,-0.0517,0.9987,-0.0000,-0.9987,-0.0517),
      ["LeftFoot"] = CFrame.new(0.0000,0.0000,-0.0000,1.0000,-0.0000,0.0000,0.0000,0.9931,-0.1175,-0.0000,0.1175,0.9931),
      ["RightUpperLeg"] = CFrame.new(-0.0000,0.0000,-0.0000,0.8672,-0.4071,-0.2868,0.0998,0.7062,-0.7009,0.4879,0.5792,0.6530),
      ["RightLowerLeg"] = CFrame.new(-0.0001,0.0000,0.0000,1.0000,0.0000,-0.0000,0.0000,-0.0779,0.9970,0.0000,-0.9970,-0.0779),
      ["RightFoot"] = CFrame.new(-0.0000,0.0000,0.0000,1.0000,0.0000,-0.0000,-0.0000,0.9988,-0.0481,0.0000,0.0481,0.9988),
    }},
    {Time = 4.267, Data = {
      ["HumanoidRootPart"] = CFrame.new(0.0000,0.0000,0.0000,1.0000,0.0000,0.0000,0.0000,1.0000,0.0000,0.0000,0.0000,1.0000),
      ["LowerTorso"] = CFrame.new(0.0000,2.0486,0.0000,-0.9964,0.0843,-0.0000,-0.0843,-0.9964,-0.0000,-0.0000,-0.0000,1.0000),
      ["UpperTorso"] = CFrame.new(0.0000,0.0000,0.0000,0.9760,-0.2176,0.0000,0.2176,0.9760,-0.0000,0.0000,0.0000,1.0000),
      ["LeftUpperArm"] = CFrame.new(0.0000,0.0000,0.0000,0.2425,0.5830,-0.7754,-0.2296,-0.7420,-0.6298,-0.9426,0.3308,-0.0461),
      ["LeftLowerArm"] = CFrame.new(0.0000,-0.0000,0.0000,1.0000,0.0000,-0.0000,-0.0000,0.4151,-0.9098,-0.0000,0.9098,0.4151),
      ["LeftHand"] = CFrame.new(0.0000,0.0000,0.0000,1.0000,0.0000,-0.0000,-0.0000,0.8677,-0.4970,0.0000,0.4970,0.8677),
      ["Head"] = CFrame.new(0.0000,2.0000,0.0000,-1.0000,-0.0000,-0.0000,0.0000,-1.0000,0.0000,-0.0000,0.0000,1.0000),
      ["RightUpperArm"] = CFrame.new(0.0001,0.0000,-0.0000,0.2143,-0.5853,0.7820,0.1587,-0.7691,-0.6191,0.9638,0.2567,-0.0720),
      ["RightLowerArm"] = CFrame.new(0.0000,-0.0000,-0.0000,1.0000,-0.0000,0.0000,0.0000,0.4744,-0.8803,-0.0000,0.8803,0.4744),
      ["RightHand"] = CFrame.new(-0.0000,0.0000,-0.0000,1.0000,-0.0000,0.0000,0.0000,0.8172,-0.5764,0.0000,0.5764,0.8172),
      ["LeftUpperLeg"] = CFrame.new(0.0000,-0.0000,-0.0000,0.8569,0.3325,0.3939,0.0292,0.7316,-0.6811,-0.5147,0.5951,0.6172),
      ["LeftLowerLeg"] = CFrame.new(0.0000,-0.0000,-0.0000,1.0000,-0.0000,0.0000,-0.0000,-0.0465,0.9989,-0.0000,-0.9989,-0.0465),
      ["LeftFoot"] = CFrame.new(0.0000,0.0000,-0.0000,1.0000,-0.0000,0.0000,0.0000,0.9931,-0.1175,-0.0000,0.1175,0.9931),
      ["RightUpperLeg"] = CFrame.new(-0.0000,0.0000,-0.0000,0.8672,-0.4068,-0.2873,0.0998,0.7070,-0.7001,0.4879,0.5785,0.6537),
      ["RightLowerLeg"] = CFrame.new(-0.0001,0.0000,0.0000,1.0000,0.0000,-0.0000,0.0000,-0.0737,0.9973,0.0000,-0.9973,-0.0737),
      ["RightFoot"] = CFrame.new(-0.0000,0.0000,0.0000,1.0000,0.0000,-0.0000,-0.0000,0.9988,-0.0481,0.0000,0.0481,0.9988),
    }},
    {Time = 4.300, Data = {
      ["HumanoidRootPart"] = CFrame.new(0.0000,0.0000,0.0000,1.0000,0.0000,0.0000,0.0000,1.0000,0.0000,0.0000,0.0000,1.0000),
      ["LowerTorso"] = CFrame.new(0.0000,2.0608,0.0000,-0.9965,0.0835,-0.0000,-0.0835,-0.9965,-0.0000,-0.0000,-0.0000,1.0000),
      ["UpperTorso"] = CFrame.new(0.0000,0.0000,0.0000,0.9765,-0.2157,0.0000,0.2157,0.9765,-0.0000,0.0000,0.0000,1.0000),
      ["LeftUpperArm"] = CFrame.new(0.0000,0.0000,0.0000,0.2427,0.5848,-0.7740,-0.2296,-0.7406,-0.6316,-0.9425,0.3310,-0.0454),
      ["LeftLowerArm"] = CFrame.new(0.0000,-0.0000,0.0000,1.0000,0.0000,-0.0000,-0.0000,0.4115,-0.9114,-0.0000,0.9114,0.4115),
      ["LeftHand"] = CFrame.new(0.0000,0.0000,0.0000,1.0000,0.0000,-0.0000,-0.0000,0.8697,-0.4936,0.0000,0.4936,0.8697),
      ["Head"] = CFrame.new(0.0000,2.0000,0.0000,-1.0000,-0.0000,-0.0000,0.0000,-1.0000,0.0000,-0.0000,0.0000,1.0000),
      ["RightUpperArm"] = CFrame.new(0.0001,0.0000,-0.0000,0.2144,-0.5867,0.7809,0.1586,-0.7680,-0.6205,0.9638,0.2569,-0.0716),
      ["RightLowerArm"] = CFrame.new(0.0000,-0.0000,-0.0000,1.0000,-0.0000,0.0000,0.0000,0.4710,-0.8821,-0.0000,0.8821,0.4710),
      ["RightHand"] = CFrame.new(-0.0000,0.0000,-0.0000,1.0000,-0.0000,0.0000,0.0000,0.8200,-0.5724,0.0000,0.5724,0.8200),
      ["LeftUpperLeg"] = CFrame.new(0.0000,-0.0000,-0.0000,0.8569,0.3321,0.3943,0.0292,0.7324,-0.6803,-0.5147,0.5944,0.6179),
      ["LeftLowerLeg"] = CFrame.new(0.0000,-0.0000,-0.0000,1.0000,-0.0000,0.0000,-0.0000,-0.0406,0.9992,-0.0000,-0.9992,-0.0406),
      ["LeftFoot"] = CFrame.new(0.0000,0.0000,-0.0000,1.0000,-0.0000,0.0000,0.0000,0.9931,-0.1175,-0.0000,0.1175,0.9931),
      ["RightUpperLeg"] = CFrame.new(-0.0000,0.0000,-0.0000,0.8672,-0.4064,-0.2878,0.0997,0.7079,-0.6992,0.4879,0.5776,0.6545),
      ["RightLowerLeg"] = CFrame.new(-0.0001,0.0000,0.0000,1.0000,0.0000,-0.0000,0.0000,-0.0690,0.9976,0.0000,-0.9976,-0.0690),
      ["RightFoot"] = CFrame.new(-0.0000,0.0000,0.0000,1.0000,0.0000,-0.0000,-0.0000,0.9988,-0.0481,0.0000,0.0481,0.9988),
    }},
    {Time = 4.333, Data = {
      ["HumanoidRootPart"] = CFrame.new(0.0000,0.0000,0.0000,1.0000,0.0000,0.0000,0.0000,1.0000,0.0000,0.0000,0.0000,1.0000),
      ["LowerTorso"] = CFrame.new(0.0000,2.0741,0.0000,-0.9966,0.0827,-0.0000,-0.0827,-0.9966,-0.0000,-0.0000,-0.0000,1.0000),
      ["UpperTorso"] = CFrame.new(0.0000,0.0000,0.0000,0.9769,-0.2137,0.0000,0.2137,0.9769,-0.0000,0.0000,0.0000,1.0000),
      ["LeftUpperArm"] = CFrame.new(0.0000,0.0000,0.0000,0.2428,0.5868,-0.7725,-0.2296,-0.7389,-0.6335,-0.9425,0.3312,-0.0447),
      ["LeftLowerArm"] = CFrame.new(0.0000,-0.0000,0.0000,1.0000,0.0000,-0.0000,-0.0000,0.4076,-0.9132,-0.0000,0.9132,0.4076),
      ["LeftHand"] = CFrame.new(0.0000,0.0000,0.0000,1.0000,0.0000,-0.0000,-0.0000,0.8718,-0.4899,0.0000,0.4899,0.8718),
      ["Head"] = CFrame.new(0.0000,2.0000,0.0000,-1.0000,-0.0000,-0.0000,0.0000,-1.0000,0.0000,-0.0000,0.0000,1.0000),
      ["RightUpperArm"] = CFrame.new(0.0001,0.0000,-0.0000,0.2145,-0.5882,0.7798,0.1586,-0.7668,-0.6220,0.9638,0.2571,-0.0712),
      ["RightLowerArm"] = CFrame.new(0.0000,-0.0000,-0.0000,1.0000,-0.0000,0.0000,0.0000,0.4672,-0.8841,-0.0000,0.8841,0.4672),
      ["RightHand"] = CFrame.new(-0.0000,0.0000,-0.0000,1.0000,-0.0000,0.0000,0.0000,0.8231,-0.5679,0.0000,0.5679,0.8231),
      ["LeftUpperLeg"] = CFrame.new(0.0000,-0.0000,-0.0000,0.8569,0.3316,0.3947,0.0292,0.7332,-0.6794,-0.5146,0.5937,0.6186),
      ["LeftLowerLeg"] = CFrame.new(0.0000,-0.0000,-0.0000,1.0000,-0.0000,0.0000,-0.0000,-0.0343,0.9994,-0.0000,-0.9994,-0.0343),
      ["LeftFoot"] = CFrame.new(0.0000,0.0000,-0.0000,1.0000,-0.0000,0.0000,0.0000,0.9931,-0.1175,-0.0000,0.1175,0.9931),
      ["RightUpperLeg"] = CFrame.new(-0.0000,0.0000,-0.0000,0.8672,-0.4060,-0.2883,0.0997,0.7089,-0.6982,0.4878,0.5768,0.6553),
      ["RightLowerLeg"] = CFrame.new(-0.0001,0.0000,0.0000,1.0000,0.0000,-0.0000,0.0000,-0.0638,0.9980,0.0000,-0.9980,-0.0638),
      ["RightFoot"] = CFrame.new(-0.0000,0.0000,0.0000,1.0000,0.0000,-0.0000,-0.0000,0.9988,-0.0481,0.0000,0.0481,0.9988),
    }},
    {Time = 4.367, Data = {
      ["HumanoidRootPart"] = CFrame.new(0.0000,0.0000,0.0000,1.0000,0.0000,0.0000,0.0000,1.0000,0.0000,0.0000,0.0000,1.0000),
      ["LowerTorso"] = CFrame.new(0.0000,2.0885,0.0000,-0.9966,0.0818,-0.0000,-0.0818,-0.9966,-0.0000,-0.0000,-0.0000,1.0000),
      ["UpperTorso"] = CFrame.new(0.0000,0.0000,0.0000,0.9774,-0.2114,0.0000,0.2114,0.9774,-0.0000,0.0000,0.0000,1.0000),
      ["LeftUpperArm"] = CFrame.new(0.0000,0.0000,0.0000,0.2430,0.5889,-0.7708,-0.2295,-0.7372,-0.6356,-0.9425,0.3314,-0.0440),
      ["LeftLowerArm"] = CFrame.new(0.0000,-0.0000,0.0000,1.0000,0.0000,-0.0000,-0.0000,0.4033,-0.9151,-0.0000,0.9151,0.4033),
      ["LeftHand"] = CFrame.new(0.0000,0.0000,0.0000,1.0000,0.0000,-0.0000,-0.0000,0.8741,-0.4858,0.0000,0.4858,0.8741),
      ["Head"] = CFrame.new(0.0000,2.0000,0.0000,-1.0000,-0.0000,-0.0000,0.0000,-1.0000,0.0000,-0.0000,0.0000,1.0000),
      ["RightUpperArm"] = CFrame.new(0.0001,0.0000,-0.0000,0.2146,-0.5898,0.7785,0.1586,-0.7654,-0.6237,0.9638,0.2573,-0.0707),
      ["RightLowerArm"] = CFrame.new(0.0000,-0.0000,-0.0000,1.0000,-0.0000,0.0000,0.0000,0.4632,-0.8863,-0.0000,0.8863,0.4632),
      ["RightHand"] = CFrame.new(-0.0000,0.0000,-0.0000,1.0000,-0.0000,0.0000,0.0000,0.8264,-0.5631,0.0000,0.5631,0.8264),
      ["LeftUpperLeg"] = CFrame.new(0.0000,-0.0000,-0.0000,0.8569,0.3311,0.3951,0.0292,0.7341,-0.6785,-0.5146,0.5929,0.6194),
      ["LeftLowerLeg"] = CFrame.new(0.0000,-0.0000,-0.0000,1.0000,-0.0000,0.0000,-0.0000,-0.0274,0.9996,-0.0000,-0.9996,-0.0274),
      ["LeftFoot"] = CFrame.new(0.0000,0.0000,-0.0000,1.0000,-0.0000,0.0000,0.0000,0.9931,-0.1175,-0.0000,0.1175,0.9931),
      ["RightUpperLeg"] = CFrame.new(-0.0000,0.0000,-0.0000,0.8672,-0.4055,-0.2889,0.0997,0.7100,-0.6971,0.4878,0.5758,0.6561),
      ["RightLowerLeg"] = CFrame.new(-0.0001,0.0000,0.0000,1.0000,0.0000,-0.0000,0.0000,-0.0582,0.9983,0.0000,-0.9983,-0.0582),
      ["RightFoot"] = CFrame.new(-0.0000,0.0000,0.0000,1.0000,0.0000,-0.0000,-0.0000,0.9988,-0.0481,0.0000,0.0481,0.9988),
    }},
    {Time = 4.400, Data = {
      ["HumanoidRootPart"] = CFrame.new(0.0000,0.0000,0.0000,1.0000,0.0000,0.0000,0.0000,1.0000,0.0000,0.0000,0.0000,1.0000),
      ["LowerTorso"] = CFrame.new(0.0000,2.1040,0.0000,-0.9967,0.0809,-0.0000,-0.0809,-0.9967,-0.0000,-0.0000,-0.0000,1.0000),
      ["UpperTorso"] = CFrame.new(0.0000,0.0000,0.0000,0.9779,-0.2090,0.0000,0.2090,0.9779,-0.0000,0.0000,0.0000,1.0000),
      ["LeftUpperArm"] = CFrame.new(0.0000,0.0000,0.0000,0.2432,0.5912,-0.7690,-0.2295,-0.7352,-0.6378,-0.9425,0.3315,-0.0432),
      ["LeftLowerArm"] = CFrame.new(0.0000,-0.0000,0.0000,1.0000,0.0000,-0.0000,-0.0000,0.3988,-0.9171,-0.0000,0.9171,0.3988),
      ["LeftHand"] = CFrame.new(0.0000,0.0000,0.0000,1.0000,0.0000,-0.0000,-0.0000,0.8765,-0.4814,0.0000,0.4814,0.8765),
      ["Head"] = CFrame.new(0.0000,2.0000,0.0000,-1.0000,-0.0000,-0.0000,0.0000,-1.0000,0.0000,-0.0000,0.0000,1.0000),
      ["RightUpperArm"] = CFrame.new(0.0001,0.0000,-0.0000,0.2147,-0.5916,0.7771,0.1586,-0.7640,-0.6254,0.9637,0.2575,-0.0702),
      ["RightLowerArm"] = CFrame.new(0.0000,-0.0000,-0.0000,1.0000,-0.0000,0.0000,0.0000,0.4588,-0.8886,-0.0000,0.8886,0.4588),
      ["RightHand"] = CFrame.new(-0.0000,0.0000,-0.0000,1.0000,-0.0000,0.0000,0.0000,0.8299,-0.5579,0.0000,0.5579,0.8299),
      ["LeftUpperLeg"] = CFrame.new(0.0000,-0.0000,-0.0000,0.8569,0.3305,0.3955,0.0292,0.7350,-0.6774,-0.5146,0.5921,0.6202),
      ["LeftLowerLeg"] = CFrame.new(0.0000,-0.0000,-0.0000,1.0000,-0.0000,0.0000,-0.0000,-0.0200,0.9998,-0.0000,-0.9998,-0.0200),
      ["LeftFoot"] = CFrame.new(0.0000,0.0000,-0.0000,1.0000,-0.0000,0.0000,0.0000,0.9931,-0.1175,-0.0000,0.1175,0.9931),
      ["RightUpperLeg"] = CFrame.new(-0.0000,0.0000,-0.0000,0.8673,-0.4050,-0.2895,0.0997,0.7111,-0.6960,0.4878,0.5747,0.6571),
      ["RightLowerLeg"] = CFrame.new(-0.0001,0.0000,0.0000,1.0000,0.0000,-0.0000,0.0000,-0.0522,0.9986,0.0000,-0.9986,-0.0522),
      ["RightFoot"] = CFrame.new(-0.0000,0.0000,0.0000,1.0000,0.0000,-0.0000,-0.0000,0.9988,-0.0481,0.0000,0.0481,0.9988),
    }},
    {Time = 4.433, Data = {
      ["HumanoidRootPart"] = CFrame.new(0.0000,0.0000,0.0000,1.0000,0.0000,0.0000,0.0000,1.0000,0.0000,0.0000,0.0000,1.0000),
      ["LowerTorso"] = CFrame.new(0.0000,2.1205,0.0000,-0.9968,0.0799,-0.0000,-0.0799,-0.9968,-0.0000,-0.0000,-0.0000,1.0000),
      ["UpperTorso"] = CFrame.new(0.0000,0.0000,0.0000,0.9785,-0.2064,0.0000,0.2064,0.9785,-0.0000,0.0000,0.0000,1.0000),
      ["LeftUpperArm"] = CFrame.new(0.0000,0.0000,0.0000,0.2434,0.5936,-0.7671,-0.2294,-0.7332,-0.6401,-0.9424,0.3318,-0.0423),
      ["LeftLowerArm"] = CFrame.new(0.0000,-0.0000,0.0000,1.0000,0.0000,-0.0000,-0.0000,0.3939,-0.9192,-0.0000,0.9192,0.3939),
      ["LeftHand"] = CFrame.new(0.0000,0.0000,0.0000,1.0000,0.0000,-0.0000,-0.0000,0.8791,-0.4767,0.0000,0.4767,0.8791),
      ["Head"] = CFrame.new(0.0000,2.0000,0.0000,-1.0000,-0.0000,-0.0000,0.0000,-1.0000,0.0000,-0.0000,0.0000,1.0000),
      ["RightUpperArm"] = CFrame.new(0.0001,0.0000,-0.0000,0.2148,-0.5935,0.7757,0.1585,-0.7625,-0.6273,0.9637,0.2577,-0.0697),
      ["RightLowerArm"] = CFrame.new(0.0000,-0.0000,-0.0000,1.0000,-0.0000,0.0000,0.0000,0.4541,-0.8910,-0.0000,0.8910,0.4541),
      ["RightHand"] = CFrame.new(0.0000,0.0000,-0.0000,1.0000,-0.0000,0.0000,0.0000,0.8336,-0.5524,0.0000,0.5524,0.8336),
      ["LeftUpperLeg"] = CFrame.new(0.0000,-0.0000,-0.0000,0.8570,0.3299,0.3960,0.0292,0.7360,-0.6763,-0.5146,0.5912,0.6211),
      ["LeftLowerLeg"] = CFrame.new(0.0000,-0.0000,-0.0000,1.0000,-0.0000,0.0000,-0.0000,-0.0121,0.9999,-0.0000,-0.9999,-0.0121),
      ["LeftFoot"] = CFrame.new(0.0000,0.0000,-0.0000,1.0000,-0.0000,0.0000,0.0000,0.9931,-0.1175,-0.0000,0.1175,0.9931),
      ["RightUpperLeg"] = CFrame.new(-0.0000,0.0000,-0.0000,0.8673,-0.4045,-0.2902,0.0997,0.7123,-0.6948,0.4877,0.5736,0.6581),
      ["RightLowerLeg"] = CFrame.new(-0.0001,0.0000,0.0000,1.0000,0.0000,-0.0000,0.0000,-0.0458,0.9990,0.0000,-0.9990,-0.0458),
      ["RightFoot"] = CFrame.new(-0.0000,0.0000,0.0000,1.0000,0.0000,-0.0000,-0.0000,0.9988,-0.0481,0.0000,0.0481,0.9988),
    }},
    {Time = 4.467, Data = {
      ["HumanoidRootPart"] = CFrame.new(0.0000,0.0000,0.0000,1.0000,0.0000,0.0000,0.0000,1.0000,0.0000,0.0000,0.0000,1.0000),
      ["LowerTorso"] = CFrame.new(0.0000,2.1379,0.0000,-0.9969,0.0788,-0.0000,-0.0788,-0.9969,-0.0000,-0.0000,-0.0000,1.0000),
      ["UpperTorso"] = CFrame.new(0.0000,0.0000,0.0000,0.9790,-0.2036,0.0000,0.2036,0.9790,-0.0000,0.0000,0.0000,1.0000),
      ["LeftUpperArm"] = CFrame.new(0.0000,0.0000,0.0000,0.2435,0.5961,-0.7651,-0.2293,-0.7310,-0.6426,-0.9424,0.3320,-0.0413),
      ["LeftLowerArm"] = CFrame.new(0.0000,-0.0000,0.0000,1.0000,0.0000,-0.0000,-0.0000,0.3887,-0.9214,-0.0000,0.9214,0.3887),
      ["LeftHand"] = CFrame.new(0.0000,0.0000,0.0000,1.0000,0.0000,-0.0000,-0.0000,0.8817,-0.4717,0.0000,0.4717,0.8817),
      ["Head"] = CFrame.new(0.0000,2.0000,0.0000,-1.0000,-0.0000,-0.0000,0.0000,-1.0000,0.0000,-0.0000,0.0000,1.0000),
      ["RightUpperArm"] = CFrame.new(0.0001,0.0000,-0.0000,0.2149,-0.5954,0.7741,0.1585,-0.7609,-0.6292,0.9637,0.2579,-0.0691),
      ["RightLowerArm"] = CFrame.new(0.0000,-0.0000,-0.0000,1.0000,-0.0000,0.0000,0.0000,0.4491,-0.8935,-0.0000,0.8935,0.4491),
      ["RightHand"] = CFrame.new(0.0000,0.0000,-0.0000,1.0000,-0.0000,0.0000,0.0000,0.8374,-0.5465,0.0000,0.5465,0.8374),
      ["LeftUpperLeg"] = CFrame.new(0.0000,-0.0000,-0.0000,0.8570,0.3293,0.3965,0.0292,0.7371,-0.6752,-0.5145,0.5902,0.6220),
      ["LeftLowerLeg"] = CFrame.new(0.0000,-0.0000,-0.0000,1.0000,-0.0000,0.0000,-0.0000,-0.0038,1.0000,-0.0000,-1.0000,-0.0038),
      ["LeftFoot"] = CFrame.new(0.0000,0.0000,-0.0000,1.0000,-0.0000,0.0000,0.0000,0.9931,-0.1175,-0.0000,0.1175,0.9931),
      ["RightUpperLeg"] = CFrame.new(-0.0000,0.0000,-0.0000,0.8673,-0.4040,-0.2909,0.0997,0.7136,-0.6935,0.4877,0.5724,0.6591),
      ["RightLowerLeg"] = CFrame.new(-0.0001,0.0000,0.0000,1.0000,0.0000,-0.0000,0.0000,-0.0390,0.9992,0.0000,-0.9992,-0.0390),
      ["RightFoot"] = CFrame.new(-0.0000,0.0000,0.0000,1.0000,0.0000,-0.0000,-0.0000,0.9988,-0.0481,0.0000,0.0481,0.9988),
    }},
    {Time = 4.500, Data = {
      ["HumanoidRootPart"] = CFrame.new(0.0000,0.0000,0.0000,1.0000,0.0000,0.0000,0.0000,1.0000,0.0000,0.0000,0.0000,1.0000),
      ["LowerTorso"] = CFrame.new(0.0000,2.1562,0.0000,-0.9970,0.0776,-0.0000,-0.0776,-0.9970,-0.0000,-0.0000,-0.0000,1.0000),
      ["UpperTorso"] = CFrame.new(0.0000,0.0000,0.0000,0.9797,-0.2007,0.0000,0.2007,0.9797,-0.0000,0.0000,0.0000,1.0000),
      ["LeftUpperArm"] = CFrame.new(0.0000,0.0000,0.0000,0.2437,0.5988,-0.7629,-0.2293,-0.7288,-0.6453,-0.9424,0.3322,-0.0403),
      ["LeftLowerArm"] = CFrame.new(0.0000,-0.0000,0.0000,1.0000,0.0000,-0.0000,-0.0000,0.3832,-0.9236,-0.0000,0.9236,0.3832),
      ["LeftHand"] = CFrame.new(0.0000,0.0000,0.0000,1.0000,0.0000,-0.0000,-0.0000,0.8845,-0.4665,0.0000,0.4665,0.8845),
      ["Head"] = CFrame.new(0.0000,2.0000,0.0000,-1.0000,-0.0000,-0.0000,0.0000,-1.0000,0.0000,-0.0000,0.0000,1.0000),
      ["RightUpperArm"] = CFrame.new(0.0001,0.0000,-0.0000,0.2149,-0.5975,0.7725,0.1585,-0.7592,-0.6313,0.9637,0.2581,-0.0685),
      ["RightLowerArm"] = CFrame.new(0.0000,-0.0000,-0.0000,1.0000,-0.0000,0.0000,0.0000,0.4439,-0.8961,-0.0000,0.8961,0.4439),
      ["RightHand"] = CFrame.new(0.0000,0.0000,-0.0000,1.0000,-0.0000,0.0000,0.0000,0.8415,-0.5403,0.0000,0.5403,0.8415),
      ["LeftUpperLeg"] = CFrame.new(0.0000,-0.0000,-0.0000,0.8570,0.3286,0.3970,0.0292,0.7382,-0.6740,-0.5145,0.5892,0.6230),
      ["LeftLowerLeg"] = CFrame.new(0.0000,-0.0000,-0.0000,1.0000,-0.0000,0.0000,-0.0000,0.0050,1.0000,-0.0000,-1.0000,0.0050),
      ["LeftFoot"] = CFrame.new(0.0000,0.0000,-0.0000,1.0000,-0.0000,0.0000,0.0000,0.9931,-0.1175,-0.0000,0.1175,0.9931),
      ["RightUpperLeg"] = CFrame.new(-0.0000,0.0000,-0.0000,0.8673,-0.4034,-0.2917,0.0997,0.7149,-0.6921,0.4877,0.5712,0.6602),
      ["RightLowerLeg"] = CFrame.new(-0.0001,0.0000,0.0000,1.0000,0.0000,-0.0000,0.0000,-0.0319,0.9995,0.0000,-0.9995,-0.0319),
      ["RightFoot"] = CFrame.new(-0.0000,0.0000,0.0000,1.0000,0.0000,-0.0000,-0.0000,0.9988,-0.0481,0.0000,0.0481,0.9988),
    }},
    {Time = 4.533, Data = {
      ["HumanoidRootPart"] = CFrame.new(0.0000,0.0000,0.0000,1.0000,0.0000,0.0000,0.0000,1.0000,0.0000,0.0000,0.0000,1.0000),
      ["LowerTorso"] = CFrame.new(0.0000,2.1754,0.0000,-0.9971,0.0764,-0.0000,-0.0764,-0.9971,-0.0000,-0.0000,-0.0000,1.0000),
      ["UpperTorso"] = CFrame.new(0.0000,0.0000,0.0000,0.9803,-0.1976,0.0000,0.1976,0.9803,-0.0000,0.0000,0.0000,1.0000),
      ["LeftUpperArm"] = CFrame.new(0.0000,0.0000,0.0000,0.2439,0.6016,-0.7607,-0.2292,-0.7264,-0.6480,-0.9423,0.3324,-0.0392),
      ["LeftLowerArm"] = CFrame.new(0.0000,-0.0000,0.0000,1.0000,0.0000,-0.0000,-0.0000,0.3775,-0.9260,-0.0000,0.9260,0.3775),
      ["LeftHand"] = CFrame.new(0.0000,0.0000,0.0000,1.0000,0.0000,-0.0000,-0.0000,0.8874,-0.4610,0.0000,0.4610,0.8874),
      ["Head"] = CFrame.new(0.0000,2.0000,0.0000,-1.0000,-0.0000,-0.0000,0.0000,-1.0000,0.0000,-0.0000,0.0000,1.0000),
      ["RightUpperArm"] = CFrame.new(0.0001,0.0000,-0.0000,0.2150,-0.5997,0.7708,0.1584,-0.7574,-0.6334,0.9637,0.2583,-0.0679),
      ["RightLowerArm"] = CFrame.new(0.0000,-0.0000,-0.0000,1.0000,-0.0000,0.0000,0.0000,0.4384,-0.8988,-0.0000,0.8988,0.4384),
      ["RightHand"] = CFrame.new(0.0000,0.0000,-0.0000,1.0000,-0.0000,0.0000,0.0000,0.8456,-0.5338,0.0000,0.5338,0.8456),
      ["LeftUpperLeg"] = CFrame.new(0.0000,-0.0000,-0.0000,0.8570,0.3279,0.3975,0.0292,0.7393,-0.6727,-0.5145,0.5881,0.6240),
      ["LeftLowerLeg"] = CFrame.new(0.0000,-0.0000,-0.0000,1.0000,-0.0000,0.0000,-0.0000,0.0141,0.9999,-0.0000,-0.9999,0.0141),
      ["LeftFoot"] = CFrame.new(0.0000,0.0000,-0.0000,1.0000,-0.0000,0.0000,0.0000,0.9931,-0.1175,-0.0000,0.1175,0.9931),
      ["RightUpperLeg"] = CFrame.new(-0.0000,0.0000,-0.0000,0.8673,-0.4028,-0.2925,0.0997,0.7163,-0.6907,0.4877,0.5699,0.6614),
      ["RightLowerLeg"] = CFrame.new(-0.0001,0.0000,0.0000,1.0000,0.0000,-0.0000,0.0000,-0.0244,0.9997,0.0000,-0.9997,-0.0244),
      ["RightFoot"] = CFrame.new(-0.0000,0.0000,0.0000,1.0000,0.0000,-0.0000,-0.0000,0.9988,-0.0481,0.0000,0.0481,0.9988),
    }},
    {Time = 4.567, Data = {
      ["HumanoidRootPart"] = CFrame.new(0.0000,0.0000,0.0000,1.0000,0.0000,0.0000,0.0000,1.0000,0.0000,0.0000,0.0000,1.0000),
      ["LowerTorso"] = CFrame.new(0.0000,2.1953,0.0000,-0.9972,0.0752,-0.0000,-0.0752,-0.9972,-0.0000,-0.0000,-0.0000,1.0000),
      ["UpperTorso"] = CFrame.new(0.0000,0.0000,0.0000,0.9809,-0.1944,0.0000,0.1944,0.9809,-0.0000,0.0000,0.0000,1.0000),
      ["LeftUpperArm"] = CFrame.new(0.0000,0.0000,0.0000,0.2441,0.6045,-0.7583,-0.2292,-0.7238,-0.6508,-0.9423,0.3326,-0.0381),
      ["LeftLowerArm"] = CFrame.new(0.0000,-0.0000,0.0000,1.0000,0.0000,-0.0000,-0.0000,0.3716,-0.9284,-0.0000,0.9284,0.3716),
      ["LeftHand"] = CFrame.new(0.0000,0.0000,0.0000,1.0000,0.0000,-0.0000,-0.0000,0.8904,-0.4552,0.0000,0.4552,0.8904),
      ["Head"] = CFrame.new(0.0000,2.0000,0.0000,-1.0000,-0.0000,-0.0000,0.0000,-1.0000,0.0000,-0.0000,0.0000,1.0000),
      ["RightUpperArm"] = CFrame.new(0.0001,0.0000,-0.0000,0.2151,-0.6019,0.7690,0.1584,-0.7555,-0.6357,0.9637,0.2586,-0.0672),
      ["RightLowerArm"] = CFrame.new(0.0000,-0.0000,-0.0000,1.0000,-0.0000,0.0000,0.0000,0.4326,-0.9016,-0.0000,0.9016,0.4326),
      ["RightHand"] = CFrame.new(0.0000,0.0000,-0.0000,1.0000,-0.0000,0.0000,0.0000,0.8499,-0.5270,0.0000,0.5270,0.8499),
      ["LeftUpperLeg"] = CFrame.new(0.0000,-0.0000,-0.0000,0.8570,0.3272,0.3981,0.0292,0.7405,-0.6714,-0.5145,0.5870,0.6251),
      ["LeftLowerLeg"] = CFrame.new(0.0000,-0.0000,-0.0000,1.0000,-0.0000,0.0000,-0.0000,0.0236,0.9997,-0.0000,-0.9997,0.0236),
      ["LeftFoot"] = CFrame.new(0.0000,0.0000,-0.0000,1.0000,-0.0000,0.0000,0.0000,0.9931,-0.1175,-0.0000,0.1175,0.9931),
      ["RightUpperLeg"] = CFrame.new(-0.0000,0.0000,-0.0000,0.8673,-0.4021,-0.2933,0.0997,0.7177,-0.6892,0.4876,0.5685,0.6626),
      ["RightLowerLeg"] = CFrame.new(-0.0001,0.0000,0.0000,1.0000,0.0000,-0.0000,0.0000,-0.0167,0.9999,0.0000,-0.9999,-0.0167),
      ["RightFoot"] = CFrame.new(-0.0000,0.0000,0.0000,1.0000,0.0000,-0.0000,-0.0000,0.9988,-0.0481,0.0000,0.0481,0.9988),
    }},
    {Time = 4.600, Data = {
      ["HumanoidRootPart"] = CFrame.new(0.0000,0.0000,0.0000,1.0000,0.0000,0.0000,0.0000,1.0000,0.0000,0.0000,0.0000,1.0000),
      ["LowerTorso"] = CFrame.new(0.0000,2.2160,0.0000,-0.9973,0.0738,-0.0000,-0.0738,-0.9973,-0.0000,-0.0000,-0.0000,1.0000),
      ["UpperTorso"] = CFrame.new(0.0000,0.0000,0.0000,0.9816,-0.1910,0.0000,0.1910,0.9816,-0.0000,0.0000,0.0000,1.0000),
      ["LeftUpperArm"] = CFrame.new(0.0000,0.0000,0.0000,0.2442,0.6075,-0.7558,-0.2291,-0.7212,-0.6537,-0.9423,0.3328,-0.0370),
      ["LeftLowerArm"] = CFrame.new(0.0000,-0.0000,0.0000,1.0000,0.0000,-0.0000,-0.0000,0.3654,-0.9309,-0.0000,0.9309,0.3654),
      ["LeftHand"] = CFrame.new(0.0000,0.0000,0.0000,1.0000,0.0000,-0.0000,-0.0000,0.8934,-0.4493,0.0000,0.4493,0.8934),
      ["Head"] = CFrame.new(0.0000,2.0000,0.0000,-1.0000,-0.0000,-0.0000,0.0000,-1.0000,0.0000,-0.0000,0.0000,1.0000),
      ["RightUpperArm"] = CFrame.new(0.0001,0.0000,-0.0000,0.2152,-0.6042,0.7672,0.1584,-0.7536,-0.6380,0.9636,0.2588,-0.0665),
      ["RightLowerArm"] = CFrame.new(0.0000,-0.0000,-0.0000,1.0000,-0.0000,0.0000,0.0000,0.4267,-0.9044,-0.0000,0.9044,0.4267),
      ["RightHand"] = CFrame.new(0.0000,0.0000,-0.0000,1.0000,-0.0000,0.0000,0.0000,0.8542,-0.5199,0.0000,0.5199,0.8542),
      ["LeftUpperLeg"] = CFrame.new(0.0000,-0.0000,-0.0000,0.8570,0.3264,0.3987,0.0292,0.7418,-0.6700,-0.5144,0.5859,0.6262),
      ["LeftLowerLeg"] = CFrame.new(0.0000,-0.0000,-0.0000,1.0000,-0.0000,0.0000,-0.0000,0.0335,0.9994,-0.0000,-0.9994,0.0335),
      ["LeftFoot"] = CFrame.new(0.0000,0.0000,-0.0000,1.0000,-0.0000,0.0000,0.0000,0.9931,-0.1175,-0.0000,0.1175,0.9931),
      ["RightUpperLeg"] = CFrame.new(-0.0000,0.0000,-0.0000,0.8674,-0.4015,-0.2941,0.0997,0.7192,-0.6876,0.4876,0.5671,0.6638),
      ["RightLowerLeg"] = CFrame.new(-0.0001,0.0000,0.0000,1.0000,0.0000,-0.0000,0.0000,-0.0087,1.0000,0.0000,-1.0000,-0.0087),
      ["RightFoot"] = CFrame.new(-0.0000,0.0000,0.0000,1.0000,0.0000,-0.0000,-0.0000,0.9988,-0.0481,0.0000,0.0481,0.9988),
    }},
    {Time = 4.633, Data = {
      ["HumanoidRootPart"] = CFrame.new(0.0000,0.0000,0.0000,1.0000,0.0000,0.0000,0.0000,1.0000,0.0000,0.0000,0.0000,1.0000),
      ["LowerTorso"] = CFrame.new(0.0000,2.2373,0.0000,-0.9974,0.0725,-0.0000,-0.0725,-0.9974,-0.0000,-0.0000,-0.0000,1.0000),
      ["UpperTorso"] = CFrame.new(0.0000,0.0000,0.0000,0.9823,-0.1875,0.0000,0.1875,0.9823,-0.0000,0.0000,0.0000,1.0000),
      ["LeftUpperArm"] = CFrame.new(0.0000,0.0000,0.0000,0.2444,0.6106,-0.7533,-0.2291,-0.7185,-0.6567,-0.9422,0.3330,-0.0357),
      ["LeftLowerArm"] = CFrame.new(0.0000,-0.0000,0.0000,1.0000,0.0000,-0.0000,-0.0000,0.3589,-0.9334,-0.0000,0.9334,0.3589),
      ["LeftHand"] = CFrame.new(0.0000,0.0000,0.0000,1.0000,0.0000,-0.0000,-0.0000,0.8965,-0.4431,0.0000,0.4431,0.8965),
      ["Head"] = CFrame.new(0.0000,2.0000,0.0000,-1.0000,-0.0000,-0.0000,0.0000,-1.0000,0.0000,-0.0000,0.0000,1.0000),
      ["RightUpperArm"] = CFrame.new(0.0001,0.0000,-0.0000,0.2153,-0.6066,0.7653,0.1583,-0.7516,-0.6403,0.9636,0.2591,-0.0658),
      ["RightLowerArm"] = CFrame.new(0.0000,-0.0000,-0.0000,1.0000,-0.0000,0.0000,0.0000,0.4205,-0.9073,0.0000,0.9073,0.4205),
      ["RightHand"] = CFrame.new(0.0000,0.0000,-0.0000,1.0000,-0.0000,0.0000,0.0000,0.8587,-0.5125,0.0000,0.5125,0.8587),
      ["LeftUpperLeg"] = CFrame.new(0.0000,-0.0000,-0.0000,0.8570,0.3257,0.3993,0.0292,0.7430,-0.6686,-0.5144,0.5847,0.6273),
      ["LeftLowerLeg"] = CFrame.new(0.0000,-0.0000,-0.0000,1.0000,-0.0000,0.0000,-0.0000,0.0437,0.9990,-0.0000,-0.9990,0.0437),
      ["LeftFoot"] = CFrame.new(0.0000,0.0000,-0.0000,1.0000,-0.0000,0.0000,0.0000,0.9931,-0.1175,-0.0000,0.1175,0.9931),
      ["RightUpperLeg"] = CFrame.new(-0.0000,0.0000,-0.0000,0.8674,-0.4008,-0.2950,0.0997,0.7207,-0.6860,0.4876,0.5656,0.6651),
      ["RightLowerLeg"] = CFrame.new(-0.0001,0.0000,0.0000,1.0000,0.0000,-0.0000,0.0000,-0.0004,1.0000,0.0000,-1.0000,-0.0004),
      ["RightFoot"] = CFrame.new(-0.0000,0.0000,0.0000,1.0000,0.0000,-0.0000,-0.0000,0.9988,-0.0481,0.0000,0.0481,0.9988),
    }},
    {Time = 4.667, Data = {
      ["HumanoidRootPart"] = CFrame.new(0.0000,0.0000,0.0000,1.0000,0.0000,0.0000,0.0000,1.0000,0.0000,0.0000,0.0000,1.0000),
      ["LowerTorso"] = CFrame.new(0.0000,2.2593,0.0000,-0.9975,0.0710,-0.0000,-0.0710,-0.9975,-0.0000,-0.0000,-0.0000,1.0000),
      ["UpperTorso"] = CFrame.new(0.0000,0.0000,0.0000,0.9830,-0.1838,0.0000,0.1838,0.9830,-0.0000,0.0000,0.0000,1.0000),
      ["LeftUpperArm"] = CFrame.new(0.0000,0.0000,0.0000,0.2445,0.6137,-0.7507,-0.2290,-0.7157,-0.6598,-0.9422,0.3332,-0.0345),
      ["LeftLowerArm"] = CFrame.new(0.0000,-0.0000,0.0000,1.0000,0.0000,-0.0000,-0.0000,0.3523,-0.9359,-0.0000,0.9359,0.3523),
      ["LeftHand"] = CFrame.new(0.0000,0.0000,0.0000,1.0000,0.0000,-0.0000,-0.0000,0.8996,-0.4367,0.0000,0.4367,0.8996),
      ["Head"] = CFrame.new(0.0000,2.0000,0.0000,-1.0000,-0.0000,-0.0000,0.0000,-1.0000,0.0000,-0.0000,0.0000,1.0000),
      ["RightUpperArm"] = CFrame.new(0.0001,0.0000,-0.0000,0.2154,-0.6091,0.7633,0.1583,-0.7495,-0.6428,0.9636,0.2593,-0.0650),
      ["RightLowerArm"] = CFrame.new(0.0000,-0.0000,-0.0000,1.0000,-0.0000,0.0000,0.0000,0.4141,-0.9102,0.0000,0.9102,0.4141),
      ["RightHand"] = CFrame.new(0.0000,0.0000,-0.0000,1.0000,-0.0000,0.0000,0.0000,0.8632,-0.5049,-0.0000,0.5049,0.8632),
      ["LeftUpperLeg"] = CFrame.new(0.0000,-0.0000,-0.0000,0.8571,0.3249,0.3999,0.0292,0.7443,-0.6672,-0.5144,0.5834,0.6285),
      ["LeftLowerLeg"] = CFrame.new(0.0000,-0.0000,-0.0000,1.0000,-0.0000,0.0000,-0.0000,0.0541,0.9985,-0.0000,-0.9985,0.0541),
      ["LeftFoot"] = CFrame.new(0.0000,0.0000,-0.0000,1.0000,-0.0000,0.0000,0.0000,0.9931,-0.1175,-0.0000,0.1175,0.9931),
      ["RightUpperLeg"] = CFrame.new(-0.0000,0.0000,-0.0000,0.8674,-0.4001,-0.2959,0.0997,0.7223,-0.6844,0.4875,0.5641,0.6664),
      ["RightLowerLeg"] = CFrame.new(-0.0001,0.0000,0.0000,1.0000,0.0000,-0.0000,0.0000,0.0082,1.0000,0.0000,-1.0000,0.0082),
      ["RightFoot"] = CFrame.new(-0.0000,0.0000,0.0000,1.0000,0.0000,-0.0000,-0.0000,0.9988,-0.0481,0.0000,0.0481,0.9988),
    }},
    {Time = 4.700, Data = {
      ["HumanoidRootPart"] = CFrame.new(0.0000,0.0000,0.0000,1.0000,0.0000,0.0000,0.0000,1.0000,0.0000,0.0000,0.0000,1.0000),
      ["LowerTorso"] = CFrame.new(0.0000,2.2817,0.0000,-0.9976,0.0696,-0.0000,-0.0696,-0.9976,-0.0000,-0.0000,-0.0000,1.0000),
      ["UpperTorso"] = CFrame.new(0.0000,0.0000,0.0000,0.9837,-0.1800,0.0000,0.1800,0.9837,-0.0000,0.0000,0.0000,1.0000),
      ["LeftUpperArm"] = CFrame.new(0.0000,0.0000,0.0000,0.2447,0.6170,-0.7480,-0.2290,-0.7128,-0.6629,-0.9422,0.3334,-0.0331),
      ["LeftLowerArm"] = CFrame.new(0.0000,-0.0000,0.0000,1.0000,0.0000,-0.0000,-0.0000,0.3455,-0.9384,-0.0000,0.9384,0.3455),
      ["LeftHand"] = CFrame.new(0.0000,0.0000,0.0000,1.0000,0.0000,-0.0000,-0.0000,0.9028,-0.4301,0.0000,0.4301,0.9028),
      ["Head"] = CFrame.new(0.0000,2.0000,0.0000,-1.0000,-0.0000,-0.0000,0.0000,-1.0000,0.0000,-0.0000,0.0000,1.0000),
      ["RightUpperArm"] = CFrame.new(0.0001,0.0000,-0.0000,0.2155,-0.6116,0.7613,0.1583,-0.7474,-0.6452,0.9636,0.2595,-0.0642),
      ["RightLowerArm"] = CFrame.new(0.0000,-0.0000,-0.0000,1.0000,-0.0000,0.0000,0.0000,0.4076,-0.9132,0.0000,0.9132,0.4076),
      ["RightHand"] = CFrame.new(0.0000,0.0000,-0.0000,1.0000,-0.0000,0.0000,0.0000,0.8677,-0.4970,-0.0000,0.4970,0.8677),
      ["LeftUpperLeg"] = CFrame.new(0.0000,-0.0000,-0.0000,0.8571,0.3240,0.4006,0.0292,0.7457,-0.6657,-0.5144,0.5822,0.6297),
      ["LeftLowerLeg"] = CFrame.new(0.0000,-0.0000,-0.0000,1.0000,-0.0000,0.0000,-0.0000,0.0649,0.9979,-0.0000,-0.9979,0.0649),
      ["LeftFoot"] = CFrame.new(0.0000,0.0000,-0.0000,1.0000,-0.0000,0.0000,0.0000,0.9931,-0.1175,-0.0000,0.1175,0.9931),
      ["RightUpperLeg"] = CFrame.new(-0.0000,0.0000,-0.0000,0.8674,-0.3994,-0.2968,0.0997,0.7239,-0.6827,0.4875,0.5626,0.6677),
      ["RightLowerLeg"] = CFrame.new(-0.0001,0.0000,0.0000,1.0000,0.0000,-0.0000,0.0000,0.0169,0.9999,0.0000,-0.9999,0.0169),
      ["RightFoot"] = CFrame.new(-0.0000,0.0000,0.0000,1.0000,0.0000,-0.0000,-0.0000,0.9988,-0.0481,0.0000,0.0481,0.9988),
    }},
    {Time = 4.733, Data = {
      ["HumanoidRootPart"] = CFrame.new(0.0000,0.0000,0.0000,1.0000,0.0000,0.0000,0.0000,1.0000,0.0000,0.0000,0.0000,1.0000),
      ["LowerTorso"] = CFrame.new(0.0000,2.3047,0.0000,-0.9977,0.0681,-0.0000,-0.0681,-0.9977,-0.0000,-0.0000,-0.0000,1.0000),
      ["UpperTorso"] = CFrame.new(0.0000,0.0000,0.0000,0.9844,-0.1761,0.0000,0.1761,0.9844,-0.0000,0.0000,0.0000,1.0000),
      ["LeftUpperArm"] = CFrame.new(0.0000,0.0000,0.0000,0.2448,0.6203,-0.7452,-0.2289,-0.7099,-0.6661,-0.9422,0.3336,-0.0318),
      ["LeftLowerArm"] = CFrame.new(0.0000,-0.0000,0.0000,1.0000,0.0000,-0.0000,-0.0000,0.3386,-0.9409,-0.0000,0.9409,0.3386),
      ["LeftHand"] = CFrame.new(0.0000,0.0000,0.0000,1.0000,0.0000,-0.0000,-0.0000,0.9059,-0.4234,0.0000,0.4234,0.9059),
      ["Head"] = CFrame.new(0.0000,2.0000,0.0000,-1.0000,-0.0000,-0.0000,0.0000,-1.0000,0.0000,-0.0000,0.0000,1.0000),
      ["RightUpperArm"] = CFrame.new(0.0001,0.0000,-0.0000,0.2156,-0.6142,0.7592,0.1583,-0.7452,-0.6478,0.9636,0.2598,-0.0634),
      ["RightLowerArm"] = CFrame.new(0.0000,-0.0000,-0.0000,1.0000,-0.0000,0.0000,0.0000,0.4008,-0.9161,0.0000,0.9161,0.4008),
      ["RightHand"] = CFrame.new(0.0000,0.0000,-0.0000,1.0000,-0.0000,0.0000,0.0000,0.8723,-0.4889,-0.0000,0.4889,0.8723),
      ["LeftUpperLeg"] = CFrame.new(0.0000,-0.0000,-0.0000,0.8571,0.3232,0.4012,0.0292,0.7471,-0.6641,-0.5144,0.5809,0.6309),
      ["LeftLowerLeg"] = CFrame.new(0.0000,-0.0000,-0.0000,1.0000,-0.0000,0.0000,-0.0000,0.0758,0.9971,-0.0000,-0.9971,0.0758),
      ["LeftFoot"] = CFrame.new(0.0000,0.0000,-0.0000,1.0000,-0.0000,0.0000,0.0000,0.9931,-0.1175,-0.0000,0.1175,0.9931),
      ["RightUpperLeg"] = CFrame.new(-0.0000,0.0000,-0.0000,0.8674,-0.3987,-0.2978,0.0997,0.7255,-0.6809,0.4875,0.5610,0.6691),
      ["RightLowerLeg"] = CFrame.new(-0.0001,0.0000,0.0000,1.0000,0.0000,-0.0000,0.0000,0.0258,0.9997,0.0000,-0.9997,0.0258),
      ["RightFoot"] = CFrame.new(-0.0000,0.0000,0.0000,1.0000,0.0000,-0.0000,-0.0000,0.9988,-0.0481,0.0000,0.0481,0.9988),
    }},
    {Time = 4.767, Data = {
      ["HumanoidRootPart"] = CFrame.new(0.0000,0.0000,0.0000,1.0000,0.0000,0.0000,0.0000,1.0000,0.0000,0.0000,0.0000,1.0000),
      ["LowerTorso"] = CFrame.new(0.0000,2.3282,0.0000,-0.9978,0.0665,-0.0000,-0.0665,-0.9978,-0.0000,-0.0000,-0.0000,1.0000),
      ["UpperTorso"] = CFrame.new(0.0000,0.0000,0.0000,0.9851,-0.1721,0.0000,0.1721,0.9851,-0.0000,0.0000,0.0000,1.0000),
      ["LeftUpperArm"] = CFrame.new(0.0000,0.0000,0.0000,0.2449,0.6236,-0.7424,-0.2289,-0.7069,-0.6693,-0.9421,0.3338,-0.0304),
      ["LeftLowerArm"] = CFrame.new(0.0000,-0.0000,0.0000,1.0000,0.0000,-0.0000,-0.0000,0.3314,-0.9435,-0.0000,0.9435,0.3314),
      ["LeftHand"] = CFrame.new(0.0000,0.0000,0.0000,1.0000,0.0000,-0.0000,-0.0000,0.9091,-0.4165,0.0000,0.4165,0.9091),
      ["Head"] = CFrame.new(0.0000,2.0000,0.0000,-1.0000,-0.0000,-0.0000,0.0000,-1.0000,0.0000,-0.0000,0.0000,1.0000),
      ["RightUpperArm"] = CFrame.new(0.0001,0.0000,-0.0000,0.2156,-0.6168,0.7570,0.1582,-0.7430,-0.6504,0.9636,0.2600,-0.0626),
      ["RightLowerArm"] = CFrame.new(0.0000,-0.0000,-0.0000,1.0000,-0.0000,0.0000,0.0000,0.3940,-0.9191,0.0000,0.9191,0.3940),
      ["RightHand"] = CFrame.new(0.0000,0.0000,-0.0000,1.0000,-0.0000,0.0000,0.0000,0.8769,-0.4807,-0.0000,0.4807,0.8769),
      ["LeftUpperLeg"] = CFrame.new(0.0000,-0.0000,-0.0000,0.8571,0.3224,0.4019,0.0292,0.7484,-0.6626,-0.5144,0.5796,0.6321),
      ["LeftLowerLeg"] = CFrame.new(0.0000,-0.0000,-0.0000,1.0000,-0.0000,0.0000,-0.0000,0.0870,0.9962,-0.0000,-0.9962,0.0870),
      ["LeftFoot"] = CFrame.new(0.0000,0.0000,-0.0000,1.0000,-0.0000,0.0000,0.0000,0.9931,-0.1175,-0.0000,0.1175,0.9931),
      ["RightUpperLeg"] = CFrame.new(-0.0000,0.0000,-0.0000,0.8674,-0.3979,-0.2987,0.0997,0.7272,-0.6792,0.4875,0.5593,0.6705),
      ["RightLowerLeg"] = CFrame.new(-0.0001,0.0000,0.0000,1.0000,0.0000,-0.0000,0.0000,0.0350,0.9994,0.0000,-0.9994,0.0350),
      ["RightFoot"] = CFrame.new(-0.0000,0.0000,0.0000,1.0000,0.0000,-0.0000,-0.0000,0.9988,-0.0481,0.0000,0.0481,0.9988),
    }},
    {Time = 4.800, Data = {
      ["HumanoidRootPart"] = CFrame.new(0.0000,0.0000,0.0000,1.0000,0.0000,0.0000,0.0000,1.0000,0.0000,0.0000,0.0000,1.0000),
      ["LowerTorso"] = CFrame.new(0.0000,2.3520,0.0000,-0.9979,0.0649,-0.0000,-0.0649,-0.9979,-0.0000,-0.0000,-0.0000,1.0000),
      ["UpperTorso"] = CFrame.new(0.0000,0.0000,0.0000,0.9858,-0.1680,0.0000,0.1680,0.9858,-0.0000,0.0000,0.0000,1.0000),
      ["LeftUpperArm"] = CFrame.new(0.0000,0.0000,0.0000,0.2450,0.6270,-0.7395,-0.2288,-0.7038,-0.6726,-0.9421,0.3340,-0.0289),
      ["LeftLowerArm"] = CFrame.new(0.0000,-0.0000,0.0000,1.0000,0.0000,-0.0000,-0.0000,0.3242,-0.9460,-0.0000,0.9460,0.3242),
      ["LeftHand"] = CFrame.new(-0.0000,0.0000,0.0000,1.0000,0.0000,-0.0000,-0.0000,0.9123,-0.4095,0.0000,0.4095,0.9123),
      ["Head"] = CFrame.new(0.0000,2.0000,0.0000,-1.0000,-0.0000,-0.0000,0.0000,-1.0000,0.0000,-0.0000,0.0000,1.0000),
      ["RightUpperArm"] = CFrame.new(0.0001,0.0000,-0.0000,0.2157,-0.6194,0.7549,0.1582,-0.7407,-0.6530,0.9636,0.2603,-0.0617),
      ["RightLowerArm"] = CFrame.new(0.0000,-0.0000,-0.0000,1.0000,-0.0000,0.0000,0.0000,0.3870,-0.9221,0.0000,0.9221,0.3870),
      ["RightHand"] = CFrame.new(0.0000,0.0000,-0.0000,1.0000,-0.0000,0.0000,0.0000,0.8815,-0.4722,-0.0000,0.4722,0.8815),
      ["LeftUpperLeg"] = CFrame.new(0.0000,-0.0000,-0.0000,0.8571,0.3215,0.4025,0.0292,0.7499,-0.6610,-0.5143,0.5782,0.6333),
      ["LeftLowerLeg"] = CFrame.new(0.0000,-0.0000,-0.0000,1.0000,-0.0000,0.0000,-0.0000,0.0983,0.9952,-0.0000,-0.9952,0.0983),
      ["LeftFoot"] = CFrame.new(0.0000,0.0000,-0.0000,1.0000,-0.0000,0.0000,0.0000,0.9931,-0.1175,-0.0000,0.1175,0.9931),
      ["RightUpperLeg"] = CFrame.new(-0.0000,0.0000,-0.0000,0.8674,-0.3972,-0.2997,0.0997,0.7289,-0.6774,0.4875,0.5577,0.6718),
      ["RightLowerLeg"] = CFrame.new(-0.0001,0.0000,0.0000,1.0000,0.0000,-0.0000,0.0000,0.0442,0.9990,0.0000,-0.9990,0.0442),
      ["RightFoot"] = CFrame.new(-0.0000,0.0000,0.0000,1.0000,0.0000,-0.0000,-0.0000,0.9988,-0.0481,0.0000,0.0481,0.9988),
    }},
    {Time = 4.833, Data = {
      ["HumanoidRootPart"] = CFrame.new(0.0000,0.0000,0.0000,1.0000,0.0000,0.0000,0.0000,1.0000,0.0000,0.0000,0.0000,1.0000),
      ["LowerTorso"] = CFrame.new(0.0000,2.3762,0.0000,-0.9980,0.0632,-0.0000,-0.0632,-0.9980,-0.0000,-0.0000,-0.0000,1.0000),
      ["UpperTorso"] = CFrame.new(0.0000,0.0000,0.0000,0.9865,-0.1638,0.0000,0.1638,0.9865,-0.0000,0.0000,0.0000,1.0000),
      ["LeftUpperArm"] = CFrame.new(0.0000,0.0000,0.0000,0.2451,0.6305,-0.7365,-0.2288,-0.7006,-0.6759,-0.9421,0.3342,-0.0275),
      ["LeftLowerArm"] = CFrame.new(0.0000,-0.0000,0.0000,1.0000,0.0000,-0.0000,-0.0000,0.3168,-0.9485,-0.0000,0.9485,0.3168),
      ["LeftHand"] = CFrame.new(-0.0000,0.0000,0.0000,1.0000,0.0000,-0.0000,-0.0000,0.9155,-0.4023,0.0000,0.4023,0.9155),
      ["Head"] = CFrame.new(0.0000,2.0000,0.0000,-1.0000,-0.0000,-0.0000,0.0000,-1.0000,0.0000,-0.0000,0.0000,1.0000),
      ["RightUpperArm"] = CFrame.new(0.0001,0.0000,-0.0000,0.2157,-0.6221,0.7526,0.1582,-0.7383,-0.6556,0.9636,0.2605,-0.0609),
      ["RightLowerArm"] = CFrame.new(0.0000,-0.0000,-0.0000,1.0000,-0.0000,0.0000,0.0000,0.3798,-0.9251,0.0000,0.9251,0.3798),
      ["RightHand"] = CFrame.new(0.0000,0.0000,-0.0000,1.0000,-0.0000,0.0000,0.0000,0.8861,-0.4636,-0.0000,0.4636,0.8861),
      ["LeftUpperLeg"] = CFrame.new(0.0000,-0.0000,-0.0000,0.8571,0.3206,0.4032,0.0292,0.7513,-0.6593,-0.5143,0.5769,0.6346),
      ["LeftLowerLeg"] = CFrame.new(0.0000,-0.0000,-0.0000,1.0000,-0.0000,0.0000,-0.0000,0.1098,0.9940,-0.0000,-0.9940,0.1098),
      ["LeftFoot"] = CFrame.new(0.0000,0.0000,-0.0000,1.0000,-0.0000,0.0000,0.0000,0.9931,-0.1175,-0.0000,0.1175,0.9931),
      ["RightUpperLeg"] = CFrame.new(-0.0000,0.0000,-0.0000,0.8674,-0.3964,-0.3007,0.0997,0.7306,-0.6755,0.4874,0.5560,0.6732),
      ["RightLowerLeg"] = CFrame.new(-0.0001,0.0000,0.0000,1.0000,0.0000,-0.0000,0.0000,0.0536,0.9986,0.0000,-0.9986,0.0536),
      ["RightFoot"] = CFrame.new(-0.0000,0.0000,0.0000,1.0000,0.0000,-0.0000,-0.0000,0.9988,-0.0481,0.0000,0.0481,0.9988),
    }},
    {Time = 4.867, Data = {
      ["HumanoidRootPart"] = CFrame.new(0.0000,0.0000,0.0000,1.0000,0.0000,0.0000,0.0000,1.0000,0.0000,0.0000,0.0000,1.0000),
      ["LowerTorso"] = CFrame.new(0.0000,2.4006,0.0000,-0.9981,0.0616,-0.0000,-0.0616,-0.9981,-0.0000,-0.0000,-0.0000,1.0000),
      ["UpperTorso"] = CFrame.new(0.0000,0.0000,0.0000,0.9872,-0.1595,0.0000,0.1595,0.9872,-0.0000,0.0000,0.0000,1.0000),
      ["LeftUpperArm"] = CFrame.new(0.0000,0.0000,0.0000,0.2452,0.6339,-0.7335,-0.2288,-0.6974,-0.6792,-0.9421,0.3343,-0.0260),
      ["LeftLowerArm"] = CFrame.new(0.0000,-0.0000,0.0000,1.0000,0.0000,-0.0000,-0.0000,0.3093,-0.9510,-0.0000,0.9510,0.3093),
      ["LeftHand"] = CFrame.new(-0.0000,0.0000,0.0000,1.0000,0.0000,-0.0000,-0.0000,0.9187,-0.3951,0.0000,0.3951,0.9187),
      ["Head"] = CFrame.new(0.0000,2.0000,0.0000,-1.0000,-0.0000,-0.0000,0.0000,-1.0000,0.0000,-0.0000,0.0000,1.0000),
      ["RightUpperArm"] = CFrame.new(0.0001,0.0000,-0.0000,0.2158,-0.6248,0.7504,0.1582,-0.7360,-0.6583,0.9635,0.2607,-0.0600),
      ["RightLowerArm"] = CFrame.new(0.0000,-0.0000,-0.0000,1.0000,-0.0000,0.0000,0.0000,0.3726,-0.9280,0.0000,0.9280,0.3726),
      ["RightHand"] = CFrame.new(0.0000,0.0000,-0.0000,1.0000,-0.0000,0.0000,0.0000,0.8906,-0.4548,-0.0000,0.4548,0.8906),
      ["LeftUpperLeg"] = CFrame.new(0.0000,-0.0000,-0.0000,0.8571,0.3197,0.4039,0.0292,0.7527,-0.6577,-0.5143,0.5755,0.6358),
      ["LeftLowerLeg"] = CFrame.new(0.0000,-0.0000,-0.0000,1.0000,-0.0000,0.0000,-0.0000,0.1214,0.9926,-0.0000,-0.9926,0.1214),
      ["LeftFoot"] = CFrame.new(0.0000,0.0000,-0.0000,1.0000,-0.0000,0.0000,0.0000,0.9931,-0.1175,-0.0000,0.1175,0.9931),
      ["RightUpperLeg"] = CFrame.new(-0.0000,0.0000,-0.0000,0.8674,-0.3956,-0.3017,0.0997,0.7323,-0.6737,0.4874,0.5543,0.6747),
      ["RightLowerLeg"] = CFrame.new(-0.0001,0.0000,0.0000,1.0000,0.0000,-0.0000,0.0000,0.0631,0.9980,0.0000,-0.9980,0.0631),
      ["RightFoot"] = CFrame.new(-0.0000,0.0000,0.0000,1.0000,0.0000,-0.0000,-0.0000,0.9988,-0.0481,0.0000,0.0481,0.9988),
    }},
    {Time = 4.900, Data = {
      ["HumanoidRootPart"] = CFrame.new(0.0000,0.0000,0.0000,1.0000,0.0000,0.0000,0.0000,1.0000,0.0000,0.0000,0.0000,1.0000),
      ["LowerTorso"] = CFrame.new(0.0000,2.4253,0.0000,-0.9982,0.0598,-0.0000,-0.0598,-0.9982,-0.0000,-0.0000,-0.0000,1.0000),
      ["UpperTorso"] = CFrame.new(0.0000,0.0000,0.0000,0.9879,-0.1550,0.0000,0.1550,0.9879,-0.0000,0.0000,0.0000,1.0000),
      ["LeftUpperArm"] = CFrame.new(0.0000,0.0000,0.0000,0.2452,0.6374,-0.7304,-0.2287,-0.6941,-0.6825,-0.9421,0.3344,-0.0244),
      ["LeftLowerArm"] = CFrame.new(0.0000,-0.0000,0.0000,1.0000,0.0000,-0.0000,-0.0000,0.3017,-0.9534,-0.0000,0.9534,0.3017),
      ["LeftHand"] = CFrame.new(-0.0000,0.0000,0.0000,1.0000,0.0000,-0.0000,-0.0000,0.9218,-0.3877,0.0000,0.3877,0.9218),
      ["Head"] = CFrame.new(0.0000,2.0000,0.0000,-1.0000,-0.0000,-0.0000,0.0000,-1.0000,0.0000,-0.0000,0.0000,1.0000),
      ["RightUpperArm"] = CFrame.new(0.0001,0.0000,-0.0000,0.2158,-0.6275,0.7481,0.1582,-0.7336,-0.6609,0.9635,0.2610,-0.0590),
      ["RightLowerArm"] = CFrame.new(0.0000,-0.0000,-0.0000,1.0000,-0.0000,0.0000,0.0000,0.3653,-0.9309,0.0000,0.9309,0.3653),
      ["RightHand"] = CFrame.new(0.0000,0.0000,-0.0000,1.0000,-0.0000,0.0000,0.0000,0.8951,-0.4459,-0.0000,0.4459,0.8951),
      ["LeftUpperLeg"] = CFrame.new(0.0000,-0.0000,-0.0000,0.8571,0.3188,0.4046,0.0292,0.7542,-0.6560,-0.5143,0.5741,0.6371),
      ["LeftLowerLeg"] = CFrame.new(0.0000,-0.0000,-0.0000,1.0000,-0.0000,0.0000,-0.0000,0.1331,0.9911,-0.0000,-0.9911,0.1331),
      ["LeftFoot"] = CFrame.new(0.0000,0.0000,-0.0000,1.0000,-0.0000,0.0000,0.0000,0.9931,-0.1175,-0.0000,0.1175,0.9931),
      ["RightUpperLeg"] = CFrame.new(-0.0000,0.0000,-0.0000,0.8675,-0.3948,-0.3027,0.0997,0.7340,-0.6718,0.4874,0.5526,0.6761),
      ["RightLowerLeg"] = CFrame.new(-0.0001,0.0000,0.0000,1.0000,0.0000,-0.0000,0.0000,0.0726,0.9974,0.0000,-0.9974,0.0726),
      ["RightFoot"] = CFrame.new(-0.0000,0.0000,0.0000,1.0000,0.0000,-0.0000,-0.0000,0.9988,-0.0481,0.0000,0.0481,0.9988),
    }},
    {Time = 4.933, Data = {
      ["HumanoidRootPart"] = CFrame.new(0.0000,0.0000,0.0000,1.0000,0.0000,0.0000,0.0000,1.0000,0.0000,0.0000,0.0000,1.0000),
      ["LowerTorso"] = CFrame.new(0.0000,2.4501,0.0000,-0.9983,0.0581,-0.0000,-0.0581,-0.9983,-0.0000,-0.0000,-0.0000,1.0000),
      ["UpperTorso"] = CFrame.new(0.0000,0.0000,0.0000,0.9886,-0.1506,0.0000,0.1506,0.9886,-0.0000,0.0000,0.0000,1.0000),
      ["LeftUpperArm"] = CFrame.new(0.0000,0.0000,0.0000,0.2453,0.6409,-0.7274,-0.2287,-0.6908,-0.6859,-0.9421,0.3346,-0.0228),
      ["LeftLowerArm"] = CFrame.new(0.0000,-0.0000,0.0000,1.0000,0.0000,-0.0000,-0.0000,0.2941,-0.9558,-0.0000,0.9558,0.2941),
      ["LeftHand"] = CFrame.new(-0.0000,0.0000,0.0000,1.0000,0.0000,-0.0000,-0.0000,0.9249,-0.3803,0.0000,0.3803,0.9249),
      ["Head"] = CFrame.new(0.0000,2.0000,0.0000,-1.0000,-0.0000,-0.0000,0.0000,-1.0000,0.0000,-0.0000,0.0000,1.0000),
      ["RightUpperArm"] = CFrame.new(0.0001,0.0000,-0.0000,0.2158,-0.6302,0.7458,0.1582,-0.7312,-0.6636,0.9635,0.2612,-0.0581),
      ["RightLowerArm"] = CFrame.new(0.0000,-0.0000,-0.0000,1.0000,-0.0000,0.0000,0.0000,0.3579,-0.9338,0.0000,0.9338,0.3579),
      ["RightHand"] = CFrame.new(0.0000,0.0000,-0.0000,1.0000,-0.0000,0.0000,0.0000,0.8995,-0.4369,-0.0000,0.4369,0.8995),
      ["LeftUpperLeg"] = CFrame.new(0.0000,-0.0000,-0.0000,0.8571,0.3179,0.4053,0.0292,0.7556,-0.6544,-0.5143,0.5727,0.6384),
      ["LeftLowerLeg"] = CFrame.new(0.0000,-0.0000,-0.0000,1.0000,-0.0000,0.0000,-0.0000,0.1448,0.9895,-0.0000,-0.9895,0.1448),
      ["LeftFoot"] = CFrame.new(0.0000,0.0000,-0.0000,1.0000,-0.0000,0.0000,0.0000,0.9931,-0.1175,-0.0000,0.1175,0.9931),
      ["RightUpperLeg"] = CFrame.new(-0.0000,0.0000,-0.0000,0.8675,-0.3941,-0.3037,0.0997,0.7357,-0.6699,0.4874,0.5508,0.6775),
      ["RightLowerLeg"] = CFrame.new(-0.0001,0.0000,0.0000,1.0000,0.0000,-0.0000,0.0000,0.0823,0.9966,0.0000,-0.9966,0.0823),
      ["RightFoot"] = CFrame.new(-0.0000,0.0000,0.0000,1.0000,0.0000,-0.0000,-0.0000,0.9988,-0.0481,0.0000,0.0481,0.9988),
    }},
    {Time = 4.967, Data = {
      ["HumanoidRootPart"] = CFrame.new(0.0000,0.0000,0.0000,1.0000,0.0000,0.0000,0.0000,1.0000,0.0000,0.0000,0.0000,1.0000),
      ["LowerTorso"] = CFrame.new(0.0000,2.4750,0.0000,-0.9984,0.0563,0.0000,-0.0563,-0.9984,0.0000,0.0000,0.0000,1.0000),
      ["UpperTorso"] = CFrame.new(0.0000,0.0000,0.0000,0.9893,-0.1460,0.0000,0.1460,0.9893,-0.0000,0.0000,0.0000,1.0000),
      ["LeftUpperArm"] = CFrame.new(0.0000,0.0000,0.0000,0.2453,0.6444,-0.7242,-0.2287,-0.6875,-0.6892,-0.9421,0.3347,-0.0213),
      ["LeftLowerArm"] = CFrame.new(0.0000,-0.0000,0.0000,1.0000,0.0000,-0.0000,-0.0000,0.2864,-0.9581,-0.0000,0.9581,0.2864),
      ["LeftHand"] = CFrame.new(-0.0000,0.0000,0.0000,1.0000,0.0000,-0.0000,-0.0000,0.9279,-0.3728,0.0000,0.3728,0.9279),
      ["Head"] = CFrame.new(0.0000,2.0000,0.0000,-1.0000,-0.0000,-0.0000,0.0000,-1.0000,0.0000,-0.0000,0.0000,1.0000),
      ["RightUpperArm"] = CFrame.new(0.0001,0.0000,-0.0000,0.2158,-0.6330,0.7435,0.1582,-0.7287,-0.6663,0.9635,0.2614,-0.0572),
      ["RightLowerArm"] = CFrame.new(0.0000,-0.0000,-0.0000,1.0000,-0.0000,0.0000,0.0000,0.3504,-0.9366,0.0000,0.9366,0.3504),
      ["RightHand"] = CFrame.new(0.0000,0.0000,-0.0000,1.0000,-0.0000,0.0000,0.0000,0.9038,-0.4279,-0.0000,0.4279,0.9038),
      ["LeftUpperLeg"] = CFrame.new(0.0000,-0.0000,-0.0000,0.8571,0.3170,0.4060,0.0292,0.7571,-0.6527,-0.5143,0.5713,0.6397),
      ["LeftLowerLeg"] = CFrame.new(0.0000,-0.0000,-0.0000,1.0000,-0.0000,0.0000,-0.0000,0.1566,0.9877,-0.0000,-0.9877,0.1566),
      ["LeftFoot"] = CFrame.new(0.0000,0.0000,-0.0000,1.0000,-0.0000,0.0000,0.0000,0.9931,-0.1175,-0.0000,0.1175,0.9931),
      ["RightUpperLeg"] = CFrame.new(-0.0000,0.0000,-0.0000,0.8675,-0.3933,-0.3047,0.0997,0.7375,-0.6680,0.4874,0.5491,0.6789),
      ["RightLowerLeg"] = CFrame.new(-0.0001,0.0000,0.0000,1.0000,0.0000,-0.0000,0.0000,0.0919,0.9958,0.0000,-0.9958,0.0919),
      ["RightFoot"] = CFrame.new(-0.0000,0.0000,0.0000,1.0000,0.0000,-0.0000,-0.0000,0.9988,-0.0481,0.0000,0.0481,0.9988),
    }},
    {Time = 5.000, Data = {
      ["HumanoidRootPart"] = CFrame.new(0.0000,0.0000,0.0000,1.0000,0.0000,0.0000,0.0000,1.0000,0.0000,0.0000,0.0000,1.0000),
      ["LowerTorso"] = CFrame.new(0.0000,2.5000,0.0000,-0.9985,0.0545,-0.0000,-0.0545,-0.9985,-0.0000,-0.0000,-0.0000,1.0000),
      ["UpperTorso"] = CFrame.new(0.0000,0.0000,0.0000,0.9900,-0.1413,0.0000,0.1413,0.9900,-0.0000,0.0000,0.0000,1.0000),
      ["LeftUpperArm"] = CFrame.new(0.0000,0.0000,0.0000,0.2453,0.6479,-0.7211,-0.2287,-0.6842,-0.6925,-0.9421,0.3348,-0.0196),
      ["LeftLowerArm"] = CFrame.new(0.0000,-0.0000,0.0000,1.0000,0.0000,-0.0000,-0.0000,0.2786,-0.9604,-0.0000,0.9604,0.2786),
      ["LeftHand"] = CFrame.new(-0.0000,0.0000,0.0000,1.0000,0.0000,-0.0000,-0.0000,0.9309,-0.3653,0.0000,0.3653,0.9309),
      ["Head"] = CFrame.new(0.0000,2.0000,0.0000,-1.0000,-0.0000,-0.0000,0.0000,-1.0000,0.0000,-0.0000,0.0000,1.0000),
      ["RightUpperArm"] = CFrame.new(0.0001,0.0000,-0.0000,0.2158,-0.6357,0.7411,0.1581,-0.7262,-0.6690,0.9635,0.2616,-0.0562),
      ["RightLowerArm"] = CFrame.new(0.0000,-0.0000,-0.0000,1.0000,-0.0000,0.0000,0.0000,0.3429,-0.9394,0.0000,0.9394,0.3429),
      ["RightHand"] = CFrame.new(0.0000,0.0000,-0.0000,1.0000,-0.0000,0.0000,0.0000,0.9081,-0.4187,-0.0000,0.4187,0.9081),
      ["LeftUpperLeg"] = CFrame.new(0.0000,-0.0000,-0.0000,0.8571,0.3161,0.4067,0.0292,0.7585,-0.6510,-0.5143,0.5698,0.6409),
      ["LeftLowerLeg"] = CFrame.new(0.0000,-0.0000,-0.0000,1.0000,-0.0000,0.0000,-0.0000,0.1684,0.9857,-0.0000,-0.9857,0.1684),
      ["LeftFoot"] = CFrame.new(0.0000,0.0000,-0.0000,1.0000,-0.0000,0.0000,0.0000,0.9931,-0.1175,-0.0000,0.1175,0.9931),
      ["RightUpperLeg"] = CFrame.new(-0.0000,0.0000,-0.0000,0.8675,-0.3925,-0.3057,0.0997,0.7392,-0.6661,0.4874,0.5473,0.6804),
      ["RightLowerLeg"] = CFrame.new(-0.0001,0.0000,0.0000,1.0000,0.0000,-0.0000,0.0000,0.1016,0.9948,0.0000,-0.9948,0.1016),
      ["RightFoot"] = CFrame.new(-0.0000,0.0000,0.0000,1.0000,0.0000,-0.0000,-0.0000,0.9988,-0.0481,0.0000,0.0481,0.9988),
    }},
    {Time = 5.033, Data = {
      ["HumanoidRootPart"] = CFrame.new(0.0000,0.0000,0.0000,1.0000,0.0000,0.0000,0.0000,1.0000,0.0000,0.0000,0.0000,1.0000),
      ["LowerTorso"] = CFrame.new(0.0000,2.5250,0.0000,-0.9986,0.0527,-0.0000,-0.0527,-0.9986,-0.0000,-0.0000,-0.0000,1.0000),
      ["UpperTorso"] = CFrame.new(0.0000,0.0000,0.0000,0.9906,-0.1366,0.0000,0.1366,0.9906,-0.0000,0.0000,0.0000,1.0000),
      ["LeftUpperArm"] = CFrame.new(0.0000,0.0000,0.0000,0.2453,0.6514,-0.7180,-0.2287,-0.6808,-0.6959,-0.9421,0.3349,-0.0180),
      ["LeftLowerArm"] = CFrame.new(0.0000,-0.0000,0.0000,1.0000,0.0000,-0.0000,-0.0000,0.2709,-0.9626,-0.0000,0.9626,0.2709),
      ["LeftHand"] = CFrame.new(-0.0000,0.0000,0.0000,1.0000,0.0000,-0.0000,-0.0000,0.9338,-0.3577,0.0000,0.3577,0.9338),
      ["Head"] = CFrame.new(0.0000,2.0000,0.0000,-1.0000,-0.0000,-0.0000,0.0000,-1.0000,0.0000,-0.0000,0.0000,1.0000),
      ["RightUpperArm"] = CFrame.new(0.0001,0.0000,-0.0000,0.2158,-0.6384,0.7388,0.1581,-0.7238,-0.6717,0.9635,0.2618,-0.0552),
      ["RightLowerArm"] = CFrame.new(0.0000,-0.0000,-0.0000,1.0000,-0.0000,0.0000,0.0000,0.3354,-0.9421,0.0000,0.9421,0.3354),
      ["RightHand"] = CFrame.new(0.0000,0.0000,-0.0000,1.0000,-0.0000,0.0000,0.0000,0.9123,-0.4095,-0.0000,0.4095,0.9123),
      ["LeftUpperLeg"] = CFrame.new(0.0000,-0.0000,-0.0000,0.8571,0.3152,0.4074,0.0292,0.7600,-0.6493,-0.5143,0.5684,0.6422),
      ["LeftLowerLeg"] = CFrame.new(0.0000,-0.0000,-0.0000,1.0000,-0.0000,0.0000,-0.0000,0.1801,0.9836,-0.0000,-0.9836,0.1801),
      ["LeftFoot"] = CFrame.new(0.0000,0.0000,-0.0000,1.0000,-0.0000,0.0000,0.0000,0.9931,-0.1175,-0.0000,0.1175,0.9931),
      ["RightUpperLeg"] = CFrame.new(-0.0000,0.0000,-0.0000,0.8675,-0.3917,-0.3068,0.0997,0.7409,-0.6641,0.4874,0.5455,0.6818),
      ["RightLowerLeg"] = CFrame.new(-0.0001,0.0000,0.0000,1.0000,0.0000,-0.0000,0.0000,0.1113,0.9938,0.0000,-0.9938,0.1113),
      ["RightFoot"] = CFrame.new(-0.0000,0.0000,0.0000,1.0000,0.0000,-0.0000,-0.0000,0.9988,-0.0481,0.0000,0.0481,0.9988),
    }},
    {Time = 5.067, Data = {
      ["HumanoidRootPart"] = CFrame.new(0.0000,0.0000,0.0000,1.0000,0.0000,0.0000,0.0000,1.0000,0.0000,0.0000,0.0000,1.0000),
      ["LowerTorso"] = CFrame.new(0.0000,2.5499,0.0000,-0.9987,0.0508,-0.0000,-0.0508,-0.9987,-0.0000,-0.0000,-0.0000,1.0000),
      ["UpperTorso"] = CFrame.new(0.0000,0.0000,0.0000,0.9913,-0.1319,0.0000,0.1319,0.9913,-0.0000,0.0000,0.0000,1.0000),
      ["LeftUpperArm"] = CFrame.new(0.0000,0.0000,0.0000,0.2453,0.6549,-0.7148,-0.2287,-0.6774,-0.6991,-0.9421,0.3349,-0.0164),
      ["LeftLowerArm"] = CFrame.new(0.0000,-0.0000,0.0000,1.0000,0.0000,-0.0000,-0.0000,0.2631,-0.9648,-0.0000,0.9648,0.2631),
      ["LeftHand"] = CFrame.new(-0.0000,0.0000,0.0000,1.0000,0.0000,-0.0000,-0.0000,0.9367,-0.3502,0.0000,0.3502,0.9367),
      ["Head"] = CFrame.new(0.0000,2.0000,0.0000,-1.0000,-0.0000,-0.0000,0.0000,-1.0000,0.0000,-0.0000,0.0000,1.0000),
      ["RightUpperArm"] = CFrame.new(0.0001,0.0000,-0.0000,0.2158,-0.6412,0.7364,0.1581,-0.7213,-0.6743,0.9635,0.2620,-0.0543),
      ["RightLowerArm"] = CFrame.new(0.0000,-0.0000,-0.0000,1.0000,-0.0000,0.0000,0.0000,0.3279,-0.9447,0.0000,0.9447,0.3279),
      ["RightHand"] = CFrame.new(0.0000,0.0000,-0.0000,1.0000,-0.0000,0.0000,0.0000,0.9164,-0.4003,-0.0000,0.4003,0.9164),
      ["LeftUpperLeg"] = CFrame.new(0.0000,-0.0000,-0.0000,0.8571,0.3143,0.4081,0.0292,0.7614,-0.6476,-0.5143,0.5670,0.6434),
      ["LeftLowerLeg"] = CFrame.new(0.0000,-0.0000,-0.0000,1.0000,-0.0000,0.0000,-0.0000,0.1918,0.9814,-0.0000,-0.9814,0.1918),
      ["LeftFoot"] = CFrame.new(0.0000,0.0000,-0.0000,1.0000,-0.0000,0.0000,0.0000,0.9931,-0.1175,-0.0000,0.1175,0.9931),
      ["RightUpperLeg"] = CFrame.new(-0.0000,0.0000,-0.0000,0.8675,-0.3909,-0.3078,0.0997,0.7427,-0.6622,0.4874,0.5438,0.6832),
      ["RightLowerLeg"] = CFrame.new(-0.0001,0.0000,0.0000,1.0000,0.0000,-0.0000,0.0000,0.1209,0.9927,0.0000,-0.9927,0.1209),
      ["RightFoot"] = CFrame.new(-0.0000,0.0000,0.0000,1.0000,0.0000,-0.0000,-0.0000,0.9988,-0.0481,0.0000,0.0481,0.9988),
    }},
    {Time = 5.100, Data = {
      ["HumanoidRootPart"] = CFrame.new(0.0000,0.0000,0.0000,1.0000,0.0000,0.0000,0.0000,1.0000,0.0000,0.0000,0.0000,1.0000),
      ["LowerTorso"] = CFrame.new(0.0000,2.5747,0.0000,-0.9988,0.0490,-0.0000,-0.0490,-0.9988,-0.0000,-0.0000,-0.0000,1.0000),
      ["UpperTorso"] = CFrame.new(0.0000,0.0000,0.0000,0.9919,-0.1270,0.0000,0.1270,0.9919,-0.0000,0.0000,0.0000,1.0000),
      ["LeftUpperArm"] = CFrame.new(0.0000,0.0000,0.0000,0.2452,0.6584,-0.7116,-0.2287,-0.6740,-0.7024,-0.9421,0.3350,-0.0147),
      ["LeftLowerArm"] = CFrame.new(-0.0000,-0.0000,0.0000,1.0000,0.0000,-0.0000,-0.0000,0.2554,-0.9668,-0.0000,0.9668,0.2554),
      ["LeftHand"] = CFrame.new(-0.0000,0.0000,0.0000,1.0000,0.0000,-0.0000,-0.0000,0.9395,-0.3426,0.0000,0.3426,0.9395),
      ["Head"] = CFrame.new(0.0000,2.0000,0.0000,-1.0000,-0.0000,-0.0000,0.0000,-1.0000,0.0000,-0.0000,0.0000,1.0000),
      ["RightUpperArm"] = CFrame.new(0.0001,0.0000,-0.0000,0.2158,-0.6439,0.7341,0.1582,-0.7188,-0.6770,0.9635,0.2622,-0.0533),
      ["RightLowerArm"] = CFrame.new(0.0000,-0.0000,-0.0000,1.0000,-0.0000,0.0000,0.0000,0.3204,-0.9473,0.0000,0.9473,0.3204),
      ["RightHand"] = CFrame.new(0.0000,0.0000,-0.0000,1.0000,-0.0000,0.0000,0.0000,0.9203,-0.3911,-0.0000,0.3911,0.9203),
      ["LeftUpperLeg"] = CFrame.new(0.0000,-0.0000,-0.0000,0.8571,0.3134,0.4088,0.0292,0.7628,-0.6459,-0.5143,0.5656,0.6447),
      ["LeftLowerLeg"] = CFrame.new(0.0000,-0.0000,-0.0000,1.0000,-0.0000,0.0000,-0.0000,0.2035,0.9791,-0.0000,-0.9791,0.2035),
      ["LeftFoot"] = CFrame.new(0.0000,0.0000,-0.0000,1.0000,-0.0000,0.0000,0.0000,0.9931,-0.1175,-0.0000,0.1175,0.9931),
      ["RightUpperLeg"] = CFrame.new(-0.0000,0.0000,-0.0000,0.8675,-0.3901,-0.3088,0.0997,0.7444,-0.6603,0.4874,0.5420,0.6846),
      ["RightLowerLeg"] = CFrame.new(-0.0001,0.0000,0.0000,1.0000,0.0000,-0.0000,0.0000,0.1305,0.9915,0.0000,-0.9915,0.1305),
      ["RightFoot"] = CFrame.new(-0.0000,0.0000,0.0000,1.0000,0.0000,-0.0000,-0.0000,0.9988,-0.0481,0.0000,0.0481,0.9988),
    }},
    {Time = 5.133, Data = {
      ["HumanoidRootPart"] = CFrame.new(0.0000,0.0000,0.0000,1.0000,0.0000,0.0000,0.0000,1.0000,0.0000,0.0000,0.0000,1.0000),
      ["LowerTorso"] = CFrame.new(0.0000,2.5994,0.0000,-0.9989,0.0471,-0.0000,-0.0471,-0.9989,-0.0000,-0.0000,-0.0000,1.0000),
      ["UpperTorso"] = CFrame.new(0.0000,0.0000,0.0000,0.9925,-0.1222,0.0000,0.1222,0.9925,-0.0000,0.0000,0.0000,1.0000),
      ["LeftUpperArm"] = CFrame.new(0.0000,0.0000,0.0000,0.2452,0.6618,-0.7085,-0.2287,-0.6707,-0.7056,-0.9421,0.3350,-0.0131),
      ["LeftLowerArm"] = CFrame.new(-0.0000,-0.0000,0.0000,1.0000,0.0000,-0.0000,-0.0000,0.2477,-0.9688,-0.0000,0.9688,0.2477),
      ["LeftHand"] = CFrame.new(-0.0000,0.0000,0.0000,1.0000,0.0000,-0.0000,-0.0000,0.9422,-0.3351,0.0000,0.3351,0.9422),
      ["Head"] = CFrame.new(0.0000,2.0000,0.0000,-1.0000,-0.0000,-0.0000,0.0000,-1.0000,0.0000,-0.0000,0.0000,1.0000),
      ["RightUpperArm"] = CFrame.new(0.0001,0.0000,-0.0000,0.2158,-0.6465,0.7317,0.1582,-0.7164,-0.6796,0.9636,0.2624,-0.0523),
      ["RightLowerArm"] = CFrame.new(0.0000,-0.0000,-0.0000,1.0000,-0.0000,0.0000,0.0000,0.3129,-0.9498,0.0000,0.9498,0.3129),
      ["RightHand"] = CFrame.new(0.0000,0.0000,-0.0000,1.0000,-0.0000,0.0000,0.0000,0.9242,-0.3819,-0.0000,0.3819,0.9242),
      ["LeftUpperLeg"] = CFrame.new(0.0000,-0.0000,-0.0000,0.8571,0.3125,0.4095,0.0292,0.7643,-0.6442,-0.5143,0.5641,0.6459),
      ["LeftLowerLeg"] = CFrame.new(0.0000,-0.0000,-0.0000,1.0000,-0.0000,0.0000,-0.0000,0.2150,0.9766,-0.0000,-0.9766,0.2150),
      ["LeftFoot"] = CFrame.new(0.0000,0.0000,-0.0000,1.0000,-0.0000,0.0000,0.0000,0.9931,-0.1175,-0.0000,0.1175,0.9931),
      ["RightUpperLeg"] = CFrame.new(-0.0000,0.0000,-0.0000,0.8674,-0.3893,-0.3098,0.0997,0.7461,-0.6584,0.4874,0.5402,0.6860),
      ["RightLowerLeg"] = CFrame.new(-0.0001,0.0000,0.0000,1.0000,0.0000,-0.0000,0.0000,0.1400,0.9902,0.0000,-0.9902,0.1400),
      ["RightFoot"] = CFrame.new(-0.0000,0.0000,0.0000,1.0000,0.0000,-0.0000,-0.0000,0.9988,-0.0481,0.0000,0.0481,0.9988),
    }},
    {Time = 5.167, Data = {
      ["HumanoidRootPart"] = CFrame.new(0.0000,0.0000,0.0000,1.0000,0.0000,0.0000,0.0000,1.0000,0.0000,0.0000,0.0000,1.0000),
      ["LowerTorso"] = CFrame.new(0.0000,2.6238,0.0000,-0.9990,0.0452,-0.0000,-0.0452,-0.9990,-0.0000,-0.0000,-0.0000,1.0000),
      ["UpperTorso"] = CFrame.new(0.0000,0.0000,0.0000,0.9931,-0.1172,0.0000,0.1172,0.9931,-0.0000,0.0000,0.0000,1.0000),
      ["LeftUpperArm"] = CFrame.new(0.0000,0.0000,0.0000,0.2451,0.6651,-0.7054,-0.2287,-0.6673,-0.7088,-0.9421,0.3350,-0.0114),
      ["LeftLowerArm"] = CFrame.new(-0.0000,-0.0000,0.0000,1.0000,0.0000,-0.0000,-0.0000,0.2400,-0.9708,-0.0000,0.9708,0.2400),
      ["LeftHand"] = CFrame.new(-0.0000,0.0000,0.0000,1.0000,0.0000,-0.0000,-0.0000,0.9448,-0.3276,0.0000,0.3276,0.9448),
      ["Head"] = CFrame.new(0.0000,2.0000,0.0000,-1.0000,-0.0000,-0.0000,0.0000,-1.0000,0.0000,-0.0000,0.0000,1.0000),
      ["RightUpperArm"] = CFrame.new(0.0001,0.0000,-0.0000,0.2157,-0.6492,0.7294,0.1582,-0.7139,-0.6822,0.9636,0.2625,-0.0513),
      ["RightLowerArm"] = CFrame.new(0.0000,0.0000,-0.0000,1.0000,-0.0000,0.0000,0.0000,0.3055,-0.9522,0.0000,0.9522,0.3055),
      ["RightHand"] = CFrame.new(0.0000,0.0000,-0.0000,1.0000,-0.0000,0.0000,0.0000,0.9279,-0.3728,-0.0000,0.3728,0.9279),
      ["LeftUpperLeg"] = CFrame.new(0.0000,-0.0000,-0.0000,0.8571,0.3116,0.4102,0.0292,0.7657,-0.6426,-0.5143,0.5627,0.6472),
      ["LeftLowerLeg"] = CFrame.new(0.0000,-0.0000,-0.0000,1.0000,-0.0000,0.0000,-0.0000,0.2264,0.9740,-0.0000,-0.9740,0.2264),
      ["LeftFoot"] = CFrame.new(0.0000,0.0000,-0.0000,1.0000,-0.0000,0.0000,0.0000,0.9931,-0.1175,-0.0000,0.1175,0.9931),
      ["RightUpperLeg"] = CFrame.new(-0.0000,0.0000,-0.0000,0.8674,-0.3885,-0.3108,0.0997,0.7477,-0.6565,0.4875,0.5385,0.6873),
      ["RightLowerLeg"] = CFrame.new(-0.0001,0.0000,0.0000,1.0000,0.0000,-0.0000,0.0000,0.1494,0.9888,0.0000,-0.9888,0.1494),
      ["RightFoot"] = CFrame.new(-0.0000,0.0000,0.0000,1.0000,0.0000,-0.0000,-0.0000,0.9988,-0.0481,0.0000,0.0481,0.9988),
    }},
    {Time = 5.200, Data = {
      ["HumanoidRootPart"] = CFrame.new(0.0000,0.0000,0.0000,1.0000,0.0000,0.0000,0.0000,1.0000,0.0000,0.0000,0.0000,1.0000),
      ["LowerTorso"] = CFrame.new(0.0000,2.6480,0.0000,-0.9991,0.0433,-0.0000,-0.0433,-0.9991,-0.0000,-0.0000,-0.0000,1.0000),
      ["UpperTorso"] = CFrame.new(0.0000,0.0000,0.0000,0.9937,-0.1123,0.0000,0.1123,0.9937,-0.0000,0.0000,0.0000,1.0000),
      ["LeftUpperArm"] = CFrame.new(0.0000,0.0000,0.0000,0.2450,0.6685,-0.7022,-0.2288,-0.6640,-0.7119,-0.9422,0.3350,-0.0098),
      ["LeftLowerArm"] = CFrame.new(-0.0000,-0.0000,0.0000,1.0000,0.0000,-0.0000,-0.0000,0.2325,-0.9726,-0.0000,0.9726,0.2325),
      ["LeftHand"] = CFrame.new(-0.0000,0.0000,0.0000,1.0000,0.0000,-0.0000,-0.0000,0.9473,-0.3202,0.0000,0.3202,0.9473),
      ["Head"] = CFrame.new(0.0000,2.0000,0.0000,-1.0000,-0.0000,-0.0000,0.0000,-1.0000,0.0000,-0.0000,0.0000,1.0000),
      ["RightUpperArm"] = CFrame.new(0.0001,0.0000,-0.0000,0.2157,-0.6518,0.7271,0.1582,-0.7115,-0.6847,0.9636,0.2627,-0.0503),
      ["RightLowerArm"] = CFrame.new(0.0000,0.0000,-0.0000,1.0000,-0.0000,0.0000,0.0000,0.2981,-0.9545,0.0000,0.9545,0.2981),
      ["RightHand"] = CFrame.new(0.0000,0.0000,-0.0000,1.0000,-0.0000,0.0000,0.0000,0.9315,-0.3637,-0.0000,0.3637,0.9315),
      ["LeftUpperLeg"] = CFrame.new(0.0000,-0.0000,-0.0000,0.8571,0.3107,0.4109,0.0292,0.7670,-0.6409,-0.5143,0.5613,0.6484),
      ["LeftLowerLeg"] = CFrame.new(0.0000,-0.0000,-0.0000,1.0000,-0.0000,0.0000,-0.0000,0.2376,0.9714,-0.0000,-0.9714,0.2376),
      ["LeftFoot"] = CFrame.new(0.0000,0.0000,-0.0000,1.0000,-0.0000,0.0000,0.0000,0.9931,-0.1175,-0.0000,0.1175,0.9931),
      ["RightUpperLeg"] = CFrame.new(-0.0000,0.0000,-0.0000,0.8674,-0.3878,-0.3118,0.0997,0.7494,-0.6546,0.4875,0.5368,0.6887),
      ["RightLowerLeg"] = CFrame.new(-0.0001,0.0000,0.0000,1.0000,0.0000,-0.0000,0.0000,0.1587,0.9873,0.0000,-0.9873,0.1587),
      ["RightFoot"] = CFrame.new(-0.0000,0.0000,0.0000,1.0000,0.0000,-0.0000,-0.0000,0.9988,-0.0481,0.0000,0.0481,0.9988),
    }},
    {Time = 5.233, Data = {
      ["HumanoidRootPart"] = CFrame.new(0.0000,0.0000,0.0000,1.0000,0.0000,0.0000,0.0000,1.0000,0.0000,0.0000,0.0000,1.0000),
      ["LowerTorso"] = CFrame.new(0.0000,2.6718,0.0000,-0.9991,0.0413,-0.0000,-0.0413,-0.9991,-0.0000,-0.0000,-0.0000,1.0000),
      ["UpperTorso"] = CFrame.new(0.0000,0.0000,0.0000,0.9942,-0.1073,0.0000,0.1073,0.9942,-0.0000,0.0000,0.0000,1.0000),
      ["LeftUpperArm"] = CFrame.new(0.0000,0.0000,0.0000,0.2449,0.6717,-0.6991,-0.2288,-0.6607,-0.7149,-0.9422,0.3350,-0.0081),
      ["LeftLowerArm"] = CFrame.new(-0.0000,-0.0000,0.0000,1.0000,0.0000,-0.0000,-0.0000,0.2250,-0.9744,-0.0000,0.9744,0.2250),
      ["LeftHand"] = CFrame.new(-0.0000,0.0000,0.0000,1.0000,0.0000,-0.0000,-0.0000,0.9498,-0.3129,0.0000,0.3129,0.9498),
      ["Head"] = CFrame.new(0.0000,2.0000,0.0000,-1.0000,-0.0000,-0.0000,0.0000,-1.0000,0.0000,-0.0000,0.0000,1.0000),
      ["RightUpperArm"] = CFrame.new(0.0001,0.0000,-0.0000,0.2156,-0.6544,0.7248,0.1582,-0.7090,-0.6872,0.9636,0.2628,-0.0494),
      ["RightLowerArm"] = CFrame.new(0.0000,0.0000,-0.0000,1.0000,-0.0000,0.0000,0.0000,0.2908,-0.9568,0.0000,0.9568,0.2908),
      ["RightHand"] = CFrame.new(0.0000,0.0000,-0.0000,1.0000,-0.0000,0.0000,0.0000,0.9350,-0.3548,-0.0000,0.3548,0.9350),
      ["LeftUpperLeg"] = CFrame.new(0.0000,-0.0000,-0.0000,0.8571,0.3099,0.4116,0.0292,0.7684,-0.6393,-0.5144,0.5599,0.6495),
      ["LeftLowerLeg"] = CFrame.new(0.0000,-0.0000,-0.0000,1.0000,-0.0000,0.0000,-0.0000,0.2486,0.9686,-0.0000,-0.9686,0.2486),
      ["LeftFoot"] = CFrame.new(0.0000,0.0000,-0.0000,1.0000,-0.0000,0.0000,0.0000,0.9931,-0.1175,-0.0000,0.1175,0.9931),
      ["RightUpperLeg"] = CFrame.new(-0.0000,0.0000,-0.0000,0.8674,-0.3870,-0.3128,0.0997,0.7510,-0.6528,0.4875,0.5350,0.6900),
      ["RightLowerLeg"] = CFrame.new(-0.0001,0.0000,0.0000,1.0000,0.0000,-0.0000,0.0000,0.1678,0.9858,0.0000,-0.9858,0.1678),
      ["RightFoot"] = CFrame.new(-0.0000,0.0000,0.0000,1.0000,0.0000,-0.0000,-0.0000,0.9988,-0.0481,0.0000,0.0481,0.9988),
    }},
    {Time = 5.267, Data = {
      ["HumanoidRootPart"] = CFrame.new(0.0000,0.0000,0.0000,1.0000,0.0000,0.0000,0.0000,1.0000,0.0000,0.0000,0.0000,1.0000),
      ["LowerTorso"] = CFrame.new(0.0000,2.6953,0.0000,-0.9992,0.0394,0.0000,-0.0394,-0.9992,0.0000,0.0000,0.0000,1.0000),
      ["UpperTorso"] = CFrame.new(0.0000,0.0000,0.0000,0.9948,-0.1023,0.0000,0.1023,0.9948,-0.0000,0.0000,0.0000,1.0000),
      ["LeftUpperArm"] = CFrame.new(0.0000,0.0000,0.0000,0.2448,0.6749,-0.6961,-0.2288,-0.6574,-0.7179,-0.9422,0.3350,-0.0065),
      ["LeftLowerArm"] = CFrame.new(-0.0000,-0.0000,0.0000,1.0000,0.0000,-0.0000,-0.0000,0.2176,-0.9760,-0.0000,0.9760,0.2176),
      ["LeftHand"] = CFrame.new(-0.0000,0.0000,0.0000,1.0000,0.0000,-0.0000,-0.0000,0.9521,-0.3057,0.0000,0.3057,0.9521),
      ["Head"] = CFrame.new(0.0000,2.0000,0.0000,-1.0000,-0.0000,-0.0000,0.0000,-1.0000,0.0000,-0.0000,0.0000,1.0000),
      ["RightUpperArm"] = CFrame.new(0.0001,0.0000,-0.0000,0.2155,-0.6569,0.7225,0.1582,-0.7067,-0.6896,0.9636,0.2630,-0.0484),
      ["RightLowerArm"] = CFrame.new(0.0000,0.0000,-0.0000,1.0000,-0.0000,0.0000,0.0000,0.2836,-0.9589,0.0000,0.9589,0.2836),
      ["RightHand"] = CFrame.new(0.0000,0.0000,-0.0000,1.0000,-0.0000,0.0000,0.0000,0.9383,-0.3459,-0.0000,0.3459,0.9383),
      ["LeftUpperLeg"] = CFrame.new(0.0000,-0.0000,-0.0000,0.8571,0.3090,0.4122,0.0292,0.7697,-0.6377,-0.5144,0.5586,0.6507),
      ["LeftLowerLeg"] = CFrame.new(0.0000,-0.0000,-0.0000,1.0000,-0.0000,0.0000,-0.0000,0.2595,0.9658,-0.0000,-0.9658,0.2595),
      ["LeftFoot"] = CFrame.new(0.0000,0.0000,-0.0000,1.0000,-0.0000,0.0000,0.0000,0.9931,-0.1175,-0.0000,0.1175,0.9931),
      ["RightUpperLeg"] = CFrame.new(-0.0000,-0.0000,-0.0000,0.8674,-0.3863,-0.3137,0.0997,0.7526,-0.6509,0.4875,0.5334,0.6913),
      ["RightLowerLeg"] = CFrame.new(-0.0001,0.0000,0.0000,1.0000,0.0000,-0.0000,0.0000,0.1768,0.9843,0.0000,-0.9843,0.1768),
      ["RightFoot"] = CFrame.new(-0.0000,0.0000,0.0000,1.0000,0.0000,-0.0000,-0.0000,0.9988,-0.0481,0.0000,0.0481,0.9988),
    }},
    {Time = 5.300, Data = {
      ["HumanoidRootPart"] = CFrame.new(0.0000,0.0000,0.0000,1.0000,0.0000,0.0000,0.0000,1.0000,0.0000,0.0000,0.0000,1.0000),
      ["LowerTorso"] = CFrame.new(0.0000,2.7183,0.0000,-0.9993,0.0375,-0.0000,-0.0375,-0.9993,-0.0000,-0.0000,-0.0000,1.0000),
      ["UpperTorso"] = CFrame.new(0.0000,0.0000,0.0000,0.9953,-0.0973,0.0000,0.0973,0.9953,-0.0000,0.0000,0.0000,1.0000),
      ["LeftUpperArm"] = CFrame.new(0.0000,0.0000,0.0000,0.2446,0.6781,-0.6931,-0.2289,-0.6542,-0.7208,-0.9422,0.3350,-0.0049),
      ["LeftLowerArm"] = CFrame.new(-0.0000,-0.0000,0.0000,1.0000,0.0000,-0.0000,-0.0000,0.2104,-0.9776,-0.0000,0.9776,0.2104),
      ["LeftHand"] = CFrame.new(-0.0000,0.0000,0.0000,1.0000,0.0000,-0.0000,-0.0000,0.9544,-0.2986,0.0000,0.2986,0.9544),
      ["Head"] = CFrame.new(0.0000,2.0000,0.0000,-1.0000,-0.0000,-0.0000,0.0000,-1.0000,0.0000,-0.0000,0.0000,1.0000),
      ["RightUpperArm"] = CFrame.new(0.0001,0.0000,-0.0000,0.2155,-0.6593,0.7203,0.1582,-0.7043,-0.6920,0.9636,0.2631,-0.0474),
      ["RightLowerArm"] = CFrame.new(0.0000,0.0000,-0.0000,1.0000,-0.0000,0.0000,0.0000,0.2766,-0.9610,0.0000,0.9610,0.2766),
      ["RightHand"] = CFrame.new(0.0000,0.0000,-0.0000,1.0000,-0.0000,0.0000,0.0000,0.9414,-0.3372,-0.0000,0.3372,0.9414),
      ["LeftUpperLeg"] = CFrame.new(0.0000,-0.0000,-0.0000,0.8571,0.3082,0.4129,0.0292,0.7710,-0.6361,-0.5144,0.5572,0.6518),
      ["LeftLowerLeg"] = CFrame.new(0.0000,-0.0000,-0.0000,1.0000,-0.0000,0.0000,-0.0000,0.2701,0.9628,-0.0000,-0.9628,0.2701),
      ["LeftFoot"] = CFrame.new(0.0000,0.0000,-0.0000,1.0000,-0.0000,0.0000,0.0000,0.9931,-0.1175,-0.0000,0.1175,0.9931),
      ["RightUpperLeg"] = CFrame.new(-0.0000,-0.0000,-0.0000,0.8674,-0.3855,-0.3146,0.0997,0.7541,-0.6491,0.4875,0.5317,0.6925),
      ["RightLowerLeg"] = CFrame.new(-0.0001,0.0000,0.0000,1.0000,0.0000,-0.0000,0.0000,0.1856,0.9826,0.0000,-0.9826,0.1856),
      ["RightFoot"] = CFrame.new(-0.0000,0.0000,0.0000,1.0000,0.0000,-0.0000,-0.0000,0.9988,-0.0481,0.0000,0.0481,0.9988),
    }},
    {Time = 5.333, Data = {
      ["HumanoidRootPart"] = CFrame.new(0.0000,0.0000,0.0000,1.0000,0.0000,0.0000,0.0000,1.0000,0.0000,0.0000,0.0000,1.0000),
      ["LowerTorso"] = CFrame.new(0.0000,2.7407,0.0000,-0.9994,0.0355,-0.0000,-0.0355,-0.9994,-0.0000,-0.0000,-0.0000,1.0000),
      ["UpperTorso"] = CFrame.new(0.0000,0.0000,0.0000,0.9957,-0.0923,0.0000,0.0923,0.9957,-0.0000,0.0000,0.0000,1.0000),
      ["LeftUpperArm"] = CFrame.new(0.0000,0.0000,0.0000,0.2445,0.6811,-0.6902,-0.2289,-0.6511,-0.7237,-0.9422,0.3349,-0.0033),
      ["LeftLowerArm"] = CFrame.new(-0.0000,-0.0000,0.0000,1.0000,0.0000,-0.0000,-0.0000,0.2033,-0.9791,-0.0000,0.9791,0.2033),
      ["LeftHand"] = CFrame.new(-0.0000,0.0000,0.0000,1.0000,0.0000,-0.0000,-0.0000,0.9565,-0.2916,0.0000,0.2916,0.9565),
      ["Head"] = CFrame.new(0.0000,2.0000,0.0000,-1.0000,-0.0000,-0.0000,0.0000,-1.0000,0.0000,-0.0000,0.0000,1.0000),
      ["RightUpperArm"] = CFrame.new(0.0001,0.0000,-0.0000,0.2154,-0.6617,0.7181,0.1583,-0.7020,-0.6944,0.9636,0.2632,-0.0465),
      ["RightLowerArm"] = CFrame.new(0.0000,0.0000,-0.0000,1.0000,-0.0000,0.0000,0.0000,0.2697,-0.9630,0.0000,0.9630,0.2697),
      ["RightHand"] = CFrame.new(0.0000,0.0000,-0.0000,1.0000,-0.0000,0.0000,0.0000,0.9445,-0.3286,-0.0000,0.3286,0.9445),
      ["LeftUpperLeg"] = CFrame.new(0.0000,-0.0000,-0.0000,0.8570,0.3074,0.4135,0.0292,0.7723,-0.6346,-0.5144,0.5559,0.6529),
      ["LeftLowerLeg"] = CFrame.new(0.0000,-0.0000,-0.0000,1.0000,-0.0000,0.0000,-0.0000,0.2804,0.9599,-0.0000,-0.9599,0.2804),
      ["LeftFoot"] = CFrame.new(0.0000,0.0000,-0.0000,1.0000,-0.0000,0.0000,0.0000,0.9931,-0.1175,-0.0000,0.1175,0.9931),
      ["RightUpperLeg"] = CFrame.new(-0.0000,-0.0000,-0.0000,0.8674,-0.3848,-0.3156,0.0997,0.7556,-0.6474,0.4876,0.5301,0.6938),
      ["RightLowerLeg"] = CFrame.new(-0.0001,0.0000,0.0000,1.0000,0.0000,-0.0000,0.0000,0.1942,0.9810,0.0000,-0.9810,0.1942),
      ["RightFoot"] = CFrame.new(-0.0000,0.0000,0.0000,1.0000,0.0000,-0.0000,-0.0000,0.9988,-0.0481,0.0000,0.0481,0.9988),
    }},
    {Time = 5.367, Data = {
      ["HumanoidRootPart"] = CFrame.new(0.0000,0.0000,0.0000,1.0000,0.0000,0.0000,0.0000,1.0000,0.0000,0.0000,0.0000,1.0000),
      ["LowerTorso"] = CFrame.new(0.0000,2.7627,0.0000,-0.9994,0.0336,-0.0000,-0.0336,-0.9994,-0.0000,-0.0000,-0.0000,1.0000),
      ["UpperTorso"] = CFrame.new(0.0000,0.0000,0.0000,0.9962,-0.0873,0.0000,0.0873,0.9962,-0.0000,0.0000,0.0000,1.0000),
      ["LeftUpperArm"] = CFrame.new(0.0000,0.0000,0.0000,0.2444,0.6841,-0.6873,-0.2290,-0.6480,-0.7264,-0.9423,0.3349,-0.0017),
      ["LeftLowerArm"] = CFrame.new(-0.0000,-0.0000,0.0000,1.0000,0.0000,-0.0000,-0.0000,0.1963,-0.9805,-0.0000,0.9805,0.1963),
      ["LeftHand"] = CFrame.new(-0.0000,0.0000,0.0000,1.0000,0.0000,-0.0000,-0.0000,0.9586,-0.2848,0.0000,0.2848,0.9586),
      ["Head"] = CFrame.new(0.0000,2.0000,0.0000,-1.0000,-0.0000,-0.0000,0.0000,-1.0000,0.0000,-0.0000,0.0000,1.0000),
      ["RightUpperArm"] = CFrame.new(0.0001,0.0000,-0.0000,0.2153,-0.6641,0.7160,0.1583,-0.6998,-0.6966,0.9636,0.2633,-0.0455),
      ["RightLowerArm"] = CFrame.new(0.0000,0.0000,-0.0000,1.0000,-0.0000,0.0000,0.0000,0.2629,-0.9648,0.0000,0.9648,0.2629),
      ["RightHand"] = CFrame.new(0.0000,0.0000,-0.0000,1.0000,-0.0000,0.0000,0.0000,0.9473,-0.3202,-0.0000,0.3202,0.9473),
      ["LeftUpperLeg"] = CFrame.new(0.0000,-0.0000,-0.0000,0.8570,0.3066,0.4141,0.0292,0.7735,-0.6331,-0.5144,0.5546,0.6540),
      ["LeftLowerLeg"] = CFrame.new(0.0000,-0.0000,-0.0000,1.0000,-0.0000,0.0000,-0.0000,0.2904,0.9569,-0.0000,-0.9569,0.2904),
      ["LeftFoot"] = CFrame.new(0.0000,0.0000,-0.0000,1.0000,-0.0000,0.0000,0.0000,0.9931,-0.1175,-0.0000,0.1175,0.9931),
      ["RightUpperLeg"] = CFrame.new(-0.0000,-0.0000,-0.0000,0.8674,-0.3841,-0.3165,0.0997,0.7571,-0.6457,0.4876,0.5285,0.6950),
      ["RightLowerLeg"] = CFrame.new(-0.0001,0.0000,0.0000,1.0000,0.0000,-0.0000,0.0000,0.2025,0.9793,0.0000,-0.9793,0.2025),
      ["RightFoot"] = CFrame.new(-0.0000,0.0000,0.0000,1.0000,0.0000,-0.0000,-0.0000,0.9988,-0.0481,0.0000,0.0481,0.9988),
    }},
    {Time = 5.400, Data = {
      ["HumanoidRootPart"] = CFrame.new(0.0000,0.0000,0.0000,1.0000,0.0000,0.0000,0.0000,1.0000,0.0000,0.0000,0.0000,1.0000),
      ["LowerTorso"] = CFrame.new(0.0000,2.7840,0.0000,-0.9995,0.0317,-0.0000,-0.0317,-0.9995,-0.0000,-0.0000,-0.0000,1.0000),
      ["UpperTorso"] = CFrame.new(0.0000,0.0000,0.0000,0.9966,-0.0823,0.0000,0.0823,0.9966,-0.0000,0.0000,0.0000,1.0000),
      ["LeftUpperArm"] = CFrame.new(0.0000,0.0000,0.0000,0.2442,0.6870,-0.6844,-0.2290,-0.6450,-0.7291,-0.9423,0.3348,-0.0002),
      ["LeftLowerArm"] = CFrame.new(-0.0000,-0.0000,0.0000,1.0000,0.0000,-0.0000,-0.0000,0.1896,-0.9819,-0.0000,0.9819,0.1896),
      ["LeftHand"] = CFrame.new(-0.0000,0.0000,0.0000,1.0000,0.0000,-0.0000,-0.0000,0.9605,-0.2782,0.0000,0.2782,0.9605),
      ["Head"] = CFrame.new(0.0000,2.0000,0.0000,-1.0000,0.0000,-0.0000,-0.0000,-1.0000,0.0000,-0.0000,0.0000,1.0000),
      ["RightUpperArm"] = CFrame.new(0.0001,0.0000,-0.0000,0.2152,-0.6663,0.7139,0.1583,-0.6976,-0.6988,0.9636,0.2634,-0.0446),
      ["RightLowerArm"] = CFrame.new(0.0000,0.0000,-0.0000,1.0000,-0.0000,0.0000,0.0000,0.2563,-0.9666,0.0000,0.9666,0.2563),
      ["RightHand"] = CFrame.new(0.0000,0.0000,-0.0000,1.0000,-0.0000,0.0000,0.0000,0.9501,-0.3121,-0.0000,0.3121,0.9501),
      ["LeftUpperLeg"] = CFrame.new(0.0000,-0.0000,-0.0000,0.8570,0.3058,0.4147,0.0292,0.7747,-0.6316,-0.5145,0.5534,0.6550),
      ["LeftLowerLeg"] = CFrame.new(0.0000,-0.0000,-0.0000,1.0000,-0.0000,0.0000,-0.0000,0.3002,0.9539,-0.0000,-0.9539,0.3002),
      ["LeftFoot"] = CFrame.new(0.0000,0.0000,-0.0000,1.0000,-0.0000,0.0000,0.0000,0.9931,-0.1175,-0.0000,0.1175,0.9931),
      ["RightUpperLeg"] = CFrame.new(-0.0000,-0.0000,-0.0000,0.8673,-0.3834,-0.3173,0.0997,0.7585,-0.6440,0.4876,0.5269,0.6961),
      ["RightLowerLeg"] = CFrame.new(-0.0001,0.0000,0.0000,1.0000,0.0000,-0.0000,0.0000,0.2106,0.9776,0.0000,-0.9776,0.2106),
      ["RightFoot"] = CFrame.new(-0.0000,0.0000,0.0000,1.0000,0.0000,-0.0000,-0.0000,0.9988,-0.0481,0.0000,0.0481,0.9988),
    }},
    {Time = 5.433, Data = {
      ["HumanoidRootPart"] = CFrame.new(0.0000,0.0000,0.0000,1.0000,0.0000,0.0000,0.0000,1.0000,0.0000,0.0000,0.0000,1.0000),
      ["LowerTorso"] = CFrame.new(0.0000,2.8047,0.0000,-0.9996,0.0297,0.0000,-0.0297,-0.9996,0.0000,0.0000,0.0000,1.0000),
      ["UpperTorso"] = CFrame.new(0.0000,0.0000,0.0000,0.9970,-0.0773,0.0000,0.0773,0.9970,-0.0000,0.0000,0.0000,1.0000),
      ["LeftUpperArm"] = CFrame.new(0.0000,0.0000,0.0000,0.2440,0.6897,-0.6817,-0.2291,-0.6421,-0.7316,-0.9423,0.3347,0.0013),
      ["LeftLowerArm"] = CFrame.new(-0.0000,-0.0000,0.0000,1.0000,0.0000,-0.0000,-0.0000,0.1830,-0.9831,-0.0000,0.9831,0.1830),
      ["LeftHand"] = CFrame.new(-0.0000,0.0000,0.0000,1.0000,0.0000,-0.0000,-0.0000,0.9624,-0.2718,0.0000,0.2718,0.9624),
      ["Head"] = CFrame.new(0.0000,2.0000,0.0000,-1.0000,-0.0000,-0.0000,0.0000,-1.0000,0.0000,-0.0000,0.0000,1.0000),
      ["RightUpperArm"] = CFrame.new(0.0001,0.0000,-0.0000,0.2151,-0.6685,0.7119,0.1584,-0.6954,-0.7009,0.9637,0.2635,-0.0437),
      ["RightLowerArm"] = CFrame.new(0.0000,0.0000,-0.0000,1.0000,-0.0000,0.0000,0.0000,0.2499,-0.9683,0.0000,0.9683,0.2499),
      ["RightHand"] = CFrame.new(0.0000,0.0000,-0.0000,1.0000,-0.0000,0.0000,0.0000,0.9526,-0.3041,-0.0000,0.3041,0.9526),
      ["LeftUpperLeg"] = CFrame.new(0.0000,-0.0000,-0.0000,0.8570,0.3051,0.4153,0.0292,0.7759,-0.6302,-0.5145,0.5522,0.6560),
      ["LeftLowerLeg"] = CFrame.new(0.0000,-0.0000,-0.0000,1.0000,-0.0000,0.0000,-0.0000,0.3096,0.9509,-0.0000,-0.9509,0.3096),
      ["LeftFoot"] = CFrame.new(0.0000,0.0000,-0.0000,1.0000,-0.0000,0.0000,0.0000,0.9931,-0.1175,-0.0000,0.1175,0.9931),
      ["RightUpperLeg"] = CFrame.new(-0.0000,-0.0000,-0.0000,0.8673,-0.3828,-0.3182,0.0997,0.7599,-0.6424,0.4876,0.5254,0.6972),
      ["RightLowerLeg"] = CFrame.new(-0.0001,0.0000,0.0000,1.0000,0.0000,-0.0000,0.0000,0.2185,0.9758,0.0000,-0.9758,0.2185),
      ["RightFoot"] = CFrame.new(-0.0000,0.0000,0.0000,1.0000,0.0000,-0.0000,-0.0000,0.9988,-0.0481,0.0000,0.0481,0.9988),
    }},
    {Time = 5.467, Data = {
      ["HumanoidRootPart"] = CFrame.new(0.0000,0.0000,0.0000,1.0000,0.0000,0.0000,0.0000,1.0000,0.0000,0.0000,0.0000,1.0000),
      ["LowerTorso"] = CFrame.new(0.0000,2.8246,0.0000,-0.9996,0.0278,-0.0000,-0.0278,-0.9996,-0.0000,-0.0000,-0.0000,1.0000),
      ["UpperTorso"] = CFrame.new(0.0000,0.0000,0.0000,0.9974,-0.0723,0.0000,0.0723,0.9974,-0.0000,0.0000,0.0000,1.0000),
      ["LeftUpperArm"] = CFrame.new(0.0000,0.0000,0.0000,0.2439,0.6924,-0.6791,-0.2292,-0.6392,-0.7341,-0.9423,0.3346,0.0028),
      ["LeftLowerArm"] = CFrame.new(-0.0000,-0.0000,0.0000,1.0000,0.0000,-0.0000,-0.0000,0.1767,-0.9843,-0.0000,0.9843,0.1767),
      ["LeftHand"] = CFrame.new(-0.0000,0.0000,0.0000,1.0000,0.0000,-0.0000,-0.0000,0.9641,-0.2655,0.0000,0.2655,0.9641),
      ["Head"] = CFrame.new(0.0000,2.0000,0.0000,-1.0000,0.0000,-0.0000,-0.0000,-1.0000,0.0000,-0.0000,0.0000,1.0000),
      ["RightUpperArm"] = CFrame.new(0.0001,0.0000,-0.0000,0.2150,-0.6706,0.7099,0.1584,-0.6934,-0.7030,0.9637,0.2636,-0.0429),
      ["RightLowerArm"] = CFrame.new(0.0000,0.0000,-0.0000,1.0000,-0.0000,0.0000,0.0000,0.2438,-0.9698,0.0000,0.9698,0.2438),
      ["RightHand"] = CFrame.new(0.0000,0.0000,-0.0000,1.0000,-0.0000,0.0000,0.0000,0.9550,-0.2965,-0.0000,0.2965,0.9550),
      ["LeftUpperLeg"] = CFrame.new(0.0000,-0.0000,-0.0000,0.8570,0.3043,0.4159,0.0292,0.7770,-0.6288,-0.5145,0.5510,0.6570),
      ["LeftLowerLeg"] = CFrame.new(0.0000,-0.0000,-0.0000,1.0000,-0.0000,0.0000,-0.0000,0.3186,0.9479,-0.0000,-0.9479,0.3186),
      ["LeftFoot"] = CFrame.new(0.0000,0.0000,-0.0000,1.0000,-0.0000,0.0000,0.0000,0.9931,-0.1175,-0.0000,0.1175,0.9931),
      ["RightUpperLeg"] = CFrame.new(-0.0000,-0.0000,-0.0000,0.8673,-0.3821,-0.3190,0.0997,0.7612,-0.6408,0.4877,0.5240,0.6983),
      ["RightLowerLeg"] = CFrame.new(-0.0001,0.0000,0.0000,1.0000,0.0000,-0.0000,0.0000,0.2260,0.9741,0.0000,-0.9741,0.2260),
      ["RightFoot"] = CFrame.new(-0.0000,0.0000,0.0000,1.0000,0.0000,-0.0000,-0.0000,0.9988,-0.0481,0.0000,0.0481,0.9988),
    }},
    {Time = 5.500, Data = {
      ["HumanoidRootPart"] = CFrame.new(0.0000,0.0000,0.0000,1.0000,0.0000,0.0000,0.0000,1.0000,0.0000,0.0000,0.0000,1.0000),
      ["LowerTorso"] = CFrame.new(0.0000,2.8438,0.0000,-0.9997,0.0259,-0.0000,-0.0259,-0.9997,-0.0000,-0.0000,-0.0000,1.0000),
      ["UpperTorso"] = CFrame.new(0.0000,0.0000,0.0000,0.9977,-0.0673,0.0000,0.0673,0.9977,-0.0000,0.0000,0.0000,1.0000),
      ["LeftUpperArm"] = CFrame.new(0.0000,0.0000,0.0000,0.2437,0.6950,-0.6765,-0.2292,-0.6365,-0.7364,-0.9424,0.3345,0.0042),
      ["LeftLowerArm"] = CFrame.new(-0.0000,-0.0000,0.0000,1.0000,0.0000,-0.0000,-0.0000,0.1706,-0.9853,-0.0000,0.9853,0.1706),
      ["LeftHand"] = CFrame.new(-0.0000,0.0000,0.0000,1.0000,0.0000,-0.0000,-0.0000,0.9657,-0.2595,0.0000,0.2595,0.9657),
      ["Head"] = CFrame.new(0.0000,2.0000,0.0000,-1.0000,0.0000,-0.0000,-0.0000,-1.0000,0.0000,-0.0000,0.0000,1.0000),
      ["RightUpperArm"] = CFrame.new(0.0001,0.0000,-0.0000,0.2149,-0.6727,0.7080,0.1584,-0.6914,-0.7049,0.9637,0.2637,-0.0420),
      ["RightLowerArm"] = CFrame.new(0.0000,0.0000,-0.0000,1.0000,-0.0000,0.0000,0.0000,0.2378,-0.9713,0.0000,0.9713,0.2378),
      ["RightHand"] = CFrame.new(0.0000,0.0000,-0.0000,1.0000,-0.0000,0.0000,0.0000,0.9573,-0.2891,-0.0000,0.2891,0.9573),
      ["LeftUpperLeg"] = CFrame.new(0.0000,-0.0000,-0.0000,0.8570,0.3036,0.4164,0.0292,0.7781,-0.6275,-0.5145,0.5499,0.6579),
      ["LeftLowerLeg"] = CFrame.new(0.0000,-0.0000,-0.0000,1.0000,-0.0000,0.0000,-0.0000,0.3273,0.9449,-0.0000,-0.9449,0.3273),
      ["LeftFoot"] = CFrame.new(0.0000,0.0000,-0.0000,1.0000,-0.0000,0.0000,0.0000,0.9931,-0.1175,-0.0000,0.1175,0.9931),
      ["RightUpperLeg"] = CFrame.new(-0.0000,-0.0000,-0.0000,0.8673,-0.3815,-0.3198,0.0997,0.7625,-0.6393,0.4877,0.5226,0.6993),
      ["RightLowerLeg"] = CFrame.new(-0.0001,0.0000,0.0000,1.0000,0.0000,-0.0000,0.0000,0.2333,0.9724,0.0000,-0.9724,0.2333),
      ["RightFoot"] = CFrame.new(-0.0000,0.0000,0.0000,1.0000,0.0000,-0.0000,-0.0000,0.9988,-0.0481,0.0000,0.0481,0.9988),
    }},
    {Time = 5.533, Data = {
      ["HumanoidRootPart"] = CFrame.new(0.0000,0.0000,0.0000,1.0000,0.0000,0.0000,0.0000,1.0000,0.0000,0.0000,0.0000,1.0000),
      ["LowerTorso"] = CFrame.new(0.0000,2.8621,0.0000,-0.9997,0.0240,-0.0000,-0.0240,-0.9997,-0.0000,-0.0000,-0.0000,1.0000),
      ["UpperTorso"] = CFrame.new(0.0000,0.0000,0.0000,0.9981,-0.0624,0.0000,0.0624,0.9981,-0.0000,0.0000,0.0000,1.0000),
      ["LeftUpperArm"] = CFrame.new(0.0000,0.0000,0.0000,0.2435,0.6974,-0.6740,-0.2293,-0.6339,-0.7387,-0.9424,0.3344,0.0055),
      ["LeftLowerArm"] = CFrame.new(-0.0000,-0.0000,0.0000,1.0000,0.0000,-0.0000,-0.0000,0.1648,-0.9863,-0.0000,0.9863,0.1648),
      ["LeftHand"] = CFrame.new(-0.0000,0.0000,0.0000,1.0000,0.0000,-0.0000,-0.0000,0.9673,-0.2538,0.0000,0.2538,0.9673),
      ["Head"] = CFrame.new(0.0000,2.0000,0.0000,-1.0000,0.0000,-0.0000,-0.0000,-1.0000,0.0000,-0.0000,0.0000,1.0000),
      ["RightUpperArm"] = CFrame.new(0.0001,0.0000,-0.0000,0.2148,-0.6746,0.7062,0.1585,-0.6895,-0.7068,0.9637,0.2637,-0.0412),
      ["RightLowerArm"] = CFrame.new(0.0000,0.0000,-0.0000,1.0000,-0.0000,0.0000,0.0000,0.2321,-0.9727,0.0000,0.9727,0.2321),
      ["RightHand"] = CFrame.new(0.0000,0.0000,-0.0000,1.0000,-0.0000,0.0000,0.0000,0.9594,-0.2820,-0.0000,0.2820,0.9594),
      ["LeftUpperLeg"] = CFrame.new(0.0000,-0.0000,-0.0000,0.8570,0.3030,0.4169,0.0292,0.7791,-0.6262,-0.5146,0.5488,0.6588),
      ["LeftLowerLeg"] = CFrame.new(0.0000,-0.0000,-0.0000,1.0000,-0.0000,0.0000,-0.0000,0.3355,0.9420,-0.0000,-0.9420,0.3355),
      ["LeftFoot"] = CFrame.new(0.0000,0.0000,-0.0000,1.0000,-0.0000,0.0000,0.0000,0.9931,-0.1175,-0.0000,0.1175,0.9931),
      ["RightUpperLeg"] = CFrame.new(-0.0000,-0.0000,-0.0000,0.8673,-0.3809,-0.3205,0.0997,0.7637,-0.6379,0.4877,0.5212,0.7003),
      ["RightLowerLeg"] = CFrame.new(-0.0001,0.0000,0.0000,1.0000,0.0000,-0.0000,0.0000,0.2402,0.9707,0.0000,-0.9707,0.2402),
      ["RightFoot"] = CFrame.new(-0.0000,0.0000,0.0000,1.0000,0.0000,-0.0000,-0.0000,0.9988,-0.0481,0.0000,0.0481,0.9988),
    }},
    {Time = 5.567, Data = {
      ["HumanoidRootPart"] = CFrame.new(0.0000,0.0000,0.0000,1.0000,0.0000,0.0000,0.0000,1.0000,0.0000,0.0000,0.0000,1.0000),
      ["LowerTorso"] = CFrame.new(0.0000,2.8795,0.0000,-0.9998,0.0221,-0.0000,-0.0221,-0.9998,-0.0000,-0.0000,-0.0000,1.0000),
      ["UpperTorso"] = CFrame.new(0.0000,0.0000,0.0000,0.9983,-0.0575,0.0000,0.0575,0.9983,-0.0000,0.0000,0.0000,1.0000),
      ["LeftUpperArm"] = CFrame.new(0.0000,0.0000,0.0000,0.2434,0.6997,-0.6717,-0.2294,-0.6314,-0.7408,-0.9424,0.3343,0.0068),
      ["LeftLowerArm"] = CFrame.new(-0.0000,-0.0000,0.0000,1.0000,0.0000,-0.0000,-0.0000,0.1592,-0.9872,-0.0000,0.9872,0.1592),
      ["LeftHand"] = CFrame.new(-0.0000,0.0000,0.0000,1.0000,0.0000,-0.0000,-0.0000,0.9687,-0.2483,0.0000,0.2483,0.9687),
      ["Head"] = CFrame.new(0.0000,2.0000,0.0000,-1.0000,-0.0000,-0.0000,0.0000,-1.0000,0.0000,-0.0000,0.0000,1.0000),
      ["RightUpperArm"] = CFrame.new(0.0001,0.0000,-0.0000,0.2147,-0.6764,0.7045,0.1585,-0.6876,-0.7085,0.9637,0.2638,-0.0405),
      ["RightLowerArm"] = CFrame.new(0.0000,0.0000,-0.0000,1.0000,-0.0000,0.0000,0.0000,0.2267,-0.9740,0.0000,0.9740,0.2267),
      ["RightHand"] = CFrame.new(0.0000,0.0000,-0.0000,1.0000,-0.0000,0.0000,0.0000,0.9614,-0.2752,-0.0000,0.2752,0.9614),
      ["LeftUpperLeg"] = CFrame.new(0.0000,-0.0000,-0.0000,0.8569,0.3023,0.4174,0.0292,0.7801,-0.6250,-0.5146,0.5478,0.6597),
      ["LeftLowerLeg"] = CFrame.new(0.0000,-0.0000,-0.0000,1.0000,-0.0000,0.0000,-0.0000,0.3434,0.9392,-0.0000,-0.9392,0.3434),
      ["LeftFoot"] = CFrame.new(0.0000,0.0000,-0.0000,1.0000,-0.0000,0.0000,0.0000,0.9931,-0.1175,-0.0000,0.1175,0.9931),
      ["RightUpperLeg"] = CFrame.new(-0.0000,-0.0000,-0.0000,0.8673,-0.3804,-0.3212,0.0997,0.7648,-0.6365,0.4878,0.5200,0.7012),
      ["RightLowerLeg"] = CFrame.new(-0.0001,0.0000,0.0000,1.0000,0.0000,-0.0000,0.0000,0.2468,0.9691,0.0000,-0.9691,0.2468),
      ["RightFoot"] = CFrame.new(-0.0000,0.0000,0.0000,1.0000,0.0000,-0.0000,-0.0000,0.9988,-0.0481,0.0000,0.0481,0.9988),
    }},
    {Time = 5.600, Data = {
      ["HumanoidRootPart"] = CFrame.new(0.0000,0.0000,0.0000,1.0000,0.0000,0.0000,0.0000,1.0000,0.0000,0.0000,0.0000,1.0000),
      ["LowerTorso"] = CFrame.new(0.0000,2.8960,0.0000,-0.9998,0.0202,-0.0000,-0.0202,-0.9998,-0.0000,-0.0000,-0.0000,1.0000),
      ["UpperTorso"] = CFrame.new(0.0000,0.0000,0.0000,0.9986,-0.0526,0.0000,0.0526,0.9986,-0.0000,0.0000,0.0000,1.0000),
      ["LeftUpperArm"] = CFrame.new(0.0000,0.0000,0.0000,0.2432,0.7019,-0.6695,-0.2294,-0.6290,-0.7428,-0.9425,0.3342,0.0081),
      ["LeftLowerArm"] = CFrame.new(-0.0000,-0.0000,0.0000,1.0000,0.0000,-0.0000,-0.0000,0.1540,-0.9881,-0.0000,0.9881,0.1540),
      ["LeftHand"] = CFrame.new(-0.0000,0.0000,0.0000,1.0000,0.0000,-0.0000,-0.0000,0.9700,-0.2432,0.0000,0.2432,0.9700),
      ["Head"] = CFrame.new(0.0000,2.0000,0.0000,-1.0000,0.0000,-0.0000,-0.0000,-1.0000,0.0000,-0.0000,0.0000,1.0000),
      ["RightUpperArm"] = CFrame.new(0.0001,0.0000,-0.0000,0.2146,-0.6782,0.7029,0.1585,-0.6859,-0.7102,0.9637,0.2639,-0.0397),
      ["RightLowerArm"] = CFrame.new(0.0000,0.0000,-0.0000,1.0000,-0.0000,0.0000,0.0000,0.2216,-0.9751,0.0000,0.9751,0.2216),
      ["RightHand"] = CFrame.new(0.0000,0.0000,-0.0000,1.0000,-0.0000,0.0000,0.0000,0.9632,-0.2688,-0.0000,0.2688,0.9632),
      ["LeftUpperLeg"] = CFrame.new(0.0000,-0.0000,-0.0000,0.8569,0.3017,0.4179,0.0292,0.7810,-0.6239,-0.5146,0.5468,0.6604),
      ["LeftLowerLeg"] = CFrame.new(0.0000,-0.0000,-0.0000,1.0000,-0.0000,0.0000,-0.0000,0.3507,0.9365,-0.0000,-0.9365,0.3507),
      ["LeftFoot"] = CFrame.new(0.0000,0.0000,-0.0000,1.0000,-0.0000,0.0000,0.0000,0.9931,-0.1175,-0.0000,0.1175,0.9931),
      ["RightUpperLeg"] = CFrame.new(-0.0000,-0.0000,-0.0000,0.8672,-0.3799,-0.3219,0.0997,0.7659,-0.6352,0.4878,0.5188,0.7021),
      ["RightLowerLeg"] = CFrame.new(-0.0001,0.0000,0.0000,1.0000,0.0000,-0.0000,0.0000,0.2530,0.9675,0.0000,-0.9675,0.2530),
      ["RightFoot"] = CFrame.new(-0.0000,0.0000,0.0000,1.0000,0.0000,-0.0000,-0.0000,0.9988,-0.0481,0.0000,0.0481,0.9988),
    }},
    {Time = 5.633, Data = {
      ["HumanoidRootPart"] = CFrame.new(0.0000,0.0000,0.0000,1.0000,0.0000,0.0000,0.0000,1.0000,0.0000,0.0000,0.0000,1.0000),
      ["LowerTorso"] = CFrame.new(0.0000,2.9115,0.0000,-0.9998,0.0184,-0.0000,-0.0184,-0.9998,-0.0000,-0.0000,-0.0000,1.0000),
      ["UpperTorso"] = CFrame.new(0.0000,0.0000,0.0000,0.9989,-0.0478,0.0000,0.0478,0.9989,-0.0000,0.0000,0.0000,1.0000),
      ["LeftUpperArm"] = CFrame.new(0.0000,0.0000,0.0000,0.2430,0.7039,-0.6674,-0.2295,-0.6268,-0.7446,-0.9425,0.3341,0.0092),
      ["LeftLowerArm"] = CFrame.new(-0.0000,-0.0000,0.0000,1.0000,0.0000,-0.0000,-0.0000,0.1490,-0.9888,-0.0000,0.9888,0.1490),
      ["LeftHand"] = CFrame.new(-0.0000,0.0000,0.0000,1.0000,0.0000,-0.0000,-0.0000,0.9712,-0.2383,0.0000,0.2383,0.9712),
      ["Head"] = CFrame.new(0.0000,2.0000,0.0000,-1.0000,0.0000,-0.0000,-0.0000,-1.0000,0.0000,-0.0000,0.0000,1.0000),
      ["RightUpperArm"] = CFrame.new(0.0001,0.0000,-0.0000,0.2145,-0.6798,0.7013,0.1586,-0.6843,-0.7118,0.9638,0.2639,-0.0390),
      ["RightLowerArm"] = CFrame.new(0.0000,0.0000,-0.0000,1.0000,-0.0000,0.0000,0.0000,0.2167,-0.9762,0.0000,0.9762,0.2167),
      ["RightHand"] = CFrame.new(0.0000,0.0000,-0.0000,1.0000,-0.0000,0.0000,0.0000,0.9649,-0.2628,-0.0000,0.2628,0.9649),
      ["LeftUpperLeg"] = CFrame.new(0.0000,-0.0000,-0.0000,0.8569,0.3012,0.4183,0.0292,0.7819,-0.6228,-0.5146,0.5459,0.6612),
      ["LeftLowerLeg"] = CFrame.new(0.0000,-0.0000,-0.0000,1.0000,-0.0000,0.0000,-0.0000,0.3577,0.9338,-0.0000,-0.9338,0.3577),
      ["LeftFoot"] = CFrame.new(0.0000,0.0000,-0.0000,1.0000,-0.0000,0.0000,0.0000,0.9931,-0.1175,-0.0000,0.1175,0.9931),
      ["RightUpperLeg"] = CFrame.new(-0.0000,-0.0000,-0.0000,0.8672,-0.3794,-0.3225,0.0997,0.7669,-0.6339,0.4878,0.5176,0.7029),
      ["RightLowerLeg"] = CFrame.new(-0.0001,0.0000,0.0000,1.0000,0.0000,-0.0000,0.0000,0.2588,0.9659,0.0000,-0.9659,0.2588),
      ["RightFoot"] = CFrame.new(-0.0000,0.0000,0.0000,1.0000,0.0000,-0.0000,-0.0000,0.9988,-0.0481,0.0000,0.0481,0.9988),
    }},
    {Time = 5.667, Data = {
      ["HumanoidRootPart"] = CFrame.new(0.0000,0.0000,0.0000,1.0000,0.0000,0.0000,0.0000,1.0000,0.0000,0.0000,0.0000,1.0000),
      ["LowerTorso"] = CFrame.new(0.0000,2.9259,0.0000,-0.9999,0.0166,-0.0000,-0.0166,-0.9999,-0.0000,-0.0000,-0.0000,1.0000),
      ["UpperTorso"] = CFrame.new(0.0000,0.0000,0.0000,0.9991,-0.0431,0.0000,0.0431,0.9991,-0.0000,0.0000,0.0000,1.0000),
      ["LeftUpperArm"] = CFrame.new(0.0000,0.0000,0.0000,0.2429,0.7058,-0.6654,-0.2295,-0.6247,-0.7464,-0.9425,0.3340,0.0103),
      ["LeftLowerArm"] = CFrame.new(-0.0000,-0.0000,0.0000,1.0000,0.0000,-0.0000,-0.0000,0.1444,-0.9895,-0.0000,0.9895,0.1444),
      ["LeftHand"] = CFrame.new(-0.0000,0.0000,0.0000,1.0000,0.0000,-0.0000,-0.0000,0.9723,-0.2337,0.0000,0.2337,0.9723),
      ["Head"] = CFrame.new(0.0000,2.0000,0.0000,-1.0000,0.0000,-0.0000,-0.0000,-1.0000,0.0000,-0.0000,0.0000,1.0000),
      ["RightUpperArm"] = CFrame.new(0.0001,0.0000,-0.0000,0.2145,-0.6813,0.6999,0.1586,-0.6828,-0.7132,0.9638,0.2640,-0.0384),
      ["RightLowerArm"] = CFrame.new(0.0000,0.0000,-0.0000,1.0000,-0.0000,0.0000,0.0000,0.2122,-0.9772,0.0000,0.9772,0.2122),
      ["RightHand"] = CFrame.new(0.0000,0.0000,-0.0000,1.0000,-0.0000,0.0000,0.0000,0.9664,-0.2572,-0.0000,0.2572,0.9664),
      ["LeftUpperLeg"] = CFrame.new(0.0000,-0.0000,-0.0000,0.8569,0.3007,0.4187,0.0292,0.7827,-0.6218,-0.5147,0.5450,0.6619),
      ["LeftLowerLeg"] = CFrame.new(0.0000,-0.0000,-0.0000,1.0000,-0.0000,0.0000,-0.0000,0.3641,0.9314,-0.0000,-0.9314,0.3641),
      ["LeftFoot"] = CFrame.new(0.0000,0.0000,-0.0000,1.0000,-0.0000,0.0000,0.0000,0.9931,-0.1175,-0.0000,0.1175,0.9931),
      ["RightUpperLeg"] = CFrame.new(-0.0000,-0.0000,-0.0000,0.8672,-0.3789,-0.3231,0.0997,0.7679,-0.6328,0.4879,0.5166,0.7037),
      ["RightLowerLeg"] = CFrame.new(-0.0001,0.0000,0.0000,1.0000,0.0000,-0.0000,0.0000,0.2642,0.9645,0.0000,-0.9645,0.2642),
      ["RightFoot"] = CFrame.new(-0.0000,0.0000,0.0000,1.0000,0.0000,-0.0000,-0.0000,0.9988,-0.0481,0.0000,0.0481,0.9988),
    }},
    {Time = 5.700, Data = {
      ["HumanoidRootPart"] = CFrame.new(0.0000,0.0000,0.0000,1.0000,0.0000,0.0000,0.0000,1.0000,0.0000,0.0000,0.0000,1.0000),
      ["LowerTorso"] = CFrame.new(0.0000,2.9392,0.0000,-0.9999,0.0148,-0.0000,-0.0148,-0.9999,-0.0000,-0.0000,-0.0000,1.0000),
      ["UpperTorso"] = CFrame.new(0.0000,0.0000,0.0000,0.9993,-0.0384,0.0000,0.0384,0.9993,-0.0000,0.0000,0.0000,1.0000),
      ["LeftUpperArm"] = CFrame.new(0.0000,0.0000,0.0000,0.2427,0.7076,-0.6636,-0.2296,-0.6227,-0.7480,-0.9425,0.3339,0.0113),
      ["LeftLowerArm"] = CFrame.new(-0.0000,-0.0000,0.0000,1.0000,0.0000,-0.0000,-0.0000,0.1402,-0.9901,-0.0000,0.9901,0.1402),
      ["LeftHand"] = CFrame.new(-0.0000,0.0000,0.0000,1.0000,0.0000,-0.0000,-0.0000,0.9733,-0.2295,0.0000,0.2295,0.9733),
      ["Head"] = CFrame.new(0.0000,2.0000,0.0000,-1.0000,0.0000,-0.0000,-0.0000,-1.0000,0.0000,-0.0000,0.0000,1.0000),
      ["RightUpperArm"] = CFrame.new(0.0001,0.0000,-0.0000,0.2144,-0.6827,0.6986,0.1586,-0.6814,-0.7146,0.9638,0.2640,-0.0378),
      ["RightLowerArm"] = CFrame.new(0.0000,0.0000,-0.0000,1.0000,-0.0000,0.0000,0.0000,0.2081,-0.9781,0.0000,0.9781,0.2081),
      ["RightHand"] = CFrame.new(0.0000,0.0000,-0.0000,1.0000,-0.0000,0.0000,0.0000,0.9677,-0.2520,-0.0000,0.2520,0.9677),
      ["LeftUpperLeg"] = CFrame.new(0.0000,-0.0000,-0.0000,0.8569,0.3002,0.4191,0.0292,0.7834,-0.6208,-0.5147,0.5442,0.6625),
      ["LeftLowerLeg"] = CFrame.new(0.0000,-0.0000,-0.0000,1.0000,-0.0000,0.0000,-0.0000,0.3700,0.9290,-0.0000,-0.9290,0.3700),
      ["LeftFoot"] = CFrame.new(0.0000,0.0000,-0.0000,1.0000,-0.0000,0.0000,0.0000,0.9931,-0.1175,-0.0000,0.1175,0.9931),
      ["RightUpperLeg"] = CFrame.new(-0.0000,-0.0000,-0.0000,0.8672,-0.3785,-0.3236,0.0997,0.7687,-0.6318,0.4879,0.5156,0.7044),
      ["RightLowerLeg"] = CFrame.new(-0.0001,0.0000,0.0000,1.0000,0.0000,-0.0000,0.0000,0.2692,0.9631,0.0000,-0.9631,0.2692),
      ["RightFoot"] = CFrame.new(-0.0000,0.0000,0.0000,1.0000,0.0000,-0.0000,-0.0000,0.9988,-0.0481,0.0000,0.0481,0.9988),
    }},
    {Time = 5.733, Data = {
      ["HumanoidRootPart"] = CFrame.new(0.0000,0.0000,0.0000,1.0000,0.0000,0.0000,0.0000,1.0000,0.0000,0.0000,0.0000,1.0000),
      ["LowerTorso"] = CFrame.new(0.0000,2.9514,0.0000,-0.9999,0.0130,-0.0000,-0.0130,-0.9999,-0.0000,-0.0000,-0.0000,1.0000),
      ["UpperTorso"] = CFrame.new(0.0000,0.0000,0.0000,0.9994,-0.0337,0.0000,0.0337,0.9994,-0.0000,0.0000,0.0000,1.0000),
      ["LeftUpperArm"] = CFrame.new(0.0000,0.0000,0.0000,0.2426,0.7092,-0.6620,-0.2297,-0.6210,-0.7494,-0.9426,0.3338,0.0122),
      ["LeftLowerArm"] = CFrame.new(-0.0000,-0.0000,0.0000,1.0000,0.0000,-0.0000,-0.0000,0.1363,-0.9907,-0.0000,0.9907,0.1363),
      ["LeftHand"] = CFrame.new(-0.0000,0.0000,0.0000,1.0000,0.0000,-0.0000,-0.0000,0.9742,-0.2257,0.0000,0.2257,0.9742),
      ["Head"] = CFrame.new(0.0000,2.0000,0.0000,-1.0000,0.0000,-0.0000,-0.0000,-1.0000,0.0000,-0.0000,0.0000,1.0000),
      ["RightUpperArm"] = CFrame.new(0.0001,0.0000,-0.0000,0.2143,-0.6840,0.6973,0.1587,-0.6801,-0.7158,0.9638,0.2640,-0.0372),
      ["RightLowerArm"] = CFrame.new(0.0000,0.0000,-0.0000,1.0000,-0.0000,0.0000,0.0000,0.2043,-0.9789,0.0000,0.9789,0.2043),
      ["RightHand"] = CFrame.new(0.0000,0.0000,-0.0000,1.0000,-0.0000,0.0000,0.0000,0.9690,-0.2472,-0.0000,0.2472,0.9690),
      ["LeftUpperLeg"] = CFrame.new(0.0000,-0.0000,-0.0000,0.8569,0.2997,0.4194,0.0292,0.7841,-0.6200,-0.5147,0.5435,0.6631),
      ["LeftLowerLeg"] = CFrame.new(0.0000,-0.0000,-0.0000,1.0000,-0.0000,0.0000,-0.0000,0.3754,0.9269,-0.0000,-0.9269,0.3754),
      ["LeftFoot"] = CFrame.new(0.0000,0.0000,-0.0000,1.0000,-0.0000,0.0000,0.0000,0.9931,-0.1175,-0.0000,0.1175,0.9931),
      ["RightUpperLeg"] = CFrame.new(-0.0000,-0.0000,-0.0000,0.8672,-0.3781,-0.3241,0.0997,0.7695,-0.6308,0.4879,0.5147,0.7050),
      ["RightLowerLeg"] = CFrame.new(-0.0001,0.0000,0.0000,1.0000,0.0000,-0.0000,0.0000,0.2738,0.9618,0.0000,-0.9618,0.2738),
      ["RightFoot"] = CFrame.new(-0.0000,0.0000,0.0000,1.0000,0.0000,-0.0000,-0.0000,0.9988,-0.0481,0.0000,0.0481,0.9988),
    }},
    {Time = 5.767, Data = {
      ["HumanoidRootPart"] = CFrame.new(0.0000,0.0000,0.0000,1.0000,0.0000,0.0000,0.0000,1.0000,0.0000,0.0000,0.0000,1.0000),
      ["LowerTorso"] = CFrame.new(0.0000,2.9623,0.0000,-0.9999,0.0112,-0.0000,-0.0112,-0.9999,-0.0000,-0.0000,-0.0000,1.0000),
      ["UpperTorso"] = CFrame.new(0.0000,0.0000,0.0000,0.9996,-0.0292,0.0000,0.0292,0.9996,-0.0000,0.0000,0.0000,1.0000),
      ["LeftUpperArm"] = CFrame.new(0.0000,0.0000,0.0000,0.2424,0.7106,-0.6605,-0.2297,-0.6194,-0.7507,-0.9426,0.3337,0.0131),
      ["LeftLowerArm"] = CFrame.new(-0.0000,-0.0000,0.0000,1.0000,0.0000,-0.0000,-0.0000,0.1328,-0.9911,-0.0000,0.9911,0.1328),
      ["LeftHand"] = CFrame.new(-0.0000,0.0000,0.0000,1.0000,0.0000,-0.0000,-0.0000,0.9750,-0.2223,0.0000,0.2223,0.9750),
      ["Head"] = CFrame.new(0.0000,2.0000,0.0000,-1.0000,-0.0000,-0.0000,0.0000,-1.0000,0.0000,-0.0000,0.0000,1.0000),
      ["RightUpperArm"] = CFrame.new(0.0001,0.0000,-0.0000,0.2142,-0.6851,0.6962,0.1587,-0.6789,-0.7169,0.9638,0.2640,-0.0367),
      ["RightLowerArm"] = CFrame.new(0.0000,0.0000,-0.0000,1.0000,-0.0000,0.0000,0.0000,0.2008,-0.9796,0.0000,0.9796,0.2008),
      ["RightHand"] = CFrame.new(0.0000,0.0000,-0.0000,1.0000,-0.0000,0.0000,0.0000,0.9700,-0.2429,-0.0000,0.2429,0.9700),
      ["LeftUpperLeg"] = CFrame.new(0.0000,-0.0000,-0.0000,0.8569,0.2993,0.4197,0.0292,0.7847,-0.6192,-0.5147,0.5429,0.6636),
      ["LeftLowerLeg"] = CFrame.new(0.0000,-0.0000,-0.0000,1.0000,-0.0000,0.0000,-0.0000,0.3802,0.9249,-0.0000,-0.9249,0.3802),
      ["LeftFoot"] = CFrame.new(0.0000,0.0000,-0.0000,1.0000,-0.0000,0.0000,0.0000,0.9931,-0.1175,-0.0000,0.1175,0.9931),
      ["RightUpperLeg"] = CFrame.new(-0.0000,-0.0000,-0.0000,0.8672,-0.3777,-0.3246,0.0997,0.7702,-0.6299,0.4879,0.5139,0.7056),
      ["RightLowerLeg"] = CFrame.new(-0.0001,0.0000,0.0000,1.0000,0.0000,-0.0000,0.0000,0.2779,0.9606,0.0000,-0.9606,0.2779),
      ["RightFoot"] = CFrame.new(-0.0000,0.0000,0.0000,1.0000,0.0000,-0.0000,-0.0000,0.9988,-0.0481,0.0000,0.0481,0.9988),
    }},
    {Time = 5.800, Data = {
      ["HumanoidRootPart"] = CFrame.new(0.0000,0.0000,0.0000,1.0000,0.0000,0.0000,0.0000,1.0000,0.0000,0.0000,0.0000,1.0000),
      ["LowerTorso"] = CFrame.new(0.0000,2.9720,0.0000,-1.0000,0.0095,-0.0000,-0.0095,-1.0000,-0.0000,-0.0000,-0.0000,1.0000),
      ["UpperTorso"] = CFrame.new(0.0000,0.0000,0.0000,0.9997,-0.0247,0.0000,0.0247,0.9997,-0.0000,0.0000,0.0000,1.0000),
      ["LeftUpperArm"] = CFrame.new(0.0000,0.0000,0.0000,0.2423,0.7119,-0.6592,-0.2298,-0.6180,-0.7519,-0.9426,0.3336,0.0138),
      ["LeftLowerArm"] = CFrame.new(-0.0000,-0.0000,0.0000,1.0000,0.0000,-0.0000,-0.0000,0.1297,-0.9916,-0.0000,0.9916,0.1297),
      ["LeftHand"] = CFrame.new(-0.0000,0.0000,0.0000,1.0000,0.0000,-0.0000,-0.0000,0.9757,-0.2192,0.0000,0.2192,0.9757),
      ["Head"] = CFrame.new(0.0000,2.0000,0.0000,-1.0000,0.0000,-0.0000,-0.0000,-1.0000,0.0000,-0.0000,0.0000,1.0000),
      ["RightUpperArm"] = CFrame.new(0.0001,0.0000,-0.0000,0.2142,-0.6861,0.6953,0.1587,-0.6779,-0.7178,0.9638,0.2641,-0.0363),
      ["RightLowerArm"] = CFrame.new(0.0000,0.0000,-0.0000,1.0000,-0.0000,0.0000,0.0000,0.1978,-0.9802,0.0000,0.9802,0.1978),
      ["RightHand"] = CFrame.new(0.0000,0.0000,-0.0000,1.0000,-0.0000,0.0000,0.0000,0.9710,-0.2391,-0.0000,0.2391,0.9710),
      ["LeftUpperLeg"] = CFrame.new(0.0000,-0.0000,-0.0000,0.8568,0.2990,0.4200,0.0292,0.7852,-0.6186,-0.5147,0.5423,0.6640),
      ["LeftLowerLeg"] = CFrame.new(0.0000,-0.0000,-0.0000,1.0000,-0.0000,0.0000,-0.0000,0.3845,0.9231,-0.0000,-0.9231,0.3845),
      ["LeftFoot"] = CFrame.new(0.0000,0.0000,-0.0000,1.0000,-0.0000,0.0000,0.0000,0.9931,-0.1175,-0.0000,0.1175,0.9931),
      ["RightUpperLeg"] = CFrame.new(-0.0000,-0.0000,-0.0000,0.8672,-0.3774,-0.3250,0.0997,0.7709,-0.6291,0.4880,0.5132,0.7061),
      ["RightLowerLeg"] = CFrame.new(-0.0001,0.0000,0.0000,1.0000,0.0000,-0.0000,0.0000,0.2815,0.9596,0.0000,-0.9596,0.2815),
      ["RightFoot"] = CFrame.new(-0.0000,0.0000,0.0000,1.0000,0.0000,-0.0000,-0.0000,0.9988,-0.0481,0.0000,0.0481,0.9988),
    }},
    {Time = 5.833, Data = {
      ["HumanoidRootPart"] = CFrame.new(0.0000,0.0000,0.0000,1.0000,0.0000,0.0000,0.0000,1.0000,0.0000,0.0000,0.0000,1.0000),
      ["LowerTorso"] = CFrame.new(0.0000,2.9803,0.0000,-1.0000,0.0078,-0.0000,-0.0078,-1.0000,-0.0000,-0.0000,-0.0000,1.0000),
      ["UpperTorso"] = CFrame.new(0.0000,0.0000,0.0000,0.9998,-0.0204,0.0000,0.0204,0.9998,-0.0000,0.0000,0.0000,1.0000),
      ["LeftUpperArm"] = CFrame.new(0.0000,0.0000,0.0000,0.2422,0.7130,-0.6580,-0.2298,-0.6168,-0.7528,-0.9426,0.3336,0.0145),
      ["LeftLowerArm"] = CFrame.new(-0.0000,-0.0000,0.0000,1.0000,0.0000,-0.0000,-0.0000,0.1270,-0.9919,-0.0000,0.9919,0.1270),
      ["LeftHand"] = CFrame.new(-0.0000,0.0000,0.0000,1.0000,0.0000,-0.0000,-0.0000,0.9763,-0.2166,0.0000,0.2166,0.9763),
      ["Head"] = CFrame.new(0.0000,2.0000,0.0000,-1.0000,0.0000,-0.0000,-0.0000,-1.0000,0.0000,-0.0000,0.0000,1.0000),
      ["RightUpperArm"] = CFrame.new(0.0001,0.0000,-0.0000,0.2141,-0.6870,0.6944,0.1587,-0.6770,-0.7187,0.9638,0.2641,-0.0359),
      ["RightLowerArm"] = CFrame.new(0.0000,0.0000,-0.0000,1.0000,-0.0000,0.0000,0.0000,0.1952,-0.9808,0.0000,0.9808,0.1952),
      ["RightHand"] = CFrame.new(0.0000,0.0000,-0.0000,1.0000,-0.0000,0.0000,0.0000,0.9718,-0.2359,-0.0000,0.2359,0.9718),
      ["LeftUpperLeg"] = CFrame.new(0.0000,-0.0000,-0.0000,0.8568,0.2987,0.4202,0.0292,0.7856,-0.6180,-0.5148,0.5418,0.6644),
      ["LeftLowerLeg"] = CFrame.new(0.0000,-0.0000,-0.0000,1.0000,-0.0000,0.0000,-0.0000,0.3882,0.9216,-0.0000,-0.9216,0.3882),
      ["LeftFoot"] = CFrame.new(0.0000,0.0000,-0.0000,1.0000,-0.0000,0.0000,0.0000,0.9931,-0.1175,-0.0000,0.1175,0.9931),
      ["RightUpperLeg"] = CFrame.new(-0.0000,-0.0000,-0.0000,0.8671,-0.3772,-0.3253,0.0997,0.7714,-0.6285,0.4880,0.5125,0.7065),
      ["RightLowerLeg"] = CFrame.new(-0.0001,0.0000,0.0000,1.0000,0.0000,-0.0000,0.0000,0.2846,0.9587,0.0000,-0.9587,0.2846),
      ["RightFoot"] = CFrame.new(-0.0000,0.0000,0.0000,1.0000,0.0000,-0.0000,-0.0000,0.9988,-0.0481,0.0000,0.0481,0.9988),
    }},
    {Time = 5.867, Data = {
      ["HumanoidRootPart"] = CFrame.new(0.0000,0.0000,0.0000,1.0000,0.0000,0.0000,0.0000,1.0000,0.0000,0.0000,0.0000,1.0000),
      ["LowerTorso"] = CFrame.new(0.0000,2.9873,0.0000,-1.0000,0.0062,-0.0000,-0.0062,-1.0000,-0.0000,-0.0000,-0.0000,1.0000),
      ["UpperTorso"] = CFrame.new(0.0000,0.0000,0.0000,0.9999,-0.0161,0.0000,0.0161,0.9999,-0.0000,0.0000,0.0000,1.0000),
      ["LeftUpperArm"] = CFrame.new(0.0000,0.0000,0.0000,0.2421,0.7139,-0.6571,-0.2298,-0.6158,-0.7537,-0.9426,0.3335,0.0150),
      ["LeftLowerArm"] = CFrame.new(-0.0000,-0.0000,0.0000,1.0000,0.0000,-0.0000,-0.0000,0.1248,-0.9922,-0.0000,0.9922,0.1248),
      ["LeftHand"] = CFrame.new(-0.0000,0.0000,0.0000,1.0000,0.0000,-0.0000,-0.0000,0.9768,-0.2144,0.0000,0.2144,0.9768),
      ["Head"] = CFrame.new(0.0000,2.0000,0.0000,-1.0000,0.0000,-0.0000,-0.0000,-1.0000,0.0000,-0.0000,0.0000,1.0000),
      ["RightUpperArm"] = CFrame.new(0.0001,0.0000,-0.0000,0.2140,-0.6877,0.6937,0.1587,-0.6763,-0.7193,0.9638,0.2641,-0.0356),
      ["RightLowerArm"] = CFrame.new(0.0000,0.0000,-0.0000,1.0000,-0.0000,0.0000,0.0000,0.1930,-0.9812,0.0000,0.9812,0.1930),
      ["RightHand"] = CFrame.new(0.0000,0.0000,-0.0000,1.0000,-0.0000,0.0000,0.0000,0.9724,-0.2332,-0.0000,0.2332,0.9724),
      ["LeftUpperLeg"] = CFrame.new(0.0000,-0.0000,-0.0000,0.8568,0.2984,0.4204,0.0292,0.7860,-0.6175,-0.5148,0.5414,0.6648),
      ["LeftLowerLeg"] = CFrame.new(0.0000,-0.0000,-0.0000,1.0000,-0.0000,0.0000,-0.0000,0.3912,0.9203,-0.0000,-0.9203,0.3912),
      ["LeftFoot"] = CFrame.new(0.0000,0.0000,-0.0000,1.0000,-0.0000,0.0000,0.0000,0.9931,-0.1175,-0.0000,0.1175,0.9931),
      ["RightUpperLeg"] = CFrame.new(-0.0000,-0.0000,-0.0000,0.8671,-0.3769,-0.3256,0.0997,0.7718,-0.6279,0.4880,0.5120,0.7069),
      ["RightLowerLeg"] = CFrame.new(-0.0001,0.0000,0.0000,1.0000,0.0000,-0.0000,0.0000,0.2872,0.9579,0.0000,-0.9579,0.2872),
      ["RightFoot"] = CFrame.new(-0.0000,0.0000,0.0000,1.0000,0.0000,-0.0000,-0.0000,0.9988,-0.0481,0.0000,0.0481,0.9988),
    }},
    {Time = 5.900, Data = {
      ["HumanoidRootPart"] = CFrame.new(0.0000,0.0000,0.0000,1.0000,0.0000,0.0000,0.0000,1.0000,0.0000,0.0000,0.0000,1.0000),
      ["LowerTorso"] = CFrame.new(0.0000,2.9927,0.0000,-1.0000,0.0046,-0.0000,-0.0046,-1.0000,-0.0000,-0.0000,-0.0000,1.0000),
      ["UpperTorso"] = CFrame.new(0.0000,0.0000,0.0000,0.9999,-0.0119,0.0000,0.0119,0.9999,-0.0000,0.0000,0.0000,1.0000),
      ["LeftUpperArm"] = CFrame.new(0.0000,0.0000,0.0000,0.2420,0.7146,-0.6563,-0.2299,-0.6150,-0.7543,-0.9426,0.3335,0.0154),
      ["LeftLowerArm"] = CFrame.new(-0.0000,-0.0000,0.0000,1.0000,0.0000,-0.0000,-0.0000,0.1230,-0.9924,-0.0000,0.9924,0.1230),
      ["LeftHand"] = CFrame.new(-0.0000,0.0000,0.0000,1.0000,0.0000,-0.0000,-0.0000,0.9771,-0.2126,0.0000,0.2126,0.9771),
      ["Head"] = CFrame.new(0.0000,2.0000,0.0000,-1.0000,0.0000,-0.0000,-0.0000,-1.0000,0.0000,-0.0000,0.0000,1.0000),
      ["RightUpperArm"] = CFrame.new(0.0001,0.0000,-0.0000,0.2140,-0.6883,0.6932,0.1588,-0.6757,-0.7199,0.9638,0.2641,-0.0353),
      ["RightLowerArm"] = CFrame.new(0.0000,0.0000,-0.0000,1.0000,-0.0000,0.0000,0.0000,0.1913,-0.9815,0.0000,0.9815,0.1913),
      ["RightHand"] = CFrame.new(0.0000,0.0000,-0.0000,1.0000,-0.0000,0.0000,0.0000,0.9730,-0.2310,-0.0000,0.2310,0.9730),
      ["LeftUpperLeg"] = CFrame.new(0.0000,-0.0000,-0.0000,0.8568,0.2982,0.4206,0.0292,0.7863,-0.6171,-0.5148,0.5411,0.6650),
      ["LeftLowerLeg"] = CFrame.new(0.0000,-0.0000,-0.0000,1.0000,-0.0000,0.0000,-0.0000,0.3936,0.9193,-0.0000,-0.9193,0.3936),
      ["LeftFoot"] = CFrame.new(0.0000,0.0000,-0.0000,1.0000,-0.0000,0.0000,0.0000,0.9931,-0.1175,-0.0000,0.1175,0.9931),
      ["RightUpperLeg"] = CFrame.new(-0.0000,-0.0000,-0.0000,0.8671,-0.3768,-0.3258,0.0997,0.7722,-0.6275,0.4880,0.5116,0.7072),
      ["RightLowerLeg"] = CFrame.new(-0.0001,0.0000,0.0000,1.0000,0.0000,-0.0000,0.0000,0.2892,0.9573,0.0000,-0.9573,0.2892),
      ["RightFoot"] = CFrame.new(-0.0000,0.0000,0.0000,1.0000,0.0000,-0.0000,-0.0000,0.9988,-0.0481,0.0000,0.0481,0.9988),
    }},
    {Time = 5.933, Data = {
      ["HumanoidRootPart"] = CFrame.new(0.0000,0.0000,0.0000,1.0000,0.0000,0.0000,0.0000,1.0000,0.0000,0.0000,0.0000,1.0000),
      ["LowerTorso"] = CFrame.new(0.0000,2.9967,0.0000,-1.0000,0.0030,-0.0000,-0.0030,-1.0000,-0.0000,-0.0000,-0.0000,1.0000),
      ["UpperTorso"] = CFrame.new(0.0000,0.0000,0.0000,1.0000,-0.0078,0.0000,0.0078,1.0000,-0.0000,0.0000,0.0000,1.0000),
      ["LeftUpperArm"] = CFrame.new(0.0000,0.0000,0.0000,0.2420,0.7151,-0.6558,-0.2299,-0.6144,-0.7548,-0.9426,0.3334,0.0157),
      ["LeftLowerArm"] = CFrame.new(-0.0000,-0.0000,0.0000,1.0000,0.0000,-0.0000,-0.0000,0.1218,-0.9926,-0.0000,0.9926,0.1218),
      ["LeftHand"] = CFrame.new(-0.0000,0.0000,0.0000,1.0000,0.0000,-0.0000,-0.0000,0.9774,-0.2114,0.0000,0.2114,0.9774),
      ["Head"] = CFrame.new(0.0000,2.0000,0.0000,-1.0000,0.0000,-0.0000,-0.0000,-1.0000,0.0000,-0.0000,0.0000,1.0000),
      ["RightUpperArm"] = CFrame.new(0.0001,0.0000,-0.0000,0.2140,-0.6887,0.6928,0.1588,-0.6753,-0.7203,0.9639,0.2641,-0.0351),
      ["RightLowerArm"] = CFrame.new(0.0000,0.0000,-0.0000,1.0000,-0.0000,0.0000,0.0000,0.1901,-0.9818,0.0000,0.9818,0.1901),
      ["RightHand"] = CFrame.new(0.0000,0.0000,-0.0000,1.0000,-0.0000,0.0000,0.0000,0.9733,-0.2294,-0.0000,0.2294,0.9733),
      ["LeftUpperLeg"] = CFrame.new(0.0000,-0.0000,-0.0000,0.8568,0.2981,0.4207,0.0292,0.7865,-0.6168,-0.5148,0.5408,0.6652),
      ["LeftLowerLeg"] = CFrame.new(0.0000,-0.0000,-0.0000,1.0000,-0.0000,0.0000,-0.0000,0.3954,0.9185,-0.0000,-0.9185,0.3954),
      ["LeftFoot"] = CFrame.new(0.0000,0.0000,-0.0000,1.0000,-0.0000,0.0000,0.0000,0.9931,-0.1175,-0.0000,0.1175,0.9931),
      ["RightUpperLeg"] = CFrame.new(-0.0000,-0.0000,-0.0000,0.8671,-0.3766,-0.3260,0.0997,0.7725,-0.6272,0.4880,0.5113,0.7074),
      ["RightLowerLeg"] = CFrame.new(-0.0001,0.0000,0.0000,1.0000,0.0000,-0.0000,0.0000,0.2907,0.9568,0.0000,-0.9568,0.2907),
      ["RightFoot"] = CFrame.new(-0.0000,0.0000,0.0000,1.0000,0.0000,-0.0000,-0.0000,0.9988,-0.0481,0.0000,0.0481,0.9988),
    }},
    {Time = 5.967, Data = {
      ["HumanoidRootPart"] = CFrame.new(0.0000,0.0000,0.0000,1.0000,0.0000,0.0000,0.0000,1.0000,0.0000,0.0000,0.0000,1.0000),
      ["LowerTorso"] = CFrame.new(0.0000,2.9992,0.0000,-1.0000,0.0015,-0.0000,-0.0015,-1.0000,-0.0000,-0.0000,-0.0000,1.0000),
      ["UpperTorso"] = CFrame.new(0.0000,0.0000,0.0000,1.0000,-0.0038,0.0000,0.0038,1.0000,-0.0000,0.0000,0.0000,1.0000),
      ["LeftUpperArm"] = CFrame.new(0.0000,0.0000,0.0000,0.2420,0.7154,-0.6555,-0.2299,-0.6140,-0.7551,-0.9427,0.3334,0.0159),
      ["LeftLowerArm"] = CFrame.new(-0.0000,-0.0000,0.0000,1.0000,0.0000,-0.0000,-0.0000,0.1210,-0.9927,-0.0000,0.9927,0.1210),
      ["LeftHand"] = CFrame.new(-0.0000,0.0000,0.0000,1.0000,0.0000,-0.0000,-0.0000,0.9776,-0.2106,0.0000,0.2106,0.9776),
      ["Head"] = CFrame.new(0.0000,2.0000,0.0000,-1.0000,0.0000,-0.0000,-0.0000,-1.0000,0.0000,-0.0000,0.0000,1.0000),
      ["RightUpperArm"] = CFrame.new(0.0001,0.0000,-0.0000,0.2140,-0.6889,0.6925,0.1588,-0.6750,-0.7205,0.9639,0.2641,-0.0350),
      ["RightLowerArm"] = CFrame.new(0.0000,0.0000,-0.0000,1.0000,-0.0000,0.0000,0.0000,0.1893,-0.9819,0.0000,0.9819,0.1893),
      ["RightHand"] = CFrame.new(0.0000,0.0000,-0.0000,1.0000,-0.0000,0.0000,0.0000,0.9736,-0.2285,-0.0000,0.2285,0.9736),
      ["LeftUpperLeg"] = CFrame.new(0.0000,-0.0000,-0.0000,0.8568,0.2980,0.4208,0.0292,0.7867,-0.6167,-0.5148,0.5407,0.6653),
      ["LeftLowerLeg"] = CFrame.new(0.0000,-0.0000,-0.0000,1.0000,-0.0000,0.0000,-0.0000,0.3965,0.9181,-0.0000,-0.9181,0.3965),
      ["LeftFoot"] = CFrame.new(0.0000,0.0000,-0.0000,1.0000,-0.0000,0.0000,0.0000,0.9931,-0.1175,-0.0000,0.1175,0.9931),
      ["RightUpperLeg"] = CFrame.new(-0.0000,-0.0000,-0.0000,0.8671,-0.3766,-0.3261,0.0998,0.7726,-0.6270,0.4880,0.5111,0.7075),
      ["RightLowerLeg"] = CFrame.new(-0.0001,0.0000,0.0000,1.0000,0.0000,-0.0000,0.0000,0.2916,0.9565,0.0000,-0.9565,0.2916),
      ["RightFoot"] = CFrame.new(-0.0000,0.0000,0.0000,1.0000,0.0000,-0.0000,-0.0000,0.9988,-0.0481,0.0000,0.0481,0.9988),
    }},
    {Time = 6.000, Data = {
      ["HumanoidRootPart"] = CFrame.new(0.0000,0.0000,0.0000,1.0000,0.0000,0.0000,0.0000,1.0000,0.0000,0.0000,0.0000,1.0000),
      ["LowerTorso"] = CFrame.new(0.0000,3.0000,0.0000,-1.0000,0.0000,-0.0000,0.0000,-1.0000,-0.0000,-0.0000,-0.0000,1.0000),
      ["UpperTorso"] = CFrame.new(0.0000,0.0000,0.0000,1.0000,-0.0000,0.0000,0.0000,1.0000,-0.0000,0.0000,0.0000,1.0000),
      ["LeftUpperArm"] = CFrame.new(0.0000,0.0000,0.0000,0.2420,0.7155,-0.6553,-0.2299,-0.6139,-0.7552,-0.9427,0.3334,0.0160),
      ["LeftLowerArm"] = CFrame.new(-0.0000,-0.0000,0.0000,1.0000,0.0000,-0.0000,-0.0000,0.1207,-0.9927,-0.0000,0.9927,0.1207),
      ["LeftHand"] = CFrame.new(-0.0000,0.0000,0.0000,1.0000,0.0000,-0.0000,-0.0000,0.9776,-0.2103,0.0000,0.2103,0.9776),
      ["Head"] = CFrame.new(0.0000,2.0000,0.0000,-1.0000,0.0000,-0.0000,-0.0000,-1.0000,0.0000,-0.0000,0.0000,1.0000),
      ["RightUpperArm"] = CFrame.new(0.0001,0.0000,-0.0000,0.2139,-0.6890,0.6925,0.1588,-0.6749,-0.7206,0.9639,0.2641,-0.0350),
      ["RightLowerArm"] = CFrame.new(0.0000,0.0000,-0.0000,1.0000,-0.0000,0.0000,0.0000,0.1890,-0.9820,0.0000,0.9820,0.1890),
      ["RightHand"] = CFrame.new(0.0000,0.0000,0.0000,1.0000,-0.0000,0.0000,0.0000,0.9736,-0.2281,-0.0000,0.2281,0.9736),
      ["LeftUpperLeg"] = CFrame.new(0.0000,-0.0000,0.0000,0.8568,0.2980,0.4208,0.0292,0.7867,-0.6166,-0.5148,0.5406,0.6654),
      ["LeftLowerLeg"] = CFrame.new(0.0000,-0.0000,-0.0000,1.0000,-0.0000,0.0000,-0.0000,0.3968,0.9179,-0.0000,-0.9179,0.3968),
      ["LeftFoot"] = CFrame.new(0.0000,0.0000,-0.0000,1.0000,-0.0000,0.0000,0.0000,0.9931,-0.1175,-0.0000,0.1175,0.9931),
      ["RightUpperLeg"] = CFrame.new(0.0000,-0.0000,-0.0000,0.8671,-0.3765,-0.3261,0.0998,0.7727,-0.6269,0.4880,0.5111,0.7076),
      ["RightLowerLeg"] = CFrame.new(-0.0001,0.0000,0.0000,1.0000,0.0000,-0.0000,0.0000,0.2919,0.9564,0.0000,-0.9564,0.2919),
      ["RightFoot"] = CFrame.new(-0.0000,0.0000,0.0000,1.0000,0.0000,-0.0000,-0.0000,0.9988,-0.0481,0.0000,0.0481,0.9988),
    }},
    {Time = 6.033, Data = {
      ["HumanoidRootPart"] = CFrame.new(0.0000,0.0000,0.0000,1.0000,0.0000,0.0000,0.0000,1.0000,0.0000,0.0000,0.0000,1.0000),
      ["LowerTorso"] = CFrame.new(0.0000,2.9992,0.0000,-1.0000,-0.0015,-0.0000,0.0015,-1.0000,-0.0000,-0.0000,-0.0000,1.0000),
      ["UpperTorso"] = CFrame.new(0.0000,0.0000,0.0000,1.0000,0.0038,0.0000,-0.0038,1.0000,-0.0000,-0.0000,0.0000,1.0000),
      ["LeftUpperArm"] = CFrame.new(0.0000,0.0000,0.0000,0.2420,0.7154,-0.6555,-0.2299,-0.6140,-0.7551,-0.9427,0.3334,0.0159),
      ["LeftLowerArm"] = CFrame.new(-0.0000,-0.0000,0.0000,1.0000,0.0000,-0.0000,-0.0000,0.1210,-0.9927,-0.0000,0.9927,0.1210),
      ["LeftHand"] = CFrame.new(-0.0000,0.0000,0.0000,1.0000,0.0000,-0.0000,-0.0000,0.9776,-0.2106,0.0000,0.2106,0.9776),
      ["Head"] = CFrame.new(0.0000,2.0000,0.0000,-1.0000,0.0000,-0.0000,-0.0000,-1.0000,0.0000,-0.0000,0.0000,1.0000),
      ["RightUpperArm"] = CFrame.new(0.0001,0.0000,-0.0000,0.2140,-0.6889,0.6925,0.1588,-0.6750,-0.7205,0.9639,0.2641,-0.0350),
      ["RightLowerArm"] = CFrame.new(0.0000,0.0000,-0.0000,1.0000,-0.0000,0.0000,0.0000,0.1893,-0.9819,0.0000,0.9819,0.1893),
      ["RightHand"] = CFrame.new(0.0000,0.0000,-0.0000,1.0000,-0.0000,0.0000,0.0000,0.9736,-0.2285,-0.0000,0.2285,0.9736),
      ["LeftUpperLeg"] = CFrame.new(0.0000,-0.0000,-0.0000,0.8568,0.2980,0.4208,0.0292,0.7867,-0.6167,-0.5148,0.5407,0.6653),
      ["LeftLowerLeg"] = CFrame.new(0.0000,-0.0000,-0.0000,1.0000,-0.0000,0.0000,-0.0000,0.3965,0.9181,-0.0000,-0.9181,0.3965),
      ["LeftFoot"] = CFrame.new(0.0000,0.0000,-0.0000,1.0000,-0.0000,0.0000,0.0000,0.9931,-0.1175,-0.0000,0.1175,0.9931),
      ["RightUpperLeg"] = CFrame.new(-0.0000,-0.0000,-0.0000,0.8671,-0.3766,-0.3261,0.0998,0.7726,-0.6270,0.4880,0.5111,0.7075),
      ["RightLowerLeg"] = CFrame.new(-0.0001,0.0000,0.0000,1.0000,0.0000,-0.0000,0.0000,0.2916,0.9565,0.0000,-0.9565,0.2916),
      ["RightFoot"] = CFrame.new(-0.0000,0.0000,0.0000,1.0000,0.0000,-0.0000,-0.0000,0.9988,-0.0481,0.0000,0.0481,0.9988),
    }},
    {Time = 6.067, Data = {
      ["HumanoidRootPart"] = CFrame.new(0.0000,0.0000,0.0000,1.0000,0.0000,0.0000,0.0000,1.0000,0.0000,0.0000,0.0000,1.0000),
      ["LowerTorso"] = CFrame.new(0.0000,2.9967,0.0000,-1.0000,-0.0030,-0.0000,0.0030,-1.0000,-0.0000,-0.0000,-0.0000,1.0000),
      ["UpperTorso"] = CFrame.new(0.0000,0.0000,0.0000,1.0000,0.0078,0.0000,-0.0078,1.0000,-0.0000,-0.0000,0.0000,1.0000),
      ["LeftUpperArm"] = CFrame.new(0.0000,0.0000,0.0000,0.2420,0.7151,-0.6558,-0.2299,-0.6144,-0.7548,-0.9426,0.3334,0.0157),
      ["LeftLowerArm"] = CFrame.new(-0.0000,-0.0000,0.0000,1.0000,0.0000,-0.0000,-0.0000,0.1218,-0.9926,-0.0000,0.9926,0.1218),
      ["LeftHand"] = CFrame.new(-0.0000,0.0000,0.0000,1.0000,0.0000,-0.0000,-0.0000,0.9774,-0.2114,0.0000,0.2114,0.9774),
      ["Head"] = CFrame.new(0.0000,2.0000,0.0000,-1.0000,0.0000,-0.0000,-0.0000,-1.0000,0.0000,-0.0000,0.0000,1.0000),
      ["RightUpperArm"] = CFrame.new(0.0001,0.0000,-0.0000,0.2140,-0.6887,0.6928,0.1588,-0.6753,-0.7203,0.9639,0.2641,-0.0351),
      ["RightLowerArm"] = CFrame.new(0.0000,0.0000,-0.0000,1.0000,-0.0000,0.0000,0.0000,0.1901,-0.9818,0.0000,0.9818,0.1901),
      ["RightHand"] = CFrame.new(0.0000,0.0000,-0.0000,1.0000,-0.0000,0.0000,0.0000,0.9733,-0.2294,-0.0000,0.2294,0.9733),
      ["LeftUpperLeg"] = CFrame.new(0.0000,-0.0000,-0.0000,0.8568,0.2981,0.4207,0.0292,0.7865,-0.6168,-0.5148,0.5408,0.6652),
      ["LeftLowerLeg"] = CFrame.new(0.0000,-0.0000,-0.0000,1.0000,-0.0000,0.0000,-0.0000,0.3954,0.9185,-0.0000,-0.9185,0.3954),
      ["LeftFoot"] = CFrame.new(0.0000,0.0000,-0.0000,1.0000,-0.0000,0.0000,0.0000,0.9931,-0.1175,-0.0000,0.1175,0.9931),
      ["RightUpperLeg"] = CFrame.new(-0.0000,-0.0000,-0.0000,0.8671,-0.3766,-0.3260,0.0997,0.7725,-0.6272,0.4880,0.5113,0.7074),
      ["RightLowerLeg"] = CFrame.new(-0.0001,0.0000,0.0000,1.0000,0.0000,-0.0000,0.0000,0.2907,0.9568,0.0000,-0.9568,0.2907),
      ["RightFoot"] = CFrame.new(-0.0000,0.0000,0.0000,1.0000,0.0000,-0.0000,-0.0000,0.9988,-0.0481,0.0000,0.0481,0.9988),
    }},
    {Time = 6.100, Data = {
      ["HumanoidRootPart"] = CFrame.new(0.0000,0.0000,0.0000,1.0000,0.0000,0.0000,0.0000,1.0000,0.0000,0.0000,0.0000,1.0000),
      ["LowerTorso"] = CFrame.new(0.0000,2.9927,0.0000,-1.0000,-0.0046,-0.0000,0.0046,-1.0000,-0.0000,-0.0000,-0.0000,1.0000),
      ["UpperTorso"] = CFrame.new(0.0000,0.0000,0.0000,0.9999,0.0119,0.0000,-0.0119,0.9999,-0.0000,-0.0000,0.0000,1.0000),
      ["LeftUpperArm"] = CFrame.new(0.0000,0.0000,0.0000,0.2420,0.7146,-0.6563,-0.2299,-0.6150,-0.7543,-0.9426,0.3335,0.0154),
      ["LeftLowerArm"] = CFrame.new(-0.0000,-0.0000,0.0000,1.0000,0.0000,-0.0000,-0.0000,0.1230,-0.9924,-0.0000,0.9924,0.1230),
      ["LeftHand"] = CFrame.new(-0.0000,0.0000,0.0000,1.0000,0.0000,-0.0000,-0.0000,0.9771,-0.2126,0.0000,0.2126,0.9771),
      ["Head"] = CFrame.new(0.0000,2.0000,0.0000,-1.0000,0.0000,-0.0000,-0.0000,-1.0000,0.0000,-0.0000,0.0000,1.0000),
      ["RightUpperArm"] = CFrame.new(0.0001,0.0000,-0.0000,0.2140,-0.6883,0.6932,0.1588,-0.6757,-0.7199,0.9638,0.2641,-0.0353),
      ["RightLowerArm"] = CFrame.new(0.0000,0.0000,-0.0000,1.0000,-0.0000,0.0000,0.0000,0.1915,-0.9815,0.0000,0.9815,0.1915),
      ["RightHand"] = CFrame.new(0.0000,0.0000,-0.0000,1.0000,-0.0000,0.0000,0.0000,0.9730,-0.2310,-0.0000,0.2310,0.9730),
      ["LeftUpperLeg"] = CFrame.new(0.0000,-0.0000,-0.0000,0.8568,0.2982,0.4206,0.0292,0.7863,-0.6171,-0.5148,0.5411,0.6650),
      ["LeftLowerLeg"] = CFrame.new(0.0000,-0.0000,-0.0000,1.0000,-0.0000,0.0000,-0.0000,0.3936,0.9193,-0.0000,-0.9193,0.3936),
      ["LeftFoot"] = CFrame.new(0.0000,0.0000,-0.0000,1.0000,-0.0000,0.0000,0.0000,0.9931,-0.1175,-0.0000,0.1175,0.9931),
      ["RightUpperLeg"] = CFrame.new(-0.0000,-0.0000,-0.0000,0.8671,-0.3768,-0.3258,0.0997,0.7722,-0.6275,0.4880,0.5116,0.7072),
      ["RightLowerLeg"] = CFrame.new(-0.0001,0.0000,0.0000,1.0000,0.0000,-0.0000,0.0000,0.2892,0.9573,0.0000,-0.9573,0.2892),
      ["RightFoot"] = CFrame.new(-0.0000,0.0000,0.0000,1.0000,0.0000,-0.0000,-0.0000,0.9988,-0.0481,0.0000,0.0481,0.9988),
    }},
    {Time = 6.133, Data = {
      ["HumanoidRootPart"] = CFrame.new(0.0000,0.0000,0.0000,1.0000,0.0000,0.0000,0.0000,1.0000,0.0000,0.0000,0.0000,1.0000),
      ["LowerTorso"] = CFrame.new(0.0000,2.9873,0.0000,-1.0000,-0.0062,-0.0000,0.0062,-1.0000,-0.0000,-0.0000,-0.0000,1.0000),
      ["UpperTorso"] = CFrame.new(0.0000,0.0000,0.0000,0.9999,0.0161,0.0000,-0.0161,0.9999,-0.0000,-0.0000,0.0000,1.0000),
      ["LeftUpperArm"] = CFrame.new(0.0000,0.0000,0.0000,0.2421,0.7139,-0.6571,-0.2298,-0.6158,-0.7537,-0.9426,0.3335,0.0150),
      ["LeftLowerArm"] = CFrame.new(-0.0000,-0.0000,0.0000,1.0000,0.0000,-0.0000,-0.0000,0.1248,-0.9922,-0.0000,0.9922,0.1248),
      ["LeftHand"] = CFrame.new(-0.0000,0.0000,0.0000,1.0000,0.0000,-0.0000,-0.0000,0.9768,-0.2144,0.0000,0.2144,0.9768),
      ["Head"] = CFrame.new(0.0000,2.0000,0.0000,-1.0000,0.0000,-0.0000,-0.0000,-1.0000,0.0000,-0.0000,0.0000,1.0000),
      ["RightUpperArm"] = CFrame.new(0.0001,0.0000,-0.0000,0.2140,-0.6877,0.6937,0.1587,-0.6763,-0.7193,0.9638,0.2641,-0.0356),
      ["RightLowerArm"] = CFrame.new(0.0000,0.0000,-0.0000,1.0000,-0.0000,0.0000,0.0000,0.1933,-0.9811,0.0000,0.9811,0.1933),
      ["RightHand"] = CFrame.new(0.0000,0.0000,-0.0000,1.0000,-0.0000,0.0000,0.0000,0.9724,-0.2332,-0.0000,0.2332,0.9724),
      ["LeftUpperLeg"] = CFrame.new(0.0000,-0.0000,-0.0000,0.8568,0.2984,0.4204,0.0292,0.7860,-0.6175,-0.5148,0.5414,0.6648),
      ["LeftLowerLeg"] = CFrame.new(0.0000,-0.0000,-0.0000,1.0000,-0.0000,0.0000,-0.0000,0.3912,0.9203,-0.0000,-0.9203,0.3912),
      ["LeftFoot"] = CFrame.new(0.0000,0.0000,-0.0000,1.0000,-0.0000,0.0000,0.0000,0.9931,-0.1175,-0.0000,0.1175,0.9931),
      ["RightUpperLeg"] = CFrame.new(-0.0000,-0.0000,-0.0000,0.8671,-0.3769,-0.3256,0.0997,0.7718,-0.6279,0.4880,0.5120,0.7069),
      ["RightLowerLeg"] = CFrame.new(-0.0001,0.0000,0.0000,1.0000,0.0000,-0.0000,0.0000,0.2872,0.9579,0.0000,-0.9579,0.2872),
      ["RightFoot"] = CFrame.new(-0.0000,0.0000,0.0000,1.0000,0.0000,-0.0000,-0.0000,0.9988,-0.0481,0.0000,0.0481,0.9988),
    }},
    {Time = 6.167, Data = {
      ["HumanoidRootPart"] = CFrame.new(0.0000,0.0000,0.0000,1.0000,0.0000,0.0000,0.0000,1.0000,0.0000,0.0000,0.0000,1.0000),
      ["LowerTorso"] = CFrame.new(0.0000,2.9803,0.0000,-1.0000,-0.0078,-0.0000,0.0078,-1.0000,-0.0000,-0.0000,-0.0000,1.0000),
      ["UpperTorso"] = CFrame.new(0.0000,0.0000,0.0000,0.9998,0.0204,0.0000,-0.0204,0.9998,-0.0000,-0.0000,0.0000,1.0000),
      ["LeftUpperArm"] = CFrame.new(0.0000,0.0000,0.0000,0.2422,0.7130,-0.6580,-0.2298,-0.6168,-0.7528,-0.9426,0.3336,0.0145),
      ["LeftLowerArm"] = CFrame.new(-0.0000,-0.0000,0.0000,1.0000,0.0000,-0.0000,-0.0000,0.1270,-0.9919,-0.0000,0.9919,0.1270),
      ["LeftHand"] = CFrame.new(-0.0000,0.0000,0.0000,1.0000,0.0000,-0.0000,-0.0000,0.9763,-0.2166,0.0000,0.2166,0.9763),
      ["Head"] = CFrame.new(0.0000,2.0000,0.0000,-1.0000,0.0000,-0.0000,-0.0000,-1.0000,0.0000,-0.0000,0.0000,1.0000),
      ["RightUpperArm"] = CFrame.new(0.0001,0.0000,-0.0000,0.2141,-0.6870,0.6944,0.1587,-0.6770,-0.7187,0.9638,0.2641,-0.0359),
      ["RightLowerArm"] = CFrame.new(0.0000,0.0000,-0.0000,1.0000,-0.0000,0.0000,0.0000,0.1956,-0.9807,0.0000,0.9807,0.1956),
      ["RightHand"] = CFrame.new(0.0000,0.0000,-0.0000,1.0000,-0.0000,0.0000,0.0000,0.9718,-0.2359,-0.0000,0.2359,0.9718),
      ["LeftUpperLeg"] = CFrame.new(0.0000,-0.0000,-0.0000,0.8568,0.2987,0.4202,0.0292,0.7856,-0.6180,-0.5148,0.5418,0.6644),
      ["LeftLowerLeg"] = CFrame.new(0.0000,-0.0000,-0.0000,1.0000,-0.0000,0.0000,-0.0000,0.3882,0.9216,-0.0000,-0.9216,0.3882),
      ["LeftFoot"] = CFrame.new(0.0000,0.0000,-0.0000,1.0000,-0.0000,0.0000,0.0000,0.9931,-0.1175,-0.0000,0.1175,0.9931),
      ["RightUpperLeg"] = CFrame.new(-0.0000,-0.0000,-0.0000,0.8671,-0.3772,-0.3253,0.0997,0.7714,-0.6285,0.4880,0.5125,0.7065),
      ["RightLowerLeg"] = CFrame.new(-0.0001,0.0000,0.0000,1.0000,0.0000,-0.0000,0.0000,0.2846,0.9587,0.0000,-0.9587,0.2846),
      ["RightFoot"] = CFrame.new(-0.0000,0.0000,0.0000,1.0000,0.0000,-0.0000,-0.0000,0.9988,-0.0481,0.0000,0.0481,0.9988),
    }},
    {Time = 6.200, Data = {
      ["HumanoidRootPart"] = CFrame.new(0.0000,0.0000,0.0000,1.0000,0.0000,0.0000,0.0000,1.0000,0.0000,0.0000,0.0000,1.0000),
      ["LowerTorso"] = CFrame.new(0.0000,2.9720,0.0000,-1.0000,-0.0095,-0.0000,0.0095,-1.0000,-0.0000,-0.0000,-0.0000,1.0000),
      ["UpperTorso"] = CFrame.new(0.0000,0.0000,0.0000,0.9997,0.0247,0.0000,-0.0247,0.9997,-0.0000,-0.0000,0.0000,1.0000),
      ["LeftUpperArm"] = CFrame.new(0.0000,0.0000,0.0000,0.2423,0.7119,-0.6592,-0.2298,-0.6180,-0.7519,-0.9426,0.3336,0.0138),
      ["LeftLowerArm"] = CFrame.new(-0.0000,-0.0000,0.0000,1.0000,0.0000,-0.0000,-0.0000,0.1297,-0.9916,-0.0000,0.9916,0.1297),
      ["LeftHand"] = CFrame.new(-0.0000,0.0000,0.0000,1.0000,0.0000,-0.0000,-0.0000,0.9757,-0.2192,0.0000,0.2192,0.9757),
      ["Head"] = CFrame.new(0.0000,2.0000,0.0000,-1.0000,0.0000,-0.0000,-0.0000,-1.0000,0.0000,-0.0000,0.0000,1.0000),
      ["RightUpperArm"] = CFrame.new(0.0001,0.0000,-0.0000,0.2142,-0.6861,0.6953,0.1587,-0.6779,-0.7178,0.9638,0.2641,-0.0363),
      ["RightLowerArm"] = CFrame.new(0.0000,0.0000,-0.0000,1.0000,-0.0000,0.0000,0.0000,0.1984,-0.9801,0.0000,0.9801,0.1984),
      ["RightHand"] = CFrame.new(0.0000,0.0000,-0.0000,1.0000,-0.0000,0.0000,0.0000,0.9710,-0.2391,-0.0000,0.2391,0.9710),
      ["LeftUpperLeg"] = CFrame.new(0.0000,-0.0000,-0.0000,0.8568,0.2990,0.4200,0.0292,0.7852,-0.6186,-0.5147,0.5423,0.6640),
      ["LeftLowerLeg"] = CFrame.new(0.0000,-0.0000,-0.0000,1.0000,-0.0000,0.0000,-0.0000,0.3845,0.9231,-0.0000,-0.9231,0.3845),
      ["LeftFoot"] = CFrame.new(0.0000,0.0000,-0.0000,1.0000,-0.0000,0.0000,0.0000,0.9931,-0.1175,-0.0000,0.1175,0.9931),
      ["RightUpperLeg"] = CFrame.new(-0.0000,-0.0000,-0.0000,0.8672,-0.3774,-0.3250,0.0997,0.7709,-0.6291,0.4880,0.5132,0.7061),
      ["RightLowerLeg"] = CFrame.new(-0.0001,0.0000,0.0000,1.0000,0.0000,-0.0000,0.0000,0.2815,0.9596,0.0000,-0.9596,0.2815),
      ["RightFoot"] = CFrame.new(-0.0000,0.0000,0.0000,1.0000,0.0000,-0.0000,-0.0000,0.9988,-0.0481,0.0000,0.0481,0.9988),
    }},
    {Time = 6.233, Data = {
      ["HumanoidRootPart"] = CFrame.new(0.0000,0.0000,0.0000,1.0000,0.0000,0.0000,0.0000,1.0000,0.0000,0.0000,0.0000,1.0000),
      ["LowerTorso"] = CFrame.new(0.0000,2.9623,0.0000,-0.9999,-0.0112,-0.0000,0.0112,-0.9999,-0.0000,-0.0000,-0.0000,1.0000),
      ["UpperTorso"] = CFrame.new(0.0000,0.0000,0.0000,0.9996,0.0292,0.0000,-0.0292,0.9996,-0.0000,-0.0000,0.0000,1.0000),
      ["LeftUpperArm"] = CFrame.new(0.0000,0.0000,0.0000,0.2424,0.7106,-0.6605,-0.2297,-0.6194,-0.7507,-0.9426,0.3337,0.0131),
      ["LeftLowerArm"] = CFrame.new(-0.0000,-0.0000,0.0000,1.0000,0.0000,-0.0000,-0.0000,0.1328,-0.9911,-0.0000,0.9911,0.1328),
      ["LeftHand"] = CFrame.new(-0.0000,0.0000,0.0000,1.0000,0.0000,-0.0000,-0.0000,0.9750,-0.2223,0.0000,0.2223,0.9750),
      ["Head"] = CFrame.new(0.0000,2.0000,0.0000,-1.0000,0.0000,-0.0000,-0.0000,-1.0000,0.0000,-0.0000,0.0000,1.0000),
      ["RightUpperArm"] = CFrame.new(0.0001,0.0000,-0.0000,0.2142,-0.6851,0.6962,0.1587,-0.6789,-0.7169,0.9638,0.2640,-0.0367),
      ["RightLowerArm"] = CFrame.new(0.0000,0.0000,-0.0000,1.0000,-0.0000,0.0000,0.0000,0.2017,-0.9795,0.0000,0.9795,0.2017),
      ["RightHand"] = CFrame.new(0.0000,0.0000,-0.0000,1.0000,-0.0000,0.0000,0.0000,0.9700,-0.2429,-0.0000,0.2429,0.9700),
      ["LeftUpperLeg"] = CFrame.new(0.0000,-0.0000,-0.0000,0.8569,0.2993,0.4197,0.0292,0.7847,-0.6192,-0.5147,0.5429,0.6636),
      ["LeftLowerLeg"] = CFrame.new(0.0000,-0.0000,-0.0000,1.0000,-0.0000,0.0000,-0.0000,0.3802,0.9249,-0.0000,-0.9249,0.3802),
      ["LeftFoot"] = CFrame.new(0.0000,0.0000,-0.0000,1.0000,-0.0000,0.0000,0.0000,0.9931,-0.1175,-0.0000,0.1175,0.9931),
      ["RightUpperLeg"] = CFrame.new(-0.0000,-0.0000,-0.0000,0.8672,-0.3777,-0.3246,0.0997,0.7702,-0.6299,0.4879,0.5139,0.7056),
      ["RightLowerLeg"] = CFrame.new(-0.0001,0.0000,0.0000,1.0000,0.0000,-0.0000,0.0000,0.2779,0.9606,0.0000,-0.9606,0.2779),
      ["RightFoot"] = CFrame.new(-0.0000,0.0000,0.0000,1.0000,0.0000,-0.0000,-0.0000,0.9988,-0.0481,0.0000,0.0481,0.9988),
    }},
    {Time = 6.267, Data = {
      ["HumanoidRootPart"] = CFrame.new(0.0000,0.0000,0.0000,1.0000,0.0000,0.0000,0.0000,1.0000,0.0000,0.0000,0.0000,1.0000),
      ["LowerTorso"] = CFrame.new(0.0000,2.9514,0.0000,-0.9999,-0.0130,-0.0000,0.0130,-0.9999,-0.0000,-0.0000,-0.0000,1.0000),
      ["UpperTorso"] = CFrame.new(0.0000,0.0000,0.0000,0.9994,0.0337,0.0000,-0.0337,0.9994,-0.0000,-0.0000,0.0000,1.0000),
      ["LeftUpperArm"] = CFrame.new(0.0000,0.0000,0.0000,0.2426,0.7092,-0.6620,-0.2297,-0.6210,-0.7494,-0.9426,0.3338,0.0122),
      ["LeftLowerArm"] = CFrame.new(-0.0000,-0.0000,0.0000,1.0000,0.0000,-0.0000,-0.0000,0.1363,-0.9907,-0.0000,0.9907,0.1363),
      ["LeftHand"] = CFrame.new(-0.0000,0.0000,0.0000,1.0000,0.0000,-0.0000,-0.0000,0.9742,-0.2257,0.0000,0.2257,0.9742),
      ["Head"] = CFrame.new(0.0000,2.0000,0.0000,-1.0000,-0.0000,-0.0000,0.0000,-1.0000,0.0000,-0.0000,0.0000,1.0000),
      ["RightUpperArm"] = CFrame.new(0.0001,0.0000,-0.0000,0.2143,-0.6840,0.6973,0.1587,-0.6801,-0.7158,0.9638,0.2640,-0.0372),
      ["RightLowerArm"] = CFrame.new(0.0000,0.0000,-0.0000,1.0000,-0.0000,0.0000,0.0000,0.2053,-0.9787,0.0000,0.9787,0.2053),
      ["RightHand"] = CFrame.new(0.0000,0.0000,-0.0000,1.0000,-0.0000,0.0000,0.0000,0.9690,-0.2472,-0.0000,0.2472,0.9690),
      ["LeftUpperLeg"] = CFrame.new(0.0000,-0.0000,-0.0000,0.8569,0.2997,0.4194,0.0292,0.7841,-0.6200,-0.5147,0.5435,0.6631),
      ["LeftLowerLeg"] = CFrame.new(0.0000,-0.0000,-0.0000,1.0000,-0.0000,0.0000,-0.0000,0.3754,0.9269,-0.0000,-0.9269,0.3754),
      ["LeftFoot"] = CFrame.new(0.0000,0.0000,-0.0000,1.0000,-0.0000,0.0000,0.0000,0.9931,-0.1175,-0.0000,0.1175,0.9931),
      ["RightUpperLeg"] = CFrame.new(-0.0000,-0.0000,-0.0000,0.8672,-0.3781,-0.3241,0.0997,0.7695,-0.6308,0.4879,0.5147,0.7050),
      ["RightLowerLeg"] = CFrame.new(-0.0001,0.0000,0.0000,1.0000,0.0000,-0.0000,0.0000,0.2738,0.9618,0.0000,-0.9618,0.2738),
      ["RightFoot"] = CFrame.new(-0.0000,0.0000,0.0000,1.0000,0.0000,-0.0000,-0.0000,0.9988,-0.0481,0.0000,0.0481,0.9988),
    }},
    {Time = 6.300, Data = {
      ["HumanoidRootPart"] = CFrame.new(0.0000,0.0000,0.0000,1.0000,0.0000,0.0000,0.0000,1.0000,0.0000,0.0000,0.0000,1.0000),
      ["LowerTorso"] = CFrame.new(0.0000,2.9392,0.0000,-0.9999,-0.0148,-0.0000,0.0148,-0.9999,-0.0000,-0.0000,-0.0000,1.0000),
      ["UpperTorso"] = CFrame.new(0.0000,0.0000,0.0000,0.9993,0.0384,0.0000,-0.0384,0.9993,-0.0000,-0.0000,0.0000,1.0000),
      ["LeftUpperArm"] = CFrame.new(0.0000,0.0000,0.0000,0.2427,0.7076,-0.6636,-0.2296,-0.6227,-0.7480,-0.9425,0.3339,0.0113),
      ["LeftLowerArm"] = CFrame.new(-0.0000,-0.0000,0.0000,1.0000,0.0000,-0.0000,-0.0000,0.1402,-0.9901,-0.0000,0.9901,0.1402),
      ["LeftHand"] = CFrame.new(-0.0000,0.0000,0.0000,1.0000,0.0000,-0.0000,-0.0000,0.9733,-0.2295,0.0000,0.2295,0.9733),
      ["Head"] = CFrame.new(0.0000,2.0000,0.0000,-1.0000,0.0000,-0.0000,-0.0000,-1.0000,0.0000,-0.0000,0.0000,1.0000),
      ["RightUpperArm"] = CFrame.new(0.0001,0.0000,-0.0000,0.2144,-0.6827,0.6986,0.1586,-0.6814,-0.7146,0.9638,0.2640,-0.0378),
      ["RightLowerArm"] = CFrame.new(0.0000,0.0000,-0.0000,1.0000,-0.0000,0.0000,0.0000,0.2094,-0.9778,0.0000,0.9778,0.2094),
      ["RightHand"] = CFrame.new(0.0000,0.0000,-0.0000,1.0000,-0.0000,0.0000,0.0000,0.9677,-0.2520,-0.0000,0.2520,0.9677),
      ["LeftUpperLeg"] = CFrame.new(0.0000,-0.0000,-0.0000,0.8569,0.3002,0.4191,0.0292,0.7834,-0.6208,-0.5147,0.5442,0.6625),
      ["LeftLowerLeg"] = CFrame.new(0.0000,-0.0000,-0.0000,1.0000,-0.0000,0.0000,-0.0000,0.3700,0.9290,-0.0000,-0.9290,0.3700),
      ["LeftFoot"] = CFrame.new(0.0000,0.0000,-0.0000,1.0000,-0.0000,0.0000,0.0000,0.9931,-0.1175,-0.0000,0.1175,0.9931),
      ["RightUpperLeg"] = CFrame.new(-0.0000,-0.0000,-0.0000,0.8672,-0.3785,-0.3236,0.0997,0.7687,-0.6318,0.4879,0.5156,0.7044),
      ["RightLowerLeg"] = CFrame.new(-0.0001,0.0000,0.0000,1.0000,0.0000,-0.0000,0.0000,0.2692,0.9631,0.0000,-0.9631,0.2692),
      ["RightFoot"] = CFrame.new(-0.0000,0.0000,0.0000,1.0000,0.0000,-0.0000,-0.0000,0.9988,-0.0481,0.0000,0.0481,0.9988),
    }},
    {Time = 6.333, Data = {
      ["HumanoidRootPart"] = CFrame.new(0.0000,0.0000,0.0000,1.0000,0.0000,0.0000,0.0000,1.0000,0.0000,0.0000,0.0000,1.0000),
      ["LowerTorso"] = CFrame.new(0.0000,2.9259,0.0000,-0.9999,-0.0166,-0.0000,0.0166,-0.9999,-0.0000,-0.0000,-0.0000,1.0000),
      ["UpperTorso"] = CFrame.new(0.0000,0.0000,0.0000,0.9991,0.0431,0.0000,-0.0431,0.9991,-0.0000,-0.0000,0.0000,1.0000),
      ["LeftUpperArm"] = CFrame.new(0.0000,0.0000,0.0000,0.2429,0.7058,-0.6654,-0.2295,-0.6247,-0.7464,-0.9425,0.3340,0.0103),
      ["LeftLowerArm"] = CFrame.new(-0.0000,-0.0000,0.0000,1.0000,0.0000,-0.0000,-0.0000,0.1444,-0.9895,-0.0000,0.9895,0.1444),
      ["LeftHand"] = CFrame.new(-0.0000,0.0000,0.0000,1.0000,0.0000,-0.0000,-0.0000,0.9723,-0.2337,0.0000,0.2337,0.9723),
      ["Head"] = CFrame.new(0.0000,2.0000,0.0000,-1.0000,-0.0000,-0.0000,0.0000,-1.0000,0.0000,-0.0000,0.0000,1.0000),
      ["RightUpperArm"] = CFrame.new(0.0001,0.0000,-0.0000,0.2145,-0.6813,0.6999,0.1586,-0.6828,-0.7132,0.9638,0.2640,-0.0384),
      ["RightLowerArm"] = CFrame.new(0.0000,0.0000,-0.0000,1.0000,-0.0000,0.0000,0.0000,0.2139,-0.9769,0.0000,0.9769,0.2139),
      ["RightHand"] = CFrame.new(0.0000,0.0000,-0.0000,1.0000,-0.0000,0.0000,0.0000,0.9664,-0.2572,-0.0000,0.2572,0.9664),
      ["LeftUpperLeg"] = CFrame.new(0.0000,-0.0000,-0.0000,0.8569,0.3007,0.4187,0.0292,0.7827,-0.6218,-0.5147,0.5450,0.6619),
      ["LeftLowerLeg"] = CFrame.new(0.0000,-0.0000,-0.0000,1.0000,-0.0000,0.0000,-0.0000,0.3641,0.9314,-0.0000,-0.9314,0.3641),
      ["LeftFoot"] = CFrame.new(0.0000,0.0000,-0.0000,1.0000,-0.0000,0.0000,0.0000,0.9931,-0.1175,-0.0000,0.1175,0.9931),
      ["RightUpperLeg"] = CFrame.new(-0.0000,-0.0000,-0.0000,0.8672,-0.3789,-0.3231,0.0997,0.7679,-0.6328,0.4879,0.5166,0.7037),
      ["RightLowerLeg"] = CFrame.new(-0.0001,0.0000,0.0000,1.0000,0.0000,-0.0000,0.0000,0.2642,0.9645,0.0000,-0.9645,0.2642),
      ["RightFoot"] = CFrame.new(-0.0000,0.0000,0.0000,1.0000,0.0000,-0.0000,-0.0000,0.9988,-0.0481,0.0000,0.0481,0.9988),
    }},
    {Time = 6.367, Data = {
      ["HumanoidRootPart"] = CFrame.new(0.0000,0.0000,0.0000,1.0000,0.0000,0.0000,0.0000,1.0000,0.0000,0.0000,0.0000,1.0000),
      ["LowerTorso"] = CFrame.new(0.0000,2.9115,0.0000,-0.9998,-0.0184,-0.0000,0.0184,-0.9998,-0.0000,-0.0000,-0.0000,1.0000),
      ["UpperTorso"] = CFrame.new(0.0000,0.0000,0.0000,0.9989,0.0478,0.0000,-0.0478,0.9989,-0.0000,-0.0000,0.0000,1.0000),
      ["LeftUpperArm"] = CFrame.new(0.0000,0.0000,0.0000,0.2430,0.7039,-0.6674,-0.2295,-0.6268,-0.7446,-0.9425,0.3341,0.0092),
      ["LeftLowerArm"] = CFrame.new(-0.0000,-0.0000,0.0000,1.0000,0.0000,-0.0000,-0.0000,0.1490,-0.9888,-0.0000,0.9888,0.1490),
      ["LeftHand"] = CFrame.new(-0.0000,0.0000,0.0000,1.0000,0.0000,-0.0000,-0.0000,0.9712,-0.2383,0.0000,0.2383,0.9712),
      ["Head"] = CFrame.new(0.0000,2.0000,0.0000,-1.0000,0.0000,-0.0000,-0.0000,-1.0000,0.0000,-0.0000,0.0000,1.0000),
      ["RightUpperArm"] = CFrame.new(0.0001,0.0000,-0.0000,0.2145,-0.6798,0.7013,0.1586,-0.6843,-0.7118,0.9638,0.2639,-0.0390),
      ["RightLowerArm"] = CFrame.new(0.0000,0.0000,-0.0000,1.0000,-0.0000,0.0000,0.0000,0.2187,-0.9758,0.0000,0.9758,0.2187),
      ["RightHand"] = CFrame.new(0.0000,0.0000,-0.0000,1.0000,-0.0000,0.0000,0.0000,0.9649,-0.2628,-0.0000,0.2628,0.9649),
      ["LeftUpperLeg"] = CFrame.new(0.0000,-0.0000,-0.0000,0.8569,0.3012,0.4183,0.0292,0.7819,-0.6228,-0.5146,0.5459,0.6612),
      ["LeftLowerLeg"] = CFrame.new(0.0000,-0.0000,-0.0000,1.0000,-0.0000,0.0000,-0.0000,0.3577,0.9338,-0.0000,-0.9338,0.3577),
      ["LeftFoot"] = CFrame.new(0.0000,0.0000,-0.0000,1.0000,-0.0000,0.0000,0.0000,0.9931,-0.1175,-0.0000,0.1175,0.9931),
      ["RightUpperLeg"] = CFrame.new(-0.0000,-0.0000,-0.0000,0.8672,-0.3794,-0.3225,0.0997,0.7669,-0.6339,0.4878,0.5176,0.7029),
      ["RightLowerLeg"] = CFrame.new(-0.0001,0.0000,0.0000,1.0000,0.0000,-0.0000,0.0000,0.2588,0.9659,0.0000,-0.9659,0.2588),
      ["RightFoot"] = CFrame.new(-0.0000,0.0000,0.0000,1.0000,0.0000,-0.0000,-0.0000,0.9988,-0.0481,0.0000,0.0481,0.9988),
    }},
    {Time = 6.400, Data = {
      ["HumanoidRootPart"] = CFrame.new(0.0000,0.0000,0.0000,1.0000,0.0000,0.0000,0.0000,1.0000,0.0000,0.0000,0.0000,1.0000),
      ["LowerTorso"] = CFrame.new(0.0000,2.8960,0.0000,-0.9998,-0.0202,-0.0000,0.0202,-0.9998,-0.0000,-0.0000,-0.0000,1.0000),
      ["UpperTorso"] = CFrame.new(0.0000,0.0000,0.0000,0.9986,0.0526,0.0000,-0.0526,0.9986,-0.0000,-0.0000,0.0000,1.0000),
      ["LeftUpperArm"] = CFrame.new(0.0000,0.0000,0.0000,0.2432,0.7019,-0.6695,-0.2294,-0.6290,-0.7428,-0.9425,0.3342,0.0081),
      ["LeftLowerArm"] = CFrame.new(-0.0000,-0.0000,0.0000,1.0000,0.0000,-0.0000,-0.0000,0.1540,-0.9881,-0.0000,0.9881,0.1540),
      ["LeftHand"] = CFrame.new(-0.0000,0.0000,0.0000,1.0000,0.0000,-0.0000,-0.0000,0.9700,-0.2432,0.0000,0.2432,0.9700),
      ["Head"] = CFrame.new(0.0000,2.0000,0.0000,-1.0000,0.0000,-0.0000,-0.0000,-1.0000,0.0000,-0.0000,0.0000,1.0000),
      ["RightUpperArm"] = CFrame.new(0.0001,0.0000,-0.0000,0.2146,-0.6782,0.7029,0.1585,-0.6859,-0.7102,0.9637,0.2639,-0.0397),
      ["RightLowerArm"] = CFrame.new(0.0000,0.0000,-0.0000,1.0000,-0.0000,0.0000,0.0000,0.2239,-0.9746,0.0000,0.9746,0.2239),
      ["RightHand"] = CFrame.new(0.0000,0.0000,-0.0000,1.0000,-0.0000,0.0000,0.0000,0.9632,-0.2688,-0.0000,0.2688,0.9632),
      ["LeftUpperLeg"] = CFrame.new(0.0000,-0.0000,-0.0000,0.8569,0.3017,0.4179,0.0292,0.7810,-0.6239,-0.5146,0.5468,0.6604),
      ["LeftLowerLeg"] = CFrame.new(0.0000,-0.0000,-0.0000,1.0000,-0.0000,0.0000,-0.0000,0.3507,0.9365,-0.0000,-0.9365,0.3507),
      ["LeftFoot"] = CFrame.new(0.0000,0.0000,-0.0000,1.0000,-0.0000,0.0000,0.0000,0.9931,-0.1175,-0.0000,0.1175,0.9931),
      ["RightUpperLeg"] = CFrame.new(-0.0000,-0.0000,-0.0000,0.8672,-0.3799,-0.3219,0.0997,0.7659,-0.6352,0.4878,0.5188,0.7021),
      ["RightLowerLeg"] = CFrame.new(-0.0001,0.0000,0.0000,1.0000,0.0000,-0.0000,0.0000,0.2530,0.9675,0.0000,-0.9675,0.2530),
      ["RightFoot"] = CFrame.new(-0.0000,0.0000,0.0000,1.0000,0.0000,-0.0000,-0.0000,0.9988,-0.0481,0.0000,0.0481,0.9988),
    }},
    {Time = 6.433, Data = {
      ["HumanoidRootPart"] = CFrame.new(0.0000,0.0000,0.0000,1.0000,0.0000,0.0000,0.0000,1.0000,0.0000,0.0000,0.0000,1.0000),
      ["LowerTorso"] = CFrame.new(0.0000,2.8795,0.0000,-0.9998,-0.0221,-0.0000,0.0221,-0.9998,-0.0000,-0.0000,-0.0000,1.0000),
      ["UpperTorso"] = CFrame.new(0.0000,0.0000,0.0000,0.9983,0.0575,0.0000,-0.0575,0.9983,-0.0000,-0.0000,0.0000,1.0000),
      ["LeftUpperArm"] = CFrame.new(0.0000,0.0000,0.0000,0.2434,0.6997,-0.6717,-0.2294,-0.6314,-0.7408,-0.9424,0.3343,0.0068),
      ["LeftLowerArm"] = CFrame.new(-0.0000,-0.0000,0.0000,1.0000,0.0000,-0.0000,-0.0000,0.1592,-0.9872,-0.0000,0.9872,0.1592),
      ["LeftHand"] = CFrame.new(-0.0000,0.0000,0.0000,1.0000,0.0000,-0.0000,-0.0000,0.9687,-0.2483,0.0000,0.2483,0.9687),
      ["Head"] = CFrame.new(0.0000,2.0000,0.0000,-1.0000,0.0000,-0.0000,-0.0000,-1.0000,0.0000,-0.0000,0.0000,1.0000),
      ["RightUpperArm"] = CFrame.new(0.0001,0.0000,-0.0000,0.2147,-0.6764,0.7045,0.1585,-0.6876,-0.7085,0.9637,0.2638,-0.0405),
      ["RightLowerArm"] = CFrame.new(0.0000,0.0000,-0.0000,1.0000,-0.0000,0.0000,0.0000,0.2294,-0.9733,0.0000,0.9733,0.2294),
      ["RightHand"] = CFrame.new(0.0000,0.0000,-0.0000,1.0000,-0.0000,0.0000,0.0000,0.9614,-0.2752,-0.0000,0.2752,0.9614),
      ["LeftUpperLeg"] = CFrame.new(0.0000,-0.0000,-0.0000,0.8569,0.3023,0.4174,0.0292,0.7801,-0.6250,-0.5146,0.5478,0.6597),
      ["LeftLowerLeg"] = CFrame.new(0.0000,-0.0000,-0.0000,1.0000,-0.0000,0.0000,-0.0000,0.3434,0.9392,-0.0000,-0.9392,0.3434),
      ["LeftFoot"] = CFrame.new(0.0000,0.0000,-0.0000,1.0000,-0.0000,0.0000,0.0000,0.9931,-0.1175,-0.0000,0.1175,0.9931),
      ["RightUpperLeg"] = CFrame.new(-0.0000,-0.0000,-0.0000,0.8673,-0.3804,-0.3212,0.0997,0.7648,-0.6365,0.4878,0.5200,0.7012),
      ["RightLowerLeg"] = CFrame.new(-0.0001,0.0000,0.0000,1.0000,0.0000,-0.0000,0.0000,0.2468,0.9691,0.0000,-0.9691,0.2468),
      ["RightFoot"] = CFrame.new(-0.0000,0.0000,0.0000,1.0000,0.0000,-0.0000,-0.0000,0.9988,-0.0481,0.0000,0.0481,0.9988),
    }},
    {Time = 6.467, Data = {
      ["HumanoidRootPart"] = CFrame.new(0.0000,0.0000,0.0000,1.0000,0.0000,0.0000,0.0000,1.0000,0.0000,0.0000,0.0000,1.0000),
      ["LowerTorso"] = CFrame.new(0.0000,2.8621,0.0000,-0.9997,-0.0240,-0.0000,0.0240,-0.9997,-0.0000,-0.0000,-0.0000,1.0000),
      ["UpperTorso"] = CFrame.new(0.0000,0.0000,0.0000,0.9981,0.0624,0.0000,-0.0624,0.9981,-0.0000,-0.0000,0.0000,1.0000),
      ["LeftUpperArm"] = CFrame.new(0.0000,0.0000,0.0000,0.2435,0.6974,-0.6740,-0.2293,-0.6339,-0.7387,-0.9424,0.3344,0.0055),
      ["LeftLowerArm"] = CFrame.new(-0.0000,-0.0000,0.0000,1.0000,0.0000,-0.0000,-0.0000,0.1648,-0.9863,-0.0000,0.9863,0.1648),
      ["LeftHand"] = CFrame.new(-0.0000,0.0000,0.0000,1.0000,0.0000,-0.0000,-0.0000,0.9673,-0.2538,0.0000,0.2538,0.9673),
      ["Head"] = CFrame.new(0.0000,2.0000,0.0000,-1.0000,-0.0000,-0.0000,0.0000,-1.0000,0.0000,-0.0000,0.0000,1.0000),
      ["RightUpperArm"] = CFrame.new(0.0001,0.0000,-0.0000,0.2148,-0.6746,0.7062,0.1585,-0.6895,-0.7068,0.9637,0.2637,-0.0412),
      ["RightLowerArm"] = CFrame.new(0.0000,0.0000,-0.0000,1.0000,-0.0000,0.0000,0.0000,0.2352,-0.9720,0.0000,0.9720,0.2352),
      ["RightHand"] = CFrame.new(0.0000,0.0000,-0.0000,1.0000,-0.0000,0.0000,0.0000,0.9594,-0.2820,-0.0000,0.2820,0.9594),
      ["LeftUpperLeg"] = CFrame.new(0.0000,-0.0000,-0.0000,0.8570,0.3030,0.4169,0.0292,0.7791,-0.6262,-0.5146,0.5488,0.6588),
      ["LeftLowerLeg"] = CFrame.new(0.0000,-0.0000,-0.0000,1.0000,-0.0000,0.0000,-0.0000,0.3355,0.9420,-0.0000,-0.9420,0.3355),
      ["LeftFoot"] = CFrame.new(0.0000,0.0000,-0.0000,1.0000,-0.0000,0.0000,0.0000,0.9931,-0.1175,-0.0000,0.1175,0.9931),
      ["RightUpperLeg"] = CFrame.new(-0.0000,-0.0000,-0.0000,0.8673,-0.3809,-0.3205,0.0997,0.7637,-0.6379,0.4877,0.5212,0.7003),
      ["RightLowerLeg"] = CFrame.new(-0.0001,0.0000,0.0000,1.0000,0.0000,-0.0000,0.0000,0.2402,0.9707,0.0000,-0.9707,0.2402),
      ["RightFoot"] = CFrame.new(-0.0000,0.0000,0.0000,1.0000,0.0000,-0.0000,-0.0000,0.9988,-0.0481,0.0000,0.0481,0.9988),
    }},
    {Time = 6.500, Data = {
      ["HumanoidRootPart"] = CFrame.new(0.0000,0.0000,0.0000,1.0000,0.0000,0.0000,0.0000,1.0000,0.0000,0.0000,0.0000,1.0000),
      ["LowerTorso"] = CFrame.new(0.0000,2.8438,0.0000,-0.9997,-0.0259,-0.0000,0.0259,-0.9997,-0.0000,-0.0000,-0.0000,1.0000),
      ["UpperTorso"] = CFrame.new(0.0000,0.0000,0.0000,0.9977,0.0673,0.0000,-0.0673,0.9977,-0.0000,-0.0000,0.0000,1.0000),
      ["LeftUpperArm"] = CFrame.new(0.0000,0.0000,0.0000,0.2437,0.6950,-0.6765,-0.2292,-0.6365,-0.7364,-0.9424,0.3345,0.0042),
      ["LeftLowerArm"] = CFrame.new(-0.0000,-0.0000,0.0000,1.0000,0.0000,-0.0000,-0.0000,0.1706,-0.9853,-0.0000,0.9853,0.1706),
      ["LeftHand"] = CFrame.new(-0.0000,0.0000,0.0000,1.0000,0.0000,-0.0000,-0.0000,0.9657,-0.2595,0.0000,0.2595,0.9657),
      ["Head"] = CFrame.new(0.0000,2.0000,0.0000,-1.0000,0.0000,-0.0000,-0.0000,-1.0000,0.0000,-0.0000,0.0000,1.0000),
      ["RightUpperArm"] = CFrame.new(0.0001,0.0000,-0.0000,0.2149,-0.6727,0.7080,0.1584,-0.6914,-0.7049,0.9637,0.2637,-0.0420),
      ["RightLowerArm"] = CFrame.new(0.0000,0.0000,-0.0000,1.0000,-0.0000,0.0000,0.0000,0.2413,-0.9705,0.0000,0.9705,0.2413),
      ["RightHand"] = CFrame.new(0.0000,0.0000,-0.0000,1.0000,-0.0000,0.0000,0.0000,0.9573,-0.2891,-0.0000,0.2891,0.9573),
      ["LeftUpperLeg"] = CFrame.new(0.0000,-0.0000,-0.0000,0.8570,0.3036,0.4164,0.0292,0.7781,-0.6275,-0.5145,0.5499,0.6579),
      ["LeftLowerLeg"] = CFrame.new(0.0000,-0.0000,-0.0000,1.0000,-0.0000,0.0000,-0.0000,0.3273,0.9449,-0.0000,-0.9449,0.3273),
      ["LeftFoot"] = CFrame.new(0.0000,0.0000,-0.0000,1.0000,-0.0000,0.0000,0.0000,0.9931,-0.1175,-0.0000,0.1175,0.9931),
      ["RightUpperLeg"] = CFrame.new(-0.0000,-0.0000,-0.0000,0.8673,-0.3815,-0.3198,0.0997,0.7625,-0.6393,0.4877,0.5226,0.6993),
      ["RightLowerLeg"] = CFrame.new(-0.0001,0.0000,0.0000,1.0000,0.0000,-0.0000,0.0000,0.2333,0.9724,0.0000,-0.9724,0.2333),
      ["RightFoot"] = CFrame.new(-0.0000,0.0000,0.0000,1.0000,0.0000,-0.0000,-0.0000,0.9988,-0.0481,0.0000,0.0481,0.9988),
    }},
    {Time = 6.533, Data = {
      ["HumanoidRootPart"] = CFrame.new(0.0000,0.0000,0.0000,1.0000,0.0000,0.0000,0.0000,1.0000,0.0000,0.0000,0.0000,1.0000),
      ["LowerTorso"] = CFrame.new(0.0000,2.8246,0.0000,-0.9996,-0.0278,-0.0000,0.0278,-0.9996,-0.0000,-0.0000,-0.0000,1.0000),
      ["UpperTorso"] = CFrame.new(0.0000,0.0000,0.0000,0.9974,0.0723,0.0000,-0.0723,0.9974,-0.0000,-0.0000,0.0000,1.0000),
      ["LeftUpperArm"] = CFrame.new(0.0000,0.0000,0.0000,0.2439,0.6924,-0.6791,-0.2292,-0.6392,-0.7341,-0.9423,0.3346,0.0028),
      ["LeftLowerArm"] = CFrame.new(-0.0000,-0.0000,0.0000,1.0000,0.0000,-0.0000,-0.0000,0.1767,-0.9843,-0.0000,0.9843,0.1767),
      ["LeftHand"] = CFrame.new(-0.0000,0.0000,0.0000,1.0000,0.0000,-0.0000,-0.0000,0.9641,-0.2655,0.0000,0.2655,0.9641),
      ["Head"] = CFrame.new(0.0000,2.0000,0.0000,-1.0000,-0.0000,-0.0000,0.0000,-1.0000,0.0000,-0.0000,0.0000,1.0000),
      ["RightUpperArm"] = CFrame.new(0.0001,0.0000,-0.0000,0.2150,-0.6706,0.7099,0.1584,-0.6934,-0.7030,0.9637,0.2636,-0.0429),
      ["RightLowerArm"] = CFrame.new(0.0000,0.0000,-0.0000,1.0000,-0.0000,0.0000,0.0000,0.2476,-0.9689,0.0000,0.9689,0.2476),
      ["RightHand"] = CFrame.new(0.0000,0.0000,-0.0000,1.0000,-0.0000,0.0000,0.0000,0.9550,-0.2965,-0.0000,0.2965,0.9550),
      ["LeftUpperLeg"] = CFrame.new(0.0000,-0.0000,-0.0000,0.8570,0.3043,0.4159,0.0292,0.7770,-0.6288,-0.5145,0.5510,0.6570),
      ["LeftLowerLeg"] = CFrame.new(0.0000,-0.0000,-0.0000,1.0000,-0.0000,0.0000,-0.0000,0.3186,0.9479,-0.0000,-0.9479,0.3186),
      ["LeftFoot"] = CFrame.new(0.0000,0.0000,-0.0000,1.0000,-0.0000,0.0000,0.0000,0.9931,-0.1175,-0.0000,0.1175,0.9931),
      ["RightUpperLeg"] = CFrame.new(-0.0000,-0.0000,-0.0000,0.8673,-0.3821,-0.3190,0.0997,0.7612,-0.6408,0.4877,0.5240,0.6983),
      ["RightLowerLeg"] = CFrame.new(-0.0001,0.0000,0.0000,1.0000,0.0000,-0.0000,0.0000,0.2260,0.9741,0.0000,-0.9741,0.2260),
      ["RightFoot"] = CFrame.new(-0.0000,0.0000,0.0000,1.0000,0.0000,-0.0000,-0.0000,0.9988,-0.0481,0.0000,0.0481,0.9988),
    }},
    {Time = 6.567, Data = {
      ["HumanoidRootPart"] = CFrame.new(0.0000,0.0000,0.0000,1.0000,0.0000,0.0000,0.0000,1.0000,0.0000,0.0000,0.0000,1.0000),
      ["LowerTorso"] = CFrame.new(0.0000,2.8047,0.0000,-0.9996,-0.0297,-0.0000,0.0297,-0.9996,-0.0000,-0.0000,-0.0000,1.0000),
      ["UpperTorso"] = CFrame.new(0.0000,0.0000,0.0000,0.9970,0.0773,0.0000,-0.0773,0.9970,-0.0000,-0.0000,0.0000,1.0000),
      ["LeftUpperArm"] = CFrame.new(0.0000,0.0000,0.0000,0.2440,0.6897,-0.6817,-0.2291,-0.6421,-0.7316,-0.9423,0.3347,0.0013),
      ["LeftLowerArm"] = CFrame.new(-0.0000,-0.0000,0.0000,1.0000,0.0000,-0.0000,-0.0000,0.1830,-0.9831,-0.0000,0.9831,0.1830),
      ["LeftHand"] = CFrame.new(-0.0000,0.0000,0.0000,1.0000,0.0000,-0.0000,-0.0000,0.9624,-0.2718,0.0000,0.2718,0.9624),
      ["Head"] = CFrame.new(0.0000,2.0000,0.0000,-1.0000,-0.0000,-0.0000,0.0000,-1.0000,0.0000,-0.0000,0.0000,1.0000),
      ["RightUpperArm"] = CFrame.new(0.0001,0.0000,-0.0000,0.2151,-0.6685,0.7119,0.1584,-0.6954,-0.7009,0.9637,0.2635,-0.0437),
      ["RightLowerArm"] = CFrame.new(0.0000,0.0000,-0.0000,1.0000,-0.0000,0.0000,0.0000,0.2542,-0.9671,0.0000,0.9671,0.2542),
      ["RightHand"] = CFrame.new(0.0000,0.0000,-0.0000,1.0000,-0.0000,0.0000,0.0000,0.9526,-0.3041,-0.0000,0.3041,0.9526),
      ["LeftUpperLeg"] = CFrame.new(0.0000,-0.0000,-0.0000,0.8570,0.3051,0.4153,0.0292,0.7759,-0.6302,-0.5145,0.5522,0.6560),
      ["LeftLowerLeg"] = CFrame.new(0.0000,-0.0000,-0.0000,1.0000,-0.0000,0.0000,-0.0000,0.3096,0.9509,-0.0000,-0.9509,0.3096),
      ["LeftFoot"] = CFrame.new(0.0000,0.0000,-0.0000,1.0000,-0.0000,0.0000,0.0000,0.9931,-0.1175,-0.0000,0.1175,0.9931),
      ["RightUpperLeg"] = CFrame.new(-0.0000,-0.0000,-0.0000,0.8673,-0.3828,-0.3182,0.0997,0.7599,-0.6424,0.4876,0.5254,0.6972),
      ["RightLowerLeg"] = CFrame.new(-0.0001,0.0000,0.0000,1.0000,0.0000,-0.0000,0.0000,0.2185,0.9758,0.0000,-0.9758,0.2185),
      ["RightFoot"] = CFrame.new(-0.0000,0.0000,0.0000,1.0000,0.0000,-0.0000,-0.0000,0.9988,-0.0481,0.0000,0.0481,0.9988),
    }},
    {Time = 6.600, Data = {
      ["HumanoidRootPart"] = CFrame.new(0.0000,0.0000,0.0000,1.0000,0.0000,0.0000,0.0000,1.0000,0.0000,0.0000,0.0000,1.0000),
      ["LowerTorso"] = CFrame.new(0.0000,2.7840,0.0000,-0.9995,-0.0317,-0.0000,0.0317,-0.9995,-0.0000,-0.0000,-0.0000,1.0000),
      ["UpperTorso"] = CFrame.new(0.0000,0.0000,0.0000,0.9966,0.0823,0.0000,-0.0823,0.9966,-0.0000,-0.0000,0.0000,1.0000),
      ["LeftUpperArm"] = CFrame.new(0.0000,0.0000,0.0000,0.2442,0.6870,-0.6844,-0.2290,-0.6450,-0.7291,-0.9423,0.3348,-0.0002),
      ["LeftLowerArm"] = CFrame.new(-0.0000,-0.0000,0.0000,1.0000,0.0000,-0.0000,-0.0000,0.1896,-0.9819,-0.0000,0.9819,0.1896),
      ["LeftHand"] = CFrame.new(-0.0000,0.0000,0.0000,1.0000,0.0000,-0.0000,-0.0000,0.9605,-0.2782,0.0000,0.2782,0.9605),
      ["Head"] = CFrame.new(0.0000,2.0000,0.0000,-1.0000,-0.0000,-0.0000,0.0000,-1.0000,0.0000,-0.0000,0.0000,1.0000),
      ["RightUpperArm"] = CFrame.new(0.0001,0.0000,-0.0000,0.2152,-0.6663,0.7139,0.1583,-0.6976,-0.6988,0.9636,0.2634,-0.0446),
      ["RightLowerArm"] = CFrame.new(0.0000,0.0000,-0.0000,1.0000,-0.0000,0.0000,0.0000,0.2611,-0.9653,0.0000,0.9653,0.2611),
      ["RightHand"] = CFrame.new(0.0000,0.0000,-0.0000,1.0000,-0.0000,0.0000,0.0000,0.9501,-0.3121,-0.0000,0.3121,0.9501),
      ["LeftUpperLeg"] = CFrame.new(0.0000,-0.0000,-0.0000,0.8570,0.3058,0.4147,0.0292,0.7747,-0.6316,-0.5145,0.5534,0.6550),
      ["LeftLowerLeg"] = CFrame.new(0.0000,-0.0000,-0.0000,1.0000,-0.0000,0.0000,-0.0000,0.3002,0.9539,-0.0000,-0.9539,0.3002),
      ["LeftFoot"] = CFrame.new(0.0000,0.0000,-0.0000,1.0000,-0.0000,0.0000,0.0000,0.9931,-0.1175,-0.0000,0.1175,0.9931),
      ["RightUpperLeg"] = CFrame.new(-0.0000,-0.0000,-0.0000,0.8673,-0.3834,-0.3173,0.0997,0.7585,-0.6440,0.4876,0.5269,0.6961),
      ["RightLowerLeg"] = CFrame.new(-0.0001,0.0000,0.0000,1.0000,0.0000,-0.0000,0.0000,0.2106,0.9776,0.0000,-0.9776,0.2106),
      ["RightFoot"] = CFrame.new(-0.0000,0.0000,0.0000,1.0000,0.0000,-0.0000,-0.0000,0.9988,-0.0481,0.0000,0.0481,0.9988),
    }},
    {Time = 6.633, Data = {
      ["HumanoidRootPart"] = CFrame.new(0.0000,0.0000,0.0000,1.0000,0.0000,0.0000,0.0000,1.0000,0.0000,0.0000,0.0000,1.0000),
      ["LowerTorso"] = CFrame.new(0.0000,2.7627,0.0000,-0.9994,-0.0336,-0.0000,0.0336,-0.9994,-0.0000,-0.0000,-0.0000,1.0000),
      ["UpperTorso"] = CFrame.new(0.0000,0.0000,0.0000,0.9962,0.0873,0.0000,-0.0873,0.9962,-0.0000,-0.0000,0.0000,1.0000),
      ["LeftUpperArm"] = CFrame.new(0.0000,0.0000,0.0000,0.2444,0.6841,-0.6873,-0.2290,-0.6480,-0.7264,-0.9423,0.3349,-0.0017),
      ["LeftLowerArm"] = CFrame.new(-0.0000,-0.0000,0.0000,1.0000,0.0000,-0.0000,-0.0000,0.1963,-0.9805,-0.0000,0.9805,0.1963),
      ["LeftHand"] = CFrame.new(-0.0000,0.0000,0.0000,1.0000,0.0000,-0.0000,-0.0000,0.9586,-0.2848,0.0000,0.2848,0.9586),
      ["Head"] = CFrame.new(0.0000,2.0000,0.0000,-1.0000,-0.0000,-0.0000,0.0000,-1.0000,0.0000,-0.0000,0.0000,1.0000),
      ["RightUpperArm"] = CFrame.new(0.0001,0.0000,-0.0000,0.2153,-0.6641,0.7160,0.1583,-0.6998,-0.6966,0.9636,0.2633,-0.0455),
      ["RightLowerArm"] = CFrame.new(0.0000,0.0000,-0.0000,1.0000,-0.0000,0.0000,0.0000,0.2681,-0.9634,0.0000,0.9634,0.2681),
      ["RightHand"] = CFrame.new(0.0000,0.0000,-0.0000,1.0000,-0.0000,0.0000,0.0000,0.9473,-0.3202,-0.0000,0.3202,0.9473),
      ["LeftUpperLeg"] = CFrame.new(0.0000,-0.0000,-0.0000,0.8570,0.3066,0.4141,0.0292,0.7735,-0.6331,-0.5144,0.5546,0.6540),
      ["LeftLowerLeg"] = CFrame.new(0.0000,-0.0000,-0.0000,1.0000,-0.0000,0.0000,-0.0000,0.2904,0.9569,-0.0000,-0.9569,0.2904),
      ["LeftFoot"] = CFrame.new(0.0000,0.0000,-0.0000,1.0000,-0.0000,0.0000,0.0000,0.9931,-0.1175,-0.0000,0.1175,0.9931),
      ["RightUpperLeg"] = CFrame.new(-0.0000,-0.0000,-0.0000,0.8674,-0.3841,-0.3165,0.0997,0.7571,-0.6457,0.4876,0.5285,0.6950),
      ["RightLowerLeg"] = CFrame.new(-0.0001,0.0000,0.0000,1.0000,0.0000,-0.0000,0.0000,0.2025,0.9793,0.0000,-0.9793,0.2025),
      ["RightFoot"] = CFrame.new(-0.0000,0.0000,0.0000,1.0000,0.0000,-0.0000,-0.0000,0.9988,-0.0481,0.0000,0.0481,0.9988),
    }},
    {Time = 6.667, Data = {
      ["HumanoidRootPart"] = CFrame.new(0.0000,0.0000,0.0000,1.0000,0.0000,0.0000,0.0000,1.0000,0.0000,0.0000,0.0000,1.0000),
      ["LowerTorso"] = CFrame.new(0.0000,2.7407,0.0000,-0.9994,-0.0355,-0.0000,0.0355,-0.9994,-0.0000,-0.0000,-0.0000,1.0000),
      ["UpperTorso"] = CFrame.new(0.0000,0.0000,0.0000,0.9957,0.0923,0.0000,-0.0923,0.9957,-0.0000,-0.0000,0.0000,1.0000),
      ["LeftUpperArm"] = CFrame.new(0.0000,0.0000,0.0000,0.2445,0.6811,-0.6902,-0.2289,-0.6511,-0.7237,-0.9422,0.3349,-0.0033),
      ["LeftLowerArm"] = CFrame.new(-0.0000,-0.0000,0.0000,1.0000,0.0000,-0.0000,-0.0000,0.2033,-0.9791,-0.0000,0.9791,0.2033),
      ["LeftHand"] = CFrame.new(-0.0000,0.0000,0.0000,1.0000,0.0000,-0.0000,-0.0000,0.9565,-0.2916,0.0000,0.2916,0.9565),
      ["Head"] = CFrame.new(0.0000,2.0000,0.0000,-1.0000,-0.0000,-0.0000,0.0000,-1.0000,0.0000,-0.0000,0.0000,1.0000),
      ["RightUpperArm"] = CFrame.new(0.0001,0.0000,-0.0000,0.2154,-0.6617,0.7181,0.1583,-0.7020,-0.6944,0.9636,0.2632,-0.0465),
      ["RightLowerArm"] = CFrame.new(0.0000,0.0000,-0.0000,1.0000,-0.0000,0.0000,0.0000,0.2753,-0.9613,0.0000,0.9613,0.2753),
      ["RightHand"] = CFrame.new(0.0000,0.0000,-0.0000,1.0000,-0.0000,0.0000,0.0000,0.9445,-0.3286,-0.0000,0.3286,0.9445),
      ["LeftUpperLeg"] = CFrame.new(0.0000,-0.0000,-0.0000,0.8570,0.3074,0.4135,0.0292,0.7723,-0.6346,-0.5144,0.5559,0.6529),
      ["LeftLowerLeg"] = CFrame.new(0.0000,-0.0000,-0.0000,1.0000,-0.0000,0.0000,-0.0000,0.2804,0.9599,-0.0000,-0.9599,0.2804),
      ["LeftFoot"] = CFrame.new(0.0000,0.0000,-0.0000,1.0000,-0.0000,0.0000,0.0000,0.9931,-0.1175,-0.0000,0.1175,0.9931),
      ["RightUpperLeg"] = CFrame.new(-0.0000,-0.0000,-0.0000,0.8674,-0.3848,-0.3156,0.0997,0.7556,-0.6474,0.4876,0.5301,0.6938),
      ["RightLowerLeg"] = CFrame.new(-0.0001,0.0000,0.0000,1.0000,0.0000,-0.0000,0.0000,0.1942,0.9810,0.0000,-0.9810,0.1942),
      ["RightFoot"] = CFrame.new(-0.0000,0.0000,0.0000,1.0000,0.0000,-0.0000,-0.0000,0.9988,-0.0481,0.0000,0.0481,0.9988),
    }},
    {Time = 6.700, Data = {
      ["HumanoidRootPart"] = CFrame.new(0.0000,0.0000,0.0000,1.0000,0.0000,0.0000,0.0000,1.0000,0.0000,0.0000,0.0000,1.0000),
      ["LowerTorso"] = CFrame.new(0.0000,2.7183,0.0000,-0.9993,-0.0375,-0.0000,0.0375,-0.9993,-0.0000,-0.0000,-0.0000,1.0000),
      ["UpperTorso"] = CFrame.new(0.0000,0.0000,0.0000,0.9953,0.0973,0.0000,-0.0973,0.9953,-0.0000,-0.0000,0.0000,1.0000),
      ["LeftUpperArm"] = CFrame.new(0.0000,0.0000,0.0000,0.2446,0.6781,-0.6931,-0.2289,-0.6542,-0.7208,-0.9422,0.3350,-0.0049),
      ["LeftLowerArm"] = CFrame.new(-0.0000,-0.0000,0.0000,1.0000,0.0000,-0.0000,-0.0000,0.2104,-0.9776,-0.0000,0.9776,0.2104),
      ["LeftHand"] = CFrame.new(-0.0000,0.0000,0.0000,1.0000,0.0000,-0.0000,-0.0000,0.9544,-0.2986,0.0000,0.2986,0.9544),
      ["Head"] = CFrame.new(0.0000,2.0000,0.0000,-1.0000,-0.0000,-0.0000,0.0000,-1.0000,0.0000,-0.0000,0.0000,1.0000),
      ["RightUpperArm"] = CFrame.new(0.0001,0.0000,-0.0000,0.2155,-0.6593,0.7203,0.1582,-0.7043,-0.6920,0.9636,0.2631,-0.0474),
      ["RightLowerArm"] = CFrame.new(0.0000,0.0000,-0.0000,1.0000,-0.0000,0.0000,0.0000,0.2827,-0.9592,0.0000,0.9592,0.2827),
      ["RightHand"] = CFrame.new(0.0000,0.0000,-0.0000,1.0000,-0.0000,0.0000,0.0000,0.9414,-0.3372,-0.0000,0.3372,0.9414),
      ["LeftUpperLeg"] = CFrame.new(0.0000,-0.0000,-0.0000,0.8571,0.3082,0.4129,0.0292,0.7710,-0.6361,-0.5144,0.5572,0.6518),
      ["LeftLowerLeg"] = CFrame.new(0.0000,-0.0000,-0.0000,1.0000,-0.0000,0.0000,-0.0000,0.2701,0.9628,-0.0000,-0.9628,0.2701),
      ["LeftFoot"] = CFrame.new(0.0000,0.0000,-0.0000,1.0000,-0.0000,0.0000,0.0000,0.9931,-0.1175,-0.0000,0.1175,0.9931),
      ["RightUpperLeg"] = CFrame.new(-0.0000,-0.0000,-0.0000,0.8674,-0.3855,-0.3146,0.0997,0.7541,-0.6491,0.4875,0.5317,0.6925),
      ["RightLowerLeg"] = CFrame.new(-0.0001,0.0000,0.0000,1.0000,0.0000,-0.0000,0.0000,0.1856,0.9826,0.0000,-0.9826,0.1856),
      ["RightFoot"] = CFrame.new(-0.0000,0.0000,0.0000,1.0000,0.0000,-0.0000,-0.0000,0.9988,-0.0481,0.0000,0.0481,0.9988),
    }},
    {Time = 6.733, Data = {
      ["HumanoidRootPart"] = CFrame.new(0.0000,0.0000,0.0000,1.0000,0.0000,0.0000,0.0000,1.0000,0.0000,0.0000,0.0000,1.0000),
      ["LowerTorso"] = CFrame.new(0.0000,2.6953,0.0000,-0.9992,-0.0394,-0.0000,0.0394,-0.9992,-0.0000,-0.0000,-0.0000,1.0000),
      ["UpperTorso"] = CFrame.new(0.0000,0.0000,0.0000,0.9948,0.1023,0.0000,-0.1023,0.9948,-0.0000,-0.0000,0.0000,1.0000),
      ["LeftUpperArm"] = CFrame.new(0.0000,0.0000,0.0000,0.2448,0.6749,-0.6961,-0.2288,-0.6574,-0.7179,-0.9422,0.3350,-0.0065),
      ["LeftLowerArm"] = CFrame.new(-0.0000,-0.0000,0.0000,1.0000,0.0000,-0.0000,-0.0000,0.2176,-0.9760,-0.0000,0.9760,0.2176),
      ["LeftHand"] = CFrame.new(-0.0000,0.0000,0.0000,1.0000,0.0000,-0.0000,-0.0000,0.9521,-0.3057,0.0000,0.3057,0.9521),
      ["Head"] = CFrame.new(0.0000,2.0000,0.0000,-1.0000,-0.0000,-0.0000,0.0000,-1.0000,0.0000,-0.0000,0.0000,1.0000),
      ["RightUpperArm"] = CFrame.new(0.0001,0.0000,-0.0000,0.2155,-0.6569,0.7225,0.1582,-0.7067,-0.6896,0.9636,0.2630,-0.0484),
      ["RightLowerArm"] = CFrame.new(0.0000,0.0000,-0.0000,1.0000,-0.0000,0.0000,0.0000,0.2903,-0.9569,0.0000,0.9569,0.2903),
      ["RightHand"] = CFrame.new(0.0000,0.0000,-0.0000,1.0000,-0.0000,0.0000,0.0000,0.9383,-0.3459,-0.0000,0.3459,0.9383),
      ["LeftUpperLeg"] = CFrame.new(0.0000,-0.0000,-0.0000,0.8571,0.3090,0.4122,0.0292,0.7697,-0.6377,-0.5144,0.5586,0.6507),
      ["LeftLowerLeg"] = CFrame.new(0.0000,-0.0000,-0.0000,1.0000,-0.0000,0.0000,-0.0000,0.2595,0.9658,-0.0000,-0.9658,0.2595),
      ["LeftFoot"] = CFrame.new(0.0000,0.0000,-0.0000,1.0000,-0.0000,0.0000,0.0000,0.9931,-0.1175,-0.0000,0.1175,0.9931),
      ["RightUpperLeg"] = CFrame.new(-0.0000,-0.0000,-0.0000,0.8674,-0.3863,-0.3137,0.0997,0.7526,-0.6509,0.4875,0.5334,0.6913),
      ["RightLowerLeg"] = CFrame.new(-0.0001,0.0000,0.0000,1.0000,0.0000,-0.0000,0.0000,0.1768,0.9843,0.0000,-0.9843,0.1768),
      ["RightFoot"] = CFrame.new(-0.0000,0.0000,0.0000,1.0000,0.0000,-0.0000,-0.0000,0.9988,-0.0481,0.0000,0.0481,0.9988),
    }},
    {Time = 6.767, Data = {
      ["HumanoidRootPart"] = CFrame.new(0.0000,0.0000,0.0000,1.0000,0.0000,0.0000,0.0000,1.0000,0.0000,0.0000,0.0000,1.0000),
      ["LowerTorso"] = CFrame.new(0.0000,2.6718,0.0000,-0.9991,-0.0413,-0.0000,0.0413,-0.9991,-0.0000,-0.0000,-0.0000,1.0000),
      ["UpperTorso"] = CFrame.new(0.0000,0.0000,0.0000,0.9942,0.1073,0.0000,-0.1073,0.9942,-0.0000,-0.0000,0.0000,1.0000),
      ["LeftUpperArm"] = CFrame.new(0.0000,0.0000,0.0000,0.2449,0.6717,-0.6991,-0.2288,-0.6607,-0.7149,-0.9422,0.3350,-0.0081),
      ["LeftLowerArm"] = CFrame.new(-0.0000,-0.0000,0.0000,1.0000,0.0000,-0.0000,-0.0000,0.2250,-0.9744,-0.0000,0.9744,0.2250),
      ["LeftHand"] = CFrame.new(-0.0000,0.0000,0.0000,1.0000,0.0000,-0.0000,-0.0000,0.9498,-0.3129,0.0000,0.3129,0.9498),
      ["Head"] = CFrame.new(0.0000,2.0000,0.0000,-1.0000,-0.0000,-0.0000,0.0000,-1.0000,0.0000,-0.0000,0.0000,1.0000),
      ["RightUpperArm"] = CFrame.new(0.0001,0.0000,-0.0000,0.2156,-0.6544,0.7248,0.1582,-0.7090,-0.6872,0.9636,0.2628,-0.0494),
      ["RightLowerArm"] = CFrame.new(0.0000,0.0000,-0.0000,1.0000,-0.0000,0.0000,0.0000,0.2979,-0.9546,0.0000,0.9546,0.2979),
      ["RightHand"] = CFrame.new(0.0000,0.0000,-0.0000,1.0000,-0.0000,0.0000,0.0000,0.9350,-0.3548,-0.0000,0.3548,0.9350),
      ["LeftUpperLeg"] = CFrame.new(0.0000,-0.0000,-0.0000,0.8571,0.3099,0.4116,0.0292,0.7684,-0.6393,-0.5144,0.5599,0.6495),
      ["LeftLowerLeg"] = CFrame.new(0.0000,-0.0000,-0.0000,1.0000,-0.0000,0.0000,-0.0000,0.2486,0.9686,-0.0000,-0.9686,0.2486),
      ["LeftFoot"] = CFrame.new(0.0000,0.0000,-0.0000,1.0000,-0.0000,0.0000,0.0000,0.9931,-0.1175,-0.0000,0.1175,0.9931),
      ["RightUpperLeg"] = CFrame.new(-0.0000,0.0000,-0.0000,0.8674,-0.3870,-0.3128,0.0997,0.7510,-0.6528,0.4875,0.5350,0.6900),
      ["RightLowerLeg"] = CFrame.new(-0.0001,0.0000,0.0000,1.0000,0.0000,-0.0000,0.0000,0.1678,0.9858,0.0000,-0.9858,0.1678),
      ["RightFoot"] = CFrame.new(-0.0000,0.0000,0.0000,1.0000,0.0000,-0.0000,-0.0000,0.9988,-0.0481,0.0000,0.0481,0.9988),
    }},
    {Time = 6.800, Data = {
      ["HumanoidRootPart"] = CFrame.new(0.0000,0.0000,0.0000,1.0000,0.0000,0.0000,0.0000,1.0000,0.0000,0.0000,0.0000,1.0000),
      ["LowerTorso"] = CFrame.new(0.0000,2.6480,0.0000,-0.9991,-0.0433,-0.0000,0.0433,-0.9991,-0.0000,-0.0000,-0.0000,1.0000),
      ["UpperTorso"] = CFrame.new(0.0000,0.0000,0.0000,0.9937,0.1123,0.0000,-0.1123,0.9937,-0.0000,-0.0000,0.0000,1.0000),
      ["LeftUpperArm"] = CFrame.new(0.0000,0.0000,0.0000,0.2450,0.6685,-0.7022,-0.2288,-0.6640,-0.7119,-0.9422,0.3350,-0.0098),
      ["LeftLowerArm"] = CFrame.new(-0.0000,-0.0000,0.0000,1.0000,0.0000,-0.0000,-0.0000,0.2325,-0.9726,-0.0000,0.9726,0.2325),
      ["LeftHand"] = CFrame.new(-0.0000,0.0000,0.0000,1.0000,0.0000,-0.0000,-0.0000,0.9473,-0.3202,0.0000,0.3202,0.9473),
      ["Head"] = CFrame.new(0.0000,2.0000,0.0000,-1.0000,-0.0000,-0.0000,0.0000,-1.0000,0.0000,-0.0000,0.0000,1.0000),
      ["RightUpperArm"] = CFrame.new(0.0001,0.0000,-0.0000,0.2157,-0.6518,0.7271,0.1582,-0.7115,-0.6847,0.9636,0.2627,-0.0503),
      ["RightLowerArm"] = CFrame.new(0.0000,-0.0000,-0.0000,1.0000,-0.0000,0.0000,0.0000,0.3057,-0.9521,0.0000,0.9521,0.3057),
      ["RightHand"] = CFrame.new(0.0000,0.0000,-0.0000,1.0000,-0.0000,0.0000,0.0000,0.9315,-0.3637,-0.0000,0.3637,0.9315),
      ["LeftUpperLeg"] = CFrame.new(0.0000,-0.0000,-0.0000,0.8571,0.3107,0.4109,0.0292,0.7670,-0.6409,-0.5143,0.5613,0.6484),
      ["LeftLowerLeg"] = CFrame.new(0.0000,-0.0000,-0.0000,1.0000,-0.0000,0.0000,-0.0000,0.2376,0.9714,-0.0000,-0.9714,0.2376),
      ["LeftFoot"] = CFrame.new(0.0000,0.0000,-0.0000,1.0000,-0.0000,0.0000,0.0000,0.9931,-0.1175,-0.0000,0.1175,0.9931),
      ["RightUpperLeg"] = CFrame.new(-0.0000,0.0000,-0.0000,0.8674,-0.3878,-0.3118,0.0997,0.7494,-0.6546,0.4875,0.5368,0.6887),
      ["RightLowerLeg"] = CFrame.new(-0.0001,0.0000,0.0000,1.0000,0.0000,-0.0000,0.0000,0.1587,0.9873,0.0000,-0.9873,0.1587),
      ["RightFoot"] = CFrame.new(-0.0000,0.0000,0.0000,1.0000,0.0000,-0.0000,-0.0000,0.9988,-0.0481,0.0000,0.0481,0.9988),
    }},
    {Time = 6.833, Data = {
      ["HumanoidRootPart"] = CFrame.new(0.0000,0.0000,0.0000,1.0000,0.0000,0.0000,0.0000,1.0000,0.0000,0.0000,0.0000,1.0000),
      ["LowerTorso"] = CFrame.new(0.0000,2.6238,0.0000,-0.9990,-0.0452,-0.0000,0.0452,-0.9990,-0.0000,-0.0000,-0.0000,1.0000),
      ["UpperTorso"] = CFrame.new(0.0000,0.0000,0.0000,0.9931,0.1172,0.0000,-0.1172,0.9931,-0.0000,-0.0000,0.0000,1.0000),
      ["LeftUpperArm"] = CFrame.new(0.0000,0.0000,0.0000,0.2451,0.6651,-0.7054,-0.2287,-0.6673,-0.7088,-0.9421,0.3350,-0.0114),
      ["LeftLowerArm"] = CFrame.new(-0.0000,-0.0000,0.0000,1.0000,0.0000,-0.0000,-0.0000,0.2400,-0.9708,-0.0000,0.9708,0.2400),
      ["LeftHand"] = CFrame.new(-0.0000,0.0000,0.0000,1.0000,0.0000,-0.0000,-0.0000,0.9448,-0.3276,0.0000,0.3276,0.9448),
      ["Head"] = CFrame.new(0.0000,2.0000,0.0000,-1.0000,-0.0000,-0.0000,0.0000,-1.0000,0.0000,-0.0000,0.0000,1.0000),
      ["RightUpperArm"] = CFrame.new(0.0001,0.0000,-0.0000,0.2157,-0.6492,0.7294,0.1582,-0.7139,-0.6822,0.9636,0.2625,-0.0513),
      ["RightLowerArm"] = CFrame.new(0.0000,-0.0000,-0.0000,1.0000,-0.0000,0.0000,0.0000,0.3136,-0.9496,0.0000,0.9496,0.3136),
      ["RightHand"] = CFrame.new(0.0000,0.0000,-0.0000,1.0000,-0.0000,0.0000,0.0000,0.9279,-0.3728,-0.0000,0.3728,0.9279),
      ["LeftUpperLeg"] = CFrame.new(0.0000,-0.0000,-0.0000,0.8571,0.3116,0.4102,0.0292,0.7657,-0.6426,-0.5143,0.5627,0.6472),
      ["LeftLowerLeg"] = CFrame.new(0.0000,-0.0000,-0.0000,1.0000,-0.0000,0.0000,-0.0000,0.2264,0.9740,-0.0000,-0.9740,0.2264),
      ["LeftFoot"] = CFrame.new(0.0000,0.0000,-0.0000,1.0000,-0.0000,0.0000,0.0000,0.9931,-0.1175,-0.0000,0.1175,0.9931),
      ["RightUpperLeg"] = CFrame.new(-0.0000,0.0000,-0.0000,0.8674,-0.3885,-0.3108,0.0997,0.7477,-0.6565,0.4875,0.5385,0.6873),
      ["RightLowerLeg"] = CFrame.new(-0.0001,0.0000,0.0000,1.0000,0.0000,-0.0000,0.0000,0.1494,0.9888,0.0000,-0.9888,0.1494),
      ["RightFoot"] = CFrame.new(-0.0000,0.0000,0.0000,1.0000,0.0000,-0.0000,-0.0000,0.9988,-0.0481,0.0000,0.0481,0.9988),
    }},
    {Time = 6.867, Data = {
      ["HumanoidRootPart"] = CFrame.new(0.0000,0.0000,0.0000,1.0000,0.0000,0.0000,0.0000,1.0000,0.0000,0.0000,0.0000,1.0000),
      ["LowerTorso"] = CFrame.new(0.0000,2.5994,0.0000,-0.9989,-0.0471,-0.0000,0.0471,-0.9989,-0.0000,-0.0000,-0.0000,1.0000),
      ["UpperTorso"] = CFrame.new(0.0000,0.0000,0.0000,0.9925,0.1222,0.0000,-0.1222,0.9925,-0.0000,-0.0000,0.0000,1.0000),
      ["LeftUpperArm"] = CFrame.new(0.0000,0.0000,0.0000,0.2452,0.6618,-0.7085,-0.2287,-0.6707,-0.7056,-0.9421,0.3350,-0.0131),
      ["LeftLowerArm"] = CFrame.new(-0.0000,-0.0000,0.0000,1.0000,0.0000,-0.0000,-0.0000,0.2477,-0.9688,-0.0000,0.9688,0.2477),
      ["LeftHand"] = CFrame.new(-0.0000,0.0000,0.0000,1.0000,0.0000,-0.0000,-0.0000,0.9422,-0.3351,0.0000,0.3351,0.9422),
      ["Head"] = CFrame.new(0.0000,2.0000,0.0000,-1.0000,-0.0000,-0.0000,0.0000,-1.0000,0.0000,-0.0000,0.0000,1.0000),
      ["RightUpperArm"] = CFrame.new(0.0001,0.0000,-0.0000,0.2158,-0.6465,0.7317,0.1582,-0.7164,-0.6796,0.9636,0.2624,-0.0523),
      ["RightLowerArm"] = CFrame.new(0.0000,-0.0000,-0.0000,1.0000,-0.0000,0.0000,0.0000,0.3215,-0.9469,0.0000,0.9469,0.3215),
      ["RightHand"] = CFrame.new(0.0000,0.0000,-0.0000,1.0000,-0.0000,0.0000,0.0000,0.9242,-0.3819,-0.0000,0.3819,0.9242),
      ["LeftUpperLeg"] = CFrame.new(0.0000,-0.0000,-0.0000,0.8571,0.3125,0.4095,0.0292,0.7643,-0.6442,-0.5143,0.5641,0.6459),
      ["LeftLowerLeg"] = CFrame.new(0.0000,-0.0000,-0.0000,1.0000,-0.0000,0.0000,-0.0000,0.2150,0.9766,-0.0000,-0.9766,0.2150),
      ["LeftFoot"] = CFrame.new(0.0000,0.0000,-0.0000,1.0000,-0.0000,0.0000,0.0000,0.9931,-0.1175,-0.0000,0.1175,0.9931),
      ["RightUpperLeg"] = CFrame.new(-0.0000,0.0000,-0.0000,0.8674,-0.3893,-0.3098,0.0997,0.7461,-0.6584,0.4874,0.5402,0.6860),
      ["RightLowerLeg"] = CFrame.new(-0.0001,0.0000,0.0000,1.0000,0.0000,-0.0000,0.0000,0.1400,0.9902,0.0000,-0.9902,0.1400),
      ["RightFoot"] = CFrame.new(-0.0000,0.0000,0.0000,1.0000,0.0000,-0.0000,-0.0000,0.9988,-0.0481,0.0000,0.0481,0.9988),
    }},
    {Time = 6.900, Data = {
      ["HumanoidRootPart"] = CFrame.new(0.0000,0.0000,0.0000,1.0000,0.0000,0.0000,0.0000,1.0000,0.0000,0.0000,0.0000,1.0000),
      ["LowerTorso"] = CFrame.new(0.0000,2.5747,0.0000,-0.9988,-0.0490,-0.0000,0.0490,-0.9988,-0.0000,-0.0000,-0.0000,1.0000),
      ["UpperTorso"] = CFrame.new(0.0000,0.0000,0.0000,0.9919,0.1270,0.0000,-0.1270,0.9919,-0.0000,-0.0000,0.0000,1.0000),
      ["LeftUpperArm"] = CFrame.new(0.0000,0.0000,0.0000,0.2452,0.6584,-0.7116,-0.2287,-0.6740,-0.7024,-0.9421,0.3350,-0.0147),
      ["LeftLowerArm"] = CFrame.new(-0.0000,-0.0000,0.0000,1.0000,0.0000,-0.0000,-0.0000,0.2554,-0.9668,-0.0000,0.9668,0.2554),
      ["LeftHand"] = CFrame.new(-0.0000,0.0000,0.0000,1.0000,0.0000,-0.0000,-0.0000,0.9395,-0.3426,0.0000,0.3426,0.9395),
      ["Head"] = CFrame.new(0.0000,2.0000,0.0000,-1.0000,-0.0000,-0.0000,0.0000,-1.0000,0.0000,-0.0000,0.0000,1.0000),
      ["RightUpperArm"] = CFrame.new(0.0001,0.0000,-0.0000,0.2158,-0.6439,0.7341,0.1582,-0.7188,-0.6770,0.9635,0.2622,-0.0533),
      ["RightLowerArm"] = CFrame.new(0.0000,-0.0000,-0.0000,1.0000,-0.0000,0.0000,0.0000,0.3295,-0.9442,0.0000,0.9442,0.3295),
      ["RightHand"] = CFrame.new(0.0000,0.0000,-0.0000,1.0000,-0.0000,0.0000,0.0000,0.9203,-0.3911,-0.0000,0.3911,0.9203),
      ["LeftUpperLeg"] = CFrame.new(0.0000,-0.0000,-0.0000,0.8571,0.3134,0.4088,0.0292,0.7628,-0.6459,-0.5143,0.5656,0.6447),
      ["LeftLowerLeg"] = CFrame.new(0.0000,-0.0000,-0.0000,1.0000,-0.0000,0.0000,-0.0000,0.2035,0.9791,-0.0000,-0.9791,0.2035),
      ["LeftFoot"] = CFrame.new(0.0000,0.0000,-0.0000,1.0000,-0.0000,0.0000,0.0000,0.9931,-0.1175,-0.0000,0.1175,0.9931),
      ["RightUpperLeg"] = CFrame.new(-0.0000,0.0000,-0.0000,0.8675,-0.3901,-0.3088,0.0997,0.7444,-0.6603,0.4874,0.5420,0.6846),
      ["RightLowerLeg"] = CFrame.new(-0.0001,0.0000,0.0000,1.0000,0.0000,-0.0000,0.0000,0.1305,0.9915,0.0000,-0.9915,0.1305),
      ["RightFoot"] = CFrame.new(-0.0000,0.0000,0.0000,1.0000,0.0000,-0.0000,-0.0000,0.9988,-0.0481,0.0000,0.0481,0.9988),
    }},
    {Time = 6.933, Data = {
      ["HumanoidRootPart"] = CFrame.new(0.0000,0.0000,0.0000,1.0000,0.0000,0.0000,0.0000,1.0000,0.0000,0.0000,0.0000,1.0000),
      ["LowerTorso"] = CFrame.new(0.0000,2.5499,0.0000,-0.9987,-0.0508,-0.0000,0.0508,-0.9987,-0.0000,-0.0000,-0.0000,1.0000),
      ["UpperTorso"] = CFrame.new(0.0000,0.0000,0.0000,0.9913,0.1319,0.0000,-0.1319,0.9913,-0.0000,-0.0000,0.0000,1.0000),
      ["LeftUpperArm"] = CFrame.new(0.0000,0.0000,0.0000,0.2453,0.6549,-0.7148,-0.2287,-0.6774,-0.6991,-0.9421,0.3349,-0.0164),
      ["LeftLowerArm"] = CFrame.new(0.0000,-0.0000,0.0000,1.0000,0.0000,-0.0000,-0.0000,0.2631,-0.9648,-0.0000,0.9648,0.2631),
      ["LeftHand"] = CFrame.new(-0.0000,0.0000,0.0000,1.0000,0.0000,-0.0000,-0.0000,0.9367,-0.3502,0.0000,0.3502,0.9367),
      ["Head"] = CFrame.new(0.0000,2.0000,0.0000,-1.0000,-0.0000,-0.0000,0.0000,-1.0000,0.0000,-0.0000,0.0000,1.0000),
      ["RightUpperArm"] = CFrame.new(0.0001,0.0000,-0.0000,0.2158,-0.6412,0.7364,0.1581,-0.7213,-0.6743,0.9635,0.2620,-0.0543),
      ["RightLowerArm"] = CFrame.new(0.0000,-0.0000,-0.0000,1.0000,-0.0000,0.0000,0.0000,0.3375,-0.9413,0.0000,0.9413,0.3375),
      ["RightHand"] = CFrame.new(0.0000,0.0000,-0.0000,1.0000,-0.0000,0.0000,0.0000,0.9164,-0.4003,-0.0000,0.4003,0.9164),
      ["LeftUpperLeg"] = CFrame.new(0.0000,-0.0000,-0.0000,0.8571,0.3143,0.4081,0.0292,0.7614,-0.6476,-0.5143,0.5670,0.6434),
      ["LeftLowerLeg"] = CFrame.new(0.0000,-0.0000,-0.0000,1.0000,-0.0000,0.0000,-0.0000,0.1918,0.9814,-0.0000,-0.9814,0.1918),
      ["LeftFoot"] = CFrame.new(0.0000,0.0000,-0.0000,1.0000,-0.0000,0.0000,0.0000,0.9931,-0.1175,-0.0000,0.1175,0.9931),
      ["RightUpperLeg"] = CFrame.new(-0.0000,0.0000,-0.0000,0.8675,-0.3909,-0.3078,0.0997,0.7427,-0.6622,0.4874,0.5438,0.6832),
      ["RightLowerLeg"] = CFrame.new(-0.0001,0.0000,0.0000,1.0000,0.0000,-0.0000,0.0000,0.1209,0.9927,0.0000,-0.9927,0.1209),
      ["RightFoot"] = CFrame.new(-0.0000,0.0000,0.0000,1.0000,0.0000,-0.0000,-0.0000,0.9988,-0.0481,0.0000,0.0481,0.9988),
    }},
    {Time = 6.967, Data = {
      ["HumanoidRootPart"] = CFrame.new(0.0000,0.0000,0.0000,1.0000,0.0000,0.0000,0.0000,1.0000,0.0000,0.0000,0.0000,1.0000),
      ["LowerTorso"] = CFrame.new(0.0000,2.5250,0.0000,-0.9986,-0.0527,0.0000,0.0527,-0.9986,0.0000,0.0000,0.0000,1.0000),
      ["UpperTorso"] = CFrame.new(0.0000,0.0000,0.0000,0.9906,0.1366,0.0000,-0.1366,0.9906,-0.0000,-0.0000,0.0000,1.0000),
      ["LeftUpperArm"] = CFrame.new(0.0000,0.0000,0.0000,0.2453,0.6514,-0.7180,-0.2287,-0.6808,-0.6959,-0.9421,0.3349,-0.0180),
      ["LeftLowerArm"] = CFrame.new(0.0000,-0.0000,0.0000,1.0000,0.0000,-0.0000,-0.0000,0.2709,-0.9626,-0.0000,0.9626,0.2709),
      ["LeftHand"] = CFrame.new(-0.0000,0.0000,0.0000,1.0000,0.0000,-0.0000,-0.0000,0.9338,-0.3577,0.0000,0.3577,0.9338),
      ["Head"] = CFrame.new(0.0000,2.0000,0.0000,-1.0000,-0.0000,-0.0000,0.0000,-1.0000,0.0000,-0.0000,0.0000,1.0000),
      ["RightUpperArm"] = CFrame.new(0.0001,0.0000,-0.0000,0.2158,-0.6384,0.7388,0.1581,-0.7238,-0.6717,0.9635,0.2618,-0.0552),
      ["RightLowerArm"] = CFrame.new(0.0000,-0.0000,-0.0000,1.0000,-0.0000,0.0000,0.0000,0.3455,-0.9384,0.0000,0.9384,0.3455),
      ["RightHand"] = CFrame.new(0.0000,0.0000,-0.0000,1.0000,-0.0000,0.0000,0.0000,0.9123,-0.4095,-0.0000,0.4095,0.9123),
      ["LeftUpperLeg"] = CFrame.new(0.0000,-0.0000,-0.0000,0.8571,0.3152,0.4074,0.0292,0.7600,-0.6493,-0.5143,0.5684,0.6422),
      ["LeftLowerLeg"] = CFrame.new(0.0000,-0.0000,-0.0000,1.0000,-0.0000,0.0000,-0.0000,0.1801,0.9836,-0.0000,-0.9836,0.1801),
      ["LeftFoot"] = CFrame.new(0.0000,0.0000,-0.0000,1.0000,-0.0000,0.0000,0.0000,0.9931,-0.1175,-0.0000,0.1175,0.9931),
      ["RightUpperLeg"] = CFrame.new(-0.0000,0.0000,-0.0000,0.8675,-0.3917,-0.3068,0.0997,0.7409,-0.6641,0.4874,0.5455,0.6818),
      ["RightLowerLeg"] = CFrame.new(-0.0001,0.0000,0.0000,1.0000,0.0000,-0.0000,0.0000,0.1113,0.9938,0.0000,-0.9938,0.1113),
      ["RightFoot"] = CFrame.new(-0.0000,0.0000,0.0000,1.0000,0.0000,-0.0000,-0.0000,0.9988,-0.0481,0.0000,0.0481,0.9988),
    }},
    {Time = 7.000, Data = {
      ["HumanoidRootPart"] = CFrame.new(0.0000,0.0000,0.0000,1.0000,0.0000,0.0000,0.0000,1.0000,0.0000,0.0000,0.0000,1.0000),
      ["LowerTorso"] = CFrame.new(0.0000,2.5000,0.0000,-0.9985,-0.0545,-0.0000,0.0545,-0.9985,-0.0000,-0.0000,-0.0000,1.0000),
      ["UpperTorso"] = CFrame.new(0.0000,0.0000,0.0000,0.9900,0.1413,0.0000,-0.1413,0.9900,-0.0000,-0.0000,0.0000,1.0000),
      ["LeftUpperArm"] = CFrame.new(0.0000,0.0000,0.0000,0.2453,0.6479,-0.7211,-0.2287,-0.6842,-0.6925,-0.9421,0.3348,-0.0196),
      ["LeftLowerArm"] = CFrame.new(0.0000,-0.0000,0.0000,1.0000,0.0000,-0.0000,-0.0000,0.2786,-0.9604,-0.0000,0.9604,0.2786),
      ["LeftHand"] = CFrame.new(-0.0000,0.0000,0.0000,1.0000,0.0000,-0.0000,-0.0000,0.9309,-0.3653,0.0000,0.3653,0.9309),
      ["Head"] = CFrame.new(0.0000,2.0000,0.0000,-1.0000,-0.0000,-0.0000,0.0000,-1.0000,0.0000,-0.0000,0.0000,1.0000),
      ["RightUpperArm"] = CFrame.new(0.0001,0.0000,-0.0000,0.2158,-0.6357,0.7411,0.1581,-0.7262,-0.6690,0.9635,0.2616,-0.0562),
      ["RightLowerArm"] = CFrame.new(0.0000,-0.0000,-0.0000,1.0000,-0.0000,0.0000,0.0000,0.3535,-0.9354,0.0000,0.9354,0.3535),
      ["RightHand"] = CFrame.new(0.0000,0.0000,-0.0000,1.0000,-0.0000,0.0000,0.0000,0.9081,-0.4187,-0.0000,0.4187,0.9081),
      ["LeftUpperLeg"] = CFrame.new(0.0000,-0.0000,-0.0000,0.8571,0.3161,0.4067,0.0292,0.7585,-0.6510,-0.5143,0.5698,0.6409),
      ["LeftLowerLeg"] = CFrame.new(0.0000,-0.0000,-0.0000,1.0000,-0.0000,0.0000,-0.0000,0.1684,0.9857,-0.0000,-0.9857,0.1684),
      ["LeftFoot"] = CFrame.new(0.0000,0.0000,-0.0000,1.0000,-0.0000,0.0000,0.0000,0.9931,-0.1175,-0.0000,0.1175,0.9931),
      ["RightUpperLeg"] = CFrame.new(-0.0000,0.0000,-0.0000,0.8675,-0.3925,-0.3057,0.0997,0.7392,-0.6661,0.4874,0.5473,0.6804),
      ["RightLowerLeg"] = CFrame.new(-0.0001,0.0000,0.0000,1.0000,0.0000,-0.0000,0.0000,0.1016,0.9948,0.0000,-0.9948,0.1016),
      ["RightFoot"] = CFrame.new(-0.0000,0.0000,0.0000,1.0000,0.0000,-0.0000,-0.0000,0.9988,-0.0481,0.0000,0.0481,0.9988),
    }},
    {Time = 7.033, Data = {
      ["HumanoidRootPart"] = CFrame.new(0.0000,0.0000,0.0000,1.0000,0.0000,0.0000,0.0000,1.0000,0.0000,0.0000,0.0000,1.0000),
      ["LowerTorso"] = CFrame.new(0.0000,2.4750,0.0000,-0.9984,-0.0563,-0.0000,0.0563,-0.9984,-0.0000,-0.0000,-0.0000,1.0000),
      ["UpperTorso"] = CFrame.new(0.0000,0.0000,0.0000,0.9893,0.1460,0.0000,-0.1460,0.9893,-0.0000,-0.0000,0.0000,1.0000),
      ["LeftUpperArm"] = CFrame.new(0.0000,0.0000,0.0000,0.2453,0.6444,-0.7242,-0.2287,-0.6875,-0.6892,-0.9421,0.3347,-0.0213),
      ["LeftLowerArm"] = CFrame.new(0.0000,-0.0000,0.0000,1.0000,0.0000,-0.0000,-0.0000,0.2864,-0.9581,-0.0000,0.9581,0.2864),
      ["LeftHand"] = CFrame.new(-0.0000,0.0000,0.0000,1.0000,0.0000,-0.0000,-0.0000,0.9279,-0.3728,0.0000,0.3728,0.9279),
      ["Head"] = CFrame.new(0.0000,2.0000,0.0000,-1.0000,-0.0000,-0.0000,0.0000,-1.0000,0.0000,-0.0000,0.0000,1.0000),
      ["RightUpperArm"] = CFrame.new(0.0001,0.0000,-0.0000,0.2158,-0.6330,0.7435,0.1582,-0.7287,-0.6663,0.9635,0.2614,-0.0572),
      ["RightLowerArm"] = CFrame.new(0.0000,-0.0000,-0.0000,1.0000,-0.0000,0.0000,0.0000,0.3615,-0.9324,0.0000,0.9324,0.3615),
      ["RightHand"] = CFrame.new(0.0000,0.0000,-0.0000,1.0000,-0.0000,0.0000,0.0000,0.9038,-0.4279,-0.0000,0.4279,0.9038),
      ["LeftUpperLeg"] = CFrame.new(0.0000,-0.0000,-0.0000,0.8571,0.3170,0.4060,0.0292,0.7571,-0.6527,-0.5143,0.5713,0.6397),
      ["LeftLowerLeg"] = CFrame.new(0.0000,-0.0000,-0.0000,1.0000,-0.0000,0.0000,-0.0000,0.1566,0.9877,-0.0000,-0.9877,0.1566),
      ["LeftFoot"] = CFrame.new(0.0000,0.0000,-0.0000,1.0000,-0.0000,0.0000,0.0000,0.9931,-0.1175,-0.0000,0.1175,0.9931),
      ["RightUpperLeg"] = CFrame.new(-0.0000,0.0000,-0.0000,0.8675,-0.3933,-0.3047,0.0997,0.7375,-0.6680,0.4874,0.5491,0.6789),
      ["RightLowerLeg"] = CFrame.new(-0.0001,0.0000,0.0000,1.0000,0.0000,-0.0000,0.0000,0.0919,0.9958,0.0000,-0.9958,0.0919),
      ["RightFoot"] = CFrame.new(-0.0000,0.0000,0.0000,1.0000,0.0000,-0.0000,-0.0000,0.9988,-0.0481,0.0000,0.0481,0.9988),
    }},
    {Time = 7.067, Data = {
      ["HumanoidRootPart"] = CFrame.new(0.0000,0.0000,0.0000,1.0000,0.0000,0.0000,0.0000,1.0000,0.0000,0.0000,0.0000,1.0000),
      ["LowerTorso"] = CFrame.new(0.0000,2.4501,0.0000,-0.9983,-0.0581,-0.0000,0.0581,-0.9983,-0.0000,-0.0000,-0.0000,1.0000),
      ["UpperTorso"] = CFrame.new(0.0000,0.0000,0.0000,0.9886,0.1506,0.0000,-0.1506,0.9886,-0.0000,-0.0000,0.0000,1.0000),
      ["LeftUpperArm"] = CFrame.new(0.0000,0.0000,0.0000,0.2453,0.6409,-0.7274,-0.2287,-0.6908,-0.6859,-0.9421,0.3346,-0.0228),
      ["LeftLowerArm"] = CFrame.new(0.0000,-0.0000,0.0000,1.0000,0.0000,-0.0000,-0.0000,0.2941,-0.9558,-0.0000,0.9558,0.2941),
      ["LeftHand"] = CFrame.new(-0.0000,0.0000,0.0000,1.0000,0.0000,-0.0000,-0.0000,0.9249,-0.3803,0.0000,0.3803,0.9249),
      ["Head"] = CFrame.new(0.0000,2.0000,0.0000,-1.0000,-0.0000,-0.0000,0.0000,-1.0000,0.0000,-0.0000,0.0000,1.0000),
      ["RightUpperArm"] = CFrame.new(0.0001,0.0000,-0.0000,0.2158,-0.6302,0.7458,0.1582,-0.7312,-0.6636,0.9635,0.2612,-0.0581),
      ["RightLowerArm"] = CFrame.new(0.0000,-0.0000,-0.0000,1.0000,-0.0000,0.0000,0.0000,0.3695,-0.9292,0.0000,0.9292,0.3695),
      ["RightHand"] = CFrame.new(0.0000,0.0000,-0.0000,1.0000,-0.0000,0.0000,0.0000,0.8995,-0.4369,-0.0000,0.4369,0.8995),
      ["LeftUpperLeg"] = CFrame.new(0.0000,-0.0000,-0.0000,0.8571,0.3179,0.4053,0.0292,0.7556,-0.6544,-0.5143,0.5727,0.6384),
      ["LeftLowerLeg"] = CFrame.new(0.0000,-0.0000,-0.0000,1.0000,-0.0000,0.0000,-0.0000,0.1448,0.9895,-0.0000,-0.9895,0.1448),
      ["LeftFoot"] = CFrame.new(0.0000,0.0000,-0.0000,1.0000,-0.0000,0.0000,0.0000,0.9931,-0.1175,-0.0000,0.1175,0.9931),
      ["RightUpperLeg"] = CFrame.new(-0.0000,0.0000,-0.0000,0.8675,-0.3941,-0.3037,0.0997,0.7357,-0.6699,0.4874,0.5508,0.6775),
      ["RightLowerLeg"] = CFrame.new(-0.0001,0.0000,0.0000,1.0000,0.0000,-0.0000,0.0000,0.0823,0.9966,0.0000,-0.9966,0.0823),
      ["RightFoot"] = CFrame.new(-0.0000,0.0000,0.0000,1.0000,0.0000,-0.0000,-0.0000,0.9988,-0.0481,0.0000,0.0481,0.9988),
    }},
    {Time = 7.100, Data = {
      ["HumanoidRootPart"] = CFrame.new(0.0000,0.0000,0.0000,1.0000,0.0000,0.0000,0.0000,1.0000,0.0000,0.0000,0.0000,1.0000),
      ["LowerTorso"] = CFrame.new(0.0000,2.4253,0.0000,-0.9982,-0.0598,-0.0000,0.0598,-0.9982,-0.0000,-0.0000,-0.0000,1.0000),
      ["UpperTorso"] = CFrame.new(0.0000,0.0000,0.0000,0.9879,0.1550,0.0000,-0.1550,0.9879,-0.0000,-0.0000,0.0000,1.0000),
      ["LeftUpperArm"] = CFrame.new(0.0000,0.0000,0.0000,0.2452,0.6374,-0.7304,-0.2287,-0.6941,-0.6825,-0.9421,0.3344,-0.0244),
      ["LeftLowerArm"] = CFrame.new(0.0000,-0.0000,0.0000,1.0000,0.0000,-0.0000,-0.0000,0.3017,-0.9534,-0.0000,0.9534,0.3017),
      ["LeftHand"] = CFrame.new(-0.0000,0.0000,0.0000,1.0000,0.0000,-0.0000,-0.0000,0.9218,-0.3877,0.0000,0.3877,0.9218),
      ["Head"] = CFrame.new(0.0000,2.0000,0.0000,-1.0000,-0.0000,-0.0000,0.0000,-1.0000,0.0000,-0.0000,0.0000,1.0000),
      ["RightUpperArm"] = CFrame.new(0.0001,0.0000,-0.0000,0.2158,-0.6275,0.7481,0.1582,-0.7336,-0.6609,0.9635,0.2610,-0.0590),
      ["RightLowerArm"] = CFrame.new(0.0000,-0.0000,-0.0000,1.0000,-0.0000,0.0000,0.0000,0.3774,-0.9261,0.0000,0.9261,0.3774),
      ["RightHand"] = CFrame.new(0.0000,0.0000,-0.0000,1.0000,-0.0000,0.0000,0.0000,0.8951,-0.4459,-0.0000,0.4459,0.8951),
      ["LeftUpperLeg"] = CFrame.new(0.0000,-0.0000,-0.0000,0.8571,0.3188,0.4046,0.0292,0.7542,-0.6560,-0.5143,0.5741,0.6371),
      ["LeftLowerLeg"] = CFrame.new(0.0000,-0.0000,-0.0000,1.0000,-0.0000,0.0000,-0.0000,0.1331,0.9911,-0.0000,-0.9911,0.1331),
      ["LeftFoot"] = CFrame.new(0.0000,0.0000,-0.0000,1.0000,-0.0000,0.0000,0.0000,0.9931,-0.1175,-0.0000,0.1175,0.9931),
      ["RightUpperLeg"] = CFrame.new(-0.0000,0.0000,-0.0000,0.8675,-0.3948,-0.3027,0.0997,0.7340,-0.6718,0.4874,0.5526,0.6761),
      ["RightLowerLeg"] = CFrame.new(-0.0001,0.0000,0.0000,1.0000,0.0000,-0.0000,0.0000,0.0726,0.9974,0.0000,-0.9974,0.0726),
      ["RightFoot"] = CFrame.new(-0.0000,0.0000,0.0000,1.0000,0.0000,-0.0000,-0.0000,0.9988,-0.0481,0.0000,0.0481,0.9988),
    }},
    {Time = 7.133, Data = {
      ["HumanoidRootPart"] = CFrame.new(0.0000,0.0000,0.0000,1.0000,0.0000,0.0000,0.0000,1.0000,0.0000,0.0000,0.0000,1.0000),
      ["LowerTorso"] = CFrame.new(0.0000,2.4006,0.0000,-0.9981,-0.0616,-0.0000,0.0616,-0.9981,-0.0000,-0.0000,-0.0000,1.0000),
      ["UpperTorso"] = CFrame.new(0.0000,0.0000,0.0000,0.9872,0.1595,0.0000,-0.1595,0.9872,-0.0000,-0.0000,0.0000,1.0000),
      ["LeftUpperArm"] = CFrame.new(0.0000,0.0000,0.0000,0.2452,0.6339,-0.7335,-0.2288,-0.6974,-0.6792,-0.9421,0.3343,-0.0260),
      ["LeftLowerArm"] = CFrame.new(0.0000,-0.0000,0.0000,1.0000,0.0000,-0.0000,-0.0000,0.3093,-0.9510,-0.0000,0.9510,0.3093),
      ["LeftHand"] = CFrame.new(-0.0000,0.0000,0.0000,1.0000,0.0000,-0.0000,-0.0000,0.9187,-0.3951,0.0000,0.3951,0.9187),
      ["Head"] = CFrame.new(0.0000,2.0000,0.0000,-1.0000,-0.0000,-0.0000,0.0000,-1.0000,0.0000,-0.0000,0.0000,1.0000),
      ["RightUpperArm"] = CFrame.new(0.0001,0.0000,-0.0000,0.2158,-0.6248,0.7504,0.1582,-0.7360,-0.6583,0.9635,0.2607,-0.0600),
      ["RightLowerArm"] = CFrame.new(0.0000,-0.0000,-0.0000,1.0000,-0.0000,0.0000,0.0000,0.3852,-0.9229,0.0000,0.9229,0.3852),
      ["RightHand"] = CFrame.new(0.0000,0.0000,-0.0000,1.0000,-0.0000,0.0000,0.0000,0.8906,-0.4548,-0.0000,0.4548,0.8906),
      ["LeftUpperLeg"] = CFrame.new(0.0000,-0.0000,-0.0000,0.8571,0.3197,0.4039,0.0292,0.7527,-0.6577,-0.5143,0.5755,0.6358),
      ["LeftLowerLeg"] = CFrame.new(0.0000,-0.0000,-0.0000,1.0000,-0.0000,0.0000,-0.0000,0.1214,0.9926,-0.0000,-0.9926,0.1214),
      ["LeftFoot"] = CFrame.new(0.0000,0.0000,-0.0000,1.0000,-0.0000,0.0000,0.0000,0.9931,-0.1175,-0.0000,0.1175,0.9931),
      ["RightUpperLeg"] = CFrame.new(-0.0000,0.0000,-0.0000,0.8674,-0.3956,-0.3017,0.0997,0.7323,-0.6737,0.4874,0.5543,0.6747),
      ["RightLowerLeg"] = CFrame.new(-0.0001,0.0000,0.0000,1.0000,0.0000,-0.0000,0.0000,0.0631,0.9980,0.0000,-0.9980,0.0631),
      ["RightFoot"] = CFrame.new(-0.0000,0.0000,0.0000,1.0000,0.0000,-0.0000,-0.0000,0.9988,-0.0481,0.0000,0.0481,0.9988),
    }},
    {Time = 7.167, Data = {
      ["HumanoidRootPart"] = CFrame.new(0.0000,0.0000,0.0000,1.0000,0.0000,0.0000,0.0000,1.0000,0.0000,0.0000,0.0000,1.0000),
      ["LowerTorso"] = CFrame.new(0.0000,2.3762,0.0000,-0.9980,-0.0632,-0.0000,0.0632,-0.9980,-0.0000,-0.0000,-0.0000,1.0000),
      ["UpperTorso"] = CFrame.new(0.0000,0.0000,0.0000,0.9865,0.1638,0.0000,-0.1638,0.9865,-0.0000,-0.0000,0.0000,1.0000),
      ["LeftUpperArm"] = CFrame.new(0.0000,0.0000,0.0000,0.2451,0.6305,-0.7365,-0.2288,-0.7006,-0.6759,-0.9421,0.3342,-0.0275),
      ["LeftLowerArm"] = CFrame.new(0.0000,-0.0000,0.0000,1.0000,0.0000,-0.0000,-0.0000,0.3168,-0.9485,-0.0000,0.9485,0.3168),
      ["LeftHand"] = CFrame.new(-0.0000,0.0000,0.0000,1.0000,0.0000,-0.0000,-0.0000,0.9155,-0.4023,0.0000,0.4023,0.9155),
      ["Head"] = CFrame.new(0.0000,2.0000,0.0000,-1.0000,-0.0000,-0.0000,0.0000,-1.0000,0.0000,-0.0000,0.0000,1.0000),
      ["RightUpperArm"] = CFrame.new(0.0001,0.0000,-0.0000,0.2157,-0.6221,0.7526,0.1582,-0.7383,-0.6556,0.9636,0.2605,-0.0609),
      ["RightLowerArm"] = CFrame.new(0.0000,-0.0000,-0.0000,1.0000,-0.0000,0.0000,0.0000,0.3929,-0.9196,0.0000,0.9196,0.3929),
      ["RightHand"] = CFrame.new(0.0000,0.0000,-0.0000,1.0000,-0.0000,0.0000,0.0000,0.8861,-0.4636,-0.0000,0.4636,0.8861),
      ["LeftUpperLeg"] = CFrame.new(0.0000,-0.0000,-0.0000,0.8571,0.3206,0.4032,0.0292,0.7513,-0.6593,-0.5143,0.5769,0.6346),
      ["LeftLowerLeg"] = CFrame.new(0.0000,-0.0000,-0.0000,1.0000,-0.0000,0.0000,-0.0000,0.1098,0.9940,-0.0000,-0.9940,0.1098),
      ["LeftFoot"] = CFrame.new(0.0000,0.0000,-0.0000,1.0000,-0.0000,0.0000,0.0000,0.9931,-0.1175,-0.0000,0.1175,0.9931),
      ["RightUpperLeg"] = CFrame.new(-0.0000,0.0000,-0.0000,0.8674,-0.3964,-0.3007,0.0997,0.7306,-0.6755,0.4874,0.5560,0.6732),
      ["RightLowerLeg"] = CFrame.new(-0.0001,0.0000,0.0000,1.0000,0.0000,-0.0000,0.0000,0.0536,0.9986,0.0000,-0.9986,0.0536),
      ["RightFoot"] = CFrame.new(-0.0000,0.0000,0.0000,1.0000,0.0000,-0.0000,-0.0000,0.9988,-0.0481,0.0000,0.0481,0.9988),
    }},
    {Time = 7.200, Data = {
      ["HumanoidRootPart"] = CFrame.new(0.0000,0.0000,0.0000,1.0000,0.0000,0.0000,0.0000,1.0000,0.0000,0.0000,0.0000,1.0000),
      ["LowerTorso"] = CFrame.new(0.0000,2.3520,0.0000,-0.9979,-0.0649,-0.0000,0.0649,-0.9979,-0.0000,-0.0000,-0.0000,1.0000),
      ["UpperTorso"] = CFrame.new(0.0000,0.0000,0.0000,0.9858,0.1680,0.0000,-0.1680,0.9858,-0.0000,-0.0000,0.0000,1.0000),
      ["LeftUpperArm"] = CFrame.new(0.0000,0.0000,0.0000,0.2450,0.6270,-0.7395,-0.2288,-0.7038,-0.6726,-0.9421,0.3340,-0.0289),
      ["LeftLowerArm"] = CFrame.new(0.0000,-0.0000,0.0000,1.0000,0.0000,-0.0000,-0.0000,0.3242,-0.9460,-0.0000,0.9460,0.3242),
      ["LeftHand"] = CFrame.new(-0.0000,0.0000,0.0000,1.0000,0.0000,-0.0000,-0.0000,0.9123,-0.4095,0.0000,0.4095,0.9123),
      ["Head"] = CFrame.new(0.0000,2.0000,0.0000,-1.0000,-0.0000,-0.0000,0.0000,-1.0000,0.0000,-0.0000,0.0000,1.0000),
      ["RightUpperArm"] = CFrame.new(0.0001,0.0000,-0.0000,0.2157,-0.6194,0.7549,0.1582,-0.7407,-0.6530,0.9636,0.2603,-0.0617),
      ["RightLowerArm"] = CFrame.new(0.0000,-0.0000,-0.0000,1.0000,-0.0000,0.0000,0.0000,0.4005,-0.9163,0.0000,0.9163,0.4005),
      ["RightHand"] = CFrame.new(0.0000,0.0000,-0.0000,1.0000,-0.0000,0.0000,0.0000,0.8815,-0.4722,-0.0000,0.4722,0.8815),
      ["LeftUpperLeg"] = CFrame.new(0.0000,-0.0000,-0.0000,0.8571,0.3215,0.4025,0.0292,0.7499,-0.6610,-0.5143,0.5782,0.6333),
      ["LeftLowerLeg"] = CFrame.new(0.0000,-0.0000,-0.0000,1.0000,-0.0000,0.0000,-0.0000,0.0983,0.9952,-0.0000,-0.9952,0.0983),
      ["LeftFoot"] = CFrame.new(0.0000,0.0000,-0.0000,1.0000,-0.0000,0.0000,0.0000,0.9931,-0.1175,-0.0000,0.1175,0.9931),
      ["RightUpperLeg"] = CFrame.new(-0.0000,0.0000,-0.0000,0.8674,-0.3972,-0.2997,0.0997,0.7289,-0.6774,0.4875,0.5577,0.6718),
      ["RightLowerLeg"] = CFrame.new(-0.0001,0.0000,0.0000,1.0000,0.0000,-0.0000,0.0000,0.0442,0.9990,0.0000,-0.9990,0.0442),
      ["RightFoot"] = CFrame.new(-0.0000,0.0000,0.0000,1.0000,0.0000,-0.0000,-0.0000,0.9988,-0.0481,0.0000,0.0481,0.9988),
    }},
    {Time = 7.233, Data = {
      ["HumanoidRootPart"] = CFrame.new(0.0000,0.0000,0.0000,1.0000,0.0000,0.0000,0.0000,1.0000,0.0000,0.0000,0.0000,1.0000),
      ["LowerTorso"] = CFrame.new(0.0000,2.3282,0.0000,-0.9978,-0.0665,-0.0000,0.0665,-0.9978,-0.0000,-0.0000,-0.0000,1.0000),
      ["UpperTorso"] = CFrame.new(0.0000,0.0000,0.0000,0.9851,0.1721,0.0000,-0.1721,0.9851,-0.0000,-0.0000,0.0000,1.0000),
      ["LeftUpperArm"] = CFrame.new(0.0000,0.0000,0.0000,0.2449,0.6236,-0.7424,-0.2289,-0.7069,-0.6693,-0.9421,0.3338,-0.0304),
      ["LeftLowerArm"] = CFrame.new(0.0000,-0.0000,0.0000,1.0000,0.0000,-0.0000,-0.0000,0.3314,-0.9435,-0.0000,0.9435,0.3314),
      ["LeftHand"] = CFrame.new(0.0000,0.0000,0.0000,1.0000,0.0000,-0.0000,-0.0000,0.9091,-0.4165,0.0000,0.4165,0.9091),
      ["Head"] = CFrame.new(0.0000,2.0000,0.0000,-1.0000,-0.0000,-0.0000,0.0000,-1.0000,0.0000,-0.0000,0.0000,1.0000),
      ["RightUpperArm"] = CFrame.new(0.0001,0.0000,-0.0000,0.2156,-0.6168,0.7570,0.1582,-0.7430,-0.6504,0.9636,0.2600,-0.0626),
      ["RightLowerArm"] = CFrame.new(0.0000,-0.0000,-0.0000,1.0000,-0.0000,0.0000,0.0000,0.4079,-0.9130,0.0000,0.9130,0.4079),
      ["RightHand"] = CFrame.new(0.0000,0.0000,-0.0000,1.0000,-0.0000,0.0000,0.0000,0.8769,-0.4807,-0.0000,0.4807,0.8769),
      ["LeftUpperLeg"] = CFrame.new(0.0000,-0.0000,-0.0000,0.8571,0.3224,0.4019,0.0292,0.7484,-0.6626,-0.5144,0.5796,0.6321),
      ["LeftLowerLeg"] = CFrame.new(0.0000,-0.0000,-0.0000,1.0000,-0.0000,0.0000,-0.0000,0.0870,0.9962,-0.0000,-0.9962,0.0870),
      ["LeftFoot"] = CFrame.new(0.0000,0.0000,-0.0000,1.0000,-0.0000,0.0000,0.0000,0.9931,-0.1175,-0.0000,0.1175,0.9931),
      ["RightUpperLeg"] = CFrame.new(-0.0000,0.0000,-0.0000,0.8674,-0.3979,-0.2987,0.0997,0.7272,-0.6792,0.4875,0.5593,0.6705),
      ["RightLowerLeg"] = CFrame.new(-0.0001,0.0000,0.0000,1.0000,0.0000,-0.0000,0.0000,0.0350,0.9994,0.0000,-0.9994,0.0350),
      ["RightFoot"] = CFrame.new(-0.0000,0.0000,0.0000,1.0000,0.0000,-0.0000,-0.0000,0.9988,-0.0481,0.0000,0.0481,0.9988),
    }},
    {Time = 7.267, Data = {
      ["HumanoidRootPart"] = CFrame.new(0.0000,0.0000,0.0000,1.0000,0.0000,0.0000,0.0000,1.0000,0.0000,0.0000,0.0000,1.0000),
      ["LowerTorso"] = CFrame.new(0.0000,2.3047,0.0000,-0.9977,-0.0681,0.0000,0.0681,-0.9977,0.0000,0.0000,0.0000,1.0000),
      ["UpperTorso"] = CFrame.new(0.0000,0.0000,0.0000,0.9844,0.1761,0.0000,-0.1761,0.9844,-0.0000,-0.0000,0.0000,1.0000),
      ["LeftUpperArm"] = CFrame.new(0.0000,0.0000,0.0000,0.2448,0.6203,-0.7452,-0.2289,-0.7099,-0.6661,-0.9422,0.3336,-0.0318),
      ["LeftLowerArm"] = CFrame.new(0.0000,-0.0000,0.0000,1.0000,0.0000,-0.0000,-0.0000,0.3386,-0.9409,-0.0000,0.9409,0.3386),
      ["LeftHand"] = CFrame.new(0.0000,0.0000,0.0000,1.0000,0.0000,-0.0000,-0.0000,0.9059,-0.4234,0.0000,0.4234,0.9059),
      ["Head"] = CFrame.new(0.0000,2.0000,0.0000,-1.0000,-0.0000,-0.0000,0.0000,-1.0000,0.0000,-0.0000,0.0000,1.0000),
      ["RightUpperArm"] = CFrame.new(0.0001,0.0000,-0.0000,0.2156,-0.6142,0.7592,0.1583,-0.7452,-0.6478,0.9636,0.2598,-0.0634),
      ["RightLowerArm"] = CFrame.new(0.0000,-0.0000,-0.0000,1.0000,-0.0000,0.0000,0.0000,0.4152,-0.9097,0.0000,0.9097,0.4152),
      ["RightHand"] = CFrame.new(0.0000,0.0000,-0.0000,1.0000,-0.0000,0.0000,0.0000,0.8723,-0.4889,-0.0000,0.4889,0.8723),
      ["LeftUpperLeg"] = CFrame.new(0.0000,-0.0000,-0.0000,0.8571,0.3232,0.4012,0.0292,0.7471,-0.6641,-0.5144,0.5809,0.6309),
      ["LeftLowerLeg"] = CFrame.new(0.0000,-0.0000,-0.0000,1.0000,-0.0000,0.0000,-0.0000,0.0758,0.9971,-0.0000,-0.9971,0.0758),
      ["LeftFoot"] = CFrame.new(0.0000,0.0000,-0.0000,1.0000,-0.0000,0.0000,0.0000,0.9931,-0.1175,-0.0000,0.1175,0.9931),
      ["RightUpperLeg"] = CFrame.new(-0.0000,0.0000,-0.0000,0.8674,-0.3987,-0.2978,0.0997,0.7255,-0.6809,0.4875,0.5610,0.6691),
      ["RightLowerLeg"] = CFrame.new(-0.0001,0.0000,0.0000,1.0000,0.0000,-0.0000,0.0000,0.0258,0.9997,0.0000,-0.9997,0.0258),
      ["RightFoot"] = CFrame.new(-0.0000,0.0000,0.0000,1.0000,0.0000,-0.0000,-0.0000,0.9988,-0.0481,0.0000,0.0481,0.9988),
    }},
    {Time = 7.300, Data = {
      ["HumanoidRootPart"] = CFrame.new(0.0000,0.0000,0.0000,1.0000,0.0000,0.0000,0.0000,1.0000,0.0000,0.0000,0.0000,1.0000),
      ["LowerTorso"] = CFrame.new(0.0000,2.2817,0.0000,-0.9976,-0.0696,-0.0000,0.0696,-0.9976,-0.0000,-0.0000,-0.0000,1.0000),
      ["UpperTorso"] = CFrame.new(0.0000,0.0000,0.0000,0.9837,0.1800,0.0000,-0.1800,0.9837,-0.0000,-0.0000,0.0000,1.0000),
      ["LeftUpperArm"] = CFrame.new(0.0000,0.0000,0.0000,0.2447,0.6170,-0.7480,-0.2290,-0.7128,-0.6629,-0.9422,0.3334,-0.0331),
      ["LeftLowerArm"] = CFrame.new(0.0000,-0.0000,0.0000,1.0000,0.0000,-0.0000,-0.0000,0.3455,-0.9384,-0.0000,0.9384,0.3455),
      ["LeftHand"] = CFrame.new(0.0000,0.0000,0.0000,1.0000,0.0000,-0.0000,-0.0000,0.9028,-0.4301,0.0000,0.4301,0.9028),
      ["Head"] = CFrame.new(0.0000,2.0000,0.0000,-1.0000,-0.0000,-0.0000,0.0000,-1.0000,0.0000,-0.0000,0.0000,1.0000),
      ["RightUpperArm"] = CFrame.new(0.0001,0.0000,-0.0000,0.2155,-0.6116,0.7613,0.1583,-0.7474,-0.6452,0.9636,0.2595,-0.0642),
      ["RightLowerArm"] = CFrame.new(0.0000,-0.0000,-0.0000,1.0000,-0.0000,0.0000,0.0000,0.4224,-0.9064,0.0000,0.9064,0.4224),
      ["RightHand"] = CFrame.new(0.0000,0.0000,-0.0000,1.0000,-0.0000,0.0000,0.0000,0.8677,-0.4970,-0.0000,0.4970,0.8677),
      ["LeftUpperLeg"] = CFrame.new(0.0000,-0.0000,-0.0000,0.8571,0.3240,0.4006,0.0292,0.7457,-0.6657,-0.5144,0.5822,0.6297),
      ["LeftLowerLeg"] = CFrame.new(0.0000,-0.0000,-0.0000,1.0000,-0.0000,0.0000,-0.0000,0.0649,0.9979,-0.0000,-0.9979,0.0649),
      ["LeftFoot"] = CFrame.new(0.0000,0.0000,-0.0000,1.0000,-0.0000,0.0000,0.0000,0.9931,-0.1175,-0.0000,0.1175,0.9931),
      ["RightUpperLeg"] = CFrame.new(-0.0000,0.0000,-0.0000,0.8674,-0.3994,-0.2968,0.0997,0.7239,-0.6827,0.4875,0.5626,0.6677),
      ["RightLowerLeg"] = CFrame.new(-0.0001,0.0000,0.0000,1.0000,0.0000,-0.0000,0.0000,0.0169,0.9999,0.0000,-0.9999,0.0169),
      ["RightFoot"] = CFrame.new(-0.0000,0.0000,0.0000,1.0000,0.0000,-0.0000,-0.0000,0.9988,-0.0481,0.0000,0.0481,0.9988),
    }},
    {Time = 7.333, Data = {
      ["HumanoidRootPart"] = CFrame.new(0.0000,0.0000,0.0000,1.0000,0.0000,0.0000,0.0000,1.0000,0.0000,0.0000,0.0000,1.0000),
      ["LowerTorso"] = CFrame.new(0.0000,2.2593,0.0000,-0.9975,-0.0710,-0.0000,0.0710,-0.9975,-0.0000,-0.0000,-0.0000,1.0000),
      ["UpperTorso"] = CFrame.new(0.0000,0.0000,0.0000,0.9830,0.1838,0.0000,-0.1838,0.9830,-0.0000,-0.0000,0.0000,1.0000),
      ["LeftUpperArm"] = CFrame.new(0.0000,0.0000,0.0000,0.2445,0.6137,-0.7507,-0.2290,-0.7157,-0.6598,-0.9422,0.3332,-0.0345),
      ["LeftLowerArm"] = CFrame.new(0.0000,-0.0000,0.0000,1.0000,0.0000,-0.0000,-0.0000,0.3523,-0.9359,-0.0000,0.9359,0.3523),
      ["LeftHand"] = CFrame.new(0.0000,0.0000,0.0000,1.0000,0.0000,-0.0000,-0.0000,0.8996,-0.4367,0.0000,0.4367,0.8996),
      ["Head"] = CFrame.new(0.0000,2.0000,0.0000,-1.0000,-0.0000,-0.0000,0.0000,-1.0000,0.0000,-0.0000,0.0000,1.0000),
      ["RightUpperArm"] = CFrame.new(0.0001,0.0000,-0.0000,0.2154,-0.6091,0.7633,0.1583,-0.7495,-0.6428,0.9636,0.2593,-0.0650),
      ["RightLowerArm"] = CFrame.new(0.0000,-0.0000,-0.0000,1.0000,-0.0000,0.0000,0.0000,0.4293,-0.9031,0.0000,0.9031,0.4293),
      ["RightHand"] = CFrame.new(0.0000,0.0000,-0.0000,1.0000,-0.0000,0.0000,0.0000,0.8632,-0.5049,-0.0000,0.5049,0.8632),
      ["LeftUpperLeg"] = CFrame.new(0.0000,-0.0000,-0.0000,0.8571,0.3249,0.3999,0.0292,0.7443,-0.6672,-0.5144,0.5834,0.6285),
      ["LeftLowerLeg"] = CFrame.new(0.0000,-0.0000,-0.0000,1.0000,-0.0000,0.0000,-0.0000,0.0541,0.9985,-0.0000,-0.9985,0.0541),
      ["LeftFoot"] = CFrame.new(0.0000,0.0000,-0.0000,1.0000,-0.0000,0.0000,0.0000,0.9931,-0.1175,-0.0000,0.1175,0.9931),
      ["RightUpperLeg"] = CFrame.new(-0.0000,0.0000,-0.0000,0.8674,-0.4001,-0.2959,0.0997,0.7223,-0.6844,0.4875,0.5641,0.6664),
      ["RightLowerLeg"] = CFrame.new(-0.0001,0.0000,0.0000,1.0000,0.0000,-0.0000,0.0000,0.0082,1.0000,0.0000,-1.0000,0.0082),
      ["RightFoot"] = CFrame.new(-0.0000,0.0000,0.0000,1.0000,0.0000,-0.0000,-0.0000,0.9988,-0.0481,0.0000,0.0481,0.9988),
    }},
    {Time = 7.367, Data = {
      ["HumanoidRootPart"] = CFrame.new(0.0000,0.0000,0.0000,1.0000,0.0000,0.0000,0.0000,1.0000,0.0000,0.0000,0.0000,1.0000),
      ["LowerTorso"] = CFrame.new(0.0000,2.2373,0.0000,-0.9974,-0.0725,-0.0000,0.0725,-0.9974,-0.0000,-0.0000,-0.0000,1.0000),
      ["UpperTorso"] = CFrame.new(0.0000,0.0000,0.0000,0.9823,0.1875,0.0000,-0.1875,0.9823,-0.0000,-0.0000,0.0000,1.0000),
      ["LeftUpperArm"] = CFrame.new(0.0000,0.0000,0.0000,0.2444,0.6106,-0.7533,-0.2291,-0.7185,-0.6567,-0.9422,0.3330,-0.0357),
      ["LeftLowerArm"] = CFrame.new(0.0000,-0.0000,0.0000,1.0000,0.0000,-0.0000,-0.0000,0.3589,-0.9334,-0.0000,0.9334,0.3589),
      ["LeftHand"] = CFrame.new(0.0000,0.0000,0.0000,1.0000,0.0000,-0.0000,-0.0000,0.8965,-0.4431,0.0000,0.4431,0.8965),
      ["Head"] = CFrame.new(0.0000,2.0000,0.0000,-1.0000,-0.0000,-0.0000,0.0000,-1.0000,0.0000,-0.0000,0.0000,1.0000),
      ["RightUpperArm"] = CFrame.new(0.0001,0.0000,-0.0000,0.2153,-0.6066,0.7653,0.1583,-0.7516,-0.6403,0.9636,0.2591,-0.0658),
      ["RightLowerArm"] = CFrame.new(0.0000,-0.0000,-0.0000,1.0000,-0.0000,0.0000,0.0000,0.4361,-0.8999,-0.0000,0.8999,0.4361),
      ["RightHand"] = CFrame.new(0.0000,0.0000,-0.0000,1.0000,-0.0000,0.0000,0.0000,0.8587,-0.5125,0.0000,0.5125,0.8587),
      ["LeftUpperLeg"] = CFrame.new(0.0000,-0.0000,-0.0000,0.8570,0.3257,0.3993,0.0292,0.7430,-0.6686,-0.5144,0.5847,0.6273),
      ["LeftLowerLeg"] = CFrame.new(0.0000,-0.0000,-0.0000,1.0000,-0.0000,0.0000,-0.0000,0.0437,0.9990,-0.0000,-0.9990,0.0437),
      ["LeftFoot"] = CFrame.new(0.0000,0.0000,-0.0000,1.0000,-0.0000,0.0000,0.0000,0.9931,-0.1175,-0.0000,0.1175,0.9931),
      ["RightUpperLeg"] = CFrame.new(-0.0000,0.0000,-0.0000,0.8674,-0.4008,-0.2950,0.0997,0.7207,-0.6860,0.4876,0.5656,0.6651),
      ["RightLowerLeg"] = CFrame.new(-0.0001,0.0000,0.0000,1.0000,0.0000,-0.0000,0.0000,-0.0004,1.0000,0.0000,-1.0000,-0.0004),
      ["RightFoot"] = CFrame.new(-0.0000,0.0000,0.0000,1.0000,0.0000,-0.0000,-0.0000,0.9988,-0.0481,0.0000,0.0481,0.9988),
    }},
    {Time = 7.400, Data = {
      ["HumanoidRootPart"] = CFrame.new(0.0000,0.0000,0.0000,1.0000,0.0000,0.0000,0.0000,1.0000,0.0000,0.0000,0.0000,1.0000),
      ["LowerTorso"] = CFrame.new(0.0000,2.2160,0.0000,-0.9973,-0.0738,-0.0000,0.0738,-0.9973,-0.0000,-0.0000,-0.0000,1.0000),
      ["UpperTorso"] = CFrame.new(0.0000,0.0000,0.0000,0.9816,0.1910,0.0000,-0.1910,0.9816,-0.0000,-0.0000,0.0000,1.0000),
      ["LeftUpperArm"] = CFrame.new(0.0000,0.0000,0.0000,0.2442,0.6075,-0.7558,-0.2291,-0.7212,-0.6537,-0.9423,0.3328,-0.0370),
      ["LeftLowerArm"] = CFrame.new(0.0000,-0.0000,0.0000,1.0000,0.0000,-0.0000,-0.0000,0.3654,-0.9309,-0.0000,0.9309,0.3654),
      ["LeftHand"] = CFrame.new(0.0000,0.0000,0.0000,1.0000,0.0000,-0.0000,-0.0000,0.8934,-0.4493,0.0000,0.4493,0.8934),
      ["Head"] = CFrame.new(0.0000,2.0000,0.0000,-1.0000,-0.0000,-0.0000,0.0000,-1.0000,0.0000,-0.0000,0.0000,1.0000),
      ["RightUpperArm"] = CFrame.new(0.0001,0.0000,-0.0000,0.2152,-0.6042,0.7672,0.1584,-0.7536,-0.6380,0.9636,0.2588,-0.0665),
      ["RightLowerArm"] = CFrame.new(0.0000,-0.0000,-0.0000,1.0000,-0.0000,0.0000,0.0000,0.4427,-0.8967,-0.0000,0.8967,0.4427),
      ["RightHand"] = CFrame.new(0.0000,0.0000,-0.0000,1.0000,-0.0000,0.0000,0.0000,0.8542,-0.5199,0.0000,0.5199,0.8542),
      ["LeftUpperLeg"] = CFrame.new(0.0000,-0.0000,-0.0000,0.8570,0.3264,0.3987,0.0292,0.7418,-0.6700,-0.5144,0.5859,0.6262),
      ["LeftLowerLeg"] = CFrame.new(0.0000,-0.0000,-0.0000,1.0000,-0.0000,0.0000,-0.0000,0.0335,0.9994,-0.0000,-0.9994,0.0335),
      ["LeftFoot"] = CFrame.new(0.0000,0.0000,-0.0000,1.0000,-0.0000,0.0000,0.0000,0.9931,-0.1175,-0.0000,0.1175,0.9931),
      ["RightUpperLeg"] = CFrame.new(-0.0000,0.0000,-0.0000,0.8674,-0.4015,-0.2941,0.0997,0.7192,-0.6876,0.4876,0.5671,0.6638),
      ["RightLowerLeg"] = CFrame.new(-0.0001,0.0000,0.0000,1.0000,0.0000,-0.0000,0.0000,-0.0087,1.0000,0.0000,-1.0000,-0.0087),
      ["RightFoot"] = CFrame.new(-0.0000,0.0000,0.0000,1.0000,0.0000,-0.0000,-0.0000,0.9988,-0.0481,0.0000,0.0481,0.9988),
    }},
    {Time = 7.433, Data = {
      ["HumanoidRootPart"] = CFrame.new(0.0000,0.0000,0.0000,1.0000,0.0000,0.0000,0.0000,1.0000,0.0000,0.0000,0.0000,1.0000),
      ["LowerTorso"] = CFrame.new(0.0000,2.1953,0.0000,-0.9972,-0.0752,0.0000,0.0752,-0.9972,0.0000,0.0000,0.0000,1.0000),
      ["UpperTorso"] = CFrame.new(0.0000,0.0000,0.0000,0.9809,0.1944,0.0000,-0.1944,0.9809,-0.0000,-0.0000,0.0000,1.0000),
      ["LeftUpperArm"] = CFrame.new(0.0000,0.0000,0.0000,0.2441,0.6045,-0.7583,-0.2292,-0.7238,-0.6508,-0.9423,0.3326,-0.0381),
      ["LeftLowerArm"] = CFrame.new(0.0000,-0.0000,0.0000,1.0000,0.0000,-0.0000,-0.0000,0.3716,-0.9284,-0.0000,0.9284,0.3716),
      ["LeftHand"] = CFrame.new(0.0000,0.0000,0.0000,1.0000,0.0000,-0.0000,-0.0000,0.8904,-0.4552,0.0000,0.4552,0.8904),
      ["Head"] = CFrame.new(0.0000,2.0000,0.0000,-1.0000,-0.0000,-0.0000,0.0000,-1.0000,0.0000,-0.0000,0.0000,1.0000),
      ["RightUpperArm"] = CFrame.new(0.0001,0.0000,-0.0000,0.2151,-0.6019,0.7690,0.1584,-0.7555,-0.6357,0.9637,0.2586,-0.0672),
      ["RightLowerArm"] = CFrame.new(0.0000,-0.0000,-0.0000,1.0000,-0.0000,0.0000,0.0000,0.4490,-0.8935,-0.0000,0.8935,0.4490),
      ["RightHand"] = CFrame.new(0.0000,0.0000,-0.0000,1.0000,-0.0000,0.0000,0.0000,0.8499,-0.5270,0.0000,0.5270,0.8499),
      ["LeftUpperLeg"] = CFrame.new(0.0000,-0.0000,-0.0000,0.8570,0.3272,0.3981,0.0292,0.7405,-0.6714,-0.5145,0.5870,0.6251),
      ["LeftLowerLeg"] = CFrame.new(0.0000,-0.0000,-0.0000,1.0000,-0.0000,0.0000,-0.0000,0.0236,0.9997,-0.0000,-0.9997,0.0236),
      ["LeftFoot"] = CFrame.new(0.0000,0.0000,-0.0000,1.0000,-0.0000,0.0000,0.0000,0.9931,-0.1175,-0.0000,0.1175,0.9931),
      ["RightUpperLeg"] = CFrame.new(-0.0000,0.0000,-0.0000,0.8673,-0.4021,-0.2933,0.0997,0.7177,-0.6892,0.4876,0.5685,0.6626),
      ["RightLowerLeg"] = CFrame.new(-0.0001,0.0000,0.0000,1.0000,0.0000,-0.0000,0.0000,-0.0167,0.9999,0.0000,-0.9999,-0.0167),
      ["RightFoot"] = CFrame.new(-0.0000,0.0000,0.0000,1.0000,0.0000,-0.0000,-0.0000,0.9988,-0.0481,0.0000,0.0481,0.9988),
    }},
    {Time = 7.467, Data = {
      ["HumanoidRootPart"] = CFrame.new(0.0000,0.0000,0.0000,1.0000,0.0000,0.0000,0.0000,1.0000,0.0000,0.0000,0.0000,1.0000),
      ["LowerTorso"] = CFrame.new(0.0000,2.1754,0.0000,-0.9971,-0.0764,-0.0000,0.0764,-0.9971,-0.0000,-0.0000,-0.0000,1.0000),
      ["UpperTorso"] = CFrame.new(0.0000,0.0000,0.0000,0.9803,0.1976,0.0000,-0.1976,0.9803,-0.0000,-0.0000,0.0000,1.0000),
      ["LeftUpperArm"] = CFrame.new(0.0000,0.0000,0.0000,0.2439,0.6016,-0.7607,-0.2292,-0.7264,-0.6480,-0.9423,0.3324,-0.0392),
      ["LeftLowerArm"] = CFrame.new(0.0000,-0.0000,0.0000,1.0000,0.0000,-0.0000,-0.0000,0.3775,-0.9260,-0.0000,0.9260,0.3775),
      ["LeftHand"] = CFrame.new(0.0000,0.0000,0.0000,1.0000,0.0000,-0.0000,-0.0000,0.8874,-0.4610,0.0000,0.4610,0.8874),
      ["Head"] = CFrame.new(0.0000,2.0000,0.0000,-1.0000,-0.0000,-0.0000,0.0000,-1.0000,0.0000,-0.0000,0.0000,1.0000),
      ["RightUpperArm"] = CFrame.new(0.0001,0.0000,-0.0000,0.2150,-0.5997,0.7708,0.1584,-0.7574,-0.6334,0.9637,0.2583,-0.0679),
      ["RightLowerArm"] = CFrame.new(0.0000,-0.0000,-0.0000,1.0000,-0.0000,0.0000,0.0000,0.4551,-0.8904,-0.0000,0.8904,0.4551),
      ["RightHand"] = CFrame.new(0.0000,0.0000,-0.0000,1.0000,-0.0000,0.0000,0.0000,0.8456,-0.5338,0.0000,0.5338,0.8456),
      ["LeftUpperLeg"] = CFrame.new(0.0000,-0.0000,-0.0000,0.8570,0.3279,0.3975,0.0292,0.7393,-0.6727,-0.5145,0.5881,0.6240),
      ["LeftLowerLeg"] = CFrame.new(0.0000,-0.0000,-0.0000,1.0000,-0.0000,0.0000,-0.0000,0.0141,0.9999,-0.0000,-0.9999,0.0141),
      ["LeftFoot"] = CFrame.new(0.0000,0.0000,-0.0000,1.0000,-0.0000,0.0000,0.0000,0.9931,-0.1175,-0.0000,0.1175,0.9931),
      ["RightUpperLeg"] = CFrame.new(-0.0000,0.0000,-0.0000,0.8673,-0.4028,-0.2925,0.0997,0.7163,-0.6907,0.4877,0.5699,0.6614),
      ["RightLowerLeg"] = CFrame.new(-0.0001,0.0000,0.0000,1.0000,0.0000,-0.0000,0.0000,-0.0244,0.9997,0.0000,-0.9997,-0.0244),
      ["RightFoot"] = CFrame.new(-0.0000,0.0000,0.0000,1.0000,0.0000,-0.0000,-0.0000,0.9988,-0.0481,0.0000,0.0481,0.9988),
    }},
    {Time = 7.500, Data = {
      ["HumanoidRootPart"] = CFrame.new(0.0000,0.0000,0.0000,1.0000,0.0000,0.0000,0.0000,1.0000,0.0000,0.0000,0.0000,1.0000),
      ["LowerTorso"] = CFrame.new(0.0000,2.1562,0.0000,-0.9970,-0.0776,-0.0000,0.0776,-0.9970,-0.0000,-0.0000,-0.0000,1.0000),
      ["UpperTorso"] = CFrame.new(0.0000,0.0000,0.0000,0.9797,0.2007,0.0000,-0.2007,0.9797,-0.0000,-0.0000,0.0000,1.0000),
      ["LeftUpperArm"] = CFrame.new(0.0000,0.0000,0.0000,0.2437,0.5988,-0.7629,-0.2293,-0.7288,-0.6453,-0.9424,0.3322,-0.0403),
      ["LeftLowerArm"] = CFrame.new(0.0000,-0.0000,0.0000,1.0000,0.0000,-0.0000,-0.0000,0.3832,-0.9236,-0.0000,0.9236,0.3832),
      ["LeftHand"] = CFrame.new(0.0000,0.0000,0.0000,1.0000,0.0000,-0.0000,-0.0000,0.8845,-0.4665,0.0000,0.4665,0.8845),
      ["Head"] = CFrame.new(0.0000,2.0000,0.0000,-1.0000,-0.0000,-0.0000,0.0000,-1.0000,0.0000,-0.0000,0.0000,1.0000),
      ["RightUpperArm"] = CFrame.new(0.0001,0.0000,-0.0000,0.2149,-0.5975,0.7725,0.1585,-0.7592,-0.6313,0.9637,0.2581,-0.0685),
      ["RightLowerArm"] = CFrame.new(0.0000,-0.0000,-0.0000,1.0000,-0.0000,0.0000,0.0000,0.4609,-0.8874,-0.0000,0.8874,0.4609),
      ["RightHand"] = CFrame.new(0.0000,0.0000,-0.0000,1.0000,-0.0000,0.0000,0.0000,0.8415,-0.5403,0.0000,0.5403,0.8415),
      ["LeftUpperLeg"] = CFrame.new(0.0000,-0.0000,-0.0000,0.8570,0.3286,0.3970,0.0292,0.7382,-0.6740,-0.5145,0.5892,0.6230),
      ["LeftLowerLeg"] = CFrame.new(0.0000,-0.0000,-0.0000,1.0000,-0.0000,0.0000,-0.0000,0.0050,1.0000,-0.0000,-1.0000,0.0050),
      ["LeftFoot"] = CFrame.new(0.0000,0.0000,-0.0000,1.0000,-0.0000,0.0000,0.0000,0.9931,-0.1175,-0.0000,0.1175,0.9931),
      ["RightUpperLeg"] = CFrame.new(-0.0000,0.0000,-0.0000,0.8673,-0.4034,-0.2917,0.0997,0.7149,-0.6921,0.4877,0.5712,0.6602),
      ["RightLowerLeg"] = CFrame.new(-0.0001,0.0000,0.0000,1.0000,0.0000,-0.0000,0.0000,-0.0319,0.9995,0.0000,-0.9995,-0.0319),
      ["RightFoot"] = CFrame.new(-0.0000,0.0000,0.0000,1.0000,0.0000,-0.0000,-0.0000,0.9988,-0.0481,0.0000,0.0481,0.9988),
    }},
    {Time = 7.533, Data = {
      ["HumanoidRootPart"] = CFrame.new(0.0000,0.0000,0.0000,1.0000,0.0000,0.0000,0.0000,1.0000,0.0000,0.0000,0.0000,1.0000),
      ["LowerTorso"] = CFrame.new(0.0000,2.1379,0.0000,-0.9969,-0.0788,-0.0000,0.0788,-0.9969,-0.0000,-0.0000,-0.0000,1.0000),
      ["UpperTorso"] = CFrame.new(0.0000,0.0000,0.0000,0.9790,0.2036,0.0000,-0.2036,0.9790,-0.0000,-0.0000,0.0000,1.0000),
      ["LeftUpperArm"] = CFrame.new(0.0000,0.0000,0.0000,0.2435,0.5961,-0.7651,-0.2293,-0.7310,-0.6426,-0.9424,0.3320,-0.0413),
      ["LeftLowerArm"] = CFrame.new(0.0000,-0.0000,0.0000,1.0000,0.0000,-0.0000,-0.0000,0.3887,-0.9214,-0.0000,0.9214,0.3887),
      ["LeftHand"] = CFrame.new(0.0000,0.0000,0.0000,1.0000,0.0000,-0.0000,-0.0000,0.8817,-0.4717,0.0000,0.4717,0.8817),
      ["Head"] = CFrame.new(0.0000,2.0000,0.0000,-1.0000,-0.0000,-0.0000,0.0000,-1.0000,0.0000,-0.0000,0.0000,1.0000),
      ["RightUpperArm"] = CFrame.new(0.0001,0.0000,-0.0000,0.2149,-0.5954,0.7741,0.1585,-0.7609,-0.6292,0.9637,0.2579,-0.0691),
      ["RightLowerArm"] = CFrame.new(0.0000,-0.0000,-0.0000,1.0000,-0.0000,0.0000,0.0000,0.4665,-0.8845,-0.0000,0.8845,0.4665),
      ["RightHand"] = CFrame.new(0.0000,0.0000,-0.0000,1.0000,-0.0000,0.0000,0.0000,0.8374,-0.5465,0.0000,0.5465,0.8374),
      ["LeftUpperLeg"] = CFrame.new(0.0000,-0.0000,-0.0000,0.8570,0.3293,0.3965,0.0292,0.7371,-0.6752,-0.5145,0.5902,0.6220),
      ["LeftLowerLeg"] = CFrame.new(0.0000,-0.0000,-0.0000,1.0000,-0.0000,0.0000,-0.0000,-0.0038,1.0000,-0.0000,-1.0000,-0.0038),
      ["LeftFoot"] = CFrame.new(0.0000,0.0000,-0.0000,1.0000,-0.0000,0.0000,0.0000,0.9931,-0.1175,-0.0000,0.1175,0.9931),
      ["RightUpperLeg"] = CFrame.new(-0.0000,0.0000,-0.0000,0.8673,-0.4040,-0.2909,0.0997,0.7136,-0.6935,0.4877,0.5724,0.6591),
      ["RightLowerLeg"] = CFrame.new(-0.0001,0.0000,0.0000,1.0000,0.0000,-0.0000,0.0000,-0.0390,0.9992,0.0000,-0.9992,-0.0390),
      ["RightFoot"] = CFrame.new(-0.0000,0.0000,0.0000,1.0000,0.0000,-0.0000,-0.0000,0.9988,-0.0481,0.0000,0.0481,0.9988),
    }},
    {Time = 7.567, Data = {
      ["HumanoidRootPart"] = CFrame.new(0.0000,0.0000,0.0000,1.0000,0.0000,0.0000,0.0000,1.0000,0.0000,0.0000,0.0000,1.0000),
      ["LowerTorso"] = CFrame.new(0.0000,2.1205,0.0000,-0.9968,-0.0799,-0.0000,0.0799,-0.9968,-0.0000,-0.0000,-0.0000,1.0000),
      ["UpperTorso"] = CFrame.new(0.0000,0.0000,0.0000,0.9785,0.2064,0.0000,-0.2064,0.9785,-0.0000,-0.0000,0.0000,1.0000),
      ["LeftUpperArm"] = CFrame.new(0.0000,0.0000,0.0000,0.2434,0.5936,-0.7671,-0.2294,-0.7332,-0.6401,-0.9424,0.3318,-0.0423),
      ["LeftLowerArm"] = CFrame.new(0.0000,-0.0000,0.0000,1.0000,0.0000,-0.0000,-0.0000,0.3939,-0.9192,-0.0000,0.9192,0.3939),
      ["LeftHand"] = CFrame.new(0.0000,0.0000,0.0000,1.0000,0.0000,-0.0000,-0.0000,0.8791,-0.4767,0.0000,0.4767,0.8791),
      ["Head"] = CFrame.new(0.0000,2.0000,0.0000,-1.0000,-0.0000,-0.0000,0.0000,-1.0000,0.0000,-0.0000,0.0000,1.0000),
      ["RightUpperArm"] = CFrame.new(0.0001,0.0000,-0.0000,0.2148,-0.5935,0.7757,0.1585,-0.7625,-0.6273,0.9637,0.2577,-0.0697),
      ["RightLowerArm"] = CFrame.new(0.0000,-0.0001,-0.0000,1.0000,-0.0000,0.0000,0.0000,0.4717,-0.8817,-0.0000,0.8817,0.4717),
      ["RightHand"] = CFrame.new(0.0000,0.0000,-0.0000,1.0000,-0.0000,0.0000,0.0000,0.8336,-0.5524,0.0000,0.5524,0.8336),
      ["LeftUpperLeg"] = CFrame.new(0.0000,-0.0000,-0.0000,0.8570,0.3299,0.3960,0.0292,0.7360,-0.6763,-0.5146,0.5912,0.6211),
      ["LeftLowerLeg"] = CFrame.new(0.0000,-0.0000,-0.0000,1.0000,-0.0000,0.0000,-0.0000,-0.0121,0.9999,-0.0000,-0.9999,-0.0121),
      ["LeftFoot"] = CFrame.new(0.0000,0.0000,-0.0000,1.0000,-0.0000,0.0000,0.0000,0.9931,-0.1175,-0.0000,0.1175,0.9931),
      ["RightUpperLeg"] = CFrame.new(-0.0000,0.0000,-0.0000,0.8673,-0.4045,-0.2902,0.0997,0.7123,-0.6948,0.4877,0.5736,0.6581),
      ["RightLowerLeg"] = CFrame.new(-0.0001,0.0000,0.0000,1.0000,0.0000,-0.0000,0.0000,-0.0458,0.9990,0.0000,-0.9990,-0.0458),
      ["RightFoot"] = CFrame.new(-0.0000,0.0000,0.0000,1.0000,0.0000,-0.0000,-0.0000,0.9988,-0.0481,0.0000,0.0481,0.9988),
    }},
    {Time = 7.600, Data = {
      ["HumanoidRootPart"] = CFrame.new(0.0000,0.0000,0.0000,1.0000,0.0000,0.0000,0.0000,1.0000,0.0000,0.0000,0.0000,1.0000),
      ["LowerTorso"] = CFrame.new(0.0000,2.1040,0.0000,-0.9967,-0.0809,-0.0000,0.0809,-0.9967,-0.0000,-0.0000,-0.0000,1.0000),
      ["UpperTorso"] = CFrame.new(0.0000,0.0000,0.0000,0.9779,0.2090,0.0000,-0.2090,0.9779,-0.0000,-0.0000,0.0000,1.0000),
      ["LeftUpperArm"] = CFrame.new(0.0000,0.0000,0.0000,0.2432,0.5912,-0.7690,-0.2295,-0.7352,-0.6378,-0.9425,0.3315,-0.0432),
      ["LeftLowerArm"] = CFrame.new(0.0000,-0.0000,0.0000,1.0000,0.0000,-0.0000,-0.0000,0.3988,-0.9171,-0.0000,0.9171,0.3988),
      ["LeftHand"] = CFrame.new(0.0000,0.0000,0.0000,1.0000,0.0000,-0.0000,-0.0000,0.8765,-0.4814,0.0000,0.4814,0.8765),
      ["Head"] = CFrame.new(0.0000,2.0000,0.0000,-1.0000,-0.0000,-0.0000,0.0000,-1.0000,0.0000,-0.0000,0.0000,1.0000),
      ["RightUpperArm"] = CFrame.new(0.0001,0.0000,-0.0000,0.2147,-0.5916,0.7771,0.1586,-0.7640,-0.6254,0.9637,0.2575,-0.0702),
      ["RightLowerArm"] = CFrame.new(0.0000,-0.0001,-0.0000,1.0000,-0.0000,0.0000,0.0000,0.4767,-0.8791,-0.0000,0.8791,0.4767),
      ["RightHand"] = CFrame.new(-0.0000,0.0000,-0.0000,1.0000,-0.0000,0.0000,0.0000,0.8299,-0.5579,0.0000,0.5579,0.8299),
      ["LeftUpperLeg"] = CFrame.new(0.0000,-0.0000,-0.0000,0.8569,0.3305,0.3955,0.0292,0.7350,-0.6774,-0.5146,0.5921,0.6202),
      ["LeftLowerLeg"] = CFrame.new(0.0000,-0.0000,-0.0000,1.0000,-0.0000,0.0000,-0.0000,-0.0200,0.9998,-0.0000,-0.9998,-0.0200),
      ["LeftFoot"] = CFrame.new(0.0000,0.0000,-0.0000,1.0000,-0.0000,0.0000,0.0000,0.9931,-0.1175,-0.0000,0.1175,0.9931),
      ["RightUpperLeg"] = CFrame.new(-0.0000,0.0000,-0.0000,0.8673,-0.4050,-0.2895,0.0997,0.7111,-0.6960,0.4878,0.5747,0.6571),
      ["RightLowerLeg"] = CFrame.new(-0.0001,0.0000,0.0000,1.0000,0.0000,-0.0000,0.0000,-0.0522,0.9986,0.0000,-0.9986,-0.0522),
      ["RightFoot"] = CFrame.new(-0.0000,0.0000,0.0000,1.0000,0.0000,-0.0000,-0.0000,0.9988,-0.0481,0.0000,0.0481,0.9988),
    }},
    {Time = 7.633, Data = {
      ["HumanoidRootPart"] = CFrame.new(0.0000,0.0000,0.0000,1.0000,0.0000,0.0000,0.0000,1.0000,0.0000,0.0000,0.0000,1.0000),
      ["LowerTorso"] = CFrame.new(0.0000,2.0885,0.0000,-0.9966,-0.0818,-0.0000,0.0818,-0.9966,-0.0000,-0.0000,-0.0000,1.0000),
      ["UpperTorso"] = CFrame.new(0.0000,0.0000,0.0000,0.9774,0.2114,0.0000,-0.2114,0.9774,-0.0000,-0.0000,0.0000,1.0000),
      ["LeftUpperArm"] = CFrame.new(0.0000,0.0000,0.0000,0.2430,0.5889,-0.7708,-0.2295,-0.7372,-0.6356,-0.9425,0.3314,-0.0440),
      ["LeftLowerArm"] = CFrame.new(0.0000,-0.0000,0.0000,1.0000,0.0000,-0.0000,-0.0000,0.4033,-0.9151,-0.0000,0.9151,0.4033),
      ["LeftHand"] = CFrame.new(0.0000,0.0000,0.0000,1.0000,0.0000,-0.0000,-0.0000,0.8741,-0.4858,0.0000,0.4858,0.8741),
      ["Head"] = CFrame.new(0.0000,2.0000,0.0000,-1.0000,-0.0000,-0.0000,0.0000,-1.0000,0.0000,-0.0000,0.0000,1.0000),
      ["RightUpperArm"] = CFrame.new(0.0001,0.0000,-0.0000,0.2146,-0.5898,0.7785,0.1586,-0.7654,-0.6237,0.9638,0.2573,-0.0707),
      ["RightLowerArm"] = CFrame.new(0.0000,-0.0001,-0.0000,1.0000,-0.0000,0.0000,0.0000,0.4814,-0.8765,-0.0000,0.8765,0.4814),
      ["RightHand"] = CFrame.new(-0.0000,0.0000,-0.0000,1.0000,-0.0000,0.0000,0.0000,0.8264,-0.5631,0.0000,0.5631,0.8264),
      ["LeftUpperLeg"] = CFrame.new(0.0000,-0.0000,-0.0000,0.8569,0.3311,0.3951,0.0292,0.7341,-0.6785,-0.5146,0.5929,0.6194),
      ["LeftLowerLeg"] = CFrame.new(0.0000,-0.0000,-0.0000,1.0000,-0.0000,0.0000,-0.0000,-0.0274,0.9996,-0.0000,-0.9996,-0.0274),
      ["LeftFoot"] = CFrame.new(0.0000,0.0000,-0.0000,1.0000,-0.0000,0.0000,0.0000,0.9931,-0.1175,-0.0000,0.1175,0.9931),
      ["RightUpperLeg"] = CFrame.new(-0.0000,0.0000,-0.0000,0.8672,-0.4055,-0.2889,0.0997,0.7100,-0.6971,0.4878,0.5758,0.6561),
      ["RightLowerLeg"] = CFrame.new(-0.0001,0.0000,0.0000,1.0000,0.0000,-0.0000,0.0000,-0.0582,0.9983,0.0000,-0.9983,-0.0582),
      ["RightFoot"] = CFrame.new(-0.0000,0.0000,0.0000,1.0000,0.0000,-0.0000,-0.0000,0.9988,-0.0481,0.0000,0.0481,0.9988),
    }},
    {Time = 7.667, Data = {
      ["HumanoidRootPart"] = CFrame.new(0.0000,0.0000,0.0000,1.0000,0.0000,0.0000,0.0000,1.0000,0.0000,0.0000,0.0000,1.0000),
      ["LowerTorso"] = CFrame.new(0.0000,2.0741,0.0000,-0.9966,-0.0827,-0.0000,0.0827,-0.9966,-0.0000,-0.0000,-0.0000,1.0000),
      ["UpperTorso"] = CFrame.new(0.0000,0.0000,0.0000,0.9769,0.2137,0.0000,-0.2137,0.9769,-0.0000,-0.0000,0.0000,1.0000),
      ["LeftUpperArm"] = CFrame.new(0.0000,0.0000,0.0000,0.2428,0.5868,-0.7725,-0.2296,-0.7389,-0.6335,-0.9425,0.3312,-0.0447),
      ["LeftLowerArm"] = CFrame.new(0.0000,-0.0000,0.0000,1.0000,0.0000,-0.0000,-0.0000,0.4076,-0.9132,-0.0000,0.9132,0.4076),
      ["LeftHand"] = CFrame.new(0.0000,0.0000,0.0000,1.0000,0.0000,-0.0000,-0.0000,0.8718,-0.4899,0.0000,0.4899,0.8718),
      ["Head"] = CFrame.new(0.0000,2.0000,0.0000,-1.0000,-0.0000,-0.0000,0.0000,-1.0000,0.0000,-0.0000,0.0000,1.0000),
      ["RightUpperArm"] = CFrame.new(0.0001,0.0000,-0.0000,0.2145,-0.5882,0.7798,0.1586,-0.7668,-0.6220,0.9638,0.2571,-0.0712),
      ["RightLowerArm"] = CFrame.new(0.0000,-0.0001,-0.0000,1.0000,-0.0000,0.0000,0.0000,0.4857,-0.8741,-0.0000,0.8741,0.4857),
      ["RightHand"] = CFrame.new(-0.0000,0.0000,-0.0000,1.0000,-0.0000,0.0000,0.0000,0.8231,-0.5679,0.0000,0.5679,0.8231),
      ["LeftUpperLeg"] = CFrame.new(0.0000,-0.0000,-0.0000,0.8569,0.3316,0.3947,0.0292,0.7332,-0.6794,-0.5146,0.5937,0.6186),
      ["LeftLowerLeg"] = CFrame.new(0.0000,-0.0000,-0.0000,1.0000,-0.0000,0.0000,-0.0000,-0.0343,0.9994,-0.0000,-0.9994,-0.0343),
      ["LeftFoot"] = CFrame.new(0.0000,0.0000,-0.0000,1.0000,-0.0000,0.0000,0.0000,0.9931,-0.1175,-0.0000,0.1175,0.9931),
      ["RightUpperLeg"] = CFrame.new(-0.0000,0.0000,-0.0000,0.8672,-0.4060,-0.2883,0.0997,0.7089,-0.6982,0.4878,0.5768,0.6553),
      ["RightLowerLeg"] = CFrame.new(-0.0001,0.0000,0.0000,1.0000,0.0000,-0.0000,0.0000,-0.0638,0.9980,0.0000,-0.9980,-0.0638),
      ["RightFoot"] = CFrame.new(-0.0000,0.0000,0.0000,1.0000,0.0000,-0.0000,-0.0000,0.9988,-0.0481,0.0000,0.0481,0.9988),
    }},
    {Time = 7.700, Data = {
      ["HumanoidRootPart"] = CFrame.new(0.0000,0.0000,0.0000,1.0000,0.0000,0.0000,0.0000,1.0000,0.0000,0.0000,0.0000,1.0000),
      ["LowerTorso"] = CFrame.new(0.0000,2.0608,0.0000,-0.9965,-0.0835,-0.0000,0.0835,-0.9965,-0.0000,-0.0000,-0.0000,1.0000),
      ["UpperTorso"] = CFrame.new(0.0000,0.0000,0.0000,0.9765,0.2157,0.0000,-0.2157,0.9765,-0.0000,-0.0000,0.0000,1.0000),
      ["LeftUpperArm"] = CFrame.new(0.0000,0.0000,0.0000,0.2427,0.5848,-0.7740,-0.2296,-0.7406,-0.6316,-0.9425,0.3310,-0.0454),
      ["LeftLowerArm"] = CFrame.new(0.0000,-0.0000,0.0000,1.0000,0.0000,-0.0000,-0.0000,0.4115,-0.9114,-0.0000,0.9114,0.4115),
      ["LeftHand"] = CFrame.new(0.0000,0.0000,0.0000,1.0000,0.0000,-0.0000,-0.0000,0.8697,-0.4936,0.0000,0.4936,0.8697),
      ["Head"] = CFrame.new(0.0000,2.0000,0.0000,-1.0000,-0.0000,-0.0000,0.0000,-1.0000,0.0000,-0.0000,0.0000,1.0000),
      ["RightUpperArm"] = CFrame.new(0.0001,0.0000,-0.0000,0.2144,-0.5867,0.7809,0.1586,-0.7680,-0.6205,0.9638,0.2569,-0.0716),
      ["RightLowerArm"] = CFrame.new(0.0000,-0.0001,-0.0000,1.0000,-0.0000,0.0000,0.0000,0.4897,-0.8719,-0.0000,0.8719,0.4897),
      ["RightHand"] = CFrame.new(-0.0000,0.0000,-0.0000,1.0000,-0.0000,0.0000,0.0000,0.8200,-0.5724,0.0000,0.5724,0.8200),
      ["LeftUpperLeg"] = CFrame.new(0.0000,-0.0000,-0.0000,0.8569,0.3321,0.3943,0.0292,0.7324,-0.6803,-0.5147,0.5944,0.6179),
      ["LeftLowerLeg"] = CFrame.new(0.0000,-0.0000,-0.0000,1.0000,-0.0000,0.0000,-0.0000,-0.0406,0.9992,-0.0000,-0.9992,-0.0406),
      ["LeftFoot"] = CFrame.new(0.0000,0.0000,-0.0000,1.0000,-0.0000,0.0000,0.0000,0.9931,-0.1175,-0.0000,0.1175,0.9931),
      ["RightUpperLeg"] = CFrame.new(-0.0000,0.0000,-0.0000,0.8672,-0.4064,-0.2878,0.0997,0.7079,-0.6992,0.4879,0.5776,0.6545),
      ["RightLowerLeg"] = CFrame.new(-0.0001,0.0000,0.0000,1.0000,0.0000,-0.0000,0.0000,-0.0690,0.9976,0.0000,-0.9976,-0.0690),
      ["RightFoot"] = CFrame.new(-0.0000,0.0000,0.0000,1.0000,0.0000,-0.0000,-0.0000,0.9988,-0.0481,0.0000,0.0481,0.9988),
    }},
    {Time = 7.733, Data = {
      ["HumanoidRootPart"] = CFrame.new(0.0000,0.0000,0.0000,1.0000,0.0000,0.0000,0.0000,1.0000,0.0000,0.0000,0.0000,1.0000),
      ["LowerTorso"] = CFrame.new(0.0000,2.0486,0.0000,-0.9964,-0.0843,-0.0000,0.0843,-0.9964,-0.0000,-0.0000,-0.0000,1.0000),
      ["UpperTorso"] = CFrame.new(0.0000,0.0000,0.0000,0.9760,0.2176,0.0000,-0.2176,0.9760,-0.0000,-0.0000,0.0000,1.0000),
      ["LeftUpperArm"] = CFrame.new(0.0000,0.0000,0.0000,0.2425,0.5830,-0.7754,-0.2296,-0.7420,-0.6298,-0.9426,0.3308,-0.0461),
      ["LeftLowerArm"] = CFrame.new(0.0000,-0.0000,0.0000,1.0000,0.0000,-0.0000,-0.0000,0.4151,-0.9098,-0.0000,0.9098,0.4151),
      ["LeftHand"] = CFrame.new(0.0000,0.0000,0.0000,1.0000,0.0000,-0.0000,-0.0000,0.8677,-0.4970,0.0000,0.4970,0.8677),
      ["Head"] = CFrame.new(0.0000,2.0000,0.0000,-1.0000,-0.0000,-0.0000,0.0000,-1.0000,0.0000,-0.0000,0.0000,1.0000),
      ["RightUpperArm"] = CFrame.new(0.0001,0.0000,-0.0000,0.2143,-0.5853,0.7820,0.1587,-0.7691,-0.6191,0.9638,0.2567,-0.0720),
      ["RightLowerArm"] = CFrame.new(0.0000,-0.0001,-0.0000,1.0000,-0.0000,0.0000,0.0000,0.4933,-0.8699,-0.0000,0.8699,0.4933),
      ["RightHand"] = CFrame.new(-0.0000,0.0000,-0.0000,1.0000,-0.0000,0.0000,0.0000,0.8172,-0.5764,0.0000,0.5764,0.8172),
      ["LeftUpperLeg"] = CFrame.new(0.0000,-0.0000,-0.0000,0.8569,0.3325,0.3939,0.0292,0.7316,-0.6811,-0.5147,0.5951,0.6172),
      ["LeftLowerLeg"] = CFrame.new(0.0000,-0.0000,-0.0000,1.0000,-0.0000,0.0000,-0.0000,-0.0465,0.9989,-0.0000,-0.9989,-0.0465),
      ["LeftFoot"] = CFrame.new(0.0000,0.0000,-0.0000,1.0000,-0.0000,0.0000,0.0000,0.9931,-0.1175,-0.0000,0.1175,0.9931),
      ["RightUpperLeg"] = CFrame.new(-0.0000,0.0000,-0.0000,0.8672,-0.4068,-0.2873,0.0998,0.7070,-0.7001,0.4879,0.5785,0.6537),
      ["RightLowerLeg"] = CFrame.new(-0.0001,0.0000,0.0000,1.0000,0.0000,-0.0000,0.0000,-0.0737,0.9973,0.0000,-0.9973,-0.0737),
      ["RightFoot"] = CFrame.new(-0.0000,0.0000,0.0000,1.0000,0.0000,-0.0000,-0.0000,0.9988,-0.0481,0.0000,0.0481,0.9988),
    }},
    {Time = 7.767, Data = {
      ["HumanoidRootPart"] = CFrame.new(0.0000,0.0000,0.0000,1.0000,0.0000,0.0000,0.0000,1.0000,0.0000,0.0000,0.0000,1.0000),
      ["LowerTorso"] = CFrame.new(0.0000,2.0377,0.0000,-0.9964,-0.0849,-0.0000,0.0849,-0.9964,-0.0000,-0.0000,-0.0000,1.0000),
      ["UpperTorso"] = CFrame.new(0.0000,0.0000,0.0000,0.9757,0.2193,0.0000,-0.2193,0.9757,-0.0000,-0.0000,0.0000,1.0000),
      ["LeftUpperArm"] = CFrame.new(0.0000,0.0000,0.0000,0.2424,0.5814,-0.7766,-0.2297,-0.7434,-0.6282,-0.9426,0.3307,-0.0467),
      ["LeftLowerArm"] = CFrame.new(0.0000,-0.0000,0.0000,1.0000,0.0000,-0.0000,-0.0000,0.4183,-0.9083,-0.0000,0.9083,0.4183),
      ["LeftHand"] = CFrame.new(0.0000,0.0000,0.0000,1.0000,0.0000,-0.0000,-0.0000,0.8660,-0.5001,0.0000,0.5001,0.8660),
      ["Head"] = CFrame.new(0.0000,2.0000,0.0000,-1.0000,-0.0000,-0.0000,0.0000,-1.0000,0.0000,-0.0000,0.0000,1.0000),
      ["RightUpperArm"] = CFrame.new(0.0001,0.0000,-0.0000,0.2142,-0.5841,0.7829,0.1587,-0.7701,-0.6179,0.9638,0.2566,-0.0723),
      ["RightLowerArm"] = CFrame.new(0.0000,-0.0001,-0.0000,1.0000,-0.0000,0.0000,0.0000,0.4966,-0.8680,-0.0000,0.8680,0.4966),
      ["RightHand"] = CFrame.new(-0.0000,0.0000,-0.0000,1.0000,-0.0000,0.0000,0.0000,0.8146,-0.5800,0.0000,0.5800,0.8146),
      ["LeftUpperLeg"] = CFrame.new(0.0000,-0.0000,-0.0000,0.8569,0.3329,0.3936,0.0292,0.7310,-0.6818,-0.5147,0.5957,0.6166),
      ["LeftLowerLeg"] = CFrame.new(0.0000,-0.0000,-0.0000,1.0000,-0.0000,0.0000,-0.0000,-0.0517,0.9987,-0.0000,-0.9987,-0.0517),
      ["LeftFoot"] = CFrame.new(0.0000,0.0000,-0.0000,1.0000,-0.0000,0.0000,0.0000,0.9931,-0.1175,-0.0000,0.1175,0.9931),
      ["RightUpperLeg"] = CFrame.new(-0.0000,0.0000,-0.0000,0.8672,-0.4071,-0.2868,0.0998,0.7062,-0.7009,0.4879,0.5792,0.6530),
      ["RightLowerLeg"] = CFrame.new(-0.0001,0.0000,0.0000,1.0000,0.0000,-0.0000,0.0000,-0.0779,0.9970,0.0000,-0.9970,-0.0779),
      ["RightFoot"] = CFrame.new(-0.0000,0.0000,0.0000,1.0000,0.0000,-0.0000,-0.0000,0.9988,-0.0481,0.0000,0.0481,0.9988),
    }},
    {Time = 7.800, Data = {
      ["HumanoidRootPart"] = CFrame.new(0.0000,0.0000,0.0000,1.0000,0.0000,0.0000,0.0000,1.0000,0.0000,0.0000,0.0000,1.0000),
      ["LowerTorso"] = CFrame.new(0.0000,2.0280,0.0000,-0.9963,-0.0855,-0.0000,0.0855,-0.9963,-0.0000,-0.0000,-0.0000,1.0000),
      ["UpperTorso"] = CFrame.new(0.0000,0.0000,0.0000,0.9753,0.2207,0.0000,-0.2207,0.9753,-0.0000,-0.0000,0.0000,1.0000),
      ["LeftUpperArm"] = CFrame.new(0.0000,0.0000,0.0000,0.2423,0.5800,-0.7777,-0.2297,-0.7445,-0.6268,-0.9426,0.3305,-0.0471),
      ["LeftLowerArm"] = CFrame.new(0.0000,-0.0000,0.0000,1.0000,0.0000,-0.0000,-0.0000,0.4211,-0.9070,-0.0000,0.9070,0.4211),
      ["LeftHand"] = CFrame.new(0.0000,0.0000,0.0000,1.0000,0.0000,-0.0000,-0.0000,0.8644,-0.5028,0.0000,0.5028,0.8644),
      ["Head"] = CFrame.new(0.0000,2.0000,0.0000,-1.0000,-0.0000,-0.0000,0.0000,-1.0000,0.0000,-0.0000,0.0000,1.0000),
      ["RightUpperArm"] = CFrame.new(0.0001,0.0000,-0.0000,0.2142,-0.5829,0.7838,0.1587,-0.7710,-0.6168,0.9638,0.2565,-0.0726),
      ["RightLowerArm"] = CFrame.new(0.0000,-0.0001,-0.0000,1.0000,-0.0000,0.0000,0.0000,0.4994,-0.8664,-0.0000,0.8664,0.4994),
      ["RightHand"] = CFrame.new(-0.0000,0.0000,-0.0000,1.0000,-0.0000,0.0000,0.0000,0.8124,-0.5831,0.0000,0.5831,0.8124),
      ["LeftUpperLeg"] = CFrame.new(0.0000,-0.0000,-0.0000,0.8569,0.3333,0.3934,0.0292,0.7304,-0.6824,-0.5147,0.5962,0.6161),
      ["LeftLowerLeg"] = CFrame.new(0.0000,-0.0000,-0.0000,1.0000,-0.0000,0.0000,-0.0000,-0.0563,0.9984,-0.0000,-0.9984,-0.0563),
      ["LeftFoot"] = CFrame.new(0.0000,0.0000,-0.0000,1.0000,-0.0000,0.0000,0.0000,0.9931,-0.1175,-0.0000,0.1175,0.9931),
      ["RightUpperLeg"] = CFrame.new(-0.0000,0.0000,-0.0000,0.8672,-0.4074,-0.2864,0.0998,0.7055,-0.7016,0.4879,0.5799,0.6524),
      ["RightLowerLeg"] = CFrame.new(-0.0001,0.0000,0.0000,1.0000,0.0000,-0.0000,0.0000,-0.0817,0.9967,0.0000,-0.9967,-0.0817),
      ["RightFoot"] = CFrame.new(-0.0000,0.0000,0.0000,1.0000,0.0000,-0.0000,-0.0000,0.9988,-0.0481,0.0000,0.0481,0.9988),
    }},
    {Time = 7.833, Data = {
      ["HumanoidRootPart"] = CFrame.new(0.0000,0.0000,0.0000,1.0000,0.0000,0.0000,0.0000,1.0000,0.0000,0.0000,0.0000,1.0000),
      ["LowerTorso"] = CFrame.new(0.0000,2.0197,0.0000,-0.9963,-0.0860,-0.0000,0.0860,-0.9963,-0.0000,-0.0000,-0.0000,1.0000),
      ["UpperTorso"] = CFrame.new(0.0000,0.0000,0.0000,0.9750,0.2220,0.0000,-0.2220,0.9750,-0.0000,-0.0000,0.0000,1.0000),
      ["LeftUpperArm"] = CFrame.new(0.0000,0.0000,0.0000,0.2422,0.5788,-0.7787,-0.2298,-0.7456,-0.6256,-0.9426,0.3304,-0.0476),
      ["LeftLowerArm"] = CFrame.new(0.0000,-0.0000,0.0000,1.0000,0.0000,-0.0000,-0.0000,0.4236,-0.9059,-0.0000,0.9059,0.4236),
      ["LeftHand"] = CFrame.new(0.0000,0.0000,0.0000,1.0000,0.0000,-0.0000,-0.0000,0.8630,-0.5051,0.0000,0.5051,0.8630),
      ["Head"] = CFrame.new(0.0000,2.0000,0.0000,-1.0000,-0.0000,-0.0000,0.0000,-1.0000,0.0000,-0.0000,0.0000,1.0000),
      ["RightUpperArm"] = CFrame.new(0.0001,0.0000,-0.0000,0.2141,-0.5820,0.7845,0.1587,-0.7717,-0.6158,0.9638,0.2564,-0.0728),
      ["RightLowerArm"] = CFrame.new(0.0000,-0.0001,-0.0000,1.0000,-0.0000,0.0000,0.0000,0.5019,-0.8649,-0.0000,0.8649,0.5019),
      ["RightHand"] = CFrame.new(-0.0000,0.0000,-0.0000,1.0000,-0.0000,0.0000,0.0000,0.8104,-0.5859,0.0000,0.5859,0.8104),
      ["LeftUpperLeg"] = CFrame.new(0.0000,-0.0000,-0.0000,0.8569,0.3336,0.3931,0.0292,0.7299,-0.6830,-0.5147,0.5967,0.6156),
      ["LeftLowerLeg"] = CFrame.new(0.0000,-0.0000,-0.0000,1.0000,-0.0000,0.0000,-0.0000,-0.0602,0.9982,-0.0000,-0.9982,-0.0602),
      ["LeftFoot"] = CFrame.new(0.0000,0.0000,-0.0000,1.0000,-0.0000,0.0000,0.0000,0.9931,-0.1175,-0.0000,0.1175,0.9931),
      ["RightUpperLeg"] = CFrame.new(-0.0000,0.0000,-0.0000,0.8672,-0.4077,-0.2861,0.0998,0.7049,-0.7022,0.4880,0.5804,0.6519),
      ["RightLowerLeg"] = CFrame.new(-0.0001,0.0000,0.0000,1.0000,0.0000,-0.0000,0.0000,-0.0849,0.9964,0.0000,-0.9964,-0.0849),
      ["RightFoot"] = CFrame.new(-0.0000,0.0000,0.0000,1.0000,0.0000,-0.0000,-0.0000,0.9988,-0.0481,0.0000,0.0481,0.9988),
    }},
    {Time = 7.867, Data = {
      ["HumanoidRootPart"] = CFrame.new(0.0000,0.0000,0.0000,1.0000,0.0000,0.0000,0.0000,1.0000,0.0000,0.0000,0.0000,1.0000),
      ["LowerTorso"] = CFrame.new(0.0000,2.0127,0.0000,-0.9963,-0.0864,-0.0000,0.0864,-0.9963,-0.0000,-0.0000,-0.0000,1.0000),
      ["UpperTorso"] = CFrame.new(0.0000,0.0000,0.0000,0.9748,0.2231,0.0000,-0.2231,0.9748,-0.0000,-0.0000,0.0000,1.0000),
      ["LeftUpperArm"] = CFrame.new(0.0000,0.0000,0.0000,0.2421,0.5777,-0.7795,-0.2298,-0.7464,-0.6246,-0.9427,0.3303,-0.0479),
      ["LeftLowerArm"] = CFrame.new(0.0000,-0.0000,0.0000,1.0000,0.0000,-0.0000,-0.0000,0.4256,-0.9049,-0.0000,0.9049,0.4256),
      ["LeftHand"] = CFrame.new(0.0000,0.0000,0.0000,1.0000,0.0000,-0.0000,-0.0000,0.8619,-0.5071,0.0000,0.5071,0.8619),
      ["Head"] = CFrame.new(0.0000,2.0000,0.0000,-1.0000,-0.0000,-0.0000,0.0000,-1.0000,0.0000,-0.0000,0.0000,1.0000),
      ["RightUpperArm"] = CFrame.new(0.0001,0.0000,-0.0000,0.2140,-0.5812,0.7851,0.1587,-0.7723,-0.6150,0.9638,0.2563,-0.0731),
      ["RightLowerArm"] = CFrame.new(0.0000,-0.0001,-0.0000,1.0000,-0.0000,0.0000,0.0000,0.5039,-0.8637,-0.0000,0.8637,0.5039),
      ["RightHand"] = CFrame.new(-0.0000,0.0000,-0.0000,1.0000,-0.0000,0.0000,0.0000,0.8088,-0.5881,0.0000,0.5881,0.8088),
      ["LeftUpperLeg"] = CFrame.new(0.0000,-0.0000,-0.0000,0.8568,0.3338,0.3929,0.0292,0.7294,-0.6834,-0.5147,0.5971,0.6153),
      ["LeftLowerLeg"] = CFrame.new(0.0000,-0.0000,-0.0000,1.0000,-0.0000,0.0000,-0.0000,-0.0636,0.9980,-0.0000,-0.9980,-0.0636),
      ["LeftFoot"] = CFrame.new(0.0000,0.0000,-0.0000,1.0000,-0.0000,0.0000,0.0000,0.9931,-0.1175,-0.0000,0.1175,0.9931),
      ["RightUpperLeg"] = CFrame.new(-0.0000,0.0000,-0.0000,0.8671,-0.4079,-0.2858,0.0998,0.7044,-0.7028,0.4880,0.5809,0.6515),
      ["RightLowerLeg"] = CFrame.new(-0.0001,0.0000,0.0000,1.0000,0.0000,-0.0000,0.0000,-0.0876,0.9962,0.0000,-0.9962,-0.0876),
      ["RightFoot"] = CFrame.new(-0.0000,0.0000,0.0000,1.0000,0.0000,-0.0000,-0.0000,0.9988,-0.0481,0.0000,0.0481,0.9988),
    }},
    {Time = 7.900, Data = {
      ["HumanoidRootPart"] = CFrame.new(0.0000,0.0000,0.0000,1.0000,0.0000,0.0000,0.0000,1.0000,0.0000,0.0000,0.0000,1.0000),
      ["LowerTorso"] = CFrame.new(0.0000,2.0073,0.0000,-0.9962,-0.0867,-0.0000,0.0867,-0.9962,-0.0000,-0.0000,-0.0000,1.0000),
      ["UpperTorso"] = CFrame.new(0.0000,0.0000,0.0000,0.9746,0.2239,0.0000,-0.2239,0.9746,-0.0000,-0.0000,0.0000,1.0000),
      ["LeftUpperArm"] = CFrame.new(0.0000,0.0000,0.0000,0.2420,0.5769,-0.7801,-0.2298,-0.7471,-0.6238,-0.9427,0.3302,-0.0482),
      ["LeftLowerArm"] = CFrame.new(0.0000,-0.0000,0.0000,1.0000,0.0000,-0.0000,-0.0000,0.4272,-0.9042,-0.0000,0.9042,0.4272),
      ["LeftHand"] = CFrame.new(0.0000,0.0000,0.0000,1.0000,0.0000,-0.0000,-0.0000,0.8610,-0.5086,0.0000,0.5086,0.8610),
      ["Head"] = CFrame.new(0.0000,2.0000,0.0000,-1.0000,-0.0000,-0.0000,0.0000,-1.0000,0.0000,-0.0000,0.0000,1.0000),
      ["RightUpperArm"] = CFrame.new(0.0001,0.0000,-0.0000,0.2140,-0.5806,0.7856,0.1587,-0.7728,-0.6144,0.9638,0.2562,-0.0732),
      ["RightLowerArm"] = CFrame.new(0.0000,-0.0001,-0.0000,1.0000,-0.0000,0.0000,0.0000,0.5056,-0.8628,-0.0000,0.8628,0.5056),
      ["RightHand"] = CFrame.new(-0.0000,0.0000,-0.0000,1.0000,-0.0000,0.0000,0.0000,0.8075,-0.5899,0.0000,0.5899,0.8075),
      ["LeftUpperLeg"] = CFrame.new(0.0000,-0.0000,-0.0000,0.8568,0.3340,0.3928,0.0292,0.7291,-0.6838,-0.5148,0.5974,0.6150),
      ["LeftLowerLeg"] = CFrame.new(0.0000,-0.0000,-0.0000,1.0000,-0.0000,0.0000,-0.0000,-0.0662,0.9978,-0.0000,-0.9978,-0.0662),
      ["LeftFoot"] = CFrame.new(0.0000,0.0000,-0.0000,1.0000,-0.0000,0.0000,0.0000,0.9931,-0.1175,-0.0000,0.1175,0.9931),
      ["RightUpperLeg"] = CFrame.new(-0.0000,0.0000,-0.0000,0.8671,-0.4081,-0.2856,0.0998,0.7040,-0.7032,0.4880,0.5812,0.6512),
      ["RightLowerLeg"] = CFrame.new(-0.0001,0.0000,0.0000,1.0000,0.0000,-0.0000,0.0000,-0.0897,0.9960,0.0000,-0.9960,-0.0897),
      ["RightFoot"] = CFrame.new(-0.0000,0.0000,0.0000,1.0000,0.0000,-0.0000,-0.0000,0.9988,-0.0481,0.0000,0.0481,0.9988),
    }},
    {Time = 7.933, Data = {
      ["HumanoidRootPart"] = CFrame.new(0.0000,0.0000,0.0000,1.0000,0.0000,0.0000,0.0000,1.0000,0.0000,0.0000,0.0000,1.0000),
      ["LowerTorso"] = CFrame.new(0.0000,2.0033,0.0000,-0.9962,-0.0870,-0.0000,0.0870,-0.9962,-0.0000,-0.0000,-0.0000,1.0000),
      ["UpperTorso"] = CFrame.new(0.0000,0.0000,0.0000,0.9745,0.2245,0.0000,-0.2245,0.9745,-0.0000,-0.0000,0.0000,1.0000),
      ["LeftUpperArm"] = CFrame.new(0.0000,0.0000,0.0000,0.2420,0.5763,-0.7806,-0.2298,-0.7475,-0.6232,-0.9427,0.3302,-0.0484),
      ["LeftLowerArm"] = CFrame.new(0.0000,-0.0000,0.0000,1.0000,0.0000,-0.0000,-0.0000,0.4284,-0.9036,-0.0000,0.9036,0.4284),
      ["LeftHand"] = CFrame.new(0.0000,0.0000,0.0000,1.0000,0.0000,-0.0000,-0.0000,0.8603,-0.5097,0.0000,0.5097,0.8603),
      ["Head"] = CFrame.new(0.0000,2.0000,0.0000,-1.0000,-0.0000,-0.0000,0.0000,-1.0000,-0.0000,-0.0000,-0.0000,1.0000),
      ["RightUpperArm"] = CFrame.new(0.0001,0.0000,-0.0000,0.2140,-0.5801,0.7859,0.1588,-0.7732,-0.6140,0.9639,0.2561,-0.0733),
      ["RightLowerArm"] = CFrame.new(0.0000,-0.0001,-0.0000,1.0000,-0.0000,0.0000,0.0000,0.5067,-0.8621,-0.0000,0.8621,0.5067),
      ["RightHand"] = CFrame.new(-0.0000,0.0000,-0.0000,1.0000,-0.0000,0.0000,0.0000,0.8065,-0.5912,0.0000,0.5912,0.8065),
      ["LeftUpperLeg"] = CFrame.new(0.0000,-0.0000,-0.0000,0.8568,0.3342,0.3926,0.0292,0.7289,-0.6840,-0.5148,0.5976,0.6147),
      ["LeftLowerLeg"] = CFrame.new(0.0000,-0.0000,-0.0000,1.0000,-0.0000,0.0000,-0.0000,-0.0681,0.9977,-0.0000,-0.9977,-0.0681),
      ["LeftFoot"] = CFrame.new(0.0000,0.0000,-0.0000,1.0000,-0.0000,0.0000,0.0000,0.9931,-0.1175,-0.0000,0.1175,0.9931),
      ["RightUpperLeg"] = CFrame.new(-0.0000,0.0000,-0.0000,0.8671,-0.4082,-0.2854,0.0998,0.7037,-0.7035,0.4880,0.5815,0.6509),
      ["RightLowerLeg"] = CFrame.new(-0.0001,0.0000,0.0000,1.0000,0.0000,-0.0000,0.0000,-0.0913,0.9958,0.0000,-0.9958,-0.0913),
      ["RightFoot"] = CFrame.new(-0.0000,0.0000,0.0000,1.0000,0.0000,-0.0000,-0.0000,0.9988,-0.0481,0.0000,0.0481,0.9988),
    }},
    {Time = 7.967, Data = {
      ["HumanoidRootPart"] = CFrame.new(0.0000,0.0000,0.0000,1.0000,0.0000,0.0000,0.0000,1.0000,0.0000,0.0000,0.0000,1.0000),
      ["LowerTorso"] = CFrame.new(0.0000,2.0008,0.0000,-0.9962,-0.0871,-0.0000,0.0871,-0.9962,-0.0000,-0.0000,-0.0000,1.0000),
      ["UpperTorso"] = CFrame.new(0.0000,0.0000,0.0000,0.9744,0.2248,0.0000,-0.2248,0.9744,-0.0000,-0.0000,0.0000,1.0000),
      ["LeftUpperArm"] = CFrame.new(0.0000,0.0000,0.0000,0.2419,0.5760,-0.7808,-0.2298,-0.7478,-0.6228,-0.9427,0.3301,-0.0485),
      ["LeftLowerArm"] = CFrame.new(0.0000,-0.0000,0.0000,1.0000,0.0000,-0.0000,-0.0000,0.4291,-0.9033,-0.0000,0.9033,0.4291),
      ["LeftHand"] = CFrame.new(0.0000,0.0000,0.0000,1.0000,0.0000,-0.0000,-0.0000,0.8599,-0.5104,0.0000,0.5104,0.8599),
      ["Head"] = CFrame.new(0.0000,2.0000,0.0000,-1.0000,-0.0000,-0.0000,0.0000,-1.0000,-0.0000,-0.0000,-0.0000,1.0000),
      ["RightUpperArm"] = CFrame.new(0.0001,0.0000,-0.0000,0.2140,-0.5798,0.7861,0.1588,-0.7734,-0.6137,0.9639,0.2561,-0.0734),
      ["RightLowerArm"] = CFrame.new(0.0000,-0.0001,-0.0000,1.0000,-0.0000,0.0000,0.0000,0.5075,-0.8617,-0.0000,0.8617,0.5075),
      ["RightHand"] = CFrame.new(-0.0000,0.0000,-0.0000,1.0000,-0.0000,0.0000,0.0000,0.8059,-0.5920,0.0000,0.5920,0.8059),
      ["LeftUpperLeg"] = CFrame.new(0.0000,-0.0000,-0.0000,0.8568,0.3342,0.3926,0.0292,0.7287,-0.6842,-0.5148,0.5977,0.6146),
      ["LeftLowerLeg"] = CFrame.new(0.0000,-0.0000,-0.0000,1.0000,-0.0000,0.0000,-0.0000,-0.0692,0.9976,-0.0000,-0.9976,-0.0692),
      ["LeftFoot"] = CFrame.new(0.0000,0.0000,-0.0000,1.0000,-0.0000,0.0000,0.0000,0.9931,-0.1175,-0.0000,0.1175,0.9931),
      ["RightUpperLeg"] = CFrame.new(-0.0000,0.0000,-0.0000,0.8671,-0.4083,-0.2853,0.0998,0.7035,-0.7036,0.4880,0.5817,0.6508),
      ["RightLowerLeg"] = CFrame.new(-0.0001,0.0000,0.0000,1.0000,0.0000,-0.0000,0.0000,-0.0922,0.9957,0.0000,-0.9957,-0.0922),
      ["RightFoot"] = CFrame.new(-0.0000,0.0000,0.0000,1.0000,0.0000,-0.0000,-0.0000,0.9988,-0.0481,0.0000,0.0481,0.9988),
    }},
    {Time = 8.000, Data = {
      ["HumanoidRootPart"] = CFrame.new(0.0000,0.0000,0.0000,1.0000,0.0000,0.0000,0.0000,1.0000,0.0000,0.0000,0.0000,1.0000),
      ["LowerTorso"] = CFrame.new(0.0000,2.0000,0.0000,-0.9962,-0.0872,-0.0000,0.0872,-0.9962,-0.0000,-0.0000,-0.0000,1.0000),
      ["UpperTorso"] = CFrame.new(0.0000,0.0000,0.0000,0.9744,0.2250,0.0000,-0.2250,0.9744,-0.0000,-0.0000,0.0000,1.0000),
      ["LeftUpperArm"] = CFrame.new(0.0000,0.0000,0.0000,0.2419,0.5759,-0.7809,-0.2298,-0.7479,-0.6227,-0.9427,0.3301,-0.0486),
      ["LeftLowerArm"] = CFrame.new(0.0000,0.0000,0.0000,1.0000,0.0000,-0.0000,-0.0000,0.4293,-0.9032,-0.0000,0.9032,0.4293),
      ["LeftHand"] = CFrame.new(0.0000,0.0000,0.0000,1.0000,0.0000,-0.0000,-0.0000,0.8598,-0.5106,0.0000,0.5106,0.8598),
      ["Head"] = CFrame.new(0.0000,2.0000,0.0000,-1.0000,-0.0000,-0.0000,0.0000,-1.0000,-0.0000,-0.0000,-0.0000,1.0000),
      ["RightUpperArm"] = CFrame.new(0.0001,0.0000,-0.0000,0.2139,-0.5798,0.7862,0.1588,-0.7735,-0.6136,0.9639,0.2561,-0.0734),
      ["RightLowerArm"] = CFrame.new(0.0000,-0.0001,0.0000,1.0000,-0.0000,0.0000,0.0000,0.5077,-0.8615,-0.0000,0.8615,0.5077),
      ["RightHand"] = CFrame.new(-0.0000,0.0000,-0.0000,1.0000,-0.0000,0.0000,0.0000,0.8057,-0.5923,0.0000,0.5923,0.8057),
      ["LeftUpperLeg"] = CFrame.new(0.0000,-0.0000,-0.0000,0.8568,0.3343,0.3926,0.0292,0.7287,-0.6843,-0.5148,0.5978,0.6146),
      ["LeftLowerLeg"] = CFrame.new(0.0000,-0.0000,-0.0000,1.0000,-0.0000,0.0000,-0.0000,-0.0696,0.9976,-0.0000,-0.9976,-0.0696),
      ["LeftFoot"] = CFrame.new(0.0000,0.0000,-0.0000,1.0000,-0.0000,0.0000,0.0000,0.9931,-0.1175,-0.0000,0.1175,0.9931),
      ["RightUpperLeg"] = CFrame.new(-0.0000,0.0000,-0.0000,0.8671,-0.4083,-0.2853,0.0998,0.7035,-0.7037,0.4880,0.5817,0.6507),
      ["RightLowerLeg"] = CFrame.new(-0.0001,0.0000,0.0000,1.0000,0.0000,-0.0000,0.0000,-0.0925,0.9957,0.0000,-0.9957,-0.0925),
      ["RightFoot"] = CFrame.new(-0.0000,0.0000,0.0000,1.0000,0.0000,-0.0000,-0.0000,0.9988,-0.0481,0.0000,0.0481,0.9988),
    }},
  }
}
