return {
  ["80820123357408"] = {
    {Time = 0.000, Data = {
      ["HumanoidRootPart"] = CFrame.new(0.0000,0.0000,0.0000,1.0000,0.0000,0.0000,0.0000,1.0000,0.0000,0.0000,0.0000,1.0000),
      ["LowerTorso"] = CFrame.new(0.0000,-0.8693,0.0000,1.0000,-0.0000,0.0000,0.0000,0.9331,0.3597,-0.0000,-0.3597,0.9331),
      ["UpperTorso"] = CFrame.new(0.0000,0.0000,0.0000,0.9431,-0.1547,0.2943,0.1155,0.9824,0.1465,-0.3118,-0.1042,0.9444),
      ["LeftUpperArm"] = CFrame.new(0.2042,-0.0519,0.0066,0.8735,-0.0076,-0.4867,-0.1329,0.9582,-0.2535,0.4683,0.2861,0.8360),
      ["LeftLowerArm"] = CFrame.new(-0.0005,-0.0001,0.0033,1.0000,-0.0000,0.0000,0.0000,0.6632,-0.7484,0.0000,0.7484,0.6632),
      ["LeftHand"] = CFrame.new(0.0000,0.0000,0.0000,0.9733,-0.2281,0.0262,0.2283,0.9736,-0.0059,-0.0242,0.0117,0.9996),
      ["Head"] = CFrame.new(0.0000,0.0000,0.0000,0.9431,0.1870,-0.2749,-0.1547,0.9787,0.1349,0.2943,-0.0847,0.9519),
      ["RightUpperArm"] = CFrame.new(-0.0197,-0.1356,0.0353,0.9129,-0.0739,-0.4014,0.2105,0.9278,0.3079,0.3496,-0.3656,0.8626),
      ["RightLowerArm"] = CFrame.new(0.0000,0.0000,0.0033,1.0000,-0.0000,0.0000,0.0000,0.8234,-0.5675,0.0000,0.5675,0.8234),
      ["RightHand"] = CFrame.new(0.0000,0.0000,0.0000,0.9971,-0.0181,0.0739,0.0113,0.9959,0.0902,-0.0752,-0.0891,0.9932),
      ["LeftUpperLeg"] = CFrame.new(0.0000,0.0000,0.0000,0.9680,0.2477,-0.0410,0.0253,-0.2588,-0.9656,-0.2498,0.9336,-0.2568),
      ["LeftLowerLeg"] = CFrame.new(0.0000,0.0002,-0.0029,1.0000,-0.0000,0.0000,0.0000,0.4773,0.8787,-0.0000,-0.8787,0.4773),
      ["LeftFoot"] = CFrame.new(0.0000,-0.0002,0.0000,0.9960,-0.0836,-0.0318,0.0895,0.9341,0.3457,0.0008,-0.3472,0.9378),
      ["RightUpperLeg"] = CFrame.new(-0.0406,0.3538,-0.3112,0.9356,-0.2958,-0.1929,0.1428,0.8166,-0.5593,0.3229,0.4957,0.8062),
      ["RightLowerLeg"] = CFrame.new(0.0000,0.0000,-0.0030,1.0000,-0.0000,0.0000,0.0000,0.1561,0.9877,-0.0000,-0.9877,0.1561),
      ["RightFoot"] = CFrame.new(0.0000,0.0000,0.0000,0.9596,0.2628,0.1001,-0.0386,0.4758,-0.8787,-0.2785,0.8394,0.4667),
    }},
    {Time = 0.033, Data = {
      ["HumanoidRootPart"] = CFrame.new(0.0000,0.0000,0.0000,1.0000,0.0000,0.0000,0.0000,1.0000,0.0000,0.0000,0.0000,1.0000),
      ["LowerTorso"] = CFrame.new(0.0000,-0.8697,0.0000,1.0000,-0.0000,0.0000,0.0000,0.9331,0.3597,-0.0000,-0.3597,0.9331),
      ["UpperTorso"] = CFrame.new(0.0000,0.0000,0.0000,0.9431,-0.1547,0.2943,0.1155,0.9824,0.1465,-0.3118,-0.1042,0.9444),
      ["LeftUpperArm"] = CFrame.new(0.2042,-0.0518,0.0067,0.8735,-0.0076,-0.4868,-0.1328,0.9583,-0.2532,0.4684,0.2858,0.8360),
      ["LeftLowerArm"] = CFrame.new(-0.0005,-0.0001,0.0033,1.0000,-0.0000,0.0000,0.0000,0.6628,-0.7488,0.0000,0.7488,0.6628),
      ["LeftHand"] = CFrame.new(0.0000,0.0000,0.0000,0.9733,-0.2280,0.0252,0.2282,0.9736,-0.0058,-0.0232,0.0114,0.9997),
      ["Head"] = CFrame.new(0.0000,0.0000,0.0000,0.9431,0.1858,-0.2758,-0.1547,0.9793,0.1305,0.2943,-0.0804,0.9523),
      ["RightUpperArm"] = CFrame.new(-0.0197,-0.1355,0.0353,0.9130,-0.0756,-0.4009,0.2103,0.9292,0.3038,0.3495,-0.3617,0.8643),
      ["RightLowerArm"] = CFrame.new(0.0000,0.0000,0.0033,1.0000,-0.0000,0.0000,0.0000,0.8370,-0.5472,0.0000,0.5472,0.8370),
      ["RightHand"] = CFrame.new(0.0000,0.0000,0.0000,0.9971,-0.0176,0.0741,0.0108,0.9958,0.0912,-0.0754,-0.0901,0.9931),
      ["LeftUpperLeg"] = CFrame.new(0.0000,0.0000,0.0000,0.9680,0.2477,-0.0411,0.0253,-0.2593,-0.9655,-0.2498,0.9335,-0.2572),
      ["LeftLowerLeg"] = CFrame.new(0.0000,0.0002,-0.0029,1.0000,-0.0000,0.0000,0.0000,0.4769,0.8790,-0.0000,-0.8790,0.4769),
      ["LeftFoot"] = CFrame.new(0.0000,-0.0002,0.0000,0.9960,-0.0837,-0.0318,0.0895,0.9340,0.3457,0.0008,-0.3472,0.9378),
      ["RightUpperLeg"] = CFrame.new(-0.0406,0.3538,-0.3112,0.9356,-0.2959,-0.1929,0.1429,0.8165,-0.5594,0.3230,0.4958,0.8061),
      ["RightLowerLeg"] = CFrame.new(0.0000,0.0000,-0.0030,1.0000,-0.0000,0.0000,0.0000,0.1556,0.9878,-0.0000,-0.9878,0.1556),
      ["RightFoot"] = CFrame.new(0.0000,0.0000,0.0000,0.9596,0.2629,0.1002,-0.0385,0.4755,-0.8789,-0.2786,0.8395,0.4664),
    }},
    {Time = 0.067, Data = {
      ["HumanoidRootPart"] = CFrame.new(0.0000,0.0000,0.0000,1.0000,0.0000,0.0000,0.0000,1.0000,0.0000,0.0000,0.0000,1.0000),
      ["LowerTorso"] = CFrame.new(0.0000,-0.8703,0.0000,1.0000,-0.0000,0.0000,0.0000,0.9331,0.3597,-0.0000,-0.3597,0.9331),
      ["UpperTorso"] = CFrame.new(0.0000,0.0000,0.0000,0.9431,-0.1547,0.2943,0.1155,0.9824,0.1465,-0.3118,-0.1042,0.9444),
      ["LeftUpperArm"] = CFrame.new(0.2042,-0.0517,0.0068,0.8734,-0.0077,-0.4869,-0.1324,0.9584,-0.2528,0.4686,0.2852,0.8361),
      ["LeftLowerArm"] = CFrame.new(-0.0005,-0.0001,0.0033,1.0000,-0.0000,0.0000,0.0000,0.6618,-0.7497,0.0000,0.7497,0.6618),
      ["LeftHand"] = CFrame.new(0.0000,0.0000,0.0000,0.9734,-0.2279,0.0232,0.2281,0.9736,-0.0055,-0.0214,0.0107,0.9997),
      ["Head"] = CFrame.new(0.0000,0.0000,0.0000,0.9431,0.1846,-0.2766,-0.1547,0.9799,0.1262,0.2943,-0.0762,0.9527),
      ["RightUpperArm"] = CFrame.new(-0.0196,-0.1355,0.0353,0.9131,-0.0767,-0.4005,0.2102,0.9302,0.3010,0.3495,-0.3590,0.8654),
      ["RightLowerArm"] = CFrame.new(0.0000,0.0000,0.0033,1.0000,-0.0000,0.0000,0.0000,0.8482,-0.5296,0.0000,0.5296,0.8482),
      ["RightHand"] = CFrame.new(0.0000,0.0000,0.0000,0.9971,-0.0167,0.0744,0.0097,0.9956,0.0931,-0.0757,-0.0921,0.9929),
      ["LeftUpperLeg"] = CFrame.new(0.0000,0.0000,0.0000,0.9680,0.2477,-0.0414,0.0253,-0.2601,-0.9652,-0.2498,0.9333,-0.2581),
      ["LeftLowerLeg"] = CFrame.new(0.0000,0.0002,-0.0029,1.0000,-0.0000,0.0000,0.0000,0.4760,0.8794,-0.0000,-0.8794,0.4760),
      ["LeftFoot"] = CFrame.new(0.0000,-0.0002,0.0000,0.9960,-0.0837,-0.0318,0.0895,0.9340,0.3458,0.0008,-0.3472,0.9378),
      ["RightUpperLeg"] = CFrame.new(-0.0406,0.3538,-0.3112,0.9355,-0.2961,-0.1928,0.1430,0.8163,-0.5596,0.3231,0.4960,0.8060),
      ["RightLowerLeg"] = CFrame.new(0.0000,0.0000,-0.0030,1.0000,-0.0000,0.0000,0.0000,0.1548,0.9880,-0.0000,-0.9880,0.1548),
      ["RightFoot"] = CFrame.new(0.0000,0.0000,0.0000,0.9596,0.2630,0.1002,-0.0384,0.4750,-0.8792,-0.2788,0.8398,0.4659),
    }},
    {Time = 0.100, Data = {
      ["HumanoidRootPart"] = CFrame.new(0.0000,0.0000,0.0000,1.0000,0.0000,0.0000,0.0000,1.0000,0.0000,0.0000,0.0000,1.0000),
      ["LowerTorso"] = CFrame.new(0.0000,-0.8712,0.0000,1.0000,-0.0000,0.0000,0.0000,0.9331,0.3597,-0.0000,-0.3597,0.9331),
      ["UpperTorso"] = CFrame.new(0.0000,0.0000,0.0000,0.9431,-0.1547,0.2943,0.1155,0.9824,0.1465,-0.3118,-0.1042,0.9444),
      ["LeftUpperArm"] = CFrame.new(0.2042,-0.0514,0.0069,0.8734,-0.0079,-0.4870,-0.1319,0.9587,-0.2521,0.4689,0.2844,0.8362),
      ["LeftLowerArm"] = CFrame.new(-0.0005,-0.0001,0.0033,1.0000,-0.0000,0.0000,0.0000,0.6604,-0.7509,0.0000,0.7509,0.6604),
      ["LeftHand"] = CFrame.new(0.0000,0.0000,0.0000,0.9735,-0.2278,0.0204,0.2279,0.9737,-0.0051,-0.0187,0.0096,0.9998),
      ["Head"] = CFrame.new(0.0000,0.0000,0.0000,0.9431,0.1833,-0.2774,-0.1547,0.9804,0.1218,0.2943,-0.0720,0.9530),
      ["RightUpperArm"] = CFrame.new(-0.0196,-0.1355,0.0353,0.9130,-0.0773,-0.4004,0.2102,0.9306,0.2995,0.3495,-0.3577,0.8660),
      ["RightLowerArm"] = CFrame.new(0.0000,0.0000,0.0033,1.0000,-0.0000,0.0000,0.0000,0.8573,-0.5149,0.0000,0.5149,0.8573),
      ["RightHand"] = CFrame.new(0.0000,0.0000,0.0000,0.9971,-0.0154,0.0750,0.0082,0.9954,0.0959,-0.0761,-0.0950,0.9926),
      ["LeftUpperLeg"] = CFrame.new(0.0000,0.0000,0.0000,0.9680,0.2476,-0.0418,0.0252,-0.2614,-0.9649,-0.2499,0.9329,-0.2592),
      ["LeftLowerLeg"] = CFrame.new(0.0000,0.0002,-0.0029,1.0000,-0.0000,0.0000,0.0000,0.4748,0.8801,-0.0000,-0.8801,0.4748),
      ["LeftFoot"] = CFrame.new(0.0000,-0.0002,0.0000,0.9960,-0.0837,-0.0319,0.0896,0.9340,0.3458,0.0008,-0.3473,0.9378),
      ["RightUpperLeg"] = CFrame.new(-0.0406,0.3538,-0.3112,0.9354,-0.2964,-0.1927,0.1432,0.8160,-0.5600,0.3232,0.4962,0.8058),
      ["RightLowerLeg"] = CFrame.new(0.0000,0.0000,-0.0030,1.0000,-0.0000,0.0000,0.0000,0.1534,0.9882,-0.0000,-0.9882,0.1534),
      ["RightFoot"] = CFrame.new(0.0000,0.0000,0.0000,0.9595,0.2632,0.1003,-0.0382,0.4742,-0.8796,-0.2791,0.8402,0.4650),
    }},
    {Time = 0.133, Data = {
      ["HumanoidRootPart"] = CFrame.new(0.0000,0.0000,0.0000,1.0000,0.0000,0.0000,0.0000,1.0000,0.0000,0.0000,0.0000,1.0000),
      ["LowerTorso"] = CFrame.new(0.0000,-0.8723,0.0000,1.0000,-0.0000,0.0000,0.0000,0.9331,0.3597,-0.0000,-0.3597,0.9331),
      ["UpperTorso"] = CFrame.new(0.0000,0.0000,0.0000,0.9431,-0.1547,0.2943,0.1155,0.9824,0.1465,-0.3118,-0.1042,0.9444),
      ["LeftUpperArm"] = CFrame.new(0.2041,-0.0511,0.0071,0.8732,-0.0081,-0.4872,-0.1312,0.9590,-0.2512,0.4693,0.2833,0.8364),
      ["LeftLowerArm"] = CFrame.new(-0.0005,-0.0001,0.0033,1.0000,-0.0000,0.0000,0.0000,0.6587,-0.7524,0.0000,0.7524,0.6587),
      ["LeftHand"] = CFrame.new(0.0000,0.0000,0.0000,0.9736,-0.2276,0.0166,0.2277,0.9737,-0.0046,-0.0152,0.0083,0.9999),
      ["Head"] = CFrame.new(0.0000,0.0000,0.0000,0.9431,0.1821,-0.2782,-0.1547,0.9809,0.1176,0.2943,-0.0679,0.9533),
      ["RightUpperArm"] = CFrame.new(-0.0196,-0.1355,0.0353,0.9130,-0.0774,-0.4005,0.2102,0.9307,0.2994,0.3495,-0.3575,0.8660),
      ["RightLowerArm"] = CFrame.new(0.0000,0.0000,0.0033,1.0000,-0.0000,0.0000,0.0000,0.8642,-0.5031,0.0000,0.5031,0.8642),
      ["RightHand"] = CFrame.new(0.0000,0.0000,0.0000,0.9970,-0.0138,0.0757,0.0062,0.9950,0.0995,-0.0767,-0.0988,0.9922),
      ["LeftUpperLeg"] = CFrame.new(0.0000,0.0000,0.0000,0.9679,0.2476,-0.0423,0.0251,-0.2630,-0.9645,-0.2499,0.9325,-0.2608),
      ["LeftLowerLeg"] = CFrame.new(0.0000,0.0002,-0.0029,1.0000,-0.0000,0.0000,0.0000,0.4732,0.8810,-0.0000,-0.8810,0.4732),
      ["LeftFoot"] = CFrame.new(0.0000,-0.0002,0.0000,0.9960,-0.0837,-0.0319,0.0896,0.9340,0.3458,0.0008,-0.3473,0.9378),
      ["RightUpperLeg"] = CFrame.new(-0.0406,0.3538,-0.3112,0.9353,-0.2968,-0.1925,0.1435,0.8157,-0.5604,0.3233,0.4966,0.8055),
      ["RightLowerLeg"] = CFrame.new(0.0000,0.0000,-0.0030,1.0000,-0.0000,0.0000,0.0000,0.1518,0.9884,-0.0000,-0.9884,0.1518),
      ["RightFoot"] = CFrame.new(0.0000,0.0000,0.0000,0.9594,0.2635,0.1004,-0.0379,0.4732,-0.8801,-0.2794,0.8406,0.4640),
    }},
    {Time = 0.167, Data = {
      ["HumanoidRootPart"] = CFrame.new(0.0000,0.0000,0.0000,1.0000,0.0000,0.0000,0.0000,1.0000,0.0000,0.0000,0.0000,1.0000),
      ["LowerTorso"] = CFrame.new(0.0000,-0.8737,0.0000,1.0000,-0.0000,0.0000,0.0000,0.9331,0.3597,-0.0000,-0.3597,0.9331),
      ["UpperTorso"] = CFrame.new(0.0000,0.0000,0.0000,0.9431,-0.1547,0.2943,0.1155,0.9824,0.1465,-0.3118,-0.1042,0.9444),
      ["LeftUpperArm"] = CFrame.new(0.2040,-0.0507,0.0073,0.8731,-0.0084,-0.4875,-0.1304,0.9594,-0.2501,0.4698,0.2820,0.8366),
      ["LeftLowerArm"] = CFrame.new(-0.0005,-0.0001,0.0033,1.0000,-0.0000,0.0000,0.0000,0.6565,-0.7543,0.0000,0.7543,0.6565),
      ["LeftHand"] = CFrame.new(0.0000,0.0000,0.0000,0.9737,-0.2273,0.0121,0.2274,0.9738,-0.0040,-0.0109,0.0066,0.9999),
      ["Head"] = CFrame.new(0.0000,0.0000,0.0000,0.9431,0.1810,-0.2789,-0.1547,0.9814,0.1136,0.2943,-0.0640,0.9536),
      ["RightUpperArm"] = CFrame.new(-0.0196,-0.1355,0.0353,0.9130,-0.0770,-0.4006,0.2103,0.9303,0.3004,0.3495,-0.3585,0.8656),
      ["RightLowerArm"] = CFrame.new(0.0000,0.0000,0.0033,1.0000,-0.0000,0.0000,0.0000,0.8693,-0.4942,0.0000,0.4942,0.8693),
      ["RightHand"] = CFrame.new(0.0000,0.0000,0.0000,0.9970,-0.0118,0.0765,0.0038,0.9946,0.1039,-0.0773,-0.1033,0.9916),
      ["LeftUpperLeg"] = CFrame.new(0.0000,0.0000,0.0000,0.9679,0.2475,-0.0429,0.0250,-0.2650,-0.9639,-0.2499,0.9320,-0.2627),
      ["LeftLowerLeg"] = CFrame.new(0.0000,0.0002,-0.0029,1.0000,-0.0000,0.0000,0.0000,0.4712,0.8820,-0.0000,-0.8820,0.4712),
      ["LeftFoot"] = CFrame.new(0.0000,-0.0002,0.0000,0.9960,-0.0838,-0.0319,0.0897,0.9340,0.3459,0.0008,-0.3474,0.9377),
      ["RightUpperLeg"] = CFrame.new(-0.0406,0.3538,-0.3112,0.9352,-0.2972,-0.1923,0.1437,0.8153,-0.5609,0.3235,0.4970,0.8052),
      ["RightLowerLeg"] = CFrame.new(0.0000,0.0000,-0.0030,1.0000,-0.0000,0.0000,0.0000,0.1497,0.9887,-0.0000,-0.9887,0.1497),
      ["RightFoot"] = CFrame.new(0.0000,0.0000,0.0000,0.9593,0.2638,0.1005,-0.0375,0.4720,-0.8808,-0.2798,0.8412,0.4627),
    }},
    {Time = 0.200, Data = {
      ["HumanoidRootPart"] = CFrame.new(0.0000,0.0000,0.0000,1.0000,0.0000,0.0000,0.0000,1.0000,0.0000,0.0000,0.0000,1.0000),
      ["LowerTorso"] = CFrame.new(0.0000,-0.8753,0.0000,1.0000,-0.0000,0.0000,0.0000,0.9331,0.3597,-0.0000,-0.3597,0.9331),
      ["UpperTorso"] = CFrame.new(0.0000,0.0000,0.0000,0.9431,-0.1547,0.2943,0.1155,0.9824,0.1465,-0.3118,-0.1042,0.9444),
      ["LeftUpperArm"] = CFrame.new(0.2040,-0.0502,0.0076,0.8729,-0.0087,-0.4877,-0.1295,0.9598,-0.2489,0.4703,0.2804,0.8368),
      ["LeftLowerArm"] = CFrame.new(-0.0005,-0.0001,0.0033,1.0000,-0.0000,0.0000,0.0000,0.6540,-0.7565,0.0000,0.7565,0.6540),
      ["LeftHand"] = CFrame.new(0.0000,0.0000,0.0000,0.9739,-0.2270,0.0069,0.2270,0.9739,-0.0032,-0.0060,0.0047,1.0000),
      ["Head"] = CFrame.new(0.0000,0.0000,0.0000,0.9431,0.1799,-0.2796,-0.1547,0.9818,0.1099,0.2943,-0.0603,0.9538),
      ["RightUpperArm"] = CFrame.new(-0.0196,-0.1355,0.0353,0.9130,-0.0762,-0.4009,0.2104,0.9296,0.3027,0.3496,-0.3607,0.8647),
      ["RightLowerArm"] = CFrame.new(0.0000,0.0000,0.0033,1.0000,-0.0000,0.0000,0.0000,0.8726,-0.4885,0.0000,0.4885,0.8726),
      ["RightHand"] = CFrame.new(0.0000,0.0000,0.0000,0.9969,-0.0094,0.0776,0.0009,0.9940,0.1090,-0.0781,-0.1086,0.9910),
      ["LeftUpperLeg"] = CFrame.new(0.0000,0.0000,0.0000,0.9679,0.2474,-0.0436,0.0249,-0.2672,-0.9633,-0.2500,0.9313,-0.2648),
      ["LeftLowerLeg"] = CFrame.new(0.0000,0.0002,-0.0029,1.0000,-0.0000,0.0000,0.0000,0.4690,0.8832,-0.0000,-0.8832,0.4690),
      ["LeftFoot"] = CFrame.new(0.0000,-0.0002,0.0000,0.9960,-0.0839,-0.0319,0.0897,0.9339,0.3460,0.0008,-0.3474,0.9377),
      ["RightUpperLeg"] = CFrame.new(-0.0406,0.3538,-0.3112,0.9351,-0.2978,-0.1921,0.1441,0.8148,-0.5615,0.3238,0.4974,0.8048),
      ["RightLowerLeg"] = CFrame.new(0.0000,0.0000,-0.0030,1.0000,-0.0000,0.0000,0.0000,0.1473,0.9891,-0.0000,-0.9891,0.1473),
      ["RightFoot"] = CFrame.new(0.0000,0.0000,0.0000,0.9592,0.2642,0.1006,-0.0371,0.4706,-0.8816,-0.2803,0.8419,0.4612),
    }},
    {Time = 0.233, Data = {
      ["HumanoidRootPart"] = CFrame.new(0.0000,0.0000,0.0000,1.0000,0.0000,0.0000,0.0000,1.0000,0.0000,0.0000,0.0000,1.0000),
      ["LowerTorso"] = CFrame.new(0.0000,-0.8772,0.0000,1.0000,-0.0000,0.0000,0.0000,0.9331,0.3597,-0.0000,-0.3597,0.9331),
      ["UpperTorso"] = CFrame.new(0.0000,0.0000,0.0000,0.9431,-0.1547,0.2943,0.1155,0.9824,0.1465,-0.3118,-0.1042,0.9444),
      ["LeftUpperArm"] = CFrame.new(0.2039,-0.0497,0.0079,0.8728,-0.0090,-0.4881,-0.1285,0.9603,-0.2475,0.4709,0.2787,0.8370),
      ["LeftLowerArm"] = CFrame.new(-0.0005,-0.0001,0.0033,1.0000,-0.0000,0.0000,0.0000,0.6512,-0.7589,0.0000,0.7589,0.6512),
      ["LeftHand"] = CFrame.new(0.0000,0.0000,0.0000,0.9740,-0.2267,0.0010,0.2267,0.9740,-0.0024,-0.0004,0.0026,1.0000),
      ["Head"] = CFrame.new(0.0000,0.0000,0.0000,0.9431,0.1789,-0.2803,-0.1547,0.9822,0.1064,0.2943,-0.0570,0.9540),
      ["RightUpperArm"] = CFrame.new(-0.0196,-0.1356,0.0353,0.9129,-0.0749,-0.4013,0.2106,0.9285,0.3059,0.3497,-0.3638,0.8634),
      ["RightLowerArm"] = CFrame.new(0.0000,0.0000,0.0033,1.0000,-0.0000,0.0000,0.0000,0.8742,-0.4856,0.0000,0.4856,0.8742),
      ["RightHand"] = CFrame.new(0.0000,0.0000,0.0000,0.9969,-0.0068,0.0787,-0.0023,0.9934,0.1148,-0.0790,-0.1146,0.9903),
      ["LeftUpperLeg"] = CFrame.new(0.0000,0.0000,0.0000,0.9679,0.2473,-0.0444,0.0248,-0.2698,-0.9626,-0.2501,0.9306,-0.2673),
      ["LeftLowerLeg"] = CFrame.new(0.0000,0.0002,-0.0029,1.0000,-0.0000,0.0000,0.0000,0.4664,0.8846,-0.0000,-0.8846,0.4664),
      ["LeftFoot"] = CFrame.new(0.0000,-0.0002,0.0000,0.9960,-0.0839,-0.0319,0.0898,0.9339,0.3461,0.0008,-0.3475,0.9377),
      ["RightUpperLeg"] = CFrame.new(-0.0406,0.3538,-0.3112,0.9350,-0.2984,-0.1919,0.1445,0.8143,-0.5622,0.3240,0.4979,0.8044),
      ["RightLowerLeg"] = CFrame.new(0.0000,0.0000,-0.0030,1.0000,-0.0000,0.0000,0.0000,0.1447,0.9895,-0.0000,-0.9895,0.1447),
      ["RightFoot"] = CFrame.new(0.0000,0.0000,0.0000,0.9591,0.2646,0.1008,-0.0366,0.4690,-0.8825,-0.2808,0.8426,0.4595),
    }},
    {Time = 0.267, Data = {
      ["HumanoidRootPart"] = CFrame.new(0.0000,0.0000,0.0000,1.0000,0.0000,0.0000,0.0000,1.0000,0.0000,0.0000,0.0000,1.0000),
      ["LowerTorso"] = CFrame.new(0.0000,-0.8792,0.0000,1.0000,-0.0000,0.0000,0.0000,0.9331,0.3597,-0.0000,-0.3597,0.9331),
      ["UpperTorso"] = CFrame.new(0.0000,0.0000,0.0000,0.9431,-0.1547,0.2943,0.1155,0.9824,0.1465,-0.3118,-0.1042,0.9444),
      ["LeftUpperArm"] = CFrame.new(0.2038,-0.0491,0.0083,0.8726,-0.0094,-0.4884,-0.1273,0.9609,-0.2460,0.4716,0.2768,0.8372),
      ["LeftLowerArm"] = CFrame.new(-0.0005,-0.0001,0.0033,1.0000,-0.0000,0.0000,0.0000,0.6481,-0.7615,0.0000,0.7615,0.6481),
      ["LeftHand"] = CFrame.new(0.0000,0.0000,0.0000,0.9740,-0.2263,-0.0055,0.2263,0.9741,-0.0015,0.0057,0.0002,1.0000),
      ["Head"] = CFrame.new(0.0000,0.0000,0.0000,0.9431,0.1781,-0.2808,-0.1547,0.9825,0.1033,0.2943,-0.0539,0.9542),
      ["RightUpperArm"] = CFrame.new(-0.0196,-0.1357,0.0353,0.9128,-0.0733,-0.4018,0.2109,0.9271,0.3099,0.3498,-0.3676,0.8617),
      ["RightLowerArm"] = CFrame.new(0.0000,0.0000,0.0033,1.0000,-0.0000,0.0000,0.0000,0.8743,-0.4854,0.0000,0.4854,0.8743),
      ["RightHand"] = CFrame.new(0.0000,0.0000,0.0000,0.9968,-0.0039,0.0800,-0.0059,0.9926,0.1212,-0.0799,-0.1213,0.9894),
      ["LeftUpperLeg"] = CFrame.new(0.0000,0.0000,0.0000,0.9679,0.2472,-0.0453,0.0246,-0.2726,-0.9618,-0.2501,0.9298,-0.2700),
      ["LeftLowerLeg"] = CFrame.new(0.0000,0.0002,-0.0029,1.0000,-0.0000,0.0000,0.0000,0.4636,0.8860,-0.0000,-0.8860,0.4636),
      ["LeftFoot"] = CFrame.new(0.0000,-0.0002,0.0000,0.9960,-0.0840,-0.0320,0.0899,0.9339,0.3462,0.0008,-0.3476,0.9376),
      ["RightUpperLeg"] = CFrame.new(-0.0406,0.3538,-0.3112,0.9348,-0.2991,-0.1916,0.1449,0.8137,-0.5630,0.3243,0.4985,0.8040),
      ["RightLowerLeg"] = CFrame.new(0.0000,0.0000,-0.0030,1.0000,-0.0000,0.0000,0.0000,0.1417,0.9899,-0.0000,-0.9899,0.1417),
      ["RightFoot"] = CFrame.new(0.0000,0.0000,0.0000,0.9589,0.2651,0.1010,-0.0361,0.4672,-0.8834,-0.2814,0.8435,0.4576),
    }},
    {Time = 0.300, Data = {
      ["HumanoidRootPart"] = CFrame.new(0.0000,0.0000,0.0000,1.0000,0.0000,0.0000,0.0000,1.0000,0.0000,0.0000,0.0000,1.0000),
      ["LowerTorso"] = CFrame.new(0.0000,-0.8814,0.0000,1.0000,-0.0000,0.0000,0.0000,0.9331,0.3597,-0.0000,-0.3597,0.9331),
      ["UpperTorso"] = CFrame.new(0.0000,0.0000,0.0000,0.9431,-0.1547,0.2943,0.1155,0.9824,0.1465,-0.3118,-0.1042,0.9444),
      ["LeftUpperArm"] = CFrame.new(0.2037,-0.0485,0.0087,0.8723,-0.0099,-0.4888,-0.1260,0.9615,-0.2443,0.4724,0.2747,0.8375),
      ["LeftLowerArm"] = CFrame.new(-0.0005,-0.0001,0.0033,1.0000,-0.0000,0.0000,0.0000,0.6448,-0.7644,0.0000,0.7644,0.6448),
      ["LeftHand"] = CFrame.new(0.0000,0.0000,0.0000,0.9741,-0.2258,-0.0127,0.2258,0.9742,-0.0005,0.0124,-0.0024,0.9999),
      ["Head"] = CFrame.new(0.0000,0.0000,0.0000,0.9431,0.1773,-0.2813,-0.1547,0.9828,0.1006,0.2943,-0.0513,0.9543),
      ["RightUpperArm"] = CFrame.new(-0.0195,-0.1359,0.0352,0.9127,-0.0715,-0.4024,0.2111,0.9255,0.3145,0.3499,-0.3720,0.8597),
      ["RightLowerArm"] = CFrame.new(0.0000,0.0000,0.0033,1.0000,-0.0000,0.0000,0.0000,0.8730,-0.4876,0.0000,0.4876,0.8730),
      ["RightHand"] = CFrame.new(0.0000,0.0000,0.0000,0.9967,-0.0007,0.0814,-0.0097,0.9917,0.1281,-0.0809,-0.1285,0.9884),
      ["LeftUpperLeg"] = CFrame.new(0.0000,0.0000,0.0000,0.9679,0.2471,-0.0462,0.0245,-0.2757,-0.9609,-0.2502,0.9289,-0.2729),
      ["LeftLowerLeg"] = CFrame.new(0.0000,0.0002,-0.0029,1.0000,-0.0000,0.0000,0.0000,0.4606,0.8876,-0.0000,-0.8876,0.4606),
      ["LeftFoot"] = CFrame.new(0.0000,-0.0002,0.0000,0.9959,-0.0841,-0.0320,0.0900,0.9338,0.3463,0.0008,-0.3478,0.9376),
      ["RightUpperLeg"] = CFrame.new(-0.0406,0.3538,-0.3112,0.9346,-0.2998,-0.1913,0.1454,0.8130,-0.5638,0.3246,0.4991,0.8035),
      ["RightLowerLeg"] = CFrame.new(0.0000,0.0000,-0.0030,1.0000,-0.0000,0.0000,0.0000,0.1385,0.9904,-0.0000,-0.9904,0.1385),
      ["RightFoot"] = CFrame.new(0.0000,0.0000,0.0000,0.9587,0.2657,0.1012,-0.0356,0.4653,-0.8844,-0.2820,0.8444,0.4555),
    }},
    {Time = 0.333, Data = {
      ["HumanoidRootPart"] = CFrame.new(0.0000,0.0000,0.0000,1.0000,0.0000,0.0000,0.0000,1.0000,0.0000,0.0000,0.0000,1.0000),
      ["LowerTorso"] = CFrame.new(0.0000,-0.8838,0.0000,1.0000,-0.0000,0.0000,0.0000,0.9331,0.3597,-0.0000,-0.3597,0.9331),
      ["UpperTorso"] = CFrame.new(0.0000,0.0000,0.0000,0.9431,-0.1547,0.2943,0.1155,0.9824,0.1465,-0.3118,-0.1042,0.9444),
      ["LeftUpperArm"] = CFrame.new(0.2035,-0.0478,0.0091,0.8721,-0.0103,-0.4892,-0.1247,0.9621,-0.2426,0.4732,0.2725,0.8378),
      ["LeftLowerArm"] = CFrame.new(-0.0005,-0.0001,0.0033,1.0000,-0.0000,0.0000,0.0000,0.6412,-0.7674,0.0000,0.7674,0.6412),
      ["LeftHand"] = CFrame.new(0.0000,0.0000,0.0000,0.9741,-0.2253,-0.0203,0.2254,0.9743,0.0006,0.0196,-0.0051,0.9998),
      ["Head"] = CFrame.new(0.0000,0.0000,0.0000,0.9431,0.1766,-0.2817,-0.1547,0.9830,0.0983,0.2943,-0.0491,0.9544),
      ["RightUpperArm"] = CFrame.new(-0.0195,-0.1360,0.0351,0.9126,-0.0694,-0.4030,0.2114,0.9237,0.3195,0.3501,-0.3768,0.8576),
      ["RightLowerArm"] = CFrame.new(0.0000,0.0000,0.0033,1.0000,-0.0000,0.0000,0.0000,0.8706,-0.4920,0.0000,0.4920,0.8706),
      ["RightHand"] = CFrame.new(0.0000,0.0000,0.0000,0.9965,0.0026,0.0830,-0.0139,0.9907,0.1355,-0.0819,-0.1362,0.9873),
      ["LeftUpperLeg"] = CFrame.new(0.0000,0.0000,0.0000,0.9679,0.2470,-0.0473,0.0243,-0.2790,-0.9600,-0.2503,0.9280,-0.2760),
      ["LeftLowerLeg"] = CFrame.new(0.0000,0.0002,-0.0029,1.0000,-0.0000,0.0000,0.0000,0.4573,0.8893,-0.0000,-0.8893,0.4573),
      ["LeftFoot"] = CFrame.new(0.0000,-0.0002,0.0000,0.9959,-0.0842,-0.0320,0.0900,0.9337,0.3464,0.0007,-0.3479,0.9375),
      ["RightUpperLeg"] = CFrame.new(-0.0406,0.3538,-0.3112,0.9344,-0.3006,-0.1910,0.1459,0.8124,-0.5646,0.3249,0.4997,0.8029),
      ["RightLowerLeg"] = CFrame.new(0.0000,0.0000,-0.0030,1.0000,-0.0000,0.0000,0.0000,0.1351,0.9908,-0.0000,-0.9908,0.1351),
      ["RightFoot"] = CFrame.new(0.0000,0.0000,0.0000,0.9586,0.2662,0.1014,-0.0350,0.4632,-0.8856,-0.2827,0.8453,0.4533),
    }},
    {Time = 0.367, Data = {
      ["HumanoidRootPart"] = CFrame.new(0.0000,0.0000,0.0000,1.0000,0.0000,0.0000,0.0000,1.0000,0.0000,0.0000,0.0000,1.0000),
      ["LowerTorso"] = CFrame.new(0.0000,-0.8863,0.0000,1.0000,-0.0000,0.0000,0.0000,0.9331,0.3597,-0.0000,-0.3597,0.9331),
      ["UpperTorso"] = CFrame.new(0.0000,0.0000,0.0000,0.9431,-0.1547,0.2943,0.1155,0.9824,0.1465,-0.3118,-0.1042,0.9444),
      ["LeftUpperArm"] = CFrame.new(0.2034,-0.0471,0.0095,0.8718,-0.0109,-0.4897,-0.1232,0.9627,-0.2407,0.4740,0.2702,0.8380),
      ["LeftLowerArm"] = CFrame.new(-0.0005,-0.0001,0.0033,1.0000,-0.0000,0.0000,0.0000,0.6374,-0.7705,0.0000,0.7705,0.6374),
      ["LeftHand"] = CFrame.new(0.0000,0.0000,0.0000,0.9740,-0.2248,-0.0284,0.2249,0.9744,0.0017,0.0273,-0.0081,0.9996),
      ["Head"] = CFrame.new(0.0000,0.0000,0.0000,0.9431,0.1761,-0.2820,-0.1547,0.9832,0.0966,0.2943,-0.0475,0.9545),
      ["RightUpperArm"] = CFrame.new(-0.0194,-0.1362,0.0351,0.9124,-0.0674,-0.4036,0.2117,0.9218,0.3247,0.3502,-0.3817,0.8554),
      ["RightLowerArm"] = CFrame.new(0.0000,0.0000,0.0033,1.0000,-0.0000,0.0000,0.0000,0.8671,-0.4981,0.0000,0.4981,0.8671),
      ["RightHand"] = CFrame.new(0.0000,0.0000,0.0000,0.9964,0.0062,0.0847,-0.0183,0.9895,0.1433,-0.0829,-0.1444,0.9860),
      ["LeftUpperLeg"] = CFrame.new(0.0000,0.0000,0.0000,0.9679,0.2468,-0.0483,0.0241,-0.2825,-0.9590,-0.2503,0.9270,-0.2793),
      ["LeftLowerLeg"] = CFrame.new(0.0000,0.0002,-0.0029,1.0000,-0.0000,0.0000,0.0000,0.4539,0.8910,-0.0000,-0.8910,0.4539),
      ["LeftFoot"] = CFrame.new(0.0000,-0.0002,0.0000,0.9959,-0.0843,-0.0321,0.0902,0.9337,0.3466,0.0007,-0.3481,0.9375),
      ["RightUpperLeg"] = CFrame.new(-0.0406,0.3538,-0.3112,0.9342,-0.3015,-0.1907,0.1465,0.8116,-0.5655,0.3253,0.5004,0.8024),
      ["RightLowerLeg"] = CFrame.new(0.0000,0.0000,-0.0030,1.0000,-0.0000,0.0000,0.0000,0.1314,0.9913,-0.0000,-0.9913,0.1314),
      ["RightFoot"] = CFrame.new(0.0000,0.0000,0.0000,0.9584,0.2668,0.1017,-0.0343,0.4610,-0.8867,-0.2835,0.8463,0.4510),
    }},
    {Time = 0.400, Data = {
      ["HumanoidRootPart"] = CFrame.new(0.0000,0.0000,0.0000,1.0000,0.0000,0.0000,0.0000,1.0000,0.0000,0.0000,0.0000,1.0000),
      ["LowerTorso"] = CFrame.new(0.0000,-0.8889,0.0000,1.0000,-0.0000,0.0000,0.0000,0.9331,0.3597,-0.0000,-0.3597,0.9331),
      ["UpperTorso"] = CFrame.new(0.0000,0.0000,0.0000,0.9431,-0.1547,0.2943,0.1155,0.9824,0.1465,-0.3118,-0.1042,0.9444),
      ["LeftUpperArm"] = CFrame.new(0.2033,-0.0463,0.0099,0.8716,-0.0114,-0.4901,-0.1217,0.9634,-0.2388,0.4749,0.2678,0.8383),
      ["LeftLowerArm"] = CFrame.new(-0.0005,-0.0001,0.0033,1.0000,-0.0000,0.0000,0.0000,0.6335,-0.7737,0.0000,0.7737,0.6335),
      ["LeftHand"] = CFrame.new(0.0000,0.0000,0.0000,0.9739,-0.2242,-0.0369,0.2244,0.9745,0.0029,0.0353,-0.0111,0.9993),
      ["Head"] = CFrame.new(0.0000,0.0000,0.0000,0.9431,0.1758,-0.2822,-0.1547,0.9833,0.0955,0.2943,-0.0464,0.9546),
      ["RightUpperArm"] = CFrame.new(-0.0194,-0.1363,0.0350,0.9123,-0.0653,-0.4042,0.2120,0.9199,0.3298,0.3503,-0.3866,0.8531),
      ["RightLowerArm"] = CFrame.new(0.0000,0.0000,0.0033,1.0000,-0.0000,0.0000,0.0000,0.8626,-0.5059,0.0000,0.5059,0.8626),
      ["RightHand"] = CFrame.new(0.0000,0.0000,0.0000,0.9962,0.0099,0.0865,-0.0230,0.9882,0.1515,-0.0840,-0.1530,0.9847),
      ["LeftUpperLeg"] = CFrame.new(0.0000,0.0000,0.0000,0.9678,0.2466,-0.0495,0.0239,-0.2861,-0.9579,-0.2504,0.9259,-0.2828),
      ["LeftLowerLeg"] = CFrame.new(0.0000,0.0002,-0.0029,1.0000,-0.0000,0.0000,0.0000,0.4503,0.8929,-0.0000,-0.8929,0.4503),
      ["LeftFoot"] = CFrame.new(0.0000,-0.0002,0.0000,0.9959,-0.0844,-0.0321,0.0903,0.9336,0.3468,0.0007,-0.3483,0.9374),
      ["RightUpperLeg"] = CFrame.new(-0.0406,0.3538,-0.3112,0.9340,-0.3023,-0.1904,0.1470,0.8109,-0.5665,0.3256,0.5011,0.8018),
      ["RightLowerLeg"] = CFrame.new(0.0000,0.0000,-0.0030,1.0000,-0.0000,0.0000,0.0000,0.1276,0.9918,-0.0000,-0.9918,0.1276),
      ["RightFoot"] = CFrame.new(0.0000,0.0000,0.0000,0.9582,0.2675,0.1019,-0.0336,0.4588,-0.8879,-0.2842,0.8473,0.4486),
    }},
    {Time = 0.433, Data = {
      ["HumanoidRootPart"] = CFrame.new(0.0000,0.0000,0.0000,1.0000,0.0000,0.0000,0.0000,1.0000,0.0000,0.0000,0.0000,1.0000),
      ["LowerTorso"] = CFrame.new(0.0000,-0.8916,0.0000,1.0000,-0.0000,0.0000,0.0000,0.9331,0.3597,-0.0000,-0.3597,0.9331),
      ["UpperTorso"] = CFrame.new(0.0000,0.0000,0.0000,0.9431,-0.1547,0.2943,0.1155,0.9824,0.1465,-0.3118,-0.1042,0.9444),
      ["LeftUpperArm"] = CFrame.new(0.2031,-0.0455,0.0104,0.8713,-0.0120,-0.4906,-0.1201,0.9641,-0.2369,0.4759,0.2653,0.8386),
      ["LeftLowerArm"] = CFrame.new(-0.0005,-0.0001,0.0033,1.0000,-0.0000,0.0000,0.0000,0.6294,-0.7771,0.0000,0.7771,0.6294),
      ["LeftHand"] = CFrame.new(0.0000,0.0000,0.0000,0.9736,-0.2235,-0.0457,0.2239,0.9746,0.0042,0.0436,-0.0143,0.9989),
      ["Head"] = CFrame.new(0.0000,0.0000,0.0000,0.9431,0.1757,-0.2823,-0.1548,0.9834,0.0950,0.2943,-0.0459,0.9546),
      ["RightUpperArm"] = CFrame.new(-0.0193,-0.1364,0.0349,0.9122,-0.0634,-0.4048,0.2123,0.9182,0.3345,0.3505,-0.3911,0.8510),
      ["RightLowerArm"] = CFrame.new(0.0000,0.0000,0.0033,1.0000,-0.0000,0.0000,0.0000,0.8574,-0.5146,0.0000,0.5146,0.8574),
      ["RightHand"] = CFrame.new(0.0000,0.0000,0.0000,0.9960,0.0137,0.0884,-0.0278,0.9867,0.1601,-0.0850,-0.1619,0.9831),
      ["LeftUpperLeg"] = CFrame.new(0.0000,0.0000,0.0000,0.9678,0.2465,-0.0507,0.0237,-0.2899,-0.9568,-0.2505,0.9248,-0.2864),
      ["LeftLowerLeg"] = CFrame.new(0.0000,0.0002,-0.0029,1.0000,-0.0000,0.0000,0.0000,0.4466,0.8947,-0.0000,-0.8947,0.4466),
      ["LeftFoot"] = CFrame.new(0.0000,-0.0002,0.0000,0.9959,-0.0845,-0.0321,0.0904,0.9335,0.3470,0.0007,-0.3485,0.9373),
      ["RightUpperLeg"] = CFrame.new(-0.0406,0.3538,-0.3112,0.9338,-0.3033,-0.1900,0.1476,0.8101,-0.5674,0.3260,0.5018,0.8012),
      ["RightLowerLeg"] = CFrame.new(0.0000,0.0000,-0.0030,1.0000,-0.0000,0.0000,0.0000,0.1237,0.9923,-0.0000,-0.9923,0.1237),
      ["RightFoot"] = CFrame.new(0.0000,0.0000,0.0000,0.9579,0.2682,0.1022,-0.0329,0.4564,-0.8892,-0.2851,0.8484,0.4460),
    }},
    {Time = 0.467, Data = {
      ["HumanoidRootPart"] = CFrame.new(0.0000,0.0000,0.0000,1.0000,0.0000,0.0000,0.0000,1.0000,0.0000,0.0000,0.0000,1.0000),
      ["LowerTorso"] = CFrame.new(0.0000,-0.8945,0.0000,1.0000,-0.0000,0.0000,0.0000,0.9331,0.3597,-0.0000,-0.3597,0.9331),
      ["UpperTorso"] = CFrame.new(0.0000,0.0000,0.0000,0.9431,-0.1547,0.2943,0.1155,0.9824,0.1465,-0.3118,-0.1042,0.9444),
      ["LeftUpperArm"] = CFrame.new(0.2030,-0.0447,0.0109,0.8710,-0.0127,-0.4911,-0.1184,0.9648,-0.2349,0.4768,0.2627,0.8388),
      ["LeftLowerArm"] = CFrame.new(-0.0005,-0.0001,0.0033,1.0000,-0.0000,0.0000,0.0000,0.6252,-0.7805,0.0000,0.7805,0.6252),
      ["LeftHand"] = CFrame.new(0.0000,0.0000,0.0000,0.9733,-0.2228,-0.0548,0.2234,0.9747,0.0055,0.0522,-0.0176,0.9985),
      ["Head"] = CFrame.new(0.0000,0.0000,0.0000,0.9431,0.1757,-0.2822,-0.1548,0.9834,0.0952,0.2943,-0.0461,0.9546),
      ["RightUpperArm"] = CFrame.new(-0.0192,-0.1366,0.0349,0.9121,-0.0618,-0.4053,0.2125,0.9166,0.3386,0.3506,-0.3950,0.8492),
      ["RightLowerArm"] = CFrame.new(0.0000,0.0000,0.0033,1.0000,-0.0000,0.0000,0.0000,0.8517,-0.5240,0.0000,0.5240,0.8517),
      ["RightHand"] = CFrame.new(0.0000,0.0000,0.0000,0.9957,0.0177,0.0904,-0.0328,0.9851,0.1689,-0.0861,-0.1711,0.9815),
      ["LeftUpperLeg"] = CFrame.new(0.0000,0.0000,0.0000,0.9678,0.2463,-0.0519,0.0235,-0.2937,-0.9556,-0.2506,0.9236,-0.2901),
      ["LeftLowerLeg"] = CFrame.new(0.0000,0.0002,-0.0029,1.0000,-0.0000,0.0000,0.0000,0.4428,0.8966,-0.0000,-0.8966,0.4428),
      ["LeftFoot"] = CFrame.new(0.0000,-0.0002,0.0000,0.9959,-0.0846,-0.0322,0.0905,0.9334,0.3472,0.0007,-0.3487,0.9372),
      ["RightUpperLeg"] = CFrame.new(-0.0406,0.3538,-0.3112,0.9335,-0.3042,-0.1896,0.1483,0.8093,-0.5684,0.3264,0.5025,0.8006),
      ["RightLowerLeg"] = CFrame.new(0.0000,0.0000,-0.0030,1.0000,-0.0000,0.0000,0.0000,0.1196,0.9928,-0.0000,-0.9928,0.1196),
      ["RightFoot"] = CFrame.new(0.0000,0.0000,0.0000,0.9577,0.2688,0.1024,-0.0322,0.4539,-0.8905,-0.2859,0.8495,0.4434),
    }},
    {Time = 0.500, Data = {
      ["HumanoidRootPart"] = CFrame.new(0.0000,0.0000,0.0000,1.0000,0.0000,0.0000,0.0000,1.0000,0.0000,0.0000,0.0000,1.0000),
      ["LowerTorso"] = CFrame.new(0.0000,-0.8974,0.0000,1.0000,-0.0000,0.0000,0.0000,0.9331,0.3597,-0.0000,-0.3597,0.9331),
      ["UpperTorso"] = CFrame.new(0.0000,0.0000,0.0000,0.9431,-0.1547,0.2943,0.1155,0.9824,0.1465,-0.3118,-0.1042,0.9444),
      ["LeftUpperArm"] = CFrame.new(0.2028,-0.0438,0.0114,0.8707,-0.0134,-0.4917,-0.1167,0.9655,-0.2329,0.4778,0.2602,0.8391),
      ["LeftLowerArm"] = CFrame.new(-0.0005,-0.0001,0.0033,1.0000,-0.0000,0.0000,0.0000,0.6209,-0.7839,0.0000,0.7839,0.6209),
      ["LeftHand"] = CFrame.new(0.0000,0.0000,0.0000,0.9729,-0.2220,-0.0642,0.2229,0.9748,0.0069,0.0610,-0.0210,0.9979),
      ["Head"] = CFrame.new(0.0000,0.0000,0.0000,0.9431,0.1760,-0.2821,-0.1547,0.9833,0.0962,0.2943,-0.0470,0.9546),
      ["RightUpperArm"] = CFrame.new(-0.0192,-0.1367,0.0348,0.9120,-0.0605,-0.4058,0.2128,0.9154,0.3417,0.3507,-0.3980,0.8477),
      ["RightLowerArm"] = CFrame.new(0.0000,0.0000,0.0033,1.0000,-0.0000,0.0000,0.0000,0.8456,-0.5338,0.0000,0.5338,0.8456),
      ["RightHand"] = CFrame.new(0.0000,0.0000,0.0000,0.9955,0.0217,0.0925,-0.0380,0.9833,0.1779,-0.0871,-0.1806,0.9797),
      ["LeftUpperLeg"] = CFrame.new(0.0000,0.0000,0.0000,0.9678,0.2461,-0.0531,0.0233,-0.2977,-0.9544,-0.2507,0.9224,-0.2939),
      ["LeftLowerLeg"] = CFrame.new(0.0000,0.0002,-0.0029,1.0000,-0.0000,0.0000,0.0000,0.4389,0.8986,-0.0000,-0.8986,0.4389),
      ["LeftFoot"] = CFrame.new(0.0000,-0.0002,0.0000,0.9959,-0.0847,-0.0322,0.0906,0.9333,0.3475,0.0006,-0.3490,0.9371),
      ["RightUpperLeg"] = CFrame.new(-0.0406,0.3538,-0.3112,0.9333,-0.3052,-0.1893,0.1489,0.8084,-0.5694,0.3268,0.5032,0.8000),
      ["RightLowerLeg"] = CFrame.new(0.0000,0.0000,-0.0030,1.0000,-0.0000,0.0000,0.0000,0.1155,0.9933,-0.0000,-0.9933,0.1155),
      ["RightFoot"] = CFrame.new(0.0000,0.0000,0.0000,0.9575,0.2696,0.1027,-0.0314,0.4514,-0.8918,-0.2867,0.8506,0.4407),
    }},
    {Time = 0.533, Data = {
      ["HumanoidRootPart"] = CFrame.new(0.0000,0.0000,0.0000,1.0000,0.0000,0.0000,0.0000,1.0000,0.0000,0.0000,0.0000,1.0000),
      ["LowerTorso"] = CFrame.new(0.0000,-0.9003,0.0000,1.0000,-0.0000,0.0000,0.0000,0.9331,0.3597,-0.0000,-0.3597,0.9331),
      ["UpperTorso"] = CFrame.new(0.0000,0.0000,0.0000,0.9431,-0.1547,0.2943,0.1155,0.9824,0.1465,-0.3118,-0.1042,0.9444),
      ["LeftUpperArm"] = CFrame.new(0.2027,-0.0429,0.0119,0.8703,-0.0141,-0.4922,-0.1150,0.9662,-0.2309,0.4788,0.2575,0.8393),
      ["LeftLowerArm"] = CFrame.new(-0.0005,-0.0001,0.0033,1.0000,-0.0000,0.0000,0.0000,0.6166,-0.7873,0.0000,0.7873,0.6166),
      ["LeftHand"] = CFrame.new(0.0000,0.0000,0.0000,0.9724,-0.2212,-0.0737,0.2224,0.9749,0.0082,0.0700,-0.0244,0.9972),
      ["Head"] = CFrame.new(0.0000,0.0000,0.0000,0.9431,0.1765,-0.2818,-0.1547,0.9831,0.0980,0.2943,-0.0488,0.9545),
      ["RightUpperArm"] = CFrame.new(-0.0192,-0.1368,0.0347,0.9119,-0.0597,-0.4061,0.2130,0.9146,0.3438,0.3508,-0.4000,0.8467),
      ["RightLowerArm"] = CFrame.new(0.0000,0.0000,0.0033,1.0000,-0.0000,0.0000,0.0000,0.8394,-0.5436,0.0000,0.5436,0.8394),
      ["RightHand"] = CFrame.new(0.0000,0.0000,0.0000,0.9952,0.0258,0.0946,-0.0433,0.9814,0.1870,-0.0881,-0.1902,0.9778),
      ["LeftUpperLeg"] = CFrame.new(0.0000,0.0000,0.0000,0.9678,0.2459,-0.0544,0.0231,-0.3017,-0.9531,-0.2508,0.9211,-0.2977),
      ["LeftLowerLeg"] = CFrame.new(0.0000,0.0002,-0.0029,1.0000,-0.0000,0.0000,0.0000,0.4349,0.9005,-0.0000,-0.9005,0.4349),
      ["LeftFoot"] = CFrame.new(0.0000,-0.0002,0.0000,0.9959,-0.0848,-0.0323,0.0907,0.9332,0.3477,0.0006,-0.3492,0.9370),
      ["RightUpperLeg"] = CFrame.new(-0.0406,0.3538,-0.3112,0.9330,-0.3062,-0.1889,0.1496,0.8076,-0.5704,0.3272,0.5040,0.7993),
      ["RightLowerLeg"] = CFrame.new(0.0000,0.0000,-0.0030,1.0000,-0.0000,0.0000,0.0000,0.1113,0.9938,-0.0000,-0.9938,0.1113),
      ["RightFoot"] = CFrame.new(0.0000,0.0000,0.0000,0.9573,0.2703,0.1030,-0.0307,0.4488,-0.8931,-0.2876,0.8518,0.4379),
    }},
    {Time = 0.567, Data = {
      ["HumanoidRootPart"] = CFrame.new(0.0000,0.0000,0.0000,1.0000,0.0000,0.0000,0.0000,1.0000,0.0000,0.0000,0.0000,1.0000),
      ["LowerTorso"] = CFrame.new(0.0000,-0.9033,0.0000,1.0000,-0.0000,0.0000,0.0000,0.9331,0.3597,-0.0000,-0.3597,0.9331),
      ["UpperTorso"] = CFrame.new(0.0000,0.0000,0.0000,0.9431,-0.1547,0.2943,0.1155,0.9824,0.1465,-0.3118,-0.1042,0.9444),
      ["LeftUpperArm"] = CFrame.new(0.2025,-0.0421,0.0124,0.8700,-0.0147,-0.4928,-0.1132,0.9669,-0.2287,0.4799,0.2548,0.8395),
      ["LeftLowerArm"] = CFrame.new(-0.0005,-0.0001,0.0033,1.0000,-0.0000,0.0000,0.0000,0.6121,-0.7908,0.0000,0.7908,0.6121),
      ["LeftHand"] = CFrame.new(0.0000,0.0000,0.0000,0.9719,-0.2204,-0.0833,0.2219,0.9750,0.0096,0.0791,-0.0279,0.9965),
      ["Head"] = CFrame.new(0.0000,0.0000,0.0000,0.9431,0.1773,-0.2813,-0.1547,0.9828,0.1006,0.2943,-0.0514,0.9543),
      ["RightUpperArm"] = CFrame.new(-0.0191,-0.1369,0.0347,0.9118,-0.0596,-0.4063,0.2132,0.9143,0.3444,0.3509,-0.4006,0.8464),
      ["RightLowerArm"] = CFrame.new(0.0000,0.0000,0.0033,1.0000,-0.0000,0.0000,0.0000,0.8332,-0.5530,0.0000,0.5530,0.8332),
      ["RightHand"] = CFrame.new(0.0000,0.0000,0.0000,0.9948,0.0300,0.0969,-0.0486,0.9794,0.1962,-0.0890,-0.1999,0.9758),
      ["LeftUpperLeg"] = CFrame.new(0.0000,0.0000,0.0000,0.9677,0.2457,-0.0557,0.0229,-0.3058,-0.9518,-0.2509,0.9198,-0.3016),
      ["LeftLowerLeg"] = CFrame.new(0.0000,0.0002,-0.0029,1.0000,-0.0000,0.0000,0.0000,0.4309,0.9024,-0.0000,-0.9024,0.4309),
      ["LeftFoot"] = CFrame.new(0.0000,-0.0002,0.0000,0.9959,-0.0849,-0.0323,0.0909,0.9331,0.3480,0.0006,-0.3495,0.9369),
      ["RightUpperLeg"] = CFrame.new(-0.0406,0.3538,-0.3112,0.9328,-0.3072,-0.1885,0.1503,0.8068,-0.5715,0.3277,0.5047,0.7987),
      ["RightLowerLeg"] = CFrame.new(0.0000,0.0000,-0.0030,1.0000,-0.0000,0.0000,0.0000,0.1070,0.9943,-0.0000,-0.9943,0.1070),
      ["RightFoot"] = CFrame.new(0.0000,0.0000,0.0000,0.9570,0.2711,0.1033,-0.0299,0.4462,-0.8944,-0.2885,0.8529,0.4351),
    }},
    {Time = 0.600, Data = {
      ["HumanoidRootPart"] = CFrame.new(0.0000,0.0000,0.0000,1.0000,0.0000,0.0000,0.0000,1.0000,0.0000,0.0000,0.0000,1.0000),
      ["LowerTorso"] = CFrame.new(0.0000,-0.9063,0.0000,1.0000,-0.0000,0.0000,0.0000,0.9331,0.3597,-0.0000,-0.3597,0.9331),
      ["UpperTorso"] = CFrame.new(0.0000,0.0000,0.0000,0.9431,-0.1547,0.2943,0.1155,0.9824,0.1465,-0.3118,-0.1042,0.9444),
      ["LeftUpperArm"] = CFrame.new(0.2023,-0.0412,0.0129,0.8697,-0.0155,-0.4934,-0.1114,0.9676,-0.2267,0.4809,0.2521,0.8397),
      ["LeftLowerArm"] = CFrame.new(-0.0005,-0.0001,0.0033,1.0000,-0.0000,0.0000,0.0000,0.6077,-0.7942,0.0000,0.7942,0.6077),
      ["LeftHand"] = CFrame.new(0.0000,0.0000,0.0000,0.9712,-0.2195,-0.0930,0.2214,0.9751,0.0111,0.0883,-0.0313,0.9956),
      ["Head"] = CFrame.new(0.0000,0.0000,0.0000,0.9431,0.1783,-0.2807,-0.1547,0.9824,0.1042,0.2943,-0.0548,0.9541),
      ["RightUpperArm"] = CFrame.new(-0.0191,-0.1370,0.0347,0.9118,-0.0599,-0.4063,0.2133,0.9145,0.3437,0.3510,-0.4001,0.8466),
      ["RightLowerArm"] = CFrame.new(0.0000,0.0000,0.0033,1.0000,-0.0000,0.0000,0.0000,0.8271,-0.5621,0.0000,0.5621,0.8271),
      ["RightHand"] = CFrame.new(0.0000,0.0000,0.0000,0.9945,0.0341,0.0992,-0.0540,0.9772,0.2055,-0.0899,-0.2097,0.9736),
      ["LeftUpperLeg"] = CFrame.new(0.0000,0.0000,0.0000,0.9677,0.2455,-0.0570,0.0226,-0.3099,-0.9505,-0.2510,0.9185,-0.3054),
      ["LeftLowerLeg"] = CFrame.new(0.0000,0.0002,-0.0029,1.0000,-0.0000,0.0000,0.0000,0.4268,0.9043,-0.0000,-0.9043,0.4268),
      ["LeftFoot"] = CFrame.new(0.0000,-0.0002,0.0000,0.9959,-0.0851,-0.0324,0.0910,0.9329,0.3483,0.0006,-0.3498,0.9368),
      ["RightUpperLeg"] = CFrame.new(-0.0406,0.3538,-0.3112,0.9325,-0.3083,-0.1881,0.1509,0.8059,-0.5725,0.3281,0.5054,0.7980),
      ["RightLowerLeg"] = CFrame.new(0.0000,0.0000,-0.0030,1.0000,-0.0000,0.0000,0.0000,0.1027,0.9947,-0.0000,-0.9947,0.1027),
      ["RightFoot"] = CFrame.new(0.0000,0.0000,0.0000,0.9568,0.2718,0.1035,-0.0291,0.4436,-0.8958,-0.2894,0.8540,0.4323),
    }},
    {Time = 0.633, Data = {
      ["HumanoidRootPart"] = CFrame.new(0.0000,0.0000,0.0000,1.0000,0.0000,0.0000,0.0000,1.0000,0.0000,0.0000,0.0000,1.0000),
      ["LowerTorso"] = CFrame.new(0.0000,-0.9093,0.0000,1.0000,-0.0000,0.0000,0.0000,0.9331,0.3597,-0.0000,-0.3597,0.9331),
      ["UpperTorso"] = CFrame.new(0.0000,0.0000,0.0000,0.9431,-0.1547,0.2943,0.1155,0.9824,0.1465,-0.3118,-0.1042,0.9444),
      ["LeftUpperArm"] = CFrame.new(0.2021,-0.0403,0.0134,0.8693,-0.0162,-0.4940,-0.1096,0.9682,-0.2247,0.4819,0.2495,0.8399),
      ["LeftLowerArm"] = CFrame.new(-0.0005,-0.0001,0.0033,1.0000,-0.0000,0.0000,0.0000,0.6033,-0.7975,0.0000,0.7975,0.6033),
      ["LeftHand"] = CFrame.new(0.0000,0.0000,0.0000,0.9704,-0.2185,-0.1028,0.2209,0.9752,0.0125,0.0975,-0.0348,0.9946),
      ["Head"] = CFrame.new(0.0000,0.0000,0.0000,0.9431,0.1796,-0.2798,-0.1547,0.9819,0.1088,0.2943,-0.0593,0.9539),
      ["RightUpperArm"] = CFrame.new(-0.0191,-0.1370,0.0347,0.9117,-0.0608,-0.4062,0.2134,0.9152,0.3419,0.3510,-0.3984,0.8474),
      ["RightLowerArm"] = CFrame.new(0.0000,0.0000,0.0033,1.0000,-0.0000,0.0000,0.0000,0.8210,-0.5710,0.0000,0.5710,0.8210),
      ["RightHand"] = CFrame.new(0.0000,0.0000,0.0000,0.9941,0.0382,0.1015,-0.0594,0.9749,0.2147,-0.0907,-0.2195,0.9714),
      ["LeftUpperLeg"] = CFrame.new(0.0000,0.0000,0.0000,0.9677,0.2453,-0.0583,0.0224,-0.3140,-0.9492,-0.2511,0.9172,-0.3093),
      ["LeftLowerLeg"] = CFrame.new(0.0000,0.0002,-0.0029,1.0000,-0.0000,0.0000,0.0000,0.4228,0.9062,-0.0000,-0.9062,0.4228),
      ["LeftFoot"] = CFrame.new(0.0000,-0.0002,0.0000,0.9958,-0.0852,-0.0324,0.0911,0.9328,0.3487,0.0005,-0.3502,0.9367),
      ["RightUpperLeg"] = CFrame.new(-0.0406,0.3538,-0.3112,0.9322,-0.3093,-0.1877,0.1516,0.8051,-0.5735,0.3285,0.5062,0.7974),
      ["RightLowerLeg"] = CFrame.new(0.0000,0.0000,-0.0030,1.0000,-0.0000,0.0000,0.0000,0.0984,0.9951,-0.0000,-0.9951,0.0984),
      ["RightFoot"] = CFrame.new(0.0000,0.0000,0.0000,0.9565,0.2726,0.1038,-0.0283,0.4409,-0.8971,-0.2903,0.8551,0.4295),
    }},
    {Time = 0.667, Data = {
      ["HumanoidRootPart"] = CFrame.new(0.0000,0.0000,0.0000,1.0000,0.0000,0.0000,0.0000,1.0000,0.0000,0.0000,0.0000,1.0000),
      ["LowerTorso"] = CFrame.new(0.0000,-0.9123,0.0000,1.0000,-0.0000,0.0000,0.0000,0.9331,0.3597,-0.0000,-0.3597,0.9331),
      ["UpperTorso"] = CFrame.new(0.0000,0.0000,0.0000,0.9431,-0.1547,0.2943,0.1155,0.9824,0.1465,-0.3118,-0.1042,0.9444),
      ["LeftUpperArm"] = CFrame.new(0.2020,-0.0394,0.0140,0.8690,-0.0170,-0.4946,-0.1078,0.9689,-0.2227,0.4830,0.2469,0.8401),
      ["LeftLowerArm"] = CFrame.new(-0.0005,-0.0001,0.0033,1.0000,-0.0000,0.0000,0.0000,0.5989,-0.8008,0.0000,0.8008,0.5989),
      ["LeftHand"] = CFrame.new(0.0000,0.0000,0.0000,0.9695,-0.2176,-0.1124,0.2205,0.9753,0.0139,0.1066,-0.0383,0.9936),
      ["Head"] = CFrame.new(0.0000,0.0000,0.0000,0.9431,0.1812,-0.2788,-0.1547,0.9813,0.1143,0.2943,-0.0646,0.9535),
      ["RightUpperArm"] = CFrame.new(-0.0191,-0.1370,0.0347,0.9117,-0.0622,-0.4061,0.2135,0.9163,0.3389,0.3511,-0.3956,0.8487),
      ["RightLowerArm"] = CFrame.new(0.0000,0.0000,0.0033,1.0000,-0.0000,0.0000,0.0000,0.8151,-0.5793,0.0000,0.5793,0.8151),
      ["RightHand"] = CFrame.new(0.0000,0.0000,0.0000,0.9937,0.0423,0.1039,-0.0648,0.9724,0.2239,-0.0915,-0.2292,0.9691),
      ["LeftUpperLeg"] = CFrame.new(0.0000,0.0000,0.0000,0.9677,0.2450,-0.0596,0.0222,-0.3180,-0.9478,-0.2512,0.9159,-0.3132),
      ["LeftLowerLeg"] = CFrame.new(0.0000,0.0002,-0.0029,1.0000,-0.0000,0.0000,0.0000,0.4188,0.9081,-0.0000,-0.9081,0.4188),
      ["LeftFoot"] = CFrame.new(0.0000,-0.0002,0.0000,0.9958,-0.0853,-0.0324,0.0913,0.9327,0.3490,0.0005,-0.3505,0.9366),
      ["RightUpperLeg"] = CFrame.new(-0.0406,0.3538,-0.3112,0.9320,-0.3103,-0.1873,0.1523,0.8042,-0.5745,0.3290,0.5069,0.7968),
      ["RightLowerLeg"] = CFrame.new(0.0000,0.0000,-0.0030,1.0000,-0.0000,0.0000,0.0000,0.0941,0.9956,-0.0000,-0.9956,0.0941),
      ["RightFoot"] = CFrame.new(0.0000,0.0000,0.0000,0.9563,0.2734,0.1041,-0.0275,0.4383,-0.8984,-0.2912,0.8562,0.4267),
    }},
    {Time = 0.700, Data = {
      ["HumanoidRootPart"] = CFrame.new(0.0000,0.0000,0.0000,1.0000,0.0000,0.0000,0.0000,1.0000,0.0000,0.0000,0.0000,1.0000),
      ["LowerTorso"] = CFrame.new(0.0000,-0.9153,0.0000,1.0000,-0.0000,0.0000,0.0000,0.9331,0.3597,-0.0000,-0.3597,0.9331),
      ["UpperTorso"] = CFrame.new(0.0000,0.0000,0.0000,0.9431,-0.1547,0.2943,0.1155,0.9824,0.1465,-0.3118,-0.1042,0.9444),
      ["LeftUpperArm"] = CFrame.new(0.2018,-0.0385,0.0145,0.8686,-0.0178,-0.4952,-0.1060,0.9695,-0.2208,0.4840,0.2443,0.8403),
      ["LeftLowerArm"] = CFrame.new(-0.0005,-0.0001,0.0033,1.0000,-0.0000,0.0000,0.0000,0.5947,-0.8040,0.0000,0.8040,0.5947),
      ["LeftHand"] = CFrame.new(0.0000,0.0000,0.0000,0.9686,-0.2166,-0.1220,0.2200,0.9754,0.0153,0.1156,-0.0417,0.9924),
      ["Head"] = CFrame.new(0.0000,0.0000,0.0000,0.9431,0.1830,-0.2776,-0.1547,0.9806,0.1206,0.2943,-0.0708,0.9531),
      ["RightUpperArm"] = CFrame.new(-0.0191,-0.1370,0.0347,0.9117,-0.0641,-0.4059,0.2135,0.9178,0.3347,0.3511,-0.3918,0.8504),
      ["RightLowerArm"] = CFrame.new(0.0000,0.0000,0.0033,1.0000,-0.0000,0.0000,0.0000,0.8094,-0.5872,0.0000,0.5872,0.8094),
      ["RightHand"] = CFrame.new(0.0000,0.0000,0.0000,0.9933,0.0463,0.1062,-0.0702,0.9699,0.2330,-0.0923,-0.2389,0.9667),
      ["LeftUpperLeg"] = CFrame.new(0.0000,0.0000,0.0000,0.9677,0.2448,-0.0608,0.0220,-0.3220,-0.9465,-0.2513,0.9145,-0.3170),
      ["LeftLowerLeg"] = CFrame.new(0.0000,0.0002,-0.0029,1.0000,-0.0000,0.0000,0.0000,0.4149,0.9099,-0.0000,-0.9099,0.4149),
      ["LeftFoot"] = CFrame.new(0.0000,-0.0002,0.0000,0.9958,-0.0854,-0.0325,0.0914,0.9325,0.3494,0.0005,-0.3509,0.9364),
      ["RightUpperLeg"] = CFrame.new(-0.0406,0.3538,-0.3112,0.9317,-0.3114,-0.1870,0.1530,0.8034,-0.5755,0.3294,0.5076,0.7962),
      ["RightLowerLeg"] = CFrame.new(0.0000,0.0000,-0.0030,1.0000,-0.0000,0.0000,0.0000,0.0899,0.9959,-0.0000,-0.9959,0.0899),
      ["RightFoot"] = CFrame.new(0.0000,0.0000,0.0000,0.9560,0.2741,0.1044,-0.0267,0.4357,-0.8997,-0.2921,0.8573,0.4239),
    }},
    {Time = 0.733, Data = {
      ["HumanoidRootPart"] = CFrame.new(0.0000,0.0000,0.0000,1.0000,0.0000,0.0000,0.0000,1.0000,0.0000,0.0000,0.0000,1.0000),
      ["LowerTorso"] = CFrame.new(0.0000,-0.9183,0.0000,1.0000,-0.0000,0.0000,0.0000,0.9331,0.3597,-0.0000,-0.3597,0.9331),
      ["UpperTorso"] = CFrame.new(0.0000,0.0000,0.0000,0.9431,-0.1547,0.2943,0.1155,0.9824,0.1465,-0.3118,-0.1042,0.9444),
      ["LeftUpperArm"] = CFrame.new(0.2016,-0.0376,0.0150,0.8683,-0.0186,-0.4957,-0.1043,0.9701,-0.2189,0.4850,0.2418,0.8404),
      ["LeftLowerArm"] = CFrame.new(-0.0005,-0.0001,0.0033,1.0000,-0.0000,0.0000,0.0000,0.5905,-0.8071,0.0000,0.8071,0.5905),
      ["LeftHand"] = CFrame.new(0.0000,0.0000,0.0000,0.9676,-0.2156,-0.1314,0.2196,0.9754,0.0167,0.1245,-0.0450,0.9912),
      ["Head"] = CFrame.new(0.0000,0.0000,0.0000,0.9431,0.1850,-0.2763,-0.1547,0.9797,0.1277,0.2943,-0.0777,0.9525),
      ["RightUpperArm"] = CFrame.new(-0.0191,-0.1370,0.0346,0.9117,-0.0663,-0.4055,0.2135,0.9197,0.3296,0.3511,-0.3871,0.8526),
      ["RightLowerArm"] = CFrame.new(0.0000,0.0000,0.0033,1.0000,-0.0000,0.0000,0.0000,0.8040,-0.5946,0.0000,0.5946,0.8040),
      ["RightHand"] = CFrame.new(0.0000,0.0000,0.0000,0.9928,0.0503,0.1086,-0.0754,0.9674,0.2418,-0.0929,-0.2483,0.9642),
      ["LeftUpperLeg"] = CFrame.new(0.0000,0.0000,0.0000,0.9676,0.2446,-0.0621,0.0217,-0.3259,-0.9451,-0.2514,0.9132,-0.3207),
      ["LeftLowerLeg"] = CFrame.new(0.0000,0.0002,-0.0029,1.0000,-0.0000,0.0000,0.0000,0.4111,0.9116,-0.0000,-0.9116,0.4111),
      ["LeftFoot"] = CFrame.new(0.0000,-0.0002,0.0000,0.9958,-0.0856,-0.0325,0.0915,0.9324,0.3497,0.0004,-0.3512,0.9363),
      ["RightUpperLeg"] = CFrame.new(-0.0406,0.3538,-0.3112,0.9314,-0.3124,-0.1866,0.1537,0.8026,-0.5764,0.3298,0.5082,0.7956),
      ["RightLowerLeg"] = CFrame.new(0.0000,0.0000,-0.0030,1.0000,-0.0000,0.0000,0.0000,0.0858,0.9963,-0.0000,-0.9963,0.0858),
      ["RightFoot"] = CFrame.new(0.0000,0.0000,0.0000,0.9558,0.2749,0.1047,-0.0259,0.4332,-0.9009,-0.2930,0.8584,0.4211),
    }},
    {Time = 0.767, Data = {
      ["HumanoidRootPart"] = CFrame.new(0.0000,0.0000,0.0000,1.0000,0.0000,0.0000,0.0000,1.0000,0.0000,0.0000,0.0000,1.0000),
      ["LowerTorso"] = CFrame.new(0.0000,-0.9211,0.0000,1.0000,-0.0000,0.0000,0.0000,0.9331,0.3597,-0.0000,-0.3597,0.9331),
      ["UpperTorso"] = CFrame.new(0.0000,0.0000,0.0000,0.9431,-0.1547,0.2943,0.1155,0.9824,0.1465,-0.3118,-0.1042,0.9444),
      ["LeftUpperArm"] = CFrame.new(0.2014,-0.0367,0.0155,0.8679,-0.0193,-0.4963,-0.1025,0.9707,-0.2171,0.4860,0.2394,0.8405),
      ["LeftLowerArm"] = CFrame.new(-0.0005,-0.0001,0.0033,1.0000,-0.0000,0.0000,0.0000,0.5864,-0.8100,0.0000,0.8100,0.5864),
      ["LeftHand"] = CFrame.new(0.0000,0.0000,0.0000,0.9665,-0.2146,-0.1405,0.2192,0.9755,0.0181,0.1332,-0.0483,0.9899),
      ["Head"] = CFrame.new(0.0000,0.0000,0.0000,0.9431,0.1872,-0.2748,-0.1547,0.9786,0.1354,0.2943,-0.0852,0.9519),
      ["RightUpperArm"] = CFrame.new(-0.0191,-0.1370,0.0346,0.9117,-0.0690,-0.4051,0.2135,0.9218,0.3236,0.3511,-0.3815,0.8551),
      ["RightLowerArm"] = CFrame.new(0.0000,0.0000,0.0033,1.0000,-0.0000,0.0000,0.0000,0.7988,-0.6016,0.0000,0.6016,0.7988),
      ["RightHand"] = CFrame.new(0.0000,0.0000,0.0000,0.9924,0.0541,0.1110,-0.0806,0.9648,0.2505,-0.0935,-0.2575,0.9617),
      ["LeftUpperLeg"] = CFrame.new(0.0000,0.0000,0.0000,0.9676,0.2444,-0.0633,0.0215,-0.3297,-0.9438,-0.2515,0.9119,-0.3243),
      ["LeftLowerLeg"] = CFrame.new(0.0000,0.0002,-0.0029,1.0000,-0.0000,0.0000,0.0000,0.4073,0.9133,-0.0000,-0.9133,0.4073),
      ["LeftFoot"] = CFrame.new(0.0000,-0.0002,0.0000,0.9958,-0.0857,-0.0326,0.0917,0.9322,0.3501,0.0004,-0.3516,0.9361),
      ["RightUpperLeg"] = CFrame.new(-0.0406,0.3538,-0.3112,0.9312,-0.3134,-0.1862,0.1544,0.8018,-0.5773,0.3302,0.5089,0.7950),
      ["RightLowerLeg"] = CFrame.new(0.0000,0.0000,-0.0030,1.0000,-0.0000,0.0000,0.0000,0.0818,0.9966,-0.0000,-0.9966,0.0818),
      ["RightFoot"] = CFrame.new(0.0000,0.0000,0.0000,0.9555,0.2756,0.1050,-0.0251,0.4307,-0.9022,-0.2939,0.8594,0.4184),
    }},
    {Time = 0.800, Data = {
      ["HumanoidRootPart"] = CFrame.new(0.0000,0.0000,0.0000,1.0000,0.0000,0.0000,0.0000,1.0000,0.0000,0.0000,0.0000,1.0000),
      ["LowerTorso"] = CFrame.new(0.0000,-0.9239,0.0000,1.0000,-0.0000,0.0000,0.0000,0.9331,0.3597,-0.0000,-0.3597,0.9331),
      ["UpperTorso"] = CFrame.new(0.0000,0.0000,0.0000,0.9431,-0.1547,0.2943,0.1155,0.9824,0.1465,-0.3118,-0.1042,0.9444),
      ["LeftUpperArm"] = CFrame.new(0.2013,-0.0359,0.0159,0.8676,-0.0201,-0.4969,-0.1009,0.9713,-0.2154,0.4870,0.2370,0.8407),
      ["LeftLowerArm"] = CFrame.new(-0.0005,-0.0001,0.0033,1.0000,-0.0000,0.0000,0.0000,0.5824,-0.8129,0.0000,0.8129,0.5824),
      ["LeftHand"] = CFrame.new(0.0000,0.0000,0.0000,0.9654,-0.2136,-0.1494,0.2188,0.9756,0.0194,0.1416,-0.0514,0.9886),
      ["Head"] = CFrame.new(0.0000,0.0000,0.0000,0.9431,0.1895,-0.2733,-0.1547,0.9775,0.1436,0.2943,-0.0932,0.9512),
      ["RightUpperArm"] = CFrame.new(-0.0190,-0.1370,0.0346,0.9117,-0.0720,-0.4046,0.2135,0.9242,0.3168,0.3511,-0.3752,0.8579),
      ["RightLowerArm"] = CFrame.new(0.0000,0.0000,0.0033,1.0000,-0.0000,0.0000,0.0000,0.7938,-0.6082,0.0000,0.6082,0.7938),
      ["RightHand"] = CFrame.new(0.0000,0.0000,0.0000,0.9919,0.0578,0.1133,-0.0856,0.9621,0.2588,-0.0940,-0.2664,0.9593),
      ["LeftUpperLeg"] = CFrame.new(0.0000,0.0000,0.0000,0.9676,0.2441,-0.0645,0.0213,-0.3334,-0.9425,-0.2516,0.9106,-0.3278),
      ["LeftLowerLeg"] = CFrame.new(0.0000,0.0002,-0.0029,1.0000,-0.0000,0.0000,0.0000,0.4037,0.9149,-0.0000,-0.9149,0.4037),
      ["LeftFoot"] = CFrame.new(0.0000,-0.0002,0.0000,0.9958,-0.0858,-0.0326,0.0918,0.9321,0.3505,0.0003,-0.3520,0.9360),
      ["RightUpperLeg"] = CFrame.new(-0.0406,0.3538,-0.3112,0.9309,-0.3143,-0.1859,0.1550,0.8010,-0.5782,0.3307,0.5095,0.7944),
      ["RightLowerLeg"] = CFrame.new(0.0000,0.0000,-0.0030,1.0000,-0.0000,0.0000,0.0000,0.0779,0.9970,-0.0000,-0.9970,0.0779),
      ["RightFoot"] = CFrame.new(0.0000,0.0000,0.0000,0.9553,0.2763,0.1053,-0.0243,0.4282,-0.9033,-0.2947,0.8604,0.4158),
    }},
    {Time = 0.833, Data = {
      ["HumanoidRootPart"] = CFrame.new(0.0000,0.0000,0.0000,1.0000,0.0000,0.0000,0.0000,1.0000,0.0000,0.0000,0.0000,1.0000),
      ["LowerTorso"] = CFrame.new(0.0000,-0.9266,0.0000,1.0000,-0.0000,0.0000,0.0000,0.9331,0.3597,-0.0000,-0.3597,0.9331),
      ["UpperTorso"] = CFrame.new(0.0000,0.0000,0.0000,0.9431,-0.1547,0.2943,0.1155,0.9824,0.1465,-0.3118,-0.1042,0.9444),
      ["LeftUpperArm"] = CFrame.new(0.2011,-0.0351,0.0164,0.8673,-0.0209,-0.4974,-0.0992,0.9718,-0.2138,0.4879,0.2347,0.8408),
      ["LeftLowerArm"] = CFrame.new(-0.0005,-0.0001,0.0033,1.0000,-0.0000,0.0000,0.0000,0.5786,-0.8156,0.0000,0.8156,0.5786),
      ["LeftHand"] = CFrame.new(0.0000,0.0000,0.0000,0.9643,-0.2126,-0.1580,0.2185,0.9756,0.0207,0.1497,-0.0545,0.9872),
      ["Head"] = CFrame.new(0.0000,0.0000,0.0000,0.9431,0.1919,-0.2716,-0.1547,0.9761,0.1523,0.2943,-0.1016,0.9503),
      ["RightUpperArm"] = CFrame.new(-0.0190,-0.1371,0.0346,0.9117,-0.0752,-0.4040,0.2135,0.9267,0.3093,0.3511,-0.3682,0.8609),
      ["RightLowerArm"] = CFrame.new(0.0000,0.0000,0.0033,1.0000,-0.0000,0.0000,0.0000,0.7890,-0.6143,0.0000,0.6143,0.7890),
      ["RightHand"] = CFrame.new(0.0000,0.0000,0.0000,0.9914,0.0613,0.1156,-0.0904,0.9595,0.2669,-0.0945,-0.2750,0.9568),
      ["LeftUpperLeg"] = CFrame.new(0.0000,0.0000,0.0000,0.9676,0.2439,-0.0656,0.0211,-0.3370,-0.9413,-0.2517,0.9094,-0.3312),
      ["LeftLowerLeg"] = CFrame.new(0.0000,0.0002,-0.0029,1.0000,-0.0000,0.0000,0.0000,0.4002,0.9164,-0.0000,-0.9164,0.4002),
      ["LeftFoot"] = CFrame.new(0.0000,-0.0002,0.0000,0.9958,-0.0859,-0.0327,0.0919,0.9319,0.3508,0.0003,-0.3524,0.9359),
      ["RightUpperLeg"] = CFrame.new(-0.0406,0.3538,-0.3112,0.9307,-0.3153,-0.1855,0.1557,0.8003,-0.5791,0.3311,0.5101,0.7939),
      ["RightLowerLeg"] = CFrame.new(0.0000,0.0000,-0.0030,1.0000,-0.0000,0.0000,0.0000,0.0742,0.9972,-0.0000,-0.9972,0.0742),
      ["RightFoot"] = CFrame.new(0.0000,0.0000,0.0000,0.9550,0.2771,0.1055,-0.0236,0.4259,-0.9045,-0.2955,0.8613,0.4133),
    }},
    {Time = 0.867, Data = {
      ["HumanoidRootPart"] = CFrame.new(0.0000,0.0000,0.0000,1.0000,0.0000,0.0000,0.0000,1.0000,0.0000,0.0000,0.0000,1.0000),
      ["LowerTorso"] = CFrame.new(0.0000,-0.9292,0.0000,1.0000,-0.0000,0.0000,0.0000,0.9331,0.3597,-0.0000,-0.3597,0.9331),
      ["UpperTorso"] = CFrame.new(0.0000,0.0000,0.0000,0.9431,-0.1547,0.2943,0.1155,0.9824,0.1465,-0.3118,-0.1042,0.9444),
      ["LeftUpperArm"] = CFrame.new(0.2009,-0.0343,0.0169,0.8669,-0.0216,-0.4980,-0.0977,0.9723,-0.2122,0.4888,0.2326,0.8408),
      ["LeftLowerArm"] = CFrame.new(-0.0005,-0.0001,0.0033,1.0000,-0.0000,0.0000,0.0000,0.5750,-0.8181,0.0000,0.8181,0.5750),
      ["LeftHand"] = CFrame.new(0.0000,0.0000,0.0000,0.9631,-0.2116,-0.1661,0.2181,0.9757,0.0219,0.1575,-0.0574,0.9859),
      ["Head"] = CFrame.new(0.0000,0.0000,0.0000,0.9431,0.1943,-0.2698,-0.1547,0.9747,0.1612,0.2943,-0.1102,0.9493),
      ["RightUpperArm"] = CFrame.new(-0.0190,-0.1371,0.0346,0.9117,-0.0787,-0.4033,0.2135,0.9293,0.3012,0.3511,-0.3607,0.8641),
      ["RightLowerArm"] = CFrame.new(0.0000,0.0000,0.0033,1.0000,-0.0000,0.0000,0.0000,0.7845,-0.6201,0.0000,0.6201,0.7845),
      ["RightHand"] = CFrame.new(0.0000,0.0000,0.0000,0.9909,0.0646,0.1177,-0.0950,0.9569,0.2745,-0.0949,-0.2832,0.9543),
      ["LeftUpperLeg"] = CFrame.new(0.0000,0.0000,0.0000,0.9676,0.2437,-0.0667,0.0209,-0.3404,-0.9401,-0.2518,0.9082,-0.3344),
      ["LeftLowerLeg"] = CFrame.new(0.0000,0.0002,-0.0029,1.0000,-0.0000,0.0000,0.0000,0.3968,0.9179,-0.0000,-0.9179,0.3968),
      ["LeftFoot"] = CFrame.new(0.0000,-0.0002,0.0000,0.9958,-0.0860,-0.0327,0.0921,0.9318,0.3512,0.0003,-0.3527,0.9357),
      ["RightUpperLeg"] = CFrame.new(-0.0406,0.3538,-0.3112,0.9304,-0.3162,-0.1852,0.1563,0.7996,-0.5799,0.3314,0.5106,0.7934),
      ["RightLowerLeg"] = CFrame.new(0.0000,0.0000,-0.0030,1.0000,-0.0000,0.0000,0.0000,0.0706,0.9975,-0.0000,-0.9975,0.0706),
      ["RightFoot"] = CFrame.new(0.0000,0.0000,0.0000,0.9548,0.2777,0.1058,-0.0229,0.4237,-0.9055,-0.2963,0.8622,0.4109),
    }},
    {Time = 0.900, Data = {
      ["HumanoidRootPart"] = CFrame.new(0.0000,0.0000,0.0000,1.0000,0.0000,0.0000,0.0000,1.0000,0.0000,0.0000,0.0000,1.0000),
      ["LowerTorso"] = CFrame.new(0.0000,-0.9316,0.0000,1.0000,-0.0000,0.0000,0.0000,0.9331,0.3597,-0.0000,-0.3597,0.9331),
      ["UpperTorso"] = CFrame.new(0.0000,0.0000,0.0000,0.9431,-0.1547,0.2943,0.1155,0.9824,0.1465,-0.3118,-0.1042,0.9444),
      ["LeftUpperArm"] = CFrame.new(0.2008,-0.0336,0.0173,0.8666,-0.0223,-0.4985,-0.0962,0.9728,-0.2107,0.4896,0.2306,0.8409),
      ["LeftLowerArm"] = CFrame.new(-0.0005,-0.0001,0.0033,1.0000,-0.0000,0.0000,0.0000,0.5716,-0.8205,0.0000,0.8205,0.5716),
      ["LeftHand"] = CFrame.new(0.0000,0.0000,0.0000,0.9620,-0.2106,-0.1739,0.2178,0.9757,0.0231,0.1648,-0.0601,0.9845),
      ["Head"] = CFrame.new(0.0000,0.0000,0.0000,0.9431,0.1968,-0.2680,-0.1547,0.9732,0.1702,0.2943,-0.1191,0.9483),
      ["RightUpperArm"] = CFrame.new(-0.0190,-0.1371,0.0346,0.9117,-0.0824,-0.4026,0.2135,0.9320,0.2928,0.3511,-0.3529,0.8673),
      ["RightLowerArm"] = CFrame.new(0.0000,0.0000,0.0033,1.0000,-0.0000,0.0000,0.0000,0.7801,-0.6256,0.0000,0.6256,0.7801),
      ["RightHand"] = CFrame.new(0.0000,0.0000,0.0000,0.9905,0.0678,0.1199,-0.0994,0.9543,0.2817,-0.0953,-0.2910,0.9520),
      ["LeftUpperLeg"] = CFrame.new(0.0000,0.0000,0.0000,0.9675,0.2435,-0.0677,0.0207,-0.3436,-0.9389,-0.2519,0.9070,-0.3375),
      ["LeftLowerLeg"] = CFrame.new(0.0000,0.0002,-0.0029,1.0000,-0.0000,0.0000,0.0000,0.3937,0.9192,-0.0000,-0.9192,0.3937),
      ["LeftFoot"] = CFrame.new(0.0000,-0.0002,0.0000,0.9957,-0.0861,-0.0328,0.0922,0.9316,0.3516,0.0002,-0.3531,0.9356),
      ["RightUpperLeg"] = CFrame.new(-0.0406,0.3538,-0.3112,0.9302,-0.3170,-0.1849,0.1568,0.7989,-0.5806,0.3318,0.5111,0.7929),
      ["RightLowerLeg"] = CFrame.new(0.0000,0.0000,-0.0030,1.0000,-0.0000,0.0000,0.0000,0.0672,0.9977,-0.0000,-0.9977,0.0672),
      ["RightFoot"] = CFrame.new(0.0000,0.0000,0.0000,0.9546,0.2784,0.1060,-0.0222,0.4215,-0.9065,-0.2971,0.8630,0.4086),
    }},
    {Time = 0.933, Data = {
      ["HumanoidRootPart"] = CFrame.new(0.0000,0.0000,0.0000,1.0000,0.0000,0.0000,0.0000,1.0000,0.0000,0.0000,0.0000,1.0000),
      ["LowerTorso"] = CFrame.new(0.0000,-0.9339,0.0000,1.0000,-0.0000,0.0000,0.0000,0.9331,0.3597,-0.0000,-0.3597,0.9331),
      ["UpperTorso"] = CFrame.new(0.0000,0.0000,0.0000,0.9431,-0.1547,0.2943,0.1155,0.9824,0.1465,-0.3118,-0.1042,0.9444),
      ["LeftUpperArm"] = CFrame.new(0.2006,-0.0329,0.0177,0.8663,-0.0230,-0.4990,-0.0948,0.9732,-0.2094,0.4904,0.2287,0.8410),
      ["LeftLowerArm"] = CFrame.new(-0.0005,-0.0001,0.0033,1.0000,-0.0000,0.0000,0.0000,0.5684,-0.8227,0.0000,0.8227,0.5684),
      ["LeftHand"] = CFrame.new(0.0000,0.0000,0.0000,0.9608,-0.2097,-0.1811,0.2176,0.9757,0.0242,0.1717,-0.0627,0.9832),
      ["Head"] = CFrame.new(0.0000,0.0000,0.0000,0.9431,0.1994,-0.2661,-0.1547,0.9715,0.1794,0.2943,-0.1280,0.9471),
      ["RightUpperArm"] = CFrame.new(-0.0190,-0.1371,0.0346,0.9117,-0.0861,-0.4018,0.2135,0.9347,0.2841,0.3511,-0.3448,0.8706),
      ["RightLowerArm"] = CFrame.new(0.0000,0.0000,0.0033,1.0000,-0.0000,0.0000,0.0000,0.7758,-0.6310,0.0000,0.6310,0.7758),
      ["RightHand"] = CFrame.new(0.0000,0.0000,0.0000,0.9900,0.0708,0.1218,-0.1035,0.9519,0.2885,-0.0956,-0.2982,0.9497),
      ["LeftUpperLeg"] = CFrame.new(0.0000,0.0000,0.0000,0.9675,0.2433,-0.0687,0.0205,-0.3466,-0.9378,-0.2520,0.9059,-0.3403),
      ["LeftLowerLeg"] = CFrame.new(0.0000,0.0002,-0.0029,1.0000,-0.0000,0.0000,0.0000,0.3908,0.9205,-0.0000,-0.9205,0.3908),
      ["LeftFoot"] = CFrame.new(0.0000,-0.0002,0.0000,0.9957,-0.0862,-0.0328,0.0923,0.9315,0.3519,0.0002,-0.3535,0.9355),
      ["RightUpperLeg"] = CFrame.new(-0.0406,0.3538,-0.3112,0.9300,-0.3178,-0.1846,0.1574,0.7983,-0.5813,0.3321,0.5116,0.7924),
      ["RightLowerLeg"] = CFrame.new(0.0000,0.0000,-0.0030,1.0000,-0.0000,0.0000,0.0000,0.0640,0.9979,-0.0000,-0.9979,0.0640),
      ["RightFoot"] = CFrame.new(0.0000,0.0000,0.0000,0.9544,0.2790,0.1063,-0.0216,0.4195,-0.9075,-0.2978,0.8638,0.4064),
    }},
    {Time = 0.967, Data = {
      ["HumanoidRootPart"] = CFrame.new(0.0000,0.0000,0.0000,1.0000,0.0000,0.0000,0.0000,1.0000,0.0000,0.0000,0.0000,1.0000),
      ["LowerTorso"] = CFrame.new(0.0000,-0.9360,0.0000,1.0000,-0.0000,0.0000,0.0000,0.9331,0.3597,-0.0000,-0.3597,0.9331),
      ["UpperTorso"] = CFrame.new(0.0000,0.0000,0.0000,0.9431,-0.1547,0.2943,0.1155,0.9824,0.1465,-0.3118,-0.1042,0.9444),
      ["LeftUpperArm"] = CFrame.new(0.2005,-0.0322,0.0180,0.8660,-0.0236,-0.4994,-0.0935,0.9736,-0.2081,0.4911,0.2269,0.8410),
      ["LeftLowerArm"] = CFrame.new(-0.0005,-0.0001,0.0033,1.0000,-0.0000,0.0000,0.0000,0.5655,-0.8247,0.0000,0.8247,0.5655),
      ["LeftHand"] = CFrame.new(0.0000,0.0000,0.0000,0.9597,-0.2089,-0.1878,0.2173,0.9758,0.0252,0.1780,-0.0650,0.9819),
      ["Head"] = CFrame.new(0.0000,0.0000,0.0000,0.9431,0.2018,-0.2643,-0.1547,0.9698,0.1885,0.2943,-0.1369,0.9459),
      ["RightUpperArm"] = CFrame.new(-0.0190,-0.1371,0.0346,0.9117,-0.0898,-0.4010,0.2135,0.9373,0.2754,0.3511,-0.3367,0.8737),
      ["RightLowerArm"] = CFrame.new(0.0000,0.0000,0.0033,1.0000,-0.0000,0.0000,0.0000,0.7714,-0.6364,0.0000,0.6364,0.7714),
      ["RightHand"] = CFrame.new(0.0000,0.0000,0.0000,0.9896,0.0735,0.1237,-0.1073,0.9495,0.2947,-0.0958,-0.3049,0.9475),
      ["LeftUpperLeg"] = CFrame.new(0.0000,0.0000,0.0000,0.9675,0.2431,-0.0696,0.0204,-0.3493,-0.9368,-0.2520,0.9049,-0.3429),
      ["LeftLowerLeg"] = CFrame.new(0.0000,0.0002,-0.0029,1.0000,-0.0000,0.0000,0.0000,0.3881,0.9216,-0.0000,-0.9216,0.3881),
      ["LeftFoot"] = CFrame.new(0.0000,-0.0002,0.0000,0.9957,-0.0863,-0.0328,0.0924,0.9313,0.3523,0.0002,-0.3538,0.9353),
      ["RightUpperLeg"] = CFrame.new(-0.0406,0.3538,-0.3112,0.9298,-0.3186,-0.1844,0.1579,0.7977,-0.5820,0.3325,0.5120,0.7920),
      ["RightLowerLeg"] = CFrame.new(0.0000,0.0000,-0.0030,1.0000,-0.0000,0.0000,0.0000,0.0611,0.9981,-0.0000,-0.9981,0.0611),
      ["RightFoot"] = CFrame.new(0.0000,0.0000,0.0000,0.9542,0.2796,0.1065,-0.0210,0.4177,-0.9083,-0.2984,0.8645,0.4044),
    }},
    {Time = 1.000, Data = {
      ["HumanoidRootPart"] = CFrame.new(0.0000,0.0000,0.0000,1.0000,0.0000,0.0000,0.0000,1.0000,0.0000,0.0000,0.0000,1.0000),
      ["LowerTorso"] = CFrame.new(0.0000,-0.9379,0.0000,1.0000,-0.0000,0.0000,0.0000,0.9331,0.3597,-0.0000,-0.3597,0.9331),
      ["UpperTorso"] = CFrame.new(0.0000,0.0000,0.0000,0.9431,-0.1547,0.2943,0.1155,0.9824,0.1465,-0.3118,-0.1042,0.9444),
      ["LeftUpperArm"] = CFrame.new(0.2004,-0.0316,0.0184,0.8658,-0.0242,-0.4998,-0.0923,0.9740,-0.2070,0.4918,0.2253,0.8410),
      ["LeftLowerArm"] = CFrame.new(-0.0005,-0.0001,0.0033,1.0000,-0.0000,0.0000,0.0000,0.5628,-0.8266,0.0000,0.8266,0.5628),
      ["LeftHand"] = CFrame.new(0.0000,0.0000,0.0000,0.9587,-0.2081,-0.1939,0.2171,0.9758,0.0262,0.1838,-0.0672,0.9807),
      ["Head"] = CFrame.new(0.0000,0.0000,0.0000,0.9431,0.2043,-0.2624,-0.1547,0.9680,0.1974,0.2943,-0.1456,0.9446),
      ["RightUpperArm"] = CFrame.new(-0.0190,-0.1371,0.0346,0.9117,-0.0935,-0.4001,0.2135,0.9398,0.2668,0.3511,-0.3287,0.8768),
      ["RightLowerArm"] = CFrame.new(0.0000,0.0000,0.0033,1.0000,-0.0000,0.0000,0.0000,0.7669,-0.6417,0.0000,0.6417,0.7669),
      ["RightHand"] = CFrame.new(0.0000,0.0000,0.0000,0.9892,0.0759,0.1254,-0.1108,0.9474,0.3004,-0.0960,-0.3110,0.9455),
      ["LeftUpperLeg"] = CFrame.new(0.0000,0.0000,0.0000,0.9675,0.2429,-0.0704,0.0202,-0.3519,-0.9358,-0.2521,0.9040,-0.3453),
      ["LeftLowerLeg"] = CFrame.new(0.0000,0.0002,-0.0029,1.0000,-0.0000,0.0000,0.0000,0.3856,0.9227,-0.0000,-0.9227,0.3856),
      ["LeftFoot"] = CFrame.new(0.0000,-0.0002,0.0000,0.9957,-0.0864,-0.0329,0.0925,0.9312,0.3526,0.0001,-0.3541,0.9352),
      ["RightUpperLeg"] = CFrame.new(-0.0406,0.3538,-0.3112,0.9296,-0.3192,-0.1841,0.1584,0.7972,-0.5826,0.3328,0.5124,0.7917),
      ["RightLowerLeg"] = CFrame.new(0.0000,0.0000,-0.0030,1.0000,-0.0000,0.0000,0.0000,0.0584,0.9983,-0.0000,-0.9983,0.0584),
      ["RightFoot"] = CFrame.new(0.0000,0.0000,0.0000,0.9540,0.2801,0.1067,-0.0205,0.4160,-0.9091,-0.2990,0.8652,0.4026),
    }},
    {Time = 1.033, Data = {
      ["HumanoidRootPart"] = CFrame.new(0.0000,0.0000,0.0000,1.0000,0.0000,0.0000,0.0000,1.0000,0.0000,0.0000,0.0000,1.0000),
      ["LowerTorso"] = CFrame.new(0.0000,-0.9397,0.0000,1.0000,-0.0000,0.0000,0.0000,0.9331,0.3597,-0.0000,-0.3597,0.9331),
      ["UpperTorso"] = CFrame.new(0.0000,0.0000,0.0000,0.9431,-0.1547,0.2943,0.1155,0.9824,0.1465,-0.3118,-0.1042,0.9444),
      ["LeftUpperArm"] = CFrame.new(0.2003,-0.0311,0.0187,0.8656,-0.0247,-0.5002,-0.0912,0.9743,-0.2060,0.4924,0.2239,0.8411),
      ["LeftLowerArm"] = CFrame.new(-0.0005,-0.0001,0.0033,1.0000,-0.0000,0.0000,0.0000,0.5604,-0.8282,0.0000,0.8282,0.5604),
      ["LeftHand"] = CFrame.new(0.0000,0.0000,0.0000,0.9577,-0.2073,-0.1994,0.2169,0.9758,0.0270,0.1890,-0.0691,0.9795),
      ["Head"] = CFrame.new(0.0000,0.0000,0.0000,0.9431,0.2066,-0.2605,-0.1547,0.9662,0.2061,0.2943,-0.1540,0.9432),
      ["RightUpperArm"] = CFrame.new(-0.0190,-0.1371,0.0346,0.9117,-0.0971,-0.3993,0.2136,0.9421,0.2585,0.3511,-0.3210,0.8796),
      ["RightLowerArm"] = CFrame.new(0.0000,0.0000,0.0033,1.0000,-0.0000,0.0000,0.0000,0.7623,-0.6473,0.0000,0.6473,0.7623),
      ["RightHand"] = CFrame.new(0.0000,0.0000,0.0000,0.9888,0.0781,0.1270,-0.1139,0.9454,0.3054,-0.0962,-0.3165,0.9437),
      ["LeftUpperLeg"] = CFrame.new(0.0000,0.0000,0.0000,0.9675,0.2427,-0.0712,0.0201,-0.3541,-0.9350,-0.2522,0.9032,-0.3475),
      ["LeftLowerLeg"] = CFrame.new(0.0000,0.0002,-0.0029,1.0000,-0.0000,0.0000,0.0000,0.3834,0.9236,-0.0000,-0.9236,0.3834),
      ["LeftFoot"] = CFrame.new(0.0000,-0.0002,0.0000,0.9957,-0.0865,-0.0329,0.0926,0.9311,0.3529,0.0001,-0.3544,0.9351),
      ["RightUpperLeg"] = CFrame.new(-0.0406,0.3538,-0.3112,0.9294,-0.3198,-0.1839,0.1588,0.7967,-0.5831,0.3330,0.5127,0.7913),
      ["RightLowerLeg"] = CFrame.new(0.0000,0.0000,-0.0030,1.0000,-0.0000,0.0000,0.0000,0.0560,0.9984,-0.0000,-0.9984,0.0560),
      ["RightFoot"] = CFrame.new(0.0000,0.0000,0.0000,0.9539,0.2805,0.1069,-0.0200,0.4145,-0.9098,-0.2995,0.8657,0.4010),
    }},
    {Time = 1.067, Data = {
      ["HumanoidRootPart"] = CFrame.new(0.0000,0.0000,0.0000,1.0000,0.0000,0.0000,0.0000,1.0000,0.0000,0.0000,0.0000,1.0000),
      ["LowerTorso"] = CFrame.new(0.0000,-0.9412,0.0000,1.0000,-0.0000,0.0000,0.0000,0.9331,0.3597,-0.0000,-0.3597,0.9331),
      ["UpperTorso"] = CFrame.new(0.0000,0.0000,0.0000,0.9431,-0.1547,0.2943,0.1155,0.9824,0.1465,-0.3118,-0.1042,0.9444),
      ["LeftUpperArm"] = CFrame.new(0.2002,-0.0306,0.0189,0.8654,-0.0252,-0.5005,-0.0903,0.9746,-0.2051,0.4929,0.2227,0.8411),
      ["LeftLowerArm"] = CFrame.new(-0.0005,-0.0001,0.0033,1.0000,-0.0000,0.0000,0.0000,0.5584,-0.8296,0.0000,0.8296,0.5584),
      ["LeftHand"] = CFrame.new(0.0000,0.0000,0.0000,0.9569,-0.2067,-0.2042,0.2167,0.9758,0.0277,0.1935,-0.0708,0.9785),
      ["Head"] = CFrame.new(0.0000,0.0000,0.0000,0.9431,0.2088,-0.2588,-0.1547,0.9644,0.2144,0.2943,-0.1621,0.9419),
      ["RightUpperArm"] = CFrame.new(-0.0190,-0.1371,0.0346,0.9116,-0.1004,-0.3986,0.2136,0.9442,0.2508,0.3511,-0.3137,0.8822),
      ["RightLowerArm"] = CFrame.new(0.0000,0.0000,0.0033,1.0000,-0.0000,0.0000,0.0000,0.7572,-0.6532,0.0000,0.6532,0.7572),
      ["RightHand"] = CFrame.new(0.0000,0.0000,0.0000,0.9885,0.0800,0.1283,-0.1166,0.9436,0.3098,-0.0963,-0.3212,0.9421),
      ["LeftUpperLeg"] = CFrame.new(0.0000,0.0000,0.0000,0.9675,0.2426,-0.0718,0.0200,-0.3561,-0.9342,-0.2522,0.9024,-0.3493),
      ["LeftLowerLeg"] = CFrame.new(0.0000,0.0002,-0.0029,1.0000,-0.0000,0.0000,0.0000,0.3815,0.9244,-0.0000,-0.9244,0.3815),
      ["LeftFoot"] = CFrame.new(0.0000,-0.0002,0.0000,0.9957,-0.0866,-0.0329,0.0926,0.9310,0.3531,0.0001,-0.3547,0.9350),
      ["RightUpperLeg"] = CFrame.new(-0.0406,0.3538,-0.3112,0.9293,-0.3204,-0.1837,0.1592,0.7963,-0.5835,0.3333,0.5130,0.7910),
      ["RightLowerLeg"] = CFrame.new(0.0000,0.0000,-0.0030,1.0000,-0.0000,0.0000,0.0000,0.0540,0.9985,-0.0000,-0.9985,0.0540),
      ["RightFoot"] = CFrame.new(0.0000,0.0000,0.0000,0.9537,0.2809,0.1070,-0.0195,0.4132,-0.9104,-0.3000,0.8662,0.3995),
    }},
    {Time = 1.100, Data = {
      ["HumanoidRootPart"] = CFrame.new(0.0000,0.0000,0.0000,1.0000,0.0000,0.0000,0.0000,1.0000,0.0000,0.0000,0.0000,1.0000),
      ["LowerTorso"] = CFrame.new(0.0000,-0.9424,0.0000,1.0000,-0.0000,0.0000,0.0000,0.9331,0.3597,-0.0000,-0.3597,0.9331),
      ["UpperTorso"] = CFrame.new(0.0000,0.0000,0.0000,0.9431,-0.1547,0.2943,0.1155,0.9824,0.1465,-0.3118,-0.1042,0.9444),
      ["LeftUpperArm"] = CFrame.new(0.2001,-0.0302,0.0192,0.8652,-0.0255,-0.5008,-0.0895,0.9748,-0.2044,0.4934,0.2216,0.8411),
      ["LeftLowerArm"] = CFrame.new(-0.0005,-0.0001,0.0033,1.0000,-0.0000,0.0000,0.0000,0.5566,-0.8308,0.0000,0.8308,0.5566),
      ["LeftHand"] = CFrame.new(0.0000,0.0000,0.0000,0.9561,-0.2062,-0.2082,0.2166,0.9759,0.0284,0.1973,-0.0722,0.9777),
      ["Head"] = CFrame.new(0.0000,0.0000,0.0000,0.9431,0.2109,-0.2571,-0.1547,0.9626,0.2222,0.2943,-0.1697,0.9405),
      ["RightUpperArm"] = CFrame.new(-0.0190,-0.1372,0.0346,0.9116,-0.1034,-0.3979,0.2137,0.9460,0.2438,0.3512,-0.3072,0.8845),
      ["RightLowerArm"] = CFrame.new(0.0000,0.0000,0.0033,1.0000,-0.0000,0.0000,0.0000,0.7516,-0.6596,0.0000,0.6596,0.7516),
      ["RightHand"] = CFrame.new(0.0000,0.0000,0.0000,0.9882,0.0816,0.1295,-0.1189,0.9421,0.3135,-0.0964,-0.3253,0.9407),
      ["LeftUpperLeg"] = CFrame.new(0.0000,0.0000,0.0000,0.9675,0.2425,-0.0724,0.0199,-0.3578,-0.9336,-0.2523,0.9018,-0.3510),
      ["LeftLowerLeg"] = CFrame.new(0.0000,0.0002,-0.0029,1.0000,-0.0000,0.0000,0.0000,0.3797,0.9251,-0.0000,-0.9251,0.3797),
      ["LeftFoot"] = CFrame.new(0.0000,-0.0002,0.0000,0.9957,-0.0866,-0.0329,0.0927,0.9309,0.3533,0.0001,-0.3548,0.9349),
      ["RightUpperLeg"] = CFrame.new(-0.0406,0.3538,-0.3112,0.9292,-0.3208,-0.1836,0.1595,0.7960,-0.5839,0.3335,0.5133,0.7908),
      ["RightLowerLeg"] = CFrame.new(0.0000,0.0000,-0.0030,1.0000,-0.0000,0.0000,0.0000,0.0522,0.9986,-0.0000,-0.9986,0.0522),
      ["RightFoot"] = CFrame.new(0.0000,0.0000,0.0000,0.9536,0.2813,0.1072,-0.0192,0.4121,-0.9110,-0.3004,0.8666,0.3983),
    }},
    {Time = 1.133, Data = {
      ["HumanoidRootPart"] = CFrame.new(0.0000,0.0000,0.0000,1.0000,0.0000,0.0000,0.0000,1.0000,0.0000,0.0000,0.0000,1.0000),
      ["LowerTorso"] = CFrame.new(0.0000,-0.9435,0.0000,1.0000,-0.0000,0.0000,0.0000,0.9331,0.3597,-0.0000,-0.3597,0.9331),
      ["UpperTorso"] = CFrame.new(0.0000,0.0000,0.0000,0.9431,-0.1547,0.2943,0.1155,0.9824,0.1465,-0.3118,-0.1042,0.9444),
      ["LeftUpperArm"] = CFrame.new(0.2000,-0.0299,0.0193,0.8651,-0.0259,-0.5010,-0.0889,0.9750,-0.2038,0.4937,0.2208,0.8411),
      ["LeftLowerArm"] = CFrame.new(-0.0005,-0.0001,0.0033,1.0000,-0.0000,0.0000,0.0000,0.5552,-0.8317,0.0000,0.8317,0.5552),
      ["LeftHand"] = CFrame.new(0.0000,0.0000,0.0000,0.9555,-0.2057,-0.2114,0.2165,0.9759,0.0289,0.2003,-0.0733,0.9770),
      ["Head"] = CFrame.new(0.0000,0.0000,0.0000,0.9431,0.2129,-0.2555,-0.1547,0.9610,0.2294,0.2943,-0.1768,0.9392),
      ["RightUpperArm"] = CFrame.new(-0.0190,-0.1372,0.0345,0.9115,-0.1060,-0.3973,0.2138,0.9475,0.2377,0.3513,-0.3017,0.8863),
      ["RightLowerArm"] = CFrame.new(0.0000,0.0000,0.0033,1.0000,-0.0000,0.0000,0.0000,0.7453,-0.6667,0.0000,0.6667,0.7453),
      ["RightHand"] = CFrame.new(0.0000,0.0000,0.0000,0.9880,0.0829,0.1304,-0.1208,0.9409,0.3165,-0.0965,-0.3285,0.9396),
      ["LeftUpperLeg"] = CFrame.new(0.0000,0.0000,0.0000,0.9674,0.2424,-0.0728,0.0198,-0.3592,-0.9331,-0.2523,0.9013,-0.3523),
      ["LeftLowerLeg"] = CFrame.new(0.0000,0.0002,-0.0029,1.0000,-0.0000,0.0000,0.0000,0.3784,0.9256,-0.0000,-0.9256,0.3784),
      ["LeftFoot"] = CFrame.new(0.0000,-0.0002,0.0000,0.9957,-0.0867,-0.0329,0.0927,0.9308,0.3535,0.0000,-0.3550,0.9349),
      ["RightUpperLeg"] = CFrame.new(-0.0406,0.3538,-0.3112,0.9291,-0.3212,-0.1834,0.1597,0.7957,-0.5842,0.3336,0.5135,0.7906),
      ["RightLowerLeg"] = CFrame.new(0.0000,0.0000,-0.0030,1.0000,-0.0000,0.0000,0.0000,0.0508,0.9987,-0.0000,-0.9987,0.0508),
      ["RightFoot"] = CFrame.new(0.0000,0.0000,0.0000,0.9535,0.2816,0.1073,-0.0189,0.4112,-0.9114,-0.3007,0.8670,0.3974),
    }},
    {Time = 1.167, Data = {
      ["HumanoidRootPart"] = CFrame.new(0.0000,0.0000,0.0000,1.0000,0.0000,0.0000,0.0000,1.0000,0.0000,0.0000,0.0000,1.0000),
      ["LowerTorso"] = CFrame.new(0.0000,-0.9442,0.0000,1.0000,-0.0000,0.0000,0.0000,0.9331,0.3597,-0.0000,-0.3597,0.9331),
      ["UpperTorso"] = CFrame.new(0.0000,0.0000,0.0000,0.9431,-0.1547,0.2943,0.1155,0.9824,0.1465,-0.3118,-0.1042,0.9444),
      ["LeftUpperArm"] = CFrame.new(0.2000,-0.0297,0.0195,0.8650,-0.0261,-0.5012,-0.0884,0.9751,-0.2034,0.4940,0.2202,0.8411),
      ["LeftLowerArm"] = CFrame.new(-0.0005,-0.0001,0.0033,1.0000,-0.0000,0.0000,0.0000,0.5542,-0.8324,0.0000,0.8324,0.5542),
      ["LeftHand"] = CFrame.new(0.0000,0.0000,0.0000,0.9551,-0.2054,-0.2137,0.2164,0.9759,0.0292,0.2026,-0.0742,0.9765),
      ["Head"] = CFrame.new(0.0000,0.0000,0.0000,0.9431,0.2146,-0.2540,-0.1547,0.9594,0.2359,0.2943,-0.1832,0.9380),
      ["RightUpperArm"] = CFrame.new(-0.0189,-0.1373,0.0345,0.9115,-0.1082,-0.3969,0.2140,0.9487,0.2329,0.3513,-0.2973,0.8878),
      ["RightLowerArm"] = CFrame.new(0.0000,0.0000,0.0033,1.0000,-0.0000,0.0000,0.0000,0.7381,-0.6747,0.0000,0.6747,0.7381),
      ["RightHand"] = CFrame.new(0.0000,0.0000,0.0000,0.9878,0.0839,0.1311,-0.1221,0.9400,0.3187,-0.0965,-0.3308,0.9387),
      ["LeftUpperLeg"] = CFrame.new(0.0000,0.0000,0.0000,0.9674,0.2423,-0.0731,0.0197,-0.3601,-0.9327,-0.2523,0.9009,-0.3532),
      ["LeftLowerLeg"] = CFrame.new(0.0000,0.0002,-0.0029,1.0000,-0.0000,0.0000,0.0000,0.3774,0.9260,-0.0000,-0.9260,0.3774),
      ["LeftFoot"] = CFrame.new(0.0000,-0.0002,0.0000,0.9957,-0.0867,-0.0329,0.0928,0.9308,0.3536,-0.0000,-0.3551,0.9348),
      ["RightUpperLeg"] = CFrame.new(-0.0406,0.3538,-0.3112,0.9290,-0.3214,-0.1834,0.1599,0.7955,-0.5844,0.3337,0.5136,0.7904),
      ["RightLowerLeg"] = CFrame.new(0.0000,0.0000,-0.0030,1.0000,-0.0000,0.0000,0.0000,0.0498,0.9988,-0.0000,-0.9988,0.0498),
      ["RightFoot"] = CFrame.new(0.0000,0.0000,0.0000,0.9535,0.2818,0.1073,-0.0187,0.4105,-0.9117,-0.3010,0.8672,0.3967),
    }},
    {Time = 1.200, Data = {
      ["HumanoidRootPart"] = CFrame.new(0.0000,0.0000,0.0000,1.0000,0.0000,0.0000,0.0000,1.0000,0.0000,0.0000,0.0000,1.0000),
      ["LowerTorso"] = CFrame.new(0.0000,-0.9447,0.0000,1.0000,-0.0000,0.0000,0.0000,0.9331,0.3597,-0.0000,-0.3597,0.9331),
      ["UpperTorso"] = CFrame.new(0.0000,0.0000,0.0000,0.9431,-0.1547,0.2943,0.1155,0.9824,0.1465,-0.3118,-0.1042,0.9444),
      ["LeftUpperArm"] = CFrame.new(0.1999,-0.0295,0.0195,0.8649,-0.0262,-0.5012,-0.0881,0.9752,-0.2031,0.4941,0.2198,0.8411),
      ["LeftLowerArm"] = CFrame.new(-0.0005,-0.0001,0.0033,1.0000,-0.0000,0.0000,0.0000,0.5536,-0.8328,0.0000,0.8328,0.5536),
      ["LeftHand"] = CFrame.new(0.0000,0.0000,0.0000,0.9548,-0.2052,-0.2152,0.2163,0.9759,0.0294,0.2040,-0.0747,0.9761),
      ["Head"] = CFrame.new(0.0000,0.0000,0.0000,0.9431,0.2161,-0.2527,-0.1547,0.9579,0.2417,0.2943,-0.1888,0.9369),
      ["RightUpperArm"] = CFrame.new(-0.0189,-0.1374,0.0344,0.9114,-0.1097,-0.3967,0.2142,0.9494,0.2296,0.3514,-0.2942,0.8888),
      ["RightLowerArm"] = CFrame.new(0.0000,0.0000,0.0033,1.0000,-0.0000,0.0000,0.0000,0.7297,-0.6837,0.0000,0.6837,0.7297),
      ["RightHand"] = CFrame.new(0.0000,0.0000,0.0000,0.9877,0.0845,0.1315,-0.1229,0.9394,0.3200,-0.0965,-0.3323,0.9382),
      ["LeftUpperLeg"] = CFrame.new(0.0000,0.0000,0.0000,0.9674,0.2423,-0.0733,0.0197,-0.3607,-0.9325,-0.2524,0.9006,-0.3538),
      ["LeftLowerLeg"] = CFrame.new(0.0000,0.0002,-0.0029,1.0000,-0.0000,0.0000,0.0000,0.3769,0.9263,-0.0000,-0.9263,0.3769),
      ["LeftFoot"] = CFrame.new(0.0000,-0.0002,0.0000,0.9957,-0.0867,-0.0329,0.0928,0.9308,0.3537,-0.0000,-0.3552,0.9348),
      ["RightUpperLeg"] = CFrame.new(-0.0406,0.3538,-0.3112,0.9290,-0.3216,-0.1833,0.1600,0.7954,-0.5846,0.3338,0.5137,0.7904),
      ["RightLowerLeg"] = CFrame.new(0.0000,0.0000,-0.0030,1.0000,-0.0000,0.0000,0.0000,0.0491,0.9988,-0.0000,-0.9988,0.0491),
      ["RightFoot"] = CFrame.new(0.0000,0.0000,0.0000,0.9534,0.2819,0.1073,-0.0186,0.4101,-0.9119,-0.3011,0.8674,0.3962),
    }},
    {Time = 1.233, Data = {
      ["HumanoidRootPart"] = CFrame.new(0.0000,0.0000,0.0000,1.0000,0.0000,0.0000,0.0000,1.0000,0.0000,0.0000,0.0000,1.0000),
      ["LowerTorso"] = CFrame.new(0.0000,-0.9448,0.0000,1.0000,-0.0000,0.0000,0.0000,0.9331,0.3597,-0.0000,-0.3597,0.9331),
      ["UpperTorso"] = CFrame.new(0.0000,0.0000,0.0000,0.9431,-0.1547,0.2943,0.1155,0.9824,0.1465,-0.3118,-0.1042,0.9444),
      ["LeftUpperArm"] = CFrame.new(0.2000,-0.0296,0.0196,0.8649,-0.0262,-0.5012,-0.0881,0.9752,-0.2030,0.4941,0.2198,0.8412),
      ["LeftLowerArm"] = CFrame.new(-0.0005,-0.0001,0.0033,1.0000,-0.0000,0.0000,0.0000,0.5534,-0.8329,0.0000,0.8329,0.5534),
      ["LeftHand"] = CFrame.new(0.0000,0.0000,0.0000,0.9547,-0.2052,-0.2157,0.2164,0.9759,0.0294,0.2045,-0.0748,0.9760),
      ["Head"] = CFrame.new(0.0000,0.0000,0.0000,0.9431,0.2174,-0.2516,-0.1547,0.9567,0.2465,0.2943,-0.1935,0.9359),
      ["RightUpperArm"] = CFrame.new(-0.0188,-0.1375,0.0344,0.9113,-0.1106,-0.3967,0.2145,0.9498,0.2279,0.3515,-0.2928,0.8892),
      ["RightLowerArm"] = CFrame.new(0.0000,0.0000,0.0033,1.0000,-0.0000,0.0000,0.0000,0.7201,-0.6939,0.0000,0.6939,0.7201),
      ["RightHand"] = CFrame.new(0.0000,0.0000,0.0000,0.9877,0.0846,0.1317,-0.1232,0.9392,0.3205,-0.0965,-0.3327,0.9381),
      ["LeftUpperLeg"] = CFrame.new(0.0000,0.0000,0.0000,0.9674,0.2423,-0.0733,0.0197,-0.3609,-0.9324,-0.2524,0.9006,-0.3539),
      ["LeftLowerLeg"] = CFrame.new(0.0000,0.0002,-0.0029,1.0000,-0.0000,0.0000,0.0000,0.3767,0.9263,-0.0000,-0.9263,0.3767),
      ["LeftFoot"] = CFrame.new(0.0000,-0.0002,0.0000,0.9957,-0.0867,-0.0329,0.0927,0.9308,0.3537,-0.0000,-0.3552,0.9348),
      ["RightUpperLeg"] = CFrame.new(-0.0406,0.3538,-0.3112,0.9290,-0.3216,-0.1833,0.1600,0.7954,-0.5846,0.3338,0.5137,0.7904),
      ["RightLowerLeg"] = CFrame.new(0.0000,0.0000,-0.0030,1.0000,-0.0000,0.0000,0.0000,0.0490,0.9988,-0.0000,-0.9988,0.0490),
      ["RightFoot"] = CFrame.new(0.0000,0.0000,0.0000,0.9534,0.2820,0.1073,-0.0186,0.4100,-0.9119,-0.3011,0.8674,0.3961),
    }},
    {Time = 1.267, Data = {
      ["HumanoidRootPart"] = CFrame.new(0.0000,0.0000,0.0000,1.0000,0.0000,0.0000,0.0000,1.0000,0.0000,0.0000,0.0000,1.0000),
      ["LowerTorso"] = CFrame.new(0.0000,-0.9447,0.0000,1.0000,-0.0000,0.0000,0.0000,0.9331,0.3597,-0.0000,-0.3597,0.9331),
      ["UpperTorso"] = CFrame.new(0.0000,0.0000,0.0000,0.9431,-0.1547,0.2943,0.1155,0.9824,0.1465,-0.3118,-0.1042,0.9444),
      ["LeftUpperArm"] = CFrame.new(0.2000,-0.0296,0.0195,0.8649,-0.0262,-0.5012,-0.0882,0.9752,-0.2031,0.4941,0.2199,0.8412),
      ["LeftLowerArm"] = CFrame.new(-0.0005,-0.0001,0.0033,1.0000,-0.0000,0.0000,0.0000,0.5536,-0.8328,0.0000,0.8328,0.5536),
      ["LeftHand"] = CFrame.new(0.0000,0.0000,0.0000,0.9548,-0.2052,-0.2152,0.2164,0.9759,0.0294,0.2040,-0.0747,0.9761),
      ["Head"] = CFrame.new(0.0000,0.0000,0.0000,0.9431,0.2184,-0.2507,-0.1547,0.9557,0.2504,0.2943,-0.1973,0.9351),
      ["RightUpperArm"] = CFrame.new(-0.0188,-0.1377,0.0343,0.9111,-0.1107,-0.3969,0.2147,0.9497,0.2280,0.3517,-0.2930,0.8891),
      ["RightLowerArm"] = CFrame.new(0.0000,0.0000,0.0033,1.0000,-0.0000,0.0000,0.0000,0.7090,-0.7052,0.0000,0.7052,0.7090),
      ["RightHand"] = CFrame.new(0.0000,0.0000,0.0000,0.9877,0.0845,0.1315,-0.1229,0.9394,0.3200,-0.0965,-0.3323,0.9382),
      ["LeftUpperLeg"] = CFrame.new(0.0000,0.0000,0.0000,0.9674,0.2423,-0.0733,0.0197,-0.3607,-0.9325,-0.2524,0.9006,-0.3538),
      ["LeftLowerLeg"] = CFrame.new(0.0000,0.0002,-0.0029,1.0000,-0.0000,0.0000,0.0000,0.3769,0.9263,-0.0000,-0.9263,0.3769),
      ["LeftFoot"] = CFrame.new(0.0000,-0.0002,0.0000,0.9957,-0.0867,-0.0329,0.0927,0.9308,0.3536,-0.0000,-0.3552,0.9348),
      ["RightUpperLeg"] = CFrame.new(-0.0406,0.3538,-0.3112,0.9290,-0.3216,-0.1834,0.1600,0.7954,-0.5845,0.3338,0.5137,0.7904),
      ["RightLowerLeg"] = CFrame.new(0.0000,0.0000,-0.0030,1.0000,-0.0000,0.0000,0.0000,0.0491,0.9988,-0.0000,-0.9988,0.0491),
      ["RightFoot"] = CFrame.new(0.0000,0.0000,0.0000,0.9534,0.2819,0.1073,-0.0186,0.4101,-0.9119,-0.3011,0.8674,0.3962),
    }},
    {Time = 1.300, Data = {
      ["HumanoidRootPart"] = CFrame.new(0.0000,0.0000,0.0000,1.0000,0.0000,0.0000,0.0000,1.0000,0.0000,0.0000,0.0000,1.0000),
      ["LowerTorso"] = CFrame.new(0.0000,-0.9442,0.0000,1.0000,-0.0000,0.0000,0.0000,0.9331,0.3597,-0.0000,-0.3597,0.9331),
      ["UpperTorso"] = CFrame.new(0.0000,0.0000,0.0000,0.9431,-0.1547,0.2943,0.1155,0.9824,0.1465,-0.3118,-0.1042,0.9444),
      ["LeftUpperArm"] = CFrame.new(0.2000,-0.0297,0.0195,0.8650,-0.0261,-0.5012,-0.0884,0.9751,-0.2034,0.4940,0.2202,0.8411),
      ["LeftLowerArm"] = CFrame.new(-0.0005,-0.0001,0.0033,1.0000,-0.0000,0.0000,0.0000,0.5542,-0.8324,0.0000,0.8324,0.5542),
      ["LeftHand"] = CFrame.new(0.0000,0.0000,0.0000,0.9551,-0.2054,-0.2137,0.2164,0.9759,0.0292,0.2026,-0.0742,0.9765),
      ["Head"] = CFrame.new(0.0000,0.0000,0.0000,0.9431,0.2192,-0.2501,-0.1547,0.9549,0.2533,0.2943,-0.2002,0.9345),
      ["RightUpperArm"] = CFrame.new(-0.0187,-0.1379,0.0342,0.9110,-0.1102,-0.3974,0.2151,0.9491,0.2299,0.3519,-0.2950,0.8884),
      ["RightLowerArm"] = CFrame.new(0.0000,0.0000,0.0033,1.0000,-0.0000,0.0000,0.0000,0.6964,-0.7177,0.0000,0.7177,0.6964),
      ["RightHand"] = CFrame.new(0.0000,0.0000,0.0000,0.9878,0.0839,0.1311,-0.1221,0.9400,0.3187,-0.0965,-0.3308,0.9387),
      ["LeftUpperLeg"] = CFrame.new(0.0000,0.0000,0.0000,0.9674,0.2424,-0.0731,0.0197,-0.3601,-0.9327,-0.2524,0.9009,-0.3532),
      ["LeftLowerLeg"] = CFrame.new(0.0000,0.0002,-0.0029,1.0000,-0.0000,0.0000,0.0000,0.3774,0.9260,-0.0000,-0.9260,0.3774),
      ["LeftFoot"] = CFrame.new(0.0000,-0.0002,0.0000,0.9957,-0.0867,-0.0329,0.0927,0.9308,0.3536,-0.0000,-0.3551,0.9348),
      ["RightUpperLeg"] = CFrame.new(-0.0406,0.3538,-0.3112,0.9290,-0.3214,-0.1834,0.1599,0.7955,-0.5844,0.3338,0.5136,0.7904),
      ["RightLowerLeg"] = CFrame.new(0.0000,0.0000,-0.0030,1.0000,-0.0000,0.0000,0.0000,0.0498,0.9988,-0.0000,-0.9988,0.0498),
      ["RightFoot"] = CFrame.new(0.0000,0.0000,0.0000,0.9535,0.2818,0.1073,-0.0187,0.4105,-0.9117,-0.3009,0.8672,0.3967),
    }},
    {Time = 1.333, Data = {
      ["HumanoidRootPart"] = CFrame.new(0.0000,0.0000,0.0000,1.0000,0.0000,0.0000,0.0000,1.0000,0.0000,0.0000,0.0000,1.0000),
      ["LowerTorso"] = CFrame.new(0.0000,-0.9435,0.0000,1.0000,-0.0000,0.0000,0.0000,0.9331,0.3597,-0.0000,-0.3597,0.9331),
      ["UpperTorso"] = CFrame.new(0.0000,0.0000,0.0000,0.9431,-0.1547,0.2943,0.1155,0.9824,0.1465,-0.3118,-0.1042,0.9444),
      ["LeftUpperArm"] = CFrame.new(0.2000,-0.0299,0.0193,0.8651,-0.0259,-0.5010,-0.0889,0.9750,-0.2038,0.4937,0.2208,0.8411),
      ["LeftLowerArm"] = CFrame.new(-0.0005,-0.0001,0.0033,1.0000,-0.0000,0.0000,0.0000,0.5552,-0.8317,0.0000,0.8317,0.5552),
      ["LeftHand"] = CFrame.new(0.0000,0.0000,0.0000,0.9555,-0.2057,-0.2114,0.2165,0.9759,0.0289,0.2003,-0.0733,0.9770),
      ["Head"] = CFrame.new(0.0000,0.0000,0.0000,0.9431,0.2197,-0.2496,-0.1547,0.9544,0.2554,0.2943,-0.2022,0.9341),
      ["RightUpperArm"] = CFrame.new(-0.0186,-0.1380,0.0341,0.9108,-0.1090,-0.3981,0.2155,0.9482,0.2333,0.3520,-0.2983,0.8872),
      ["RightLowerArm"] = CFrame.new(0.0000,0.0000,0.0033,1.0000,-0.0000,0.0000,0.0000,0.6827,-0.7307,0.0000,0.7307,0.6827),
      ["RightHand"] = CFrame.new(0.0000,0.0000,0.0000,0.9880,0.0829,0.1304,-0.1208,0.9409,0.3165,-0.0965,-0.3285,0.9396),
      ["LeftUpperLeg"] = CFrame.new(0.0000,0.0000,0.0000,0.9674,0.2424,-0.0728,0.0198,-0.3592,-0.9331,-0.2523,0.9013,-0.3523),
      ["LeftLowerLeg"] = CFrame.new(0.0000,0.0002,-0.0029,1.0000,-0.0000,0.0000,0.0000,0.3784,0.9256,-0.0000,-0.9256,0.3784),
      ["LeftFoot"] = CFrame.new(0.0000,-0.0002,0.0000,0.9957,-0.0867,-0.0329,0.0927,0.9308,0.3535,-0.0000,-0.3550,0.9349),
      ["RightUpperLeg"] = CFrame.new(-0.0406,0.3538,-0.3112,0.9291,-0.3212,-0.1834,0.1597,0.7957,-0.5842,0.3336,0.5135,0.7906),
      ["RightLowerLeg"] = CFrame.new(0.0000,0.0000,-0.0030,1.0000,-0.0000,0.0000,0.0000,0.0508,0.9987,-0.0000,-0.9987,0.0508),
      ["RightFoot"] = CFrame.new(0.0000,0.0000,0.0000,0.9535,0.2816,0.1073,-0.0189,0.4112,-0.9114,-0.3007,0.8670,0.3974),
    }},
    {Time = 1.367, Data = {
      ["HumanoidRootPart"] = CFrame.new(0.0000,0.0000,0.0000,1.0000,0.0000,0.0000,0.0000,1.0000,0.0000,0.0000,0.0000,1.0000),
      ["LowerTorso"] = CFrame.new(0.0000,-0.9424,0.0000,1.0000,-0.0000,0.0000,0.0000,0.9331,0.3597,-0.0000,-0.3597,0.9331),
      ["UpperTorso"] = CFrame.new(0.0000,0.0000,0.0000,0.9431,-0.1547,0.2943,0.1155,0.9824,0.1465,-0.3118,-0.1042,0.9444),
      ["LeftUpperArm"] = CFrame.new(0.2001,-0.0302,0.0192,0.8652,-0.0255,-0.5008,-0.0895,0.9748,-0.2044,0.4934,0.2216,0.8411),
      ["LeftLowerArm"] = CFrame.new(-0.0005,-0.0001,0.0033,1.0000,-0.0000,0.0000,0.0000,0.5566,-0.8308,0.0000,0.8308,0.5566),
      ["LeftHand"] = CFrame.new(0.0000,0.0000,0.0000,0.9561,-0.2062,-0.2082,0.2166,0.9759,0.0284,0.1973,-0.0722,0.9777),
      ["Head"] = CFrame.new(0.0000,0.0000,0.0000,0.9431,0.2200,-0.2493,-0.1547,0.9541,0.2566,0.2943,-0.2034,0.9338),
      ["RightUpperArm"] = CFrame.new(-0.0185,-0.1382,0.0340,0.9107,-0.1073,-0.3989,0.2159,0.9470,0.2380,0.3522,-0.3028,0.8856),
      ["RightLowerArm"] = CFrame.new(0.0000,0.0000,0.0033,1.0000,-0.0000,0.0000,0.0000,0.6682,-0.7440,0.0000,0.7440,0.6682),
      ["RightHand"] = CFrame.new(0.0000,0.0000,0.0000,0.9882,0.0816,0.1295,-0.1189,0.9421,0.3135,-0.0964,-0.3253,0.9407),
      ["LeftUpperLeg"] = CFrame.new(0.0000,0.0000,0.0000,0.9675,0.2425,-0.0724,0.0199,-0.3578,-0.9336,-0.2523,0.9018,-0.3510),
      ["LeftLowerLeg"] = CFrame.new(0.0000,0.0002,-0.0029,1.0000,-0.0000,0.0000,0.0000,0.3797,0.9251,-0.0000,-0.9251,0.3797),
      ["LeftFoot"] = CFrame.new(0.0000,-0.0002,0.0000,0.9957,-0.0866,-0.0329,0.0927,0.9309,0.3533,0.0000,-0.3548,0.9349),
      ["RightUpperLeg"] = CFrame.new(-0.0406,0.3538,-0.3112,0.9292,-0.3208,-0.1836,0.1595,0.7960,-0.5839,0.3335,0.5133,0.7908),
      ["RightLowerLeg"] = CFrame.new(0.0000,0.0000,-0.0030,1.0000,-0.0000,0.0000,0.0000,0.0522,0.9986,-0.0000,-0.9986,0.0522),
      ["RightFoot"] = CFrame.new(0.0000,0.0000,0.0000,0.9536,0.2813,0.1072,-0.0192,0.4121,-0.9110,-0.3004,0.8666,0.3983),
    }},
    {Time = 1.400, Data = {
      ["HumanoidRootPart"] = CFrame.new(0.0000,0.0000,0.0000,1.0000,0.0000,0.0000,0.0000,1.0000,0.0000,0.0000,0.0000,1.0000),
      ["LowerTorso"] = CFrame.new(0.0000,-0.9412,0.0000,1.0000,-0.0000,0.0000,0.0000,0.9331,0.3597,-0.0000,-0.3597,0.9331),
      ["UpperTorso"] = CFrame.new(0.0000,0.0000,0.0000,0.9431,-0.1547,0.2943,0.1155,0.9824,0.1465,-0.3118,-0.1042,0.9444),
      ["LeftUpperArm"] = CFrame.new(0.2002,-0.0306,0.0189,0.8654,-0.0252,-0.5005,-0.0903,0.9746,-0.2051,0.4929,0.2227,0.8411),
      ["LeftLowerArm"] = CFrame.new(-0.0005,-0.0001,0.0033,1.0000,-0.0000,0.0000,0.0000,0.5584,-0.8296,0.0000,0.8296,0.5584),
      ["LeftHand"] = CFrame.new(0.0000,0.0000,0.0000,0.9569,-0.2067,-0.2042,0.2167,0.9758,0.0277,0.1935,-0.0708,0.9785),
      ["Head"] = CFrame.new(0.0000,0.0000,0.0000,0.9431,0.2201,-0.2492,-0.1547,0.9539,0.2570,0.2943,-0.2039,0.9337),
      ["RightUpperArm"] = CFrame.new(-0.0184,-0.1385,0.0339,0.9105,-0.1052,-0.3999,0.2163,0.9454,0.2438,0.3525,-0.3085,0.8835),
      ["RightLowerArm"] = CFrame.new(0.0000,0.0000,0.0033,1.0000,-0.0000,0.0000,0.0000,0.6528,-0.7575,0.0000,0.7575,0.6528),
      ["RightHand"] = CFrame.new(0.0000,0.0000,0.0000,0.9885,0.0800,0.1283,-0.1166,0.9436,0.3098,-0.0963,-0.3212,0.9421),
      ["LeftUpperLeg"] = CFrame.new(0.0000,0.0000,0.0000,0.9675,0.2426,-0.0718,0.0200,-0.3561,-0.9342,-0.2522,0.9024,-0.3493),
      ["LeftLowerLeg"] = CFrame.new(0.0000,0.0002,-0.0029,1.0000,-0.0000,0.0000,0.0000,0.3815,0.9244,-0.0000,-0.9244,0.3815),
      ["LeftFoot"] = CFrame.new(0.0000,-0.0002,0.0000,0.9957,-0.0866,-0.0329,0.0926,0.9310,0.3531,0.0000,-0.3547,0.9350),
      ["RightUpperLeg"] = CFrame.new(-0.0406,0.3538,-0.3112,0.9293,-0.3204,-0.1837,0.1592,0.7963,-0.5835,0.3333,0.5130,0.7910),
      ["RightLowerLeg"] = CFrame.new(0.0000,0.0000,-0.0030,1.0000,-0.0000,0.0000,0.0000,0.0540,0.9985,-0.0000,-0.9985,0.0540),
      ["RightFoot"] = CFrame.new(0.0000,0.0000,0.0000,0.9537,0.2809,0.1070,-0.0195,0.4132,-0.9104,-0.3000,0.8662,0.3995),
    }},
    {Time = 1.433, Data = {
      ["HumanoidRootPart"] = CFrame.new(0.0000,0.0000,0.0000,1.0000,0.0000,0.0000,0.0000,1.0000,0.0000,0.0000,0.0000,1.0000),
      ["LowerTorso"] = CFrame.new(0.0000,-0.9397,0.0000,1.0000,-0.0000,0.0000,0.0000,0.9331,0.3597,-0.0000,-0.3597,0.9331),
      ["UpperTorso"] = CFrame.new(0.0000,0.0000,0.0000,0.9431,-0.1547,0.2943,0.1155,0.9824,0.1465,-0.3118,-0.1042,0.9444),
      ["LeftUpperArm"] = CFrame.new(0.2003,-0.0311,0.0187,0.8656,-0.0247,-0.5002,-0.0912,0.9743,-0.2060,0.4924,0.2239,0.8411),
      ["LeftLowerArm"] = CFrame.new(-0.0005,-0.0001,0.0033,1.0000,-0.0000,0.0000,0.0000,0.5604,-0.8282,0.0000,0.8282,0.5604),
      ["LeftHand"] = CFrame.new(0.0000,0.0000,0.0000,0.9577,-0.2073,-0.1994,0.2169,0.9758,0.0270,0.1890,-0.0691,0.9795),
      ["Head"] = CFrame.new(0.0000,0.0000,0.0000,0.9431,0.2201,-0.2493,-0.1547,0.9540,0.2568,0.2943,-0.2036,0.9338),
      ["RightUpperArm"] = CFrame.new(-0.0184,-0.1387,0.0338,0.9103,-0.1026,-0.4010,0.2168,0.9435,0.2506,0.3527,-0.3150,0.8811),
      ["RightLowerArm"] = CFrame.new(0.0000,0.0000,0.0033,1.0000,-0.0000,0.0000,0.0000,0.6370,-0.7709,0.0000,0.7709,0.6370),
      ["RightHand"] = CFrame.new(0.0000,0.0000,0.0000,0.9888,0.0781,0.1270,-0.1139,0.9454,0.3054,-0.0962,-0.3165,0.9437),
      ["LeftUpperLeg"] = CFrame.new(0.0000,0.0000,0.0000,0.9675,0.2427,-0.0712,0.0201,-0.3541,-0.9350,-0.2522,0.9032,-0.3475),
      ["LeftLowerLeg"] = CFrame.new(0.0000,0.0002,-0.0029,1.0000,-0.0000,0.0000,0.0000,0.3834,0.9236,-0.0000,-0.9236,0.3834),
      ["LeftFoot"] = CFrame.new(0.0000,-0.0002,0.0000,0.9957,-0.0865,-0.0329,0.0926,0.9311,0.3529,0.0001,-0.3544,0.9351),
      ["RightUpperLeg"] = CFrame.new(-0.0406,0.3538,-0.3112,0.9294,-0.3198,-0.1839,0.1588,0.7967,-0.5831,0.3330,0.5127,0.7913),
      ["RightLowerLeg"] = CFrame.new(0.0000,0.0000,-0.0030,1.0000,-0.0000,0.0000,0.0000,0.0560,0.9984,-0.0000,-0.9984,0.0560),
      ["RightFoot"] = CFrame.new(0.0000,0.0000,0.0000,0.9539,0.2805,0.1069,-0.0200,0.4145,-0.9098,-0.2995,0.8657,0.4010),
    }},
    {Time = 1.467, Data = {
      ["HumanoidRootPart"] = CFrame.new(0.0000,0.0000,0.0000,1.0000,0.0000,0.0000,0.0000,1.0000,0.0000,0.0000,0.0000,1.0000),
      ["LowerTorso"] = CFrame.new(0.0000,-0.9379,0.0000,1.0000,-0.0000,0.0000,0.0000,0.9331,0.3597,-0.0000,-0.3597,0.9331),
      ["UpperTorso"] = CFrame.new(0.0000,0.0000,0.0000,0.9431,-0.1547,0.2943,0.1155,0.9824,0.1465,-0.3118,-0.1042,0.9444),
      ["LeftUpperArm"] = CFrame.new(0.2004,-0.0316,0.0184,0.8658,-0.0242,-0.4998,-0.0923,0.9740,-0.2070,0.4918,0.2253,0.8410),
      ["LeftLowerArm"] = CFrame.new(-0.0005,-0.0001,0.0033,1.0000,-0.0000,0.0000,0.0000,0.5628,-0.8266,0.0000,0.8266,0.5628),
      ["LeftHand"] = CFrame.new(0.0000,0.0000,0.0000,0.9587,-0.2081,-0.1939,0.2171,0.9758,0.0262,0.1838,-0.0672,0.9807),
      ["Head"] = CFrame.new(0.0000,0.0000,0.0000,0.9431,0.2198,-0.2495,-0.1547,0.9542,0.2559,0.2943,-0.2027,0.9340),
      ["RightUpperArm"] = CFrame.new(-0.0183,-0.1389,0.0337,0.9101,-0.0997,-0.4022,0.2172,0.9414,0.2582,0.3529,-0.3223,0.8784),
      ["RightLowerArm"] = CFrame.new(0.0000,0.0000,0.0033,1.0000,-0.0000,0.0000,0.0000,0.6209,-0.7839,0.0000,0.7839,0.6209),
      ["RightHand"] = CFrame.new(0.0000,0.0000,0.0000,0.9892,0.0759,0.1254,-0.1108,0.9474,0.3004,-0.0960,-0.3110,0.9455),
      ["LeftUpperLeg"] = CFrame.new(0.0000,0.0000,0.0000,0.9675,0.2429,-0.0704,0.0202,-0.3519,-0.9358,-0.2521,0.9040,-0.3453),
      ["LeftLowerLeg"] = CFrame.new(0.0000,0.0002,-0.0029,1.0000,-0.0000,0.0000,0.0000,0.3856,0.9227,-0.0000,-0.9227,0.3856),
      ["LeftFoot"] = CFrame.new(0.0000,-0.0002,0.0000,0.9957,-0.0864,-0.0329,0.0925,0.9312,0.3526,0.0001,-0.3541,0.9352),
      ["RightUpperLeg"] = CFrame.new(-0.0406,0.3538,-0.3112,0.9296,-0.3192,-0.1841,0.1584,0.7972,-0.5826,0.3328,0.5124,0.7917),
      ["RightLowerLeg"] = CFrame.new(0.0000,0.0000,-0.0030,1.0000,-0.0000,0.0000,0.0000,0.0584,0.9983,-0.0000,-0.9983,0.0584),
      ["RightFoot"] = CFrame.new(0.0000,0.0000,0.0000,0.9540,0.2801,0.1067,-0.0205,0.4160,-0.9091,-0.2990,0.8652,0.4026),
    }},
    {Time = 1.500, Data = {
      ["HumanoidRootPart"] = CFrame.new(0.0000,0.0000,0.0000,1.0000,0.0000,0.0000,0.0000,1.0000,0.0000,0.0000,0.0000,1.0000),
      ["LowerTorso"] = CFrame.new(0.0000,-0.9360,0.0000,1.0000,-0.0000,0.0000,0.0000,0.9331,0.3597,-0.0000,-0.3597,0.9331),
      ["UpperTorso"] = CFrame.new(0.0000,0.0000,0.0000,0.9431,-0.1547,0.2943,0.1155,0.9824,0.1465,-0.3118,-0.1042,0.9444),
      ["LeftUpperArm"] = CFrame.new(0.2005,-0.0322,0.0180,0.8660,-0.0236,-0.4994,-0.0935,0.9736,-0.2081,0.4911,0.2269,0.8410),
      ["LeftLowerArm"] = CFrame.new(-0.0005,-0.0001,0.0033,1.0000,-0.0000,0.0000,0.0000,0.5655,-0.8247,0.0000,0.8247,0.5655),
      ["LeftHand"] = CFrame.new(0.0000,0.0000,0.0000,0.9597,-0.2089,-0.1878,0.2173,0.9758,0.0252,0.1780,-0.0650,0.9819),
      ["Head"] = CFrame.new(0.0000,0.0000,0.0000,0.9431,0.2194,-0.2498,-0.1547,0.9546,0.2544,0.2943,-0.2012,0.9343),
      ["RightUpperArm"] = CFrame.new(-0.0182,-0.1391,0.0336,0.9099,-0.0964,-0.4035,0.2177,0.9389,0.2665,0.3531,-0.3303,0.8753),
      ["RightLowerArm"] = CFrame.new(0.0000,0.0000,0.0033,1.0000,-0.0000,0.0000,0.0000,0.6046,-0.7966,0.0000,0.7966,0.6046),
      ["RightHand"] = CFrame.new(0.0000,0.0000,0.0000,0.9896,0.0735,0.1237,-0.1073,0.9495,0.2947,-0.0958,-0.3049,0.9475),
      ["LeftUpperLeg"] = CFrame.new(0.0000,0.0000,0.0000,0.9675,0.2431,-0.0696,0.0204,-0.3493,-0.9368,-0.2520,0.9049,-0.3429),
      ["LeftLowerLeg"] = CFrame.new(0.0000,0.0002,-0.0029,1.0000,-0.0000,0.0000,0.0000,0.3881,0.9216,-0.0000,-0.9216,0.3881),
      ["LeftFoot"] = CFrame.new(0.0000,-0.0002,0.0000,0.9957,-0.0863,-0.0328,0.0924,0.9313,0.3523,0.0002,-0.3538,0.9353),
      ["RightUpperLeg"] = CFrame.new(-0.0406,0.3538,-0.3112,0.9298,-0.3186,-0.1844,0.1579,0.7977,-0.5820,0.3325,0.5120,0.7920),
      ["RightLowerLeg"] = CFrame.new(0.0000,0.0000,-0.0030,1.0000,-0.0000,0.0000,0.0000,0.0611,0.9981,-0.0000,-0.9981,0.0611),
      ["RightFoot"] = CFrame.new(0.0000,0.0000,0.0000,0.9542,0.2796,0.1065,-0.0210,0.4177,-0.9083,-0.2984,0.8645,0.4044),
    }},
    {Time = 1.533, Data = {
      ["HumanoidRootPart"] = CFrame.new(0.0000,0.0000,0.0000,1.0000,0.0000,0.0000,0.0000,1.0000,0.0000,0.0000,0.0000,1.0000),
      ["LowerTorso"] = CFrame.new(0.0000,-0.9339,0.0000,1.0000,-0.0000,0.0000,0.0000,0.9331,0.3597,-0.0000,-0.3597,0.9331),
      ["UpperTorso"] = CFrame.new(0.0000,0.0000,0.0000,0.9431,-0.1547,0.2943,0.1155,0.9824,0.1465,-0.3118,-0.1042,0.9444),
      ["LeftUpperArm"] = CFrame.new(0.2006,-0.0329,0.0177,0.8663,-0.0230,-0.4990,-0.0948,0.9732,-0.2094,0.4904,0.2287,0.8410),
      ["LeftLowerArm"] = CFrame.new(-0.0005,-0.0001,0.0033,1.0000,-0.0000,0.0000,0.0000,0.5684,-0.8227,0.0000,0.8227,0.5684),
      ["LeftHand"] = CFrame.new(0.0000,0.0000,0.0000,0.9608,-0.2097,-0.1811,0.2176,0.9757,0.0242,0.1716,-0.0627,0.9832),
      ["Head"] = CFrame.new(0.0000,0.0000,0.0000,0.9431,0.2189,-0.2503,-0.1547,0.9552,0.2523,0.2943,-0.1992,0.9347),
      ["RightUpperArm"] = CFrame.new(-0.0181,-0.1394,0.0335,0.9097,-0.0929,-0.4047,0.2181,0.9363,0.2753,0.3533,-0.3387,0.8720),
      ["RightLowerArm"] = CFrame.new(0.0000,0.0000,0.0033,1.0000,-0.0000,0.0000,0.0000,0.5886,-0.8085,0.0000,0.8085,0.5886),
      ["RightHand"] = CFrame.new(0.0000,0.0000,0.0000,0.9900,0.0708,0.1218,-0.1035,0.9519,0.2885,-0.0956,-0.2982,0.9497),
      ["LeftUpperLeg"] = CFrame.new(0.0000,0.0000,0.0000,0.9675,0.2433,-0.0687,0.0205,-0.3466,-0.9378,-0.2520,0.9059,-0.3403),
      ["LeftLowerLeg"] = CFrame.new(0.0000,0.0002,-0.0029,1.0000,-0.0000,0.0000,0.0000,0.3908,0.9205,-0.0000,-0.9205,0.3908),
      ["LeftFoot"] = CFrame.new(0.0000,-0.0002,0.0000,0.9957,-0.0862,-0.0328,0.0923,0.9315,0.3519,0.0002,-0.3535,0.9355),
      ["RightUpperLeg"] = CFrame.new(-0.0406,0.3538,-0.3112,0.9300,-0.3178,-0.1846,0.1574,0.7983,-0.5813,0.3321,0.5116,0.7924),
      ["RightLowerLeg"] = CFrame.new(0.0000,0.0000,-0.0030,1.0000,-0.0000,0.0000,0.0000,0.0640,0.9979,-0.0000,-0.9979,0.0640),
      ["RightFoot"] = CFrame.new(0.0000,0.0000,0.0000,0.9544,0.2790,0.1063,-0.0216,0.4195,-0.9075,-0.2978,0.8638,0.4064),
    }},
    {Time = 1.567, Data = {
      ["HumanoidRootPart"] = CFrame.new(0.0000,0.0000,0.0000,1.0000,0.0000,0.0000,0.0000,1.0000,0.0000,0.0000,0.0000,1.0000),
      ["LowerTorso"] = CFrame.new(0.0000,-0.9316,0.0000,1.0000,-0.0000,0.0000,0.0000,0.9331,0.3597,-0.0000,-0.3597,0.9331),
      ["UpperTorso"] = CFrame.new(0.0000,0.0000,0.0000,0.9431,-0.1547,0.2943,0.1155,0.9824,0.1465,-0.3118,-0.1042,0.9444),
      ["LeftUpperArm"] = CFrame.new(0.2008,-0.0336,0.0173,0.8666,-0.0223,-0.4985,-0.0962,0.9728,-0.2107,0.4896,0.2306,0.8409),
      ["LeftLowerArm"] = CFrame.new(-0.0005,-0.0001,0.0033,1.0000,-0.0000,0.0000,0.0000,0.5716,-0.8205,0.0000,0.8205,0.5716),
      ["LeftHand"] = CFrame.new(0.0000,0.0000,0.0000,0.9620,-0.2106,-0.1739,0.2178,0.9757,0.0231,0.1648,-0.0601,0.9845),
      ["Head"] = CFrame.new(0.0000,0.0000,0.0000,0.9431,0.2182,-0.2509,-0.1547,0.9559,0.2498,0.2943,-0.1968,0.9352),
      ["RightUpperArm"] = CFrame.new(-0.0180,-0.1396,0.0334,0.9095,-0.0892,-0.4060,0.2186,0.9334,0.2845,0.3536,-0.3475,0.8685),
      ["RightLowerArm"] = CFrame.new(0.0000,0.0000,0.0033,1.0000,-0.0000,0.0000,0.0000,0.5729,-0.8196,0.0000,0.8196,0.5729),
      ["RightHand"] = CFrame.new(0.0000,0.0000,0.0000,0.9905,0.0678,0.1199,-0.0994,0.9543,0.2817,-0.0953,-0.2910,0.9520),
      ["LeftUpperLeg"] = CFrame.new(0.0000,0.0000,0.0000,0.9675,0.2435,-0.0677,0.0207,-0.3436,-0.9389,-0.2519,0.9070,-0.3375),
      ["LeftLowerLeg"] = CFrame.new(0.0000,0.0002,-0.0029,1.0000,-0.0000,0.0000,0.0000,0.3937,0.9192,-0.0000,-0.9192,0.3937),
      ["LeftFoot"] = CFrame.new(0.0000,-0.0002,0.0000,0.9957,-0.0861,-0.0328,0.0922,0.9316,0.3516,0.0002,-0.3531,0.9356),
      ["RightUpperLeg"] = CFrame.new(-0.0406,0.3538,-0.3112,0.9302,-0.3170,-0.1849,0.1568,0.7989,-0.5806,0.3318,0.5111,0.7929),
      ["RightLowerLeg"] = CFrame.new(0.0000,0.0000,-0.0030,1.0000,-0.0000,0.0000,0.0000,0.0672,0.9977,-0.0000,-0.9977,0.0672),
      ["RightFoot"] = CFrame.new(0.0000,0.0000,0.0000,0.9546,0.2784,0.1060,-0.0222,0.4215,-0.9065,-0.2971,0.8630,0.4086),
    }},
    {Time = 1.600, Data = {
      ["HumanoidRootPart"] = CFrame.new(0.0000,0.0000,0.0000,1.0000,0.0000,0.0000,0.0000,1.0000,0.0000,0.0000,0.0000,1.0000),
      ["LowerTorso"] = CFrame.new(0.0000,-0.9292,0.0000,1.0000,-0.0000,0.0000,0.0000,0.9331,0.3597,-0.0000,-0.3597,0.9331),
      ["UpperTorso"] = CFrame.new(0.0000,0.0000,0.0000,0.9431,-0.1547,0.2943,0.1155,0.9824,0.1465,-0.3118,-0.1042,0.9444),
      ["LeftUpperArm"] = CFrame.new(0.2009,-0.0343,0.0169,0.8669,-0.0216,-0.4980,-0.0977,0.9723,-0.2122,0.4888,0.2326,0.8408),
      ["LeftLowerArm"] = CFrame.new(-0.0005,-0.0001,0.0033,1.0000,-0.0000,0.0000,0.0000,0.5750,-0.8181,0.0000,0.8181,0.5750),
      ["LeftHand"] = CFrame.new(0.0000,0.0000,0.0000,0.9631,-0.2116,-0.1661,0.2181,0.9757,0.0219,0.1575,-0.0574,0.9859),
      ["Head"] = CFrame.new(0.0000,0.0000,0.0000,0.9431,0.2175,-0.2516,-0.1547,0.9566,0.2468,0.2943,-0.1938,0.9358),
      ["RightUpperArm"] = CFrame.new(-0.0179,-0.1398,0.0333,0.9093,-0.0854,-0.4072,0.2190,0.9304,0.2939,0.3538,-0.3565,0.8647),
      ["RightLowerArm"] = CFrame.new(0.0000,0.0000,0.0033,1.0000,-0.0000,0.0000,0.0000,0.5580,-0.8299,0.0000,0.8299,0.5580),
      ["RightHand"] = CFrame.new(0.0000,0.0000,0.0000,0.9909,0.0646,0.1177,-0.0950,0.9569,0.2745,-0.0949,-0.2832,0.9543),
      ["LeftUpperLeg"] = CFrame.new(0.0000,0.0000,0.0000,0.9676,0.2437,-0.0667,0.0209,-0.3404,-0.9401,-0.2518,0.9082,-0.3344),
      ["LeftLowerLeg"] = CFrame.new(0.0000,0.0002,-0.0029,1.0000,-0.0000,0.0000,0.0000,0.3968,0.9179,-0.0000,-0.9179,0.3968),
      ["LeftFoot"] = CFrame.new(0.0000,-0.0002,0.0000,0.9958,-0.0860,-0.0327,0.0921,0.9318,0.3512,0.0003,-0.3527,0.9357),
      ["RightUpperLeg"] = CFrame.new(-0.0406,0.3538,-0.3112,0.9304,-0.3162,-0.1852,0.1563,0.7996,-0.5799,0.3314,0.5106,0.7934),
      ["RightLowerLeg"] = CFrame.new(0.0000,0.0000,-0.0030,1.0000,-0.0000,0.0000,0.0000,0.0706,0.9975,-0.0000,-0.9975,0.0706),
      ["RightFoot"] = CFrame.new(0.0000,0.0000,0.0000,0.9548,0.2777,0.1058,-0.0229,0.4237,-0.9055,-0.2963,0.8622,0.4109),
    }},
    {Time = 1.633, Data = {
      ["HumanoidRootPart"] = CFrame.new(0.0000,0.0000,0.0000,1.0000,0.0000,0.0000,0.0000,1.0000,0.0000,0.0000,0.0000,1.0000),
      ["LowerTorso"] = CFrame.new(0.0000,-0.9266,0.0000,1.0000,-0.0000,0.0000,0.0000,0.9331,0.3597,-0.0000,-0.3597,0.9331),
      ["UpperTorso"] = CFrame.new(0.0000,0.0000,0.0000,0.9431,-0.1547,0.2943,0.1155,0.9824,0.1465,-0.3118,-0.1042,0.9444),
      ["LeftUpperArm"] = CFrame.new(0.2011,-0.0351,0.0164,0.8673,-0.0209,-0.4974,-0.0992,0.9718,-0.2138,0.4879,0.2347,0.8408),
      ["LeftLowerArm"] = CFrame.new(-0.0005,-0.0001,0.0033,1.0000,-0.0000,0.0000,0.0000,0.5786,-0.8156,0.0000,0.8156,0.5786),
      ["LeftHand"] = CFrame.new(0.0000,0.0000,0.0000,0.9643,-0.2126,-0.1580,0.2185,0.9756,0.0207,0.1497,-0.0545,0.9872),
      ["Head"] = CFrame.new(0.0000,0.0000,0.0000,0.9431,0.2166,-0.2523,-0.1547,0.9575,0.2435,0.2943,-0.1906,0.9365),
      ["RightUpperArm"] = CFrame.new(-0.0178,-0.1400,0.0332,0.9092,-0.0815,-0.4084,0.2194,0.9272,0.3035,0.3540,-0.3656,0.8609),
      ["RightLowerArm"] = CFrame.new(0.0000,0.0000,0.0033,1.0000,-0.0000,0.0000,0.0000,0.5439,-0.8392,0.0000,0.8392,0.5439),
      ["RightHand"] = CFrame.new(0.0000,0.0000,0.0000,0.9914,0.0613,0.1156,-0.0904,0.9595,0.2669,-0.0945,-0.2750,0.9568),
      ["LeftUpperLeg"] = CFrame.new(0.0000,0.0000,0.0000,0.9676,0.2439,-0.0656,0.0211,-0.3370,-0.9413,-0.2517,0.9094,-0.3312),
      ["LeftLowerLeg"] = CFrame.new(0.0000,0.0002,-0.0029,1.0000,-0.0000,0.0000,0.0000,0.4002,0.9164,-0.0000,-0.9164,0.4002),
      ["LeftFoot"] = CFrame.new(0.0000,-0.0002,0.0000,0.9958,-0.0859,-0.0327,0.0919,0.9319,0.3508,0.0003,-0.3524,0.9359),
      ["RightUpperLeg"] = CFrame.new(-0.0406,0.3538,-0.3112,0.9307,-0.3153,-0.1855,0.1557,0.8003,-0.5791,0.3311,0.5101,0.7939),
      ["RightLowerLeg"] = CFrame.new(0.0000,0.0000,-0.0030,1.0000,-0.0000,0.0000,0.0000,0.0742,0.9972,-0.0000,-0.9972,0.0742),
      ["RightFoot"] = CFrame.new(0.0000,0.0000,0.0000,0.9550,0.2771,0.1055,-0.0236,0.4259,-0.9045,-0.2955,0.8613,0.4133),
    }},
    {Time = 1.667, Data = {
      ["HumanoidRootPart"] = CFrame.new(0.0000,0.0000,0.0000,1.0000,0.0000,0.0000,0.0000,1.0000,0.0000,0.0000,0.0000,1.0000),
      ["LowerTorso"] = CFrame.new(0.0000,-0.9239,0.0000,1.0000,-0.0000,0.0000,0.0000,0.9331,0.3597,-0.0000,-0.3597,0.9331),
      ["UpperTorso"] = CFrame.new(0.0000,0.0000,0.0000,0.9431,-0.1547,0.2943,0.1155,0.9824,0.1465,-0.3118,-0.1042,0.9444),
      ["LeftUpperArm"] = CFrame.new(0.2013,-0.0359,0.0159,0.8676,-0.0201,-0.4969,-0.1009,0.9713,-0.2154,0.4870,0.2370,0.8407),
      ["LeftLowerArm"] = CFrame.new(-0.0005,-0.0001,0.0033,1.0000,-0.0000,0.0000,0.0000,0.5824,-0.8129,0.0000,0.8129,0.5824),
      ["LeftHand"] = CFrame.new(0.0000,0.0000,0.0000,0.9654,-0.2136,-0.1494,0.2188,0.9756,0.0194,0.1416,-0.0514,0.9886),
      ["Head"] = CFrame.new(0.0000,0.0000,0.0000,0.9431,0.2156,-0.2531,-0.1547,0.9584,0.2398,0.2943,-0.1870,0.9372),
      ["RightUpperArm"] = CFrame.new(-0.0177,-0.1402,0.0331,0.9090,-0.0775,-0.4095,0.2198,0.9239,0.3131,0.3542,-0.3746,0.8569),
      ["RightLowerArm"] = CFrame.new(0.0000,0.0000,0.0033,1.0000,-0.0000,0.0000,0.0000,0.5309,-0.8474,0.0000,0.8474,0.5309),
      ["RightHand"] = CFrame.new(0.0000,0.0000,0.0000,0.9919,0.0578,0.1133,-0.0856,0.9621,0.2588,-0.0940,-0.2664,0.9593),
      ["LeftUpperLeg"] = CFrame.new(0.0000,0.0000,0.0000,0.9676,0.2441,-0.0645,0.0213,-0.3334,-0.9425,-0.2516,0.9106,-0.3278),
      ["LeftLowerLeg"] = CFrame.new(0.0000,0.0002,-0.0029,1.0000,-0.0000,0.0000,0.0000,0.4037,0.9149,-0.0000,-0.9149,0.4037),
      ["LeftFoot"] = CFrame.new(0.0000,-0.0002,0.0000,0.9958,-0.0858,-0.0326,0.0918,0.9321,0.3505,0.0003,-0.3520,0.9360),
      ["RightUpperLeg"] = CFrame.new(-0.0406,0.3538,-0.3112,0.9309,-0.3143,-0.1859,0.1550,0.8010,-0.5782,0.3307,0.5095,0.7944),
      ["RightLowerLeg"] = CFrame.new(0.0000,0.0000,-0.0030,1.0000,-0.0000,0.0000,0.0000,0.0779,0.9970,-0.0000,-0.9970,0.0779),
      ["RightFoot"] = CFrame.new(0.0000,0.0000,0.0000,0.9553,0.2763,0.1053,-0.0243,0.4282,-0.9033,-0.2947,0.8604,0.4158),
    }},
    {Time = 1.700, Data = {
      ["HumanoidRootPart"] = CFrame.new(0.0000,0.0000,0.0000,1.0000,0.0000,0.0000,0.0000,1.0000,0.0000,0.0000,0.0000,1.0000),
      ["LowerTorso"] = CFrame.new(0.0000,-0.9211,0.0000,1.0000,-0.0000,0.0000,0.0000,0.9331,0.3597,-0.0000,-0.3597,0.9331),
      ["UpperTorso"] = CFrame.new(0.0000,0.0000,0.0000,0.9431,-0.1547,0.2943,0.1155,0.9824,0.1465,-0.3118,-0.1042,0.9444),
      ["LeftUpperArm"] = CFrame.new(0.2014,-0.0367,0.0155,0.8679,-0.0193,-0.4963,-0.1025,0.9707,-0.2171,0.4860,0.2394,0.8405),
      ["LeftLowerArm"] = CFrame.new(-0.0005,-0.0001,0.0033,1.0000,-0.0000,0.0000,0.0000,0.5864,-0.8100,0.0000,0.8100,0.5864),
      ["LeftHand"] = CFrame.new(0.0000,0.0000,0.0000,0.9665,-0.2146,-0.1405,0.2192,0.9755,0.0181,0.1332,-0.0483,0.9899),
      ["Head"] = CFrame.new(0.0000,0.0000,0.0000,0.9431,0.2146,-0.2540,-0.1547,0.9594,0.2359,0.2943,-0.1831,0.9380),
      ["RightUpperArm"] = CFrame.new(-0.0176,-0.1404,0.0330,0.9089,-0.0735,-0.4106,0.2201,0.9206,0.3225,0.3543,-0.3835,0.8529),
      ["RightLowerArm"] = CFrame.new(0.0000,0.0000,0.0033,1.0000,-0.0000,0.0000,0.0000,0.5193,-0.8546,0.0000,0.8546,0.5193),
      ["RightHand"] = CFrame.new(0.0000,0.0000,0.0000,0.9924,0.0541,0.1110,-0.0806,0.9648,0.2505,-0.0935,-0.2575,0.9617),
      ["LeftUpperLeg"] = CFrame.new(0.0000,0.0000,0.0000,0.9676,0.2444,-0.0633,0.0215,-0.3297,-0.9438,-0.2515,0.9119,-0.3243),
      ["LeftLowerLeg"] = CFrame.new(0.0000,0.0002,-0.0029,1.0000,-0.0000,0.0000,0.0000,0.4073,0.9133,-0.0000,-0.9133,0.4073),
      ["LeftFoot"] = CFrame.new(0.0000,-0.0002,0.0000,0.9958,-0.0857,-0.0326,0.0917,0.9322,0.3501,0.0004,-0.3516,0.9361),
      ["RightUpperLeg"] = CFrame.new(-0.0406,0.3538,-0.3112,0.9312,-0.3134,-0.1862,0.1544,0.8018,-0.5773,0.3302,0.5089,0.7950),
      ["RightLowerLeg"] = CFrame.new(0.0000,0.0000,-0.0030,1.0000,-0.0000,0.0000,0.0000,0.0818,0.9966,-0.0000,-0.9966,0.0818),
      ["RightFoot"] = CFrame.new(0.0000,0.0000,0.0000,0.9555,0.2756,0.1050,-0.0251,0.4307,-0.9022,-0.2939,0.8594,0.4184),
    }},
    {Time = 1.733, Data = {
      ["HumanoidRootPart"] = CFrame.new(0.0000,0.0000,0.0000,1.0000,0.0000,0.0000,0.0000,1.0000,0.0000,0.0000,0.0000,1.0000),
      ["LowerTorso"] = CFrame.new(0.0000,-0.9183,0.0000,1.0000,-0.0000,0.0000,0.0000,0.9331,0.3597,-0.0000,-0.3597,0.9331),
      ["UpperTorso"] = CFrame.new(0.0000,0.0000,0.0000,0.9431,-0.1547,0.2943,0.1155,0.9824,0.1465,-0.3118,-0.1042,0.9444),
      ["LeftUpperArm"] = CFrame.new(0.2016,-0.0376,0.0150,0.8683,-0.0186,-0.4957,-0.1043,0.9701,-0.2189,0.4850,0.2418,0.8404),
      ["LeftLowerArm"] = CFrame.new(-0.0005,-0.0001,0.0033,1.0000,-0.0000,0.0000,0.0000,0.5905,-0.8071,0.0000,0.8071,0.5905),
      ["LeftHand"] = CFrame.new(0.0000,0.0000,0.0000,0.9676,-0.2156,-0.1314,0.2196,0.9754,0.0167,0.1245,-0.0450,0.9912),
      ["Head"] = CFrame.new(0.0000,0.0000,0.0000,0.9431,0.2135,-0.2549,-0.1547,0.9604,0.2317,0.2943,-0.1791,0.9388),
      ["RightUpperArm"] = CFrame.new(-0.0176,-0.1405,0.0329,0.9087,-0.0695,-0.4115,0.2204,0.9173,0.3317,0.3544,-0.3921,0.8489),
      ["RightLowerArm"] = CFrame.new(0.0000,0.0000,0.0033,1.0000,-0.0000,0.0000,0.0000,0.5093,-0.8606,0.0000,0.8606,0.5093),
      ["RightHand"] = CFrame.new(0.0000,0.0000,0.0000,0.9928,0.0503,0.1086,-0.0754,0.9674,0.2418,-0.0929,-0.2483,0.9642),
      ["LeftUpperLeg"] = CFrame.new(0.0000,0.0000,0.0000,0.9676,0.2446,-0.0621,0.0217,-0.3259,-0.9451,-0.2514,0.9132,-0.3207),
      ["LeftLowerLeg"] = CFrame.new(0.0000,0.0002,-0.0029,1.0000,-0.0000,0.0000,0.0000,0.4111,0.9116,-0.0000,-0.9116,0.4111),
      ["LeftFoot"] = CFrame.new(0.0000,-0.0002,0.0000,0.9958,-0.0856,-0.0325,0.0915,0.9324,0.3497,0.0004,-0.3512,0.9363),
      ["RightUpperLeg"] = CFrame.new(-0.0406,0.3538,-0.3112,0.9314,-0.3124,-0.1866,0.1537,0.8026,-0.5764,0.3298,0.5082,0.7956),
      ["RightLowerLeg"] = CFrame.new(0.0000,0.0000,-0.0030,1.0000,-0.0000,0.0000,0.0000,0.0858,0.9963,-0.0000,-0.9963,0.0858),
      ["RightFoot"] = CFrame.new(0.0000,0.0000,0.0000,0.9558,0.2749,0.1047,-0.0259,0.4332,-0.9009,-0.2930,0.8584,0.4211),
    }},
    {Time = 1.767, Data = {
      ["HumanoidRootPart"] = CFrame.new(0.0000,0.0000,0.0000,1.0000,0.0000,0.0000,0.0000,1.0000,0.0000,0.0000,0.0000,1.0000),
      ["LowerTorso"] = CFrame.new(0.0000,-0.9153,0.0000,1.0000,-0.0000,0.0000,0.0000,0.9331,0.3597,-0.0000,-0.3597,0.9331),
      ["UpperTorso"] = CFrame.new(0.0000,0.0000,0.0000,0.9431,-0.1547,0.2943,0.1155,0.9824,0.1465,-0.3118,-0.1042,0.9444),
      ["LeftUpperArm"] = CFrame.new(0.2018,-0.0385,0.0145,0.8686,-0.0178,-0.4952,-0.1060,0.9695,-0.2208,0.4840,0.2443,0.8403),
      ["LeftLowerArm"] = CFrame.new(-0.0005,-0.0001,0.0033,1.0000,-0.0000,0.0000,0.0000,0.5947,-0.8040,0.0000,0.8040,0.5947),
      ["LeftHand"] = CFrame.new(0.0000,0.0000,0.0000,0.9686,-0.2166,-0.1220,0.2200,0.9754,0.0153,0.1156,-0.0417,0.9924),
      ["Head"] = CFrame.new(0.0000,0.0000,0.0000,0.9431,0.2123,-0.2559,-0.1547,0.9614,0.2274,0.2943,-0.1749,0.9396),
      ["RightUpperArm"] = CFrame.new(-0.0176,-0.1406,0.0329,0.9087,-0.0657,-0.4124,0.2206,0.9140,0.3404,0.3545,-0.4003,0.8450),
      ["RightLowerArm"] = CFrame.new(0.0000,0.0000,0.0033,1.0000,-0.0000,0.0000,0.0000,0.5013,-0.8653,0.0000,0.8653,0.5013),
      ["RightHand"] = CFrame.new(0.0000,0.0000,0.0000,0.9933,0.0463,0.1062,-0.0702,0.9699,0.2330,-0.0923,-0.2389,0.9667),
      ["LeftUpperLeg"] = CFrame.new(0.0000,0.0000,0.0000,0.9677,0.2448,-0.0608,0.0220,-0.3220,-0.9465,-0.2513,0.9145,-0.3170),
      ["LeftLowerLeg"] = CFrame.new(0.0000,0.0002,-0.0029,1.0000,-0.0000,0.0000,0.0000,0.4149,0.9099,-0.0000,-0.9099,0.4149),
      ["LeftFoot"] = CFrame.new(0.0000,-0.0002,0.0000,0.9958,-0.0854,-0.0325,0.0914,0.9325,0.3494,0.0005,-0.3509,0.9364),
      ["RightUpperLeg"] = CFrame.new(-0.0406,0.3538,-0.3112,0.9317,-0.3114,-0.1870,0.1530,0.8034,-0.5755,0.3294,0.5076,0.7962),
      ["RightLowerLeg"] = CFrame.new(0.0000,0.0000,-0.0030,1.0000,-0.0000,0.0000,0.0000,0.0899,0.9959,-0.0000,-0.9959,0.0899),
      ["RightFoot"] = CFrame.new(0.0000,0.0000,0.0000,0.9560,0.2741,0.1044,-0.0267,0.4357,-0.8997,-0.2921,0.8573,0.4239),
    }},
    {Time = 1.800, Data = {
      ["HumanoidRootPart"] = CFrame.new(0.0000,0.0000,0.0000,1.0000,0.0000,0.0000,0.0000,1.0000,0.0000,0.0000,0.0000,1.0000),
      ["LowerTorso"] = CFrame.new(0.0000,-0.9123,0.0000,1.0000,-0.0000,0.0000,0.0000,0.9331,0.3597,-0.0000,-0.3597,0.9331),
      ["UpperTorso"] = CFrame.new(0.0000,0.0000,0.0000,0.9431,-0.1547,0.2943,0.1155,0.9824,0.1465,-0.3118,-0.1042,0.9444),
      ["LeftUpperArm"] = CFrame.new(0.2020,-0.0394,0.0140,0.8690,-0.0170,-0.4946,-0.1078,0.9689,-0.2227,0.4830,0.2469,0.8401),
      ["LeftLowerArm"] = CFrame.new(-0.0005,-0.0001,0.0033,1.0000,-0.0000,0.0000,0.0000,0.5989,-0.8008,0.0000,0.8008,0.5989),
      ["LeftHand"] = CFrame.new(0.0000,0.0000,0.0000,0.9695,-0.2176,-0.1124,0.2205,0.9753,0.0139,0.1066,-0.0383,0.9936),
      ["Head"] = CFrame.new(0.0000,0.0000,0.0000,0.9431,0.2112,-0.2569,-0.1547,0.9625,0.2230,0.2943,-0.1706,0.9404),
      ["RightUpperArm"] = CFrame.new(-0.0176,-0.1407,0.0329,0.9086,-0.0621,-0.4130,0.2207,0.9109,0.3486,0.3546,-0.4079,0.8413),
      ["RightLowerArm"] = CFrame.new(0.0000,0.0000,0.0033,1.0000,-0.0000,0.0000,0.0000,0.4953,-0.8687,0.0000,0.8687,0.4953),
      ["RightHand"] = CFrame.new(0.0000,0.0000,0.0000,0.9937,0.0423,0.1039,-0.0648,0.9724,0.2239,-0.0915,-0.2292,0.9691),
      ["LeftUpperLeg"] = CFrame.new(0.0000,0.0000,0.0000,0.9677,0.2450,-0.0596,0.0222,-0.3180,-0.9478,-0.2512,0.9159,-0.3132),
      ["LeftLowerLeg"] = CFrame.new(0.0000,0.0002,-0.0029,1.0000,-0.0000,0.0000,0.0000,0.4188,0.9081,-0.0000,-0.9081,0.4188),
      ["LeftFoot"] = CFrame.new(0.0000,-0.0002,0.0000,0.9958,-0.0853,-0.0324,0.0913,0.9327,0.3490,0.0005,-0.3505,0.9366),
      ["RightUpperLeg"] = CFrame.new(-0.0406,0.3538,-0.3112,0.9320,-0.3103,-0.1873,0.1523,0.8042,-0.5745,0.3290,0.5069,0.7968),
      ["RightLowerLeg"] = CFrame.new(0.0000,0.0000,-0.0030,1.0000,-0.0000,0.0000,0.0000,0.0941,0.9956,-0.0000,-0.9956,0.0941),
      ["RightFoot"] = CFrame.new(0.0000,0.0000,0.0000,0.9563,0.2734,0.1041,-0.0275,0.4383,-0.8984,-0.2912,0.8562,0.4267),
    }},
    {Time = 1.833, Data = {
      ["HumanoidRootPart"] = CFrame.new(0.0000,0.0000,0.0000,1.0000,0.0000,0.0000,0.0000,1.0000,0.0000,0.0000,0.0000,1.0000),
      ["LowerTorso"] = CFrame.new(0.0000,-0.9093,0.0000,1.0000,-0.0000,0.0000,0.0000,0.9331,0.3597,-0.0000,-0.3597,0.9331),
      ["UpperTorso"] = CFrame.new(0.0000,0.0000,0.0000,0.9431,-0.1547,0.2943,0.1155,0.9824,0.1465,-0.3118,-0.1042,0.9444),
      ["LeftUpperArm"] = CFrame.new(0.2021,-0.0403,0.0134,0.8693,-0.0162,-0.4940,-0.1096,0.9682,-0.2247,0.4819,0.2495,0.8399),
      ["LeftLowerArm"] = CFrame.new(-0.0005,-0.0001,0.0033,1.0000,-0.0000,0.0000,0.0000,0.6033,-0.7975,0.0000,0.7975,0.6033),
      ["LeftHand"] = CFrame.new(0.0000,0.0000,0.0000,0.9704,-0.2185,-0.1028,0.2209,0.9752,0.0125,0.0975,-0.0348,0.9946),
      ["Head"] = CFrame.new(0.0000,0.0000,0.0000,0.9431,0.2100,-0.2578,-0.1547,0.9635,0.2186,0.2943,-0.1662,0.9411),
      ["RightUpperArm"] = CFrame.new(-0.0176,-0.1406,0.0329,0.9086,-0.0586,-0.4136,0.2208,0.9079,0.3563,0.3546,-0.4150,0.8379),
      ["RightLowerArm"] = CFrame.new(0.0000,0.0000,0.0033,1.0000,-0.0000,0.0000,0.0000,0.4915,-0.8709,0.0000,0.8709,0.4915),
      ["RightHand"] = CFrame.new(0.0000,0.0000,0.0000,0.9941,0.0382,0.1015,-0.0594,0.9749,0.2147,-0.0907,-0.2195,0.9714),
      ["LeftUpperLeg"] = CFrame.new(0.0000,0.0000,0.0000,0.9677,0.2453,-0.0583,0.0224,-0.3140,-0.9492,-0.2511,0.9172,-0.3093),
      ["LeftLowerLeg"] = CFrame.new(0.0000,0.0002,-0.0029,1.0000,-0.0000,0.0000,0.0000,0.4228,0.9062,-0.0000,-0.9062,0.4228),
      ["LeftFoot"] = CFrame.new(0.0000,-0.0002,0.0000,0.9958,-0.0852,-0.0324,0.0911,0.9328,0.3487,0.0005,-0.3502,0.9367),
      ["RightUpperLeg"] = CFrame.new(-0.0406,0.3538,-0.3112,0.9322,-0.3093,-0.1877,0.1516,0.8051,-0.5735,0.3285,0.5062,0.7974),
      ["RightLowerLeg"] = CFrame.new(0.0000,0.0000,-0.0030,1.0000,-0.0000,0.0000,0.0000,0.0984,0.9951,-0.0000,-0.9951,0.0984),
      ["RightFoot"] = CFrame.new(0.0000,0.0000,0.0000,0.9565,0.2726,0.1038,-0.0283,0.4409,-0.8971,-0.2903,0.8551,0.4295),
    }},
    {Time = 1.867, Data = {
      ["HumanoidRootPart"] = CFrame.new(0.0000,0.0000,0.0000,1.0000,0.0000,0.0000,0.0000,1.0000,0.0000,0.0000,0.0000,1.0000),
      ["LowerTorso"] = CFrame.new(0.0000,-0.9063,0.0000,1.0000,-0.0000,0.0000,0.0000,0.9331,0.3597,-0.0000,-0.3597,0.9331),
      ["UpperTorso"] = CFrame.new(0.0000,0.0000,0.0000,0.9431,-0.1547,0.2943,0.1155,0.9824,0.1465,-0.3118,-0.1042,0.9444),
      ["LeftUpperArm"] = CFrame.new(0.2023,-0.0412,0.0129,0.8697,-0.0155,-0.4934,-0.1114,0.9676,-0.2267,0.4809,0.2521,0.8397),
      ["LeftLowerArm"] = CFrame.new(-0.0005,-0.0001,0.0033,1.0000,-0.0000,0.0000,0.0000,0.6077,-0.7942,0.0000,0.7942,0.6077),
      ["LeftHand"] = CFrame.new(0.0000,0.0000,0.0000,0.9712,-0.2195,-0.0930,0.2214,0.9751,0.0111,0.0883,-0.0313,0.9956),
      ["Head"] = CFrame.new(0.0000,0.0000,0.0000,0.9431,0.2088,-0.2588,-0.1547,0.9645,0.2141,0.2943,-0.1619,0.9419),
      ["RightUpperArm"] = CFrame.new(-0.0176,-0.1406,0.0329,0.9086,-0.0555,-0.4140,0.2207,0.9053,0.3630,0.3546,-0.4212,0.8348),
      ["RightLowerArm"] = CFrame.new(0.0000,0.0000,0.0033,1.0000,-0.0000,0.0000,0.0000,0.4905,-0.8715,0.0000,0.8715,0.4905),
      ["RightHand"] = CFrame.new(0.0000,0.0000,0.0000,0.9945,0.0341,0.0992,-0.0540,0.9772,0.2055,-0.0899,-0.2097,0.9736),
      ["LeftUpperLeg"] = CFrame.new(0.0000,0.0000,0.0000,0.9677,0.2455,-0.0570,0.0226,-0.3099,-0.9505,-0.2510,0.9185,-0.3054),
      ["LeftLowerLeg"] = CFrame.new(0.0000,0.0002,-0.0029,1.0000,-0.0000,0.0000,0.0000,0.4268,0.9043,-0.0000,-0.9043,0.4268),
      ["LeftFoot"] = CFrame.new(0.0000,-0.0002,0.0000,0.9959,-0.0851,-0.0324,0.0910,0.9329,0.3483,0.0006,-0.3498,0.9368),
      ["RightUpperLeg"] = CFrame.new(-0.0406,0.3538,-0.3112,0.9325,-0.3083,-0.1881,0.1509,0.8059,-0.5725,0.3281,0.5054,0.7980),
      ["RightLowerLeg"] = CFrame.new(0.0000,0.0000,-0.0030,1.0000,-0.0000,0.0000,0.0000,0.1027,0.9947,-0.0000,-0.9947,0.1027),
      ["RightFoot"] = CFrame.new(0.0000,0.0000,0.0000,0.9568,0.2718,0.1035,-0.0291,0.4436,-0.8958,-0.2894,0.8540,0.4323),
    }},
    {Time = 1.900, Data = {
      ["HumanoidRootPart"] = CFrame.new(0.0000,0.0000,0.0000,1.0000,0.0000,0.0000,0.0000,1.0000,0.0000,0.0000,0.0000,1.0000),
      ["LowerTorso"] = CFrame.new(0.0000,-0.9033,0.0000,1.0000,-0.0000,0.0000,0.0000,0.9331,0.3597,-0.0000,-0.3597,0.9331),
      ["UpperTorso"] = CFrame.new(0.0000,0.0000,0.0000,0.9431,-0.1547,0.2943,0.1155,0.9824,0.1465,-0.3118,-0.1042,0.9444),
      ["LeftUpperArm"] = CFrame.new(0.2025,-0.0421,0.0124,0.8700,-0.0147,-0.4928,-0.1132,0.9669,-0.2287,0.4799,0.2548,0.8395),
      ["LeftLowerArm"] = CFrame.new(-0.0005,-0.0001,0.0033,1.0000,-0.0000,0.0000,0.0000,0.6121,-0.7908,0.0000,0.7908,0.6121),
      ["LeftHand"] = CFrame.new(0.0000,0.0000,0.0000,0.9719,-0.2204,-0.0833,0.2219,0.9750,0.0096,0.0791,-0.0279,0.9965),
      ["Head"] = CFrame.new(0.0000,0.0000,0.0000,0.9431,0.2076,-0.2597,-0.1547,0.9654,0.2098,0.2943,-0.1576,0.9426),
      ["RightUpperArm"] = CFrame.new(-0.0176,-0.1406,0.0329,0.9086,-0.0528,-0.4142,0.2206,0.9030,0.3687,0.3545,-0.4264,0.8322),
      ["RightLowerArm"] = CFrame.new(0.0000,0.0000,0.0033,1.0000,-0.0000,0.0000,0.0000,0.4924,-0.8704,0.0000,0.8704,0.4924),
      ["RightHand"] = CFrame.new(0.0000,0.0000,0.0000,0.9948,0.0300,0.0969,-0.0486,0.9794,0.1962,-0.0890,-0.1999,0.9758),
      ["LeftUpperLeg"] = CFrame.new(0.0000,0.0000,0.0000,0.9677,0.2457,-0.0557,0.0229,-0.3058,-0.9518,-0.2509,0.9198,-0.3016),
      ["LeftLowerLeg"] = CFrame.new(0.0000,0.0002,-0.0029,1.0000,-0.0000,0.0000,0.0000,0.4309,0.9024,-0.0000,-0.9024,0.4309),
      ["LeftFoot"] = CFrame.new(0.0000,-0.0002,0.0000,0.9959,-0.0849,-0.0323,0.0909,0.9331,0.3480,0.0006,-0.3495,0.9369),
      ["RightUpperLeg"] = CFrame.new(-0.0406,0.3538,-0.3112,0.9328,-0.3072,-0.1885,0.1503,0.8068,-0.5715,0.3277,0.5047,0.7987),
      ["RightLowerLeg"] = CFrame.new(0.0000,0.0000,-0.0030,1.0000,-0.0000,0.0000,0.0000,0.1070,0.9943,-0.0000,-0.9943,0.1070),
      ["RightFoot"] = CFrame.new(0.0000,0.0000,0.0000,0.9570,0.2711,0.1033,-0.0299,0.4462,-0.8944,-0.2885,0.8529,0.4351),
    }},
    {Time = 1.933, Data = {
      ["HumanoidRootPart"] = CFrame.new(0.0000,0.0000,0.0000,1.0000,0.0000,0.0000,0.0000,1.0000,0.0000,0.0000,0.0000,1.0000),
      ["LowerTorso"] = CFrame.new(0.0000,-0.9003,0.0000,1.0000,-0.0000,0.0000,0.0000,0.9331,0.3597,-0.0000,-0.3597,0.9331),
      ["UpperTorso"] = CFrame.new(0.0000,0.0000,0.0000,0.9431,-0.1547,0.2943,0.1155,0.9824,0.1465,-0.3118,-0.1042,0.9444),
      ["LeftUpperArm"] = CFrame.new(0.2027,-0.0429,0.0119,0.8703,-0.0141,-0.4922,-0.1150,0.9662,-0.2309,0.4788,0.2575,0.8393),
      ["LeftLowerArm"] = CFrame.new(-0.0005,-0.0001,0.0033,1.0000,-0.0000,0.0000,0.0000,0.6166,-0.7873,0.0000,0.7873,0.6166),
      ["LeftHand"] = CFrame.new(0.0000,0.0000,0.0000,0.9724,-0.2212,-0.0737,0.2224,0.9749,0.0082,0.0700,-0.0244,0.9972),
      ["Head"] = CFrame.new(0.0000,0.0000,0.0000,0.9431,0.2065,-0.2607,-0.1547,0.9664,0.2055,0.2943,-0.1534,0.9433),
      ["RightUpperArm"] = CFrame.new(-0.0176,-0.1405,0.0329,0.9088,-0.0507,-0.4142,0.2203,0.9012,0.3731,0.3544,-0.4303,0.8302),
      ["RightLowerArm"] = CFrame.new(0.0000,0.0000,0.0033,1.0000,-0.0000,0.0000,0.0000,0.4976,-0.8674,0.0000,0.8674,0.4976),
      ["RightHand"] = CFrame.new(0.0000,0.0000,0.0000,0.9952,0.0258,0.0946,-0.0433,0.9814,0.1870,-0.0881,-0.1902,0.9778),
      ["LeftUpperLeg"] = CFrame.new(0.0000,0.0000,0.0000,0.9678,0.2459,-0.0544,0.0231,-0.3017,-0.9531,-0.2508,0.9211,-0.2977),
      ["LeftLowerLeg"] = CFrame.new(0.0000,0.0002,-0.0029,1.0000,-0.0000,0.0000,0.0000,0.4349,0.9005,-0.0000,-0.9005,0.4349),
      ["LeftFoot"] = CFrame.new(0.0000,-0.0002,0.0000,0.9959,-0.0848,-0.0323,0.0907,0.9332,0.3477,0.0006,-0.3492,0.9370),
      ["RightUpperLeg"] = CFrame.new(-0.0406,0.3538,-0.3112,0.9330,-0.3062,-0.1889,0.1496,0.8076,-0.5704,0.3272,0.5040,0.7993),
      ["RightLowerLeg"] = CFrame.new(0.0000,0.0000,-0.0030,1.0000,-0.0000,0.0000,0.0000,0.1113,0.9938,-0.0000,-0.9938,0.1113),
      ["RightFoot"] = CFrame.new(0.0000,0.0000,0.0000,0.9573,0.2703,0.1030,-0.0307,0.4488,-0.8931,-0.2876,0.8518,0.4379),
    }},
    {Time = 1.967, Data = {
      ["HumanoidRootPart"] = CFrame.new(0.0000,0.0000,0.0000,1.0000,0.0000,0.0000,0.0000,1.0000,0.0000,0.0000,0.0000,1.0000),
      ["LowerTorso"] = CFrame.new(0.0000,-0.8974,0.0000,1.0000,-0.0000,0.0000,0.0000,0.9331,0.3597,-0.0000,-0.3597,0.9331),
      ["UpperTorso"] = CFrame.new(0.0000,0.0000,0.0000,0.9431,-0.1547,0.2943,0.1155,0.9824,0.1465,-0.3118,-0.1042,0.9444),
      ["LeftUpperArm"] = CFrame.new(0.2028,-0.0438,0.0114,0.8707,-0.0134,-0.4917,-0.1167,0.9655,-0.2329,0.4778,0.2602,0.8391),
      ["LeftLowerArm"] = CFrame.new(-0.0005,-0.0001,0.0033,1.0000,-0.0000,0.0000,0.0000,0.6209,-0.7839,0.0000,0.7839,0.6209),
      ["LeftHand"] = CFrame.new(0.0000,0.0000,0.0000,0.9729,-0.2220,-0.0642,0.2229,0.9748,0.0069,0.0610,-0.0210,0.9979),
      ["Head"] = CFrame.new(0.0000,0.0000,0.0000,0.9431,0.2053,-0.2616,-0.1547,0.9672,0.2012,0.2943,-0.1493,0.9440),
      ["RightUpperArm"] = CFrame.new(-0.0177,-0.1403,0.0330,0.9089,-0.0490,-0.4141,0.2200,0.9000,0.3764,0.3542,-0.4332,0.8288),
      ["RightLowerArm"] = CFrame.new(0.0000,0.0000,0.0033,1.0000,-0.0000,0.0000,0.0000,0.5057,-0.8627,0.0000,0.8627,0.5057),
      ["RightHand"] = CFrame.new(0.0000,0.0000,0.0000,0.9955,0.0217,0.0925,-0.0380,0.9833,0.1779,-0.0871,-0.1806,0.9797),
      ["LeftUpperLeg"] = CFrame.new(0.0000,0.0000,0.0000,0.9678,0.2461,-0.0531,0.0233,-0.2977,-0.9544,-0.2507,0.9224,-0.2939),
      ["LeftLowerLeg"] = CFrame.new(0.0000,0.0002,-0.0029,1.0000,-0.0000,0.0000,0.0000,0.4389,0.8986,-0.0000,-0.8986,0.4389),
      ["LeftFoot"] = CFrame.new(0.0000,-0.0002,0.0000,0.9959,-0.0847,-0.0322,0.0906,0.9333,0.3475,0.0006,-0.3490,0.9371),
      ["RightUpperLeg"] = CFrame.new(-0.0406,0.3538,-0.3112,0.9333,-0.3052,-0.1893,0.1489,0.8084,-0.5694,0.3268,0.5032,0.8000),
      ["RightLowerLeg"] = CFrame.new(0.0000,0.0000,-0.0030,1.0000,-0.0000,0.0000,0.0000,0.1155,0.9933,-0.0000,-0.9933,0.1155),
      ["RightFoot"] = CFrame.new(0.0000,0.0000,0.0000,0.9575,0.2696,0.1027,-0.0314,0.4514,-0.8918,-0.2867,0.8506,0.4407),
    }},
    {Time = 2.000, Data = {
      ["HumanoidRootPart"] = CFrame.new(0.0000,0.0000,0.0000,1.0000,0.0000,0.0000,0.0000,1.0000,0.0000,0.0000,0.0000,1.0000),
      ["LowerTorso"] = CFrame.new(0.0000,-0.8945,0.0000,1.0000,-0.0000,0.0000,0.0000,0.9331,0.3597,-0.0000,-0.3597,0.9331),
      ["UpperTorso"] = CFrame.new(0.0000,0.0000,0.0000,0.9431,-0.1547,0.2943,0.1155,0.9824,0.1465,-0.3118,-0.1042,0.9444),
      ["LeftUpperArm"] = CFrame.new(0.2030,-0.0447,0.0109,0.8710,-0.0127,-0.4911,-0.1184,0.9648,-0.2349,0.4768,0.2627,0.8388),
      ["LeftLowerArm"] = CFrame.new(-0.0005,-0.0001,0.0033,1.0000,-0.0000,0.0000,0.0000,0.6252,-0.7805,0.0000,0.7805,0.6252),
      ["LeftHand"] = CFrame.new(0.0000,0.0000,0.0000,0.9733,-0.2228,-0.0548,0.2234,0.9747,0.0055,0.0522,-0.0176,0.9985),
      ["Head"] = CFrame.new(0.0000,0.0000,0.0000,0.9431,0.2042,-0.2625,-0.1547,0.9681,0.1970,0.2943,-0.1452,0.9446),
      ["RightUpperArm"] = CFrame.new(-0.0178,-0.1401,0.0331,0.9091,-0.0478,-0.4138,0.2195,0.8992,0.3784,0.3540,-0.4348,0.8280),
      ["RightLowerArm"] = CFrame.new(0.0000,0.0000,0.0033,1.0000,-0.0000,0.0000,0.0000,0.5169,-0.8561,0.0000,0.8561,0.5169),
      ["RightHand"] = CFrame.new(0.0000,0.0000,0.0000,0.9957,0.0177,0.0904,-0.0328,0.9851,0.1689,-0.0861,-0.1711,0.9815),
      ["LeftUpperLeg"] = CFrame.new(0.0000,0.0000,0.0000,0.9678,0.2463,-0.0519,0.0235,-0.2937,-0.9556,-0.2506,0.9236,-0.2901),
      ["LeftLowerLeg"] = CFrame.new(0.0000,0.0002,-0.0029,1.0000,-0.0000,0.0000,0.0000,0.4428,0.8966,-0.0000,-0.8966,0.4428),
      ["LeftFoot"] = CFrame.new(0.0000,-0.0002,0.0000,0.9959,-0.0846,-0.0322,0.0905,0.9334,0.3472,0.0007,-0.3487,0.9372),
      ["RightUpperLeg"] = CFrame.new(-0.0406,0.3538,-0.3112,0.9335,-0.3042,-0.1896,0.1483,0.8093,-0.5684,0.3264,0.5025,0.8006),
      ["RightLowerLeg"] = CFrame.new(0.0000,0.0000,-0.0030,1.0000,-0.0000,0.0000,0.0000,0.1196,0.9928,-0.0000,-0.9928,0.1196),
      ["RightFoot"] = CFrame.new(0.0000,0.0000,0.0000,0.9577,0.2688,0.1024,-0.0322,0.4539,-0.8905,-0.2859,0.8495,0.4434),
    }},
    {Time = 2.033, Data = {
      ["HumanoidRootPart"] = CFrame.new(0.0000,0.0000,0.0000,1.0000,0.0000,0.0000,0.0000,1.0000,0.0000,0.0000,0.0000,1.0000),
      ["LowerTorso"] = CFrame.new(0.0000,-0.8916,0.0000,1.0000,-0.0000,0.0000,0.0000,0.9331,0.3597,-0.0000,-0.3597,0.9331),
      ["UpperTorso"] = CFrame.new(0.0000,0.0000,0.0000,0.9431,-0.1547,0.2943,0.1155,0.9824,0.1465,-0.3118,-0.1042,0.9444),
      ["LeftUpperArm"] = CFrame.new(0.2031,-0.0455,0.0104,0.8713,-0.0120,-0.4906,-0.1201,0.9641,-0.2369,0.4759,0.2653,0.8386),
      ["LeftLowerArm"] = CFrame.new(-0.0005,-0.0001,0.0033,1.0000,-0.0000,0.0000,0.0000,0.6294,-0.7771,0.0000,0.7771,0.6294),
      ["LeftHand"] = CFrame.new(0.0000,0.0000,0.0000,0.9736,-0.2235,-0.0457,0.2239,0.9746,0.0042,0.0436,-0.0143,0.9989),
      ["Head"] = CFrame.new(0.0000,0.0000,0.0000,0.9431,0.2030,-0.2633,-0.1547,0.9689,0.1929,0.2943,-0.1412,0.9452),
      ["RightUpperArm"] = CFrame.new(-0.0179,-0.1398,0.0333,0.9093,-0.0471,-0.4134,0.2190,0.8990,0.3792,0.3538,-0.4353,0.8278),
      ["RightLowerArm"] = CFrame.new(0.0000,0.0000,0.0033,1.0000,-0.0000,0.0000,0.0000,0.5306,-0.8476,0.0000,0.8476,0.5306),
      ["RightHand"] = CFrame.new(0.0000,0.0000,0.0000,0.9960,0.0137,0.0884,-0.0278,0.9867,0.1601,-0.0850,-0.1619,0.9831),
      ["LeftUpperLeg"] = CFrame.new(0.0000,0.0000,0.0000,0.9678,0.2465,-0.0507,0.0237,-0.2899,-0.9568,-0.2505,0.9248,-0.2864),
      ["LeftLowerLeg"] = CFrame.new(0.0000,0.0002,-0.0029,1.0000,-0.0000,0.0000,0.0000,0.4466,0.8947,-0.0000,-0.8947,0.4466),
      ["LeftFoot"] = CFrame.new(0.0000,-0.0002,0.0000,0.9959,-0.0845,-0.0321,0.0904,0.9335,0.3470,0.0007,-0.3485,0.9373),
      ["RightUpperLeg"] = CFrame.new(-0.0406,0.3538,-0.3112,0.9338,-0.3033,-0.1900,0.1476,0.8101,-0.5674,0.3260,0.5018,0.8012),
      ["RightLowerLeg"] = CFrame.new(0.0000,0.0000,-0.0030,1.0000,-0.0000,0.0000,0.0000,0.1237,0.9923,-0.0000,-0.9923,0.1237),
      ["RightFoot"] = CFrame.new(0.0000,0.0000,0.0000,0.9579,0.2682,0.1022,-0.0329,0.4564,-0.8892,-0.2851,0.8484,0.4460),
    }},
    {Time = 2.067, Data = {
      ["HumanoidRootPart"] = CFrame.new(0.0000,0.0000,0.0000,1.0000,0.0000,0.0000,0.0000,1.0000,0.0000,0.0000,0.0000,1.0000),
      ["LowerTorso"] = CFrame.new(0.0000,-0.8889,0.0000,1.0000,-0.0000,0.0000,0.0000,0.9331,0.3597,-0.0000,-0.3597,0.9331),
      ["UpperTorso"] = CFrame.new(0.0000,0.0000,0.0000,0.9431,-0.1547,0.2943,0.1155,0.9824,0.1465,-0.3118,-0.1042,0.9444),
      ["LeftUpperArm"] = CFrame.new(0.2033,-0.0463,0.0099,0.8716,-0.0114,-0.4901,-0.1217,0.9634,-0.2388,0.4749,0.2678,0.8383),
      ["LeftLowerArm"] = CFrame.new(-0.0005,-0.0001,0.0033,1.0000,-0.0000,0.0000,0.0000,0.6335,-0.7737,0.0000,0.7737,0.6335),
      ["LeftHand"] = CFrame.new(0.0000,0.0000,0.0000,0.9739,-0.2242,-0.0369,0.2244,0.9745,0.0029,0.0353,-0.0111,0.9993),
      ["Head"] = CFrame.new(0.0000,0.0000,0.0000,0.9431,0.2019,-0.2642,-0.1547,0.9698,0.1888,0.2943,-0.1371,0.9458),
      ["RightUpperArm"] = CFrame.new(-0.0180,-0.1395,0.0334,0.9096,-0.0470,-0.4128,0.2185,0.8993,0.3789,0.3534,-0.4348,0.8283),
      ["RightLowerArm"] = CFrame.new(0.0000,0.0000,0.0033,1.0000,-0.0000,0.0000,0.0000,0.5467,-0.8373,0.0000,0.8373,0.5467),
      ["RightHand"] = CFrame.new(0.0000,0.0000,0.0000,0.9962,0.0099,0.0865,-0.0230,0.9882,0.1515,-0.0840,-0.1530,0.9847),
      ["LeftUpperLeg"] = CFrame.new(0.0000,0.0000,0.0000,0.9678,0.2466,-0.0495,0.0239,-0.2861,-0.9579,-0.2504,0.9259,-0.2828),
      ["LeftLowerLeg"] = CFrame.new(0.0000,0.0002,-0.0029,1.0000,-0.0000,0.0000,0.0000,0.4503,0.8929,-0.0000,-0.8929,0.4503),
      ["LeftFoot"] = CFrame.new(0.0000,-0.0002,0.0000,0.9959,-0.0844,-0.0321,0.0903,0.9336,0.3468,0.0007,-0.3483,0.9374),
      ["RightUpperLeg"] = CFrame.new(-0.0406,0.3538,-0.3112,0.9340,-0.3023,-0.1904,0.1470,0.8109,-0.5665,0.3256,0.5011,0.8018),
      ["RightLowerLeg"] = CFrame.new(0.0000,0.0000,-0.0030,1.0000,-0.0000,0.0000,0.0000,0.1276,0.9918,-0.0000,-0.9918,0.1276),
      ["RightFoot"] = CFrame.new(0.0000,0.0000,0.0000,0.9582,0.2675,0.1019,-0.0336,0.4588,-0.8879,-0.2842,0.8473,0.4486),
    }},
    {Time = 2.100, Data = {
      ["HumanoidRootPart"] = CFrame.new(0.0000,0.0000,0.0000,1.0000,0.0000,0.0000,0.0000,1.0000,0.0000,0.0000,0.0000,1.0000),
      ["LowerTorso"] = CFrame.new(0.0000,-0.8863,0.0000,1.0000,-0.0000,0.0000,0.0000,0.9331,0.3597,-0.0000,-0.3597,0.9331),
      ["UpperTorso"] = CFrame.new(0.0000,0.0000,0.0000,0.9431,-0.1547,0.2943,0.1155,0.9824,0.1465,-0.3118,-0.1042,0.9444),
      ["LeftUpperArm"] = CFrame.new(0.2034,-0.0471,0.0095,0.8718,-0.0109,-0.4897,-0.1232,0.9627,-0.2407,0.4740,0.2702,0.8380),
      ["LeftLowerArm"] = CFrame.new(-0.0005,-0.0001,0.0033,1.0000,-0.0000,0.0000,0.0000,0.6374,-0.7705,0.0000,0.7705,0.6374),
      ["LeftHand"] = CFrame.new(0.0000,0.0000,0.0000,0.9740,-0.2248,-0.0284,0.2249,0.9744,0.0017,0.0273,-0.0081,0.9996),
      ["Head"] = CFrame.new(0.0000,0.0000,0.0000,0.9431,0.2008,-0.2650,-0.1547,0.9705,0.1847,0.2943,-0.1332,0.9464),
      ["RightUpperArm"] = CFrame.new(-0.0181,-0.1392,0.0336,0.9099,-0.0472,-0.4122,0.2177,0.9000,0.3775,0.3532,-0.4332,0.8292),
      ["RightLowerArm"] = CFrame.new(0.0000,0.0000,0.0033,1.0000,-0.0000,0.0000,0.0000,0.5649,-0.8252,0.0000,0.8252,0.5649),
      ["RightHand"] = CFrame.new(0.0000,0.0000,0.0000,0.9964,0.0062,0.0847,-0.0183,0.9895,0.1433,-0.0829,-0.1444,0.9860),
      ["LeftUpperLeg"] = CFrame.new(0.0000,0.0000,0.0000,0.9679,0.2468,-0.0483,0.0241,-0.2825,-0.9590,-0.2503,0.9270,-0.2793),
      ["LeftLowerLeg"] = CFrame.new(0.0000,0.0002,-0.0029,1.0000,-0.0000,0.0000,0.0000,0.4539,0.8910,-0.0000,-0.8910,0.4539),
      ["LeftFoot"] = CFrame.new(0.0000,-0.0002,0.0000,0.9959,-0.0843,-0.0321,0.0901,0.9337,0.3466,0.0007,-0.3481,0.9375),
      ["RightUpperLeg"] = CFrame.new(-0.0406,0.3538,-0.3112,0.9342,-0.3015,-0.1907,0.1465,0.8116,-0.5655,0.3253,0.5004,0.8024),
      ["RightLowerLeg"] = CFrame.new(0.0000,0.0000,-0.0030,1.0000,-0.0000,0.0000,0.0000,0.1314,0.9913,-0.0000,-0.9913,0.1314),
      ["RightFoot"] = CFrame.new(0.0000,0.0000,0.0000,0.9584,0.2668,0.1017,-0.0343,0.4610,-0.8867,-0.2835,0.8463,0.4510),
    }},
    {Time = 2.133, Data = {
      ["HumanoidRootPart"] = CFrame.new(0.0000,0.0000,0.0000,1.0000,0.0000,0.0000,0.0000,1.0000,0.0000,0.0000,0.0000,1.0000),
      ["LowerTorso"] = CFrame.new(0.0000,-0.8838,0.0000,1.0000,-0.0000,0.0000,0.0000,0.9331,0.3597,-0.0000,-0.3597,0.9331),
      ["UpperTorso"] = CFrame.new(0.0000,0.0000,0.0000,0.9431,-0.1547,0.2943,0.1155,0.9824,0.1465,-0.3118,-0.1042,0.9444),
      ["LeftUpperArm"] = CFrame.new(0.2035,-0.0478,0.0091,0.8721,-0.0103,-0.4892,-0.1247,0.9621,-0.2426,0.4732,0.2725,0.8378),
      ["LeftLowerArm"] = CFrame.new(-0.0005,-0.0001,0.0033,1.0000,-0.0000,0.0000,0.0000,0.6412,-0.7674,0.0000,0.7674,0.6412),
      ["LeftHand"] = CFrame.new(0.0000,0.0000,0.0000,0.9741,-0.2253,-0.0203,0.2254,0.9743,0.0006,0.0196,-0.0051,0.9998),
      ["Head"] = CFrame.new(0.0000,0.0000,0.0000,0.9431,0.1997,-0.2659,-0.1547,0.9713,0.1806,0.2943,-0.1292,0.9469),
      ["RightUpperArm"] = CFrame.new(-0.0183,-0.1388,0.0337,0.9102,-0.0480,-0.4115,0.2171,0.9012,0.3750,0.3528,-0.4307,0.8307),
      ["RightLowerArm"] = CFrame.new(0.0000,0.0000,0.0033,1.0000,-0.0000,0.0000,0.0000,0.5848,-0.8112,0.0000,0.8112,0.5848),
      ["RightHand"] = CFrame.new(0.0000,0.0000,0.0000,0.9965,0.0026,0.0830,-0.0139,0.9907,0.1355,-0.0819,-0.1362,0.9873),
      ["LeftUpperLeg"] = CFrame.new(0.0000,0.0000,0.0000,0.9679,0.2470,-0.0473,0.0243,-0.2790,-0.9600,-0.2503,0.9280,-0.2760),
      ["LeftLowerLeg"] = CFrame.new(0.0000,0.0002,-0.0029,1.0000,-0.0000,0.0000,0.0000,0.4573,0.8893,-0.0000,-0.8893,0.4573),
      ["LeftFoot"] = CFrame.new(0.0000,-0.0002,0.0000,0.9959,-0.0842,-0.0320,0.0900,0.9337,0.3464,0.0007,-0.3479,0.9375),
      ["RightUpperLeg"] = CFrame.new(-0.0406,0.3538,-0.3112,0.9344,-0.3006,-0.1910,0.1459,0.8124,-0.5646,0.3249,0.4997,0.8029),
      ["RightLowerLeg"] = CFrame.new(0.0000,0.0000,-0.0030,1.0000,-0.0000,0.0000,0.0000,0.1351,0.9908,-0.0000,-0.9908,0.1351),
      ["RightFoot"] = CFrame.new(0.0000,0.0000,0.0000,0.9586,0.2662,0.1014,-0.0350,0.4632,-0.8856,-0.2827,0.8453,0.4533),
    }},
    {Time = 2.167, Data = {
      ["HumanoidRootPart"] = CFrame.new(0.0000,0.0000,0.0000,1.0000,0.0000,0.0000,0.0000,1.0000,0.0000,0.0000,0.0000,1.0000),
      ["LowerTorso"] = CFrame.new(0.0000,-0.8814,0.0000,1.0000,-0.0000,0.0000,0.0000,0.9331,0.3597,-0.0000,-0.3597,0.9331),
      ["UpperTorso"] = CFrame.new(0.0000,0.0000,0.0000,0.9431,-0.1547,0.2943,0.1155,0.9824,0.1465,-0.3118,-0.1042,0.9444),
      ["LeftUpperArm"] = CFrame.new(0.2037,-0.0485,0.0087,0.8723,-0.0099,-0.4888,-0.1260,0.9615,-0.2443,0.4724,0.2747,0.8375),
      ["LeftLowerArm"] = CFrame.new(-0.0005,-0.0001,0.0033,1.0000,-0.0000,0.0000,0.0000,0.6448,-0.7644,0.0000,0.7644,0.6448),
      ["LeftHand"] = CFrame.new(0.0000,0.0000,0.0000,0.9741,-0.2258,-0.0127,0.2258,0.9742,-0.0005,0.0124,-0.0024,0.9999),
      ["Head"] = CFrame.new(0.0000,0.0000,0.0000,0.9431,0.1986,-0.2667,-0.1547,0.9720,0.1766,0.2943,-0.1252,0.9475),
      ["RightUpperArm"] = CFrame.new(-0.0184,-0.1385,0.0339,0.9105,-0.0492,-0.4106,0.2163,0.9028,0.3716,0.3525,-0.4272,0.8326),
      ["RightLowerArm"] = CFrame.new(0.0000,0.0000,0.0033,1.0000,-0.0000,0.0000,0.0000,0.6062,-0.7953,0.0000,0.7953,0.6062),
      ["RightHand"] = CFrame.new(0.0000,0.0000,0.0000,0.9967,-0.0007,0.0814,-0.0097,0.9917,0.1281,-0.0809,-0.1285,0.9884),
      ["LeftUpperLeg"] = CFrame.new(0.0000,0.0000,0.0000,0.9679,0.2471,-0.0462,0.0245,-0.2757,-0.9609,-0.2502,0.9289,-0.2729),
      ["LeftLowerLeg"] = CFrame.new(0.0000,0.0002,-0.0029,1.0000,-0.0000,0.0000,0.0000,0.4606,0.8876,-0.0000,-0.8876,0.4606),
      ["LeftFoot"] = CFrame.new(0.0000,-0.0002,0.0000,0.9959,-0.0841,-0.0320,0.0900,0.9338,0.3463,0.0008,-0.3478,0.9376),
      ["RightUpperLeg"] = CFrame.new(-0.0406,0.3538,-0.3112,0.9346,-0.2998,-0.1913,0.1454,0.8130,-0.5638,0.3246,0.4991,0.8035),
      ["RightLowerLeg"] = CFrame.new(0.0000,0.0000,-0.0030,1.0000,-0.0000,0.0000,0.0000,0.1385,0.9904,-0.0000,-0.9904,0.1385),
      ["RightFoot"] = CFrame.new(0.0000,0.0000,0.0000,0.9587,0.2657,0.1012,-0.0356,0.4653,-0.8844,-0.2820,0.8444,0.4555),
    }},
    {Time = 2.200, Data = {
      ["HumanoidRootPart"] = CFrame.new(0.0000,0.0000,0.0000,1.0000,0.0000,0.0000,0.0000,1.0000,0.0000,0.0000,0.0000,1.0000),
      ["LowerTorso"] = CFrame.new(0.0000,-0.8792,0.0000,1.0000,-0.0000,0.0000,0.0000,0.9331,0.3597,-0.0000,-0.3597,0.9331),
      ["UpperTorso"] = CFrame.new(0.0000,0.0000,0.0000,0.9431,-0.1547,0.2943,0.1155,0.9824,0.1465,-0.3118,-0.1042,0.9444),
      ["LeftUpperArm"] = CFrame.new(0.2038,-0.0491,0.0083,0.8726,-0.0094,-0.4884,-0.1273,0.9609,-0.2460,0.4716,0.2768,0.8372),
      ["LeftLowerArm"] = CFrame.new(-0.0005,-0.0001,0.0033,1.0000,-0.0000,0.0000,0.0000,0.6481,-0.7615,0.0000,0.7615,0.6481),
      ["LeftHand"] = CFrame.new(0.0000,0.0000,0.0000,0.9740,-0.2263,-0.0055,0.2263,0.9741,-0.0015,0.0057,0.0002,1.0000),
      ["Head"] = CFrame.new(0.0000,0.0000,0.0000,0.9431,0.1975,-0.2675,-0.1547,0.9728,0.1725,0.2943,-0.1213,0.9480),
      ["RightUpperArm"] = CFrame.new(-0.0186,-0.1381,0.0341,0.9108,-0.0508,-0.4098,0.2156,0.9048,0.3672,0.3521,-0.4228,0.8350),
      ["RightLowerArm"] = CFrame.new(0.0000,0.0000,0.0033,1.0000,-0.0000,0.0000,0.0000,0.6288,-0.7775,0.0000,0.7775,0.6288),
      ["RightHand"] = CFrame.new(0.0000,0.0000,0.0000,0.9968,-0.0039,0.0800,-0.0059,0.9926,0.1212,-0.0799,-0.1213,0.9894),
      ["LeftUpperLeg"] = CFrame.new(0.0000,0.0000,0.0000,0.9679,0.2472,-0.0453,0.0246,-0.2726,-0.9618,-0.2501,0.9298,-0.2700),
      ["LeftLowerLeg"] = CFrame.new(0.0000,0.0002,-0.0029,1.0000,-0.0000,0.0000,0.0000,0.4636,0.8860,-0.0000,-0.8860,0.4636),
      ["LeftFoot"] = CFrame.new(0.0000,-0.0002,0.0000,0.9960,-0.0840,-0.0320,0.0899,0.9339,0.3462,0.0008,-0.3476,0.9376),
      ["RightUpperLeg"] = CFrame.new(-0.0406,0.3538,-0.3112,0.9348,-0.2991,-0.1916,0.1449,0.8137,-0.5630,0.3243,0.4985,0.8040),
      ["RightLowerLeg"] = CFrame.new(0.0000,0.0000,-0.0030,1.0000,-0.0000,0.0000,0.0000,0.1417,0.9899,-0.0000,-0.9899,0.1417),
      ["RightFoot"] = CFrame.new(0.0000,0.0000,0.0000,0.9589,0.2651,0.1010,-0.0361,0.4672,-0.8834,-0.2814,0.8435,0.4576),
    }},
    {Time = 2.233, Data = {
      ["HumanoidRootPart"] = CFrame.new(0.0000,0.0000,0.0000,1.0000,0.0000,0.0000,0.0000,1.0000,0.0000,0.0000,0.0000,1.0000),
      ["LowerTorso"] = CFrame.new(0.0000,-0.8772,0.0000,1.0000,-0.0000,0.0000,0.0000,0.9331,0.3597,-0.0000,-0.3597,0.9331),
      ["UpperTorso"] = CFrame.new(0.0000,0.0000,0.0000,0.9431,-0.1547,0.2943,0.1155,0.9824,0.1465,-0.3118,-0.1042,0.9444),
      ["LeftUpperArm"] = CFrame.new(0.2039,-0.0497,0.0079,0.8728,-0.0090,-0.4881,-0.1285,0.9603,-0.2475,0.4709,0.2787,0.8370),
      ["LeftLowerArm"] = CFrame.new(-0.0005,-0.0001,0.0033,1.0000,-0.0000,0.0000,0.0000,0.6512,-0.7589,0.0000,0.7589,0.6512),
      ["LeftHand"] = CFrame.new(0.0000,0.0000,0.0000,0.9740,-0.2267,0.0010,0.2267,0.9740,-0.0024,-0.0004,0.0026,1.0000),
      ["Head"] = CFrame.new(0.0000,0.0000,0.0000,0.9431,0.1964,-0.2684,-0.1547,0.9735,0.1685,0.2943,-0.1173,0.9485),
      ["RightUpperArm"] = CFrame.new(-0.0188,-0.1378,0.0343,0.9111,-0.0527,-0.4088,0.2149,0.9071,0.3619,0.3518,-0.4176,0.8378),
      ["RightLowerArm"] = CFrame.new(0.0000,0.0000,0.0033,1.0000,-0.0000,0.0000,0.0000,0.6522,-0.7580,0.0000,0.7580,0.6522),
      ["RightHand"] = CFrame.new(0.0000,0.0000,0.0000,0.9969,-0.0068,0.0787,-0.0023,0.9934,0.1148,-0.0790,-0.1146,0.9903),
      ["LeftUpperLeg"] = CFrame.new(0.0000,0.0000,0.0000,0.9679,0.2473,-0.0444,0.0248,-0.2698,-0.9626,-0.2501,0.9306,-0.2673),
      ["LeftLowerLeg"] = CFrame.new(0.0000,0.0002,-0.0029,1.0000,-0.0000,0.0000,0.0000,0.4664,0.8846,-0.0000,-0.8846,0.4664),
      ["LeftFoot"] = CFrame.new(0.0000,-0.0002,0.0000,0.9960,-0.0839,-0.0319,0.0898,0.9339,0.3461,0.0008,-0.3475,0.9377),
      ["RightUpperLeg"] = CFrame.new(-0.0406,0.3538,-0.3112,0.9350,-0.2984,-0.1919,0.1445,0.8143,-0.5622,0.3240,0.4979,0.8044),
      ["RightLowerLeg"] = CFrame.new(0.0000,0.0000,-0.0030,1.0000,-0.0000,0.0000,0.0000,0.1447,0.9895,-0.0000,-0.9895,0.1447),
      ["RightFoot"] = CFrame.new(0.0000,0.0000,0.0000,0.9591,0.2646,0.1008,-0.0366,0.4690,-0.8825,-0.2808,0.8426,0.4595),
    }},
    {Time = 2.267, Data = {
      ["HumanoidRootPart"] = CFrame.new(0.0000,0.0000,0.0000,1.0000,0.0000,0.0000,0.0000,1.0000,0.0000,0.0000,0.0000,1.0000),
      ["LowerTorso"] = CFrame.new(0.0000,-0.8753,0.0000,1.0000,-0.0000,0.0000,0.0000,0.9331,0.3597,-0.0000,-0.3597,0.9331),
      ["UpperTorso"] = CFrame.new(0.0000,0.0000,0.0000,0.9431,-0.1547,0.2943,0.1155,0.9824,0.1465,-0.3118,-0.1042,0.9444),
      ["LeftUpperArm"] = CFrame.new(0.2040,-0.0502,0.0076,0.8729,-0.0087,-0.4877,-0.1295,0.9598,-0.2489,0.4703,0.2804,0.8368),
      ["LeftLowerArm"] = CFrame.new(-0.0005,-0.0001,0.0033,1.0000,-0.0000,0.0000,0.0000,0.6540,-0.7565,0.0000,0.7565,0.6540),
      ["LeftHand"] = CFrame.new(0.0000,0.0000,0.0000,0.9739,-0.2270,0.0069,0.2270,0.9739,-0.0032,-0.0060,0.0047,1.0000),
      ["Head"] = CFrame.new(0.0000,0.0000,0.0000,0.9431,0.1952,-0.2692,-0.1547,0.9742,0.1644,0.2943,-0.1134,0.9490),
      ["RightUpperArm"] = CFrame.new(-0.0189,-0.1374,0.0345,0.9114,-0.0550,-0.4078,0.2142,0.9096,0.3559,0.3514,-0.4117,0.8408),
      ["RightLowerArm"] = CFrame.new(0.0000,0.0000,0.0033,1.0000,-0.0000,0.0000,0.0000,0.6760,-0.7369,0.0000,0.7369,0.6760),
      ["RightHand"] = CFrame.new(0.0000,0.0000,0.0000,0.9969,-0.0094,0.0776,0.0009,0.9940,0.1090,-0.0781,-0.1086,0.9910),
      ["LeftUpperLeg"] = CFrame.new(0.0000,0.0000,0.0000,0.9679,0.2474,-0.0436,0.0249,-0.2672,-0.9633,-0.2500,0.9313,-0.2648),
      ["LeftLowerLeg"] = CFrame.new(0.0000,0.0002,-0.0029,1.0000,-0.0000,0.0000,0.0000,0.4690,0.8832,-0.0000,-0.8832,0.4690),
      ["LeftFoot"] = CFrame.new(0.0000,-0.0002,0.0000,0.9960,-0.0839,-0.0319,0.0897,0.9339,0.3460,0.0008,-0.3474,0.9377),
      ["RightUpperLeg"] = CFrame.new(-0.0406,0.3538,-0.3112,0.9351,-0.2978,-0.1921,0.1441,0.8148,-0.5615,0.3238,0.4974,0.8048),
      ["RightLowerLeg"] = CFrame.new(0.0000,0.0000,-0.0030,1.0000,-0.0000,0.0000,0.0000,0.1473,0.9891,-0.0000,-0.9891,0.1473),
      ["RightFoot"] = CFrame.new(0.0000,0.0000,0.0000,0.9592,0.2642,0.1006,-0.0371,0.4706,-0.8816,-0.2803,0.8419,0.4612),
    }},
    {Time = 2.300, Data = {
      ["HumanoidRootPart"] = CFrame.new(0.0000,0.0000,0.0000,1.0000,0.0000,0.0000,0.0000,1.0000,0.0000,0.0000,0.0000,1.0000),
      ["LowerTorso"] = CFrame.new(0.0000,-0.8737,0.0000,1.0000,-0.0000,0.0000,0.0000,0.9331,0.3597,-0.0000,-0.3597,0.9331),
      ["UpperTorso"] = CFrame.new(0.0000,0.0000,0.0000,0.9431,-0.1547,0.2943,0.1155,0.9824,0.1465,-0.3118,-0.1042,0.9444),
      ["LeftUpperArm"] = CFrame.new(0.2040,-0.0507,0.0073,0.8731,-0.0084,-0.4875,-0.1304,0.9594,-0.2501,0.4698,0.2820,0.8366),
      ["LeftLowerArm"] = CFrame.new(-0.0005,-0.0001,0.0033,1.0000,-0.0000,0.0000,0.0000,0.6565,-0.7543,0.0000,0.7543,0.6565),
      ["LeftHand"] = CFrame.new(0.0000,0.0000,0.0000,0.9737,-0.2273,0.0121,0.2274,0.9738,-0.0040,-0.0109,0.0066,0.9999),
      ["Head"] = CFrame.new(0.0000,0.0000,0.0000,0.9431,0.1941,-0.2700,-0.1547,0.9749,0.1603,0.2943,-0.1094,0.9494),
      ["RightUpperArm"] = CFrame.new(-0.0190,-0.1371,0.0346,0.9117,-0.0576,-0.4068,0.2135,0.9124,0.3493,0.3511,-0.4053,0.8441),
      ["RightLowerArm"] = CFrame.new(0.0000,0.0000,0.0033,1.0000,-0.0000,0.0000,0.0000,0.6999,-0.7142,0.0000,0.7142,0.6999),
      ["RightHand"] = CFrame.new(0.0000,0.0000,0.0000,0.9970,-0.0118,0.0765,0.0038,0.9946,0.1039,-0.0773,-0.1033,0.9916),
      ["LeftUpperLeg"] = CFrame.new(0.0000,0.0000,0.0000,0.9679,0.2475,-0.0429,0.0250,-0.2650,-0.9639,-0.2499,0.9320,-0.2627),
      ["LeftLowerLeg"] = CFrame.new(0.0000,0.0002,-0.0029,1.0000,-0.0000,0.0000,0.0000,0.4712,0.8820,-0.0000,-0.8820,0.4712),
      ["LeftFoot"] = CFrame.new(0.0000,-0.0002,0.0000,0.9960,-0.0838,-0.0319,0.0897,0.9340,0.3459,0.0008,-0.3474,0.9377),
      ["RightUpperLeg"] = CFrame.new(-0.0406,0.3538,-0.3112,0.9352,-0.2972,-0.1923,0.1437,0.8153,-0.5609,0.3235,0.4970,0.8052),
      ["RightLowerLeg"] = CFrame.new(0.0000,0.0000,-0.0030,1.0000,-0.0000,0.0000,0.0000,0.1497,0.9887,-0.0000,-0.9887,0.1497),
      ["RightFoot"] = CFrame.new(0.0000,0.0000,0.0000,0.9593,0.2638,0.1005,-0.0375,0.4720,-0.8808,-0.2798,0.8412,0.4627),
    }},
    {Time = 2.333, Data = {
      ["HumanoidRootPart"] = CFrame.new(0.0000,0.0000,0.0000,1.0000,0.0000,0.0000,0.0000,1.0000,0.0000,0.0000,0.0000,1.0000),
      ["LowerTorso"] = CFrame.new(0.0000,-0.8723,0.0000,1.0000,-0.0000,0.0000,0.0000,0.9331,0.3597,-0.0000,-0.3597,0.9331),
      ["UpperTorso"] = CFrame.new(0.0000,0.0000,0.0000,0.9431,-0.1547,0.2943,0.1155,0.9824,0.1465,-0.3118,-0.1042,0.9444),
      ["LeftUpperArm"] = CFrame.new(0.2041,-0.0511,0.0071,0.8732,-0.0081,-0.4872,-0.1312,0.9590,-0.2512,0.4693,0.2833,0.8364),
      ["LeftLowerArm"] = CFrame.new(-0.0005,-0.0001,0.0033,1.0000,-0.0000,0.0000,0.0000,0.6587,-0.7524,0.0000,0.7524,0.6587),
      ["LeftHand"] = CFrame.new(0.0000,0.0000,0.0000,0.9736,-0.2276,0.0166,0.2277,0.9737,-0.0046,-0.0152,0.0083,0.9999),
      ["Head"] = CFrame.new(0.0000,0.0000,0.0000,0.9431,0.1930,-0.2708,-0.1547,0.9755,0.1562,0.2943,-0.1054,0.9499),
      ["RightUpperArm"] = CFrame.new(-0.0192,-0.1367,0.0348,0.9120,-0.0604,-0.4058,0.2128,0.9152,0.3421,0.3508,-0.3984,0.8475),
      ["RightLowerArm"] = CFrame.new(0.0000,0.0000,0.0033,1.0000,-0.0000,0.0000,0.0000,0.7236,-0.6902,0.0000,0.6902,0.7236),
      ["RightHand"] = CFrame.new(0.0000,0.0000,0.0000,0.9970,-0.0138,0.0757,0.0062,0.9950,0.0995,-0.0767,-0.0988,0.9922),
      ["LeftUpperLeg"] = CFrame.new(0.0000,0.0000,0.0000,0.9679,0.2476,-0.0423,0.0251,-0.2630,-0.9645,-0.2499,0.9325,-0.2608),
      ["LeftLowerLeg"] = CFrame.new(0.0000,0.0002,-0.0029,1.0000,-0.0000,0.0000,0.0000,0.4732,0.8810,-0.0000,-0.8810,0.4732),
      ["LeftFoot"] = CFrame.new(0.0000,-0.0002,0.0000,0.9960,-0.0837,-0.0319,0.0896,0.9340,0.3458,0.0008,-0.3473,0.9378),
      ["RightUpperLeg"] = CFrame.new(-0.0406,0.3538,-0.3112,0.9353,-0.2968,-0.1925,0.1435,0.8157,-0.5604,0.3233,0.4966,0.8055),
      ["RightLowerLeg"] = CFrame.new(0.0000,0.0000,-0.0030,1.0000,-0.0000,0.0000,0.0000,0.1518,0.9884,-0.0000,-0.9884,0.1518),
      ["RightFoot"] = CFrame.new(0.0000,0.0000,0.0000,0.9594,0.2635,0.1004,-0.0379,0.4732,-0.8801,-0.2794,0.8406,0.4640),
    }},
    {Time = 2.367, Data = {
      ["HumanoidRootPart"] = CFrame.new(0.0000,0.0000,0.0000,1.0000,0.0000,0.0000,0.0000,1.0000,0.0000,0.0000,0.0000,1.0000),
      ["LowerTorso"] = CFrame.new(0.0000,-0.8712,0.0000,1.0000,-0.0000,0.0000,0.0000,0.9331,0.3597,-0.0000,-0.3597,0.9331),
      ["UpperTorso"] = CFrame.new(0.0000,0.0000,0.0000,0.9431,-0.1547,0.2943,0.1155,0.9824,0.1465,-0.3118,-0.1042,0.9444),
      ["LeftUpperArm"] = CFrame.new(0.2041,-0.0514,0.0069,0.8734,-0.0079,-0.4870,-0.1319,0.9587,-0.2521,0.4689,0.2844,0.8362),
      ["LeftLowerArm"] = CFrame.new(-0.0005,-0.0001,0.0033,1.0000,-0.0000,0.0000,0.0000,0.6604,-0.7509,0.0000,0.7509,0.6604),
      ["LeftHand"] = CFrame.new(0.0000,0.0000,0.0000,0.9735,-0.2278,0.0204,0.2279,0.9737,-0.0051,-0.0187,0.0096,0.9998),
      ["Head"] = CFrame.new(0.0000,0.0000,0.0000,0.9431,0.1918,-0.2716,-0.1547,0.9762,0.1520,0.2943,-0.1013,0.9503),
      ["RightUpperArm"] = CFrame.new(-0.0193,-0.1364,0.0349,0.9122,-0.0633,-0.4048,0.2122,0.9181,0.3347,0.3505,-0.3912,0.8509),
      ["RightLowerArm"] = CFrame.new(0.0000,0.0000,0.0033,1.0000,-0.0000,0.0000,0.0000,0.7466,-0.6653,0.0000,0.6653,0.7466),
      ["RightHand"] = CFrame.new(0.0000,0.0000,0.0000,0.9971,-0.0154,0.0750,0.0082,0.9954,0.0959,-0.0761,-0.0950,0.9926),
      ["LeftUpperLeg"] = CFrame.new(0.0000,0.0000,0.0000,0.9680,0.2476,-0.0418,0.0252,-0.2614,-0.9649,-0.2499,0.9329,-0.2592),
      ["LeftLowerLeg"] = CFrame.new(0.0000,0.0002,-0.0029,1.0000,-0.0000,0.0000,0.0000,0.4748,0.8801,-0.0000,-0.8801,0.4748),
      ["LeftFoot"] = CFrame.new(0.0000,-0.0002,0.0000,0.9960,-0.0837,-0.0318,0.0896,0.9340,0.3458,0.0008,-0.3473,0.9378),
      ["RightUpperLeg"] = CFrame.new(-0.0406,0.3538,-0.3112,0.9354,-0.2964,-0.1927,0.1432,0.8160,-0.5600,0.3232,0.4962,0.8058),
      ["RightLowerLeg"] = CFrame.new(0.0000,0.0000,-0.0030,1.0000,-0.0000,0.0000,0.0000,0.1534,0.9882,-0.0000,-0.9882,0.1534),
      ["RightFoot"] = CFrame.new(0.0000,0.0000,0.0000,0.9595,0.2632,0.1003,-0.0382,0.4742,-0.8796,-0.2791,0.8402,0.4650),
    }},
    {Time = 2.400, Data = {
      ["HumanoidRootPart"] = CFrame.new(0.0000,0.0000,0.0000,1.0000,0.0000,0.0000,0.0000,1.0000,0.0000,0.0000,0.0000,1.0000),
      ["LowerTorso"] = CFrame.new(0.0000,-0.8703,0.0000,1.0000,-0.0000,0.0000,0.0000,0.9331,0.3597,-0.0000,-0.3597,0.9331),
      ["UpperTorso"] = CFrame.new(0.0000,0.0000,0.0000,0.9431,-0.1547,0.2943,0.1155,0.9824,0.1465,-0.3118,-0.1042,0.9444),
      ["LeftUpperArm"] = CFrame.new(0.2042,-0.0517,0.0068,0.8734,-0.0077,-0.4869,-0.1324,0.9584,-0.2528,0.4686,0.2852,0.8361),
      ["LeftLowerArm"] = CFrame.new(-0.0005,-0.0001,0.0033,1.0000,-0.0000,0.0000,0.0000,0.6618,-0.7497,0.0000,0.7497,0.6618),
      ["LeftHand"] = CFrame.new(0.0000,0.0000,0.0000,0.9734,-0.2279,0.0232,0.2281,0.9736,-0.0055,-0.0214,0.0107,0.9997),
      ["Head"] = CFrame.new(0.0000,0.0000,0.0000,0.9431,0.1906,-0.2724,-0.1547,0.9768,0.1478,0.2943,-0.0973,0.9507),
      ["RightUpperArm"] = CFrame.new(-0.0194,-0.1362,0.0351,0.9124,-0.0662,-0.4038,0.2117,0.9209,0.3273,0.3502,-0.3841,0.8543),
      ["RightLowerArm"] = CFrame.new(0.0000,0.0000,0.0033,1.0000,-0.0000,0.0000,0.0000,0.7684,-0.6399,0.0000,0.6399,0.7684),
      ["RightHand"] = CFrame.new(0.0000,0.0000,0.0000,0.9971,-0.0167,0.0744,0.0097,0.9956,0.0931,-0.0757,-0.0921,0.9929),
      ["LeftUpperLeg"] = CFrame.new(0.0000,0.0000,0.0000,0.9680,0.2477,-0.0414,0.0253,-0.2601,-0.9652,-0.2498,0.9333,-0.2581),
      ["LeftLowerLeg"] = CFrame.new(0.0000,0.0002,-0.0029,1.0000,-0.0000,0.0000,0.0000,0.4760,0.8794,-0.0000,-0.8794,0.4760),
      ["LeftFoot"] = CFrame.new(0.0000,-0.0002,0.0000,0.9960,-0.0837,-0.0318,0.0895,0.9340,0.3458,0.0008,-0.3473,0.9378),
      ["RightUpperLeg"] = CFrame.new(-0.0406,0.3538,-0.3112,0.9355,-0.2961,-0.1928,0.1430,0.8163,-0.5596,0.3231,0.4960,0.8060),
      ["RightLowerLeg"] = CFrame.new(0.0000,0.0000,-0.0030,1.0000,-0.0000,0.0000,0.0000,0.1548,0.9880,-0.0000,-0.9880,0.1548),
      ["RightFoot"] = CFrame.new(0.0000,0.0000,0.0000,0.9596,0.2630,0.1002,-0.0384,0.4750,-0.8792,-0.2788,0.8398,0.4659),
    }},
    {Time = 2.433, Data = {
      ["HumanoidRootPart"] = CFrame.new(0.0000,0.0000,0.0000,1.0000,0.0000,0.0000,0.0000,1.0000,0.0000,0.0000,0.0000,1.0000),
      ["LowerTorso"] = CFrame.new(0.0000,-0.8697,0.0000,1.0000,-0.0000,0.0000,0.0000,0.9331,0.3597,-0.0000,-0.3597,0.9331),
      ["UpperTorso"] = CFrame.new(0.0000,0.0000,0.0000,0.9431,-0.1547,0.2943,0.1155,0.9824,0.1465,-0.3118,-0.1042,0.9444),
      ["LeftUpperArm"] = CFrame.new(0.2042,-0.0518,0.0067,0.8735,-0.0076,-0.4868,-0.1328,0.9583,-0.2532,0.4684,0.2858,0.8360),
      ["LeftLowerArm"] = CFrame.new(-0.0005,-0.0001,0.0033,1.0000,-0.0000,0.0000,0.0000,0.6628,-0.7488,0.0000,0.7488,0.6628),
      ["LeftHand"] = CFrame.new(0.0000,0.0000,0.0000,0.9733,-0.2280,0.0252,0.2282,0.9736,-0.0058,-0.0232,0.0114,0.9997),
      ["Head"] = CFrame.new(0.0000,0.0000,0.0000,0.9431,0.1895,-0.2733,-0.1547,0.9775,0.1436,0.2943,-0.0931,0.9512),
      ["RightUpperArm"] = CFrame.new(-0.0195,-0.1359,0.0352,0.9126,-0.0691,-0.4029,0.2112,0.9236,0.3200,0.3500,-0.3772,0.8575),
      ["RightLowerArm"] = CFrame.new(0.0000,0.0000,0.0033,1.0000,-0.0000,0.0000,0.0000,0.7889,-0.6146,0.0000,0.6146,0.7889),
      ["RightHand"] = CFrame.new(0.0000,0.0000,0.0000,0.9971,-0.0176,0.0741,0.0108,0.9958,0.0912,-0.0754,-0.0901,0.9931),
      ["LeftUpperLeg"] = CFrame.new(0.0000,0.0000,0.0000,0.9680,0.2477,-0.0411,0.0253,-0.2593,-0.9655,-0.2498,0.9335,-0.2572),
      ["LeftLowerLeg"] = CFrame.new(0.0000,0.0002,-0.0029,1.0000,-0.0000,0.0000,0.0000,0.4769,0.8790,-0.0000,-0.8790,0.4769),
      ["LeftFoot"] = CFrame.new(0.0000,-0.0002,0.0000,0.9960,-0.0837,-0.0318,0.0895,0.9340,0.3458,0.0008,-0.3473,0.9378),
      ["RightUpperLeg"] = CFrame.new(-0.0406,0.3538,-0.3112,0.9356,-0.2959,-0.1929,0.1429,0.8165,-0.5594,0.3230,0.4958,0.8061),
      ["RightLowerLeg"] = CFrame.new(0.0000,0.0000,-0.0030,1.0000,-0.0000,0.0000,0.0000,0.1556,0.9878,-0.0000,-0.9878,0.1556),
      ["RightFoot"] = CFrame.new(0.0000,0.0000,0.0000,0.9596,0.2629,0.1002,-0.0385,0.4755,-0.8789,-0.2787,0.8395,0.4664),
    }},
    {Time = 2.467, Data = {
      ["HumanoidRootPart"] = CFrame.new(0.0000,0.0000,0.0000,1.0000,0.0000,0.0000,0.0000,1.0000,0.0000,0.0000,0.0000,1.0000),
      ["LowerTorso"] = CFrame.new(0.0000,-0.8693,0.0000,1.0000,-0.0000,0.0000,0.0000,0.9331,0.3597,-0.0000,-0.3597,0.9331),
      ["UpperTorso"] = CFrame.new(0.0000,0.0000,0.0000,0.9431,-0.1547,0.2943,0.1155,0.9824,0.1465,-0.3118,-0.1042,0.9444),
      ["LeftUpperArm"] = CFrame.new(0.2042,-0.0519,0.0066,0.8735,-0.0076,-0.4868,-0.1330,0.9582,-0.2535,0.4683,0.2861,0.8359),
      ["LeftLowerArm"] = CFrame.new(-0.0005,-0.0001,0.0033,1.0000,-0.0000,0.0000,0.0000,0.6632,-0.7484,0.0000,0.7484,0.6632),
      ["LeftHand"] = CFrame.new(0.0000,0.0000,0.0000,0.9733,-0.2280,0.0262,0.2282,0.9736,-0.0059,-0.0242,0.0117,0.9996),
      ["Head"] = CFrame.new(0.0000,0.0000,0.0000,0.9431,0.1882,-0.2741,-0.1547,0.9781,0.1393,0.2943,-0.0889,0.9516),
      ["RightUpperArm"] = CFrame.new(-0.0196,-0.1357,0.0353,0.9128,-0.0717,-0.4021,0.2108,0.9259,0.3134,0.3498,-0.3709,0.8603),
      ["RightLowerArm"] = CFrame.new(0.0000,0.0000,0.0033,1.0000,-0.0000,0.0000,0.0000,0.8073,-0.5901,0.0000,0.5901,0.8073),
      ["RightHand"] = CFrame.new(0.0000,0.0000,0.0000,0.9971,-0.0181,0.0740,0.0113,0.9959,0.0902,-0.0753,-0.0891,0.9932),
      ["LeftUpperLeg"] = CFrame.new(0.0000,0.0000,0.0000,0.9680,0.2477,-0.0410,0.0253,-0.2588,-0.9656,-0.2498,0.9336,-0.2568),
      ["LeftLowerLeg"] = CFrame.new(0.0000,0.0002,-0.0029,1.0000,-0.0000,0.0000,0.0000,0.4773,0.8787,-0.0000,-0.8787,0.4773),
      ["LeftFoot"] = CFrame.new(0.0000,-0.0002,0.0000,0.9960,-0.0837,-0.0318,0.0895,0.9340,0.3458,0.0008,-0.3473,0.9378),
      ["RightUpperLeg"] = CFrame.new(-0.0406,0.3538,-0.3112,0.9356,-0.2958,-0.1929,0.1429,0.8166,-0.5593,0.3230,0.4957,0.8062),
      ["RightLowerLeg"] = CFrame.new(0.0000,0.0000,-0.0030,1.0000,-0.0000,0.0000,0.0000,0.1561,0.9877,-0.0000,-0.9877,0.1561),
      ["RightFoot"] = CFrame.new(0.0000,0.0000,0.0000,0.9596,0.2629,0.1002,-0.0386,0.4758,-0.8787,-0.2787,0.8394,0.4667),
    }},
    {Time = 2.500, Data = {
      ["HumanoidRootPart"] = CFrame.new(0.0000,0.0000,0.0000,1.0000,0.0000,0.0000,0.0000,1.0000,0.0000,0.0000,0.0000,1.0000),
      ["LowerTorso"] = CFrame.new(0.0000,-0.8693,0.0000,1.0000,-0.0000,0.0000,0.0000,0.9331,0.3597,-0.0000,-0.3597,0.9331),
      ["UpperTorso"] = CFrame.new(0.0000,0.0000,0.0000,0.9431,-0.1547,0.2943,0.1155,0.9824,0.1465,-0.3118,-0.1042,0.9444),
      ["LeftUpperArm"] = CFrame.new(0.2042,-0.0519,0.0066,0.8735,-0.0076,-0.4868,-0.1329,0.9582,-0.2535,0.4684,0.2861,0.8359),
      ["LeftLowerArm"] = CFrame.new(-0.0005,-0.0001,0.0033,1.0000,-0.0000,0.0000,0.0000,0.6632,-0.7484,0.0000,0.7484,0.6632),
      ["LeftHand"] = CFrame.new(0.0000,0.0000,0.0000,0.9733,-0.2280,0.0262,0.2282,0.9736,-0.0059,-0.0242,0.0117,0.9996),
      ["Head"] = CFrame.new(0.0000,0.0000,0.0000,0.9431,0.1870,-0.2749,-0.1547,0.9787,0.1349,0.2943,-0.0847,0.9519),
      ["RightUpperArm"] = CFrame.new(-0.0197,-0.1356,0.0353,0.9129,-0.0739,-0.4014,0.2105,0.9278,0.3079,0.3496,-0.3656,0.8626),
      ["RightLowerArm"] = CFrame.new(0.0000,0.0000,0.0033,1.0000,-0.0000,0.0000,0.0000,0.8234,-0.5674,0.0000,0.5674,0.8234),
      ["RightHand"] = CFrame.new(0.0000,0.0000,0.0000,0.9971,-0.0181,0.0740,0.0113,0.9959,0.0902,-0.0753,-0.0891,0.9932),
      ["LeftUpperLeg"] = CFrame.new(0.0000,0.0000,0.0000,0.9680,0.2477,-0.0410,0.0253,-0.2588,-0.9656,-0.2498,0.9336,-0.2568),
      ["LeftLowerLeg"] = CFrame.new(0.0000,0.0002,-0.0029,1.0000,-0.0000,0.0000,0.0000,0.4773,0.8787,-0.0000,-0.8787,0.4773),
      ["LeftFoot"] = CFrame.new(0.0000,-0.0002,0.0000,0.9960,-0.0837,-0.0318,0.0895,0.9340,0.3458,0.0008,-0.3473,0.9378),
      ["RightUpperLeg"] = CFrame.new(-0.0406,0.3538,-0.3112,0.9356,-0.2958,-0.1929,0.1429,0.8165,-0.5593,0.3230,0.4957,0.8062),
      ["RightLowerLeg"] = CFrame.new(0.0000,0.0000,-0.0030,1.0000,-0.0000,0.0000,0.0000,0.1561,0.9877,-0.0000,-0.9877,0.1561),
      ["RightFoot"] = CFrame.new(0.0000,0.0000,0.0000,0.9596,0.2629,0.1002,-0.0386,0.4758,-0.8787,-0.2787,0.8394,0.4667),
    }},
    {Time = 2.533, Data = {
      ["HumanoidRootPart"] = CFrame.new(0.0000,0.0000,0.0000,1.0000,0.0000,0.0000,0.0000,1.0000,0.0000,0.0000,0.0000,1.0000),
      ["LowerTorso"] = CFrame.new(0.0000,-0.8697,0.0000,1.0000,-0.0000,0.0000,0.0000,0.9331,0.3597,-0.0000,-0.3597,0.9331),
      ["UpperTorso"] = CFrame.new(0.0000,0.0000,0.0000,0.9431,-0.1547,0.2943,0.1155,0.9824,0.1465,-0.3118,-0.1042,0.9444),
      ["LeftUpperArm"] = CFrame.new(0.2042,-0.0518,0.0067,0.8735,-0.0076,-0.4868,-0.1328,0.9583,-0.2532,0.4684,0.2858,0.8360),
      ["LeftLowerArm"] = CFrame.new(-0.0005,-0.0001,0.0033,1.0000,-0.0000,0.0000,0.0000,0.6628,-0.7488,0.0000,0.7488,0.6628),
      ["LeftHand"] = CFrame.new(0.0000,0.0000,0.0000,0.9733,-0.2280,0.0252,0.2282,0.9736,-0.0058,-0.0232,0.0114,0.9997),
      ["Head"] = CFrame.new(0.0000,0.0000,0.0000,0.9431,0.1858,-0.2758,-0.1547,0.9793,0.1305,0.2943,-0.0804,0.9523),
      ["RightUpperArm"] = CFrame.new(-0.0197,-0.1355,0.0354,0.9130,-0.0756,-0.4009,0.2103,0.9293,0.3037,0.3495,-0.3616,0.8643),
      ["RightLowerArm"] = CFrame.new(0.0000,0.0000,0.0033,1.0000,-0.0000,0.0000,0.0000,0.8371,-0.5470,0.0000,0.5470,0.8371),
      ["RightHand"] = CFrame.new(0.0000,0.0000,0.0000,0.9971,-0.0176,0.0741,0.0108,0.9958,0.0912,-0.0754,-0.0901,0.9931),
      ["LeftUpperLeg"] = CFrame.new(0.0000,0.0000,0.0000,0.9680,0.2476,-0.0411,0.0253,-0.2593,-0.9655,-0.2498,0.9335,-0.2572),
      ["LeftLowerLeg"] = CFrame.new(0.0000,0.0002,-0.0029,1.0000,-0.0000,0.0000,0.0000,0.4769,0.8790,-0.0000,-0.8790,0.4769),
      ["LeftFoot"] = CFrame.new(0.0000,-0.0002,0.0000,0.9960,-0.0837,-0.0319,0.0896,0.9340,0.3458,0.0008,-0.3473,0.9378),
      ["RightUpperLeg"] = CFrame.new(-0.0406,0.3538,-0.3112,0.9356,-0.2959,-0.1928,0.1429,0.8165,-0.5594,0.3230,0.4958,0.8061),
      ["RightLowerLeg"] = CFrame.new(0.0000,0.0000,-0.0030,1.0000,-0.0000,0.0000,0.0000,0.1556,0.9878,-0.0000,-0.9878,0.1556),
      ["RightFoot"] = CFrame.new(0.0000,0.0000,0.0000,0.9596,0.2629,0.1002,-0.0385,0.4755,-0.8789,-0.2787,0.8395,0.4664),
    }},
    {Time = 2.567, Data = {
      ["HumanoidRootPart"] = CFrame.new(0.0000,0.0000,0.0000,1.0000,0.0000,0.0000,0.0000,1.0000,0.0000,0.0000,0.0000,1.0000),
      ["LowerTorso"] = CFrame.new(0.0000,-0.8703,0.0000,1.0000,-0.0000,0.0000,0.0000,0.9331,0.3597,-0.0000,-0.3597,0.9331),
      ["UpperTorso"] = CFrame.new(0.0000,0.0000,0.0000,0.9431,-0.1547,0.2943,0.1155,0.9824,0.1465,-0.3118,-0.1042,0.9444),
      ["LeftUpperArm"] = CFrame.new(0.2041,-0.0517,0.0068,0.8734,-0.0077,-0.4869,-0.1324,0.9584,-0.2528,0.4686,0.2852,0.8361),
      ["LeftLowerArm"] = CFrame.new(-0.0005,-0.0001,0.0033,1.0000,-0.0000,0.0000,0.0000,0.6618,-0.7497,0.0000,0.7497,0.6618),
      ["LeftHand"] = CFrame.new(0.0000,0.0000,0.0000,0.9734,-0.2279,0.0232,0.2281,0.9736,-0.0055,-0.0214,0.0107,0.9997),
      ["Head"] = CFrame.new(0.0000,0.0000,0.0000,0.9431,0.1845,-0.2766,-0.1547,0.9799,0.1261,0.2943,-0.0761,0.9527),
      ["RightUpperArm"] = CFrame.new(-0.0197,-0.1354,0.0354,0.9131,-0.0768,-0.4005,0.2102,0.9302,0.3009,0.3495,-0.3590,0.8655),
      ["RightLowerArm"] = CFrame.new(0.0000,0.0000,0.0033,1.0000,-0.0000,0.0000,0.0000,0.8484,-0.5294,0.0000,0.5294,0.8484),
      ["RightHand"] = CFrame.new(0.0000,0.0000,0.0000,0.9971,-0.0167,0.0744,0.0097,0.9956,0.0931,-0.0757,-0.0921,0.9929),
      ["LeftUpperLeg"] = CFrame.new(0.0000,0.0000,0.0000,0.9680,0.2476,-0.0414,0.0253,-0.2601,-0.9652,-0.2498,0.9333,-0.2581),
      ["LeftLowerLeg"] = CFrame.new(0.0000,0.0002,-0.0029,1.0000,-0.0000,0.0000,0.0000,0.4760,0.8794,-0.0000,-0.8794,0.4760),
      ["LeftFoot"] = CFrame.new(0.0000,-0.0002,0.0000,0.9960,-0.0837,-0.0319,0.0896,0.9340,0.3458,0.0008,-0.3473,0.9378),
      ["RightUpperLeg"] = CFrame.new(-0.0406,0.3538,-0.3112,0.9355,-0.2961,-0.1928,0.1430,0.8163,-0.5596,0.3231,0.4960,0.8060),
      ["RightLowerLeg"] = CFrame.new(0.0000,0.0000,-0.0030,1.0000,-0.0000,0.0000,0.0000,0.1548,0.9880,-0.0000,-0.9880,0.1548),
      ["RightFoot"] = CFrame.new(0.0000,0.0000,0.0000,0.9596,0.2630,0.1003,-0.0383,0.4750,-0.8792,-0.2788,0.8398,0.4659),
    }},
    {Time = 2.600, Data = {
      ["HumanoidRootPart"] = CFrame.new(0.0000,0.0000,0.0000,1.0000,0.0000,0.0000,0.0000,1.0000,0.0000,0.0000,0.0000,1.0000),
      ["LowerTorso"] = CFrame.new(0.0000,-0.8712,0.0000,1.0000,-0.0000,0.0000,0.0000,0.9331,0.3597,-0.0000,-0.3597,0.9331),
      ["UpperTorso"] = CFrame.new(0.0000,0.0000,0.0000,0.9431,-0.1547,0.2943,0.1155,0.9824,0.1465,-0.3118,-0.1042,0.9444),
      ["LeftUpperArm"] = CFrame.new(0.2041,-0.0514,0.0069,0.8734,-0.0079,-0.4870,-0.1319,0.9587,-0.2521,0.4689,0.2844,0.8362),
      ["LeftLowerArm"] = CFrame.new(-0.0005,-0.0001,0.0033,1.0000,-0.0000,0.0000,0.0000,0.6604,-0.7509,0.0000,0.7509,0.6604),
      ["LeftHand"] = CFrame.new(0.0000,0.0000,0.0000,0.9735,-0.2278,0.0204,0.2279,0.9737,-0.0051,-0.0187,0.0096,0.9998),
      ["Head"] = CFrame.new(0.0000,0.0000,0.0000,0.9431,0.1833,-0.2774,-0.1547,0.9804,0.1218,0.2943,-0.0719,0.9530),
      ["RightUpperArm"] = CFrame.new(-0.0197,-0.1354,0.0354,0.9131,-0.0774,-0.4004,0.2102,0.9307,0.2994,0.3495,-0.3576,0.8660),
      ["RightLowerArm"] = CFrame.new(0.0000,0.0000,0.0033,1.0000,-0.0000,0.0000,0.0000,0.8575,-0.5146,0.0000,0.5146,0.8575),
      ["RightHand"] = CFrame.new(0.0000,0.0000,0.0000,0.9971,-0.0154,0.0750,0.0082,0.9954,0.0959,-0.0761,-0.0950,0.9926),
      ["LeftUpperLeg"] = CFrame.new(0.0000,0.0000,0.0000,0.9680,0.2476,-0.0418,0.0252,-0.2614,-0.9649,-0.2499,0.9329,-0.2592),
      ["LeftLowerLeg"] = CFrame.new(0.0000,0.0002,-0.0029,1.0000,-0.0000,0.0000,0.0000,0.4748,0.8801,-0.0000,-0.8801,0.4748),
      ["LeftFoot"] = CFrame.new(0.0000,-0.0002,0.0000,0.9960,-0.0837,-0.0319,0.0896,0.9340,0.3458,0.0008,-0.3473,0.9377),
      ["RightUpperLeg"] = CFrame.new(-0.0406,0.3538,-0.3112,0.9354,-0.2964,-0.1927,0.1432,0.8160,-0.5600,0.3232,0.4962,0.8058),
      ["RightLowerLeg"] = CFrame.new(0.0000,0.0000,-0.0030,1.0000,-0.0000,0.0000,0.0000,0.1534,0.9882,-0.0000,-0.9882,0.1534),
      ["RightFoot"] = CFrame.new(0.0000,0.0000,0.0000,0.9595,0.2632,0.1003,-0.0382,0.4742,-0.8796,-0.2791,0.8402,0.4650),
    }},
    {Time = 2.633, Data = {
      ["HumanoidRootPart"] = CFrame.new(0.0000,0.0000,0.0000,1.0000,0.0000,0.0000,0.0000,1.0000,0.0000,0.0000,0.0000,1.0000),
      ["LowerTorso"] = CFrame.new(0.0000,-0.8723,0.0000,1.0000,-0.0000,0.0000,0.0000,0.9331,0.3597,-0.0000,-0.3597,0.9331),
      ["UpperTorso"] = CFrame.new(0.0000,0.0000,0.0000,0.9431,-0.1547,0.2943,0.1155,0.9824,0.1465,-0.3118,-0.1042,0.9444),
      ["LeftUpperArm"] = CFrame.new(0.2041,-0.0511,0.0071,0.8732,-0.0081,-0.4872,-0.1312,0.9590,-0.2512,0.4693,0.2833,0.8364),
      ["LeftLowerArm"] = CFrame.new(-0.0005,-0.0001,0.0033,1.0000,-0.0000,0.0000,0.0000,0.6587,-0.7524,0.0000,0.7524,0.6587),
      ["LeftHand"] = CFrame.new(0.0000,0.0000,0.0000,0.9736,-0.2276,0.0166,0.2277,0.9737,-0.0046,-0.0152,0.0083,0.9999),
      ["Head"] = CFrame.new(0.0000,0.0000,0.0000,0.9431,0.1821,-0.2782,-0.1547,0.9809,0.1176,0.2943,-0.0678,0.9533),
      ["RightUpperArm"] = CFrame.new(-0.0197,-0.1355,0.0354,0.9130,-0.0775,-0.4004,0.2102,0.9307,0.2993,0.3495,-0.3574,0.8661),
      ["RightLowerArm"] = CFrame.new(0.0000,0.0000,0.0033,1.0000,-0.0000,0.0000,0.0000,0.8644,-0.5027,0.0000,0.5027,0.8644),
      ["RightHand"] = CFrame.new(0.0000,0.0000,0.0000,0.9970,-0.0138,0.0757,0.0062,0.9950,0.0995,-0.0767,-0.0988,0.9922),
      ["LeftUpperLeg"] = CFrame.new(0.0000,0.0000,0.0000,0.9679,0.2476,-0.0423,0.0251,-0.2630,-0.9645,-0.2499,0.9325,-0.2608),
      ["LeftLowerLeg"] = CFrame.new(0.0000,0.0002,-0.0029,1.0000,-0.0000,0.0000,0.0000,0.4732,0.8810,-0.0000,-0.8810,0.4732),
      ["LeftFoot"] = CFrame.new(0.0000,-0.0002,0.0000,0.9960,-0.0837,-0.0319,0.0896,0.9340,0.3459,0.0008,-0.3473,0.9377),
      ["RightUpperLeg"] = CFrame.new(-0.0406,0.3538,-0.3112,0.9353,-0.2968,-0.1925,0.1435,0.8157,-0.5604,0.3233,0.4966,0.8055),
      ["RightLowerLeg"] = CFrame.new(0.0000,0.0000,-0.0030,1.0000,-0.0000,0.0000,0.0000,0.1518,0.9884,-0.0000,-0.9884,0.1518),
      ["RightFoot"] = CFrame.new(0.0000,0.0000,0.0000,0.9594,0.2635,0.1004,-0.0379,0.4732,-0.8801,-0.2794,0.8406,0.4640),
    }},
    {Time = 2.667, Data = {
      ["HumanoidRootPart"] = CFrame.new(0.0000,0.0000,0.0000,1.0000,0.0000,0.0000,0.0000,1.0000,0.0000,0.0000,0.0000,1.0000),
      ["LowerTorso"] = CFrame.new(0.0000,-0.8737,0.0000,1.0000,-0.0000,0.0000,0.0000,0.9331,0.3597,-0.0000,-0.3597,0.9331),
      ["UpperTorso"] = CFrame.new(0.0000,0.0000,0.0000,0.9431,-0.1547,0.2943,0.1155,0.9824,0.1465,-0.3118,-0.1042,0.9444),
      ["LeftUpperArm"] = CFrame.new(0.2040,-0.0507,0.0073,0.8731,-0.0084,-0.4875,-0.1304,0.9594,-0.2501,0.4698,0.2820,0.8366),
      ["LeftLowerArm"] = CFrame.new(-0.0005,-0.0001,0.0033,1.0000,-0.0000,0.0000,0.0000,0.6565,-0.7543,0.0000,0.7543,0.6565),
      ["LeftHand"] = CFrame.new(0.0000,0.0000,0.0000,0.9737,-0.2273,0.0121,0.2274,0.9738,-0.0040,-0.0109,0.0066,0.9999),
      ["Head"] = CFrame.new(0.0000,0.0000,0.0000,0.9431,0.1810,-0.2789,-0.1547,0.9814,0.1136,0.2943,-0.0639,0.9536),
      ["RightUpperArm"] = CFrame.new(-0.0197,-0.1355,0.0354,0.9130,-0.0771,-0.4005,0.2103,0.9304,0.3003,0.3495,-0.3584,0.8657),
      ["RightLowerArm"] = CFrame.new(0.0000,0.0000,0.0033,1.0000,-0.0000,0.0000,0.0000,0.8696,-0.4938,0.0000,0.4938,0.8696),
      ["RightHand"] = CFrame.new(0.0000,0.0000,0.0000,0.9970,-0.0118,0.0765,0.0038,0.9946,0.1039,-0.0773,-0.1033,0.9916),
      ["LeftUpperLeg"] = CFrame.new(0.0000,0.0000,0.0000,0.9679,0.2475,-0.0429,0.0250,-0.2650,-0.9639,-0.2499,0.9320,-0.2627),
      ["LeftLowerLeg"] = CFrame.new(0.0000,0.0002,-0.0029,1.0000,-0.0000,0.0000,0.0000,0.4712,0.8820,-0.0000,-0.8820,0.4712),
      ["LeftFoot"] = CFrame.new(0.0000,-0.0002,0.0000,0.9960,-0.0838,-0.0319,0.0897,0.9340,0.3459,0.0008,-0.3474,0.9377),
      ["RightUpperLeg"] = CFrame.new(-0.0406,0.3538,-0.3112,0.9352,-0.2972,-0.1923,0.1437,0.8153,-0.5609,0.3235,0.4970,0.8052),
      ["RightLowerLeg"] = CFrame.new(0.0000,0.0000,-0.0030,1.0000,-0.0000,0.0000,0.0000,0.1497,0.9887,-0.0000,-0.9887,0.1497),
      ["RightFoot"] = CFrame.new(0.0000,0.0000,0.0000,0.9593,0.2638,0.1005,-0.0375,0.4720,-0.8808,-0.2798,0.8412,0.4627),
    }},
    {Time = 2.700, Data = {
      ["HumanoidRootPart"] = CFrame.new(0.0000,0.0000,0.0000,1.0000,0.0000,0.0000,0.0000,1.0000,0.0000,0.0000,0.0000,1.0000),
      ["LowerTorso"] = CFrame.new(0.0000,-0.8753,0.0000,1.0000,-0.0000,0.0000,0.0000,0.9331,0.3597,-0.0000,-0.3597,0.9331),
      ["UpperTorso"] = CFrame.new(0.0000,0.0000,0.0000,0.9431,-0.1547,0.2943,0.1155,0.9824,0.1465,-0.3118,-0.1042,0.9444),
      ["LeftUpperArm"] = CFrame.new(0.2040,-0.0502,0.0076,0.8729,-0.0087,-0.4877,-0.1295,0.9598,-0.2489,0.4703,0.2804,0.8368),
      ["LeftLowerArm"] = CFrame.new(-0.0005,-0.0001,0.0033,1.0000,-0.0000,0.0000,0.0000,0.6540,-0.7565,0.0000,0.7565,0.6540),
      ["LeftHand"] = CFrame.new(0.0000,0.0000,0.0000,0.9739,-0.2270,0.0069,0.2270,0.9739,-0.0032,-0.0060,0.0047,1.0000),
      ["Head"] = CFrame.new(0.0000,0.0000,0.0000,0.9431,0.1799,-0.2796,-0.1547,0.9818,0.1098,0.2943,-0.0603,0.9538),
      ["RightUpperArm"] = CFrame.new(-0.0196,-0.1355,0.0353,0.9130,-0.0762,-0.4009,0.2104,0.9296,0.3025,0.3496,-0.3605,0.8648),
      ["RightLowerArm"] = CFrame.new(0.0000,0.0000,0.0033,1.0000,-0.0000,0.0000,0.0000,0.8728,-0.4880,0.0000,0.4880,0.8728),
      ["RightHand"] = CFrame.new(0.0000,0.0000,0.0000,0.9969,-0.0094,0.0776,0.0009,0.9940,0.1090,-0.0781,-0.1086,0.9910),
      ["LeftUpperLeg"] = CFrame.new(0.0000,0.0000,0.0000,0.9679,0.2474,-0.0436,0.0249,-0.2672,-0.9633,-0.2500,0.9313,-0.2648),
      ["LeftLowerLeg"] = CFrame.new(0.0000,0.0002,-0.0029,1.0000,-0.0000,0.0000,0.0000,0.4690,0.8832,-0.0000,-0.8832,0.4690),
      ["LeftFoot"] = CFrame.new(0.0000,-0.0002,0.0000,0.9960,-0.0839,-0.0319,0.0897,0.9339,0.3460,0.0008,-0.3474,0.9377),
      ["RightUpperLeg"] = CFrame.new(-0.0406,0.3538,-0.3112,0.9351,-0.2978,-0.1921,0.1441,0.8148,-0.5615,0.3238,0.4974,0.8048),
      ["RightLowerLeg"] = CFrame.new(0.0000,0.0000,-0.0030,1.0000,-0.0000,0.0000,0.0000,0.1473,0.9891,-0.0000,-0.9891,0.1473),
      ["RightFoot"] = CFrame.new(0.0000,0.0000,0.0000,0.9592,0.2642,0.1006,-0.0371,0.4706,-0.8816,-0.2803,0.8419,0.4612),
    }},
    {Time = 2.733, Data = {
      ["HumanoidRootPart"] = CFrame.new(0.0000,0.0000,0.0000,1.0000,0.0000,0.0000,0.0000,1.0000,0.0000,0.0000,0.0000,1.0000),
      ["LowerTorso"] = CFrame.new(0.0000,-0.8772,0.0000,1.0000,-0.0000,0.0000,0.0000,0.9331,0.3597,-0.0000,-0.3597,0.9331),
      ["UpperTorso"] = CFrame.new(0.0000,0.0000,0.0000,0.9431,-0.1547,0.2943,0.1155,0.9824,0.1465,-0.3118,-0.1042,0.9444),
      ["LeftUpperArm"] = CFrame.new(0.2039,-0.0497,0.0079,0.8728,-0.0090,-0.4881,-0.1285,0.9603,-0.2475,0.4709,0.2787,0.8370),
      ["LeftLowerArm"] = CFrame.new(-0.0005,-0.0001,0.0033,1.0000,-0.0000,0.0000,0.0000,0.6512,-0.7589,0.0000,0.7589,0.6512),
      ["LeftHand"] = CFrame.new(0.0000,0.0000,0.0000,0.9740,-0.2267,0.0010,0.2267,0.9740,-0.0024,-0.0004,0.0026,1.0000),
      ["Head"] = CFrame.new(0.0000,0.0000,0.0000,0.9431,0.1789,-0.2803,-0.1547,0.9822,0.1063,0.2943,-0.0569,0.9540),
      ["RightUpperArm"] = CFrame.new(-0.0196,-0.1356,0.0353,0.9129,-0.0750,-0.4013,0.2106,0.9285,0.3057,0.3497,-0.3636,0.8634),
      ["RightLowerArm"] = CFrame.new(0.0000,0.0000,0.0033,1.0000,-0.0000,0.0000,0.0000,0.8744,-0.4852,0.0000,0.4852,0.8744),
      ["RightHand"] = CFrame.new(0.0000,0.0000,0.0000,0.9969,-0.0068,0.0787,-0.0023,0.9934,0.1148,-0.0790,-0.1146,0.9903),
      ["LeftUpperLeg"] = CFrame.new(0.0000,0.0000,0.0000,0.9679,0.2473,-0.0444,0.0248,-0.2698,-0.9626,-0.2501,0.9306,-0.2673),
      ["LeftLowerLeg"] = CFrame.new(0.0000,0.0002,-0.0029,1.0000,-0.0000,0.0000,0.0000,0.4664,0.8846,-0.0000,-0.8846,0.4664),
      ["LeftFoot"] = CFrame.new(0.0000,-0.0002,0.0000,0.9960,-0.0839,-0.0319,0.0898,0.9339,0.3461,0.0008,-0.3475,0.9377),
      ["RightUpperLeg"] = CFrame.new(-0.0406,0.3538,-0.3112,0.9350,-0.2984,-0.1919,0.1445,0.8143,-0.5622,0.3240,0.4979,0.8044),
      ["RightLowerLeg"] = CFrame.new(0.0000,0.0000,-0.0030,1.0000,-0.0000,0.0000,0.0000,0.1447,0.9895,-0.0000,-0.9895,0.1447),
      ["RightFoot"] = CFrame.new(0.0000,0.0000,0.0000,0.9591,0.2646,0.1008,-0.0366,0.4690,-0.8825,-0.2808,0.8426,0.4595),
    }},
    {Time = 2.767, Data = {
      ["HumanoidRootPart"] = CFrame.new(0.0000,0.0000,0.0000,1.0000,0.0000,0.0000,0.0000,1.0000,0.0000,0.0000,0.0000,1.0000),
      ["LowerTorso"] = CFrame.new(0.0000,-0.8792,0.0000,1.0000,-0.0000,0.0000,0.0000,0.9331,0.3597,-0.0000,-0.3597,0.9331),
      ["UpperTorso"] = CFrame.new(0.0000,0.0000,0.0000,0.9431,-0.1547,0.2943,0.1155,0.9824,0.1465,-0.3118,-0.1042,0.9444),
      ["LeftUpperArm"] = CFrame.new(0.2038,-0.0491,0.0083,0.8726,-0.0094,-0.4884,-0.1273,0.9609,-0.2460,0.4716,0.2768,0.8372),
      ["LeftLowerArm"] = CFrame.new(-0.0005,-0.0001,0.0033,1.0000,-0.0000,0.0000,0.0000,0.6481,-0.7615,0.0000,0.7615,0.6481),
      ["LeftHand"] = CFrame.new(0.0000,0.0000,0.0000,0.9740,-0.2263,-0.0055,0.2263,0.9741,-0.0015,0.0057,0.0002,1.0000),
      ["Head"] = CFrame.new(0.0000,0.0000,0.0000,0.9431,0.1780,-0.2808,-0.1547,0.9825,0.1032,0.2943,-0.0539,0.9542),
      ["RightUpperArm"] = CFrame.new(-0.0196,-0.1357,0.0353,0.9128,-0.0734,-0.4018,0.2109,0.9271,0.3098,0.3498,-0.3675,0.8617),
      ["RightLowerArm"] = CFrame.new(0.0000,0.0000,0.0033,1.0000,-0.0000,0.0000,0.0000,0.8745,-0.4850,0.0000,0.4850,0.8745),
      ["RightHand"] = CFrame.new(0.0000,0.0000,0.0000,0.9968,-0.0039,0.0800,-0.0059,0.9926,0.1212,-0.0799,-0.1213,0.9894),
      ["LeftUpperLeg"] = CFrame.new(0.0000,0.0000,0.0000,0.9679,0.2472,-0.0453,0.0246,-0.2726,-0.9618,-0.2501,0.9298,-0.2700),
      ["LeftLowerLeg"] = CFrame.new(0.0000,0.0002,-0.0029,1.0000,-0.0000,0.0000,0.0000,0.4636,0.8860,-0.0000,-0.8860,0.4636),
      ["LeftFoot"] = CFrame.new(0.0000,-0.0002,0.0000,0.9960,-0.0840,-0.0320,0.0899,0.9339,0.3462,0.0008,-0.3476,0.9376),
      ["RightUpperLeg"] = CFrame.new(-0.0406,0.3538,-0.3112,0.9348,-0.2991,-0.1916,0.1449,0.8137,-0.5630,0.3243,0.4985,0.8040),
      ["RightLowerLeg"] = CFrame.new(0.0000,0.0000,-0.0030,1.0000,-0.0000,0.0000,0.0000,0.1417,0.9899,-0.0000,-0.9899,0.1417),
      ["RightFoot"] = CFrame.new(0.0000,0.0000,0.0000,0.9589,0.2651,0.1010,-0.0361,0.4672,-0.8834,-0.2814,0.8435,0.4576),
    }},
    {Time = 2.800, Data = {
      ["HumanoidRootPart"] = CFrame.new(0.0000,0.0000,0.0000,1.0000,0.0000,0.0000,0.0000,1.0000,0.0000,0.0000,0.0000,1.0000),
      ["LowerTorso"] = CFrame.new(0.0000,-0.8814,0.0000,1.0000,-0.0000,0.0000,0.0000,0.9331,0.3597,-0.0000,-0.3597,0.9331),
      ["UpperTorso"] = CFrame.new(0.0000,0.0000,0.0000,0.9431,-0.1547,0.2943,0.1155,0.9824,0.1465,-0.3118,-0.1042,0.9444),
      ["LeftUpperArm"] = CFrame.new(0.2037,-0.0485,0.0087,0.8723,-0.0099,-0.4888,-0.1260,0.9615,-0.2443,0.4724,0.2747,0.8375),
      ["LeftLowerArm"] = CFrame.new(-0.0005,-0.0001,0.0033,1.0000,-0.0000,0.0000,0.0000,0.6448,-0.7644,0.0000,0.7644,0.6448),
      ["LeftHand"] = CFrame.new(0.0000,0.0000,0.0000,0.9741,-0.2258,-0.0127,0.2258,0.9742,-0.0005,0.0124,-0.0024,0.9999),
      ["Head"] = CFrame.new(0.0000,0.0000,0.0000,0.9431,0.1773,-0.2813,-0.1547,0.9828,0.1005,0.2943,-0.0512,0.9543),
      ["RightUpperArm"] = CFrame.new(-0.0195,-0.1359,0.0352,0.9127,-0.0715,-0.4024,0.2111,0.9255,0.3144,0.3499,-0.3719,0.8598),
      ["RightLowerArm"] = CFrame.new(0.0000,0.0000,0.0033,1.0000,-0.0000,0.0000,0.0000,0.8733,-0.4872,0.0000,0.4872,0.8733),
      ["RightHand"] = CFrame.new(0.0000,0.0000,0.0000,0.9967,-0.0007,0.0814,-0.0097,0.9917,0.1281,-0.0809,-0.1285,0.9884),
      ["LeftUpperLeg"] = CFrame.new(0.0000,0.0000,0.0000,0.9679,0.2471,-0.0462,0.0245,-0.2757,-0.9609,-0.2502,0.9289,-0.2729),
      ["LeftLowerLeg"] = CFrame.new(0.0000,0.0002,-0.0029,1.0000,-0.0000,0.0000,0.0000,0.4606,0.8876,-0.0000,-0.8876,0.4606),
      ["LeftFoot"] = CFrame.new(0.0000,-0.0002,0.0000,0.9959,-0.0841,-0.0320,0.0900,0.9338,0.3463,0.0008,-0.3478,0.9376),
      ["RightUpperLeg"] = CFrame.new(-0.0406,0.3538,-0.3112,0.9346,-0.2998,-0.1913,0.1454,0.8130,-0.5638,0.3246,0.4991,0.8035),
      ["RightLowerLeg"] = CFrame.new(0.0000,0.0000,-0.0030,1.0000,-0.0000,0.0000,0.0000,0.1385,0.9904,-0.0000,-0.9904,0.1385),
      ["RightFoot"] = CFrame.new(0.0000,0.0000,0.0000,0.9587,0.2657,0.1012,-0.0356,0.4653,-0.8844,-0.2820,0.8444,0.4555),
    }},
    {Time = 2.833, Data = {
      ["HumanoidRootPart"] = CFrame.new(0.0000,0.0000,0.0000,1.0000,0.0000,0.0000,0.0000,1.0000,0.0000,0.0000,0.0000,1.0000),
      ["LowerTorso"] = CFrame.new(0.0000,-0.8838,0.0000,1.0000,-0.0000,0.0000,0.0000,0.9331,0.3597,-0.0000,-0.3597,0.9331),
      ["UpperTorso"] = CFrame.new(0.0000,0.0000,0.0000,0.9431,-0.1547,0.2943,0.1155,0.9824,0.1465,-0.3118,-0.1042,0.9444),
      ["LeftUpperArm"] = CFrame.new(0.2035,-0.0478,0.0091,0.8721,-0.0103,-0.4892,-0.1247,0.9621,-0.2426,0.4732,0.2725,0.8378),
      ["LeftLowerArm"] = CFrame.new(-0.0005,-0.0001,0.0033,1.0000,-0.0000,0.0000,0.0000,0.6412,-0.7674,0.0000,0.7674,0.6412),
      ["LeftHand"] = CFrame.new(0.0000,0.0000,0.0000,0.9741,-0.2253,-0.0203,0.2254,0.9743,0.0006,0.0196,-0.0051,0.9998),
      ["Head"] = CFrame.new(0.0000,0.0000,0.0000,0.9431,0.1766,-0.2817,-0.1547,0.9831,0.0983,0.2943,-0.0491,0.9544),
      ["RightUpperArm"] = CFrame.new(-0.0195,-0.1360,0.0351,0.9126,-0.0695,-0.4030,0.2114,0.9237,0.3194,0.3501,-0.3767,0.8577),
      ["RightLowerArm"] = CFrame.new(0.0000,0.0000,0.0033,1.0000,-0.0000,0.0000,0.0000,0.8708,-0.4916,0.0000,0.4916,0.8708),
      ["RightHand"] = CFrame.new(0.0000,0.0000,0.0000,0.9965,0.0026,0.0830,-0.0139,0.9907,0.1355,-0.0819,-0.1362,0.9873),
      ["LeftUpperLeg"] = CFrame.new(0.0000,0.0000,0.0000,0.9679,0.2470,-0.0473,0.0243,-0.2790,-0.9600,-0.2503,0.9280,-0.2760),
      ["LeftLowerLeg"] = CFrame.new(0.0000,0.0002,-0.0029,1.0000,-0.0000,0.0000,0.0000,0.4573,0.8893,-0.0000,-0.8893,0.4573),
      ["LeftFoot"] = CFrame.new(0.0000,-0.0002,0.0000,0.9959,-0.0842,-0.0320,0.0900,0.9337,0.3464,0.0007,-0.3479,0.9375),
      ["RightUpperLeg"] = CFrame.new(-0.0406,0.3538,-0.3112,0.9344,-0.3006,-0.1910,0.1459,0.8124,-0.5646,0.3249,0.4997,0.8029),
      ["RightLowerLeg"] = CFrame.new(0.0000,0.0000,-0.0030,1.0000,-0.0000,0.0000,0.0000,0.1351,0.9908,-0.0000,-0.9908,0.1351),
      ["RightFoot"] = CFrame.new(0.0000,0.0000,0.0000,0.9586,0.2662,0.1014,-0.0350,0.4632,-0.8856,-0.2827,0.8453,0.4533),
    }},
    {Time = 2.867, Data = {
      ["HumanoidRootPart"] = CFrame.new(0.0000,0.0000,0.0000,1.0000,0.0000,0.0000,0.0000,1.0000,0.0000,0.0000,0.0000,1.0000),
      ["LowerTorso"] = CFrame.new(0.0000,-0.8863,0.0000,1.0000,-0.0000,0.0000,0.0000,0.9331,0.3597,-0.0000,-0.3597,0.9331),
      ["UpperTorso"] = CFrame.new(0.0000,0.0000,0.0000,0.9431,-0.1547,0.2943,0.1155,0.9824,0.1465,-0.3118,-0.1042,0.9444),
      ["LeftUpperArm"] = CFrame.new(0.2034,-0.0471,0.0095,0.8718,-0.0109,-0.4897,-0.1232,0.9627,-0.2407,0.4740,0.2702,0.8380),
      ["LeftLowerArm"] = CFrame.new(-0.0005,-0.0001,0.0033,1.0000,-0.0000,0.0000,0.0000,0.6374,-0.7705,0.0000,0.7705,0.6374),
      ["LeftHand"] = CFrame.new(0.0000,0.0000,0.0000,0.9740,-0.2248,-0.0284,0.2249,0.9744,0.0017,0.0273,-0.0081,0.9996),
      ["Head"] = CFrame.new(0.0000,0.0000,0.0000,0.9431,0.1761,-0.2820,-0.1547,0.9832,0.0966,0.2943,-0.0474,0.9545),
      ["RightUpperArm"] = CFrame.new(-0.0194,-0.1362,0.0351,0.9124,-0.0674,-0.4036,0.2117,0.9219,0.3246,0.3502,-0.3816,0.8554),
      ["RightLowerArm"] = CFrame.new(0.0000,0.0000,0.0033,1.0000,-0.0000,0.0000,0.0000,0.8673,-0.4978,0.0000,0.4978,0.8673),
      ["RightHand"] = CFrame.new(0.0000,0.0000,0.0000,0.9964,0.0062,0.0847,-0.0183,0.9895,0.1433,-0.0829,-0.1444,0.9860),
      ["LeftUpperLeg"] = CFrame.new(0.0000,0.0000,0.0000,0.9679,0.2468,-0.0483,0.0241,-0.2825,-0.9590,-0.2503,0.9270,-0.2793),
      ["LeftLowerLeg"] = CFrame.new(0.0000,0.0002,-0.0029,1.0000,-0.0000,0.0000,0.0000,0.4539,0.8910,-0.0000,-0.8910,0.4539),
      ["LeftFoot"] = CFrame.new(0.0000,-0.0002,0.0000,0.9959,-0.0843,-0.0321,0.0901,0.9337,0.3466,0.0007,-0.3481,0.9375),
      ["RightUpperLeg"] = CFrame.new(-0.0406,0.3538,-0.3112,0.9342,-0.3015,-0.1907,0.1465,0.8116,-0.5655,0.3253,0.5004,0.8024),
      ["RightLowerLeg"] = CFrame.new(0.0000,0.0000,-0.0030,1.0000,-0.0000,0.0000,0.0000,0.1314,0.9913,-0.0000,-0.9913,0.1314),
      ["RightFoot"] = CFrame.new(0.0000,0.0000,0.0000,0.9584,0.2668,0.1017,-0.0343,0.4610,-0.8867,-0.2835,0.8463,0.4510),
    }},
    {Time = 2.900, Data = {
      ["HumanoidRootPart"] = CFrame.new(0.0000,0.0000,0.0000,1.0000,0.0000,0.0000,0.0000,1.0000,0.0000,0.0000,0.0000,1.0000),
      ["LowerTorso"] = CFrame.new(0.0000,-0.8889,0.0000,1.0000,-0.0000,0.0000,0.0000,0.9331,0.3597,-0.0000,-0.3597,0.9331),
      ["UpperTorso"] = CFrame.new(0.0000,0.0000,0.0000,0.9431,-0.1547,0.2943,0.1155,0.9824,0.1465,-0.3118,-0.1042,0.9444),
      ["LeftUpperArm"] = CFrame.new(0.2033,-0.0463,0.0099,0.8716,-0.0114,-0.4901,-0.1217,0.9634,-0.2388,0.4749,0.2678,0.8383),
      ["LeftLowerArm"] = CFrame.new(-0.0005,-0.0001,0.0033,1.0000,-0.0000,0.0000,0.0000,0.6335,-0.7737,0.0000,0.7737,0.6335),
      ["LeftHand"] = CFrame.new(0.0000,0.0000,0.0000,0.9739,-0.2242,-0.0369,0.2244,0.9745,0.0029,0.0353,-0.0111,0.9993),
      ["Head"] = CFrame.new(0.0000,0.0000,0.0000,0.9431,0.1758,-0.2822,-0.1547,0.9833,0.0954,0.2943,-0.0463,0.9546),
      ["RightUpperArm"] = CFrame.new(-0.0194,-0.1363,0.0350,0.9123,-0.0653,-0.4042,0.2120,0.9200,0.3298,0.3503,-0.3865,0.8531),
      ["RightLowerArm"] = CFrame.new(0.0000,0.0000,0.0033,1.0000,-0.0000,0.0000,0.0000,0.8627,-0.5057,0.0000,0.5057,0.8627),
      ["RightHand"] = CFrame.new(0.0000,0.0000,0.0000,0.9962,0.0099,0.0865,-0.0230,0.9882,0.1515,-0.0840,-0.1530,0.9847),
      ["LeftUpperLeg"] = CFrame.new(0.0000,0.0000,0.0000,0.9678,0.2466,-0.0495,0.0239,-0.2861,-0.9579,-0.2504,0.9259,-0.2828),
      ["LeftLowerLeg"] = CFrame.new(0.0000,0.0002,-0.0029,1.0000,-0.0000,0.0000,0.0000,0.4503,0.8929,-0.0000,-0.8929,0.4503),
      ["LeftFoot"] = CFrame.new(0.0000,-0.0002,0.0000,0.9959,-0.0844,-0.0321,0.0903,0.9336,0.3468,0.0007,-0.3483,0.9374),
      ["RightUpperLeg"] = CFrame.new(-0.0406,0.3538,-0.3112,0.9340,-0.3023,-0.1904,0.1470,0.8109,-0.5665,0.3256,0.5011,0.8018),
      ["RightLowerLeg"] = CFrame.new(0.0000,0.0000,-0.0030,1.0000,-0.0000,0.0000,0.0000,0.1276,0.9918,-0.0000,-0.9918,0.1276),
      ["RightFoot"] = CFrame.new(0.0000,0.0000,0.0000,0.9582,0.2675,0.1019,-0.0336,0.4588,-0.8879,-0.2842,0.8473,0.4486),
    }},
    {Time = 2.933, Data = {
      ["HumanoidRootPart"] = CFrame.new(0.0000,0.0000,0.0000,1.0000,0.0000,0.0000,0.0000,1.0000,0.0000,0.0000,0.0000,1.0000),
      ["LowerTorso"] = CFrame.new(0.0000,-0.8916,0.0000,1.0000,-0.0000,0.0000,0.0000,0.9331,0.3597,-0.0000,-0.3597,0.9331),
      ["UpperTorso"] = CFrame.new(0.0000,0.0000,0.0000,0.9431,-0.1547,0.2943,0.1155,0.9824,0.1465,-0.3118,-0.1042,0.9444),
      ["LeftUpperArm"] = CFrame.new(0.2031,-0.0455,0.0104,0.8713,-0.0120,-0.4906,-0.1201,0.9641,-0.2369,0.4759,0.2653,0.8386),
      ["LeftLowerArm"] = CFrame.new(-0.0005,-0.0001,0.0033,1.0000,-0.0000,0.0000,0.0000,0.6294,-0.7771,0.0000,0.7771,0.6294),
      ["LeftHand"] = CFrame.new(0.0000,0.0000,0.0000,0.9736,-0.2235,-0.0457,0.2239,0.9746,0.0042,0.0436,-0.0143,0.9989),
      ["Head"] = CFrame.new(0.0000,0.0000,0.0000,0.9431,0.1757,-0.2823,-0.1548,0.9834,0.0950,0.2943,-0.0459,0.9546),
      ["RightUpperArm"] = CFrame.new(-0.0193,-0.1364,0.0349,0.9122,-0.0634,-0.4048,0.2123,0.9182,0.3345,0.3505,-0.3910,0.8510),
      ["RightLowerArm"] = CFrame.new(0.0000,0.0000,0.0033,1.0000,-0.0000,0.0000,0.0000,0.8575,-0.5144,0.0000,0.5144,0.8575),
      ["RightHand"] = CFrame.new(0.0000,0.0000,0.0000,0.9960,0.0137,0.0884,-0.0278,0.9867,0.1601,-0.0850,-0.1619,0.9831),
      ["LeftUpperLeg"] = CFrame.new(0.0000,0.0000,0.0000,0.9678,0.2465,-0.0507,0.0237,-0.2899,-0.9568,-0.2505,0.9248,-0.2864),
      ["LeftLowerLeg"] = CFrame.new(0.0000,0.0002,-0.0029,1.0000,-0.0000,0.0000,0.0000,0.4466,0.8947,-0.0000,-0.8947,0.4466),
      ["LeftFoot"] = CFrame.new(0.0000,-0.0002,0.0000,0.9959,-0.0845,-0.0321,0.0904,0.9335,0.3470,0.0007,-0.3485,0.9373),
      ["RightUpperLeg"] = CFrame.new(-0.0406,0.3538,-0.3112,0.9338,-0.3033,-0.1900,0.1476,0.8101,-0.5674,0.3260,0.5018,0.8012),
      ["RightLowerLeg"] = CFrame.new(0.0000,0.0000,-0.0030,1.0000,-0.0000,0.0000,0.0000,0.1237,0.9923,-0.0000,-0.9923,0.1237),
      ["RightFoot"] = CFrame.new(0.0000,0.0000,0.0000,0.9579,0.2682,0.1022,-0.0329,0.4564,-0.8892,-0.2851,0.8484,0.4460),
    }},
    {Time = 2.967, Data = {
      ["HumanoidRootPart"] = CFrame.new(0.0000,0.0000,0.0000,1.0000,0.0000,0.0000,0.0000,1.0000,0.0000,0.0000,0.0000,1.0000),
      ["LowerTorso"] = CFrame.new(0.0000,-0.8945,0.0000,1.0000,-0.0000,0.0000,0.0000,0.9331,0.3597,-0.0000,-0.3597,0.9331),
      ["UpperTorso"] = CFrame.new(0.0000,0.0000,0.0000,0.9431,-0.1547,0.2943,0.1155,0.9824,0.1465,-0.3118,-0.1042,0.9444),
      ["LeftUpperArm"] = CFrame.new(0.2030,-0.0447,0.0109,0.8710,-0.0127,-0.4911,-0.1184,0.9648,-0.2349,0.4768,0.2627,0.8388),
      ["LeftLowerArm"] = CFrame.new(-0.0005,-0.0001,0.0033,1.0000,-0.0000,0.0000,0.0000,0.6252,-0.7805,0.0000,0.7805,0.6252),
      ["LeftHand"] = CFrame.new(0.0000,0.0000,0.0000,0.9733,-0.2228,-0.0548,0.2234,0.9747,0.0055,0.0522,-0.0176,0.9985),
      ["Head"] = CFrame.new(0.0000,0.0000,0.0000,0.9431,0.1757,-0.2822,-0.1548,0.9834,0.0952,0.2943,-0.0461,0.9546),
      ["RightUpperArm"] = CFrame.new(-0.0192,-0.1366,0.0348,0.9121,-0.0618,-0.4053,0.2125,0.9166,0.3385,0.3506,-0.3949,0.8492),
      ["RightLowerArm"] = CFrame.new(0.0000,0.0000,0.0033,1.0000,-0.0000,0.0000,0.0000,0.8518,-0.5239,0.0000,0.5239,0.8518),
      ["RightHand"] = CFrame.new(0.0000,0.0000,0.0000,0.9957,0.0177,0.0904,-0.0328,0.9851,0.1689,-0.0861,-0.1711,0.9815),
      ["LeftUpperLeg"] = CFrame.new(0.0000,0.0000,0.0000,0.9678,0.2463,-0.0519,0.0235,-0.2937,-0.9556,-0.2506,0.9236,-0.2901),
      ["LeftLowerLeg"] = CFrame.new(0.0000,0.0002,-0.0029,1.0000,-0.0000,0.0000,0.0000,0.4428,0.8966,-0.0000,-0.8966,0.4428),
      ["LeftFoot"] = CFrame.new(0.0000,-0.0002,0.0000,0.9959,-0.0846,-0.0322,0.0905,0.9334,0.3472,0.0007,-0.3487,0.9372),
      ["RightUpperLeg"] = CFrame.new(-0.0406,0.3538,-0.3112,0.9335,-0.3042,-0.1896,0.1483,0.8093,-0.5684,0.3264,0.5025,0.8006),
      ["RightLowerLeg"] = CFrame.new(0.0000,0.0000,-0.0030,1.0000,-0.0000,0.0000,0.0000,0.1196,0.9928,-0.0000,-0.9928,0.1196),
      ["RightFoot"] = CFrame.new(0.0000,0.0000,0.0000,0.9577,0.2688,0.1024,-0.0322,0.4539,-0.8905,-0.2859,0.8495,0.4434),
    }},
    {Time = 3.000, Data = {
      ["HumanoidRootPart"] = CFrame.new(0.0000,0.0000,0.0000,1.0000,0.0000,0.0000,0.0000,1.0000,0.0000,0.0000,0.0000,1.0000),
      ["LowerTorso"] = CFrame.new(0.0000,-0.8974,0.0000,1.0000,-0.0000,0.0000,0.0000,0.9331,0.3597,-0.0000,-0.3597,0.9331),
      ["UpperTorso"] = CFrame.new(0.0000,0.0000,0.0000,0.9431,-0.1547,0.2943,0.1155,0.9824,0.1465,-0.3118,-0.1042,0.9444),
      ["LeftUpperArm"] = CFrame.new(0.2028,-0.0438,0.0114,0.8707,-0.0134,-0.4917,-0.1167,0.9655,-0.2329,0.4778,0.2602,0.8391),
      ["LeftLowerArm"] = CFrame.new(-0.0005,-0.0001,0.0033,1.0000,-0.0000,0.0000,0.0000,0.6209,-0.7839,0.0000,0.7839,0.6209),
      ["LeftHand"] = CFrame.new(0.0000,0.0000,0.0000,0.9729,-0.2220,-0.0642,0.2229,0.9748,0.0069,0.0610,-0.0210,0.9979),
      ["Head"] = CFrame.new(0.0000,0.0000,0.0000,0.9431,0.1760,-0.2821,-0.1547,0.9833,0.0962,0.2943,-0.0470,0.9546),
      ["RightUpperArm"] = CFrame.new(-0.0192,-0.1367,0.0348,0.9120,-0.0605,-0.4058,0.2128,0.9154,0.3417,0.3507,-0.3980,0.8477),
      ["RightLowerArm"] = CFrame.new(0.0000,0.0000,0.0033,1.0000,-0.0000,0.0000,0.0000,0.8457,-0.5337,0.0000,0.5337,0.8457),
      ["RightHand"] = CFrame.new(0.0000,0.0000,0.0000,0.9955,0.0217,0.0925,-0.0380,0.9833,0.1779,-0.0871,-0.1806,0.9797),
      ["LeftUpperLeg"] = CFrame.new(0.0000,0.0000,0.0000,0.9678,0.2461,-0.0531,0.0233,-0.2977,-0.9544,-0.2507,0.9224,-0.2939),
      ["LeftLowerLeg"] = CFrame.new(0.0000,0.0002,-0.0029,1.0000,-0.0000,0.0000,0.0000,0.4389,0.8986,-0.0000,-0.8986,0.4389),
      ["LeftFoot"] = CFrame.new(0.0000,-0.0002,0.0000,0.9959,-0.0847,-0.0322,0.0906,0.9333,0.3475,0.0006,-0.3490,0.9371),
      ["RightUpperLeg"] = CFrame.new(-0.0406,0.3538,-0.3112,0.9333,-0.3052,-0.1893,0.1489,0.8084,-0.5694,0.3268,0.5032,0.8000),
      ["RightLowerLeg"] = CFrame.new(0.0000,0.0000,-0.0030,1.0000,-0.0000,0.0000,0.0000,0.1155,0.9933,-0.0000,-0.9933,0.1155),
      ["RightFoot"] = CFrame.new(0.0000,0.0000,0.0000,0.9575,0.2696,0.1027,-0.0314,0.4514,-0.8918,-0.2867,0.8506,0.4407),
    }},
    {Time = 3.033, Data = {
      ["HumanoidRootPart"] = CFrame.new(0.0000,0.0000,0.0000,1.0000,0.0000,0.0000,0.0000,1.0000,0.0000,0.0000,0.0000,1.0000),
      ["LowerTorso"] = CFrame.new(0.0000,-0.9003,0.0000,1.0000,-0.0000,0.0000,0.0000,0.9331,0.3597,-0.0000,-0.3597,0.9331),
      ["UpperTorso"] = CFrame.new(0.0000,0.0000,0.0000,0.9431,-0.1547,0.2943,0.1155,0.9824,0.1465,-0.3118,-0.1042,0.9444),
      ["LeftUpperArm"] = CFrame.new(0.2027,-0.0429,0.0119,0.8703,-0.0141,-0.4922,-0.1150,0.9662,-0.2309,0.4788,0.2575,0.8393),
      ["LeftLowerArm"] = CFrame.new(-0.0005,-0.0001,0.0033,1.0000,-0.0000,0.0000,0.0000,0.6166,-0.7873,0.0000,0.7873,0.6166),
      ["LeftHand"] = CFrame.new(0.0000,0.0000,0.0000,0.9724,-0.2212,-0.0737,0.2224,0.9749,0.0082,0.0700,-0.0244,0.9972),
      ["Head"] = CFrame.new(0.0000,0.0000,0.0000,0.9431,0.1765,-0.2818,-0.1547,0.9831,0.0979,0.2943,-0.0488,0.9545),
      ["RightUpperArm"] = CFrame.new(-0.0191,-0.1368,0.0347,0.9119,-0.0597,-0.4061,0.2130,0.9146,0.3438,0.3508,-0.4000,0.8467),
      ["RightLowerArm"] = CFrame.new(0.0000,0.0000,0.0033,1.0000,-0.0000,0.0000,0.0000,0.8394,-0.5436,0.0000,0.5436,0.8394),
      ["RightHand"] = CFrame.new(0.0000,0.0000,0.0000,0.9952,0.0258,0.0946,-0.0433,0.9814,0.1870,-0.0881,-0.1902,0.9778),
      ["LeftUpperLeg"] = CFrame.new(0.0000,0.0000,0.0000,0.9678,0.2459,-0.0544,0.0231,-0.3017,-0.9531,-0.2508,0.9211,-0.2977),
      ["LeftLowerLeg"] = CFrame.new(0.0000,0.0002,-0.0029,1.0000,-0.0000,0.0000,0.0000,0.4349,0.9005,-0.0000,-0.9005,0.4349),
      ["LeftFoot"] = CFrame.new(0.0000,-0.0002,0.0000,0.9959,-0.0848,-0.0323,0.0907,0.9332,0.3477,0.0006,-0.3492,0.9370),
      ["RightUpperLeg"] = CFrame.new(-0.0406,0.3538,-0.3112,0.9330,-0.3062,-0.1889,0.1496,0.8076,-0.5704,0.3272,0.5040,0.7993),
      ["RightLowerLeg"] = CFrame.new(0.0000,0.0000,-0.0030,1.0000,-0.0000,0.0000,0.0000,0.1113,0.9938,-0.0000,-0.9938,0.1113),
      ["RightFoot"] = CFrame.new(0.0000,0.0000,0.0000,0.9573,0.2703,0.1030,-0.0307,0.4488,-0.8931,-0.2876,0.8518,0.4379),
    }},
    {Time = 3.067, Data = {
      ["HumanoidRootPart"] = CFrame.new(0.0000,0.0000,0.0000,1.0000,0.0000,0.0000,0.0000,1.0000,0.0000,0.0000,0.0000,1.0000),
      ["LowerTorso"] = CFrame.new(0.0000,-0.9033,0.0000,1.0000,-0.0000,0.0000,0.0000,0.9331,0.3597,-0.0000,-0.3597,0.9331),
      ["UpperTorso"] = CFrame.new(0.0000,0.0000,0.0000,0.9431,-0.1547,0.2943,0.1155,0.9824,0.1465,-0.3118,-0.1042,0.9444),
      ["LeftUpperArm"] = CFrame.new(0.2025,-0.0421,0.0124,0.8700,-0.0147,-0.4928,-0.1132,0.9669,-0.2287,0.4799,0.2548,0.8395),
      ["LeftLowerArm"] = CFrame.new(-0.0005,-0.0001,0.0033,1.0000,-0.0000,0.0000,0.0000,0.6121,-0.7908,0.0000,0.7908,0.6121),
      ["LeftHand"] = CFrame.new(0.0000,0.0000,0.0000,0.9719,-0.2204,-0.0833,0.2219,0.9750,0.0096,0.0791,-0.0279,0.9965),
      ["Head"] = CFrame.new(0.0000,0.0000,0.0000,0.9431,0.1773,-0.2813,-0.1547,0.9828,0.1006,0.2943,-0.0513,0.9543),
      ["RightUpperArm"] = CFrame.new(-0.0191,-0.1369,0.0347,0.9118,-0.0596,-0.4063,0.2132,0.9143,0.3444,0.3509,-0.4006,0.8464),
      ["RightLowerArm"] = CFrame.new(0.0000,0.0000,0.0033,1.0000,-0.0000,0.0000,0.0000,0.8332,-0.5530,0.0000,0.5530,0.8332),
      ["RightHand"] = CFrame.new(0.0000,0.0000,0.0000,0.9948,0.0300,0.0969,-0.0486,0.9794,0.1962,-0.0890,-0.1999,0.9758),
      ["LeftUpperLeg"] = CFrame.new(0.0000,0.0000,0.0000,0.9677,0.2457,-0.0557,0.0229,-0.3058,-0.9518,-0.2509,0.9198,-0.3016),
      ["LeftLowerLeg"] = CFrame.new(0.0000,0.0002,-0.0029,1.0000,-0.0000,0.0000,0.0000,0.4309,0.9024,-0.0000,-0.9024,0.4309),
      ["LeftFoot"] = CFrame.new(0.0000,-0.0002,0.0000,0.9959,-0.0849,-0.0323,0.0909,0.9331,0.3480,0.0006,-0.3495,0.9369),
      ["RightUpperLeg"] = CFrame.new(-0.0406,0.3538,-0.3112,0.9328,-0.3072,-0.1885,0.1503,0.8068,-0.5715,0.3277,0.5047,0.7987),
      ["RightLowerLeg"] = CFrame.new(0.0000,0.0000,-0.0030,1.0000,-0.0000,0.0000,0.0000,0.1070,0.9943,-0.0000,-0.9943,0.1070),
      ["RightFoot"] = CFrame.new(0.0000,0.0000,0.0000,0.9570,0.2711,0.1033,-0.0299,0.4462,-0.8944,-0.2885,0.8529,0.4351),
    }},
    {Time = 3.100, Data = {
      ["HumanoidRootPart"] = CFrame.new(0.0000,0.0000,0.0000,1.0000,0.0000,0.0000,0.0000,1.0000,0.0000,0.0000,0.0000,1.0000),
      ["LowerTorso"] = CFrame.new(0.0000,-0.9063,0.0000,1.0000,-0.0000,0.0000,0.0000,0.9331,0.3597,-0.0000,-0.3597,0.9331),
      ["UpperTorso"] = CFrame.new(0.0000,0.0000,0.0000,0.9431,-0.1547,0.2943,0.1155,0.9824,0.1465,-0.3118,-0.1042,0.9444),
      ["LeftUpperArm"] = CFrame.new(0.2023,-0.0412,0.0129,0.8697,-0.0155,-0.4934,-0.1114,0.9676,-0.2267,0.4809,0.2521,0.8397),
      ["LeftLowerArm"] = CFrame.new(-0.0005,-0.0001,0.0033,1.0000,-0.0000,0.0000,0.0000,0.6077,-0.7942,0.0000,0.7942,0.6077),
      ["LeftHand"] = CFrame.new(0.0000,0.0000,0.0000,0.9712,-0.2195,-0.0930,0.2214,0.9751,0.0111,0.0883,-0.0313,0.9956),
      ["Head"] = CFrame.new(0.0000,0.0000,0.0000,0.9431,0.1783,-0.2807,-0.1547,0.9824,0.1042,0.2943,-0.0548,0.9541),
      ["RightUpperArm"] = CFrame.new(-0.0191,-0.1370,0.0347,0.9118,-0.0599,-0.4063,0.2133,0.9145,0.3438,0.3510,-0.4001,0.8466),
      ["RightLowerArm"] = CFrame.new(0.0000,0.0000,0.0033,1.0000,-0.0000,0.0000,0.0000,0.8270,-0.5621,0.0000,0.5621,0.8270),
      ["RightHand"] = CFrame.new(0.0000,0.0000,0.0000,0.9945,0.0341,0.0992,-0.0540,0.9772,0.2055,-0.0899,-0.2097,0.9736),
      ["LeftUpperLeg"] = CFrame.new(0.0000,0.0000,0.0000,0.9677,0.2455,-0.0570,0.0226,-0.3099,-0.9505,-0.2510,0.9185,-0.3054),
      ["LeftLowerLeg"] = CFrame.new(0.0000,0.0002,-0.0029,1.0000,-0.0000,0.0000,0.0000,0.4268,0.9043,-0.0000,-0.9043,0.4268),
      ["LeftFoot"] = CFrame.new(0.0000,-0.0002,0.0000,0.9959,-0.0851,-0.0324,0.0910,0.9329,0.3483,0.0006,-0.3498,0.9368),
      ["RightUpperLeg"] = CFrame.new(-0.0406,0.3538,-0.3112,0.9325,-0.3083,-0.1881,0.1509,0.8059,-0.5725,0.3281,0.5054,0.7980),
      ["RightLowerLeg"] = CFrame.new(0.0000,0.0000,-0.0030,1.0000,-0.0000,0.0000,0.0000,0.1027,0.9947,-0.0000,-0.9947,0.1027),
      ["RightFoot"] = CFrame.new(0.0000,0.0000,0.0000,0.9568,0.2718,0.1035,-0.0291,0.4436,-0.8958,-0.2894,0.8540,0.4323),
    }},
    {Time = 3.133, Data = {
      ["HumanoidRootPart"] = CFrame.new(0.0000,0.0000,0.0000,1.0000,0.0000,0.0000,0.0000,1.0000,0.0000,0.0000,0.0000,1.0000),
      ["LowerTorso"] = CFrame.new(0.0000,-0.9093,0.0000,1.0000,-0.0000,0.0000,0.0000,0.9331,0.3597,-0.0000,-0.3597,0.9331),
      ["UpperTorso"] = CFrame.new(0.0000,0.0000,0.0000,0.9431,-0.1547,0.2943,0.1155,0.9824,0.1465,-0.3118,-0.1042,0.9444),
      ["LeftUpperArm"] = CFrame.new(0.2021,-0.0403,0.0134,0.8693,-0.0162,-0.4940,-0.1096,0.9682,-0.2247,0.4819,0.2495,0.8399),
      ["LeftLowerArm"] = CFrame.new(-0.0005,-0.0001,0.0033,1.0000,-0.0000,0.0000,0.0000,0.6033,-0.7975,0.0000,0.7975,0.6033),
      ["LeftHand"] = CFrame.new(0.0000,0.0000,0.0000,0.9704,-0.2185,-0.1028,0.2209,0.9752,0.0125,0.0975,-0.0348,0.9946),
      ["Head"] = CFrame.new(0.0000,0.0000,0.0000,0.9431,0.1796,-0.2798,-0.1547,0.9819,0.1088,0.2943,-0.0593,0.9539),
      ["RightUpperArm"] = CFrame.new(-0.0191,-0.1370,0.0346,0.9117,-0.0608,-0.4063,0.2134,0.9152,0.3420,0.3510,-0.3985,0.8474),
      ["RightLowerArm"] = CFrame.new(0.0000,0.0000,0.0033,1.0000,-0.0000,0.0000,0.0000,0.8209,-0.5711,0.0000,0.5711,0.8209),
      ["RightHand"] = CFrame.new(0.0000,0.0000,0.0000,0.9941,0.0382,0.1015,-0.0594,0.9749,0.2147,-0.0907,-0.2195,0.9714),
      ["LeftUpperLeg"] = CFrame.new(0.0000,0.0000,0.0000,0.9677,0.2453,-0.0583,0.0224,-0.3140,-0.9492,-0.2511,0.9172,-0.3093),
      ["LeftLowerLeg"] = CFrame.new(0.0000,0.0002,-0.0029,1.0000,-0.0000,0.0000,0.0000,0.4228,0.9062,-0.0000,-0.9062,0.4228),
      ["LeftFoot"] = CFrame.new(0.0000,-0.0002,0.0000,0.9958,-0.0852,-0.0324,0.0911,0.9328,0.3487,0.0005,-0.3502,0.9367),
      ["RightUpperLeg"] = CFrame.new(-0.0406,0.3538,-0.3112,0.9322,-0.3093,-0.1877,0.1516,0.8051,-0.5735,0.3285,0.5062,0.7974),
      ["RightLowerLeg"] = CFrame.new(0.0000,0.0000,-0.0030,1.0000,-0.0000,0.0000,0.0000,0.0984,0.9951,-0.0000,-0.9951,0.0984),
      ["RightFoot"] = CFrame.new(0.0000,0.0000,0.0000,0.9565,0.2726,0.1038,-0.0283,0.4409,-0.8971,-0.2903,0.8551,0.4295),
    }},
    {Time = 3.167, Data = {
      ["HumanoidRootPart"] = CFrame.new(0.0000,0.0000,0.0000,1.0000,0.0000,0.0000,0.0000,1.0000,0.0000,0.0000,0.0000,1.0000),
      ["LowerTorso"] = CFrame.new(0.0000,-0.9123,0.0000,1.0000,-0.0000,0.0000,0.0000,0.9331,0.3597,-0.0000,-0.3597,0.9331),
      ["UpperTorso"] = CFrame.new(0.0000,0.0000,0.0000,0.9431,-0.1547,0.2943,0.1155,0.9824,0.1465,-0.3118,-0.1042,0.9444),
      ["LeftUpperArm"] = CFrame.new(0.2020,-0.0394,0.0140,0.8690,-0.0170,-0.4946,-0.1078,0.9689,-0.2227,0.4830,0.2469,0.8401),
      ["LeftLowerArm"] = CFrame.new(-0.0005,-0.0001,0.0033,1.0000,-0.0000,0.0000,0.0000,0.5989,-0.8008,0.0000,0.8008,0.5989),
      ["LeftHand"] = CFrame.new(0.0000,0.0000,0.0000,0.9695,-0.2176,-0.1124,0.2205,0.9753,0.0139,0.1066,-0.0383,0.9936),
      ["Head"] = CFrame.new(0.0000,0.0000,0.0000,0.9431,0.1812,-0.2788,-0.1547,0.9813,0.1143,0.2943,-0.0646,0.9535),
      ["RightUpperArm"] = CFrame.new(-0.0191,-0.1370,0.0346,0.9117,-0.0622,-0.4061,0.2135,0.9163,0.3389,0.3511,-0.3957,0.8486),
      ["RightLowerArm"] = CFrame.new(0.0000,0.0000,0.0033,1.0000,-0.0000,0.0000,0.0000,0.8150,-0.5794,0.0000,0.5794,0.8150),
      ["RightHand"] = CFrame.new(0.0000,0.0000,0.0000,0.9937,0.0423,0.1039,-0.0648,0.9724,0.2239,-0.0915,-0.2292,0.9691),
      ["LeftUpperLeg"] = CFrame.new(0.0000,0.0000,0.0000,0.9677,0.2450,-0.0596,0.0222,-0.3180,-0.9478,-0.2512,0.9159,-0.3132),
      ["LeftLowerLeg"] = CFrame.new(0.0000,0.0002,-0.0029,1.0000,-0.0000,0.0000,0.0000,0.4188,0.9081,-0.0000,-0.9081,0.4188),
      ["LeftFoot"] = CFrame.new(0.0000,-0.0002,0.0000,0.9958,-0.0853,-0.0324,0.0913,0.9327,0.3490,0.0005,-0.3505,0.9366),
      ["RightUpperLeg"] = CFrame.new(-0.0406,0.3538,-0.3112,0.9320,-0.3103,-0.1873,0.1523,0.8042,-0.5745,0.3290,0.5069,0.7968),
      ["RightLowerLeg"] = CFrame.new(0.0000,0.0000,-0.0030,1.0000,-0.0000,0.0000,0.0000,0.0941,0.9956,-0.0000,-0.9956,0.0941),
      ["RightFoot"] = CFrame.new(0.0000,0.0000,0.0000,0.9563,0.2734,0.1041,-0.0275,0.4383,-0.8984,-0.2912,0.8562,0.4267),
    }},
    {Time = 3.200, Data = {
      ["HumanoidRootPart"] = CFrame.new(0.0000,0.0000,0.0000,1.0000,0.0000,0.0000,0.0000,1.0000,0.0000,0.0000,0.0000,1.0000),
      ["LowerTorso"] = CFrame.new(0.0000,-0.9153,0.0000,1.0000,-0.0000,0.0000,0.0000,0.9331,0.3597,-0.0000,-0.3597,0.9331),
      ["UpperTorso"] = CFrame.new(0.0000,0.0000,0.0000,0.9431,-0.1547,0.2943,0.1155,0.9824,0.1465,-0.3118,-0.1042,0.9444),
      ["LeftUpperArm"] = CFrame.new(0.2018,-0.0385,0.0145,0.8686,-0.0178,-0.4952,-0.1060,0.9695,-0.2208,0.4840,0.2443,0.8403),
      ["LeftLowerArm"] = CFrame.new(-0.0005,-0.0001,0.0033,1.0000,-0.0000,0.0000,0.0000,0.5947,-0.8040,0.0000,0.8040,0.5947),
      ["LeftHand"] = CFrame.new(0.0000,0.0000,0.0000,0.9686,-0.2166,-0.1220,0.2200,0.9754,0.0153,0.1156,-0.0417,0.9924),
      ["Head"] = CFrame.new(0.0000,0.0000,0.0000,0.9431,0.1830,-0.2776,-0.1547,0.9806,0.1206,0.2943,-0.0708,0.9531),
      ["RightUpperArm"] = CFrame.new(-0.0191,-0.1370,0.0346,0.9117,-0.0640,-0.4059,0.2135,0.9178,0.3348,0.3511,-0.3919,0.8504),
      ["RightLowerArm"] = CFrame.new(0.0000,0.0000,0.0033,1.0000,-0.0000,0.0000,0.0000,0.8094,-0.5873,0.0000,0.5873,0.8094),
      ["RightHand"] = CFrame.new(0.0000,0.0000,0.0000,0.9933,0.0463,0.1062,-0.0702,0.9699,0.2330,-0.0923,-0.2389,0.9667),
      ["LeftUpperLeg"] = CFrame.new(0.0000,0.0000,0.0000,0.9677,0.2448,-0.0608,0.0220,-0.3220,-0.9465,-0.2513,0.9145,-0.3170),
      ["LeftLowerLeg"] = CFrame.new(0.0000,0.0002,-0.0029,1.0000,-0.0000,0.0000,0.0000,0.4149,0.9099,-0.0000,-0.9099,0.4149),
      ["LeftFoot"] = CFrame.new(0.0000,-0.0002,0.0000,0.9958,-0.0854,-0.0325,0.0914,0.9325,0.3494,0.0005,-0.3509,0.9364),
      ["RightUpperLeg"] = CFrame.new(-0.0406,0.3538,-0.3112,0.9317,-0.3114,-0.1870,0.1530,0.8034,-0.5755,0.3294,0.5076,0.7962),
      ["RightLowerLeg"] = CFrame.new(0.0000,0.0000,-0.0030,1.0000,-0.0000,0.0000,0.0000,0.0899,0.9959,-0.0000,-0.9959,0.0899),
      ["RightFoot"] = CFrame.new(0.0000,0.0000,0.0000,0.9560,0.2741,0.1044,-0.0267,0.4357,-0.8997,-0.2921,0.8573,0.4239),
    }},
    {Time = 3.233, Data = {
      ["HumanoidRootPart"] = CFrame.new(0.0000,0.0000,0.0000,1.0000,0.0000,0.0000,0.0000,1.0000,0.0000,0.0000,0.0000,1.0000),
      ["LowerTorso"] = CFrame.new(0.0000,-0.9183,0.0000,1.0000,-0.0000,0.0000,0.0000,0.9331,0.3597,-0.0000,-0.3597,0.9331),
      ["UpperTorso"] = CFrame.new(0.0000,0.0000,0.0000,0.9431,-0.1547,0.2943,0.1155,0.9824,0.1465,-0.3118,-0.1042,0.9444),
      ["LeftUpperArm"] = CFrame.new(0.2016,-0.0376,0.0150,0.8683,-0.0186,-0.4957,-0.1043,0.9701,-0.2189,0.4850,0.2418,0.8404),
      ["LeftLowerArm"] = CFrame.new(-0.0005,-0.0001,0.0033,1.0000,-0.0000,0.0000,0.0000,0.5905,-0.8071,0.0000,0.8071,0.5905),
      ["LeftHand"] = CFrame.new(0.0000,0.0000,0.0000,0.9676,-0.2156,-0.1314,0.2196,0.9754,0.0167,0.1245,-0.0450,0.9912),
      ["Head"] = CFrame.new(0.0000,0.0000,0.0000,0.9431,0.1850,-0.2763,-0.1547,0.9797,0.1277,0.2943,-0.0777,0.9525),
      ["RightUpperArm"] = CFrame.new(-0.0191,-0.1370,0.0346,0.9117,-0.0663,-0.4055,0.2135,0.9196,0.3296,0.3511,-0.3871,0.8526),
      ["RightLowerArm"] = CFrame.new(0.0000,0.0000,0.0033,1.0000,-0.0000,0.0000,0.0000,0.8039,-0.5947,0.0000,0.5947,0.8039),
      ["RightHand"] = CFrame.new(0.0000,0.0000,0.0000,0.9928,0.0503,0.1086,-0.0754,0.9674,0.2418,-0.0929,-0.2483,0.9642),
      ["LeftUpperLeg"] = CFrame.new(0.0000,0.0000,0.0000,0.9676,0.2446,-0.0621,0.0217,-0.3259,-0.9451,-0.2514,0.9132,-0.3207),
      ["LeftLowerLeg"] = CFrame.new(0.0000,0.0002,-0.0029,1.0000,-0.0000,0.0000,0.0000,0.4111,0.9116,-0.0000,-0.9116,0.4111),
      ["LeftFoot"] = CFrame.new(0.0000,-0.0002,0.0000,0.9958,-0.0856,-0.0325,0.0915,0.9324,0.3497,0.0004,-0.3512,0.9363),
      ["RightUpperLeg"] = CFrame.new(-0.0406,0.3538,-0.3112,0.9314,-0.3124,-0.1866,0.1537,0.8026,-0.5764,0.3298,0.5082,0.7956),
      ["RightLowerLeg"] = CFrame.new(0.0000,0.0000,-0.0030,1.0000,-0.0000,0.0000,0.0000,0.0858,0.9963,-0.0000,-0.9963,0.0858),
      ["RightFoot"] = CFrame.new(0.0000,0.0000,0.0000,0.9558,0.2749,0.1047,-0.0259,0.4332,-0.9009,-0.2930,0.8584,0.4211),
    }},
    {Time = 3.267, Data = {
      ["HumanoidRootPart"] = CFrame.new(0.0000,0.0000,0.0000,1.0000,0.0000,0.0000,0.0000,1.0000,0.0000,0.0000,0.0000,1.0000),
      ["LowerTorso"] = CFrame.new(0.0000,-0.9211,0.0000,1.0000,-0.0000,0.0000,0.0000,0.9331,0.3597,-0.0000,-0.3597,0.9331),
      ["UpperTorso"] = CFrame.new(0.0000,0.0000,0.0000,0.9431,-0.1547,0.2943,0.1155,0.9824,0.1465,-0.3118,-0.1042,0.9444),
      ["LeftUpperArm"] = CFrame.new(0.2014,-0.0367,0.0155,0.8679,-0.0193,-0.4963,-0.1025,0.9707,-0.2171,0.4860,0.2394,0.8405),
      ["LeftLowerArm"] = CFrame.new(-0.0005,-0.0001,0.0033,1.0000,-0.0000,0.0000,0.0000,0.5864,-0.8100,0.0000,0.8100,0.5864),
      ["LeftHand"] = CFrame.new(0.0000,0.0000,0.0000,0.9665,-0.2146,-0.1405,0.2192,0.9755,0.0181,0.1332,-0.0483,0.9899),
      ["Head"] = CFrame.new(0.0000,0.0000,0.0000,0.9431,0.1872,-0.2748,-0.1547,0.9786,0.1354,0.2943,-0.0852,0.9519),
      ["RightUpperArm"] = CFrame.new(-0.0191,-0.1370,0.0346,0.9117,-0.0690,-0.4051,0.2135,0.9218,0.3236,0.3511,-0.3815,0.8551),
      ["RightLowerArm"] = CFrame.new(0.0000,0.0000,0.0033,1.0000,-0.0000,0.0000,0.0000,0.7987,-0.6017,0.0000,0.6017,0.7987),
      ["RightHand"] = CFrame.new(0.0000,0.0000,0.0000,0.9924,0.0541,0.1110,-0.0806,0.9648,0.2505,-0.0935,-0.2575,0.9617),
      ["LeftUpperLeg"] = CFrame.new(0.0000,0.0000,0.0000,0.9676,0.2444,-0.0633,0.0215,-0.3297,-0.9438,-0.2515,0.9119,-0.3243),
      ["LeftLowerLeg"] = CFrame.new(0.0000,0.0002,-0.0029,1.0000,-0.0000,0.0000,0.0000,0.4073,0.9133,-0.0000,-0.9133,0.4073),
      ["LeftFoot"] = CFrame.new(0.0000,-0.0002,0.0000,0.9958,-0.0857,-0.0326,0.0917,0.9322,0.3501,0.0004,-0.3516,0.9361),
      ["RightUpperLeg"] = CFrame.new(-0.0406,0.3538,-0.3112,0.9312,-0.3134,-0.1862,0.1544,0.8018,-0.5773,0.3302,0.5089,0.7950),
      ["RightLowerLeg"] = CFrame.new(0.0000,0.0000,-0.0030,1.0000,-0.0000,0.0000,0.0000,0.0818,0.9966,-0.0000,-0.9966,0.0818),
      ["RightFoot"] = CFrame.new(0.0000,0.0000,0.0000,0.9555,0.2756,0.1050,-0.0251,0.4307,-0.9022,-0.2939,0.8594,0.4184),
    }},
    {Time = 3.300, Data = {
      ["HumanoidRootPart"] = CFrame.new(0.0000,0.0000,0.0000,1.0000,0.0000,0.0000,0.0000,1.0000,0.0000,0.0000,0.0000,1.0000),
      ["LowerTorso"] = CFrame.new(0.0000,-0.9239,0.0000,1.0000,-0.0000,0.0000,0.0000,0.9331,0.3597,-0.0000,-0.3597,0.9331),
      ["UpperTorso"] = CFrame.new(0.0000,0.0000,0.0000,0.9431,-0.1547,0.2943,0.1155,0.9824,0.1465,-0.3118,-0.1042,0.9444),
      ["LeftUpperArm"] = CFrame.new(0.2013,-0.0359,0.0159,0.8676,-0.0201,-0.4969,-0.1009,0.9713,-0.2154,0.4870,0.2370,0.8407),
      ["LeftLowerArm"] = CFrame.new(-0.0005,-0.0001,0.0033,1.0000,-0.0000,0.0000,0.0000,0.5824,-0.8129,0.0000,0.8129,0.5824),
      ["LeftHand"] = CFrame.new(0.0000,0.0000,0.0000,0.9654,-0.2136,-0.1494,0.2188,0.9756,0.0194,0.1416,-0.0514,0.9886),
      ["Head"] = CFrame.new(0.0000,0.0000,0.0000,0.9431,0.1895,-0.2733,-0.1547,0.9775,0.1437,0.2943,-0.0932,0.9512),
      ["RightUpperArm"] = CFrame.new(-0.0191,-0.1370,0.0346,0.9117,-0.0720,-0.4046,0.2135,0.9241,0.3168,0.3511,-0.3752,0.8579),
      ["RightLowerArm"] = CFrame.new(0.0000,0.0000,0.0033,1.0000,-0.0000,0.0000,0.0000,0.7937,-0.6083,0.0000,0.6083,0.7937),
      ["RightHand"] = CFrame.new(0.0000,0.0000,0.0000,0.9919,0.0578,0.1133,-0.0856,0.9621,0.2588,-0.0940,-0.2664,0.9593),
      ["LeftUpperLeg"] = CFrame.new(0.0000,0.0000,0.0000,0.9676,0.2441,-0.0645,0.0213,-0.3334,-0.9425,-0.2516,0.9106,-0.3278),
      ["LeftLowerLeg"] = CFrame.new(0.0000,0.0002,-0.0029,1.0000,-0.0000,0.0000,0.0000,0.4037,0.9149,-0.0000,-0.9149,0.4037),
      ["LeftFoot"] = CFrame.new(0.0000,-0.0002,0.0000,0.9958,-0.0858,-0.0326,0.0918,0.9321,0.3505,0.0003,-0.3520,0.9360),
      ["RightUpperLeg"] = CFrame.new(-0.0406,0.3538,-0.3112,0.9309,-0.3143,-0.1859,0.1550,0.8010,-0.5782,0.3307,0.5095,0.7944),
      ["RightLowerLeg"] = CFrame.new(0.0000,0.0000,-0.0030,1.0000,-0.0000,0.0000,0.0000,0.0779,0.9970,-0.0000,-0.9970,0.0779),
      ["RightFoot"] = CFrame.new(0.0000,0.0000,0.0000,0.9553,0.2763,0.1053,-0.0243,0.4282,-0.9033,-0.2947,0.8604,0.4158),
    }},
    {Time = 3.333, Data = {
      ["HumanoidRootPart"] = CFrame.new(0.0000,0.0000,0.0000,1.0000,0.0000,0.0000,0.0000,1.0000,0.0000,0.0000,0.0000,1.0000),
      ["LowerTorso"] = CFrame.new(0.0000,-0.9266,0.0000,1.0000,-0.0000,0.0000,0.0000,0.9331,0.3597,-0.0000,-0.3597,0.9331),
      ["UpperTorso"] = CFrame.new(0.0000,0.0000,0.0000,0.9431,-0.1547,0.2943,0.1155,0.9824,0.1465,-0.3118,-0.1042,0.9444),
      ["LeftUpperArm"] = CFrame.new(0.2011,-0.0351,0.0164,0.8673,-0.0209,-0.4974,-0.0992,0.9718,-0.2138,0.4879,0.2347,0.8408),
      ["LeftLowerArm"] = CFrame.new(-0.0005,-0.0001,0.0033,1.0000,-0.0000,0.0000,0.0000,0.5786,-0.8156,0.0000,0.8156,0.5786),
      ["LeftHand"] = CFrame.new(0.0000,0.0000,0.0000,0.9643,-0.2126,-0.1580,0.2185,0.9756,0.0207,0.1497,-0.0545,0.9872),
      ["Head"] = CFrame.new(0.0000,0.0000,0.0000,0.9431,0.1919,-0.2716,-0.1547,0.9761,0.1523,0.2943,-0.1016,0.9503),
      ["RightUpperArm"] = CFrame.new(-0.0191,-0.1371,0.0346,0.9117,-0.0752,-0.4040,0.2135,0.9267,0.3093,0.3511,-0.3682,0.8609),
      ["RightLowerArm"] = CFrame.new(0.0000,0.0000,0.0033,1.0000,-0.0000,0.0000,0.0000,0.7890,-0.6145,0.0000,0.6145,0.7890),
      ["RightHand"] = CFrame.new(0.0000,0.0000,0.0000,0.9914,0.0613,0.1156,-0.0904,0.9595,0.2669,-0.0945,-0.2750,0.9568),
      ["LeftUpperLeg"] = CFrame.new(0.0000,0.0000,0.0000,0.9676,0.2439,-0.0656,0.0211,-0.3370,-0.9413,-0.2517,0.9094,-0.3312),
      ["LeftLowerLeg"] = CFrame.new(0.0000,0.0002,-0.0029,1.0000,-0.0000,0.0000,0.0000,0.4002,0.9164,-0.0000,-0.9164,0.4002),
      ["LeftFoot"] = CFrame.new(0.0000,-0.0002,0.0000,0.9958,-0.0859,-0.0327,0.0919,0.9319,0.3508,0.0003,-0.3524,0.9359),
      ["RightUpperLeg"] = CFrame.new(-0.0406,0.3538,-0.3112,0.9307,-0.3153,-0.1855,0.1557,0.8003,-0.5791,0.3311,0.5101,0.7939),
      ["RightLowerLeg"] = CFrame.new(0.0000,0.0000,-0.0030,1.0000,-0.0000,0.0000,0.0000,0.0742,0.9972,-0.0000,-0.9972,0.0742),
      ["RightFoot"] = CFrame.new(0.0000,0.0000,0.0000,0.9550,0.2771,0.1055,-0.0236,0.4259,-0.9045,-0.2955,0.8613,0.4133),
    }},
    {Time = 3.367, Data = {
      ["HumanoidRootPart"] = CFrame.new(0.0000,0.0000,0.0000,1.0000,0.0000,0.0000,0.0000,1.0000,0.0000,0.0000,0.0000,1.0000),
      ["LowerTorso"] = CFrame.new(0.0000,-0.9292,0.0000,1.0000,-0.0000,0.0000,0.0000,0.9331,0.3597,-0.0000,-0.3597,0.9331),
      ["UpperTorso"] = CFrame.new(0.0000,0.0000,0.0000,0.9431,-0.1547,0.2943,0.1155,0.9824,0.1465,-0.3118,-0.1042,0.9444),
      ["LeftUpperArm"] = CFrame.new(0.2009,-0.0343,0.0169,0.8669,-0.0216,-0.4980,-0.0977,0.9723,-0.2122,0.4888,0.2326,0.8408),
      ["LeftLowerArm"] = CFrame.new(-0.0005,-0.0001,0.0033,1.0000,-0.0000,0.0000,0.0000,0.5750,-0.8181,0.0000,0.8181,0.5750),
      ["LeftHand"] = CFrame.new(0.0000,0.0000,0.0000,0.9631,-0.2116,-0.1661,0.2181,0.9757,0.0219,0.1575,-0.0574,0.9859),
      ["Head"] = CFrame.new(0.0000,0.0000,0.0000,0.9431,0.1943,-0.2698,-0.1547,0.9747,0.1612,0.2943,-0.1103,0.9493),
      ["RightUpperArm"] = CFrame.new(-0.0191,-0.1371,0.0346,0.9117,-0.0787,-0.4033,0.2135,0.9293,0.3013,0.3511,-0.3608,0.8641),
      ["RightLowerArm"] = CFrame.new(0.0000,0.0000,0.0033,1.0000,-0.0000,0.0000,0.0000,0.7844,-0.6202,0.0000,0.6202,0.7844),
      ["RightHand"] = CFrame.new(0.0000,0.0000,0.0000,0.9909,0.0646,0.1177,-0.0950,0.9569,0.2745,-0.0949,-0.2832,0.9543),
      ["LeftUpperLeg"] = CFrame.new(0.0000,0.0000,0.0000,0.9676,0.2437,-0.0667,0.0209,-0.3404,-0.9401,-0.2518,0.9082,-0.3344),
      ["LeftLowerLeg"] = CFrame.new(0.0000,0.0002,-0.0029,1.0000,-0.0000,0.0000,0.0000,0.3968,0.9179,-0.0000,-0.9179,0.3968),
      ["LeftFoot"] = CFrame.new(0.0000,-0.0002,0.0000,0.9958,-0.0860,-0.0327,0.0921,0.9318,0.3512,0.0003,-0.3527,0.9357),
      ["RightUpperLeg"] = CFrame.new(-0.0406,0.3538,-0.3112,0.9304,-0.3162,-0.1852,0.1563,0.7996,-0.5799,0.3314,0.5106,0.7934),
      ["RightLowerLeg"] = CFrame.new(0.0000,0.0000,-0.0030,1.0000,-0.0000,0.0000,0.0000,0.0706,0.9975,-0.0000,-0.9975,0.0706),
      ["RightFoot"] = CFrame.new(0.0000,0.0000,0.0000,0.9548,0.2777,0.1058,-0.0229,0.4237,-0.9055,-0.2963,0.8622,0.4109),
    }},
    {Time = 3.400, Data = {
      ["HumanoidRootPart"] = CFrame.new(0.0000,0.0000,0.0000,1.0000,0.0000,0.0000,0.0000,1.0000,0.0000,0.0000,0.0000,1.0000),
      ["LowerTorso"] = CFrame.new(0.0000,-0.9316,0.0000,1.0000,-0.0000,0.0000,0.0000,0.9331,0.3597,-0.0000,-0.3597,0.9331),
      ["UpperTorso"] = CFrame.new(0.0000,0.0000,0.0000,0.9431,-0.1547,0.2943,0.1155,0.9824,0.1465,-0.3118,-0.1042,0.9444),
      ["LeftUpperArm"] = CFrame.new(0.2008,-0.0336,0.0173,0.8666,-0.0223,-0.4985,-0.0962,0.9728,-0.2107,0.4896,0.2306,0.8409),
      ["LeftLowerArm"] = CFrame.new(-0.0005,-0.0001,0.0033,1.0000,-0.0000,0.0000,0.0000,0.5716,-0.8205,0.0000,0.8205,0.5716),
      ["LeftHand"] = CFrame.new(0.0000,0.0000,0.0000,0.9620,-0.2106,-0.1739,0.2178,0.9757,0.0231,0.1648,-0.0601,0.9845),
      ["Head"] = CFrame.new(0.0000,0.0000,0.0000,0.9431,0.1969,-0.2680,-0.1547,0.9732,0.1703,0.2943,-0.1191,0.9483),
      ["RightUpperArm"] = CFrame.new(-0.0191,-0.1371,0.0346,0.9117,-0.0824,-0.4026,0.2135,0.9320,0.2928,0.3511,-0.3529,0.8673),
      ["RightLowerArm"] = CFrame.new(0.0000,0.0000,0.0033,1.0000,-0.0000,0.0000,0.0000,0.7800,-0.6257,0.0000,0.6257,0.7800),
      ["RightHand"] = CFrame.new(0.0000,0.0000,0.0000,0.9905,0.0678,0.1199,-0.0994,0.9543,0.2817,-0.0953,-0.2910,0.9520),
      ["LeftUpperLeg"] = CFrame.new(0.0000,0.0000,0.0000,0.9675,0.2435,-0.0677,0.0207,-0.3436,-0.9389,-0.2519,0.9070,-0.3375),
      ["LeftLowerLeg"] = CFrame.new(0.0000,0.0002,-0.0029,1.0000,-0.0000,0.0000,0.0000,0.3937,0.9192,-0.0000,-0.9192,0.3937),
      ["LeftFoot"] = CFrame.new(0.0000,-0.0002,0.0000,0.9957,-0.0861,-0.0328,0.0922,0.9316,0.3516,0.0002,-0.3531,0.9356),
      ["RightUpperLeg"] = CFrame.new(-0.0406,0.3538,-0.3112,0.9302,-0.3170,-0.1849,0.1568,0.7989,-0.5806,0.3318,0.5111,0.7929),
      ["RightLowerLeg"] = CFrame.new(0.0000,0.0000,-0.0030,1.0000,-0.0000,0.0000,0.0000,0.0672,0.9977,-0.0000,-0.9977,0.0672),
      ["RightFoot"] = CFrame.new(0.0000,0.0000,0.0000,0.9546,0.2784,0.1060,-0.0222,0.4215,-0.9065,-0.2971,0.8630,0.4086),
    }},
    {Time = 3.433, Data = {
      ["HumanoidRootPart"] = CFrame.new(0.0000,0.0000,0.0000,1.0000,0.0000,0.0000,0.0000,1.0000,0.0000,0.0000,0.0000,1.0000),
      ["LowerTorso"] = CFrame.new(0.0000,-0.9339,0.0000,1.0000,-0.0000,0.0000,0.0000,0.9331,0.3597,-0.0000,-0.3597,0.9331),
      ["UpperTorso"] = CFrame.new(0.0000,0.0000,0.0000,0.9431,-0.1547,0.2943,0.1155,0.9824,0.1465,-0.3118,-0.1042,0.9444),
      ["LeftUpperArm"] = CFrame.new(0.2006,-0.0329,0.0177,0.8663,-0.0230,-0.4990,-0.0948,0.9732,-0.2094,0.4904,0.2287,0.8410),
      ["LeftLowerArm"] = CFrame.new(-0.0005,-0.0001,0.0033,1.0000,-0.0000,0.0000,0.0000,0.5684,-0.8227,0.0000,0.8227,0.5684),
      ["LeftHand"] = CFrame.new(0.0000,0.0000,0.0000,0.9608,-0.2097,-0.1811,0.2176,0.9757,0.0242,0.1717,-0.0627,0.9832),
      ["Head"] = CFrame.new(0.0000,0.0000,0.0000,0.9431,0.1994,-0.2661,-0.1547,0.9715,0.1794,0.2943,-0.1280,0.9471),
      ["RightUpperArm"] = CFrame.new(-0.0191,-0.1371,0.0346,0.9117,-0.0861,-0.4018,0.2135,0.9347,0.2841,0.3511,-0.3448,0.8706),
      ["RightLowerArm"] = CFrame.new(0.0000,0.0000,0.0033,1.0000,-0.0000,0.0000,0.0000,0.7757,-0.6310,0.0000,0.6310,0.7757),
      ["RightHand"] = CFrame.new(0.0000,0.0000,0.0000,0.9900,0.0708,0.1218,-0.1035,0.9519,0.2885,-0.0956,-0.2982,0.9497),
      ["LeftUpperLeg"] = CFrame.new(0.0000,0.0000,0.0000,0.9675,0.2433,-0.0687,0.0205,-0.3466,-0.9378,-0.2520,0.9059,-0.3403),
      ["LeftLowerLeg"] = CFrame.new(0.0000,0.0002,-0.0029,1.0000,-0.0000,0.0000,0.0000,0.3908,0.9205,-0.0000,-0.9205,0.3908),
      ["LeftFoot"] = CFrame.new(0.0000,-0.0002,0.0000,0.9957,-0.0862,-0.0328,0.0923,0.9315,0.3519,0.0002,-0.3535,0.9355),
      ["RightUpperLeg"] = CFrame.new(-0.0406,0.3538,-0.3112,0.9300,-0.3178,-0.1846,0.1574,0.7983,-0.5813,0.3321,0.5116,0.7924),
      ["RightLowerLeg"] = CFrame.new(0.0000,0.0000,-0.0030,1.0000,-0.0000,0.0000,0.0000,0.0640,0.9979,-0.0000,-0.9979,0.0640),
      ["RightFoot"] = CFrame.new(0.0000,0.0000,0.0000,0.9544,0.2790,0.1063,-0.0216,0.4195,-0.9075,-0.2978,0.8638,0.4064),
    }},
    {Time = 3.467, Data = {
      ["HumanoidRootPart"] = CFrame.new(0.0000,0.0000,0.0000,1.0000,0.0000,0.0000,0.0000,1.0000,0.0000,0.0000,0.0000,1.0000),
      ["LowerTorso"] = CFrame.new(0.0000,-0.9360,0.0000,1.0000,-0.0000,0.0000,0.0000,0.9331,0.3597,-0.0000,-0.3597,0.9331),
      ["UpperTorso"] = CFrame.new(0.0000,0.0000,0.0000,0.9431,-0.1547,0.2943,0.1155,0.9824,0.1465,-0.3118,-0.1042,0.9444),
      ["LeftUpperArm"] = CFrame.new(0.2005,-0.0322,0.0180,0.8660,-0.0236,-0.4994,-0.0935,0.9736,-0.2081,0.4911,0.2269,0.8410),
      ["LeftLowerArm"] = CFrame.new(-0.0005,-0.0001,0.0033,1.0000,-0.0000,0.0000,0.0000,0.5655,-0.8247,0.0000,0.8247,0.5655),
      ["LeftHand"] = CFrame.new(0.0000,0.0000,0.0000,0.9597,-0.2089,-0.1878,0.2173,0.9758,0.0252,0.1780,-0.0650,0.9819),
      ["Head"] = CFrame.new(0.0000,0.0000,0.0000,0.9431,0.2018,-0.2642,-0.1547,0.9698,0.1885,0.2943,-0.1369,0.9459),
      ["RightUpperArm"] = CFrame.new(-0.0190,-0.1371,0.0346,0.9117,-0.0898,-0.4010,0.2135,0.9373,0.2755,0.3511,-0.3367,0.8737),
      ["RightLowerArm"] = CFrame.new(0.0000,0.0000,0.0033,1.0000,-0.0000,0.0000,0.0000,0.7713,-0.6364,0.0000,0.6364,0.7713),
      ["RightHand"] = CFrame.new(0.0000,0.0000,0.0000,0.9896,0.0735,0.1237,-0.1073,0.9495,0.2947,-0.0958,-0.3049,0.9475),
      ["LeftUpperLeg"] = CFrame.new(0.0000,0.0000,0.0000,0.9675,0.2431,-0.0696,0.0204,-0.3493,-0.9368,-0.2520,0.9049,-0.3429),
      ["LeftLowerLeg"] = CFrame.new(0.0000,0.0002,-0.0029,1.0000,-0.0000,0.0000,0.0000,0.3881,0.9216,-0.0000,-0.9216,0.3881),
      ["LeftFoot"] = CFrame.new(0.0000,-0.0002,0.0000,0.9957,-0.0863,-0.0328,0.0924,0.9313,0.3523,0.0002,-0.3538,0.9353),
      ["RightUpperLeg"] = CFrame.new(-0.0406,0.3538,-0.3112,0.9298,-0.3186,-0.1844,0.1579,0.7977,-0.5820,0.3325,0.5120,0.7920),
      ["RightLowerLeg"] = CFrame.new(0.0000,0.0000,-0.0030,1.0000,-0.0000,0.0000,0.0000,0.0611,0.9981,-0.0000,-0.9981,0.0611),
      ["RightFoot"] = CFrame.new(0.0000,0.0000,0.0000,0.9542,0.2796,0.1065,-0.0210,0.4177,-0.9083,-0.2984,0.8645,0.4044),
    }},
    {Time = 3.500, Data = {
      ["HumanoidRootPart"] = CFrame.new(0.0000,0.0000,0.0000,1.0000,0.0000,0.0000,0.0000,1.0000,0.0000,0.0000,0.0000,1.0000),
      ["LowerTorso"] = CFrame.new(0.0000,-0.9379,0.0000,1.0000,-0.0000,0.0000,0.0000,0.9331,0.3597,-0.0000,-0.3597,0.9331),
      ["UpperTorso"] = CFrame.new(0.0000,0.0000,0.0000,0.9431,-0.1547,0.2943,0.1155,0.9824,0.1465,-0.3118,-0.1042,0.9444),
      ["LeftUpperArm"] = CFrame.new(0.2004,-0.0316,0.0184,0.8658,-0.0242,-0.4998,-0.0923,0.9740,-0.2070,0.4918,0.2253,0.8410),
      ["LeftLowerArm"] = CFrame.new(-0.0005,-0.0001,0.0033,1.0000,-0.0000,0.0000,0.0000,0.5628,-0.8266,0.0000,0.8266,0.5628),
      ["LeftHand"] = CFrame.new(0.0000,0.0000,0.0000,0.9587,-0.2081,-0.1939,0.2171,0.9758,0.0262,0.1838,-0.0672,0.9807),
      ["Head"] = CFrame.new(0.0000,0.0000,0.0000,0.9431,0.2043,-0.2624,-0.1547,0.9680,0.1974,0.2943,-0.1456,0.9446),
      ["RightUpperArm"] = CFrame.new(-0.0190,-0.1371,0.0346,0.9117,-0.0935,-0.4001,0.2135,0.9398,0.2668,0.3511,-0.3287,0.8768),
      ["RightLowerArm"] = CFrame.new(0.0000,0.0000,0.0033,1.0000,-0.0000,0.0000,0.0000,0.7669,-0.6418,0.0000,0.6418,0.7669),
      ["RightHand"] = CFrame.new(0.0000,0.0000,0.0000,0.9892,0.0759,0.1254,-0.1108,0.9474,0.3004,-0.0960,-0.3110,0.9455),
      ["LeftUpperLeg"] = CFrame.new(0.0000,0.0000,0.0000,0.9675,0.2429,-0.0704,0.0202,-0.3519,-0.9358,-0.2521,0.9040,-0.3453),
      ["LeftLowerLeg"] = CFrame.new(0.0000,0.0002,-0.0029,1.0000,-0.0000,0.0000,0.0000,0.3856,0.9227,-0.0000,-0.9227,0.3856),
      ["LeftFoot"] = CFrame.new(0.0000,-0.0002,0.0000,0.9957,-0.0864,-0.0329,0.0925,0.9312,0.3526,0.0001,-0.3541,0.9352),
      ["RightUpperLeg"] = CFrame.new(-0.0406,0.3538,-0.3112,0.9296,-0.3192,-0.1841,0.1584,0.7972,-0.5826,0.3328,0.5124,0.7917),
      ["RightLowerLeg"] = CFrame.new(0.0000,0.0000,-0.0030,1.0000,-0.0000,0.0000,0.0000,0.0584,0.9983,-0.0000,-0.9983,0.0584),
      ["RightFoot"] = CFrame.new(0.0000,0.0000,0.0000,0.9540,0.2801,0.1067,-0.0205,0.4160,-0.9091,-0.2990,0.8652,0.4026),
    }},
    {Time = 3.533, Data = {
      ["HumanoidRootPart"] = CFrame.new(0.0000,0.0000,0.0000,1.0000,0.0000,0.0000,0.0000,1.0000,0.0000,0.0000,0.0000,1.0000),
      ["LowerTorso"] = CFrame.new(0.0000,-0.9397,0.0000,1.0000,-0.0000,0.0000,0.0000,0.9331,0.3597,-0.0000,-0.3597,0.9331),
      ["UpperTorso"] = CFrame.new(0.0000,0.0000,0.0000,0.9431,-0.1547,0.2943,0.1155,0.9824,0.1465,-0.3118,-0.1042,0.9444),
      ["LeftUpperArm"] = CFrame.new(0.2003,-0.0311,0.0187,0.8656,-0.0247,-0.5002,-0.0912,0.9743,-0.2060,0.4924,0.2239,0.8411),
      ["LeftLowerArm"] = CFrame.new(-0.0005,-0.0001,0.0033,1.0000,-0.0000,0.0000,0.0000,0.5604,-0.8282,0.0000,0.8282,0.5604),
      ["LeftHand"] = CFrame.new(0.0000,0.0000,0.0000,0.9577,-0.2073,-0.1994,0.2169,0.9758,0.0270,0.1890,-0.0691,0.9795),
      ["Head"] = CFrame.new(0.0000,0.0000,0.0000,0.9431,0.2066,-0.2605,-0.1547,0.9662,0.2061,0.2943,-0.1540,0.9432),
      ["RightUpperArm"] = CFrame.new(-0.0190,-0.1371,0.0346,0.9117,-0.0971,-0.3993,0.2136,0.9421,0.2585,0.3511,-0.3210,0.8796),
      ["RightLowerArm"] = CFrame.new(0.0000,0.0000,0.0033,1.0000,-0.0000,0.0000,0.0000,0.7622,-0.6473,0.0000,0.6473,0.7622),
      ["RightHand"] = CFrame.new(0.0000,0.0000,0.0000,0.9888,0.0781,0.1270,-0.1139,0.9454,0.3054,-0.0962,-0.3165,0.9437),
      ["LeftUpperLeg"] = CFrame.new(0.0000,0.0000,0.0000,0.9675,0.2427,-0.0712,0.0201,-0.3541,-0.9350,-0.2522,0.9032,-0.3475),
      ["LeftLowerLeg"] = CFrame.new(0.0000,0.0002,-0.0029,1.0000,-0.0000,0.0000,0.0000,0.3834,0.9236,-0.0000,-0.9236,0.3834),
      ["LeftFoot"] = CFrame.new(0.0000,-0.0002,0.0000,0.9957,-0.0865,-0.0329,0.0926,0.9311,0.3529,0.0001,-0.3544,0.9351),
      ["RightUpperLeg"] = CFrame.new(-0.0406,0.3538,-0.3112,0.9294,-0.3198,-0.1839,0.1588,0.7967,-0.5831,0.3330,0.5127,0.7913),
      ["RightLowerLeg"] = CFrame.new(0.0000,0.0000,-0.0030,1.0000,-0.0000,0.0000,0.0000,0.0560,0.9984,-0.0000,-0.9984,0.0560),
      ["RightFoot"] = CFrame.new(0.0000,0.0000,0.0000,0.9539,0.2805,0.1069,-0.0200,0.4145,-0.9098,-0.2995,0.8657,0.4010),
    }},
    {Time = 3.567, Data = {
      ["HumanoidRootPart"] = CFrame.new(0.0000,0.0000,0.0000,1.0000,0.0000,0.0000,0.0000,1.0000,0.0000,0.0000,0.0000,1.0000),
      ["LowerTorso"] = CFrame.new(0.0000,-0.9412,0.0000,1.0000,-0.0000,0.0000,0.0000,0.9331,0.3597,-0.0000,-0.3597,0.9331),
      ["UpperTorso"] = CFrame.new(0.0000,0.0000,0.0000,0.9431,-0.1547,0.2943,0.1155,0.9824,0.1465,-0.3118,-0.1042,0.9444),
      ["LeftUpperArm"] = CFrame.new(0.2002,-0.0306,0.0189,0.8654,-0.0252,-0.5005,-0.0903,0.9746,-0.2051,0.4929,0.2227,0.8411),
      ["LeftLowerArm"] = CFrame.new(-0.0005,-0.0001,0.0033,1.0000,-0.0000,0.0000,0.0000,0.5584,-0.8296,0.0000,0.8296,0.5584),
      ["LeftHand"] = CFrame.new(0.0000,0.0000,0.0000,0.9569,-0.2067,-0.2042,0.2167,0.9758,0.0277,0.1935,-0.0708,0.9785),
      ["Head"] = CFrame.new(0.0000,0.0000,0.0000,0.9431,0.2088,-0.2588,-0.1547,0.9644,0.2144,0.2943,-0.1621,0.9419),
      ["RightUpperArm"] = CFrame.new(-0.0190,-0.1371,0.0345,0.9116,-0.1004,-0.3986,0.2136,0.9442,0.2508,0.3511,-0.3138,0.8822),
      ["RightLowerArm"] = CFrame.new(0.0000,0.0000,0.0033,1.0000,-0.0000,0.0000,0.0000,0.7572,-0.6532,0.0000,0.6532,0.7572),
      ["RightHand"] = CFrame.new(0.0000,0.0000,0.0000,0.9885,0.0800,0.1283,-0.1166,0.9436,0.3098,-0.0963,-0.3212,0.9421),
      ["LeftUpperLeg"] = CFrame.new(0.0000,0.0000,0.0000,0.9675,0.2426,-0.0718,0.0200,-0.3561,-0.9342,-0.2522,0.9024,-0.3493),
      ["LeftLowerLeg"] = CFrame.new(0.0000,0.0002,-0.0029,1.0000,-0.0000,0.0000,0.0000,0.3815,0.9244,-0.0000,-0.9244,0.3815),
      ["LeftFoot"] = CFrame.new(0.0000,-0.0002,0.0000,0.9957,-0.0866,-0.0329,0.0926,0.9310,0.3531,0.0001,-0.3547,0.9350),
      ["RightUpperLeg"] = CFrame.new(-0.0406,0.3538,-0.3112,0.9293,-0.3204,-0.1837,0.1592,0.7963,-0.5835,0.3333,0.5130,0.7910),
      ["RightLowerLeg"] = CFrame.new(0.0000,0.0000,-0.0030,1.0000,-0.0000,0.0000,0.0000,0.0540,0.9985,-0.0000,-0.9985,0.0540),
      ["RightFoot"] = CFrame.new(0.0000,0.0000,0.0000,0.9537,0.2809,0.1070,-0.0195,0.4132,-0.9104,-0.3000,0.8662,0.3995),
    }},
    {Time = 3.600, Data = {
      ["HumanoidRootPart"] = CFrame.new(0.0000,0.0000,0.0000,1.0000,0.0000,0.0000,0.0000,1.0000,0.0000,0.0000,0.0000,1.0000),
      ["LowerTorso"] = CFrame.new(0.0000,-0.9424,0.0000,1.0000,-0.0000,0.0000,0.0000,0.9331,0.3597,-0.0000,-0.3597,0.9331),
      ["UpperTorso"] = CFrame.new(0.0000,0.0000,0.0000,0.9431,-0.1547,0.2943,0.1155,0.9824,0.1465,-0.3118,-0.1042,0.9444),
      ["LeftUpperArm"] = CFrame.new(0.2001,-0.0302,0.0192,0.8652,-0.0255,-0.5008,-0.0895,0.9748,-0.2044,0.4934,0.2216,0.8411),
      ["LeftLowerArm"] = CFrame.new(-0.0005,-0.0001,0.0033,1.0000,-0.0000,0.0000,0.0000,0.5566,-0.8308,0.0000,0.8308,0.5566),
      ["LeftHand"] = CFrame.new(0.0000,0.0000,0.0000,0.9561,-0.2062,-0.2082,0.2166,0.9759,0.0284,0.1973,-0.0722,0.9777),
      ["Head"] = CFrame.new(0.0000,0.0000,0.0000,0.9431,0.2109,-0.2571,-0.1547,0.9626,0.2222,0.2943,-0.1698,0.9405),
      ["RightUpperArm"] = CFrame.new(-0.0190,-0.1372,0.0345,0.9116,-0.1034,-0.3979,0.2137,0.9460,0.2438,0.3512,-0.3072,0.8845),
      ["RightLowerArm"] = CFrame.new(0.0000,0.0000,0.0033,1.0000,-0.0000,0.0000,0.0000,0.7516,-0.6596,0.0000,0.6596,0.7516),
      ["RightHand"] = CFrame.new(0.0000,0.0000,0.0000,0.9882,0.0816,0.1295,-0.1189,0.9421,0.3135,-0.0964,-0.3253,0.9407),
      ["LeftUpperLeg"] = CFrame.new(0.0000,0.0000,0.0000,0.9675,0.2425,-0.0724,0.0199,-0.3578,-0.9336,-0.2523,0.9018,-0.3510),
      ["LeftLowerLeg"] = CFrame.new(0.0000,0.0002,-0.0029,1.0000,-0.0000,0.0000,0.0000,0.3797,0.9251,-0.0000,-0.9251,0.3797),
      ["LeftFoot"] = CFrame.new(0.0000,-0.0002,0.0000,0.9957,-0.0866,-0.0329,0.0927,0.9309,0.3533,0.0001,-0.3548,0.9349),
      ["RightUpperLeg"] = CFrame.new(-0.0406,0.3538,-0.3112,0.9292,-0.3208,-0.1836,0.1595,0.7960,-0.5839,0.3335,0.5133,0.7908),
      ["RightLowerLeg"] = CFrame.new(0.0000,0.0000,-0.0030,1.0000,-0.0000,0.0000,0.0000,0.0522,0.9986,-0.0000,-0.9986,0.0522),
      ["RightFoot"] = CFrame.new(0.0000,0.0000,0.0000,0.9536,0.2813,0.1072,-0.0192,0.4121,-0.9110,-0.3004,0.8666,0.3983),
    }},
    {Time = 3.633, Data = {
      ["HumanoidRootPart"] = CFrame.new(0.0000,0.0000,0.0000,1.0000,0.0000,0.0000,0.0000,1.0000,0.0000,0.0000,0.0000,1.0000),
      ["LowerTorso"] = CFrame.new(0.0000,-0.9435,0.0000,1.0000,-0.0000,0.0000,0.0000,0.9331,0.3597,-0.0000,-0.3597,0.9331),
      ["UpperTorso"] = CFrame.new(0.0000,0.0000,0.0000,0.9431,-0.1547,0.2943,0.1155,0.9824,0.1465,-0.3118,-0.1042,0.9444),
      ["LeftUpperArm"] = CFrame.new(0.2000,-0.0299,0.0193,0.8651,-0.0259,-0.5010,-0.0889,0.9750,-0.2038,0.4937,0.2208,0.8411),
      ["LeftLowerArm"] = CFrame.new(-0.0005,-0.0001,0.0033,1.0000,-0.0000,0.0000,0.0000,0.5552,-0.8317,0.0000,0.8317,0.5552),
      ["LeftHand"] = CFrame.new(0.0000,0.0000,0.0000,0.9555,-0.2057,-0.2114,0.2165,0.9759,0.0289,0.2003,-0.0733,0.9770),
      ["Head"] = CFrame.new(0.0000,0.0000,0.0000,0.9431,0.2129,-0.2555,-0.1547,0.9610,0.2294,0.2943,-0.1768,0.9392),
      ["RightUpperArm"] = CFrame.new(-0.0190,-0.1372,0.0345,0.9115,-0.1060,-0.3973,0.2138,0.9475,0.2377,0.3513,-0.3017,0.8863),
      ["RightLowerArm"] = CFrame.new(0.0000,0.0000,0.0033,1.0000,-0.0000,0.0000,0.0000,0.7453,-0.6667,0.0000,0.6667,0.7453),
      ["RightHand"] = CFrame.new(0.0000,0.0000,0.0000,0.9880,0.0829,0.1304,-0.1208,0.9409,0.3165,-0.0965,-0.3285,0.9396),
      ["LeftUpperLeg"] = CFrame.new(0.0000,0.0000,0.0000,0.9674,0.2424,-0.0728,0.0198,-0.3592,-0.9331,-0.2523,0.9013,-0.3523),
      ["LeftLowerLeg"] = CFrame.new(0.0000,0.0002,-0.0029,1.0000,-0.0000,0.0000,0.0000,0.3784,0.9256,-0.0000,-0.9256,0.3784),
      ["LeftFoot"] = CFrame.new(0.0000,-0.0002,0.0000,0.9957,-0.0867,-0.0329,0.0927,0.9308,0.3535,0.0000,-0.3550,0.9349),
      ["RightUpperLeg"] = CFrame.new(-0.0406,0.3538,-0.3112,0.9291,-0.3212,-0.1834,0.1597,0.7957,-0.5842,0.3336,0.5135,0.7906),
      ["RightLowerLeg"] = CFrame.new(0.0000,0.0000,-0.0030,1.0000,-0.0000,0.0000,0.0000,0.0508,0.9987,-0.0000,-0.9987,0.0508),
      ["RightFoot"] = CFrame.new(0.0000,0.0000,0.0000,0.9535,0.2816,0.1073,-0.0189,0.4112,-0.9114,-0.3007,0.8670,0.3974),
    }},
    {Time = 3.667, Data = {
      ["HumanoidRootPart"] = CFrame.new(0.0000,0.0000,0.0000,1.0000,0.0000,0.0000,0.0000,1.0000,0.0000,0.0000,0.0000,1.0000),
      ["LowerTorso"] = CFrame.new(0.0000,-0.9442,0.0000,1.0000,-0.0000,0.0000,0.0000,0.9331,0.3597,-0.0000,-0.3597,0.9331),
      ["UpperTorso"] = CFrame.new(0.0000,0.0000,0.0000,0.9431,-0.1547,0.2943,0.1155,0.9824,0.1465,-0.3118,-0.1042,0.9444),
      ["LeftUpperArm"] = CFrame.new(0.2000,-0.0297,0.0195,0.8650,-0.0261,-0.5012,-0.0884,0.9751,-0.2034,0.4940,0.2202,0.8411),
      ["LeftLowerArm"] = CFrame.new(-0.0005,-0.0001,0.0033,1.0000,-0.0000,0.0000,0.0000,0.5542,-0.8324,0.0000,0.8324,0.5542),
      ["LeftHand"] = CFrame.new(0.0000,0.0000,0.0000,0.9551,-0.2054,-0.2137,0.2164,0.9759,0.0292,0.2026,-0.0742,0.9765),
      ["Head"] = CFrame.new(0.0000,0.0000,0.0000,0.9431,0.2146,-0.2540,-0.1547,0.9594,0.2359,0.2943,-0.1832,0.9380),
      ["RightUpperArm"] = CFrame.new(-0.0189,-0.1373,0.0345,0.9115,-0.1082,-0.3969,0.2140,0.9487,0.2329,0.3513,-0.2973,0.8878),
      ["RightLowerArm"] = CFrame.new(0.0000,0.0000,0.0033,1.0000,-0.0000,0.0000,0.0000,0.7381,-0.6747,0.0000,0.6747,0.7381),
      ["RightHand"] = CFrame.new(0.0000,0.0000,0.0000,0.9878,0.0839,0.1311,-0.1221,0.9400,0.3187,-0.0965,-0.3308,0.9387),
      ["LeftUpperLeg"] = CFrame.new(0.0000,0.0000,0.0000,0.9674,0.2423,-0.0731,0.0197,-0.3601,-0.9327,-0.2523,0.9009,-0.3532),
      ["LeftLowerLeg"] = CFrame.new(0.0000,0.0002,-0.0029,1.0000,-0.0000,0.0000,0.0000,0.3774,0.9260,-0.0000,-0.9260,0.3774),
      ["LeftFoot"] = CFrame.new(0.0000,-0.0002,0.0000,0.9957,-0.0867,-0.0329,0.0928,0.9308,0.3536,-0.0000,-0.3551,0.9348),
      ["RightUpperLeg"] = CFrame.new(-0.0406,0.3538,-0.3112,0.9290,-0.3214,-0.1834,0.1599,0.7955,-0.5844,0.3337,0.5136,0.7904),
      ["RightLowerLeg"] = CFrame.new(0.0000,0.0000,-0.0030,1.0000,-0.0000,0.0000,0.0000,0.0498,0.9988,-0.0000,-0.9988,0.0498),
      ["RightFoot"] = CFrame.new(0.0000,0.0000,0.0000,0.9535,0.2818,0.1073,-0.0187,0.4105,-0.9117,-0.3010,0.8672,0.3967),
    }},
    {Time = 3.700, Data = {
      ["HumanoidRootPart"] = CFrame.new(0.0000,0.0000,0.0000,1.0000,0.0000,0.0000,0.0000,1.0000,0.0000,0.0000,0.0000,1.0000),
      ["LowerTorso"] = CFrame.new(0.0000,-0.9447,0.0000,1.0000,-0.0000,0.0000,0.0000,0.9331,0.3597,-0.0000,-0.3597,0.9331),
      ["UpperTorso"] = CFrame.new(0.0000,0.0000,0.0000,0.9431,-0.1547,0.2943,0.1155,0.9824,0.1465,-0.3118,-0.1042,0.9444),
      ["LeftUpperArm"] = CFrame.new(0.1999,-0.0295,0.0195,0.8649,-0.0262,-0.5012,-0.0881,0.9752,-0.2031,0.4941,0.2198,0.8411),
      ["LeftLowerArm"] = CFrame.new(-0.0005,-0.0001,0.0033,1.0000,-0.0000,0.0000,0.0000,0.5536,-0.8328,0.0000,0.8328,0.5536),
      ["LeftHand"] = CFrame.new(0.0000,0.0000,0.0000,0.9548,-0.2052,-0.2152,0.2163,0.9759,0.0294,0.2040,-0.0747,0.9761),
      ["Head"] = CFrame.new(0.0000,0.0000,0.0000,0.9431,0.2161,-0.2527,-0.1547,0.9579,0.2417,0.2943,-0.1888,0.9369),
      ["RightUpperArm"] = CFrame.new(-0.0189,-0.1374,0.0344,0.9114,-0.1097,-0.3967,0.2142,0.9494,0.2296,0.3514,-0.2942,0.8888),
      ["RightLowerArm"] = CFrame.new(0.0000,0.0000,0.0033,1.0000,-0.0000,0.0000,0.0000,0.7297,-0.6837,0.0000,0.6837,0.7297),
      ["RightHand"] = CFrame.new(0.0000,0.0000,0.0000,0.9877,0.0845,0.1315,-0.1229,0.9394,0.3200,-0.0965,-0.3323,0.9382),
      ["LeftUpperLeg"] = CFrame.new(0.0000,0.0000,0.0000,0.9674,0.2423,-0.0733,0.0197,-0.3607,-0.9325,-0.2524,0.9006,-0.3538),
      ["LeftLowerLeg"] = CFrame.new(0.0000,0.0002,-0.0029,1.0000,-0.0000,0.0000,0.0000,0.3769,0.9263,-0.0000,-0.9263,0.3769),
      ["LeftFoot"] = CFrame.new(0.0000,-0.0002,0.0000,0.9957,-0.0867,-0.0329,0.0928,0.9308,0.3537,-0.0000,-0.3552,0.9348),
      ["RightUpperLeg"] = CFrame.new(-0.0406,0.3538,-0.3112,0.9290,-0.3216,-0.1833,0.1600,0.7954,-0.5846,0.3338,0.5137,0.7904),
      ["RightLowerLeg"] = CFrame.new(0.0000,0.0000,-0.0030,1.0000,-0.0000,0.0000,0.0000,0.0491,0.9988,-0.0000,-0.9988,0.0491),
      ["RightFoot"] = CFrame.new(0.0000,0.0000,0.0000,0.9534,0.2819,0.1073,-0.0186,0.4101,-0.9119,-0.3011,0.8674,0.3962),
    }},
    {Time = 3.733, Data = {
      ["HumanoidRootPart"] = CFrame.new(0.0000,0.0000,0.0000,1.0000,0.0000,0.0000,0.0000,1.0000,0.0000,0.0000,0.0000,1.0000),
      ["LowerTorso"] = CFrame.new(0.0000,-0.9448,0.0000,1.0000,-0.0000,0.0000,0.0000,0.9331,0.3597,-0.0000,-0.3597,0.9331),
      ["UpperTorso"] = CFrame.new(0.0000,0.0000,0.0000,0.9431,-0.1547,0.2943,0.1155,0.9824,0.1465,-0.3118,-0.1042,0.9444),
      ["LeftUpperArm"] = CFrame.new(0.2000,-0.0296,0.0196,0.8649,-0.0262,-0.5012,-0.0881,0.9752,-0.2030,0.4941,0.2198,0.8412),
      ["LeftLowerArm"] = CFrame.new(-0.0005,-0.0001,0.0033,1.0000,-0.0000,0.0000,0.0000,0.5534,-0.8329,0.0000,0.8329,0.5534),
      ["LeftHand"] = CFrame.new(0.0000,0.0000,0.0000,0.9547,-0.2052,-0.2157,0.2164,0.9759,0.0294,0.2045,-0.0748,0.9760),
      ["Head"] = CFrame.new(0.0000,0.0000,0.0000,0.9431,0.2174,-0.2516,-0.1547,0.9567,0.2465,0.2943,-0.1935,0.9359),
      ["RightUpperArm"] = CFrame.new(-0.0188,-0.1375,0.0344,0.9113,-0.1106,-0.3967,0.2145,0.9498,0.2279,0.3515,-0.2928,0.8892),
      ["RightLowerArm"] = CFrame.new(0.0000,0.0000,0.0033,1.0000,-0.0000,0.0000,0.0000,0.7201,-0.6939,0.0000,0.6939,0.7201),
      ["RightHand"] = CFrame.new(0.0000,0.0000,0.0000,0.9877,0.0846,0.1317,-0.1232,0.9392,0.3205,-0.0965,-0.3327,0.9381),
      ["LeftUpperLeg"] = CFrame.new(0.0000,0.0000,0.0000,0.9674,0.2423,-0.0733,0.0197,-0.3609,-0.9324,-0.2524,0.9006,-0.3539),
      ["LeftLowerLeg"] = CFrame.new(0.0000,0.0002,-0.0029,1.0000,-0.0000,0.0000,0.0000,0.3767,0.9263,-0.0000,-0.9263,0.3767),
      ["LeftFoot"] = CFrame.new(0.0000,-0.0002,0.0000,0.9957,-0.0867,-0.0329,0.0927,0.9308,0.3537,-0.0000,-0.3552,0.9348),
      ["RightUpperLeg"] = CFrame.new(-0.0406,0.3538,-0.3112,0.9290,-0.3216,-0.1833,0.1600,0.7954,-0.5846,0.3338,0.5137,0.7904),
      ["RightLowerLeg"] = CFrame.new(0.0000,0.0000,-0.0030,1.0000,-0.0000,0.0000,0.0000,0.0490,0.9988,-0.0000,-0.9988,0.0490),
      ["RightFoot"] = CFrame.new(0.0000,0.0000,0.0000,0.9534,0.2820,0.1073,-0.0186,0.4100,-0.9119,-0.3011,0.8674,0.3961),
    }},
    {Time = 3.767, Data = {
      ["HumanoidRootPart"] = CFrame.new(0.0000,0.0000,0.0000,1.0000,0.0000,0.0000,0.0000,1.0000,0.0000,0.0000,0.0000,1.0000),
      ["LowerTorso"] = CFrame.new(0.0000,-0.9447,0.0000,1.0000,-0.0000,0.0000,0.0000,0.9331,0.3597,-0.0000,-0.3597,0.9331),
      ["UpperTorso"] = CFrame.new(0.0000,0.0000,0.0000,0.9431,-0.1547,0.2943,0.1155,0.9824,0.1465,-0.3118,-0.1042,0.9444),
      ["LeftUpperArm"] = CFrame.new(0.2000,-0.0296,0.0195,0.8649,-0.0262,-0.5012,-0.0882,0.9752,-0.2031,0.4941,0.2199,0.8412),
      ["LeftLowerArm"] = CFrame.new(-0.0005,-0.0001,0.0033,1.0000,-0.0000,0.0000,0.0000,0.5536,-0.8328,0.0000,0.8328,0.5536),
      ["LeftHand"] = CFrame.new(0.0000,0.0000,0.0000,0.9548,-0.2052,-0.2152,0.2164,0.9759,0.0294,0.2040,-0.0747,0.9761),
      ["Head"] = CFrame.new(0.0000,0.0000,0.0000,0.9431,0.2184,-0.2507,-0.1547,0.9557,0.2504,0.2943,-0.1973,0.9351),
      ["RightUpperArm"] = CFrame.new(-0.0188,-0.1377,0.0343,0.9111,-0.1107,-0.3969,0.2147,0.9497,0.2280,0.3517,-0.2930,0.8891),
      ["RightLowerArm"] = CFrame.new(0.0000,0.0000,0.0033,1.0000,-0.0000,0.0000,0.0000,0.7090,-0.7052,0.0000,0.7052,0.7090),
      ["RightHand"] = CFrame.new(0.0000,0.0000,0.0000,0.9877,0.0845,0.1315,-0.1229,0.9394,0.3200,-0.0965,-0.3323,0.9382),
      ["LeftUpperLeg"] = CFrame.new(0.0000,0.0000,0.0000,0.9674,0.2423,-0.0733,0.0197,-0.3607,-0.9325,-0.2524,0.9006,-0.3538),
      ["LeftLowerLeg"] = CFrame.new(0.0000,0.0002,-0.0029,1.0000,-0.0000,0.0000,0.0000,0.3769,0.9263,-0.0000,-0.9263,0.3769),
      ["LeftFoot"] = CFrame.new(0.0000,-0.0002,0.0000,0.9957,-0.0867,-0.0329,0.0927,0.9308,0.3536,-0.0000,-0.3552,0.9348),
      ["RightUpperLeg"] = CFrame.new(-0.0406,0.3538,-0.3112,0.9290,-0.3216,-0.1834,0.1600,0.7954,-0.5845,0.3338,0.5137,0.7904),
      ["RightLowerLeg"] = CFrame.new(0.0000,0.0000,-0.0030,1.0000,-0.0000,0.0000,0.0000,0.0491,0.9988,-0.0000,-0.9988,0.0491),
      ["RightFoot"] = CFrame.new(0.0000,0.0000,0.0000,0.9534,0.2819,0.1073,-0.0186,0.4101,-0.9119,-0.3011,0.8674,0.3962),
    }},
    {Time = 3.800, Data = {
      ["HumanoidRootPart"] = CFrame.new(0.0000,0.0000,0.0000,1.0000,0.0000,0.0000,0.0000,1.0000,0.0000,0.0000,0.0000,1.0000),
      ["LowerTorso"] = CFrame.new(0.0000,-0.9442,0.0000,1.0000,-0.0000,0.0000,0.0000,0.9331,0.3597,-0.0000,-0.3597,0.9331),
      ["UpperTorso"] = CFrame.new(0.0000,0.0000,0.0000,0.9431,-0.1547,0.2943,0.1155,0.9824,0.1465,-0.3118,-0.1042,0.9444),
      ["LeftUpperArm"] = CFrame.new(0.2000,-0.0297,0.0195,0.8650,-0.0261,-0.5012,-0.0884,0.9751,-0.2034,0.4940,0.2202,0.8411),
      ["LeftLowerArm"] = CFrame.new(-0.0005,-0.0001,0.0033,1.0000,-0.0000,0.0000,0.0000,0.5542,-0.8324,0.0000,0.8324,0.5542),
      ["LeftHand"] = CFrame.new(0.0000,0.0000,0.0000,0.9551,-0.2054,-0.2137,0.2164,0.9759,0.0292,0.2026,-0.0742,0.9765),
      ["Head"] = CFrame.new(0.0000,0.0000,0.0000,0.9431,0.2192,-0.2501,-0.1547,0.9549,0.2533,0.2943,-0.2002,0.9345),
      ["RightUpperArm"] = CFrame.new(-0.0187,-0.1379,0.0342,0.9110,-0.1102,-0.3974,0.2151,0.9491,0.2299,0.3519,-0.2950,0.8884),
      ["RightLowerArm"] = CFrame.new(0.0000,0.0000,0.0033,1.0000,-0.0000,0.0000,0.0000,0.6964,-0.7177,0.0000,0.7177,0.6964),
      ["RightHand"] = CFrame.new(0.0000,0.0000,0.0000,0.9878,0.0839,0.1311,-0.1221,0.9400,0.3187,-0.0965,-0.3308,0.9387),
      ["LeftUpperLeg"] = CFrame.new(0.0000,0.0000,0.0000,0.9674,0.2424,-0.0731,0.0197,-0.3601,-0.9327,-0.2524,0.9009,-0.3532),
      ["LeftLowerLeg"] = CFrame.new(0.0000,0.0002,-0.0029,1.0000,-0.0000,0.0000,0.0000,0.3774,0.9260,-0.0000,-0.9260,0.3774),
      ["LeftFoot"] = CFrame.new(0.0000,-0.0002,0.0000,0.9957,-0.0867,-0.0329,0.0927,0.9308,0.3536,-0.0000,-0.3551,0.9348),
      ["RightUpperLeg"] = CFrame.new(-0.0406,0.3538,-0.3112,0.9290,-0.3214,-0.1834,0.1599,0.7955,-0.5844,0.3338,0.5136,0.7904),
      ["RightLowerLeg"] = CFrame.new(0.0000,0.0000,-0.0030,1.0000,-0.0000,0.0000,0.0000,0.0498,0.9988,-0.0000,-0.9988,0.0498),
      ["RightFoot"] = CFrame.new(0.0000,0.0000,0.0000,0.9535,0.2818,0.1073,-0.0187,0.4105,-0.9117,-0.3009,0.8672,0.3967),
    }},
    {Time = 3.833, Data = {
      ["HumanoidRootPart"] = CFrame.new(0.0000,0.0000,0.0000,1.0000,0.0000,0.0000,0.0000,1.0000,0.0000,0.0000,0.0000,1.0000),
      ["LowerTorso"] = CFrame.new(0.0000,-0.9435,0.0000,1.0000,-0.0000,0.0000,0.0000,0.9331,0.3597,-0.0000,-0.3597,0.9331),
      ["UpperTorso"] = CFrame.new(0.0000,0.0000,0.0000,0.9431,-0.1547,0.2943,0.1155,0.9824,0.1465,-0.3118,-0.1042,0.9444),
      ["LeftUpperArm"] = CFrame.new(0.2000,-0.0299,0.0193,0.8651,-0.0259,-0.5010,-0.0889,0.9750,-0.2038,0.4937,0.2208,0.8411),
      ["LeftLowerArm"] = CFrame.new(-0.0005,-0.0001,0.0033,1.0000,-0.0000,0.0000,0.0000,0.5552,-0.8317,0.0000,0.8317,0.5552),
      ["LeftHand"] = CFrame.new(0.0000,0.0000,0.0000,0.9555,-0.2057,-0.2114,0.2165,0.9759,0.0289,0.2003,-0.0733,0.9770),
      ["Head"] = CFrame.new(0.0000,0.0000,0.0000,0.9431,0.2197,-0.2496,-0.1547,0.9544,0.2554,0.2943,-0.2022,0.9341),
      ["RightUpperArm"] = CFrame.new(-0.0186,-0.1380,0.0341,0.9108,-0.1090,-0.3981,0.2155,0.9482,0.2333,0.3520,-0.2983,0.8872),
      ["RightLowerArm"] = CFrame.new(0.0000,0.0000,0.0033,1.0000,-0.0000,0.0000,0.0000,0.6827,-0.7307,0.0000,0.7307,0.6827),
      ["RightHand"] = CFrame.new(0.0000,0.0000,0.0000,0.9880,0.0829,0.1304,-0.1208,0.9409,0.3165,-0.0965,-0.3285,0.9396),
      ["LeftUpperLeg"] = CFrame.new(0.0000,0.0000,0.0000,0.9674,0.2424,-0.0728,0.0198,-0.3592,-0.9331,-0.2523,0.9013,-0.3523),
      ["LeftLowerLeg"] = CFrame.new(0.0000,0.0002,-0.0029,1.0000,-0.0000,0.0000,0.0000,0.3784,0.9256,-0.0000,-0.9256,0.3784),
      ["LeftFoot"] = CFrame.new(0.0000,-0.0002,0.0000,0.9957,-0.0867,-0.0329,0.0927,0.9308,0.3535,-0.0000,-0.3550,0.9349),
      ["RightUpperLeg"] = CFrame.new(-0.0406,0.3538,-0.3112,0.9291,-0.3212,-0.1834,0.1597,0.7957,-0.5842,0.3336,0.5135,0.7906),
      ["RightLowerLeg"] = CFrame.new(0.0000,0.0000,-0.0030,1.0000,-0.0000,0.0000,0.0000,0.0508,0.9987,-0.0000,-0.9987,0.0508),
      ["RightFoot"] = CFrame.new(0.0000,0.0000,0.0000,0.9535,0.2816,0.1073,-0.0189,0.4112,-0.9114,-0.3007,0.8670,0.3974),
    }},
    {Time = 3.867, Data = {
      ["HumanoidRootPart"] = CFrame.new(0.0000,0.0000,0.0000,1.0000,0.0000,0.0000,0.0000,1.0000,0.0000,0.0000,0.0000,1.0000),
      ["LowerTorso"] = CFrame.new(0.0000,-0.9424,0.0000,1.0000,-0.0000,0.0000,0.0000,0.9331,0.3597,-0.0000,-0.3597,0.9331),
      ["UpperTorso"] = CFrame.new(0.0000,0.0000,0.0000,0.9431,-0.1547,0.2943,0.1155,0.9824,0.1465,-0.3118,-0.1042,0.9444),
      ["LeftUpperArm"] = CFrame.new(0.2001,-0.0302,0.0192,0.8652,-0.0255,-0.5008,-0.0895,0.9748,-0.2044,0.4934,0.2216,0.8411),
      ["LeftLowerArm"] = CFrame.new(-0.0005,-0.0001,0.0033,1.0000,-0.0000,0.0000,0.0000,0.5566,-0.8308,0.0000,0.8308,0.5566),
      ["LeftHand"] = CFrame.new(0.0000,0.0000,0.0000,0.9561,-0.2062,-0.2082,0.2166,0.9759,0.0284,0.1973,-0.0722,0.9777),
      ["Head"] = CFrame.new(0.0000,0.0000,0.0000,0.9431,0.2200,-0.2493,-0.1547,0.9541,0.2566,0.2943,-0.2034,0.9338),
      ["RightUpperArm"] = CFrame.new(-0.0185,-0.1382,0.0340,0.9107,-0.1073,-0.3989,0.2159,0.9470,0.2380,0.3522,-0.3028,0.8856),
      ["RightLowerArm"] = CFrame.new(0.0000,0.0000,0.0033,1.0000,-0.0000,0.0000,0.0000,0.6682,-0.7440,0.0000,0.7440,0.6682),
      ["RightHand"] = CFrame.new(0.0000,0.0000,0.0000,0.9882,0.0816,0.1295,-0.1189,0.9421,0.3135,-0.0964,-0.3253,0.9407),
      ["LeftUpperLeg"] = CFrame.new(0.0000,0.0000,0.0000,0.9675,0.2425,-0.0724,0.0199,-0.3578,-0.9336,-0.2523,0.9018,-0.3510),
      ["LeftLowerLeg"] = CFrame.new(0.0000,0.0002,-0.0029,1.0000,-0.0000,0.0000,0.0000,0.3797,0.9251,-0.0000,-0.9251,0.3797),
      ["LeftFoot"] = CFrame.new(0.0000,-0.0002,0.0000,0.9957,-0.0866,-0.0329,0.0927,0.9309,0.3533,0.0000,-0.3548,0.9349),
      ["RightUpperLeg"] = CFrame.new(-0.0406,0.3538,-0.3112,0.9292,-0.3208,-0.1836,0.1595,0.7960,-0.5839,0.3335,0.5133,0.7908),
      ["RightLowerLeg"] = CFrame.new(0.0000,0.0000,-0.0030,1.0000,-0.0000,0.0000,0.0000,0.0522,0.9986,-0.0000,-0.9986,0.0522),
      ["RightFoot"] = CFrame.new(0.0000,0.0000,0.0000,0.9536,0.2813,0.1072,-0.0192,0.4121,-0.9110,-0.3004,0.8666,0.3983),
    }},
    {Time = 3.900, Data = {
      ["HumanoidRootPart"] = CFrame.new(0.0000,0.0000,0.0000,1.0000,0.0000,0.0000,0.0000,1.0000,0.0000,0.0000,0.0000,1.0000),
      ["LowerTorso"] = CFrame.new(0.0000,-0.9412,0.0000,1.0000,-0.0000,0.0000,0.0000,0.9331,0.3597,-0.0000,-0.3597,0.9331),
      ["UpperTorso"] = CFrame.new(0.0000,0.0000,0.0000,0.9431,-0.1547,0.2943,0.1155,0.9824,0.1465,-0.3118,-0.1042,0.9444),
      ["LeftUpperArm"] = CFrame.new(0.2002,-0.0306,0.0189,0.8654,-0.0252,-0.5005,-0.0903,0.9746,-0.2051,0.4929,0.2227,0.8411),
      ["LeftLowerArm"] = CFrame.new(-0.0005,-0.0001,0.0033,1.0000,-0.0000,0.0000,0.0000,0.5584,-0.8296,0.0000,0.8296,0.5584),
      ["LeftHand"] = CFrame.new(0.0000,0.0000,0.0000,0.9569,-0.2067,-0.2042,0.2167,0.9758,0.0277,0.1935,-0.0708,0.9785),
      ["Head"] = CFrame.new(0.0000,0.0000,0.0000,0.9431,0.2201,-0.2492,-0.1547,0.9539,0.2570,0.2943,-0.2038,0.9337),
      ["RightUpperArm"] = CFrame.new(-0.0184,-0.1385,0.0339,0.9105,-0.1052,-0.3999,0.2163,0.9454,0.2438,0.3525,-0.3085,0.8835),
      ["RightLowerArm"] = CFrame.new(0.0000,0.0000,0.0033,1.0000,-0.0000,0.0000,0.0000,0.6528,-0.7575,0.0000,0.7575,0.6528),
      ["RightHand"] = CFrame.new(0.0000,0.0000,0.0000,0.9885,0.0800,0.1283,-0.1166,0.9436,0.3098,-0.0963,-0.3212,0.9421),
      ["LeftUpperLeg"] = CFrame.new(0.0000,0.0000,0.0000,0.9675,0.2426,-0.0718,0.0200,-0.3561,-0.9342,-0.2522,0.9024,-0.3493),
      ["LeftLowerLeg"] = CFrame.new(0.0000,0.0002,-0.0029,1.0000,-0.0000,0.0000,0.0000,0.3815,0.9244,-0.0000,-0.9244,0.3815),
      ["LeftFoot"] = CFrame.new(0.0000,-0.0002,0.0000,0.9957,-0.0866,-0.0329,0.0926,0.9310,0.3531,0.0000,-0.3547,0.9350),
      ["RightUpperLeg"] = CFrame.new(-0.0406,0.3538,-0.3112,0.9293,-0.3204,-0.1837,0.1592,0.7963,-0.5835,0.3333,0.5130,0.7910),
      ["RightLowerLeg"] = CFrame.new(0.0000,0.0000,-0.0030,1.0000,-0.0000,0.0000,0.0000,0.0540,0.9985,-0.0000,-0.9985,0.0540),
      ["RightFoot"] = CFrame.new(0.0000,0.0000,0.0000,0.9537,0.2809,0.1070,-0.0195,0.4132,-0.9104,-0.3000,0.8662,0.3995),
    }},
    {Time = 3.933, Data = {
      ["HumanoidRootPart"] = CFrame.new(0.0000,0.0000,0.0000,1.0000,0.0000,0.0000,0.0000,1.0000,0.0000,0.0000,0.0000,1.0000),
      ["LowerTorso"] = CFrame.new(0.0000,-0.9397,0.0000,1.0000,-0.0000,0.0000,0.0000,0.9331,0.3597,-0.0000,-0.3597,0.9331),
      ["UpperTorso"] = CFrame.new(0.0000,0.0000,0.0000,0.9431,-0.1547,0.2943,0.1155,0.9824,0.1465,-0.3118,-0.1042,0.9444),
      ["LeftUpperArm"] = CFrame.new(0.2003,-0.0311,0.0187,0.8656,-0.0247,-0.5002,-0.0912,0.9743,-0.2060,0.4924,0.2239,0.8411),
      ["LeftLowerArm"] = CFrame.new(-0.0005,-0.0001,0.0033,1.0000,-0.0000,0.0000,0.0000,0.5604,-0.8282,0.0000,0.8282,0.5604),
      ["LeftHand"] = CFrame.new(0.0000,0.0000,0.0000,0.9577,-0.2073,-0.1994,0.2169,0.9758,0.0270,0.1890,-0.0691,0.9795),
      ["Head"] = CFrame.new(0.0000,0.0000,0.0000,0.9431,0.2201,-0.2493,-0.1547,0.9540,0.2568,0.2943,-0.2036,0.9338),
      ["RightUpperArm"] = CFrame.new(-0.0184,-0.1387,0.0338,0.9103,-0.1026,-0.4010,0.2168,0.9435,0.2506,0.3527,-0.3150,0.8811),
      ["RightLowerArm"] = CFrame.new(0.0000,0.0000,0.0033,1.0000,-0.0000,0.0000,0.0000,0.6370,-0.7709,0.0000,0.7709,0.6370),
      ["RightHand"] = CFrame.new(0.0000,0.0000,0.0000,0.9888,0.0781,0.1270,-0.1139,0.9454,0.3054,-0.0962,-0.3165,0.9437),
      ["LeftUpperLeg"] = CFrame.new(0.0000,0.0000,0.0000,0.9675,0.2427,-0.0712,0.0201,-0.3541,-0.9350,-0.2522,0.9032,-0.3475),
      ["LeftLowerLeg"] = CFrame.new(0.0000,0.0002,-0.0029,1.0000,-0.0000,0.0000,0.0000,0.3834,0.9236,-0.0000,-0.9236,0.3834),
      ["LeftFoot"] = CFrame.new(0.0000,-0.0002,0.0000,0.9957,-0.0865,-0.0329,0.0926,0.9311,0.3529,0.0001,-0.3544,0.9351),
      ["RightUpperLeg"] = CFrame.new(-0.0406,0.3538,-0.3112,0.9294,-0.3198,-0.1839,0.1588,0.7967,-0.5831,0.3330,0.5127,0.7913),
      ["RightLowerLeg"] = CFrame.new(0.0000,0.0000,-0.0030,1.0000,-0.0000,0.0000,0.0000,0.0560,0.9984,-0.0000,-0.9984,0.0560),
      ["RightFoot"] = CFrame.new(0.0000,0.0000,0.0000,0.9539,0.2805,0.1069,-0.0200,0.4145,-0.9098,-0.2995,0.8657,0.4010),
    }},
    {Time = 3.967, Data = {
      ["HumanoidRootPart"] = CFrame.new(0.0000,0.0000,0.0000,1.0000,0.0000,0.0000,0.0000,1.0000,0.0000,0.0000,0.0000,1.0000),
      ["LowerTorso"] = CFrame.new(0.0000,-0.9379,0.0000,1.0000,-0.0000,0.0000,0.0000,0.9331,0.3597,-0.0000,-0.3597,0.9331),
      ["UpperTorso"] = CFrame.new(0.0000,0.0000,0.0000,0.9431,-0.1547,0.2943,0.1155,0.9824,0.1465,-0.3118,-0.1042,0.9444),
      ["LeftUpperArm"] = CFrame.new(0.2004,-0.0316,0.0184,0.8658,-0.0242,-0.4998,-0.0923,0.9740,-0.2070,0.4918,0.2253,0.8410),
      ["LeftLowerArm"] = CFrame.new(-0.0005,-0.0001,0.0033,1.0000,-0.0000,0.0000,0.0000,0.5628,-0.8266,0.0000,0.8266,0.5628),
      ["LeftHand"] = CFrame.new(0.0000,0.0000,0.0000,0.9587,-0.2081,-0.1939,0.2171,0.9758,0.0262,0.1838,-0.0672,0.9807),
      ["Head"] = CFrame.new(0.0000,0.0000,0.0000,0.9431,0.2198,-0.2495,-0.1547,0.9542,0.2559,0.2943,-0.2027,0.9340),
      ["RightUpperArm"] = CFrame.new(-0.0183,-0.1389,0.0337,0.9101,-0.0997,-0.4022,0.2172,0.9414,0.2582,0.3529,-0.3223,0.8784),
      ["RightLowerArm"] = CFrame.new(0.0000,0.0000,0.0033,1.0000,-0.0000,0.0000,0.0000,0.6209,-0.7839,0.0000,0.7839,0.6209),
      ["RightHand"] = CFrame.new(0.0000,0.0000,0.0000,0.9892,0.0759,0.1254,-0.1108,0.9474,0.3004,-0.0960,-0.3110,0.9455),
      ["LeftUpperLeg"] = CFrame.new(0.0000,0.0000,0.0000,0.9675,0.2429,-0.0704,0.0202,-0.3519,-0.9358,-0.2521,0.9040,-0.3453),
      ["LeftLowerLeg"] = CFrame.new(0.0000,0.0002,-0.0029,1.0000,-0.0000,0.0000,0.0000,0.3856,0.9227,-0.0000,-0.9227,0.3856),
      ["LeftFoot"] = CFrame.new(0.0000,-0.0002,0.0000,0.9957,-0.0864,-0.0329,0.0925,0.9312,0.3526,0.0001,-0.3541,0.9352),
      ["RightUpperLeg"] = CFrame.new(-0.0406,0.3538,-0.3112,0.9296,-0.3192,-0.1841,0.1584,0.7972,-0.5826,0.3328,0.5124,0.7917),
      ["RightLowerLeg"] = CFrame.new(0.0000,0.0000,-0.0030,1.0000,-0.0000,0.0000,0.0000,0.0584,0.9983,-0.0000,-0.9983,0.0584),
      ["RightFoot"] = CFrame.new(0.0000,0.0000,0.0000,0.9540,0.2801,0.1067,-0.0205,0.4160,-0.9091,-0.2990,0.8652,0.4026),
    }},
    {Time = 4.000, Data = {
      ["HumanoidRootPart"] = CFrame.new(0.0000,0.0000,0.0000,1.0000,0.0000,0.0000,0.0000,1.0000,0.0000,0.0000,0.0000,1.0000),
      ["LowerTorso"] = CFrame.new(0.0000,-0.9360,0.0000,1.0000,-0.0000,0.0000,0.0000,0.9331,0.3597,-0.0000,-0.3597,0.9331),
      ["UpperTorso"] = CFrame.new(0.0000,0.0000,0.0000,0.9431,-0.1547,0.2943,0.1155,0.9824,0.1465,-0.3118,-0.1042,0.9444),
      ["LeftUpperArm"] = CFrame.new(0.2005,-0.0322,0.0180,0.8660,-0.0236,-0.4994,-0.0935,0.9736,-0.2081,0.4911,0.2269,0.8410),
      ["LeftLowerArm"] = CFrame.new(-0.0005,-0.0001,0.0033,1.0000,-0.0000,0.0000,0.0000,0.5655,-0.8247,0.0000,0.8247,0.5655),
      ["LeftHand"] = CFrame.new(0.0000,0.0000,0.0000,0.9597,-0.2089,-0.1878,0.2173,0.9758,0.0252,0.1780,-0.0650,0.9819),
      ["Head"] = CFrame.new(0.0000,0.0000,0.0000,0.9431,0.2194,-0.2498,-0.1547,0.9546,0.2544,0.2943,-0.2012,0.9343),
      ["RightUpperArm"] = CFrame.new(-0.0182,-0.1391,0.0336,0.9099,-0.0964,-0.4035,0.2177,0.9389,0.2665,0.3531,-0.3303,0.8753),
      ["RightLowerArm"] = CFrame.new(0.0000,0.0000,0.0033,1.0000,-0.0000,0.0000,0.0000,0.6046,-0.7965,0.0000,0.7965,0.6046),
      ["RightHand"] = CFrame.new(0.0000,0.0000,0.0000,0.9896,0.0735,0.1237,-0.1073,0.9495,0.2947,-0.0958,-0.3049,0.9475),
      ["LeftUpperLeg"] = CFrame.new(0.0000,0.0000,0.0000,0.9675,0.2431,-0.0696,0.0204,-0.3493,-0.9368,-0.2520,0.9049,-0.3429),
      ["LeftLowerLeg"] = CFrame.new(0.0000,0.0002,-0.0029,1.0000,-0.0000,0.0000,0.0000,0.3881,0.9216,-0.0000,-0.9216,0.3881),
      ["LeftFoot"] = CFrame.new(0.0000,-0.0002,0.0000,0.9957,-0.0863,-0.0328,0.0924,0.9313,0.3523,0.0002,-0.3538,0.9353),
      ["RightUpperLeg"] = CFrame.new(-0.0406,0.3538,-0.3112,0.9298,-0.3186,-0.1844,0.1579,0.7977,-0.5820,0.3325,0.5120,0.7920),
      ["RightLowerLeg"] = CFrame.new(0.0000,0.0000,-0.0030,1.0000,-0.0000,0.0000,0.0000,0.0611,0.9981,-0.0000,-0.9981,0.0611),
      ["RightFoot"] = CFrame.new(0.0000,0.0000,0.0000,0.9542,0.2796,0.1065,-0.0210,0.4177,-0.9083,-0.2984,0.8645,0.4044),
    }},
    {Time = 4.033, Data = {
      ["HumanoidRootPart"] = CFrame.new(0.0000,0.0000,0.0000,1.0000,0.0000,0.0000,0.0000,1.0000,0.0000,0.0000,0.0000,1.0000),
      ["LowerTorso"] = CFrame.new(0.0000,-0.9339,0.0000,1.0000,-0.0000,0.0000,0.0000,0.9331,0.3597,-0.0000,-0.3597,0.9331),
      ["UpperTorso"] = CFrame.new(0.0000,0.0000,0.0000,0.9431,-0.1547,0.2943,0.1155,0.9824,0.1465,-0.3118,-0.1042,0.9444),
      ["LeftUpperArm"] = CFrame.new(0.2006,-0.0329,0.0177,0.8663,-0.0230,-0.4990,-0.0948,0.9732,-0.2094,0.4904,0.2287,0.8410),
      ["LeftLowerArm"] = CFrame.new(-0.0005,-0.0001,0.0033,1.0000,-0.0000,0.0000,0.0000,0.5684,-0.8227,0.0000,0.8227,0.5684),
      ["LeftHand"] = CFrame.new(0.0000,0.0000,0.0000,0.9608,-0.2097,-0.1811,0.2176,0.9757,0.0242,0.1716,-0.0627,0.9832),
      ["Head"] = CFrame.new(0.0000,0.0000,0.0000,0.9431,0.2189,-0.2503,-0.1547,0.9552,0.2523,0.2943,-0.1992,0.9347),
      ["RightUpperArm"] = CFrame.new(-0.0181,-0.1394,0.0335,0.9097,-0.0929,-0.4047,0.2181,0.9363,0.2753,0.3533,-0.3388,0.8720),
      ["RightLowerArm"] = CFrame.new(0.0000,0.0000,0.0033,1.0000,-0.0000,0.0000,0.0000,0.5886,-0.8085,0.0000,0.8085,0.5886),
      ["RightHand"] = CFrame.new(0.0000,0.0000,0.0000,0.9900,0.0708,0.1218,-0.1035,0.9519,0.2885,-0.0956,-0.2982,0.9497),
      ["LeftUpperLeg"] = CFrame.new(0.0000,0.0000,0.0000,0.9675,0.2433,-0.0687,0.0205,-0.3466,-0.9378,-0.2520,0.9059,-0.3403),
      ["LeftLowerLeg"] = CFrame.new(0.0000,0.0002,-0.0029,1.0000,-0.0000,0.0000,0.0000,0.3908,0.9205,-0.0000,-0.9205,0.3908),
      ["LeftFoot"] = CFrame.new(0.0000,-0.0002,0.0000,0.9957,-0.0862,-0.0328,0.0923,0.9315,0.3519,0.0002,-0.3535,0.9355),
      ["RightUpperLeg"] = CFrame.new(-0.0406,0.3538,-0.3112,0.9300,-0.3178,-0.1846,0.1574,0.7983,-0.5813,0.3321,0.5116,0.7924),
      ["RightLowerLeg"] = CFrame.new(0.0000,0.0000,-0.0030,1.0000,-0.0000,0.0000,0.0000,0.0640,0.9979,-0.0000,-0.9979,0.0640),
      ["RightFoot"] = CFrame.new(0.0000,0.0000,0.0000,0.9544,0.2790,0.1063,-0.0216,0.4195,-0.9075,-0.2978,0.8638,0.4064),
    }},
    {Time = 4.067, Data = {
      ["HumanoidRootPart"] = CFrame.new(0.0000,0.0000,0.0000,1.0000,0.0000,0.0000,0.0000,1.0000,0.0000,0.0000,0.0000,1.0000),
      ["LowerTorso"] = CFrame.new(0.0000,-0.9316,0.0000,1.0000,-0.0000,0.0000,0.0000,0.9331,0.3597,-0.0000,-0.3597,0.9331),
      ["UpperTorso"] = CFrame.new(0.0000,0.0000,0.0000,0.9431,-0.1547,0.2943,0.1155,0.9824,0.1465,-0.3118,-0.1042,0.9444),
      ["LeftUpperArm"] = CFrame.new(0.2008,-0.0336,0.0173,0.8666,-0.0223,-0.4985,-0.0962,0.9728,-0.2107,0.4896,0.2306,0.8409),
      ["LeftLowerArm"] = CFrame.new(-0.0005,-0.0001,0.0033,1.0000,-0.0000,0.0000,0.0000,0.5716,-0.8205,0.0000,0.8205,0.5716),
      ["LeftHand"] = CFrame.new(0.0000,0.0000,0.0000,0.9620,-0.2106,-0.1739,0.2178,0.9757,0.0231,0.1648,-0.0601,0.9845),
      ["Head"] = CFrame.new(0.0000,0.0000,0.0000,0.9431,0.2182,-0.2509,-0.1547,0.9559,0.2498,0.2943,-0.1967,0.9352),
      ["RightUpperArm"] = CFrame.new(-0.0180,-0.1396,0.0334,0.9095,-0.0892,-0.4060,0.2186,0.9334,0.2845,0.3536,-0.3475,0.8685),
      ["RightLowerArm"] = CFrame.new(0.0000,0.0000,0.0033,1.0000,-0.0000,0.0000,0.0000,0.5730,-0.8196,0.0000,0.8196,0.5730),
      ["RightHand"] = CFrame.new(0.0000,0.0000,0.0000,0.9905,0.0678,0.1199,-0.0994,0.9543,0.2817,-0.0953,-0.2910,0.9520),
      ["LeftUpperLeg"] = CFrame.new(0.0000,0.0000,0.0000,0.9675,0.2435,-0.0677,0.0207,-0.3436,-0.9389,-0.2519,0.9070,-0.3375),
      ["LeftLowerLeg"] = CFrame.new(0.0000,0.0002,-0.0029,1.0000,-0.0000,0.0000,0.0000,0.3937,0.9192,-0.0000,-0.9192,0.3937),
      ["LeftFoot"] = CFrame.new(0.0000,-0.0002,0.0000,0.9957,-0.0861,-0.0328,0.0922,0.9316,0.3516,0.0002,-0.3531,0.9356),
      ["RightUpperLeg"] = CFrame.new(-0.0406,0.3538,-0.3112,0.9302,-0.3170,-0.1849,0.1568,0.7989,-0.5806,0.3318,0.5111,0.7929),
      ["RightLowerLeg"] = CFrame.new(0.0000,0.0000,-0.0030,1.0000,-0.0000,0.0000,0.0000,0.0672,0.9977,-0.0000,-0.9977,0.0672),
      ["RightFoot"] = CFrame.new(0.0000,0.0000,0.0000,0.9546,0.2784,0.1060,-0.0222,0.4215,-0.9065,-0.2971,0.8630,0.4086),
    }},
    {Time = 4.100, Data = {
      ["HumanoidRootPart"] = CFrame.new(0.0000,0.0000,0.0000,1.0000,0.0000,0.0000,0.0000,1.0000,0.0000,0.0000,0.0000,1.0000),
      ["LowerTorso"] = CFrame.new(0.0000,-0.9292,0.0000,1.0000,-0.0000,0.0000,0.0000,0.9331,0.3597,-0.0000,-0.3597,0.9331),
      ["UpperTorso"] = CFrame.new(0.0000,0.0000,0.0000,0.9431,-0.1547,0.2943,0.1155,0.9824,0.1465,-0.3118,-0.1042,0.9444),
      ["LeftUpperArm"] = CFrame.new(0.2009,-0.0343,0.0169,0.8669,-0.0216,-0.4980,-0.0977,0.9723,-0.2122,0.4888,0.2326,0.8408),
      ["LeftLowerArm"] = CFrame.new(-0.0005,-0.0001,0.0033,1.0000,-0.0000,0.0000,0.0000,0.5750,-0.8181,0.0000,0.8181,0.5750),
      ["LeftHand"] = CFrame.new(0.0000,0.0000,0.0000,0.9631,-0.2116,-0.1661,0.2181,0.9757,0.0219,0.1575,-0.0574,0.9859),
      ["Head"] = CFrame.new(0.0000,0.0000,0.0000,0.9431,0.2175,-0.2516,-0.1547,0.9566,0.2468,0.2943,-0.1938,0.9358),
      ["RightUpperArm"] = CFrame.new(-0.0179,-0.1398,0.0333,0.9093,-0.0854,-0.4072,0.2190,0.9304,0.2940,0.3538,-0.3565,0.8647),
      ["RightLowerArm"] = CFrame.new(0.0000,0.0000,0.0033,1.0000,-0.0000,0.0000,0.0000,0.5580,-0.8299,0.0000,0.8299,0.5580),
      ["RightHand"] = CFrame.new(0.0000,0.0000,0.0000,0.9909,0.0646,0.1177,-0.0950,0.9569,0.2745,-0.0949,-0.2832,0.9543),
      ["LeftUpperLeg"] = CFrame.new(0.0000,0.0000,0.0000,0.9676,0.2437,-0.0667,0.0209,-0.3404,-0.9401,-0.2518,0.9082,-0.3344),
      ["LeftLowerLeg"] = CFrame.new(0.0000,0.0002,-0.0029,1.0000,-0.0000,0.0000,0.0000,0.3968,0.9179,-0.0000,-0.9179,0.3968),
      ["LeftFoot"] = CFrame.new(0.0000,-0.0002,0.0000,0.9958,-0.0860,-0.0327,0.0921,0.9318,0.3512,0.0003,-0.3527,0.9357),
      ["RightUpperLeg"] = CFrame.new(-0.0406,0.3538,-0.3112,0.9304,-0.3162,-0.1852,0.1563,0.7996,-0.5799,0.3314,0.5106,0.7934),
      ["RightLowerLeg"] = CFrame.new(0.0000,0.0000,-0.0030,1.0000,-0.0000,0.0000,0.0000,0.0706,0.9975,-0.0000,-0.9975,0.0706),
      ["RightFoot"] = CFrame.new(0.0000,0.0000,0.0000,0.9548,0.2777,0.1058,-0.0229,0.4237,-0.9055,-0.2963,0.8622,0.4109),
    }},
    {Time = 4.133, Data = {
      ["HumanoidRootPart"] = CFrame.new(0.0000,0.0000,0.0000,1.0000,0.0000,0.0000,0.0000,1.0000,0.0000,0.0000,0.0000,1.0000),
      ["LowerTorso"] = CFrame.new(0.0000,-0.9266,0.0000,1.0000,-0.0000,0.0000,0.0000,0.9331,0.3597,-0.0000,-0.3597,0.9331),
      ["UpperTorso"] = CFrame.new(0.0000,0.0000,0.0000,0.9431,-0.1547,0.2943,0.1155,0.9824,0.1465,-0.3118,-0.1042,0.9444),
      ["LeftUpperArm"] = CFrame.new(0.2011,-0.0351,0.0164,0.8673,-0.0209,-0.4974,-0.0992,0.9718,-0.2138,0.4879,0.2347,0.8408),
      ["LeftLowerArm"] = CFrame.new(-0.0005,-0.0001,0.0033,1.0000,-0.0000,0.0000,0.0000,0.5786,-0.8156,0.0000,0.8156,0.5786),
      ["LeftHand"] = CFrame.new(0.0000,0.0000,0.0000,0.9643,-0.2126,-0.1580,0.2185,0.9756,0.0207,0.1497,-0.0545,0.9872),
      ["Head"] = CFrame.new(0.0000,0.0000,0.0000,0.9431,0.2166,-0.2523,-0.1547,0.9575,0.2435,0.2943,-0.1906,0.9365),
      ["RightUpperArm"] = CFrame.new(-0.0178,-0.1400,0.0332,0.9092,-0.0815,-0.4084,0.2194,0.9272,0.3035,0.3540,-0.3656,0.8609),
      ["RightLowerArm"] = CFrame.new(0.0000,0.0000,0.0033,1.0000,-0.0000,0.0000,0.0000,0.5439,-0.8392,0.0000,0.8392,0.5439),
      ["RightHand"] = CFrame.new(0.0000,0.0000,0.0000,0.9914,0.0613,0.1156,-0.0904,0.9595,0.2669,-0.0945,-0.2750,0.9568),
      ["LeftUpperLeg"] = CFrame.new(0.0000,0.0000,0.0000,0.9676,0.2439,-0.0656,0.0211,-0.3370,-0.9413,-0.2517,0.9094,-0.3312),
      ["LeftLowerLeg"] = CFrame.new(0.0000,0.0002,-0.0029,1.0000,-0.0000,0.0000,0.0000,0.4002,0.9164,-0.0000,-0.9164,0.4002),
      ["LeftFoot"] = CFrame.new(0.0000,-0.0002,0.0000,0.9958,-0.0859,-0.0327,0.0919,0.9319,0.3508,0.0003,-0.3524,0.9359),
      ["RightUpperLeg"] = CFrame.new(-0.0406,0.3538,-0.3112,0.9307,-0.3153,-0.1855,0.1557,0.8003,-0.5791,0.3311,0.5101,0.7939),
      ["RightLowerLeg"] = CFrame.new(0.0000,0.0000,-0.0030,1.0000,-0.0000,0.0000,0.0000,0.0742,0.9972,-0.0000,-0.9972,0.0742),
      ["RightFoot"] = CFrame.new(0.0000,0.0000,0.0000,0.9550,0.2771,0.1055,-0.0236,0.4259,-0.9045,-0.2955,0.8613,0.4133),
    }},
    {Time = 4.167, Data = {
      ["HumanoidRootPart"] = CFrame.new(0.0000,0.0000,0.0000,1.0000,0.0000,0.0000,0.0000,1.0000,0.0000,0.0000,0.0000,1.0000),
      ["LowerTorso"] = CFrame.new(0.0000,-0.9239,0.0000,1.0000,-0.0000,0.0000,0.0000,0.9331,0.3597,-0.0000,-0.3597,0.9331),
      ["UpperTorso"] = CFrame.new(0.0000,0.0000,0.0000,0.9431,-0.1547,0.2943,0.1155,0.9824,0.1465,-0.3118,-0.1042,0.9444),
      ["LeftUpperArm"] = CFrame.new(0.2013,-0.0359,0.0159,0.8676,-0.0201,-0.4969,-0.1009,0.9713,-0.2154,0.4870,0.2370,0.8407),
      ["LeftLowerArm"] = CFrame.new(-0.0005,-0.0001,0.0033,1.0000,-0.0000,0.0000,0.0000,0.5824,-0.8129,0.0000,0.8129,0.5824),
      ["LeftHand"] = CFrame.new(0.0000,0.0000,0.0000,0.9654,-0.2136,-0.1494,0.2188,0.9756,0.0194,0.1416,-0.0514,0.9886),
      ["Head"] = CFrame.new(0.0000,0.0000,0.0000,0.9431,0.2156,-0.2531,-0.1547,0.9584,0.2398,0.2943,-0.1870,0.9372),
      ["RightUpperArm"] = CFrame.new(-0.0177,-0.1402,0.0331,0.9090,-0.0775,-0.4095,0.2198,0.9239,0.3131,0.3542,-0.3746,0.8569),
      ["RightLowerArm"] = CFrame.new(0.0000,0.0000,0.0033,1.0000,-0.0000,0.0000,0.0000,0.5309,-0.8474,0.0000,0.8474,0.5309),
      ["RightHand"] = CFrame.new(0.0000,0.0000,0.0000,0.9919,0.0578,0.1133,-0.0856,0.9621,0.2588,-0.0940,-0.2664,0.9593),
      ["LeftUpperLeg"] = CFrame.new(0.0000,0.0000,0.0000,0.9676,0.2441,-0.0645,0.0213,-0.3334,-0.9425,-0.2516,0.9106,-0.3278),
      ["LeftLowerLeg"] = CFrame.new(0.0000,0.0002,-0.0029,1.0000,-0.0000,0.0000,0.0000,0.4037,0.9149,-0.0000,-0.9149,0.4037),
      ["LeftFoot"] = CFrame.new(0.0000,-0.0002,0.0000,0.9958,-0.0858,-0.0326,0.0918,0.9321,0.3505,0.0003,-0.3520,0.9360),
      ["RightUpperLeg"] = CFrame.new(-0.0406,0.3538,-0.3112,0.9309,-0.3143,-0.1859,0.1550,0.8010,-0.5782,0.3307,0.5095,0.7944),
      ["RightLowerLeg"] = CFrame.new(0.0000,0.0000,-0.0030,1.0000,-0.0000,0.0000,0.0000,0.0779,0.9970,-0.0000,-0.9970,0.0779),
      ["RightFoot"] = CFrame.new(0.0000,0.0000,0.0000,0.9553,0.2763,0.1053,-0.0243,0.4282,-0.9033,-0.2947,0.8604,0.4158),
    }},
    {Time = 4.200, Data = {
      ["HumanoidRootPart"] = CFrame.new(0.0000,0.0000,0.0000,1.0000,0.0000,0.0000,0.0000,1.0000,0.0000,0.0000,0.0000,1.0000),
      ["LowerTorso"] = CFrame.new(0.0000,-0.9211,0.0000,1.0000,-0.0000,0.0000,0.0000,0.9331,0.3597,-0.0000,-0.3597,0.9331),
      ["UpperTorso"] = CFrame.new(0.0000,0.0000,0.0000,0.9431,-0.1547,0.2943,0.1155,0.9824,0.1465,-0.3118,-0.1042,0.9444),
      ["LeftUpperArm"] = CFrame.new(0.2014,-0.0367,0.0155,0.8679,-0.0193,-0.4963,-0.1025,0.9707,-0.2171,0.4860,0.2394,0.8405),
      ["LeftLowerArm"] = CFrame.new(-0.0005,-0.0001,0.0033,1.0000,-0.0000,0.0000,0.0000,0.5864,-0.8100,0.0000,0.8100,0.5864),
      ["LeftHand"] = CFrame.new(0.0000,0.0000,0.0000,0.9665,-0.2146,-0.1405,0.2192,0.9755,0.0181,0.1332,-0.0483,0.9899),
      ["Head"] = CFrame.new(0.0000,0.0000,0.0000,0.9431,0.2146,-0.2540,-0.1547,0.9594,0.2359,0.2943,-0.1831,0.9380),
      ["RightUpperArm"] = CFrame.new(-0.0176,-0.1404,0.0330,0.9089,-0.0735,-0.4106,0.2201,0.9206,0.3225,0.3543,-0.3835,0.8529),
      ["RightLowerArm"] = CFrame.new(0.0000,0.0000,0.0033,1.0000,-0.0000,0.0000,0.0000,0.5193,-0.8546,0.0000,0.8546,0.5193),
      ["RightHand"] = CFrame.new(0.0000,0.0000,0.0000,0.9924,0.0541,0.1110,-0.0806,0.9648,0.2505,-0.0935,-0.2575,0.9617),
      ["LeftUpperLeg"] = CFrame.new(0.0000,0.0000,0.0000,0.9676,0.2444,-0.0633,0.0215,-0.3297,-0.9438,-0.2515,0.9119,-0.3243),
      ["LeftLowerLeg"] = CFrame.new(0.0000,0.0002,-0.0029,1.0000,-0.0000,0.0000,0.0000,0.4073,0.9133,-0.0000,-0.9133,0.4073),
      ["LeftFoot"] = CFrame.new(0.0000,-0.0002,0.0000,0.9958,-0.0857,-0.0326,0.0917,0.9322,0.3501,0.0004,-0.3516,0.9361),
      ["RightUpperLeg"] = CFrame.new(-0.0406,0.3538,-0.3112,0.9312,-0.3134,-0.1862,0.1544,0.8018,-0.5773,0.3302,0.5089,0.7950),
      ["RightLowerLeg"] = CFrame.new(0.0000,0.0000,-0.0030,1.0000,-0.0000,0.0000,0.0000,0.0818,0.9966,-0.0000,-0.9966,0.0818),
      ["RightFoot"] = CFrame.new(0.0000,0.0000,0.0000,0.9555,0.2756,0.1050,-0.0251,0.4307,-0.9022,-0.2939,0.8594,0.4184),
    }},
    {Time = 4.233, Data = {
      ["HumanoidRootPart"] = CFrame.new(0.0000,0.0000,0.0000,1.0000,0.0000,0.0000,0.0000,1.0000,0.0000,0.0000,0.0000,1.0000),
      ["LowerTorso"] = CFrame.new(0.0000,-0.9183,0.0000,1.0000,-0.0000,0.0000,0.0000,0.9331,0.3597,-0.0000,-0.3597,0.9331),
      ["UpperTorso"] = CFrame.new(0.0000,0.0000,0.0000,0.9431,-0.1547,0.2943,0.1155,0.9824,0.1465,-0.3118,-0.1042,0.9444),
      ["LeftUpperArm"] = CFrame.new(0.2016,-0.0376,0.0150,0.8683,-0.0186,-0.4957,-0.1043,0.9701,-0.2189,0.4850,0.2418,0.8404),
      ["LeftLowerArm"] = CFrame.new(-0.0005,-0.0001,0.0033,1.0000,-0.0000,0.0000,0.0000,0.5905,-0.8071,0.0000,0.8071,0.5905),
      ["LeftHand"] = CFrame.new(0.0000,0.0000,0.0000,0.9676,-0.2156,-0.1314,0.2196,0.9754,0.0167,0.1245,-0.0450,0.9912),
      ["Head"] = CFrame.new(0.0000,0.0000,0.0000,0.9431,0.2135,-0.2549,-0.1547,0.9604,0.2317,0.2943,-0.1791,0.9388),
      ["RightUpperArm"] = CFrame.new(-0.0176,-0.1405,0.0329,0.9087,-0.0695,-0.4115,0.2204,0.9173,0.3317,0.3544,-0.3921,0.8489),
      ["RightLowerArm"] = CFrame.new(0.0000,0.0000,0.0033,1.0000,-0.0000,0.0000,0.0000,0.5094,-0.8606,0.0000,0.8606,0.5094),
      ["RightHand"] = CFrame.new(0.0000,0.0000,0.0000,0.9928,0.0503,0.1086,-0.0754,0.9674,0.2418,-0.0929,-0.2483,0.9642),
      ["LeftUpperLeg"] = CFrame.new(0.0000,0.0000,0.0000,0.9676,0.2446,-0.0621,0.0217,-0.3259,-0.9451,-0.2514,0.9132,-0.3207),
      ["LeftLowerLeg"] = CFrame.new(0.0000,0.0002,-0.0029,1.0000,-0.0000,0.0000,0.0000,0.4111,0.9116,-0.0000,-0.9116,0.4111),
      ["LeftFoot"] = CFrame.new(0.0000,-0.0002,0.0000,0.9958,-0.0856,-0.0325,0.0915,0.9324,0.3497,0.0004,-0.3512,0.9363),
      ["RightUpperLeg"] = CFrame.new(-0.0406,0.3538,-0.3112,0.9314,-0.3124,-0.1866,0.1537,0.8026,-0.5764,0.3298,0.5082,0.7956),
      ["RightLowerLeg"] = CFrame.new(0.0000,0.0000,-0.0030,1.0000,-0.0000,0.0000,0.0000,0.0858,0.9963,-0.0000,-0.9963,0.0858),
      ["RightFoot"] = CFrame.new(0.0000,0.0000,0.0000,0.9558,0.2749,0.1047,-0.0259,0.4332,-0.9009,-0.2930,0.8584,0.4211),
    }},
    {Time = 4.267, Data = {
      ["HumanoidRootPart"] = CFrame.new(0.0000,0.0000,0.0000,1.0000,0.0000,0.0000,0.0000,1.0000,0.0000,0.0000,0.0000,1.0000),
      ["LowerTorso"] = CFrame.new(0.0000,-0.9153,0.0000,1.0000,-0.0000,0.0000,0.0000,0.9331,0.3597,-0.0000,-0.3597,0.9331),
      ["UpperTorso"] = CFrame.new(0.0000,0.0000,0.0000,0.9431,-0.1547,0.2943,0.1155,0.9824,0.1465,-0.3118,-0.1042,0.9444),
      ["LeftUpperArm"] = CFrame.new(0.2018,-0.0385,0.0145,0.8686,-0.0178,-0.4952,-0.1060,0.9695,-0.2208,0.4840,0.2443,0.8403),
      ["LeftLowerArm"] = CFrame.new(-0.0005,-0.0001,0.0033,1.0000,-0.0000,0.0000,0.0000,0.5947,-0.8040,0.0000,0.8040,0.5947),
      ["LeftHand"] = CFrame.new(0.0000,0.0000,0.0000,0.9686,-0.2166,-0.1220,0.2200,0.9754,0.0153,0.1156,-0.0417,0.9924),
      ["Head"] = CFrame.new(0.0000,0.0000,0.0000,0.9431,0.2123,-0.2559,-0.1547,0.9614,0.2274,0.2943,-0.1749,0.9396),
      ["RightUpperArm"] = CFrame.new(-0.0175,-0.1406,0.0329,0.9087,-0.0657,-0.4124,0.2206,0.9140,0.3404,0.3545,-0.4003,0.8450),
      ["RightLowerArm"] = CFrame.new(0.0000,0.0000,0.0033,1.0000,-0.0000,0.0000,0.0000,0.5013,-0.8653,0.0000,0.8653,0.5013),
      ["RightHand"] = CFrame.new(0.0000,0.0000,0.0000,0.9933,0.0463,0.1062,-0.0702,0.9699,0.2330,-0.0923,-0.2389,0.9667),
      ["LeftUpperLeg"] = CFrame.new(0.0000,0.0000,0.0000,0.9677,0.2448,-0.0608,0.0220,-0.3220,-0.9465,-0.2513,0.9145,-0.3170),
      ["LeftLowerLeg"] = CFrame.new(0.0000,0.0002,-0.0029,1.0000,-0.0000,0.0000,0.0000,0.4149,0.9099,-0.0000,-0.9099,0.4149),
      ["LeftFoot"] = CFrame.new(0.0000,-0.0002,0.0000,0.9958,-0.0854,-0.0325,0.0914,0.9325,0.3494,0.0005,-0.3509,0.9364),
      ["RightUpperLeg"] = CFrame.new(-0.0406,0.3538,-0.3112,0.9317,-0.3114,-0.1870,0.1530,0.8034,-0.5755,0.3294,0.5076,0.7962),
      ["RightLowerLeg"] = CFrame.new(0.0000,0.0000,-0.0030,1.0000,-0.0000,0.0000,0.0000,0.0899,0.9959,-0.0000,-0.9959,0.0899),
      ["RightFoot"] = CFrame.new(0.0000,0.0000,0.0000,0.9560,0.2741,0.1044,-0.0267,0.4357,-0.8997,-0.2921,0.8573,0.4239),
    }},
    {Time = 4.300, Data = {
      ["HumanoidRootPart"] = CFrame.new(0.0000,0.0000,0.0000,1.0000,0.0000,0.0000,0.0000,1.0000,0.0000,0.0000,0.0000,1.0000),
      ["LowerTorso"] = CFrame.new(0.0000,-0.9123,0.0000,1.0000,-0.0000,0.0000,0.0000,0.9331,0.3597,-0.0000,-0.3597,0.9331),
      ["UpperTorso"] = CFrame.new(0.0000,0.0000,0.0000,0.9431,-0.1547,0.2943,0.1155,0.9824,0.1465,-0.3118,-0.1042,0.9444),
      ["LeftUpperArm"] = CFrame.new(0.2020,-0.0394,0.0140,0.8690,-0.0170,-0.4946,-0.1078,0.9689,-0.2227,0.4830,0.2469,0.8401),
      ["LeftLowerArm"] = CFrame.new(-0.0005,-0.0001,0.0033,1.0000,-0.0000,0.0000,0.0000,0.5989,-0.8008,0.0000,0.8008,0.5989),
      ["LeftHand"] = CFrame.new(0.0000,0.0000,0.0000,0.9695,-0.2176,-0.1124,0.2205,0.9753,0.0139,0.1066,-0.0383,0.9936),
      ["Head"] = CFrame.new(0.0000,0.0000,0.0000,0.9431,0.2112,-0.2569,-0.1547,0.9625,0.2230,0.2943,-0.1706,0.9404),
      ["RightUpperArm"] = CFrame.new(-0.0175,-0.1407,0.0329,0.9086,-0.0621,-0.4130,0.2207,0.9109,0.3486,0.3546,-0.4079,0.8413),
      ["RightLowerArm"] = CFrame.new(0.0000,0.0000,0.0033,1.0000,-0.0000,0.0000,0.0000,0.4953,-0.8687,0.0000,0.8687,0.4953),
      ["RightHand"] = CFrame.new(0.0000,0.0000,0.0000,0.9937,0.0423,0.1039,-0.0648,0.9724,0.2239,-0.0915,-0.2292,0.9691),
      ["LeftUpperLeg"] = CFrame.new(0.0000,0.0000,0.0000,0.9677,0.2450,-0.0596,0.0222,-0.3180,-0.9478,-0.2512,0.9159,-0.3132),
      ["LeftLowerLeg"] = CFrame.new(0.0000,0.0002,-0.0029,1.0000,-0.0000,0.0000,0.0000,0.4188,0.9081,-0.0000,-0.9081,0.4188),
      ["LeftFoot"] = CFrame.new(0.0000,-0.0002,0.0000,0.9958,-0.0853,-0.0324,0.0913,0.9327,0.3490,0.0005,-0.3505,0.9366),
      ["RightUpperLeg"] = CFrame.new(-0.0406,0.3538,-0.3112,0.9320,-0.3103,-0.1873,0.1523,0.8042,-0.5745,0.3290,0.5069,0.7968),
      ["RightLowerLeg"] = CFrame.new(0.0000,0.0000,-0.0030,1.0000,-0.0000,0.0000,0.0000,0.0941,0.9956,-0.0000,-0.9956,0.0941),
      ["RightFoot"] = CFrame.new(0.0000,0.0000,0.0000,0.9563,0.2734,0.1041,-0.0275,0.4383,-0.8984,-0.2912,0.8562,0.4267),
    }},
    {Time = 4.333, Data = {
      ["HumanoidRootPart"] = CFrame.new(0.0000,0.0000,0.0000,1.0000,0.0000,0.0000,0.0000,1.0000,0.0000,0.0000,0.0000,1.0000),
      ["LowerTorso"] = CFrame.new(0.0000,-0.9093,0.0000,1.0000,-0.0000,0.0000,0.0000,0.9331,0.3597,-0.0000,-0.3597,0.9331),
      ["UpperTorso"] = CFrame.new(0.0000,0.0000,0.0000,0.9431,-0.1547,0.2943,0.1155,0.9824,0.1465,-0.3118,-0.1042,0.9444),
      ["LeftUpperArm"] = CFrame.new(0.2021,-0.0403,0.0134,0.8693,-0.0162,-0.4940,-0.1096,0.9682,-0.2247,0.4819,0.2495,0.8399),
      ["LeftLowerArm"] = CFrame.new(-0.0005,-0.0001,0.0033,1.0000,-0.0000,0.0000,0.0000,0.6033,-0.7975,0.0000,0.7975,0.6033),
      ["LeftHand"] = CFrame.new(0.0000,0.0000,0.0000,0.9704,-0.2185,-0.1028,0.2209,0.9752,0.0125,0.0975,-0.0348,0.9946),
      ["Head"] = CFrame.new(0.0000,0.0000,0.0000,0.9431,0.2100,-0.2578,-0.1547,0.9635,0.2186,0.2943,-0.1662,0.9411),
      ["RightUpperArm"] = CFrame.new(-0.0176,-0.1406,0.0329,0.9086,-0.0586,-0.4136,0.2208,0.9079,0.3563,0.3546,-0.4150,0.8379),
      ["RightLowerArm"] = CFrame.new(0.0000,0.0000,0.0033,1.0000,-0.0000,0.0000,0.0000,0.4915,-0.8709,0.0000,0.8709,0.4915),
      ["RightHand"] = CFrame.new(0.0000,0.0000,0.0000,0.9941,0.0382,0.1015,-0.0594,0.9749,0.2147,-0.0907,-0.2195,0.9714),
      ["LeftUpperLeg"] = CFrame.new(0.0000,0.0000,0.0000,0.9677,0.2453,-0.0583,0.0224,-0.3140,-0.9492,-0.2511,0.9172,-0.3093),
      ["LeftLowerLeg"] = CFrame.new(0.0000,0.0002,-0.0029,1.0000,-0.0000,0.0000,0.0000,0.4228,0.9062,-0.0000,-0.9062,0.4228),
      ["LeftFoot"] = CFrame.new(0.0000,-0.0002,0.0000,0.9958,-0.0852,-0.0324,0.0911,0.9328,0.3487,0.0005,-0.3502,0.9367),
      ["RightUpperLeg"] = CFrame.new(-0.0406,0.3538,-0.3112,0.9322,-0.3093,-0.1877,0.1516,0.8051,-0.5735,0.3285,0.5062,0.7974),
      ["RightLowerLeg"] = CFrame.new(0.0000,0.0000,-0.0030,1.0000,-0.0000,0.0000,0.0000,0.0984,0.9951,-0.0000,-0.9951,0.0984),
      ["RightFoot"] = CFrame.new(0.0000,0.0000,0.0000,0.9565,0.2726,0.1038,-0.0283,0.4409,-0.8971,-0.2903,0.8551,0.4295),
    }},
    {Time = 4.367, Data = {
      ["HumanoidRootPart"] = CFrame.new(0.0000,0.0000,0.0000,1.0000,0.0000,0.0000,0.0000,1.0000,0.0000,0.0000,0.0000,1.0000),
      ["LowerTorso"] = CFrame.new(0.0000,-0.9063,0.0000,1.0000,-0.0000,0.0000,0.0000,0.9331,0.3597,-0.0000,-0.3597,0.9331),
      ["UpperTorso"] = CFrame.new(0.0000,0.0000,0.0000,0.9431,-0.1547,0.2943,0.1155,0.9824,0.1465,-0.3118,-0.1042,0.9444),
      ["LeftUpperArm"] = CFrame.new(0.2023,-0.0412,0.0129,0.8697,-0.0155,-0.4934,-0.1114,0.9676,-0.2267,0.4809,0.2521,0.8397),
      ["LeftLowerArm"] = CFrame.new(-0.0005,-0.0001,0.0033,1.0000,-0.0000,0.0000,0.0000,0.6077,-0.7942,0.0000,0.7942,0.6077),
      ["LeftHand"] = CFrame.new(0.0000,0.0000,0.0000,0.9712,-0.2195,-0.0930,0.2214,0.9751,0.0111,0.0883,-0.0313,0.9956),
      ["Head"] = CFrame.new(0.0000,0.0000,0.0000,0.9431,0.2088,-0.2588,-0.1547,0.9645,0.2141,0.2943,-0.1619,0.9419),
      ["RightUpperArm"] = CFrame.new(-0.0176,-0.1406,0.0329,0.9086,-0.0555,-0.4140,0.2207,0.9053,0.3630,0.3546,-0.4212,0.8348),
      ["RightLowerArm"] = CFrame.new(0.0000,0.0000,0.0033,1.0000,-0.0000,0.0000,0.0000,0.4905,-0.8715,0.0000,0.8715,0.4905),
      ["RightHand"] = CFrame.new(0.0000,0.0000,0.0000,0.9945,0.0341,0.0992,-0.0540,0.9772,0.2055,-0.0899,-0.2097,0.9736),
      ["LeftUpperLeg"] = CFrame.new(0.0000,0.0000,0.0000,0.9677,0.2455,-0.0570,0.0226,-0.3099,-0.9505,-0.2510,0.9185,-0.3054),
      ["LeftLowerLeg"] = CFrame.new(0.0000,0.0002,-0.0029,1.0000,-0.0000,0.0000,0.0000,0.4268,0.9043,-0.0000,-0.9043,0.4268),
      ["LeftFoot"] = CFrame.new(0.0000,-0.0002,0.0000,0.9959,-0.0851,-0.0324,0.0910,0.9329,0.3483,0.0006,-0.3498,0.9368),
      ["RightUpperLeg"] = CFrame.new(-0.0406,0.3538,-0.3112,0.9325,-0.3083,-0.1881,0.1509,0.8059,-0.5725,0.3281,0.5054,0.7980),
      ["RightLowerLeg"] = CFrame.new(0.0000,0.0000,-0.0030,1.0000,-0.0000,0.0000,0.0000,0.1027,0.9947,-0.0000,-0.9947,0.1027),
      ["RightFoot"] = CFrame.new(0.0000,0.0000,0.0000,0.9568,0.2718,0.1035,-0.0291,0.4436,-0.8958,-0.2894,0.8540,0.4323),
    }},
    {Time = 4.400, Data = {
      ["HumanoidRootPart"] = CFrame.new(0.0000,0.0000,0.0000,1.0000,0.0000,0.0000,0.0000,1.0000,0.0000,0.0000,0.0000,1.0000),
      ["LowerTorso"] = CFrame.new(0.0000,-0.9033,0.0000,1.0000,-0.0000,0.0000,0.0000,0.9331,0.3597,-0.0000,-0.3597,0.9331),
      ["UpperTorso"] = CFrame.new(0.0000,0.0000,0.0000,0.9431,-0.1547,0.2943,0.1155,0.9824,0.1465,-0.3118,-0.1042,0.9444),
      ["LeftUpperArm"] = CFrame.new(0.2025,-0.0421,0.0124,0.8700,-0.0147,-0.4928,-0.1132,0.9669,-0.2287,0.4799,0.2548,0.8395),
      ["LeftLowerArm"] = CFrame.new(-0.0005,-0.0001,0.0033,1.0000,-0.0000,0.0000,0.0000,0.6121,-0.7908,0.0000,0.7908,0.6121),
      ["LeftHand"] = CFrame.new(0.0000,0.0000,0.0000,0.9719,-0.2204,-0.0833,0.2219,0.9750,0.0096,0.0791,-0.0279,0.9965),
      ["Head"] = CFrame.new(0.0000,0.0000,0.0000,0.9431,0.2076,-0.2597,-0.1547,0.9654,0.2098,0.2943,-0.1576,0.9426),
      ["RightUpperArm"] = CFrame.new(-0.0176,-0.1406,0.0329,0.9086,-0.0528,-0.4142,0.2206,0.9030,0.3687,0.3545,-0.4264,0.8322),
      ["RightLowerArm"] = CFrame.new(0.0000,0.0000,0.0033,1.0000,-0.0000,0.0000,0.0000,0.4924,-0.8704,0.0000,0.8704,0.4924),
      ["RightHand"] = CFrame.new(0.0000,0.0000,0.0000,0.9948,0.0300,0.0969,-0.0486,0.9794,0.1962,-0.0890,-0.1999,0.9758),
      ["LeftUpperLeg"] = CFrame.new(0.0000,0.0000,0.0000,0.9677,0.2457,-0.0557,0.0229,-0.3058,-0.9518,-0.2509,0.9198,-0.3016),
      ["LeftLowerLeg"] = CFrame.new(0.0000,0.0002,-0.0029,1.0000,-0.0000,0.0000,0.0000,0.4309,0.9024,-0.0000,-0.9024,0.4309),
      ["LeftFoot"] = CFrame.new(0.0000,-0.0002,0.0000,0.9959,-0.0849,-0.0323,0.0909,0.9331,0.3480,0.0006,-0.3495,0.9369),
      ["RightUpperLeg"] = CFrame.new(-0.0406,0.3538,-0.3112,0.9328,-0.3072,-0.1885,0.1503,0.8068,-0.5715,0.3277,0.5047,0.7987),
      ["RightLowerLeg"] = CFrame.new(0.0000,0.0000,-0.0030,1.0000,-0.0000,0.0000,0.0000,0.1070,0.9943,-0.0000,-0.9943,0.1070),
      ["RightFoot"] = CFrame.new(0.0000,0.0000,0.0000,0.9570,0.2711,0.1033,-0.0299,0.4462,-0.8944,-0.2885,0.8529,0.4351),
    }},
    {Time = 4.433, Data = {
      ["HumanoidRootPart"] = CFrame.new(0.0000,0.0000,0.0000,1.0000,0.0000,0.0000,0.0000,1.0000,0.0000,0.0000,0.0000,1.0000),
      ["LowerTorso"] = CFrame.new(0.0000,-0.9003,0.0000,1.0000,-0.0000,0.0000,0.0000,0.9331,0.3597,-0.0000,-0.3597,0.9331),
      ["UpperTorso"] = CFrame.new(0.0000,0.0000,0.0000,0.9431,-0.1547,0.2943,0.1155,0.9824,0.1465,-0.3118,-0.1042,0.9444),
      ["LeftUpperArm"] = CFrame.new(0.2027,-0.0429,0.0119,0.8703,-0.0141,-0.4922,-0.1150,0.9662,-0.2309,0.4788,0.2575,0.8393),
      ["LeftLowerArm"] = CFrame.new(-0.0005,-0.0001,0.0033,1.0000,-0.0000,0.0000,0.0000,0.6166,-0.7873,0.0000,0.7873,0.6166),
      ["LeftHand"] = CFrame.new(0.0000,0.0000,0.0000,0.9724,-0.2212,-0.0737,0.2224,0.9749,0.0082,0.0700,-0.0244,0.9972),
      ["Head"] = CFrame.new(0.0000,0.0000,0.0000,0.9431,0.2065,-0.2607,-0.1547,0.9664,0.2055,0.2943,-0.1534,0.9433),
      ["RightUpperArm"] = CFrame.new(-0.0176,-0.1405,0.0329,0.9088,-0.0507,-0.4142,0.2203,0.9012,0.3731,0.3544,-0.4303,0.8302),
      ["RightLowerArm"] = CFrame.new(0.0000,0.0000,0.0033,1.0000,-0.0000,0.0000,0.0000,0.4976,-0.8674,0.0000,0.8674,0.4976),
      ["RightHand"] = CFrame.new(0.0000,0.0000,0.0000,0.9952,0.0258,0.0946,-0.0433,0.9814,0.1870,-0.0881,-0.1902,0.9778),
      ["LeftUpperLeg"] = CFrame.new(0.0000,0.0000,0.0000,0.9678,0.2459,-0.0544,0.0231,-0.3017,-0.9531,-0.2508,0.9211,-0.2977),
      ["LeftLowerLeg"] = CFrame.new(0.0000,0.0002,-0.0029,1.0000,-0.0000,0.0000,0.0000,0.4349,0.9005,-0.0000,-0.9005,0.4349),
      ["LeftFoot"] = CFrame.new(0.0000,-0.0002,0.0000,0.9959,-0.0848,-0.0323,0.0907,0.9332,0.3477,0.0006,-0.3492,0.9370),
      ["RightUpperLeg"] = CFrame.new(-0.0406,0.3538,-0.3112,0.9330,-0.3062,-0.1889,0.1496,0.8076,-0.5704,0.3272,0.5040,0.7993),
      ["RightLowerLeg"] = CFrame.new(0.0000,0.0000,-0.0030,1.0000,-0.0000,0.0000,0.0000,0.1113,0.9938,-0.0000,-0.9938,0.1113),
      ["RightFoot"] = CFrame.new(0.0000,0.0000,0.0000,0.9573,0.2703,0.1030,-0.0307,0.4488,-0.8931,-0.2876,0.8518,0.4379),
    }},
    {Time = 4.467, Data = {
      ["HumanoidRootPart"] = CFrame.new(0.0000,0.0000,0.0000,1.0000,0.0000,0.0000,0.0000,1.0000,0.0000,0.0000,0.0000,1.0000),
      ["LowerTorso"] = CFrame.new(0.0000,-0.8974,0.0000,1.0000,-0.0000,0.0000,0.0000,0.9331,0.3597,-0.0000,-0.3597,0.9331),
      ["UpperTorso"] = CFrame.new(0.0000,0.0000,0.0000,0.9431,-0.1547,0.2943,0.1155,0.9824,0.1465,-0.3118,-0.1042,0.9444),
      ["LeftUpperArm"] = CFrame.new(0.2028,-0.0438,0.0114,0.8707,-0.0134,-0.4917,-0.1167,0.9655,-0.2329,0.4778,0.2602,0.8391),
      ["LeftLowerArm"] = CFrame.new(-0.0005,-0.0001,0.0033,1.0000,-0.0000,0.0000,0.0000,0.6209,-0.7839,0.0000,0.7839,0.6209),
      ["LeftHand"] = CFrame.new(0.0000,0.0000,0.0000,0.9729,-0.2220,-0.0642,0.2229,0.9748,0.0069,0.0610,-0.0210,0.9979),
      ["Head"] = CFrame.new(0.0000,0.0000,0.0000,0.9431,0.2053,-0.2616,-0.1547,0.9672,0.2012,0.2943,-0.1493,0.9440),
      ["RightUpperArm"] = CFrame.new(-0.0177,-0.1403,0.0330,0.9089,-0.0490,-0.4141,0.2200,0.9000,0.3764,0.3542,-0.4332,0.8288),
      ["RightLowerArm"] = CFrame.new(0.0000,0.0000,0.0033,1.0000,-0.0000,0.0000,0.0000,0.5057,-0.8627,0.0000,0.8627,0.5057),
      ["RightHand"] = CFrame.new(0.0000,0.0000,0.0000,0.9955,0.0217,0.0925,-0.0380,0.9833,0.1779,-0.0871,-0.1806,0.9797),
      ["LeftUpperLeg"] = CFrame.new(0.0000,0.0000,0.0000,0.9678,0.2461,-0.0531,0.0233,-0.2977,-0.9544,-0.2507,0.9224,-0.2939),
      ["LeftLowerLeg"] = CFrame.new(0.0000,0.0002,-0.0029,1.0000,-0.0000,0.0000,0.0000,0.4389,0.8986,-0.0000,-0.8986,0.4389),
      ["LeftFoot"] = CFrame.new(0.0000,-0.0002,0.0000,0.9959,-0.0847,-0.0322,0.0906,0.9333,0.3475,0.0006,-0.3490,0.9371),
      ["RightUpperLeg"] = CFrame.new(-0.0406,0.3538,-0.3112,0.9333,-0.3052,-0.1893,0.1489,0.8084,-0.5694,0.3268,0.5032,0.8000),
      ["RightLowerLeg"] = CFrame.new(0.0000,0.0000,-0.0030,1.0000,-0.0000,0.0000,0.0000,0.1155,0.9933,-0.0000,-0.9933,0.1155),
      ["RightFoot"] = CFrame.new(0.0000,0.0000,0.0000,0.9575,0.2696,0.1027,-0.0314,0.4514,-0.8918,-0.2867,0.8506,0.4407),
    }},
    {Time = 4.500, Data = {
      ["HumanoidRootPart"] = CFrame.new(0.0000,0.0000,0.0000,1.0000,0.0000,0.0000,0.0000,1.0000,0.0000,0.0000,0.0000,1.0000),
      ["LowerTorso"] = CFrame.new(0.0000,-0.8945,0.0000,1.0000,-0.0000,0.0000,0.0000,0.9331,0.3597,-0.0000,-0.3597,0.9331),
      ["UpperTorso"] = CFrame.new(0.0000,0.0000,0.0000,0.9431,-0.1547,0.2943,0.1155,0.9824,0.1465,-0.3118,-0.1042,0.9444),
      ["LeftUpperArm"] = CFrame.new(0.2030,-0.0447,0.0109,0.8710,-0.0127,-0.4911,-0.1184,0.9648,-0.2349,0.4768,0.2627,0.8388),
      ["LeftLowerArm"] = CFrame.new(-0.0005,-0.0001,0.0033,1.0000,-0.0000,0.0000,0.0000,0.6252,-0.7805,0.0000,0.7805,0.6252),
      ["LeftHand"] = CFrame.new(0.0000,0.0000,0.0000,0.9733,-0.2228,-0.0548,0.2234,0.9747,0.0055,0.0522,-0.0176,0.9985),
      ["Head"] = CFrame.new(0.0000,0.0000,0.0000,0.9431,0.2042,-0.2625,-0.1547,0.9681,0.1970,0.2943,-0.1452,0.9446),
      ["RightUpperArm"] = CFrame.new(-0.0178,-0.1401,0.0331,0.9091,-0.0478,-0.4138,0.2195,0.8992,0.3784,0.3540,-0.4348,0.8280),
      ["RightLowerArm"] = CFrame.new(0.0000,0.0000,0.0033,1.0000,-0.0000,0.0000,0.0000,0.5169,-0.8561,0.0000,0.8561,0.5169),
      ["RightHand"] = CFrame.new(0.0000,0.0000,0.0000,0.9957,0.0177,0.0904,-0.0328,0.9851,0.1689,-0.0861,-0.1711,0.9815),
      ["LeftUpperLeg"] = CFrame.new(0.0000,0.0000,0.0000,0.9678,0.2463,-0.0519,0.0235,-0.2937,-0.9556,-0.2506,0.9236,-0.2901),
      ["LeftLowerLeg"] = CFrame.new(0.0000,0.0002,-0.0029,1.0000,-0.0000,0.0000,0.0000,0.4428,0.8966,-0.0000,-0.8966,0.4428),
      ["LeftFoot"] = CFrame.new(0.0000,-0.0002,0.0000,0.9959,-0.0846,-0.0322,0.0905,0.9334,0.3472,0.0007,-0.3487,0.9372),
      ["RightUpperLeg"] = CFrame.new(-0.0406,0.3538,-0.3112,0.9335,-0.3042,-0.1896,0.1483,0.8093,-0.5684,0.3264,0.5025,0.8006),
      ["RightLowerLeg"] = CFrame.new(0.0000,0.0000,-0.0030,1.0000,-0.0000,0.0000,0.0000,0.1196,0.9928,-0.0000,-0.9928,0.1196),
      ["RightFoot"] = CFrame.new(0.0000,0.0000,0.0000,0.9577,0.2688,0.1024,-0.0322,0.4539,-0.8905,-0.2859,0.8495,0.4434),
    }},
    {Time = 4.533, Data = {
      ["HumanoidRootPart"] = CFrame.new(0.0000,0.0000,0.0000,1.0000,0.0000,0.0000,0.0000,1.0000,0.0000,0.0000,0.0000,1.0000),
      ["LowerTorso"] = CFrame.new(0.0000,-0.8916,0.0000,1.0000,-0.0000,0.0000,0.0000,0.9331,0.3597,-0.0000,-0.3597,0.9331),
      ["UpperTorso"] = CFrame.new(0.0000,0.0000,0.0000,0.9431,-0.1547,0.2943,0.1155,0.9824,0.1465,-0.3118,-0.1042,0.9444),
      ["LeftUpperArm"] = CFrame.new(0.2031,-0.0455,0.0104,0.8713,-0.0120,-0.4906,-0.1201,0.9641,-0.2369,0.4759,0.2653,0.8386),
      ["LeftLowerArm"] = CFrame.new(-0.0005,-0.0001,0.0033,1.0000,-0.0000,0.0000,0.0000,0.6294,-0.7771,0.0000,0.7771,0.6294),
      ["LeftHand"] = CFrame.new(0.0000,0.0000,0.0000,0.9736,-0.2235,-0.0457,0.2239,0.9746,0.0042,0.0436,-0.0143,0.9989),
      ["Head"] = CFrame.new(0.0000,0.0000,0.0000,0.9431,0.2030,-0.2633,-0.1547,0.9689,0.1929,0.2943,-0.1412,0.9452),
      ["RightUpperArm"] = CFrame.new(-0.0179,-0.1398,0.0333,0.9093,-0.0471,-0.4134,0.2190,0.8990,0.3792,0.3538,-0.4353,0.8278),
      ["RightLowerArm"] = CFrame.new(0.0000,0.0000,0.0033,1.0000,-0.0000,0.0000,0.0000,0.5306,-0.8476,0.0000,0.8476,0.5306),
      ["RightHand"] = CFrame.new(0.0000,0.0000,0.0000,0.9960,0.0137,0.0884,-0.0278,0.9867,0.1601,-0.0850,-0.1619,0.9831),
      ["LeftUpperLeg"] = CFrame.new(0.0000,0.0000,0.0000,0.9678,0.2465,-0.0507,0.0237,-0.2899,-0.9568,-0.2505,0.9248,-0.2864),
      ["LeftLowerLeg"] = CFrame.new(0.0000,0.0002,-0.0029,1.0000,-0.0000,0.0000,0.0000,0.4466,0.8947,-0.0000,-0.8947,0.4466),
      ["LeftFoot"] = CFrame.new(0.0000,-0.0002,0.0000,0.9959,-0.0845,-0.0321,0.0904,0.9335,0.3470,0.0007,-0.3485,0.9373),
      ["RightUpperLeg"] = CFrame.new(-0.0406,0.3538,-0.3112,0.9338,-0.3033,-0.1900,0.1476,0.8101,-0.5674,0.3260,0.5018,0.8012),
      ["RightLowerLeg"] = CFrame.new(0.0000,0.0000,-0.0030,1.0000,-0.0000,0.0000,0.0000,0.1237,0.9923,-0.0000,-0.9923,0.1237),
      ["RightFoot"] = CFrame.new(0.0000,0.0000,0.0000,0.9579,0.2682,0.1022,-0.0329,0.4564,-0.8892,-0.2851,0.8484,0.4460),
    }},
    {Time = 4.567, Data = {
      ["HumanoidRootPart"] = CFrame.new(0.0000,0.0000,0.0000,1.0000,0.0000,0.0000,0.0000,1.0000,0.0000,0.0000,0.0000,1.0000),
      ["LowerTorso"] = CFrame.new(0.0000,-0.8889,0.0000,1.0000,-0.0000,0.0000,0.0000,0.9331,0.3597,-0.0000,-0.3597,0.9331),
      ["UpperTorso"] = CFrame.new(0.0000,0.0000,0.0000,0.9431,-0.1547,0.2943,0.1155,0.9824,0.1465,-0.3118,-0.1042,0.9444),
      ["LeftUpperArm"] = CFrame.new(0.2033,-0.0463,0.0099,0.8716,-0.0114,-0.4901,-0.1217,0.9634,-0.2388,0.4749,0.2678,0.8383),
      ["LeftLowerArm"] = CFrame.new(-0.0005,-0.0001,0.0033,1.0000,-0.0000,0.0000,0.0000,0.6335,-0.7737,0.0000,0.7737,0.6335),
      ["LeftHand"] = CFrame.new(0.0000,0.0000,0.0000,0.9739,-0.2242,-0.0369,0.2244,0.9745,0.0029,0.0353,-0.0111,0.9993),
      ["Head"] = CFrame.new(0.0000,0.0000,0.0000,0.9431,0.2019,-0.2642,-0.1547,0.9698,0.1888,0.2943,-0.1371,0.9458),
      ["RightUpperArm"] = CFrame.new(-0.0180,-0.1395,0.0334,0.9096,-0.0470,-0.4128,0.2185,0.8993,0.3789,0.3534,-0.4348,0.8283),
      ["RightLowerArm"] = CFrame.new(0.0000,0.0000,0.0033,1.0000,-0.0000,0.0000,0.0000,0.5467,-0.8373,0.0000,0.8373,0.5467),
      ["RightHand"] = CFrame.new(0.0000,0.0000,0.0000,0.9962,0.0099,0.0865,-0.0230,0.9882,0.1515,-0.0840,-0.1530,0.9847),
      ["LeftUpperLeg"] = CFrame.new(0.0000,0.0000,0.0000,0.9678,0.2466,-0.0495,0.0239,-0.2861,-0.9579,-0.2504,0.9259,-0.2828),
      ["LeftLowerLeg"] = CFrame.new(0.0000,0.0002,-0.0029,1.0000,-0.0000,0.0000,0.0000,0.4503,0.8929,-0.0000,-0.8929,0.4503),
      ["LeftFoot"] = CFrame.new(0.0000,-0.0002,0.0000,0.9959,-0.0844,-0.0321,0.0903,0.9336,0.3468,0.0007,-0.3483,0.9374),
      ["RightUpperLeg"] = CFrame.new(-0.0406,0.3538,-0.3112,0.9340,-0.3023,-0.1904,0.1470,0.8109,-0.5665,0.3256,0.5011,0.8018),
      ["RightLowerLeg"] = CFrame.new(0.0000,0.0000,-0.0030,1.0000,-0.0000,0.0000,0.0000,0.1276,0.9918,-0.0000,-0.9918,0.1276),
      ["RightFoot"] = CFrame.new(0.0000,0.0000,0.0000,0.9582,0.2675,0.1019,-0.0336,0.4588,-0.8879,-0.2842,0.8473,0.4486),
    }},
    {Time = 4.600, Data = {
      ["HumanoidRootPart"] = CFrame.new(0.0000,0.0000,0.0000,1.0000,0.0000,0.0000,0.0000,1.0000,0.0000,0.0000,0.0000,1.0000),
      ["LowerTorso"] = CFrame.new(0.0000,-0.8863,0.0000,1.0000,-0.0000,0.0000,0.0000,0.9331,0.3597,-0.0000,-0.3597,0.9331),
      ["UpperTorso"] = CFrame.new(0.0000,0.0000,0.0000,0.9431,-0.1547,0.2943,0.1155,0.9824,0.1465,-0.3118,-0.1042,0.9444),
      ["LeftUpperArm"] = CFrame.new(0.2034,-0.0471,0.0095,0.8718,-0.0109,-0.4897,-0.1232,0.9627,-0.2407,0.4740,0.2702,0.8380),
      ["LeftLowerArm"] = CFrame.new(-0.0005,-0.0001,0.0033,1.0000,-0.0000,0.0000,0.0000,0.6374,-0.7705,0.0000,0.7705,0.6374),
      ["LeftHand"] = CFrame.new(0.0000,0.0000,0.0000,0.9740,-0.2248,-0.0284,0.2249,0.9744,0.0017,0.0273,-0.0081,0.9996),
      ["Head"] = CFrame.new(0.0000,0.0000,0.0000,0.9431,0.2008,-0.2650,-0.1547,0.9705,0.1847,0.2943,-0.1332,0.9464),
      ["RightUpperArm"] = CFrame.new(-0.0181,-0.1392,0.0336,0.9099,-0.0472,-0.4122,0.2177,0.9000,0.3775,0.3532,-0.4332,0.8292),
      ["RightLowerArm"] = CFrame.new(0.0000,0.0000,0.0033,1.0000,-0.0000,0.0000,0.0000,0.5649,-0.8252,0.0000,0.8252,0.5649),
      ["RightHand"] = CFrame.new(0.0000,0.0000,0.0000,0.9964,0.0062,0.0847,-0.0183,0.9895,0.1433,-0.0829,-0.1444,0.9860),
      ["LeftUpperLeg"] = CFrame.new(0.0000,0.0000,0.0000,0.9679,0.2468,-0.0483,0.0241,-0.2825,-0.9590,-0.2503,0.9270,-0.2793),
      ["LeftLowerLeg"] = CFrame.new(0.0000,0.0002,-0.0029,1.0000,-0.0000,0.0000,0.0000,0.4539,0.8910,-0.0000,-0.8910,0.4539),
      ["LeftFoot"] = CFrame.new(0.0000,-0.0002,0.0000,0.9959,-0.0843,-0.0321,0.0901,0.9337,0.3466,0.0007,-0.3481,0.9375),
      ["RightUpperLeg"] = CFrame.new(-0.0406,0.3538,-0.3112,0.9342,-0.3015,-0.1907,0.1465,0.8116,-0.5655,0.3253,0.5004,0.8024),
      ["RightLowerLeg"] = CFrame.new(0.0000,0.0000,-0.0030,1.0000,-0.0000,0.0000,0.0000,0.1314,0.9913,-0.0000,-0.9913,0.1314),
      ["RightFoot"] = CFrame.new(0.0000,0.0000,0.0000,0.9584,0.2668,0.1017,-0.0343,0.4610,-0.8867,-0.2835,0.8463,0.4510),
    }},
    {Time = 4.633, Data = {
      ["HumanoidRootPart"] = CFrame.new(0.0000,0.0000,0.0000,1.0000,0.0000,0.0000,0.0000,1.0000,0.0000,0.0000,0.0000,1.0000),
      ["LowerTorso"] = CFrame.new(0.0000,-0.8838,0.0000,1.0000,-0.0000,0.0000,0.0000,0.9331,0.3597,-0.0000,-0.3597,0.9331),
      ["UpperTorso"] = CFrame.new(0.0000,0.0000,0.0000,0.9431,-0.1547,0.2943,0.1155,0.9824,0.1465,-0.3118,-0.1042,0.9444),
      ["LeftUpperArm"] = CFrame.new(0.2035,-0.0478,0.0091,0.8721,-0.0103,-0.4892,-0.1247,0.9621,-0.2426,0.4732,0.2725,0.8378),
      ["LeftLowerArm"] = CFrame.new(-0.0005,-0.0001,0.0033,1.0000,-0.0000,0.0000,0.0000,0.6412,-0.7674,0.0000,0.7674,0.6412),
      ["LeftHand"] = CFrame.new(0.0000,0.0000,0.0000,0.9741,-0.2253,-0.0203,0.2254,0.9743,0.0006,0.0196,-0.0051,0.9998),
      ["Head"] = CFrame.new(0.0000,0.0000,0.0000,0.9431,0.1997,-0.2659,-0.1547,0.9713,0.1806,0.2943,-0.1292,0.9469),
      ["RightUpperArm"] = CFrame.new(-0.0183,-0.1388,0.0337,0.9102,-0.0480,-0.4115,0.2171,0.9012,0.3750,0.3528,-0.4307,0.8307),
      ["RightLowerArm"] = CFrame.new(0.0000,0.0000,0.0033,1.0000,-0.0000,0.0000,0.0000,0.5848,-0.8112,0.0000,0.8112,0.5848),
      ["RightHand"] = CFrame.new(0.0000,0.0000,0.0000,0.9965,0.0026,0.0830,-0.0139,0.9907,0.1355,-0.0819,-0.1362,0.9873),
      ["LeftUpperLeg"] = CFrame.new(0.0000,0.0000,0.0000,0.9679,0.2470,-0.0473,0.0243,-0.2790,-0.9600,-0.2503,0.9280,-0.2760),
      ["LeftLowerLeg"] = CFrame.new(0.0000,0.0002,-0.0029,1.0000,-0.0000,0.0000,0.0000,0.4573,0.8893,-0.0000,-0.8893,0.4573),
      ["LeftFoot"] = CFrame.new(0.0000,-0.0002,0.0000,0.9959,-0.0842,-0.0320,0.0900,0.9337,0.3464,0.0007,-0.3479,0.9375),
      ["RightUpperLeg"] = CFrame.new(-0.0406,0.3538,-0.3112,0.9344,-0.3006,-0.1910,0.1459,0.8124,-0.5646,0.3249,0.4997,0.8029),
      ["RightLowerLeg"] = CFrame.new(0.0000,0.0000,-0.0030,1.0000,-0.0000,0.0000,0.0000,0.1351,0.9908,-0.0000,-0.9908,0.1351),
      ["RightFoot"] = CFrame.new(0.0000,0.0000,0.0000,0.9586,0.2662,0.1014,-0.0350,0.4632,-0.8856,-0.2827,0.8453,0.4533),
    }},
    {Time = 4.667, Data = {
      ["HumanoidRootPart"] = CFrame.new(0.0000,0.0000,0.0000,1.0000,0.0000,0.0000,0.0000,1.0000,0.0000,0.0000,0.0000,1.0000),
      ["LowerTorso"] = CFrame.new(0.0000,-0.8814,0.0000,1.0000,-0.0000,0.0000,0.0000,0.9331,0.3597,-0.0000,-0.3597,0.9331),
      ["UpperTorso"] = CFrame.new(0.0000,0.0000,0.0000,0.9431,-0.1547,0.2943,0.1155,0.9824,0.1465,-0.3118,-0.1042,0.9444),
      ["LeftUpperArm"] = CFrame.new(0.2037,-0.0485,0.0087,0.8723,-0.0099,-0.4888,-0.1260,0.9615,-0.2443,0.4724,0.2747,0.8375),
      ["LeftLowerArm"] = CFrame.new(-0.0005,-0.0001,0.0033,1.0000,-0.0000,0.0000,0.0000,0.6448,-0.7644,0.0000,0.7644,0.6448),
      ["LeftHand"] = CFrame.new(0.0000,0.0000,0.0000,0.9741,-0.2258,-0.0127,0.2258,0.9742,-0.0005,0.0124,-0.0024,0.9999),
      ["Head"] = CFrame.new(0.0000,0.0000,0.0000,0.9431,0.1986,-0.2667,-0.1547,0.9720,0.1766,0.2943,-0.1252,0.9475),
      ["RightUpperArm"] = CFrame.new(-0.0184,-0.1385,0.0339,0.9105,-0.0492,-0.4106,0.2163,0.9028,0.3716,0.3525,-0.4272,0.8326),
      ["RightLowerArm"] = CFrame.new(0.0000,0.0000,0.0033,1.0000,-0.0000,0.0000,0.0000,0.6062,-0.7953,0.0000,0.7953,0.6062),
      ["RightHand"] = CFrame.new(0.0000,0.0000,0.0000,0.9967,-0.0007,0.0814,-0.0097,0.9917,0.1281,-0.0809,-0.1285,0.9884),
      ["LeftUpperLeg"] = CFrame.new(0.0000,0.0000,0.0000,0.9679,0.2471,-0.0462,0.0245,-0.2757,-0.9609,-0.2502,0.9289,-0.2729),
      ["LeftLowerLeg"] = CFrame.new(0.0000,0.0002,-0.0029,1.0000,-0.0000,0.0000,0.0000,0.4606,0.8876,-0.0000,-0.8876,0.4606),
      ["LeftFoot"] = CFrame.new(0.0000,-0.0002,0.0000,0.9959,-0.0841,-0.0320,0.0900,0.9338,0.3463,0.0008,-0.3478,0.9376),
      ["RightUpperLeg"] = CFrame.new(-0.0406,0.3538,-0.3112,0.9346,-0.2998,-0.1913,0.1454,0.8130,-0.5638,0.3246,0.4991,0.8035),
      ["RightLowerLeg"] = CFrame.new(0.0000,0.0000,-0.0030,1.0000,-0.0000,0.0000,0.0000,0.1385,0.9904,-0.0000,-0.9904,0.1385),
      ["RightFoot"] = CFrame.new(0.0000,0.0000,0.0000,0.9587,0.2657,0.1012,-0.0356,0.4653,-0.8844,-0.2820,0.8444,0.4555),
    }},
    {Time = 4.700, Data = {
      ["HumanoidRootPart"] = CFrame.new(0.0000,0.0000,0.0000,1.0000,0.0000,0.0000,0.0000,1.0000,0.0000,0.0000,0.0000,1.0000),
      ["LowerTorso"] = CFrame.new(0.0000,-0.8792,0.0000,1.0000,-0.0000,0.0000,0.0000,0.9331,0.3597,-0.0000,-0.3597,0.9331),
      ["UpperTorso"] = CFrame.new(0.0000,0.0000,0.0000,0.9431,-0.1547,0.2943,0.1155,0.9824,0.1465,-0.3118,-0.1042,0.9444),
      ["LeftUpperArm"] = CFrame.new(0.2038,-0.0491,0.0083,0.8726,-0.0094,-0.4884,-0.1273,0.9609,-0.2460,0.4716,0.2768,0.8372),
      ["LeftLowerArm"] = CFrame.new(-0.0005,-0.0001,0.0033,1.0000,-0.0000,0.0000,0.0000,0.6481,-0.7615,0.0000,0.7615,0.6481),
      ["LeftHand"] = CFrame.new(0.0000,0.0000,0.0000,0.9740,-0.2263,-0.0055,0.2263,0.9741,-0.0015,0.0057,0.0002,1.0000),
      ["Head"] = CFrame.new(0.0000,0.0000,0.0000,0.9431,0.1975,-0.2675,-0.1547,0.9728,0.1725,0.2943,-0.1213,0.9480),
      ["RightUpperArm"] = CFrame.new(-0.0186,-0.1381,0.0341,0.9108,-0.0508,-0.4098,0.2156,0.9048,0.3672,0.3521,-0.4228,0.8350),
      ["RightLowerArm"] = CFrame.new(0.0000,0.0000,0.0033,1.0000,-0.0000,0.0000,0.0000,0.6288,-0.7775,0.0000,0.7775,0.6288),
      ["RightHand"] = CFrame.new(0.0000,0.0000,0.0000,0.9968,-0.0039,0.0800,-0.0059,0.9926,0.1212,-0.0799,-0.1213,0.9894),
      ["LeftUpperLeg"] = CFrame.new(0.0000,0.0000,0.0000,0.9679,0.2472,-0.0453,0.0246,-0.2726,-0.9618,-0.2501,0.9298,-0.2700),
      ["LeftLowerLeg"] = CFrame.new(0.0000,0.0002,-0.0029,1.0000,-0.0000,0.0000,0.0000,0.4636,0.8860,-0.0000,-0.8860,0.4636),
      ["LeftFoot"] = CFrame.new(0.0000,-0.0002,0.0000,0.9960,-0.0840,-0.0320,0.0899,0.9339,0.3462,0.0008,-0.3476,0.9376),
      ["RightUpperLeg"] = CFrame.new(-0.0406,0.3538,-0.3112,0.9348,-0.2991,-0.1916,0.1449,0.8137,-0.5630,0.3243,0.4985,0.8040),
      ["RightLowerLeg"] = CFrame.new(0.0000,0.0000,-0.0030,1.0000,-0.0000,0.0000,0.0000,0.1417,0.9899,-0.0000,-0.9899,0.1417),
      ["RightFoot"] = CFrame.new(0.0000,0.0000,0.0000,0.9589,0.2651,0.1010,-0.0361,0.4672,-0.8834,-0.2814,0.8435,0.4576),
    }},
    {Time = 4.733, Data = {
      ["HumanoidRootPart"] = CFrame.new(0.0000,0.0000,0.0000,1.0000,0.0000,0.0000,0.0000,1.0000,0.0000,0.0000,0.0000,1.0000),
      ["LowerTorso"] = CFrame.new(0.0000,-0.8772,0.0000,1.0000,-0.0000,0.0000,0.0000,0.9331,0.3597,-0.0000,-0.3597,0.9331),
      ["UpperTorso"] = CFrame.new(0.0000,0.0000,0.0000,0.9431,-0.1547,0.2943,0.1155,0.9824,0.1465,-0.3118,-0.1042,0.9444),
      ["LeftUpperArm"] = CFrame.new(0.2039,-0.0497,0.0079,0.8728,-0.0090,-0.4881,-0.1285,0.9603,-0.2475,0.4709,0.2787,0.8370),
      ["LeftLowerArm"] = CFrame.new(-0.0005,-0.0001,0.0033,1.0000,-0.0000,0.0000,0.0000,0.6512,-0.7589,0.0000,0.7589,0.6512),
      ["LeftHand"] = CFrame.new(0.0000,0.0000,0.0000,0.9740,-0.2267,0.0010,0.2267,0.9740,-0.0024,-0.0004,0.0026,1.0000),
      ["Head"] = CFrame.new(0.0000,0.0000,0.0000,0.9431,0.1964,-0.2684,-0.1547,0.9735,0.1685,0.2943,-0.1173,0.9485),
      ["RightUpperArm"] = CFrame.new(-0.0188,-0.1378,0.0343,0.9111,-0.0527,-0.4088,0.2149,0.9071,0.3619,0.3518,-0.4176,0.8378),
      ["RightLowerArm"] = CFrame.new(0.0000,0.0000,0.0033,1.0000,-0.0000,0.0000,0.0000,0.6522,-0.7581,0.0000,0.7581,0.6522),
      ["RightHand"] = CFrame.new(0.0000,0.0000,0.0000,0.9969,-0.0068,0.0787,-0.0023,0.9934,0.1148,-0.0790,-0.1146,0.9903),
      ["LeftUpperLeg"] = CFrame.new(0.0000,0.0000,0.0000,0.9679,0.2473,-0.0444,0.0248,-0.2698,-0.9626,-0.2501,0.9306,-0.2673),
      ["LeftLowerLeg"] = CFrame.new(0.0000,0.0002,-0.0029,1.0000,-0.0000,0.0000,0.0000,0.4664,0.8846,-0.0000,-0.8846,0.4664),
      ["LeftFoot"] = CFrame.new(0.0000,-0.0002,0.0000,0.9960,-0.0839,-0.0319,0.0898,0.9339,0.3461,0.0008,-0.3475,0.9377),
      ["RightUpperLeg"] = CFrame.new(-0.0406,0.3538,-0.3112,0.9350,-0.2984,-0.1919,0.1445,0.8143,-0.5622,0.3240,0.4979,0.8044),
      ["RightLowerLeg"] = CFrame.new(0.0000,0.0000,-0.0030,1.0000,-0.0000,0.0000,0.0000,0.1447,0.9895,-0.0000,-0.9895,0.1447),
      ["RightFoot"] = CFrame.new(0.0000,0.0000,0.0000,0.9591,0.2646,0.1008,-0.0366,0.4690,-0.8825,-0.2808,0.8426,0.4595),
    }},
    {Time = 4.767, Data = {
      ["HumanoidRootPart"] = CFrame.new(0.0000,0.0000,0.0000,1.0000,0.0000,0.0000,0.0000,1.0000,0.0000,0.0000,0.0000,1.0000),
      ["LowerTorso"] = CFrame.new(0.0000,-0.8753,0.0000,1.0000,-0.0000,0.0000,0.0000,0.9331,0.3597,-0.0000,-0.3597,0.9331),
      ["UpperTorso"] = CFrame.new(0.0000,0.0000,0.0000,0.9431,-0.1547,0.2943,0.1155,0.9824,0.1465,-0.3118,-0.1042,0.9444),
      ["LeftUpperArm"] = CFrame.new(0.2040,-0.0502,0.0076,0.8729,-0.0087,-0.4877,-0.1295,0.9598,-0.2489,0.4703,0.2804,0.8368),
      ["LeftLowerArm"] = CFrame.new(-0.0005,-0.0001,0.0033,1.0000,-0.0000,0.0000,0.0000,0.6540,-0.7565,0.0000,0.7565,0.6540),
      ["LeftHand"] = CFrame.new(0.0000,0.0000,0.0000,0.9739,-0.2270,0.0069,0.2270,0.9739,-0.0032,-0.0060,0.0047,1.0000),
      ["Head"] = CFrame.new(0.0000,0.0000,0.0000,0.9431,0.1952,-0.2692,-0.1547,0.9742,0.1644,0.2943,-0.1134,0.9490),
      ["RightUpperArm"] = CFrame.new(-0.0189,-0.1374,0.0345,0.9114,-0.0550,-0.4078,0.2142,0.9096,0.3559,0.3514,-0.4117,0.8408),
      ["RightLowerArm"] = CFrame.new(0.0000,0.0000,0.0033,1.0000,-0.0000,0.0000,0.0000,0.6760,-0.7369,0.0000,0.7369,0.6760),
      ["RightHand"] = CFrame.new(0.0000,0.0000,0.0000,0.9969,-0.0094,0.0776,0.0009,0.9940,0.1090,-0.0781,-0.1086,0.9910),
      ["LeftUpperLeg"] = CFrame.new(0.0000,0.0000,0.0000,0.9679,0.2474,-0.0436,0.0249,-0.2672,-0.9633,-0.2500,0.9313,-0.2648),
      ["LeftLowerLeg"] = CFrame.new(0.0000,0.0002,-0.0029,1.0000,-0.0000,0.0000,0.0000,0.4690,0.8832,-0.0000,-0.8832,0.4690),
      ["LeftFoot"] = CFrame.new(0.0000,-0.0002,0.0000,0.9960,-0.0839,-0.0319,0.0897,0.9339,0.3460,0.0008,-0.3474,0.9377),
      ["RightUpperLeg"] = CFrame.new(-0.0406,0.3538,-0.3112,0.9351,-0.2978,-0.1921,0.1441,0.8148,-0.5615,0.3238,0.4974,0.8048),
      ["RightLowerLeg"] = CFrame.new(0.0000,0.0000,-0.0030,1.0000,-0.0000,0.0000,0.0000,0.1473,0.9891,-0.0000,-0.9891,0.1473),
      ["RightFoot"] = CFrame.new(0.0000,0.0000,0.0000,0.9592,0.2642,0.1006,-0.0371,0.4706,-0.8816,-0.2803,0.8419,0.4612),
    }},
    {Time = 4.800, Data = {
      ["HumanoidRootPart"] = CFrame.new(0.0000,0.0000,0.0000,1.0000,0.0000,0.0000,0.0000,1.0000,0.0000,0.0000,0.0000,1.0000),
      ["LowerTorso"] = CFrame.new(0.0000,-0.8737,0.0000,1.0000,-0.0000,0.0000,0.0000,0.9331,0.3597,-0.0000,-0.3597,0.9331),
      ["UpperTorso"] = CFrame.new(0.0000,0.0000,0.0000,0.9431,-0.1547,0.2943,0.1155,0.9824,0.1465,-0.3118,-0.1042,0.9444),
      ["LeftUpperArm"] = CFrame.new(0.2040,-0.0507,0.0073,0.8731,-0.0084,-0.4875,-0.1304,0.9594,-0.2501,0.4698,0.2820,0.8366),
      ["LeftLowerArm"] = CFrame.new(-0.0005,-0.0001,0.0033,1.0000,-0.0000,0.0000,0.0000,0.6565,-0.7543,0.0000,0.7543,0.6565),
      ["LeftHand"] = CFrame.new(0.0000,0.0000,0.0000,0.9737,-0.2273,0.0121,0.2274,0.9738,-0.0040,-0.0109,0.0066,0.9999),
      ["Head"] = CFrame.new(0.0000,0.0000,0.0000,0.9431,0.1941,-0.2700,-0.1547,0.9749,0.1603,0.2943,-0.1094,0.9494),
      ["RightUpperArm"] = CFrame.new(-0.0190,-0.1371,0.0346,0.9117,-0.0576,-0.4068,0.2135,0.9124,0.3493,0.3511,-0.4053,0.8441),
      ["RightLowerArm"] = CFrame.new(0.0000,0.0000,0.0033,1.0000,-0.0000,0.0000,0.0000,0.6999,-0.7142,0.0000,0.7142,0.6999),
      ["RightHand"] = CFrame.new(0.0000,0.0000,0.0000,0.9970,-0.0118,0.0765,0.0038,0.9946,0.1039,-0.0773,-0.1033,0.9916),
      ["LeftUpperLeg"] = CFrame.new(0.0000,0.0000,0.0000,0.9679,0.2475,-0.0429,0.0250,-0.2650,-0.9639,-0.2499,0.9320,-0.2627),
      ["LeftLowerLeg"] = CFrame.new(0.0000,0.0002,-0.0029,1.0000,-0.0000,0.0000,0.0000,0.4712,0.8820,-0.0000,-0.8820,0.4712),
      ["LeftFoot"] = CFrame.new(0.0000,-0.0002,0.0000,0.9960,-0.0838,-0.0319,0.0897,0.9340,0.3459,0.0008,-0.3474,0.9377),
      ["RightUpperLeg"] = CFrame.new(-0.0406,0.3538,-0.3112,0.9352,-0.2972,-0.1923,0.1437,0.8153,-0.5609,0.3235,0.4970,0.8052),
      ["RightLowerLeg"] = CFrame.new(0.0000,0.0000,-0.0030,1.0000,-0.0000,0.0000,0.0000,0.1497,0.9887,-0.0000,-0.9887,0.1497),
      ["RightFoot"] = CFrame.new(0.0000,0.0000,0.0000,0.9593,0.2638,0.1005,-0.0375,0.4720,-0.8808,-0.2798,0.8412,0.4627),
    }},
    {Time = 4.833, Data = {
      ["HumanoidRootPart"] = CFrame.new(0.0000,0.0000,0.0000,1.0000,0.0000,0.0000,0.0000,1.0000,0.0000,0.0000,0.0000,1.0000),
      ["LowerTorso"] = CFrame.new(0.0000,-0.8723,0.0000,1.0000,-0.0000,0.0000,0.0000,0.9331,0.3597,-0.0000,-0.3597,0.9331),
      ["UpperTorso"] = CFrame.new(0.0000,0.0000,0.0000,0.9431,-0.1547,0.2943,0.1155,0.9824,0.1465,-0.3118,-0.1042,0.9444),
      ["LeftUpperArm"] = CFrame.new(0.2041,-0.0511,0.0071,0.8732,-0.0081,-0.4872,-0.1312,0.9590,-0.2512,0.4693,0.2833,0.8364),
      ["LeftLowerArm"] = CFrame.new(-0.0005,-0.0001,0.0033,1.0000,-0.0000,0.0000,0.0000,0.6587,-0.7524,0.0000,0.7524,0.6587),
      ["LeftHand"] = CFrame.new(0.0000,0.0000,0.0000,0.9736,-0.2276,0.0166,0.2277,0.9737,-0.0046,-0.0152,0.0083,0.9999),
      ["Head"] = CFrame.new(0.0000,0.0000,0.0000,0.9431,0.1930,-0.2708,-0.1547,0.9755,0.1562,0.2943,-0.1054,0.9499),
      ["RightUpperArm"] = CFrame.new(-0.0192,-0.1367,0.0348,0.9120,-0.0604,-0.4058,0.2128,0.9152,0.3421,0.3508,-0.3984,0.8475),
      ["RightLowerArm"] = CFrame.new(0.0000,0.0000,0.0033,1.0000,-0.0000,0.0000,0.0000,0.7236,-0.6902,0.0000,0.6902,0.7236),
      ["RightHand"] = CFrame.new(0.0000,0.0000,0.0000,0.9970,-0.0138,0.0757,0.0062,0.9950,0.0995,-0.0767,-0.0988,0.9922),
      ["LeftUpperLeg"] = CFrame.new(0.0000,0.0000,0.0000,0.9679,0.2476,-0.0423,0.0251,-0.2630,-0.9645,-0.2499,0.9325,-0.2608),
      ["LeftLowerLeg"] = CFrame.new(0.0000,0.0002,-0.0029,1.0000,-0.0000,0.0000,0.0000,0.4732,0.8810,-0.0000,-0.8810,0.4732),
      ["LeftFoot"] = CFrame.new(0.0000,-0.0002,0.0000,0.9960,-0.0837,-0.0319,0.0896,0.9340,0.3458,0.0008,-0.3473,0.9378),
      ["RightUpperLeg"] = CFrame.new(-0.0406,0.3538,-0.3112,0.9353,-0.2968,-0.1925,0.1435,0.8157,-0.5604,0.3233,0.4966,0.8055),
      ["RightLowerLeg"] = CFrame.new(0.0000,0.0000,-0.0030,1.0000,-0.0000,0.0000,0.0000,0.1518,0.9884,-0.0000,-0.9884,0.1518),
      ["RightFoot"] = CFrame.new(0.0000,0.0000,0.0000,0.9594,0.2635,0.1004,-0.0379,0.4732,-0.8801,-0.2794,0.8406,0.4640),
    }},
    {Time = 4.867, Data = {
      ["HumanoidRootPart"] = CFrame.new(0.0000,0.0000,0.0000,1.0000,0.0000,0.0000,0.0000,1.0000,0.0000,0.0000,0.0000,1.0000),
      ["LowerTorso"] = CFrame.new(0.0000,-0.8712,0.0000,1.0000,-0.0000,0.0000,0.0000,0.9331,0.3597,-0.0000,-0.3597,0.9331),
      ["UpperTorso"] = CFrame.new(0.0000,0.0000,0.0000,0.9431,-0.1547,0.2943,0.1155,0.9824,0.1465,-0.3118,-0.1042,0.9444),
      ["LeftUpperArm"] = CFrame.new(0.2041,-0.0514,0.0069,0.8734,-0.0079,-0.4870,-0.1319,0.9587,-0.2521,0.4689,0.2844,0.8362),
      ["LeftLowerArm"] = CFrame.new(-0.0005,-0.0001,0.0033,1.0000,-0.0000,0.0000,0.0000,0.6604,-0.7509,0.0000,0.7509,0.6604),
      ["LeftHand"] = CFrame.new(0.0000,0.0000,0.0000,0.9735,-0.2278,0.0204,0.2279,0.9737,-0.0051,-0.0187,0.0096,0.9998),
      ["Head"] = CFrame.new(0.0000,0.0000,0.0000,0.9431,0.1918,-0.2716,-0.1547,0.9762,0.1520,0.2943,-0.1013,0.9503),
      ["RightUpperArm"] = CFrame.new(-0.0193,-0.1364,0.0349,0.9122,-0.0633,-0.4048,0.2122,0.9181,0.3347,0.3505,-0.3912,0.8509),
      ["RightLowerArm"] = CFrame.new(0.0000,0.0000,0.0033,1.0000,-0.0000,0.0000,0.0000,0.7466,-0.6653,0.0000,0.6653,0.7466),
      ["RightHand"] = CFrame.new(0.0000,0.0000,0.0000,0.9971,-0.0154,0.0750,0.0082,0.9954,0.0959,-0.0761,-0.0950,0.9926),
      ["LeftUpperLeg"] = CFrame.new(0.0000,0.0000,0.0000,0.9680,0.2476,-0.0418,0.0252,-0.2614,-0.9649,-0.2499,0.9329,-0.2592),
      ["LeftLowerLeg"] = CFrame.new(0.0000,0.0002,-0.0029,1.0000,-0.0000,0.0000,0.0000,0.4748,0.8801,-0.0000,-0.8801,0.4748),
      ["LeftFoot"] = CFrame.new(0.0000,-0.0002,0.0000,0.9960,-0.0837,-0.0318,0.0896,0.9340,0.3458,0.0008,-0.3473,0.9378),
      ["RightUpperLeg"] = CFrame.new(-0.0406,0.3538,-0.3112,0.9354,-0.2964,-0.1927,0.1432,0.8160,-0.5600,0.3232,0.4962,0.8058),
      ["RightLowerLeg"] = CFrame.new(0.0000,0.0000,-0.0030,1.0000,-0.0000,0.0000,0.0000,0.1534,0.9882,-0.0000,-0.9882,0.1534),
      ["RightFoot"] = CFrame.new(0.0000,0.0000,0.0000,0.9595,0.2632,0.1003,-0.0382,0.4742,-0.8796,-0.2791,0.8402,0.4650),
    }},
    {Time = 4.900, Data = {
      ["HumanoidRootPart"] = CFrame.new(0.0000,0.0000,0.0000,1.0000,0.0000,0.0000,0.0000,1.0000,0.0000,0.0000,0.0000,1.0000),
      ["LowerTorso"] = CFrame.new(0.0000,-0.8703,0.0000,1.0000,-0.0000,0.0000,0.0000,0.9331,0.3597,-0.0000,-0.3597,0.9331),
      ["UpperTorso"] = CFrame.new(0.0000,0.0000,0.0000,0.9431,-0.1547,0.2943,0.1155,0.9824,0.1465,-0.3118,-0.1042,0.9444),
      ["LeftUpperArm"] = CFrame.new(0.2042,-0.0517,0.0068,0.8734,-0.0077,-0.4869,-0.1324,0.9584,-0.2528,0.4686,0.2852,0.8361),
      ["LeftLowerArm"] = CFrame.new(-0.0005,-0.0001,0.0033,1.0000,-0.0000,0.0000,0.0000,0.6618,-0.7497,0.0000,0.7497,0.6618),
      ["LeftHand"] = CFrame.new(0.0000,0.0000,0.0000,0.9734,-0.2279,0.0232,0.2281,0.9736,-0.0055,-0.0214,0.0107,0.9997),
      ["Head"] = CFrame.new(0.0000,0.0000,0.0000,0.9431,0.1906,-0.2724,-0.1547,0.9768,0.1478,0.2943,-0.0973,0.9507),
      ["RightUpperArm"] = CFrame.new(-0.0194,-0.1362,0.0351,0.9124,-0.0662,-0.4038,0.2117,0.9209,0.3273,0.3502,-0.3841,0.8543),
      ["RightLowerArm"] = CFrame.new(0.0000,0.0000,0.0033,1.0000,-0.0000,0.0000,0.0000,0.7684,-0.6399,0.0000,0.6399,0.7684),
      ["RightHand"] = CFrame.new(0.0000,0.0000,0.0000,0.9971,-0.0167,0.0744,0.0097,0.9956,0.0931,-0.0757,-0.0921,0.9929),
      ["LeftUpperLeg"] = CFrame.new(0.0000,0.0000,0.0000,0.9680,0.2477,-0.0414,0.0253,-0.2601,-0.9652,-0.2498,0.9333,-0.2581),
      ["LeftLowerLeg"] = CFrame.new(0.0000,0.0002,-0.0029,1.0000,-0.0000,0.0000,0.0000,0.4760,0.8794,-0.0000,-0.8794,0.4760),
      ["LeftFoot"] = CFrame.new(0.0000,-0.0002,0.0000,0.9960,-0.0837,-0.0318,0.0895,0.9340,0.3458,0.0008,-0.3473,0.9378),
      ["RightUpperLeg"] = CFrame.new(-0.0406,0.3538,-0.3112,0.9355,-0.2961,-0.1928,0.1430,0.8163,-0.5596,0.3231,0.4960,0.8060),
      ["RightLowerLeg"] = CFrame.new(0.0000,0.0000,-0.0030,1.0000,-0.0000,0.0000,0.0000,0.1548,0.9880,-0.0000,-0.9880,0.1548),
      ["RightFoot"] = CFrame.new(0.0000,0.0000,0.0000,0.9596,0.2630,0.1002,-0.0384,0.4750,-0.8792,-0.2788,0.8398,0.4659),
    }},
    {Time = 4.933, Data = {
      ["HumanoidRootPart"] = CFrame.new(0.0000,0.0000,0.0000,1.0000,0.0000,0.0000,0.0000,1.0000,0.0000,0.0000,0.0000,1.0000),
      ["LowerTorso"] = CFrame.new(0.0000,-0.8697,0.0000,1.0000,-0.0000,0.0000,0.0000,0.9331,0.3597,-0.0000,-0.3597,0.9331),
      ["UpperTorso"] = CFrame.new(0.0000,0.0000,0.0000,0.9431,-0.1547,0.2943,0.1155,0.9824,0.1465,-0.3118,-0.1042,0.9444),
      ["LeftUpperArm"] = CFrame.new(0.2042,-0.0518,0.0067,0.8735,-0.0076,-0.4868,-0.1328,0.9583,-0.2532,0.4684,0.2858,0.8360),
      ["LeftLowerArm"] = CFrame.new(-0.0005,-0.0001,0.0033,1.0000,-0.0000,0.0000,0.0000,0.6628,-0.7488,0.0000,0.7488,0.6628),
      ["LeftHand"] = CFrame.new(0.0000,0.0000,0.0000,0.9733,-0.2280,0.0252,0.2282,0.9736,-0.0058,-0.0232,0.0114,0.9997),
      ["Head"] = CFrame.new(0.0000,0.0000,0.0000,0.9431,0.1895,-0.2733,-0.1547,0.9775,0.1436,0.2943,-0.0931,0.9512),
      ["RightUpperArm"] = CFrame.new(-0.0195,-0.1359,0.0352,0.9126,-0.0691,-0.4029,0.2112,0.9236,0.3200,0.3500,-0.3772,0.8575),
      ["RightLowerArm"] = CFrame.new(0.0000,0.0000,0.0033,1.0000,-0.0000,0.0000,0.0000,0.7889,-0.6146,0.0000,0.6146,0.7889),
      ["RightHand"] = CFrame.new(0.0000,0.0000,0.0000,0.9971,-0.0176,0.0741,0.0108,0.9958,0.0912,-0.0754,-0.0901,0.9931),
      ["LeftUpperLeg"] = CFrame.new(0.0000,0.0000,0.0000,0.9680,0.2477,-0.0411,0.0253,-0.2593,-0.9655,-0.2498,0.9335,-0.2572),
      ["LeftLowerLeg"] = CFrame.new(0.0000,0.0002,-0.0029,1.0000,-0.0000,0.0000,0.0000,0.4769,0.8790,-0.0000,-0.8790,0.4769),
      ["LeftFoot"] = CFrame.new(0.0000,-0.0002,0.0000,0.9960,-0.0837,-0.0318,0.0895,0.9340,0.3458,0.0008,-0.3473,0.9378),
      ["RightUpperLeg"] = CFrame.new(-0.0406,0.3538,-0.3112,0.9356,-0.2959,-0.1929,0.1429,0.8165,-0.5594,0.3230,0.4958,0.8061),
      ["RightLowerLeg"] = CFrame.new(0.0000,0.0000,-0.0030,1.0000,-0.0000,0.0000,0.0000,0.1556,0.9878,-0.0000,-0.9878,0.1556),
      ["RightFoot"] = CFrame.new(0.0000,0.0000,0.0000,0.9596,0.2629,0.1002,-0.0385,0.4755,-0.8789,-0.2787,0.8395,0.4664),
    }},
    {Time = 4.967, Data = {
      ["HumanoidRootPart"] = CFrame.new(0.0000,0.0000,0.0000,1.0000,0.0000,0.0000,0.0000,1.0000,0.0000,0.0000,0.0000,1.0000),
      ["LowerTorso"] = CFrame.new(0.0000,-0.8693,0.0000,1.0000,-0.0000,0.0000,0.0000,0.9331,0.3597,-0.0000,-0.3597,0.9331),
      ["UpperTorso"] = CFrame.new(0.0000,0.0000,0.0000,0.9431,-0.1547,0.2943,0.1155,0.9824,0.1465,-0.3118,-0.1042,0.9444),
      ["LeftUpperArm"] = CFrame.new(0.2042,-0.0519,0.0066,0.8735,-0.0076,-0.4868,-0.1330,0.9582,-0.2535,0.4683,0.2861,0.8359),
      ["LeftLowerArm"] = CFrame.new(-0.0005,-0.0001,0.0033,1.0000,-0.0000,0.0000,0.0000,0.6632,-0.7484,0.0000,0.7484,0.6632),
      ["LeftHand"] = CFrame.new(0.0000,0.0000,0.0000,0.9733,-0.2280,0.0262,0.2282,0.9736,-0.0059,-0.0242,0.0117,0.9996),
      ["Head"] = CFrame.new(0.0000,0.0000,0.0000,0.9431,0.1882,-0.2741,-0.1547,0.9781,0.1393,0.2943,-0.0889,0.9516),
      ["RightUpperArm"] = CFrame.new(-0.0196,-0.1357,0.0353,0.9128,-0.0717,-0.4021,0.2108,0.9259,0.3134,0.3498,-0.3709,0.8603),
      ["RightLowerArm"] = CFrame.new(0.0000,0.0000,0.0033,1.0000,-0.0000,0.0000,0.0000,0.8073,-0.5901,0.0000,0.5901,0.8073),
      ["RightHand"] = CFrame.new(0.0000,0.0000,0.0000,0.9971,-0.0181,0.0740,0.0113,0.9959,0.0902,-0.0753,-0.0891,0.9932),
      ["LeftUpperLeg"] = CFrame.new(0.0000,0.0000,0.0000,0.9680,0.2477,-0.0410,0.0253,-0.2588,-0.9656,-0.2498,0.9336,-0.2568),
      ["LeftLowerLeg"] = CFrame.new(0.0000,0.0002,-0.0029,1.0000,-0.0000,0.0000,0.0000,0.4773,0.8787,-0.0000,-0.8787,0.4773),
      ["LeftFoot"] = CFrame.new(0.0000,-0.0002,0.0000,0.9960,-0.0837,-0.0318,0.0895,0.9340,0.3458,0.0008,-0.3473,0.9378),
      ["RightUpperLeg"] = CFrame.new(-0.0406,0.3538,-0.3112,0.9356,-0.2958,-0.1929,0.1429,0.8166,-0.5593,0.3230,0.4957,0.8062),
      ["RightLowerLeg"] = CFrame.new(0.0000,0.0000,-0.0030,1.0000,-0.0000,0.0000,0.0000,0.1561,0.9877,-0.0000,-0.9877,0.1561),
      ["RightFoot"] = CFrame.new(0.0000,0.0000,0.0000,0.9596,0.2629,0.1002,-0.0386,0.4758,-0.8787,-0.2787,0.8394,0.4667),
    }},
    {Time = 5.000, Data = {
      ["HumanoidRootPart"] = CFrame.new(0.0000,0.0000,0.0000,1.0000,0.0000,0.0000,0.0000,1.0000,0.0000,0.0000,0.0000,1.0000),
      ["LowerTorso"] = CFrame.new(0.0000,-0.8693,0.0000,1.0000,-0.0000,0.0000,0.0000,0.9331,0.3597,-0.0000,-0.3597,0.9331),
      ["UpperTorso"] = CFrame.new(0.0000,0.0000,0.0000,0.9431,-0.1547,0.2943,0.1155,0.9824,0.1465,-0.3118,-0.1042,0.9444),
      ["LeftUpperArm"] = CFrame.new(0.2042,-0.0519,0.0066,0.8735,-0.0076,-0.4868,-0.1329,0.9582,-0.2535,0.4684,0.2861,0.8359),
      ["LeftLowerArm"] = CFrame.new(-0.0005,-0.0001,0.0033,1.0000,-0.0000,0.0000,0.0000,0.6632,-0.7484,0.0000,0.7484,0.6632),
      ["LeftHand"] = CFrame.new(0.0000,0.0000,0.0000,0.9733,-0.2280,0.0262,0.2282,0.9736,-0.0059,-0.0242,0.0117,0.9996),
      ["Head"] = CFrame.new(0.0000,0.0000,0.0000,0.9431,0.1870,-0.2749,-0.1547,0.9787,0.1349,0.2943,-0.0847,0.9519),
      ["RightUpperArm"] = CFrame.new(-0.0197,-0.1356,0.0353,0.9129,-0.0739,-0.4014,0.2105,0.9278,0.3079,0.3496,-0.3656,0.8626),
      ["RightLowerArm"] = CFrame.new(0.0000,0.0000,0.0033,1.0000,-0.0000,0.0000,0.0000,0.8234,-0.5674,0.0000,0.5674,0.8234),
      ["RightHand"] = CFrame.new(0.0000,0.0000,0.0000,0.9971,-0.0181,0.0740,0.0113,0.9959,0.0902,-0.0753,-0.0891,0.9932),
      ["LeftUpperLeg"] = CFrame.new(0.0000,0.0000,0.0000,0.9680,0.2477,-0.0410,0.0253,-0.2588,-0.9656,-0.2498,0.9336,-0.2568),
      ["LeftLowerLeg"] = CFrame.new(0.0000,0.0002,-0.0029,1.0000,-0.0000,0.0000,0.0000,0.4773,0.8787,-0.0000,-0.8787,0.4773),
      ["LeftFoot"] = CFrame.new(0.0000,-0.0002,0.0000,0.9960,-0.0837,-0.0318,0.0895,0.9340,0.3458,0.0008,-0.3473,0.9378),
      ["RightUpperLeg"] = CFrame.new(-0.0406,0.3538,-0.3112,0.9356,-0.2958,-0.1929,0.1429,0.8165,-0.5593,0.3230,0.4957,0.8062),
      ["RightLowerLeg"] = CFrame.new(0.0000,0.0000,-0.0030,1.0000,-0.0000,0.0000,0.0000,0.1561,0.9877,-0.0000,-0.9877,0.1561),
      ["RightFoot"] = CFrame.new(0.0000,0.0000,0.0000,0.9596,0.2629,0.1002,-0.0386,0.4758,-0.8787,-0.2787,0.8394,0.4667),
    }},
    {Time = 5.033, Data = {
      ["HumanoidRootPart"] = CFrame.new(0.0000,0.0000,0.0000,1.0000,0.0000,0.0000,0.0000,1.0000,0.0000,0.0000,0.0000,1.0000),
      ["LowerTorso"] = CFrame.new(0.0000,-0.8697,0.0000,1.0000,-0.0000,0.0000,0.0000,0.9331,0.3597,-0.0000,-0.3597,0.9331),
      ["UpperTorso"] = CFrame.new(0.0000,0.0000,0.0000,0.9431,-0.1547,0.2943,0.1155,0.9824,0.1465,-0.3118,-0.1042,0.9444),
      ["LeftUpperArm"] = CFrame.new(0.2042,-0.0518,0.0067,0.8735,-0.0076,-0.4868,-0.1328,0.9583,-0.2532,0.4684,0.2858,0.8360),
      ["LeftLowerArm"] = CFrame.new(-0.0005,-0.0001,0.0033,1.0000,-0.0000,0.0000,0.0000,0.6628,-0.7488,0.0000,0.7488,0.6628),
      ["LeftHand"] = CFrame.new(0.0000,0.0000,0.0000,0.9733,-0.2280,0.0252,0.2282,0.9736,-0.0058,-0.0232,0.0114,0.9997),
      ["Head"] = CFrame.new(0.0000,0.0000,0.0000,0.9431,0.1858,-0.2758,-0.1547,0.9793,0.1305,0.2943,-0.0804,0.9523),
      ["RightUpperArm"] = CFrame.new(-0.0197,-0.1355,0.0354,0.9130,-0.0756,-0.4009,0.2103,0.9293,0.3037,0.3495,-0.3616,0.8643),
      ["RightLowerArm"] = CFrame.new(0.0000,0.0000,0.0033,1.0000,-0.0000,0.0000,0.0000,0.8371,-0.5470,0.0000,0.5470,0.8371),
      ["RightHand"] = CFrame.new(0.0000,0.0000,0.0000,0.9971,-0.0176,0.0741,0.0108,0.9958,0.0912,-0.0754,-0.0901,0.9931),
      ["LeftUpperLeg"] = CFrame.new(0.0000,0.0000,0.0000,0.9680,0.2476,-0.0411,0.0253,-0.2593,-0.9655,-0.2498,0.9335,-0.2572),
      ["LeftLowerLeg"] = CFrame.new(0.0000,0.0002,-0.0029,1.0000,-0.0000,0.0000,0.0000,0.4769,0.8790,-0.0000,-0.8790,0.4769),
      ["LeftFoot"] = CFrame.new(0.0000,-0.0002,0.0000,0.9960,-0.0837,-0.0319,0.0896,0.9340,0.3458,0.0008,-0.3473,0.9378),
      ["RightUpperLeg"] = CFrame.new(-0.0406,0.3538,-0.3112,0.9356,-0.2959,-0.1928,0.1429,0.8165,-0.5594,0.3230,0.4958,0.8061),
      ["RightLowerLeg"] = CFrame.new(0.0000,0.0000,-0.0030,1.0000,-0.0000,0.0000,0.0000,0.1556,0.9878,-0.0000,-0.9878,0.1556),
      ["RightFoot"] = CFrame.new(0.0000,0.0000,0.0000,0.9596,0.2629,0.1002,-0.0385,0.4755,-0.8789,-0.2787,0.8395,0.4664),
    }},
    {Time = 5.067, Data = {
      ["HumanoidRootPart"] = CFrame.new(0.0000,0.0000,0.0000,1.0000,0.0000,0.0000,0.0000,1.0000,0.0000,0.0000,0.0000,1.0000),
      ["LowerTorso"] = CFrame.new(0.0000,-0.8703,0.0000,1.0000,-0.0000,0.0000,0.0000,0.9331,0.3597,-0.0000,-0.3597,0.9331),
      ["UpperTorso"] = CFrame.new(0.0000,0.0000,0.0000,0.9431,-0.1547,0.2943,0.1155,0.9824,0.1465,-0.3118,-0.1042,0.9444),
      ["LeftUpperArm"] = CFrame.new(0.2041,-0.0517,0.0068,0.8734,-0.0077,-0.4869,-0.1324,0.9584,-0.2528,0.4686,0.2852,0.8361),
      ["LeftLowerArm"] = CFrame.new(-0.0005,-0.0001,0.0033,1.0000,-0.0000,0.0000,0.0000,0.6618,-0.7497,0.0000,0.7497,0.6618),
      ["LeftHand"] = CFrame.new(0.0000,0.0000,0.0000,0.9734,-0.2279,0.0232,0.2281,0.9736,-0.0055,-0.0214,0.0107,0.9997),
      ["Head"] = CFrame.new(0.0000,0.0000,0.0000,0.9431,0.1845,-0.2766,-0.1547,0.9799,0.1261,0.2943,-0.0761,0.9527),
      ["RightUpperArm"] = CFrame.new(-0.0197,-0.1354,0.0354,0.9131,-0.0768,-0.4005,0.2102,0.9302,0.3009,0.3495,-0.3590,0.8655),
      ["RightLowerArm"] = CFrame.new(0.0000,0.0000,0.0033,1.0000,-0.0000,0.0000,0.0000,0.8484,-0.5294,0.0000,0.5294,0.8484),
      ["RightHand"] = CFrame.new(0.0000,0.0000,0.0000,0.9971,-0.0167,0.0744,0.0097,0.9956,0.0931,-0.0757,-0.0921,0.9929),
      ["LeftUpperLeg"] = CFrame.new(0.0000,0.0000,0.0000,0.9680,0.2476,-0.0414,0.0253,-0.2601,-0.9652,-0.2498,0.9333,-0.2581),
      ["LeftLowerLeg"] = CFrame.new(0.0000,0.0002,-0.0029,1.0000,-0.0000,0.0000,0.0000,0.4760,0.8794,-0.0000,-0.8794,0.4760),
      ["LeftFoot"] = CFrame.new(0.0000,-0.0002,0.0000,0.9960,-0.0837,-0.0319,0.0896,0.9340,0.3458,0.0008,-0.3473,0.9378),
      ["RightUpperLeg"] = CFrame.new(-0.0406,0.3538,-0.3112,0.9355,-0.2961,-0.1928,0.1430,0.8163,-0.5596,0.3231,0.4960,0.8060),
      ["RightLowerLeg"] = CFrame.new(0.0000,0.0000,-0.0030,1.0000,-0.0000,0.0000,0.0000,0.1548,0.9880,-0.0000,-0.9880,0.1548),
      ["RightFoot"] = CFrame.new(0.0000,0.0000,0.0000,0.9596,0.2630,0.1003,-0.0383,0.4750,-0.8792,-0.2788,0.8398,0.4659),
    }},
    {Time = 5.100, Data = {
      ["HumanoidRootPart"] = CFrame.new(0.0000,0.0000,0.0000,1.0000,0.0000,0.0000,0.0000,1.0000,0.0000,0.0000,0.0000,1.0000),
      ["LowerTorso"] = CFrame.new(0.0000,-0.8712,0.0000,1.0000,-0.0000,0.0000,0.0000,0.9331,0.3597,-0.0000,-0.3597,0.9331),
      ["UpperTorso"] = CFrame.new(0.0000,0.0000,0.0000,0.9431,-0.1547,0.2943,0.1155,0.9824,0.1465,-0.3118,-0.1042,0.9444),
      ["LeftUpperArm"] = CFrame.new(0.2041,-0.0514,0.0069,0.8734,-0.0079,-0.4870,-0.1319,0.9587,-0.2521,0.4689,0.2844,0.8362),
      ["LeftLowerArm"] = CFrame.new(-0.0005,-0.0001,0.0033,1.0000,-0.0000,0.0000,0.0000,0.6604,-0.7509,0.0000,0.7509,0.6604),
      ["LeftHand"] = CFrame.new(0.0000,0.0000,0.0000,0.9735,-0.2278,0.0204,0.2279,0.9737,-0.0051,-0.0187,0.0096,0.9998),
      ["Head"] = CFrame.new(0.0000,0.0000,0.0000,0.9431,0.1833,-0.2774,-0.1547,0.9804,0.1218,0.2943,-0.0719,0.9530),
      ["RightUpperArm"] = CFrame.new(-0.0197,-0.1354,0.0354,0.9131,-0.0774,-0.4004,0.2102,0.9307,0.2994,0.3495,-0.3576,0.8660),
      ["RightLowerArm"] = CFrame.new(0.0000,0.0000,0.0033,1.0000,-0.0000,0.0000,0.0000,0.8575,-0.5146,0.0000,0.5146,0.8575),
      ["RightHand"] = CFrame.new(0.0000,0.0000,0.0000,0.9971,-0.0154,0.0750,0.0082,0.9954,0.0959,-0.0761,-0.0950,0.9926),
      ["LeftUpperLeg"] = CFrame.new(0.0000,0.0000,0.0000,0.9680,0.2476,-0.0418,0.0252,-0.2614,-0.9649,-0.2499,0.9329,-0.2592),
      ["LeftLowerLeg"] = CFrame.new(0.0000,0.0002,-0.0029,1.0000,-0.0000,0.0000,0.0000,0.4748,0.8801,-0.0000,-0.8801,0.4748),
      ["LeftFoot"] = CFrame.new(0.0000,-0.0002,0.0000,0.9960,-0.0837,-0.0319,0.0896,0.9340,0.3458,0.0008,-0.3473,0.9377),
      ["RightUpperLeg"] = CFrame.new(-0.0406,0.3538,-0.3112,0.9354,-0.2964,-0.1927,0.1432,0.8160,-0.5600,0.3232,0.4962,0.8058),
      ["RightLowerLeg"] = CFrame.new(0.0000,0.0000,-0.0030,1.0000,-0.0000,0.0000,0.0000,0.1534,0.9882,-0.0000,-0.9882,0.1534),
      ["RightFoot"] = CFrame.new(0.0000,0.0000,0.0000,0.9595,0.2632,0.1003,-0.0382,0.4742,-0.8796,-0.2791,0.8402,0.4650),
    }},
    {Time = 5.133, Data = {
      ["HumanoidRootPart"] = CFrame.new(0.0000,0.0000,0.0000,1.0000,0.0000,0.0000,0.0000,1.0000,0.0000,0.0000,0.0000,1.0000),
      ["LowerTorso"] = CFrame.new(0.0000,-0.8723,0.0000,1.0000,-0.0000,0.0000,0.0000,0.9331,0.3597,-0.0000,-0.3597,0.9331),
      ["UpperTorso"] = CFrame.new(0.0000,0.0000,0.0000,0.9431,-0.1547,0.2943,0.1155,0.9824,0.1465,-0.3118,-0.1042,0.9444),
      ["LeftUpperArm"] = CFrame.new(0.2041,-0.0511,0.0071,0.8732,-0.0081,-0.4872,-0.1312,0.9590,-0.2512,0.4693,0.2833,0.8364),
      ["LeftLowerArm"] = CFrame.new(-0.0005,-0.0001,0.0033,1.0000,-0.0000,0.0000,0.0000,0.6587,-0.7524,0.0000,0.7524,0.6587),
      ["LeftHand"] = CFrame.new(0.0000,0.0000,0.0000,0.9736,-0.2276,0.0166,0.2277,0.9737,-0.0046,-0.0152,0.0083,0.9999),
      ["Head"] = CFrame.new(0.0000,0.0000,0.0000,0.9431,0.1821,-0.2782,-0.1547,0.9809,0.1176,0.2943,-0.0678,0.9533),
      ["RightUpperArm"] = CFrame.new(-0.0197,-0.1355,0.0354,0.9130,-0.0775,-0.4004,0.2102,0.9307,0.2993,0.3495,-0.3574,0.8661),
      ["RightLowerArm"] = CFrame.new(0.0000,0.0000,0.0033,1.0000,-0.0000,0.0000,0.0000,0.8644,-0.5027,0.0000,0.5027,0.8644),
      ["RightHand"] = CFrame.new(0.0000,0.0000,0.0000,0.9970,-0.0138,0.0757,0.0062,0.9950,0.0995,-0.0767,-0.0988,0.9922),
      ["LeftUpperLeg"] = CFrame.new(0.0000,0.0000,0.0000,0.9679,0.2476,-0.0423,0.0251,-0.2630,-0.9645,-0.2499,0.9325,-0.2608),
      ["LeftLowerLeg"] = CFrame.new(0.0000,0.0002,-0.0029,1.0000,-0.0000,0.0000,0.0000,0.4732,0.8810,-0.0000,-0.8810,0.4732),
      ["LeftFoot"] = CFrame.new(0.0000,-0.0002,0.0000,0.9960,-0.0837,-0.0319,0.0896,0.9340,0.3459,0.0008,-0.3473,0.9377),
      ["RightUpperLeg"] = CFrame.new(-0.0406,0.3538,-0.3112,0.9353,-0.2968,-0.1925,0.1435,0.8157,-0.5604,0.3233,0.4966,0.8055),
      ["RightLowerLeg"] = CFrame.new(0.0000,0.0000,-0.0030,1.0000,-0.0000,0.0000,0.0000,0.1518,0.9884,-0.0000,-0.9884,0.1518),
      ["RightFoot"] = CFrame.new(0.0000,0.0000,0.0000,0.9594,0.2635,0.1004,-0.0379,0.4732,-0.8801,-0.2794,0.8406,0.4640),
    }},
    {Time = 5.167, Data = {
      ["HumanoidRootPart"] = CFrame.new(0.0000,0.0000,0.0000,1.0000,0.0000,0.0000,0.0000,1.0000,0.0000,0.0000,0.0000,1.0000),
      ["LowerTorso"] = CFrame.new(0.0000,-0.8737,0.0000,1.0000,-0.0000,0.0000,0.0000,0.9331,0.3597,-0.0000,-0.3597,0.9331),
      ["UpperTorso"] = CFrame.new(0.0000,0.0000,0.0000,0.9431,-0.1547,0.2943,0.1155,0.9824,0.1465,-0.3118,-0.1042,0.9444),
      ["LeftUpperArm"] = CFrame.new(0.2040,-0.0507,0.0073,0.8731,-0.0084,-0.4875,-0.1304,0.9594,-0.2501,0.4698,0.2820,0.8366),
      ["LeftLowerArm"] = CFrame.new(-0.0005,-0.0001,0.0033,1.0000,-0.0000,0.0000,0.0000,0.6565,-0.7543,0.0000,0.7543,0.6565),
      ["LeftHand"] = CFrame.new(0.0000,0.0000,0.0000,0.9737,-0.2273,0.0121,0.2274,0.9738,-0.0040,-0.0109,0.0066,0.9999),
      ["Head"] = CFrame.new(0.0000,0.0000,0.0000,0.9431,0.1810,-0.2789,-0.1547,0.9814,0.1136,0.2943,-0.0639,0.9536),
      ["RightUpperArm"] = CFrame.new(-0.0197,-0.1355,0.0354,0.9130,-0.0771,-0.4005,0.2103,0.9304,0.3003,0.3495,-0.3584,0.8657),
      ["RightLowerArm"] = CFrame.new(0.0000,0.0000,0.0033,1.0000,-0.0000,0.0000,0.0000,0.8696,-0.4938,0.0000,0.4938,0.8696),
      ["RightHand"] = CFrame.new(0.0000,0.0000,0.0000,0.9970,-0.0118,0.0765,0.0038,0.9946,0.1039,-0.0773,-0.1033,0.9916),
      ["LeftUpperLeg"] = CFrame.new(0.0000,0.0000,0.0000,0.9679,0.2475,-0.0429,0.0250,-0.2650,-0.9639,-0.2499,0.9320,-0.2627),
      ["LeftLowerLeg"] = CFrame.new(0.0000,0.0002,-0.0029,1.0000,-0.0000,0.0000,0.0000,0.4712,0.8820,-0.0000,-0.8820,0.4712),
      ["LeftFoot"] = CFrame.new(0.0000,-0.0002,0.0000,0.9960,-0.0838,-0.0319,0.0897,0.9340,0.3459,0.0008,-0.3474,0.9377),
      ["RightUpperLeg"] = CFrame.new(-0.0406,0.3538,-0.3112,0.9352,-0.2972,-0.1923,0.1437,0.8153,-0.5609,0.3235,0.4970,0.8052),
      ["RightLowerLeg"] = CFrame.new(0.0000,0.0000,-0.0030,1.0000,-0.0000,0.0000,0.0000,0.1497,0.9887,-0.0000,-0.9887,0.1497),
      ["RightFoot"] = CFrame.new(0.0000,0.0000,0.0000,0.9593,0.2638,0.1005,-0.0375,0.4720,-0.8808,-0.2798,0.8412,0.4627),
    }},
    {Time = 5.200, Data = {
      ["HumanoidRootPart"] = CFrame.new(0.0000,0.0000,0.0000,1.0000,0.0000,0.0000,0.0000,1.0000,0.0000,0.0000,0.0000,1.0000),
      ["LowerTorso"] = CFrame.new(0.0000,-0.8753,0.0000,1.0000,-0.0000,0.0000,0.0000,0.9331,0.3597,-0.0000,-0.3597,0.9331),
      ["UpperTorso"] = CFrame.new(0.0000,0.0000,0.0000,0.9431,-0.1547,0.2943,0.1155,0.9824,0.1465,-0.3118,-0.1042,0.9444),
      ["LeftUpperArm"] = CFrame.new(0.2040,-0.0502,0.0076,0.8729,-0.0087,-0.4877,-0.1295,0.9598,-0.2489,0.4703,0.2804,0.8368),
      ["LeftLowerArm"] = CFrame.new(-0.0005,-0.0001,0.0033,1.0000,-0.0000,0.0000,0.0000,0.6540,-0.7565,0.0000,0.7565,0.6540),
      ["LeftHand"] = CFrame.new(0.0000,0.0000,0.0000,0.9739,-0.2270,0.0069,0.2270,0.9739,-0.0032,-0.0060,0.0047,1.0000),
      ["Head"] = CFrame.new(0.0000,0.0000,0.0000,0.9431,0.1799,-0.2796,-0.1547,0.9818,0.1098,0.2943,-0.0603,0.9538),
      ["RightUpperArm"] = CFrame.new(-0.0196,-0.1355,0.0353,0.9130,-0.0762,-0.4009,0.2104,0.9296,0.3025,0.3496,-0.3605,0.8648),
      ["RightLowerArm"] = CFrame.new(0.0000,0.0000,0.0033,1.0000,-0.0000,0.0000,0.0000,0.8728,-0.4880,0.0000,0.4880,0.8728),
      ["RightHand"] = CFrame.new(0.0000,0.0000,0.0000,0.9969,-0.0094,0.0776,0.0009,0.9940,0.1090,-0.0781,-0.1086,0.9910),
      ["LeftUpperLeg"] = CFrame.new(0.0000,0.0000,0.0000,0.9679,0.2474,-0.0436,0.0249,-0.2672,-0.9633,-0.2500,0.9313,-0.2648),
      ["LeftLowerLeg"] = CFrame.new(0.0000,0.0002,-0.0029,1.0000,-0.0000,0.0000,0.0000,0.4690,0.8832,-0.0000,-0.8832,0.4690),
      ["LeftFoot"] = CFrame.new(0.0000,-0.0002,0.0000,0.9960,-0.0839,-0.0319,0.0897,0.9339,0.3460,0.0008,-0.3474,0.9377),
      ["RightUpperLeg"] = CFrame.new(-0.0406,0.3538,-0.3112,0.9351,-0.2978,-0.1921,0.1441,0.8148,-0.5615,0.3238,0.4974,0.8048),
      ["RightLowerLeg"] = CFrame.new(0.0000,0.0000,-0.0030,1.0000,-0.0000,0.0000,0.0000,0.1473,0.9891,-0.0000,-0.9891,0.1473),
      ["RightFoot"] = CFrame.new(0.0000,0.0000,0.0000,0.9592,0.2642,0.1006,-0.0371,0.4706,-0.8816,-0.2803,0.8419,0.4612),
    }},
    {Time = 5.233, Data = {
      ["HumanoidRootPart"] = CFrame.new(0.0000,0.0000,0.0000,1.0000,0.0000,0.0000,0.0000,1.0000,0.0000,0.0000,0.0000,1.0000),
      ["LowerTorso"] = CFrame.new(0.0000,-0.8772,0.0000,1.0000,-0.0000,0.0000,0.0000,0.9331,0.3597,-0.0000,-0.3597,0.9331),
      ["UpperTorso"] = CFrame.new(0.0000,0.0000,0.0000,0.9431,-0.1547,0.2943,0.1155,0.9824,0.1465,-0.3118,-0.1042,0.9444),
      ["LeftUpperArm"] = CFrame.new(0.2039,-0.0497,0.0079,0.8728,-0.0090,-0.4881,-0.1285,0.9603,-0.2475,0.4709,0.2787,0.8370),
      ["LeftLowerArm"] = CFrame.new(-0.0005,-0.0001,0.0033,1.0000,-0.0000,0.0000,0.0000,0.6512,-0.7589,0.0000,0.7589,0.6512),
      ["LeftHand"] = CFrame.new(0.0000,0.0000,0.0000,0.9740,-0.2267,0.0010,0.2267,0.9740,-0.0024,-0.0004,0.0026,1.0000),
      ["Head"] = CFrame.new(0.0000,0.0000,0.0000,0.9431,0.1789,-0.2803,-0.1547,0.9822,0.1063,0.2943,-0.0569,0.9540),
      ["RightUpperArm"] = CFrame.new(-0.0196,-0.1356,0.0353,0.9129,-0.0750,-0.4013,0.2106,0.9285,0.3057,0.3497,-0.3636,0.8634),
      ["RightLowerArm"] = CFrame.new(0.0000,0.0000,0.0033,1.0000,-0.0000,0.0000,0.0000,0.8744,-0.4852,0.0000,0.4852,0.8744),
      ["RightHand"] = CFrame.new(0.0000,0.0000,0.0000,0.9969,-0.0068,0.0787,-0.0023,0.9934,0.1148,-0.0790,-0.1146,0.9903),
      ["LeftUpperLeg"] = CFrame.new(0.0000,0.0000,0.0000,0.9679,0.2473,-0.0444,0.0248,-0.2698,-0.9626,-0.2501,0.9306,-0.2673),
      ["LeftLowerLeg"] = CFrame.new(0.0000,0.0002,-0.0029,1.0000,-0.0000,0.0000,0.0000,0.4664,0.8846,-0.0000,-0.8846,0.4664),
      ["LeftFoot"] = CFrame.new(0.0000,-0.0002,0.0000,0.9960,-0.0839,-0.0319,0.0898,0.9339,0.3461,0.0008,-0.3475,0.9377),
      ["RightUpperLeg"] = CFrame.new(-0.0406,0.3538,-0.3112,0.9350,-0.2984,-0.1919,0.1445,0.8143,-0.5622,0.3240,0.4979,0.8044),
      ["RightLowerLeg"] = CFrame.new(0.0000,0.0000,-0.0030,1.0000,-0.0000,0.0000,0.0000,0.1447,0.9895,-0.0000,-0.9895,0.1447),
      ["RightFoot"] = CFrame.new(0.0000,0.0000,0.0000,0.9591,0.2646,0.1008,-0.0366,0.4690,-0.8825,-0.2808,0.8426,0.4595),
    }},
    {Time = 5.267, Data = {
      ["HumanoidRootPart"] = CFrame.new(0.0000,0.0000,0.0000,1.0000,0.0000,0.0000,0.0000,1.0000,0.0000,0.0000,0.0000,1.0000),
      ["LowerTorso"] = CFrame.new(0.0000,-0.8792,0.0000,1.0000,-0.0000,0.0000,0.0000,0.9331,0.3597,-0.0000,-0.3597,0.9331),
      ["UpperTorso"] = CFrame.new(0.0000,0.0000,0.0000,0.9431,-0.1547,0.2943,0.1155,0.9824,0.1465,-0.3118,-0.1042,0.9444),
      ["LeftUpperArm"] = CFrame.new(0.2038,-0.0491,0.0083,0.8726,-0.0094,-0.4884,-0.1273,0.9609,-0.2460,0.4716,0.2768,0.8372),
      ["LeftLowerArm"] = CFrame.new(-0.0005,-0.0001,0.0033,1.0000,-0.0000,0.0000,0.0000,0.6481,-0.7615,0.0000,0.7615,0.6481),
      ["LeftHand"] = CFrame.new(0.0000,0.0000,0.0000,0.9740,-0.2263,-0.0055,0.2263,0.9741,-0.0015,0.0057,0.0002,1.0000),
      ["Head"] = CFrame.new(0.0000,0.0000,0.0000,0.9431,0.1780,-0.2808,-0.1547,0.9825,0.1032,0.2943,-0.0539,0.9542),
      ["RightUpperArm"] = CFrame.new(-0.0196,-0.1357,0.0353,0.9128,-0.0734,-0.4018,0.2109,0.9271,0.3098,0.3498,-0.3675,0.8617),
      ["RightLowerArm"] = CFrame.new(0.0000,0.0000,0.0033,1.0000,-0.0000,0.0000,0.0000,0.8745,-0.4850,0.0000,0.4850,0.8745),
      ["RightHand"] = CFrame.new(0.0000,0.0000,0.0000,0.9968,-0.0039,0.0800,-0.0059,0.9926,0.1212,-0.0799,-0.1213,0.9894),
      ["LeftUpperLeg"] = CFrame.new(0.0000,0.0000,0.0000,0.9679,0.2472,-0.0453,0.0246,-0.2726,-0.9618,-0.2501,0.9298,-0.2700),
      ["LeftLowerLeg"] = CFrame.new(0.0000,0.0002,-0.0029,1.0000,-0.0000,0.0000,0.0000,0.4636,0.8860,-0.0000,-0.8860,0.4636),
      ["LeftFoot"] = CFrame.new(0.0000,-0.0002,0.0000,0.9960,-0.0840,-0.0320,0.0899,0.9339,0.3462,0.0008,-0.3476,0.9376),
      ["RightUpperLeg"] = CFrame.new(-0.0406,0.3538,-0.3112,0.9348,-0.2991,-0.1916,0.1449,0.8137,-0.5630,0.3243,0.4985,0.8040),
      ["RightLowerLeg"] = CFrame.new(0.0000,0.0000,-0.0030,1.0000,-0.0000,0.0000,0.0000,0.1417,0.9899,-0.0000,-0.9899,0.1417),
      ["RightFoot"] = CFrame.new(0.0000,0.0000,0.0000,0.9589,0.2651,0.1010,-0.0361,0.4672,-0.8834,-0.2814,0.8435,0.4576),
    }},
    {Time = 5.300, Data = {
      ["HumanoidRootPart"] = CFrame.new(0.0000,0.0000,0.0000,1.0000,0.0000,0.0000,0.0000,1.0000,0.0000,0.0000,0.0000,1.0000),
      ["LowerTorso"] = CFrame.new(0.0000,-0.8814,0.0000,1.0000,-0.0000,0.0000,0.0000,0.9331,0.3597,-0.0000,-0.3597,0.9331),
      ["UpperTorso"] = CFrame.new(0.0000,0.0000,0.0000,0.9431,-0.1547,0.2943,0.1155,0.9824,0.1465,-0.3118,-0.1042,0.9444),
      ["LeftUpperArm"] = CFrame.new(0.2037,-0.0485,0.0087,0.8723,-0.0099,-0.4888,-0.1260,0.9615,-0.2443,0.4724,0.2747,0.8375),
      ["LeftLowerArm"] = CFrame.new(-0.0005,-0.0001,0.0033,1.0000,-0.0000,0.0000,0.0000,0.6448,-0.7644,0.0000,0.7644,0.6448),
      ["LeftHand"] = CFrame.new(0.0000,0.0000,0.0000,0.9741,-0.2258,-0.0127,0.2258,0.9742,-0.0005,0.0124,-0.0024,0.9999),
      ["Head"] = CFrame.new(0.0000,0.0000,0.0000,0.9431,0.1773,-0.2813,-0.1547,0.9828,0.1005,0.2943,-0.0512,0.9543),
      ["RightUpperArm"] = CFrame.new(-0.0195,-0.1359,0.0352,0.9127,-0.0715,-0.4024,0.2111,0.9255,0.3144,0.3499,-0.3719,0.8598),
      ["RightLowerArm"] = CFrame.new(0.0000,0.0000,0.0033,1.0000,-0.0000,0.0000,0.0000,0.8733,-0.4872,0.0000,0.4872,0.8733),
      ["RightHand"] = CFrame.new(0.0000,0.0000,0.0000,0.9967,-0.0007,0.0814,-0.0097,0.9917,0.1281,-0.0809,-0.1285,0.9884),
      ["LeftUpperLeg"] = CFrame.new(0.0000,0.0000,0.0000,0.9679,0.2471,-0.0462,0.0245,-0.2757,-0.9609,-0.2502,0.9289,-0.2729),
      ["LeftLowerLeg"] = CFrame.new(0.0000,0.0002,-0.0029,1.0000,-0.0000,0.0000,0.0000,0.4606,0.8876,-0.0000,-0.8876,0.4606),
      ["LeftFoot"] = CFrame.new(0.0000,-0.0002,0.0000,0.9959,-0.0841,-0.0320,0.0900,0.9338,0.3463,0.0008,-0.3478,0.9376),
      ["RightUpperLeg"] = CFrame.new(-0.0406,0.3538,-0.3112,0.9346,-0.2998,-0.1913,0.1454,0.8130,-0.5638,0.3246,0.4991,0.8035),
      ["RightLowerLeg"] = CFrame.new(0.0000,0.0000,-0.0030,1.0000,-0.0000,0.0000,0.0000,0.1385,0.9904,-0.0000,-0.9904,0.1385),
      ["RightFoot"] = CFrame.new(0.0000,0.0000,0.0000,0.9587,0.2657,0.1012,-0.0356,0.4653,-0.8844,-0.2820,0.8444,0.4555),
    }},
    {Time = 5.333, Data = {
      ["HumanoidRootPart"] = CFrame.new(0.0000,0.0000,0.0000,1.0000,0.0000,0.0000,0.0000,1.0000,0.0000,0.0000,0.0000,1.0000),
      ["LowerTorso"] = CFrame.new(0.0000,-0.8838,0.0000,1.0000,-0.0000,0.0000,0.0000,0.9331,0.3597,-0.0000,-0.3597,0.9331),
      ["UpperTorso"] = CFrame.new(0.0000,0.0000,0.0000,0.9431,-0.1547,0.2943,0.1155,0.9824,0.1465,-0.3118,-0.1042,0.9444),
      ["LeftUpperArm"] = CFrame.new(0.2035,-0.0478,0.0091,0.8721,-0.0103,-0.4892,-0.1247,0.9621,-0.2426,0.4732,0.2725,0.8378),
      ["LeftLowerArm"] = CFrame.new(-0.0005,-0.0001,0.0033,1.0000,-0.0000,0.0000,0.0000,0.6412,-0.7674,0.0000,0.7674,0.6412),
      ["LeftHand"] = CFrame.new(0.0000,0.0000,0.0000,0.9741,-0.2253,-0.0203,0.2254,0.9743,0.0006,0.0196,-0.0051,0.9998),
      ["Head"] = CFrame.new(0.0000,0.0000,0.0000,0.9431,0.1766,-0.2817,-0.1547,0.9831,0.0983,0.2943,-0.0491,0.9544),
      ["RightUpperArm"] = CFrame.new(-0.0195,-0.1360,0.0351,0.9126,-0.0695,-0.4030,0.2114,0.9237,0.3194,0.3501,-0.3767,0.8577),
      ["RightLowerArm"] = CFrame.new(0.0000,0.0000,0.0033,1.0000,-0.0000,0.0000,0.0000,0.8708,-0.4916,0.0000,0.4916,0.8708),
      ["RightHand"] = CFrame.new(0.0000,0.0000,0.0000,0.9965,0.0026,0.0830,-0.0139,0.9907,0.1355,-0.0819,-0.1362,0.9873),
      ["LeftUpperLeg"] = CFrame.new(0.0000,0.0000,0.0000,0.9679,0.2470,-0.0473,0.0243,-0.2790,-0.9600,-0.2503,0.9280,-0.2760),
      ["LeftLowerLeg"] = CFrame.new(0.0000,0.0002,-0.0029,1.0000,-0.0000,0.0000,0.0000,0.4573,0.8893,-0.0000,-0.8893,0.4573),
      ["LeftFoot"] = CFrame.new(0.0000,-0.0002,0.0000,0.9959,-0.0842,-0.0320,0.0900,0.9337,0.3464,0.0007,-0.3479,0.9375),
      ["RightUpperLeg"] = CFrame.new(-0.0406,0.3538,-0.3112,0.9344,-0.3006,-0.1910,0.1459,0.8124,-0.5646,0.3249,0.4997,0.8029),
      ["RightLowerLeg"] = CFrame.new(0.0000,0.0000,-0.0030,1.0000,-0.0000,0.0000,0.0000,0.1351,0.9908,-0.0000,-0.9908,0.1351),
      ["RightFoot"] = CFrame.new(0.0000,0.0000,0.0000,0.9586,0.2662,0.1014,-0.0350,0.4632,-0.8856,-0.2827,0.8453,0.4533),
    }},
    {Time = 5.367, Data = {
      ["HumanoidRootPart"] = CFrame.new(0.0000,0.0000,0.0000,1.0000,0.0000,0.0000,0.0000,1.0000,0.0000,0.0000,0.0000,1.0000),
      ["LowerTorso"] = CFrame.new(0.0000,-0.8863,0.0000,1.0000,-0.0000,0.0000,0.0000,0.9331,0.3597,-0.0000,-0.3597,0.9331),
      ["UpperTorso"] = CFrame.new(0.0000,0.0000,0.0000,0.9431,-0.1547,0.2943,0.1155,0.9824,0.1465,-0.3118,-0.1042,0.9444),
      ["LeftUpperArm"] = CFrame.new(0.2034,-0.0471,0.0095,0.8718,-0.0109,-0.4897,-0.1232,0.9627,-0.2407,0.4740,0.2702,0.8380),
      ["LeftLowerArm"] = CFrame.new(-0.0005,-0.0001,0.0033,1.0000,-0.0000,0.0000,0.0000,0.6374,-0.7705,0.0000,0.7705,0.6374),
      ["LeftHand"] = CFrame.new(0.0000,0.0000,0.0000,0.9740,-0.2248,-0.0284,0.2249,0.9744,0.0017,0.0273,-0.0081,0.9996),
      ["Head"] = CFrame.new(0.0000,0.0000,0.0000,0.9431,0.1761,-0.2820,-0.1547,0.9832,0.0966,0.2943,-0.0474,0.9545),
      ["RightUpperArm"] = CFrame.new(-0.0194,-0.1362,0.0351,0.9124,-0.0674,-0.4036,0.2117,0.9219,0.3246,0.3502,-0.3816,0.8554),
      ["RightLowerArm"] = CFrame.new(0.0000,0.0000,0.0033,1.0000,-0.0000,0.0000,0.0000,0.8673,-0.4978,0.0000,0.4978,0.8673),
      ["RightHand"] = CFrame.new(0.0000,0.0000,0.0000,0.9964,0.0062,0.0847,-0.0183,0.9895,0.1433,-0.0829,-0.1444,0.9860),
      ["LeftUpperLeg"] = CFrame.new(0.0000,0.0000,0.0000,0.9679,0.2468,-0.0483,0.0241,-0.2825,-0.9590,-0.2503,0.9270,-0.2793),
      ["LeftLowerLeg"] = CFrame.new(0.0000,0.0002,-0.0029,1.0000,-0.0000,0.0000,0.0000,0.4539,0.8910,-0.0000,-0.8910,0.4539),
      ["LeftFoot"] = CFrame.new(0.0000,-0.0002,0.0000,0.9959,-0.0843,-0.0321,0.0901,0.9337,0.3466,0.0007,-0.3481,0.9375),
      ["RightUpperLeg"] = CFrame.new(-0.0406,0.3538,-0.3112,0.9342,-0.3015,-0.1907,0.1465,0.8116,-0.5655,0.3253,0.5004,0.8024),
      ["RightLowerLeg"] = CFrame.new(0.0000,0.0000,-0.0030,1.0000,-0.0000,0.0000,0.0000,0.1314,0.9913,-0.0000,-0.9913,0.1314),
      ["RightFoot"] = CFrame.new(0.0000,0.0000,0.0000,0.9584,0.2668,0.1017,-0.0343,0.4610,-0.8867,-0.2835,0.8463,0.4510),
    }},
    {Time = 5.400, Data = {
      ["HumanoidRootPart"] = CFrame.new(0.0000,0.0000,0.0000,1.0000,0.0000,0.0000,0.0000,1.0000,0.0000,0.0000,0.0000,1.0000),
      ["LowerTorso"] = CFrame.new(0.0000,-0.8889,0.0000,1.0000,-0.0000,0.0000,0.0000,0.9331,0.3597,-0.0000,-0.3597,0.9331),
      ["UpperTorso"] = CFrame.new(0.0000,0.0000,0.0000,0.9431,-0.1547,0.2943,0.1155,0.9824,0.1465,-0.3118,-0.1042,0.9444),
      ["LeftUpperArm"] = CFrame.new(0.2033,-0.0463,0.0099,0.8716,-0.0114,-0.4901,-0.1217,0.9634,-0.2388,0.4749,0.2678,0.8383),
      ["LeftLowerArm"] = CFrame.new(-0.0005,-0.0001,0.0033,1.0000,-0.0000,0.0000,0.0000,0.6335,-0.7737,0.0000,0.7737,0.6335),
      ["LeftHand"] = CFrame.new(0.0000,0.0000,0.0000,0.9739,-0.2242,-0.0369,0.2244,0.9745,0.0029,0.0353,-0.0111,0.9993),
      ["Head"] = CFrame.new(0.0000,0.0000,0.0000,0.9431,0.1758,-0.2822,-0.1547,0.9833,0.0954,0.2943,-0.0463,0.9546),
      ["RightUpperArm"] = CFrame.new(-0.0194,-0.1363,0.0350,0.9123,-0.0653,-0.4042,0.2120,0.9200,0.3298,0.3503,-0.3865,0.8531),
      ["RightLowerArm"] = CFrame.new(0.0000,0.0000,0.0033,1.0000,-0.0000,0.0000,0.0000,0.8627,-0.5057,0.0000,0.5057,0.8627),
      ["RightHand"] = CFrame.new(0.0000,0.0000,0.0000,0.9962,0.0099,0.0865,-0.0230,0.9882,0.1515,-0.0840,-0.1530,0.9847),
      ["LeftUpperLeg"] = CFrame.new(0.0000,0.0000,0.0000,0.9678,0.2466,-0.0495,0.0239,-0.2861,-0.9579,-0.2504,0.9259,-0.2828),
      ["LeftLowerLeg"] = CFrame.new(0.0000,0.0002,-0.0029,1.0000,-0.0000,0.0000,0.0000,0.4503,0.8929,-0.0000,-0.8929,0.4503),
      ["LeftFoot"] = CFrame.new(0.0000,-0.0002,0.0000,0.9959,-0.0844,-0.0321,0.0903,0.9336,0.3468,0.0007,-0.3483,0.9374),
      ["RightUpperLeg"] = CFrame.new(-0.0406,0.3538,-0.3112,0.9340,-0.3023,-0.1904,0.1470,0.8109,-0.5665,0.3256,0.5011,0.8018),
      ["RightLowerLeg"] = CFrame.new(0.0000,0.0000,-0.0030,1.0000,-0.0000,0.0000,0.0000,0.1276,0.9918,-0.0000,-0.9918,0.1276),
      ["RightFoot"] = CFrame.new(0.0000,0.0000,0.0000,0.9582,0.2675,0.1019,-0.0336,0.4588,-0.8879,-0.2842,0.8473,0.4486),
    }},
    {Time = 5.433, Data = {
      ["HumanoidRootPart"] = CFrame.new(0.0000,0.0000,0.0000,1.0000,0.0000,0.0000,0.0000,1.0000,0.0000,0.0000,0.0000,1.0000),
      ["LowerTorso"] = CFrame.new(0.0000,-0.8916,0.0000,1.0000,-0.0000,0.0000,0.0000,0.9331,0.3597,-0.0000,-0.3597,0.9331),
      ["UpperTorso"] = CFrame.new(0.0000,0.0000,0.0000,0.9431,-0.1547,0.2943,0.1155,0.9824,0.1465,-0.3118,-0.1042,0.9444),
      ["LeftUpperArm"] = CFrame.new(0.2031,-0.0455,0.0104,0.8713,-0.0120,-0.4906,-0.1201,0.9641,-0.2369,0.4759,0.2653,0.8386),
      ["LeftLowerArm"] = CFrame.new(-0.0005,-0.0001,0.0033,1.0000,-0.0000,0.0000,0.0000,0.6294,-0.7771,0.0000,0.7771,0.6294),
      ["LeftHand"] = CFrame.new(0.0000,0.0000,0.0000,0.9736,-0.2235,-0.0457,0.2239,0.9746,0.0042,0.0436,-0.0143,0.9989),
      ["Head"] = CFrame.new(0.0000,0.0000,0.0000,0.9431,0.1757,-0.2823,-0.1548,0.9834,0.0950,0.2943,-0.0459,0.9546),
      ["RightUpperArm"] = CFrame.new(-0.0193,-0.1364,0.0349,0.9122,-0.0634,-0.4048,0.2123,0.9182,0.3345,0.3505,-0.3910,0.8510),
      ["RightLowerArm"] = CFrame.new(0.0000,0.0000,0.0033,1.0000,-0.0000,0.0000,0.0000,0.8575,-0.5144,0.0000,0.5144,0.8575),
      ["RightHand"] = CFrame.new(0.0000,0.0000,0.0000,0.9960,0.0137,0.0884,-0.0278,0.9867,0.1601,-0.0850,-0.1619,0.9831),
      ["LeftUpperLeg"] = CFrame.new(0.0000,0.0000,0.0000,0.9678,0.2465,-0.0507,0.0237,-0.2899,-0.9568,-0.2505,0.9248,-0.2864),
      ["LeftLowerLeg"] = CFrame.new(0.0000,0.0002,-0.0029,1.0000,-0.0000,0.0000,0.0000,0.4466,0.8947,-0.0000,-0.8947,0.4466),
      ["LeftFoot"] = CFrame.new(0.0000,-0.0002,0.0000,0.9959,-0.0845,-0.0321,0.0904,0.9335,0.3470,0.0007,-0.3485,0.9373),
      ["RightUpperLeg"] = CFrame.new(-0.0406,0.3538,-0.3112,0.9338,-0.3033,-0.1900,0.1476,0.8101,-0.5674,0.3260,0.5018,0.8012),
      ["RightLowerLeg"] = CFrame.new(0.0000,0.0000,-0.0030,1.0000,-0.0000,0.0000,0.0000,0.1237,0.9923,-0.0000,-0.9923,0.1237),
      ["RightFoot"] = CFrame.new(0.0000,0.0000,0.0000,0.9579,0.2682,0.1022,-0.0329,0.4564,-0.8892,-0.2851,0.8484,0.4460),
    }},
    {Time = 5.467, Data = {
      ["HumanoidRootPart"] = CFrame.new(0.0000,0.0000,0.0000,1.0000,0.0000,0.0000,0.0000,1.0000,0.0000,0.0000,0.0000,1.0000),
      ["LowerTorso"] = CFrame.new(0.0000,-0.8945,0.0000,1.0000,-0.0000,0.0000,0.0000,0.9331,0.3597,-0.0000,-0.3597,0.9331),
      ["UpperTorso"] = CFrame.new(0.0000,0.0000,0.0000,0.9431,-0.1547,0.2943,0.1155,0.9824,0.1465,-0.3118,-0.1042,0.9444),
      ["LeftUpperArm"] = CFrame.new(0.2030,-0.0447,0.0109,0.8710,-0.0127,-0.4911,-0.1184,0.9648,-0.2349,0.4768,0.2627,0.8388),
      ["LeftLowerArm"] = CFrame.new(-0.0005,-0.0001,0.0033,1.0000,-0.0000,0.0000,0.0000,0.6252,-0.7805,0.0000,0.7805,0.6252),
      ["LeftHand"] = CFrame.new(0.0000,0.0000,0.0000,0.9733,-0.2228,-0.0548,0.2234,0.9747,0.0055,0.0522,-0.0176,0.9985),
      ["Head"] = CFrame.new(0.0000,0.0000,0.0000,0.9431,0.1757,-0.2822,-0.1548,0.9834,0.0952,0.2943,-0.0461,0.9546),
      ["RightUpperArm"] = CFrame.new(-0.0192,-0.1366,0.0348,0.9121,-0.0618,-0.4053,0.2125,0.9166,0.3385,0.3506,-0.3949,0.8492),
      ["RightLowerArm"] = CFrame.new(0.0000,0.0000,0.0033,1.0000,-0.0000,0.0000,0.0000,0.8518,-0.5239,0.0000,0.5239,0.8518),
      ["RightHand"] = CFrame.new(0.0000,0.0000,0.0000,0.9957,0.0177,0.0904,-0.0328,0.9851,0.1689,-0.0861,-0.1711,0.9815),
      ["LeftUpperLeg"] = CFrame.new(0.0000,0.0000,0.0000,0.9678,0.2463,-0.0519,0.0235,-0.2937,-0.9556,-0.2506,0.9236,-0.2901),
      ["LeftLowerLeg"] = CFrame.new(0.0000,0.0002,-0.0029,1.0000,-0.0000,0.0000,0.0000,0.4428,0.8966,-0.0000,-0.8966,0.4428),
      ["LeftFoot"] = CFrame.new(0.0000,-0.0002,0.0000,0.9959,-0.0846,-0.0322,0.0905,0.9334,0.3472,0.0007,-0.3487,0.9372),
      ["RightUpperLeg"] = CFrame.new(-0.0406,0.3538,-0.3112,0.9335,-0.3042,-0.1896,0.1483,0.8093,-0.5684,0.3264,0.5025,0.8006),
      ["RightLowerLeg"] = CFrame.new(0.0000,0.0000,-0.0030,1.0000,-0.0000,0.0000,0.0000,0.1196,0.9928,-0.0000,-0.9928,0.1196),
      ["RightFoot"] = CFrame.new(0.0000,0.0000,0.0000,0.9577,0.2688,0.1024,-0.0322,0.4539,-0.8905,-0.2859,0.8495,0.4434),
    }},
    {Time = 5.500, Data = {
      ["HumanoidRootPart"] = CFrame.new(0.0000,0.0000,0.0000,1.0000,0.0000,0.0000,0.0000,1.0000,0.0000,0.0000,0.0000,1.0000),
      ["LowerTorso"] = CFrame.new(0.0000,-0.8974,0.0000,1.0000,-0.0000,0.0000,0.0000,0.9331,0.3597,-0.0000,-0.3597,0.9331),
      ["UpperTorso"] = CFrame.new(0.0000,0.0000,0.0000,0.9431,-0.1547,0.2943,0.1155,0.9824,0.1465,-0.3118,-0.1042,0.9444),
      ["LeftUpperArm"] = CFrame.new(0.2028,-0.0438,0.0114,0.8707,-0.0134,-0.4917,-0.1167,0.9655,-0.2329,0.4778,0.2602,0.8391),
      ["LeftLowerArm"] = CFrame.new(-0.0005,-0.0001,0.0033,1.0000,-0.0000,0.0000,0.0000,0.6209,-0.7839,0.0000,0.7839,0.6209),
      ["LeftHand"] = CFrame.new(0.0000,0.0000,0.0000,0.9729,-0.2220,-0.0642,0.2229,0.9748,0.0069,0.0610,-0.0210,0.9979),
      ["Head"] = CFrame.new(0.0000,0.0000,0.0000,0.9431,0.1760,-0.2821,-0.1547,0.9833,0.0962,0.2943,-0.0470,0.9546),
      ["RightUpperArm"] = CFrame.new(-0.0192,-0.1367,0.0348,0.9120,-0.0605,-0.4058,0.2128,0.9154,0.3417,0.3507,-0.3980,0.8477),
      ["RightLowerArm"] = CFrame.new(0.0000,0.0000,0.0033,1.0000,-0.0000,0.0000,0.0000,0.8457,-0.5337,0.0000,0.5337,0.8457),
      ["RightHand"] = CFrame.new(0.0000,0.0000,0.0000,0.9955,0.0217,0.0925,-0.0380,0.9833,0.1779,-0.0871,-0.1806,0.9797),
      ["LeftUpperLeg"] = CFrame.new(0.0000,0.0000,0.0000,0.9678,0.2461,-0.0531,0.0233,-0.2977,-0.9544,-0.2507,0.9224,-0.2939),
      ["LeftLowerLeg"] = CFrame.new(0.0000,0.0002,-0.0029,1.0000,-0.0000,0.0000,0.0000,0.4389,0.8986,-0.0000,-0.8986,0.4389),
      ["LeftFoot"] = CFrame.new(0.0000,-0.0002,0.0000,0.9959,-0.0847,-0.0322,0.0906,0.9333,0.3475,0.0006,-0.3490,0.9371),
      ["RightUpperLeg"] = CFrame.new(-0.0406,0.3538,-0.3112,0.9333,-0.3052,-0.1893,0.1489,0.8084,-0.5694,0.3268,0.5032,0.8000),
      ["RightLowerLeg"] = CFrame.new(0.0000,0.0000,-0.0030,1.0000,-0.0000,0.0000,0.0000,0.1155,0.9933,-0.0000,-0.9933,0.1155),
      ["RightFoot"] = CFrame.new(0.0000,0.0000,0.0000,0.9575,0.2696,0.1027,-0.0314,0.4514,-0.8918,-0.2867,0.8506,0.4407),
    }},
    {Time = 5.533, Data = {
      ["HumanoidRootPart"] = CFrame.new(0.0000,0.0000,0.0000,1.0000,0.0000,0.0000,0.0000,1.0000,0.0000,0.0000,0.0000,1.0000),
      ["LowerTorso"] = CFrame.new(0.0000,-0.9003,0.0000,1.0000,-0.0000,0.0000,0.0000,0.9331,0.3597,-0.0000,-0.3597,0.9331),
      ["UpperTorso"] = CFrame.new(0.0000,0.0000,0.0000,0.9431,-0.1547,0.2943,0.1155,0.9824,0.1465,-0.3118,-0.1042,0.9444),
      ["LeftUpperArm"] = CFrame.new(0.2027,-0.0429,0.0119,0.8703,-0.0141,-0.4922,-0.1150,0.9662,-0.2309,0.4788,0.2575,0.8393),
      ["LeftLowerArm"] = CFrame.new(-0.0005,-0.0001,0.0033,1.0000,-0.0000,0.0000,0.0000,0.6166,-0.7873,0.0000,0.7873,0.6166),
      ["LeftHand"] = CFrame.new(0.0000,0.0000,0.0000,0.9724,-0.2212,-0.0737,0.2224,0.9749,0.0082,0.0700,-0.0244,0.9972),
      ["Head"] = CFrame.new(0.0000,0.0000,0.0000,0.9431,0.1765,-0.2818,-0.1547,0.9831,0.0979,0.2943,-0.0488,0.9545),
      ["RightUpperArm"] = CFrame.new(-0.0191,-0.1368,0.0347,0.9119,-0.0597,-0.4061,0.2130,0.9146,0.3438,0.3508,-0.4000,0.8467),
      ["RightLowerArm"] = CFrame.new(0.0000,0.0000,0.0033,1.0000,-0.0000,0.0000,0.0000,0.8394,-0.5436,0.0000,0.5436,0.8394),
      ["RightHand"] = CFrame.new(0.0000,0.0000,0.0000,0.9952,0.0258,0.0946,-0.0433,0.9814,0.1870,-0.0881,-0.1902,0.9778),
      ["LeftUpperLeg"] = CFrame.new(0.0000,0.0000,0.0000,0.9678,0.2459,-0.0544,0.0231,-0.3017,-0.9531,-0.2508,0.9211,-0.2977),
      ["LeftLowerLeg"] = CFrame.new(0.0000,0.0002,-0.0029,1.0000,-0.0000,0.0000,0.0000,0.4349,0.9005,-0.0000,-0.9005,0.4349),
      ["LeftFoot"] = CFrame.new(0.0000,-0.0002,0.0000,0.9959,-0.0848,-0.0323,0.0907,0.9332,0.3477,0.0006,-0.3492,0.9370),
      ["RightUpperLeg"] = CFrame.new(-0.0406,0.3538,-0.3112,0.9330,-0.3062,-0.1889,0.1496,0.8076,-0.5704,0.3272,0.5040,0.7993),
      ["RightLowerLeg"] = CFrame.new(0.0000,0.0000,-0.0030,1.0000,-0.0000,0.0000,0.0000,0.1113,0.9938,-0.0000,-0.9938,0.1113),
      ["RightFoot"] = CFrame.new(0.0000,0.0000,0.0000,0.9573,0.2703,0.1030,-0.0307,0.4488,-0.8931,-0.2876,0.8518,0.4379),
    }},
    {Time = 5.567, Data = {
      ["HumanoidRootPart"] = CFrame.new(0.0000,0.0000,0.0000,1.0000,0.0000,0.0000,0.0000,1.0000,0.0000,0.0000,0.0000,1.0000),
      ["LowerTorso"] = CFrame.new(0.0000,-0.9033,0.0000,1.0000,-0.0000,0.0000,0.0000,0.9331,0.3597,-0.0000,-0.3597,0.9331),
      ["UpperTorso"] = CFrame.new(0.0000,0.0000,0.0000,0.9431,-0.1547,0.2943,0.1155,0.9824,0.1465,-0.3118,-0.1042,0.9444),
      ["LeftUpperArm"] = CFrame.new(0.2025,-0.0421,0.0124,0.8700,-0.0147,-0.4928,-0.1132,0.9669,-0.2287,0.4799,0.2548,0.8395),
      ["LeftLowerArm"] = CFrame.new(-0.0005,-0.0001,0.0033,1.0000,-0.0000,0.0000,0.0000,0.6121,-0.7908,0.0000,0.7908,0.6121),
      ["LeftHand"] = CFrame.new(0.0000,0.0000,0.0000,0.9719,-0.2204,-0.0833,0.2219,0.9750,0.0096,0.0791,-0.0279,0.9965),
      ["Head"] = CFrame.new(0.0000,0.0000,0.0000,0.9431,0.1773,-0.2813,-0.1547,0.9828,0.1006,0.2943,-0.0513,0.9543),
      ["RightUpperArm"] = CFrame.new(-0.0191,-0.1369,0.0347,0.9118,-0.0596,-0.4063,0.2132,0.9143,0.3444,0.3509,-0.4006,0.8464),
      ["RightLowerArm"] = CFrame.new(0.0000,0.0000,0.0033,1.0000,-0.0000,0.0000,0.0000,0.8332,-0.5530,0.0000,0.5530,0.8332),
      ["RightHand"] = CFrame.new(0.0000,0.0000,0.0000,0.9948,0.0300,0.0969,-0.0486,0.9794,0.1962,-0.0890,-0.1999,0.9758),
      ["LeftUpperLeg"] = CFrame.new(0.0000,0.0000,0.0000,0.9677,0.2457,-0.0557,0.0229,-0.3058,-0.9518,-0.2509,0.9198,-0.3016),
      ["LeftLowerLeg"] = CFrame.new(0.0000,0.0002,-0.0029,1.0000,-0.0000,0.0000,0.0000,0.4309,0.9024,-0.0000,-0.9024,0.4309),
      ["LeftFoot"] = CFrame.new(0.0000,-0.0002,0.0000,0.9959,-0.0849,-0.0323,0.0909,0.9331,0.3480,0.0006,-0.3495,0.9369),
      ["RightUpperLeg"] = CFrame.new(-0.0406,0.3538,-0.3112,0.9328,-0.3072,-0.1885,0.1503,0.8068,-0.5715,0.3277,0.5047,0.7987),
      ["RightLowerLeg"] = CFrame.new(0.0000,0.0000,-0.0030,1.0000,-0.0000,0.0000,0.0000,0.1070,0.9943,-0.0000,-0.9943,0.1070),
      ["RightFoot"] = CFrame.new(0.0000,0.0000,0.0000,0.9570,0.2711,0.1033,-0.0299,0.4462,-0.8944,-0.2885,0.8529,0.4351),
    }},
    {Time = 5.600, Data = {
      ["HumanoidRootPart"] = CFrame.new(0.0000,0.0000,0.0000,1.0000,0.0000,0.0000,0.0000,1.0000,0.0000,0.0000,0.0000,1.0000),
      ["LowerTorso"] = CFrame.new(0.0000,-0.9063,0.0000,1.0000,-0.0000,0.0000,0.0000,0.9331,0.3597,-0.0000,-0.3597,0.9331),
      ["UpperTorso"] = CFrame.new(0.0000,0.0000,0.0000,0.9431,-0.1547,0.2943,0.1155,0.9824,0.1465,-0.3118,-0.1042,0.9444),
      ["LeftUpperArm"] = CFrame.new(0.2023,-0.0412,0.0129,0.8697,-0.0155,-0.4934,-0.1114,0.9676,-0.2267,0.4809,0.2521,0.8397),
      ["LeftLowerArm"] = CFrame.new(-0.0005,-0.0001,0.0033,1.0000,-0.0000,0.0000,0.0000,0.6077,-0.7942,0.0000,0.7942,0.6077),
      ["LeftHand"] = CFrame.new(0.0000,0.0000,0.0000,0.9712,-0.2195,-0.0930,0.2214,0.9751,0.0111,0.0883,-0.0313,0.9956),
      ["Head"] = CFrame.new(0.0000,0.0000,0.0000,0.9431,0.1783,-0.2807,-0.1547,0.9824,0.1042,0.2943,-0.0548,0.9541),
      ["RightUpperArm"] = CFrame.new(-0.0191,-0.1370,0.0347,0.9118,-0.0599,-0.4063,0.2133,0.9145,0.3438,0.3510,-0.4001,0.8466),
      ["RightLowerArm"] = CFrame.new(0.0000,0.0000,0.0033,1.0000,-0.0000,0.0000,0.0000,0.8270,-0.5621,0.0000,0.5621,0.8270),
      ["RightHand"] = CFrame.new(0.0000,0.0000,0.0000,0.9945,0.0341,0.0992,-0.0540,0.9772,0.2055,-0.0899,-0.2097,0.9736),
      ["LeftUpperLeg"] = CFrame.new(0.0000,0.0000,0.0000,0.9677,0.2455,-0.0570,0.0226,-0.3099,-0.9505,-0.2510,0.9185,-0.3054),
      ["LeftLowerLeg"] = CFrame.new(0.0000,0.0002,-0.0029,1.0000,-0.0000,0.0000,0.0000,0.4268,0.9043,-0.0000,-0.9043,0.4268),
      ["LeftFoot"] = CFrame.new(0.0000,-0.0002,0.0000,0.9959,-0.0851,-0.0324,0.0910,0.9329,0.3483,0.0006,-0.3498,0.9368),
      ["RightUpperLeg"] = CFrame.new(-0.0406,0.3538,-0.3112,0.9325,-0.3083,-0.1881,0.1509,0.8059,-0.5725,0.3281,0.5054,0.7980),
      ["RightLowerLeg"] = CFrame.new(0.0000,0.0000,-0.0030,1.0000,-0.0000,0.0000,0.0000,0.1027,0.9947,-0.0000,-0.9947,0.1027),
      ["RightFoot"] = CFrame.new(0.0000,0.0000,0.0000,0.9568,0.2718,0.1035,-0.0291,0.4436,-0.8958,-0.2894,0.8540,0.4323),
    }},
    {Time = 5.633, Data = {
      ["HumanoidRootPart"] = CFrame.new(0.0000,0.0000,0.0000,1.0000,0.0000,0.0000,0.0000,1.0000,0.0000,0.0000,0.0000,1.0000),
      ["LowerTorso"] = CFrame.new(0.0000,-0.9093,0.0000,1.0000,-0.0000,0.0000,0.0000,0.9331,0.3597,-0.0000,-0.3597,0.9331),
      ["UpperTorso"] = CFrame.new(0.0000,0.0000,0.0000,0.9431,-0.1547,0.2943,0.1155,0.9824,0.1465,-0.3118,-0.1042,0.9444),
      ["LeftUpperArm"] = CFrame.new(0.2021,-0.0403,0.0134,0.8693,-0.0162,-0.4940,-0.1096,0.9682,-0.2247,0.4819,0.2495,0.8399),
      ["LeftLowerArm"] = CFrame.new(-0.0005,-0.0001,0.0033,1.0000,-0.0000,0.0000,0.0000,0.6033,-0.7975,0.0000,0.7975,0.6033),
      ["LeftHand"] = CFrame.new(0.0000,0.0000,0.0000,0.9704,-0.2185,-0.1028,0.2209,0.9752,0.0125,0.0975,-0.0348,0.9946),
      ["Head"] = CFrame.new(0.0000,0.0000,0.0000,0.9431,0.1796,-0.2798,-0.1547,0.9819,0.1088,0.2943,-0.0593,0.9539),
      ["RightUpperArm"] = CFrame.new(-0.0191,-0.1370,0.0346,0.9117,-0.0608,-0.4063,0.2134,0.9152,0.3420,0.3510,-0.3985,0.8474),
      ["RightLowerArm"] = CFrame.new(0.0000,0.0000,0.0033,1.0000,-0.0000,0.0000,0.0000,0.8209,-0.5711,0.0000,0.5711,0.8209),
      ["RightHand"] = CFrame.new(0.0000,0.0000,0.0000,0.9941,0.0382,0.1015,-0.0594,0.9749,0.2147,-0.0907,-0.2195,0.9714),
      ["LeftUpperLeg"] = CFrame.new(0.0000,0.0000,0.0000,0.9677,0.2453,-0.0583,0.0224,-0.3140,-0.9492,-0.2511,0.9172,-0.3093),
      ["LeftLowerLeg"] = CFrame.new(0.0000,0.0002,-0.0029,1.0000,-0.0000,0.0000,0.0000,0.4228,0.9062,-0.0000,-0.9062,0.4228),
      ["LeftFoot"] = CFrame.new(0.0000,-0.0002,0.0000,0.9958,-0.0852,-0.0324,0.0911,0.9328,0.3487,0.0005,-0.3502,0.9367),
      ["RightUpperLeg"] = CFrame.new(-0.0406,0.3538,-0.3112,0.9322,-0.3093,-0.1877,0.1516,0.8051,-0.5735,0.3285,0.5062,0.7974),
      ["RightLowerLeg"] = CFrame.new(0.0000,0.0000,-0.0030,1.0000,-0.0000,0.0000,0.0000,0.0984,0.9951,-0.0000,-0.9951,0.0984),
      ["RightFoot"] = CFrame.new(0.0000,0.0000,0.0000,0.9565,0.2726,0.1038,-0.0283,0.4409,-0.8971,-0.2903,0.8551,0.4295),
    }},
    {Time = 5.667, Data = {
      ["HumanoidRootPart"] = CFrame.new(0.0000,0.0000,0.0000,1.0000,0.0000,0.0000,0.0000,1.0000,0.0000,0.0000,0.0000,1.0000),
      ["LowerTorso"] = CFrame.new(0.0000,-0.9123,0.0000,1.0000,-0.0000,0.0000,0.0000,0.9331,0.3597,-0.0000,-0.3597,0.9331),
      ["UpperTorso"] = CFrame.new(0.0000,0.0000,0.0000,0.9431,-0.1547,0.2943,0.1155,0.9824,0.1465,-0.3118,-0.1042,0.9444),
      ["LeftUpperArm"] = CFrame.new(0.2020,-0.0394,0.0140,0.8690,-0.0170,-0.4946,-0.1078,0.9689,-0.2227,0.4830,0.2469,0.8401),
      ["LeftLowerArm"] = CFrame.new(-0.0005,-0.0001,0.0033,1.0000,-0.0000,0.0000,0.0000,0.5989,-0.8008,0.0000,0.8008,0.5989),
      ["LeftHand"] = CFrame.new(0.0000,0.0000,0.0000,0.9695,-0.2176,-0.1124,0.2205,0.9753,0.0139,0.1066,-0.0383,0.9936),
      ["Head"] = CFrame.new(0.0000,0.0000,0.0000,0.9431,0.1812,-0.2788,-0.1547,0.9813,0.1143,0.2943,-0.0646,0.9535),
      ["RightUpperArm"] = CFrame.new(-0.0191,-0.1370,0.0346,0.9117,-0.0622,-0.4061,0.2135,0.9163,0.3389,0.3511,-0.3957,0.8486),
      ["RightLowerArm"] = CFrame.new(0.0000,0.0000,0.0033,1.0000,-0.0000,0.0000,0.0000,0.8150,-0.5794,0.0000,0.5794,0.8150),
      ["RightHand"] = CFrame.new(0.0000,0.0000,0.0000,0.9937,0.0423,0.1039,-0.0648,0.9724,0.2239,-0.0915,-0.2292,0.9691),
      ["LeftUpperLeg"] = CFrame.new(0.0000,0.0000,0.0000,0.9677,0.2450,-0.0596,0.0222,-0.3180,-0.9478,-0.2512,0.9159,-0.3132),
      ["LeftLowerLeg"] = CFrame.new(0.0000,0.0002,-0.0029,1.0000,-0.0000,0.0000,0.0000,0.4188,0.9081,-0.0000,-0.9081,0.4188),
      ["LeftFoot"] = CFrame.new(0.0000,-0.0002,0.0000,0.9958,-0.0853,-0.0324,0.0913,0.9327,0.3490,0.0005,-0.3505,0.9366),
      ["RightUpperLeg"] = CFrame.new(-0.0406,0.3538,-0.3112,0.9320,-0.3103,-0.1873,0.1523,0.8042,-0.5745,0.3290,0.5069,0.7968),
      ["RightLowerLeg"] = CFrame.new(0.0000,0.0000,-0.0030,1.0000,-0.0000,0.0000,0.0000,0.0941,0.9956,-0.0000,-0.9956,0.0941),
      ["RightFoot"] = CFrame.new(0.0000,0.0000,0.0000,0.9563,0.2734,0.1041,-0.0275,0.4383,-0.8984,-0.2912,0.8562,0.4267),
    }},
    {Time = 5.700, Data = {
      ["HumanoidRootPart"] = CFrame.new(0.0000,0.0000,0.0000,1.0000,0.0000,0.0000,0.0000,1.0000,0.0000,0.0000,0.0000,1.0000),
      ["LowerTorso"] = CFrame.new(0.0000,-0.9153,0.0000,1.0000,-0.0000,0.0000,0.0000,0.9331,0.3597,-0.0000,-0.3597,0.9331),
      ["UpperTorso"] = CFrame.new(0.0000,0.0000,0.0000,0.9431,-0.1547,0.2943,0.1155,0.9824,0.1465,-0.3118,-0.1042,0.9444),
      ["LeftUpperArm"] = CFrame.new(0.2018,-0.0385,0.0145,0.8686,-0.0178,-0.4952,-0.1060,0.9695,-0.2208,0.4840,0.2443,0.8403),
      ["LeftLowerArm"] = CFrame.new(-0.0005,-0.0001,0.0033,1.0000,-0.0000,0.0000,0.0000,0.5947,-0.8040,0.0000,0.8040,0.5947),
      ["LeftHand"] = CFrame.new(0.0000,0.0000,0.0000,0.9686,-0.2166,-0.1220,0.2200,0.9754,0.0153,0.1156,-0.0417,0.9924),
      ["Head"] = CFrame.new(0.0000,0.0000,0.0000,0.9431,0.1830,-0.2776,-0.1547,0.9806,0.1206,0.2943,-0.0708,0.9531),
      ["RightUpperArm"] = CFrame.new(-0.0191,-0.1370,0.0346,0.9117,-0.0640,-0.4059,0.2135,0.9178,0.3348,0.3511,-0.3919,0.8504),
      ["RightLowerArm"] = CFrame.new(0.0000,0.0000,0.0033,1.0000,-0.0000,0.0000,0.0000,0.8094,-0.5873,0.0000,0.5873,0.8094),
      ["RightHand"] = CFrame.new(0.0000,0.0000,0.0000,0.9933,0.0463,0.1062,-0.0702,0.9699,0.2330,-0.0923,-0.2389,0.9667),
      ["LeftUpperLeg"] = CFrame.new(0.0000,0.0000,0.0000,0.9677,0.2448,-0.0608,0.0220,-0.3220,-0.9465,-0.2513,0.9145,-0.3170),
      ["LeftLowerLeg"] = CFrame.new(0.0000,0.0002,-0.0029,1.0000,-0.0000,0.0000,0.0000,0.4149,0.9099,-0.0000,-0.9099,0.4149),
      ["LeftFoot"] = CFrame.new(0.0000,-0.0002,0.0000,0.9958,-0.0854,-0.0325,0.0914,0.9325,0.3494,0.0005,-0.3509,0.9364),
      ["RightUpperLeg"] = CFrame.new(-0.0406,0.3538,-0.3112,0.9317,-0.3114,-0.1870,0.1530,0.8034,-0.5755,0.3294,0.5076,0.7962),
      ["RightLowerLeg"] = CFrame.new(0.0000,0.0000,-0.0030,1.0000,-0.0000,0.0000,0.0000,0.0899,0.9959,-0.0000,-0.9959,0.0899),
      ["RightFoot"] = CFrame.new(0.0000,0.0000,0.0000,0.9560,0.2741,0.1044,-0.0267,0.4357,-0.8997,-0.2921,0.8573,0.4239),
    }},
    {Time = 5.733, Data = {
      ["HumanoidRootPart"] = CFrame.new(0.0000,0.0000,0.0000,1.0000,0.0000,0.0000,0.0000,1.0000,0.0000,0.0000,0.0000,1.0000),
      ["LowerTorso"] = CFrame.new(0.0000,-0.9183,0.0000,1.0000,-0.0000,0.0000,0.0000,0.9331,0.3597,-0.0000,-0.3597,0.9331),
      ["UpperTorso"] = CFrame.new(0.0000,0.0000,0.0000,0.9431,-0.1547,0.2943,0.1155,0.9824,0.1465,-0.3118,-0.1042,0.9444),
      ["LeftUpperArm"] = CFrame.new(0.2016,-0.0376,0.0150,0.8683,-0.0186,-0.4957,-0.1043,0.9701,-0.2189,0.4850,0.2418,0.8404),
      ["LeftLowerArm"] = CFrame.new(-0.0005,-0.0001,0.0033,1.0000,-0.0000,0.0000,0.0000,0.5905,-0.8071,0.0000,0.8071,0.5905),
      ["LeftHand"] = CFrame.new(0.0000,0.0000,0.0000,0.9676,-0.2156,-0.1314,0.2196,0.9754,0.0167,0.1245,-0.0450,0.9912),
      ["Head"] = CFrame.new(0.0000,0.0000,0.0000,0.9431,0.1850,-0.2763,-0.1547,0.9797,0.1277,0.2943,-0.0777,0.9525),
      ["RightUpperArm"] = CFrame.new(-0.0191,-0.1370,0.0346,0.9117,-0.0663,-0.4055,0.2135,0.9196,0.3296,0.3511,-0.3871,0.8526),
      ["RightLowerArm"] = CFrame.new(0.0000,0.0000,0.0033,1.0000,-0.0000,0.0000,0.0000,0.8039,-0.5947,0.0000,0.5947,0.8039),
      ["RightHand"] = CFrame.new(0.0000,0.0000,0.0000,0.9928,0.0503,0.1086,-0.0754,0.9674,0.2418,-0.0929,-0.2483,0.9642),
      ["LeftUpperLeg"] = CFrame.new(0.0000,0.0000,0.0000,0.9676,0.2446,-0.0621,0.0217,-0.3259,-0.9451,-0.2514,0.9132,-0.3207),
      ["LeftLowerLeg"] = CFrame.new(0.0000,0.0002,-0.0029,1.0000,-0.0000,0.0000,0.0000,0.4111,0.9116,-0.0000,-0.9116,0.4111),
      ["LeftFoot"] = CFrame.new(0.0000,-0.0002,0.0000,0.9958,-0.0856,-0.0325,0.0915,0.9324,0.3497,0.0004,-0.3512,0.9363),
      ["RightUpperLeg"] = CFrame.new(-0.0406,0.3538,-0.3112,0.9314,-0.3124,-0.1866,0.1537,0.8026,-0.5764,0.3298,0.5082,0.7956),
      ["RightLowerLeg"] = CFrame.new(0.0000,0.0000,-0.0030,1.0000,-0.0000,0.0000,0.0000,0.0858,0.9963,-0.0000,-0.9963,0.0858),
      ["RightFoot"] = CFrame.new(0.0000,0.0000,0.0000,0.9558,0.2749,0.1047,-0.0259,0.4332,-0.9009,-0.2930,0.8584,0.4211),
    }},
    {Time = 5.767, Data = {
      ["HumanoidRootPart"] = CFrame.new(0.0000,0.0000,0.0000,1.0000,0.0000,0.0000,0.0000,1.0000,0.0000,0.0000,0.0000,1.0000),
      ["LowerTorso"] = CFrame.new(0.0000,-0.9211,0.0000,1.0000,-0.0000,0.0000,0.0000,0.9331,0.3597,-0.0000,-0.3597,0.9331),
      ["UpperTorso"] = CFrame.new(0.0000,0.0000,0.0000,0.9431,-0.1547,0.2943,0.1155,0.9824,0.1465,-0.3118,-0.1042,0.9444),
      ["LeftUpperArm"] = CFrame.new(0.2014,-0.0367,0.0155,0.8679,-0.0193,-0.4963,-0.1025,0.9707,-0.2171,0.4860,0.2394,0.8405),
      ["LeftLowerArm"] = CFrame.new(-0.0005,-0.0001,0.0033,1.0000,-0.0000,0.0000,0.0000,0.5864,-0.8100,0.0000,0.8100,0.5864),
      ["LeftHand"] = CFrame.new(0.0000,0.0000,0.0000,0.9665,-0.2146,-0.1405,0.2192,0.9755,0.0181,0.1332,-0.0483,0.9899),
      ["Head"] = CFrame.new(0.0000,0.0000,0.0000,0.9431,0.1872,-0.2748,-0.1547,0.9786,0.1354,0.2943,-0.0852,0.9519),
      ["RightUpperArm"] = CFrame.new(-0.0191,-0.1370,0.0346,0.9117,-0.0690,-0.4051,0.2135,0.9218,0.3236,0.3511,-0.3815,0.8551),
      ["RightLowerArm"] = CFrame.new(0.0000,0.0000,0.0033,1.0000,-0.0000,0.0000,0.0000,0.7987,-0.6017,0.0000,0.6017,0.7987),
      ["RightHand"] = CFrame.new(0.0000,0.0000,0.0000,0.9924,0.0541,0.1110,-0.0806,0.9648,0.2505,-0.0935,-0.2575,0.9617),
      ["LeftUpperLeg"] = CFrame.new(0.0000,0.0000,0.0000,0.9676,0.2444,-0.0633,0.0215,-0.3297,-0.9438,-0.2515,0.9119,-0.3243),
      ["LeftLowerLeg"] = CFrame.new(0.0000,0.0002,-0.0029,1.0000,-0.0000,0.0000,0.0000,0.4073,0.9133,-0.0000,-0.9133,0.4073),
      ["LeftFoot"] = CFrame.new(0.0000,-0.0002,0.0000,0.9958,-0.0857,-0.0326,0.0917,0.9322,0.3501,0.0004,-0.3516,0.9361),
      ["RightUpperLeg"] = CFrame.new(-0.0406,0.3538,-0.3112,0.9312,-0.3134,-0.1862,0.1544,0.8018,-0.5773,0.3302,0.5089,0.7950),
      ["RightLowerLeg"] = CFrame.new(0.0000,0.0000,-0.0030,1.0000,-0.0000,0.0000,0.0000,0.0818,0.9966,-0.0000,-0.9966,0.0818),
      ["RightFoot"] = CFrame.new(0.0000,0.0000,0.0000,0.9555,0.2756,0.1050,-0.0251,0.4307,-0.9022,-0.2939,0.8594,0.4184),
    }},
    {Time = 5.800, Data = {
      ["HumanoidRootPart"] = CFrame.new(0.0000,0.0000,0.0000,1.0000,0.0000,0.0000,0.0000,1.0000,0.0000,0.0000,0.0000,1.0000),
      ["LowerTorso"] = CFrame.new(0.0000,-0.9239,0.0000,1.0000,-0.0000,0.0000,0.0000,0.9331,0.3597,-0.0000,-0.3597,0.9331),
      ["UpperTorso"] = CFrame.new(0.0000,0.0000,0.0000,0.9431,-0.1547,0.2943,0.1155,0.9824,0.1465,-0.3118,-0.1042,0.9444),
      ["LeftUpperArm"] = CFrame.new(0.2013,-0.0359,0.0159,0.8676,-0.0201,-0.4969,-0.1009,0.9713,-0.2154,0.4870,0.2370,0.8407),
      ["LeftLowerArm"] = CFrame.new(-0.0005,-0.0001,0.0033,1.0000,-0.0000,0.0000,0.0000,0.5824,-0.8129,0.0000,0.8129,0.5824),
      ["LeftHand"] = CFrame.new(0.0000,0.0000,0.0000,0.9654,-0.2136,-0.1494,0.2188,0.9756,0.0194,0.1416,-0.0514,0.9886),
      ["Head"] = CFrame.new(0.0000,0.0000,0.0000,0.9431,0.1895,-0.2733,-0.1547,0.9775,0.1437,0.2943,-0.0932,0.9512),
      ["RightUpperArm"] = CFrame.new(-0.0191,-0.1370,0.0346,0.9117,-0.0720,-0.4046,0.2135,0.9241,0.3168,0.3511,-0.3752,0.8579),
      ["RightLowerArm"] = CFrame.new(0.0000,0.0000,0.0033,1.0000,-0.0000,0.0000,0.0000,0.7937,-0.6083,0.0000,0.6083,0.7937),
      ["RightHand"] = CFrame.new(0.0000,0.0000,0.0000,0.9919,0.0578,0.1133,-0.0856,0.9621,0.2588,-0.0940,-0.2664,0.9593),
      ["LeftUpperLeg"] = CFrame.new(0.0000,0.0000,0.0000,0.9676,0.2441,-0.0645,0.0213,-0.3334,-0.9425,-0.2516,0.9106,-0.3278),
      ["LeftLowerLeg"] = CFrame.new(0.0000,0.0002,-0.0029,1.0000,-0.0000,0.0000,0.0000,0.4037,0.9149,-0.0000,-0.9149,0.4037),
      ["LeftFoot"] = CFrame.new(0.0000,-0.0002,0.0000,0.9958,-0.0858,-0.0326,0.0918,0.9321,0.3505,0.0003,-0.3520,0.9360),
      ["RightUpperLeg"] = CFrame.new(-0.0406,0.3538,-0.3112,0.9309,-0.3143,-0.1859,0.1550,0.8010,-0.5782,0.3307,0.5095,0.7944),
      ["RightLowerLeg"] = CFrame.new(0.0000,0.0000,-0.0030,1.0000,-0.0000,0.0000,0.0000,0.0779,0.9970,-0.0000,-0.9970,0.0779),
      ["RightFoot"] = CFrame.new(0.0000,0.0000,0.0000,0.9553,0.2763,0.1053,-0.0243,0.4282,-0.9033,-0.2947,0.8604,0.4158),
    }},
    {Time = 5.833, Data = {
      ["HumanoidRootPart"] = CFrame.new(0.0000,0.0000,0.0000,1.0000,0.0000,0.0000,0.0000,1.0000,0.0000,0.0000,0.0000,1.0000),
      ["LowerTorso"] = CFrame.new(0.0000,-0.9266,0.0000,1.0000,-0.0000,0.0000,0.0000,0.9331,0.3597,-0.0000,-0.3597,0.9331),
      ["UpperTorso"] = CFrame.new(0.0000,0.0000,0.0000,0.9431,-0.1547,0.2943,0.1155,0.9824,0.1465,-0.3118,-0.1042,0.9444),
      ["LeftUpperArm"] = CFrame.new(0.2011,-0.0351,0.0164,0.8673,-0.0209,-0.4974,-0.0992,0.9718,-0.2138,0.4879,0.2347,0.8408),
      ["LeftLowerArm"] = CFrame.new(-0.0005,-0.0001,0.0033,1.0000,-0.0000,0.0000,0.0000,0.5786,-0.8156,0.0000,0.8156,0.5786),
      ["LeftHand"] = CFrame.new(0.0000,0.0000,0.0000,0.9643,-0.2126,-0.1580,0.2185,0.9756,0.0207,0.1497,-0.0545,0.9872),
      ["Head"] = CFrame.new(0.0000,0.0000,0.0000,0.9431,0.1919,-0.2716,-0.1547,0.9761,0.1523,0.2943,-0.1016,0.9503),
      ["RightUpperArm"] = CFrame.new(-0.0191,-0.1371,0.0346,0.9117,-0.0752,-0.4040,0.2135,0.9267,0.3093,0.3511,-0.3682,0.8609),
      ["RightLowerArm"] = CFrame.new(0.0000,0.0000,0.0033,1.0000,-0.0000,0.0000,0.0000,0.7890,-0.6145,0.0000,0.6145,0.7890),
      ["RightHand"] = CFrame.new(0.0000,0.0000,0.0000,0.9914,0.0613,0.1156,-0.0904,0.9595,0.2669,-0.0945,-0.2750,0.9568),
      ["LeftUpperLeg"] = CFrame.new(0.0000,0.0000,0.0000,0.9676,0.2439,-0.0656,0.0211,-0.3370,-0.9413,-0.2517,0.9094,-0.3312),
      ["LeftLowerLeg"] = CFrame.new(0.0000,0.0002,-0.0029,1.0000,-0.0000,0.0000,0.0000,0.4002,0.9164,-0.0000,-0.9164,0.4002),
      ["LeftFoot"] = CFrame.new(0.0000,-0.0002,0.0000,0.9958,-0.0859,-0.0327,0.0919,0.9319,0.3508,0.0003,-0.3524,0.9359),
      ["RightUpperLeg"] = CFrame.new(-0.0406,0.3538,-0.3112,0.9307,-0.3153,-0.1855,0.1557,0.8003,-0.5791,0.3311,0.5101,0.7939),
      ["RightLowerLeg"] = CFrame.new(0.0000,0.0000,-0.0030,1.0000,-0.0000,0.0000,0.0000,0.0742,0.9972,-0.0000,-0.9972,0.0742),
      ["RightFoot"] = CFrame.new(0.0000,0.0000,0.0000,0.9550,0.2771,0.1055,-0.0236,0.4259,-0.9045,-0.2955,0.8613,0.4133),
    }},
    {Time = 5.867, Data = {
      ["HumanoidRootPart"] = CFrame.new(0.0000,0.0000,0.0000,1.0000,0.0000,0.0000,0.0000,1.0000,0.0000,0.0000,0.0000,1.0000),
      ["LowerTorso"] = CFrame.new(0.0000,-0.9292,0.0000,1.0000,-0.0000,0.0000,0.0000,0.9331,0.3597,-0.0000,-0.3597,0.9331),
      ["UpperTorso"] = CFrame.new(0.0000,0.0000,0.0000,0.9431,-0.1547,0.2943,0.1155,0.9824,0.1465,-0.3118,-0.1042,0.9444),
      ["LeftUpperArm"] = CFrame.new(0.2009,-0.0343,0.0169,0.8669,-0.0216,-0.4980,-0.0977,0.9723,-0.2122,0.4888,0.2326,0.8408),
      ["LeftLowerArm"] = CFrame.new(-0.0005,-0.0001,0.0033,1.0000,-0.0000,0.0000,0.0000,0.5750,-0.8181,0.0000,0.8181,0.5750),
      ["LeftHand"] = CFrame.new(0.0000,0.0000,0.0000,0.9631,-0.2116,-0.1661,0.2181,0.9757,0.0219,0.1575,-0.0574,0.9859),
      ["Head"] = CFrame.new(0.0000,0.0000,0.0000,0.9431,0.1943,-0.2698,-0.1547,0.9747,0.1612,0.2943,-0.1103,0.9493),
      ["RightUpperArm"] = CFrame.new(-0.0191,-0.1371,0.0346,0.9117,-0.0787,-0.4033,0.2135,0.9293,0.3013,0.3511,-0.3608,0.8641),
      ["RightLowerArm"] = CFrame.new(0.0000,0.0000,0.0033,1.0000,-0.0000,0.0000,0.0000,0.7844,-0.6202,0.0000,0.6202,0.7844),
      ["RightHand"] = CFrame.new(0.0000,0.0000,0.0000,0.9909,0.0646,0.1177,-0.0950,0.9569,0.2745,-0.0949,-0.2832,0.9543),
      ["LeftUpperLeg"] = CFrame.new(0.0000,0.0000,0.0000,0.9676,0.2437,-0.0667,0.0209,-0.3404,-0.9401,-0.2518,0.9082,-0.3344),
      ["LeftLowerLeg"] = CFrame.new(0.0000,0.0002,-0.0029,1.0000,-0.0000,0.0000,0.0000,0.3968,0.9179,-0.0000,-0.9179,0.3968),
      ["LeftFoot"] = CFrame.new(0.0000,-0.0002,0.0000,0.9958,-0.0860,-0.0327,0.0921,0.9318,0.3512,0.0003,-0.3527,0.9357),
      ["RightUpperLeg"] = CFrame.new(-0.0406,0.3538,-0.3112,0.9304,-0.3162,-0.1852,0.1563,0.7996,-0.5799,0.3314,0.5106,0.7934),
      ["RightLowerLeg"] = CFrame.new(0.0000,0.0000,-0.0030,1.0000,-0.0000,0.0000,0.0000,0.0706,0.9975,-0.0000,-0.9975,0.0706),
      ["RightFoot"] = CFrame.new(0.0000,0.0000,0.0000,0.9548,0.2777,0.1058,-0.0229,0.4237,-0.9055,-0.2963,0.8622,0.4109),
    }},
    {Time = 5.900, Data = {
      ["HumanoidRootPart"] = CFrame.new(0.0000,0.0000,0.0000,1.0000,0.0000,0.0000,0.0000,1.0000,0.0000,0.0000,0.0000,1.0000),
      ["LowerTorso"] = CFrame.new(0.0000,-0.9316,0.0000,1.0000,-0.0000,0.0000,0.0000,0.9331,0.3597,-0.0000,-0.3597,0.9331),
      ["UpperTorso"] = CFrame.new(0.0000,0.0000,0.0000,0.9431,-0.1547,0.2943,0.1155,0.9824,0.1465,-0.3118,-0.1042,0.9444),
      ["LeftUpperArm"] = CFrame.new(0.2008,-0.0336,0.0173,0.8666,-0.0223,-0.4985,-0.0962,0.9728,-0.2107,0.4896,0.2306,0.8409),
      ["LeftLowerArm"] = CFrame.new(-0.0005,-0.0001,0.0033,1.0000,-0.0000,0.0000,0.0000,0.5716,-0.8205,0.0000,0.8205,0.5716),
      ["LeftHand"] = CFrame.new(0.0000,0.0000,0.0000,0.9620,-0.2106,-0.1739,0.2178,0.9757,0.0231,0.1648,-0.0601,0.9845),
      ["Head"] = CFrame.new(0.0000,0.0000,0.0000,0.9431,0.1969,-0.2680,-0.1547,0.9732,0.1703,0.2943,-0.1191,0.9483),
      ["RightUpperArm"] = CFrame.new(-0.0191,-0.1371,0.0346,0.9117,-0.0824,-0.4026,0.2135,0.9320,0.2928,0.3511,-0.3529,0.8673),
      ["RightLowerArm"] = CFrame.new(0.0000,0.0000,0.0033,1.0000,-0.0000,0.0000,0.0000,0.7800,-0.6257,0.0000,0.6257,0.7800),
      ["RightHand"] = CFrame.new(0.0000,0.0000,0.0000,0.9905,0.0678,0.1199,-0.0994,0.9543,0.2817,-0.0953,-0.2910,0.9520),
      ["LeftUpperLeg"] = CFrame.new(0.0000,0.0000,0.0000,0.9675,0.2435,-0.0677,0.0207,-0.3436,-0.9389,-0.2519,0.9070,-0.3375),
      ["LeftLowerLeg"] = CFrame.new(0.0000,0.0002,-0.0029,1.0000,-0.0000,0.0000,0.0000,0.3937,0.9192,-0.0000,-0.9192,0.3937),
      ["LeftFoot"] = CFrame.new(0.0000,-0.0002,0.0000,0.9957,-0.0861,-0.0328,0.0922,0.9316,0.3516,0.0002,-0.3531,0.9356),
      ["RightUpperLeg"] = CFrame.new(-0.0406,0.3538,-0.3112,0.9302,-0.3170,-0.1849,0.1568,0.7989,-0.5806,0.3318,0.5111,0.7929),
      ["RightLowerLeg"] = CFrame.new(0.0000,0.0000,-0.0030,1.0000,-0.0000,0.0000,0.0000,0.0672,0.9977,-0.0000,-0.9977,0.0672),
      ["RightFoot"] = CFrame.new(0.0000,0.0000,0.0000,0.9546,0.2784,0.1060,-0.0222,0.4215,-0.9065,-0.2971,0.8630,0.4086),
    }},
    {Time = 5.933, Data = {
      ["HumanoidRootPart"] = CFrame.new(0.0000,0.0000,0.0000,1.0000,0.0000,0.0000,0.0000,1.0000,0.0000,0.0000,0.0000,1.0000),
      ["LowerTorso"] = CFrame.new(0.0000,-0.9339,0.0000,1.0000,-0.0000,0.0000,0.0000,0.9331,0.3597,-0.0000,-0.3597,0.9331),
      ["UpperTorso"] = CFrame.new(0.0000,0.0000,0.0000,0.9431,-0.1547,0.2943,0.1155,0.9824,0.1465,-0.3118,-0.1042,0.9444),
      ["LeftUpperArm"] = CFrame.new(0.2006,-0.0329,0.0177,0.8663,-0.0230,-0.4990,-0.0948,0.9732,-0.2094,0.4904,0.2287,0.8410),
      ["LeftLowerArm"] = CFrame.new(-0.0005,-0.0001,0.0033,1.0000,-0.0000,0.0000,0.0000,0.5684,-0.8227,0.0000,0.8227,0.5684),
      ["LeftHand"] = CFrame.new(0.0000,0.0000,0.0000,0.9608,-0.2097,-0.1811,0.2176,0.9757,0.0242,0.1717,-0.0627,0.9832),
      ["Head"] = CFrame.new(0.0000,0.0000,0.0000,0.9431,0.1994,-0.2661,-0.1547,0.9715,0.1794,0.2943,-0.1280,0.9471),
      ["RightUpperArm"] = CFrame.new(-0.0191,-0.1371,0.0346,0.9117,-0.0861,-0.4018,0.2135,0.9347,0.2841,0.3511,-0.3448,0.8706),
      ["RightLowerArm"] = CFrame.new(0.0000,0.0000,0.0033,1.0000,-0.0000,0.0000,0.0000,0.7757,-0.6310,0.0000,0.6310,0.7757),
      ["RightHand"] = CFrame.new(0.0000,0.0000,0.0000,0.9900,0.0708,0.1218,-0.1035,0.9519,0.2885,-0.0956,-0.2982,0.9497),
      ["LeftUpperLeg"] = CFrame.new(0.0000,0.0000,0.0000,0.9675,0.2433,-0.0687,0.0205,-0.3466,-0.9378,-0.2520,0.9059,-0.3403),
      ["LeftLowerLeg"] = CFrame.new(0.0000,0.0002,-0.0029,1.0000,-0.0000,0.0000,0.0000,0.3908,0.9205,-0.0000,-0.9205,0.3908),
      ["LeftFoot"] = CFrame.new(0.0000,-0.0002,0.0000,0.9957,-0.0862,-0.0328,0.0923,0.9315,0.3519,0.0002,-0.3535,0.9355),
      ["RightUpperLeg"] = CFrame.new(-0.0406,0.3538,-0.3112,0.9300,-0.3178,-0.1846,0.1574,0.7983,-0.5813,0.3321,0.5116,0.7924),
      ["RightLowerLeg"] = CFrame.new(0.0000,0.0000,-0.0030,1.0000,-0.0000,0.0000,0.0000,0.0640,0.9979,-0.0000,-0.9979,0.0640),
      ["RightFoot"] = CFrame.new(0.0000,0.0000,0.0000,0.9544,0.2790,0.1063,-0.0216,0.4195,-0.9075,-0.2978,0.8638,0.4064),
    }},
    {Time = 5.967, Data = {
      ["HumanoidRootPart"] = CFrame.new(0.0000,0.0000,0.0000,1.0000,0.0000,0.0000,0.0000,1.0000,0.0000,0.0000,0.0000,1.0000),
      ["LowerTorso"] = CFrame.new(0.0000,-0.9360,0.0000,1.0000,-0.0000,0.0000,0.0000,0.9331,0.3597,-0.0000,-0.3597,0.9331),
      ["UpperTorso"] = CFrame.new(0.0000,0.0000,0.0000,0.9431,-0.1547,0.2943,0.1155,0.9824,0.1465,-0.3118,-0.1042,0.9444),
      ["LeftUpperArm"] = CFrame.new(0.2005,-0.0322,0.0180,0.8660,-0.0236,-0.4994,-0.0935,0.9736,-0.2081,0.4911,0.2269,0.8410),
      ["LeftLowerArm"] = CFrame.new(-0.0005,-0.0001,0.0033,1.0000,-0.0000,0.0000,0.0000,0.5655,-0.8247,0.0000,0.8247,0.5655),
      ["LeftHand"] = CFrame.new(0.0000,0.0000,0.0000,0.9597,-0.2089,-0.1878,0.2173,0.9758,0.0252,0.1780,-0.0650,0.9819),
      ["Head"] = CFrame.new(0.0000,0.0000,0.0000,0.9431,0.2018,-0.2642,-0.1547,0.9698,0.1885,0.2943,-0.1369,0.9459),
      ["RightUpperArm"] = CFrame.new(-0.0190,-0.1371,0.0346,0.9117,-0.0898,-0.4010,0.2135,0.9373,0.2755,0.3511,-0.3367,0.8737),
      ["RightLowerArm"] = CFrame.new(0.0000,0.0000,0.0033,1.0000,-0.0000,0.0000,0.0000,0.7713,-0.6364,0.0000,0.6364,0.7713),
      ["RightHand"] = CFrame.new(0.0000,0.0000,0.0000,0.9896,0.0735,0.1237,-0.1073,0.9495,0.2947,-0.0958,-0.3049,0.9475),
      ["LeftUpperLeg"] = CFrame.new(0.0000,0.0000,0.0000,0.9675,0.2431,-0.0696,0.0204,-0.3493,-0.9368,-0.2520,0.9049,-0.3429),
      ["LeftLowerLeg"] = CFrame.new(0.0000,0.0002,-0.0029,1.0000,-0.0000,0.0000,0.0000,0.3881,0.9216,-0.0000,-0.9216,0.3881),
      ["LeftFoot"] = CFrame.new(0.0000,-0.0002,0.0000,0.9957,-0.0863,-0.0328,0.0924,0.9313,0.3523,0.0002,-0.3538,0.9353),
      ["RightUpperLeg"] = CFrame.new(-0.0406,0.3538,-0.3112,0.9298,-0.3186,-0.1844,0.1579,0.7977,-0.5820,0.3325,0.5120,0.7920),
      ["RightLowerLeg"] = CFrame.new(0.0000,0.0000,-0.0030,1.0000,-0.0000,0.0000,0.0000,0.0611,0.9981,-0.0000,-0.9981,0.0611),
      ["RightFoot"] = CFrame.new(0.0000,0.0000,0.0000,0.9542,0.2796,0.1065,-0.0210,0.4177,-0.9083,-0.2984,0.8645,0.4044),
    }},
    {Time = 6.000, Data = {
      ["HumanoidRootPart"] = CFrame.new(0.0000,0.0000,0.0000,1.0000,0.0000,0.0000,0.0000,1.0000,0.0000,0.0000,0.0000,1.0000),
      ["LowerTorso"] = CFrame.new(0.0000,-0.9379,0.0000,1.0000,-0.0000,0.0000,0.0000,0.9331,0.3597,-0.0000,-0.3597,0.9331),
      ["UpperTorso"] = CFrame.new(0.0000,0.0000,0.0000,0.9431,-0.1547,0.2943,0.1155,0.9824,0.1465,-0.3118,-0.1042,0.9444),
      ["LeftUpperArm"] = CFrame.new(0.2004,-0.0316,0.0184,0.8658,-0.0242,-0.4998,-0.0923,0.9740,-0.2070,0.4918,0.2253,0.8410),
      ["LeftLowerArm"] = CFrame.new(-0.0005,-0.0001,0.0033,1.0000,-0.0000,0.0000,0.0000,0.5628,-0.8266,0.0000,0.8266,0.5628),
      ["LeftHand"] = CFrame.new(0.0000,0.0000,0.0000,0.9587,-0.2081,-0.1939,0.2171,0.9758,0.0262,0.1838,-0.0672,0.9807),
      ["Head"] = CFrame.new(0.0000,0.0000,0.0000,0.9431,0.2043,-0.2624,-0.1547,0.9680,0.1974,0.2943,-0.1456,0.9446),
      ["RightUpperArm"] = CFrame.new(-0.0190,-0.1371,0.0346,0.9117,-0.0935,-0.4001,0.2135,0.9398,0.2668,0.3511,-0.3287,0.8768),
      ["RightLowerArm"] = CFrame.new(0.0000,0.0000,0.0033,1.0000,-0.0000,0.0000,0.0000,0.7669,-0.6418,0.0000,0.6418,0.7669),
      ["RightHand"] = CFrame.new(0.0000,0.0000,0.0000,0.9892,0.0759,0.1254,-0.1108,0.9474,0.3004,-0.0960,-0.3110,0.9455),
      ["LeftUpperLeg"] = CFrame.new(0.0000,0.0000,0.0000,0.9675,0.2429,-0.0704,0.0202,-0.3519,-0.9358,-0.2521,0.9040,-0.3453),
      ["LeftLowerLeg"] = CFrame.new(0.0000,0.0002,-0.0029,1.0000,-0.0000,0.0000,0.0000,0.3856,0.9227,-0.0000,-0.9227,0.3856),
      ["LeftFoot"] = CFrame.new(0.0000,-0.0002,0.0000,0.9957,-0.0864,-0.0329,0.0925,0.9312,0.3526,0.0001,-0.3541,0.9352),
      ["RightUpperLeg"] = CFrame.new(-0.0406,0.3538,-0.3112,0.9296,-0.3192,-0.1841,0.1584,0.7972,-0.5826,0.3328,0.5124,0.7917),
      ["RightLowerLeg"] = CFrame.new(0.0000,0.0000,-0.0030,1.0000,-0.0000,0.0000,0.0000,0.0584,0.9983,-0.0000,-0.9983,0.0584),
      ["RightFoot"] = CFrame.new(0.0000,0.0000,0.0000,0.9540,0.2801,0.1067,-0.0205,0.4160,-0.9091,-0.2990,0.8652,0.4026),
    }},
    {Time = 6.033, Data = {
      ["HumanoidRootPart"] = CFrame.new(0.0000,0.0000,0.0000,1.0000,0.0000,0.0000,0.0000,1.0000,0.0000,0.0000,0.0000,1.0000),
      ["LowerTorso"] = CFrame.new(0.0000,-0.9397,0.0000,1.0000,-0.0000,0.0000,0.0000,0.9331,0.3597,-0.0000,-0.3597,0.9331),
      ["UpperTorso"] = CFrame.new(0.0000,0.0000,0.0000,0.9431,-0.1547,0.2943,0.1155,0.9824,0.1465,-0.3118,-0.1042,0.9444),
      ["LeftUpperArm"] = CFrame.new(0.2003,-0.0311,0.0187,0.8656,-0.0247,-0.5002,-0.0912,0.9743,-0.2060,0.4924,0.2239,0.8411),
      ["LeftLowerArm"] = CFrame.new(-0.0005,-0.0001,0.0033,1.0000,-0.0000,0.0000,0.0000,0.5604,-0.8282,0.0000,0.8282,0.5604),
      ["LeftHand"] = CFrame.new(0.0000,0.0000,0.0000,0.9577,-0.2073,-0.1994,0.2169,0.9758,0.0270,0.1890,-0.0691,0.9795),
      ["Head"] = CFrame.new(0.0000,0.0000,0.0000,0.9431,0.2066,-0.2605,-0.1547,0.9662,0.2061,0.2943,-0.1540,0.9432),
      ["RightUpperArm"] = CFrame.new(-0.0190,-0.1371,0.0346,0.9117,-0.0971,-0.3993,0.2136,0.9421,0.2585,0.3511,-0.3210,0.8796),
      ["RightLowerArm"] = CFrame.new(0.0000,0.0000,0.0033,1.0000,-0.0000,0.0000,0.0000,0.7622,-0.6473,0.0000,0.6473,0.7622),
      ["RightHand"] = CFrame.new(0.0000,0.0000,0.0000,0.9888,0.0781,0.1270,-0.1139,0.9454,0.3054,-0.0962,-0.3165,0.9437),
      ["LeftUpperLeg"] = CFrame.new(0.0000,0.0000,0.0000,0.9675,0.2427,-0.0712,0.0201,-0.3541,-0.9350,-0.2522,0.9032,-0.3475),
      ["LeftLowerLeg"] = CFrame.new(0.0000,0.0002,-0.0029,1.0000,-0.0000,0.0000,0.0000,0.3834,0.9236,-0.0000,-0.9236,0.3834),
      ["LeftFoot"] = CFrame.new(0.0000,-0.0002,0.0000,0.9957,-0.0865,-0.0329,0.0926,0.9311,0.3529,0.0001,-0.3544,0.9351),
      ["RightUpperLeg"] = CFrame.new(-0.0406,0.3538,-0.3112,0.9294,-0.3198,-0.1839,0.1588,0.7967,-0.5831,0.3330,0.5127,0.7913),
      ["RightLowerLeg"] = CFrame.new(0.0000,0.0000,-0.0030,1.0000,-0.0000,0.0000,0.0000,0.0560,0.9984,-0.0000,-0.9984,0.0560),
      ["RightFoot"] = CFrame.new(0.0000,0.0000,0.0000,0.9539,0.2805,0.1069,-0.0200,0.4145,-0.9098,-0.2995,0.8657,0.4010),
    }},
    {Time = 6.067, Data = {
      ["HumanoidRootPart"] = CFrame.new(0.0000,0.0000,0.0000,1.0000,0.0000,0.0000,0.0000,1.0000,0.0000,0.0000,0.0000,1.0000),
      ["LowerTorso"] = CFrame.new(0.0000,-0.9412,0.0000,1.0000,-0.0000,0.0000,0.0000,0.9331,0.3597,-0.0000,-0.3597,0.9331),
      ["UpperTorso"] = CFrame.new(0.0000,0.0000,0.0000,0.9431,-0.1547,0.2943,0.1155,0.9824,0.1465,-0.3118,-0.1042,0.9444),
      ["LeftUpperArm"] = CFrame.new(0.2002,-0.0306,0.0189,0.8654,-0.0252,-0.5005,-0.0903,0.9746,-0.2051,0.4929,0.2227,0.8411),
      ["LeftLowerArm"] = CFrame.new(-0.0005,-0.0001,0.0033,1.0000,-0.0000,0.0000,0.0000,0.5584,-0.8296,0.0000,0.8296,0.5584),
      ["LeftHand"] = CFrame.new(0.0000,0.0000,0.0000,0.9569,-0.2067,-0.2042,0.2167,0.9758,0.0277,0.1935,-0.0708,0.9785),
      ["Head"] = CFrame.new(0.0000,0.0000,0.0000,0.9431,0.2088,-0.2588,-0.1547,0.9644,0.2144,0.2943,-0.1621,0.9419),
      ["RightUpperArm"] = CFrame.new(-0.0190,-0.1371,0.0345,0.9116,-0.1004,-0.3986,0.2136,0.9442,0.2508,0.3511,-0.3138,0.8822),
      ["RightLowerArm"] = CFrame.new(0.0000,0.0000,0.0033,1.0000,-0.0000,0.0000,0.0000,0.7572,-0.6532,0.0000,0.6532,0.7572),
      ["RightHand"] = CFrame.new(0.0000,0.0000,0.0000,0.9885,0.0800,0.1283,-0.1166,0.9436,0.3098,-0.0963,-0.3212,0.9421),
      ["LeftUpperLeg"] = CFrame.new(0.0000,0.0000,0.0000,0.9675,0.2426,-0.0718,0.0200,-0.3561,-0.9342,-0.2522,0.9024,-0.3493),
      ["LeftLowerLeg"] = CFrame.new(0.0000,0.0002,-0.0029,1.0000,-0.0000,0.0000,0.0000,0.3815,0.9244,-0.0000,-0.9244,0.3815),
      ["LeftFoot"] = CFrame.new(0.0000,-0.0002,0.0000,0.9957,-0.0866,-0.0329,0.0926,0.9310,0.3531,0.0001,-0.3547,0.9350),
      ["RightUpperLeg"] = CFrame.new(-0.0406,0.3538,-0.3112,0.9293,-0.3204,-0.1837,0.1592,0.7963,-0.5835,0.3333,0.5130,0.7910),
      ["RightLowerLeg"] = CFrame.new(0.0000,0.0000,-0.0030,1.0000,-0.0000,0.0000,0.0000,0.0540,0.9985,-0.0000,-0.9985,0.0540),
      ["RightFoot"] = CFrame.new(0.0000,0.0000,0.0000,0.9537,0.2809,0.1070,-0.0195,0.4132,-0.9104,-0.3000,0.8662,0.3995),
    }},
    {Time = 6.100, Data = {
      ["HumanoidRootPart"] = CFrame.new(0.0000,0.0000,0.0000,1.0000,0.0000,0.0000,0.0000,1.0000,0.0000,0.0000,0.0000,1.0000),
      ["LowerTorso"] = CFrame.new(0.0000,-0.9424,0.0000,1.0000,-0.0000,0.0000,0.0000,0.9331,0.3597,-0.0000,-0.3597,0.9331),
      ["UpperTorso"] = CFrame.new(0.0000,0.0000,0.0000,0.9431,-0.1547,0.2943,0.1155,0.9824,0.1465,-0.3118,-0.1042,0.9444),
      ["LeftUpperArm"] = CFrame.new(0.2001,-0.0302,0.0192,0.8652,-0.0255,-0.5008,-0.0895,0.9748,-0.2044,0.4934,0.2216,0.8411),
      ["LeftLowerArm"] = CFrame.new(-0.0005,-0.0001,0.0033,1.0000,-0.0000,0.0000,0.0000,0.5566,-0.8308,0.0000,0.8308,0.5566),
      ["LeftHand"] = CFrame.new(0.0000,0.0000,0.0000,0.9561,-0.2062,-0.2082,0.2166,0.9759,0.0284,0.1973,-0.0722,0.9777),
      ["Head"] = CFrame.new(0.0000,0.0000,0.0000,0.9431,0.2109,-0.2571,-0.1547,0.9626,0.2222,0.2943,-0.1698,0.9405),
      ["RightUpperArm"] = CFrame.new(-0.0190,-0.1372,0.0345,0.9116,-0.1034,-0.3979,0.2137,0.9460,0.2438,0.3512,-0.3072,0.8845),
      ["RightLowerArm"] = CFrame.new(0.0000,0.0000,0.0033,1.0000,-0.0000,0.0000,0.0000,0.7516,-0.6596,0.0000,0.6596,0.7516),
      ["RightHand"] = CFrame.new(0.0000,0.0000,0.0000,0.9882,0.0816,0.1295,-0.1189,0.9421,0.3135,-0.0964,-0.3253,0.9407),
      ["LeftUpperLeg"] = CFrame.new(0.0000,0.0000,0.0000,0.9675,0.2425,-0.0724,0.0199,-0.3578,-0.9336,-0.2523,0.9018,-0.3510),
      ["LeftLowerLeg"] = CFrame.new(0.0000,0.0002,-0.0029,1.0000,-0.0000,0.0000,0.0000,0.3797,0.9251,-0.0000,-0.9251,0.3797),
      ["LeftFoot"] = CFrame.new(0.0000,-0.0002,0.0000,0.9957,-0.0866,-0.0329,0.0927,0.9309,0.3533,0.0001,-0.3548,0.9349),
      ["RightUpperLeg"] = CFrame.new(-0.0406,0.3538,-0.3112,0.9292,-0.3208,-0.1836,0.1595,0.7960,-0.5839,0.3335,0.5133,0.7908),
      ["RightLowerLeg"] = CFrame.new(0.0000,0.0000,-0.0030,1.0000,-0.0000,0.0000,0.0000,0.0522,0.9986,-0.0000,-0.9986,0.0522),
      ["RightFoot"] = CFrame.new(0.0000,0.0000,0.0000,0.9536,0.2813,0.1072,-0.0192,0.4121,-0.9110,-0.3004,0.8666,0.3983),
    }},
    {Time = 6.133, Data = {
      ["HumanoidRootPart"] = CFrame.new(0.0000,0.0000,0.0000,1.0000,0.0000,0.0000,0.0000,1.0000,0.0000,0.0000,0.0000,1.0000),
      ["LowerTorso"] = CFrame.new(0.0000,-0.9435,0.0000,1.0000,-0.0000,0.0000,0.0000,0.9331,0.3597,-0.0000,-0.3597,0.9331),
      ["UpperTorso"] = CFrame.new(0.0000,0.0000,0.0000,0.9431,-0.1547,0.2943,0.1155,0.9824,0.1465,-0.3118,-0.1042,0.9444),
      ["LeftUpperArm"] = CFrame.new(0.2000,-0.0299,0.0193,0.8651,-0.0259,-0.5010,-0.0889,0.9750,-0.2038,0.4937,0.2208,0.8411),
      ["LeftLowerArm"] = CFrame.new(-0.0005,-0.0001,0.0033,1.0000,-0.0000,0.0000,0.0000,0.5552,-0.8317,0.0000,0.8317,0.5552),
      ["LeftHand"] = CFrame.new(0.0000,0.0000,0.0000,0.9555,-0.2057,-0.2114,0.2165,0.9759,0.0289,0.2003,-0.0733,0.9770),
      ["Head"] = CFrame.new(0.0000,0.0000,0.0000,0.9431,0.2129,-0.2555,-0.1547,0.9610,0.2294,0.2943,-0.1768,0.9392),
      ["RightUpperArm"] = CFrame.new(-0.0190,-0.1372,0.0345,0.9115,-0.1060,-0.3973,0.2138,0.9475,0.2377,0.3513,-0.3017,0.8863),
      ["RightLowerArm"] = CFrame.new(0.0000,0.0000,0.0033,1.0000,-0.0000,0.0000,0.0000,0.7453,-0.6667,0.0000,0.6667,0.7453),
      ["RightHand"] = CFrame.new(0.0000,0.0000,0.0000,0.9880,0.0829,0.1304,-0.1208,0.9409,0.3165,-0.0965,-0.3285,0.9396),
      ["LeftUpperLeg"] = CFrame.new(0.0000,0.0000,0.0000,0.9674,0.2424,-0.0728,0.0198,-0.3592,-0.9331,-0.2523,0.9013,-0.3523),
      ["LeftLowerLeg"] = CFrame.new(0.0000,0.0002,-0.0029,1.0000,-0.0000,0.0000,0.0000,0.3784,0.9256,-0.0000,-0.9256,0.3784),
      ["LeftFoot"] = CFrame.new(0.0000,-0.0002,0.0000,0.9957,-0.0867,-0.0329,0.0927,0.9308,0.3535,0.0000,-0.3550,0.9349),
      ["RightUpperLeg"] = CFrame.new(-0.0406,0.3538,-0.3112,0.9291,-0.3212,-0.1834,0.1597,0.7957,-0.5842,0.3336,0.5135,0.7906),
      ["RightLowerLeg"] = CFrame.new(0.0000,0.0000,-0.0030,1.0000,-0.0000,0.0000,0.0000,0.0508,0.9987,-0.0000,-0.9987,0.0508),
      ["RightFoot"] = CFrame.new(0.0000,0.0000,0.0000,0.9535,0.2816,0.1073,-0.0189,0.4112,-0.9114,-0.3007,0.8670,0.3974),
    }},
    {Time = 6.167, Data = {
      ["HumanoidRootPart"] = CFrame.new(0.0000,0.0000,0.0000,1.0000,0.0000,0.0000,0.0000,1.0000,0.0000,0.0000,0.0000,1.0000),
      ["LowerTorso"] = CFrame.new(0.0000,-0.9442,0.0000,1.0000,-0.0000,0.0000,0.0000,0.9331,0.3597,-0.0000,-0.3597,0.9331),
      ["UpperTorso"] = CFrame.new(0.0000,0.0000,0.0000,0.9431,-0.1547,0.2943,0.1155,0.9824,0.1465,-0.3118,-0.1042,0.9444),
      ["LeftUpperArm"] = CFrame.new(0.2000,-0.0297,0.0195,0.8650,-0.0261,-0.5012,-0.0884,0.9751,-0.2034,0.4940,0.2202,0.8411),
      ["LeftLowerArm"] = CFrame.new(-0.0005,-0.0001,0.0033,1.0000,-0.0000,0.0000,0.0000,0.5542,-0.8324,0.0000,0.8324,0.5542),
      ["LeftHand"] = CFrame.new(0.0000,0.0000,0.0000,0.9551,-0.2054,-0.2137,0.2164,0.9759,0.0292,0.2026,-0.0742,0.9765),
      ["Head"] = CFrame.new(0.0000,0.0000,0.0000,0.9431,0.2146,-0.2540,-0.1547,0.9594,0.2359,0.2943,-0.1832,0.9380),
      ["RightUpperArm"] = CFrame.new(-0.0189,-0.1373,0.0345,0.9115,-0.1082,-0.3969,0.2140,0.9487,0.2329,0.3513,-0.2973,0.8878),
      ["RightLowerArm"] = CFrame.new(0.0000,0.0000,0.0033,1.0000,-0.0000,0.0000,0.0000,0.7381,-0.6747,0.0000,0.6747,0.7381),
      ["RightHand"] = CFrame.new(0.0000,0.0000,0.0000,0.9878,0.0839,0.1311,-0.1221,0.9400,0.3187,-0.0965,-0.3308,0.9387),
      ["LeftUpperLeg"] = CFrame.new(0.0000,0.0000,0.0000,0.9674,0.2423,-0.0731,0.0197,-0.3601,-0.9327,-0.2523,0.9009,-0.3532),
      ["LeftLowerLeg"] = CFrame.new(0.0000,0.0002,-0.0029,1.0000,-0.0000,0.0000,0.0000,0.3774,0.9260,-0.0000,-0.9260,0.3774),
      ["LeftFoot"] = CFrame.new(0.0000,-0.0002,0.0000,0.9957,-0.0867,-0.0329,0.0928,0.9308,0.3536,-0.0000,-0.3551,0.9348),
      ["RightUpperLeg"] = CFrame.new(-0.0406,0.3538,-0.3112,0.9290,-0.3214,-0.1834,0.1599,0.7955,-0.5844,0.3337,0.5136,0.7904),
      ["RightLowerLeg"] = CFrame.new(0.0000,0.0000,-0.0030,1.0000,-0.0000,0.0000,0.0000,0.0498,0.9988,-0.0000,-0.9988,0.0498),
      ["RightFoot"] = CFrame.new(0.0000,0.0000,0.0000,0.9535,0.2818,0.1073,-0.0187,0.4105,-0.9117,-0.3010,0.8672,0.3967),
    }},
    {Time = 6.200, Data = {
      ["HumanoidRootPart"] = CFrame.new(0.0000,0.0000,0.0000,1.0000,0.0000,0.0000,0.0000,1.0000,0.0000,0.0000,0.0000,1.0000),
      ["LowerTorso"] = CFrame.new(0.0000,-0.9447,0.0000,1.0000,-0.0000,0.0000,0.0000,0.9331,0.3597,-0.0000,-0.3597,0.9331),
      ["UpperTorso"] = CFrame.new(0.0000,0.0000,0.0000,0.9431,-0.1547,0.2943,0.1155,0.9824,0.1465,-0.3118,-0.1042,0.9444),
      ["LeftUpperArm"] = CFrame.new(0.1999,-0.0295,0.0195,0.8649,-0.0262,-0.5012,-0.0881,0.9752,-0.2031,0.4941,0.2198,0.8411),
      ["LeftLowerArm"] = CFrame.new(-0.0005,-0.0001,0.0033,1.0000,-0.0000,0.0000,0.0000,0.5536,-0.8328,0.0000,0.8328,0.5536),
      ["LeftHand"] = CFrame.new(0.0000,0.0000,0.0000,0.9548,-0.2052,-0.2152,0.2163,0.9759,0.0294,0.2040,-0.0747,0.9761),
      ["Head"] = CFrame.new(0.0000,0.0000,0.0000,0.9431,0.2161,-0.2527,-0.1547,0.9579,0.2417,0.2943,-0.1888,0.9369),
      ["RightUpperArm"] = CFrame.new(-0.0189,-0.1374,0.0344,0.9114,-0.1097,-0.3967,0.2142,0.9494,0.2296,0.3514,-0.2942,0.8888),
      ["RightLowerArm"] = CFrame.new(0.0000,0.0000,0.0033,1.0000,-0.0000,0.0000,0.0000,0.7297,-0.6837,0.0000,0.6837,0.7297),
      ["RightHand"] = CFrame.new(0.0000,0.0000,0.0000,0.9877,0.0845,0.1315,-0.1229,0.9394,0.3200,-0.0965,-0.3323,0.9382),
      ["LeftUpperLeg"] = CFrame.new(0.0000,0.0000,0.0000,0.9674,0.2423,-0.0733,0.0197,-0.3607,-0.9325,-0.2524,0.9006,-0.3538),
      ["LeftLowerLeg"] = CFrame.new(0.0000,0.0002,-0.0029,1.0000,-0.0000,0.0000,0.0000,0.3769,0.9263,-0.0000,-0.9263,0.3769),
      ["LeftFoot"] = CFrame.new(0.0000,-0.0002,0.0000,0.9957,-0.0867,-0.0329,0.0928,0.9308,0.3537,-0.0000,-0.3552,0.9348),
      ["RightUpperLeg"] = CFrame.new(-0.0406,0.3538,-0.3112,0.9290,-0.3216,-0.1833,0.1600,0.7954,-0.5846,0.3338,0.5137,0.7904),
      ["RightLowerLeg"] = CFrame.new(0.0000,0.0000,-0.0030,1.0000,-0.0000,0.0000,0.0000,0.0491,0.9988,-0.0000,-0.9988,0.0491),
      ["RightFoot"] = CFrame.new(0.0000,0.0000,0.0000,0.9534,0.2819,0.1073,-0.0186,0.4101,-0.9119,-0.3011,0.8674,0.3962),
    }},
    {Time = 6.233, Data = {
      ["HumanoidRootPart"] = CFrame.new(0.0000,0.0000,0.0000,1.0000,0.0000,0.0000,0.0000,1.0000,0.0000,0.0000,0.0000,1.0000),
      ["LowerTorso"] = CFrame.new(0.0000,-0.9448,0.0000,1.0000,-0.0000,0.0000,0.0000,0.9331,0.3597,-0.0000,-0.3597,0.9331),
      ["UpperTorso"] = CFrame.new(0.0000,0.0000,0.0000,0.9431,-0.1547,0.2943,0.1155,0.9824,0.1465,-0.3118,-0.1042,0.9444),
      ["LeftUpperArm"] = CFrame.new(0.2000,-0.0296,0.0196,0.8649,-0.0262,-0.5012,-0.0881,0.9752,-0.2030,0.4941,0.2198,0.8412),
      ["LeftLowerArm"] = CFrame.new(-0.0005,-0.0001,0.0033,1.0000,-0.0000,0.0000,0.0000,0.5534,-0.8329,0.0000,0.8329,0.5534),
      ["LeftHand"] = CFrame.new(0.0000,0.0000,0.0000,0.9547,-0.2052,-0.2157,0.2164,0.9759,0.0294,0.2045,-0.0748,0.9760),
      ["Head"] = CFrame.new(0.0000,0.0000,0.0000,0.9431,0.2174,-0.2516,-0.1547,0.9567,0.2465,0.2943,-0.1935,0.9359),
      ["RightUpperArm"] = CFrame.new(-0.0188,-0.1375,0.0344,0.9113,-0.1106,-0.3967,0.2145,0.9498,0.2279,0.3515,-0.2928,0.8892),
      ["RightLowerArm"] = CFrame.new(0.0000,0.0000,0.0033,1.0000,-0.0000,0.0000,0.0000,0.7201,-0.6939,0.0000,0.6939,0.7201),
      ["RightHand"] = CFrame.new(0.0000,0.0000,0.0000,0.9877,0.0846,0.1317,-0.1232,0.9392,0.3205,-0.0965,-0.3327,0.9381),
      ["LeftUpperLeg"] = CFrame.new(0.0000,0.0000,0.0000,0.9674,0.2423,-0.0733,0.0197,-0.3609,-0.9324,-0.2524,0.9006,-0.3539),
      ["LeftLowerLeg"] = CFrame.new(0.0000,0.0002,-0.0029,1.0000,-0.0000,0.0000,0.0000,0.3767,0.9263,-0.0000,-0.9263,0.3767),
      ["LeftFoot"] = CFrame.new(0.0000,-0.0002,0.0000,0.9957,-0.0867,-0.0329,0.0927,0.9308,0.3537,-0.0000,-0.3552,0.9348),
      ["RightUpperLeg"] = CFrame.new(-0.0406,0.3538,-0.3112,0.9290,-0.3216,-0.1833,0.1600,0.7954,-0.5846,0.3338,0.5137,0.7904),
      ["RightLowerLeg"] = CFrame.new(0.0000,0.0000,-0.0030,1.0000,-0.0000,0.0000,0.0000,0.0490,0.9988,-0.0000,-0.9988,0.0490),
      ["RightFoot"] = CFrame.new(0.0000,0.0000,0.0000,0.9534,0.2820,0.1073,-0.0186,0.4100,-0.9119,-0.3011,0.8674,0.3961),
    }},
    {Time = 6.267, Data = {
      ["HumanoidRootPart"] = CFrame.new(0.0000,0.0000,0.0000,1.0000,0.0000,0.0000,0.0000,1.0000,0.0000,0.0000,0.0000,1.0000),
      ["LowerTorso"] = CFrame.new(0.0000,-0.9447,0.0000,1.0000,-0.0000,0.0000,0.0000,0.9331,0.3597,-0.0000,-0.3597,0.9331),
      ["UpperTorso"] = CFrame.new(0.0000,0.0000,0.0000,0.9431,-0.1547,0.2943,0.1155,0.9824,0.1465,-0.3118,-0.1042,0.9444),
      ["LeftUpperArm"] = CFrame.new(0.2000,-0.0296,0.0195,0.8649,-0.0262,-0.5012,-0.0882,0.9752,-0.2031,0.4941,0.2199,0.8412),
      ["LeftLowerArm"] = CFrame.new(-0.0005,-0.0001,0.0033,1.0000,-0.0000,0.0000,0.0000,0.5536,-0.8328,0.0000,0.8328,0.5536),
      ["LeftHand"] = CFrame.new(0.0000,0.0000,0.0000,0.9548,-0.2052,-0.2152,0.2164,0.9759,0.0294,0.2040,-0.0747,0.9761),
      ["Head"] = CFrame.new(0.0000,0.0000,0.0000,0.9431,0.2184,-0.2507,-0.1547,0.9557,0.2504,0.2943,-0.1973,0.9351),
      ["RightUpperArm"] = CFrame.new(-0.0188,-0.1377,0.0343,0.9111,-0.1107,-0.3969,0.2147,0.9497,0.2280,0.3517,-0.2930,0.8891),
      ["RightLowerArm"] = CFrame.new(0.0000,0.0000,0.0033,1.0000,-0.0000,0.0000,0.0000,0.7090,-0.7052,0.0000,0.7052,0.7090),
      ["RightHand"] = CFrame.new(0.0000,0.0000,0.0000,0.9877,0.0845,0.1315,-0.1229,0.9394,0.3200,-0.0965,-0.3323,0.9382),
      ["LeftUpperLeg"] = CFrame.new(0.0000,0.0000,0.0000,0.9674,0.2423,-0.0733,0.0197,-0.3607,-0.9325,-0.2524,0.9006,-0.3538),
      ["LeftLowerLeg"] = CFrame.new(0.0000,0.0002,-0.0029,1.0000,-0.0000,0.0000,0.0000,0.3769,0.9263,-0.0000,-0.9263,0.3769),
      ["LeftFoot"] = CFrame.new(0.0000,-0.0002,0.0000,0.9957,-0.0867,-0.0329,0.0927,0.9308,0.3536,-0.0000,-0.3552,0.9348),
      ["RightUpperLeg"] = CFrame.new(-0.0406,0.3538,-0.3112,0.9290,-0.3216,-0.1834,0.1600,0.7954,-0.5845,0.3338,0.5137,0.7904),
      ["RightLowerLeg"] = CFrame.new(0.0000,0.0000,-0.0030,1.0000,-0.0000,0.0000,0.0000,0.0491,0.9988,-0.0000,-0.9988,0.0491),
      ["RightFoot"] = CFrame.new(0.0000,0.0000,0.0000,0.9534,0.2819,0.1073,-0.0186,0.4101,-0.9119,-0.3011,0.8674,0.3962),
    }},
    {Time = 6.300, Data = {
      ["HumanoidRootPart"] = CFrame.new(0.0000,0.0000,0.0000,1.0000,0.0000,0.0000,0.0000,1.0000,0.0000,0.0000,0.0000,1.0000),
      ["LowerTorso"] = CFrame.new(0.0000,-0.9442,0.0000,1.0000,-0.0000,0.0000,0.0000,0.9331,0.3597,-0.0000,-0.3597,0.9331),
      ["UpperTorso"] = CFrame.new(0.0000,0.0000,0.0000,0.9431,-0.1547,0.2943,0.1155,0.9824,0.1465,-0.3118,-0.1042,0.9444),
      ["LeftUpperArm"] = CFrame.new(0.2000,-0.0297,0.0195,0.8650,-0.0261,-0.5012,-0.0884,0.9751,-0.2034,0.4940,0.2202,0.8411),
      ["LeftLowerArm"] = CFrame.new(-0.0005,-0.0001,0.0033,1.0000,-0.0000,0.0000,0.0000,0.5542,-0.8324,0.0000,0.8324,0.5542),
      ["LeftHand"] = CFrame.new(0.0000,0.0000,0.0000,0.9551,-0.2054,-0.2137,0.2164,0.9759,0.0292,0.2026,-0.0742,0.9765),
      ["Head"] = CFrame.new(0.0000,0.0000,0.0000,0.9431,0.2192,-0.2501,-0.1547,0.9549,0.2533,0.2943,-0.2002,0.9345),
      ["RightUpperArm"] = CFrame.new(-0.0187,-0.1379,0.0342,0.9110,-0.1102,-0.3974,0.2151,0.9491,0.2299,0.3519,-0.2950,0.8884),
      ["RightLowerArm"] = CFrame.new(0.0000,0.0000,0.0033,1.0000,-0.0000,0.0000,0.0000,0.6964,-0.7177,0.0000,0.7177,0.6964),
      ["RightHand"] = CFrame.new(0.0000,0.0000,0.0000,0.9878,0.0839,0.1311,-0.1221,0.9400,0.3187,-0.0965,-0.3308,0.9387),
      ["LeftUpperLeg"] = CFrame.new(0.0000,0.0000,0.0000,0.9674,0.2424,-0.0731,0.0197,-0.3601,-0.9327,-0.2524,0.9009,-0.3532),
      ["LeftLowerLeg"] = CFrame.new(0.0000,0.0002,-0.0029,1.0000,-0.0000,0.0000,0.0000,0.3774,0.9260,-0.0000,-0.9260,0.3774),
      ["LeftFoot"] = CFrame.new(0.0000,-0.0002,0.0000,0.9957,-0.0867,-0.0329,0.0927,0.9308,0.3536,-0.0000,-0.3551,0.9348),
      ["RightUpperLeg"] = CFrame.new(-0.0406,0.3538,-0.3112,0.9290,-0.3214,-0.1834,0.1599,0.7955,-0.5844,0.3338,0.5136,0.7904),
      ["RightLowerLeg"] = CFrame.new(0.0000,0.0000,-0.0030,1.0000,-0.0000,0.0000,0.0000,0.0498,0.9988,-0.0000,-0.9988,0.0498),
      ["RightFoot"] = CFrame.new(0.0000,0.0000,0.0000,0.9535,0.2818,0.1073,-0.0187,0.4105,-0.9117,-0.3009,0.8672,0.3967),
    }},
    {Time = 6.333, Data = {
      ["HumanoidRootPart"] = CFrame.new(0.0000,0.0000,0.0000,1.0000,0.0000,0.0000,0.0000,1.0000,0.0000,0.0000,0.0000,1.0000),
      ["LowerTorso"] = CFrame.new(0.0000,-0.9435,0.0000,1.0000,-0.0000,0.0000,0.0000,0.9331,0.3597,-0.0000,-0.3597,0.9331),
      ["UpperTorso"] = CFrame.new(0.0000,0.0000,0.0000,0.9431,-0.1547,0.2943,0.1155,0.9824,0.1465,-0.3118,-0.1042,0.9444),
      ["LeftUpperArm"] = CFrame.new(0.2000,-0.0299,0.0193,0.8651,-0.0259,-0.5010,-0.0889,0.9750,-0.2038,0.4937,0.2208,0.8411),
      ["LeftLowerArm"] = CFrame.new(-0.0005,-0.0001,0.0033,1.0000,-0.0000,0.0000,0.0000,0.5552,-0.8317,0.0000,0.8317,0.5552),
      ["LeftHand"] = CFrame.new(0.0000,0.0000,0.0000,0.9555,-0.2057,-0.2114,0.2165,0.9759,0.0289,0.2003,-0.0733,0.9770),
      ["Head"] = CFrame.new(0.0000,0.0000,0.0000,0.9431,0.2197,-0.2496,-0.1547,0.9544,0.2554,0.2943,-0.2022,0.9341),
      ["RightUpperArm"] = CFrame.new(-0.0186,-0.1380,0.0341,0.9108,-0.1090,-0.3981,0.2155,0.9482,0.2333,0.3520,-0.2983,0.8872),
      ["RightLowerArm"] = CFrame.new(0.0000,0.0000,0.0033,1.0000,-0.0000,0.0000,0.0000,0.6827,-0.7307,0.0000,0.7307,0.6827),
      ["RightHand"] = CFrame.new(0.0000,0.0000,0.0000,0.9880,0.0829,0.1304,-0.1208,0.9409,0.3165,-0.0965,-0.3285,0.9396),
      ["LeftUpperLeg"] = CFrame.new(0.0000,0.0000,0.0000,0.9674,0.2424,-0.0728,0.0198,-0.3592,-0.9331,-0.2523,0.9013,-0.3523),
      ["LeftLowerLeg"] = CFrame.new(0.0000,0.0002,-0.0029,1.0000,-0.0000,0.0000,0.0000,0.3784,0.9256,-0.0000,-0.9256,0.3784),
      ["LeftFoot"] = CFrame.new(0.0000,-0.0002,0.0000,0.9957,-0.0867,-0.0329,0.0927,0.9308,0.3535,-0.0000,-0.3550,0.9349),
      ["RightUpperLeg"] = CFrame.new(-0.0406,0.3538,-0.3112,0.9291,-0.3212,-0.1834,0.1597,0.7957,-0.5842,0.3336,0.5135,0.7906),
      ["RightLowerLeg"] = CFrame.new(0.0000,0.0000,-0.0030,1.0000,-0.0000,0.0000,0.0000,0.0508,0.9987,-0.0000,-0.9987,0.0508),
      ["RightFoot"] = CFrame.new(0.0000,0.0000,0.0000,0.9535,0.2816,0.1073,-0.0189,0.4112,-0.9114,-0.3007,0.8670,0.3974),
    }},
    {Time = 6.367, Data = {
      ["HumanoidRootPart"] = CFrame.new(0.0000,0.0000,0.0000,1.0000,0.0000,0.0000,0.0000,1.0000,0.0000,0.0000,0.0000,1.0000),
      ["LowerTorso"] = CFrame.new(0.0000,-0.9424,0.0000,1.0000,-0.0000,0.0000,0.0000,0.9331,0.3597,-0.0000,-0.3597,0.9331),
      ["UpperTorso"] = CFrame.new(0.0000,0.0000,0.0000,0.9431,-0.1547,0.2943,0.1155,0.9824,0.1465,-0.3118,-0.1042,0.9444),
      ["LeftUpperArm"] = CFrame.new(0.2001,-0.0302,0.0192,0.8652,-0.0255,-0.5008,-0.0895,0.9748,-0.2044,0.4934,0.2216,0.8411),
      ["LeftLowerArm"] = CFrame.new(-0.0005,-0.0001,0.0033,1.0000,-0.0000,0.0000,0.0000,0.5566,-0.8308,0.0000,0.8308,0.5566),
      ["LeftHand"] = CFrame.new(0.0000,0.0000,0.0000,0.9561,-0.2062,-0.2082,0.2166,0.9759,0.0284,0.1973,-0.0722,0.9777),
      ["Head"] = CFrame.new(0.0000,0.0000,0.0000,0.9431,0.2200,-0.2493,-0.1547,0.9541,0.2566,0.2943,-0.2034,0.9338),
      ["RightUpperArm"] = CFrame.new(-0.0185,-0.1382,0.0340,0.9107,-0.1073,-0.3989,0.2159,0.9470,0.2380,0.3522,-0.3028,0.8856),
      ["RightLowerArm"] = CFrame.new(0.0000,0.0000,0.0033,1.0000,-0.0000,0.0000,0.0000,0.6682,-0.7440,0.0000,0.7440,0.6682),
      ["RightHand"] = CFrame.new(0.0000,0.0000,0.0000,0.9882,0.0816,0.1295,-0.1189,0.9421,0.3135,-0.0964,-0.3253,0.9407),
      ["LeftUpperLeg"] = CFrame.new(0.0000,0.0000,0.0000,0.9675,0.2425,-0.0724,0.0199,-0.3578,-0.9336,-0.2523,0.9018,-0.3510),
      ["LeftLowerLeg"] = CFrame.new(0.0000,0.0002,-0.0029,1.0000,-0.0000,0.0000,0.0000,0.3797,0.9251,-0.0000,-0.9251,0.3797),
      ["LeftFoot"] = CFrame.new(0.0000,-0.0002,0.0000,0.9957,-0.0866,-0.0329,0.0927,0.9309,0.3533,0.0000,-0.3548,0.9349),
      ["RightUpperLeg"] = CFrame.new(-0.0406,0.3538,-0.3112,0.9292,-0.3208,-0.1836,0.1595,0.7960,-0.5839,0.3335,0.5133,0.7908),
      ["RightLowerLeg"] = CFrame.new(0.0000,0.0000,-0.0030,1.0000,-0.0000,0.0000,0.0000,0.0522,0.9986,-0.0000,-0.9986,0.0522),
      ["RightFoot"] = CFrame.new(0.0000,0.0000,0.0000,0.9536,0.2813,0.1072,-0.0192,0.4121,-0.9110,-0.3004,0.8666,0.3983),
    }},
    {Time = 6.400, Data = {
      ["HumanoidRootPart"] = CFrame.new(0.0000,0.0000,0.0000,1.0000,0.0000,0.0000,0.0000,1.0000,0.0000,0.0000,0.0000,1.0000),
      ["LowerTorso"] = CFrame.new(0.0000,-0.9412,0.0000,1.0000,-0.0000,0.0000,0.0000,0.9331,0.3597,-0.0000,-0.3597,0.9331),
      ["UpperTorso"] = CFrame.new(0.0000,0.0000,0.0000,0.9431,-0.1547,0.2943,0.1155,0.9824,0.1465,-0.3118,-0.1042,0.9444),
      ["LeftUpperArm"] = CFrame.new(0.2002,-0.0306,0.0189,0.8654,-0.0252,-0.5005,-0.0903,0.9746,-0.2051,0.4929,0.2227,0.8411),
      ["LeftLowerArm"] = CFrame.new(-0.0005,-0.0001,0.0033,1.0000,-0.0000,0.0000,0.0000,0.5584,-0.8296,0.0000,0.8296,0.5584),
      ["LeftHand"] = CFrame.new(0.0000,0.0000,0.0000,0.9569,-0.2067,-0.2042,0.2167,0.9758,0.0277,0.1935,-0.0708,0.9785),
      ["Head"] = CFrame.new(0.0000,0.0000,0.0000,0.9431,0.2201,-0.2492,-0.1547,0.9539,0.2570,0.2943,-0.2038,0.9337),
      ["RightUpperArm"] = CFrame.new(-0.0184,-0.1385,0.0339,0.9105,-0.1052,-0.3999,0.2163,0.9454,0.2438,0.3525,-0.3085,0.8835),
      ["RightLowerArm"] = CFrame.new(0.0000,0.0000,0.0033,1.0000,-0.0000,0.0000,0.0000,0.6528,-0.7575,0.0000,0.7575,0.6528),
      ["RightHand"] = CFrame.new(0.0000,0.0000,0.0000,0.9885,0.0800,0.1283,-0.1166,0.9436,0.3098,-0.0963,-0.3212,0.9421),
      ["LeftUpperLeg"] = CFrame.new(0.0000,0.0000,0.0000,0.9675,0.2426,-0.0718,0.0200,-0.3561,-0.9342,-0.2522,0.9024,-0.3493),
      ["LeftLowerLeg"] = CFrame.new(0.0000,0.0002,-0.0029,1.0000,-0.0000,0.0000,0.0000,0.3815,0.9244,-0.0000,-0.9244,0.3815),
      ["LeftFoot"] = CFrame.new(0.0000,-0.0002,0.0000,0.9957,-0.0866,-0.0329,0.0926,0.9310,0.3531,0.0000,-0.3547,0.9350),
      ["RightUpperLeg"] = CFrame.new(-0.0406,0.3538,-0.3112,0.9293,-0.3204,-0.1837,0.1592,0.7963,-0.5835,0.3333,0.5130,0.7910),
      ["RightLowerLeg"] = CFrame.new(0.0000,0.0000,-0.0030,1.0000,-0.0000,0.0000,0.0000,0.0540,0.9985,-0.0000,-0.9985,0.0540),
      ["RightFoot"] = CFrame.new(0.0000,0.0000,0.0000,0.9537,0.2809,0.1070,-0.0195,0.4132,-0.9104,-0.3000,0.8662,0.3995),
    }},
    {Time = 6.433, Data = {
      ["HumanoidRootPart"] = CFrame.new(0.0000,0.0000,0.0000,1.0000,0.0000,0.0000,0.0000,1.0000,0.0000,0.0000,0.0000,1.0000),
      ["LowerTorso"] = CFrame.new(0.0000,-0.9397,0.0000,1.0000,-0.0000,0.0000,0.0000,0.9331,0.3597,-0.0000,-0.3597,0.9331),
      ["UpperTorso"] = CFrame.new(0.0000,0.0000,0.0000,0.9431,-0.1547,0.2943,0.1155,0.9824,0.1465,-0.3118,-0.1042,0.9444),
      ["LeftUpperArm"] = CFrame.new(0.2003,-0.0311,0.0187,0.8656,-0.0247,-0.5002,-0.0912,0.9743,-0.2060,0.4924,0.2239,0.8411),
      ["LeftLowerArm"] = CFrame.new(-0.0005,-0.0001,0.0033,1.0000,-0.0000,0.0000,0.0000,0.5604,-0.8282,0.0000,0.8282,0.5604),
      ["LeftHand"] = CFrame.new(0.0000,0.0000,0.0000,0.9577,-0.2073,-0.1994,0.2169,0.9758,0.0270,0.1890,-0.0691,0.9795),
      ["Head"] = CFrame.new(0.0000,0.0000,0.0000,0.9431,0.2201,-0.2493,-0.1547,0.9540,0.2568,0.2943,-0.2036,0.9338),
      ["RightUpperArm"] = CFrame.new(-0.0184,-0.1387,0.0338,0.9103,-0.1026,-0.4010,0.2168,0.9435,0.2506,0.3527,-0.3150,0.8811),
      ["RightLowerArm"] = CFrame.new(0.0000,0.0000,0.0033,1.0000,-0.0000,0.0000,0.0000,0.6370,-0.7709,0.0000,0.7709,0.6370),
      ["RightHand"] = CFrame.new(0.0000,0.0000,0.0000,0.9888,0.0781,0.1270,-0.1139,0.9454,0.3054,-0.0962,-0.3165,0.9437),
      ["LeftUpperLeg"] = CFrame.new(0.0000,0.0000,0.0000,0.9675,0.2427,-0.0712,0.0201,-0.3541,-0.9350,-0.2522,0.9032,-0.3475),
      ["LeftLowerLeg"] = CFrame.new(0.0000,0.0002,-0.0029,1.0000,-0.0000,0.0000,0.0000,0.3834,0.9236,-0.0000,-0.9236,0.3834),
      ["LeftFoot"] = CFrame.new(0.0000,-0.0002,0.0000,0.9957,-0.0865,-0.0329,0.0926,0.9311,0.3529,0.0001,-0.3544,0.9351),
      ["RightUpperLeg"] = CFrame.new(-0.0406,0.3538,-0.3112,0.9294,-0.3198,-0.1839,0.1588,0.7967,-0.5831,0.3330,0.5127,0.7913),
      ["RightLowerLeg"] = CFrame.new(0.0000,0.0000,-0.0030,1.0000,-0.0000,0.0000,0.0000,0.0560,0.9984,-0.0000,-0.9984,0.0560),
      ["RightFoot"] = CFrame.new(0.0000,0.0000,0.0000,0.9539,0.2805,0.1069,-0.0200,0.4145,-0.9098,-0.2995,0.8657,0.4010),
    }},
    {Time = 6.467, Data = {
      ["HumanoidRootPart"] = CFrame.new(0.0000,0.0000,0.0000,1.0000,0.0000,0.0000,0.0000,1.0000,0.0000,0.0000,0.0000,1.0000),
      ["LowerTorso"] = CFrame.new(0.0000,-0.9379,0.0000,1.0000,-0.0000,0.0000,0.0000,0.9331,0.3597,-0.0000,-0.3597,0.9331),
      ["UpperTorso"] = CFrame.new(0.0000,0.0000,0.0000,0.9431,-0.1547,0.2943,0.1155,0.9824,0.1465,-0.3118,-0.1042,0.9444),
      ["LeftUpperArm"] = CFrame.new(0.2004,-0.0316,0.0184,0.8658,-0.0242,-0.4998,-0.0923,0.9740,-0.2070,0.4918,0.2253,0.8410),
      ["LeftLowerArm"] = CFrame.new(-0.0005,-0.0001,0.0033,1.0000,-0.0000,0.0000,0.0000,0.5628,-0.8266,0.0000,0.8266,0.5628),
      ["LeftHand"] = CFrame.new(0.0000,0.0000,0.0000,0.9587,-0.2081,-0.1939,0.2171,0.9758,0.0262,0.1838,-0.0672,0.9807),
      ["Head"] = CFrame.new(0.0000,0.0000,0.0000,0.9431,0.2198,-0.2495,-0.1547,0.9542,0.2559,0.2943,-0.2027,0.9340),
      ["RightUpperArm"] = CFrame.new(-0.0183,-0.1389,0.0337,0.9101,-0.0997,-0.4022,0.2172,0.9414,0.2582,0.3529,-0.3223,0.8784),
      ["RightLowerArm"] = CFrame.new(0.0000,0.0000,0.0033,1.0000,-0.0000,0.0000,0.0000,0.6209,-0.7839,0.0000,0.7839,0.6209),
      ["RightHand"] = CFrame.new(0.0000,0.0000,0.0000,0.9892,0.0759,0.1254,-0.1108,0.9474,0.3004,-0.0960,-0.3110,0.9455),
      ["LeftUpperLeg"] = CFrame.new(0.0000,0.0000,0.0000,0.9675,0.2429,-0.0704,0.0202,-0.3519,-0.9358,-0.2521,0.9040,-0.3453),
      ["LeftLowerLeg"] = CFrame.new(0.0000,0.0002,-0.0029,1.0000,-0.0000,0.0000,0.0000,0.3856,0.9227,-0.0000,-0.9227,0.3856),
      ["LeftFoot"] = CFrame.new(0.0000,-0.0002,0.0000,0.9957,-0.0864,-0.0329,0.0925,0.9312,0.3526,0.0001,-0.3541,0.9352),
      ["RightUpperLeg"] = CFrame.new(-0.0406,0.3538,-0.3112,0.9296,-0.3192,-0.1841,0.1584,0.7972,-0.5826,0.3328,0.5124,0.7917),
      ["RightLowerLeg"] = CFrame.new(0.0000,0.0000,-0.0030,1.0000,-0.0000,0.0000,0.0000,0.0584,0.9983,-0.0000,-0.9983,0.0584),
      ["RightFoot"] = CFrame.new(0.0000,0.0000,0.0000,0.9540,0.2801,0.1067,-0.0205,0.4160,-0.9091,-0.2990,0.8652,0.4026),
    }},
    {Time = 6.500, Data = {
      ["HumanoidRootPart"] = CFrame.new(0.0000,0.0000,0.0000,1.0000,0.0000,0.0000,0.0000,1.0000,0.0000,0.0000,0.0000,1.0000),
      ["LowerTorso"] = CFrame.new(0.0000,-0.9360,0.0000,1.0000,-0.0000,0.0000,0.0000,0.9331,0.3597,-0.0000,-0.3597,0.9331),
      ["UpperTorso"] = CFrame.new(0.0000,0.0000,0.0000,0.9431,-0.1547,0.2943,0.1155,0.9824,0.1465,-0.3118,-0.1042,0.9444),
      ["LeftUpperArm"] = CFrame.new(0.2005,-0.0322,0.0180,0.8660,-0.0236,-0.4994,-0.0935,0.9736,-0.2081,0.4911,0.2269,0.8410),
      ["LeftLowerArm"] = CFrame.new(-0.0005,-0.0001,0.0033,1.0000,-0.0000,0.0000,0.0000,0.5655,-0.8247,0.0000,0.8247,0.5655),
      ["LeftHand"] = CFrame.new(0.0000,0.0000,0.0000,0.9597,-0.2089,-0.1878,0.2173,0.9758,0.0252,0.1780,-0.0650,0.9819),
      ["Head"] = CFrame.new(0.0000,0.0000,0.0000,0.9431,0.2194,-0.2498,-0.1547,0.9546,0.2544,0.2943,-0.2012,0.9343),
      ["RightUpperArm"] = CFrame.new(-0.0182,-0.1391,0.0336,0.9099,-0.0964,-0.4035,0.2177,0.9389,0.2665,0.3531,-0.3303,0.8753),
      ["RightLowerArm"] = CFrame.new(0.0000,0.0000,0.0033,1.0000,-0.0000,0.0000,0.0000,0.6046,-0.7965,0.0000,0.7965,0.6046),
      ["RightHand"] = CFrame.new(0.0000,0.0000,0.0000,0.9896,0.0735,0.1237,-0.1073,0.9495,0.2947,-0.0958,-0.3049,0.9475),
      ["LeftUpperLeg"] = CFrame.new(0.0000,0.0000,0.0000,0.9675,0.2431,-0.0696,0.0204,-0.3493,-0.9368,-0.2520,0.9049,-0.3429),
      ["LeftLowerLeg"] = CFrame.new(0.0000,0.0002,-0.0029,1.0000,-0.0000,0.0000,0.0000,0.3881,0.9216,-0.0000,-0.9216,0.3881),
      ["LeftFoot"] = CFrame.new(0.0000,-0.0002,0.0000,0.9957,-0.0863,-0.0328,0.0924,0.9313,0.3523,0.0002,-0.3538,0.9353),
      ["RightUpperLeg"] = CFrame.new(-0.0406,0.3538,-0.3112,0.9298,-0.3186,-0.1844,0.1579,0.7977,-0.5820,0.3325,0.5120,0.7920),
      ["RightLowerLeg"] = CFrame.new(0.0000,0.0000,-0.0030,1.0000,-0.0000,0.0000,0.0000,0.0611,0.9981,-0.0000,-0.9981,0.0611),
      ["RightFoot"] = CFrame.new(0.0000,0.0000,0.0000,0.9542,0.2796,0.1065,-0.0210,0.4177,-0.9083,-0.2984,0.8645,0.4044),
    }},
    {Time = 6.533, Data = {
      ["HumanoidRootPart"] = CFrame.new(0.0000,0.0000,0.0000,1.0000,0.0000,0.0000,0.0000,1.0000,0.0000,0.0000,0.0000,1.0000),
      ["LowerTorso"] = CFrame.new(0.0000,-0.9339,0.0000,1.0000,-0.0000,0.0000,0.0000,0.9331,0.3597,-0.0000,-0.3597,0.9331),
      ["UpperTorso"] = CFrame.new(0.0000,0.0000,0.0000,0.9431,-0.1547,0.2943,0.1155,0.9824,0.1465,-0.3118,-0.1042,0.9444),
      ["LeftUpperArm"] = CFrame.new(0.2006,-0.0329,0.0177,0.8663,-0.0230,-0.4990,-0.0948,0.9732,-0.2094,0.4904,0.2287,0.8410),
      ["LeftLowerArm"] = CFrame.new(-0.0005,-0.0001,0.0033,1.0000,-0.0000,0.0000,0.0000,0.5684,-0.8227,0.0000,0.8227,0.5684),
      ["LeftHand"] = CFrame.new(0.0000,0.0000,0.0000,0.9608,-0.2097,-0.1811,0.2176,0.9757,0.0242,0.1716,-0.0627,0.9832),
      ["Head"] = CFrame.new(0.0000,0.0000,0.0000,0.9431,0.2189,-0.2503,-0.1547,0.9552,0.2523,0.2943,-0.1992,0.9347),
      ["RightUpperArm"] = CFrame.new(-0.0181,-0.1394,0.0335,0.9097,-0.0929,-0.4047,0.2181,0.9363,0.2753,0.3533,-0.3388,0.8720),
      ["RightLowerArm"] = CFrame.new(0.0000,0.0000,0.0033,1.0000,-0.0000,0.0000,0.0000,0.5886,-0.8085,0.0000,0.8085,0.5886),
      ["RightHand"] = CFrame.new(0.0000,0.0000,0.0000,0.9900,0.0708,0.1218,-0.1035,0.9519,0.2885,-0.0956,-0.2982,0.9497),
      ["LeftUpperLeg"] = CFrame.new(0.0000,0.0000,0.0000,0.9675,0.2433,-0.0687,0.0205,-0.3466,-0.9378,-0.2520,0.9059,-0.3403),
      ["LeftLowerLeg"] = CFrame.new(0.0000,0.0002,-0.0029,1.0000,-0.0000,0.0000,0.0000,0.3908,0.9205,-0.0000,-0.9205,0.3908),
      ["LeftFoot"] = CFrame.new(0.0000,-0.0002,0.0000,0.9957,-0.0862,-0.0328,0.0923,0.9315,0.3519,0.0002,-0.3535,0.9355),
      ["RightUpperLeg"] = CFrame.new(-0.0406,0.3538,-0.3112,0.9300,-0.3178,-0.1846,0.1574,0.7983,-0.5813,0.3321,0.5116,0.7924),
      ["RightLowerLeg"] = CFrame.new(0.0000,0.0000,-0.0030,1.0000,-0.0000,0.0000,0.0000,0.0640,0.9979,-0.0000,-0.9979,0.0640),
      ["RightFoot"] = CFrame.new(0.0000,0.0000,0.0000,0.9544,0.2790,0.1063,-0.0216,0.4195,-0.9075,-0.2978,0.8638,0.4064),
    }},
    {Time = 6.567, Data = {
      ["HumanoidRootPart"] = CFrame.new(0.0000,0.0000,0.0000,1.0000,0.0000,0.0000,0.0000,1.0000,0.0000,0.0000,0.0000,1.0000),
      ["LowerTorso"] = CFrame.new(0.0000,-0.9316,0.0000,1.0000,-0.0000,0.0000,0.0000,0.9331,0.3597,-0.0000,-0.3597,0.9331),
      ["UpperTorso"] = CFrame.new(0.0000,0.0000,0.0000,0.9431,-0.1547,0.2943,0.1155,0.9824,0.1465,-0.3118,-0.1042,0.9444),
      ["LeftUpperArm"] = CFrame.new(0.2008,-0.0336,0.0173,0.8666,-0.0223,-0.4985,-0.0962,0.9728,-0.2107,0.4896,0.2306,0.8409),
      ["LeftLowerArm"] = CFrame.new(-0.0005,-0.0001,0.0033,1.0000,-0.0000,0.0000,0.0000,0.5716,-0.8205,0.0000,0.8205,0.5716),
      ["LeftHand"] = CFrame.new(0.0000,0.0000,0.0000,0.9620,-0.2106,-0.1739,0.2178,0.9757,0.0231,0.1648,-0.0601,0.9845),
      ["Head"] = CFrame.new(0.0000,0.0000,0.0000,0.9431,0.2182,-0.2509,-0.1547,0.9559,0.2498,0.2943,-0.1967,0.9352),
      ["RightUpperArm"] = CFrame.new(-0.0180,-0.1396,0.0334,0.9095,-0.0892,-0.4060,0.2186,0.9334,0.2845,0.3536,-0.3475,0.8685),
      ["RightLowerArm"] = CFrame.new(0.0000,0.0000,0.0033,1.0000,-0.0000,0.0000,0.0000,0.5730,-0.8196,0.0000,0.8196,0.5730),
      ["RightHand"] = CFrame.new(0.0000,0.0000,0.0000,0.9905,0.0678,0.1199,-0.0994,0.9543,0.2817,-0.0953,-0.2910,0.9520),
      ["LeftUpperLeg"] = CFrame.new(0.0000,0.0000,0.0000,0.9675,0.2435,-0.0677,0.0207,-0.3436,-0.9389,-0.2519,0.9070,-0.3375),
      ["LeftLowerLeg"] = CFrame.new(0.0000,0.0002,-0.0029,1.0000,-0.0000,0.0000,0.0000,0.3937,0.9192,-0.0000,-0.9192,0.3937),
      ["LeftFoot"] = CFrame.new(0.0000,-0.0002,0.0000,0.9957,-0.0861,-0.0328,0.0922,0.9316,0.3516,0.0002,-0.3531,0.9356),
      ["RightUpperLeg"] = CFrame.new(-0.0406,0.3538,-0.3112,0.9302,-0.3170,-0.1849,0.1568,0.7989,-0.5806,0.3318,0.5111,0.7929),
      ["RightLowerLeg"] = CFrame.new(0.0000,0.0000,-0.0030,1.0000,-0.0000,0.0000,0.0000,0.0672,0.9977,-0.0000,-0.9977,0.0672),
      ["RightFoot"] = CFrame.new(0.0000,0.0000,0.0000,0.9546,0.2784,0.1060,-0.0222,0.4215,-0.9065,-0.2971,0.8630,0.4086),
    }},
    {Time = 6.600, Data = {
      ["HumanoidRootPart"] = CFrame.new(0.0000,0.0000,0.0000,1.0000,0.0000,0.0000,0.0000,1.0000,0.0000,0.0000,0.0000,1.0000),
      ["LowerTorso"] = CFrame.new(0.0000,-0.9292,0.0000,1.0000,-0.0000,0.0000,0.0000,0.9331,0.3597,-0.0000,-0.3597,0.9331),
      ["UpperTorso"] = CFrame.new(0.0000,0.0000,0.0000,0.9431,-0.1547,0.2943,0.1155,0.9824,0.1465,-0.3118,-0.1042,0.9444),
      ["LeftUpperArm"] = CFrame.new(0.2009,-0.0343,0.0169,0.8669,-0.0216,-0.4980,-0.0977,0.9723,-0.2122,0.4888,0.2326,0.8408),
      ["LeftLowerArm"] = CFrame.new(-0.0005,-0.0001,0.0033,1.0000,-0.0000,0.0000,0.0000,0.5750,-0.8181,0.0000,0.8181,0.5750),
      ["LeftHand"] = CFrame.new(0.0000,0.0000,0.0000,0.9631,-0.2116,-0.1661,0.2181,0.9757,0.0219,0.1575,-0.0574,0.9859),
      ["Head"] = CFrame.new(0.0000,0.0000,0.0000,0.9431,0.2175,-0.2516,-0.1547,0.9566,0.2468,0.2943,-0.1938,0.9358),
      ["RightUpperArm"] = CFrame.new(-0.0179,-0.1398,0.0333,0.9093,-0.0854,-0.4072,0.2190,0.9304,0.2940,0.3538,-0.3565,0.8647),
      ["RightLowerArm"] = CFrame.new(0.0000,0.0000,0.0033,1.0000,-0.0000,0.0000,0.0000,0.5580,-0.8299,0.0000,0.8299,0.5580),
      ["RightHand"] = CFrame.new(0.0000,0.0000,0.0000,0.9909,0.0646,0.1177,-0.0950,0.9569,0.2745,-0.0949,-0.2832,0.9543),
      ["LeftUpperLeg"] = CFrame.new(0.0000,0.0000,0.0000,0.9676,0.2437,-0.0667,0.0209,-0.3404,-0.9401,-0.2518,0.9082,-0.3344),
      ["LeftLowerLeg"] = CFrame.new(0.0000,0.0002,-0.0029,1.0000,-0.0000,0.0000,0.0000,0.3968,0.9179,-0.0000,-0.9179,0.3968),
      ["LeftFoot"] = CFrame.new(0.0000,-0.0002,0.0000,0.9958,-0.0860,-0.0327,0.0921,0.9318,0.3512,0.0003,-0.3527,0.9357),
      ["RightUpperLeg"] = CFrame.new(-0.0406,0.3538,-0.3112,0.9304,-0.3162,-0.1852,0.1563,0.7996,-0.5799,0.3314,0.5106,0.7934),
      ["RightLowerLeg"] = CFrame.new(0.0000,0.0000,-0.0030,1.0000,-0.0000,0.0000,0.0000,0.0706,0.9975,-0.0000,-0.9975,0.0706),
      ["RightFoot"] = CFrame.new(0.0000,0.0000,0.0000,0.9548,0.2777,0.1058,-0.0229,0.4237,-0.9055,-0.2963,0.8622,0.4109),
    }},
    {Time = 6.633, Data = {
      ["HumanoidRootPart"] = CFrame.new(0.0000,0.0000,0.0000,1.0000,0.0000,0.0000,0.0000,1.0000,0.0000,0.0000,0.0000,1.0000),
      ["LowerTorso"] = CFrame.new(0.0000,-0.9266,0.0000,1.0000,-0.0000,0.0000,0.0000,0.9331,0.3597,-0.0000,-0.3597,0.9331),
      ["UpperTorso"] = CFrame.new(0.0000,0.0000,0.0000,0.9431,-0.1547,0.2943,0.1155,0.9824,0.1465,-0.3118,-0.1042,0.9444),
      ["LeftUpperArm"] = CFrame.new(0.2011,-0.0351,0.0164,0.8673,-0.0209,-0.4974,-0.0992,0.9718,-0.2138,0.4879,0.2347,0.8408),
      ["LeftLowerArm"] = CFrame.new(-0.0005,-0.0001,0.0033,1.0000,-0.0000,0.0000,0.0000,0.5786,-0.8156,0.0000,0.8156,0.5786),
      ["LeftHand"] = CFrame.new(0.0000,0.0000,0.0000,0.9643,-0.2126,-0.1580,0.2185,0.9756,0.0207,0.1497,-0.0545,0.9872),
      ["Head"] = CFrame.new(0.0000,0.0000,0.0000,0.9431,0.2166,-0.2523,-0.1547,0.9575,0.2435,0.2943,-0.1906,0.9365),
      ["RightUpperArm"] = CFrame.new(-0.0178,-0.1400,0.0332,0.9092,-0.0815,-0.4084,0.2194,0.9272,0.3035,0.3540,-0.3656,0.8609),
      ["RightLowerArm"] = CFrame.new(0.0000,0.0000,0.0033,1.0000,-0.0000,0.0000,0.0000,0.5439,-0.8392,0.0000,0.8392,0.5439),
      ["RightHand"] = CFrame.new(0.0000,0.0000,0.0000,0.9914,0.0613,0.1156,-0.0904,0.9595,0.2669,-0.0945,-0.2750,0.9568),
      ["LeftUpperLeg"] = CFrame.new(0.0000,0.0000,0.0000,0.9676,0.2439,-0.0656,0.0211,-0.3370,-0.9413,-0.2517,0.9094,-0.3312),
      ["LeftLowerLeg"] = CFrame.new(0.0000,0.0002,-0.0029,1.0000,-0.0000,0.0000,0.0000,0.4002,0.9164,-0.0000,-0.9164,0.4002),
      ["LeftFoot"] = CFrame.new(0.0000,-0.0002,0.0000,0.9958,-0.0859,-0.0327,0.0919,0.9319,0.3508,0.0003,-0.3524,0.9359),
      ["RightUpperLeg"] = CFrame.new(-0.0406,0.3538,-0.3112,0.9307,-0.3153,-0.1855,0.1557,0.8003,-0.5791,0.3311,0.5101,0.7939),
      ["RightLowerLeg"] = CFrame.new(0.0000,0.0000,-0.0030,1.0000,-0.0000,0.0000,0.0000,0.0742,0.9972,-0.0000,-0.9972,0.0742),
      ["RightFoot"] = CFrame.new(0.0000,0.0000,0.0000,0.9550,0.2771,0.1055,-0.0236,0.4259,-0.9045,-0.2955,0.8613,0.4133),
    }},
    {Time = 6.667, Data = {
      ["HumanoidRootPart"] = CFrame.new(0.0000,0.0000,0.0000,1.0000,0.0000,0.0000,0.0000,1.0000,0.0000,0.0000,0.0000,1.0000),
      ["LowerTorso"] = CFrame.new(0.0000,-0.9239,0.0000,1.0000,-0.0000,0.0000,0.0000,0.9331,0.3597,-0.0000,-0.3597,0.9331),
      ["UpperTorso"] = CFrame.new(0.0000,0.0000,0.0000,0.9431,-0.1547,0.2943,0.1155,0.9824,0.1465,-0.3118,-0.1042,0.9444),
      ["LeftUpperArm"] = CFrame.new(0.2013,-0.0359,0.0159,0.8676,-0.0201,-0.4969,-0.1009,0.9713,-0.2154,0.4870,0.2370,0.8407),
      ["LeftLowerArm"] = CFrame.new(-0.0005,-0.0001,0.0033,1.0000,-0.0000,0.0000,0.0000,0.5824,-0.8129,0.0000,0.8129,0.5824),
      ["LeftHand"] = CFrame.new(0.0000,0.0000,0.0000,0.9654,-0.2136,-0.1494,0.2188,0.9756,0.0194,0.1416,-0.0514,0.9886),
      ["Head"] = CFrame.new(0.0000,0.0000,0.0000,0.9431,0.2156,-0.2531,-0.1547,0.9584,0.2398,0.2943,-0.1870,0.9372),
      ["RightUpperArm"] = CFrame.new(-0.0177,-0.1402,0.0331,0.9090,-0.0775,-0.4095,0.2198,0.9239,0.3131,0.3542,-0.3746,0.8569),
      ["RightLowerArm"] = CFrame.new(0.0000,0.0000,0.0033,1.0000,-0.0000,0.0000,0.0000,0.5309,-0.8474,0.0000,0.8474,0.5309),
      ["RightHand"] = CFrame.new(0.0000,0.0000,0.0000,0.9919,0.0578,0.1133,-0.0856,0.9621,0.2588,-0.0940,-0.2664,0.9593),
      ["LeftUpperLeg"] = CFrame.new(0.0000,0.0000,0.0000,0.9676,0.2441,-0.0645,0.0213,-0.3334,-0.9425,-0.2516,0.9106,-0.3278),
      ["LeftLowerLeg"] = CFrame.new(0.0000,0.0002,-0.0029,1.0000,-0.0000,0.0000,0.0000,0.4037,0.9149,-0.0000,-0.9149,0.4037),
      ["LeftFoot"] = CFrame.new(0.0000,-0.0002,0.0000,0.9958,-0.0858,-0.0326,0.0918,0.9321,0.3505,0.0003,-0.3520,0.9360),
      ["RightUpperLeg"] = CFrame.new(-0.0406,0.3538,-0.3112,0.9309,-0.3143,-0.1859,0.1550,0.8010,-0.5782,0.3307,0.5095,0.7944),
      ["RightLowerLeg"] = CFrame.new(0.0000,0.0000,-0.0030,1.0000,-0.0000,0.0000,0.0000,0.0779,0.9970,-0.0000,-0.9970,0.0779),
      ["RightFoot"] = CFrame.new(0.0000,0.0000,0.0000,0.9553,0.2763,0.1053,-0.0243,0.4282,-0.9033,-0.2947,0.8604,0.4158),
    }},
    {Time = 6.700, Data = {
      ["HumanoidRootPart"] = CFrame.new(0.0000,0.0000,0.0000,1.0000,0.0000,0.0000,0.0000,1.0000,0.0000,0.0000,0.0000,1.0000),
      ["LowerTorso"] = CFrame.new(0.0000,-0.9211,0.0000,1.0000,-0.0000,0.0000,0.0000,0.9331,0.3597,-0.0000,-0.3597,0.9331),
      ["UpperTorso"] = CFrame.new(0.0000,0.0000,0.0000,0.9431,-0.1547,0.2943,0.1155,0.9824,0.1465,-0.3118,-0.1042,0.9444),
      ["LeftUpperArm"] = CFrame.new(0.2014,-0.0367,0.0155,0.8679,-0.0193,-0.4963,-0.1025,0.9707,-0.2171,0.4860,0.2394,0.8405),
      ["LeftLowerArm"] = CFrame.new(-0.0005,-0.0001,0.0033,1.0000,-0.0000,0.0000,0.0000,0.5864,-0.8100,0.0000,0.8100,0.5864),
      ["LeftHand"] = CFrame.new(0.0000,0.0000,0.0000,0.9665,-0.2146,-0.1405,0.2192,0.9755,0.0181,0.1332,-0.0483,0.9899),
      ["Head"] = CFrame.new(0.0000,0.0000,0.0000,0.9431,0.2146,-0.2540,-0.1547,0.9594,0.2359,0.2943,-0.1831,0.9380),
      ["RightUpperArm"] = CFrame.new(-0.0176,-0.1404,0.0330,0.9089,-0.0735,-0.4106,0.2201,0.9206,0.3225,0.3543,-0.3835,0.8529),
      ["RightLowerArm"] = CFrame.new(0.0000,0.0000,0.0033,1.0000,-0.0000,0.0000,0.0000,0.5193,-0.8546,0.0000,0.8546,0.5193),
      ["RightHand"] = CFrame.new(0.0000,0.0000,0.0000,0.9924,0.0541,0.1110,-0.0806,0.9648,0.2505,-0.0935,-0.2575,0.9617),
      ["LeftUpperLeg"] = CFrame.new(0.0000,0.0000,0.0000,0.9676,0.2444,-0.0633,0.0215,-0.3297,-0.9438,-0.2515,0.9119,-0.3243),
      ["LeftLowerLeg"] = CFrame.new(0.0000,0.0002,-0.0029,1.0000,-0.0000,0.0000,0.0000,0.4073,0.9133,-0.0000,-0.9133,0.4073),
      ["LeftFoot"] = CFrame.new(0.0000,-0.0002,0.0000,0.9958,-0.0857,-0.0326,0.0917,0.9322,0.3501,0.0004,-0.3516,0.9361),
      ["RightUpperLeg"] = CFrame.new(-0.0406,0.3538,-0.3112,0.9312,-0.3134,-0.1862,0.1544,0.8018,-0.5773,0.3302,0.5089,0.7950),
      ["RightLowerLeg"] = CFrame.new(0.0000,0.0000,-0.0030,1.0000,-0.0000,0.0000,0.0000,0.0818,0.9966,-0.0000,-0.9966,0.0818),
      ["RightFoot"] = CFrame.new(0.0000,0.0000,0.0000,0.9555,0.2756,0.1050,-0.0251,0.4307,-0.9022,-0.2939,0.8594,0.4184),
    }},
    {Time = 6.733, Data = {
      ["HumanoidRootPart"] = CFrame.new(0.0000,0.0000,0.0000,1.0000,0.0000,0.0000,0.0000,1.0000,0.0000,0.0000,0.0000,1.0000),
      ["LowerTorso"] = CFrame.new(0.0000,-0.9183,0.0000,1.0000,-0.0000,0.0000,0.0000,0.9331,0.3597,-0.0000,-0.3597,0.9331),
      ["UpperTorso"] = CFrame.new(0.0000,0.0000,0.0000,0.9431,-0.1547,0.2943,0.1155,0.9824,0.1465,-0.3118,-0.1042,0.9444),
      ["LeftUpperArm"] = CFrame.new(0.2016,-0.0376,0.0150,0.8683,-0.0186,-0.4957,-0.1043,0.9701,-0.2189,0.4850,0.2418,0.8404),
      ["LeftLowerArm"] = CFrame.new(-0.0005,-0.0001,0.0033,1.0000,-0.0000,0.0000,0.0000,0.5905,-0.8071,0.0000,0.8071,0.5905),
      ["LeftHand"] = CFrame.new(0.0000,0.0000,0.0000,0.9676,-0.2156,-0.1314,0.2196,0.9754,0.0167,0.1245,-0.0450,0.9912),
      ["Head"] = CFrame.new(0.0000,0.0000,0.0000,0.9431,0.2135,-0.2549,-0.1547,0.9604,0.2317,0.2943,-0.1791,0.9388),
      ["RightUpperArm"] = CFrame.new(-0.0176,-0.1405,0.0329,0.9087,-0.0695,-0.4115,0.2204,0.9173,0.3317,0.3544,-0.3921,0.8489),
      ["RightLowerArm"] = CFrame.new(0.0000,0.0000,0.0033,1.0000,-0.0000,0.0000,0.0000,0.5094,-0.8606,0.0000,0.8606,0.5094),
      ["RightHand"] = CFrame.new(0.0000,0.0000,0.0000,0.9928,0.0503,0.1086,-0.0754,0.9674,0.2418,-0.0929,-0.2483,0.9642),
      ["LeftUpperLeg"] = CFrame.new(0.0000,0.0000,0.0000,0.9676,0.2446,-0.0621,0.0217,-0.3259,-0.9451,-0.2514,0.9132,-0.3207),
      ["LeftLowerLeg"] = CFrame.new(0.0000,0.0002,-0.0029,1.0000,-0.0000,0.0000,0.0000,0.4111,0.9116,-0.0000,-0.9116,0.4111),
      ["LeftFoot"] = CFrame.new(0.0000,-0.0002,0.0000,0.9958,-0.0856,-0.0325,0.0915,0.9324,0.3497,0.0004,-0.3512,0.9363),
      ["RightUpperLeg"] = CFrame.new(-0.0406,0.3538,-0.3112,0.9314,-0.3124,-0.1866,0.1537,0.8026,-0.5764,0.3298,0.5082,0.7956),
      ["RightLowerLeg"] = CFrame.new(0.0000,0.0000,-0.0030,1.0000,-0.0000,0.0000,0.0000,0.0858,0.9963,-0.0000,-0.9963,0.0858),
      ["RightFoot"] = CFrame.new(0.0000,0.0000,0.0000,0.9558,0.2749,0.1047,-0.0259,0.4332,-0.9009,-0.2930,0.8584,0.4211),
    }},
    {Time = 6.767, Data = {
      ["HumanoidRootPart"] = CFrame.new(0.0000,0.0000,0.0000,1.0000,0.0000,0.0000,0.0000,1.0000,0.0000,0.0000,0.0000,1.0000),
      ["LowerTorso"] = CFrame.new(0.0000,-0.9153,0.0000,1.0000,-0.0000,0.0000,0.0000,0.9331,0.3597,-0.0000,-0.3597,0.9331),
      ["UpperTorso"] = CFrame.new(0.0000,0.0000,0.0000,0.9431,-0.1547,0.2943,0.1155,0.9824,0.1465,-0.3118,-0.1042,0.9444),
      ["LeftUpperArm"] = CFrame.new(0.2018,-0.0385,0.0145,0.8686,-0.0178,-0.4952,-0.1060,0.9695,-0.2208,0.4840,0.2443,0.8403),
      ["LeftLowerArm"] = CFrame.new(-0.0005,-0.0001,0.0033,1.0000,-0.0000,0.0000,0.0000,0.5947,-0.8040,0.0000,0.8040,0.5947),
      ["LeftHand"] = CFrame.new(0.0000,0.0000,0.0000,0.9686,-0.2166,-0.1220,0.2200,0.9754,0.0153,0.1156,-0.0417,0.9924),
      ["Head"] = CFrame.new(0.0000,0.0000,0.0000,0.9431,0.2123,-0.2559,-0.1547,0.9614,0.2274,0.2943,-0.1749,0.9396),
      ["RightUpperArm"] = CFrame.new(-0.0175,-0.1406,0.0329,0.9087,-0.0657,-0.4124,0.2206,0.9140,0.3404,0.3545,-0.4003,0.8450),
      ["RightLowerArm"] = CFrame.new(0.0000,0.0000,0.0033,1.0000,-0.0000,0.0000,0.0000,0.5013,-0.8653,0.0000,0.8653,0.5013),
      ["RightHand"] = CFrame.new(0.0000,0.0000,0.0000,0.9933,0.0463,0.1062,-0.0702,0.9699,0.2330,-0.0923,-0.2389,0.9667),
      ["LeftUpperLeg"] = CFrame.new(0.0000,0.0000,0.0000,0.9677,0.2448,-0.0608,0.0220,-0.3220,-0.9465,-0.2513,0.9145,-0.3170),
      ["LeftLowerLeg"] = CFrame.new(0.0000,0.0002,-0.0029,1.0000,-0.0000,0.0000,0.0000,0.4149,0.9099,-0.0000,-0.9099,0.4149),
      ["LeftFoot"] = CFrame.new(0.0000,-0.0002,0.0000,0.9958,-0.0854,-0.0325,0.0914,0.9325,0.3494,0.0005,-0.3509,0.9364),
      ["RightUpperLeg"] = CFrame.new(-0.0406,0.3538,-0.3112,0.9317,-0.3114,-0.1870,0.1530,0.8034,-0.5755,0.3294,0.5076,0.7962),
      ["RightLowerLeg"] = CFrame.new(0.0000,0.0000,-0.0030,1.0000,-0.0000,0.0000,0.0000,0.0899,0.9959,-0.0000,-0.9959,0.0899),
      ["RightFoot"] = CFrame.new(0.0000,0.0000,0.0000,0.9560,0.2741,0.1044,-0.0267,0.4357,-0.8997,-0.2921,0.8573,0.4239),
    }},
    {Time = 6.800, Data = {
      ["HumanoidRootPart"] = CFrame.new(0.0000,0.0000,0.0000,1.0000,0.0000,0.0000,0.0000,1.0000,0.0000,0.0000,0.0000,1.0000),
      ["LowerTorso"] = CFrame.new(0.0000,-0.9123,0.0000,1.0000,-0.0000,0.0000,0.0000,0.9331,0.3597,-0.0000,-0.3597,0.9331),
      ["UpperTorso"] = CFrame.new(0.0000,0.0000,0.0000,0.9431,-0.1547,0.2943,0.1155,0.9824,0.1465,-0.3118,-0.1042,0.9444),
      ["LeftUpperArm"] = CFrame.new(0.2020,-0.0394,0.0140,0.8690,-0.0170,-0.4946,-0.1078,0.9689,-0.2227,0.4830,0.2469,0.8401),
      ["LeftLowerArm"] = CFrame.new(-0.0005,-0.0001,0.0033,1.0000,-0.0000,0.0000,0.0000,0.5989,-0.8008,0.0000,0.8008,0.5989),
      ["LeftHand"] = CFrame.new(0.0000,0.0000,0.0000,0.9695,-0.2176,-0.1124,0.2205,0.9753,0.0139,0.1066,-0.0383,0.9936),
      ["Head"] = CFrame.new(0.0000,0.0000,0.0000,0.9431,0.2112,-0.2569,-0.1547,0.9625,0.2230,0.2943,-0.1706,0.9404),
      ["RightUpperArm"] = CFrame.new(-0.0175,-0.1407,0.0329,0.9086,-0.0621,-0.4130,0.2207,0.9109,0.3486,0.3546,-0.4079,0.8413),
      ["RightLowerArm"] = CFrame.new(0.0000,0.0000,0.0033,1.0000,-0.0000,0.0000,0.0000,0.4953,-0.8687,0.0000,0.8687,0.4953),
      ["RightHand"] = CFrame.new(0.0000,0.0000,0.0000,0.9937,0.0423,0.1039,-0.0648,0.9724,0.2239,-0.0915,-0.2292,0.9691),
      ["LeftUpperLeg"] = CFrame.new(0.0000,0.0000,0.0000,0.9677,0.2450,-0.0596,0.0222,-0.3180,-0.9478,-0.2512,0.9159,-0.3132),
      ["LeftLowerLeg"] = CFrame.new(0.0000,0.0002,-0.0029,1.0000,-0.0000,0.0000,0.0000,0.4188,0.9081,-0.0000,-0.9081,0.4188),
      ["LeftFoot"] = CFrame.new(0.0000,-0.0002,0.0000,0.9958,-0.0853,-0.0324,0.0913,0.9327,0.3490,0.0005,-0.3505,0.9366),
      ["RightUpperLeg"] = CFrame.new(-0.0406,0.3538,-0.3112,0.9320,-0.3103,-0.1873,0.1523,0.8042,-0.5745,0.3290,0.5069,0.7968),
      ["RightLowerLeg"] = CFrame.new(0.0000,0.0000,-0.0030,1.0000,-0.0000,0.0000,0.0000,0.0941,0.9956,-0.0000,-0.9956,0.0941),
      ["RightFoot"] = CFrame.new(0.0000,0.0000,0.0000,0.9563,0.2734,0.1041,-0.0275,0.4383,-0.8984,-0.2912,0.8562,0.4267),
    }},
    {Time = 6.833, Data = {
      ["HumanoidRootPart"] = CFrame.new(0.0000,0.0000,0.0000,1.0000,0.0000,0.0000,0.0000,1.0000,0.0000,0.0000,0.0000,1.0000),
      ["LowerTorso"] = CFrame.new(0.0000,-0.9093,0.0000,1.0000,-0.0000,0.0000,0.0000,0.9331,0.3597,-0.0000,-0.3597,0.9331),
      ["UpperTorso"] = CFrame.new(0.0000,0.0000,0.0000,0.9431,-0.1547,0.2943,0.1155,0.9824,0.1465,-0.3118,-0.1042,0.9444),
      ["LeftUpperArm"] = CFrame.new(0.2021,-0.0403,0.0134,0.8693,-0.0162,-0.4940,-0.1096,0.9682,-0.2247,0.4819,0.2495,0.8399),
      ["LeftLowerArm"] = CFrame.new(-0.0005,-0.0001,0.0033,1.0000,-0.0000,0.0000,0.0000,0.6033,-0.7975,0.0000,0.7975,0.6033),
      ["LeftHand"] = CFrame.new(0.0000,0.0000,0.0000,0.9704,-0.2185,-0.1028,0.2209,0.9752,0.0125,0.0975,-0.0348,0.9946),
      ["Head"] = CFrame.new(0.0000,0.0000,0.0000,0.9431,0.2100,-0.2578,-0.1547,0.9635,0.2186,0.2943,-0.1662,0.9411),
      ["RightUpperArm"] = CFrame.new(-0.0176,-0.1406,0.0329,0.9086,-0.0586,-0.4136,0.2208,0.9079,0.3563,0.3546,-0.4150,0.8379),
      ["RightLowerArm"] = CFrame.new(0.0000,0.0000,0.0033,1.0000,-0.0000,0.0000,0.0000,0.4915,-0.8709,0.0000,0.8709,0.4915),
      ["RightHand"] = CFrame.new(0.0000,0.0000,0.0000,0.9941,0.0382,0.1015,-0.0594,0.9749,0.2147,-0.0907,-0.2195,0.9714),
      ["LeftUpperLeg"] = CFrame.new(0.0000,0.0000,0.0000,0.9677,0.2453,-0.0583,0.0224,-0.3140,-0.9492,-0.2511,0.9172,-0.3093),
      ["LeftLowerLeg"] = CFrame.new(0.0000,0.0002,-0.0029,1.0000,-0.0000,0.0000,0.0000,0.4228,0.9062,-0.0000,-0.9062,0.4228),
      ["LeftFoot"] = CFrame.new(0.0000,-0.0002,0.0000,0.9958,-0.0852,-0.0324,0.0911,0.9328,0.3487,0.0005,-0.3502,0.9367),
      ["RightUpperLeg"] = CFrame.new(-0.0406,0.3538,-0.3112,0.9322,-0.3093,-0.1877,0.1516,0.8051,-0.5735,0.3285,0.5062,0.7974),
      ["RightLowerLeg"] = CFrame.new(0.0000,0.0000,-0.0030,1.0000,-0.0000,0.0000,0.0000,0.0984,0.9951,-0.0000,-0.9951,0.0984),
      ["RightFoot"] = CFrame.new(0.0000,0.0000,0.0000,0.9565,0.2726,0.1038,-0.0283,0.4409,-0.8971,-0.2903,0.8551,0.4295),
    }},
    {Time = 6.867, Data = {
      ["HumanoidRootPart"] = CFrame.new(0.0000,0.0000,0.0000,1.0000,0.0000,0.0000,0.0000,1.0000,0.0000,0.0000,0.0000,1.0000),
      ["LowerTorso"] = CFrame.new(0.0000,-0.9063,0.0000,1.0000,-0.0000,0.0000,0.0000,0.9331,0.3597,-0.0000,-0.3597,0.9331),
      ["UpperTorso"] = CFrame.new(0.0000,0.0000,0.0000,0.9431,-0.1547,0.2943,0.1155,0.9824,0.1465,-0.3118,-0.1042,0.9444),
      ["LeftUpperArm"] = CFrame.new(0.2023,-0.0412,0.0129,0.8697,-0.0155,-0.4934,-0.1114,0.9676,-0.2267,0.4809,0.2521,0.8397),
      ["LeftLowerArm"] = CFrame.new(-0.0005,-0.0001,0.0033,1.0000,-0.0000,0.0000,0.0000,0.6077,-0.7942,0.0000,0.7942,0.6077),
      ["LeftHand"] = CFrame.new(0.0000,0.0000,0.0000,0.9712,-0.2195,-0.0930,0.2214,0.9751,0.0111,0.0883,-0.0313,0.9956),
      ["Head"] = CFrame.new(0.0000,0.0000,0.0000,0.9431,0.2088,-0.2588,-0.1547,0.9645,0.2141,0.2943,-0.1619,0.9419),
      ["RightUpperArm"] = CFrame.new(-0.0176,-0.1406,0.0329,0.9086,-0.0555,-0.4140,0.2207,0.9053,0.3630,0.3546,-0.4212,0.8348),
      ["RightLowerArm"] = CFrame.new(0.0000,0.0000,0.0033,1.0000,-0.0000,0.0000,0.0000,0.4905,-0.8715,0.0000,0.8715,0.4905),
      ["RightHand"] = CFrame.new(0.0000,0.0000,0.0000,0.9945,0.0341,0.0992,-0.0540,0.9772,0.2055,-0.0899,-0.2097,0.9736),
      ["LeftUpperLeg"] = CFrame.new(0.0000,0.0000,0.0000,0.9677,0.2455,-0.0570,0.0226,-0.3099,-0.9505,-0.2510,0.9185,-0.3054),
      ["LeftLowerLeg"] = CFrame.new(0.0000,0.0002,-0.0029,1.0000,-0.0000,0.0000,0.0000,0.4268,0.9043,-0.0000,-0.9043,0.4268),
      ["LeftFoot"] = CFrame.new(0.0000,-0.0002,0.0000,0.9959,-0.0851,-0.0324,0.0910,0.9329,0.3483,0.0006,-0.3498,0.9368),
      ["RightUpperLeg"] = CFrame.new(-0.0406,0.3538,-0.3112,0.9325,-0.3083,-0.1881,0.1509,0.8059,-0.5725,0.3281,0.5054,0.7980),
      ["RightLowerLeg"] = CFrame.new(0.0000,0.0000,-0.0030,1.0000,-0.0000,0.0000,0.0000,0.1027,0.9947,-0.0000,-0.9947,0.1027),
      ["RightFoot"] = CFrame.new(0.0000,0.0000,0.0000,0.9568,0.2718,0.1035,-0.0291,0.4436,-0.8958,-0.2894,0.8540,0.4323),
    }},
    {Time = 6.900, Data = {
      ["HumanoidRootPart"] = CFrame.new(0.0000,0.0000,0.0000,1.0000,0.0000,0.0000,0.0000,1.0000,0.0000,0.0000,0.0000,1.0000),
      ["LowerTorso"] = CFrame.new(0.0000,-0.9033,0.0000,1.0000,-0.0000,0.0000,0.0000,0.9331,0.3597,-0.0000,-0.3597,0.9331),
      ["UpperTorso"] = CFrame.new(0.0000,0.0000,0.0000,0.9431,-0.1547,0.2943,0.1155,0.9824,0.1465,-0.3118,-0.1042,0.9444),
      ["LeftUpperArm"] = CFrame.new(0.2025,-0.0421,0.0124,0.8700,-0.0147,-0.4928,-0.1132,0.9669,-0.2287,0.4799,0.2548,0.8395),
      ["LeftLowerArm"] = CFrame.new(-0.0005,-0.0001,0.0033,1.0000,-0.0000,0.0000,0.0000,0.6121,-0.7908,0.0000,0.7908,0.6121),
      ["LeftHand"] = CFrame.new(0.0000,0.0000,0.0000,0.9719,-0.2204,-0.0833,0.2219,0.9750,0.0096,0.0791,-0.0279,0.9965),
      ["Head"] = CFrame.new(0.0000,0.0000,0.0000,0.9431,0.2076,-0.2597,-0.1547,0.9654,0.2098,0.2943,-0.1576,0.9426),
      ["RightUpperArm"] = CFrame.new(-0.0176,-0.1406,0.0329,0.9086,-0.0528,-0.4142,0.2206,0.9030,0.3687,0.3545,-0.4264,0.8322),
      ["RightLowerArm"] = CFrame.new(0.0000,0.0000,0.0033,1.0000,-0.0000,0.0000,0.0000,0.4924,-0.8704,0.0000,0.8704,0.4924),
      ["RightHand"] = CFrame.new(0.0000,0.0000,0.0000,0.9948,0.0300,0.0969,-0.0486,0.9794,0.1962,-0.0890,-0.1999,0.9758),
      ["LeftUpperLeg"] = CFrame.new(0.0000,0.0000,0.0000,0.9677,0.2457,-0.0557,0.0229,-0.3058,-0.9518,-0.2509,0.9198,-0.3016),
      ["LeftLowerLeg"] = CFrame.new(0.0000,0.0002,-0.0029,1.0000,-0.0000,0.0000,0.0000,0.4309,0.9024,-0.0000,-0.9024,0.4309),
      ["LeftFoot"] = CFrame.new(0.0000,-0.0002,0.0000,0.9959,-0.0849,-0.0323,0.0909,0.9331,0.3480,0.0006,-0.3495,0.9369),
      ["RightUpperLeg"] = CFrame.new(-0.0406,0.3538,-0.3112,0.9328,-0.3072,-0.1885,0.1503,0.8068,-0.5715,0.3277,0.5047,0.7987),
      ["RightLowerLeg"] = CFrame.new(0.0000,0.0000,-0.0030,1.0000,-0.0000,0.0000,0.0000,0.1070,0.9943,-0.0000,-0.9943,0.1070),
      ["RightFoot"] = CFrame.new(0.0000,0.0000,0.0000,0.9570,0.2711,0.1033,-0.0299,0.4462,-0.8944,-0.2885,0.8529,0.4351),
    }},
    {Time = 6.933, Data = {
      ["HumanoidRootPart"] = CFrame.new(0.0000,0.0000,0.0000,1.0000,0.0000,0.0000,0.0000,1.0000,0.0000,0.0000,0.0000,1.0000),
      ["LowerTorso"] = CFrame.new(0.0000,-0.9003,0.0000,1.0000,-0.0000,0.0000,0.0000,0.9331,0.3597,-0.0000,-0.3597,0.9331),
      ["UpperTorso"] = CFrame.new(0.0000,0.0000,0.0000,0.9431,-0.1547,0.2943,0.1155,0.9824,0.1465,-0.3118,-0.1042,0.9444),
      ["LeftUpperArm"] = CFrame.new(0.2027,-0.0429,0.0119,0.8703,-0.0141,-0.4922,-0.1150,0.9662,-0.2309,0.4788,0.2575,0.8393),
      ["LeftLowerArm"] = CFrame.new(-0.0005,-0.0001,0.0033,1.0000,-0.0000,0.0000,0.0000,0.6166,-0.7873,0.0000,0.7873,0.6166),
      ["LeftHand"] = CFrame.new(0.0000,0.0000,0.0000,0.9724,-0.2212,-0.0737,0.2224,0.9749,0.0082,0.0700,-0.0244,0.9972),
      ["Head"] = CFrame.new(0.0000,0.0000,0.0000,0.9431,0.2065,-0.2607,-0.1547,0.9664,0.2055,0.2943,-0.1534,0.9433),
      ["RightUpperArm"] = CFrame.new(-0.0176,-0.1405,0.0329,0.9088,-0.0507,-0.4142,0.2203,0.9012,0.3731,0.3544,-0.4303,0.8302),
      ["RightLowerArm"] = CFrame.new(0.0000,0.0000,0.0033,1.0000,-0.0000,0.0000,0.0000,0.4976,-0.8674,0.0000,0.8674,0.4976),
      ["RightHand"] = CFrame.new(0.0000,0.0000,0.0000,0.9952,0.0258,0.0946,-0.0433,0.9814,0.1870,-0.0881,-0.1902,0.9778),
      ["LeftUpperLeg"] = CFrame.new(0.0000,0.0000,0.0000,0.9678,0.2459,-0.0544,0.0231,-0.3017,-0.9531,-0.2508,0.9211,-0.2977),
      ["LeftLowerLeg"] = CFrame.new(0.0000,0.0002,-0.0029,1.0000,-0.0000,0.0000,0.0000,0.4349,0.9005,-0.0000,-0.9005,0.4349),
      ["LeftFoot"] = CFrame.new(0.0000,-0.0002,0.0000,0.9959,-0.0848,-0.0323,0.0907,0.9332,0.3477,0.0006,-0.3492,0.9370),
      ["RightUpperLeg"] = CFrame.new(-0.0406,0.3538,-0.3112,0.9330,-0.3062,-0.1889,0.1496,0.8076,-0.5704,0.3272,0.5040,0.7993),
      ["RightLowerLeg"] = CFrame.new(0.0000,0.0000,-0.0030,1.0000,-0.0000,0.0000,0.0000,0.1113,0.9938,-0.0000,-0.9938,0.1113),
      ["RightFoot"] = CFrame.new(0.0000,0.0000,0.0000,0.9573,0.2703,0.1030,-0.0307,0.4488,-0.8931,-0.2876,0.8518,0.4379),
    }},
    {Time = 6.967, Data = {
      ["HumanoidRootPart"] = CFrame.new(0.0000,0.0000,0.0000,1.0000,0.0000,0.0000,0.0000,1.0000,0.0000,0.0000,0.0000,1.0000),
      ["LowerTorso"] = CFrame.new(0.0000,-0.8974,0.0000,1.0000,-0.0000,0.0000,0.0000,0.9331,0.3597,-0.0000,-0.3597,0.9331),
      ["UpperTorso"] = CFrame.new(0.0000,0.0000,0.0000,0.9431,-0.1547,0.2943,0.1155,0.9824,0.1465,-0.3118,-0.1042,0.9444),
      ["LeftUpperArm"] = CFrame.new(0.2028,-0.0438,0.0114,0.8707,-0.0134,-0.4917,-0.1167,0.9655,-0.2329,0.4778,0.2602,0.8391),
      ["LeftLowerArm"] = CFrame.new(-0.0005,-0.0001,0.0033,1.0000,-0.0000,0.0000,0.0000,0.6209,-0.7839,0.0000,0.7839,0.6209),
      ["LeftHand"] = CFrame.new(0.0000,0.0000,0.0000,0.9729,-0.2220,-0.0642,0.2229,0.9748,0.0069,0.0610,-0.0210,0.9979),
      ["Head"] = CFrame.new(0.0000,0.0000,0.0000,0.9431,0.2053,-0.2616,-0.1547,0.9672,0.2012,0.2943,-0.1493,0.9440),
      ["RightUpperArm"] = CFrame.new(-0.0177,-0.1403,0.0330,0.9089,-0.0490,-0.4141,0.2200,0.9000,0.3764,0.3542,-0.4332,0.8288),
      ["RightLowerArm"] = CFrame.new(0.0000,0.0000,0.0033,1.0000,-0.0000,0.0000,0.0000,0.5057,-0.8627,0.0000,0.8627,0.5057),
      ["RightHand"] = CFrame.new(0.0000,0.0000,0.0000,0.9955,0.0217,0.0925,-0.0380,0.9833,0.1779,-0.0871,-0.1806,0.9797),
      ["LeftUpperLeg"] = CFrame.new(0.0000,0.0000,0.0000,0.9678,0.2461,-0.0531,0.0233,-0.2977,-0.9544,-0.2507,0.9224,-0.2939),
      ["LeftLowerLeg"] = CFrame.new(0.0000,0.0002,-0.0029,1.0000,-0.0000,0.0000,0.0000,0.4389,0.8986,-0.0000,-0.8986,0.4389),
      ["LeftFoot"] = CFrame.new(0.0000,-0.0002,0.0000,0.9959,-0.0847,-0.0322,0.0906,0.9333,0.3475,0.0006,-0.3490,0.9371),
      ["RightUpperLeg"] = CFrame.new(-0.0406,0.3538,-0.3112,0.9333,-0.3052,-0.1893,0.1489,0.8084,-0.5694,0.3268,0.5032,0.8000),
      ["RightLowerLeg"] = CFrame.new(0.0000,0.0000,-0.0030,1.0000,-0.0000,0.0000,0.0000,0.1155,0.9933,-0.0000,-0.9933,0.1155),
      ["RightFoot"] = CFrame.new(0.0000,0.0000,0.0000,0.9575,0.2696,0.1027,-0.0314,0.4514,-0.8918,-0.2867,0.8506,0.4407),
    }},
    {Time = 7.000, Data = {
      ["HumanoidRootPart"] = CFrame.new(0.0000,0.0000,0.0000,1.0000,0.0000,0.0000,0.0000,1.0000,0.0000,0.0000,0.0000,1.0000),
      ["LowerTorso"] = CFrame.new(0.0000,-0.8945,0.0000,1.0000,-0.0000,0.0000,0.0000,0.9331,0.3597,-0.0000,-0.3597,0.9331),
      ["UpperTorso"] = CFrame.new(0.0000,0.0000,0.0000,0.9431,-0.1547,0.2943,0.1155,0.9824,0.1465,-0.3118,-0.1042,0.9444),
      ["LeftUpperArm"] = CFrame.new(0.2030,-0.0447,0.0109,0.8710,-0.0127,-0.4911,-0.1184,0.9648,-0.2349,0.4768,0.2627,0.8388),
      ["LeftLowerArm"] = CFrame.new(-0.0005,-0.0001,0.0033,1.0000,-0.0000,0.0000,0.0000,0.6252,-0.7805,0.0000,0.7805,0.6252),
      ["LeftHand"] = CFrame.new(0.0000,0.0000,0.0000,0.9733,-0.2228,-0.0548,0.2234,0.9747,0.0055,0.0522,-0.0176,0.9985),
      ["Head"] = CFrame.new(0.0000,0.0000,0.0000,0.9431,0.2042,-0.2625,-0.1547,0.9681,0.1970,0.2943,-0.1452,0.9446),
      ["RightUpperArm"] = CFrame.new(-0.0178,-0.1401,0.0331,0.9091,-0.0478,-0.4138,0.2195,0.8992,0.3784,0.3540,-0.4348,0.8280),
      ["RightLowerArm"] = CFrame.new(0.0000,0.0000,0.0033,1.0000,-0.0000,0.0000,0.0000,0.5169,-0.8561,0.0000,0.8561,0.5169),
      ["RightHand"] = CFrame.new(0.0000,0.0000,0.0000,0.9957,0.0177,0.0904,-0.0328,0.9851,0.1689,-0.0861,-0.1711,0.9815),
      ["LeftUpperLeg"] = CFrame.new(0.0000,0.0000,0.0000,0.9678,0.2463,-0.0519,0.0235,-0.2937,-0.9556,-0.2506,0.9236,-0.2901),
      ["LeftLowerLeg"] = CFrame.new(0.0000,0.0002,-0.0029,1.0000,-0.0000,0.0000,0.0000,0.4428,0.8966,-0.0000,-0.8966,0.4428),
      ["LeftFoot"] = CFrame.new(0.0000,-0.0002,0.0000,0.9959,-0.0846,-0.0322,0.0905,0.9334,0.3472,0.0007,-0.3487,0.9372),
      ["RightUpperLeg"] = CFrame.new(-0.0406,0.3538,-0.3112,0.9335,-0.3042,-0.1896,0.1483,0.8093,-0.5684,0.3264,0.5025,0.8006),
      ["RightLowerLeg"] = CFrame.new(0.0000,0.0000,-0.0030,1.0000,-0.0000,0.0000,0.0000,0.1196,0.9928,-0.0000,-0.9928,0.1196),
      ["RightFoot"] = CFrame.new(0.0000,0.0000,0.0000,0.9577,0.2688,0.1024,-0.0322,0.4539,-0.8905,-0.2859,0.8495,0.4434),
    }},
    {Time = 7.033, Data = {
      ["HumanoidRootPart"] = CFrame.new(0.0000,0.0000,0.0000,1.0000,0.0000,0.0000,0.0000,1.0000,0.0000,0.0000,0.0000,1.0000),
      ["LowerTorso"] = CFrame.new(0.0000,-0.8916,0.0000,1.0000,-0.0000,0.0000,0.0000,0.9331,0.3597,-0.0000,-0.3597,0.9331),
      ["UpperTorso"] = CFrame.new(0.0000,0.0000,0.0000,0.9431,-0.1547,0.2943,0.1155,0.9824,0.1465,-0.3118,-0.1042,0.9444),
      ["LeftUpperArm"] = CFrame.new(0.2031,-0.0455,0.0104,0.8713,-0.0120,-0.4906,-0.1201,0.9641,-0.2369,0.4759,0.2653,0.8386),
      ["LeftLowerArm"] = CFrame.new(-0.0005,-0.0001,0.0033,1.0000,-0.0000,0.0000,0.0000,0.6294,-0.7771,0.0000,0.7771,0.6294),
      ["LeftHand"] = CFrame.new(0.0000,0.0000,0.0000,0.9736,-0.2235,-0.0457,0.2239,0.9746,0.0042,0.0436,-0.0143,0.9989),
      ["Head"] = CFrame.new(0.0000,0.0000,0.0000,0.9431,0.2030,-0.2633,-0.1547,0.9689,0.1929,0.2943,-0.1412,0.9452),
      ["RightUpperArm"] = CFrame.new(-0.0179,-0.1398,0.0333,0.9093,-0.0471,-0.4134,0.2190,0.8990,0.3792,0.3538,-0.4353,0.8278),
      ["RightLowerArm"] = CFrame.new(0.0000,0.0000,0.0033,1.0000,-0.0000,0.0000,0.0000,0.5306,-0.8476,0.0000,0.8476,0.5306),
      ["RightHand"] = CFrame.new(0.0000,0.0000,0.0000,0.9960,0.0137,0.0884,-0.0278,0.9867,0.1601,-0.0850,-0.1619,0.9831),
      ["LeftUpperLeg"] = CFrame.new(0.0000,0.0000,0.0000,0.9678,0.2465,-0.0507,0.0237,-0.2899,-0.9568,-0.2505,0.9248,-0.2864),
      ["LeftLowerLeg"] = CFrame.new(0.0000,0.0002,-0.0029,1.0000,-0.0000,0.0000,0.0000,0.4466,0.8947,-0.0000,-0.8947,0.4466),
      ["LeftFoot"] = CFrame.new(0.0000,-0.0002,0.0000,0.9959,-0.0845,-0.0321,0.0904,0.9335,0.3470,0.0007,-0.3485,0.9373),
      ["RightUpperLeg"] = CFrame.new(-0.0406,0.3538,-0.3112,0.9338,-0.3033,-0.1900,0.1476,0.8101,-0.5674,0.3260,0.5018,0.8012),
      ["RightLowerLeg"] = CFrame.new(0.0000,0.0000,-0.0030,1.0000,-0.0000,0.0000,0.0000,0.1237,0.9923,-0.0000,-0.9923,0.1237),
      ["RightFoot"] = CFrame.new(0.0000,0.0000,0.0000,0.9579,0.2682,0.1022,-0.0329,0.4564,-0.8892,-0.2851,0.8484,0.4460),
    }},
    {Time = 7.067, Data = {
      ["HumanoidRootPart"] = CFrame.new(0.0000,0.0000,0.0000,1.0000,0.0000,0.0000,0.0000,1.0000,0.0000,0.0000,0.0000,1.0000),
      ["LowerTorso"] = CFrame.new(0.0000,-0.8889,0.0000,1.0000,-0.0000,0.0000,0.0000,0.9331,0.3597,-0.0000,-0.3597,0.9331),
      ["UpperTorso"] = CFrame.new(0.0000,0.0000,0.0000,0.9431,-0.1547,0.2943,0.1155,0.9824,0.1465,-0.3118,-0.1042,0.9444),
      ["LeftUpperArm"] = CFrame.new(0.2033,-0.0463,0.0099,0.8716,-0.0114,-0.4901,-0.1217,0.9634,-0.2388,0.4749,0.2678,0.8383),
      ["LeftLowerArm"] = CFrame.new(-0.0005,-0.0001,0.0033,1.0000,-0.0000,0.0000,0.0000,0.6335,-0.7737,0.0000,0.7737,0.6335),
      ["LeftHand"] = CFrame.new(0.0000,0.0000,0.0000,0.9739,-0.2242,-0.0369,0.2244,0.9745,0.0029,0.0353,-0.0111,0.9993),
      ["Head"] = CFrame.new(0.0000,0.0000,0.0000,0.9431,0.2019,-0.2642,-0.1547,0.9698,0.1888,0.2943,-0.1371,0.9458),
      ["RightUpperArm"] = CFrame.new(-0.0180,-0.1395,0.0334,0.9096,-0.0470,-0.4128,0.2185,0.8993,0.3789,0.3534,-0.4348,0.8283),
      ["RightLowerArm"] = CFrame.new(0.0000,0.0000,0.0033,1.0000,-0.0000,0.0000,0.0000,0.5467,-0.8373,0.0000,0.8373,0.5467),
      ["RightHand"] = CFrame.new(0.0000,0.0000,0.0000,0.9962,0.0099,0.0865,-0.0230,0.9882,0.1515,-0.0840,-0.1530,0.9847),
      ["LeftUpperLeg"] = CFrame.new(0.0000,0.0000,0.0000,0.9678,0.2466,-0.0495,0.0239,-0.2861,-0.9579,-0.2504,0.9259,-0.2828),
      ["LeftLowerLeg"] = CFrame.new(0.0000,0.0002,-0.0029,1.0000,-0.0000,0.0000,0.0000,0.4503,0.8929,-0.0000,-0.8929,0.4503),
      ["LeftFoot"] = CFrame.new(0.0000,-0.0002,0.0000,0.9959,-0.0844,-0.0321,0.0903,0.9336,0.3468,0.0007,-0.3483,0.9374),
      ["RightUpperLeg"] = CFrame.new(-0.0406,0.3538,-0.3112,0.9340,-0.3023,-0.1904,0.1470,0.8109,-0.5665,0.3256,0.5011,0.8018),
      ["RightLowerLeg"] = CFrame.new(0.0000,0.0000,-0.0030,1.0000,-0.0000,0.0000,0.0000,0.1276,0.9918,-0.0000,-0.9918,0.1276),
      ["RightFoot"] = CFrame.new(0.0000,0.0000,0.0000,0.9582,0.2675,0.1019,-0.0336,0.4588,-0.8879,-0.2842,0.8473,0.4486),
    }},
    {Time = 7.100, Data = {
      ["HumanoidRootPart"] = CFrame.new(0.0000,0.0000,0.0000,1.0000,0.0000,0.0000,0.0000,1.0000,0.0000,0.0000,0.0000,1.0000),
      ["LowerTorso"] = CFrame.new(0.0000,-0.8863,0.0000,1.0000,-0.0000,0.0000,0.0000,0.9331,0.3597,-0.0000,-0.3597,0.9331),
      ["UpperTorso"] = CFrame.new(0.0000,0.0000,0.0000,0.9431,-0.1547,0.2943,0.1155,0.9824,0.1465,-0.3118,-0.1042,0.9444),
      ["LeftUpperArm"] = CFrame.new(0.2034,-0.0471,0.0095,0.8718,-0.0109,-0.4897,-0.1232,0.9627,-0.2407,0.4740,0.2702,0.8380),
      ["LeftLowerArm"] = CFrame.new(-0.0005,-0.0001,0.0033,1.0000,-0.0000,0.0000,0.0000,0.6374,-0.7705,0.0000,0.7705,0.6374),
      ["LeftHand"] = CFrame.new(0.0000,0.0000,0.0000,0.9740,-0.2248,-0.0284,0.2249,0.9744,0.0017,0.0273,-0.0081,0.9996),
      ["Head"] = CFrame.new(0.0000,0.0000,0.0000,0.9431,0.2008,-0.2650,-0.1547,0.9705,0.1847,0.2943,-0.1332,0.9464),
      ["RightUpperArm"] = CFrame.new(-0.0181,-0.1392,0.0336,0.9099,-0.0472,-0.4122,0.2177,0.9000,0.3775,0.3532,-0.4332,0.8292),
      ["RightLowerArm"] = CFrame.new(0.0000,0.0000,0.0033,1.0000,-0.0000,0.0000,0.0000,0.5649,-0.8252,0.0000,0.8252,0.5649),
      ["RightHand"] = CFrame.new(0.0000,0.0000,0.0000,0.9964,0.0062,0.0847,-0.0183,0.9895,0.1433,-0.0829,-0.1444,0.9860),
      ["LeftUpperLeg"] = CFrame.new(0.0000,0.0000,0.0000,0.9679,0.2468,-0.0483,0.0241,-0.2825,-0.9590,-0.2503,0.9270,-0.2793),
      ["LeftLowerLeg"] = CFrame.new(0.0000,0.0002,-0.0029,1.0000,-0.0000,0.0000,0.0000,0.4539,0.8910,-0.0000,-0.8910,0.4539),
      ["LeftFoot"] = CFrame.new(0.0000,-0.0002,0.0000,0.9959,-0.0843,-0.0321,0.0901,0.9337,0.3466,0.0007,-0.3481,0.9375),
      ["RightUpperLeg"] = CFrame.new(-0.0406,0.3538,-0.3112,0.9342,-0.3015,-0.1907,0.1465,0.8116,-0.5655,0.3253,0.5004,0.8024),
      ["RightLowerLeg"] = CFrame.new(0.0000,0.0000,-0.0030,1.0000,-0.0000,0.0000,0.0000,0.1314,0.9913,-0.0000,-0.9913,0.1314),
      ["RightFoot"] = CFrame.new(0.0000,0.0000,0.0000,0.9584,0.2668,0.1017,-0.0343,0.4610,-0.8867,-0.2835,0.8463,0.4510),
    }},
    {Time = 7.133, Data = {
      ["HumanoidRootPart"] = CFrame.new(0.0000,0.0000,0.0000,1.0000,0.0000,0.0000,0.0000,1.0000,0.0000,0.0000,0.0000,1.0000),
      ["LowerTorso"] = CFrame.new(0.0000,-0.8838,0.0000,1.0000,-0.0000,0.0000,0.0000,0.9331,0.3597,-0.0000,-0.3597,0.9331),
      ["UpperTorso"] = CFrame.new(0.0000,0.0000,0.0000,0.9431,-0.1547,0.2943,0.1155,0.9824,0.1465,-0.3118,-0.1042,0.9444),
      ["LeftUpperArm"] = CFrame.new(0.2035,-0.0478,0.0091,0.8721,-0.0103,-0.4892,-0.1247,0.9621,-0.2426,0.4732,0.2725,0.8378),
      ["LeftLowerArm"] = CFrame.new(-0.0005,-0.0001,0.0033,1.0000,-0.0000,0.0000,0.0000,0.6412,-0.7674,0.0000,0.7674,0.6412),
      ["LeftHand"] = CFrame.new(0.0000,0.0000,0.0000,0.9741,-0.2253,-0.0203,0.2254,0.9743,0.0006,0.0196,-0.0051,0.9998),
      ["Head"] = CFrame.new(0.0000,0.0000,0.0000,0.9431,0.1997,-0.2659,-0.1547,0.9713,0.1806,0.2943,-0.1292,0.9469),
      ["RightUpperArm"] = CFrame.new(-0.0183,-0.1388,0.0337,0.9102,-0.0480,-0.4115,0.2171,0.9012,0.3750,0.3528,-0.4307,0.8307),
      ["RightLowerArm"] = CFrame.new(0.0000,0.0000,0.0033,1.0000,-0.0000,0.0000,0.0000,0.5848,-0.8112,0.0000,0.8112,0.5848),
      ["RightHand"] = CFrame.new(0.0000,0.0000,0.0000,0.9965,0.0026,0.0830,-0.0139,0.9907,0.1355,-0.0819,-0.1362,0.9873),
      ["LeftUpperLeg"] = CFrame.new(0.0000,0.0000,0.0000,0.9679,0.2470,-0.0473,0.0243,-0.2790,-0.9600,-0.2503,0.9280,-0.2760),
      ["LeftLowerLeg"] = CFrame.new(0.0000,0.0002,-0.0029,1.0000,-0.0000,0.0000,0.0000,0.4573,0.8893,-0.0000,-0.8893,0.4573),
      ["LeftFoot"] = CFrame.new(0.0000,-0.0002,0.0000,0.9959,-0.0842,-0.0320,0.0900,0.9337,0.3464,0.0007,-0.3479,0.9375),
      ["RightUpperLeg"] = CFrame.new(-0.0406,0.3538,-0.3112,0.9344,-0.3006,-0.1910,0.1459,0.8124,-0.5646,0.3249,0.4997,0.8029),
      ["RightLowerLeg"] = CFrame.new(0.0000,0.0000,-0.0030,1.0000,-0.0000,0.0000,0.0000,0.1351,0.9908,-0.0000,-0.9908,0.1351),
      ["RightFoot"] = CFrame.new(0.0000,0.0000,0.0000,0.9586,0.2662,0.1014,-0.0350,0.4632,-0.8856,-0.2827,0.8453,0.4533),
    }},
    {Time = 7.167, Data = {
      ["HumanoidRootPart"] = CFrame.new(0.0000,0.0000,0.0000,1.0000,0.0000,0.0000,0.0000,1.0000,0.0000,0.0000,0.0000,1.0000),
      ["LowerTorso"] = CFrame.new(0.0000,-0.8814,0.0000,1.0000,-0.0000,0.0000,0.0000,0.9331,0.3597,-0.0000,-0.3597,0.9331),
      ["UpperTorso"] = CFrame.new(0.0000,0.0000,0.0000,0.9431,-0.1547,0.2943,0.1155,0.9824,0.1465,-0.3118,-0.1042,0.9444),
      ["LeftUpperArm"] = CFrame.new(0.2037,-0.0485,0.0087,0.8723,-0.0099,-0.4888,-0.1260,0.9615,-0.2443,0.4724,0.2747,0.8375),
      ["LeftLowerArm"] = CFrame.new(-0.0005,-0.0001,0.0033,1.0000,-0.0000,0.0000,0.0000,0.6448,-0.7644,0.0000,0.7644,0.6448),
      ["LeftHand"] = CFrame.new(0.0000,0.0000,0.0000,0.9741,-0.2258,-0.0127,0.2258,0.9742,-0.0005,0.0124,-0.0024,0.9999),
      ["Head"] = CFrame.new(0.0000,0.0000,0.0000,0.9431,0.1986,-0.2667,-0.1547,0.9720,0.1766,0.2943,-0.1252,0.9475),
      ["RightUpperArm"] = CFrame.new(-0.0184,-0.1385,0.0339,0.9105,-0.0492,-0.4106,0.2163,0.9028,0.3716,0.3525,-0.4272,0.8326),
      ["RightLowerArm"] = CFrame.new(0.0000,0.0000,0.0033,1.0000,-0.0000,0.0000,0.0000,0.6062,-0.7953,0.0000,0.7953,0.6062),
      ["RightHand"] = CFrame.new(0.0000,0.0000,0.0000,0.9967,-0.0007,0.0814,-0.0097,0.9917,0.1281,-0.0809,-0.1285,0.9884),
      ["LeftUpperLeg"] = CFrame.new(0.0000,0.0000,0.0000,0.9679,0.2471,-0.0462,0.0245,-0.2757,-0.9609,-0.2502,0.9289,-0.2729),
      ["LeftLowerLeg"] = CFrame.new(0.0000,0.0002,-0.0029,1.0000,-0.0000,0.0000,0.0000,0.4606,0.8876,-0.0000,-0.8876,0.4606),
      ["LeftFoot"] = CFrame.new(0.0000,-0.0002,0.0000,0.9959,-0.0841,-0.0320,0.0900,0.9338,0.3463,0.0008,-0.3478,0.9376),
      ["RightUpperLeg"] = CFrame.new(-0.0406,0.3538,-0.3112,0.9346,-0.2998,-0.1913,0.1454,0.8130,-0.5638,0.3246,0.4991,0.8035),
      ["RightLowerLeg"] = CFrame.new(0.0000,0.0000,-0.0030,1.0000,-0.0000,0.0000,0.0000,0.1385,0.9904,-0.0000,-0.9904,0.1385),
      ["RightFoot"] = CFrame.new(0.0000,0.0000,0.0000,0.9587,0.2657,0.1012,-0.0356,0.4653,-0.8844,-0.2820,0.8444,0.4555),
    }},
    {Time = 7.200, Data = {
      ["HumanoidRootPart"] = CFrame.new(0.0000,0.0000,0.0000,1.0000,0.0000,0.0000,0.0000,1.0000,0.0000,0.0000,0.0000,1.0000),
      ["LowerTorso"] = CFrame.new(0.0000,-0.8792,0.0000,1.0000,-0.0000,0.0000,0.0000,0.9331,0.3597,-0.0000,-0.3597,0.9331),
      ["UpperTorso"] = CFrame.new(0.0000,0.0000,0.0000,0.9431,-0.1547,0.2943,0.1155,0.9824,0.1465,-0.3118,-0.1042,0.9444),
      ["LeftUpperArm"] = CFrame.new(0.2038,-0.0491,0.0083,0.8726,-0.0094,-0.4884,-0.1273,0.9609,-0.2460,0.4716,0.2768,0.8372),
      ["LeftLowerArm"] = CFrame.new(-0.0005,-0.0001,0.0033,1.0000,-0.0000,0.0000,0.0000,0.6481,-0.7615,0.0000,0.7615,0.6481),
      ["LeftHand"] = CFrame.new(0.0000,0.0000,0.0000,0.9740,-0.2263,-0.0055,0.2263,0.9741,-0.0015,0.0057,0.0002,1.0000),
      ["Head"] = CFrame.new(0.0000,0.0000,0.0000,0.9431,0.1975,-0.2675,-0.1547,0.9728,0.1725,0.2943,-0.1213,0.9480),
      ["RightUpperArm"] = CFrame.new(-0.0186,-0.1381,0.0341,0.9108,-0.0508,-0.4098,0.2156,0.9048,0.3672,0.3521,-0.4228,0.8350),
      ["RightLowerArm"] = CFrame.new(0.0000,0.0000,0.0033,1.0000,-0.0000,0.0000,0.0000,0.6288,-0.7775,0.0000,0.7775,0.6288),
      ["RightHand"] = CFrame.new(0.0000,0.0000,0.0000,0.9968,-0.0039,0.0800,-0.0059,0.9926,0.1212,-0.0799,-0.1213,0.9894),
      ["LeftUpperLeg"] = CFrame.new(0.0000,0.0000,0.0000,0.9679,0.2472,-0.0453,0.0246,-0.2726,-0.9618,-0.2501,0.9298,-0.2700),
      ["LeftLowerLeg"] = CFrame.new(0.0000,0.0002,-0.0029,1.0000,-0.0000,0.0000,0.0000,0.4636,0.8860,-0.0000,-0.8860,0.4636),
      ["LeftFoot"] = CFrame.new(0.0000,-0.0002,0.0000,0.9960,-0.0840,-0.0320,0.0899,0.9339,0.3462,0.0008,-0.3476,0.9376),
      ["RightUpperLeg"] = CFrame.new(-0.0406,0.3538,-0.3112,0.9348,-0.2991,-0.1916,0.1449,0.8137,-0.5630,0.3243,0.4985,0.8040),
      ["RightLowerLeg"] = CFrame.new(0.0000,0.0000,-0.0030,1.0000,-0.0000,0.0000,0.0000,0.1417,0.9899,-0.0000,-0.9899,0.1417),
      ["RightFoot"] = CFrame.new(0.0000,0.0000,0.0000,0.9589,0.2651,0.1010,-0.0361,0.4672,-0.8834,-0.2814,0.8435,0.4576),
    }},
    {Time = 7.233, Data = {
      ["HumanoidRootPart"] = CFrame.new(0.0000,0.0000,0.0000,1.0000,0.0000,0.0000,0.0000,1.0000,0.0000,0.0000,0.0000,1.0000),
      ["LowerTorso"] = CFrame.new(0.0000,-0.8772,0.0000,1.0000,-0.0000,0.0000,0.0000,0.9331,0.3597,-0.0000,-0.3597,0.9331),
      ["UpperTorso"] = CFrame.new(0.0000,0.0000,0.0000,0.9431,-0.1547,0.2943,0.1155,0.9824,0.1465,-0.3118,-0.1042,0.9444),
      ["LeftUpperArm"] = CFrame.new(0.2039,-0.0497,0.0079,0.8728,-0.0090,-0.4881,-0.1285,0.9603,-0.2475,0.4709,0.2787,0.8370),
      ["LeftLowerArm"] = CFrame.new(-0.0005,-0.0001,0.0033,1.0000,-0.0000,0.0000,0.0000,0.6512,-0.7589,0.0000,0.7589,0.6512),
      ["LeftHand"] = CFrame.new(0.0000,0.0000,0.0000,0.9740,-0.2267,0.0010,0.2267,0.9740,-0.0024,-0.0004,0.0026,1.0000),
      ["Head"] = CFrame.new(0.0000,0.0000,0.0000,0.9431,0.1964,-0.2684,-0.1547,0.9735,0.1685,0.2943,-0.1173,0.9485),
      ["RightUpperArm"] = CFrame.new(-0.0188,-0.1378,0.0343,0.9111,-0.0527,-0.4088,0.2149,0.9071,0.3619,0.3518,-0.4176,0.8378),
      ["RightLowerArm"] = CFrame.new(0.0000,0.0000,0.0033,1.0000,-0.0000,0.0000,0.0000,0.6522,-0.7580,0.0000,0.7580,0.6522),
      ["RightHand"] = CFrame.new(0.0000,0.0000,0.0000,0.9969,-0.0068,0.0787,-0.0023,0.9934,0.1148,-0.0790,-0.1146,0.9903),
      ["LeftUpperLeg"] = CFrame.new(0.0000,0.0000,0.0000,0.9679,0.2473,-0.0444,0.0248,-0.2698,-0.9626,-0.2501,0.9306,-0.2673),
      ["LeftLowerLeg"] = CFrame.new(0.0000,0.0002,-0.0029,1.0000,-0.0000,0.0000,0.0000,0.4664,0.8846,-0.0000,-0.8846,0.4664),
      ["LeftFoot"] = CFrame.new(0.0000,-0.0002,0.0000,0.9960,-0.0839,-0.0319,0.0898,0.9339,0.3461,0.0008,-0.3475,0.9377),
      ["RightUpperLeg"] = CFrame.new(-0.0406,0.3538,-0.3112,0.9350,-0.2984,-0.1919,0.1445,0.8143,-0.5622,0.3240,0.4979,0.8044),
      ["RightLowerLeg"] = CFrame.new(0.0000,0.0000,-0.0030,1.0000,-0.0000,0.0000,0.0000,0.1447,0.9895,-0.0000,-0.9895,0.1447),
      ["RightFoot"] = CFrame.new(0.0000,0.0000,0.0000,0.9591,0.2646,0.1008,-0.0366,0.4690,-0.8825,-0.2808,0.8426,0.4595),
    }},
    {Time = 7.267, Data = {
      ["HumanoidRootPart"] = CFrame.new(0.0000,0.0000,0.0000,1.0000,0.0000,0.0000,0.0000,1.0000,0.0000,0.0000,0.0000,1.0000),
      ["LowerTorso"] = CFrame.new(0.0000,-0.8753,0.0000,1.0000,-0.0000,0.0000,0.0000,0.9331,0.3597,-0.0000,-0.3597,0.9331),
      ["UpperTorso"] = CFrame.new(0.0000,0.0000,0.0000,0.9431,-0.1547,0.2943,0.1155,0.9824,0.1465,-0.3118,-0.1042,0.9444),
      ["LeftUpperArm"] = CFrame.new(0.2040,-0.0502,0.0076,0.8729,-0.0087,-0.4877,-0.1295,0.9598,-0.2489,0.4703,0.2804,0.8368),
      ["LeftLowerArm"] = CFrame.new(-0.0005,-0.0001,0.0033,1.0000,-0.0000,0.0000,0.0000,0.6540,-0.7565,0.0000,0.7565,0.6540),
      ["LeftHand"] = CFrame.new(0.0000,0.0000,0.0000,0.9739,-0.2270,0.0069,0.2270,0.9739,-0.0032,-0.0060,0.0047,1.0000),
      ["Head"] = CFrame.new(0.0000,0.0000,0.0000,0.9431,0.1952,-0.2692,-0.1547,0.9742,0.1644,0.2943,-0.1134,0.9490),
      ["RightUpperArm"] = CFrame.new(-0.0189,-0.1374,0.0345,0.9114,-0.0550,-0.4078,0.2142,0.9096,0.3559,0.3514,-0.4117,0.8408),
      ["RightLowerArm"] = CFrame.new(0.0000,0.0000,0.0033,1.0000,-0.0000,0.0000,0.0000,0.6760,-0.7369,0.0000,0.7369,0.6760),
      ["RightHand"] = CFrame.new(0.0000,0.0000,0.0000,0.9969,-0.0094,0.0776,0.0009,0.9940,0.1090,-0.0781,-0.1086,0.9910),
      ["LeftUpperLeg"] = CFrame.new(0.0000,0.0000,0.0000,0.9679,0.2474,-0.0436,0.0249,-0.2672,-0.9633,-0.2500,0.9313,-0.2648),
      ["LeftLowerLeg"] = CFrame.new(0.0000,0.0002,-0.0029,1.0000,-0.0000,0.0000,0.0000,0.4690,0.8832,-0.0000,-0.8832,0.4690),
      ["LeftFoot"] = CFrame.new(0.0000,-0.0002,0.0000,0.9960,-0.0839,-0.0319,0.0897,0.9339,0.3460,0.0008,-0.3474,0.9377),
      ["RightUpperLeg"] = CFrame.new(-0.0406,0.3538,-0.3112,0.9351,-0.2978,-0.1921,0.1441,0.8148,-0.5615,0.3238,0.4974,0.8048),
      ["RightLowerLeg"] = CFrame.new(0.0000,0.0000,-0.0030,1.0000,-0.0000,0.0000,0.0000,0.1473,0.9891,-0.0000,-0.9891,0.1473),
      ["RightFoot"] = CFrame.new(0.0000,0.0000,0.0000,0.9592,0.2642,0.1006,-0.0371,0.4706,-0.8816,-0.2803,0.8419,0.4612),
    }},
    {Time = 7.300, Data = {
      ["HumanoidRootPart"] = CFrame.new(0.0000,0.0000,0.0000,1.0000,0.0000,0.0000,0.0000,1.0000,0.0000,0.0000,0.0000,1.0000),
      ["LowerTorso"] = CFrame.new(0.0000,-0.8737,0.0000,1.0000,-0.0000,0.0000,0.0000,0.9331,0.3597,-0.0000,-0.3597,0.9331),
      ["UpperTorso"] = CFrame.new(0.0000,0.0000,0.0000,0.9431,-0.1547,0.2943,0.1155,0.9824,0.1465,-0.3118,-0.1042,0.9444),
      ["LeftUpperArm"] = CFrame.new(0.2040,-0.0507,0.0073,0.8731,-0.0084,-0.4875,-0.1304,0.9594,-0.2501,0.4698,0.2820,0.8366),
      ["LeftLowerArm"] = CFrame.new(-0.0005,-0.0001,0.0033,1.0000,-0.0000,0.0000,0.0000,0.6565,-0.7543,0.0000,0.7543,0.6565),
      ["LeftHand"] = CFrame.new(0.0000,0.0000,0.0000,0.9737,-0.2273,0.0121,0.2274,0.9738,-0.0040,-0.0109,0.0066,0.9999),
      ["Head"] = CFrame.new(0.0000,0.0000,0.0000,0.9431,0.1941,-0.2700,-0.1547,0.9749,0.1603,0.2943,-0.1094,0.9494),
      ["RightUpperArm"] = CFrame.new(-0.0190,-0.1371,0.0346,0.9117,-0.0576,-0.4068,0.2135,0.9124,0.3493,0.3511,-0.4053,0.8441),
      ["RightLowerArm"] = CFrame.new(0.0000,0.0000,0.0033,1.0000,-0.0000,0.0000,0.0000,0.6999,-0.7142,0.0000,0.7142,0.6999),
      ["RightHand"] = CFrame.new(0.0000,0.0000,0.0000,0.9970,-0.0118,0.0765,0.0038,0.9946,0.1039,-0.0773,-0.1033,0.9916),
      ["LeftUpperLeg"] = CFrame.new(0.0000,0.0000,0.0000,0.9679,0.2475,-0.0429,0.0250,-0.2650,-0.9639,-0.2499,0.9320,-0.2627),
      ["LeftLowerLeg"] = CFrame.new(0.0000,0.0002,-0.0029,1.0000,-0.0000,0.0000,0.0000,0.4712,0.8820,-0.0000,-0.8820,0.4712),
      ["LeftFoot"] = CFrame.new(0.0000,-0.0002,0.0000,0.9960,-0.0838,-0.0319,0.0897,0.9340,0.3459,0.0008,-0.3474,0.9377),
      ["RightUpperLeg"] = CFrame.new(-0.0406,0.3538,-0.3112,0.9352,-0.2972,-0.1923,0.1437,0.8153,-0.5609,0.3235,0.4970,0.8052),
      ["RightLowerLeg"] = CFrame.new(0.0000,0.0000,-0.0030,1.0000,-0.0000,0.0000,0.0000,0.1497,0.9887,-0.0000,-0.9887,0.1497),
      ["RightFoot"] = CFrame.new(0.0000,0.0000,0.0000,0.9593,0.2638,0.1005,-0.0375,0.4720,-0.8808,-0.2798,0.8412,0.4627),
    }},
    {Time = 7.333, Data = {
      ["HumanoidRootPart"] = CFrame.new(0.0000,0.0000,0.0000,1.0000,0.0000,0.0000,0.0000,1.0000,0.0000,0.0000,0.0000,1.0000),
      ["LowerTorso"] = CFrame.new(0.0000,-0.8723,0.0000,1.0000,-0.0000,0.0000,0.0000,0.9331,0.3597,-0.0000,-0.3597,0.9331),
      ["UpperTorso"] = CFrame.new(0.0000,0.0000,0.0000,0.9431,-0.1547,0.2943,0.1155,0.9824,0.1465,-0.3118,-0.1042,0.9444),
      ["LeftUpperArm"] = CFrame.new(0.2041,-0.0511,0.0071,0.8732,-0.0081,-0.4872,-0.1312,0.9590,-0.2512,0.4693,0.2833,0.8364),
      ["LeftLowerArm"] = CFrame.new(-0.0005,-0.0001,0.0033,1.0000,-0.0000,0.0000,0.0000,0.6587,-0.7524,0.0000,0.7524,0.6587),
      ["LeftHand"] = CFrame.new(0.0000,0.0000,0.0000,0.9736,-0.2276,0.0166,0.2277,0.9737,-0.0046,-0.0152,0.0083,0.9999),
      ["Head"] = CFrame.new(0.0000,0.0000,0.0000,0.9431,0.1930,-0.2708,-0.1547,0.9755,0.1562,0.2943,-0.1054,0.9499),
      ["RightUpperArm"] = CFrame.new(-0.0192,-0.1367,0.0348,0.9120,-0.0604,-0.4058,0.2128,0.9152,0.3421,0.3508,-0.3984,0.8475),
      ["RightLowerArm"] = CFrame.new(0.0000,0.0000,0.0033,1.0000,-0.0000,0.0000,0.0000,0.7236,-0.6902,0.0000,0.6902,0.7236),
      ["RightHand"] = CFrame.new(0.0000,0.0000,0.0000,0.9970,-0.0138,0.0757,0.0062,0.9950,0.0995,-0.0767,-0.0988,0.9922),
      ["LeftUpperLeg"] = CFrame.new(0.0000,0.0000,0.0000,0.9679,0.2476,-0.0423,0.0251,-0.2630,-0.9645,-0.2499,0.9325,-0.2608),
      ["LeftLowerLeg"] = CFrame.new(0.0000,0.0002,-0.0029,1.0000,-0.0000,0.0000,0.0000,0.4732,0.8810,-0.0000,-0.8810,0.4732),
      ["LeftFoot"] = CFrame.new(0.0000,-0.0002,0.0000,0.9960,-0.0837,-0.0319,0.0896,0.9340,0.3458,0.0008,-0.3473,0.9378),
      ["RightUpperLeg"] = CFrame.new(-0.0406,0.3538,-0.3112,0.9353,-0.2968,-0.1925,0.1435,0.8157,-0.5604,0.3233,0.4966,0.8055),
      ["RightLowerLeg"] = CFrame.new(0.0000,0.0000,-0.0030,1.0000,-0.0000,0.0000,0.0000,0.1518,0.9884,-0.0000,-0.9884,0.1518),
      ["RightFoot"] = CFrame.new(0.0000,0.0000,0.0000,0.9594,0.2635,0.1004,-0.0379,0.4732,-0.8801,-0.2794,0.8406,0.4640),
    }},
    {Time = 7.367, Data = {
      ["HumanoidRootPart"] = CFrame.new(0.0000,0.0000,0.0000,1.0000,0.0000,0.0000,0.0000,1.0000,0.0000,0.0000,0.0000,1.0000),
      ["LowerTorso"] = CFrame.new(0.0000,-0.8712,0.0000,1.0000,-0.0000,0.0000,0.0000,0.9331,0.3597,-0.0000,-0.3597,0.9331),
      ["UpperTorso"] = CFrame.new(0.0000,0.0000,0.0000,0.9431,-0.1547,0.2943,0.1155,0.9824,0.1465,-0.3118,-0.1042,0.9444),
      ["LeftUpperArm"] = CFrame.new(0.2041,-0.0514,0.0069,0.8734,-0.0079,-0.4870,-0.1319,0.9587,-0.2521,0.4689,0.2844,0.8362),
      ["LeftLowerArm"] = CFrame.new(-0.0005,-0.0001,0.0033,1.0000,-0.0000,0.0000,0.0000,0.6604,-0.7509,0.0000,0.7509,0.6604),
      ["LeftHand"] = CFrame.new(0.0000,0.0000,0.0000,0.9735,-0.2278,0.0204,0.2279,0.9737,-0.0051,-0.0187,0.0096,0.9998),
      ["Head"] = CFrame.new(0.0000,0.0000,0.0000,0.9431,0.1918,-0.2716,-0.1547,0.9762,0.1520,0.2943,-0.1013,0.9503),
      ["RightUpperArm"] = CFrame.new(-0.0193,-0.1364,0.0349,0.9122,-0.0633,-0.4048,0.2122,0.9181,0.3347,0.3505,-0.3912,0.8509),
      ["RightLowerArm"] = CFrame.new(0.0000,0.0000,0.0033,1.0000,-0.0000,0.0000,0.0000,0.7466,-0.6653,0.0000,0.6653,0.7466),
      ["RightHand"] = CFrame.new(0.0000,0.0000,0.0000,0.9971,-0.0154,0.0750,0.0082,0.9954,0.0959,-0.0761,-0.0950,0.9926),
      ["LeftUpperLeg"] = CFrame.new(0.0000,0.0000,0.0000,0.9680,0.2476,-0.0418,0.0252,-0.2614,-0.9649,-0.2499,0.9329,-0.2592),
      ["LeftLowerLeg"] = CFrame.new(0.0000,0.0002,-0.0029,1.0000,-0.0000,0.0000,0.0000,0.4748,0.8801,-0.0000,-0.8801,0.4748),
      ["LeftFoot"] = CFrame.new(0.0000,-0.0002,0.0000,0.9960,-0.0837,-0.0318,0.0896,0.9340,0.3458,0.0008,-0.3473,0.9378),
      ["RightUpperLeg"] = CFrame.new(-0.0406,0.3538,-0.3112,0.9354,-0.2964,-0.1927,0.1432,0.8160,-0.5600,0.3232,0.4962,0.8058),
      ["RightLowerLeg"] = CFrame.new(0.0000,0.0000,-0.0030,1.0000,-0.0000,0.0000,0.0000,0.1534,0.9882,-0.0000,-0.9882,0.1534),
      ["RightFoot"] = CFrame.new(0.0000,0.0000,0.0000,0.9595,0.2632,0.1003,-0.0382,0.4742,-0.8796,-0.2791,0.8402,0.4650),
    }},
    {Time = 7.400, Data = {
      ["HumanoidRootPart"] = CFrame.new(0.0000,0.0000,0.0000,1.0000,0.0000,0.0000,0.0000,1.0000,0.0000,0.0000,0.0000,1.0000),
      ["LowerTorso"] = CFrame.new(0.0000,-0.8703,0.0000,1.0000,-0.0000,0.0000,0.0000,0.9331,0.3597,-0.0000,-0.3597,0.9331),
      ["UpperTorso"] = CFrame.new(0.0000,0.0000,0.0000,0.9431,-0.1547,0.2943,0.1155,0.9824,0.1465,-0.3118,-0.1042,0.9444),
      ["LeftUpperArm"] = CFrame.new(0.2042,-0.0517,0.0068,0.8734,-0.0077,-0.4869,-0.1324,0.9584,-0.2528,0.4686,0.2852,0.8361),
      ["LeftLowerArm"] = CFrame.new(-0.0005,-0.0001,0.0033,1.0000,-0.0000,0.0000,0.0000,0.6618,-0.7497,0.0000,0.7497,0.6618),
      ["LeftHand"] = CFrame.new(0.0000,0.0000,0.0000,0.9734,-0.2279,0.0232,0.2281,0.9736,-0.0055,-0.0214,0.0107,0.9997),
      ["Head"] = CFrame.new(0.0000,0.0000,0.0000,0.9431,0.1906,-0.2724,-0.1547,0.9768,0.1478,0.2943,-0.0973,0.9507),
      ["RightUpperArm"] = CFrame.new(-0.0194,-0.1362,0.0351,0.9124,-0.0662,-0.4038,0.2117,0.9209,0.3273,0.3502,-0.3841,0.8543),
      ["RightLowerArm"] = CFrame.new(0.0000,0.0000,0.0033,1.0000,-0.0000,0.0000,0.0000,0.7684,-0.6399,0.0000,0.6399,0.7684),
      ["RightHand"] = CFrame.new(0.0000,0.0000,0.0000,0.9971,-0.0167,0.0744,0.0097,0.9956,0.0931,-0.0757,-0.0921,0.9929),
      ["LeftUpperLeg"] = CFrame.new(0.0000,0.0000,0.0000,0.9680,0.2477,-0.0414,0.0253,-0.2601,-0.9652,-0.2498,0.9333,-0.2581),
      ["LeftLowerLeg"] = CFrame.new(0.0000,0.0002,-0.0029,1.0000,-0.0000,0.0000,0.0000,0.4760,0.8794,-0.0000,-0.8794,0.4760),
      ["LeftFoot"] = CFrame.new(0.0000,-0.0002,0.0000,0.9960,-0.0837,-0.0318,0.0895,0.9340,0.3458,0.0008,-0.3473,0.9378),
      ["RightUpperLeg"] = CFrame.new(-0.0406,0.3538,-0.3112,0.9355,-0.2961,-0.1928,0.1430,0.8163,-0.5596,0.3231,0.4960,0.8060),
      ["RightLowerLeg"] = CFrame.new(0.0000,0.0000,-0.0030,1.0000,-0.0000,0.0000,0.0000,0.1548,0.9880,-0.0000,-0.9880,0.1548),
      ["RightFoot"] = CFrame.new(0.0000,0.0000,0.0000,0.9596,0.2630,0.1002,-0.0384,0.4750,-0.8792,-0.2788,0.8398,0.4659),
    }},
    {Time = 7.433, Data = {
      ["HumanoidRootPart"] = CFrame.new(0.0000,0.0000,0.0000,1.0000,0.0000,0.0000,0.0000,1.0000,0.0000,0.0000,0.0000,1.0000),
      ["LowerTorso"] = CFrame.new(0.0000,-0.8697,0.0000,1.0000,-0.0000,0.0000,0.0000,0.9331,0.3597,-0.0000,-0.3597,0.9331),
      ["UpperTorso"] = CFrame.new(0.0000,0.0000,0.0000,0.9431,-0.1547,0.2943,0.1155,0.9824,0.1465,-0.3118,-0.1042,0.9444),
      ["LeftUpperArm"] = CFrame.new(0.2042,-0.0518,0.0067,0.8735,-0.0076,-0.4868,-0.1328,0.9583,-0.2532,0.4684,0.2858,0.8360),
      ["LeftLowerArm"] = CFrame.new(-0.0005,-0.0001,0.0033,1.0000,-0.0000,0.0000,0.0000,0.6628,-0.7488,0.0000,0.7488,0.6628),
      ["LeftHand"] = CFrame.new(0.0000,0.0000,0.0000,0.9733,-0.2280,0.0252,0.2282,0.9736,-0.0058,-0.0232,0.0114,0.9997),
      ["Head"] = CFrame.new(0.0000,0.0000,0.0000,0.9431,0.1895,-0.2733,-0.1547,0.9775,0.1436,0.2943,-0.0931,0.9512),
      ["RightUpperArm"] = CFrame.new(-0.0195,-0.1359,0.0352,0.9126,-0.0691,-0.4029,0.2112,0.9236,0.3200,0.3500,-0.3772,0.8575),
      ["RightLowerArm"] = CFrame.new(0.0000,0.0000,0.0033,1.0000,-0.0000,0.0000,0.0000,0.7889,-0.6146,0.0000,0.6146,0.7889),
      ["RightHand"] = CFrame.new(0.0000,0.0000,0.0000,0.9971,-0.0176,0.0741,0.0108,0.9958,0.0912,-0.0754,-0.0901,0.9931),
      ["LeftUpperLeg"] = CFrame.new(0.0000,0.0000,0.0000,0.9680,0.2477,-0.0411,0.0253,-0.2593,-0.9655,-0.2498,0.9335,-0.2572),
      ["LeftLowerLeg"] = CFrame.new(0.0000,0.0002,-0.0029,1.0000,-0.0000,0.0000,0.0000,0.4769,0.8790,-0.0000,-0.8790,0.4769),
      ["LeftFoot"] = CFrame.new(0.0000,-0.0002,0.0000,0.9960,-0.0837,-0.0318,0.0895,0.9340,0.3458,0.0008,-0.3473,0.9378),
      ["RightUpperLeg"] = CFrame.new(-0.0406,0.3538,-0.3112,0.9356,-0.2959,-0.1929,0.1429,0.8165,-0.5594,0.3230,0.4958,0.8061),
      ["RightLowerLeg"] = CFrame.new(0.0000,0.0000,-0.0030,1.0000,-0.0000,0.0000,0.0000,0.1556,0.9878,-0.0000,-0.9878,0.1556),
      ["RightFoot"] = CFrame.new(0.0000,0.0000,0.0000,0.9596,0.2629,0.1002,-0.0385,0.4755,-0.8789,-0.2787,0.8395,0.4664),
    }},
    {Time = 7.467, Data = {
      ["HumanoidRootPart"] = CFrame.new(0.0000,0.0000,0.0000,1.0000,0.0000,0.0000,0.0000,1.0000,0.0000,0.0000,0.0000,1.0000),
      ["LowerTorso"] = CFrame.new(0.0000,-0.8693,0.0000,1.0000,-0.0000,0.0000,0.0000,0.9331,0.3597,-0.0000,-0.3597,0.9331),
      ["UpperTorso"] = CFrame.new(0.0000,0.0000,0.0000,0.9431,-0.1547,0.2943,0.1155,0.9824,0.1465,-0.3118,-0.1042,0.9444),
      ["LeftUpperArm"] = CFrame.new(0.2042,-0.0519,0.0066,0.8735,-0.0076,-0.4868,-0.1330,0.9582,-0.2535,0.4683,0.2861,0.8359),
      ["LeftLowerArm"] = CFrame.new(-0.0005,-0.0001,0.0033,1.0000,-0.0000,0.0000,0.0000,0.6632,-0.7484,0.0000,0.7484,0.6632),
      ["LeftHand"] = CFrame.new(0.0000,0.0000,0.0000,0.9733,-0.2280,0.0262,0.2282,0.9736,-0.0059,-0.0242,0.0117,0.9996),
      ["Head"] = CFrame.new(0.0000,0.0000,0.0000,0.9431,0.1882,-0.2741,-0.1547,0.9781,0.1393,0.2943,-0.0889,0.9516),
      ["RightUpperArm"] = CFrame.new(-0.0196,-0.1357,0.0353,0.9128,-0.0717,-0.4021,0.2108,0.9259,0.3134,0.3498,-0.3709,0.8603),
      ["RightLowerArm"] = CFrame.new(0.0000,0.0000,0.0033,1.0000,-0.0000,0.0000,0.0000,0.8073,-0.5901,0.0000,0.5901,0.8073),
      ["RightHand"] = CFrame.new(0.0000,0.0000,0.0000,0.9971,-0.0181,0.0740,0.0113,0.9959,0.0902,-0.0753,-0.0891,0.9932),
      ["LeftUpperLeg"] = CFrame.new(0.0000,0.0000,0.0000,0.9680,0.2477,-0.0410,0.0253,-0.2588,-0.9656,-0.2498,0.9336,-0.2568),
      ["LeftLowerLeg"] = CFrame.new(0.0000,0.0002,-0.0029,1.0000,-0.0000,0.0000,0.0000,0.4773,0.8787,-0.0000,-0.8787,0.4773),
      ["LeftFoot"] = CFrame.new(0.0000,-0.0002,0.0000,0.9960,-0.0837,-0.0318,0.0895,0.9340,0.3458,0.0008,-0.3473,0.9378),
      ["RightUpperLeg"] = CFrame.new(-0.0406,0.3538,-0.3112,0.9356,-0.2958,-0.1929,0.1429,0.8166,-0.5593,0.3230,0.4957,0.8062),
      ["RightLowerLeg"] = CFrame.new(0.0000,0.0000,-0.0030,1.0000,-0.0000,0.0000,0.0000,0.1561,0.9877,-0.0000,-0.9877,0.1561),
      ["RightFoot"] = CFrame.new(0.0000,0.0000,0.0000,0.9596,0.2629,0.1002,-0.0386,0.4758,-0.8787,-0.2787,0.8394,0.4667),
    }},
    {Time = 7.500, Data = {
      ["HumanoidRootPart"] = CFrame.new(0.0000,0.0000,0.0000,1.0000,0.0000,0.0000,0.0000,1.0000,0.0000,0.0000,0.0000,1.0000),
      ["LowerTorso"] = CFrame.new(0.0000,-0.8693,0.0000,1.0000,-0.0000,0.0000,0.0000,0.9331,0.3597,-0.0000,-0.3597,0.9331),
      ["UpperTorso"] = CFrame.new(0.0000,0.0000,0.0000,0.9431,-0.1547,0.2943,0.1155,0.9824,0.1465,-0.3118,-0.1042,0.9444),
      ["LeftUpperArm"] = CFrame.new(0.2042,-0.0519,0.0066,0.8735,-0.0076,-0.4868,-0.1329,0.9582,-0.2535,0.4684,0.2861,0.8359),
      ["LeftLowerArm"] = CFrame.new(-0.0005,-0.0001,0.0033,1.0000,-0.0000,0.0000,0.0000,0.6632,-0.7484,0.0000,0.7484,0.6632),
      ["LeftHand"] = CFrame.new(0.0000,0.0000,0.0000,0.9733,-0.2280,0.0262,0.2282,0.9736,-0.0059,-0.0242,0.0117,0.9996),
      ["Head"] = CFrame.new(0.0000,0.0000,0.0000,0.9431,0.1870,-0.2749,-0.1547,0.9787,0.1349,0.2943,-0.0847,0.9519),
      ["RightUpperArm"] = CFrame.new(-0.0197,-0.1356,0.0353,0.9129,-0.0739,-0.4014,0.2105,0.9278,0.3079,0.3496,-0.3656,0.8626),
      ["RightLowerArm"] = CFrame.new(0.0000,0.0000,0.0033,1.0000,-0.0000,0.0000,0.0000,0.8234,-0.5674,0.0000,0.5674,0.8234),
      ["RightHand"] = CFrame.new(0.0000,0.0000,0.0000,0.9971,-0.0181,0.0740,0.0113,0.9959,0.0902,-0.0753,-0.0891,0.9932),
      ["LeftUpperLeg"] = CFrame.new(0.0000,0.0000,0.0000,0.9680,0.2477,-0.0410,0.0253,-0.2588,-0.9656,-0.2498,0.9336,-0.2568),
      ["LeftLowerLeg"] = CFrame.new(0.0000,0.0002,-0.0029,1.0000,-0.0000,0.0000,0.0000,0.4773,0.8787,-0.0000,-0.8787,0.4773),
      ["LeftFoot"] = CFrame.new(0.0000,-0.0002,0.0000,0.9960,-0.0837,-0.0318,0.0895,0.9340,0.3458,0.0008,-0.3473,0.9378),
      ["RightUpperLeg"] = CFrame.new(-0.0406,0.3538,-0.3112,0.9356,-0.2958,-0.1929,0.1429,0.8165,-0.5593,0.3230,0.4957,0.8062),
      ["RightLowerLeg"] = CFrame.new(0.0000,0.0000,-0.0030,1.0000,-0.0000,0.0000,0.0000,0.1561,0.9877,-0.0000,-0.9877,0.1561),
      ["RightFoot"] = CFrame.new(0.0000,0.0000,0.0000,0.9596,0.2629,0.1002,-0.0386,0.4758,-0.8787,-0.2787,0.8394,0.4667),
    }},
    {Time = 7.533, Data = {
      ["HumanoidRootPart"] = CFrame.new(0.0000,0.0000,0.0000,1.0000,0.0000,0.0000,0.0000,1.0000,0.0000,0.0000,0.0000,1.0000),
      ["LowerTorso"] = CFrame.new(0.0000,-0.8697,0.0000,1.0000,-0.0000,0.0000,0.0000,0.9331,0.3597,-0.0000,-0.3597,0.9331),
      ["UpperTorso"] = CFrame.new(0.0000,0.0000,0.0000,0.9431,-0.1547,0.2943,0.1155,0.9824,0.1465,-0.3118,-0.1042,0.9444),
      ["LeftUpperArm"] = CFrame.new(0.2042,-0.0518,0.0067,0.8735,-0.0076,-0.4868,-0.1328,0.9583,-0.2532,0.4684,0.2858,0.8360),
      ["LeftLowerArm"] = CFrame.new(-0.0005,-0.0001,0.0033,1.0000,-0.0000,0.0000,0.0000,0.6628,-0.7488,0.0000,0.7488,0.6628),
      ["LeftHand"] = CFrame.new(0.0000,0.0000,0.0000,0.9733,-0.2280,0.0252,0.2282,0.9736,-0.0058,-0.0232,0.0114,0.9997),
      ["Head"] = CFrame.new(0.0000,0.0000,0.0000,0.9431,0.1858,-0.2758,-0.1547,0.9793,0.1305,0.2943,-0.0804,0.9523),
      ["RightUpperArm"] = CFrame.new(-0.0197,-0.1355,0.0354,0.9130,-0.0756,-0.4009,0.2103,0.9293,0.3037,0.3495,-0.3616,0.8643),
      ["RightLowerArm"] = CFrame.new(0.0000,0.0000,0.0033,1.0000,-0.0000,0.0000,0.0000,0.8371,-0.5470,0.0000,0.5470,0.8371),
      ["RightHand"] = CFrame.new(0.0000,0.0000,0.0000,0.9971,-0.0176,0.0741,0.0108,0.9958,0.0912,-0.0754,-0.0901,0.9931),
      ["LeftUpperLeg"] = CFrame.new(0.0000,0.0000,0.0000,0.9680,0.2476,-0.0411,0.0253,-0.2593,-0.9655,-0.2498,0.9335,-0.2572),
      ["LeftLowerLeg"] = CFrame.new(0.0000,0.0002,-0.0029,1.0000,-0.0000,0.0000,0.0000,0.4769,0.8790,-0.0000,-0.8790,0.4769),
      ["LeftFoot"] = CFrame.new(0.0000,-0.0002,0.0000,0.9960,-0.0837,-0.0319,0.0896,0.9340,0.3458,0.0008,-0.3473,0.9378),
      ["RightUpperLeg"] = CFrame.new(-0.0406,0.3538,-0.3112,0.9356,-0.2959,-0.1928,0.1429,0.8165,-0.5594,0.3230,0.4958,0.8061),
      ["RightLowerLeg"] = CFrame.new(0.0000,0.0000,-0.0030,1.0000,-0.0000,0.0000,0.0000,0.1556,0.9878,-0.0000,-0.9878,0.1556),
      ["RightFoot"] = CFrame.new(0.0000,0.0000,0.0000,0.9596,0.2629,0.1002,-0.0385,0.4755,-0.8789,-0.2787,0.8395,0.4664),
    }},
    {Time = 7.567, Data = {
      ["HumanoidRootPart"] = CFrame.new(0.0000,0.0000,0.0000,1.0000,0.0000,0.0000,0.0000,1.0000,0.0000,0.0000,0.0000,1.0000),
      ["LowerTorso"] = CFrame.new(0.0000,-0.8703,0.0000,1.0000,-0.0000,0.0000,0.0000,0.9331,0.3597,-0.0000,-0.3597,0.9331),
      ["UpperTorso"] = CFrame.new(0.0000,0.0000,0.0000,0.9431,-0.1547,0.2943,0.1155,0.9824,0.1465,-0.3118,-0.1042,0.9444),
      ["LeftUpperArm"] = CFrame.new(0.2041,-0.0517,0.0068,0.8734,-0.0077,-0.4869,-0.1324,0.9584,-0.2528,0.4686,0.2852,0.8361),
      ["LeftLowerArm"] = CFrame.new(-0.0005,-0.0001,0.0033,1.0000,-0.0000,0.0000,0.0000,0.6618,-0.7497,0.0000,0.7497,0.6618),
      ["LeftHand"] = CFrame.new(0.0000,0.0000,0.0000,0.9734,-0.2279,0.0232,0.2281,0.9736,-0.0055,-0.0214,0.0107,0.9997),
      ["Head"] = CFrame.new(0.0000,0.0000,0.0000,0.9431,0.1845,-0.2766,-0.1547,0.9799,0.1261,0.2943,-0.0761,0.9527),
      ["RightUpperArm"] = CFrame.new(-0.0197,-0.1354,0.0354,0.9131,-0.0768,-0.4005,0.2102,0.9302,0.3009,0.3495,-0.3590,0.8655),
      ["RightLowerArm"] = CFrame.new(0.0000,0.0000,0.0033,1.0000,-0.0000,0.0000,0.0000,0.8484,-0.5294,0.0000,0.5294,0.8484),
      ["RightHand"] = CFrame.new(0.0000,0.0000,0.0000,0.9971,-0.0167,0.0744,0.0097,0.9956,0.0931,-0.0757,-0.0921,0.9929),
      ["LeftUpperLeg"] = CFrame.new(0.0000,0.0000,0.0000,0.9680,0.2476,-0.0414,0.0253,-0.2601,-0.9652,-0.2498,0.9333,-0.2581),
      ["LeftLowerLeg"] = CFrame.new(0.0000,0.0002,-0.0029,1.0000,-0.0000,0.0000,0.0000,0.4760,0.8794,-0.0000,-0.8794,0.4760),
      ["LeftFoot"] = CFrame.new(0.0000,-0.0002,0.0000,0.9960,-0.0837,-0.0319,0.0896,0.9340,0.3458,0.0008,-0.3473,0.9378),
      ["RightUpperLeg"] = CFrame.new(-0.0406,0.3538,-0.3112,0.9355,-0.2961,-0.1928,0.1430,0.8163,-0.5596,0.3231,0.4960,0.8060),
      ["RightLowerLeg"] = CFrame.new(0.0000,0.0000,-0.0030,1.0000,-0.0000,0.0000,0.0000,0.1548,0.9880,-0.0000,-0.9880,0.1548),
      ["RightFoot"] = CFrame.new(0.0000,0.0000,0.0000,0.9596,0.2630,0.1003,-0.0383,0.4750,-0.8792,-0.2788,0.8398,0.4659),
    }},
    {Time = 7.600, Data = {
      ["HumanoidRootPart"] = CFrame.new(0.0000,0.0000,0.0000,1.0000,0.0000,0.0000,0.0000,1.0000,0.0000,0.0000,0.0000,1.0000),
      ["LowerTorso"] = CFrame.new(0.0000,-0.8712,0.0000,1.0000,-0.0000,0.0000,0.0000,0.9331,0.3597,-0.0000,-0.3597,0.9331),
      ["UpperTorso"] = CFrame.new(0.0000,0.0000,0.0000,0.9431,-0.1547,0.2943,0.1155,0.9824,0.1465,-0.3118,-0.1042,0.9444),
      ["LeftUpperArm"] = CFrame.new(0.2041,-0.0514,0.0069,0.8734,-0.0079,-0.4870,-0.1319,0.9587,-0.2521,0.4689,0.2844,0.8362),
      ["LeftLowerArm"] = CFrame.new(-0.0005,-0.0001,0.0033,1.0000,-0.0000,0.0000,0.0000,0.6604,-0.7509,0.0000,0.7509,0.6604),
      ["LeftHand"] = CFrame.new(0.0000,0.0000,0.0000,0.9735,-0.2278,0.0204,0.2279,0.9737,-0.0051,-0.0187,0.0096,0.9998),
      ["Head"] = CFrame.new(0.0000,0.0000,0.0000,0.9431,0.1833,-0.2774,-0.1547,0.9804,0.1218,0.2943,-0.0719,0.9530),
      ["RightUpperArm"] = CFrame.new(-0.0197,-0.1354,0.0354,0.9131,-0.0774,-0.4004,0.2102,0.9307,0.2994,0.3495,-0.3576,0.8660),
      ["RightLowerArm"] = CFrame.new(0.0000,0.0000,0.0033,1.0000,-0.0000,0.0000,0.0000,0.8575,-0.5146,0.0000,0.5146,0.8575),
      ["RightHand"] = CFrame.new(0.0000,0.0000,0.0000,0.9971,-0.0154,0.0750,0.0082,0.9954,0.0959,-0.0761,-0.0950,0.9926),
      ["LeftUpperLeg"] = CFrame.new(0.0000,0.0000,0.0000,0.9680,0.2476,-0.0418,0.0252,-0.2614,-0.9649,-0.2499,0.9329,-0.2592),
      ["LeftLowerLeg"] = CFrame.new(0.0000,0.0002,-0.0029,1.0000,-0.0000,0.0000,0.0000,0.4748,0.8801,-0.0000,-0.8801,0.4748),
      ["LeftFoot"] = CFrame.new(0.0000,-0.0002,0.0000,0.9960,-0.0837,-0.0319,0.0896,0.9340,0.3458,0.0008,-0.3473,0.9377),
      ["RightUpperLeg"] = CFrame.new(-0.0406,0.3538,-0.3112,0.9354,-0.2964,-0.1927,0.1432,0.8160,-0.5600,0.3232,0.4962,0.8058),
      ["RightLowerLeg"] = CFrame.new(0.0000,0.0000,-0.0030,1.0000,-0.0000,0.0000,0.0000,0.1534,0.9882,-0.0000,-0.9882,0.1534),
      ["RightFoot"] = CFrame.new(0.0000,0.0000,0.0000,0.9595,0.2632,0.1003,-0.0382,0.4742,-0.8796,-0.2791,0.8402,0.4650),
    }},
    {Time = 7.633, Data = {
      ["HumanoidRootPart"] = CFrame.new(0.0000,0.0000,0.0000,1.0000,0.0000,0.0000,0.0000,1.0000,0.0000,0.0000,0.0000,1.0000),
      ["LowerTorso"] = CFrame.new(0.0000,-0.8723,0.0000,1.0000,-0.0000,0.0000,0.0000,0.9331,0.3597,-0.0000,-0.3597,0.9331),
      ["UpperTorso"] = CFrame.new(0.0000,0.0000,0.0000,0.9431,-0.1547,0.2943,0.1155,0.9824,0.1465,-0.3118,-0.1042,0.9444),
      ["LeftUpperArm"] = CFrame.new(0.2041,-0.0511,0.0071,0.8732,-0.0081,-0.4872,-0.1312,0.9590,-0.2512,0.4693,0.2833,0.8364),
      ["LeftLowerArm"] = CFrame.new(-0.0005,-0.0001,0.0033,1.0000,-0.0000,0.0000,0.0000,0.6587,-0.7524,0.0000,0.7524,0.6587),
      ["LeftHand"] = CFrame.new(0.0000,0.0000,0.0000,0.9736,-0.2276,0.0166,0.2277,0.9737,-0.0046,-0.0152,0.0083,0.9999),
      ["Head"] = CFrame.new(0.0000,0.0000,0.0000,0.9431,0.1821,-0.2782,-0.1547,0.9809,0.1176,0.2943,-0.0678,0.9533),
      ["RightUpperArm"] = CFrame.new(-0.0197,-0.1355,0.0354,0.9130,-0.0775,-0.4004,0.2102,0.9307,0.2993,0.3495,-0.3574,0.8661),
      ["RightLowerArm"] = CFrame.new(0.0000,0.0000,0.0033,1.0000,-0.0000,0.0000,0.0000,0.8644,-0.5027,0.0000,0.5027,0.8644),
      ["RightHand"] = CFrame.new(0.0000,0.0000,0.0000,0.9970,-0.0138,0.0757,0.0062,0.9950,0.0995,-0.0767,-0.0988,0.9922),
      ["LeftUpperLeg"] = CFrame.new(0.0000,0.0000,0.0000,0.9679,0.2476,-0.0423,0.0251,-0.2630,-0.9645,-0.2499,0.9325,-0.2608),
      ["LeftLowerLeg"] = CFrame.new(0.0000,0.0002,-0.0029,1.0000,-0.0000,0.0000,0.0000,0.4732,0.8810,-0.0000,-0.8810,0.4732),
      ["LeftFoot"] = CFrame.new(0.0000,-0.0002,0.0000,0.9960,-0.0837,-0.0319,0.0896,0.9340,0.3459,0.0008,-0.3473,0.9377),
      ["RightUpperLeg"] = CFrame.new(-0.0406,0.3538,-0.3112,0.9353,-0.2968,-0.1925,0.1435,0.8157,-0.5604,0.3233,0.4966,0.8055),
      ["RightLowerLeg"] = CFrame.new(0.0000,0.0000,-0.0030,1.0000,-0.0000,0.0000,0.0000,0.1518,0.9884,-0.0000,-0.9884,0.1518),
      ["RightFoot"] = CFrame.new(0.0000,0.0000,0.0000,0.9594,0.2635,0.1004,-0.0379,0.4732,-0.8801,-0.2794,0.8406,0.4640),
    }},
    {Time = 7.667, Data = {
      ["HumanoidRootPart"] = CFrame.new(0.0000,0.0000,0.0000,1.0000,0.0000,0.0000,0.0000,1.0000,0.0000,0.0000,0.0000,1.0000),
      ["LowerTorso"] = CFrame.new(0.0000,-0.8737,0.0000,1.0000,-0.0000,0.0000,0.0000,0.9331,0.3597,-0.0000,-0.3597,0.9331),
      ["UpperTorso"] = CFrame.new(0.0000,0.0000,0.0000,0.9431,-0.1547,0.2943,0.1155,0.9824,0.1465,-0.3118,-0.1042,0.9444),
      ["LeftUpperArm"] = CFrame.new(0.2040,-0.0507,0.0073,0.8731,-0.0084,-0.4875,-0.1304,0.9594,-0.2501,0.4698,0.2820,0.8366),
      ["LeftLowerArm"] = CFrame.new(-0.0005,-0.0001,0.0033,1.0000,-0.0000,0.0000,0.0000,0.6565,-0.7543,0.0000,0.7543,0.6565),
      ["LeftHand"] = CFrame.new(0.0000,0.0000,0.0000,0.9737,-0.2273,0.0121,0.2274,0.9738,-0.0040,-0.0109,0.0066,0.9999),
      ["Head"] = CFrame.new(0.0000,0.0000,0.0000,0.9431,0.1810,-0.2789,-0.1547,0.9814,0.1136,0.2943,-0.0639,0.9536),
      ["RightUpperArm"] = CFrame.new(-0.0197,-0.1355,0.0354,0.9130,-0.0771,-0.4005,0.2103,0.9304,0.3003,0.3495,-0.3584,0.8657),
      ["RightLowerArm"] = CFrame.new(0.0000,0.0000,0.0033,1.0000,-0.0000,0.0000,0.0000,0.8696,-0.4938,0.0000,0.4938,0.8696),
      ["RightHand"] = CFrame.new(0.0000,0.0000,0.0000,0.9970,-0.0118,0.0765,0.0038,0.9946,0.1039,-0.0773,-0.1033,0.9916),
      ["LeftUpperLeg"] = CFrame.new(0.0000,0.0000,0.0000,0.9679,0.2475,-0.0429,0.0250,-0.2650,-0.9639,-0.2499,0.9320,-0.2627),
      ["LeftLowerLeg"] = CFrame.new(0.0000,0.0002,-0.0029,1.0000,-0.0000,0.0000,0.0000,0.4712,0.8820,-0.0000,-0.8820,0.4712),
      ["LeftFoot"] = CFrame.new(0.0000,-0.0002,0.0000,0.9960,-0.0838,-0.0319,0.0897,0.9340,0.3459,0.0008,-0.3474,0.9377),
      ["RightUpperLeg"] = CFrame.new(-0.0406,0.3538,-0.3112,0.9352,-0.2972,-0.1923,0.1437,0.8153,-0.5609,0.3235,0.4970,0.8052),
      ["RightLowerLeg"] = CFrame.new(0.0000,0.0000,-0.0030,1.0000,-0.0000,0.0000,0.0000,0.1497,0.9887,-0.0000,-0.9887,0.1497),
      ["RightFoot"] = CFrame.new(0.0000,0.0000,0.0000,0.9593,0.2638,0.1005,-0.0375,0.4720,-0.8808,-0.2798,0.8412,0.4627),
    }},
    {Time = 7.700, Data = {
      ["HumanoidRootPart"] = CFrame.new(0.0000,0.0000,0.0000,1.0000,0.0000,0.0000,0.0000,1.0000,0.0000,0.0000,0.0000,1.0000),
      ["LowerTorso"] = CFrame.new(0.0000,-0.8753,0.0000,1.0000,-0.0000,0.0000,0.0000,0.9331,0.3597,-0.0000,-0.3597,0.9331),
      ["UpperTorso"] = CFrame.new(0.0000,0.0000,0.0000,0.9431,-0.1547,0.2943,0.1155,0.9824,0.1465,-0.3118,-0.1042,0.9444),
      ["LeftUpperArm"] = CFrame.new(0.2040,-0.0502,0.0076,0.8729,-0.0087,-0.4877,-0.1295,0.9598,-0.2489,0.4703,0.2804,0.8368),
      ["LeftLowerArm"] = CFrame.new(-0.0005,-0.0001,0.0033,1.0000,-0.0000,0.0000,0.0000,0.6540,-0.7565,0.0000,0.7565,0.6540),
      ["LeftHand"] = CFrame.new(0.0000,0.0000,0.0000,0.9739,-0.2270,0.0069,0.2270,0.9739,-0.0032,-0.0060,0.0047,1.0000),
      ["Head"] = CFrame.new(0.0000,0.0000,0.0000,0.9431,0.1799,-0.2796,-0.1547,0.9818,0.1098,0.2943,-0.0603,0.9538),
      ["RightUpperArm"] = CFrame.new(-0.0196,-0.1355,0.0353,0.9130,-0.0762,-0.4009,0.2104,0.9296,0.3025,0.3496,-0.3605,0.8648),
      ["RightLowerArm"] = CFrame.new(0.0000,0.0000,0.0033,1.0000,-0.0000,0.0000,0.0000,0.8728,-0.4880,0.0000,0.4880,0.8728),
      ["RightHand"] = CFrame.new(0.0000,0.0000,0.0000,0.9969,-0.0094,0.0776,0.0009,0.9940,0.1090,-0.0781,-0.1086,0.9910),
      ["LeftUpperLeg"] = CFrame.new(0.0000,0.0000,0.0000,0.9679,0.2474,-0.0436,0.0249,-0.2672,-0.9633,-0.2500,0.9313,-0.2648),
      ["LeftLowerLeg"] = CFrame.new(0.0000,0.0002,-0.0029,1.0000,-0.0000,0.0000,0.0000,0.4690,0.8832,-0.0000,-0.8832,0.4690),
      ["LeftFoot"] = CFrame.new(0.0000,-0.0002,0.0000,0.9960,-0.0839,-0.0319,0.0897,0.9339,0.3460,0.0008,-0.3474,0.9377),
      ["RightUpperLeg"] = CFrame.new(-0.0406,0.3538,-0.3112,0.9351,-0.2978,-0.1921,0.1441,0.8148,-0.5615,0.3238,0.4974,0.8048),
      ["RightLowerLeg"] = CFrame.new(0.0000,0.0000,-0.0030,1.0000,-0.0000,0.0000,0.0000,0.1473,0.9891,-0.0000,-0.9891,0.1473),
      ["RightFoot"] = CFrame.new(0.0000,0.0000,0.0000,0.9592,0.2642,0.1006,-0.0371,0.4706,-0.8816,-0.2803,0.8419,0.4612),
    }},
    {Time = 7.733, Data = {
      ["HumanoidRootPart"] = CFrame.new(0.0000,0.0000,0.0000,1.0000,0.0000,0.0000,0.0000,1.0000,0.0000,0.0000,0.0000,1.0000),
      ["LowerTorso"] = CFrame.new(0.0000,-0.8772,0.0000,1.0000,-0.0000,0.0000,0.0000,0.9331,0.3597,-0.0000,-0.3597,0.9331),
      ["UpperTorso"] = CFrame.new(0.0000,0.0000,0.0000,0.9431,-0.1547,0.2943,0.1155,0.9824,0.1465,-0.3118,-0.1042,0.9444),
      ["LeftUpperArm"] = CFrame.new(0.2039,-0.0497,0.0079,0.8728,-0.0090,-0.4881,-0.1285,0.9603,-0.2475,0.4709,0.2787,0.8370),
      ["LeftLowerArm"] = CFrame.new(-0.0005,-0.0001,0.0033,1.0000,-0.0000,0.0000,0.0000,0.6512,-0.7589,0.0000,0.7589,0.6512),
      ["LeftHand"] = CFrame.new(0.0000,0.0000,0.0000,0.9740,-0.2267,0.0010,0.2267,0.9740,-0.0024,-0.0004,0.0026,1.0000),
      ["Head"] = CFrame.new(0.0000,0.0000,0.0000,0.9431,0.1789,-0.2803,-0.1547,0.9822,0.1063,0.2943,-0.0569,0.9540),
      ["RightUpperArm"] = CFrame.new(-0.0196,-0.1356,0.0353,0.9129,-0.0750,-0.4013,0.2106,0.9285,0.3057,0.3497,-0.3636,0.8634),
      ["RightLowerArm"] = CFrame.new(0.0000,0.0000,0.0033,1.0000,-0.0000,0.0000,0.0000,0.8744,-0.4852,0.0000,0.4852,0.8744),
      ["RightHand"] = CFrame.new(0.0000,0.0000,0.0000,0.9969,-0.0068,0.0787,-0.0023,0.9934,0.1148,-0.0790,-0.1146,0.9903),
      ["LeftUpperLeg"] = CFrame.new(0.0000,0.0000,0.0000,0.9679,0.2473,-0.0444,0.0248,-0.2698,-0.9626,-0.2501,0.9306,-0.2673),
      ["LeftLowerLeg"] = CFrame.new(0.0000,0.0002,-0.0029,1.0000,-0.0000,0.0000,0.0000,0.4664,0.8846,-0.0000,-0.8846,0.4664),
      ["LeftFoot"] = CFrame.new(0.0000,-0.0002,0.0000,0.9960,-0.0839,-0.0319,0.0898,0.9339,0.3461,0.0008,-0.3475,0.9377),
      ["RightUpperLeg"] = CFrame.new(-0.0406,0.3538,-0.3112,0.9350,-0.2984,-0.1919,0.1445,0.8143,-0.5622,0.3240,0.4979,0.8044),
      ["RightLowerLeg"] = CFrame.new(0.0000,0.0000,-0.0030,1.0000,-0.0000,0.0000,0.0000,0.1447,0.9895,-0.0000,-0.9895,0.1447),
      ["RightFoot"] = CFrame.new(0.0000,0.0000,0.0000,0.9591,0.2646,0.1008,-0.0366,0.4690,-0.8825,-0.2808,0.8426,0.4595),
    }},
    {Time = 7.767, Data = {
      ["HumanoidRootPart"] = CFrame.new(0.0000,0.0000,0.0000,1.0000,0.0000,0.0000,0.0000,1.0000,0.0000,0.0000,0.0000,1.0000),
      ["LowerTorso"] = CFrame.new(0.0000,-0.8792,0.0000,1.0000,-0.0000,0.0000,0.0000,0.9331,0.3597,-0.0000,-0.3597,0.9331),
      ["UpperTorso"] = CFrame.new(0.0000,0.0000,0.0000,0.9431,-0.1547,0.2943,0.1155,0.9824,0.1465,-0.3118,-0.1042,0.9444),
      ["LeftUpperArm"] = CFrame.new(0.2038,-0.0491,0.0083,0.8726,-0.0094,-0.4884,-0.1273,0.9609,-0.2460,0.4716,0.2768,0.8372),
      ["LeftLowerArm"] = CFrame.new(-0.0005,-0.0001,0.0033,1.0000,-0.0000,0.0000,0.0000,0.6481,-0.7615,0.0000,0.7615,0.6481),
      ["LeftHand"] = CFrame.new(0.0000,0.0000,0.0000,0.9740,-0.2263,-0.0055,0.2263,0.9741,-0.0015,0.0057,0.0002,1.0000),
      ["Head"] = CFrame.new(0.0000,0.0000,0.0000,0.9431,0.1780,-0.2808,-0.1547,0.9825,0.1032,0.2943,-0.0539,0.9542),
      ["RightUpperArm"] = CFrame.new(-0.0196,-0.1357,0.0353,0.9128,-0.0734,-0.4018,0.2109,0.9271,0.3098,0.3498,-0.3675,0.8617),
      ["RightLowerArm"] = CFrame.new(0.0000,0.0000,0.0033,1.0000,-0.0000,0.0000,0.0000,0.8745,-0.4850,0.0000,0.4850,0.8745),
      ["RightHand"] = CFrame.new(0.0000,0.0000,0.0000,0.9968,-0.0039,0.0800,-0.0059,0.9926,0.1212,-0.0799,-0.1213,0.9894),
      ["LeftUpperLeg"] = CFrame.new(0.0000,0.0000,0.0000,0.9679,0.2472,-0.0453,0.0246,-0.2726,-0.9618,-0.2501,0.9298,-0.2700),
      ["LeftLowerLeg"] = CFrame.new(0.0000,0.0002,-0.0029,1.0000,-0.0000,0.0000,0.0000,0.4636,0.8860,-0.0000,-0.8860,0.4636),
      ["LeftFoot"] = CFrame.new(0.0000,-0.0002,0.0000,0.9960,-0.0840,-0.0320,0.0899,0.9339,0.3462,0.0008,-0.3476,0.9376),
      ["RightUpperLeg"] = CFrame.new(-0.0406,0.3538,-0.3112,0.9348,-0.2991,-0.1916,0.1449,0.8137,-0.5630,0.3243,0.4985,0.8040),
      ["RightLowerLeg"] = CFrame.new(0.0000,0.0000,-0.0030,1.0000,-0.0000,0.0000,0.0000,0.1417,0.9899,-0.0000,-0.9899,0.1417),
      ["RightFoot"] = CFrame.new(0.0000,0.0000,0.0000,0.9589,0.2651,0.1010,-0.0361,0.4672,-0.8834,-0.2814,0.8435,0.4576),
    }},
    {Time = 7.800, Data = {
      ["HumanoidRootPart"] = CFrame.new(0.0000,0.0000,0.0000,1.0000,0.0000,0.0000,0.0000,1.0000,0.0000,0.0000,0.0000,1.0000),
      ["LowerTorso"] = CFrame.new(0.0000,-0.8814,0.0000,1.0000,-0.0000,0.0000,0.0000,0.9331,0.3597,-0.0000,-0.3597,0.9331),
      ["UpperTorso"] = CFrame.new(0.0000,0.0000,0.0000,0.9431,-0.1547,0.2943,0.1155,0.9824,0.1465,-0.3118,-0.1042,0.9444),
      ["LeftUpperArm"] = CFrame.new(0.2037,-0.0485,0.0087,0.8723,-0.0099,-0.4888,-0.1260,0.9615,-0.2443,0.4724,0.2747,0.8375),
      ["LeftLowerArm"] = CFrame.new(-0.0005,-0.0001,0.0033,1.0000,-0.0000,0.0000,0.0000,0.6448,-0.7644,0.0000,0.7644,0.6448),
      ["LeftHand"] = CFrame.new(0.0000,0.0000,0.0000,0.9741,-0.2258,-0.0127,0.2258,0.9742,-0.0005,0.0124,-0.0024,0.9999),
      ["Head"] = CFrame.new(0.0000,0.0000,0.0000,0.9431,0.1773,-0.2813,-0.1547,0.9828,0.1005,0.2943,-0.0512,0.9543),
      ["RightUpperArm"] = CFrame.new(-0.0195,-0.1359,0.0352,0.9127,-0.0715,-0.4024,0.2111,0.9255,0.3144,0.3499,-0.3719,0.8598),
      ["RightLowerArm"] = CFrame.new(0.0000,0.0000,0.0033,1.0000,-0.0000,0.0000,0.0000,0.8733,-0.4872,0.0000,0.4872,0.8733),
      ["RightHand"] = CFrame.new(0.0000,0.0000,0.0000,0.9967,-0.0007,0.0814,-0.0097,0.9917,0.1281,-0.0809,-0.1285,0.9884),
      ["LeftUpperLeg"] = CFrame.new(0.0000,0.0000,0.0000,0.9679,0.2471,-0.0462,0.0245,-0.2757,-0.9609,-0.2502,0.9289,-0.2729),
      ["LeftLowerLeg"] = CFrame.new(0.0000,0.0002,-0.0029,1.0000,-0.0000,0.0000,0.0000,0.4606,0.8876,-0.0000,-0.8876,0.4606),
      ["LeftFoot"] = CFrame.new(0.0000,-0.0002,0.0000,0.9959,-0.0841,-0.0320,0.0900,0.9338,0.3463,0.0008,-0.3478,0.9376),
      ["RightUpperLeg"] = CFrame.new(-0.0406,0.3538,-0.3112,0.9346,-0.2998,-0.1913,0.1454,0.8130,-0.5638,0.3246,0.4991,0.8035),
      ["RightLowerLeg"] = CFrame.new(0.0000,0.0000,-0.0030,1.0000,-0.0000,0.0000,0.0000,0.1385,0.9904,-0.0000,-0.9904,0.1385),
      ["RightFoot"] = CFrame.new(0.0000,0.0000,0.0000,0.9587,0.2657,0.1012,-0.0356,0.4653,-0.8844,-0.2820,0.8444,0.4555),
    }},
    {Time = 7.833, Data = {
      ["HumanoidRootPart"] = CFrame.new(0.0000,0.0000,0.0000,1.0000,0.0000,0.0000,0.0000,1.0000,0.0000,0.0000,0.0000,1.0000),
      ["LowerTorso"] = CFrame.new(0.0000,-0.8838,0.0000,1.0000,-0.0000,0.0000,0.0000,0.9331,0.3597,-0.0000,-0.3597,0.9331),
      ["UpperTorso"] = CFrame.new(0.0000,0.0000,0.0000,0.9431,-0.1547,0.2943,0.1155,0.9824,0.1465,-0.3118,-0.1042,0.9444),
      ["LeftUpperArm"] = CFrame.new(0.2035,-0.0478,0.0091,0.8721,-0.0103,-0.4892,-0.1247,0.9621,-0.2426,0.4732,0.2725,0.8378),
      ["LeftLowerArm"] = CFrame.new(-0.0005,-0.0001,0.0033,1.0000,-0.0000,0.0000,0.0000,0.6412,-0.7674,0.0000,0.7674,0.6412),
      ["LeftHand"] = CFrame.new(0.0000,0.0000,0.0000,0.9741,-0.2253,-0.0203,0.2254,0.9743,0.0006,0.0196,-0.0051,0.9998),
      ["Head"] = CFrame.new(0.0000,0.0000,0.0000,0.9431,0.1766,-0.2817,-0.1547,0.9831,0.0983,0.2943,-0.0491,0.9544),
      ["RightUpperArm"] = CFrame.new(-0.0195,-0.1360,0.0351,0.9126,-0.0695,-0.4030,0.2114,0.9237,0.3194,0.3501,-0.3767,0.8577),
      ["RightLowerArm"] = CFrame.new(0.0000,0.0000,0.0033,1.0000,-0.0000,0.0000,0.0000,0.8708,-0.4916,0.0000,0.4916,0.8708),
      ["RightHand"] = CFrame.new(0.0000,0.0000,0.0000,0.9965,0.0026,0.0830,-0.0139,0.9907,0.1355,-0.0819,-0.1362,0.9873),
      ["LeftUpperLeg"] = CFrame.new(0.0000,0.0000,0.0000,0.9679,0.2470,-0.0473,0.0243,-0.2790,-0.9600,-0.2503,0.9280,-0.2760),
      ["LeftLowerLeg"] = CFrame.new(0.0000,0.0002,-0.0029,1.0000,-0.0000,0.0000,0.0000,0.4573,0.8893,-0.0000,-0.8893,0.4573),
      ["LeftFoot"] = CFrame.new(0.0000,-0.0002,0.0000,0.9959,-0.0842,-0.0320,0.0900,0.9337,0.3464,0.0007,-0.3479,0.9375),
      ["RightUpperLeg"] = CFrame.new(-0.0406,0.3538,-0.3112,0.9344,-0.3006,-0.1910,0.1459,0.8124,-0.5646,0.3249,0.4997,0.8029),
      ["RightLowerLeg"] = CFrame.new(0.0000,0.0000,-0.0030,1.0000,-0.0000,0.0000,0.0000,0.1351,0.9908,-0.0000,-0.9908,0.1351),
      ["RightFoot"] = CFrame.new(0.0000,0.0000,0.0000,0.9586,0.2662,0.1014,-0.0350,0.4632,-0.8856,-0.2827,0.8453,0.4533),
    }},
    {Time = 7.867, Data = {
      ["HumanoidRootPart"] = CFrame.new(0.0000,0.0000,0.0000,1.0000,0.0000,0.0000,0.0000,1.0000,0.0000,0.0000,0.0000,1.0000),
      ["LowerTorso"] = CFrame.new(0.0000,-0.8863,0.0000,1.0000,-0.0000,0.0000,0.0000,0.9331,0.3597,-0.0000,-0.3597,0.9331),
      ["UpperTorso"] = CFrame.new(0.0000,0.0000,0.0000,0.9431,-0.1547,0.2943,0.1155,0.9824,0.1465,-0.3118,-0.1042,0.9444),
      ["LeftUpperArm"] = CFrame.new(0.2034,-0.0471,0.0095,0.8718,-0.0109,-0.4897,-0.1232,0.9627,-0.2407,0.4740,0.2702,0.8380),
      ["LeftLowerArm"] = CFrame.new(-0.0005,-0.0001,0.0033,1.0000,-0.0000,0.0000,0.0000,0.6374,-0.7705,0.0000,0.7705,0.6374),
      ["LeftHand"] = CFrame.new(0.0000,0.0000,0.0000,0.9740,-0.2248,-0.0284,0.2249,0.9744,0.0017,0.0273,-0.0081,0.9996),
      ["Head"] = CFrame.new(0.0000,0.0000,0.0000,0.9431,0.1761,-0.2820,-0.1547,0.9832,0.0966,0.2943,-0.0474,0.9545),
      ["RightUpperArm"] = CFrame.new(-0.0194,-0.1362,0.0351,0.9124,-0.0674,-0.4036,0.2117,0.9219,0.3246,0.3502,-0.3816,0.8554),
      ["RightLowerArm"] = CFrame.new(0.0000,0.0000,0.0033,1.0000,-0.0000,0.0000,0.0000,0.8673,-0.4978,0.0000,0.4978,0.8673),
      ["RightHand"] = CFrame.new(0.0000,0.0000,0.0000,0.9964,0.0062,0.0847,-0.0183,0.9895,0.1433,-0.0829,-0.1444,0.9860),
      ["LeftUpperLeg"] = CFrame.new(0.0000,0.0000,0.0000,0.9679,0.2468,-0.0483,0.0241,-0.2825,-0.9590,-0.2503,0.9270,-0.2793),
      ["LeftLowerLeg"] = CFrame.new(0.0000,0.0002,-0.0029,1.0000,-0.0000,0.0000,0.0000,0.4539,0.8910,-0.0000,-0.8910,0.4539),
      ["LeftFoot"] = CFrame.new(0.0000,-0.0002,0.0000,0.9959,-0.0843,-0.0321,0.0901,0.9337,0.3466,0.0007,-0.3481,0.9375),
      ["RightUpperLeg"] = CFrame.new(-0.0406,0.3538,-0.3112,0.9342,-0.3015,-0.1907,0.1465,0.8116,-0.5655,0.3253,0.5004,0.8024),
      ["RightLowerLeg"] = CFrame.new(0.0000,0.0000,-0.0030,1.0000,-0.0000,0.0000,0.0000,0.1314,0.9913,-0.0000,-0.9913,0.1314),
      ["RightFoot"] = CFrame.new(0.0000,0.0000,0.0000,0.9584,0.2668,0.1017,-0.0343,0.4610,-0.8867,-0.2835,0.8463,0.4510),
    }},
    {Time = 7.900, Data = {
      ["HumanoidRootPart"] = CFrame.new(0.0000,0.0000,0.0000,1.0000,0.0000,0.0000,0.0000,1.0000,0.0000,0.0000,0.0000,1.0000),
      ["LowerTorso"] = CFrame.new(0.0000,-0.8889,0.0000,1.0000,-0.0000,0.0000,0.0000,0.9331,0.3597,-0.0000,-0.3597,0.9331),
      ["UpperTorso"] = CFrame.new(0.0000,0.0000,0.0000,0.9431,-0.1547,0.2943,0.1155,0.9824,0.1465,-0.3118,-0.1042,0.9444),
      ["LeftUpperArm"] = CFrame.new(0.2033,-0.0463,0.0099,0.8716,-0.0114,-0.4901,-0.1217,0.9634,-0.2388,0.4749,0.2678,0.8383),
      ["LeftLowerArm"] = CFrame.new(-0.0005,-0.0001,0.0033,1.0000,-0.0000,0.0000,0.0000,0.6335,-0.7737,0.0000,0.7737,0.6335),
      ["LeftHand"] = CFrame.new(0.0000,0.0000,0.0000,0.9739,-0.2242,-0.0369,0.2244,0.9745,0.0029,0.0353,-0.0111,0.9993),
      ["Head"] = CFrame.new(0.0000,0.0000,0.0000,0.9431,0.1758,-0.2822,-0.1547,0.9833,0.0954,0.2943,-0.0463,0.9546),
      ["RightUpperArm"] = CFrame.new(-0.0194,-0.1363,0.0350,0.9123,-0.0653,-0.4042,0.2120,0.9200,0.3298,0.3503,-0.3865,0.8531),
      ["RightLowerArm"] = CFrame.new(0.0000,0.0000,0.0033,1.0000,-0.0000,0.0000,0.0000,0.8627,-0.5057,0.0000,0.5057,0.8627),
      ["RightHand"] = CFrame.new(0.0000,0.0000,0.0000,0.9962,0.0099,0.0865,-0.0230,0.9882,0.1515,-0.0840,-0.1530,0.9847),
      ["LeftUpperLeg"] = CFrame.new(0.0000,0.0000,0.0000,0.9678,0.2466,-0.0495,0.0239,-0.2861,-0.9579,-0.2504,0.9259,-0.2828),
      ["LeftLowerLeg"] = CFrame.new(0.0000,0.0002,-0.0029,1.0000,-0.0000,0.0000,0.0000,0.4503,0.8929,-0.0000,-0.8929,0.4503),
      ["LeftFoot"] = CFrame.new(0.0000,-0.0002,0.0000,0.9959,-0.0844,-0.0321,0.0903,0.9336,0.3468,0.0007,-0.3483,0.9374),
      ["RightUpperLeg"] = CFrame.new(-0.0406,0.3538,-0.3112,0.9340,-0.3023,-0.1904,0.1470,0.8109,-0.5665,0.3256,0.5011,0.8018),
      ["RightLowerLeg"] = CFrame.new(0.0000,0.0000,-0.0030,1.0000,-0.0000,0.0000,0.0000,0.1276,0.9918,-0.0000,-0.9918,0.1276),
      ["RightFoot"] = CFrame.new(0.0000,0.0000,0.0000,0.9582,0.2675,0.1019,-0.0336,0.4588,-0.8879,-0.2842,0.8473,0.4486),
    }},
    {Time = 7.933, Data = {
      ["HumanoidRootPart"] = CFrame.new(0.0000,0.0000,0.0000,1.0000,0.0000,0.0000,0.0000,1.0000,0.0000,0.0000,0.0000,1.0000),
      ["LowerTorso"] = CFrame.new(0.0000,-0.8916,0.0000,1.0000,-0.0000,0.0000,0.0000,0.9331,0.3597,-0.0000,-0.3597,0.9331),
      ["UpperTorso"] = CFrame.new(0.0000,0.0000,0.0000,0.9431,-0.1547,0.2943,0.1155,0.9824,0.1465,-0.3118,-0.1042,0.9444),
      ["LeftUpperArm"] = CFrame.new(0.2031,-0.0455,0.0104,0.8713,-0.0120,-0.4906,-0.1201,0.9641,-0.2369,0.4759,0.2653,0.8386),
      ["LeftLowerArm"] = CFrame.new(-0.0005,-0.0001,0.0033,1.0000,-0.0000,0.0000,0.0000,0.6294,-0.7771,0.0000,0.7771,0.6294),
      ["LeftHand"] = CFrame.new(0.0000,0.0000,0.0000,0.9736,-0.2235,-0.0457,0.2239,0.9746,0.0042,0.0436,-0.0143,0.9989),
      ["Head"] = CFrame.new(0.0000,0.0000,0.0000,0.9431,0.1757,-0.2823,-0.1548,0.9834,0.0950,0.2943,-0.0459,0.9546),
      ["RightUpperArm"] = CFrame.new(-0.0193,-0.1364,0.0349,0.9122,-0.0634,-0.4048,0.2123,0.9182,0.3345,0.3505,-0.3910,0.8510),
      ["RightLowerArm"] = CFrame.new(0.0000,0.0000,0.0033,1.0000,-0.0000,0.0000,0.0000,0.8575,-0.5144,0.0000,0.5144,0.8575),
      ["RightHand"] = CFrame.new(0.0000,0.0000,0.0000,0.9960,0.0137,0.0884,-0.0278,0.9867,0.1601,-0.0850,-0.1619,0.9831),
      ["LeftUpperLeg"] = CFrame.new(0.0000,0.0000,0.0000,0.9678,0.2465,-0.0507,0.0237,-0.2899,-0.9568,-0.2505,0.9248,-0.2864),
      ["LeftLowerLeg"] = CFrame.new(0.0000,0.0002,-0.0029,1.0000,-0.0000,0.0000,0.0000,0.4466,0.8947,-0.0000,-0.8947,0.4466),
      ["LeftFoot"] = CFrame.new(0.0000,-0.0002,0.0000,0.9959,-0.0845,-0.0321,0.0904,0.9335,0.3470,0.0007,-0.3485,0.9373),
      ["RightUpperLeg"] = CFrame.new(-0.0406,0.3538,-0.3112,0.9338,-0.3033,-0.1900,0.1476,0.8101,-0.5674,0.3260,0.5018,0.8012),
      ["RightLowerLeg"] = CFrame.new(0.0000,0.0000,-0.0030,1.0000,-0.0000,0.0000,0.0000,0.1237,0.9923,-0.0000,-0.9923,0.1237),
      ["RightFoot"] = CFrame.new(0.0000,0.0000,0.0000,0.9579,0.2682,0.1022,-0.0329,0.4564,-0.8892,-0.2851,0.8484,0.4460),
    }},
    {Time = 7.967, Data = {
      ["HumanoidRootPart"] = CFrame.new(0.0000,0.0000,0.0000,1.0000,0.0000,0.0000,0.0000,1.0000,0.0000,0.0000,0.0000,1.0000),
      ["LowerTorso"] = CFrame.new(0.0000,-0.8945,0.0000,1.0000,-0.0000,0.0000,0.0000,0.9331,0.3597,-0.0000,-0.3597,0.9331),
      ["UpperTorso"] = CFrame.new(0.0000,0.0000,0.0000,0.9431,-0.1547,0.2943,0.1155,0.9824,0.1465,-0.3118,-0.1042,0.9444),
      ["LeftUpperArm"] = CFrame.new(0.2030,-0.0447,0.0109,0.8710,-0.0127,-0.4911,-0.1184,0.9648,-0.2349,0.4768,0.2627,0.8388),
      ["LeftLowerArm"] = CFrame.new(-0.0005,-0.0001,0.0033,1.0000,-0.0000,0.0000,0.0000,0.6252,-0.7805,0.0000,0.7805,0.6252),
      ["LeftHand"] = CFrame.new(0.0000,0.0000,0.0000,0.9733,-0.2228,-0.0548,0.2234,0.9747,0.0055,0.0522,-0.0176,0.9985),
      ["Head"] = CFrame.new(0.0000,0.0000,0.0000,0.9431,0.1757,-0.2822,-0.1548,0.9834,0.0952,0.2943,-0.0461,0.9546),
      ["RightUpperArm"] = CFrame.new(-0.0192,-0.1366,0.0348,0.9121,-0.0618,-0.4053,0.2125,0.9166,0.3385,0.3506,-0.3949,0.8492),
      ["RightLowerArm"] = CFrame.new(0.0000,0.0000,0.0033,1.0000,-0.0000,0.0000,0.0000,0.8518,-0.5239,0.0000,0.5239,0.8518),
      ["RightHand"] = CFrame.new(0.0000,0.0000,0.0000,0.9957,0.0177,0.0904,-0.0328,0.9851,0.1689,-0.0861,-0.1711,0.9815),
      ["LeftUpperLeg"] = CFrame.new(0.0000,0.0000,0.0000,0.9678,0.2463,-0.0519,0.0235,-0.2937,-0.9556,-0.2506,0.9236,-0.2901),
      ["LeftLowerLeg"] = CFrame.new(0.0000,0.0002,-0.0029,1.0000,-0.0000,0.0000,0.0000,0.4428,0.8966,-0.0000,-0.8966,0.4428),
      ["LeftFoot"] = CFrame.new(0.0000,-0.0002,0.0000,0.9959,-0.0846,-0.0322,0.0905,0.9334,0.3472,0.0007,-0.3487,0.9372),
      ["RightUpperLeg"] = CFrame.new(-0.0406,0.3538,-0.3112,0.9335,-0.3042,-0.1896,0.1483,0.8093,-0.5684,0.3264,0.5025,0.8006),
      ["RightLowerLeg"] = CFrame.new(0.0000,0.0000,-0.0030,1.0000,-0.0000,0.0000,0.0000,0.1196,0.9928,-0.0000,-0.9928,0.1196),
      ["RightFoot"] = CFrame.new(0.0000,0.0000,0.0000,0.9577,0.2688,0.1024,-0.0322,0.4539,-0.8905,-0.2859,0.8495,0.4434),
    }},
    {Time = 8.000, Data = {
      ["HumanoidRootPart"] = CFrame.new(0.0000,0.0000,0.0000,1.0000,0.0000,0.0000,0.0000,1.0000,0.0000,0.0000,0.0000,1.0000),
      ["LowerTorso"] = CFrame.new(0.0000,-0.8974,0.0000,1.0000,-0.0000,0.0000,0.0000,0.9331,0.3597,-0.0000,-0.3597,0.9331),
      ["UpperTorso"] = CFrame.new(0.0000,0.0000,0.0000,0.9431,-0.1547,0.2943,0.1155,0.9824,0.1465,-0.3118,-0.1042,0.9444),
      ["LeftUpperArm"] = CFrame.new(0.2028,-0.0438,0.0114,0.8707,-0.0134,-0.4917,-0.1167,0.9655,-0.2329,0.4778,0.2602,0.8391),
      ["LeftLowerArm"] = CFrame.new(-0.0005,-0.0001,0.0033,1.0000,-0.0000,0.0000,0.0000,0.6209,-0.7839,0.0000,0.7839,0.6209),
      ["LeftHand"] = CFrame.new(0.0000,0.0000,0.0000,0.9729,-0.2220,-0.0642,0.2229,0.9748,0.0069,0.0610,-0.0210,0.9979),
      ["Head"] = CFrame.new(0.0000,0.0000,0.0000,0.9431,0.1760,-0.2821,-0.1547,0.9833,0.0962,0.2943,-0.0470,0.9546),
      ["RightUpperArm"] = CFrame.new(-0.0192,-0.1367,0.0348,0.9120,-0.0605,-0.4058,0.2128,0.9154,0.3417,0.3507,-0.3980,0.8477),
      ["RightLowerArm"] = CFrame.new(0.0000,0.0000,0.0033,1.0000,-0.0000,0.0000,0.0000,0.8456,-0.5337,0.0000,0.5337,0.8456),
      ["RightHand"] = CFrame.new(0.0000,0.0000,0.0000,0.9955,0.0217,0.0925,-0.0380,0.9833,0.1779,-0.0871,-0.1806,0.9797),
      ["LeftUpperLeg"] = CFrame.new(0.0000,0.0000,0.0000,0.9678,0.2461,-0.0531,0.0233,-0.2977,-0.9544,-0.2507,0.9224,-0.2939),
      ["LeftLowerLeg"] = CFrame.new(0.0000,0.0002,-0.0029,1.0000,-0.0000,0.0000,0.0000,0.4389,0.8986,-0.0000,-0.8986,0.4389),
      ["LeftFoot"] = CFrame.new(0.0000,-0.0002,0.0000,0.9959,-0.0847,-0.0322,0.0906,0.9333,0.3475,0.0006,-0.3490,0.9371),
      ["RightUpperLeg"] = CFrame.new(-0.0406,0.3538,-0.3112,0.9333,-0.3052,-0.1893,0.1489,0.8084,-0.5694,0.3268,0.5032,0.8000),
      ["RightLowerLeg"] = CFrame.new(0.0000,0.0000,-0.0030,1.0000,-0.0000,0.0000,0.0000,0.1155,0.9933,-0.0000,-0.9933,0.1155),
      ["RightFoot"] = CFrame.new(0.0000,0.0000,0.0000,0.9575,0.2696,0.1027,-0.0314,0.4514,-0.8918,-0.2867,0.8506,0.4407),
    }},
    {Time = 8.033, Data = {
      ["HumanoidRootPart"] = CFrame.new(0.0000,0.0000,0.0000,1.0000,0.0000,0.0000,0.0000,1.0000,0.0000,0.0000,0.0000,1.0000),
      ["LowerTorso"] = CFrame.new(0.0000,-0.9003,0.0000,1.0000,-0.0000,0.0000,0.0000,0.9331,0.3597,-0.0000,-0.3597,0.9331),
      ["UpperTorso"] = CFrame.new(0.0000,0.0000,0.0000,0.9431,-0.1547,0.2943,0.1155,0.9824,0.1465,-0.3118,-0.1042,0.9444),
      ["LeftUpperArm"] = CFrame.new(0.2027,-0.0429,0.0119,0.8703,-0.0141,-0.4922,-0.1150,0.9662,-0.2309,0.4788,0.2575,0.8393),
      ["LeftLowerArm"] = CFrame.new(-0.0005,-0.0001,0.0033,1.0000,-0.0000,0.0000,0.0000,0.6166,-0.7873,0.0000,0.7873,0.6166),
      ["LeftHand"] = CFrame.new(0.0000,0.0000,0.0000,0.9724,-0.2212,-0.0737,0.2224,0.9749,0.0082,0.0700,-0.0244,0.9972),
      ["Head"] = CFrame.new(0.0000,0.0000,0.0000,0.9431,0.1765,-0.2818,-0.1547,0.9831,0.0979,0.2943,-0.0488,0.9545),
      ["RightUpperArm"] = CFrame.new(-0.0191,-0.1368,0.0347,0.9119,-0.0597,-0.4061,0.2130,0.9146,0.3438,0.3508,-0.4000,0.8467),
      ["RightLowerArm"] = CFrame.new(0.0000,0.0000,0.0033,1.0000,-0.0000,0.0000,0.0000,0.8394,-0.5436,0.0000,0.5436,0.8394),
      ["RightHand"] = CFrame.new(0.0000,0.0000,0.0000,0.9952,0.0258,0.0946,-0.0433,0.9814,0.1870,-0.0881,-0.1902,0.9778),
      ["LeftUpperLeg"] = CFrame.new(0.0000,0.0000,0.0000,0.9678,0.2459,-0.0544,0.0231,-0.3017,-0.9531,-0.2508,0.9211,-0.2977),
      ["LeftLowerLeg"] = CFrame.new(0.0000,0.0002,-0.0029,1.0000,-0.0000,0.0000,0.0000,0.4349,0.9005,-0.0000,-0.9005,0.4349),
      ["LeftFoot"] = CFrame.new(0.0000,-0.0002,0.0000,0.9959,-0.0848,-0.0323,0.0907,0.9332,0.3477,0.0006,-0.3492,0.9370),
      ["RightUpperLeg"] = CFrame.new(-0.0406,0.3538,-0.3112,0.9330,-0.3062,-0.1889,0.1496,0.8076,-0.5704,0.3272,0.5040,0.7993),
      ["RightLowerLeg"] = CFrame.new(0.0000,0.0000,-0.0030,1.0000,-0.0000,0.0000,0.0000,0.1113,0.9938,-0.0000,-0.9938,0.1113),
      ["RightFoot"] = CFrame.new(0.0000,0.0000,0.0000,0.9573,0.2703,0.1030,-0.0307,0.4488,-0.8931,-0.2876,0.8518,0.4379),
    }},
    {Time = 8.067, Data = {
      ["HumanoidRootPart"] = CFrame.new(0.0000,0.0000,0.0000,1.0000,0.0000,0.0000,0.0000,1.0000,0.0000,0.0000,0.0000,1.0000),
      ["LowerTorso"] = CFrame.new(0.0000,-0.9033,0.0000,1.0000,-0.0000,0.0000,0.0000,0.9331,0.3597,-0.0000,-0.3597,0.9331),
      ["UpperTorso"] = CFrame.new(0.0000,0.0000,0.0000,0.9431,-0.1547,0.2943,0.1155,0.9824,0.1465,-0.3118,-0.1042,0.9444),
      ["LeftUpperArm"] = CFrame.new(0.2025,-0.0421,0.0124,0.8700,-0.0147,-0.4928,-0.1132,0.9669,-0.2287,0.4799,0.2548,0.8395),
      ["LeftLowerArm"] = CFrame.new(-0.0005,-0.0001,0.0033,1.0000,-0.0000,0.0000,0.0000,0.6121,-0.7908,0.0000,0.7908,0.6121),
      ["LeftHand"] = CFrame.new(0.0000,0.0000,0.0000,0.9719,-0.2204,-0.0833,0.2219,0.9750,0.0096,0.0791,-0.0279,0.9965),
      ["Head"] = CFrame.new(0.0000,0.0000,0.0000,0.9431,0.1773,-0.2813,-0.1547,0.9828,0.1006,0.2943,-0.0513,0.9543),
      ["RightUpperArm"] = CFrame.new(-0.0191,-0.1369,0.0347,0.9118,-0.0596,-0.4063,0.2132,0.9143,0.3444,0.3509,-0.4006,0.8464),
      ["RightLowerArm"] = CFrame.new(0.0000,0.0000,0.0033,1.0000,-0.0000,0.0000,0.0000,0.8332,-0.5530,0.0000,0.5530,0.8332),
      ["RightHand"] = CFrame.new(0.0000,0.0000,0.0000,0.9948,0.0300,0.0969,-0.0486,0.9794,0.1962,-0.0890,-0.1999,0.9758),
      ["LeftUpperLeg"] = CFrame.new(0.0000,0.0000,0.0000,0.9677,0.2457,-0.0557,0.0229,-0.3058,-0.9518,-0.2509,0.9198,-0.3016),
      ["LeftLowerLeg"] = CFrame.new(0.0000,0.0002,-0.0029,1.0000,-0.0000,0.0000,0.0000,0.4309,0.9024,-0.0000,-0.9024,0.4309),
      ["LeftFoot"] = CFrame.new(0.0000,-0.0002,0.0000,0.9959,-0.0849,-0.0323,0.0909,0.9331,0.3480,0.0006,-0.3495,0.9369),
      ["RightUpperLeg"] = CFrame.new(-0.0406,0.3538,-0.3112,0.9328,-0.3072,-0.1885,0.1503,0.8068,-0.5715,0.3277,0.5047,0.7987),
      ["RightLowerLeg"] = CFrame.new(0.0000,0.0000,-0.0030,1.0000,-0.0000,0.0000,0.0000,0.1070,0.9943,-0.0000,-0.9943,0.1070),
      ["RightFoot"] = CFrame.new(0.0000,0.0000,0.0000,0.9570,0.2711,0.1033,-0.0299,0.4462,-0.8944,-0.2885,0.8529,0.4351),
    }},
    {Time = 8.100, Data = {
      ["HumanoidRootPart"] = CFrame.new(0.0000,0.0000,0.0000,1.0000,0.0000,0.0000,0.0000,1.0000,0.0000,0.0000,0.0000,1.0000),
      ["LowerTorso"] = CFrame.new(0.0000,-0.9063,0.0000,1.0000,-0.0000,0.0000,0.0000,0.9331,0.3597,-0.0000,-0.3597,0.9331),
      ["UpperTorso"] = CFrame.new(0.0000,0.0000,0.0000,0.9431,-0.1547,0.2943,0.1155,0.9824,0.1465,-0.3118,-0.1042,0.9444),
      ["LeftUpperArm"] = CFrame.new(0.2023,-0.0412,0.0129,0.8697,-0.0155,-0.4934,-0.1114,0.9676,-0.2267,0.4809,0.2521,0.8397),
      ["LeftLowerArm"] = CFrame.new(-0.0005,-0.0001,0.0033,1.0000,-0.0000,0.0000,0.0000,0.6077,-0.7942,0.0000,0.7942,0.6077),
      ["LeftHand"] = CFrame.new(0.0000,0.0000,0.0000,0.9712,-0.2195,-0.0930,0.2214,0.9751,0.0111,0.0883,-0.0313,0.9956),
      ["Head"] = CFrame.new(0.0000,0.0000,0.0000,0.9431,0.1783,-0.2807,-0.1547,0.9824,0.1042,0.2943,-0.0548,0.9541),
      ["RightUpperArm"] = CFrame.new(-0.0191,-0.1370,0.0347,0.9118,-0.0599,-0.4063,0.2133,0.9145,0.3437,0.3510,-0.4001,0.8466),
      ["RightLowerArm"] = CFrame.new(0.0000,0.0000,0.0033,1.0000,-0.0000,0.0000,0.0000,0.8270,-0.5621,0.0000,0.5621,0.8270),
      ["RightHand"] = CFrame.new(0.0000,0.0000,0.0000,0.9945,0.0341,0.0992,-0.0540,0.9772,0.2055,-0.0899,-0.2097,0.9736),
      ["LeftUpperLeg"] = CFrame.new(0.0000,0.0000,0.0000,0.9677,0.2455,-0.0570,0.0226,-0.3099,-0.9505,-0.2510,0.9185,-0.3054),
      ["LeftLowerLeg"] = CFrame.new(0.0000,0.0002,-0.0029,1.0000,-0.0000,0.0000,0.0000,0.4268,0.9043,-0.0000,-0.9043,0.4268),
      ["LeftFoot"] = CFrame.new(0.0000,-0.0002,0.0000,0.9959,-0.0851,-0.0324,0.0910,0.9329,0.3483,0.0006,-0.3498,0.9368),
      ["RightUpperLeg"] = CFrame.new(-0.0406,0.3538,-0.3112,0.9325,-0.3083,-0.1881,0.1509,0.8059,-0.5725,0.3281,0.5054,0.7980),
      ["RightLowerLeg"] = CFrame.new(0.0000,0.0000,-0.0030,1.0000,-0.0000,0.0000,0.0000,0.1027,0.9947,-0.0000,-0.9947,0.1027),
      ["RightFoot"] = CFrame.new(0.0000,0.0000,0.0000,0.9568,0.2718,0.1035,-0.0291,0.4436,-0.8958,-0.2894,0.8540,0.4323),
    }},
    {Time = 8.133, Data = {
      ["HumanoidRootPart"] = CFrame.new(0.0000,0.0000,0.0000,1.0000,0.0000,0.0000,0.0000,1.0000,0.0000,0.0000,0.0000,1.0000),
      ["LowerTorso"] = CFrame.new(0.0000,-0.9093,0.0000,1.0000,-0.0000,0.0000,0.0000,0.9331,0.3597,-0.0000,-0.3597,0.9331),
      ["UpperTorso"] = CFrame.new(0.0000,0.0000,0.0000,0.9431,-0.1547,0.2943,0.1155,0.9824,0.1465,-0.3118,-0.1042,0.9444),
      ["LeftUpperArm"] = CFrame.new(0.2021,-0.0403,0.0134,0.8693,-0.0162,-0.4940,-0.1096,0.9682,-0.2247,0.4819,0.2495,0.8399),
      ["LeftLowerArm"] = CFrame.new(-0.0005,-0.0001,0.0033,1.0000,-0.0000,0.0000,0.0000,0.6033,-0.7975,0.0000,0.7975,0.6033),
      ["LeftHand"] = CFrame.new(0.0000,0.0000,0.0000,0.9704,-0.2185,-0.1028,0.2209,0.9752,0.0125,0.0975,-0.0348,0.9946),
      ["Head"] = CFrame.new(0.0000,0.0000,0.0000,0.9431,0.1796,-0.2798,-0.1547,0.9819,0.1088,0.2943,-0.0593,0.9539),
      ["RightUpperArm"] = CFrame.new(-0.0191,-0.1370,0.0346,0.9117,-0.0608,-0.4063,0.2134,0.9152,0.3419,0.3510,-0.3985,0.8474),
      ["RightLowerArm"] = CFrame.new(0.0000,0.0000,0.0033,1.0000,-0.0000,0.0000,0.0000,0.8209,-0.5711,0.0000,0.5711,0.8209),
      ["RightHand"] = CFrame.new(0.0000,0.0000,0.0000,0.9941,0.0382,0.1015,-0.0594,0.9749,0.2147,-0.0907,-0.2195,0.9714),
      ["LeftUpperLeg"] = CFrame.new(0.0000,0.0000,0.0000,0.9677,0.2453,-0.0583,0.0224,-0.3140,-0.9492,-0.2511,0.9172,-0.3093),
      ["LeftLowerLeg"] = CFrame.new(0.0000,0.0002,-0.0029,1.0000,-0.0000,0.0000,0.0000,0.4228,0.9062,-0.0000,-0.9062,0.4228),
      ["LeftFoot"] = CFrame.new(0.0000,-0.0002,0.0000,0.9958,-0.0852,-0.0324,0.0911,0.9328,0.3487,0.0005,-0.3502,0.9367),
      ["RightUpperLeg"] = CFrame.new(-0.0406,0.3538,-0.3112,0.9322,-0.3093,-0.1877,0.1516,0.8051,-0.5735,0.3285,0.5062,0.7974),
      ["RightLowerLeg"] = CFrame.new(0.0000,0.0000,-0.0030,1.0000,-0.0000,0.0000,0.0000,0.0984,0.9951,-0.0000,-0.9951,0.0984),
      ["RightFoot"] = CFrame.new(0.0000,0.0000,0.0000,0.9565,0.2726,0.1038,-0.0283,0.4409,-0.8971,-0.2903,0.8551,0.4295),
    }},
    {Time = 8.167, Data = {
      ["HumanoidRootPart"] = CFrame.new(0.0000,0.0000,0.0000,1.0000,0.0000,0.0000,0.0000,1.0000,0.0000,0.0000,0.0000,1.0000),
      ["LowerTorso"] = CFrame.new(0.0000,-0.9123,0.0000,1.0000,-0.0000,0.0000,0.0000,0.9331,0.3597,-0.0000,-0.3597,0.9331),
      ["UpperTorso"] = CFrame.new(0.0000,0.0000,0.0000,0.9431,-0.1547,0.2943,0.1155,0.9824,0.1465,-0.3118,-0.1042,0.9444),
      ["LeftUpperArm"] = CFrame.new(0.2020,-0.0394,0.0140,0.8690,-0.0170,-0.4946,-0.1078,0.9689,-0.2227,0.4830,0.2469,0.8401),
      ["LeftLowerArm"] = CFrame.new(-0.0005,-0.0001,0.0033,1.0000,-0.0000,0.0000,0.0000,0.5989,-0.8008,0.0000,0.8008,0.5989),
      ["LeftHand"] = CFrame.new(0.0000,0.0000,0.0000,0.9695,-0.2176,-0.1124,0.2205,0.9753,0.0139,0.1066,-0.0383,0.9936),
      ["Head"] = CFrame.new(0.0000,0.0000,0.0000,0.9431,0.1812,-0.2788,-0.1547,0.9813,0.1143,0.2943,-0.0646,0.9535),
      ["RightUpperArm"] = CFrame.new(-0.0191,-0.1370,0.0346,0.9117,-0.0622,-0.4061,0.2135,0.9163,0.3389,0.3511,-0.3957,0.8486),
      ["RightLowerArm"] = CFrame.new(0.0000,0.0000,0.0033,1.0000,-0.0000,0.0000,0.0000,0.8151,-0.5794,0.0000,0.5794,0.8151),
      ["RightHand"] = CFrame.new(0.0000,0.0000,0.0000,0.9937,0.0423,0.1039,-0.0648,0.9724,0.2239,-0.0915,-0.2292,0.9691),
      ["LeftUpperLeg"] = CFrame.new(0.0000,0.0000,0.0000,0.9677,0.2450,-0.0596,0.0222,-0.3180,-0.9478,-0.2512,0.9159,-0.3132),
      ["LeftLowerLeg"] = CFrame.new(0.0000,0.0002,-0.0029,1.0000,-0.0000,0.0000,0.0000,0.4188,0.9081,-0.0000,-0.9081,0.4188),
      ["LeftFoot"] = CFrame.new(0.0000,-0.0002,0.0000,0.9958,-0.0853,-0.0324,0.0913,0.9327,0.3490,0.0005,-0.3505,0.9366),
      ["RightUpperLeg"] = CFrame.new(-0.0406,0.3538,-0.3112,0.9320,-0.3103,-0.1873,0.1523,0.8042,-0.5745,0.3290,0.5069,0.7968),
      ["RightLowerLeg"] = CFrame.new(0.0000,0.0000,-0.0030,1.0000,-0.0000,0.0000,0.0000,0.0941,0.9956,-0.0000,-0.9956,0.0941),
      ["RightFoot"] = CFrame.new(0.0000,0.0000,0.0000,0.9563,0.2734,0.1041,-0.0275,0.4383,-0.8984,-0.2912,0.8562,0.4267),
    }},
    {Time = 8.200, Data = {
      ["HumanoidRootPart"] = CFrame.new(0.0000,0.0000,0.0000,1.0000,0.0000,0.0000,0.0000,1.0000,0.0000,0.0000,0.0000,1.0000),
      ["LowerTorso"] = CFrame.new(0.0000,-0.9153,0.0000,1.0000,-0.0000,0.0000,0.0000,0.9331,0.3597,-0.0000,-0.3597,0.9331),
      ["UpperTorso"] = CFrame.new(0.0000,0.0000,0.0000,0.9431,-0.1547,0.2943,0.1155,0.9824,0.1465,-0.3118,-0.1042,0.9444),
      ["LeftUpperArm"] = CFrame.new(0.2018,-0.0385,0.0145,0.8686,-0.0178,-0.4952,-0.1060,0.9695,-0.2208,0.4840,0.2443,0.8403),
      ["LeftLowerArm"] = CFrame.new(-0.0005,-0.0001,0.0033,1.0000,-0.0000,0.0000,0.0000,0.5947,-0.8040,0.0000,0.8040,0.5947),
      ["LeftHand"] = CFrame.new(0.0000,0.0000,0.0000,0.9686,-0.2166,-0.1220,0.2200,0.9754,0.0153,0.1156,-0.0417,0.9924),
      ["Head"] = CFrame.new(0.0000,0.0000,0.0000,0.9431,0.1830,-0.2776,-0.1547,0.9806,0.1206,0.2943,-0.0708,0.9531),
      ["RightUpperArm"] = CFrame.new(-0.0191,-0.1370,0.0346,0.9117,-0.0640,-0.4059,0.2135,0.9178,0.3348,0.3511,-0.3919,0.8504),
      ["RightLowerArm"] = CFrame.new(0.0000,0.0000,0.0033,1.0000,-0.0000,0.0000,0.0000,0.8094,-0.5873,0.0000,0.5873,0.8094),
      ["RightHand"] = CFrame.new(0.0000,0.0000,0.0000,0.9933,0.0463,0.1062,-0.0702,0.9699,0.2330,-0.0923,-0.2389,0.9667),
      ["LeftUpperLeg"] = CFrame.new(0.0000,0.0000,0.0000,0.9677,0.2448,-0.0608,0.0220,-0.3220,-0.9465,-0.2513,0.9145,-0.3170),
      ["LeftLowerLeg"] = CFrame.new(0.0000,0.0002,-0.0029,1.0000,-0.0000,0.0000,0.0000,0.4149,0.9099,-0.0000,-0.9099,0.4149),
      ["LeftFoot"] = CFrame.new(0.0000,-0.0002,0.0000,0.9958,-0.0854,-0.0325,0.0914,0.9325,0.3494,0.0005,-0.3509,0.9364),
      ["RightUpperLeg"] = CFrame.new(-0.0406,0.3538,-0.3112,0.9317,-0.3114,-0.1870,0.1530,0.8034,-0.5755,0.3294,0.5076,0.7962),
      ["RightLowerLeg"] = CFrame.new(0.0000,0.0000,-0.0030,1.0000,-0.0000,0.0000,0.0000,0.0899,0.9959,-0.0000,-0.9959,0.0899),
      ["RightFoot"] = CFrame.new(0.0000,0.0000,0.0000,0.9560,0.2741,0.1044,-0.0267,0.4357,-0.8997,-0.2921,0.8573,0.4239),
    }},
    {Time = 8.233, Data = {
      ["HumanoidRootPart"] = CFrame.new(0.0000,0.0000,0.0000,1.0000,0.0000,0.0000,0.0000,1.0000,0.0000,0.0000,0.0000,1.0000),
      ["LowerTorso"] = CFrame.new(0.0000,-0.9183,0.0000,1.0000,-0.0000,0.0000,0.0000,0.9331,0.3597,-0.0000,-0.3597,0.9331),
      ["UpperTorso"] = CFrame.new(0.0000,0.0000,0.0000,0.9431,-0.1547,0.2943,0.1155,0.9824,0.1465,-0.3118,-0.1042,0.9444),
      ["LeftUpperArm"] = CFrame.new(0.2016,-0.0376,0.0150,0.8683,-0.0186,-0.4957,-0.1043,0.9701,-0.2189,0.4850,0.2418,0.8404),
      ["LeftLowerArm"] = CFrame.new(-0.0005,-0.0001,0.0033,1.0000,-0.0000,0.0000,0.0000,0.5905,-0.8071,0.0000,0.8071,0.5905),
      ["LeftHand"] = CFrame.new(0.0000,0.0000,0.0000,0.9676,-0.2156,-0.1314,0.2196,0.9754,0.0167,0.1245,-0.0450,0.9912),
      ["Head"] = CFrame.new(0.0000,0.0000,0.0000,0.9431,0.1850,-0.2763,-0.1547,0.9797,0.1277,0.2943,-0.0777,0.9525),
      ["RightUpperArm"] = CFrame.new(-0.0191,-0.1370,0.0346,0.9117,-0.0663,-0.4055,0.2135,0.9196,0.3296,0.3511,-0.3871,0.8526),
      ["RightLowerArm"] = CFrame.new(0.0000,0.0000,0.0033,1.0000,-0.0000,0.0000,0.0000,0.8039,-0.5947,0.0000,0.5947,0.8039),
      ["RightHand"] = CFrame.new(0.0000,0.0000,0.0000,0.9928,0.0503,0.1086,-0.0754,0.9674,0.2418,-0.0929,-0.2483,0.9642),
      ["LeftUpperLeg"] = CFrame.new(0.0000,0.0000,0.0000,0.9676,0.2446,-0.0621,0.0217,-0.3259,-0.9451,-0.2514,0.9132,-0.3207),
      ["LeftLowerLeg"] = CFrame.new(0.0000,0.0002,-0.0029,1.0000,-0.0000,0.0000,0.0000,0.4111,0.9116,-0.0000,-0.9116,0.4111),
      ["LeftFoot"] = CFrame.new(0.0000,-0.0002,0.0000,0.9958,-0.0856,-0.0325,0.0915,0.9324,0.3497,0.0004,-0.3512,0.9363),
      ["RightUpperLeg"] = CFrame.new(-0.0406,0.3538,-0.3112,0.9314,-0.3124,-0.1866,0.1537,0.8026,-0.5764,0.3298,0.5082,0.7956),
      ["RightLowerLeg"] = CFrame.new(0.0000,0.0000,-0.0030,1.0000,-0.0000,0.0000,0.0000,0.0858,0.9963,-0.0000,-0.9963,0.0858),
      ["RightFoot"] = CFrame.new(0.0000,0.0000,0.0000,0.9558,0.2749,0.1047,-0.0259,0.4332,-0.9009,-0.2930,0.8584,0.4211),
    }},
    {Time = 8.267, Data = {
      ["HumanoidRootPart"] = CFrame.new(0.0000,0.0000,0.0000,1.0000,0.0000,0.0000,0.0000,1.0000,0.0000,0.0000,0.0000,1.0000),
      ["LowerTorso"] = CFrame.new(0.0000,-0.9211,0.0000,1.0000,-0.0000,0.0000,0.0000,0.9331,0.3597,-0.0000,-0.3597,0.9331),
      ["UpperTorso"] = CFrame.new(0.0000,0.0000,0.0000,0.9431,-0.1547,0.2943,0.1155,0.9824,0.1465,-0.3118,-0.1042,0.9444),
      ["LeftUpperArm"] = CFrame.new(0.2014,-0.0367,0.0155,0.8679,-0.0193,-0.4963,-0.1025,0.9707,-0.2171,0.4860,0.2394,0.8405),
      ["LeftLowerArm"] = CFrame.new(-0.0005,-0.0001,0.0033,1.0000,-0.0000,0.0000,0.0000,0.5864,-0.8100,0.0000,0.8100,0.5864),
      ["LeftHand"] = CFrame.new(0.0000,0.0000,0.0000,0.9665,-0.2146,-0.1405,0.2192,0.9755,0.0181,0.1332,-0.0483,0.9899),
      ["Head"] = CFrame.new(0.0000,0.0000,0.0000,0.9431,0.1872,-0.2748,-0.1547,0.9786,0.1354,0.2943,-0.0852,0.9519),
      ["RightUpperArm"] = CFrame.new(-0.0191,-0.1370,0.0346,0.9117,-0.0690,-0.4051,0.2135,0.9218,0.3236,0.3511,-0.3815,0.8551),
      ["RightLowerArm"] = CFrame.new(0.0000,0.0000,0.0033,1.0000,-0.0000,0.0000,0.0000,0.7987,-0.6017,0.0000,0.6017,0.7987),
      ["RightHand"] = CFrame.new(0.0000,0.0000,0.0000,0.9924,0.0541,0.1110,-0.0806,0.9648,0.2505,-0.0935,-0.2575,0.9617),
      ["LeftUpperLeg"] = CFrame.new(0.0000,0.0000,0.0000,0.9676,0.2444,-0.0633,0.0215,-0.3297,-0.9438,-0.2515,0.9119,-0.3243),
      ["LeftLowerLeg"] = CFrame.new(0.0000,0.0002,-0.0029,1.0000,-0.0000,0.0000,0.0000,0.4073,0.9133,-0.0000,-0.9133,0.4073),
      ["LeftFoot"] = CFrame.new(0.0000,-0.0002,0.0000,0.9958,-0.0857,-0.0326,0.0917,0.9322,0.3501,0.0004,-0.3516,0.9361),
      ["RightUpperLeg"] = CFrame.new(-0.0406,0.3538,-0.3112,0.9312,-0.3134,-0.1862,0.1544,0.8018,-0.5773,0.3302,0.5089,0.7950),
      ["RightLowerLeg"] = CFrame.new(0.0000,0.0000,-0.0030,1.0000,-0.0000,0.0000,0.0000,0.0818,0.9966,-0.0000,-0.9966,0.0818),
      ["RightFoot"] = CFrame.new(0.0000,0.0000,0.0000,0.9555,0.2756,0.1050,-0.0251,0.4307,-0.9022,-0.2939,0.8594,0.4184),
    }},
    {Time = 8.300, Data = {
      ["HumanoidRootPart"] = CFrame.new(0.0000,0.0000,0.0000,1.0000,0.0000,0.0000,0.0000,1.0000,0.0000,0.0000,0.0000,1.0000),
      ["LowerTorso"] = CFrame.new(0.0000,-0.9239,0.0000,1.0000,-0.0000,0.0000,0.0000,0.9331,0.3597,-0.0000,-0.3597,0.9331),
      ["UpperTorso"] = CFrame.new(0.0000,0.0000,0.0000,0.9431,-0.1547,0.2943,0.1155,0.9824,0.1465,-0.3118,-0.1042,0.9444),
      ["LeftUpperArm"] = CFrame.new(0.2013,-0.0359,0.0159,0.8676,-0.0201,-0.4969,-0.1009,0.9713,-0.2154,0.4870,0.2370,0.8407),
      ["LeftLowerArm"] = CFrame.new(-0.0005,-0.0001,0.0033,1.0000,-0.0000,0.0000,0.0000,0.5824,-0.8129,0.0000,0.8129,0.5824),
      ["LeftHand"] = CFrame.new(0.0000,0.0000,0.0000,0.9654,-0.2136,-0.1494,0.2188,0.9756,0.0194,0.1416,-0.0514,0.9886),
      ["Head"] = CFrame.new(0.0000,0.0000,0.0000,0.9431,0.1895,-0.2733,-0.1547,0.9775,0.1437,0.2943,-0.0932,0.9512),
      ["RightUpperArm"] = CFrame.new(-0.0191,-0.1370,0.0346,0.9117,-0.0720,-0.4046,0.2135,0.9241,0.3168,0.3511,-0.3752,0.8579),
      ["RightLowerArm"] = CFrame.new(0.0000,0.0000,0.0033,1.0000,-0.0000,0.0000,0.0000,0.7937,-0.6083,0.0000,0.6083,0.7937),
      ["RightHand"] = CFrame.new(0.0000,0.0000,0.0000,0.9919,0.0578,0.1133,-0.0856,0.9621,0.2588,-0.0940,-0.2664,0.9593),
      ["LeftUpperLeg"] = CFrame.new(0.0000,0.0000,0.0000,0.9676,0.2441,-0.0645,0.0213,-0.3334,-0.9425,-0.2516,0.9106,-0.3278),
      ["LeftLowerLeg"] = CFrame.new(0.0000,0.0002,-0.0029,1.0000,-0.0000,0.0000,0.0000,0.4037,0.9149,-0.0000,-0.9149,0.4037),
      ["LeftFoot"] = CFrame.new(0.0000,-0.0002,0.0000,0.9958,-0.0858,-0.0326,0.0918,0.9321,0.3505,0.0003,-0.3520,0.9360),
      ["RightUpperLeg"] = CFrame.new(-0.0406,0.3538,-0.3112,0.9309,-0.3143,-0.1859,0.1550,0.8010,-0.5782,0.3307,0.5095,0.7944),
      ["RightLowerLeg"] = CFrame.new(0.0000,0.0000,-0.0030,1.0000,-0.0000,0.0000,0.0000,0.0779,0.9970,-0.0000,-0.9970,0.0779),
      ["RightFoot"] = CFrame.new(0.0000,0.0000,0.0000,0.9553,0.2763,0.1053,-0.0243,0.4282,-0.9033,-0.2947,0.8604,0.4158),
    }},
    {Time = 8.333, Data = {
      ["HumanoidRootPart"] = CFrame.new(0.0000,0.0000,0.0000,1.0000,0.0000,0.0000,0.0000,1.0000,0.0000,0.0000,0.0000,1.0000),
      ["LowerTorso"] = CFrame.new(0.0000,-0.9266,0.0000,1.0000,-0.0000,0.0000,0.0000,0.9331,0.3597,-0.0000,-0.3597,0.9331),
      ["UpperTorso"] = CFrame.new(0.0000,0.0000,0.0000,0.9431,-0.1547,0.2943,0.1155,0.9824,0.1465,-0.3118,-0.1042,0.9444),
      ["LeftUpperArm"] = CFrame.new(0.2011,-0.0351,0.0164,0.8673,-0.0209,-0.4974,-0.0992,0.9718,-0.2138,0.4879,0.2347,0.8408),
      ["LeftLowerArm"] = CFrame.new(-0.0005,-0.0001,0.0033,1.0000,-0.0000,0.0000,0.0000,0.5786,-0.8156,0.0000,0.8156,0.5786),
      ["LeftHand"] = CFrame.new(0.0000,0.0000,0.0000,0.9643,-0.2126,-0.1580,0.2185,0.9756,0.0207,0.1497,-0.0545,0.9872),
      ["Head"] = CFrame.new(0.0000,0.0000,0.0000,0.9431,0.1919,-0.2716,-0.1547,0.9761,0.1523,0.2943,-0.1016,0.9503),
      ["RightUpperArm"] = CFrame.new(-0.0191,-0.1371,0.0346,0.9117,-0.0752,-0.4040,0.2135,0.9267,0.3093,0.3511,-0.3682,0.8609),
      ["RightLowerArm"] = CFrame.new(0.0000,0.0000,0.0033,1.0000,-0.0000,0.0000,0.0000,0.7890,-0.6144,0.0000,0.6144,0.7890),
      ["RightHand"] = CFrame.new(0.0000,0.0000,0.0000,0.9914,0.0613,0.1156,-0.0904,0.9595,0.2669,-0.0945,-0.2750,0.9568),
      ["LeftUpperLeg"] = CFrame.new(0.0000,0.0000,0.0000,0.9676,0.2439,-0.0656,0.0211,-0.3370,-0.9413,-0.2517,0.9094,-0.3312),
      ["LeftLowerLeg"] = CFrame.new(0.0000,0.0002,-0.0029,1.0000,-0.0000,0.0000,0.0000,0.4002,0.9164,-0.0000,-0.9164,0.4002),
      ["LeftFoot"] = CFrame.new(0.0000,-0.0002,0.0000,0.9958,-0.0859,-0.0327,0.0919,0.9319,0.3508,0.0003,-0.3524,0.9359),
      ["RightUpperLeg"] = CFrame.new(-0.0406,0.3538,-0.3112,0.9307,-0.3153,-0.1855,0.1557,0.8003,-0.5791,0.3311,0.5101,0.7939),
      ["RightLowerLeg"] = CFrame.new(0.0000,0.0000,-0.0030,1.0000,-0.0000,0.0000,0.0000,0.0742,0.9972,-0.0000,-0.9972,0.0742),
      ["RightFoot"] = CFrame.new(0.0000,0.0000,0.0000,0.9550,0.2771,0.1055,-0.0236,0.4259,-0.9045,-0.2955,0.8613,0.4133),
    }},
    {Time = 8.367, Data = {
      ["HumanoidRootPart"] = CFrame.new(0.0000,0.0000,0.0000,1.0000,0.0000,0.0000,0.0000,1.0000,0.0000,0.0000,0.0000,1.0000),
      ["LowerTorso"] = CFrame.new(0.0000,-0.9292,0.0000,1.0000,-0.0000,0.0000,0.0000,0.9331,0.3597,-0.0000,-0.3597,0.9331),
      ["UpperTorso"] = CFrame.new(0.0000,0.0000,0.0000,0.9431,-0.1547,0.2943,0.1155,0.9824,0.1465,-0.3118,-0.1042,0.9444),
      ["LeftUpperArm"] = CFrame.new(0.2009,-0.0343,0.0169,0.8669,-0.0216,-0.4980,-0.0977,0.9723,-0.2122,0.4888,0.2326,0.8408),
      ["LeftLowerArm"] = CFrame.new(-0.0005,-0.0001,0.0033,1.0000,-0.0000,0.0000,0.0000,0.5750,-0.8181,0.0000,0.8181,0.5750),
      ["LeftHand"] = CFrame.new(0.0000,0.0000,0.0000,0.9631,-0.2116,-0.1661,0.2181,0.9757,0.0219,0.1575,-0.0574,0.9859),
      ["Head"] = CFrame.new(0.0000,0.0000,0.0000,0.9431,0.1943,-0.2698,-0.1547,0.9747,0.1612,0.2943,-0.1103,0.9493),
      ["RightUpperArm"] = CFrame.new(-0.0191,-0.1371,0.0346,0.9117,-0.0787,-0.4033,0.2135,0.9293,0.3013,0.3511,-0.3608,0.8641),
      ["RightLowerArm"] = CFrame.new(0.0000,0.0000,0.0033,1.0000,-0.0000,0.0000,0.0000,0.7844,-0.6202,0.0000,0.6202,0.7844),
      ["RightHand"] = CFrame.new(0.0000,0.0000,0.0000,0.9909,0.0646,0.1177,-0.0950,0.9569,0.2745,-0.0949,-0.2832,0.9543),
      ["LeftUpperLeg"] = CFrame.new(0.0000,0.0000,0.0000,0.9676,0.2437,-0.0667,0.0209,-0.3404,-0.9401,-0.2518,0.9082,-0.3344),
      ["LeftLowerLeg"] = CFrame.new(0.0000,0.0002,-0.0029,1.0000,-0.0000,0.0000,0.0000,0.3968,0.9179,-0.0000,-0.9179,0.3968),
      ["LeftFoot"] = CFrame.new(0.0000,-0.0002,0.0000,0.9958,-0.0860,-0.0327,0.0921,0.9318,0.3512,0.0003,-0.3527,0.9357),
      ["RightUpperLeg"] = CFrame.new(-0.0406,0.3538,-0.3112,0.9304,-0.3162,-0.1852,0.1563,0.7996,-0.5799,0.3314,0.5106,0.7934),
      ["RightLowerLeg"] = CFrame.new(0.0000,0.0000,-0.0030,1.0000,-0.0000,0.0000,0.0000,0.0706,0.9975,-0.0000,-0.9975,0.0706),
      ["RightFoot"] = CFrame.new(0.0000,0.0000,0.0000,0.9548,0.2777,0.1058,-0.0229,0.4237,-0.9055,-0.2963,0.8622,0.4109),
    }},
    {Time = 8.400, Data = {
      ["HumanoidRootPart"] = CFrame.new(0.0000,0.0000,0.0000,1.0000,0.0000,0.0000,0.0000,1.0000,0.0000,0.0000,0.0000,1.0000),
      ["LowerTorso"] = CFrame.new(0.0000,-0.9316,0.0000,1.0000,-0.0000,0.0000,0.0000,0.9331,0.3597,-0.0000,-0.3597,0.9331),
      ["UpperTorso"] = CFrame.new(0.0000,0.0000,0.0000,0.9431,-0.1547,0.2943,0.1155,0.9824,0.1465,-0.3118,-0.1042,0.9444),
      ["LeftUpperArm"] = CFrame.new(0.2008,-0.0336,0.0173,0.8666,-0.0223,-0.4985,-0.0962,0.9728,-0.2107,0.4896,0.2306,0.8409),
      ["LeftLowerArm"] = CFrame.new(-0.0005,-0.0001,0.0033,1.0000,-0.0000,0.0000,0.0000,0.5716,-0.8205,0.0000,0.8205,0.5716),
      ["LeftHand"] = CFrame.new(0.0000,0.0000,0.0000,0.9620,-0.2106,-0.1739,0.2178,0.9757,0.0231,0.1648,-0.0601,0.9845),
      ["Head"] = CFrame.new(0.0000,0.0000,0.0000,0.9431,0.1969,-0.2680,-0.1547,0.9732,0.1703,0.2943,-0.1191,0.9483),
      ["RightUpperArm"] = CFrame.new(-0.0191,-0.1371,0.0346,0.9117,-0.0824,-0.4026,0.2135,0.9320,0.2928,0.3511,-0.3529,0.8673),
      ["RightLowerArm"] = CFrame.new(0.0000,0.0000,0.0033,1.0000,-0.0000,0.0000,0.0000,0.7801,-0.6257,0.0000,0.6257,0.7801),
      ["RightHand"] = CFrame.new(0.0000,0.0000,0.0000,0.9905,0.0678,0.1199,-0.0994,0.9543,0.2817,-0.0953,-0.2910,0.9520),
      ["LeftUpperLeg"] = CFrame.new(0.0000,0.0000,0.0000,0.9675,0.2435,-0.0677,0.0207,-0.3436,-0.9389,-0.2519,0.9070,-0.3375),
      ["LeftLowerLeg"] = CFrame.new(0.0000,0.0002,-0.0029,1.0000,-0.0000,0.0000,0.0000,0.3937,0.9192,-0.0000,-0.9192,0.3937),
      ["LeftFoot"] = CFrame.new(0.0000,-0.0002,0.0000,0.9957,-0.0861,-0.0328,0.0922,0.9316,0.3516,0.0002,-0.3531,0.9356),
      ["RightUpperLeg"] = CFrame.new(-0.0406,0.3538,-0.3112,0.9302,-0.3170,-0.1849,0.1568,0.7989,-0.5806,0.3318,0.5111,0.7929),
      ["RightLowerLeg"] = CFrame.new(0.0000,0.0000,-0.0030,1.0000,-0.0000,0.0000,0.0000,0.0672,0.9977,-0.0000,-0.9977,0.0672),
      ["RightFoot"] = CFrame.new(0.0000,0.0000,0.0000,0.9546,0.2784,0.1060,-0.0222,0.4215,-0.9065,-0.2971,0.8630,0.4086),
    }},
    {Time = 8.433, Data = {
      ["HumanoidRootPart"] = CFrame.new(0.0000,0.0000,0.0000,1.0000,0.0000,0.0000,0.0000,1.0000,0.0000,0.0000,0.0000,1.0000),
      ["LowerTorso"] = CFrame.new(0.0000,-0.9339,0.0000,1.0000,-0.0000,0.0000,0.0000,0.9331,0.3597,-0.0000,-0.3597,0.9331),
      ["UpperTorso"] = CFrame.new(0.0000,0.0000,0.0000,0.9431,-0.1547,0.2943,0.1155,0.9824,0.1465,-0.3118,-0.1042,0.9444),
      ["LeftUpperArm"] = CFrame.new(0.2006,-0.0329,0.0177,0.8663,-0.0230,-0.4990,-0.0948,0.9732,-0.2094,0.4904,0.2287,0.8410),
      ["LeftLowerArm"] = CFrame.new(-0.0005,-0.0001,0.0033,1.0000,-0.0000,0.0000,0.0000,0.5684,-0.8227,0.0000,0.8227,0.5684),
      ["LeftHand"] = CFrame.new(0.0000,0.0000,0.0000,0.9608,-0.2097,-0.1811,0.2176,0.9757,0.0242,0.1717,-0.0627,0.9832),
      ["Head"] = CFrame.new(0.0000,0.0000,0.0000,0.9431,0.1994,-0.2661,-0.1547,0.9715,0.1794,0.2943,-0.1280,0.9471),
      ["RightUpperArm"] = CFrame.new(-0.0191,-0.1371,0.0346,0.9117,-0.0861,-0.4018,0.2135,0.9347,0.2841,0.3511,-0.3448,0.8706),
      ["RightLowerArm"] = CFrame.new(0.0000,0.0000,0.0033,1.0000,-0.0000,0.0000,0.0000,0.7758,-0.6310,0.0000,0.6310,0.7758),
      ["RightHand"] = CFrame.new(0.0000,0.0000,0.0000,0.9900,0.0708,0.1218,-0.1035,0.9519,0.2885,-0.0956,-0.2982,0.9497),
      ["LeftUpperLeg"] = CFrame.new(0.0000,0.0000,0.0000,0.9675,0.2433,-0.0687,0.0205,-0.3466,-0.9378,-0.2520,0.9059,-0.3403),
      ["LeftLowerLeg"] = CFrame.new(0.0000,0.0002,-0.0029,1.0000,-0.0000,0.0000,0.0000,0.3908,0.9205,-0.0000,-0.9205,0.3908),
      ["LeftFoot"] = CFrame.new(0.0000,-0.0002,0.0000,0.9957,-0.0862,-0.0328,0.0923,0.9315,0.3519,0.0002,-0.3535,0.9355),
      ["RightUpperLeg"] = CFrame.new(-0.0406,0.3538,-0.3112,0.9300,-0.3178,-0.1846,0.1574,0.7983,-0.5813,0.3321,0.5116,0.7924),
      ["RightLowerLeg"] = CFrame.new(0.0000,0.0000,-0.0030,1.0000,-0.0000,0.0000,0.0000,0.0640,0.9979,-0.0000,-0.9979,0.0640),
      ["RightFoot"] = CFrame.new(0.0000,0.0000,0.0000,0.9544,0.2790,0.1063,-0.0216,0.4195,-0.9075,-0.2978,0.8638,0.4064),
    }},
    {Time = 8.467, Data = {
      ["HumanoidRootPart"] = CFrame.new(0.0000,0.0000,0.0000,1.0000,0.0000,0.0000,0.0000,1.0000,0.0000,0.0000,0.0000,1.0000),
      ["LowerTorso"] = CFrame.new(0.0000,-0.9360,0.0000,1.0000,-0.0000,0.0000,0.0000,0.9331,0.3597,-0.0000,-0.3597,0.9331),
      ["UpperTorso"] = CFrame.new(0.0000,0.0000,0.0000,0.9431,-0.1547,0.2943,0.1155,0.9824,0.1465,-0.3118,-0.1042,0.9444),
      ["LeftUpperArm"] = CFrame.new(0.2005,-0.0322,0.0180,0.8660,-0.0236,-0.4994,-0.0935,0.9736,-0.2081,0.4911,0.2269,0.8410),
      ["LeftLowerArm"] = CFrame.new(-0.0005,-0.0001,0.0033,1.0000,-0.0000,0.0000,0.0000,0.5655,-0.8247,0.0000,0.8247,0.5655),
      ["LeftHand"] = CFrame.new(0.0000,0.0000,0.0000,0.9597,-0.2089,-0.1878,0.2173,0.9758,0.0252,0.1780,-0.0650,0.9819),
      ["Head"] = CFrame.new(0.0000,0.0000,0.0000,0.9431,0.2018,-0.2642,-0.1547,0.9698,0.1885,0.2943,-0.1369,0.9459),
      ["RightUpperArm"] = CFrame.new(-0.0190,-0.1371,0.0346,0.9117,-0.0898,-0.4010,0.2135,0.9373,0.2755,0.3511,-0.3367,0.8737),
      ["RightLowerArm"] = CFrame.new(0.0000,0.0000,0.0033,1.0000,-0.0000,0.0000,0.0000,0.7713,-0.6364,0.0000,0.6364,0.7713),
      ["RightHand"] = CFrame.new(0.0000,0.0000,0.0000,0.9896,0.0735,0.1237,-0.1073,0.9495,0.2947,-0.0958,-0.3049,0.9475),
      ["LeftUpperLeg"] = CFrame.new(0.0000,0.0000,0.0000,0.9675,0.2431,-0.0696,0.0204,-0.3493,-0.9368,-0.2520,0.9049,-0.3429),
      ["LeftLowerLeg"] = CFrame.new(0.0000,0.0002,-0.0029,1.0000,-0.0000,0.0000,0.0000,0.3881,0.9216,-0.0000,-0.9216,0.3881),
      ["LeftFoot"] = CFrame.new(0.0000,-0.0002,0.0000,0.9957,-0.0863,-0.0328,0.0924,0.9313,0.3523,0.0002,-0.3538,0.9353),
      ["RightUpperLeg"] = CFrame.new(-0.0406,0.3538,-0.3112,0.9298,-0.3186,-0.1844,0.1579,0.7977,-0.5820,0.3325,0.5120,0.7920),
      ["RightLowerLeg"] = CFrame.new(0.0000,0.0000,-0.0030,1.0000,-0.0000,0.0000,0.0000,0.0611,0.9981,-0.0000,-0.9981,0.0611),
      ["RightFoot"] = CFrame.new(0.0000,0.0000,0.0000,0.9542,0.2796,0.1065,-0.0210,0.4177,-0.9083,-0.2984,0.8645,0.4044),
    }},
    {Time = 8.500, Data = {
      ["HumanoidRootPart"] = CFrame.new(0.0000,0.0000,0.0000,1.0000,0.0000,0.0000,0.0000,1.0000,0.0000,0.0000,0.0000,1.0000),
      ["LowerTorso"] = CFrame.new(0.0000,-0.9379,0.0000,1.0000,-0.0000,0.0000,0.0000,0.9331,0.3597,-0.0000,-0.3597,0.9331),
      ["UpperTorso"] = CFrame.new(0.0000,0.0000,0.0000,0.9431,-0.1547,0.2943,0.1155,0.9824,0.1465,-0.3118,-0.1042,0.9444),
      ["LeftUpperArm"] = CFrame.new(0.2004,-0.0316,0.0184,0.8658,-0.0242,-0.4998,-0.0923,0.9740,-0.2070,0.4918,0.2253,0.8410),
      ["LeftLowerArm"] = CFrame.new(-0.0005,-0.0001,0.0033,1.0000,-0.0000,0.0000,0.0000,0.5628,-0.8266,0.0000,0.8266,0.5628),
      ["LeftHand"] = CFrame.new(0.0000,0.0000,0.0000,0.9587,-0.2081,-0.1939,0.2171,0.9758,0.0262,0.1838,-0.0672,0.9807),
      ["Head"] = CFrame.new(0.0000,0.0000,0.0000,0.9431,0.2043,-0.2624,-0.1547,0.9680,0.1974,0.2943,-0.1456,0.9446),
      ["RightUpperArm"] = CFrame.new(-0.0190,-0.1371,0.0346,0.9117,-0.0935,-0.4001,0.2135,0.9398,0.2668,0.3511,-0.3287,0.8768),
      ["RightLowerArm"] = CFrame.new(0.0000,0.0000,0.0033,1.0000,-0.0000,0.0000,0.0000,0.7669,-0.6417,0.0000,0.6417,0.7669),
      ["RightHand"] = CFrame.new(0.0000,0.0000,0.0000,0.9892,0.0759,0.1254,-0.1108,0.9474,0.3004,-0.0960,-0.3110,0.9455),
      ["LeftUpperLeg"] = CFrame.new(0.0000,0.0000,0.0000,0.9675,0.2429,-0.0704,0.0202,-0.3519,-0.9358,-0.2521,0.9040,-0.3453),
      ["LeftLowerLeg"] = CFrame.new(0.0000,0.0002,-0.0029,1.0000,-0.0000,0.0000,0.0000,0.3856,0.9227,-0.0000,-0.9227,0.3856),
      ["LeftFoot"] = CFrame.new(0.0000,-0.0002,0.0000,0.9957,-0.0864,-0.0329,0.0925,0.9312,0.3526,0.0001,-0.3541,0.9352),
      ["RightUpperLeg"] = CFrame.new(-0.0406,0.3538,-0.3112,0.9296,-0.3192,-0.1841,0.1584,0.7972,-0.5826,0.3328,0.5124,0.7917),
      ["RightLowerLeg"] = CFrame.new(0.0000,0.0000,-0.0030,1.0000,-0.0000,0.0000,0.0000,0.0584,0.9983,-0.0000,-0.9983,0.0584),
      ["RightFoot"] = CFrame.new(0.0000,0.0000,0.0000,0.9540,0.2801,0.1067,-0.0205,0.4160,-0.9091,-0.2990,0.8652,0.4026),
    }},
    {Time = 8.533, Data = {
      ["HumanoidRootPart"] = CFrame.new(0.0000,0.0000,0.0000,1.0000,0.0000,0.0000,0.0000,1.0000,0.0000,0.0000,0.0000,1.0000),
      ["LowerTorso"] = CFrame.new(0.0000,-0.9397,0.0000,1.0000,-0.0000,0.0000,0.0000,0.9331,0.3597,-0.0000,-0.3597,0.9331),
      ["UpperTorso"] = CFrame.new(0.0000,0.0000,0.0000,0.9431,-0.1547,0.2943,0.1155,0.9824,0.1465,-0.3118,-0.1042,0.9444),
      ["LeftUpperArm"] = CFrame.new(0.2003,-0.0311,0.0187,0.8656,-0.0247,-0.5002,-0.0912,0.9743,-0.2060,0.4924,0.2239,0.8411),
      ["LeftLowerArm"] = CFrame.new(-0.0005,-0.0001,0.0033,1.0000,-0.0000,0.0000,0.0000,0.5604,-0.8282,0.0000,0.8282,0.5604),
      ["LeftHand"] = CFrame.new(0.0000,0.0000,0.0000,0.9577,-0.2073,-0.1994,0.2169,0.9758,0.0270,0.1890,-0.0691,0.9795),
      ["Head"] = CFrame.new(0.0000,0.0000,0.0000,0.9431,0.2066,-0.2605,-0.1547,0.9662,0.2061,0.2943,-0.1540,0.9432),
      ["RightUpperArm"] = CFrame.new(-0.0190,-0.1371,0.0346,0.9117,-0.0971,-0.3993,0.2136,0.9421,0.2585,0.3511,-0.3210,0.8796),
      ["RightLowerArm"] = CFrame.new(0.0000,0.0000,0.0033,1.0000,-0.0000,0.0000,0.0000,0.7623,-0.6473,0.0000,0.6473,0.7623),
      ["RightHand"] = CFrame.new(0.0000,0.0000,0.0000,0.9888,0.0781,0.1270,-0.1139,0.9454,0.3054,-0.0962,-0.3165,0.9437),
      ["LeftUpperLeg"] = CFrame.new(0.0000,0.0000,0.0000,0.9675,0.2427,-0.0712,0.0201,-0.3541,-0.9350,-0.2522,0.9032,-0.3475),
      ["LeftLowerLeg"] = CFrame.new(0.0000,0.0002,-0.0029,1.0000,-0.0000,0.0000,0.0000,0.3834,0.9236,-0.0000,-0.9236,0.3834),
      ["LeftFoot"] = CFrame.new(0.0000,-0.0002,0.0000,0.9957,-0.0865,-0.0329,0.0926,0.9311,0.3529,0.0001,-0.3544,0.9351),
      ["RightUpperLeg"] = CFrame.new(-0.0406,0.3538,-0.3112,0.9294,-0.3198,-0.1839,0.1588,0.7967,-0.5831,0.3330,0.5127,0.7913),
      ["RightLowerLeg"] = CFrame.new(0.0000,0.0000,-0.0030,1.0000,-0.0000,0.0000,0.0000,0.0560,0.9984,-0.0000,-0.9984,0.0560),
      ["RightFoot"] = CFrame.new(0.0000,0.0000,0.0000,0.9539,0.2805,0.1069,-0.0200,0.4145,-0.9098,-0.2995,0.8657,0.4010),
    }},
    {Time = 8.567, Data = {
      ["HumanoidRootPart"] = CFrame.new(0.0000,0.0000,0.0000,1.0000,0.0000,0.0000,0.0000,1.0000,0.0000,0.0000,0.0000,1.0000),
      ["LowerTorso"] = CFrame.new(0.0000,-0.9412,0.0000,1.0000,-0.0000,0.0000,0.0000,0.9331,0.3597,-0.0000,-0.3597,0.9331),
      ["UpperTorso"] = CFrame.new(0.0000,0.0000,0.0000,0.9431,-0.1547,0.2943,0.1155,0.9824,0.1465,-0.3118,-0.1042,0.9444),
      ["LeftUpperArm"] = CFrame.new(0.2002,-0.0306,0.0189,0.8654,-0.0252,-0.5005,-0.0903,0.9746,-0.2051,0.4929,0.2227,0.8411),
      ["LeftLowerArm"] = CFrame.new(-0.0005,-0.0001,0.0033,1.0000,-0.0000,0.0000,0.0000,0.5584,-0.8296,0.0000,0.8296,0.5584),
      ["LeftHand"] = CFrame.new(0.0000,0.0000,0.0000,0.9569,-0.2067,-0.2042,0.2167,0.9758,0.0277,0.1935,-0.0708,0.9785),
      ["Head"] = CFrame.new(0.0000,0.0000,0.0000,0.9431,0.2088,-0.2588,-0.1547,0.9644,0.2144,0.2943,-0.1621,0.9419),
      ["RightUpperArm"] = CFrame.new(-0.0190,-0.1371,0.0345,0.9116,-0.1004,-0.3986,0.2136,0.9442,0.2508,0.3511,-0.3138,0.8822),
      ["RightLowerArm"] = CFrame.new(0.0000,0.0000,0.0033,1.0000,-0.0000,0.0000,0.0000,0.7572,-0.6532,0.0000,0.6532,0.7572),
      ["RightHand"] = CFrame.new(0.0000,0.0000,0.0000,0.9885,0.0800,0.1283,-0.1166,0.9436,0.3098,-0.0963,-0.3212,0.9421),
      ["LeftUpperLeg"] = CFrame.new(0.0000,0.0000,0.0000,0.9675,0.2426,-0.0718,0.0200,-0.3561,-0.9342,-0.2522,0.9024,-0.3493),
      ["LeftLowerLeg"] = CFrame.new(0.0000,0.0002,-0.0029,1.0000,-0.0000,0.0000,0.0000,0.3815,0.9244,-0.0000,-0.9244,0.3815),
      ["LeftFoot"] = CFrame.new(0.0000,-0.0002,0.0000,0.9957,-0.0866,-0.0329,0.0926,0.9310,0.3531,0.0001,-0.3547,0.9350),
      ["RightUpperLeg"] = CFrame.new(-0.0406,0.3538,-0.3112,0.9293,-0.3204,-0.1837,0.1592,0.7963,-0.5835,0.3333,0.5130,0.7910),
      ["RightLowerLeg"] = CFrame.new(0.0000,0.0000,-0.0030,1.0000,-0.0000,0.0000,0.0000,0.0540,0.9985,-0.0000,-0.9985,0.0540),
      ["RightFoot"] = CFrame.new(0.0000,0.0000,0.0000,0.9537,0.2809,0.1070,-0.0195,0.4132,-0.9104,-0.3000,0.8662,0.3995),
    }},
    {Time = 8.600, Data = {
      ["HumanoidRootPart"] = CFrame.new(0.0000,0.0000,0.0000,1.0000,0.0000,0.0000,0.0000,1.0000,0.0000,0.0000,0.0000,1.0000),
      ["LowerTorso"] = CFrame.new(0.0000,-0.9424,0.0000,1.0000,-0.0000,0.0000,0.0000,0.9331,0.3597,-0.0000,-0.3597,0.9331),
      ["UpperTorso"] = CFrame.new(0.0000,0.0000,0.0000,0.9431,-0.1547,0.2943,0.1155,0.9824,0.1465,-0.3118,-0.1042,0.9444),
      ["LeftUpperArm"] = CFrame.new(0.2001,-0.0302,0.0192,0.8652,-0.0255,-0.5008,-0.0895,0.9748,-0.2044,0.4934,0.2216,0.8411),
      ["LeftLowerArm"] = CFrame.new(-0.0005,-0.0001,0.0033,1.0000,-0.0000,0.0000,0.0000,0.5566,-0.8308,0.0000,0.8308,0.5566),
      ["LeftHand"] = CFrame.new(0.0000,0.0000,0.0000,0.9561,-0.2062,-0.2082,0.2166,0.9759,0.0284,0.1973,-0.0722,0.9777),
      ["Head"] = CFrame.new(0.0000,0.0000,0.0000,0.9431,0.2109,-0.2571,-0.1547,0.9626,0.2222,0.2943,-0.1698,0.9405),
      ["RightUpperArm"] = CFrame.new(-0.0190,-0.1372,0.0345,0.9116,-0.1034,-0.3979,0.2137,0.9460,0.2438,0.3512,-0.3072,0.8845),
      ["RightLowerArm"] = CFrame.new(0.0000,0.0000,0.0033,1.0000,-0.0000,0.0000,0.0000,0.7516,-0.6596,0.0000,0.6596,0.7516),
      ["RightHand"] = CFrame.new(0.0000,0.0000,0.0000,0.9882,0.0816,0.1295,-0.1189,0.9421,0.3135,-0.0964,-0.3253,0.9407),
      ["LeftUpperLeg"] = CFrame.new(0.0000,0.0000,0.0000,0.9675,0.2425,-0.0724,0.0199,-0.3578,-0.9336,-0.2523,0.9018,-0.3510),
      ["LeftLowerLeg"] = CFrame.new(0.0000,0.0002,-0.0029,1.0000,-0.0000,0.0000,0.0000,0.3797,0.9251,-0.0000,-0.9251,0.3797),
      ["LeftFoot"] = CFrame.new(0.0000,-0.0002,0.0000,0.9957,-0.0866,-0.0329,0.0927,0.9309,0.3533,0.0001,-0.3548,0.9349),
      ["RightUpperLeg"] = CFrame.new(-0.0406,0.3538,-0.3112,0.9292,-0.3208,-0.1836,0.1595,0.7960,-0.5839,0.3335,0.5133,0.7908),
      ["RightLowerLeg"] = CFrame.new(0.0000,0.0000,-0.0030,1.0000,-0.0000,0.0000,0.0000,0.0522,0.9986,-0.0000,-0.9986,0.0522),
      ["RightFoot"] = CFrame.new(0.0000,0.0000,0.0000,0.9536,0.2813,0.1072,-0.0192,0.4121,-0.9110,-0.3004,0.8666,0.3983),
    }},
    {Time = 8.633, Data = {
      ["HumanoidRootPart"] = CFrame.new(0.0000,0.0000,0.0000,1.0000,0.0000,0.0000,0.0000,1.0000,0.0000,0.0000,0.0000,1.0000),
      ["LowerTorso"] = CFrame.new(0.0000,-0.9435,0.0000,1.0000,-0.0000,0.0000,0.0000,0.9331,0.3597,-0.0000,-0.3597,0.9331),
      ["UpperTorso"] = CFrame.new(0.0000,0.0000,0.0000,0.9431,-0.1547,0.2943,0.1155,0.9824,0.1465,-0.3118,-0.1042,0.9444),
      ["LeftUpperArm"] = CFrame.new(0.2000,-0.0299,0.0193,0.8651,-0.0259,-0.5010,-0.0889,0.9750,-0.2038,0.4937,0.2208,0.8411),
      ["LeftLowerArm"] = CFrame.new(-0.0005,-0.0001,0.0033,1.0000,-0.0000,0.0000,0.0000,0.5552,-0.8317,0.0000,0.8317,0.5552),
      ["LeftHand"] = CFrame.new(0.0000,0.0000,0.0000,0.9555,-0.2057,-0.2114,0.2165,0.9759,0.0289,0.2003,-0.0733,0.9770),
      ["Head"] = CFrame.new(0.0000,0.0000,0.0000,0.9431,0.2129,-0.2555,-0.1547,0.9610,0.2294,0.2943,-0.1768,0.9392),
      ["RightUpperArm"] = CFrame.new(-0.0190,-0.1372,0.0345,0.9115,-0.1060,-0.3973,0.2138,0.9475,0.2377,0.3513,-0.3017,0.8863),
      ["RightLowerArm"] = CFrame.new(0.0000,0.0000,0.0033,1.0000,-0.0000,0.0000,0.0000,0.7453,-0.6667,0.0000,0.6667,0.7453),
      ["RightHand"] = CFrame.new(0.0000,0.0000,0.0000,0.9880,0.0829,0.1304,-0.1208,0.9409,0.3165,-0.0965,-0.3285,0.9396),
      ["LeftUpperLeg"] = CFrame.new(0.0000,0.0000,0.0000,0.9674,0.2424,-0.0728,0.0198,-0.3592,-0.9331,-0.2523,0.9013,-0.3523),
      ["LeftLowerLeg"] = CFrame.new(0.0000,0.0002,-0.0029,1.0000,-0.0000,0.0000,0.0000,0.3784,0.9256,-0.0000,-0.9256,0.3784),
      ["LeftFoot"] = CFrame.new(0.0000,-0.0002,0.0000,0.9957,-0.0867,-0.0329,0.0927,0.9308,0.3535,0.0000,-0.3550,0.9349),
      ["RightUpperLeg"] = CFrame.new(-0.0406,0.3538,-0.3112,0.9291,-0.3212,-0.1834,0.1597,0.7957,-0.5842,0.3336,0.5135,0.7906),
      ["RightLowerLeg"] = CFrame.new(0.0000,0.0000,-0.0030,1.0000,-0.0000,0.0000,0.0000,0.0508,0.9987,-0.0000,-0.9987,0.0508),
      ["RightFoot"] = CFrame.new(0.0000,0.0000,0.0000,0.9535,0.2816,0.1073,-0.0189,0.4112,-0.9114,-0.3007,0.8670,0.3974),
    }},
    {Time = 8.667, Data = {
      ["HumanoidRootPart"] = CFrame.new(0.0000,0.0000,0.0000,1.0000,0.0000,0.0000,0.0000,1.0000,0.0000,0.0000,0.0000,1.0000),
      ["LowerTorso"] = CFrame.new(0.0000,-0.9442,0.0000,1.0000,-0.0000,0.0000,0.0000,0.9331,0.3597,-0.0000,-0.3597,0.9331),
      ["UpperTorso"] = CFrame.new(0.0000,0.0000,0.0000,0.9431,-0.1547,0.2943,0.1155,0.9824,0.1465,-0.3118,-0.1042,0.9444),
      ["LeftUpperArm"] = CFrame.new(0.2000,-0.0297,0.0195,0.8650,-0.0261,-0.5012,-0.0884,0.9751,-0.2034,0.4940,0.2202,0.8411),
      ["LeftLowerArm"] = CFrame.new(-0.0005,-0.0001,0.0033,1.0000,-0.0000,0.0000,0.0000,0.5542,-0.8324,0.0000,0.8324,0.5542),
      ["LeftHand"] = CFrame.new(0.0000,0.0000,0.0000,0.9551,-0.2054,-0.2137,0.2164,0.9759,0.0292,0.2026,-0.0742,0.9765),
      ["Head"] = CFrame.new(0.0000,0.0000,0.0000,0.9431,0.2146,-0.2540,-0.1547,0.9594,0.2359,0.2943,-0.1832,0.9380),
      ["RightUpperArm"] = CFrame.new(-0.0189,-0.1373,0.0345,0.9115,-0.1082,-0.3969,0.2140,0.9487,0.2329,0.3513,-0.2973,0.8878),
      ["RightLowerArm"] = CFrame.new(0.0000,0.0000,0.0033,1.0000,-0.0000,0.0000,0.0000,0.7381,-0.6747,0.0000,0.6747,0.7381),
      ["RightHand"] = CFrame.new(0.0000,0.0000,0.0000,0.9878,0.0839,0.1311,-0.1221,0.9400,0.3187,-0.0965,-0.3308,0.9387),
      ["LeftUpperLeg"] = CFrame.new(0.0000,0.0000,0.0000,0.9674,0.2423,-0.0731,0.0197,-0.3601,-0.9327,-0.2523,0.9009,-0.3532),
      ["LeftLowerLeg"] = CFrame.new(0.0000,0.0002,-0.0029,1.0000,-0.0000,0.0000,0.0000,0.3774,0.9260,-0.0000,-0.9260,0.3774),
      ["LeftFoot"] = CFrame.new(0.0000,-0.0002,0.0000,0.9957,-0.0867,-0.0329,0.0928,0.9308,0.3536,-0.0000,-0.3551,0.9348),
      ["RightUpperLeg"] = CFrame.new(-0.0406,0.3538,-0.3112,0.9290,-0.3214,-0.1834,0.1599,0.7955,-0.5844,0.3337,0.5136,0.7904),
      ["RightLowerLeg"] = CFrame.new(0.0000,0.0000,-0.0030,1.0000,-0.0000,0.0000,0.0000,0.0498,0.9988,-0.0000,-0.9988,0.0498),
      ["RightFoot"] = CFrame.new(0.0000,0.0000,0.0000,0.9535,0.2818,0.1073,-0.0187,0.4105,-0.9117,-0.3010,0.8672,0.3967),
    }},
    {Time = 8.700, Data = {
      ["HumanoidRootPart"] = CFrame.new(0.0000,0.0000,0.0000,1.0000,0.0000,0.0000,0.0000,1.0000,0.0000,0.0000,0.0000,1.0000),
      ["LowerTorso"] = CFrame.new(0.0000,-0.9447,0.0000,1.0000,-0.0000,0.0000,0.0000,0.9331,0.3597,-0.0000,-0.3597,0.9331),
      ["UpperTorso"] = CFrame.new(0.0000,0.0000,0.0000,0.9431,-0.1547,0.2943,0.1155,0.9824,0.1465,-0.3118,-0.1042,0.9444),
      ["LeftUpperArm"] = CFrame.new(0.1999,-0.0295,0.0195,0.8649,-0.0262,-0.5012,-0.0881,0.9752,-0.2031,0.4941,0.2198,0.8411),
      ["LeftLowerArm"] = CFrame.new(-0.0005,-0.0001,0.0033,1.0000,-0.0000,0.0000,0.0000,0.5536,-0.8328,0.0000,0.8328,0.5536),
      ["LeftHand"] = CFrame.new(0.0000,0.0000,0.0000,0.9548,-0.2052,-0.2152,0.2163,0.9759,0.0294,0.2040,-0.0747,0.9761),
      ["Head"] = CFrame.new(0.0000,0.0000,0.0000,0.9431,0.2161,-0.2527,-0.1547,0.9579,0.2417,0.2943,-0.1888,0.9369),
      ["RightUpperArm"] = CFrame.new(-0.0189,-0.1374,0.0344,0.9114,-0.1097,-0.3967,0.2142,0.9494,0.2296,0.3514,-0.2942,0.8888),
      ["RightLowerArm"] = CFrame.new(0.0000,0.0000,0.0033,1.0000,-0.0000,0.0000,0.0000,0.7297,-0.6837,0.0000,0.6837,0.7297),
      ["RightHand"] = CFrame.new(0.0000,0.0000,0.0000,0.9877,0.0845,0.1315,-0.1229,0.9394,0.3200,-0.0965,-0.3323,0.9382),
      ["LeftUpperLeg"] = CFrame.new(0.0000,0.0000,0.0000,0.9674,0.2423,-0.0733,0.0197,-0.3607,-0.9325,-0.2524,0.9006,-0.3538),
      ["LeftLowerLeg"] = CFrame.new(0.0000,0.0002,-0.0029,1.0000,-0.0000,0.0000,0.0000,0.3769,0.9263,-0.0000,-0.9263,0.3769),
      ["LeftFoot"] = CFrame.new(0.0000,-0.0002,0.0000,0.9957,-0.0867,-0.0329,0.0928,0.9308,0.3537,-0.0000,-0.3552,0.9348),
      ["RightUpperLeg"] = CFrame.new(-0.0406,0.3538,-0.3112,0.9290,-0.3216,-0.1833,0.1600,0.7954,-0.5846,0.3338,0.5137,0.7904),
      ["RightLowerLeg"] = CFrame.new(0.0000,0.0000,-0.0030,1.0000,-0.0000,0.0000,0.0000,0.0491,0.9988,-0.0000,-0.9988,0.0491),
      ["RightFoot"] = CFrame.new(0.0000,0.0000,0.0000,0.9534,0.2819,0.1073,-0.0186,0.4101,-0.9119,-0.3011,0.8674,0.3962),
    }},
    {Time = 8.733, Data = {
      ["HumanoidRootPart"] = CFrame.new(0.0000,0.0000,0.0000,1.0000,0.0000,0.0000,0.0000,1.0000,0.0000,0.0000,0.0000,1.0000),
      ["LowerTorso"] = CFrame.new(0.0000,-0.9448,0.0000,1.0000,-0.0000,0.0000,0.0000,0.9331,0.3597,-0.0000,-0.3597,0.9331),
      ["UpperTorso"] = CFrame.new(0.0000,0.0000,0.0000,0.9431,-0.1547,0.2943,0.1155,0.9824,0.1465,-0.3118,-0.1042,0.9444),
      ["LeftUpperArm"] = CFrame.new(0.2000,-0.0296,0.0196,0.8649,-0.0262,-0.5012,-0.0881,0.9752,-0.2030,0.4941,0.2198,0.8412),
      ["LeftLowerArm"] = CFrame.new(-0.0005,-0.0001,0.0033,1.0000,-0.0000,0.0000,0.0000,0.5534,-0.8329,0.0000,0.8329,0.5534),
      ["LeftHand"] = CFrame.new(0.0000,0.0000,0.0000,0.9547,-0.2052,-0.2157,0.2164,0.9759,0.0294,0.2045,-0.0748,0.9760),
      ["Head"] = CFrame.new(0.0000,0.0000,0.0000,0.9431,0.2174,-0.2516,-0.1547,0.9567,0.2465,0.2943,-0.1935,0.9359),
      ["RightUpperArm"] = CFrame.new(-0.0188,-0.1375,0.0344,0.9113,-0.1106,-0.3967,0.2145,0.9498,0.2279,0.3515,-0.2928,0.8892),
      ["RightLowerArm"] = CFrame.new(0.0000,0.0000,0.0033,1.0000,-0.0000,0.0000,0.0000,0.7201,-0.6939,0.0000,0.6939,0.7201),
      ["RightHand"] = CFrame.new(0.0000,0.0000,0.0000,0.9877,0.0846,0.1317,-0.1232,0.9392,0.3205,-0.0965,-0.3327,0.9381),
      ["LeftUpperLeg"] = CFrame.new(0.0000,0.0000,0.0000,0.9674,0.2423,-0.0733,0.0197,-0.3609,-0.9324,-0.2524,0.9006,-0.3539),
      ["LeftLowerLeg"] = CFrame.new(0.0000,0.0002,-0.0029,1.0000,-0.0000,0.0000,0.0000,0.3767,0.9263,-0.0000,-0.9263,0.3767),
      ["LeftFoot"] = CFrame.new(0.0000,-0.0002,0.0000,0.9957,-0.0867,-0.0329,0.0927,0.9308,0.3537,-0.0000,-0.3552,0.9348),
      ["RightUpperLeg"] = CFrame.new(-0.0406,0.3538,-0.3112,0.9290,-0.3216,-0.1833,0.1600,0.7954,-0.5846,0.3338,0.5137,0.7904),
      ["RightLowerLeg"] = CFrame.new(0.0000,0.0000,-0.0030,1.0000,-0.0000,0.0000,0.0000,0.0490,0.9988,-0.0000,-0.9988,0.0490),
      ["RightFoot"] = CFrame.new(0.0000,0.0000,0.0000,0.9534,0.2820,0.1073,-0.0186,0.4100,-0.9119,-0.3011,0.8674,0.3961),
    }},
    {Time = 8.767, Data = {
      ["HumanoidRootPart"] = CFrame.new(0.0000,0.0000,0.0000,1.0000,0.0000,0.0000,0.0000,1.0000,0.0000,0.0000,0.0000,1.0000),
      ["LowerTorso"] = CFrame.new(0.0000,-0.9447,0.0000,1.0000,-0.0000,0.0000,0.0000,0.9331,0.3597,-0.0000,-0.3597,0.9331),
      ["UpperTorso"] = CFrame.new(0.0000,0.0000,0.0000,0.9431,-0.1547,0.2943,0.1155,0.9824,0.1465,-0.3118,-0.1042,0.9444),
      ["LeftUpperArm"] = CFrame.new(0.2000,-0.0296,0.0195,0.8649,-0.0262,-0.5012,-0.0882,0.9752,-0.2031,0.4941,0.2199,0.8412),
      ["LeftLowerArm"] = CFrame.new(-0.0005,-0.0001,0.0033,1.0000,-0.0000,0.0000,0.0000,0.5536,-0.8328,0.0000,0.8328,0.5536),
      ["LeftHand"] = CFrame.new(0.0000,0.0000,0.0000,0.9548,-0.2052,-0.2152,0.2164,0.9759,0.0294,0.2040,-0.0747,0.9761),
      ["Head"] = CFrame.new(0.0000,0.0000,0.0000,0.9431,0.2184,-0.2507,-0.1547,0.9557,0.2504,0.2943,-0.1973,0.9351),
      ["RightUpperArm"] = CFrame.new(-0.0188,-0.1377,0.0343,0.9111,-0.1107,-0.3969,0.2147,0.9497,0.2280,0.3517,-0.2930,0.8891),
      ["RightLowerArm"] = CFrame.new(0.0000,0.0000,0.0033,1.0000,-0.0000,0.0000,0.0000,0.7090,-0.7052,0.0000,0.7052,0.7090),
      ["RightHand"] = CFrame.new(0.0000,0.0000,0.0000,0.9877,0.0845,0.1315,-0.1229,0.9394,0.3200,-0.0965,-0.3323,0.9382),
      ["LeftUpperLeg"] = CFrame.new(0.0000,0.0000,0.0000,0.9674,0.2423,-0.0733,0.0197,-0.3607,-0.9325,-0.2524,0.9006,-0.3538),
      ["LeftLowerLeg"] = CFrame.new(0.0000,0.0002,-0.0029,1.0000,-0.0000,0.0000,0.0000,0.3769,0.9263,-0.0000,-0.9263,0.3769),
      ["LeftFoot"] = CFrame.new(0.0000,-0.0002,0.0000,0.9957,-0.0867,-0.0329,0.0927,0.9308,0.3536,-0.0000,-0.3552,0.9348),
      ["RightUpperLeg"] = CFrame.new(-0.0406,0.3538,-0.3112,0.9290,-0.3216,-0.1834,0.1600,0.7954,-0.5845,0.3338,0.5137,0.7904),
      ["RightLowerLeg"] = CFrame.new(0.0000,0.0000,-0.0030,1.0000,-0.0000,0.0000,0.0000,0.0491,0.9988,-0.0000,-0.9988,0.0491),
      ["RightFoot"] = CFrame.new(0.0000,0.0000,0.0000,0.9534,0.2819,0.1073,-0.0186,0.4101,-0.9119,-0.3011,0.8674,0.3962),
    }},
    {Time = 8.800, Data = {
      ["HumanoidRootPart"] = CFrame.new(0.0000,0.0000,0.0000,1.0000,0.0000,0.0000,0.0000,1.0000,0.0000,0.0000,0.0000,1.0000),
      ["LowerTorso"] = CFrame.new(0.0000,-0.9442,0.0000,1.0000,-0.0000,0.0000,0.0000,0.9331,0.3597,-0.0000,-0.3597,0.9331),
      ["UpperTorso"] = CFrame.new(0.0000,0.0000,0.0000,0.9431,-0.1547,0.2943,0.1155,0.9824,0.1465,-0.3118,-0.1042,0.9444),
      ["LeftUpperArm"] = CFrame.new(0.2000,-0.0297,0.0195,0.8650,-0.0261,-0.5012,-0.0884,0.9751,-0.2034,0.4940,0.2202,0.8411),
      ["LeftLowerArm"] = CFrame.new(-0.0005,-0.0001,0.0033,1.0000,-0.0000,0.0000,0.0000,0.5542,-0.8324,0.0000,0.8324,0.5542),
      ["LeftHand"] = CFrame.new(0.0000,0.0000,0.0000,0.9551,-0.2054,-0.2137,0.2164,0.9759,0.0292,0.2026,-0.0742,0.9765),
      ["Head"] = CFrame.new(0.0000,0.0000,0.0000,0.9431,0.2192,-0.2501,-0.1547,0.9549,0.2533,0.2943,-0.2002,0.9345),
      ["RightUpperArm"] = CFrame.new(-0.0187,-0.1379,0.0342,0.9110,-0.1102,-0.3974,0.2151,0.9491,0.2299,0.3519,-0.2950,0.8884),
      ["RightLowerArm"] = CFrame.new(0.0000,0.0000,0.0033,1.0000,-0.0000,0.0000,0.0000,0.6964,-0.7177,0.0000,0.7177,0.6964),
      ["RightHand"] = CFrame.new(0.0000,0.0000,0.0000,0.9878,0.0839,0.1311,-0.1221,0.9400,0.3187,-0.0965,-0.3308,0.9387),
      ["LeftUpperLeg"] = CFrame.new(0.0000,0.0000,0.0000,0.9674,0.2424,-0.0731,0.0197,-0.3601,-0.9327,-0.2524,0.9009,-0.3532),
      ["LeftLowerLeg"] = CFrame.new(0.0000,0.0002,-0.0029,1.0000,-0.0000,0.0000,0.0000,0.3774,0.9260,-0.0000,-0.9260,0.3774),
      ["LeftFoot"] = CFrame.new(0.0000,-0.0002,0.0000,0.9957,-0.0867,-0.0329,0.0927,0.9308,0.3536,-0.0000,-0.3551,0.9348),
      ["RightUpperLeg"] = CFrame.new(-0.0406,0.3538,-0.3112,0.9290,-0.3214,-0.1834,0.1599,0.7955,-0.5844,0.3338,0.5136,0.7904),
      ["RightLowerLeg"] = CFrame.new(0.0000,0.0000,-0.0030,1.0000,-0.0000,0.0000,0.0000,0.0498,0.9988,-0.0000,-0.9988,0.0498),
      ["RightFoot"] = CFrame.new(0.0000,0.0000,0.0000,0.9535,0.2818,0.1073,-0.0187,0.4105,-0.9117,-0.3009,0.8672,0.3967),
    }},
    {Time = 8.833, Data = {
      ["HumanoidRootPart"] = CFrame.new(0.0000,0.0000,0.0000,1.0000,0.0000,0.0000,0.0000,1.0000,0.0000,0.0000,0.0000,1.0000),
      ["LowerTorso"] = CFrame.new(0.0000,-0.9435,0.0000,1.0000,-0.0000,0.0000,0.0000,0.9331,0.3597,-0.0000,-0.3597,0.9331),
      ["UpperTorso"] = CFrame.new(0.0000,0.0000,0.0000,0.9431,-0.1547,0.2943,0.1155,0.9824,0.1465,-0.3118,-0.1042,0.9444),
      ["LeftUpperArm"] = CFrame.new(0.2000,-0.0299,0.0193,0.8651,-0.0259,-0.5010,-0.0889,0.9750,-0.2038,0.4937,0.2208,0.8411),
      ["LeftLowerArm"] = CFrame.new(-0.0005,-0.0001,0.0033,1.0000,-0.0000,0.0000,0.0000,0.5552,-0.8317,0.0000,0.8317,0.5552),
      ["LeftHand"] = CFrame.new(0.0000,0.0000,0.0000,0.9555,-0.2057,-0.2114,0.2165,0.9759,0.0289,0.2003,-0.0733,0.9770),
      ["Head"] = CFrame.new(0.0000,0.0000,0.0000,0.9431,0.2197,-0.2496,-0.1547,0.9544,0.2554,0.2943,-0.2022,0.9341),
      ["RightUpperArm"] = CFrame.new(-0.0186,-0.1380,0.0341,0.9108,-0.1090,-0.3981,0.2155,0.9482,0.2333,0.3520,-0.2983,0.8872),
      ["RightLowerArm"] = CFrame.new(0.0000,0.0000,0.0033,1.0000,-0.0000,0.0000,0.0000,0.6827,-0.7307,0.0000,0.7307,0.6827),
      ["RightHand"] = CFrame.new(0.0000,0.0000,0.0000,0.9880,0.0829,0.1304,-0.1208,0.9409,0.3165,-0.0965,-0.3285,0.9396),
      ["LeftUpperLeg"] = CFrame.new(0.0000,0.0000,0.0000,0.9674,0.2424,-0.0728,0.0198,-0.3592,-0.9331,-0.2523,0.9013,-0.3523),
      ["LeftLowerLeg"] = CFrame.new(0.0000,0.0002,-0.0029,1.0000,-0.0000,0.0000,0.0000,0.3784,0.9256,-0.0000,-0.9256,0.3784),
      ["LeftFoot"] = CFrame.new(0.0000,-0.0002,0.0000,0.9957,-0.0867,-0.0329,0.0927,0.9308,0.3535,-0.0000,-0.3550,0.9349),
      ["RightUpperLeg"] = CFrame.new(-0.0406,0.3538,-0.3112,0.9291,-0.3212,-0.1834,0.1597,0.7957,-0.5842,0.3336,0.5135,0.7906),
      ["RightLowerLeg"] = CFrame.new(0.0000,0.0000,-0.0030,1.0000,-0.0000,0.0000,0.0000,0.0508,0.9987,-0.0000,-0.9987,0.0508),
      ["RightFoot"] = CFrame.new(0.0000,0.0000,0.0000,0.9535,0.2816,0.1073,-0.0189,0.4112,-0.9114,-0.3007,0.8670,0.3974),
    }},
    {Time = 8.867, Data = {
      ["HumanoidRootPart"] = CFrame.new(0.0000,0.0000,0.0000,1.0000,0.0000,0.0000,0.0000,1.0000,0.0000,0.0000,0.0000,1.0000),
      ["LowerTorso"] = CFrame.new(0.0000,-0.9424,0.0000,1.0000,-0.0000,0.0000,0.0000,0.9331,0.3597,-0.0000,-0.3597,0.9331),
      ["UpperTorso"] = CFrame.new(0.0000,0.0000,0.0000,0.9431,-0.1547,0.2943,0.1155,0.9824,0.1465,-0.3118,-0.1042,0.9444),
      ["LeftUpperArm"] = CFrame.new(0.2001,-0.0302,0.0192,0.8652,-0.0255,-0.5008,-0.0895,0.9748,-0.2044,0.4934,0.2216,0.8411),
      ["LeftLowerArm"] = CFrame.new(-0.0005,-0.0001,0.0033,1.0000,-0.0000,0.0000,0.0000,0.5566,-0.8308,0.0000,0.8308,0.5566),
      ["LeftHand"] = CFrame.new(0.0000,0.0000,0.0000,0.9561,-0.2062,-0.2082,0.2166,0.9759,0.0284,0.1973,-0.0722,0.9777),
      ["Head"] = CFrame.new(0.0000,0.0000,0.0000,0.9431,0.2200,-0.2493,-0.1547,0.9541,0.2566,0.2943,-0.2034,0.9338),
      ["RightUpperArm"] = CFrame.new(-0.0185,-0.1382,0.0340,0.9107,-0.1073,-0.3989,0.2159,0.9470,0.2380,0.3522,-0.3028,0.8856),
      ["RightLowerArm"] = CFrame.new(0.0000,0.0000,0.0033,1.0000,-0.0000,0.0000,0.0000,0.6681,-0.7440,0.0000,0.7440,0.6681),
      ["RightHand"] = CFrame.new(0.0000,0.0000,0.0000,0.9882,0.0816,0.1295,-0.1189,0.9421,0.3135,-0.0964,-0.3253,0.9407),
      ["LeftUpperLeg"] = CFrame.new(0.0000,0.0000,0.0000,0.9675,0.2425,-0.0724,0.0199,-0.3578,-0.9336,-0.2523,0.9018,-0.3510),
      ["LeftLowerLeg"] = CFrame.new(0.0000,0.0002,-0.0029,1.0000,-0.0000,0.0000,0.0000,0.3797,0.9251,-0.0000,-0.9251,0.3797),
      ["LeftFoot"] = CFrame.new(0.0000,-0.0002,0.0000,0.9957,-0.0866,-0.0329,0.0927,0.9309,0.3533,0.0000,-0.3548,0.9349),
      ["RightUpperLeg"] = CFrame.new(-0.0406,0.3538,-0.3112,0.9292,-0.3208,-0.1836,0.1595,0.7960,-0.5839,0.3335,0.5133,0.7908),
      ["RightLowerLeg"] = CFrame.new(0.0000,0.0000,-0.0030,1.0000,-0.0000,0.0000,0.0000,0.0522,0.9986,-0.0000,-0.9986,0.0522),
      ["RightFoot"] = CFrame.new(0.0000,0.0000,0.0000,0.9536,0.2813,0.1072,-0.0192,0.4121,-0.9110,-0.3004,0.8666,0.3983),
    }},
    {Time = 8.900, Data = {
      ["HumanoidRootPart"] = CFrame.new(0.0000,0.0000,0.0000,1.0000,0.0000,0.0000,0.0000,1.0000,0.0000,0.0000,0.0000,1.0000),
      ["LowerTorso"] = CFrame.new(0.0000,-0.9412,0.0000,1.0000,-0.0000,0.0000,0.0000,0.9331,0.3597,-0.0000,-0.3597,0.9331),
      ["UpperTorso"] = CFrame.new(0.0000,0.0000,0.0000,0.9431,-0.1547,0.2943,0.1155,0.9824,0.1465,-0.3118,-0.1042,0.9444),
      ["LeftUpperArm"] = CFrame.new(0.2002,-0.0306,0.0189,0.8654,-0.0252,-0.5005,-0.0903,0.9746,-0.2051,0.4929,0.2227,0.8411),
      ["LeftLowerArm"] = CFrame.new(-0.0005,-0.0001,0.0033,1.0000,-0.0000,0.0000,0.0000,0.5584,-0.8296,0.0000,0.8296,0.5584),
      ["LeftHand"] = CFrame.new(0.0000,0.0000,0.0000,0.9569,-0.2067,-0.2042,0.2167,0.9758,0.0277,0.1935,-0.0708,0.9785),
      ["Head"] = CFrame.new(0.0000,0.0000,0.0000,0.9431,0.2201,-0.2492,-0.1547,0.9539,0.2570,0.2943,-0.2039,0.9337),
      ["RightUpperArm"] = CFrame.new(-0.0184,-0.1385,0.0339,0.9105,-0.1052,-0.3999,0.2163,0.9454,0.2438,0.3525,-0.3085,0.8835),
      ["RightLowerArm"] = CFrame.new(0.0000,0.0000,0.0033,1.0000,-0.0000,0.0000,0.0000,0.6528,-0.7575,0.0000,0.7575,0.6528),
      ["RightHand"] = CFrame.new(0.0000,0.0000,0.0000,0.9885,0.0800,0.1283,-0.1166,0.9436,0.3098,-0.0963,-0.3212,0.9421),
      ["LeftUpperLeg"] = CFrame.new(0.0000,0.0000,0.0000,0.9675,0.2426,-0.0718,0.0200,-0.3561,-0.9342,-0.2522,0.9024,-0.3493),
      ["LeftLowerLeg"] = CFrame.new(0.0000,0.0002,-0.0029,1.0000,-0.0000,0.0000,0.0000,0.3815,0.9244,-0.0000,-0.9244,0.3815),
      ["LeftFoot"] = CFrame.new(0.0000,-0.0002,0.0000,0.9957,-0.0866,-0.0329,0.0926,0.9310,0.3531,0.0000,-0.3547,0.9350),
      ["RightUpperLeg"] = CFrame.new(-0.0406,0.3538,-0.3112,0.9293,-0.3204,-0.1837,0.1592,0.7963,-0.5835,0.3333,0.5130,0.7910),
      ["RightLowerLeg"] = CFrame.new(0.0000,0.0000,-0.0030,1.0000,-0.0000,0.0000,0.0000,0.0540,0.9985,-0.0000,-0.9985,0.0540),
      ["RightFoot"] = CFrame.new(0.0000,0.0000,0.0000,0.9537,0.2809,0.1070,-0.0195,0.4132,-0.9104,-0.3000,0.8662,0.3995),
    }},
    {Time = 8.933, Data = {
      ["HumanoidRootPart"] = CFrame.new(0.0000,0.0000,0.0000,1.0000,0.0000,0.0000,0.0000,1.0000,0.0000,0.0000,0.0000,1.0000),
      ["LowerTorso"] = CFrame.new(0.0000,-0.9397,0.0000,1.0000,-0.0000,0.0000,0.0000,0.9331,0.3597,-0.0000,-0.3597,0.9331),
      ["UpperTorso"] = CFrame.new(0.0000,0.0000,0.0000,0.9431,-0.1547,0.2943,0.1155,0.9824,0.1465,-0.3118,-0.1042,0.9444),
      ["LeftUpperArm"] = CFrame.new(0.2003,-0.0311,0.0187,0.8656,-0.0247,-0.5002,-0.0912,0.9743,-0.2060,0.4924,0.2239,0.8411),
      ["LeftLowerArm"] = CFrame.new(-0.0005,-0.0001,0.0033,1.0000,-0.0000,0.0000,0.0000,0.5604,-0.8282,0.0000,0.8282,0.5604),
      ["LeftHand"] = CFrame.new(0.0000,0.0000,0.0000,0.9577,-0.2073,-0.1994,0.2169,0.9758,0.0270,0.1890,-0.0691,0.9795),
      ["Head"] = CFrame.new(0.0000,0.0000,0.0000,0.9431,0.2201,-0.2493,-0.1547,0.9540,0.2568,0.2943,-0.2036,0.9338),
      ["RightUpperArm"] = CFrame.new(-0.0184,-0.1387,0.0338,0.9103,-0.1026,-0.4010,0.2168,0.9435,0.2506,0.3527,-0.3150,0.8811),
      ["RightLowerArm"] = CFrame.new(0.0000,0.0000,0.0033,1.0000,-0.0000,0.0000,0.0000,0.6370,-0.7709,0.0000,0.7709,0.6370),
      ["RightHand"] = CFrame.new(0.0000,0.0000,0.0000,0.9888,0.0781,0.1270,-0.1139,0.9454,0.3054,-0.0962,-0.3165,0.9437),
      ["LeftUpperLeg"] = CFrame.new(0.0000,0.0000,0.0000,0.9675,0.2427,-0.0712,0.0201,-0.3541,-0.9350,-0.2522,0.9032,-0.3475),
      ["LeftLowerLeg"] = CFrame.new(0.0000,0.0002,-0.0029,1.0000,-0.0000,0.0000,0.0000,0.3834,0.9236,-0.0000,-0.9236,0.3834),
      ["LeftFoot"] = CFrame.new(0.0000,-0.0002,0.0000,0.9957,-0.0865,-0.0329,0.0926,0.9311,0.3529,0.0001,-0.3544,0.9351),
      ["RightUpperLeg"] = CFrame.new(-0.0406,0.3538,-0.3112,0.9294,-0.3198,-0.1839,0.1588,0.7967,-0.5831,0.3330,0.5127,0.7913),
      ["RightLowerLeg"] = CFrame.new(0.0000,0.0000,-0.0030,1.0000,-0.0000,0.0000,0.0000,0.0560,0.9984,-0.0000,-0.9984,0.0560),
      ["RightFoot"] = CFrame.new(0.0000,0.0000,0.0000,0.9539,0.2805,0.1069,-0.0200,0.4145,-0.9098,-0.2995,0.8657,0.4010),
    }},
    {Time = 8.967, Data = {
      ["HumanoidRootPart"] = CFrame.new(0.0000,0.0000,0.0000,1.0000,0.0000,0.0000,0.0000,1.0000,0.0000,0.0000,0.0000,1.0000),
      ["LowerTorso"] = CFrame.new(0.0000,-0.9379,0.0000,1.0000,-0.0000,0.0000,0.0000,0.9331,0.3597,-0.0000,-0.3597,0.9331),
      ["UpperTorso"] = CFrame.new(0.0000,0.0000,0.0000,0.9431,-0.1547,0.2943,0.1155,0.9824,0.1465,-0.3118,-0.1042,0.9444),
      ["LeftUpperArm"] = CFrame.new(0.2004,-0.0316,0.0184,0.8658,-0.0242,-0.4998,-0.0923,0.9740,-0.2070,0.4918,0.2253,0.8410),
      ["LeftLowerArm"] = CFrame.new(-0.0005,-0.0001,0.0033,1.0000,-0.0000,0.0000,0.0000,0.5628,-0.8266,0.0000,0.8266,0.5628),
      ["LeftHand"] = CFrame.new(0.0000,0.0000,0.0000,0.9587,-0.2081,-0.1939,0.2171,0.9758,0.0262,0.1838,-0.0672,0.9807),
      ["Head"] = CFrame.new(0.0000,0.0000,0.0000,0.9431,0.2198,-0.2495,-0.1547,0.9542,0.2559,0.2943,-0.2027,0.9340),
      ["RightUpperArm"] = CFrame.new(-0.0183,-0.1389,0.0337,0.9101,-0.0997,-0.4022,0.2172,0.9414,0.2582,0.3529,-0.3223,0.8784),
      ["RightLowerArm"] = CFrame.new(0.0000,0.0000,0.0033,1.0000,-0.0000,0.0000,0.0000,0.6209,-0.7839,0.0000,0.7839,0.6209),
      ["RightHand"] = CFrame.new(0.0000,0.0000,0.0000,0.9892,0.0759,0.1254,-0.1108,0.9474,0.3004,-0.0960,-0.3110,0.9455),
      ["LeftUpperLeg"] = CFrame.new(0.0000,0.0000,0.0000,0.9675,0.2429,-0.0704,0.0202,-0.3519,-0.9358,-0.2521,0.9040,-0.3453),
      ["LeftLowerLeg"] = CFrame.new(0.0000,0.0002,-0.0029,1.0000,-0.0000,0.0000,0.0000,0.3856,0.9227,-0.0000,-0.9227,0.3856),
      ["LeftFoot"] = CFrame.new(0.0000,-0.0002,0.0000,0.9957,-0.0864,-0.0329,0.0925,0.9312,0.3526,0.0001,-0.3541,0.9352),
      ["RightUpperLeg"] = CFrame.new(-0.0406,0.3538,-0.3112,0.9296,-0.3192,-0.1841,0.1584,0.7972,-0.5826,0.3328,0.5124,0.7917),
      ["RightLowerLeg"] = CFrame.new(0.0000,0.0000,-0.0030,1.0000,-0.0000,0.0000,0.0000,0.0584,0.9983,-0.0000,-0.9983,0.0584),
      ["RightFoot"] = CFrame.new(0.0000,0.0000,0.0000,0.9540,0.2801,0.1067,-0.0205,0.4160,-0.9091,-0.2990,0.8652,0.4026),
    }},
    {Time = 9.000, Data = {
      ["HumanoidRootPart"] = CFrame.new(0.0000,0.0000,0.0000,1.0000,0.0000,0.0000,0.0000,1.0000,0.0000,0.0000,0.0000,1.0000),
      ["LowerTorso"] = CFrame.new(0.0000,-0.9360,0.0000,1.0000,-0.0000,0.0000,0.0000,0.9331,0.3597,-0.0000,-0.3597,0.9331),
      ["UpperTorso"] = CFrame.new(0.0000,0.0000,0.0000,0.9431,-0.1547,0.2943,0.1155,0.9824,0.1465,-0.3118,-0.1042,0.9444),
      ["LeftUpperArm"] = CFrame.new(0.2005,-0.0322,0.0180,0.8660,-0.0236,-0.4994,-0.0935,0.9736,-0.2081,0.4911,0.2269,0.8410),
      ["LeftLowerArm"] = CFrame.new(-0.0005,-0.0001,0.0033,1.0000,-0.0000,0.0000,0.0000,0.5655,-0.8247,0.0000,0.8247,0.5655),
      ["LeftHand"] = CFrame.new(0.0000,0.0000,0.0000,0.9597,-0.2089,-0.1878,0.2173,0.9758,0.0252,0.1780,-0.0650,0.9819),
      ["Head"] = CFrame.new(0.0000,0.0000,0.0000,0.9431,0.2194,-0.2498,-0.1547,0.9546,0.2544,0.2943,-0.2013,0.9343),
      ["RightUpperArm"] = CFrame.new(-0.0182,-0.1391,0.0336,0.9099,-0.0964,-0.4035,0.2177,0.9389,0.2665,0.3531,-0.3303,0.8753),
      ["RightLowerArm"] = CFrame.new(0.0000,0.0000,0.0033,1.0000,-0.0000,0.0000,0.0000,0.6045,-0.7966,0.0000,0.7966,0.6045),
      ["RightHand"] = CFrame.new(0.0000,0.0000,0.0000,0.9896,0.0735,0.1237,-0.1073,0.9495,0.2947,-0.0958,-0.3049,0.9475),
      ["LeftUpperLeg"] = CFrame.new(0.0000,0.0000,0.0000,0.9675,0.2431,-0.0696,0.0204,-0.3493,-0.9368,-0.2520,0.9049,-0.3429),
      ["LeftLowerLeg"] = CFrame.new(0.0000,0.0002,-0.0029,1.0000,-0.0000,0.0000,0.0000,0.3881,0.9216,-0.0000,-0.9216,0.3881),
      ["LeftFoot"] = CFrame.new(0.0000,-0.0002,0.0000,0.9957,-0.0863,-0.0328,0.0924,0.9313,0.3523,0.0002,-0.3538,0.9353),
      ["RightUpperLeg"] = CFrame.new(-0.0406,0.3538,-0.3112,0.9298,-0.3186,-0.1844,0.1579,0.7977,-0.5820,0.3325,0.5120,0.7920),
      ["RightLowerLeg"] = CFrame.new(0.0000,0.0000,-0.0030,1.0000,-0.0000,0.0000,0.0000,0.0611,0.9981,-0.0000,-0.9981,0.0611),
      ["RightFoot"] = CFrame.new(0.0000,0.0000,0.0000,0.9542,0.2796,0.1065,-0.0210,0.4177,-0.9083,-0.2984,0.8645,0.4044),
    }},
    {Time = 9.033, Data = {
      ["HumanoidRootPart"] = CFrame.new(0.0000,0.0000,0.0000,1.0000,0.0000,0.0000,0.0000,1.0000,0.0000,0.0000,0.0000,1.0000),
      ["LowerTorso"] = CFrame.new(0.0000,-0.9339,0.0000,1.0000,-0.0000,0.0000,0.0000,0.9331,0.3597,-0.0000,-0.3597,0.9331),
      ["UpperTorso"] = CFrame.new(0.0000,0.0000,0.0000,0.9431,-0.1547,0.2943,0.1155,0.9824,0.1465,-0.3118,-0.1042,0.9444),
      ["LeftUpperArm"] = CFrame.new(0.2006,-0.0329,0.0177,0.8663,-0.0230,-0.4990,-0.0948,0.9732,-0.2094,0.4904,0.2287,0.8410),
      ["LeftLowerArm"] = CFrame.new(-0.0005,-0.0001,0.0033,1.0000,-0.0000,0.0000,0.0000,0.5684,-0.8227,0.0000,0.8227,0.5684),
      ["LeftHand"] = CFrame.new(0.0000,0.0000,0.0000,0.9608,-0.2097,-0.1811,0.2176,0.9757,0.0242,0.1716,-0.0627,0.9832),
      ["Head"] = CFrame.new(0.0000,0.0000,0.0000,0.9431,0.2189,-0.2503,-0.1547,0.9552,0.2523,0.2943,-0.1992,0.9347),
      ["RightUpperArm"] = CFrame.new(-0.0181,-0.1394,0.0335,0.9097,-0.0929,-0.4047,0.2181,0.9363,0.2753,0.3533,-0.3387,0.8720),
      ["RightLowerArm"] = CFrame.new(0.0000,0.0000,0.0033,1.0000,-0.0000,0.0000,0.0000,0.5885,-0.8085,0.0000,0.8085,0.5885),
      ["RightHand"] = CFrame.new(0.0000,0.0000,0.0000,0.9900,0.0708,0.1218,-0.1035,0.9519,0.2885,-0.0956,-0.2982,0.9497),
      ["LeftUpperLeg"] = CFrame.new(0.0000,0.0000,0.0000,0.9675,0.2433,-0.0687,0.0205,-0.3466,-0.9378,-0.2520,0.9059,-0.3403),
      ["LeftLowerLeg"] = CFrame.new(0.0000,0.0002,-0.0029,1.0000,-0.0000,0.0000,0.0000,0.3908,0.9205,-0.0000,-0.9205,0.3908),
      ["LeftFoot"] = CFrame.new(0.0000,-0.0002,0.0000,0.9957,-0.0862,-0.0328,0.0923,0.9315,0.3519,0.0002,-0.3535,0.9355),
      ["RightUpperLeg"] = CFrame.new(-0.0406,0.3538,-0.3112,0.9300,-0.3178,-0.1846,0.1574,0.7983,-0.5813,0.3321,0.5116,0.7924),
      ["RightLowerLeg"] = CFrame.new(0.0000,0.0000,-0.0030,1.0000,-0.0000,0.0000,0.0000,0.0640,0.9979,-0.0000,-0.9979,0.0640),
      ["RightFoot"] = CFrame.new(0.0000,0.0000,0.0000,0.9544,0.2790,0.1063,-0.0216,0.4195,-0.9075,-0.2978,0.8638,0.4064),
    }},
    {Time = 9.067, Data = {
      ["HumanoidRootPart"] = CFrame.new(0.0000,0.0000,0.0000,1.0000,0.0000,0.0000,0.0000,1.0000,0.0000,0.0000,0.0000,1.0000),
      ["LowerTorso"] = CFrame.new(0.0000,-0.9316,0.0000,1.0000,-0.0000,0.0000,0.0000,0.9331,0.3597,-0.0000,-0.3597,0.9331),
      ["UpperTorso"] = CFrame.new(0.0000,0.0000,0.0000,0.9431,-0.1547,0.2943,0.1155,0.9824,0.1465,-0.3118,-0.1042,0.9444),
      ["LeftUpperArm"] = CFrame.new(0.2008,-0.0336,0.0173,0.8666,-0.0223,-0.4985,-0.0962,0.9728,-0.2107,0.4896,0.2306,0.8409),
      ["LeftLowerArm"] = CFrame.new(-0.0005,-0.0001,0.0033,1.0000,-0.0000,0.0000,0.0000,0.5716,-0.8205,0.0000,0.8205,0.5716),
      ["LeftHand"] = CFrame.new(0.0000,0.0000,0.0000,0.9620,-0.2106,-0.1739,0.2178,0.9757,0.0231,0.1648,-0.0601,0.9845),
      ["Head"] = CFrame.new(0.0000,0.0000,0.0000,0.9431,0.2182,-0.2509,-0.1547,0.9559,0.2498,0.2943,-0.1968,0.9352),
      ["RightUpperArm"] = CFrame.new(-0.0180,-0.1396,0.0334,0.9095,-0.0892,-0.4060,0.2186,0.9334,0.2845,0.3536,-0.3475,0.8685),
      ["RightLowerArm"] = CFrame.new(0.0000,0.0000,0.0033,1.0000,-0.0000,0.0000,0.0000,0.5729,-0.8196,0.0000,0.8196,0.5729),
      ["RightHand"] = CFrame.new(0.0000,0.0000,0.0000,0.9905,0.0678,0.1199,-0.0994,0.9543,0.2817,-0.0953,-0.2910,0.9520),
      ["LeftUpperLeg"] = CFrame.new(0.0000,0.0000,0.0000,0.9675,0.2435,-0.0677,0.0207,-0.3436,-0.9389,-0.2519,0.9070,-0.3375),
      ["LeftLowerLeg"] = CFrame.new(0.0000,0.0002,-0.0029,1.0000,-0.0000,0.0000,0.0000,0.3937,0.9192,-0.0000,-0.9192,0.3937),
      ["LeftFoot"] = CFrame.new(0.0000,-0.0002,0.0000,0.9957,-0.0861,-0.0328,0.0922,0.9316,0.3516,0.0002,-0.3531,0.9356),
      ["RightUpperLeg"] = CFrame.new(-0.0406,0.3538,-0.3112,0.9302,-0.3170,-0.1849,0.1568,0.7989,-0.5806,0.3318,0.5111,0.7929),
      ["RightLowerLeg"] = CFrame.new(0.0000,0.0000,-0.0030,1.0000,-0.0000,0.0000,0.0000,0.0672,0.9977,-0.0000,-0.9977,0.0672),
      ["RightFoot"] = CFrame.new(0.0000,0.0000,0.0000,0.9546,0.2784,0.1060,-0.0222,0.4215,-0.9065,-0.2971,0.8630,0.4086),
    }},
    {Time = 9.100, Data = {
      ["HumanoidRootPart"] = CFrame.new(0.0000,0.0000,0.0000,1.0000,0.0000,0.0000,0.0000,1.0000,0.0000,0.0000,0.0000,1.0000),
      ["LowerTorso"] = CFrame.new(0.0000,-0.9292,0.0000,1.0000,-0.0000,0.0000,0.0000,0.9331,0.3597,-0.0000,-0.3597,0.9331),
      ["UpperTorso"] = CFrame.new(0.0000,0.0000,0.0000,0.9431,-0.1547,0.2943,0.1155,0.9824,0.1465,-0.3118,-0.1042,0.9444),
      ["LeftUpperArm"] = CFrame.new(0.2009,-0.0343,0.0169,0.8669,-0.0216,-0.4980,-0.0977,0.9723,-0.2122,0.4888,0.2326,0.8408),
      ["LeftLowerArm"] = CFrame.new(-0.0005,-0.0001,0.0033,1.0000,-0.0000,0.0000,0.0000,0.5750,-0.8181,0.0000,0.8181,0.5750),
      ["LeftHand"] = CFrame.new(0.0000,0.0000,0.0000,0.9631,-0.2116,-0.1661,0.2181,0.9757,0.0219,0.1575,-0.0574,0.9859),
      ["Head"] = CFrame.new(0.0000,0.0000,0.0000,0.9431,0.2175,-0.2515,-0.1547,0.9566,0.2468,0.2943,-0.1939,0.9358),
      ["RightUpperArm"] = CFrame.new(-0.0179,-0.1398,0.0333,0.9093,-0.0854,-0.4072,0.2190,0.9304,0.2939,0.3538,-0.3565,0.8647),
      ["RightLowerArm"] = CFrame.new(0.0000,0.0000,0.0033,1.0000,-0.0000,0.0000,0.0000,0.5579,-0.8299,0.0000,0.8299,0.5579),
      ["RightHand"] = CFrame.new(0.0000,0.0000,0.0000,0.9909,0.0646,0.1177,-0.0950,0.9569,0.2745,-0.0949,-0.2832,0.9543),
      ["LeftUpperLeg"] = CFrame.new(0.0000,0.0000,0.0000,0.9676,0.2437,-0.0667,0.0209,-0.3404,-0.9401,-0.2518,0.9082,-0.3344),
      ["LeftLowerLeg"] = CFrame.new(0.0000,0.0002,-0.0029,1.0000,-0.0000,0.0000,0.0000,0.3968,0.9179,-0.0000,-0.9179,0.3968),
      ["LeftFoot"] = CFrame.new(0.0000,-0.0002,0.0000,0.9958,-0.0860,-0.0327,0.0921,0.9318,0.3512,0.0003,-0.3527,0.9357),
      ["RightUpperLeg"] = CFrame.new(-0.0406,0.3538,-0.3112,0.9304,-0.3162,-0.1852,0.1563,0.7996,-0.5799,0.3314,0.5106,0.7934),
      ["RightLowerLeg"] = CFrame.new(0.0000,0.0000,-0.0030,1.0000,-0.0000,0.0000,0.0000,0.0706,0.9975,-0.0000,-0.9975,0.0706),
      ["RightFoot"] = CFrame.new(0.0000,0.0000,0.0000,0.9548,0.2777,0.1058,-0.0229,0.4237,-0.9055,-0.2963,0.8622,0.4109),
    }},
    {Time = 9.133, Data = {
      ["HumanoidRootPart"] = CFrame.new(0.0000,0.0000,0.0000,1.0000,0.0000,0.0000,0.0000,1.0000,0.0000,0.0000,0.0000,1.0000),
      ["LowerTorso"] = CFrame.new(0.0000,-0.9266,0.0000,1.0000,-0.0000,0.0000,0.0000,0.9331,0.3597,-0.0000,-0.3597,0.9331),
      ["UpperTorso"] = CFrame.new(0.0000,0.0000,0.0000,0.9431,-0.1547,0.2943,0.1155,0.9824,0.1465,-0.3118,-0.1042,0.9444),
      ["LeftUpperArm"] = CFrame.new(0.2011,-0.0351,0.0164,0.8673,-0.0209,-0.4974,-0.0992,0.9718,-0.2138,0.4879,0.2347,0.8408),
      ["LeftLowerArm"] = CFrame.new(-0.0005,-0.0001,0.0033,1.0000,-0.0000,0.0000,0.0000,0.5786,-0.8156,0.0000,0.8156,0.5786),
      ["LeftHand"] = CFrame.new(0.0000,0.0000,0.0000,0.9643,-0.2126,-0.1580,0.2185,0.9756,0.0207,0.1497,-0.0545,0.9872),
      ["Head"] = CFrame.new(0.0000,0.0000,0.0000,0.9431,0.2166,-0.2523,-0.1547,0.9575,0.2435,0.2943,-0.1906,0.9365),
      ["RightUpperArm"] = CFrame.new(-0.0178,-0.1400,0.0332,0.9092,-0.0815,-0.4084,0.2194,0.9272,0.3035,0.3540,-0.3655,0.8609),
      ["RightLowerArm"] = CFrame.new(0.0000,0.0000,0.0033,1.0000,-0.0000,0.0000,0.0000,0.5438,-0.8392,0.0000,0.8392,0.5438),
      ["RightHand"] = CFrame.new(0.0000,0.0000,0.0000,0.9914,0.0613,0.1156,-0.0904,0.9595,0.2669,-0.0945,-0.2750,0.9568),
      ["LeftUpperLeg"] = CFrame.new(0.0000,0.0000,0.0000,0.9676,0.2439,-0.0656,0.0211,-0.3370,-0.9413,-0.2517,0.9094,-0.3312),
      ["LeftLowerLeg"] = CFrame.new(0.0000,0.0002,-0.0029,1.0000,-0.0000,0.0000,0.0000,0.4002,0.9164,-0.0000,-0.9164,0.4002),
      ["LeftFoot"] = CFrame.new(0.0000,-0.0002,0.0000,0.9958,-0.0859,-0.0327,0.0919,0.9319,0.3508,0.0003,-0.3524,0.9359),
      ["RightUpperLeg"] = CFrame.new(-0.0406,0.3538,-0.3112,0.9307,-0.3153,-0.1855,0.1557,0.8003,-0.5791,0.3311,0.5101,0.7939),
      ["RightLowerLeg"] = CFrame.new(0.0000,0.0000,-0.0030,1.0000,-0.0000,0.0000,0.0000,0.0742,0.9972,-0.0000,-0.9972,0.0742),
      ["RightFoot"] = CFrame.new(0.0000,0.0000,0.0000,0.9550,0.2771,0.1055,-0.0236,0.4259,-0.9045,-0.2955,0.8613,0.4133),
    }},
    {Time = 9.167, Data = {
      ["HumanoidRootPart"] = CFrame.new(0.0000,0.0000,0.0000,1.0000,0.0000,0.0000,0.0000,1.0000,0.0000,0.0000,0.0000,1.0000),
      ["LowerTorso"] = CFrame.new(0.0000,-0.9239,0.0000,1.0000,-0.0000,0.0000,0.0000,0.9331,0.3597,-0.0000,-0.3597,0.9331),
      ["UpperTorso"] = CFrame.new(0.0000,0.0000,0.0000,0.9431,-0.1547,0.2943,0.1155,0.9824,0.1465,-0.3118,-0.1042,0.9444),
      ["LeftUpperArm"] = CFrame.new(0.2013,-0.0359,0.0159,0.8676,-0.0201,-0.4969,-0.1009,0.9713,-0.2154,0.4870,0.2370,0.8407),
      ["LeftLowerArm"] = CFrame.new(-0.0005,-0.0001,0.0033,1.0000,-0.0000,0.0000,0.0000,0.5824,-0.8129,0.0000,0.8129,0.5824),
      ["LeftHand"] = CFrame.new(0.0000,0.0000,0.0000,0.9654,-0.2136,-0.1494,0.2188,0.9756,0.0194,0.1416,-0.0514,0.9886),
      ["Head"] = CFrame.new(0.0000,0.0000,0.0000,0.9431,0.2156,-0.2531,-0.1547,0.9584,0.2398,0.2943,-0.1870,0.9372),
      ["RightUpperArm"] = CFrame.new(-0.0177,-0.1402,0.0331,0.9090,-0.0775,-0.4095,0.2198,0.9240,0.3131,0.3542,-0.3746,0.8569),
      ["RightLowerArm"] = CFrame.new(0.0000,0.0000,0.0033,1.0000,-0.0000,0.0000,0.0000,0.5309,-0.8474,0.0000,0.8474,0.5309),
      ["RightHand"] = CFrame.new(0.0000,0.0000,0.0000,0.9919,0.0578,0.1133,-0.0856,0.9621,0.2588,-0.0940,-0.2664,0.9593),
      ["LeftUpperLeg"] = CFrame.new(0.0000,0.0000,0.0000,0.9676,0.2441,-0.0645,0.0213,-0.3334,-0.9425,-0.2516,0.9106,-0.3278),
      ["LeftLowerLeg"] = CFrame.new(0.0000,0.0002,-0.0029,1.0000,-0.0000,0.0000,0.0000,0.4037,0.9149,-0.0000,-0.9149,0.4037),
      ["LeftFoot"] = CFrame.new(0.0000,-0.0002,0.0000,0.9958,-0.0858,-0.0326,0.0918,0.9321,0.3505,0.0003,-0.3520,0.9360),
      ["RightUpperLeg"] = CFrame.new(-0.0406,0.3538,-0.3112,0.9309,-0.3143,-0.1859,0.1550,0.8010,-0.5782,0.3307,0.5095,0.7944),
      ["RightLowerLeg"] = CFrame.new(0.0000,0.0000,-0.0030,1.0000,-0.0000,0.0000,0.0000,0.0779,0.9970,-0.0000,-0.9970,0.0779),
      ["RightFoot"] = CFrame.new(0.0000,0.0000,0.0000,0.9553,0.2763,0.1053,-0.0243,0.4282,-0.9033,-0.2947,0.8604,0.4158),
    }},
    {Time = 9.200, Data = {
      ["HumanoidRootPart"] = CFrame.new(0.0000,0.0000,0.0000,1.0000,0.0000,0.0000,0.0000,1.0000,0.0000,0.0000,0.0000,1.0000),
      ["LowerTorso"] = CFrame.new(0.0000,-0.9211,0.0000,1.0000,-0.0000,0.0000,0.0000,0.9331,0.3597,-0.0000,-0.3597,0.9331),
      ["UpperTorso"] = CFrame.new(0.0000,0.0000,0.0000,0.9431,-0.1547,0.2943,0.1155,0.9824,0.1465,-0.3118,-0.1042,0.9444),
      ["LeftUpperArm"] = CFrame.new(0.2014,-0.0367,0.0155,0.8679,-0.0193,-0.4963,-0.1025,0.9707,-0.2171,0.4860,0.2394,0.8405),
      ["LeftLowerArm"] = CFrame.new(-0.0005,-0.0001,0.0033,1.0000,-0.0000,0.0000,0.0000,0.5864,-0.8100,0.0000,0.8100,0.5864),
      ["LeftHand"] = CFrame.new(0.0000,0.0000,0.0000,0.9665,-0.2146,-0.1405,0.2192,0.9755,0.0181,0.1332,-0.0483,0.9899),
      ["Head"] = CFrame.new(0.0000,0.0000,0.0000,0.9431,0.2146,-0.2540,-0.1547,0.9594,0.2359,0.2943,-0.1831,0.9380),
      ["RightUpperArm"] = CFrame.new(-0.0176,-0.1404,0.0330,0.9089,-0.0735,-0.4106,0.2201,0.9206,0.3225,0.3543,-0.3835,0.8529),
      ["RightLowerArm"] = CFrame.new(0.0000,0.0000,0.0033,1.0000,-0.0000,0.0000,0.0000,0.5193,-0.8546,0.0000,0.8546,0.5193),
      ["RightHand"] = CFrame.new(0.0000,0.0000,0.0000,0.9924,0.0541,0.1110,-0.0806,0.9648,0.2505,-0.0935,-0.2575,0.9617),
      ["LeftUpperLeg"] = CFrame.new(0.0000,0.0000,0.0000,0.9676,0.2444,-0.0633,0.0215,-0.3297,-0.9438,-0.2515,0.9119,-0.3243),
      ["LeftLowerLeg"] = CFrame.new(0.0000,0.0002,-0.0029,1.0000,-0.0000,0.0000,0.0000,0.4073,0.9133,-0.0000,-0.9133,0.4073),
      ["LeftFoot"] = CFrame.new(0.0000,-0.0002,0.0000,0.9958,-0.0857,-0.0326,0.0917,0.9322,0.3501,0.0004,-0.3516,0.9361),
      ["RightUpperLeg"] = CFrame.new(-0.0406,0.3538,-0.3112,0.9312,-0.3134,-0.1862,0.1544,0.8018,-0.5773,0.3302,0.5089,0.7950),
      ["RightLowerLeg"] = CFrame.new(0.0000,0.0000,-0.0030,1.0000,-0.0000,0.0000,0.0000,0.0818,0.9966,-0.0000,-0.9966,0.0818),
      ["RightFoot"] = CFrame.new(0.0000,0.0000,0.0000,0.9555,0.2756,0.1050,-0.0251,0.4307,-0.9022,-0.2939,0.8594,0.4184),
    }},
    {Time = 9.233, Data = {
      ["HumanoidRootPart"] = CFrame.new(0.0000,0.0000,0.0000,1.0000,0.0000,0.0000,0.0000,1.0000,0.0000,0.0000,0.0000,1.0000),
      ["LowerTorso"] = CFrame.new(0.0000,-0.9183,0.0000,1.0000,-0.0000,0.0000,0.0000,0.9331,0.3597,-0.0000,-0.3597,0.9331),
      ["UpperTorso"] = CFrame.new(0.0000,0.0000,0.0000,0.9431,-0.1547,0.2943,0.1155,0.9824,0.1465,-0.3118,-0.1042,0.9444),
      ["LeftUpperArm"] = CFrame.new(0.2016,-0.0376,0.0150,0.8683,-0.0186,-0.4957,-0.1043,0.9701,-0.2189,0.4850,0.2418,0.8404),
      ["LeftLowerArm"] = CFrame.new(-0.0005,-0.0001,0.0033,1.0000,-0.0000,0.0000,0.0000,0.5905,-0.8071,0.0000,0.8071,0.5905),
      ["LeftHand"] = CFrame.new(0.0000,0.0000,0.0000,0.9676,-0.2156,-0.1314,0.2196,0.9754,0.0167,0.1245,-0.0450,0.9912),
      ["Head"] = CFrame.new(0.0000,0.0000,0.0000,0.9431,0.2135,-0.2549,-0.1547,0.9604,0.2317,0.2943,-0.1791,0.9388),
      ["RightUpperArm"] = CFrame.new(-0.0176,-0.1405,0.0329,0.9087,-0.0695,-0.4115,0.2204,0.9173,0.3317,0.3544,-0.3921,0.8489),
      ["RightLowerArm"] = CFrame.new(0.0000,0.0000,0.0033,1.0000,-0.0000,0.0000,0.0000,0.5093,-0.8606,0.0000,0.8606,0.5093),
      ["RightHand"] = CFrame.new(0.0000,0.0000,0.0000,0.9928,0.0503,0.1086,-0.0754,0.9674,0.2418,-0.0929,-0.2483,0.9642),
      ["LeftUpperLeg"] = CFrame.new(0.0000,0.0000,0.0000,0.9676,0.2446,-0.0621,0.0217,-0.3259,-0.9451,-0.2514,0.9132,-0.3207),
      ["LeftLowerLeg"] = CFrame.new(0.0000,0.0002,-0.0029,1.0000,-0.0000,0.0000,0.0000,0.4111,0.9116,-0.0000,-0.9116,0.4111),
      ["LeftFoot"] = CFrame.new(0.0000,-0.0002,0.0000,0.9958,-0.0856,-0.0325,0.0915,0.9324,0.3497,0.0004,-0.3512,0.9363),
      ["RightUpperLeg"] = CFrame.new(-0.0406,0.3538,-0.3112,0.9314,-0.3124,-0.1866,0.1537,0.8026,-0.5764,0.3298,0.5082,0.7956),
      ["RightLowerLeg"] = CFrame.new(0.0000,0.0000,-0.0030,1.0000,-0.0000,0.0000,0.0000,0.0858,0.9963,-0.0000,-0.9963,0.0858),
      ["RightFoot"] = CFrame.new(0.0000,0.0000,0.0000,0.9558,0.2749,0.1047,-0.0259,0.4332,-0.9009,-0.2930,0.8584,0.4211),
    }},
    {Time = 9.267, Data = {
      ["HumanoidRootPart"] = CFrame.new(0.0000,0.0000,0.0000,1.0000,0.0000,0.0000,0.0000,1.0000,0.0000,0.0000,0.0000,1.0000),
      ["LowerTorso"] = CFrame.new(0.0000,-0.9153,0.0000,1.0000,-0.0000,0.0000,0.0000,0.9331,0.3597,-0.0000,-0.3597,0.9331),
      ["UpperTorso"] = CFrame.new(0.0000,0.0000,0.0000,0.9431,-0.1547,0.2943,0.1155,0.9824,0.1465,-0.3118,-0.1042,0.9444),
      ["LeftUpperArm"] = CFrame.new(0.2018,-0.0385,0.0145,0.8686,-0.0178,-0.4952,-0.1060,0.9695,-0.2208,0.4840,0.2443,0.8403),
      ["LeftLowerArm"] = CFrame.new(-0.0005,-0.0001,0.0033,1.0000,-0.0000,0.0000,0.0000,0.5947,-0.8040,0.0000,0.8040,0.5947),
      ["LeftHand"] = CFrame.new(0.0000,0.0000,0.0000,0.9686,-0.2166,-0.1220,0.2200,0.9754,0.0153,0.1156,-0.0417,0.9924),
      ["Head"] = CFrame.new(0.0000,0.0000,0.0000,0.9431,0.2123,-0.2559,-0.1547,0.9614,0.2274,0.2943,-0.1749,0.9396),
      ["RightUpperArm"] = CFrame.new(-0.0175,-0.1406,0.0329,0.9086,-0.0657,-0.4124,0.2206,0.9140,0.3404,0.3545,-0.4003,0.8450),
      ["RightLowerArm"] = CFrame.new(0.0000,0.0000,0.0033,1.0000,-0.0000,0.0000,0.0000,0.5012,-0.8653,0.0000,0.8653,0.5012),
      ["RightHand"] = CFrame.new(0.0000,0.0000,0.0000,0.9933,0.0463,0.1062,-0.0702,0.9699,0.2330,-0.0923,-0.2389,0.9667),
      ["LeftUpperLeg"] = CFrame.new(0.0000,0.0000,0.0000,0.9677,0.2448,-0.0608,0.0220,-0.3220,-0.9465,-0.2513,0.9145,-0.3170),
      ["LeftLowerLeg"] = CFrame.new(0.0000,0.0002,-0.0029,1.0000,-0.0000,0.0000,0.0000,0.4149,0.9099,-0.0000,-0.9099,0.4149),
      ["LeftFoot"] = CFrame.new(0.0000,-0.0002,0.0000,0.9958,-0.0854,-0.0325,0.0914,0.9325,0.3494,0.0005,-0.3509,0.9364),
      ["RightUpperLeg"] = CFrame.new(-0.0406,0.3538,-0.3112,0.9317,-0.3114,-0.1870,0.1530,0.8034,-0.5755,0.3294,0.5076,0.7962),
      ["RightLowerLeg"] = CFrame.new(0.0000,0.0000,-0.0030,1.0000,-0.0000,0.0000,0.0000,0.0899,0.9959,-0.0000,-0.9959,0.0899),
      ["RightFoot"] = CFrame.new(0.0000,0.0000,0.0000,0.9560,0.2741,0.1044,-0.0267,0.4357,-0.8997,-0.2921,0.8573,0.4239),
    }},
    {Time = 9.300, Data = {
      ["HumanoidRootPart"] = CFrame.new(0.0000,0.0000,0.0000,1.0000,0.0000,0.0000,0.0000,1.0000,0.0000,0.0000,0.0000,1.0000),
      ["LowerTorso"] = CFrame.new(0.0000,-0.9123,0.0000,1.0000,-0.0000,0.0000,0.0000,0.9331,0.3597,-0.0000,-0.3597,0.9331),
      ["UpperTorso"] = CFrame.new(0.0000,0.0000,0.0000,0.9431,-0.1547,0.2943,0.1155,0.9824,0.1465,-0.3118,-0.1042,0.9444),
      ["LeftUpperArm"] = CFrame.new(0.2020,-0.0394,0.0140,0.8690,-0.0170,-0.4946,-0.1078,0.9689,-0.2227,0.4830,0.2469,0.8401),
      ["LeftLowerArm"] = CFrame.new(-0.0005,-0.0001,0.0033,1.0000,-0.0000,0.0000,0.0000,0.5989,-0.8008,0.0000,0.8008,0.5989),
      ["LeftHand"] = CFrame.new(0.0000,0.0000,0.0000,0.9695,-0.2176,-0.1124,0.2205,0.9753,0.0139,0.1066,-0.0383,0.9936),
      ["Head"] = CFrame.new(0.0000,0.0000,0.0000,0.9431,0.2112,-0.2569,-0.1547,0.9625,0.2230,0.2943,-0.1706,0.9404),
      ["RightUpperArm"] = CFrame.new(-0.0175,-0.1407,0.0329,0.9086,-0.0621,-0.4130,0.2207,0.9109,0.3486,0.3546,-0.4079,0.8413),
      ["RightLowerArm"] = CFrame.new(0.0000,0.0000,0.0033,1.0000,-0.0000,0.0000,0.0000,0.4953,-0.8687,0.0000,0.8687,0.4953),
      ["RightHand"] = CFrame.new(0.0000,0.0000,0.0000,0.9937,0.0423,0.1039,-0.0648,0.9724,0.2239,-0.0915,-0.2292,0.9691),
      ["LeftUpperLeg"] = CFrame.new(0.0000,0.0000,0.0000,0.9677,0.2450,-0.0596,0.0222,-0.3180,-0.9478,-0.2512,0.9159,-0.3132),
      ["LeftLowerLeg"] = CFrame.new(0.0000,0.0002,-0.0029,1.0000,-0.0000,0.0000,0.0000,0.4188,0.9081,-0.0000,-0.9081,0.4188),
      ["LeftFoot"] = CFrame.new(0.0000,-0.0002,0.0000,0.9958,-0.0853,-0.0324,0.0913,0.9327,0.3490,0.0005,-0.3505,0.9366),
      ["RightUpperLeg"] = CFrame.new(-0.0406,0.3538,-0.3112,0.9320,-0.3103,-0.1873,0.1523,0.8042,-0.5745,0.3290,0.5069,0.7968),
      ["RightLowerLeg"] = CFrame.new(0.0000,0.0000,-0.0030,1.0000,-0.0000,0.0000,0.0000,0.0941,0.9956,-0.0000,-0.9956,0.0941),
      ["RightFoot"] = CFrame.new(0.0000,0.0000,0.0000,0.9563,0.2734,0.1041,-0.0275,0.4383,-0.8984,-0.2912,0.8562,0.4267),
    }},
    {Time = 9.333, Data = {
      ["HumanoidRootPart"] = CFrame.new(0.0000,0.0000,0.0000,1.0000,0.0000,0.0000,0.0000,1.0000,0.0000,0.0000,0.0000,1.0000),
      ["LowerTorso"] = CFrame.new(0.0000,-0.9093,0.0000,1.0000,-0.0000,0.0000,0.0000,0.9331,0.3597,-0.0000,-0.3597,0.9331),
      ["UpperTorso"] = CFrame.new(0.0000,0.0000,0.0000,0.9431,-0.1547,0.2943,0.1155,0.9824,0.1465,-0.3118,-0.1042,0.9444),
      ["LeftUpperArm"] = CFrame.new(0.2021,-0.0403,0.0134,0.8693,-0.0162,-0.4940,-0.1096,0.9682,-0.2247,0.4819,0.2495,0.8399),
      ["LeftLowerArm"] = CFrame.new(-0.0005,-0.0001,0.0033,1.0000,-0.0000,0.0000,0.0000,0.6033,-0.7975,0.0000,0.7975,0.6033),
      ["LeftHand"] = CFrame.new(0.0000,0.0000,0.0000,0.9704,-0.2185,-0.1028,0.2209,0.9752,0.0125,0.0975,-0.0348,0.9946),
      ["Head"] = CFrame.new(0.0000,0.0000,0.0000,0.9431,0.2100,-0.2578,-0.1547,0.9635,0.2186,0.2943,-0.1662,0.9411),
      ["RightUpperArm"] = CFrame.new(-0.0176,-0.1406,0.0329,0.9086,-0.0586,-0.4136,0.2208,0.9079,0.3563,0.3546,-0.4150,0.8379),
      ["RightLowerArm"] = CFrame.new(0.0000,0.0000,0.0033,1.0000,-0.0000,0.0000,0.0000,0.4915,-0.8709,0.0000,0.8709,0.4915),
      ["RightHand"] = CFrame.new(0.0000,0.0000,0.0000,0.9941,0.0382,0.1015,-0.0594,0.9749,0.2147,-0.0907,-0.2195,0.9714),
      ["LeftUpperLeg"] = CFrame.new(0.0000,0.0000,0.0000,0.9677,0.2453,-0.0583,0.0224,-0.3140,-0.9492,-0.2511,0.9172,-0.3093),
      ["LeftLowerLeg"] = CFrame.new(0.0000,0.0002,-0.0029,1.0000,-0.0000,0.0000,0.0000,0.4228,0.9062,-0.0000,-0.9062,0.4228),
      ["LeftFoot"] = CFrame.new(0.0000,-0.0002,0.0000,0.9958,-0.0852,-0.0324,0.0911,0.9328,0.3487,0.0005,-0.3502,0.9367),
      ["RightUpperLeg"] = CFrame.new(-0.0406,0.3538,-0.3112,0.9322,-0.3093,-0.1877,0.1516,0.8051,-0.5735,0.3285,0.5062,0.7974),
      ["RightLowerLeg"] = CFrame.new(0.0000,0.0000,-0.0030,1.0000,-0.0000,0.0000,0.0000,0.0984,0.9951,-0.0000,-0.9951,0.0984),
      ["RightFoot"] = CFrame.new(0.0000,0.0000,0.0000,0.9565,0.2726,0.1038,-0.0283,0.4409,-0.8971,-0.2903,0.8551,0.4295),
    }},
    {Time = 9.367, Data = {
      ["HumanoidRootPart"] = CFrame.new(0.0000,0.0000,0.0000,1.0000,0.0000,0.0000,0.0000,1.0000,0.0000,0.0000,0.0000,1.0000),
      ["LowerTorso"] = CFrame.new(0.0000,-0.9063,0.0000,1.0000,-0.0000,0.0000,0.0000,0.9331,0.3597,-0.0000,-0.3597,0.9331),
      ["UpperTorso"] = CFrame.new(0.0000,0.0000,0.0000,0.9431,-0.1547,0.2943,0.1155,0.9824,0.1465,-0.3118,-0.1042,0.9444),
      ["LeftUpperArm"] = CFrame.new(0.2023,-0.0412,0.0129,0.8697,-0.0155,-0.4934,-0.1114,0.9676,-0.2267,0.4809,0.2521,0.8397),
      ["LeftLowerArm"] = CFrame.new(-0.0005,-0.0001,0.0033,1.0000,-0.0000,0.0000,0.0000,0.6077,-0.7942,0.0000,0.7942,0.6077),
      ["LeftHand"] = CFrame.new(0.0000,0.0000,0.0000,0.9712,-0.2195,-0.0930,0.2214,0.9751,0.0111,0.0883,-0.0313,0.9956),
      ["Head"] = CFrame.new(0.0000,0.0000,0.0000,0.9431,0.2088,-0.2588,-0.1547,0.9645,0.2141,0.2943,-0.1619,0.9419),
      ["RightUpperArm"] = CFrame.new(-0.0176,-0.1406,0.0329,0.9086,-0.0555,-0.4140,0.2207,0.9053,0.3630,0.3546,-0.4212,0.8348),
      ["RightLowerArm"] = CFrame.new(0.0000,0.0000,0.0033,1.0000,-0.0000,0.0000,0.0000,0.4905,-0.8715,0.0000,0.8715,0.4905),
      ["RightHand"] = CFrame.new(0.0000,0.0000,0.0000,0.9945,0.0341,0.0992,-0.0540,0.9772,0.2055,-0.0899,-0.2097,0.9736),
      ["LeftUpperLeg"] = CFrame.new(0.0000,0.0000,0.0000,0.9677,0.2455,-0.0570,0.0226,-0.3099,-0.9505,-0.2510,0.9185,-0.3054),
      ["LeftLowerLeg"] = CFrame.new(0.0000,0.0002,-0.0029,1.0000,-0.0000,0.0000,0.0000,0.4268,0.9043,-0.0000,-0.9043,0.4268),
      ["LeftFoot"] = CFrame.new(0.0000,-0.0002,0.0000,0.9959,-0.0851,-0.0324,0.0910,0.9329,0.3483,0.0006,-0.3498,0.9368),
      ["RightUpperLeg"] = CFrame.new(-0.0406,0.3538,-0.3112,0.9325,-0.3083,-0.1881,0.1509,0.8059,-0.5725,0.3281,0.5054,0.7980),
      ["RightLowerLeg"] = CFrame.new(0.0000,0.0000,-0.0030,1.0000,-0.0000,0.0000,0.0000,0.1027,0.9947,-0.0000,-0.9947,0.1027),
      ["RightFoot"] = CFrame.new(0.0000,0.0000,0.0000,0.9568,0.2718,0.1035,-0.0291,0.4436,-0.8958,-0.2894,0.8540,0.4323),
    }},
    {Time = 9.400, Data = {
      ["HumanoidRootPart"] = CFrame.new(0.0000,0.0000,0.0000,1.0000,0.0000,0.0000,0.0000,1.0000,0.0000,0.0000,0.0000,1.0000),
      ["LowerTorso"] = CFrame.new(0.0000,-0.9033,0.0000,1.0000,-0.0000,0.0000,0.0000,0.9331,0.3597,-0.0000,-0.3597,0.9331),
      ["UpperTorso"] = CFrame.new(0.0000,0.0000,0.0000,0.9431,-0.1547,0.2943,0.1155,0.9824,0.1465,-0.3118,-0.1042,0.9444),
      ["LeftUpperArm"] = CFrame.new(0.2025,-0.0421,0.0124,0.8700,-0.0147,-0.4928,-0.1132,0.9669,-0.2287,0.4799,0.2548,0.8395),
      ["LeftLowerArm"] = CFrame.new(-0.0005,-0.0001,0.0033,1.0000,-0.0000,0.0000,0.0000,0.6121,-0.7908,0.0000,0.7908,0.6121),
      ["LeftHand"] = CFrame.new(0.0000,0.0000,0.0000,0.9719,-0.2204,-0.0833,0.2219,0.9750,0.0096,0.0791,-0.0279,0.9965),
      ["Head"] = CFrame.new(0.0000,0.0000,0.0000,0.9431,0.2076,-0.2597,-0.1547,0.9654,0.2098,0.2943,-0.1576,0.9426),
      ["RightUpperArm"] = CFrame.new(-0.0176,-0.1406,0.0329,0.9086,-0.0528,-0.4142,0.2206,0.9030,0.3687,0.3545,-0.4264,0.8322),
      ["RightLowerArm"] = CFrame.new(0.0000,0.0000,0.0033,1.0000,-0.0000,0.0000,0.0000,0.4924,-0.8704,0.0000,0.8704,0.4924),
      ["RightHand"] = CFrame.new(0.0000,0.0000,0.0000,0.9948,0.0300,0.0969,-0.0486,0.9794,0.1962,-0.0890,-0.1999,0.9758),
      ["LeftUpperLeg"] = CFrame.new(0.0000,0.0000,0.0000,0.9677,0.2457,-0.0557,0.0229,-0.3058,-0.9518,-0.2509,0.9198,-0.3016),
      ["LeftLowerLeg"] = CFrame.new(0.0000,0.0002,-0.0029,1.0000,-0.0000,0.0000,0.0000,0.4309,0.9024,-0.0000,-0.9024,0.4309),
      ["LeftFoot"] = CFrame.new(0.0000,-0.0002,0.0000,0.9959,-0.0849,-0.0323,0.0909,0.9331,0.3480,0.0006,-0.3495,0.9369),
      ["RightUpperLeg"] = CFrame.new(-0.0406,0.3538,-0.3112,0.9328,-0.3072,-0.1885,0.1503,0.8068,-0.5715,0.3277,0.5047,0.7987),
      ["RightLowerLeg"] = CFrame.new(0.0000,0.0000,-0.0030,1.0000,-0.0000,0.0000,0.0000,0.1070,0.9943,-0.0000,-0.9943,0.1070),
      ["RightFoot"] = CFrame.new(0.0000,0.0000,0.0000,0.9570,0.2711,0.1033,-0.0299,0.4462,-0.8944,-0.2885,0.8529,0.4351),
    }},
    {Time = 9.433, Data = {
      ["HumanoidRootPart"] = CFrame.new(0.0000,0.0000,0.0000,1.0000,0.0000,0.0000,0.0000,1.0000,0.0000,0.0000,0.0000,1.0000),
      ["LowerTorso"] = CFrame.new(0.0000,-0.9003,0.0000,1.0000,-0.0000,0.0000,0.0000,0.9331,0.3597,-0.0000,-0.3597,0.9331),
      ["UpperTorso"] = CFrame.new(0.0000,0.0000,0.0000,0.9431,-0.1547,0.2943,0.1155,0.9824,0.1465,-0.3118,-0.1042,0.9444),
      ["LeftUpperArm"] = CFrame.new(0.2027,-0.0429,0.0119,0.8703,-0.0141,-0.4922,-0.1150,0.9662,-0.2309,0.4788,0.2575,0.8393),
      ["LeftLowerArm"] = CFrame.new(-0.0005,-0.0001,0.0033,1.0000,-0.0000,0.0000,0.0000,0.6166,-0.7873,0.0000,0.7873,0.6166),
      ["LeftHand"] = CFrame.new(0.0000,0.0000,0.0000,0.9724,-0.2212,-0.0737,0.2224,0.9749,0.0082,0.0700,-0.0244,0.9972),
      ["Head"] = CFrame.new(0.0000,0.0000,0.0000,0.9431,0.2064,-0.2607,-0.1547,0.9664,0.2055,0.2943,-0.1534,0.9433),
      ["RightUpperArm"] = CFrame.new(-0.0176,-0.1405,0.0329,0.9088,-0.0507,-0.4142,0.2203,0.9012,0.3731,0.3544,-0.4303,0.8302),
      ["RightLowerArm"] = CFrame.new(0.0000,0.0000,0.0033,1.0000,-0.0000,0.0000,0.0000,0.4976,-0.8674,0.0000,0.8674,0.4976),
      ["RightHand"] = CFrame.new(0.0000,0.0000,0.0000,0.9952,0.0258,0.0946,-0.0433,0.9814,0.1870,-0.0881,-0.1902,0.9778),
      ["LeftUpperLeg"] = CFrame.new(0.0000,0.0000,0.0000,0.9678,0.2459,-0.0544,0.0231,-0.3017,-0.9531,-0.2508,0.9211,-0.2977),
      ["LeftLowerLeg"] = CFrame.new(0.0000,0.0002,-0.0029,1.0000,-0.0000,0.0000,0.0000,0.4349,0.9005,-0.0000,-0.9005,0.4349),
      ["LeftFoot"] = CFrame.new(0.0000,-0.0002,0.0000,0.9959,-0.0848,-0.0323,0.0907,0.9332,0.3477,0.0006,-0.3492,0.9370),
      ["RightUpperLeg"] = CFrame.new(-0.0406,0.3538,-0.3112,0.9330,-0.3062,-0.1889,0.1496,0.8076,-0.5704,0.3272,0.5040,0.7993),
      ["RightLowerLeg"] = CFrame.new(0.0000,0.0000,-0.0030,1.0000,-0.0000,0.0000,0.0000,0.1113,0.9938,-0.0000,-0.9938,0.1113),
      ["RightFoot"] = CFrame.new(0.0000,0.0000,0.0000,0.9573,0.2703,0.1030,-0.0307,0.4488,-0.8931,-0.2876,0.8518,0.4379),
    }},
    {Time = 9.467, Data = {
      ["HumanoidRootPart"] = CFrame.new(0.0000,0.0000,0.0000,1.0000,0.0000,0.0000,0.0000,1.0000,0.0000,0.0000,0.0000,1.0000),
      ["LowerTorso"] = CFrame.new(0.0000,-0.8974,0.0000,1.0000,-0.0000,0.0000,0.0000,0.9331,0.3597,-0.0000,-0.3597,0.9331),
      ["UpperTorso"] = CFrame.new(0.0000,0.0000,0.0000,0.9431,-0.1547,0.2943,0.1155,0.9824,0.1465,-0.3118,-0.1042,0.9444),
      ["LeftUpperArm"] = CFrame.new(0.2028,-0.0438,0.0114,0.8707,-0.0134,-0.4917,-0.1167,0.9655,-0.2329,0.4778,0.2602,0.8391),
      ["LeftLowerArm"] = CFrame.new(-0.0005,-0.0001,0.0033,1.0000,-0.0000,0.0000,0.0000,0.6209,-0.7839,0.0000,0.7839,0.6209),
      ["LeftHand"] = CFrame.new(0.0000,0.0000,0.0000,0.9729,-0.2220,-0.0642,0.2229,0.9748,0.0069,0.0610,-0.0210,0.9979),
      ["Head"] = CFrame.new(0.0000,0.0000,0.0000,0.9431,0.2053,-0.2616,-0.1547,0.9672,0.2012,0.2943,-0.1493,0.9440),
      ["RightUpperArm"] = CFrame.new(-0.0177,-0.1403,0.0330,0.9089,-0.0490,-0.4141,0.2200,0.9000,0.3764,0.3542,-0.4332,0.8288),
      ["RightLowerArm"] = CFrame.new(0.0000,0.0000,0.0033,1.0000,-0.0000,0.0000,0.0000,0.5058,-0.8627,0.0000,0.8627,0.5058),
      ["RightHand"] = CFrame.new(0.0000,0.0000,0.0000,0.9955,0.0217,0.0925,-0.0380,0.9833,0.1779,-0.0871,-0.1806,0.9797),
      ["LeftUpperLeg"] = CFrame.new(0.0000,0.0000,0.0000,0.9678,0.2461,-0.0531,0.0233,-0.2977,-0.9544,-0.2507,0.9224,-0.2939),
      ["LeftLowerLeg"] = CFrame.new(0.0000,0.0002,-0.0029,1.0000,-0.0000,0.0000,0.0000,0.4389,0.8986,-0.0000,-0.8986,0.4389),
      ["LeftFoot"] = CFrame.new(0.0000,-0.0002,0.0000,0.9959,-0.0847,-0.0322,0.0906,0.9333,0.3475,0.0006,-0.3490,0.9371),
      ["RightUpperLeg"] = CFrame.new(-0.0406,0.3538,-0.3112,0.9333,-0.3052,-0.1893,0.1489,0.8084,-0.5694,0.3268,0.5032,0.8000),
      ["RightLowerLeg"] = CFrame.new(0.0000,0.0000,-0.0030,1.0000,-0.0000,0.0000,0.0000,0.1155,0.9933,-0.0000,-0.9933,0.1155),
      ["RightFoot"] = CFrame.new(0.0000,0.0000,0.0000,0.9575,0.2696,0.1027,-0.0314,0.4514,-0.8918,-0.2867,0.8506,0.4407),
    }},
    {Time = 9.500, Data = {
      ["HumanoidRootPart"] = CFrame.new(0.0000,0.0000,0.0000,1.0000,0.0000,0.0000,0.0000,1.0000,0.0000,0.0000,0.0000,1.0000),
      ["LowerTorso"] = CFrame.new(0.0000,-0.8945,0.0000,1.0000,-0.0000,0.0000,0.0000,0.9331,0.3597,-0.0000,-0.3597,0.9331),
      ["UpperTorso"] = CFrame.new(0.0000,0.0000,0.0000,0.9431,-0.1547,0.2943,0.1155,0.9824,0.1465,-0.3118,-0.1042,0.9444),
      ["LeftUpperArm"] = CFrame.new(0.2030,-0.0447,0.0109,0.8710,-0.0127,-0.4911,-0.1184,0.9648,-0.2349,0.4768,0.2627,0.8388),
      ["LeftLowerArm"] = CFrame.new(-0.0005,-0.0001,0.0033,1.0000,-0.0000,0.0000,0.0000,0.6252,-0.7805,0.0000,0.7805,0.6252),
      ["LeftHand"] = CFrame.new(0.0000,0.0000,0.0000,0.9733,-0.2228,-0.0548,0.2234,0.9747,0.0055,0.0522,-0.0176,0.9985),
      ["Head"] = CFrame.new(0.0000,0.0000,0.0000,0.9431,0.2042,-0.2625,-0.1547,0.9681,0.1970,0.2943,-0.1452,0.9446),
      ["RightUpperArm"] = CFrame.new(-0.0178,-0.1401,0.0331,0.9091,-0.0478,-0.4138,0.2195,0.8992,0.3784,0.3540,-0.4348,0.8280),
      ["RightLowerArm"] = CFrame.new(0.0000,0.0000,0.0033,1.0000,-0.0000,0.0000,0.0000,0.5169,-0.8560,0.0000,0.8560,0.5169),
      ["RightHand"] = CFrame.new(0.0000,0.0000,0.0000,0.9957,0.0177,0.0904,-0.0328,0.9851,0.1689,-0.0861,-0.1711,0.9815),
      ["LeftUpperLeg"] = CFrame.new(0.0000,0.0000,0.0000,0.9678,0.2463,-0.0519,0.0235,-0.2937,-0.9556,-0.2506,0.9236,-0.2901),
      ["LeftLowerLeg"] = CFrame.new(0.0000,0.0002,-0.0029,1.0000,-0.0000,0.0000,0.0000,0.4428,0.8966,-0.0000,-0.8966,0.4428),
      ["LeftFoot"] = CFrame.new(0.0000,-0.0002,0.0000,0.9959,-0.0846,-0.0322,0.0905,0.9334,0.3472,0.0007,-0.3487,0.9372),
      ["RightUpperLeg"] = CFrame.new(-0.0406,0.3538,-0.3112,0.9335,-0.3042,-0.1896,0.1483,0.8093,-0.5684,0.3264,0.5025,0.8006),
      ["RightLowerLeg"] = CFrame.new(0.0000,0.0000,-0.0030,1.0000,-0.0000,0.0000,0.0000,0.1196,0.9928,-0.0000,-0.9928,0.1196),
      ["RightFoot"] = CFrame.new(0.0000,0.0000,0.0000,0.9577,0.2688,0.1024,-0.0322,0.4539,-0.8905,-0.2859,0.8495,0.4434),
    }},
    {Time = 9.533, Data = {
      ["HumanoidRootPart"] = CFrame.new(0.0000,0.0000,0.0000,1.0000,0.0000,0.0000,0.0000,1.0000,0.0000,0.0000,0.0000,1.0000),
      ["LowerTorso"] = CFrame.new(0.0000,-0.8916,0.0000,1.0000,-0.0000,0.0000,0.0000,0.9331,0.3597,-0.0000,-0.3597,0.9331),
      ["UpperTorso"] = CFrame.new(0.0000,0.0000,0.0000,0.9431,-0.1547,0.2943,0.1155,0.9824,0.1465,-0.3118,-0.1042,0.9444),
      ["LeftUpperArm"] = CFrame.new(0.2031,-0.0455,0.0104,0.8713,-0.0120,-0.4906,-0.1201,0.9641,-0.2369,0.4759,0.2653,0.8386),
      ["LeftLowerArm"] = CFrame.new(-0.0005,-0.0001,0.0033,1.0000,-0.0000,0.0000,0.0000,0.6294,-0.7771,0.0000,0.7771,0.6294),
      ["LeftHand"] = CFrame.new(0.0000,0.0000,0.0000,0.9736,-0.2235,-0.0457,0.2239,0.9746,0.0042,0.0436,-0.0143,0.9989),
      ["Head"] = CFrame.new(0.0000,0.0000,0.0000,0.9431,0.2030,-0.2633,-0.1547,0.9689,0.1929,0.2943,-0.1411,0.9452),
      ["RightUpperArm"] = CFrame.new(-0.0179,-0.1398,0.0333,0.9093,-0.0471,-0.4134,0.2190,0.8990,0.3792,0.3538,-0.4354,0.8278),
      ["RightLowerArm"] = CFrame.new(0.0000,0.0000,0.0033,1.0000,-0.0000,0.0000,0.0000,0.5307,-0.8476,0.0000,0.8476,0.5307),
      ["RightHand"] = CFrame.new(0.0000,0.0000,0.0000,0.9960,0.0137,0.0884,-0.0278,0.9867,0.1601,-0.0850,-0.1619,0.9831),
      ["LeftUpperLeg"] = CFrame.new(0.0000,0.0000,0.0000,0.9678,0.2465,-0.0507,0.0237,-0.2899,-0.9568,-0.2505,0.9248,-0.2864),
      ["LeftLowerLeg"] = CFrame.new(0.0000,0.0002,-0.0029,1.0000,-0.0000,0.0000,0.0000,0.4466,0.8947,-0.0000,-0.8947,0.4466),
      ["LeftFoot"] = CFrame.new(0.0000,-0.0002,0.0000,0.9959,-0.0845,-0.0321,0.0904,0.9335,0.3470,0.0007,-0.3485,0.9373),
      ["RightUpperLeg"] = CFrame.new(-0.0406,0.3538,-0.3112,0.9338,-0.3033,-0.1900,0.1476,0.8101,-0.5674,0.3260,0.5018,0.8012),
      ["RightLowerLeg"] = CFrame.new(0.0000,0.0000,-0.0030,1.0000,-0.0000,0.0000,0.0000,0.1237,0.9923,-0.0000,-0.9923,0.1237),
      ["RightFoot"] = CFrame.new(0.0000,0.0000,0.0000,0.9579,0.2682,0.1022,-0.0329,0.4564,-0.8892,-0.2851,0.8484,0.4460),
    }},
    {Time = 9.567, Data = {
      ["HumanoidRootPart"] = CFrame.new(0.0000,0.0000,0.0000,1.0000,0.0000,0.0000,0.0000,1.0000,0.0000,0.0000,0.0000,1.0000),
      ["LowerTorso"] = CFrame.new(0.0000,-0.8889,0.0000,1.0000,-0.0000,0.0000,0.0000,0.9331,0.3597,-0.0000,-0.3597,0.9331),
      ["UpperTorso"] = CFrame.new(0.0000,0.0000,0.0000,0.9431,-0.1547,0.2943,0.1155,0.9824,0.1465,-0.3118,-0.1042,0.9444),
      ["LeftUpperArm"] = CFrame.new(0.2033,-0.0463,0.0099,0.8716,-0.0114,-0.4901,-0.1217,0.9634,-0.2388,0.4749,0.2678,0.8383),
      ["LeftLowerArm"] = CFrame.new(-0.0005,-0.0001,0.0033,1.0000,-0.0000,0.0000,0.0000,0.6335,-0.7737,0.0000,0.7737,0.6335),
      ["LeftHand"] = CFrame.new(0.0000,0.0000,0.0000,0.9739,-0.2242,-0.0369,0.2244,0.9745,0.0029,0.0353,-0.0111,0.9993),
      ["Head"] = CFrame.new(0.0000,0.0000,0.0000,0.9431,0.2019,-0.2642,-0.1547,0.9698,0.1887,0.2943,-0.1371,0.9458),
      ["RightUpperArm"] = CFrame.new(-0.0180,-0.1395,0.0334,0.9096,-0.0470,-0.4128,0.2184,0.8993,0.3789,0.3534,-0.4348,0.8282),
      ["RightLowerArm"] = CFrame.new(0.0000,0.0000,0.0033,1.0000,-0.0000,0.0000,0.0000,0.5468,-0.8372,0.0000,0.8372,0.5468),
      ["RightHand"] = CFrame.new(0.0000,0.0000,0.0000,0.9962,0.0099,0.0865,-0.0230,0.9882,0.1515,-0.0840,-0.1530,0.9847),
      ["LeftUpperLeg"] = CFrame.new(0.0000,0.0000,0.0000,0.9678,0.2466,-0.0495,0.0239,-0.2861,-0.9579,-0.2504,0.9259,-0.2828),
      ["LeftLowerLeg"] = CFrame.new(0.0000,0.0002,-0.0029,1.0000,-0.0000,0.0000,0.0000,0.4503,0.8929,-0.0000,-0.8929,0.4503),
      ["LeftFoot"] = CFrame.new(0.0000,-0.0002,0.0000,0.9959,-0.0844,-0.0321,0.0903,0.9336,0.3468,0.0007,-0.3483,0.9374),
      ["RightUpperLeg"] = CFrame.new(-0.0406,0.3538,-0.3112,0.9340,-0.3023,-0.1904,0.1470,0.8109,-0.5665,0.3256,0.5011,0.8018),
      ["RightLowerLeg"] = CFrame.new(0.0000,0.0000,-0.0030,1.0000,-0.0000,0.0000,0.0000,0.1276,0.9918,-0.0000,-0.9918,0.1276),
      ["RightFoot"] = CFrame.new(0.0000,0.0000,0.0000,0.9582,0.2675,0.1019,-0.0336,0.4588,-0.8879,-0.2842,0.8473,0.4486),
    }},
    {Time = 9.600, Data = {
      ["HumanoidRootPart"] = CFrame.new(0.0000,0.0000,0.0000,1.0000,0.0000,0.0000,0.0000,1.0000,0.0000,0.0000,0.0000,1.0000),
      ["LowerTorso"] = CFrame.new(0.0000,-0.8863,0.0000,1.0000,-0.0000,0.0000,0.0000,0.9331,0.3597,-0.0000,-0.3597,0.9331),
      ["UpperTorso"] = CFrame.new(0.0000,0.0000,0.0000,0.9431,-0.1547,0.2943,0.1155,0.9824,0.1465,-0.3118,-0.1042,0.9444),
      ["LeftUpperArm"] = CFrame.new(0.2034,-0.0471,0.0095,0.8718,-0.0109,-0.4897,-0.1232,0.9627,-0.2407,0.4740,0.2702,0.8380),
      ["LeftLowerArm"] = CFrame.new(-0.0005,-0.0001,0.0033,1.0000,-0.0000,0.0000,0.0000,0.6374,-0.7705,0.0000,0.7705,0.6374),
      ["LeftHand"] = CFrame.new(0.0000,0.0000,0.0000,0.9740,-0.2248,-0.0284,0.2249,0.9744,0.0017,0.0273,-0.0081,0.9996),
      ["Head"] = CFrame.new(0.0000,0.0000,0.0000,0.9431,0.2008,-0.2650,-0.1547,0.9705,0.1846,0.2943,-0.1331,0.9464),
      ["RightUpperArm"] = CFrame.new(-0.0181,-0.1392,0.0336,0.9099,-0.0472,-0.4122,0.2177,0.9000,0.3775,0.3532,-0.4332,0.8292),
      ["RightLowerArm"] = CFrame.new(0.0000,0.0000,0.0033,1.0000,-0.0000,0.0000,0.0000,0.5650,-0.8251,0.0000,0.8251,0.5650),
      ["RightHand"] = CFrame.new(0.0000,0.0000,0.0000,0.9964,0.0062,0.0847,-0.0183,0.9895,0.1433,-0.0829,-0.1444,0.9860),
      ["LeftUpperLeg"] = CFrame.new(0.0000,0.0000,0.0000,0.9679,0.2468,-0.0483,0.0241,-0.2825,-0.9590,-0.2503,0.9270,-0.2793),
      ["LeftLowerLeg"] = CFrame.new(0.0000,0.0002,-0.0029,1.0000,-0.0000,0.0000,0.0000,0.4539,0.8910,-0.0000,-0.8910,0.4539),
      ["LeftFoot"] = CFrame.new(0.0000,-0.0002,0.0000,0.9959,-0.0843,-0.0321,0.0901,0.9337,0.3466,0.0007,-0.3481,0.9375),
      ["RightUpperLeg"] = CFrame.new(-0.0406,0.3538,-0.3112,0.9342,-0.3015,-0.1907,0.1465,0.8116,-0.5655,0.3253,0.5004,0.8024),
      ["RightLowerLeg"] = CFrame.new(0.0000,0.0000,-0.0030,1.0000,-0.0000,0.0000,0.0000,0.1314,0.9913,-0.0000,-0.9913,0.1314),
      ["RightFoot"] = CFrame.new(0.0000,0.0000,0.0000,0.9584,0.2668,0.1017,-0.0343,0.4610,-0.8867,-0.2835,0.8463,0.4510),
    }},
    {Time = 9.633, Data = {
      ["HumanoidRootPart"] = CFrame.new(0.0000,0.0000,0.0000,1.0000,0.0000,0.0000,0.0000,1.0000,0.0000,0.0000,0.0000,1.0000),
      ["LowerTorso"] = CFrame.new(0.0000,-0.8838,0.0000,1.0000,-0.0000,0.0000,0.0000,0.9331,0.3597,-0.0000,-0.3597,0.9331),
      ["UpperTorso"] = CFrame.new(0.0000,0.0000,0.0000,0.9431,-0.1547,0.2943,0.1155,0.9824,0.1465,-0.3118,-0.1042,0.9444),
      ["LeftUpperArm"] = CFrame.new(0.2035,-0.0478,0.0091,0.8721,-0.0103,-0.4892,-0.1247,0.9621,-0.2426,0.4732,0.2725,0.8378),
      ["LeftLowerArm"] = CFrame.new(-0.0005,-0.0001,0.0033,1.0000,-0.0000,0.0000,0.0000,0.6412,-0.7674,0.0000,0.7674,0.6412),
      ["LeftHand"] = CFrame.new(0.0000,0.0000,0.0000,0.9741,-0.2253,-0.0203,0.2254,0.9743,0.0006,0.0196,-0.0051,0.9998),
      ["Head"] = CFrame.new(0.0000,0.0000,0.0000,0.9431,0.1997,-0.2659,-0.1547,0.9713,0.1806,0.2943,-0.1291,0.9469),
      ["RightUpperArm"] = CFrame.new(-0.0183,-0.1388,0.0337,0.9102,-0.0480,-0.4115,0.2171,0.9012,0.3751,0.3528,-0.4307,0.8307),
      ["RightLowerArm"] = CFrame.new(0.0000,0.0000,0.0033,1.0000,-0.0000,0.0000,0.0000,0.5850,-0.8111,0.0000,0.8111,0.5850),
      ["RightHand"] = CFrame.new(0.0000,0.0000,0.0000,0.9965,0.0026,0.0830,-0.0139,0.9907,0.1355,-0.0819,-0.1362,0.9873),
      ["LeftUpperLeg"] = CFrame.new(0.0000,0.0000,0.0000,0.9679,0.2470,-0.0473,0.0243,-0.2790,-0.9600,-0.2503,0.9280,-0.2760),
      ["LeftLowerLeg"] = CFrame.new(0.0000,0.0002,-0.0029,1.0000,-0.0000,0.0000,0.0000,0.4573,0.8893,-0.0000,-0.8893,0.4573),
      ["LeftFoot"] = CFrame.new(0.0000,-0.0002,0.0000,0.9959,-0.0842,-0.0320,0.0900,0.9337,0.3464,0.0007,-0.3479,0.9375),
      ["RightUpperLeg"] = CFrame.new(-0.0406,0.3538,-0.3112,0.9344,-0.3006,-0.1910,0.1459,0.8124,-0.5646,0.3249,0.4997,0.8029),
      ["RightLowerLeg"] = CFrame.new(0.0000,0.0000,-0.0030,1.0000,-0.0000,0.0000,0.0000,0.1351,0.9908,-0.0000,-0.9908,0.1351),
      ["RightFoot"] = CFrame.new(0.0000,0.0000,0.0000,0.9586,0.2662,0.1014,-0.0350,0.4632,-0.8856,-0.2827,0.8453,0.4533),
    }},
    {Time = 9.667, Data = {
      ["HumanoidRootPart"] = CFrame.new(0.0000,0.0000,0.0000,1.0000,0.0000,0.0000,0.0000,1.0000,0.0000,0.0000,0.0000,1.0000),
      ["LowerTorso"] = CFrame.new(0.0000,-0.8814,0.0000,1.0000,-0.0000,0.0000,0.0000,0.9331,0.3597,-0.0000,-0.3597,0.9331),
      ["UpperTorso"] = CFrame.new(0.0000,0.0000,0.0000,0.9431,-0.1547,0.2943,0.1155,0.9824,0.1465,-0.3118,-0.1042,0.9444),
      ["LeftUpperArm"] = CFrame.new(0.2037,-0.0485,0.0087,0.8723,-0.0099,-0.4888,-0.1260,0.9615,-0.2443,0.4724,0.2747,0.8375),
      ["LeftLowerArm"] = CFrame.new(-0.0005,-0.0001,0.0033,1.0000,-0.0000,0.0000,0.0000,0.6448,-0.7644,0.0000,0.7644,0.6448),
      ["LeftHand"] = CFrame.new(0.0000,0.0000,0.0000,0.9741,-0.2258,-0.0127,0.2258,0.9742,-0.0005,0.0124,-0.0024,0.9999),
      ["Head"] = CFrame.new(0.0000,0.0000,0.0000,0.9431,0.1986,-0.2667,-0.1547,0.9721,0.1765,0.2943,-0.1252,0.9475),
      ["RightUpperArm"] = CFrame.new(-0.0184,-0.1385,0.0339,0.9105,-0.0491,-0.4106,0.2163,0.9028,0.3716,0.3525,-0.4272,0.8326),
      ["RightLowerArm"] = CFrame.new(0.0000,0.0000,0.0033,1.0000,-0.0000,0.0000,0.0000,0.6064,-0.7952,0.0000,0.7952,0.6064),
      ["RightHand"] = CFrame.new(0.0000,0.0000,0.0000,0.9967,-0.0007,0.0814,-0.0097,0.9917,0.1281,-0.0809,-0.1285,0.9884),
      ["LeftUpperLeg"] = CFrame.new(0.0000,0.0000,0.0000,0.9679,0.2471,-0.0462,0.0245,-0.2757,-0.9609,-0.2502,0.9289,-0.2729),
      ["LeftLowerLeg"] = CFrame.new(0.0000,0.0002,-0.0029,1.0000,-0.0000,0.0000,0.0000,0.4606,0.8876,-0.0000,-0.8876,0.4606),
      ["LeftFoot"] = CFrame.new(0.0000,-0.0002,0.0000,0.9959,-0.0841,-0.0320,0.0900,0.9338,0.3463,0.0008,-0.3478,0.9376),
      ["RightUpperLeg"] = CFrame.new(-0.0406,0.3538,-0.3112,0.9346,-0.2998,-0.1913,0.1454,0.8130,-0.5638,0.3246,0.4991,0.8035),
      ["RightLowerLeg"] = CFrame.new(0.0000,0.0000,-0.0030,1.0000,-0.0000,0.0000,0.0000,0.1385,0.9904,-0.0000,-0.9904,0.1385),
      ["RightFoot"] = CFrame.new(0.0000,0.0000,0.0000,0.9587,0.2657,0.1012,-0.0356,0.4653,-0.8844,-0.2820,0.8444,0.4555),
    }},
    {Time = 9.700, Data = {
      ["HumanoidRootPart"] = CFrame.new(0.0000,0.0000,0.0000,1.0000,0.0000,0.0000,0.0000,1.0000,0.0000,0.0000,0.0000,1.0000),
      ["LowerTorso"] = CFrame.new(0.0000,-0.8792,0.0000,1.0000,-0.0000,0.0000,0.0000,0.9331,0.3597,-0.0000,-0.3597,0.9331),
      ["UpperTorso"] = CFrame.new(0.0000,0.0000,0.0000,0.9431,-0.1547,0.2943,0.1155,0.9824,0.1465,-0.3118,-0.1042,0.9444),
      ["LeftUpperArm"] = CFrame.new(0.2038,-0.0491,0.0083,0.8726,-0.0094,-0.4884,-0.1273,0.9609,-0.2460,0.4716,0.2768,0.8372),
      ["LeftLowerArm"] = CFrame.new(-0.0005,-0.0001,0.0033,1.0000,-0.0000,0.0000,0.0000,0.6481,-0.7615,0.0000,0.7615,0.6481),
      ["LeftHand"] = CFrame.new(0.0000,0.0000,0.0000,0.9740,-0.2263,-0.0055,0.2263,0.9741,-0.0015,0.0057,0.0002,1.0000),
      ["Head"] = CFrame.new(0.0000,0.0000,0.0000,0.9431,0.1975,-0.2675,-0.1547,0.9728,0.1724,0.2943,-0.1212,0.9480),
      ["RightUpperArm"] = CFrame.new(-0.0186,-0.1381,0.0341,0.9108,-0.0508,-0.4098,0.2156,0.9048,0.3672,0.3521,-0.4228,0.8350),
      ["RightLowerArm"] = CFrame.new(0.0000,0.0000,0.0033,1.0000,-0.0000,0.0000,0.0000,0.6290,-0.7774,0.0000,0.7774,0.6290),
      ["RightHand"] = CFrame.new(0.0000,0.0000,0.0000,0.9968,-0.0039,0.0800,-0.0059,0.9926,0.1212,-0.0799,-0.1213,0.9894),
      ["LeftUpperLeg"] = CFrame.new(0.0000,0.0000,0.0000,0.9679,0.2472,-0.0453,0.0246,-0.2726,-0.9618,-0.2501,0.9298,-0.2700),
      ["LeftLowerLeg"] = CFrame.new(0.0000,0.0002,-0.0029,1.0000,-0.0000,0.0000,0.0000,0.4636,0.8860,-0.0000,-0.8860,0.4636),
      ["LeftFoot"] = CFrame.new(0.0000,-0.0002,0.0000,0.9960,-0.0840,-0.0320,0.0899,0.9339,0.3462,0.0008,-0.3476,0.9376),
      ["RightUpperLeg"] = CFrame.new(-0.0406,0.3538,-0.3112,0.9348,-0.2991,-0.1916,0.1449,0.8137,-0.5630,0.3243,0.4985,0.8040),
      ["RightLowerLeg"] = CFrame.new(0.0000,0.0000,-0.0030,1.0000,-0.0000,0.0000,0.0000,0.1417,0.9899,-0.0000,-0.9899,0.1417),
      ["RightFoot"] = CFrame.new(0.0000,0.0000,0.0000,0.9589,0.2651,0.1010,-0.0361,0.4672,-0.8834,-0.2814,0.8435,0.4576),
    }},
    {Time = 9.733, Data = {
      ["HumanoidRootPart"] = CFrame.new(0.0000,0.0000,0.0000,1.0000,0.0000,0.0000,0.0000,1.0000,0.0000,0.0000,0.0000,1.0000),
      ["LowerTorso"] = CFrame.new(0.0000,-0.8772,0.0000,1.0000,-0.0000,0.0000,0.0000,0.9331,0.3597,-0.0000,-0.3597,0.9331),
      ["UpperTorso"] = CFrame.new(0.0000,0.0000,0.0000,0.9431,-0.1547,0.2943,0.1155,0.9824,0.1465,-0.3118,-0.1042,0.9444),
      ["LeftUpperArm"] = CFrame.new(0.2039,-0.0497,0.0079,0.8728,-0.0090,-0.4881,-0.1285,0.9603,-0.2475,0.4709,0.2787,0.8370),
      ["LeftLowerArm"] = CFrame.new(-0.0005,-0.0001,0.0033,1.0000,-0.0000,0.0000,0.0000,0.6512,-0.7589,0.0000,0.7589,0.6512),
      ["LeftHand"] = CFrame.new(0.0000,0.0000,0.0000,0.9740,-0.2267,0.0010,0.2267,0.9740,-0.0024,-0.0004,0.0026,1.0000),
      ["Head"] = CFrame.new(0.0000,0.0000,0.0000,0.9431,0.1963,-0.2684,-0.1547,0.9735,0.1684,0.2943,-0.1173,0.9485),
      ["RightUpperArm"] = CFrame.new(-0.0188,-0.1378,0.0343,0.9111,-0.0527,-0.4088,0.2149,0.9071,0.3619,0.3518,-0.4176,0.8378),
      ["RightLowerArm"] = CFrame.new(0.0000,0.0000,0.0033,1.0000,-0.0000,0.0000,0.0000,0.6524,-0.7579,0.0000,0.7579,0.6524),
      ["RightHand"] = CFrame.new(0.0000,0.0000,0.0000,0.9969,-0.0068,0.0787,-0.0023,0.9934,0.1148,-0.0790,-0.1146,0.9903),
      ["LeftUpperLeg"] = CFrame.new(0.0000,0.0000,0.0000,0.9679,0.2473,-0.0444,0.0248,-0.2698,-0.9626,-0.2501,0.9306,-0.2673),
      ["LeftLowerLeg"] = CFrame.new(0.0000,0.0002,-0.0029,1.0000,-0.0000,0.0000,0.0000,0.4664,0.8846,-0.0000,-0.8846,0.4664),
      ["LeftFoot"] = CFrame.new(0.0000,-0.0002,0.0000,0.9960,-0.0839,-0.0319,0.0898,0.9339,0.3461,0.0008,-0.3475,0.9377),
      ["RightUpperLeg"] = CFrame.new(-0.0406,0.3538,-0.3112,0.9350,-0.2984,-0.1919,0.1445,0.8143,-0.5622,0.3240,0.4979,0.8044),
      ["RightLowerLeg"] = CFrame.new(0.0000,0.0000,-0.0030,1.0000,-0.0000,0.0000,0.0000,0.1447,0.9895,-0.0000,-0.9895,0.1447),
      ["RightFoot"] = CFrame.new(0.0000,0.0000,0.0000,0.9591,0.2646,0.1008,-0.0366,0.4690,-0.8825,-0.2808,0.8426,0.4595),
    }},
    {Time = 9.767, Data = {
      ["HumanoidRootPart"] = CFrame.new(0.0000,0.0000,0.0000,1.0000,0.0000,0.0000,0.0000,1.0000,0.0000,0.0000,0.0000,1.0000),
      ["LowerTorso"] = CFrame.new(0.0000,-0.8753,0.0000,1.0000,-0.0000,0.0000,0.0000,0.9331,0.3597,-0.0000,-0.3597,0.9331),
      ["UpperTorso"] = CFrame.new(0.0000,0.0000,0.0000,0.9431,-0.1547,0.2943,0.1155,0.9824,0.1465,-0.3118,-0.1042,0.9444),
      ["LeftUpperArm"] = CFrame.new(0.2040,-0.0502,0.0076,0.8729,-0.0087,-0.4877,-0.1295,0.9598,-0.2489,0.4703,0.2804,0.8368),
      ["LeftLowerArm"] = CFrame.new(-0.0005,-0.0001,0.0033,1.0000,-0.0000,0.0000,0.0000,0.6540,-0.7565,0.0000,0.7565,0.6540),
      ["LeftHand"] = CFrame.new(0.0000,0.0000,0.0000,0.9739,-0.2270,0.0069,0.2270,0.9739,-0.0032,-0.0060,0.0047,1.0000),
      ["Head"] = CFrame.new(0.0000,0.0000,0.0000,0.9431,0.1952,-0.2692,-0.1547,0.9742,0.1643,0.2943,-0.1133,0.9490),
      ["RightUpperArm"] = CFrame.new(-0.0189,-0.1374,0.0345,0.9114,-0.0550,-0.4078,0.2142,0.9096,0.3559,0.3514,-0.4117,0.8408),
      ["RightLowerArm"] = CFrame.new(0.0000,0.0000,0.0033,1.0000,-0.0000,0.0000,0.0000,0.6762,-0.7367,0.0000,0.7367,0.6762),
      ["RightHand"] = CFrame.new(0.0000,0.0000,0.0000,0.9969,-0.0094,0.0776,0.0009,0.9940,0.1090,-0.0781,-0.1086,0.9910),
      ["LeftUpperLeg"] = CFrame.new(0.0000,0.0000,0.0000,0.9679,0.2474,-0.0436,0.0249,-0.2672,-0.9633,-0.2500,0.9313,-0.2648),
      ["LeftLowerLeg"] = CFrame.new(0.0000,0.0002,-0.0029,1.0000,-0.0000,0.0000,0.0000,0.4690,0.8832,-0.0000,-0.8832,0.4690),
      ["LeftFoot"] = CFrame.new(0.0000,-0.0002,0.0000,0.9960,-0.0839,-0.0319,0.0897,0.9339,0.3460,0.0008,-0.3474,0.9377),
      ["RightUpperLeg"] = CFrame.new(-0.0406,0.3538,-0.3112,0.9351,-0.2978,-0.1921,0.1441,0.8148,-0.5615,0.3238,0.4974,0.8048),
      ["RightLowerLeg"] = CFrame.new(0.0000,0.0000,-0.0030,1.0000,-0.0000,0.0000,0.0000,0.1473,0.9891,-0.0000,-0.9891,0.1473),
      ["RightFoot"] = CFrame.new(0.0000,0.0000,0.0000,0.9592,0.2642,0.1006,-0.0371,0.4706,-0.8816,-0.2803,0.8419,0.4612),
    }},
    {Time = 9.800, Data = {
      ["HumanoidRootPart"] = CFrame.new(0.0000,0.0000,0.0000,1.0000,0.0000,0.0000,0.0000,1.0000,0.0000,0.0000,0.0000,1.0000),
      ["LowerTorso"] = CFrame.new(0.0000,-0.8737,0.0000,1.0000,-0.0000,0.0000,0.0000,0.9331,0.3597,-0.0000,-0.3597,0.9331),
      ["UpperTorso"] = CFrame.new(0.0000,0.0000,0.0000,0.9431,-0.1547,0.2943,0.1155,0.9824,0.1465,-0.3118,-0.1042,0.9444),
      ["LeftUpperArm"] = CFrame.new(0.2040,-0.0507,0.0073,0.8731,-0.0084,-0.4875,-0.1304,0.9594,-0.2501,0.4698,0.2820,0.8366),
      ["LeftLowerArm"] = CFrame.new(-0.0005,-0.0001,0.0033,1.0000,-0.0000,0.0000,0.0000,0.6565,-0.7543,0.0000,0.7543,0.6565),
      ["LeftHand"] = CFrame.new(0.0000,0.0000,0.0000,0.9737,-0.2273,0.0121,0.2274,0.9738,-0.0040,-0.0109,0.0066,0.9999),
      ["Head"] = CFrame.new(0.0000,0.0000,0.0000,0.9431,0.1941,-0.2700,-0.1547,0.9749,0.1602,0.2943,-0.1093,0.9494),
      ["RightUpperArm"] = CFrame.new(-0.0190,-0.1371,0.0346,0.9117,-0.0576,-0.4068,0.2135,0.9124,0.3493,0.3511,-0.4053,0.8441),
      ["RightLowerArm"] = CFrame.new(0.0000,0.0000,0.0033,1.0000,-0.0000,0.0000,0.0000,0.7001,-0.7140,0.0000,0.7140,0.7001),
      ["RightHand"] = CFrame.new(0.0000,0.0000,0.0000,0.9970,-0.0118,0.0765,0.0038,0.9946,0.1039,-0.0773,-0.1033,0.9916),
      ["LeftUpperLeg"] = CFrame.new(0.0000,0.0000,0.0000,0.9679,0.2475,-0.0429,0.0250,-0.2650,-0.9639,-0.2499,0.9320,-0.2627),
      ["LeftLowerLeg"] = CFrame.new(0.0000,0.0002,-0.0029,1.0000,-0.0000,0.0000,0.0000,0.4712,0.8820,-0.0000,-0.8820,0.4712),
      ["LeftFoot"] = CFrame.new(0.0000,-0.0002,0.0000,0.9960,-0.0838,-0.0319,0.0897,0.9340,0.3459,0.0008,-0.3474,0.9377),
      ["RightUpperLeg"] = CFrame.new(-0.0406,0.3538,-0.3112,0.9352,-0.2972,-0.1923,0.1437,0.8153,-0.5609,0.3235,0.4970,0.8052),
      ["RightLowerLeg"] = CFrame.new(0.0000,0.0000,-0.0030,1.0000,-0.0000,0.0000,0.0000,0.1497,0.9887,-0.0000,-0.9887,0.1497),
      ["RightFoot"] = CFrame.new(0.0000,0.0000,0.0000,0.9593,0.2638,0.1005,-0.0375,0.4720,-0.8808,-0.2798,0.8412,0.4627),
    }},
    {Time = 9.833, Data = {
      ["HumanoidRootPart"] = CFrame.new(0.0000,0.0000,0.0000,1.0000,0.0000,0.0000,0.0000,1.0000,0.0000,0.0000,0.0000,1.0000),
      ["LowerTorso"] = CFrame.new(0.0000,-0.8723,0.0000,1.0000,-0.0000,0.0000,0.0000,0.9331,0.3597,-0.0000,-0.3597,0.9331),
      ["UpperTorso"] = CFrame.new(0.0000,0.0000,0.0000,0.9431,-0.1547,0.2943,0.1155,0.9824,0.1465,-0.3118,-0.1042,0.9444),
      ["LeftUpperArm"] = CFrame.new(0.2041,-0.0511,0.0071,0.8732,-0.0081,-0.4872,-0.1312,0.9590,-0.2512,0.4693,0.2833,0.8364),
      ["LeftLowerArm"] = CFrame.new(-0.0005,-0.0001,0.0033,1.0000,-0.0000,0.0000,0.0000,0.6587,-0.7524,0.0000,0.7524,0.6587),
      ["LeftHand"] = CFrame.new(0.0000,0.0000,0.0000,0.9736,-0.2276,0.0166,0.2277,0.9737,-0.0046,-0.0152,0.0083,0.9999),
      ["Head"] = CFrame.new(0.0000,0.0000,0.0000,0.9431,0.1929,-0.2708,-0.1547,0.9755,0.1561,0.2943,-0.1053,0.9499),
      ["RightUpperArm"] = CFrame.new(-0.0192,-0.1367,0.0348,0.9120,-0.0604,-0.4058,0.2128,0.9152,0.3421,0.3508,-0.3984,0.8475),
      ["RightLowerArm"] = CFrame.new(0.0000,0.0000,0.0033,1.0000,-0.0000,0.0000,0.0000,0.7238,-0.6900,0.0000,0.6900,0.7238),
      ["RightHand"] = CFrame.new(0.0000,0.0000,0.0000,0.9970,-0.0138,0.0757,0.0062,0.9950,0.0995,-0.0767,-0.0988,0.9922),
      ["LeftUpperLeg"] = CFrame.new(0.0000,0.0000,0.0000,0.9679,0.2476,-0.0423,0.0251,-0.2630,-0.9645,-0.2499,0.9325,-0.2608),
      ["LeftLowerLeg"] = CFrame.new(0.0000,0.0002,-0.0029,1.0000,-0.0000,0.0000,0.0000,0.4732,0.8810,-0.0000,-0.8810,0.4732),
      ["LeftFoot"] = CFrame.new(0.0000,-0.0002,0.0000,0.9960,-0.0837,-0.0319,0.0896,0.9340,0.3458,0.0008,-0.3473,0.9378),
      ["RightUpperLeg"] = CFrame.new(-0.0406,0.3538,-0.3112,0.9353,-0.2968,-0.1925,0.1435,0.8157,-0.5604,0.3233,0.4966,0.8055),
      ["RightLowerLeg"] = CFrame.new(0.0000,0.0000,-0.0030,1.0000,-0.0000,0.0000,0.0000,0.1518,0.9884,-0.0000,-0.9884,0.1518),
      ["RightFoot"] = CFrame.new(0.0000,0.0000,0.0000,0.9594,0.2635,0.1004,-0.0379,0.4732,-0.8801,-0.2794,0.8406,0.4640),
    }},
    {Time = 9.867, Data = {
      ["HumanoidRootPart"] = CFrame.new(0.0000,0.0000,0.0000,1.0000,0.0000,0.0000,0.0000,1.0000,0.0000,0.0000,0.0000,1.0000),
      ["LowerTorso"] = CFrame.new(0.0000,-0.8712,0.0000,1.0000,-0.0000,0.0000,0.0000,0.9331,0.3597,-0.0000,-0.3597,0.9331),
      ["UpperTorso"] = CFrame.new(0.0000,0.0000,0.0000,0.9431,-0.1547,0.2943,0.1155,0.9824,0.1465,-0.3118,-0.1042,0.9444),
      ["LeftUpperArm"] = CFrame.new(0.2041,-0.0514,0.0069,0.8734,-0.0079,-0.4870,-0.1319,0.9587,-0.2521,0.4689,0.2844,0.8362),
      ["LeftLowerArm"] = CFrame.new(-0.0005,-0.0001,0.0033,1.0000,-0.0000,0.0000,0.0000,0.6604,-0.7509,0.0000,0.7509,0.6604),
      ["LeftHand"] = CFrame.new(0.0000,0.0000,0.0000,0.9735,-0.2278,0.0204,0.2279,0.9737,-0.0051,-0.0187,0.0096,0.9998),
      ["Head"] = CFrame.new(0.0000,0.0000,0.0000,0.9431,0.1918,-0.2716,-0.1547,0.9762,0.1520,0.2943,-0.1013,0.9503),
      ["RightUpperArm"] = CFrame.new(-0.0193,-0.1364,0.0349,0.9122,-0.0633,-0.4048,0.2122,0.9181,0.3347,0.3505,-0.3912,0.8510),
      ["RightLowerArm"] = CFrame.new(0.0000,0.0000,0.0033,1.0000,-0.0000,0.0000,0.0000,0.7467,-0.6651,0.0000,0.6651,0.7467),
      ["RightHand"] = CFrame.new(0.0000,0.0000,0.0000,0.9971,-0.0154,0.0750,0.0082,0.9954,0.0959,-0.0761,-0.0950,0.9926),
      ["LeftUpperLeg"] = CFrame.new(0.0000,0.0000,0.0000,0.9680,0.2476,-0.0418,0.0252,-0.2614,-0.9649,-0.2499,0.9329,-0.2592),
      ["LeftLowerLeg"] = CFrame.new(0.0000,0.0002,-0.0029,1.0000,-0.0000,0.0000,0.0000,0.4748,0.8801,-0.0000,-0.8801,0.4748),
      ["LeftFoot"] = CFrame.new(0.0000,-0.0002,0.0000,0.9960,-0.0837,-0.0318,0.0896,0.9340,0.3458,0.0008,-0.3473,0.9378),
      ["RightUpperLeg"] = CFrame.new(-0.0406,0.3538,-0.3112,0.9354,-0.2964,-0.1927,0.1432,0.8160,-0.5600,0.3232,0.4962,0.8058),
      ["RightLowerLeg"] = CFrame.new(0.0000,0.0000,-0.0030,1.0000,-0.0000,0.0000,0.0000,0.1534,0.9882,-0.0000,-0.9882,0.1534),
      ["RightFoot"] = CFrame.new(0.0000,0.0000,0.0000,0.9595,0.2632,0.1003,-0.0382,0.4742,-0.8796,-0.2791,0.8402,0.4650),
    }},
    {Time = 9.900, Data = {
      ["HumanoidRootPart"] = CFrame.new(0.0000,0.0000,0.0000,1.0000,0.0000,0.0000,0.0000,1.0000,0.0000,0.0000,0.0000,1.0000),
      ["LowerTorso"] = CFrame.new(0.0000,-0.8703,0.0000,1.0000,-0.0000,0.0000,0.0000,0.9331,0.3597,-0.0000,-0.3597,0.9331),
      ["UpperTorso"] = CFrame.new(0.0000,0.0000,0.0000,0.9431,-0.1547,0.2943,0.1155,0.9824,0.1465,-0.3118,-0.1042,0.9444),
      ["LeftUpperArm"] = CFrame.new(0.2042,-0.0517,0.0068,0.8734,-0.0077,-0.4869,-0.1324,0.9584,-0.2528,0.4686,0.2852,0.8361),
      ["LeftLowerArm"] = CFrame.new(-0.0005,-0.0001,0.0033,1.0000,-0.0000,0.0000,0.0000,0.6618,-0.7497,0.0000,0.7497,0.6618),
      ["LeftHand"] = CFrame.new(0.0000,0.0000,0.0000,0.9734,-0.2279,0.0232,0.2281,0.9736,-0.0055,-0.0214,0.0107,0.9997),
      ["Head"] = CFrame.new(0.0000,0.0000,0.0000,0.9431,0.1906,-0.2725,-0.1547,0.9768,0.1478,0.2943,-0.0972,0.9508),
      ["RightUpperArm"] = CFrame.new(-0.0194,-0.1362,0.0351,0.9124,-0.0663,-0.4038,0.2117,0.9209,0.3272,0.3502,-0.3841,0.8543),
      ["RightLowerArm"] = CFrame.new(0.0000,0.0000,0.0033,1.0000,-0.0000,0.0000,0.0000,0.7686,-0.6398,0.0000,0.6398,0.7686),
      ["RightHand"] = CFrame.new(0.0000,0.0000,0.0000,0.9971,-0.0167,0.0744,0.0097,0.9956,0.0931,-0.0757,-0.0921,0.9929),
      ["LeftUpperLeg"] = CFrame.new(0.0000,0.0000,0.0000,0.9680,0.2477,-0.0414,0.0253,-0.2601,-0.9652,-0.2498,0.9333,-0.2581),
      ["LeftLowerLeg"] = CFrame.new(0.0000,0.0002,-0.0029,1.0000,-0.0000,0.0000,0.0000,0.4760,0.8794,-0.0000,-0.8794,0.4760),
      ["LeftFoot"] = CFrame.new(0.0000,-0.0002,0.0000,0.9960,-0.0837,-0.0318,0.0895,0.9340,0.3458,0.0008,-0.3472,0.9378),
      ["RightUpperLeg"] = CFrame.new(-0.0406,0.3538,-0.3112,0.9355,-0.2961,-0.1928,0.1430,0.8163,-0.5596,0.3231,0.4960,0.8060),
      ["RightLowerLeg"] = CFrame.new(0.0000,0.0000,-0.0030,1.0000,-0.0000,0.0000,0.0000,0.1548,0.9880,-0.0000,-0.9880,0.1548),
      ["RightFoot"] = CFrame.new(0.0000,0.0000,0.0000,0.9596,0.2630,0.1002,-0.0384,0.4750,-0.8792,-0.2788,0.8398,0.4659),
    }},
    {Time = 9.933, Data = {
      ["HumanoidRootPart"] = CFrame.new(0.0000,0.0000,0.0000,1.0000,0.0000,0.0000,0.0000,1.0000,0.0000,0.0000,0.0000,1.0000),
      ["LowerTorso"] = CFrame.new(0.0000,-0.8697,0.0000,1.0000,-0.0000,0.0000,0.0000,0.9331,0.3597,-0.0000,-0.3597,0.9331),
      ["UpperTorso"] = CFrame.new(0.0000,0.0000,0.0000,0.9431,-0.1547,0.2943,0.1155,0.9824,0.1465,-0.3118,-0.1042,0.9444),
      ["LeftUpperArm"] = CFrame.new(0.2042,-0.0518,0.0067,0.8735,-0.0076,-0.4868,-0.1328,0.9583,-0.2532,0.4684,0.2858,0.8360),
      ["LeftLowerArm"] = CFrame.new(-0.0005,-0.0001,0.0033,1.0000,-0.0000,0.0000,0.0000,0.6628,-0.7488,0.0000,0.7488,0.6628),
      ["LeftHand"] = CFrame.new(0.0000,0.0000,0.0000,0.9733,-0.2280,0.0252,0.2282,0.9736,-0.0058,-0.0232,0.0114,0.9997),
      ["Head"] = CFrame.new(0.0000,0.0000,0.0000,0.9431,0.1894,-0.2733,-0.1547,0.9775,0.1436,0.2943,-0.0931,0.9512),
      ["RightUpperArm"] = CFrame.new(-0.0195,-0.1359,0.0352,0.9126,-0.0691,-0.4029,0.2112,0.9236,0.3200,0.3500,-0.3771,0.8575),
      ["RightLowerArm"] = CFrame.new(0.0000,0.0000,0.0033,1.0000,-0.0000,0.0000,0.0000,0.7890,-0.6144,0.0000,0.6144,0.7890),
      ["RightHand"] = CFrame.new(0.0000,0.0000,0.0000,0.9971,-0.0176,0.0741,0.0108,0.9958,0.0912,-0.0754,-0.0901,0.9931),
      ["LeftUpperLeg"] = CFrame.new(0.0000,0.0000,0.0000,0.9680,0.2477,-0.0411,0.0253,-0.2593,-0.9655,-0.2498,0.9335,-0.2572),
      ["LeftLowerLeg"] = CFrame.new(0.0000,0.0002,-0.0029,1.0000,-0.0000,0.0000,0.0000,0.4769,0.8790,-0.0000,-0.8790,0.4769),
      ["LeftFoot"] = CFrame.new(0.0000,-0.0002,0.0000,0.9960,-0.0837,-0.0318,0.0895,0.9340,0.3458,0.0008,-0.3472,0.9378),
      ["RightUpperLeg"] = CFrame.new(-0.0406,0.3538,-0.3112,0.9356,-0.2959,-0.1929,0.1429,0.8165,-0.5594,0.3230,0.4958,0.8061),
      ["RightLowerLeg"] = CFrame.new(0.0000,0.0000,-0.0030,1.0000,-0.0000,0.0000,0.0000,0.1556,0.9878,-0.0000,-0.9878,0.1556),
      ["RightFoot"] = CFrame.new(0.0000,0.0000,0.0000,0.9596,0.2629,0.1002,-0.0385,0.4755,-0.8789,-0.2786,0.8395,0.4664),
    }},
    {Time = 9.967, Data = {
      ["HumanoidRootPart"] = CFrame.new(0.0000,0.0000,0.0000,1.0000,0.0000,0.0000,0.0000,1.0000,0.0000,0.0000,0.0000,1.0000),
      ["LowerTorso"] = CFrame.new(0.0000,-0.8693,0.0000,1.0000,-0.0000,0.0000,0.0000,0.9331,0.3597,-0.0000,-0.3597,0.9331),
      ["UpperTorso"] = CFrame.new(0.0000,0.0000,0.0000,0.9431,-0.1547,0.2943,0.1155,0.9824,0.1465,-0.3118,-0.1042,0.9444),
      ["LeftUpperArm"] = CFrame.new(0.2042,-0.0519,0.0066,0.8735,-0.0076,-0.4867,-0.1329,0.9582,-0.2535,0.4683,0.2861,0.8360),
      ["LeftLowerArm"] = CFrame.new(-0.0005,-0.0001,0.0033,1.0000,-0.0000,0.0000,0.0000,0.6632,-0.7484,0.0000,0.7484,0.6632),
      ["LeftHand"] = CFrame.new(0.0000,0.0000,0.0000,0.9733,-0.2280,0.0262,0.2283,0.9736,-0.0059,-0.0242,0.0117,0.9996),
      ["Head"] = CFrame.new(0.0000,0.0000,0.0000,0.9431,0.1882,-0.2741,-0.1547,0.9781,0.1393,0.2943,-0.0889,0.9516),
      ["RightUpperArm"] = CFrame.new(-0.0196,-0.1357,0.0353,0.9128,-0.0718,-0.4021,0.2108,0.9259,0.3134,0.3498,-0.3709,0.8603),
      ["RightLowerArm"] = CFrame.new(0.0000,0.0000,0.0033,1.0000,-0.0000,0.0000,0.0000,0.8074,-0.5901,0.0000,0.5901,0.8074),
      ["RightHand"] = CFrame.new(0.0000,0.0000,0.0000,0.9971,-0.0181,0.0739,0.0113,0.9959,0.0902,-0.0752,-0.0891,0.9932),
      ["LeftUpperLeg"] = CFrame.new(0.0000,0.0000,0.0000,0.9680,0.2477,-0.0410,0.0253,-0.2588,-0.9656,-0.2498,0.9336,-0.2568),
      ["LeftLowerLeg"] = CFrame.new(0.0000,0.0002,-0.0029,1.0000,-0.0000,0.0000,0.0000,0.4773,0.8787,-0.0000,-0.8787,0.4773),
      ["LeftFoot"] = CFrame.new(0.0000,-0.0002,0.0000,0.9960,-0.0836,-0.0318,0.0895,0.9341,0.3457,0.0008,-0.3472,0.9378),
      ["RightUpperLeg"] = CFrame.new(-0.0406,0.3538,-0.3112,0.9356,-0.2958,-0.1929,0.1428,0.8166,-0.5593,0.3229,0.4957,0.8062),
      ["RightLowerLeg"] = CFrame.new(0.0000,0.0000,-0.0030,1.0000,-0.0000,0.0000,0.0000,0.1561,0.9877,-0.0000,-0.9877,0.1561),
      ["RightFoot"] = CFrame.new(0.0000,0.0000,0.0000,0.9596,0.2628,0.1001,-0.0386,0.4758,-0.8787,-0.2786,0.8394,0.4667),
    }},
    {Time = 9.983, Data = {
      ["HumanoidRootPart"] = CFrame.new(0.0000,0.0000,0.0000,1.0000,0.0000,0.0000,0.0000,1.0000,0.0000,0.0000,0.0000,1.0000),
      ["LowerTorso"] = CFrame.new(0.0000,-0.8693,0.0000,1.0000,-0.0000,0.0000,0.0000,0.9331,0.3597,-0.0000,-0.3597,0.9331),
      ["UpperTorso"] = CFrame.new(0.0000,0.0000,0.0000,0.9431,-0.1547,0.2943,0.1155,0.9824,0.1465,-0.3118,-0.1042,0.9444),
      ["LeftUpperArm"] = CFrame.new(0.2042,-0.0519,0.0066,0.8735,-0.0076,-0.4867,-0.1330,0.9582,-0.2535,0.4683,0.2862,0.8360),
      ["LeftLowerArm"] = CFrame.new(-0.0005,-0.0001,0.0033,1.0000,-0.0000,0.0000,0.0000,0.6633,-0.7484,0.0000,0.7484,0.6633),
      ["LeftHand"] = CFrame.new(0.0000,0.0000,0.0000,0.9733,-0.2281,0.0263,0.2283,0.9736,-0.0059,-0.0243,0.0118,0.9996),
      ["Head"] = CFrame.new(0.0000,0.0000,0.0000,0.9431,0.1876,-0.2745,-0.1547,0.9784,0.1371,0.2943,-0.0868,0.9518),
      ["RightUpperArm"] = CFrame.new(-0.0196,-0.1356,0.0353,0.9129,-0.0729,-0.4017,0.2107,0.9269,0.3105,0.3497,-0.3681,0.8615),
      ["RightLowerArm"] = CFrame.new(0.0000,0.0000,0.0033,1.0000,-0.0000,0.0000,0.0000,0.8157,-0.5785,0.0000,0.5785,0.8157),
      ["RightHand"] = CFrame.new(0.0000,0.0000,0.0000,0.9971,-0.0181,0.0739,0.0114,0.9959,0.0901,-0.0752,-0.0890,0.9932),
      ["LeftUpperLeg"] = CFrame.new(0.0000,0.0000,0.0000,0.9680,0.2477,-0.0410,0.0253,-0.2588,-0.9656,-0.2498,0.9336,-0.2568),
      ["LeftLowerLeg"] = CFrame.new(0.0000,0.0002,-0.0029,1.0000,-0.0000,0.0000,0.0000,0.4773,0.8787,-0.0000,-0.8787,0.4773),
      ["LeftFoot"] = CFrame.new(0.0000,-0.0002,0.0000,0.9960,-0.0836,-0.0318,0.0895,0.9341,0.3457,0.0008,-0.3472,0.9378),
      ["RightUpperLeg"] = CFrame.new(-0.0406,0.3538,-0.3112,0.9356,-0.2958,-0.1929,0.1428,0.8166,-0.5593,0.3229,0.4957,0.8062),
      ["RightLowerLeg"] = CFrame.new(0.0000,0.0000,-0.0030,1.0000,-0.0000,0.0000,0.0000,0.1562,0.9877,-0.0000,-0.9877,0.1562),
      ["RightFoot"] = CFrame.new(0.0000,0.0000,0.0000,0.9596,0.2628,0.1001,-0.0386,0.4758,-0.8787,-0.2785,0.8394,0.4668),
    }},
  }
}
