return {
  ["122527854507551"] = {
    {Time = 0.000, Data = {
      ["HumanoidRootPart"] = CFrame.new(0.0000,0.0000,0.0000,1.0000,0.0000,0.0000,0.0000,1.0000,0.0000,0.0000,0.0000,1.0000),
      ["LowerTorso"] = CFrame.new(0.0000,-0.0402,-0.1930,0.9999,0.0052,-0.0156,-0.0164,0.3162,-0.9486,0.0000,0.9487,0.3162),
      ["UpperTorso"] = CFrame.new(0.0000,0.0000,0.0000,0.9743,-0.0241,0.2238,-0.0185,0.9823,0.1866,-0.2244,-0.1859,0.9566),
      ["LeftUpperArm"] = CFrame.new(0.0181,-0.0093,0.0206,0.9006,0.0554,0.4311,-0.4134,0.4153,0.8103,-0.1342,-0.9080,0.3969),
      ["LeftLowerArm"] = CFrame.new(-0.0005,0.0359,0.0066,1.0000,-0.0000,0.0000,0.0000,0.9331,-0.3595,0.0000,0.3595,0.9331),
      ["LeftHand"] = CFrame.new(0.0005,0.0000,0.0000,0.9924,0.1230,0.0012,-0.1220,0.9824,0.1416,0.0162,-0.1407,0.9899),
      ["Head"] = CFrame.new(1.9993,0.1210,-1.1152,0.9711,0.2178,-0.0974,-0.0098,0.4444,0.8958,0.2384,-0.8690,0.4337),
      ["RightUpperArm"] = CFrame.new(-0.0208,-0.0597,-0.0052,0.7046,-0.6613,-0.2574,0.5484,0.7376,-0.3939,0.4504,0.1364,0.8824),
      ["RightLowerArm"] = CFrame.new(0.0000,0.0999,0.1064,1.0000,-0.0000,0.0000,0.0000,-0.0652,-0.9979,0.0000,0.9979,-0.0652),
      ["RightHand"] = CFrame.new(-0.0005,0.0000,0.0000,1.0000,-0.0000,-0.0000,0.0000,1.0000,0.0000,0.0000,-0.0000,1.0000),
      ["LeftUpperLeg"] = CFrame.new(0.1478,0.0703,-0.2745,0.8886,0.0890,0.4500,0.2697,0.6922,-0.6694,-0.3710,0.7162,0.5911),
      ["LeftLowerLeg"] = CFrame.new(0.0000,0.0787,-0.0382,1.0000,-0.0000,0.0000,0.0000,0.6182,0.7860,-0.0000,-0.7860,0.6182),
      ["LeftFoot"] = CFrame.new(0.0000,-0.0002,0.0000,0.9978,0.0183,0.0645,-0.0344,0.9653,0.2587,-0.0575,-0.2603,0.9638),
      ["RightUpperLeg"] = CFrame.new(0.0515,0.0413,-0.1152,0.8184,0.3799,-0.4312,-0.4085,0.9123,0.0287,0.4043,0.1526,0.9018),
      ["RightLowerLeg"] = CFrame.new(0.0000,0.0498,-0.0134,1.0000,-0.0000,0.0000,0.0000,0.8668,0.4987,-0.0000,-0.4987,0.8668),
      ["RightFoot"] = CFrame.new(0.0000,0.0000,-0.0001,0.9977,0.0616,-0.0297,-0.0485,0.9438,0.3268,0.0481,-0.3246,0.9446),
    }},
    {Time = 0.033, Data = {
      ["HumanoidRootPart"] = CFrame.new(0.0000,0.0000,0.0000,1.0000,0.0000,0.0000,0.0000,1.0000,0.0000,0.0000,0.0000,1.0000),
      ["LowerTorso"] = CFrame.new(0.0001,-0.0405,-0.1929,0.9999,0.0051,-0.0153,-0.0161,0.3162,-0.9485,0.0000,0.9487,0.3163),
      ["UpperTorso"] = CFrame.new(0.0000,0.0000,0.0000,0.9746,-0.0270,0.2224,-0.0148,0.9827,0.1844,-0.2235,-0.1830,0.9574),
      ["LeftUpperArm"] = CFrame.new(0.0162,-0.0084,0.0185,0.8991,0.0530,0.4346,-0.4151,0.4182,0.8079,-0.1389,-0.9068,0.3980),
      ["LeftLowerArm"] = CFrame.new(-0.0005,0.0366,0.0069,1.0000,-0.0000,0.0000,0.0000,0.9301,-0.3672,0.0000,0.3672,0.9301),
      ["LeftHand"] = CFrame.new(0.0005,0.0000,0.0000,0.9925,0.1226,0.0011,-0.1215,0.9825,0.1414,0.0163,-0.1404,0.9900),
      ["Head"] = CFrame.new(1.9989,0.1201,-1.1138,0.9734,0.2174,-0.0724,-0.0326,0.4442,0.8953,0.2268,-0.8692,0.4395),
      ["RightUpperArm"] = CFrame.new(-0.0195,-0.0608,-0.0029,0.7052,-0.6630,-0.2512,0.5498,0.7351,-0.3967,0.4477,0.1416,0.8829),
      ["RightLowerArm"] = CFrame.new(0.0000,0.0999,0.1059,1.0000,-0.0000,0.0000,0.0000,-0.0601,-0.9982,0.0000,0.9982,-0.0601),
      ["RightHand"] = CFrame.new(-0.0005,0.0000,0.0000,1.0000,-0.0003,0.0003,0.0003,1.0000,-0.0000,-0.0003,0.0000,1.0000),
      ["LeftUpperLeg"] = CFrame.new(0.1490,0.0728,-0.2756,0.8895,0.0874,0.4485,0.2717,0.6881,-0.6729,-0.3674,0.7204,0.5883),
      ["LeftLowerLeg"] = CFrame.new(0.0000,0.0783,-0.0378,1.0000,-0.0000,0.0000,0.0000,0.6229,0.7823,-0.0000,-0.7823,0.6229),
      ["LeftFoot"] = CFrame.new(0.0000,-0.0002,0.0000,0.9982,0.0176,0.0573,-0.0318,0.9659,0.2571,-0.0508,-0.2584,0.9647),
      ["RightUpperLeg"] = CFrame.new(0.0520,0.0414,-0.1160,0.8174,0.3797,-0.4332,-0.4109,0.9114,0.0235,0.4038,0.1588,0.9010),
      ["RightLowerLeg"] = CFrame.new(0.0000,0.0492,-0.0131,1.0000,-0.0000,0.0000,0.0000,0.8704,0.4924,-0.0000,-0.4924,0.8704),
      ["RightFoot"] = CFrame.new(0.0000,0.0000,-0.0001,0.9981,0.0558,-0.0262,-0.0447,0.9475,0.3165,0.0425,-0.3148,0.9482),
    }},
    {Time = 0.067, Data = {
      ["HumanoidRootPart"] = CFrame.new(0.0000,0.0000,0.0000,1.0000,0.0000,0.0000,0.0000,1.0000,0.0000,0.0000,0.0000,1.0000),
      ["LowerTorso"] = CFrame.new(0.0003,-0.0413,-0.1924,0.9999,0.0048,-0.0144,-0.0152,0.3164,-0.9485,0.0000,0.9486,0.3164),
      ["UpperTorso"] = CFrame.new(0.0000,0.0000,0.0000,0.9749,-0.0297,0.2207,-0.0112,0.9832,0.1822,-0.2224,-0.1801,0.9582),
      ["LeftUpperArm"] = CFrame.new(0.0143,-0.0076,0.0167,0.8975,0.0511,0.4380,-0.4170,0.4211,0.8054,-0.1433,-0.9056,0.3993),
      ["LeftLowerArm"] = CFrame.new(-0.0005,0.0374,0.0073,1.0000,-0.0000,0.0000,0.0000,0.9271,-0.3748,0.0000,0.3748,0.9271),
      ["LeftHand"] = CFrame.new(0.0005,0.0000,0.0000,0.9926,0.1214,0.0006,-0.1203,0.9827,0.1406,0.0164,-0.1396,0.9901),
      ["Head"] = CFrame.new(1.9978,0.1176,-1.1098,0.9764,0.2161,-0.0017,-0.0967,0.4438,0.8909,0.1933,-0.8697,0.4542),
      ["RightUpperArm"] = CFrame.new(-0.0186,-0.0615,-0.0003,0.7062,-0.6643,-0.2451,0.5508,0.7329,-0.3994,0.4449,0.1470,0.8834),
      ["RightLowerArm"] = CFrame.new(0.0000,0.0999,0.1054,1.0000,-0.0000,0.0000,0.0000,-0.0550,-0.9985,0.0000,0.9985,-0.0550),
      ["RightHand"] = CFrame.new(-0.0005,0.0000,0.0000,1.0000,-0.0011,0.0013,0.0011,1.0000,-0.0001,-0.0013,0.0001,1.0000),
      ["LeftUpperLeg"] = CFrame.new(0.1503,0.0753,-0.2766,0.8903,0.0858,0.4471,0.2737,0.6840,-0.6762,-0.3638,0.7245,0.5855),
      ["LeftLowerLeg"] = CFrame.new(0.0000,0.0780,-0.0373,1.0000,-0.0000,0.0000,0.0000,0.6276,0.7786,-0.0000,-0.7786,0.6276),
      ["LeftFoot"] = CFrame.new(0.0000,-0.0002,0.0000,0.9986,0.0169,0.0501,-0.0291,0.9664,0.2554,-0.0441,-0.2565,0.9655),
      ["RightUpperLeg"] = CFrame.new(0.0525,0.0415,-0.1168,0.8164,0.3794,-0.4353,-0.4132,0.9104,0.0185,0.4033,0.1648,0.9001),
      ["RightLowerLeg"] = CFrame.new(0.0000,0.0486,-0.0127,1.0000,-0.0000,0.0000,0.0000,0.8739,0.4861,-0.0000,-0.4861,0.8739),
      ["RightFoot"] = CFrame.new(0.0000,0.0000,-0.0001,0.9985,0.0501,-0.0227,-0.0408,0.9510,0.3064,0.0369,-0.3050,0.9516),
    }},
    {Time = 0.100, Data = {
      ["HumanoidRootPart"] = CFrame.new(0.0000,0.0000,0.0000,1.0000,0.0000,0.0000,0.0000,1.0000,0.0000,0.0000,0.0000,1.0000),
      ["LowerTorso"] = CFrame.new(0.0007,-0.0427,-0.1916,0.9999,0.0043,-0.0129,-0.0136,0.3167,-0.9484,0.0000,0.9485,0.3167),
      ["UpperTorso"] = CFrame.new(0.0000,0.0000,0.0000,0.9752,-0.0323,0.2188,-0.0078,0.9836,0.1800,-0.2210,-0.1773,0.9590),
      ["LeftUpperArm"] = CFrame.new(0.0124,-0.0069,0.0150,0.8959,0.0497,0.4415,-0.4191,0.4240,0.8029,-0.1473,-0.9043,0.4007),
      ["LeftLowerArm"] = CFrame.new(-0.0005,0.0381,0.0076,1.0000,-0.0000,0.0000,0.0000,0.9241,-0.3822,0.0000,0.3822,0.9241),
      ["LeftHand"] = CFrame.new(0.0005,0.0000,0.0000,0.9928,0.1194,-0.0001,-0.1182,0.9832,0.1392,0.0167,-0.1382,0.9903),
      ["Head"] = CFrame.new(1.9963,0.1138,-1.1036,0.9709,0.2140,0.1076,-0.1947,0.4434,0.8750,0.1395,-0.8704,0.4721),
      ["RightUpperArm"] = CFrame.new(-0.0181,-0.0617,0.0024,0.7074,-0.6652,-0.2390,0.5516,0.7309,-0.4019,0.4420,0.1525,0.8840),
      ["RightLowerArm"] = CFrame.new(0.0000,0.1000,0.1049,1.0000,-0.0000,0.0000,0.0000,-0.0500,-0.9987,0.0000,0.9987,-0.0500),
      ["RightHand"] = CFrame.new(-0.0005,0.0000,0.0000,1.0000,-0.0025,0.0030,0.0025,1.0000,-0.0002,-0.0030,0.0002,1.0000),
      ["LeftUpperLeg"] = CFrame.new(0.1515,0.0778,-0.2776,0.8912,0.0842,0.4458,0.2756,0.6799,-0.6795,-0.3603,0.7284,0.5827),
      ["LeftLowerLeg"] = CFrame.new(0.0000,0.0776,-0.0368,1.0000,-0.0000,0.0000,0.0000,0.6321,0.7749,-0.0000,-0.7749,0.6321),
      ["LeftFoot"] = CFrame.new(0.0000,-0.0002,0.0000,0.9989,0.0162,0.0431,-0.0266,0.9669,0.2538,-0.0376,-0.2547,0.9663),
      ["RightUpperLeg"] = CFrame.new(0.0530,0.0416,-0.1175,0.8155,0.3791,-0.4373,-0.4155,0.9095,0.0135,0.4028,0.1707,0.8992),
      ["RightLowerLeg"] = CFrame.new(0.0000,0.0480,-0.0124,1.0000,-0.0000,0.0000,0.0000,0.8773,0.4799,-0.0000,-0.4799,0.8773),
      ["RightFoot"] = CFrame.new(0.0000,0.0000,-0.0001,0.9988,0.0446,-0.0192,-0.0369,0.9544,0.2964,0.0315,-0.2953,0.9549),
    }},
    {Time = 0.133, Data = {
      ["HumanoidRootPart"] = CFrame.new(0.0000,0.0000,0.0000,1.0000,0.0000,0.0000,0.0000,1.0000,0.0000,0.0000,0.0000,1.0000),
      ["LowerTorso"] = CFrame.new(0.0012,-0.0446,-0.1905,0.9999,0.0036,-0.0109,-0.0115,0.3170,-0.9483,0.0001,0.9484,0.3171),
      ["UpperTorso"] = CFrame.new(0.0000,0.0000,0.0000,0.9756,-0.0346,0.2167,-0.0046,0.9840,0.1779,-0.2194,-0.1746,0.9599),
      ["LeftUpperArm"] = CFrame.new(0.0106,-0.0064,0.0136,0.8943,0.0488,0.4448,-0.4213,0.4267,0.8002,-0.1508,-0.9031,0.4022),
      ["LeftLowerArm"] = CFrame.new(-0.0005,0.0388,0.0078,1.0000,-0.0000,0.0000,0.0000,0.9211,-0.3893,0.0000,0.3893,0.9211),
      ["LeftHand"] = CFrame.new(0.0005,0.0000,0.0000,0.9932,0.1166,-0.0011,-0.1153,0.9838,0.1373,0.0171,-0.1362,0.9905),
      ["Head"] = CFrame.new(1.9945,0.1091,-1.0955,0.9457,0.2111,0.2471,-0.3179,0.4432,0.8382,0.0674,-0.8712,0.4862),
      ["RightUpperArm"] = CFrame.new(-0.0181,-0.0616,0.0053,0.7090,-0.6656,-0.2330,0.5519,0.7294,-0.4042,0.4390,0.1580,0.8845),
      ["RightLowerArm"] = CFrame.new(0.0000,0.1000,0.1044,1.0000,-0.0000,0.0000,0.0000,-0.0452,-0.9990,0.0000,0.9990,-0.0452),
      ["RightHand"] = CFrame.new(-0.0005,0.0000,0.0000,1.0000,-0.0044,0.0052,0.0044,1.0000,-0.0003,-0.0052,0.0003,1.0000),
      ["LeftUpperLeg"] = CFrame.new(0.1527,0.0802,-0.2785,0.8920,0.0827,0.4444,0.2775,0.6760,-0.6827,-0.3569,0.7323,0.5800),
      ["LeftLowerLeg"] = CFrame.new(0.0000,0.0773,-0.0364,1.0000,-0.0000,0.0000,0.0000,0.6364,0.7713,-0.0000,-0.7713,0.6364),
      ["LeftFoot"] = CFrame.new(0.0000,-0.0002,0.0000,0.9992,0.0154,0.0364,-0.0241,0.9674,0.2523,-0.0313,-0.2529,0.9670),
      ["RightUpperLeg"] = CFrame.new(0.0535,0.0417,-0.1182,0.8146,0.3788,-0.4392,-0.4178,0.9085,0.0087,0.4024,0.1764,0.8983),
      ["RightLowerLeg"] = CFrame.new(0.0000,0.0474,-0.0120,1.0000,-0.0000,0.0000,0.0000,0.8806,0.4739,-0.0000,-0.4739,0.8806),
      ["RightFoot"] = CFrame.new(0.0000,0.0000,-0.0001,0.9991,0.0393,-0.0158,-0.0331,0.9574,0.2867,0.0264,-0.2860,0.9579),
    }},
    {Time = 0.167, Data = {
      ["HumanoidRootPart"] = CFrame.new(0.0000,0.0000,0.0000,1.0000,0.0000,0.0000,0.0000,1.0000,0.0000,0.0000,0.0000,1.0000),
      ["LowerTorso"] = CFrame.new(0.0019,-0.0471,-0.1892,1.0000,0.0027,-0.0084,-0.0088,0.3175,-0.9482,0.0001,0.9483,0.3175),
      ["UpperTorso"] = CFrame.new(0.0000,0.0000,0.0000,0.9760,-0.0366,0.2145,-0.0017,0.9844,0.1759,-0.2176,-0.1720,0.9608),
      ["LeftUpperArm"] = CFrame.new(0.0088,-0.0060,0.0124,0.8927,0.0485,0.4481,-0.4237,0.4293,0.7976,-0.1537,-0.9019,0.4038),
      ["LeftLowerArm"] = CFrame.new(-0.0005,0.0395,0.0081,1.0000,-0.0000,0.0000,0.0000,0.9182,-0.3961,0.0000,0.3961,0.9182),
      ["LeftHand"] = CFrame.new(0.0005,0.0000,0.0000,0.9936,0.1130,-0.0023,-0.1117,0.9845,0.1349,0.0176,-0.1338,0.9909),
      ["Head"] = CFrame.new(1.9926,0.1037,-1.0860,0.8899,0.2075,0.4063,-0.4558,0.4436,0.7717,-0.0201,-0.8719,0.4893),
      ["RightUpperArm"] = CFrame.new(-0.0185,-0.0611,0.0084,0.7110,-0.6655,-0.2272,0.5518,0.7283,-0.4063,0.4359,0.1635,0.8850),
      ["RightLowerArm"] = CFrame.new(0.0000,0.1000,0.1040,1.0000,-0.0000,0.0000,0.0000,-0.0406,-0.9992,0.0000,0.9992,-0.0406),
      ["RightHand"] = CFrame.new(-0.0005,0.0000,0.0000,0.9999,-0.0068,0.0081,0.0068,1.0000,-0.0005,-0.0081,0.0006,1.0000),
      ["LeftUpperLeg"] = CFrame.new(0.1538,0.0825,-0.2794,0.8927,0.0813,0.4432,0.2792,0.6722,-0.6857,-0.3536,0.7359,0.5774),
      ["LeftLowerLeg"] = CFrame.new(0.0000,0.0769,-0.0360,1.0000,-0.0000,0.0000,0.0000,0.6406,0.7679,-0.0000,-0.7679,0.6406),
      ["LeftFoot"] = CFrame.new(0.0000,-0.0002,0.0000,0.9994,0.0148,0.0299,-0.0218,0.9678,0.2507,-0.0253,-0.2513,0.9676),
      ["RightUpperLeg"] = CFrame.new(0.0539,0.0418,-0.1189,0.8137,0.3785,-0.4411,-0.4199,0.9076,0.0042,0.4019,0.1818,0.8975),
      ["RightLowerLeg"] = CFrame.new(0.0000,0.0468,-0.0117,1.0000,-0.0000,0.0000,0.0000,0.8836,0.4682,-0.0000,-0.4682,0.8836),
      ["RightFoot"] = CFrame.new(0.0000,0.0000,-0.0001,0.9993,0.0342,-0.0124,-0.0295,0.9603,0.2775,0.0214,-0.2770,0.9606),
    }},
    {Time = 0.200, Data = {
      ["HumanoidRootPart"] = CFrame.new(0.0000,0.0000,0.0000,1.0000,0.0000,0.0000,0.0000,1.0000,0.0000,0.0000,0.0000,1.0000),
      ["LowerTorso"] = CFrame.new(0.0027,-0.0500,-0.1875,1.0000,0.0017,-0.0053,-0.0056,0.3181,-0.9481,0.0001,0.9481,0.3181),
      ["UpperTorso"] = CFrame.new(0.0000,0.0000,0.0000,0.9765,-0.0384,0.2122,0.0010,0.9848,0.1739,-0.2156,-0.1696,0.9616),
      ["LeftUpperArm"] = CFrame.new(0.0071,-0.0057,0.0114,0.8911,0.0486,0.4512,-0.4261,0.4318,0.7950,-0.1562,-0.9007,0.4055),
      ["LeftLowerArm"] = CFrame.new(-0.0005,0.0402,0.0084,1.0000,-0.0000,0.0000,0.0000,0.9154,-0.4024,0.0000,0.4024,0.9154),
      ["LeftHand"] = CFrame.new(0.0005,0.0000,0.0000,0.9941,0.1088,-0.0038,-0.1073,0.9854,0.1320,0.0181,-0.1308,0.9912),
      ["Head"] = CFrame.new(1.9909,0.0979,-1.0755,0.7944,0.2033,0.5724,-0.5958,0.4448,0.6688,-0.1186,-0.8723,0.4744),
      ["RightUpperArm"] = CFrame.new(-0.0193,-0.0601,0.0115,0.7133,-0.6649,-0.2217,0.5513,0.7276,-0.4082,0.4327,0.1689,0.8856),
      ["RightLowerArm"] = CFrame.new(0.0000,0.1000,0.1035,1.0000,-0.0000,0.0000,0.0000,-0.0363,-0.9993,0.0000,0.9993,-0.0363),
      ["RightHand"] = CFrame.new(-0.0005,0.0000,0.0000,0.9999,-0.0097,0.0115,0.0097,1.0000,-0.0007,-0.0115,0.0008,0.9999),
      ["LeftUpperLeg"] = CFrame.new(0.1549,0.0846,-0.2803,0.8934,0.0799,0.4420,0.2808,0.6687,-0.6885,-0.3506,0.7393,0.5750),
      ["LeftLowerLeg"] = CFrame.new(0.0000,0.0766,-0.0356,1.0000,-0.0000,0.0000,0.0000,0.6444,0.7646,-0.0000,-0.7646,0.6444),
      ["LeftFoot"] = CFrame.new(0.0000,-0.0002,0.0000,0.9996,0.0141,0.0238,-0.0196,0.9682,0.2493,-0.0196,-0.2497,0.9681),
      ["RightUpperLeg"] = CFrame.new(0.0543,0.0419,-0.1196,0.8129,0.3782,-0.4428,-0.4219,0.9066,-0.0001,0.4014,0.1869,0.8966),
      ["RightLowerLeg"] = CFrame.new(0.0000,0.0463,-0.0114,1.0000,-0.0000,0.0000,0.0000,0.8865,0.4627,-0.0000,-0.4627,0.8865),
      ["RightFoot"] = CFrame.new(0.0000,0.0000,-0.0001,0.9995,0.0295,-0.0093,-0.0260,0.9628,0.2688,0.0169,-0.2685,0.9631),
    }},
    {Time = 0.233, Data = {
      ["HumanoidRootPart"] = CFrame.new(0.0000,0.0000,0.0000,1.0000,0.0000,0.0000,0.0000,1.0000,0.0000,0.0000,0.0000,1.0000),
      ["LowerTorso"] = CFrame.new(0.0037,-0.0533,-0.1856,1.0000,0.0005,-0.0018,-0.0019,0.3187,-0.9479,0.0001,0.9479,0.3187),
      ["UpperTorso"] = CFrame.new(0.0000,0.0000,0.0000,0.9769,-0.0399,0.2097,0.0033,0.9851,0.1721,-0.2135,-0.1674,0.9625),
      ["LeftUpperArm"] = CFrame.new(0.0055,-0.0058,0.0107,0.8896,0.0493,0.4541,-0.4286,0.4340,0.7924,-0.1580,-0.8996,0.4072),
      ["LeftLowerArm"] = CFrame.new(-0.0005,0.0407,0.0087,1.0000,-0.0000,0.0000,0.0000,0.9128,-0.4083,0.0000,0.4083,0.9128),
      ["LeftHand"] = CFrame.new(0.0005,0.0000,0.0000,0.9946,0.1039,-0.0055,-0.1023,0.9864,0.1287,0.0188,-0.1274,0.9917),
      ["Head"] = CFrame.new(1.9896,0.0922,-1.0643,0.6533,0.1989,0.7305,-0.7238,0.4470,0.5256,-0.2220,-0.8721,0.4360),
      ["RightUpperArm"] = CFrame.new(-0.0205,-0.0587,0.0148,0.7159,-0.6638,-0.2165,0.5505,0.7273,-0.4099,0.4295,0.1742,0.8861),
      ["RightLowerArm"] = CFrame.new(0.0000,0.1000,0.1031,1.0000,-0.0000,0.0000,0.0000,-0.0323,-0.9995,0.0000,0.9995,-0.0323),
      ["RightHand"] = CFrame.new(-0.0005,0.0000,0.0000,0.9998,-0.0131,0.0155,0.0131,0.9999,-0.0009,-0.0155,0.0011,0.9999),
      ["LeftUpperLeg"] = CFrame.new(0.1559,0.0866,-0.2811,0.8941,0.0786,0.4409,0.2823,0.6653,-0.6911,-0.3477,0.7424,0.5727),
      ["LeftLowerLeg"] = CFrame.new(0.0000,0.0763,-0.0353,1.0000,-0.0000,0.0000,0.0000,0.6480,0.7616,-0.0000,-0.7616,0.6480),
      ["LeftFoot"] = CFrame.new(0.0000,-0.0002,0.0000,0.9997,0.0135,0.0182,-0.0176,0.9686,0.2480,-0.0143,-0.2482,0.9686),
      ["RightUpperLeg"] = CFrame.new(0.0547,0.0420,-0.1202,0.8122,0.3780,-0.4444,-0.4238,0.9058,-0.0041,0.4010,0.1917,0.8958),
      ["RightLowerLeg"] = CFrame.new(0.0000,0.0457,-0.0112,1.0000,-0.0000,0.0000,0.0000,0.8891,0.4577,-0.0000,-0.4577,0.8891),
      ["RightFoot"] = CFrame.new(0.0000,0.0000,-0.0001,0.9997,0.0252,-0.0063,-0.0227,0.9651,0.2608,0.0126,-0.2605,0.9654),
    }},
    {Time = 0.267, Data = {
      ["HumanoidRootPart"] = CFrame.new(0.0000,0.0000,0.0000,1.0000,0.0000,0.0000,0.0000,1.0000,0.0000,0.0000,0.0000,1.0000),
      ["LowerTorso"] = CFrame.new(0.0047,-0.0571,-0.1835,1.0000,-0.0009,0.0021,0.0023,0.3194,-0.9476,0.0002,0.9476,0.3194),
      ["UpperTorso"] = CFrame.new(0.0000,0.0000,0.0000,0.9774,-0.0411,0.2072,0.0054,0.9854,0.1704,-0.2111,-0.1655,0.9633),
      ["LeftUpperArm"] = CFrame.new(0.0040,-0.0058,0.0103,0.8881,0.0506,0.4569,-0.4312,0.4360,0.7899,-0.1593,-0.8985,0.4091),
      ["LeftLowerArm"] = CFrame.new(-0.0005,0.0413,0.0089,1.0000,-0.0000,0.0000,0.0000,0.9104,-0.4136,0.0000,0.4136,0.9104),
      ["LeftHand"] = CFrame.new(0.0005,0.0000,0.0000,0.9951,0.0983,-0.0074,-0.0966,0.9875,0.1249,0.0196,-0.1236,0.9921),
      ["Head"] = CFrame.new(1.9888,0.0867,-1.0527,0.4641,0.1945,0.8642,-0.8248,0.4506,0.3415,-0.3229,-0.8713,0.3696),
      ["RightUpperArm"] = CFrame.new(-0.0222,-0.0570,0.0181,0.7187,-0.6623,-0.2117,0.5493,0.7274,-0.4113,0.4264,0.1793,0.8866),
      ["RightLowerArm"] = CFrame.new(0.0000,0.1000,0.1028,1.0000,-0.0000,0.0000,0.0000,-0.0286,-0.9996,0.0000,0.9996,-0.0286),
      ["RightHand"] = CFrame.new(-0.0005,0.0000,0.0000,0.9997,-0.0169,0.0200,0.0169,0.9999,-0.0011,-0.0199,0.0015,0.9998),
      ["LeftUpperLeg"] = CFrame.new(0.1568,0.0884,-0.2818,0.8947,0.0774,0.4399,0.2837,0.6623,-0.6935,-0.3451,0.7452,0.5706),
      ["LeftLowerLeg"] = CFrame.new(0.0000,0.0760,-0.0349,1.0000,-0.0000,0.0000,0.0000,0.6513,0.7589,-0.0000,-0.7589,0.6513),
      ["LeftFoot"] = CFrame.new(0.0000,-0.0002,0.0000,0.9998,0.0129,0.0131,-0.0158,0.9690,0.2467,-0.0095,-0.2469,0.9690),
      ["RightUpperLeg"] = CFrame.new(0.0551,0.0421,-0.1208,0.8115,0.3777,-0.4459,-0.4255,0.9049,-0.0077,0.4006,0.1959,0.8950),
      ["RightLowerLeg"] = CFrame.new(0.0000,0.0453,-0.0109,1.0000,-0.0000,0.0000,0.0000,0.8915,0.4531,-0.0000,-0.4531,0.8915),
      ["RightFoot"] = CFrame.new(0.0000,0.0000,-0.0001,0.9998,0.0213,-0.0035,-0.0197,0.9672,0.2534,0.0088,-0.2533,0.9673),
    }},
    {Time = 0.300, Data = {
      ["HumanoidRootPart"] = CFrame.new(0.0000,0.0000,0.0000,1.0000,0.0000,0.0000,0.0000,1.0000,0.0000,0.0000,0.0000,1.0000),
      ["LowerTorso"] = CFrame.new(0.0059,-0.0612,-0.1811,1.0000,-0.0024,0.0065,0.0069,0.3202,-0.9473,0.0002,0.9473,0.3202),
      ["UpperTorso"] = CFrame.new(0.0000,0.0000,0.0000,0.9780,-0.0420,0.2046,0.0070,0.9856,0.1689,-0.2087,-0.1637,0.9642),
      ["LeftUpperArm"] = CFrame.new(0.0026,-0.0059,0.0102,0.8867,0.0523,0.4594,-0.4338,0.4378,0.7875,-0.1599,-0.8975,0.4109),
      ["LeftLowerArm"] = CFrame.new(-0.0005,0.0417,0.0091,1.0000,-0.0000,0.0000,0.0000,0.9083,-0.4184,0.0000,0.4184,0.9083),
      ["LeftHand"] = CFrame.new(0.0005,0.0000,0.0000,0.9957,0.0922,-0.0095,-0.0904,0.9886,0.1208,0.0205,-0.1194,0.9926),
      ["Head"] = CFrame.new(1.9887,0.0819,-1.0413,0.2277,0.1907,0.9549,-0.8822,0.4555,0.1194,-0.4122,-0.8695,0.2720),
      ["RightUpperArm"] = CFrame.new(-0.0243,-0.0549,0.0215,0.7217,-0.6604,-0.2074,0.5477,0.7280,-0.4124,0.4233,0.1840,0.8871),
      ["RightLowerArm"] = CFrame.new(0.0000,0.1000,0.1024,1.0000,-0.0000,0.0000,0.0000,-0.0254,-0.9997,0.0000,0.9997,-0.0254),
      ["RightHand"] = CFrame.new(-0.0005,0.0000,0.0000,0.9995,-0.0210,0.0249,0.0211,0.9998,-0.0014,-0.0248,0.0019,0.9997),
      ["LeftUpperLeg"] = CFrame.new(0.1576,0.0901,-0.2824,0.8952,0.0764,0.4391,0.2848,0.6596,-0.6955,-0.3428,0.7477,0.5687),
      ["LeftLowerLeg"] = CFrame.new(0.0000,0.0758,-0.0346,1.0000,-0.0000,0.0000,0.0000,0.6541,0.7564,-0.0000,-0.7564,0.6541),
      ["LeftFoot"] = CFrame.new(0.0000,-0.0002,0.0000,0.9999,0.0124,0.0086,-0.0141,0.9693,0.2456,-0.0052,-0.2457,0.9693),
      ["RightUpperLeg"] = CFrame.new(0.0554,0.0421,-0.1213,0.8109,0.3775,-0.4472,-0.4269,0.9042,-0.0109,0.4003,0.1998,0.8944),
      ["RightLowerLeg"] = CFrame.new(0.0000,0.0449,-0.0107,1.0000,-0.0000,0.0000,0.0000,0.8935,0.4490,-0.0000,-0.4490,0.8935),
      ["RightFoot"] = CFrame.new(0.0000,0.0000,-0.0001,0.9998,0.0178,-0.0011,-0.0170,0.9689,0.2469,0.0054,-0.2468,0.9690),
    }},
    {Time = 0.333, Data = {
      ["HumanoidRootPart"] = CFrame.new(0.0000,0.0000,0.0000,1.0000,0.0000,0.0000,0.0000,1.0000,0.0000,0.0000,0.0000,1.0000),
      ["LowerTorso"] = CFrame.new(0.0072,-0.0657,-0.1786,0.9999,-0.0040,0.0112,0.0119,0.3210,-0.9470,0.0002,0.9471,0.3210),
      ["UpperTorso"] = CFrame.new(0.0000,0.0000,0.0000,0.9785,-0.0426,0.2019,0.0083,0.9858,0.1675,-0.2062,-0.1622,0.9650),
      ["LeftUpperArm"] = CFrame.new(0.0014,-0.0063,0.0104,0.8854,0.0546,0.4616,-0.4364,0.4394,0.7852,-0.1600,-0.8967,0.4128),
      ["LeftLowerArm"] = CFrame.new(-0.0005,0.0422,0.0093,1.0000,-0.0000,0.0000,0.0000,0.9064,-0.4225,0.0000,0.4225,0.9064),
      ["LeftHand"] = CFrame.new(0.0005,0.0000,0.0000,0.9963,0.0856,-0.0117,-0.0836,0.9897,0.1163,0.0215,-0.1148,0.9932),
      ["Head"] = CFrame.new(1.9888,0.0778,-1.0302,-0.0449,0.1882,0.9811,-0.8776,0.4618,-0.1287,-0.4773,-0.8668,0.1444),
      ["RightUpperArm"] = CFrame.new(-0.0267,-0.0525,0.0248,0.7249,-0.6581,-0.2035,0.5457,0.7290,-0.4132,0.4203,0.1885,0.8876),
      ["RightLowerArm"] = CFrame.new(0.0000,0.1000,0.1022,1.0000,-0.0000,0.0000,0.0000,-0.0226,-0.9997,0.0000,0.9997,-0.0226),
      ["RightHand"] = CFrame.new(-0.0005,0.0000,0.0000,0.9992,-0.0255,0.0302,0.0255,0.9997,-0.0016,-0.0301,0.0023,0.9995),
      ["LeftUpperLeg"] = CFrame.new(0.1583,0.0915,-0.2830,0.8956,0.0755,0.4383,0.2859,0.6573,-0.6973,-0.3407,0.7499,0.5671),
      ["LeftLowerLeg"] = CFrame.new(0.0000,0.0755,-0.0344,1.0000,-0.0000,0.0000,0.0000,0.6566,0.7542,-0.0000,-0.7542,0.6566),
      ["LeftFoot"] = CFrame.new(0.0000,-0.0002,0.0000,0.9999,0.0120,0.0046,-0.0127,0.9695,0.2446,-0.0016,-0.2447,0.9696),
      ["RightUpperLeg"] = CFrame.new(0.0557,0.0422,-0.1217,0.8103,0.3773,-0.4483,-0.4282,0.9036,-0.0137,0.3999,0.2031,0.8938),
      ["RightLowerLeg"] = CFrame.new(0.0000,0.0445,-0.0106,1.0000,-0.0000,0.0000,0.0000,0.8953,0.4454,-0.0000,-0.4454,0.8953),
      ["RightFoot"] = CFrame.new(0.0000,0.0000,-0.0001,0.9999,0.0148,0.0011,-0.0146,0.9704,0.2412,0.0025,-0.2412,0.9705),
    }},
    {Time = 0.367, Data = {
      ["HumanoidRootPart"] = CFrame.new(0.0000,0.0000,0.0000,1.0000,0.0000,0.0000,0.0000,1.0000,0.0000,0.0000,0.0000,1.0000),
      ["LowerTorso"] = CFrame.new(0.0085,-0.0705,-0.1759,0.9999,-0.0057,0.0162,0.0171,0.3219,-0.9466,0.0002,0.9468,0.3219),
      ["UpperTorso"] = CFrame.new(0.0000,0.0000,0.0000,0.9790,-0.0427,0.1993,0.0092,0.9860,0.1664,-0.2036,-0.1610,0.9657),
      ["LeftUpperArm"] = CFrame.new(0.0003,-0.0068,0.0108,0.8843,0.0573,0.4635,-0.4390,0.4406,0.7831,-0.1594,-0.8959,0.4147),
      ["LeftLowerArm"] = CFrame.new(-0.0005,0.0425,0.0095,1.0000,-0.0000,0.0000,0.0000,0.9048,-0.4259,0.0000,0.4259,0.9048),
      ["LeftHand"] = CFrame.new(0.0005,0.0000,0.0000,0.9968,0.0785,-0.0140,-0.0765,0.9908,0.1114,0.0226,-0.1100,0.9937),
      ["Head"] = CFrame.new(1.9889,0.0741,-1.0195,-0.3286,0.1876,0.9257,-0.7983,0.4686,-0.3783,-0.5047,-0.8633,-0.0042),
      ["RightUpperArm"] = CFrame.new(-0.0294,-0.0497,0.0281,0.7283,-0.6554,-0.2002,0.5435,0.7303,-0.4138,0.4174,0.1926,0.8881),
      ["RightLowerArm"] = CFrame.new(0.0000,0.1000,0.1019,1.0000,-0.0000,0.0000,0.0000,-0.0203,-0.9998,0.0000,0.9998,-0.0203),
      ["RightHand"] = CFrame.new(-0.0005,0.0000,0.0000,0.9989,-0.0302,0.0358,0.0303,0.9995,-0.0018,-0.0357,0.0029,0.9994),
      ["LeftUpperLeg"] = CFrame.new(0.1589,0.0926,-0.2835,0.8960,0.0747,0.4377,0.2867,0.6553,-0.6988,-0.3391,0.7517,0.5657),
      ["LeftLowerLeg"] = CFrame.new(0.0000,0.0754,-0.0342,1.0000,-0.0000,0.0000,0.0000,0.6587,0.7524,-0.0000,-0.7524,0.6587),
      ["LeftFoot"] = CFrame.new(0.0000,-0.0002,0.0000,0.9999,0.0116,0.0013,-0.0116,0.9697,0.2438,0.0015,-0.2438,0.9698),
      ["RightUpperLeg"] = CFrame.new(0.0559,0.0423,-0.1220,0.8099,0.3771,-0.4493,-0.4293,0.9030,-0.0160,0.3997,0.2058,0.8933),
      ["RightLowerLeg"] = CFrame.new(0.0000,0.0442,-0.0104,1.0000,-0.0000,0.0000,0.0000,0.8968,0.4425,-0.0000,-0.4425,0.8968),
      ["RightFoot"] = CFrame.new(0.0000,0.0000,-0.0001,0.9999,0.0123,0.0029,-0.0127,0.9715,0.2365,0.0001,-0.2366,0.9716),
    }},
    {Time = 0.400, Data = {
      ["HumanoidRootPart"] = CFrame.new(0.0000,0.0000,0.0000,1.0000,0.0000,0.0000,0.0000,1.0000,0.0000,0.0000,0.0000,1.0000),
      ["LowerTorso"] = CFrame.new(0.0099,-0.0754,-0.1731,0.9997,-0.0075,0.0214,0.0227,0.3228,-0.9462,0.0002,0.9464,0.3229),
      ["UpperTorso"] = CFrame.new(0.0000,0.0000,0.0000,0.9795,-0.0427,0.1967,0.0098,0.9862,0.1654,-0.2010,-0.1601,0.9664),
      ["LeftUpperArm"] = CFrame.new(-0.0005,-0.0075,0.0115,0.8832,0.0604,0.4651,-0.4415,0.4416,0.7811,-0.1582,-0.8952,0.4166),
      ["LeftLowerArm"] = CFrame.new(-0.0005,0.0428,0.0096,1.0000,-0.0000,0.0000,0.0000,0.9035,-0.4285,0.0000,0.4285,0.9035),
      ["LeftHand"] = CFrame.new(0.0005,0.0000,0.0000,0.9973,0.0711,-0.0164,-0.0690,0.9919,0.1064,0.0238,-0.1050,0.9942),
      ["Head"] = CFrame.new(1.9891,0.0708,-1.0093,-0.5901,0.1893,0.7848,-0.6445,0.4751,-0.5991,-0.4863,-0.8593,-0.1583),
      ["RightUpperArm"] = CFrame.new(-0.0325,-0.0467,0.0313,0.7318,-0.6523,-0.1974,0.5409,0.7321,-0.4141,0.4146,0.1962,0.8886),
      ["RightLowerArm"] = CFrame.new(0.0000,0.1000,0.1017,1.0000,-0.0000,0.0000,0.0000,-0.0184,-0.9998,0.0000,0.9998,-0.0184),
      ["RightHand"] = CFrame.new(-0.0005,0.0000,0.0000,0.9985,-0.0352,0.0417,0.0353,0.9994,-0.0020,-0.0416,0.0034,0.9991),
      ["LeftUpperLeg"] = CFrame.new(0.1593,0.0935,-0.2838,0.8963,0.0741,0.4372,0.2874,0.6538,-0.7000,-0.3377,0.7531,0.5647),
      ["LeftLowerLeg"] = CFrame.new(0.0000,0.0752,-0.0340,1.0000,-0.0000,0.0000,0.0000,0.6603,0.7510,-0.0000,-0.7510,0.6603),
      ["LeftFoot"] = CFrame.new(0.0000,-0.0002,0.0000,0.9999,0.0113,-0.0013,-0.0106,0.9699,0.2432,0.0040,-0.2432,0.9700),
      ["RightUpperLeg"] = CFrame.new(0.0561,0.0423,-0.1223,0.8096,0.3769,-0.4500,-0.4301,0.9026,-0.0178,0.3995,0.2080,0.8928),
      ["RightLowerLeg"] = CFrame.new(0.0000,0.0440,-0.0103,1.0000,-0.0000,0.0000,0.0000,0.8979,0.4401,-0.0000,-0.4401,0.8979),
      ["RightFoot"] = CFrame.new(0.0000,0.0000,-0.0001,0.9999,0.0104,0.0043,-0.0111,0.9725,0.2328,-0.0018,-0.2328,0.9725),
    }},
    {Time = 0.433, Data = {
      ["HumanoidRootPart"] = CFrame.new(0.0000,0.0000,0.0000,1.0000,0.0000,0.0000,0.0000,1.0000,0.0000,0.0000,0.0000,1.0000),
      ["LowerTorso"] = CFrame.new(0.0114,-0.0806,-0.1702,0.9996,-0.0094,0.0268,0.0284,0.3237,-0.9457,0.0002,0.9461,0.3239),
      ["UpperTorso"] = CFrame.new(0.0000,0.0000,0.0000,0.9801,-0.0422,0.1941,0.0099,0.9863,0.1647,-0.1984,-0.1595,0.9671),
      ["LeftUpperArm"] = CFrame.new(-0.0013,-0.0082,0.0125,0.8823,0.0639,0.4663,-0.4439,0.4422,0.7794,-0.1564,-0.8946,0.4185),
      ["LeftLowerArm"] = CFrame.new(-0.0005,0.0430,0.0097,1.0000,-0.0000,0.0000,0.0000,0.9026,-0.4305,0.0000,0.4305,0.9026),
      ["LeftHand"] = CFrame.new(0.0005,0.0000,0.0000,0.9978,0.0635,-0.0188,-0.0612,0.9930,0.1011,0.0251,-0.0998,0.9947),
      ["Head"] = CFrame.new(1.9896,0.0676,-0.9997,-0.7981,0.1933,0.5707,-0.4303,0.4803,-0.7643,-0.4218,-0.8555,-0.3002),
      ["RightUpperArm"] = CFrame.new(-0.0358,-0.0434,0.0344,0.7354,-0.6489,-0.1952,0.5380,0.7342,-0.4141,0.4121,0.1995,0.8890),
      ["RightLowerArm"] = CFrame.new(0.0000,0.1000,0.1016,1.0000,-0.0000,0.0000,0.0000,-0.0171,-0.9999,0.0000,0.9999,-0.0171),
      ["RightHand"] = CFrame.new(-0.0005,0.0000,0.0000,0.9980,-0.0403,0.0478,0.0405,0.9992,-0.0021,-0.0477,0.0041,0.9989),
      ["LeftUpperLeg"] = CFrame.new(0.1597,0.0942,-0.2841,0.8965,0.0737,0.4368,0.2879,0.6526,-0.7009,-0.3368,0.7541,0.5639),
      ["LeftLowerLeg"] = CFrame.new(0.0000,0.0751,-0.0339,1.0000,-0.0000,0.0000,0.0000,0.6615,0.7500,-0.0000,-0.7500,0.6615),
      ["LeftFoot"] = CFrame.new(0.0000,-0.0002,0.0000,0.9999,0.0111,-0.0031,-0.0100,0.9700,0.2427,0.0057,-0.2427,0.9701),
      ["RightUpperLeg"] = CFrame.new(0.0563,0.0423,-0.1225,0.8093,0.3768,-0.4505,-0.4307,0.9023,-0.0191,0.3993,0.2095,0.8925),
      ["RightLowerLeg"] = CFrame.new(0.0000,0.0438,-0.0102,1.0000,-0.0000,0.0000,0.0000,0.8988,0.4384,-0.0000,-0.4384,0.8988),
      ["RightFoot"] = CFrame.new(0.0000,0.0000,-0.0001,0.9999,0.0090,0.0053,-0.0100,0.9731,0.2301,-0.0031,-0.2302,0.9731),
    }},
    {Time = 0.467, Data = {
      ["HumanoidRootPart"] = CFrame.new(0.0000,0.0000,0.0000,1.0000,0.0000,0.0000,0.0000,1.0000,0.0000,0.0000,0.0000,1.0000),
      ["LowerTorso"] = CFrame.new(0.0128,-0.0858,-0.1672,0.9994,-0.0113,0.0323,0.0342,0.3247,-0.9452,0.0002,0.9458,0.3249),
      ["UpperTorso"] = CFrame.new(0.0000,0.0000,0.0000,0.9806,-0.0414,0.1917,0.0096,0.9864,0.1641,-0.1958,-0.1591,0.9676),
      ["LeftUpperArm"] = CFrame.new(-0.0018,-0.0091,0.0137,0.8815,0.0678,0.4672,-0.4463,0.4425,0.7778,-0.1541,-0.8942,0.4204),
      ["LeftLowerArm"] = CFrame.new(-0.0005,0.0430,0.0097,1.0000,-0.0000,0.0000,0.0000,0.9020,-0.4316,0.0000,0.4316,0.9020),
      ["LeftHand"] = CFrame.new(0.0005,0.0000,0.0000,0.9982,0.0556,-0.0213,-0.0533,0.9940,0.0957,0.0264,-0.0944,0.9952),
      ["Head"] = CFrame.new(1.9903,0.0643,-0.9907,-0.9309,0.1988,0.3065,-0.1789,0.4836,-0.8568,-0.3186,-0.8524,-0.4146),
      ["RightUpperArm"] = CFrame.new(-0.0393,-0.0399,0.0373,0.7390,-0.6453,-0.1937,0.5348,0.7367,-0.4139,0.4097,0.2022,0.8895),
      ["RightLowerArm"] = CFrame.new(0.0000,0.1000,0.1015,1.0000,-0.0000,0.0000,0.0000,-0.0163,-0.9999,0.0000,0.9999,-0.0163),
      ["RightHand"] = CFrame.new(-0.0005,0.0000,0.0000,0.9975,-0.0456,0.0541,0.0458,0.9989,-0.0023,-0.0539,0.0047,0.9985),
      ["LeftUpperLeg"] = CFrame.new(0.1599,0.0946,-0.2842,0.8966,0.0734,0.4366,0.2881,0.6520,-0.7014,-0.3362,0.7547,0.5634),
      ["LeftLowerLeg"] = CFrame.new(0.0000,0.0751,-0.0338,1.0000,-0.0000,0.0000,0.0000,0.6622,0.7493,-0.0000,-0.7493,0.6622),
      ["LeftFoot"] = CFrame.new(0.0000,-0.0002,0.0000,0.9999,0.0110,-0.0043,-0.0096,0.9701,0.2424,0.0068,-0.2424,0.9702),
      ["RightUpperLeg"] = CFrame.new(0.0563,0.0423,-0.1226,0.8092,0.3767,-0.4509,-0.4311,0.9021,-0.0199,0.3992,0.2105,0.8924),
      ["RightLowerLeg"] = CFrame.new(0.0000,0.0437,-0.0102,1.0000,-0.0000,0.0000,0.0000,0.8993,0.4374,-0.0000,-0.4374,0.8993),
      ["RightFoot"] = CFrame.new(0.0000,0.0000,-0.0001,0.9999,0.0081,0.0060,-0.0093,0.9735,0.2285,-0.0040,-0.2285,0.9735),
    }},
    {Time = 0.500, Data = {
      ["HumanoidRootPart"] = CFrame.new(0.0000,0.0000,0.0000,1.0000,0.0000,0.0000,0.0000,1.0000,0.0000,0.0000,0.0000,1.0000),
      ["LowerTorso"] = CFrame.new(0.0143,-0.0911,-0.1641,0.9992,-0.0133,0.0379,0.0401,0.3256,-0.9446,0.0002,0.9454,0.3259),
      ["UpperTorso"] = CFrame.new(0.0000,0.0000,0.0000,0.9811,-0.0403,0.1893,0.0089,0.9864,0.1639,-0.1933,-0.1591,0.9682),
      ["LeftUpperArm"] = CFrame.new(-0.0022,-0.0102,0.0152,0.8809,0.0719,0.4677,-0.4485,0.4426,0.7765,-0.1511,-0.8938,0.4221),
      ["LeftLowerArm"] = CFrame.new(-0.0005,0.0430,0.0097,1.0000,-0.0000,0.0000,0.0000,0.9019,-0.4320,0.0000,0.4320,0.9019),
      ["LeftHand"] = CFrame.new(0.0005,0.0000,0.0000,0.9986,0.0476,-0.0237,-0.0453,0.9949,0.0903,0.0279,-0.0891,0.9956),
      ["Head"] = CFrame.new(1.9914,0.0608,-0.9825,-0.9786,0.2051,0.0181,0.0855,0.4845,-0.8706,-0.1874,-0.8504,-0.4917),
      ["RightUpperArm"] = CFrame.new(-0.0431,-0.0362,0.0400,0.7426,-0.6414,-0.1928,0.5314,0.7394,-0.4133,0.4076,0.2045,0.8900),
      ["RightLowerArm"] = CFrame.new(0.0000,0.1000,0.1015,1.0000,-0.0000,0.0000,0.0000,-0.0161,-0.9999,0.0000,0.9999,-0.0161),
      ["RightHand"] = CFrame.new(-0.0005,0.0000,0.0000,0.9969,-0.0509,0.0604,0.0511,0.9987,-0.0024,-0.0602,0.0055,0.9982),
      ["LeftUpperLeg"] = CFrame.new(0.1599,0.0947,-0.2842,0.8967,0.0734,0.4366,0.2882,0.6518,-0.7015,-0.3360,0.7549,0.5633),
      ["LeftLowerLeg"] = CFrame.new(0.0000,0.0751,-0.0339,1.0000,-0.0000,0.0000,0.0000,0.6624,0.7492,-0.0000,-0.7492,0.6624),
      ["LeftFoot"] = CFrame.new(0.0000,-0.0002,0.0000,0.9999,0.0110,-0.0045,-0.0096,0.9701,0.2424,0.0071,-0.2424,0.9702),
      ["RightUpperLeg"] = CFrame.new(0.0563,0.0423,-0.1226,0.8091,0.3767,-0.4510,-0.4312,0.9020,-0.0201,0.3992,0.2107,0.8923),
      ["RightLowerLeg"] = CFrame.new(0.0000,0.0437,-0.0102,1.0000,-0.0000,0.0000,0.0000,0.8994,0.4371,-0.0000,-0.4371,0.8994),
      ["RightFoot"] = CFrame.new(0.0000,0.0000,-0.0001,0.9999,0.0079,0.0061,-0.0091,0.9736,0.2280,-0.0042,-0.2280,0.9737),
    }},
    {Time = 0.533, Data = {
      ["HumanoidRootPart"] = CFrame.new(0.0000,0.0000,0.0000,1.0000,0.0000,0.0000,0.0000,1.0000,0.0000,0.0000,0.0000,1.0000),
      ["LowerTorso"] = CFrame.new(0.0158,-0.0965,-0.1611,0.9989,-0.0152,0.0435,0.0460,0.3266,-0.9441,0.0002,0.9451,0.3269),
      ["UpperTorso"] = CFrame.new(0.0000,0.0000,0.0000,0.9816,-0.0389,0.1871,0.0078,0.9865,0.1638,-0.1909,-0.1593,0.9686),
      ["LeftUpperArm"] = CFrame.new(-0.0023,-0.0113,0.0169,0.8805,0.0764,0.4679,-0.4504,0.4423,0.7755,-0.1477,-0.8936,0.4238),
      ["LeftLowerArm"] = CFrame.new(-0.0005,0.0430,0.0097,1.0000,-0.0000,0.0000,0.0000,0.9020,-0.4316,0.0000,0.4316,0.9020),
      ["LeftHand"] = CFrame.new(0.0005,0.0000,0.0000,0.9989,0.0397,-0.0260,-0.0373,0.9957,0.0848,0.0293,-0.0837,0.9961),
      ["Head"] = CFrame.new(1.9941,0.0570,-0.9751,-0.9389,0.2113,-0.2715,0.3418,0.4831,-0.8061,-0.0392,-0.8497,-0.5259),
      ["RightUpperArm"] = CFrame.new(-0.0470,-0.0323,0.0424,0.7461,-0.6374,-0.1926,0.5278,0.7425,-0.4125,0.4059,0.2061,0.8904),
      ["RightLowerArm"] = CFrame.new(0.0000,0.1000,0.1016,1.0000,-0.0000,0.0000,0.0000,-0.0163,-0.9999,0.0000,0.9999,-0.0163),
      ["RightHand"] = CFrame.new(-0.0005,0.0000,0.0000,0.9962,-0.0562,0.0667,0.0565,0.9984,-0.0024,-0.0665,0.0062,0.9978),
      ["LeftUpperLeg"] = CFrame.new(0.1599,0.0946,-0.2842,0.8966,0.0734,0.4366,0.2881,0.6520,-0.7014,-0.3362,0.7547,0.5634),
      ["LeftLowerLeg"] = CFrame.new(0.0000,0.0752,-0.0339,1.0000,-0.0000,0.0000,0.0000,0.6622,0.7493,-0.0000,-0.7493,0.6622),
      ["LeftFoot"] = CFrame.new(0.0000,-0.0002,0.0000,0.9999,0.0110,-0.0043,-0.0097,0.9701,0.2424,0.0068,-0.2424,0.9702),
      ["RightUpperLeg"] = CFrame.new(0.0563,0.0423,-0.1225,0.8092,0.3767,-0.4509,-0.4311,0.9021,-0.0199,0.3992,0.2105,0.8924),
      ["RightLowerLeg"] = CFrame.new(0.0000,0.0438,-0.0102,1.0000,-0.0000,0.0000,0.0000,0.8993,0.4374,-0.0000,-0.4374,0.8993),
      ["RightFoot"] = CFrame.new(0.0000,0.0000,-0.0001,0.9999,0.0081,0.0060,-0.0093,0.9735,0.2285,-0.0040,-0.2285,0.9735),
    }},
    {Time = 0.567, Data = {
      ["HumanoidRootPart"] = CFrame.new(0.0000,0.0000,0.0000,1.0000,0.0000,0.0000,0.0000,1.0000,0.0000,0.0000,0.0000,1.0000),
      ["LowerTorso"] = CFrame.new(0.0173,-0.1017,-0.1581,0.9987,-0.0171,0.0490,0.0519,0.3275,-0.9434,0.0001,0.9447,0.3279),
      ["UpperTorso"] = CFrame.new(0.0000,0.0000,0.0000,0.9820,-0.0371,0.1850,0.0064,0.9864,0.1640,-0.1886,-0.1599,0.9690),
      ["LeftUpperArm"] = CFrame.new(-0.0023,-0.0124,0.0188,0.8802,0.0810,0.4677,-0.4523,0.4417,0.7748,-0.1438,-0.8935,0.4254),
      ["LeftLowerArm"] = CFrame.new(-0.0005,0.0430,0.0097,1.0000,-0.0000,0.0000,0.0000,0.9026,-0.4305,0.0000,0.4305,0.9026),
      ["LeftHand"] = CFrame.new(0.0005,0.0000,0.0000,0.9991,0.0317,-0.0284,-0.0294,0.9964,0.0793,0.0308,-0.0784,0.9964),
      ["Head"] = CFrame.new(1.9990,0.0527,-0.9685,-0.8141,0.2166,-0.5388,0.5694,0.4800,-0.6674,0.1141,-0.8501,-0.5141),
      ["RightUpperArm"] = CFrame.new(-0.0510,-0.0283,0.0445,0.7496,-0.6332,-0.1929,0.5240,0.7457,-0.4114,0.4043,0.2073,0.8908),
      ["RightLowerArm"] = CFrame.new(0.0000,0.1000,0.1016,1.0000,-0.0000,0.0000,0.0000,-0.0171,-0.9999,0.0000,0.9999,-0.0171),
      ["RightHand"] = CFrame.new(-0.0005,0.0000,0.0000,0.9954,-0.0614,0.0729,0.0618,0.9981,-0.0025,-0.0726,0.0070,0.9973),
      ["LeftUpperLeg"] = CFrame.new(0.1597,0.0942,-0.2841,0.8965,0.0737,0.4368,0.2879,0.6526,-0.7009,-0.3368,0.7541,0.5639),
      ["LeftLowerLeg"] = CFrame.new(0.0000,0.0752,-0.0339,1.0000,-0.0000,0.0000,0.0000,0.6615,0.7500,-0.0000,-0.7500,0.6615),
      ["LeftFoot"] = CFrame.new(0.0000,-0.0002,0.0000,0.9999,0.0111,-0.0031,-0.0100,0.9700,0.2427,0.0057,-0.2427,0.9701),
      ["RightUpperLeg"] = CFrame.new(0.0563,0.0423,-0.1225,0.8093,0.3768,-0.4505,-0.4307,0.9023,-0.0191,0.3993,0.2095,0.8925),
      ["RightLowerLeg"] = CFrame.new(0.0000,0.0438,-0.0102,1.0000,-0.0000,0.0000,0.0000,0.8988,0.4384,-0.0000,-0.4384,0.8988),
      ["RightFoot"] = CFrame.new(0.0000,0.0000,-0.0001,0.9999,0.0090,0.0053,-0.0100,0.9731,0.2301,-0.0031,-0.2302,0.9731),
    }},
    {Time = 0.600, Data = {
      ["HumanoidRootPart"] = CFrame.new(0.0000,0.0000,0.0000,1.0000,0.0000,0.0000,0.0000,1.0000,0.0000,0.0000,0.0000,1.0000),
      ["LowerTorso"] = CFrame.new(0.0188,-0.1068,-0.1552,0.9983,-0.0190,0.0544,0.0576,0.3284,-0.9428,0.0001,0.9444,0.3289),
      ["UpperTorso"] = CFrame.new(0.0000,0.0000,0.0000,0.9825,-0.0351,0.1831,0.0046,0.9864,0.1644,-0.1864,-0.1607,0.9692),
      ["LeftUpperArm"] = CFrame.new(-0.0021,-0.0137,0.0209,0.8800,0.0858,0.4671,-0.4540,0.4408,0.7743,-0.1394,-0.8935,0.4269),
      ["LeftLowerArm"] = CFrame.new(-0.0005,0.0428,0.0096,1.0000,-0.0000,0.0000,0.0000,0.9035,-0.4285,0.0000,0.4285,0.9035),
      ["LeftHand"] = CFrame.new(0.0005,0.0000,0.0000,0.9992,0.0240,-0.0306,-0.0217,0.9970,0.0740,0.0322,-0.0732,0.9968),
      ["Head"] = CFrame.new(2.0046,0.0480,-0.9628,-0.6150,0.2203,-0.7571,0.7453,0.4761,-0.4668,0.2576,-0.8513,-0.4570),
      ["RightUpperArm"] = CFrame.new(-0.0550,-0.0242,0.0463,0.7529,-0.6289,-0.1940,0.5201,0.7492,-0.4101,0.4032,0.2079,0.8912),
      ["RightLowerArm"] = CFrame.new(0.0000,0.1000,0.1017,1.0000,-0.0000,0.0000,0.0000,-0.0184,-0.9998,0.0000,0.9998,-0.0184),
      ["RightHand"] = CFrame.new(-0.0005,0.0000,0.0000,0.9946,-0.0665,0.0790,0.0669,0.9978,-0.0025,-0.0787,0.0077,0.9969),
      ["LeftUpperLeg"] = CFrame.new(0.1593,0.0935,-0.2838,0.8963,0.0741,0.4372,0.2874,0.6538,-0.7000,-0.3377,0.7531,0.5647),
      ["LeftLowerLeg"] = CFrame.new(0.0000,0.0752,-0.0340,1.0000,-0.0000,0.0000,0.0000,0.6603,0.7510,-0.0000,-0.7510,0.6603),
      ["LeftFoot"] = CFrame.new(0.0000,-0.0002,0.0000,0.9999,0.0113,-0.0013,-0.0106,0.9699,0.2432,0.0040,-0.2432,0.9700),
      ["RightUpperLeg"] = CFrame.new(0.0561,0.0423,-0.1223,0.8096,0.3769,-0.4500,-0.4301,0.9026,-0.0178,0.3995,0.2080,0.8928),
      ["RightLowerLeg"] = CFrame.new(0.0000,0.0440,-0.0103,1.0000,-0.0000,0.0000,0.0000,0.8979,0.4401,-0.0000,-0.4401,0.8979),
      ["RightFoot"] = CFrame.new(0.0000,0.0000,-0.0001,0.9999,0.0104,0.0043,-0.0111,0.9725,0.2328,-0.0018,-0.2328,0.9725),
    }},
    {Time = 0.633, Data = {
      ["HumanoidRootPart"] = CFrame.new(0.0000,0.0000,0.0000,1.0000,0.0000,0.0000,0.0000,1.0000,0.0000,0.0000,0.0000,1.0000),
      ["LowerTorso"] = CFrame.new(0.0202,-0.1118,-0.1524,0.9980,-0.0209,0.0596,0.0631,0.3292,-0.9421,0.0000,0.9440,0.3299),
      ["UpperTorso"] = CFrame.new(0.0000,0.0000,0.0000,0.9828,-0.0328,0.1815,0.0024,0.9863,0.1650,-0.1844,-0.1618,0.9694),
      ["LeftUpperArm"] = CFrame.new(-0.0018,-0.0150,0.0232,0.8801,0.0908,0.4661,-0.4554,0.4397,0.7741,-0.1347,-0.8936,0.4283),
      ["LeftLowerArm"] = CFrame.new(-0.0005,0.0425,0.0095,1.0000,-0.0000,0.0000,0.0000,0.9048,-0.4259,0.0000,0.4259,0.9048),
      ["LeftHand"] = CFrame.new(0.0005,0.0000,0.0000,0.9993,0.0165,-0.0327,-0.0142,0.9975,0.0688,0.0337,-0.0682,0.9971),
      ["Head"] = CFrame.new(2.0097,0.0430,-0.9579,-0.3655,0.2225,-0.9038,0.8513,0.4726,-0.2279,0.3764,-0.8527,-0.3622),
      ["RightUpperArm"] = CFrame.new(-0.0591,-0.0200,0.0478,0.7561,-0.6245,-0.1956,0.5161,0.7528,-0.4085,0.4024,0.2079,0.8915),
      ["RightLowerArm"] = CFrame.new(0.0000,0.0999,0.1019,1.0000,-0.0000,0.0000,0.0000,-0.0203,-0.9998,0.0000,0.9998,-0.0203),
      ["RightHand"] = CFrame.new(-0.0005,0.0000,0.0000,0.9938,-0.0715,0.0849,0.0719,0.9974,-0.0024,-0.0845,0.0085,0.9964),
      ["LeftUpperLeg"] = CFrame.new(0.1589,0.0926,-0.2835,0.8960,0.0747,0.4377,0.2867,0.6553,-0.6988,-0.3391,0.7517,0.5657),
      ["LeftLowerLeg"] = CFrame.new(0.0000,0.0754,-0.0342,1.0000,-0.0000,0.0000,0.0000,0.6587,0.7524,-0.0000,-0.7524,0.6587),
      ["LeftFoot"] = CFrame.new(0.0000,-0.0002,0.0000,0.9999,0.0116,0.0013,-0.0116,0.9697,0.2438,0.0015,-0.2438,0.9698),
      ["RightUpperLeg"] = CFrame.new(0.0559,0.0423,-0.1220,0.8099,0.3771,-0.4493,-0.4293,0.9030,-0.0160,0.3997,0.2058,0.8933),
      ["RightLowerLeg"] = CFrame.new(0.0000,0.0442,-0.0104,1.0000,-0.0000,0.0000,0.0000,0.8968,0.4425,-0.0000,-0.4425,0.8968),
      ["RightFoot"] = CFrame.new(0.0000,0.0000,-0.0001,0.9999,0.0123,0.0029,-0.0127,0.9715,0.2365,0.0001,-0.2366,0.9716),
    }},
    {Time = 0.667, Data = {
      ["HumanoidRootPart"] = CFrame.new(0.0000,0.0000,0.0000,1.0000,0.0000,0.0000,0.0000,1.0000,0.0000,0.0000,0.0000,1.0000),
      ["LowerTorso"] = CFrame.new(0.0215,-0.1165,-0.1497,0.9977,-0.0226,0.0645,0.0684,0.3300,-0.9415,-0.0000,0.9437,0.3308),
      ["UpperTorso"] = CFrame.new(0.0000,0.0000,0.0000,0.9832,-0.0302,0.1801,-0.0001,0.9861,0.1659,-0.1826,-0.1631,0.9696),
      ["LeftUpperArm"] = CFrame.new(-0.0012,-0.0164,0.0256,0.8802,0.0957,0.4648,-0.4565,0.4383,0.7743,-0.1296,-0.8937,0.4295),
      ["LeftLowerArm"] = CFrame.new(-0.0005,0.0422,0.0093,1.0000,-0.0000,0.0000,0.0000,0.9064,-0.4225,0.0000,0.4225,0.9064),
      ["LeftHand"] = CFrame.new(0.0005,0.0000,0.0000,0.9994,0.0093,-0.0346,-0.0071,0.9979,0.0638,0.0351,-0.0635,0.9974),
      ["Head"] = CFrame.new(2.0128,0.0377,-0.9539,-0.0994,0.2237,-0.9696,0.8823,0.4703,0.0180,0.4600,-0.8537,-0.2442),
      ["RightUpperArm"] = CFrame.new(-0.0632,-0.0159,0.0489,0.7591,-0.6201,-0.1979,0.5120,0.7566,-0.4067,0.4020,0.2074,0.8918),
      ["RightLowerArm"] = CFrame.new(0.0000,0.0999,0.1022,1.0000,-0.0000,0.0000,0.0000,-0.0226,-0.9997,0.0000,0.9997,-0.0226),
      ["RightHand"] = CFrame.new(-0.0005,0.0000,0.0000,0.9930,-0.0762,0.0905,0.0767,0.9971,-0.0024,-0.0901,0.0093,0.9959),
      ["LeftUpperLeg"] = CFrame.new(0.1583,0.0915,-0.2830,0.8956,0.0755,0.4383,0.2859,0.6573,-0.6973,-0.3407,0.7499,0.5671),
      ["LeftLowerLeg"] = CFrame.new(0.0000,0.0755,-0.0344,1.0000,-0.0000,0.0000,0.0000,0.6566,0.7542,-0.0000,-0.7542,0.6566),
      ["LeftFoot"] = CFrame.new(0.0000,-0.0002,0.0000,0.9999,0.0120,0.0046,-0.0127,0.9695,0.2446,-0.0016,-0.2447,0.9696),
      ["RightUpperLeg"] = CFrame.new(0.0557,0.0422,-0.1217,0.8104,0.3772,-0.4483,-0.4282,0.9036,-0.0137,0.4000,0.2030,0.8938),
      ["RightLowerLeg"] = CFrame.new(0.0000,0.0445,-0.0106,1.0000,-0.0000,0.0000,0.0000,0.8953,0.4454,-0.0000,-0.4454,0.8953),
      ["RightFoot"] = CFrame.new(0.0000,0.0000,-0.0001,0.9999,0.0148,0.0011,-0.0146,0.9704,0.2412,0.0025,-0.2412,0.9705),
    }},
    {Time = 0.700, Data = {
      ["HumanoidRootPart"] = CFrame.new(0.0000,0.0000,0.0000,1.0000,0.0000,0.0000,0.0000,1.0000,0.0000,0.0000,0.0000,1.0000),
      ["LowerTorso"] = CFrame.new(0.0228,-0.1210,-0.1471,0.9973,-0.0242,0.0692,0.0733,0.3308,-0.9409,-0.0001,0.9434,0.3316),
      ["UpperTorso"] = CFrame.new(0.0000,0.0000,0.0000,0.9835,-0.0274,0.1789,-0.0029,0.9860,0.1669,-0.1809,-0.1647,0.9696),
      ["LeftUpperArm"] = CFrame.new(-0.0005,-0.0177,0.0281,0.8805,0.1007,0.4631,-0.4574,0.4366,0.7747,-0.1242,-0.8940,0.4306),
      ["LeftLowerArm"] = CFrame.new(-0.0005,0.0417,0.0091,1.0000,-0.0000,0.0000,0.0000,0.9083,-0.4184,0.0000,0.4184,0.9083),
      ["LeftHand"] = CFrame.new(0.0005,0.0000,0.0000,0.9993,0.0026,-0.0364,-0.0004,0.9983,0.0591,0.0365,-0.0590,0.9976),
      ["Head"] = CFrame.new(2.0127,0.0321,-0.9507,0.1497,0.2249,-0.9628,0.8489,0.4700,0.2418,0.5069,-0.8535,-0.1205),
      ["RightUpperArm"] = CFrame.new(-0.0672,-0.0117,0.0496,0.7619,-0.6158,-0.2008,0.5079,0.7604,-0.4047,0.4019,0.2064,0.8921),
      ["RightLowerArm"] = CFrame.new(0.0000,0.0999,0.1024,1.0000,-0.0000,0.0000,0.0000,-0.0254,-0.9997,0.0000,0.9997,-0.0254),
      ["RightHand"] = CFrame.new(-0.0005,0.0000,0.0000,0.9921,-0.0806,0.0958,0.0812,0.9967,-0.0023,-0.0953,0.0101,0.9954),
      ["LeftUpperLeg"] = CFrame.new(0.1576,0.0901,-0.2824,0.8952,0.0764,0.4391,0.2848,0.6596,-0.6955,-0.3428,0.7477,0.5687),
      ["LeftLowerLeg"] = CFrame.new(0.0000,0.0758,-0.0346,1.0000,-0.0000,0.0000,0.0000,0.6541,0.7564,-0.0000,-0.7564,0.6541),
      ["LeftFoot"] = CFrame.new(0.0000,-0.0002,0.0000,0.9999,0.0124,0.0086,-0.0141,0.9693,0.2456,-0.0052,-0.2457,0.9693),
      ["RightUpperLeg"] = CFrame.new(0.0554,0.0422,-0.1213,0.8109,0.3775,-0.4472,-0.4269,0.9042,-0.0109,0.4003,0.1998,0.8944),
      ["RightLowerLeg"] = CFrame.new(0.0000,0.0449,-0.0107,1.0000,-0.0000,0.0000,0.0000,0.8935,0.4490,-0.0000,-0.4490,0.8935),
      ["RightFoot"] = CFrame.new(0.0000,0.0000,-0.0001,0.9998,0.0178,-0.0011,-0.0170,0.9689,0.2469,0.0054,-0.2468,0.9690),
    }},
    {Time = 0.733, Data = {
      ["HumanoidRootPart"] = CFrame.new(0.0000,0.0000,0.0000,1.0000,0.0000,0.0000,0.0000,1.0000,0.0000,0.0000,0.0000,1.0000),
      ["LowerTorso"] = CFrame.new(0.0239,-0.1251,-0.1448,0.9970,-0.0258,0.0735,0.0779,0.3314,-0.9403,-0.0001,0.9431,0.3324),
      ["UpperTorso"] = CFrame.new(0.0000,0.0000,0.0000,0.9837,-0.0245,0.1779,-0.0059,0.9857,0.1682,-0.1795,-0.1665,0.9696),
      ["LeftUpperArm"] = CFrame.new(0.0004,-0.0191,0.0307,0.8810,0.1057,0.4612,-0.4580,0.4348,0.7754,-0.1186,-0.8943,0.4314),
      ["LeftLowerArm"] = CFrame.new(-0.0005,0.0413,0.0089,1.0000,-0.0000,0.0000,0.0000,0.9104,-0.4136,0.0000,0.4136,0.9104),
      ["LeftHand"] = CFrame.new(0.0005,0.0000,0.0000,0.9993,-0.0037,-0.0381,0.0058,0.9985,0.0547,0.0378,-0.0549,0.9978),
      ["Head"] = CFrame.new(2.0083,0.0263,-0.9483,0.3604,0.2271,-0.9047,0.7719,0.4719,0.4260,0.5237,-0.8519,-0.0053),
      ["RightUpperArm"] = CFrame.new(-0.0710,-0.0077,0.0498,0.7644,-0.6116,-0.2043,0.5039,0.7642,-0.4026,0.4023,0.2048,0.8923),
      ["RightLowerArm"] = CFrame.new(0.0000,0.0999,0.1028,1.0000,-0.0000,0.0000,0.0000,-0.0286,-0.9996,0.0000,0.9996,-0.0286),
      ["RightHand"] = CFrame.new(-0.0005,0.0000,0.0000,0.9913,-0.0847,0.1007,0.0853,0.9964,-0.0022,-0.1002,0.0108,0.9949),
      ["LeftUpperLeg"] = CFrame.new(0.1568,0.0884,-0.2818,0.8947,0.0774,0.4399,0.2837,0.6623,-0.6935,-0.3451,0.7452,0.5706),
      ["LeftLowerLeg"] = CFrame.new(0.0000,0.0760,-0.0349,1.0000,-0.0000,0.0000,0.0000,0.6513,0.7589,-0.0000,-0.7589,0.6513),
      ["LeftFoot"] = CFrame.new(0.0000,-0.0002,0.0000,0.9998,0.0129,0.0131,-0.0158,0.9690,0.2467,-0.0095,-0.2469,0.9690),
      ["RightUpperLeg"] = CFrame.new(0.0551,0.0421,-0.1208,0.8115,0.3777,-0.4459,-0.4255,0.9049,-0.0077,0.4006,0.1959,0.8950),
      ["RightLowerLeg"] = CFrame.new(0.0000,0.0453,-0.0109,1.0000,-0.0000,0.0000,0.0000,0.8915,0.4531,-0.0000,-0.4531,0.8915),
      ["RightFoot"] = CFrame.new(0.0000,0.0000,-0.0001,0.9998,0.0213,-0.0035,-0.0197,0.9672,0.2534,0.0088,-0.2533,0.9673),
    }},
    {Time = 0.767, Data = {
      ["HumanoidRootPart"] = CFrame.new(0.0000,0.0000,0.0000,1.0000,0.0000,0.0000,0.0000,1.0000,0.0000,0.0000,0.0000,1.0000),
      ["LowerTorso"] = CFrame.new(0.0250,-0.1288,-0.1426,0.9966,-0.0272,0.0774,0.0821,0.3321,-0.9397,-0.0002,0.9429,0.3332),
      ["UpperTorso"] = CFrame.new(0.0000,0.0000,0.0000,0.9839,-0.0213,0.1773,-0.0092,0.9855,0.1696,-0.1783,-0.1685,0.9694),
      ["LeftUpperArm"] = CFrame.new(0.0015,-0.0205,0.0334,0.8816,0.1105,0.4589,-0.4583,0.4327,0.7764,-0.1127,-0.8948,0.4321),
      ["LeftLowerArm"] = CFrame.new(-0.0005,0.0407,0.0087,1.0000,-0.0000,0.0000,0.0000,0.9128,-0.4083,0.0000,0.4083,0.9128),
      ["LeftHand"] = CFrame.new(0.0005,0.0000,0.0000,0.9992,-0.0094,-0.0396,0.0114,0.9986,0.0508,0.0390,-0.0512,0.9979),
      ["Head"] = CFrame.new(2.0004,0.0205,-0.9462,0.5312,0.2308,-0.8152,0.6697,0.4750,0.5709,0.5190,-0.8492,0.0978),
      ["RightUpperArm"] = CFrame.new(-0.0748,-0.0038,0.0498,0.7666,-0.6074,-0.2082,0.4999,0.7681,-0.4002,0.4031,0.2027,0.8924),
      ["RightLowerArm"] = CFrame.new(0.0000,0.0999,0.1031,1.0000,-0.0000,0.0000,0.0000,-0.0323,-0.9995,0.0000,0.9995,-0.0323),
      ["RightHand"] = CFrame.new(-0.0005,0.0000,0.0000,0.9905,-0.0884,0.1052,0.0891,0.9960,-0.0021,-0.1046,0.0115,0.9945),
      ["LeftUpperLeg"] = CFrame.new(0.1559,0.0866,-0.2811,0.8941,0.0786,0.4409,0.2823,0.6653,-0.6911,-0.3477,0.7424,0.5727),
      ["LeftLowerLeg"] = CFrame.new(0.0000,0.0763,-0.0353,1.0000,-0.0000,0.0000,0.0000,0.6480,0.7616,-0.0000,-0.7616,0.6480),
      ["LeftFoot"] = CFrame.new(0.0000,-0.0002,0.0000,0.9997,0.0135,0.0182,-0.0176,0.9686,0.2480,-0.0143,-0.2482,0.9686),
      ["RightUpperLeg"] = CFrame.new(0.0547,0.0420,-0.1202,0.8122,0.3780,-0.4444,-0.4238,0.9058,-0.0041,0.4010,0.1917,0.8958),
      ["RightLowerLeg"] = CFrame.new(0.0000,0.0457,-0.0112,1.0000,-0.0000,0.0000,0.0000,0.8891,0.4577,-0.0000,-0.4577,0.8891),
      ["RightFoot"] = CFrame.new(0.0000,0.0000,-0.0001,0.9997,0.0252,-0.0063,-0.0227,0.9651,0.2608,0.0126,-0.2605,0.9654),
    }},
    {Time = 0.800, Data = {
      ["HumanoidRootPart"] = CFrame.new(0.0000,0.0000,0.0000,1.0000,0.0000,0.0000,0.0000,1.0000,0.0000,0.0000,0.0000,1.0000),
      ["LowerTorso"] = CFrame.new(0.0259,-0.1322,-0.1407,0.9963,-0.0284,0.0809,0.0858,0.3326,-0.9392,-0.0003,0.9426,0.3338),
      ["UpperTorso"] = CFrame.new(0.0000,0.0000,0.0000,0.9841,-0.0181,0.1769,-0.0127,0.9852,0.1712,-0.1774,-0.1707,0.9692),
      ["LeftUpperArm"] = CFrame.new(0.0027,-0.0218,0.0361,0.8823,0.1152,0.4563,-0.4583,0.4305,0.7776,-0.1069,-0.8952,0.4326),
      ["LeftLowerArm"] = CFrame.new(-0.0005,0.0402,0.0084,1.0000,-0.0000,0.0000,0.0000,0.9154,-0.4024,0.0000,0.4024,0.9154),
      ["LeftHand"] = CFrame.new(0.0005,0.0000,0.0000,0.9991,-0.0145,-0.0409,0.0164,0.9988,0.0472,0.0401,-0.0478,0.9980),
      ["Head"] = CFrame.new(1.9899,0.0152,-0.9440,0.6666,0.2356,-0.7072,0.5536,0.4788,0.6814,0.4992,-0.8457,0.1888),
      ["RightUpperArm"] = CFrame.new(-0.0783,-0.0000,0.0493,0.7685,-0.6035,-0.2127,0.4960,0.7718,-0.3977,0.4042,0.2001,0.8925),
      ["RightLowerArm"] = CFrame.new(0.0000,0.0999,0.1035,1.0000,-0.0000,0.0000,0.0000,-0.0363,-0.9993,0.0000,0.9993,-0.0363),
      ["RightHand"] = CFrame.new(-0.0005,0.0000,0.0000,0.9898,-0.0917,0.1091,0.0924,0.9957,-0.0020,-0.1085,0.0121,0.9940),
      ["LeftUpperLeg"] = CFrame.new(0.1549,0.0846,-0.2803,0.8934,0.0799,0.4420,0.2808,0.6687,-0.6885,-0.3506,0.7393,0.5750),
      ["LeftLowerLeg"] = CFrame.new(0.0000,0.0766,-0.0356,1.0000,-0.0000,0.0000,0.0000,0.6444,0.7646,-0.0000,-0.7646,0.6444),
      ["LeftFoot"] = CFrame.new(0.0000,-0.0002,0.0000,0.9996,0.0141,0.0238,-0.0196,0.9682,0.2493,-0.0196,-0.2497,0.9681),
      ["RightUpperLeg"] = CFrame.new(0.0543,0.0419,-0.1196,0.8129,0.3782,-0.4428,-0.4219,0.9066,-0.0001,0.4014,0.1869,0.8966),
      ["RightLowerLeg"] = CFrame.new(0.0000,0.0463,-0.0114,1.0000,-0.0000,0.0000,0.0000,0.8865,0.4627,-0.0000,-0.4627,0.8865),
      ["RightFoot"] = CFrame.new(0.0000,0.0000,-0.0001,0.9995,0.0295,-0.0093,-0.0260,0.9628,0.2688,0.0169,-0.2685,0.9631),
    }},
    {Time = 0.833, Data = {
      ["HumanoidRootPart"] = CFrame.new(0.0000,0.0000,0.0000,1.0000,0.0000,0.0000,0.0000,1.0000,0.0000,0.0000,0.0000,1.0000),
      ["LowerTorso"] = CFrame.new(0.0268,-0.1351,-0.1391,0.9960,-0.0295,0.0840,0.0890,0.3331,-0.9387,-0.0003,0.9424,0.3344),
      ["UpperTorso"] = CFrame.new(0.0000,0.0000,0.0000,0.9841,-0.0148,0.1769,-0.0163,0.9848,0.1730,-0.1768,-0.1731,0.9689),
      ["LeftUpperArm"] = CFrame.new(0.0040,-0.0231,0.0388,0.8832,0.1197,0.4535,-0.4580,0.4281,0.7791,-0.1009,-0.8958,0.4329),
      ["LeftLowerArm"] = CFrame.new(-0.0005,0.0395,0.0081,1.0000,-0.0000,0.0000,0.0000,0.9182,-0.3961,0.0000,0.3961,0.9182),
      ["LeftHand"] = CFrame.new(0.0005,0.0000,0.0000,0.9989,-0.0189,-0.0420,0.0207,0.9988,0.0441,0.0411,-0.0450,0.9981),
      ["Head"] = CFrame.new(1.9779,0.0106,-0.9411,0.7716,0.2412,-0.5886,0.4308,0.4827,0.7625,0.4680,-0.8419,0.2686),
      ["RightUpperArm"] = CFrame.new(-0.0816,0.0035,0.0483,0.7700,-0.5997,-0.2176,0.4924,0.7755,-0.3951,0.4057,0.1971,0.8925),
      ["RightLowerArm"] = CFrame.new(0.0000,0.0999,0.1040,1.0000,-0.0000,0.0000,0.0000,-0.0406,-0.9992,0.0000,0.9992,-0.0406),
      ["RightHand"] = CFrame.new(-0.0005,0.0000,0.0000,0.9891,-0.0945,0.1126,0.0954,0.9954,-0.0019,-0.1119,0.0127,0.9936),
      ["LeftUpperLeg"] = CFrame.new(0.1538,0.0825,-0.2794,0.8927,0.0813,0.4432,0.2792,0.6722,-0.6857,-0.3536,0.7359,0.5774),
      ["LeftLowerLeg"] = CFrame.new(0.0000,0.0769,-0.0360,1.0000,-0.0000,0.0000,0.0000,0.6406,0.7679,-0.0000,-0.7679,0.6406),
      ["LeftFoot"] = CFrame.new(0.0000,-0.0002,0.0000,0.9994,0.0148,0.0299,-0.0218,0.9678,0.2507,-0.0253,-0.2513,0.9676),
      ["RightUpperLeg"] = CFrame.new(0.0539,0.0418,-0.1189,0.8137,0.3785,-0.4411,-0.4199,0.9076,0.0042,0.4019,0.1818,0.8975),
      ["RightLowerLeg"] = CFrame.new(0.0000,0.0468,-0.0117,1.0000,-0.0000,0.0000,0.0000,0.8836,0.4682,-0.0000,-0.4682,0.8836),
      ["RightFoot"] = CFrame.new(0.0000,0.0000,-0.0001,0.9993,0.0342,-0.0124,-0.0295,0.9603,0.2775,0.0214,-0.2770,0.9606),
    }},
    {Time = 0.867, Data = {
      ["HumanoidRootPart"] = CFrame.new(0.0000,0.0000,0.0000,1.0000,0.0000,0.0000,0.0000,1.0000,0.0000,0.0000,0.0000,1.0000),
      ["LowerTorso"] = CFrame.new(0.0274,-0.1375,-0.1377,0.9958,-0.0304,0.0865,0.0917,0.3335,-0.9383,-0.0004,0.9423,0.3348),
      ["UpperTorso"] = CFrame.new(0.0000,0.0000,0.0000,0.9841,-0.0114,0.1771,-0.0200,0.9844,0.1748,-0.1763,-0.1756,0.9686),
      ["LeftUpperArm"] = CFrame.new(0.0055,-0.0244,0.0415,0.8842,0.1239,0.4504,-0.4574,0.4256,0.7808,-0.0950,-0.8964,0.4330),
      ["LeftLowerArm"] = CFrame.new(-0.0005,0.0388,0.0078,1.0000,-0.0000,0.0000,0.0000,0.9211,-0.3893,0.0000,0.3893,0.9211),
      ["LeftHand"] = CFrame.new(0.0005,0.0000,0.0000,0.9988,-0.0225,-0.0429,0.0243,0.9988,0.0416,0.0419,-0.0426,0.9982),
      ["Head"] = CFrame.new(1.9655,0.0070,-0.9372,0.8504,0.2467,-0.4648,0.3061,0.4864,0.8183,0.4280,-0.8382,0.3381),
      ["RightUpperArm"] = CFrame.new(-0.0846,0.0068,0.0470,0.7713,-0.5963,-0.2228,0.4889,0.7791,-0.3924,0.4076,0.1937,0.8924),
      ["RightLowerArm"] = CFrame.new(0.0000,0.0999,0.1044,1.0000,-0.0000,0.0000,0.0000,-0.0452,-0.9990,0.0000,0.9990,-0.0452),
      ["RightHand"] = CFrame.new(-0.0005,0.0000,0.0000,0.9886,-0.0969,0.1154,0.0978,0.9952,-0.0019,-0.1147,0.0131,0.9933),
      ["LeftUpperLeg"] = CFrame.new(0.1527,0.0802,-0.2785,0.8920,0.0827,0.4444,0.2775,0.6760,-0.6827,-0.3569,0.7323,0.5800),
      ["LeftLowerLeg"] = CFrame.new(0.0000,0.0773,-0.0364,1.0000,-0.0000,0.0000,0.0000,0.6364,0.7713,-0.0000,-0.7713,0.6364),
      ["LeftFoot"] = CFrame.new(0.0000,-0.0002,0.0000,0.9992,0.0154,0.0364,-0.0241,0.9674,0.2523,-0.0313,-0.2529,0.9670),
      ["RightUpperLeg"] = CFrame.new(0.0535,0.0417,-0.1182,0.8146,0.3788,-0.4392,-0.4178,0.9085,0.0087,0.4024,0.1764,0.8983),
      ["RightLowerLeg"] = CFrame.new(0.0000,0.0474,-0.0120,1.0000,-0.0000,0.0000,0.0000,0.8806,0.4739,-0.0000,-0.4739,0.8806),
      ["RightFoot"] = CFrame.new(0.0000,0.0000,-0.0001,0.9991,0.0393,-0.0158,-0.0331,0.9574,0.2867,0.0264,-0.2860,0.9579),
    }},
    {Time = 0.900, Data = {
      ["HumanoidRootPart"] = CFrame.new(0.0000,0.0000,0.0000,1.0000,0.0000,0.0000,0.0000,1.0000,0.0000,0.0000,0.0000,1.0000),
      ["LowerTorso"] = CFrame.new(0.0280,-0.1394,-0.1366,0.9956,-0.0311,0.0885,0.0938,0.3338,-0.9380,-0.0004,0.9421,0.3352),
      ["UpperTorso"] = CFrame.new(0.0000,0.0000,0.0000,0.9841,-0.0081,0.1775,-0.0238,0.9840,0.1768,-0.1761,-0.1782,0.9681),
      ["LeftUpperArm"] = CFrame.new(0.0071,-0.0256,0.0441,0.8852,0.1278,0.4472,-0.4565,0.4230,0.7827,-0.0891,-0.8971,0.4328),
      ["LeftLowerArm"] = CFrame.new(-0.0005,0.0381,0.0076,1.0000,-0.0000,0.0000,0.0000,0.9241,-0.3822,0.0000,0.3822,0.9241),
      ["LeftHand"] = CFrame.new(0.0005,0.0000,0.0000,0.9987,-0.0254,-0.0436,0.0272,0.9988,0.0395,0.0426,-0.0407,0.9983),
      ["Head"] = CFrame.new(1.9537,0.0048,-0.9316,0.9063,0.2515,-0.3397,0.1836,0.4898,0.8523,0.3808,-0.8348,0.3977),
      ["RightUpperArm"] = CFrame.new(-0.0874,0.0097,0.0454,0.7721,-0.5931,-0.2284,0.4858,0.7825,-0.3896,0.4097,0.1899,0.8922),
      ["RightLowerArm"] = CFrame.new(0.0000,0.0999,0.1049,1.0000,-0.0000,0.0000,0.0000,-0.0500,-0.9987,0.0000,0.9987,-0.0500),
      ["RightHand"] = CFrame.new(-0.0005,0.0000,0.0000,0.9881,-0.0988,0.1177,0.0997,0.9950,-0.0018,-0.1169,0.0135,0.9931),
      ["LeftUpperLeg"] = CFrame.new(0.1515,0.0778,-0.2776,0.8912,0.0842,0.4458,0.2756,0.6799,-0.6795,-0.3603,0.7284,0.5827),
      ["LeftLowerLeg"] = CFrame.new(0.0000,0.0776,-0.0368,1.0000,-0.0000,0.0000,0.0000,0.6321,0.7749,-0.0000,-0.7749,0.6321),
      ["LeftFoot"] = CFrame.new(0.0000,-0.0002,0.0000,0.9989,0.0162,0.0431,-0.0266,0.9669,0.2538,-0.0376,-0.2547,0.9663),
      ["RightUpperLeg"] = CFrame.new(0.0530,0.0416,-0.1175,0.8155,0.3791,-0.4373,-0.4155,0.9095,0.0135,0.4028,0.1707,0.8992),
      ["RightLowerLeg"] = CFrame.new(0.0000,0.0480,-0.0124,1.0000,-0.0000,0.0000,0.0000,0.8773,0.4799,-0.0000,-0.4799,0.8773),
      ["RightFoot"] = CFrame.new(0.0000,0.0000,-0.0001,0.9988,0.0446,-0.0192,-0.0369,0.9544,0.2964,0.0315,-0.2953,0.9549),
    }},
    {Time = 0.933, Data = {
      ["HumanoidRootPart"] = CFrame.new(0.0000,0.0000,0.0000,1.0000,0.0000,0.0000,0.0000,1.0000,0.0000,0.0000,0.0000,1.0000),
      ["LowerTorso"] = CFrame.new(0.0284,-0.1407,-0.1358,0.9954,-0.0316,0.0899,0.0953,0.3340,-0.9377,-0.0004,0.9420,0.3355),
      ["UpperTorso"] = CFrame.new(0.0000,0.0000,0.0000,0.9840,-0.0047,0.1783,-0.0277,0.9835,0.1788,-0.1762,-0.1809,0.9676),
      ["LeftUpperArm"] = CFrame.new(0.0087,-0.0267,0.0466,0.8864,0.1315,0.4439,-0.4553,0.4204,0.7848,-0.0834,-0.8978,0.4325),
      ["LeftLowerArm"] = CFrame.new(-0.0005,0.0374,0.0073,1.0000,-0.0000,0.0000,0.0000,0.9271,-0.3748,0.0000,0.3748,0.9271),
      ["LeftHand"] = CFrame.new(0.0005,0.0000,0.0000,0.9986,-0.0275,-0.0441,0.0292,0.9988,0.0381,0.0430,-0.0393,0.9983),
      ["Head"] = CFrame.new(1.9436,0.0044,-0.9240,0.9423,0.2546,-0.2172,0.0668,0.4929,0.8675,0.3279,-0.8320,0.4475),
      ["RightUpperArm"] = CFrame.new(-0.0898,0.0124,0.0433,0.7726,-0.5902,-0.2342,0.4829,0.7856,-0.3868,0.4122,0.1857,0.8919),
      ["RightLowerArm"] = CFrame.new(0.0000,0.0999,0.1054,1.0000,-0.0000,0.0000,0.0000,-0.0550,-0.9985,0.0000,0.9985,-0.0550),
      ["RightHand"] = CFrame.new(-0.0005,0.0000,0.0000,0.9878,-0.1001,0.1193,0.1011,0.9949,-0.0017,-0.1185,0.0138,0.9929),
      ["LeftUpperLeg"] = CFrame.new(0.1503,0.0753,-0.2766,0.8903,0.0858,0.4471,0.2737,0.6840,-0.6762,-0.3638,0.7245,0.5855),
      ["LeftLowerLeg"] = CFrame.new(0.0000,0.0780,-0.0373,1.0000,-0.0000,0.0000,0.0000,0.6276,0.7786,-0.0000,-0.7786,0.6276),
      ["LeftFoot"] = CFrame.new(0.0000,-0.0002,0.0000,0.9986,0.0169,0.0501,-0.0291,0.9664,0.2554,-0.0441,-0.2565,0.9655),
      ["RightUpperLeg"] = CFrame.new(0.0525,0.0415,-0.1168,0.8164,0.3794,-0.4353,-0.4132,0.9104,0.0185,0.4033,0.1648,0.9001),
      ["RightLowerLeg"] = CFrame.new(0.0000,0.0486,-0.0127,1.0000,-0.0000,0.0000,0.0000,0.8739,0.4861,-0.0000,-0.4861,0.8739),
      ["RightFoot"] = CFrame.new(0.0000,0.0000,-0.0001,0.9985,0.0501,-0.0227,-0.0408,0.9510,0.3064,0.0369,-0.3050,0.9516),
    }},
    {Time = 0.967, Data = {
      ["HumanoidRootPart"] = CFrame.new(0.0000,0.0000,0.0000,1.0000,0.0000,0.0000,0.0000,1.0000,0.0000,0.0000,0.0000,1.0000),
      ["LowerTorso"] = CFrame.new(0.0286,-0.1416,-0.1354,0.9954,-0.0319,0.0908,0.0962,0.3341,-0.9376,-0.0004,0.9420,0.3356),
      ["UpperTorso"] = CFrame.new(0.0000,0.0000,0.0000,0.9838,-0.0014,0.1794,-0.0315,0.9830,0.1809,-0.1766,-0.1837,0.9670),
      ["LeftUpperArm"] = CFrame.new(0.0105,-0.0277,0.0490,0.8876,0.1347,0.4404,-0.4539,0.4177,0.7871,-0.0779,-0.8986,0.4319),
      ["LeftLowerArm"] = CFrame.new(-0.0005,0.0366,0.0069,1.0000,-0.0000,0.0000,0.0000,0.9301,-0.3672,0.0000,0.3672,0.9301),
      ["LeftHand"] = CFrame.new(0.0005,0.0000,0.0000,0.9986,-0.0288,-0.0444,0.0305,0.9988,0.0372,0.0433,-0.0385,0.9983),
      ["Head"] = CFrame.new(1.9361,0.0060,-0.9139,0.9617,0.2549,-0.1009,-0.0404,0.4959,0.8674,0.2711,-0.8301,0.4872),
      ["RightUpperArm"] = CFrame.new(-0.0918,0.0147,0.0410,0.7727,-0.5876,-0.2402,0.4804,0.7886,-0.3840,0.4150,0.1813,0.8916),
      ["RightLowerArm"] = CFrame.new(0.0000,0.0999,0.1059,1.0000,-0.0000,0.0000,0.0000,-0.0601,-0.9982,0.0000,0.9982,-0.0601),
      ["RightHand"] = CFrame.new(-0.0005,0.0000,0.0000,0.9876,-0.1009,0.1203,0.1019,0.9948,-0.0018,-0.1195,0.0140,0.9927),
      ["LeftUpperLeg"] = CFrame.new(0.1490,0.0728,-0.2756,0.8895,0.0874,0.4485,0.2717,0.6881,-0.6729,-0.3674,0.7204,0.5883),
      ["LeftLowerLeg"] = CFrame.new(0.0000,0.0783,-0.0378,1.0000,-0.0000,0.0000,0.0000,0.6229,0.7823,-0.0000,-0.7823,0.6229),
      ["LeftFoot"] = CFrame.new(0.0000,-0.0002,0.0000,0.9982,0.0176,0.0573,-0.0318,0.9659,0.2571,-0.0508,-0.2584,0.9647),
      ["RightUpperLeg"] = CFrame.new(0.0520,0.0414,-0.1160,0.8174,0.3797,-0.4332,-0.4109,0.9114,0.0235,0.4038,0.1588,0.9010),
      ["RightLowerLeg"] = CFrame.new(0.0000,0.0492,-0.0131,1.0000,-0.0000,0.0000,0.0000,0.8704,0.4924,-0.0000,-0.4924,0.8704),
      ["RightFoot"] = CFrame.new(0.0000,0.0000,-0.0001,0.9981,0.0558,-0.0262,-0.0447,0.9475,0.3165,0.0425,-0.3148,0.9482),
    }},
    {Time = 1.000, Data = {
      ["HumanoidRootPart"] = CFrame.new(0.0000,0.0000,0.0000,1.0000,0.0000,0.0000,0.0000,1.0000,0.0000,0.0000,0.0000,1.0000),
      ["LowerTorso"] = CFrame.new(0.0286,-0.1418,-0.1353,0.9953,-0.0320,0.0910,0.0965,0.3341,-0.9376,-0.0004,0.9420,0.3357),
      ["UpperTorso"] = CFrame.new(0.0000,0.0000,0.0000,0.9835,0.0017,0.1807,-0.0353,0.9825,0.1831,-0.1772,-0.1865,0.9664),
      ["LeftUpperArm"] = CFrame.new(0.0123,-0.0287,0.0513,0.8890,0.1375,0.4369,-0.4522,0.4150,0.7895,-0.0727,-0.8994,0.4311),
      ["LeftLowerArm"] = CFrame.new(-0.0005,0.0359,0.0066,1.0000,-0.0000,0.0000,0.0000,0.9331,-0.3595,0.0000,0.3595,0.9331),
      ["LeftHand"] = CFrame.new(0.0005,0.0000,0.0000,0.9986,-0.0292,-0.0445,0.0309,0.9988,0.0370,0.0434,-0.0383,0.9983),
      ["Head"] = CFrame.new(1.9316,0.0096,-0.9015,0.9676,0.2522,0.0084,-0.1375,0.4991,0.8555,0.2116,-0.8290,0.5177),
      ["RightUpperArm"] = CFrame.new(-0.0935,0.0165,0.0384,0.7724,-0.5855,-0.2463,0.4782,0.7912,-0.3811,0.4180,0.1766,0.8911),
      ["RightLowerArm"] = CFrame.new(0.0000,0.0999,0.1064,1.0000,-0.0000,0.0000,0.0000,-0.0652,-0.9979,0.0000,0.9979,-0.0652),
      ["RightHand"] = CFrame.new(-0.0005,0.0000,0.0000,0.9875,-0.1012,0.1205,0.1021,0.9948,-0.0018,-0.1197,0.0141,0.9927),
      ["LeftUpperLeg"] = CFrame.new(0.1478,0.0703,-0.2745,0.8886,0.0890,0.4500,0.2697,0.6922,-0.6694,-0.3710,0.7162,0.5911),
      ["LeftLowerLeg"] = CFrame.new(0.0000,0.0787,-0.0382,1.0000,-0.0000,0.0000,0.0000,0.6182,0.7860,-0.0000,-0.7860,0.6182),
      ["LeftFoot"] = CFrame.new(0.0000,-0.0002,0.0000,0.9978,0.0183,0.0645,-0.0344,0.9653,0.2587,-0.0575,-0.2603,0.9638),
      ["RightUpperLeg"] = CFrame.new(0.0515,0.0413,-0.1152,0.8184,0.3799,-0.4312,-0.4085,0.9123,0.0287,0.4043,0.1526,0.9018),
      ["RightLowerLeg"] = CFrame.new(0.0000,0.0498,-0.0134,1.0000,-0.0000,0.0000,0.0000,0.8668,0.4987,-0.0000,-0.4987,0.8668),
      ["RightFoot"] = CFrame.new(0.0000,0.0000,-0.0001,0.9977,0.0616,-0.0297,-0.0485,0.9438,0.3268,0.0481,-0.3246,0.9446),
    }},
    {Time = 1.033, Data = {
      ["HumanoidRootPart"] = CFrame.new(0.0000,0.0000,0.0000,1.0000,0.0000,0.0000,0.0000,1.0000,0.0000,0.0000,0.0000,1.0000),
      ["LowerTorso"] = CFrame.new(0.0286,-0.1416,-0.1354,0.9954,-0.0319,0.0908,0.0962,0.3341,-0.9376,-0.0004,0.9420,0.3356),
      ["UpperTorso"] = CFrame.new(0.0000,0.0000,0.0000,0.9832,0.0047,0.1822,-0.0391,0.9819,0.1852,-0.1780,-0.1893,0.9657),
      ["LeftUpperArm"] = CFrame.new(0.0141,-0.0295,0.0534,0.8903,0.1399,0.4333,-0.4503,0.4123,0.7920,-0.0678,-0.9003,0.4300),
      ["LeftLowerArm"] = CFrame.new(-0.0005,0.0351,0.0064,1.0000,-0.0000,0.0000,0.0000,0.9361,-0.3518,0.0000,0.3518,0.9361),
      ["LeftHand"] = CFrame.new(0.0005,0.0000,0.0000,0.9986,-0.0288,-0.0444,0.0305,0.9988,0.0372,0.0433,-0.0385,0.9983),
      ["Head"] = CFrame.new(1.9299,0.0149,-0.8881,0.9622,0.2474,0.1139,-0.2280,0.5028,0.8338,0.1491,-0.8282,0.5402),
      ["RightUpperArm"] = CFrame.new(-0.0948,0.0180,0.0355,0.7717,-0.5837,-0.2524,0.4765,0.7936,-0.3783,0.4212,0.1717,0.8906),
      ["RightLowerArm"] = CFrame.new(0.0000,0.0999,0.1069,1.0000,-0.0000,0.0000,0.0000,-0.0704,-0.9975,0.0000,0.9975,-0.0704),
      ["RightHand"] = CFrame.new(-0.0005,0.0000,0.0000,0.9876,-0.1009,0.1203,0.1019,0.9948,-0.0018,-0.1195,0.0140,0.9927),
      ["LeftUpperLeg"] = CFrame.new(0.1465,0.0677,-0.2735,0.8877,0.0905,0.4514,0.2676,0.6963,-0.6660,-0.3746,0.7120,0.5939),
      ["LeftLowerLeg"] = CFrame.new(0.0000,0.0791,-0.0387,1.0000,-0.0000,0.0000,0.0000,0.6135,0.7897,-0.0000,-0.7897,0.6135),
      ["LeftFoot"] = CFrame.new(0.0000,-0.0002,0.0000,0.9972,0.0190,0.0717,-0.0371,0.9648,0.2603,-0.0642,-0.2622,0.9629),
      ["RightUpperLeg"] = CFrame.new(0.0510,0.0412,-0.1144,0.8194,0.3802,-0.4291,-0.4060,0.9132,0.0338,0.4047,0.1465,0.9026),
      ["RightLowerLeg"] = CFrame.new(0.0000,0.0505,-0.0138,1.0000,-0.0000,0.0000,0.0000,0.8631,0.5050,-0.0000,-0.5050,0.8631),
      ["RightFoot"] = CFrame.new(0.0000,0.0000,-0.0001,0.9972,0.0674,-0.0331,-0.0523,0.9400,0.3370,0.0538,-0.3344,0.9409),
    }},
    {Time = 1.067, Data = {
      ["HumanoidRootPart"] = CFrame.new(0.0000,0.0000,0.0000,1.0000,0.0000,0.0000,0.0000,1.0000,0.0000,0.0000,0.0000,1.0000),
      ["LowerTorso"] = CFrame.new(0.0284,-0.1407,-0.1358,0.9954,-0.0316,0.0899,0.0953,0.3340,-0.9377,-0.0004,0.9420,0.3355),
      ["UpperTorso"] = CFrame.new(0.0000,0.0000,0.0000,0.9829,0.0076,0.1840,-0.0426,0.9814,0.1874,-0.1792,-0.1920,0.9649),
      ["LeftUpperArm"] = CFrame.new(0.0160,-0.0302,0.0554,0.8917,0.1418,0.4298,-0.4481,0.4096,0.7946,-0.0634,-0.9012,0.4288),
      ["LeftLowerArm"] = CFrame.new(-0.0005,0.0343,0.0061,1.0000,-0.0000,0.0000,0.0000,0.9389,-0.3441,0.0000,0.3441,0.9389),
      ["LeftHand"] = CFrame.new(0.0005,0.0000,0.0000,0.9986,-0.0275,-0.0441,0.0292,0.9988,0.0381,0.0430,-0.0393,0.9983),
      ["Head"] = CFrame.new(1.9307,0.0217,-0.8748,0.9452,0.2413,0.2200,-0.3161,0.5069,0.8020,0.0820,-0.8276,0.5554),
      ["RightUpperArm"] = CFrame.new(-0.0957,0.0190,0.0324,0.7707,-0.5824,-0.2586,0.4752,0.7957,-0.3756,0.4245,0.1666,0.8900),
      ["RightLowerArm"] = CFrame.new(0.0000,0.0998,0.1075,1.0000,-0.0000,0.0000,0.0000,-0.0755,-0.9971,0.0000,0.9971,-0.0755),
      ["RightHand"] = CFrame.new(-0.0005,0.0000,0.0000,0.9878,-0.1001,0.1193,0.1011,0.9949,-0.0018,-0.1185,0.0138,0.9929),
      ["LeftUpperLeg"] = CFrame.new(0.1452,0.0652,-0.2725,0.8868,0.0921,0.4528,0.2656,0.7003,-0.6626,-0.3782,0.7078,0.5966),
      ["LeftLowerLeg"] = CFrame.new(0.0000,0.0795,-0.0392,1.0000,-0.0000,0.0000,0.0000,0.6087,0.7934,-0.0000,-0.7934,0.6087),
      ["LeftFoot"] = CFrame.new(0.0000,-0.0002,0.0000,0.9967,0.0197,0.0789,-0.0398,0.9643,0.2619,-0.0709,-0.2641,0.9619),
      ["RightUpperLeg"] = CFrame.new(0.0505,0.0411,-0.1136,0.8203,0.3804,-0.4270,-0.4037,0.9141,0.0389,0.4051,0.1405,0.9034),
      ["RightLowerLeg"] = CFrame.new(0.0000,0.0511,-0.0142,1.0000,-0.0000,0.0000,0.0000,0.8594,0.5113,-0.0000,-0.5113,0.8594),
      ["RightFoot"] = CFrame.new(0.0000,0.0000,-0.0001,0.9967,0.0732,-0.0364,-0.0560,0.9361,0.3472,0.0595,-0.3439,0.9371),
    }},
    {Time = 1.100, Data = {
      ["HumanoidRootPart"] = CFrame.new(0.0000,0.0000,0.0000,1.0000,0.0000,0.0000,0.0000,1.0000,0.0000,0.0000,0.0000,1.0000),
      ["LowerTorso"] = CFrame.new(0.0280,-0.1394,-0.1366,0.9956,-0.0311,0.0885,0.0938,0.3338,-0.9380,-0.0004,0.9421,0.3352),
      ["UpperTorso"] = CFrame.new(0.0000,0.0000,0.0000,0.9825,0.0102,0.1860,-0.0460,0.9808,0.1895,-0.1805,-0.1947,0.9641),
      ["LeftUpperArm"] = CFrame.new(0.0178,-0.0308,0.0571,0.8932,0.1432,0.4263,-0.4458,0.4070,0.7972,-0.0593,-0.9021,0.4274),
      ["LeftLowerArm"] = CFrame.new(-0.0005,0.0336,0.0058,1.0000,-0.0000,0.0000,0.0000,0.9416,-0.3366,0.0000,0.3366,0.9416),
      ["LeftHand"] = CFrame.new(0.0005,0.0000,0.0000,0.9987,-0.0254,-0.0436,0.0272,0.9988,0.0395,0.0426,-0.0407,0.9983),
      ["Head"] = CFrame.new(1.9336,0.0296,-0.8628,0.9139,0.2345,0.3313,-0.4058,0.5115,0.7574,0.0082,-0.8267,0.5626),
      ["RightUpperArm"] = CFrame.new(-0.0962,0.0195,0.0292,0.7693,-0.5814,-0.2647,0.4743,0.7974,-0.3731,0.4280,0.1615,0.8893),
      ["RightLowerArm"] = CFrame.new(0.0000,0.0998,0.1080,1.0000,-0.0000,0.0000,0.0000,-0.0805,-0.9968,0.0000,0.9968,-0.0805),
      ["RightHand"] = CFrame.new(-0.0005,0.0000,0.0000,0.9881,-0.0988,0.1177,0.0997,0.9950,-0.0018,-0.1169,0.0135,0.9931),
      ["LeftUpperLeg"] = CFrame.new(0.1440,0.0627,-0.2715,0.8860,0.0936,0.4542,0.2636,0.7043,-0.6592,-0.3816,0.7037,0.5993),
      ["LeftLowerLeg"] = CFrame.new(0.0000,0.0798,-0.0396,1.0000,-0.0000,0.0000,0.0000,0.6041,0.7969,-0.0000,-0.7969,0.6041),
      ["LeftFoot"] = CFrame.new(0.0000,-0.0002,0.0000,0.9961,0.0203,0.0858,-0.0424,0.9638,0.2634,-0.0774,-0.2660,0.9609),
      ["RightUpperLeg"] = CFrame.new(0.0500,0.0410,-0.1129,0.8213,0.3806,-0.4250,-0.4013,0.9149,0.0439,0.4055,0.1345,0.9041),
      ["RightLowerLeg"] = CFrame.new(0.0000,0.0517,-0.0145,1.0000,-0.0000,0.0000,0.0000,0.8558,0.5173,-0.0000,-0.5173,0.8558),
      ["RightFoot"] = CFrame.new(0.0000,0.0000,-0.0001,0.9961,0.0789,-0.0396,-0.0596,0.9322,0.3570,0.0651,-0.3533,0.9333),
    }},
    {Time = 1.133, Data = {
      ["HumanoidRootPart"] = CFrame.new(0.0000,0.0000,0.0000,1.0000,0.0000,0.0000,0.0000,1.0000,0.0000,0.0000,0.0000,1.0000),
      ["LowerTorso"] = CFrame.new(0.0274,-0.1375,-0.1377,0.9958,-0.0304,0.0865,0.0917,0.3335,-0.9383,-0.0004,0.9423,0.3348),
      ["UpperTorso"] = CFrame.new(0.0000,0.0000,0.0000,0.9821,0.0126,0.1881,-0.0492,0.9802,0.1916,-0.1820,-0.1974,0.9633),
      ["LeftUpperArm"] = CFrame.new(0.0197,-0.0313,0.0585,0.8946,0.1442,0.4229,-0.4433,0.4045,0.7999,-0.0558,-0.9031,0.4258),
      ["LeftLowerArm"] = CFrame.new(-0.0005,0.0328,0.0055,1.0000,-0.0000,0.0000,0.0000,0.9442,-0.3293,0.0000,0.3293,0.9442),
      ["LeftHand"] = CFrame.new(0.0005,0.0000,0.0000,0.9988,-0.0225,-0.0429,0.0243,0.9988,0.0416,0.0419,-0.0426,0.9982),
      ["Head"] = CFrame.new(1.9384,0.0383,-0.8533,0.8627,0.2281,0.4514,-0.5002,0.5165,0.6950,-0.0747,-0.8253,0.5597),
      ["RightUpperArm"] = CFrame.new(-0.0961,0.0195,0.0259,0.7676,-0.5810,-0.2706,0.4739,0.7988,-0.3706,0.4314,0.1562,0.8885),
      ["RightLowerArm"] = CFrame.new(0.0000,0.0997,0.1084,1.0000,-0.0000,0.0000,0.0000,-0.0853,-0.9964,0.0000,0.9964,-0.0853),
      ["RightHand"] = CFrame.new(-0.0005,0.0000,0.0000,0.9886,-0.0969,0.1154,0.0978,0.9952,-0.0019,-0.1147,0.0131,0.9933),
      ["LeftUpperLeg"] = CFrame.new(0.1428,0.0603,-0.2706,0.8851,0.0951,0.4556,0.2616,0.7080,-0.6559,-0.3849,0.6997,0.6018),
      ["LeftLowerLeg"] = CFrame.new(0.0000,0.0801,-0.0401,1.0000,-0.0000,0.0000,0.0000,0.5996,0.8003,-0.0000,-0.8003,0.5996),
      ["LeftFoot"] = CFrame.new(0.0000,-0.0002,0.0000,0.9955,0.0209,0.0926,-0.0449,0.9633,0.2648,-0.0836,-0.2678,0.9598),
      ["RightUpperLeg"] = CFrame.new(0.0495,0.0409,-0.1121,0.8222,0.3808,-0.4231,-0.3991,0.9156,0.0487,0.4059,0.1288,0.9048),
      ["RightLowerLeg"] = CFrame.new(0.0000,0.0523,-0.0149,1.0000,-0.0000,0.0000,0.0000,0.8522,0.5231,-0.0000,-0.5231,0.8522),
      ["RightFoot"] = CFrame.new(0.0000,0.0000,-0.0001,0.9955,0.0844,-0.0427,-0.0630,0.9283,0.3665,0.0705,-0.3622,0.9294),
    }},
    {Time = 1.167, Data = {
      ["HumanoidRootPart"] = CFrame.new(0.0000,0.0000,0.0000,1.0000,0.0000,0.0000,0.0000,1.0000,0.0000,0.0000,0.0000,1.0000),
      ["LowerTorso"] = CFrame.new(0.0268,-0.1351,-0.1391,0.9960,-0.0295,0.0840,0.0890,0.3331,-0.9387,-0.0003,0.9424,0.3344),
      ["UpperTorso"] = CFrame.new(0.0000,0.0000,0.0000,0.9816,0.0147,0.1905,-0.0522,0.9797,0.1935,-0.1838,-0.1999,0.9624),
      ["LeftUpperArm"] = CFrame.new(0.0215,-0.0316,0.0598,0.8961,0.1445,0.4197,-0.4407,0.4022,0.8025,-0.0528,-0.9041,0.4241),
      ["LeftLowerArm"] = CFrame.new(-0.0005,0.0321,0.0053,1.0000,-0.0000,0.0000,0.0000,0.9466,-0.3224,0.0000,0.3224,0.9466),
      ["LeftHand"] = CFrame.new(0.0005,0.0000,0.0000,0.9989,-0.0189,-0.0420,0.0207,0.9988,0.0441,0.0411,-0.0450,0.9981),
      ["Head"] = CFrame.new(1.9447,0.0475,-0.8474,0.7823,0.2227,0.5818,-0.5997,0.5218,0.6066,-0.1685,-0.8235,0.5418),
      ["RightUpperArm"] = CFrame.new(-0.0959,0.0192,0.0224,0.7656,-0.5810,-0.2763,0.4740,0.7998,-0.3683,0.4349,0.1510,0.8877),
      ["RightLowerArm"] = CFrame.new(0.0000,0.0997,0.1089,1.0000,-0.0000,0.0000,0.0000,-0.0900,-0.9959,0.0000,0.9959,-0.0900),
      ["RightHand"] = CFrame.new(-0.0005,0.0000,0.0000,0.9891,-0.0945,0.1126,0.0954,0.9954,-0.0019,-0.1119,0.0127,0.9936),
      ["LeftUpperLeg"] = CFrame.new(0.1417,0.0580,-0.2697,0.8843,0.0964,0.4569,0.2597,0.7116,-0.6528,-0.3881,0.6959,0.6042),
      ["LeftLowerLeg"] = CFrame.new(0.0000,0.0805,-0.0405,1.0000,-0.0000,0.0000,0.0000,0.5953,0.8035,-0.0000,-0.8035,0.5953),
      ["LeftFoot"] = CFrame.new(0.0000,-0.0002,0.0000,0.9949,0.0215,0.0990,-0.0473,0.9628,0.2662,-0.0896,-0.2695,0.9588),
      ["RightUpperLeg"] = CFrame.new(0.0490,0.0408,-0.1114,0.8230,0.3810,-0.4212,-0.3969,0.9163,0.0533,0.4062,0.1233,0.9054),
      ["RightLowerLeg"] = CFrame.new(0.0000,0.0528,-0.0152,1.0000,-0.0000,0.0000,0.0000,0.8488,0.5287,-0.0000,-0.5287,0.8488),
      ["RightFoot"] = CFrame.new(0.0000,0.0000,-0.0001,0.9949,0.0897,-0.0455,-0.0662,0.9244,0.3755,0.0757,-0.3706,0.9257),
    }},
    {Time = 1.200, Data = {
      ["HumanoidRootPart"] = CFrame.new(0.0000,0.0000,0.0000,1.0000,0.0000,0.0000,0.0000,1.0000,0.0000,0.0000,0.0000,1.0000),
      ["LowerTorso"] = CFrame.new(0.0259,-0.1322,-0.1407,0.9963,-0.0284,0.0809,0.0858,0.3326,-0.9392,-0.0003,0.9426,0.3338),
      ["UpperTorso"] = CFrame.new(0.0000,0.0000,0.0000,0.9811,0.0165,0.1929,-0.0549,0.9792,0.1954,-0.1857,-0.2023,0.9616),
      ["LeftUpperArm"] = CFrame.new(0.0232,-0.0318,0.0607,0.8975,0.1445,0.4166,-0.4381,0.3999,0.8051,-0.0502,-0.9051,0.4222),
      ["LeftLowerArm"] = CFrame.new(-0.0005,0.0315,0.0051,1.0000,-0.0000,0.0000,0.0000,0.9488,-0.3158,0.0000,0.3158,0.9488),
      ["LeftHand"] = CFrame.new(0.0005,0.0000,0.0000,0.9991,-0.0145,-0.0409,0.0164,0.9988,0.0472,0.0401,-0.0478,0.9980),
      ["Head"] = CFrame.new(1.9522,0.0569,-0.8461,0.6615,0.2193,0.7171,-0.6989,0.5271,0.4834,-0.2720,-0.8210,0.5020),
      ["RightUpperArm"] = CFrame.new(-0.0951,0.0183,0.0190,0.7633,-0.5814,-0.2817,0.4745,0.8004,-0.3662,0.4384,0.1458,0.8869),
      ["RightLowerArm"] = CFrame.new(0.0000,0.0997,0.1093,1.0000,-0.0000,0.0000,0.0000,-0.0943,-0.9955,0.0000,0.9955,-0.0943),
      ["RightHand"] = CFrame.new(-0.0005,0.0000,0.0000,0.9898,-0.0917,0.1091,0.0924,0.9957,-0.0020,-0.1085,0.0121,0.9940),
      ["LeftUpperLeg"] = CFrame.new(0.1406,0.0559,-0.2688,0.8835,0.0977,0.4581,0.2579,0.7150,-0.6499,-0.3910,0.6923,0.6065),
      ["LeftLowerLeg"] = CFrame.new(0.0000,0.0808,-0.0409,1.0000,-0.0000,0.0000,0.0000,0.5913,0.8065,-0.0000,-0.8065,0.5913),
      ["LeftFoot"] = CFrame.new(0.0000,-0.0002,0.0000,0.9942,0.0221,0.1051,-0.0496,0.9623,0.2674,-0.0952,-0.2711,0.9578),
      ["RightUpperLeg"] = CFrame.new(0.0486,0.0407,-0.1108,0.8239,0.3812,-0.4195,-0.3949,0.9169,0.0576,0.4066,0.1182,0.9059),
      ["RightLowerLeg"] = CFrame.new(0.0000,0.0534,-0.0156,1.0000,-0.0000,0.0000,0.0000,0.8456,0.5339,-0.0000,-0.5339,0.8456),
      ["RightFoot"] = CFrame.new(0.0000,0.0000,-0.0001,0.9943,0.0947,-0.0481,-0.0691,0.9207,0.3840,0.0807,-0.3785,0.9221),
    }},
    {Time = 1.233, Data = {
      ["HumanoidRootPart"] = CFrame.new(0.0000,0.0000,0.0000,1.0000,0.0000,0.0000,0.0000,1.0000,0.0000,0.0000,0.0000,1.0000),
      ["LowerTorso"] = CFrame.new(0.0250,-0.1288,-0.1426,0.9966,-0.0272,0.0774,0.0821,0.3321,-0.9397,-0.0002,0.9429,0.3332),
      ["UpperTorso"] = CFrame.new(0.0000,0.0000,0.0000,0.9805,0.0180,0.1955,-0.0572,0.9787,0.1972,-0.1878,-0.2045,0.9607),
      ["LeftUpperArm"] = CFrame.new(0.0249,-0.0319,0.0614,0.8990,0.1439,0.4137,-0.4353,0.3978,0.8076,-0.0484,-0.9061,0.4203),
      ["LeftLowerArm"] = CFrame.new(-0.0005,0.0309,0.0049,1.0000,-0.0000,0.0000,0.0000,0.9508,-0.3097,0.0000,0.3097,0.9508),
      ["LeftHand"] = CFrame.new(0.0005,0.0000,0.0000,0.9992,-0.0094,-0.0396,0.0114,0.9986,0.0508,0.0390,-0.0512,0.9979),
      ["Head"] = CFrame.new(1.9605,0.0662,-0.8489,0.4966,0.2182,0.8401,-0.7822,0.5320,0.3243,-0.3762,-0.8182,0.4349),
      ["RightUpperArm"] = CFrame.new(-0.0939,0.0169,0.0155,0.7607,-0.5823,-0.2868,0.4755,0.8007,-0.3643,0.4418,0.1408,0.8860),
      ["RightLowerArm"] = CFrame.new(0.0000,0.0996,0.1097,1.0000,-0.0000,0.0000,0.0000,-0.0983,-0.9952,0.0000,0.9952,-0.0983),
      ["RightHand"] = CFrame.new(-0.0005,0.0000,0.0000,0.9905,-0.0884,0.1052,0.0891,0.9960,-0.0021,-0.1046,0.0115,0.9945),
      ["LeftUpperLeg"] = CFrame.new(0.1396,0.0539,-0.2680,0.8828,0.0989,0.4593,0.2562,0.7181,-0.6471,-0.3938,0.6889,0.6086),
      ["LeftLowerLeg"] = CFrame.new(0.0000,0.0810,-0.0413,1.0000,-0.0000,0.0000,0.0000,0.5875,0.8092,-0.0000,-0.8092,0.5875),
      ["LeftFoot"] = CFrame.new(0.0000,-0.0002,0.0000,0.9936,0.0225,0.1107,-0.0517,0.9619,0.2686,-0.1004,-0.2726,0.9569),
      ["RightUpperLeg"] = CFrame.new(0.0482,0.0406,-0.1102,0.8246,0.3813,-0.4178,-0.3930,0.9175,0.0616,0.4068,0.1134,0.9064),
      ["RightLowerLeg"] = CFrame.new(0.0000,0.0538,-0.0159,1.0000,-0.0000,0.0000,0.0000,0.8425,0.5387,-0.0000,-0.5387,0.8425),
      ["RightFoot"] = CFrame.new(0.0000,0.0000,-0.0001,0.9938,0.0994,-0.0505,-0.0718,0.9172,0.3919,0.0852,-0.3858,0.9186),
    }},
    {Time = 1.267, Data = {
      ["HumanoidRootPart"] = CFrame.new(0.0000,0.0000,0.0000,1.0000,0.0000,0.0000,0.0000,1.0000,0.0000,0.0000,0.0000,1.0000),
      ["LowerTorso"] = CFrame.new(0.0239,-0.1251,-0.1448,0.9970,-0.0258,0.0735,0.0779,0.3314,-0.9403,-0.0001,0.9431,0.3324),
      ["UpperTorso"] = CFrame.new(0.0000,0.0000,0.0000,0.9800,0.0191,0.1981,-0.0593,0.9782,0.1988,-0.1900,-0.2066,0.9598),
      ["LeftUpperArm"] = CFrame.new(0.0264,-0.0318,0.0618,0.9004,0.1428,0.4110,-0.4326,0.3959,0.8100,-0.0471,-0.9071,0.4182),
      ["LeftLowerArm"] = CFrame.new(-0.0005,0.0303,0.0047,1.0000,-0.0000,0.0000,0.0000,0.9526,-0.3041,0.0000,0.3041,0.9526),
      ["LeftHand"] = CFrame.new(0.0005,0.0000,0.0000,0.9993,-0.0037,-0.0381,0.0058,0.9985,0.0547,0.0378,-0.0549,0.9978),
      ["Head"] = CFrame.new(1.9692,0.0753,-0.8553,0.2929,0.2191,0.9307,-0.8332,0.5359,0.1360,-0.4690,-0.8153,0.3396),
      ["RightUpperArm"] = CFrame.new(-0.0923,0.0151,0.0121,0.7579,-0.5836,-0.2915,0.4770,0.8006,-0.3627,0.4451,0.1358,0.8851),
      ["RightLowerArm"] = CFrame.new(0.0000,0.0996,0.1101,1.0000,-0.0000,0.0000,0.0000,-0.1020,-0.9948,0.0000,0.9948,-0.1020),
      ["RightHand"] = CFrame.new(-0.0005,0.0000,0.0000,0.9913,-0.0847,0.1007,0.0853,0.9964,-0.0022,-0.1002,0.0108,0.9949),
      ["LeftUpperLeg"] = CFrame.new(0.1387,0.0521,-0.2673,0.8821,0.1000,0.4603,0.2547,0.7209,-0.6446,-0.3963,0.6858,0.6104),
      ["LeftLowerLeg"] = CFrame.new(0.0000,0.0813,-0.0417,1.0000,-0.0000,0.0000,0.0000,0.5840,0.8117,-0.0000,-0.8117,0.5840),
      ["LeftFoot"] = CFrame.new(0.0000,-0.0002,0.0000,0.9930,0.0230,0.1158,-0.0537,0.9615,0.2696,-0.1051,-0.2740,0.9560),
      ["RightUpperLeg"] = CFrame.new(0.0478,0.0406,-0.1096,0.8253,0.3814,-0.4164,-0.3913,0.9179,0.0653,0.4071,0.1091,0.9069),
      ["RightLowerLeg"] = CFrame.new(0.0000,0.0543,-0.0161,1.0000,-0.0000,0.0000,0.0000,0.8397,0.5430,-0.0000,-0.5430,0.8397),
      ["RightFoot"] = CFrame.new(0.0000,0.0000,-0.0001,0.9932,0.1036,-0.0526,-0.0742,0.9140,0.3990,0.0894,-0.3924,0.9155),
    }},
    {Time = 1.300, Data = {
      ["HumanoidRootPart"] = CFrame.new(0.0000,0.0000,0.0000,1.0000,0.0000,0.0000,0.0000,1.0000,0.0000,0.0000,0.0000,1.0000),
      ["LowerTorso"] = CFrame.new(0.0228,-0.1210,-0.1471,0.9973,-0.0242,0.0692,0.0733,0.3308,-0.9409,-0.0001,0.9434,0.3316),
      ["UpperTorso"] = CFrame.new(0.0000,0.0000,0.0000,0.9794,0.0200,0.2007,-0.0610,0.9778,0.2003,-0.1923,-0.2084,0.9590),
      ["LeftUpperArm"] = CFrame.new(0.0279,-0.0316,0.0620,0.9017,0.1411,0.4086,-0.4298,0.3942,0.8123,-0.0464,-0.9081,0.4161),
      ["LeftLowerArm"] = CFrame.new(-0.0005,0.0298,0.0045,1.0000,-0.0000,0.0000,0.0000,0.9542,-0.2992,0.0000,0.2992,0.9542),
      ["LeftHand"] = CFrame.new(0.0005,0.0000,0.0000,0.9993,0.0026,-0.0364,-0.0004,0.9983,0.0591,0.0365,-0.0590,0.9976),
      ["Head"] = CFrame.new(1.9778,0.0839,-0.8645,0.0633,0.2218,0.9730,-0.8399,0.5385,-0.0681,-0.5391,-0.8129,0.2204),
      ["RightUpperArm"] = CFrame.new(-0.0904,0.0129,0.0088,0.7549,-0.5854,-0.2958,0.4788,0.8001,-0.3613,0.4482,0.1311,0.8843),
      ["RightLowerArm"] = CFrame.new(0.0000,0.0996,0.1104,1.0000,-0.0000,0.0000,0.0000,-0.1052,-0.9944,0.0000,0.9944,-0.1052),
      ["RightHand"] = CFrame.new(-0.0005,0.0000,0.0000,0.9921,-0.0806,0.0958,0.0812,0.9967,-0.0023,-0.0953,0.0101,0.9954),
      ["LeftUpperLeg"] = CFrame.new(0.1379,0.0505,-0.2666,0.8815,0.1009,0.4612,0.2533,0.7233,-0.6424,-0.3985,0.6831,0.6121),
      ["LeftLowerLeg"] = CFrame.new(0.0000,0.0815,-0.0420,1.0000,-0.0000,0.0000,0.0000,0.5809,0.8140,-0.0000,-0.8140,0.5809),
      ["LeftFoot"] = CFrame.new(0.0000,-0.0002,0.0000,0.9925,0.0233,0.1203,-0.0554,0.9611,0.2706,-0.1093,-0.2752,0.9552),
      ["RightUpperLeg"] = CFrame.new(0.0475,0.0405,-0.1091,0.8259,0.3815,-0.4150,-0.3898,0.9184,0.0685,0.4073,0.1052,0.9072),
      ["RightLowerLeg"] = CFrame.new(0.0000,0.0547,-0.0164,1.0000,-0.0000,0.0000,0.0000,0.8372,0.5469,-0.0000,-0.5469,0.8372),
      ["RightFoot"] = CFrame.new(0.0000,0.0000,-0.0001,0.9927,0.1074,-0.0545,-0.0763,0.9110,0.4053,0.0932,-0.3982,0.9126),
    }},
    {Time = 1.333, Data = {
      ["HumanoidRootPart"] = CFrame.new(0.0000,0.0000,0.0000,1.0000,0.0000,0.0000,0.0000,1.0000,0.0000,0.0000,0.0000,1.0000),
      ["LowerTorso"] = CFrame.new(0.0215,-0.1165,-0.1497,0.9977,-0.0226,0.0645,0.0684,0.3300,-0.9415,-0.0000,0.9437,0.3308),
      ["UpperTorso"] = CFrame.new(0.0000,0.0000,0.0000,0.9789,0.0204,0.2034,-0.0623,0.9775,0.2016,-0.1947,-0.2100,0.9581),
      ["LeftUpperArm"] = CFrame.new(0.0292,-0.0313,0.0618,0.9030,0.1390,0.4065,-0.4271,0.3927,0.8145,-0.0464,-0.9091,0.4140),
      ["LeftLowerArm"] = CFrame.new(-0.0005,0.0294,0.0044,1.0000,-0.0000,0.0000,0.0000,0.9555,-0.2949,0.0000,0.2949,0.9555),
      ["LeftHand"] = CFrame.new(0.0005,0.0000,0.0000,0.9994,0.0093,-0.0346,-0.0071,0.9979,0.0638,0.0351,-0.0635,0.9974),
      ["Head"] = CFrame.new(1.9858,0.0918,-0.8759,-0.1744,0.2255,0.9585,-0.7969,0.5394,-0.2719,-0.5784,-0.8113,0.0857),
      ["RightUpperArm"] = CFrame.new(-0.0880,0.0102,0.0057,0.7517,-0.5875,-0.2996,0.4811,0.7992,-0.3602,0.4511,0.1267,0.8834),
      ["RightLowerArm"] = CFrame.new(0.0000,0.0995,0.1107,1.0000,-0.0000,0.0000,0.0000,-0.1081,-0.9941,0.0000,0.9941,-0.1081),
      ["RightHand"] = CFrame.new(-0.0005,0.0000,0.0000,0.9930,-0.0762,0.0905,0.0767,0.9971,-0.0024,-0.0901,0.0093,0.9959),
      ["LeftUpperLeg"] = CFrame.new(0.1372,0.0491,-0.2661,0.8810,0.1017,0.4620,0.2521,0.7255,-0.6404,-0.4004,0.6807,0.6135),
      ["LeftLowerLeg"] = CFrame.new(0.0000,0.0817,-0.0422,1.0000,-0.0000,0.0000,0.0000,0.5783,0.8159,-0.0000,-0.8159,0.5783),
      ["LeftFoot"] = CFrame.new(0.0000,-0.0002,0.0000,0.9920,0.0237,0.1242,-0.0569,0.9608,0.2713,-0.1129,-0.2762,0.9544),
      ["RightUpperLeg"] = CFrame.new(0.0472,0.0404,-0.1087,0.8265,0.3816,-0.4139,-0.3885,0.9187,0.0713,0.4075,0.1018,0.9075),
      ["RightLowerLeg"] = CFrame.new(0.0000,0.0550,-0.0166,1.0000,-0.0000,0.0000,0.0000,0.8350,0.5502,-0.0000,-0.5502,0.8350),
      ["RightFoot"] = CFrame.new(0.0000,0.0000,-0.0001,0.9923,0.1107,-0.0561,-0.0781,0.9084,0.4107,0.0964,-0.4032,0.9100),
    }},
    {Time = 1.367, Data = {
      ["HumanoidRootPart"] = CFrame.new(0.0000,0.0000,0.0000,1.0000,0.0000,0.0000,0.0000,1.0000,0.0000,0.0000,0.0000,1.0000),
      ["LowerTorso"] = CFrame.new(0.0202,-0.1118,-0.1524,0.9980,-0.0209,0.0596,0.0631,0.3292,-0.9421,0.0000,0.9440,0.3299),
      ["UpperTorso"] = CFrame.new(0.0000,0.0000,0.0000,0.9783,0.0205,0.2061,-0.0632,0.9772,0.2027,-0.1972,-0.2113,0.9573),
      ["LeftUpperArm"] = CFrame.new(0.0304,-0.0309,0.0613,0.9042,0.1364,0.4047,-0.4245,0.3914,0.8164,-0.0470,-0.9100,0.4118),
      ["LeftLowerArm"] = CFrame.new(-0.0005,0.0290,0.0043,1.0000,-0.0000,0.0000,0.0000,0.9566,-0.2913,0.0000,0.2913,0.9566),
      ["LeftHand"] = CFrame.new(0.0005,0.0000,0.0000,0.9993,0.0165,-0.0327,-0.0142,0.9975,0.0688,0.0337,-0.0682,0.9971),
      ["Head"] = CFrame.new(1.9929,0.0989,-0.8888,-0.4022,0.2297,0.8863,-0.7059,0.5387,-0.4599,-0.5830,-0.8106,-0.0545),
      ["RightUpperArm"] = CFrame.new(-0.0854,0.0072,0.0027,0.7484,-0.5901,-0.3029,0.4837,0.7980,-0.3595,0.4538,0.1225,0.8826),
      ["RightLowerArm"] = CFrame.new(0.0000,0.0995,0.1109,1.0000,-0.0000,0.0000,0.0000,-0.1104,-0.9939,0.0000,0.9939,-0.1104),
      ["RightHand"] = CFrame.new(-0.0005,0.0000,0.0000,0.9938,-0.0715,0.0849,0.0719,0.9974,-0.0024,-0.0845,0.0085,0.9964),
      ["LeftUpperLeg"] = CFrame.new(0.1366,0.0479,-0.2656,0.8806,0.1024,0.4627,0.2511,0.7273,-0.6388,-0.4019,0.6787,0.6147),
      ["LeftLowerLeg"] = CFrame.new(0.0000,0.0819,-0.0425,1.0000,-0.0000,0.0000,0.0000,0.5760,0.8174,-0.0000,-0.8174,0.5760),
      ["LeftFoot"] = CFrame.new(0.0000,-0.0002,0.0000,0.9916,0.0239,0.1275,-0.0582,0.9605,0.2720,-0.1160,-0.2771,0.9538),
      ["RightUpperLeg"] = CFrame.new(0.0470,0.0404,-0.1083,0.8269,0.3817,-0.4129,-0.3874,0.9190,0.0737,0.4076,0.0990,0.9078),
      ["RightLowerLeg"] = CFrame.new(0.0000,0.0553,-0.0168,1.0000,-0.0000,0.0000,0.0000,0.8332,0.5530,-0.0000,-0.5530,0.8332),
      ["RightFoot"] = CFrame.new(0.0000,0.0000,-0.0001,0.9919,0.1134,-0.0574,-0.0796,0.9062,0.4152,0.0991,-0.4073,0.9079),
    }},
    {Time = 1.400, Data = {
      ["HumanoidRootPart"] = CFrame.new(0.0000,0.0000,0.0000,1.0000,0.0000,0.0000,0.0000,1.0000,0.0000,0.0000,0.0000,1.0000),
      ["LowerTorso"] = CFrame.new(0.0188,-0.1068,-0.1552,0.9983,-0.0190,0.0544,0.0576,0.3284,-0.9428,0.0001,0.9444,0.3289),
      ["UpperTorso"] = CFrame.new(0.0000,0.0000,0.0000,0.9778,0.0203,0.2087,-0.0638,0.9770,0.2037,-0.1997,-0.2124,0.9565),
      ["LeftUpperArm"] = CFrame.new(0.0314,-0.0303,0.0606,0.9053,0.1334,0.4033,-0.4220,0.3904,0.8182,-0.0482,-0.9109,0.4097),
      ["LeftLowerArm"] = CFrame.new(-0.0005,0.0287,0.0042,1.0000,-0.0000,0.0000,0.0000,0.9575,-0.2884,0.0000,0.2884,0.9575),
      ["LeftHand"] = CFrame.new(0.0005,0.0000,0.0000,0.9992,0.0240,-0.0306,-0.0217,0.9970,0.0740,0.0322,-0.0732,0.9968),
      ["Head"] = CFrame.new(1.9986,0.1050,-0.9026,-0.6054,0.2336,0.7609,-0.5725,0.5363,-0.6202,-0.5529,-0.8111,-0.1910),
      ["RightUpperArm"] = CFrame.new(-0.0824,0.0038,-0.0002,0.7449,-0.5930,-0.3056,0.4867,0.7964,-0.3591,0.4563,0.1188,0.8819),
      ["RightLowerArm"] = CFrame.new(0.0000,0.0995,0.1111,1.0000,-0.0000,0.0000,0.0000,-0.1123,-0.9937,0.0000,0.9937,-0.1123),
      ["RightHand"] = CFrame.new(-0.0005,0.0000,0.0000,0.9946,-0.0665,0.0790,0.0669,0.9978,-0.0024,-0.0787,0.0077,0.9969),
      ["LeftUpperLeg"] = CFrame.new(0.1362,0.0470,-0.2652,0.8802,0.1030,0.4632,0.2503,0.7287,-0.6375,-0.4032,0.6771,0.6156),
      ["LeftLowerLeg"] = CFrame.new(0.0000,0.0820,-0.0426,1.0000,-0.0000,0.0000,0.0000,0.5743,0.8187,-0.0000,-0.8187,0.5743),
      ["LeftFoot"] = CFrame.new(0.0000,-0.0002,0.0000,0.9912,0.0241,0.1301,-0.0592,0.9603,0.2725,-0.1183,-0.2778,0.9533),
      ["RightUpperLeg"] = CFrame.new(0.0468,0.0404,-0.1081,0.8273,0.3817,-0.4122,-0.3865,0.9192,0.0755,0.4077,0.0968,0.9080),
      ["RightLowerLeg"] = CFrame.new(0.0000,0.0555,-0.0169,1.0000,-0.0000,0.0000,0.0000,0.8317,0.5552,-0.0000,-0.5552,0.8317),
      ["RightFoot"] = CFrame.new(0.0000,0.0000,-0.0001,0.9916,0.1156,-0.0584,-0.0808,0.9045,0.4188,0.1013,-0.4106,0.9062),
    }},
    {Time = 1.433, Data = {
      ["HumanoidRootPart"] = CFrame.new(0.0000,0.0000,0.0000,1.0000,0.0000,0.0000,0.0000,1.0000,0.0000,0.0000,0.0000,1.0000),
      ["LowerTorso"] = CFrame.new(0.0173,-0.1017,-0.1581,0.9987,-0.0171,0.0490,0.0519,0.3275,-0.9434,0.0001,0.9447,0.3279),
      ["UpperTorso"] = CFrame.new(0.0000,0.0000,0.0000,0.9772,0.0197,0.2112,-0.0639,0.9768,0.2044,-0.2023,-0.2132,0.9558),
      ["LeftUpperArm"] = CFrame.new(0.0322,-0.0296,0.0596,0.9063,0.1300,0.4021,-0.4196,0.3896,0.8198,-0.0501,-0.9118,0.4077),
      ["LeftLowerArm"] = CFrame.new(-0.0005,0.0285,0.0042,1.0000,-0.0000,0.0000,0.0000,0.9581,-0.2864,0.0000,0.2864,0.9581),
      ["LeftHand"] = CFrame.new(0.0005,0.0000,0.0000,0.9991,0.0317,-0.0284,-0.0294,0.9964,0.0793,0.0308,-0.0784,0.9964),
      ["Head"] = CFrame.new(2.0024,0.1097,-0.9166,-0.7732,0.2366,0.5883,-0.4032,0.5326,-0.7441,-0.4894,-0.8126,-0.3164),
      ["RightUpperArm"] = CFrame.new(-0.0792,0.0002,-0.0028,0.7414,-0.5963,-0.3077,0.4900,0.7944,-0.3589,0.4584,0.1153,0.8812),
      ["RightLowerArm"] = CFrame.new(0.0000,0.0995,0.1113,1.0000,-0.0000,0.0000,0.0000,-0.1136,-0.9935,0.0000,0.9935,-0.1136),
      ["RightHand"] = CFrame.new(-0.0005,0.0000,0.0000,0.9954,-0.0614,0.0729,0.0618,0.9981,-0.0024,-0.0726,0.0069,0.9973),
      ["LeftUpperLeg"] = CFrame.new(0.1358,0.0463,-0.2650,0.8800,0.1033,0.4636,0.2497,0.7297,-0.6366,-0.4041,0.6759,0.6163),
      ["LeftLowerLeg"] = CFrame.new(0.0000,0.0821,-0.0428,1.0000,-0.0000,0.0000,0.0000,0.5730,0.8196,-0.0000,-0.8196,0.5730),
      ["LeftFoot"] = CFrame.new(0.0000,-0.0002,0.0000,0.9910,0.0243,0.1319,-0.0599,0.9602,0.2729,-0.1201,-0.2783,0.9530),
      ["RightUpperLeg"] = CFrame.new(0.0467,0.0403,-0.1079,0.8275,0.3818,-0.4117,-0.3859,0.9193,0.0769,0.4078,0.0952,0.9081),
      ["RightLowerLeg"] = CFrame.new(0.0000,0.0556,-0.0170,1.0000,-0.0000,0.0000,0.0000,0.8307,0.5567,-0.0000,-0.5567,0.8307),
      ["RightFoot"] = CFrame.new(0.0000,0.0000,-0.0001,0.9913,0.1172,-0.0592,-0.0816,0.9032,0.4214,0.1028,-0.4129,0.9049),
    }},
    {Time = 1.467, Data = {
      ["HumanoidRootPart"] = CFrame.new(0.0000,0.0000,0.0000,1.0000,0.0000,0.0000,0.0000,1.0000,0.0000,0.0000,0.0000,1.0000),
      ["LowerTorso"] = CFrame.new(0.0158,-0.0965,-0.1611,0.9989,-0.0152,0.0435,0.0460,0.3266,-0.9441,0.0002,0.9451,0.3269),
      ["UpperTorso"] = CFrame.new(0.0000,0.0000,0.0000,0.9767,0.0188,0.2136,-0.0636,0.9767,0.2049,-0.2048,-0.2137,0.9552),
      ["LeftUpperArm"] = CFrame.new(0.0328,-0.0288,0.0583,0.9072,0.1262,0.4013,-0.4174,0.3891,0.8212,-0.0525,-0.9125,0.4057),
      ["LeftLowerArm"] = CFrame.new(-0.0005,0.0285,0.0041,1.0000,-0.0000,0.0000,0.0000,0.9585,-0.2851,0.0000,0.2851,0.9585),
      ["LeftHand"] = CFrame.new(0.0005,0.0000,0.0000,0.9989,0.0397,-0.0260,-0.0373,0.9957,0.0848,0.0293,-0.0837,0.9961),
      ["Head"] = CFrame.new(2.0040,0.1130,-0.9302,-0.8966,0.2382,0.3732,-0.2031,0.5278,-0.8247,-0.3935,-0.8153,-0.4249),
      ["RightUpperArm"] = CFrame.new(-0.0757,-0.0037,-0.0052,0.7379,-0.5999,-0.3092,0.4935,0.7922,-0.3590,0.4603,0.1123,0.8806),
      ["RightLowerArm"] = CFrame.new(0.0000,0.0995,0.1113,1.0000,-0.0000,0.0000,0.0000,-0.1144,-0.9934,0.0000,0.9934,-0.1144),
      ["RightHand"] = CFrame.new(-0.0005,0.0000,0.0000,0.9962,-0.0562,0.0667,0.0565,0.9984,-0.0024,-0.0665,0.0062,0.9978),
      ["LeftUpperLeg"] = CFrame.new(0.1357,0.0459,-0.2648,0.8798,0.1036,0.4639,0.2493,0.7303,-0.6360,-0.4046,0.6753,0.6167),
      ["LeftLowerLeg"] = CFrame.new(0.0000,0.0821,-0.0428,1.0000,-0.0000,0.0000,0.0000,0.5722,0.8201,-0.0000,-0.8201,0.5722),
      ["LeftFoot"] = CFrame.new(0.0000,-0.0002,0.0000,0.9908,0.0244,0.1331,-0.0603,0.9601,0.2731,-0.1211,-0.2786,0.9527),
      ["RightUpperLeg"] = CFrame.new(0.0466,0.0403,-0.1078,0.8277,0.3818,-0.4113,-0.3856,0.9194,0.0777,0.4078,0.0943,0.9082),
      ["RightLowerLeg"] = CFrame.new(0.0000,0.0557,-0.0170,1.0000,-0.0000,0.0000,0.0000,0.8301,0.5577,-0.0000,-0.5577,0.8301),
      ["RightFoot"] = CFrame.new(0.0000,0.0000,-0.0001,0.9912,0.1181,-0.0596,-0.0821,0.9024,0.4229,0.1037,-0.4143,0.9042),
    }},
    {Time = 1.500, Data = {
      ["HumanoidRootPart"] = CFrame.new(0.0000,0.0000,0.0000,1.0000,0.0000,0.0000,0.0000,1.0000,0.0000,0.0000,0.0000,1.0000),
      ["LowerTorso"] = CFrame.new(0.0143,-0.0911,-0.1641,0.9992,-0.0133,0.0379,0.0401,0.3256,-0.9446,0.0002,0.9454,0.3259),
      ["UpperTorso"] = CFrame.new(0.0000,0.0000,0.0000,0.9762,0.0175,0.2159,-0.0629,0.9767,0.2052,-0.2073,-0.2139,0.9546),
      ["LeftUpperArm"] = CFrame.new(0.0333,-0.0278,0.0568,0.9080,0.1221,0.4009,-0.4154,0.3889,0.8223,-0.0555,-0.9132,0.4038),
      ["LeftLowerArm"] = CFrame.new(-0.0005,0.0285,0.0041,1.0000,-0.0000,0.0000,0.0000,0.9586,-0.2847,0.0000,0.2847,0.9586),
      ["LeftHand"] = CFrame.new(0.0005,0.0000,0.0000,0.9986,0.0476,-0.0237,-0.0453,0.9949,0.0903,0.0279,-0.0891,0.9956),
      ["Head"] = CFrame.new(2.0034,0.1148,-0.9432,-0.9638,0.2382,0.1201,0.0228,0.5223,-0.8525,-0.2657,-0.8189,-0.5088),
      ["RightUpperArm"] = CFrame.new(-0.0720,-0.0078,-0.0073,0.7344,-0.6037,-0.3101,0.4973,0.7896,-0.3595,0.4619,0.1098,0.8801),
      ["RightLowerArm"] = CFrame.new(0.0000,0.0995,0.1113,1.0000,-0.0000,0.0000,0.0000,-0.1146,-0.9934,0.0000,0.9934,-0.1146),
      ["RightHand"] = CFrame.new(-0.0005,0.0000,0.0000,0.9969,-0.0509,0.0604,0.0511,0.9987,-0.0024,-0.0602,0.0055,0.9982),
      ["LeftUpperLeg"] = CFrame.new(0.1356,0.0458,-0.2648,0.8798,0.1036,0.4639,0.2493,0.7304,-0.6359,-0.4047,0.6751,0.6168),
      ["LeftLowerLeg"] = CFrame.new(0.0000,0.0821,-0.0429,1.0000,-0.0000,0.0000,0.0000,0.5720,0.8202,-0.0000,-0.8202,0.5720),
      ["LeftFoot"] = CFrame.new(0.0000,-0.0002,0.0000,0.9908,0.0244,0.1333,-0.0604,0.9601,0.2731,-0.1214,-0.2786,0.9527),
      ["RightUpperLeg"] = CFrame.new(0.0466,0.0403,-0.1078,0.8277,0.3819,-0.4112,-0.3855,0.9194,0.0779,0.4078,0.0940,0.9082),
      ["RightLowerLeg"] = CFrame.new(0.0000,0.0557,-0.0170,1.0000,-0.0000,0.0000,0.0000,0.8299,0.5579,-0.0000,-0.5579,0.8299),
      ["RightFoot"] = CFrame.new(0.0000,0.0000,-0.0001,0.9912,0.1184,-0.0597,-0.0822,0.9022,0.4235,0.1040,-0.4148,0.9039),
    }},
    {Time = 1.533, Data = {
      ["HumanoidRootPart"] = CFrame.new(0.0000,0.0000,0.0000,1.0000,0.0000,0.0000,0.0000,1.0000,0.0000,0.0000,0.0000,1.0000),
      ["LowerTorso"] = CFrame.new(0.0128,-0.0858,-0.1672,0.9994,-0.0113,0.0323,0.0342,0.3247,-0.9452,0.0002,0.9458,0.3249),
      ["UpperTorso"] = CFrame.new(0.0000,0.0000,0.0000,0.9758,0.0160,0.2181,-0.0618,0.9768,0.2052,-0.2097,-0.2137,0.9541),
      ["LeftUpperArm"] = CFrame.new(0.0335,-0.0268,0.0551,0.9085,0.1177,0.4009,-0.4136,0.3889,0.8232,-0.0591,-0.9137,0.4020),
      ["LeftLowerArm"] = CFrame.new(-0.0005,0.0285,0.0042,1.0000,-0.0000,0.0000,0.0000,0.9585,-0.2851,0.0000,0.2851,0.9585),
      ["LeftHand"] = CFrame.new(0.0005,0.0000,0.0000,0.9982,0.0556,-0.0213,-0.0533,0.9940,0.0957,0.0264,-0.0944,0.9952),
      ["Head"] = CFrame.new(2.0010,0.1155,-0.9556,-0.9587,0.2361,-0.1588,0.2622,0.5165,-0.8151,-0.1104,-0.8231,-0.5571),
      ["RightUpperArm"] = CFrame.new(-0.0682,-0.0120,-0.0092,0.7309,-0.6078,-0.3103,0.5012,0.7867,-0.3604,0.4632,0.1079,0.8797),
      ["RightLowerArm"] = CFrame.new(0.0000,0.0995,0.1113,1.0000,-0.0000,0.0000,0.0000,-0.1144,-0.9934,0.0000,0.9934,-0.1144),
      ["RightHand"] = CFrame.new(-0.0005,0.0000,0.0000,0.9975,-0.0456,0.0541,0.0458,0.9989,-0.0023,-0.0539,0.0047,0.9985),
      ["LeftUpperLeg"] = CFrame.new(0.1357,0.0459,-0.2649,0.8798,0.1036,0.4639,0.2493,0.7303,-0.6360,-0.4046,0.6753,0.6167),
      ["LeftLowerLeg"] = CFrame.new(0.0000,0.0821,-0.0428,1.0000,-0.0000,0.0000,0.0000,0.5722,0.8201,-0.0000,-0.8201,0.5722),
      ["LeftFoot"] = CFrame.new(0.0000,-0.0002,0.0000,0.9908,0.0244,0.1331,-0.0603,0.9601,0.2731,-0.1211,-0.2786,0.9527),
      ["RightUpperLeg"] = CFrame.new(0.0466,0.0403,-0.1078,0.8276,0.3819,-0.4113,-0.3856,0.9194,0.0777,0.4078,0.0943,0.9082),
      ["RightLowerLeg"] = CFrame.new(0.0000,0.0557,-0.0170,1.0000,-0.0000,0.0000,0.0000,0.8301,0.5577,-0.0000,-0.5577,0.8301),
      ["RightFoot"] = CFrame.new(0.0000,0.0000,-0.0001,0.9912,0.1181,-0.0596,-0.0821,0.9024,0.4229,0.1037,-0.4143,0.9042),
    }},
    {Time = 1.567, Data = {
      ["HumanoidRootPart"] = CFrame.new(0.0000,0.0000,0.0000,1.0000,0.0000,0.0000,0.0000,1.0000,0.0000,0.0000,0.0000,1.0000),
      ["LowerTorso"] = CFrame.new(0.0114,-0.0806,-0.1702,0.9996,-0.0094,0.0268,0.0284,0.3237,-0.9457,0.0002,0.9461,0.3239),
      ["UpperTorso"] = CFrame.new(0.0000,0.0000,0.0000,0.9754,0.0141,0.2201,-0.0604,0.9769,0.2051,-0.2121,-0.2133,0.9537),
      ["LeftUpperArm"] = CFrame.new(0.0335,-0.0257,0.0531,0.9090,0.1130,0.4011,-0.4119,0.3893,0.8239,-0.0630,-0.9142,0.4004),
      ["LeftLowerArm"] = CFrame.new(-0.0005,0.0285,0.0042,1.0000,-0.0000,0.0000,0.0000,0.9581,-0.2864,0.0000,0.2864,0.9581),
      ["LeftHand"] = CFrame.new(0.0005,0.0000,0.0000,0.9978,0.0635,-0.0188,-0.0612,0.9930,0.1011,0.0251,-0.0998,0.9947),
      ["Head"] = CFrame.new(1.9974,0.1153,-0.9677,-0.8680,0.2321,-0.4390,0.4928,0.5113,-0.7041,0.0610,-0.8275,-0.5582),
      ["RightUpperArm"] = CFrame.new(-0.0642,-0.0164,-0.0108,0.7275,-0.6120,-0.3100,0.5052,0.7837,-0.3615,0.4642,0.1064,0.8793),
      ["RightLowerArm"] = CFrame.new(0.0000,0.0995,0.1113,1.0000,-0.0000,0.0000,0.0000,-0.1136,-0.9935,0.0000,0.9935,-0.1136),
      ["RightHand"] = CFrame.new(-0.0005,0.0000,0.0000,0.9980,-0.0403,0.0478,0.0405,0.9992,-0.0021,-0.0477,0.0041,0.9989),
      ["LeftUpperLeg"] = CFrame.new(0.1358,0.0463,-0.2650,0.8800,0.1033,0.4636,0.2497,0.7297,-0.6366,-0.4041,0.6759,0.6163),
      ["LeftLowerLeg"] = CFrame.new(0.0000,0.0820,-0.0428,1.0000,-0.0000,0.0000,0.0000,0.5730,0.8196,-0.0000,-0.8196,0.5730),
      ["LeftFoot"] = CFrame.new(0.0000,-0.0002,0.0000,0.9910,0.0243,0.1319,-0.0599,0.9602,0.2729,-0.1201,-0.2783,0.9530),
      ["RightUpperLeg"] = CFrame.new(0.0467,0.0404,-0.1079,0.8275,0.3818,-0.4117,-0.3859,0.9193,0.0769,0.4078,0.0953,0.9081),
      ["RightLowerLeg"] = CFrame.new(0.0000,0.0556,-0.0170,1.0000,-0.0000,0.0000,0.0000,0.8307,0.5567,-0.0000,-0.5567,0.8307),
      ["RightFoot"] = CFrame.new(0.0000,0.0000,-0.0001,0.9913,0.1172,-0.0592,-0.0816,0.9032,0.4214,0.1028,-0.4129,0.9049),
    }},
    {Time = 1.600, Data = {
      ["HumanoidRootPart"] = CFrame.new(0.0000,0.0000,0.0000,1.0000,0.0000,0.0000,0.0000,1.0000,0.0000,0.0000,0.0000,1.0000),
      ["LowerTorso"] = CFrame.new(0.0099,-0.0754,-0.1731,0.9997,-0.0075,0.0214,0.0227,0.3228,-0.9462,0.0002,0.9464,0.3229),
      ["UpperTorso"] = CFrame.new(0.0000,0.0000,0.0000,0.9750,0.0120,0.2218,-0.0586,0.9770,0.2048,-0.2143,-0.2127,0.9533),
      ["LeftUpperArm"] = CFrame.new(0.0334,-0.0245,0.0510,0.9094,0.1082,0.4017,-0.4105,0.3899,0.8243,-0.0675,-0.9145,0.3989),
      ["LeftLowerArm"] = CFrame.new(-0.0005,0.0287,0.0042,1.0000,-0.0000,0.0000,0.0000,0.9575,-0.2884,0.0000,0.2884,0.9575),
      ["LeftHand"] = CFrame.new(0.0005,0.0000,0.0000,0.9973,0.0711,-0.0164,-0.0690,0.9919,0.1064,0.0238,-0.1050,0.9942),
      ["Head"] = CFrame.new(1.9930,0.1146,-0.9796,-0.6914,0.2266,-0.6860,0.6851,0.5071,-0.5230,0.2293,-0.8316,-0.5059),
      ["RightUpperArm"] = CFrame.new(-0.0601,-0.0207,-0.0121,0.7243,-0.6164,-0.3090,0.5093,0.7803,-0.3629,0.4648,0.1055,0.8791),
      ["RightLowerArm"] = CFrame.new(0.0000,0.0995,0.1111,1.0000,-0.0000,0.0000,0.0000,-0.1123,-0.9937,0.0000,0.9937,-0.1123),
      ["RightHand"] = CFrame.new(-0.0005,0.0000,0.0000,0.9985,-0.0352,0.0417,0.0353,0.9994,-0.0020,-0.0416,0.0034,0.9991),
      ["LeftUpperLeg"] = CFrame.new(0.1362,0.0470,-0.2652,0.8802,0.1030,0.4632,0.2503,0.7287,-0.6375,-0.4032,0.6771,0.6156),
      ["LeftLowerLeg"] = CFrame.new(0.0000,0.0820,-0.0426,1.0000,-0.0000,0.0000,0.0000,0.5743,0.8187,-0.0000,-0.8187,0.5743),
      ["LeftFoot"] = CFrame.new(0.0000,-0.0002,0.0000,0.9912,0.0241,0.1301,-0.0592,0.9603,0.2725,-0.1183,-0.2778,0.9533),
      ["RightUpperLeg"] = CFrame.new(0.0468,0.0404,-0.1081,0.8273,0.3817,-0.4122,-0.3865,0.9192,0.0755,0.4077,0.0968,0.9080),
      ["RightLowerLeg"] = CFrame.new(0.0000,0.0555,-0.0169,1.0000,-0.0000,0.0000,0.0000,0.8317,0.5552,-0.0000,-0.5552,0.8317),
      ["RightFoot"] = CFrame.new(0.0000,0.0000,-0.0001,0.9916,0.1156,-0.0584,-0.0808,0.9045,0.4188,0.1013,-0.4106,0.9062),
    }},
    {Time = 1.633, Data = {
      ["HumanoidRootPart"] = CFrame.new(0.0000,0.0000,0.0000,1.0000,0.0000,0.0000,0.0000,1.0000,0.0000,0.0000,0.0000,1.0000),
      ["LowerTorso"] = CFrame.new(0.0085,-0.0705,-0.1759,0.9999,-0.0057,0.0162,0.0171,0.3219,-0.9466,0.0002,0.9468,0.3219),
      ["UpperTorso"] = CFrame.new(0.0000,0.0000,0.0000,0.9747,0.0096,0.2234,-0.0564,0.9773,0.2042,-0.2164,-0.2117,0.9531),
      ["LeftUpperArm"] = CFrame.new(0.0330,-0.0233,0.0487,0.9095,0.1032,0.4027,-0.4094,0.3908,0.8244,-0.0723,-0.9147,0.3977),
      ["LeftLowerArm"] = CFrame.new(-0.0005,0.0290,0.0043,1.0000,-0.0000,0.0000,0.0000,0.9566,-0.2913,0.0000,0.2913,0.9566),
      ["LeftHand"] = CFrame.new(0.0005,0.0000,0.0000,0.9968,0.0785,-0.0140,-0.0765,0.9908,0.1114,0.0226,-0.1100,0.9937),
      ["Head"] = CFrame.new(1.9885,0.1135,-0.9914,-0.4489,0.2205,-0.8660,0.8124,0.5043,-0.2927,0.3722,-0.8349,-0.4055),
      ["RightUpperArm"] = CFrame.new(-0.0560,-0.0251,-0.0131,0.7211,-0.6209,-0.3074,0.5134,0.7768,-0.3646,0.4652,0.1051,0.8790),
      ["RightLowerArm"] = CFrame.new(0.0000,0.0995,0.1109,1.0000,-0.0000,0.0000,0.0000,-0.1104,-0.9939,0.0000,0.9939,-0.1104),
      ["RightHand"] = CFrame.new(-0.0005,0.0000,0.0000,0.9989,-0.0302,0.0358,0.0303,0.9995,-0.0018,-0.0357,0.0029,0.9994),
      ["LeftUpperLeg"] = CFrame.new(0.1366,0.0479,-0.2656,0.8806,0.1024,0.4627,0.2511,0.7273,-0.6388,-0.4019,0.6787,0.6147),
      ["LeftLowerLeg"] = CFrame.new(0.0000,0.0819,-0.0425,1.0000,-0.0000,0.0000,0.0000,0.5760,0.8174,-0.0000,-0.8174,0.5760),
      ["LeftFoot"] = CFrame.new(0.0000,-0.0002,0.0000,0.9916,0.0239,0.1275,-0.0582,0.9605,0.2720,-0.1160,-0.2771,0.9538),
      ["RightUpperLeg"] = CFrame.new(0.0470,0.0404,-0.1083,0.8269,0.3817,-0.4129,-0.3874,0.9190,0.0737,0.4076,0.0990,0.9078),
      ["RightLowerLeg"] = CFrame.new(0.0000,0.0553,-0.0168,1.0000,-0.0000,0.0000,0.0000,0.8332,0.5530,-0.0000,-0.5530,0.8332),
      ["RightFoot"] = CFrame.new(0.0000,0.0000,-0.0001,0.9919,0.1134,-0.0574,-0.0796,0.9062,0.4152,0.0991,-0.4073,0.9079),
    }},
    {Time = 1.667, Data = {
      ["HumanoidRootPart"] = CFrame.new(0.0000,0.0000,0.0000,1.0000,0.0000,0.0000,0.0000,1.0000,0.0000,0.0000,0.0000,1.0000),
      ["LowerTorso"] = CFrame.new(0.0072,-0.0657,-0.1786,0.9999,-0.0040,0.0112,0.0119,0.3210,-0.9470,0.0002,0.9471,0.3210),
      ["UpperTorso"] = CFrame.new(0.0000,0.0000,0.0000,0.9744,0.0070,0.2247,-0.0539,0.9776,0.2034,-0.2183,-0.2104,0.9530),
      ["LeftUpperArm"] = CFrame.new(0.0324,-0.0220,0.0463,0.9095,0.0981,0.4040,-0.4085,0.3920,0.8243,-0.0775,-0.9147,0.3966),
      ["LeftLowerArm"] = CFrame.new(-0.0005,0.0294,0.0044,1.0000,-0.0000,0.0000,0.0000,0.9555,-0.2949,0.0000,0.2949,0.9555),
      ["LeftHand"] = CFrame.new(0.0005,0.0000,0.0000,0.9963,0.0856,-0.0117,-0.0836,0.9897,0.1163,0.0215,-0.1148,0.9932),
      ["Head"] = CFrame.new(1.9842,0.1124,-1.0035,-0.1767,0.2150,-0.9605,0.8632,0.5027,-0.0462,0.4729,-0.8373,-0.2744),
      ["RightUpperArm"] = CFrame.new(-0.0520,-0.0294,-0.0138,0.7182,-0.6254,-0.3052,0.5175,0.7732,-0.3666,0.4652,0.1053,0.8789),
      ["RightLowerArm"] = CFrame.new(0.0000,0.0995,0.1107,1.0000,-0.0000,0.0000,0.0000,-0.1081,-0.9941,0.0000,0.9941,-0.1081),
      ["RightHand"] = CFrame.new(-0.0005,0.0000,0.0000,0.9992,-0.0255,0.0302,0.0255,0.9997,-0.0016,-0.0301,0.0023,0.9995),
      ["LeftUpperLeg"] = CFrame.new(0.1372,0.0491,-0.2661,0.8810,0.1017,0.4620,0.2521,0.7255,-0.6404,-0.4004,0.6807,0.6135),
      ["LeftLowerLeg"] = CFrame.new(0.0000,0.0817,-0.0422,1.0000,-0.0000,0.0000,0.0000,0.5783,0.8159,-0.0000,-0.8159,0.5783),
      ["LeftFoot"] = CFrame.new(0.0000,-0.0002,0.0000,0.9920,0.0237,0.1242,-0.0569,0.9608,0.2713,-0.1129,-0.2762,0.9544),
      ["RightUpperLeg"] = CFrame.new(0.0472,0.0404,-0.1087,0.8265,0.3816,-0.4139,-0.3885,0.9187,0.0713,0.4075,0.1018,0.9075),
      ["RightLowerLeg"] = CFrame.new(0.0000,0.0550,-0.0166,1.0000,-0.0000,0.0000,0.0000,0.8350,0.5502,-0.0000,-0.5502,0.8350),
      ["RightFoot"] = CFrame.new(0.0000,0.0000,-0.0001,0.9923,0.1107,-0.0561,-0.0781,0.9084,0.4107,0.0964,-0.4032,0.9100),
    }},
    {Time = 1.700, Data = {
      ["HumanoidRootPart"] = CFrame.new(0.0000,0.0000,0.0000,1.0000,0.0000,0.0000,0.0000,1.0000,0.0000,0.0000,0.0000,1.0000),
      ["LowerTorso"] = CFrame.new(0.0059,-0.0612,-0.1811,1.0000,-0.0024,0.0065,0.0069,0.3202,-0.9473,0.0002,0.9473,0.3202),
      ["UpperTorso"] = CFrame.new(0.0000,0.0000,0.0000,0.9742,0.0042,0.2258,-0.0511,0.9780,0.2025,-0.2200,-0.2088,0.9529),
      ["LeftUpperArm"] = CFrame.new(0.0317,-0.0207,0.0437,0.9093,0.0930,0.4056,-0.4078,0.3934,0.8240,-0.0829,-0.9146,0.3957),
      ["LeftLowerArm"] = CFrame.new(-0.0005,0.0298,0.0045,1.0000,-0.0000,0.0000,0.0000,0.9542,-0.2992,0.0000,0.2992,0.9542),
      ["LeftHand"] = CFrame.new(0.0005,0.0000,0.0000,0.9957,0.0922,-0.0095,-0.0904,0.9886,0.1208,0.0205,-0.1194,0.9926),
      ["Head"] = CFrame.new(1.9808,0.1116,-1.0159,0.0865,0.2108,-0.9737,0.8454,0.5016,0.1837,0.5271,-0.8390,-0.1349),
      ["RightUpperArm"] = CFrame.new(-0.0479,-0.0336,-0.0143,0.7155,-0.6298,-0.3024,0.5215,0.7694,-0.3688,0.4649,0.1062,0.8790),
      ["RightLowerArm"] = CFrame.new(0.0000,0.0996,0.1104,1.0000,-0.0000,0.0000,0.0000,-0.1052,-0.9944,0.0000,0.9944,-0.1052),
      ["RightHand"] = CFrame.new(-0.0005,0.0000,0.0000,0.9995,-0.0210,0.0249,0.0211,0.9998,-0.0014,-0.0248,0.0019,0.9997),
      ["LeftUpperLeg"] = CFrame.new(0.1379,0.0505,-0.2666,0.8815,0.1009,0.4612,0.2533,0.7233,-0.6424,-0.3985,0.6831,0.6121),
      ["LeftLowerLeg"] = CFrame.new(0.0000,0.0815,-0.0420,1.0000,-0.0000,0.0000,0.0000,0.5809,0.8140,-0.0000,-0.8140,0.5809),
      ["LeftFoot"] = CFrame.new(0.0000,-0.0002,0.0000,0.9925,0.0233,0.1203,-0.0554,0.9611,0.2706,-0.1093,-0.2752,0.9552),
      ["RightUpperLeg"] = CFrame.new(0.0475,0.0405,-0.1091,0.8259,0.3815,-0.4150,-0.3898,0.9184,0.0685,0.4073,0.1052,0.9072),
      ["RightLowerLeg"] = CFrame.new(0.0000,0.0547,-0.0164,1.0000,-0.0000,0.0000,0.0000,0.8372,0.5469,-0.0000,-0.5469,0.8372),
      ["RightFoot"] = CFrame.new(0.0000,0.0000,-0.0001,0.9927,0.1074,-0.0545,-0.0763,0.9110,0.4053,0.0932,-0.3982,0.9126),
    }},
    {Time = 1.733, Data = {
      ["HumanoidRootPart"] = CFrame.new(0.0000,0.0000,0.0000,1.0000,0.0000,0.0000,0.0000,1.0000,0.0000,0.0000,0.0000,1.0000),
      ["LowerTorso"] = CFrame.new(0.0047,-0.0571,-0.1835,1.0000,-0.0009,0.0021,0.0023,0.3194,-0.9476,0.0002,0.9476,0.3194),
      ["UpperTorso"] = CFrame.new(0.0000,0.0000,0.0000,0.9740,0.0012,0.2266,-0.0481,0.9784,0.2013,-0.2215,-0.2069,0.9530),
      ["LeftUpperArm"] = CFrame.new(0.0307,-0.0193,0.0411,0.9089,0.0880,0.4076,-0.4075,0.3951,0.8233,-0.0886,-0.9144,0.3950),
      ["LeftLowerArm"] = CFrame.new(-0.0005,0.0303,0.0047,1.0000,-0.0000,0.0000,0.0000,0.9526,-0.3041,0.0000,0.3041,0.9526),
      ["LeftHand"] = CFrame.new(0.0005,0.0000,0.0000,0.9951,0.0983,-0.0074,-0.0966,0.9875,0.1249,0.0196,-0.1236,0.9921),
      ["Head"] = CFrame.new(1.9786,0.1114,-1.0287,0.3130,0.2086,-0.9266,0.7801,0.4999,0.3761,0.5417,-0.8406,-0.0062),
      ["RightUpperArm"] = CFrame.new(-0.0440,-0.0376,-0.0143,0.7130,-0.6342,-0.2990,0.5254,0.7656,-0.3712,0.4643,0.1076,0.8791),
      ["RightLowerArm"] = CFrame.new(0.0000,0.0996,0.1101,1.0000,-0.0000,0.0000,0.0000,-0.1020,-0.9948,0.0000,0.9948,-0.1020),
      ["RightHand"] = CFrame.new(-0.0005,0.0000,0.0000,0.9997,-0.0169,0.0200,0.0169,0.9999,-0.0011,-0.0199,0.0015,0.9998),
      ["LeftUpperLeg"] = CFrame.new(0.1387,0.0521,-0.2673,0.8821,0.1000,0.4603,0.2547,0.7209,-0.6446,-0.3963,0.6858,0.6104),
      ["LeftLowerLeg"] = CFrame.new(0.0000,0.0813,-0.0417,1.0000,-0.0000,0.0000,0.0000,0.5840,0.8117,-0.0000,-0.8117,0.5840),
      ["LeftFoot"] = CFrame.new(0.0000,-0.0002,0.0000,0.9930,0.0230,0.1158,-0.0537,0.9615,0.2696,-0.1051,-0.2740,0.9560),
      ["RightUpperLeg"] = CFrame.new(0.0478,0.0406,-0.1096,0.8253,0.3814,-0.4164,-0.3913,0.9179,0.0653,0.4071,0.1091,0.9069),
      ["RightLowerLeg"] = CFrame.new(0.0000,0.0543,-0.0161,1.0000,-0.0000,0.0000,0.0000,0.8397,0.5430,-0.0000,-0.5430,0.8397),
      ["RightFoot"] = CFrame.new(0.0000,0.0000,-0.0001,0.9932,0.1036,-0.0526,-0.0742,0.9140,0.3990,0.0894,-0.3924,0.9155),
    }},
    {Time = 1.767, Data = {
      ["HumanoidRootPart"] = CFrame.new(0.0000,0.0000,0.0000,1.0000,0.0000,0.0000,0.0000,1.0000,0.0000,0.0000,0.0000,1.0000),
      ["LowerTorso"] = CFrame.new(0.0037,-0.0533,-0.1856,1.0000,0.0005,-0.0018,-0.0019,0.3187,-0.9479,0.0001,0.9479,0.3187),
      ["UpperTorso"] = CFrame.new(0.0000,0.0000,0.0000,0.9738,-0.0019,0.2272,-0.0448,0.9788,0.1999,-0.2228,-0.2048,0.9531),
      ["LeftUpperArm"] = CFrame.new(0.0296,-0.0179,0.0384,0.9084,0.0830,0.4098,-0.4073,0.3971,0.8224,-0.0944,-0.9140,0.3946),
      ["LeftLowerArm"] = CFrame.new(-0.0005,0.0309,0.0049,1.0000,-0.0000,0.0000,0.0000,0.9508,-0.3097,0.0000,0.3097,0.9508),
      ["LeftHand"] = CFrame.new(0.0005,0.0000,0.0000,0.9946,0.1039,-0.0055,-0.1023,0.9864,0.1287,0.0188,-0.1274,0.9917),
      ["Head"] = CFrame.new(1.9782,0.1120,-1.0423,0.4914,0.2084,-0.8456,0.6915,0.4969,0.5243,0.5295,-0.8424,0.1001),
      ["RightUpperArm"] = CFrame.new(-0.0402,-0.0415,-0.0142,0.7108,-0.6385,-0.2951,0.5292,0.7618,-0.3738,0.4634,0.1095,0.8793),
      ["RightLowerArm"] = CFrame.new(0.0000,0.0996,0.1097,1.0000,-0.0000,0.0000,0.0000,-0.0983,-0.9952,0.0000,0.9952,-0.0983),
      ["RightHand"] = CFrame.new(-0.0005,0.0000,0.0000,0.9998,-0.0131,0.0155,0.0131,0.9999,-0.0009,-0.0155,0.0011,0.9999),
      ["LeftUpperLeg"] = CFrame.new(0.1396,0.0539,-0.2680,0.8828,0.0989,0.4593,0.2562,0.7181,-0.6471,-0.3938,0.6889,0.6086),
      ["LeftLowerLeg"] = CFrame.new(0.0000,0.0810,-0.0413,1.0000,-0.0000,0.0000,0.0000,0.5875,0.8092,-0.0000,-0.8092,0.5875),
      ["LeftFoot"] = CFrame.new(0.0000,-0.0002,0.0000,0.9936,0.0225,0.1107,-0.0517,0.9619,0.2686,-0.1004,-0.2726,0.9569),
      ["RightUpperLeg"] = CFrame.new(0.0482,0.0406,-0.1102,0.8246,0.3813,-0.4178,-0.3930,0.9175,0.0616,0.4068,0.1134,0.9064),
      ["RightLowerLeg"] = CFrame.new(0.0000,0.0538,-0.0159,1.0000,-0.0000,0.0000,0.0000,0.8425,0.5387,-0.0000,-0.5387,0.8425),
      ["RightFoot"] = CFrame.new(0.0000,0.0000,-0.0001,0.9938,0.0994,-0.0505,-0.0718,0.9172,0.3919,0.0852,-0.3858,0.9186),
    }},
    {Time = 1.800, Data = {
      ["HumanoidRootPart"] = CFrame.new(0.0000,0.0000,0.0000,1.0000,0.0000,0.0000,0.0000,1.0000,0.0000,0.0000,0.0000,1.0000),
      ["LowerTorso"] = CFrame.new(0.0027,-0.0500,-0.1875,1.0000,0.0017,-0.0053,-0.0056,0.3181,-0.9481,0.0001,0.9481,0.3181),
      ["UpperTorso"] = CFrame.new(0.0000,0.0000,0.0000,0.9738,-0.0050,0.2275,-0.0413,0.9793,0.1984,-0.2238,-0.2025,0.9534),
      ["LeftUpperArm"] = CFrame.new(0.0283,-0.0165,0.0357,0.9077,0.0782,0.4123,-0.4075,0.3992,0.8213,-0.1003,-0.9135,0.3942),
      ["LeftLowerArm"] = CFrame.new(-0.0005,0.0315,0.0051,1.0000,-0.0000,0.0000,0.0000,0.9488,-0.3158,0.0000,0.3158,0.9488),
      ["LeftHand"] = CFrame.new(0.0005,0.0000,0.0000,0.9941,0.1088,-0.0038,-0.1073,0.9854,0.1320,0.0181,-0.1308,0.9912),
      ["Head"] = CFrame.new(1.9796,0.1134,-1.0562,0.6264,0.2098,-0.7508,0.5959,0.4921,0.6346,0.5026,-0.8449,0.1832),
      ["RightUpperArm"] = CFrame.new(-0.0365,-0.0451,-0.0138,0.7089,-0.6426,-0.2907,0.5327,0.7579,-0.3765,0.4623,0.1120,0.8796),
      ["RightLowerArm"] = CFrame.new(0.0000,0.0997,0.1093,1.0000,-0.0000,0.0000,0.0000,-0.0943,-0.9955,0.0000,0.9955,-0.0943),
      ["RightHand"] = CFrame.new(-0.0005,0.0000,0.0000,0.9999,-0.0097,0.0115,0.0097,1.0000,-0.0007,-0.0115,0.0008,0.9999),
      ["LeftUpperLeg"] = CFrame.new(0.1406,0.0559,-0.2688,0.8835,0.0977,0.4581,0.2579,0.7150,-0.6499,-0.3910,0.6923,0.6065),
      ["LeftLowerLeg"] = CFrame.new(0.0000,0.0808,-0.0409,1.0000,-0.0000,0.0000,0.0000,0.5913,0.8065,-0.0000,-0.8065,0.5913),
      ["LeftFoot"] = CFrame.new(0.0000,-0.0002,0.0000,0.9942,0.0221,0.1051,-0.0496,0.9623,0.2674,-0.0952,-0.2711,0.9578),
      ["RightUpperLeg"] = CFrame.new(0.0486,0.0407,-0.1108,0.8239,0.3812,-0.4195,-0.3949,0.9169,0.0576,0.4066,0.1182,0.9059),
      ["RightLowerLeg"] = CFrame.new(0.0000,0.0534,-0.0155,1.0000,-0.0000,0.0000,0.0000,0.8456,0.5339,-0.0000,-0.5339,0.8456),
      ["RightFoot"] = CFrame.new(0.0000,0.0000,-0.0001,0.9943,0.0947,-0.0481,-0.0691,0.9207,0.3840,0.0807,-0.3785,0.9221),
    }},
    {Time = 1.833, Data = {
      ["HumanoidRootPart"] = CFrame.new(0.0000,0.0000,0.0000,1.0000,0.0000,0.0000,0.0000,1.0000,0.0000,0.0000,0.0000,1.0000),
      ["LowerTorso"] = CFrame.new(0.0019,-0.0471,-0.1892,1.0000,0.0027,-0.0084,-0.0088,0.3175,-0.9482,0.0001,0.9483,0.3175),
      ["UpperTorso"] = CFrame.new(0.0000,0.0000,0.0000,0.9737,-0.0083,0.2275,-0.0376,0.9797,0.1967,-0.2245,-0.2001,0.9537),
      ["LeftUpperArm"] = CFrame.new(0.0268,-0.0152,0.0330,0.9068,0.0736,0.4150,-0.4079,0.4016,0.8200,-0.1063,-0.9129,0.3942),
      ["LeftLowerArm"] = CFrame.new(-0.0005,0.0321,0.0053,1.0000,-0.0000,0.0000,0.0000,0.9466,-0.3224,0.0000,0.3224,0.9466),
      ["LeftHand"] = CFrame.new(0.0005,0.0000,0.0000,0.9936,0.1130,-0.0023,-0.1117,0.9845,0.1349,0.0176,-0.1338,0.9909),
      ["Head"] = CFrame.new(1.9824,0.1153,-1.0700,0.7293,0.2120,-0.6505,0.4990,0.4856,0.7177,0.4680,-0.8481,0.2484),
      ["RightUpperArm"] = CFrame.new(-0.0331,-0.0484,-0.0130,0.7073,-0.6465,-0.2859,0.5360,0.7542,-0.3793,0.4609,0.1150,0.8800),
      ["RightLowerArm"] = CFrame.new(0.0000,0.0997,0.1089,1.0000,-0.0000,0.0000,0.0000,-0.0900,-0.9959,0.0000,0.9959,-0.0900),
      ["RightHand"] = CFrame.new(-0.0005,0.0000,0.0000,0.9999,-0.0068,0.0081,0.0068,1.0000,-0.0005,-0.0081,0.0006,1.0000),
      ["LeftUpperLeg"] = CFrame.new(0.1417,0.0580,-0.2697,0.8843,0.0964,0.4569,0.2597,0.7116,-0.6528,-0.3881,0.6959,0.6042),
      ["LeftLowerLeg"] = CFrame.new(0.0000,0.0805,-0.0405,1.0000,-0.0000,0.0000,0.0000,0.5953,0.8035,-0.0000,-0.8035,0.5953),
      ["LeftFoot"] = CFrame.new(0.0000,-0.0002,0.0000,0.9949,0.0215,0.0990,-0.0473,0.9628,0.2662,-0.0896,-0.2695,0.9588),
      ["RightUpperLeg"] = CFrame.new(0.0490,0.0408,-0.1114,0.8230,0.3810,-0.4212,-0.3969,0.9163,0.0533,0.4062,0.1233,0.9054),
      ["RightLowerLeg"] = CFrame.new(0.0000,0.0528,-0.0152,1.0000,-0.0000,0.0000,0.0000,0.8488,0.5287,-0.0000,-0.5287,0.8488),
      ["RightFoot"] = CFrame.new(0.0000,0.0000,-0.0001,0.9949,0.0897,-0.0455,-0.0662,0.9244,0.3755,0.0757,-0.3706,0.9257),
    }},
    {Time = 1.867, Data = {
      ["HumanoidRootPart"] = CFrame.new(0.0000,0.0000,0.0000,1.0000,0.0000,0.0000,0.0000,1.0000,0.0000,0.0000,0.0000,1.0000),
      ["LowerTorso"] = CFrame.new(0.0012,-0.0446,-0.1905,0.9999,0.0036,-0.0109,-0.0115,0.3170,-0.9483,0.0001,0.9484,0.3171),
      ["UpperTorso"] = CFrame.new(0.0000,0.0000,0.0000,0.9737,-0.0115,0.2273,-0.0339,0.9802,0.1948,-0.2251,-0.1974,0.9541),
      ["LeftUpperArm"] = CFrame.new(0.0253,-0.0139,0.0303,0.9058,0.0693,0.4179,-0.4085,0.4041,0.8184,-0.1122,-0.9121,0.3943),
      ["LeftLowerArm"] = CFrame.new(-0.0005,0.0328,0.0055,1.0000,-0.0000,0.0000,0.0000,0.9442,-0.3293,0.0000,0.3293,0.9442),
      ["LeftHand"] = CFrame.new(0.0005,0.0000,0.0000,0.9932,0.1166,-0.0011,-0.1153,0.9838,0.1373,0.0171,-0.1362,0.9905),
      ["Head"] = CFrame.new(1.9860,0.1174,-1.0830,0.8089,0.2144,-0.5475,0.4020,0.4779,0.7811,0.4291,-0.8519,0.3004),
      ["RightUpperArm"] = CFrame.new(-0.0300,-0.0514,-0.0120,0.7060,-0.6502,-0.2808,0.5391,0.7505,-0.3822,0.4592,0.1185,0.8804),
      ["RightLowerArm"] = CFrame.new(0.0000,0.0997,0.1084,1.0000,-0.0000,0.0000,0.0000,-0.0853,-0.9964,0.0000,0.9964,-0.0853),
      ["RightHand"] = CFrame.new(-0.0005,0.0000,0.0000,1.0000,-0.0044,0.0052,0.0044,1.0000,-0.0003,-0.0052,0.0003,1.0000),
      ["LeftUpperLeg"] = CFrame.new(0.1428,0.0603,-0.2706,0.8851,0.0951,0.4556,0.2616,0.7080,-0.6559,-0.3849,0.6997,0.6018),
      ["LeftLowerLeg"] = CFrame.new(0.0000,0.0801,-0.0401,1.0000,-0.0000,0.0000,0.0000,0.5996,0.8003,-0.0000,-0.8003,0.5996),
      ["LeftFoot"] = CFrame.new(0.0000,-0.0002,0.0000,0.9955,0.0209,0.0926,-0.0449,0.9633,0.2648,-0.0836,-0.2678,0.9598),
      ["RightUpperLeg"] = CFrame.new(0.0495,0.0409,-0.1121,0.8222,0.3808,-0.4231,-0.3991,0.9156,0.0487,0.4059,0.1288,0.9048),
      ["RightLowerLeg"] = CFrame.new(0.0000,0.0523,-0.0149,1.0000,-0.0000,0.0000,0.0000,0.8522,0.5231,-0.0000,-0.5231,0.8522),
      ["RightFoot"] = CFrame.new(0.0000,0.0000,-0.0001,0.9955,0.0844,-0.0427,-0.0630,0.9283,0.3665,0.0705,-0.3622,0.9294),
    }},
    {Time = 1.900, Data = {
      ["HumanoidRootPart"] = CFrame.new(0.0000,0.0000,0.0000,1.0000,0.0000,0.0000,0.0000,1.0000,0.0000,0.0000,0.0000,1.0000),
      ["LowerTorso"] = CFrame.new(0.0007,-0.0427,-0.1916,0.9999,0.0043,-0.0129,-0.0136,0.3167,-0.9484,0.0000,0.9485,0.3167),
      ["UpperTorso"] = CFrame.new(0.0000,0.0000,0.0000,0.9738,-0.0148,0.2268,-0.0301,0.9808,0.1929,-0.2253,-0.1947,0.9546),
      ["LeftUpperArm"] = CFrame.new(0.0236,-0.0126,0.0277,0.9047,0.0652,0.4210,-0.4094,0.4068,0.8167,-0.1180,-0.9112,0.3947),
      ["LeftLowerArm"] = CFrame.new(-0.0005,0.0336,0.0058,1.0000,-0.0000,0.0000,0.0000,0.9416,-0.3366,0.0000,0.3366,0.9416),
      ["LeftHand"] = CFrame.new(0.0005,0.0000,0.0000,0.9928,0.1194,-0.0001,-0.1182,0.9832,0.1392,0.0167,-0.1382,0.9903),
      ["Head"] = CFrame.new(1.9900,0.1193,-1.0947,0.8707,0.2165,-0.4416,0.3039,0.4692,0.8292,0.3868,-0.8561,0.3427),
      ["RightUpperArm"] = CFrame.new(-0.0272,-0.0540,-0.0107,0.7051,-0.6535,-0.2753,0.5419,0.7470,-0.3852,0.4573,0.1224,0.8808),
      ["RightLowerArm"] = CFrame.new(0.0000,0.0998,0.1080,1.0000,-0.0000,0.0000,0.0000,-0.0805,-0.9968,0.0000,0.9968,-0.0805),
      ["RightHand"] = CFrame.new(-0.0005,0.0000,0.0000,1.0000,-0.0025,0.0030,0.0025,1.0000,-0.0002,-0.0030,0.0002,1.0000),
      ["LeftUpperLeg"] = CFrame.new(0.1440,0.0627,-0.2715,0.8860,0.0936,0.4542,0.2636,0.7043,-0.6592,-0.3816,0.7037,0.5993),
      ["LeftLowerLeg"] = CFrame.new(0.0000,0.0798,-0.0396,1.0000,-0.0000,0.0000,0.0000,0.6041,0.7969,-0.0000,-0.7969,0.6041),
      ["LeftFoot"] = CFrame.new(0.0000,-0.0002,0.0000,0.9961,0.0203,0.0858,-0.0424,0.9638,0.2634,-0.0774,-0.2660,0.9609),
      ["RightUpperLeg"] = CFrame.new(0.0500,0.0410,-0.1129,0.8213,0.3806,-0.4250,-0.4013,0.9149,0.0439,0.4055,0.1345,0.9041),
      ["RightLowerLeg"] = CFrame.new(0.0000,0.0517,-0.0145,1.0000,-0.0000,0.0000,0.0000,0.8558,0.5173,-0.0000,-0.5173,0.8558),
      ["RightFoot"] = CFrame.new(0.0000,0.0000,-0.0001,0.9961,0.0789,-0.0396,-0.0596,0.9322,0.3570,0.0651,-0.3533,0.9333),
    }},
    {Time = 1.933, Data = {
      ["HumanoidRootPart"] = CFrame.new(0.0000,0.0000,0.0000,1.0000,0.0000,0.0000,0.0000,1.0000,0.0000,0.0000,0.0000,1.0000),
      ["LowerTorso"] = CFrame.new(0.0003,-0.0413,-0.1924,0.9999,0.0048,-0.0144,-0.0152,0.3164,-0.9485,0.0000,0.9486,0.3164),
      ["UpperTorso"] = CFrame.new(0.0000,0.0000,0.0000,0.9739,-0.0180,0.2261,-0.0262,0.9813,0.1909,-0.2253,-0.1918,0.9552),
      ["LeftUpperArm"] = CFrame.new(0.0218,-0.0114,0.0252,0.9034,0.0616,0.4243,-0.4105,0.4096,0.8147,-0.1236,-0.9102,0.3953),
      ["LeftLowerArm"] = CFrame.new(-0.0005,0.0343,0.0061,1.0000,-0.0000,0.0000,0.0000,0.9389,-0.3441,0.0000,0.3441,0.9389),
      ["LeftHand"] = CFrame.new(0.0005,0.0000,0.0000,0.9926,0.1214,0.0006,-0.1203,0.9827,0.1406,0.0164,-0.1396,0.9901),
      ["Head"] = CFrame.new(1.9938,0.1208,-1.1043,0.9178,0.2180,-0.3319,0.2032,0.4602,0.8643,0.3412,-0.8606,0.3781),
      ["RightUpperArm"] = CFrame.new(-0.0247,-0.0563,-0.0091,0.7046,-0.6565,-0.2695,0.5444,0.7436,-0.3881,0.4552,0.1268,0.8813),
      ["RightLowerArm"] = CFrame.new(0.0000,0.0998,0.1075,1.0000,-0.0000,0.0000,0.0000,-0.0755,-0.9971,0.0000,0.9971,-0.0755),
      ["RightHand"] = CFrame.new(-0.0005,0.0000,0.0000,1.0000,-0.0011,0.0013,0.0011,1.0000,-0.0001,-0.0013,0.0001,1.0000),
      ["LeftUpperLeg"] = CFrame.new(0.1452,0.0652,-0.2725,0.8868,0.0921,0.4528,0.2656,0.7003,-0.6626,-0.3782,0.7078,0.5966),
      ["LeftLowerLeg"] = CFrame.new(0.0000,0.0795,-0.0392,1.0000,-0.0000,0.0000,0.0000,0.6087,0.7934,-0.0000,-0.7934,0.6087),
      ["LeftFoot"] = CFrame.new(0.0000,-0.0002,0.0000,0.9967,0.0197,0.0789,-0.0398,0.9643,0.2619,-0.0709,-0.2641,0.9619),
      ["RightUpperLeg"] = CFrame.new(0.0505,0.0411,-0.1136,0.8203,0.3804,-0.4270,-0.4037,0.9141,0.0389,0.4051,0.1405,0.9034),
      ["RightLowerLeg"] = CFrame.new(0.0000,0.0511,-0.0142,1.0000,-0.0000,0.0000,0.0000,0.8594,0.5113,-0.0000,-0.5113,0.8594),
      ["RightFoot"] = CFrame.new(0.0000,0.0000,-0.0001,0.9967,0.0732,-0.0364,-0.0560,0.9361,0.3472,0.0595,-0.3439,0.9371),
    }},
    {Time = 1.967, Data = {
      ["HumanoidRootPart"] = CFrame.new(0.0000,0.0000,0.0000,1.0000,0.0000,0.0000,0.0000,1.0000,0.0000,0.0000,0.0000,1.0000),
      ["LowerTorso"] = CFrame.new(0.0001,-0.0405,-0.1929,0.9999,0.0051,-0.0153,-0.0161,0.3162,-0.9485,0.0000,0.9487,0.3163),
      ["UpperTorso"] = CFrame.new(0.0000,0.0000,0.0000,0.9741,-0.0211,0.2251,-0.0223,0.9818,0.1887,-0.2250,-0.1889,0.9559),
      ["LeftUpperArm"] = CFrame.new(0.0200,-0.0103,0.0228,0.9021,0.0583,0.4276,-0.4119,0.4124,0.8126,-0.1290,-0.9091,0.3960),
      ["LeftLowerArm"] = CFrame.new(-0.0005,0.0351,0.0064,1.0000,-0.0000,0.0000,0.0000,0.9361,-0.3518,0.0000,0.3518,0.9361),
      ["LeftHand"] = CFrame.new(0.0005,0.0000,0.0000,0.9925,0.1226,0.0011,-0.1215,0.9825,0.1414,0.0163,-0.1404,0.9900),
      ["Head"] = CFrame.new(1.9971,0.1215,-1.1114,0.9514,0.2185,-0.2172,0.0987,0.4516,0.8867,0.2919,-0.8650,0.4081),
      ["RightUpperArm"] = CFrame.new(-0.0225,-0.0582,-0.0073,0.7044,-0.6591,-0.2635,0.5466,0.7405,-0.3911,0.4529,0.1314,0.8818),
      ["RightLowerArm"] = CFrame.new(0.0000,0.0999,0.1069,1.0000,-0.0000,0.0000,0.0000,-0.0704,-0.9975,0.0000,0.9975,-0.0704),
      ["RightHand"] = CFrame.new(-0.0005,0.0000,0.0000,1.0000,-0.0003,0.0003,0.0003,1.0000,-0.0000,-0.0003,0.0000,1.0000),
      ["LeftUpperLeg"] = CFrame.new(0.1465,0.0677,-0.2735,0.8877,0.0905,0.4514,0.2676,0.6963,-0.6660,-0.3746,0.7120,0.5939),
      ["LeftLowerLeg"] = CFrame.new(0.0000,0.0791,-0.0387,1.0000,-0.0000,0.0000,0.0000,0.6135,0.7897,-0.0000,-0.7897,0.6135),
      ["LeftFoot"] = CFrame.new(0.0000,-0.0002,0.0000,0.9972,0.0190,0.0717,-0.0371,0.9648,0.2603,-0.0642,-0.2622,0.9629),
      ["RightUpperLeg"] = CFrame.new(0.0510,0.0412,-0.1144,0.8194,0.3802,-0.4291,-0.4060,0.9132,0.0338,0.4047,0.1465,0.9026),
      ["RightLowerLeg"] = CFrame.new(0.0000,0.0505,-0.0138,1.0000,-0.0000,0.0000,0.0000,0.8631,0.5050,-0.0000,-0.5050,0.8631),
      ["RightFoot"] = CFrame.new(0.0000,0.0000,-0.0001,0.9972,0.0674,-0.0331,-0.0523,0.9400,0.3370,0.0538,-0.3344,0.9409),
    }},
    {Time = 2.000, Data = {
      ["HumanoidRootPart"] = CFrame.new(0.0000,0.0000,0.0000,1.0000,0.0000,0.0000,0.0000,1.0000,0.0000,0.0000,0.0000,1.0000),
      ["LowerTorso"] = CFrame.new(0.0000,-0.0403,-0.1930,0.9999,0.0052,-0.0155,-0.0163,0.3163,-0.9485,-0.0000,0.9487,0.3163),
      ["UpperTorso"] = CFrame.new(0.0000,0.0000,0.0000,0.9743,-0.0241,0.2238,-0.0185,0.9823,0.1866,-0.2244,-0.1859,0.9566),
      ["LeftUpperArm"] = CFrame.new(0.0181,-0.0093,0.0206,0.9006,0.0554,0.4311,-0.4134,0.4153,0.8103,-0.1342,-0.9080,0.3969),
      ["LeftLowerArm"] = CFrame.new(-0.0005,0.0359,0.0066,1.0000,-0.0000,0.0000,0.0000,0.9331,-0.3595,0.0000,0.3595,0.9331),
      ["LeftHand"] = CFrame.new(0.0005,0.0000,0.0000,0.9924,0.1230,0.0012,-0.1220,0.9824,0.1416,0.0163,-0.1406,0.9899),
      ["Head"] = CFrame.new(1.9993,0.1210,-1.1152,0.9711,0.2178,-0.0974,-0.0098,0.4444,0.8958,0.2384,-0.8690,0.4337),
      ["RightUpperArm"] = CFrame.new(-0.0208,-0.0597,-0.0052,0.7046,-0.6613,-0.2574,0.5484,0.7376,-0.3939,0.4504,0.1364,0.8824),
      ["RightLowerArm"] = CFrame.new(0.0000,0.0999,0.1064,1.0000,-0.0000,0.0000,0.0000,-0.0652,-0.9979,0.0000,0.9979,-0.0652),
      ["RightHand"] = CFrame.new(-0.0005,0.0000,0.0000,1.0000,-0.0001,0.0001,0.0001,1.0000,-0.0000,-0.0001,0.0000,1.0000),
      ["LeftUpperLeg"] = CFrame.new(0.1478,0.0703,-0.2745,0.8886,0.0890,0.4500,0.2697,0.6922,-0.6694,-0.3710,0.7162,0.5911),
      ["LeftLowerLeg"] = CFrame.new(0.0000,0.0787,-0.0382,1.0000,-0.0000,0.0000,0.0000,0.6182,0.7860,-0.0000,-0.7860,0.6182),
      ["LeftFoot"] = CFrame.new(0.0000,-0.0002,0.0000,0.9978,0.0183,0.0645,-0.0344,0.9653,0.2587,-0.0575,-0.2603,0.9638),
      ["RightUpperLeg"] = CFrame.new(0.0515,0.0413,-0.1152,0.8184,0.3799,-0.4312,-0.4085,0.9123,0.0287,0.4043,0.1526,0.9018),
      ["RightLowerLeg"] = CFrame.new(0.0000,0.0498,-0.0134,1.0000,-0.0000,0.0000,0.0000,0.8668,0.4987,-0.0000,-0.4987,0.8668),
      ["RightFoot"] = CFrame.new(0.0000,0.0000,-0.0001,0.9977,0.0616,-0.0297,-0.0485,0.9438,0.3268,0.0481,-0.3246,0.9446),
    }},
    {Time = 2.033, Data = {
      ["HumanoidRootPart"] = CFrame.new(0.0000,0.0000,0.0000,1.0000,0.0000,0.0000,0.0000,1.0000,0.0000,0.0000,0.0000,1.0000),
      ["LowerTorso"] = CFrame.new(0.0001,-0.0405,-0.1929,0.9999,0.0051,-0.0153,-0.0161,0.3163,-0.9485,0.0000,0.9486,0.3163),
      ["UpperTorso"] = CFrame.new(0.0000,0.0000,0.0000,0.9746,-0.0270,0.2224,-0.0148,0.9827,0.1844,-0.2235,-0.1830,0.9574),
      ["LeftUpperArm"] = CFrame.new(0.0162,-0.0084,0.0185,0.8991,0.0530,0.4346,-0.4151,0.4182,0.8079,-0.1389,-0.9068,0.3980),
      ["LeftLowerArm"] = CFrame.new(-0.0005,0.0366,0.0069,1.0000,-0.0000,0.0000,0.0000,0.9301,-0.3672,0.0000,0.3672,0.9301),
      ["LeftHand"] = CFrame.new(0.0005,0.0000,0.0000,0.9925,0.1226,0.0011,-0.1215,0.9825,0.1414,0.0163,-0.1404,0.9900),
      ["Head"] = CFrame.new(2.0000,0.1192,-1.1154,0.9761,0.2159,0.0259,-0.1208,0.4393,0.8902,0.1808,-0.8720,0.4549),
      ["RightUpperArm"] = CFrame.new(-0.0195,-0.0608,-0.0029,0.7052,-0.6630,-0.2512,0.5498,0.7351,-0.3967,0.4477,0.1416,0.8829),
      ["RightLowerArm"] = CFrame.new(0.0000,0.0999,0.1059,1.0000,-0.0000,0.0000,0.0000,-0.0601,-0.9982,0.0000,0.9982,-0.0601),
      ["RightHand"] = CFrame.new(-0.0005,0.0000,0.0000,1.0000,-0.0003,0.0003,0.0003,1.0000,-0.0001,-0.0003,0.0001,1.0000),
      ["LeftUpperLeg"] = CFrame.new(0.1490,0.0728,-0.2756,0.8895,0.0874,0.4485,0.2717,0.6881,-0.6729,-0.3674,0.7204,0.5883),
      ["LeftLowerLeg"] = CFrame.new(0.0000,0.0783,-0.0378,1.0000,-0.0000,0.0000,0.0000,0.6229,0.7823,-0.0000,-0.7823,0.6229),
      ["LeftFoot"] = CFrame.new(0.0000,-0.0002,0.0000,0.9982,0.0176,0.0573,-0.0318,0.9659,0.2571,-0.0508,-0.2584,0.9647),
      ["RightUpperLeg"] = CFrame.new(0.0520,0.0414,-0.1160,0.8174,0.3797,-0.4332,-0.4109,0.9114,0.0235,0.4038,0.1588,0.9010),
      ["RightLowerLeg"] = CFrame.new(0.0000,0.0492,-0.0131,1.0000,-0.0000,0.0000,0.0000,0.8704,0.4924,-0.0000,-0.4924,0.8704),
      ["RightFoot"] = CFrame.new(0.0000,0.0000,-0.0001,0.9981,0.0558,-0.0262,-0.0447,0.9475,0.3165,0.0425,-0.3148,0.9482),
    }},
    {Time = 2.067, Data = {
      ["HumanoidRootPart"] = CFrame.new(0.0000,0.0000,0.0000,1.0000,0.0000,0.0000,0.0000,1.0000,0.0000,0.0000,0.0000,1.0000),
      ["LowerTorso"] = CFrame.new(0.0003,-0.0413,-0.1924,0.9999,0.0048,-0.0144,-0.0152,0.3164,-0.9485,0.0000,0.9486,0.3164),
      ["UpperTorso"] = CFrame.new(0.0000,0.0000,0.0000,0.9749,-0.0297,0.2207,-0.0112,0.9832,0.1822,-0.2224,-0.1801,0.9582),
      ["LeftUpperArm"] = CFrame.new(0.0143,-0.0076,0.0167,0.8975,0.0511,0.4380,-0.4170,0.4211,0.8054,-0.1433,-0.9056,0.3993),
      ["LeftLowerArm"] = CFrame.new(-0.0005,0.0374,0.0073,1.0000,-0.0000,0.0000,0.0000,0.9271,-0.3748,0.0000,0.3748,0.9271),
      ["LeftHand"] = CFrame.new(0.0005,0.0000,0.0000,0.9926,0.1214,0.0006,-0.1203,0.9827,0.1406,0.0164,-0.1396,0.9901),
      ["Head"] = CFrame.new(1.9995,0.1162,-1.1123,0.9653,0.2133,0.1505,-0.2319,0.4365,0.8693,0.1197,-0.8741,0.4708),
      ["RightUpperArm"] = CFrame.new(-0.0186,-0.0615,-0.0003,0.7062,-0.6643,-0.2451,0.5508,0.7329,-0.3994,0.4449,0.1470,0.8834),
      ["RightLowerArm"] = CFrame.new(0.0000,0.0999,0.1054,1.0000,-0.0000,0.0000,0.0000,-0.0550,-0.9985,0.0000,0.9985,-0.0550),
      ["RightHand"] = CFrame.new(-0.0005,0.0000,0.0000,1.0000,-0.0011,0.0013,0.0011,1.0000,-0.0001,-0.0013,0.0001,1.0000),
      ["LeftUpperLeg"] = CFrame.new(0.1503,0.0753,-0.2766,0.8903,0.0858,0.4471,0.2737,0.6840,-0.6762,-0.3638,0.7245,0.5855),
      ["LeftLowerLeg"] = CFrame.new(0.0000,0.0780,-0.0373,1.0000,-0.0000,0.0000,0.0000,0.6276,0.7786,-0.0000,-0.7786,0.6276),
      ["LeftFoot"] = CFrame.new(0.0000,-0.0002,0.0000,0.9986,0.0169,0.0501,-0.0291,0.9664,0.2554,-0.0441,-0.2565,0.9655),
      ["RightUpperLeg"] = CFrame.new(0.0525,0.0415,-0.1168,0.8164,0.3794,-0.4353,-0.4132,0.9104,0.0185,0.4033,0.1648,0.9001),
      ["RightLowerLeg"] = CFrame.new(0.0000,0.0486,-0.0127,1.0000,-0.0000,0.0000,0.0000,0.8739,0.4861,-0.0000,-0.4861,0.8739),
      ["RightFoot"] = CFrame.new(0.0000,0.0000,-0.0001,0.9985,0.0501,-0.0227,-0.0408,0.9510,0.3064,0.0369,-0.3050,0.9516),
    }},
    {Time = 2.100, Data = {
      ["HumanoidRootPart"] = CFrame.new(0.0000,0.0000,0.0000,1.0000,0.0000,0.0000,0.0000,1.0000,0.0000,0.0000,0.0000,1.0000),
      ["LowerTorso"] = CFrame.new(0.0007,-0.0427,-0.1916,0.9999,0.0043,-0.0129,-0.0136,0.3167,-0.9484,0.0000,0.9485,0.3167),
      ["UpperTorso"] = CFrame.new(0.0000,0.0000,0.0000,0.9752,-0.0323,0.2188,-0.0078,0.9836,0.1800,-0.2210,-0.1773,0.9590),
      ["LeftUpperArm"] = CFrame.new(0.0124,-0.0069,0.0150,0.8959,0.0497,0.4415,-0.4191,0.4240,0.8029,-0.1473,-0.9043,0.4007),
      ["LeftLowerArm"] = CFrame.new(-0.0005,0.0381,0.0076,1.0000,-0.0000,0.0000,0.0000,0.9241,-0.3822,0.0000,0.3822,0.9241),
      ["LeftHand"] = CFrame.new(0.0005,0.0000,0.0000,0.9928,0.1194,-0.0001,-0.1182,0.9832,0.1392,0.0167,-0.1382,0.9903),
      ["Head"] = CFrame.new(1.9981,0.1122,-1.1065,0.9382,0.2102,0.2750,-0.3417,0.4356,0.8328,0.0552,-0.8752,0.4805),
      ["RightUpperArm"] = CFrame.new(-0.0181,-0.0617,0.0024,0.7074,-0.6652,-0.2390,0.5516,0.7309,-0.4019,0.4420,0.1525,0.8840),
      ["RightLowerArm"] = CFrame.new(0.0000,0.1000,0.1049,1.0000,-0.0000,0.0000,0.0000,-0.0500,-0.9987,0.0000,0.9987,-0.0500),
      ["RightHand"] = CFrame.new(-0.0005,0.0000,0.0000,1.0000,-0.0025,0.0030,0.0025,1.0000,-0.0002,-0.0030,0.0002,1.0000),
      ["LeftUpperLeg"] = CFrame.new(0.1515,0.0778,-0.2776,0.8912,0.0842,0.4458,0.2756,0.6799,-0.6795,-0.3603,0.7284,0.5827),
      ["LeftLowerLeg"] = CFrame.new(0.0000,0.0776,-0.0368,1.0000,-0.0000,0.0000,0.0000,0.6321,0.7749,-0.0000,-0.7749,0.6321),
      ["LeftFoot"] = CFrame.new(0.0000,-0.0002,0.0000,0.9989,0.0162,0.0431,-0.0266,0.9669,0.2538,-0.0376,-0.2547,0.9663),
      ["RightUpperLeg"] = CFrame.new(0.0530,0.0416,-0.1175,0.8155,0.3791,-0.4373,-0.4155,0.9095,0.0135,0.4028,0.1707,0.8992),
      ["RightLowerLeg"] = CFrame.new(0.0000,0.0480,-0.0124,1.0000,-0.0000,0.0000,0.0000,0.8773,0.4799,-0.0000,-0.4799,0.8773),
      ["RightFoot"] = CFrame.new(0.0000,0.0000,-0.0001,0.9988,0.0446,-0.0192,-0.0369,0.9544,0.2964,0.0315,-0.2953,0.9549),
    }},
    {Time = 2.133, Data = {
      ["HumanoidRootPart"] = CFrame.new(0.0000,0.0000,0.0000,1.0000,0.0000,0.0000,0.0000,1.0000,0.0000,0.0000,0.0000,1.0000),
      ["LowerTorso"] = CFrame.new(0.0012,-0.0446,-0.1905,0.9999,0.0036,-0.0109,-0.0115,0.3170,-0.9483,0.0001,0.9484,0.3171),
      ["UpperTorso"] = CFrame.new(0.0000,0.0000,0.0000,0.9756,-0.0346,0.2167,-0.0046,0.9840,0.1779,-0.2194,-0.1746,0.9599),
      ["LeftUpperArm"] = CFrame.new(0.0106,-0.0064,0.0136,0.8943,0.0488,0.4448,-0.4213,0.4267,0.8002,-0.1508,-0.9031,0.4022),
      ["LeftLowerArm"] = CFrame.new(-0.0005,0.0388,0.0078,1.0000,-0.0000,0.0000,0.0000,0.9211,-0.3893,0.0000,0.3893,0.9211),
      ["LeftHand"] = CFrame.new(0.0005,0.0000,0.0000,0.9932,0.1166,-0.0011,-0.1153,0.9838,0.1373,0.0171,-0.1362,0.9905),
      ["Head"] = CFrame.new(1.9961,0.1075,-1.0983,0.8933,0.2069,0.3990,-0.4493,0.4363,0.7796,-0.0128,-0.8757,0.4827),
      ["RightUpperArm"] = CFrame.new(-0.0181,-0.0616,0.0053,0.7090,-0.6656,-0.2330,0.5519,0.7294,-0.4042,0.4390,0.1580,0.8845),
      ["RightLowerArm"] = CFrame.new(0.0000,0.1000,0.1044,1.0000,-0.0000,0.0000,0.0000,-0.0452,-0.9990,0.0000,0.9990,-0.0452),
      ["RightHand"] = CFrame.new(-0.0005,0.0000,0.0000,1.0000,-0.0044,0.0052,0.0044,1.0000,-0.0003,-0.0052,0.0003,1.0000),
      ["LeftUpperLeg"] = CFrame.new(0.1527,0.0802,-0.2785,0.8920,0.0827,0.4444,0.2775,0.6760,-0.6827,-0.3569,0.7323,0.5800),
      ["LeftLowerLeg"] = CFrame.new(0.0000,0.0773,-0.0364,1.0000,-0.0000,0.0000,0.0000,0.6364,0.7713,-0.0000,-0.7713,0.6364),
      ["LeftFoot"] = CFrame.new(0.0000,-0.0002,0.0000,0.9992,0.0154,0.0364,-0.0241,0.9674,0.2523,-0.0313,-0.2529,0.9670),
      ["RightUpperLeg"] = CFrame.new(0.0535,0.0417,-0.1182,0.8146,0.3788,-0.4392,-0.4178,0.9085,0.0087,0.4024,0.1764,0.8983),
      ["RightLowerLeg"] = CFrame.new(0.0000,0.0474,-0.0120,1.0000,-0.0000,0.0000,0.0000,0.8806,0.4739,-0.0000,-0.4739,0.8806),
      ["RightFoot"] = CFrame.new(0.0000,0.0000,-0.0001,0.9991,0.0393,-0.0158,-0.0331,0.9574,0.2867,0.0264,-0.2860,0.9579),
    }},
    {Time = 2.167, Data = {
      ["HumanoidRootPart"] = CFrame.new(0.0000,0.0000,0.0000,1.0000,0.0000,0.0000,0.0000,1.0000,0.0000,0.0000,0.0000,1.0000),
      ["LowerTorso"] = CFrame.new(0.0019,-0.0471,-0.1892,1.0000,0.0027,-0.0084,-0.0088,0.3175,-0.9482,0.0001,0.9483,0.3175),
      ["UpperTorso"] = CFrame.new(0.0000,0.0000,0.0000,0.9760,-0.0366,0.2145,-0.0017,0.9844,0.1759,-0.2176,-0.1720,0.9608),
      ["LeftUpperArm"] = CFrame.new(0.0088,-0.0060,0.0124,0.8927,0.0485,0.4481,-0.4237,0.4293,0.7976,-0.1537,-0.9019,0.4038),
      ["LeftLowerArm"] = CFrame.new(-0.0005,0.0395,0.0081,1.0000,-0.0000,0.0000,0.0000,0.9182,-0.3961,0.0000,0.3961,0.9182),
      ["LeftHand"] = CFrame.new(0.0005,0.0000,0.0000,0.9936,0.1130,-0.0023,-0.1117,0.9845,0.1349,0.0176,-0.1338,0.9909),
      ["Head"] = CFrame.new(1.9939,0.1024,-1.0883,0.8280,0.2036,0.5224,-0.5542,0.4384,0.7076,-0.0849,-0.8754,0.4758),
      ["RightUpperArm"] = CFrame.new(-0.0185,-0.0611,0.0084,0.7110,-0.6655,-0.2272,0.5518,0.7283,-0.4063,0.4359,0.1635,0.8850),
      ["RightLowerArm"] = CFrame.new(0.0000,0.1000,0.1040,1.0000,-0.0000,0.0000,0.0000,-0.0406,-0.9992,0.0000,0.9992,-0.0406),
      ["RightHand"] = CFrame.new(-0.0005,0.0000,0.0000,0.9999,-0.0068,0.0081,0.0068,1.0000,-0.0005,-0.0081,0.0006,1.0000),
      ["LeftUpperLeg"] = CFrame.new(0.1538,0.0825,-0.2794,0.8927,0.0813,0.4432,0.2792,0.6722,-0.6857,-0.3536,0.7359,0.5774),
      ["LeftLowerLeg"] = CFrame.new(0.0000,0.0769,-0.0360,1.0000,-0.0000,0.0000,0.0000,0.6406,0.7679,-0.0000,-0.7679,0.6406),
      ["LeftFoot"] = CFrame.new(0.0000,-0.0002,0.0000,0.9994,0.0148,0.0299,-0.0218,0.9678,0.2507,-0.0253,-0.2513,0.9676),
      ["RightUpperLeg"] = CFrame.new(0.0539,0.0418,-0.1189,0.8137,0.3785,-0.4411,-0.4199,0.9076,0.0042,0.4019,0.1818,0.8975),
      ["RightLowerLeg"] = CFrame.new(0.0000,0.0468,-0.0117,1.0000,-0.0000,0.0000,0.0000,0.8836,0.4682,-0.0000,-0.4682,0.8836),
      ["RightFoot"] = CFrame.new(0.0000,0.0000,-0.0001,0.9993,0.0342,-0.0124,-0.0295,0.9603,0.2775,0.0214,-0.2770,0.9606),
    }},
    {Time = 2.200, Data = {
      ["HumanoidRootPart"] = CFrame.new(0.0000,0.0000,0.0000,1.0000,0.0000,0.0000,0.0000,1.0000,0.0000,0.0000,0.0000,1.0000),
      ["LowerTorso"] = CFrame.new(0.0027,-0.0500,-0.1875,1.0000,0.0017,-0.0053,-0.0056,0.3181,-0.9481,0.0001,0.9481,0.3181),
      ["UpperTorso"] = CFrame.new(0.0000,0.0000,0.0000,0.9765,-0.0384,0.2122,0.0010,0.9848,0.1739,-0.2156,-0.1696,0.9616),
      ["LeftUpperArm"] = CFrame.new(0.0071,-0.0057,0.0114,0.8911,0.0486,0.4512,-0.4261,0.4318,0.7950,-0.1562,-0.9007,0.4055),
      ["LeftLowerArm"] = CFrame.new(-0.0005,0.0402,0.0084,1.0000,-0.0000,0.0000,0.0000,0.9154,-0.4024,0.0000,0.4024,0.9154),
      ["LeftHand"] = CFrame.new(0.0005,0.0000,0.0000,0.9941,0.1088,-0.0038,-0.1073,0.9854,0.1320,0.0181,-0.1308,0.9912),
      ["Head"] = CFrame.new(1.9917,0.0970,-1.0771,0.7379,0.2003,0.6445,-0.6553,0.4414,0.6130,-0.1617,-0.8747,0.4570),
      ["RightUpperArm"] = CFrame.new(-0.0193,-0.0601,0.0115,0.7133,-0.6649,-0.2217,0.5513,0.7276,-0.4082,0.4327,0.1689,0.8856),
      ["RightLowerArm"] = CFrame.new(0.0000,0.1000,0.1035,1.0000,-0.0000,0.0000,0.0000,-0.0363,-0.9993,0.0000,0.9993,-0.0363),
      ["RightHand"] = CFrame.new(-0.0005,0.0000,0.0000,0.9999,-0.0097,0.0115,0.0097,1.0000,-0.0007,-0.0115,0.0008,0.9999),
      ["LeftUpperLeg"] = CFrame.new(0.1549,0.0846,-0.2803,0.8934,0.0799,0.4420,0.2808,0.6687,-0.6885,-0.3506,0.7393,0.5750),
      ["LeftLowerLeg"] = CFrame.new(0.0000,0.0766,-0.0356,1.0000,-0.0000,0.0000,0.0000,0.6444,0.7646,-0.0000,-0.7646,0.6444),
      ["LeftFoot"] = CFrame.new(0.0000,-0.0002,0.0000,0.9996,0.0141,0.0238,-0.0196,0.9682,0.2493,-0.0196,-0.2497,0.9681),
      ["RightUpperLeg"] = CFrame.new(0.0543,0.0419,-0.1196,0.8129,0.3782,-0.4428,-0.4219,0.9066,-0.0001,0.4014,0.1869,0.8966),
      ["RightLowerLeg"] = CFrame.new(0.0000,0.0463,-0.0114,1.0000,-0.0000,0.0000,0.0000,0.8865,0.4627,-0.0000,-0.4627,0.8865),
      ["RightFoot"] = CFrame.new(0.0000,0.0000,-0.0001,0.9995,0.0295,-0.0093,-0.0260,0.9628,0.2688,0.0169,-0.2685,0.9631),
    }},
    {Time = 2.233, Data = {
      ["HumanoidRootPart"] = CFrame.new(0.0000,0.0000,0.0000,1.0000,0.0000,0.0000,0.0000,1.0000,0.0000,0.0000,0.0000,1.0000),
      ["LowerTorso"] = CFrame.new(0.0037,-0.0533,-0.1856,1.0000,0.0005,-0.0018,-0.0019,0.3187,-0.9479,0.0001,0.9479,0.3187),
      ["UpperTorso"] = CFrame.new(0.0000,0.0000,0.0000,0.9769,-0.0399,0.2097,0.0033,0.9851,0.1721,-0.2135,-0.1674,0.9625),
      ["LeftUpperArm"] = CFrame.new(0.0055,-0.0058,0.0107,0.8896,0.0493,0.4541,-0.4286,0.4340,0.7924,-0.1580,-0.8996,0.4072),
      ["LeftLowerArm"] = CFrame.new(-0.0005,0.0407,0.0087,1.0000,-0.0000,0.0000,0.0000,0.9128,-0.4083,0.0000,0.4083,0.9128),
      ["LeftHand"] = CFrame.new(0.0005,0.0000,0.0000,0.9946,0.1039,-0.0055,-0.1023,0.9864,0.1287,0.0188,-0.1274,0.9917),
      ["Head"] = CFrame.new(1.9899,0.0917,-1.0652,0.6157,0.1971,0.7629,-0.7495,0.4454,0.4898,-0.2432,-0.8734,0.4220),
      ["RightUpperArm"] = CFrame.new(-0.0205,-0.0587,0.0148,0.7159,-0.6638,-0.2165,0.5505,0.7273,-0.4099,0.4295,0.1742,0.8861),
      ["RightLowerArm"] = CFrame.new(0.0000,0.1000,0.1031,1.0000,-0.0000,0.0000,0.0000,-0.0323,-0.9995,0.0000,0.9995,-0.0323),
      ["RightHand"] = CFrame.new(-0.0005,0.0000,0.0000,0.9998,-0.0131,0.0155,0.0131,0.9999,-0.0009,-0.0155,0.0011,0.9999),
      ["LeftUpperLeg"] = CFrame.new(0.1559,0.0866,-0.2811,0.8941,0.0786,0.4409,0.2823,0.6653,-0.6911,-0.3477,0.7424,0.5727),
      ["LeftLowerLeg"] = CFrame.new(0.0000,0.0763,-0.0353,1.0000,-0.0000,0.0000,0.0000,0.6480,0.7616,-0.0000,-0.7616,0.6480),
      ["LeftFoot"] = CFrame.new(0.0000,-0.0002,0.0000,0.9997,0.0135,0.0182,-0.0176,0.9686,0.2480,-0.0143,-0.2482,0.9686),
      ["RightUpperLeg"] = CFrame.new(0.0547,0.0420,-0.1202,0.8122,0.3780,-0.4444,-0.4238,0.9058,-0.0041,0.4010,0.1917,0.8958),
      ["RightLowerLeg"] = CFrame.new(0.0000,0.0457,-0.0112,1.0000,-0.0000,0.0000,0.0000,0.8891,0.4577,-0.0000,-0.4577,0.8891),
      ["RightFoot"] = CFrame.new(0.0000,0.0000,-0.0001,0.9997,0.0252,-0.0063,-0.0227,0.9651,0.2608,0.0126,-0.2605,0.9654),
    }},
    {Time = 2.267, Data = {
      ["HumanoidRootPart"] = CFrame.new(0.0000,0.0000,0.0000,1.0000,0.0000,0.0000,0.0000,1.0000,0.0000,0.0000,0.0000,1.0000),
      ["LowerTorso"] = CFrame.new(0.0047,-0.0571,-0.1835,1.0000,-0.0009,0.0021,0.0023,0.3194,-0.9476,0.0002,0.9476,0.3194),
      ["UpperTorso"] = CFrame.new(0.0000,0.0000,0.0000,0.9774,-0.0411,0.2072,0.0054,0.9854,0.1704,-0.2111,-0.1655,0.9633),
      ["LeftUpperArm"] = CFrame.new(0.0040,-0.0058,0.0103,0.8881,0.0506,0.4569,-0.4312,0.4360,0.7899,-0.1593,-0.8985,0.4091),
      ["LeftLowerArm"] = CFrame.new(-0.0005,0.0413,0.0089,1.0000,-0.0000,0.0000,0.0000,0.9104,-0.4136,0.0000,0.4136,0.9104),
      ["LeftHand"] = CFrame.new(0.0005,0.0000,0.0000,0.9951,0.0983,-0.0074,-0.0966,0.9875,0.1249,0.0196,-0.1236,0.9921),
      ["Head"] = CFrame.new(1.9889,0.0866,-1.0530,0.4522,0.1940,0.8706,-0.8295,0.4502,0.3305,-0.3278,-0.8716,0.3645),
      ["RightUpperArm"] = CFrame.new(-0.0222,-0.0570,0.0181,0.7187,-0.6623,-0.2117,0.5493,0.7274,-0.4113,0.4264,0.1793,0.8866),
      ["RightLowerArm"] = CFrame.new(0.0000,0.1000,0.1028,1.0000,-0.0000,0.0000,0.0000,-0.0286,-0.9996,0.0000,0.9996,-0.0286),
      ["RightHand"] = CFrame.new(-0.0005,0.0000,0.0000,0.9997,-0.0169,0.0200,0.0169,0.9999,-0.0011,-0.0199,0.0015,0.9998),
      ["LeftUpperLeg"] = CFrame.new(0.1568,0.0884,-0.2818,0.8947,0.0774,0.4399,0.2837,0.6623,-0.6935,-0.3451,0.7452,0.5706),
      ["LeftLowerLeg"] = CFrame.new(0.0000,0.0760,-0.0349,1.0000,-0.0000,0.0000,0.0000,0.6513,0.7589,-0.0000,-0.7589,0.6513),
      ["LeftFoot"] = CFrame.new(0.0000,-0.0002,0.0000,0.9998,0.0129,0.0131,-0.0158,0.9690,0.2467,-0.0095,-0.2469,0.9690),
      ["RightUpperLeg"] = CFrame.new(0.0551,0.0421,-0.1208,0.8115,0.3777,-0.4459,-0.4255,0.9049,-0.0077,0.4006,0.1959,0.8950),
      ["RightLowerLeg"] = CFrame.new(0.0000,0.0453,-0.0109,1.0000,-0.0000,0.0000,0.0000,0.8915,0.4531,-0.0000,-0.4531,0.8915),
      ["RightFoot"] = CFrame.new(0.0000,0.0000,-0.0001,0.9998,0.0213,-0.0035,-0.0197,0.9672,0.2534,0.0088,-0.2533,0.9673),
    }},
    {Time = 2.300, Data = {
      ["HumanoidRootPart"] = CFrame.new(0.0000,0.0000,0.0000,1.0000,0.0000,0.0000,0.0000,1.0000,0.0000,0.0000,0.0000,1.0000),
      ["LowerTorso"] = CFrame.new(0.0059,-0.0612,-0.1811,1.0000,-0.0024,0.0065,0.0069,0.3202,-0.9473,0.0002,0.9473,0.3202),
      ["UpperTorso"] = CFrame.new(0.0000,0.0000,0.0000,0.9780,-0.0420,0.2046,0.0070,0.9856,0.1689,-0.2087,-0.1637,0.9642),
      ["LeftUpperArm"] = CFrame.new(0.0026,-0.0059,0.0102,0.8867,0.0523,0.4594,-0.4338,0.4378,0.7875,-0.1599,-0.8975,0.4109),
      ["LeftLowerArm"] = CFrame.new(-0.0005,0.0417,0.0091,1.0000,-0.0000,0.0000,0.0000,0.9083,-0.4184,0.0000,0.4184,0.9083),
      ["LeftHand"] = CFrame.new(0.0005,0.0000,0.0000,0.9957,0.0922,-0.0095,-0.0904,0.9886,0.1208,0.0205,-0.1194,0.9926),
      ["Head"] = CFrame.new(1.9887,0.0820,-1.0411,0.2371,0.1912,0.9525,-0.8808,0.4558,0.1278,-0.4097,-0.8693,0.2765),
      ["RightUpperArm"] = CFrame.new(-0.0243,-0.0549,0.0215,0.7217,-0.6604,-0.2074,0.5477,0.7280,-0.4124,0.4233,0.1840,0.8871),
      ["RightLowerArm"] = CFrame.new(0.0000,0.1000,0.1024,1.0000,-0.0000,0.0000,0.0000,-0.0254,-0.9997,0.0000,0.9997,-0.0254),
      ["RightHand"] = CFrame.new(-0.0005,0.0000,0.0000,0.9995,-0.0210,0.0249,0.0211,0.9998,-0.0014,-0.0248,0.0019,0.9997),
      ["LeftUpperLeg"] = CFrame.new(0.1576,0.0901,-0.2824,0.8952,0.0764,0.4391,0.2848,0.6596,-0.6955,-0.3428,0.7477,0.5687),
      ["LeftLowerLeg"] = CFrame.new(0.0000,0.0758,-0.0346,1.0000,-0.0000,0.0000,0.0000,0.6541,0.7564,-0.0000,-0.7564,0.6541),
      ["LeftFoot"] = CFrame.new(0.0000,-0.0002,0.0000,0.9999,0.0124,0.0086,-0.0141,0.9693,0.2456,-0.0052,-0.2457,0.9693),
      ["RightUpperLeg"] = CFrame.new(0.0554,0.0421,-0.1213,0.8109,0.3775,-0.4472,-0.4270,0.9042,-0.0109,0.4003,0.1998,0.8944),
      ["RightLowerLeg"] = CFrame.new(0.0000,0.0449,-0.0107,1.0000,-0.0000,0.0000,0.0000,0.8935,0.4490,-0.0000,-0.4490,0.8935),
      ["RightFoot"] = CFrame.new(0.0000,0.0000,-0.0001,0.9998,0.0178,-0.0011,-0.0170,0.9689,0.2469,0.0054,-0.2468,0.9690),
    }},
    {Time = 2.333, Data = {
      ["HumanoidRootPart"] = CFrame.new(0.0000,0.0000,0.0000,1.0000,0.0000,0.0000,0.0000,1.0000,0.0000,0.0000,0.0000,1.0000),
      ["LowerTorso"] = CFrame.new(0.0072,-0.0657,-0.1786,0.9999,-0.0040,0.0112,0.0119,0.3210,-0.9470,0.0002,0.9471,0.3210),
      ["UpperTorso"] = CFrame.new(0.0000,0.0000,0.0000,0.9785,-0.0426,0.2019,0.0083,0.9858,0.1675,-0.2062,-0.1622,0.9650),
      ["LeftUpperArm"] = CFrame.new(0.0014,-0.0063,0.0104,0.8854,0.0546,0.4616,-0.4364,0.4394,0.7852,-0.1600,-0.8967,0.4128),
      ["LeftLowerArm"] = CFrame.new(-0.0005,0.0422,0.0093,1.0000,-0.0000,0.0000,0.0000,0.9064,-0.4225,0.0000,0.4225,0.9064),
      ["LeftHand"] = CFrame.new(0.0005,0.0000,0.0000,0.9963,0.0856,-0.0117,-0.0836,0.9897,0.1163,0.0215,-0.1148,0.9932),
      ["Head"] = CFrame.new(1.9888,0.0780,-1.0297,-0.0261,0.1891,0.9816,-0.8796,0.4623,-0.1125,-0.4751,-0.8663,0.1543),
      ["RightUpperArm"] = CFrame.new(-0.0267,-0.0525,0.0248,0.7249,-0.6581,-0.2035,0.5457,0.7290,-0.4132,0.4203,0.1885,0.8876),
      ["RightLowerArm"] = CFrame.new(0.0000,0.1000,0.1022,1.0000,-0.0000,0.0000,0.0000,-0.0226,-0.9997,0.0000,0.9997,-0.0226),
      ["RightHand"] = CFrame.new(-0.0005,0.0000,0.0000,0.9992,-0.0255,0.0302,0.0255,0.9997,-0.0016,-0.0301,0.0023,0.9995),
      ["LeftUpperLeg"] = CFrame.new(0.1583,0.0915,-0.2830,0.8956,0.0755,0.4383,0.2859,0.6573,-0.6973,-0.3407,0.7499,0.5671),
      ["LeftLowerLeg"] = CFrame.new(0.0000,0.0755,-0.0344,1.0000,-0.0000,0.0000,0.0000,0.6566,0.7542,-0.0000,-0.7542,0.6566),
      ["LeftFoot"] = CFrame.new(0.0000,-0.0002,0.0000,0.9999,0.0120,0.0046,-0.0127,0.9695,0.2446,-0.0016,-0.2447,0.9696),
      ["RightUpperLeg"] = CFrame.new(0.0557,0.0422,-0.1217,0.8103,0.3773,-0.4483,-0.4282,0.9036,-0.0137,0.3999,0.2031,0.8938),
      ["RightLowerLeg"] = CFrame.new(0.0000,0.0445,-0.0106,1.0000,-0.0000,0.0000,0.0000,0.8953,0.4454,-0.0000,-0.4454,0.8953),
      ["RightFoot"] = CFrame.new(0.0000,0.0000,-0.0001,0.9999,0.0148,0.0011,-0.0146,0.9704,0.2412,0.0025,-0.2412,0.9705),
    }},
    {Time = 2.367, Data = {
      ["HumanoidRootPart"] = CFrame.new(0.0000,0.0000,0.0000,1.0000,0.0000,0.0000,0.0000,1.0000,0.0000,0.0000,0.0000,1.0000),
      ["LowerTorso"] = CFrame.new(0.0085,-0.0705,-0.1759,0.9999,-0.0057,0.0162,0.0171,0.3219,-0.9466,0.0002,0.9468,0.3219),
      ["UpperTorso"] = CFrame.new(0.0000,0.0000,0.0000,0.9790,-0.0427,0.1993,0.0092,0.9860,0.1664,-0.2036,-0.1610,0.9657),
      ["LeftUpperArm"] = CFrame.new(0.0003,-0.0068,0.0108,0.8843,0.0573,0.4635,-0.4390,0.4406,0.7831,-0.1594,-0.8959,0.4147),
      ["LeftLowerArm"] = CFrame.new(-0.0005,0.0425,0.0095,1.0000,-0.0000,0.0000,0.0000,0.9048,-0.4259,0.0000,0.4259,0.9048),
      ["LeftHand"] = CFrame.new(0.0005,0.0000,0.0000,0.9968,0.0785,-0.0140,-0.0765,0.9908,0.1114,0.0226,-0.1100,0.9937),
      ["Head"] = CFrame.new(1.9889,0.0744,-1.0190,-0.3115,0.1887,0.9313,-0.8046,0.4691,-0.3641,-0.5056,-0.8627,0.0057),
      ["RightUpperArm"] = CFrame.new(-0.0294,-0.0497,0.0281,0.7283,-0.6554,-0.2002,0.5435,0.7303,-0.4138,0.4174,0.1926,0.8881),
      ["RightLowerArm"] = CFrame.new(0.0000,0.1000,0.1019,1.0000,-0.0000,0.0000,0.0000,-0.0203,-0.9998,0.0000,0.9998,-0.0203),
      ["RightHand"] = CFrame.new(-0.0005,0.0000,0.0000,0.9989,-0.0302,0.0358,0.0303,0.9995,-0.0018,-0.0357,0.0029,0.9994),
      ["LeftUpperLeg"] = CFrame.new(0.1589,0.0926,-0.2835,0.8960,0.0747,0.4377,0.2867,0.6553,-0.6988,-0.3391,0.7517,0.5657),
      ["LeftLowerLeg"] = CFrame.new(0.0000,0.0754,-0.0342,1.0000,-0.0000,0.0000,0.0000,0.6587,0.7524,-0.0000,-0.7524,0.6587),
      ["LeftFoot"] = CFrame.new(0.0000,-0.0002,0.0000,0.9999,0.0116,0.0013,-0.0116,0.9697,0.2438,0.0015,-0.2438,0.9698),
      ["RightUpperLeg"] = CFrame.new(0.0559,0.0423,-0.1220,0.8099,0.3771,-0.4493,-0.4293,0.9030,-0.0160,0.3997,0.2058,0.8933),
      ["RightLowerLeg"] = CFrame.new(0.0000,0.0442,-0.0104,1.0000,-0.0000,0.0000,0.0000,0.8968,0.4425,-0.0000,-0.4425,0.8968),
      ["RightFoot"] = CFrame.new(0.0000,0.0000,-0.0001,0.9999,0.0123,0.0029,-0.0127,0.9715,0.2365,0.0001,-0.2366,0.9716),
    }},
    {Time = 2.400, Data = {
      ["HumanoidRootPart"] = CFrame.new(0.0000,0.0000,0.0000,1.0000,0.0000,0.0000,0.0000,1.0000,0.0000,0.0000,0.0000,1.0000),
      ["LowerTorso"] = CFrame.new(0.0099,-0.0754,-0.1731,0.9997,-0.0075,0.0214,0.0227,0.3228,-0.9462,0.0002,0.9464,0.3229),
      ["UpperTorso"] = CFrame.new(0.0000,0.0000,0.0000,0.9795,-0.0427,0.1967,0.0098,0.9862,0.1654,-0.2010,-0.1601,0.9664),
      ["LeftUpperArm"] = CFrame.new(-0.0005,-0.0075,0.0115,0.8832,0.0604,0.4651,-0.4415,0.4416,0.7811,-0.1582,-0.8952,0.4166),
      ["LeftLowerArm"] = CFrame.new(-0.0005,0.0428,0.0096,1.0000,-0.0000,0.0000,0.0000,0.9035,-0.4285,0.0000,0.4285,0.9035),
      ["LeftHand"] = CFrame.new(0.0005,0.0000,0.0000,0.9973,0.0711,-0.0164,-0.0690,0.9919,0.1064,0.0238,-0.1050,0.9942),
      ["Head"] = CFrame.new(1.9891,0.0710,-1.0088,-0.5802,0.1904,0.7919,-0.6512,0.4755,-0.5915,-0.4891,-0.8589,-0.1519),
      ["RightUpperArm"] = CFrame.new(-0.0325,-0.0467,0.0313,0.7318,-0.6523,-0.1974,0.5409,0.7321,-0.4141,0.4146,0.1962,0.8886),
      ["RightLowerArm"] = CFrame.new(0.0000,0.1000,0.1017,1.0000,-0.0000,0.0000,0.0000,-0.0184,-0.9998,0.0000,0.9998,-0.0184),
      ["RightHand"] = CFrame.new(-0.0005,0.0000,0.0000,0.9985,-0.0352,0.0417,0.0353,0.9994,-0.0020,-0.0416,0.0034,0.9991),
      ["LeftUpperLeg"] = CFrame.new(0.1593,0.0935,-0.2838,0.8963,0.0741,0.4372,0.2874,0.6538,-0.7000,-0.3377,0.7531,0.5647),
      ["LeftLowerLeg"] = CFrame.new(0.0000,0.0752,-0.0340,1.0000,-0.0000,0.0000,0.0000,0.6603,0.7510,-0.0000,-0.7510,0.6603),
      ["LeftFoot"] = CFrame.new(0.0000,-0.0002,0.0000,0.9999,0.0113,-0.0013,-0.0106,0.9699,0.2432,0.0040,-0.2432,0.9700),
      ["RightUpperLeg"] = CFrame.new(0.0561,0.0423,-0.1223,0.8096,0.3770,-0.4500,-0.4302,0.9026,-0.0178,0.3995,0.2080,0.8928),
      ["RightLowerLeg"] = CFrame.new(0.0000,0.0440,-0.0103,1.0000,-0.0000,0.0000,0.0000,0.8979,0.4401,-0.0000,-0.4401,0.8979),
      ["RightFoot"] = CFrame.new(0.0000,0.0000,-0.0001,0.9999,0.0104,0.0043,-0.0111,0.9725,0.2328,-0.0018,-0.2328,0.9725),
    }},
    {Time = 2.433, Data = {
      ["HumanoidRootPart"] = CFrame.new(0.0000,0.0000,0.0000,1.0000,0.0000,0.0000,0.0000,1.0000,0.0000,0.0000,0.0000,1.0000),
      ["LowerTorso"] = CFrame.new(0.0114,-0.0806,-0.1702,0.9996,-0.0094,0.0268,0.0284,0.3237,-0.9457,0.0002,0.9461,0.3239),
      ["UpperTorso"] = CFrame.new(0.0000,0.0000,0.0000,0.9801,-0.0422,0.1941,0.0099,0.9863,0.1647,-0.1984,-0.1595,0.9671),
      ["LeftUpperArm"] = CFrame.new(-0.0013,-0.0082,0.0125,0.8823,0.0639,0.4663,-0.4439,0.4422,0.7794,-0.1564,-0.8946,0.4185),
      ["LeftLowerArm"] = CFrame.new(-0.0005,0.0430,0.0097,1.0000,-0.0000,0.0000,0.0000,0.9026,-0.4305,0.0000,0.4305,0.9026),
      ["LeftHand"] = CFrame.new(0.0005,0.0000,0.0000,0.9978,0.0635,-0.0188,-0.0612,0.9930,0.1011,0.0251,-0.0998,0.9947),
      ["Head"] = CFrame.new(1.9896,0.0678,-0.9993,-0.7947,0.1941,0.5751,-0.4341,0.4806,-0.7620,-0.4243,-0.8552,-0.2977),
      ["RightUpperArm"] = CFrame.new(-0.0358,-0.0434,0.0344,0.7354,-0.6489,-0.1952,0.5380,0.7342,-0.4141,0.4121,0.1995,0.8890),
      ["RightLowerArm"] = CFrame.new(0.0000,0.1000,0.1016,1.0000,-0.0000,0.0000,0.0000,-0.0171,-0.9999,0.0000,0.9999,-0.0171),
      ["RightHand"] = CFrame.new(-0.0005,0.0000,0.0000,0.9980,-0.0403,0.0478,0.0405,0.9992,-0.0021,-0.0477,0.0041,0.9989),
      ["LeftUpperLeg"] = CFrame.new(0.1597,0.0942,-0.2841,0.8965,0.0737,0.4368,0.2879,0.6526,-0.7009,-0.3368,0.7541,0.5639),
      ["LeftLowerLeg"] = CFrame.new(0.0000,0.0751,-0.0339,1.0000,-0.0000,0.0000,0.0000,0.6615,0.7500,-0.0000,-0.7500,0.6615),
      ["LeftFoot"] = CFrame.new(0.0000,-0.0002,0.0000,0.9999,0.0111,-0.0031,-0.0100,0.9700,0.2427,0.0057,-0.2427,0.9701),
      ["RightUpperLeg"] = CFrame.new(0.0563,0.0423,-0.1225,0.8093,0.3769,-0.4505,-0.4308,0.9023,-0.0191,0.3993,0.2096,0.8925),
      ["RightLowerLeg"] = CFrame.new(0.0000,0.0438,-0.0102,1.0000,-0.0000,0.0000,0.0000,0.8988,0.4384,-0.0000,-0.4384,0.8988),
      ["RightFoot"] = CFrame.new(0.0000,0.0000,-0.0001,0.9999,0.0090,0.0053,-0.0100,0.9731,0.2301,-0.0031,-0.2302,0.9731),
    }},
    {Time = 2.467, Data = {
      ["HumanoidRootPart"] = CFrame.new(0.0000,0.0000,0.0000,1.0000,0.0000,0.0000,0.0000,1.0000,0.0000,0.0000,0.0000,1.0000),
      ["LowerTorso"] = CFrame.new(0.0128,-0.0858,-0.1672,0.9994,-0.0113,0.0323,0.0342,0.3247,-0.9452,0.0002,0.9458,0.3249),
      ["UpperTorso"] = CFrame.new(0.0000,0.0000,0.0000,0.9806,-0.0414,0.1917,0.0096,0.9864,0.1641,-0.1958,-0.1591,0.9676),
      ["LeftUpperArm"] = CFrame.new(-0.0018,-0.0091,0.0137,0.8815,0.0678,0.4672,-0.4463,0.4425,0.7778,-0.1541,-0.8942,0.4204),
      ["LeftLowerArm"] = CFrame.new(-0.0005,0.0430,0.0097,1.0000,-0.0000,0.0000,0.0000,0.9020,-0.4316,0.0000,0.4316,0.9020),
      ["LeftHand"] = CFrame.new(0.0005,0.0000,0.0000,0.9982,0.0556,-0.0213,-0.0533,0.9940,0.0957,0.0264,-0.0944,0.9952),
      ["Head"] = CFrame.new(1.9903,0.0644,-0.9906,-0.9304,0.1992,0.3076,-0.1797,0.4837,-0.8566,-0.3195,-0.8523,-0.4142),
      ["RightUpperArm"] = CFrame.new(-0.0393,-0.0399,0.0373,0.7390,-0.6453,-0.1937,0.5348,0.7367,-0.4139,0.4097,0.2022,0.8895),
      ["RightLowerArm"] = CFrame.new(0.0000,0.1000,0.1015,1.0000,-0.0000,0.0000,0.0000,-0.0163,-0.9999,0.0000,0.9999,-0.0163),
      ["RightHand"] = CFrame.new(-0.0005,0.0000,0.0000,0.9975,-0.0456,0.0541,0.0458,0.9989,-0.0023,-0.0539,0.0047,0.9985),
      ["LeftUpperLeg"] = CFrame.new(0.1599,0.0946,-0.2842,0.8966,0.0734,0.4366,0.2881,0.6520,-0.7014,-0.3362,0.7547,0.5634),
      ["LeftLowerLeg"] = CFrame.new(0.0000,0.0751,-0.0338,1.0000,-0.0000,0.0000,0.0000,0.6622,0.7493,-0.0000,-0.7493,0.6622),
      ["LeftFoot"] = CFrame.new(0.0000,-0.0002,0.0000,0.9999,0.0110,-0.0043,-0.0096,0.9701,0.2424,0.0068,-0.2424,0.9702),
      ["RightUpperLeg"] = CFrame.new(0.0563,0.0423,-0.1226,0.8092,0.3768,-0.4509,-0.4311,0.9021,-0.0199,0.3992,0.2105,0.8924),
      ["RightLowerLeg"] = CFrame.new(0.0000,0.0437,-0.0102,1.0000,-0.0000,0.0000,0.0000,0.8993,0.4374,-0.0000,-0.4374,0.8993),
      ["RightFoot"] = CFrame.new(0.0000,0.0000,-0.0001,0.9999,0.0081,0.0060,-0.0093,0.9735,0.2285,-0.0040,-0.2285,0.9735),
    }},
    {Time = 2.500, Data = {
      ["HumanoidRootPart"] = CFrame.new(0.0000,0.0000,0.0000,1.0000,0.0000,0.0000,0.0000,1.0000,0.0000,0.0000,0.0000,1.0000),
      ["LowerTorso"] = CFrame.new(0.0143,-0.0911,-0.1641,0.9992,-0.0133,0.0379,0.0401,0.3256,-0.9446,0.0002,0.9454,0.3259),
      ["UpperTorso"] = CFrame.new(0.0000,0.0000,0.0000,0.9811,-0.0403,0.1893,0.0089,0.9864,0.1639,-0.1933,-0.1591,0.9682),
      ["LeftUpperArm"] = CFrame.new(-0.0022,-0.0102,0.0152,0.8809,0.0719,0.4677,-0.4485,0.4426,0.7765,-0.1511,-0.8938,0.4221),
      ["LeftLowerArm"] = CFrame.new(-0.0005,0.0430,0.0097,1.0000,-0.0000,0.0000,0.0000,0.9019,-0.4320,0.0000,0.4320,0.9019),
      ["LeftHand"] = CFrame.new(0.0005,0.0000,0.0000,0.9986,0.0476,-0.0237,-0.0453,0.9949,0.0903,0.0279,-0.0891,0.9956),
      ["Head"] = CFrame.new(1.9914,0.0608,-0.9825,-0.9786,0.2051,0.0181,0.0855,0.4845,-0.8706,-0.1874,-0.8504,-0.4917),
      ["RightUpperArm"] = CFrame.new(-0.0431,-0.0362,0.0400,0.7426,-0.6414,-0.1928,0.5314,0.7394,-0.4133,0.4076,0.2045,0.8900),
      ["RightLowerArm"] = CFrame.new(0.0000,0.1000,0.1015,1.0000,-0.0000,0.0000,0.0000,-0.0161,-0.9999,0.0000,0.9999,-0.0161),
      ["RightHand"] = CFrame.new(-0.0005,0.0000,0.0000,0.9969,-0.0509,0.0604,0.0511,0.9987,-0.0024,-0.0602,0.0055,0.9982),
      ["LeftUpperLeg"] = CFrame.new(0.1599,0.0947,-0.2842,0.8967,0.0734,0.4366,0.2882,0.6518,-0.7015,-0.3360,0.7549,0.5633),
      ["LeftLowerLeg"] = CFrame.new(0.0000,0.0751,-0.0339,1.0000,-0.0000,0.0000,0.0000,0.6624,0.7492,-0.0000,-0.7492,0.6624),
      ["LeftFoot"] = CFrame.new(0.0000,-0.0002,0.0000,0.9999,0.0110,-0.0045,-0.0096,0.9701,0.2424,0.0071,-0.2424,0.9702),
      ["RightUpperLeg"] = CFrame.new(0.0563,0.0423,-0.1226,0.8091,0.3768,-0.4510,-0.4312,0.9020,-0.0201,0.3992,0.2107,0.8923),
      ["RightLowerLeg"] = CFrame.new(0.0000,0.0437,-0.0102,1.0000,-0.0000,0.0000,0.0000,0.8994,0.4371,-0.0000,-0.4371,0.8994),
      ["RightFoot"] = CFrame.new(0.0000,0.0000,-0.0001,0.9999,0.0079,0.0061,-0.0091,0.9736,0.2280,-0.0042,-0.2280,0.9737),
    }},
    {Time = 2.533, Data = {
      ["HumanoidRootPart"] = CFrame.new(0.0000,0.0000,0.0000,1.0000,0.0000,0.0000,0.0000,1.0000,0.0000,0.0000,0.0000,1.0000),
      ["LowerTorso"] = CFrame.new(0.0158,-0.0965,-0.1611,0.9989,-0.0152,0.0435,0.0460,0.3266,-0.9441,0.0002,0.9451,0.3269),
      ["UpperTorso"] = CFrame.new(0.0000,0.0000,0.0000,0.9816,-0.0389,0.1871,0.0078,0.9865,0.1638,-0.1909,-0.1593,0.9686),
      ["LeftUpperArm"] = CFrame.new(-0.0023,-0.0113,0.0169,0.8805,0.0764,0.4679,-0.4504,0.4423,0.7755,-0.1477,-0.8936,0.4238),
      ["LeftLowerArm"] = CFrame.new(-0.0005,0.0430,0.0097,1.0000,-0.0000,0.0000,0.0000,0.9020,-0.4316,0.0000,0.4316,0.9020),
      ["LeftHand"] = CFrame.new(0.0005,0.0000,0.0000,0.9989,0.0397,-0.0260,-0.0373,0.9957,0.0848,0.0293,-0.0837,0.9961),
      ["Head"] = CFrame.new(1.9941,0.0569,-0.9752,-0.9393,0.2110,-0.2706,0.3409,0.4832,-0.8064,-0.0394,-0.8497,-0.5258),
      ["RightUpperArm"] = CFrame.new(-0.0470,-0.0323,0.0424,0.7461,-0.6374,-0.1926,0.5278,0.7425,-0.4125,0.4059,0.2061,0.8904),
      ["RightLowerArm"] = CFrame.new(0.0000,0.1000,0.1016,1.0000,-0.0000,0.0000,0.0000,-0.0163,-0.9999,0.0000,0.9999,-0.0163),
      ["RightHand"] = CFrame.new(-0.0005,0.0000,0.0000,0.9962,-0.0562,0.0667,0.0565,0.9984,-0.0024,-0.0665,0.0062,0.9978),
      ["LeftUpperLeg"] = CFrame.new(0.1599,0.0946,-0.2842,0.8966,0.0734,0.4366,0.2881,0.6520,-0.7014,-0.3362,0.7547,0.5634),
      ["LeftLowerLeg"] = CFrame.new(0.0000,0.0752,-0.0339,1.0000,-0.0000,0.0000,0.0000,0.6622,0.7493,-0.0000,-0.7493,0.6622),
      ["LeftFoot"] = CFrame.new(0.0000,-0.0002,0.0000,0.9999,0.0110,-0.0043,-0.0097,0.9701,0.2424,0.0068,-0.2424,0.9702),
      ["RightUpperLeg"] = CFrame.new(0.0563,0.0423,-0.1225,0.8092,0.3768,-0.4509,-0.4311,0.9021,-0.0199,0.3992,0.2105,0.8924),
      ["RightLowerLeg"] = CFrame.new(0.0000,0.0438,-0.0102,1.0000,-0.0000,0.0000,0.0000,0.8993,0.4374,-0.0000,-0.4374,0.8993),
      ["RightFoot"] = CFrame.new(0.0000,0.0000,-0.0001,0.9999,0.0081,0.0060,-0.0093,0.9735,0.2285,-0.0040,-0.2285,0.9735),
    }},
    {Time = 2.567, Data = {
      ["HumanoidRootPart"] = CFrame.new(0.0000,0.0000,0.0000,1.0000,0.0000,0.0000,0.0000,1.0000,0.0000,0.0000,0.0000,1.0000),
      ["LowerTorso"] = CFrame.new(0.0173,-0.1017,-0.1581,0.9987,-0.0171,0.0490,0.0519,0.3275,-0.9434,0.0001,0.9447,0.3279),
      ["UpperTorso"] = CFrame.new(0.0000,0.0000,0.0000,0.9820,-0.0371,0.1850,0.0064,0.9864,0.1640,-0.1886,-0.1599,0.9690),
      ["LeftUpperArm"] = CFrame.new(-0.0023,-0.0124,0.0188,0.8802,0.0810,0.4677,-0.4523,0.4417,0.7748,-0.1438,-0.8935,0.4254),
      ["LeftLowerArm"] = CFrame.new(-0.0005,0.0430,0.0097,1.0000,-0.0000,0.0000,0.0000,0.9026,-0.4305,0.0000,0.4305,0.9026),
      ["LeftHand"] = CFrame.new(0.0005,0.0000,0.0000,0.9991,0.0317,-0.0284,-0.0294,0.9964,0.0793,0.0308,-0.0784,0.9964),
      ["Head"] = CFrame.new(1.9990,0.0526,-0.9687,-0.8155,0.2162,-0.5369,0.5676,0.4801,-0.6688,0.1132,-0.8501,-0.5142),
      ["RightUpperArm"] = CFrame.new(-0.0510,-0.0283,0.0445,0.7496,-0.6332,-0.1929,0.5240,0.7457,-0.4114,0.4043,0.2073,0.8908),
      ["RightLowerArm"] = CFrame.new(0.0000,0.1000,0.1016,1.0000,-0.0000,0.0000,0.0000,-0.0171,-0.9999,0.0000,0.9999,-0.0171),
      ["RightHand"] = CFrame.new(-0.0005,0.0000,0.0000,0.9954,-0.0614,0.0729,0.0618,0.9981,-0.0025,-0.0726,0.0070,0.9973),
      ["LeftUpperLeg"] = CFrame.new(0.1597,0.0942,-0.2841,0.8965,0.0737,0.4368,0.2879,0.6526,-0.7009,-0.3368,0.7541,0.5639),
      ["LeftLowerLeg"] = CFrame.new(0.0000,0.0752,-0.0339,1.0000,-0.0000,0.0000,0.0000,0.6615,0.7500,-0.0000,-0.7500,0.6615),
      ["LeftFoot"] = CFrame.new(0.0000,-0.0002,0.0000,0.9999,0.0111,-0.0031,-0.0100,0.9700,0.2427,0.0057,-0.2427,0.9701),
      ["RightUpperLeg"] = CFrame.new(0.0563,0.0423,-0.1225,0.8093,0.3768,-0.4505,-0.4307,0.9023,-0.0191,0.3993,0.2095,0.8925),
      ["RightLowerLeg"] = CFrame.new(0.0000,0.0438,-0.0102,1.0000,-0.0000,0.0000,0.0000,0.8988,0.4384,-0.0000,-0.4384,0.8988),
      ["RightFoot"] = CFrame.new(0.0000,0.0000,-0.0001,0.9999,0.0090,0.0053,-0.0100,0.9731,0.2301,-0.0031,-0.2302,0.9731),
    }},
    {Time = 2.600, Data = {
      ["HumanoidRootPart"] = CFrame.new(0.0000,0.0000,0.0000,1.0000,0.0000,0.0000,0.0000,1.0000,0.0000,0.0000,0.0000,1.0000),
      ["LowerTorso"] = CFrame.new(0.0188,-0.1068,-0.1552,0.9983,-0.0190,0.0544,0.0576,0.3284,-0.9428,0.0001,0.9444,0.3289),
      ["UpperTorso"] = CFrame.new(0.0000,0.0000,0.0000,0.9825,-0.0351,0.1831,0.0046,0.9864,0.1644,-0.1864,-0.1607,0.9692),
      ["LeftUpperArm"] = CFrame.new(-0.0021,-0.0137,0.0209,0.8800,0.0858,0.4671,-0.4540,0.4408,0.7743,-0.1394,-0.8935,0.4269),
      ["LeftLowerArm"] = CFrame.new(-0.0005,0.0428,0.0096,1.0000,-0.0000,0.0000,0.0000,0.9035,-0.4285,0.0000,0.4285,0.9035),
      ["LeftHand"] = CFrame.new(0.0005,0.0000,0.0000,0.9992,0.0240,-0.0306,-0.0217,0.9970,0.0740,0.0322,-0.0732,0.9968),
      ["Head"] = CFrame.new(2.0046,0.0479,-0.9629,-0.6176,0.2200,-0.7551,0.7435,0.4763,-0.4694,0.2564,-0.8513,-0.4577),
      ["RightUpperArm"] = CFrame.new(-0.0550,-0.0242,0.0463,0.7529,-0.6289,-0.1940,0.5201,0.7492,-0.4101,0.4032,0.2079,0.8912),
      ["RightLowerArm"] = CFrame.new(0.0000,0.1000,0.1017,1.0000,-0.0000,0.0000,0.0000,-0.0184,-0.9998,0.0000,0.9998,-0.0184),
      ["RightHand"] = CFrame.new(-0.0005,0.0000,0.0000,0.9946,-0.0665,0.0790,0.0669,0.9978,-0.0025,-0.0787,0.0077,0.9969),
      ["LeftUpperLeg"] = CFrame.new(0.1593,0.0935,-0.2838,0.8963,0.0741,0.4372,0.2874,0.6538,-0.7000,-0.3377,0.7531,0.5647),
      ["LeftLowerLeg"] = CFrame.new(0.0000,0.0752,-0.0340,1.0000,-0.0000,0.0000,0.0000,0.6603,0.7510,-0.0000,-0.7510,0.6603),
      ["LeftFoot"] = CFrame.new(0.0000,-0.0002,0.0000,0.9999,0.0113,-0.0013,-0.0106,0.9699,0.2432,0.0040,-0.2432,0.9700),
      ["RightUpperLeg"] = CFrame.new(0.0561,0.0423,-0.1223,0.8096,0.3769,-0.4500,-0.4301,0.9026,-0.0178,0.3995,0.2080,0.8928),
      ["RightLowerLeg"] = CFrame.new(0.0000,0.0440,-0.0103,1.0000,-0.0000,0.0000,0.0000,0.8979,0.4401,-0.0000,-0.4401,0.8979),
      ["RightFoot"] = CFrame.new(0.0000,0.0000,-0.0001,0.9999,0.0104,0.0043,-0.0111,0.9725,0.2328,-0.0018,-0.2328,0.9725),
    }},
    {Time = 2.633, Data = {
      ["HumanoidRootPart"] = CFrame.new(0.0000,0.0000,0.0000,1.0000,0.0000,0.0000,0.0000,1.0000,0.0000,0.0000,0.0000,1.0000),
      ["LowerTorso"] = CFrame.new(0.0202,-0.1118,-0.1524,0.9980,-0.0209,0.0596,0.0631,0.3292,-0.9421,0.0000,0.9440,0.3299),
      ["UpperTorso"] = CFrame.new(0.0000,0.0000,0.0000,0.9828,-0.0328,0.1815,0.0024,0.9863,0.1650,-0.1844,-0.1618,0.9694),
      ["LeftUpperArm"] = CFrame.new(-0.0018,-0.0150,0.0232,0.8801,0.0908,0.4661,-0.4554,0.4397,0.7741,-0.1347,-0.8936,0.4283),
      ["LeftLowerArm"] = CFrame.new(-0.0005,0.0425,0.0095,1.0000,-0.0000,0.0000,0.0000,0.9048,-0.4259,0.0000,0.4259,0.9048),
      ["LeftHand"] = CFrame.new(0.0005,0.0000,0.0000,0.9993,0.0165,-0.0327,-0.0142,0.9975,0.0688,0.0337,-0.0682,0.9971),
      ["Head"] = CFrame.new(2.0097,0.0430,-0.9580,-0.3684,0.2223,-0.9027,0.8505,0.4727,-0.2307,0.3755,-0.8527,-0.3632),
      ["RightUpperArm"] = CFrame.new(-0.0591,-0.0200,0.0478,0.7561,-0.6245,-0.1956,0.5161,0.7528,-0.4085,0.4024,0.2079,0.8915),
      ["RightLowerArm"] = CFrame.new(0.0000,0.0999,0.1019,1.0000,-0.0000,0.0000,0.0000,-0.0203,-0.9998,0.0000,0.9998,-0.0203),
      ["RightHand"] = CFrame.new(-0.0005,0.0000,0.0000,0.9938,-0.0715,0.0849,0.0719,0.9974,-0.0024,-0.0845,0.0085,0.9964),
      ["LeftUpperLeg"] = CFrame.new(0.1589,0.0926,-0.2835,0.8960,0.0747,0.4377,0.2867,0.6553,-0.6988,-0.3391,0.7517,0.5657),
      ["LeftLowerLeg"] = CFrame.new(0.0000,0.0754,-0.0342,1.0000,-0.0000,0.0000,0.0000,0.6587,0.7524,-0.0000,-0.7524,0.6587),
      ["LeftFoot"] = CFrame.new(0.0000,-0.0002,0.0000,0.9999,0.0116,0.0013,-0.0116,0.9697,0.2438,0.0015,-0.2438,0.9698),
      ["RightUpperLeg"] = CFrame.new(0.0559,0.0423,-0.1220,0.8099,0.3771,-0.4493,-0.4293,0.9030,-0.0160,0.3997,0.2058,0.8933),
      ["RightLowerLeg"] = CFrame.new(0.0000,0.0442,-0.0104,1.0000,-0.0000,0.0000,0.0000,0.8968,0.4425,-0.0000,-0.4425,0.8968),
      ["RightFoot"] = CFrame.new(0.0000,0.0000,-0.0001,0.9999,0.0123,0.0029,-0.0127,0.9715,0.2365,0.0001,-0.2366,0.9716),
    }},
    {Time = 2.667, Data = {
      ["HumanoidRootPart"] = CFrame.new(0.0000,0.0000,0.0000,1.0000,0.0000,0.0000,0.0000,1.0000,0.0000,0.0000,0.0000,1.0000),
      ["LowerTorso"] = CFrame.new(0.0215,-0.1165,-0.1497,0.9977,-0.0226,0.0645,0.0684,0.3300,-0.9415,-0.0000,0.9437,0.3308),
      ["UpperTorso"] = CFrame.new(0.0000,0.0000,0.0000,0.9832,-0.0302,0.1801,-0.0001,0.9861,0.1659,-0.1826,-0.1631,0.9696),
      ["LeftUpperArm"] = CFrame.new(-0.0012,-0.0164,0.0256,0.8802,0.0957,0.4648,-0.4565,0.4383,0.7743,-0.1296,-0.8937,0.4295),
      ["LeftLowerArm"] = CFrame.new(-0.0005,0.0422,0.0093,1.0000,-0.0000,0.0000,0.0000,0.9064,-0.4225,0.0000,0.4225,0.9064),
      ["LeftHand"] = CFrame.new(0.0005,0.0000,0.0000,0.9994,0.0093,-0.0346,-0.0071,0.9979,0.0638,0.0351,-0.0635,0.9974),
      ["Head"] = CFrame.new(2.0128,0.0377,-0.9539,-0.1012,0.2236,-0.9694,0.8823,0.4704,0.0164,0.4597,-0.8536,-0.2449),
      ["RightUpperArm"] = CFrame.new(-0.0632,-0.0159,0.0489,0.7591,-0.6201,-0.1979,0.5120,0.7566,-0.4067,0.4020,0.2074,0.8918),
      ["RightLowerArm"] = CFrame.new(0.0000,0.0999,0.1022,1.0000,-0.0000,0.0000,0.0000,-0.0226,-0.9997,0.0000,0.9997,-0.0226),
      ["RightHand"] = CFrame.new(-0.0005,0.0000,0.0000,0.9930,-0.0762,0.0905,0.0767,0.9971,-0.0024,-0.0901,0.0093,0.9959),
      ["LeftUpperLeg"] = CFrame.new(0.1583,0.0915,-0.2830,0.8956,0.0755,0.4383,0.2859,0.6573,-0.6973,-0.3407,0.7499,0.5671),
      ["LeftLowerLeg"] = CFrame.new(0.0000,0.0755,-0.0344,1.0000,-0.0000,0.0000,0.0000,0.6566,0.7542,-0.0000,-0.7542,0.6566),
      ["LeftFoot"] = CFrame.new(0.0000,-0.0002,0.0000,0.9999,0.0120,0.0046,-0.0127,0.9695,0.2446,-0.0016,-0.2447,0.9696),
      ["RightUpperLeg"] = CFrame.new(0.0557,0.0422,-0.1217,0.8103,0.3773,-0.4483,-0.4282,0.9036,-0.0137,0.3999,0.2031,0.8938),
      ["RightLowerLeg"] = CFrame.new(0.0000,0.0445,-0.0106,1.0000,-0.0000,0.0000,0.0000,0.8953,0.4454,-0.0000,-0.4454,0.8953),
      ["RightFoot"] = CFrame.new(0.0000,0.0000,-0.0001,0.9999,0.0148,0.0011,-0.0146,0.9704,0.2412,0.0025,-0.2412,0.9705),
    }},
    {Time = 2.700, Data = {
      ["HumanoidRootPart"] = CFrame.new(0.0000,0.0000,0.0000,1.0000,0.0000,0.0000,0.0000,1.0000,0.0000,0.0000,0.0000,1.0000),
      ["LowerTorso"] = CFrame.new(0.0228,-0.1210,-0.1471,0.9973,-0.0242,0.0692,0.0733,0.3308,-0.9409,-0.0001,0.9434,0.3316),
      ["UpperTorso"] = CFrame.new(0.0000,0.0000,0.0000,0.9835,-0.0274,0.1789,-0.0029,0.9860,0.1669,-0.1809,-0.1647,0.9696),
      ["LeftUpperArm"] = CFrame.new(-0.0005,-0.0177,0.0281,0.8805,0.1007,0.4631,-0.4574,0.4366,0.7747,-0.1242,-0.8940,0.4306),
      ["LeftLowerArm"] = CFrame.new(-0.0005,0.0417,0.0091,1.0000,-0.0000,0.0000,0.0000,0.9083,-0.4184,0.0000,0.4184,0.9083),
      ["LeftHand"] = CFrame.new(0.0005,0.0000,0.0000,0.9993,0.0026,-0.0364,-0.0004,0.9983,0.0591,0.0365,-0.0590,0.9976),
      ["Head"] = CFrame.new(2.0127,0.0321,-0.9507,0.1497,0.2249,-0.9628,0.8489,0.4700,0.2418,0.5069,-0.8535,-0.1205),
      ["RightUpperArm"] = CFrame.new(-0.0672,-0.0117,0.0496,0.7619,-0.6158,-0.2008,0.5079,0.7604,-0.4047,0.4019,0.2064,0.8921),
      ["RightLowerArm"] = CFrame.new(0.0000,0.0999,0.1024,1.0000,-0.0000,0.0000,0.0000,-0.0254,-0.9997,0.0000,0.9997,-0.0254),
      ["RightHand"] = CFrame.new(-0.0005,0.0000,0.0000,0.9921,-0.0806,0.0958,0.0812,0.9967,-0.0023,-0.0953,0.0101,0.9954),
      ["LeftUpperLeg"] = CFrame.new(0.1576,0.0901,-0.2824,0.8952,0.0764,0.4391,0.2848,0.6596,-0.6955,-0.3428,0.7477,0.5687),
      ["LeftLowerLeg"] = CFrame.new(0.0000,0.0758,-0.0346,1.0000,-0.0000,0.0000,0.0000,0.6541,0.7564,-0.0000,-0.7564,0.6541),
      ["LeftFoot"] = CFrame.new(0.0000,-0.0002,0.0000,0.9999,0.0124,0.0086,-0.0141,0.9693,0.2456,-0.0052,-0.2457,0.9693),
      ["RightUpperLeg"] = CFrame.new(0.0554,0.0422,-0.1213,0.8109,0.3775,-0.4472,-0.4270,0.9042,-0.0109,0.4003,0.1998,0.8944),
      ["RightLowerLeg"] = CFrame.new(0.0000,0.0449,-0.0107,1.0000,-0.0000,0.0000,0.0000,0.8935,0.4490,-0.0000,-0.4490,0.8935),
      ["RightFoot"] = CFrame.new(0.0000,0.0000,-0.0001,0.9998,0.0178,-0.0011,-0.0170,0.9689,0.2469,0.0054,-0.2468,0.9690),
    }},
    {Time = 2.733, Data = {
      ["HumanoidRootPart"] = CFrame.new(0.0000,0.0000,0.0000,1.0000,0.0000,0.0000,0.0000,1.0000,0.0000,0.0000,0.0000,1.0000),
      ["LowerTorso"] = CFrame.new(0.0239,-0.1251,-0.1448,0.9970,-0.0258,0.0735,0.0779,0.3314,-0.9403,-0.0001,0.9431,0.3324),
      ["UpperTorso"] = CFrame.new(0.0000,0.0000,0.0000,0.9837,-0.0245,0.1779,-0.0059,0.9857,0.1682,-0.1795,-0.1665,0.9696),
      ["LeftUpperArm"] = CFrame.new(0.0004,-0.0191,0.0307,0.8810,0.1057,0.4612,-0.4580,0.4348,0.7754,-0.1186,-0.8943,0.4314),
      ["LeftLowerArm"] = CFrame.new(-0.0005,0.0413,0.0089,1.0000,-0.0000,0.0000,0.0000,0.9104,-0.4136,0.0000,0.4136,0.9104),
      ["LeftHand"] = CFrame.new(0.0005,0.0000,0.0000,0.9993,-0.0037,-0.0381,0.0058,0.9985,0.0547,0.0378,-0.0549,0.9978),
      ["Head"] = CFrame.new(2.0083,0.0263,-0.9482,0.3618,0.2272,-0.9042,0.7713,0.4718,0.4272,0.5236,-0.8519,-0.0046),
      ["RightUpperArm"] = CFrame.new(-0.0710,-0.0077,0.0498,0.7644,-0.6116,-0.2043,0.5039,0.7642,-0.4026,0.4023,0.2048,0.8923),
      ["RightLowerArm"] = CFrame.new(0.0000,0.0999,0.1028,1.0000,-0.0000,0.0000,0.0000,-0.0286,-0.9996,0.0000,0.9996,-0.0286),
      ["RightHand"] = CFrame.new(-0.0005,0.0000,0.0000,0.9913,-0.0847,0.1007,0.0853,0.9964,-0.0022,-0.1002,0.0108,0.9949),
      ["LeftUpperLeg"] = CFrame.new(0.1568,0.0884,-0.2818,0.8947,0.0774,0.4399,0.2837,0.6623,-0.6935,-0.3451,0.7452,0.5706),
      ["LeftLowerLeg"] = CFrame.new(0.0000,0.0760,-0.0349,1.0000,-0.0000,0.0000,0.0000,0.6513,0.7589,-0.0000,-0.7589,0.6513),
      ["LeftFoot"] = CFrame.new(0.0000,-0.0002,0.0000,0.9998,0.0129,0.0131,-0.0158,0.9690,0.2467,-0.0095,-0.2469,0.9690),
      ["RightUpperLeg"] = CFrame.new(0.0551,0.0421,-0.1208,0.8115,0.3777,-0.4459,-0.4255,0.9049,-0.0077,0.4006,0.1959,0.8950),
      ["RightLowerLeg"] = CFrame.new(0.0000,0.0453,-0.0109,1.0000,-0.0000,0.0000,0.0000,0.8915,0.4531,-0.0000,-0.4531,0.8915),
      ["RightFoot"] = CFrame.new(0.0000,0.0000,-0.0001,0.9998,0.0213,-0.0035,-0.0197,0.9672,0.2534,0.0088,-0.2533,0.9673),
    }},
    {Time = 2.767, Data = {
      ["HumanoidRootPart"] = CFrame.new(0.0000,0.0000,0.0000,1.0000,0.0000,0.0000,0.0000,1.0000,0.0000,0.0000,0.0000,1.0000),
      ["LowerTorso"] = CFrame.new(0.0250,-0.1288,-0.1426,0.9966,-0.0272,0.0774,0.0821,0.3321,-0.9397,-0.0002,0.9429,0.3332),
      ["UpperTorso"] = CFrame.new(0.0000,0.0000,0.0000,0.9839,-0.0213,0.1773,-0.0092,0.9855,0.1696,-0.1783,-0.1685,0.9694),
      ["LeftUpperArm"] = CFrame.new(0.0015,-0.0205,0.0334,0.8816,0.1105,0.4589,-0.4583,0.4327,0.7764,-0.1127,-0.8948,0.4321),
      ["LeftLowerArm"] = CFrame.new(-0.0005,0.0407,0.0087,1.0000,-0.0000,0.0000,0.0000,0.9128,-0.4083,0.0000,0.4083,0.9128),
      ["LeftHand"] = CFrame.new(0.0005,0.0000,0.0000,0.9992,-0.0094,-0.0396,0.0114,0.9986,0.0508,0.0390,-0.0512,0.9979),
      ["Head"] = CFrame.new(2.0004,0.0206,-0.9461,0.5331,0.2309,-0.8140,0.6684,0.4749,0.5725,0.5187,-0.8492,0.0989),
      ["RightUpperArm"] = CFrame.new(-0.0748,-0.0038,0.0498,0.7666,-0.6074,-0.2082,0.4999,0.7681,-0.4002,0.4031,0.2027,0.8924),
      ["RightLowerArm"] = CFrame.new(0.0000,0.0999,0.1031,1.0000,-0.0000,0.0000,0.0000,-0.0323,-0.9995,0.0000,0.9995,-0.0323),
      ["RightHand"] = CFrame.new(-0.0005,0.0000,0.0000,0.9905,-0.0884,0.1052,0.0891,0.9960,-0.0021,-0.1046,0.0115,0.9945),
      ["LeftUpperLeg"] = CFrame.new(0.1559,0.0866,-0.2811,0.8941,0.0786,0.4409,0.2823,0.6653,-0.6911,-0.3477,0.7424,0.5727),
      ["LeftLowerLeg"] = CFrame.new(0.0000,0.0763,-0.0353,1.0000,-0.0000,0.0000,0.0000,0.6480,0.7616,-0.0000,-0.7616,0.6480),
      ["LeftFoot"] = CFrame.new(0.0000,-0.0002,0.0000,0.9997,0.0135,0.0182,-0.0176,0.9686,0.2480,-0.0143,-0.2482,0.9686),
      ["RightUpperLeg"] = CFrame.new(0.0547,0.0420,-0.1202,0.8122,0.3780,-0.4444,-0.4238,0.9058,-0.0041,0.4010,0.1917,0.8958),
      ["RightLowerLeg"] = CFrame.new(0.0000,0.0457,-0.0112,1.0000,-0.0000,0.0000,0.0000,0.8891,0.4577,-0.0000,-0.4577,0.8891),
      ["RightFoot"] = CFrame.new(0.0000,0.0000,-0.0001,0.9997,0.0252,-0.0063,-0.0227,0.9651,0.2608,0.0126,-0.2605,0.9654),
    }},
    {Time = 2.800, Data = {
      ["HumanoidRootPart"] = CFrame.new(0.0000,0.0000,0.0000,1.0000,0.0000,0.0000,0.0000,1.0000,0.0000,0.0000,0.0000,1.0000),
      ["LowerTorso"] = CFrame.new(0.0259,-0.1322,-0.1407,0.9963,-0.0284,0.0809,0.0858,0.3326,-0.9392,-0.0003,0.9426,0.3338),
      ["UpperTorso"] = CFrame.new(0.0000,0.0000,0.0000,0.9841,-0.0181,0.1769,-0.0127,0.9852,0.1712,-0.1774,-0.1707,0.9692),
      ["LeftUpperArm"] = CFrame.new(0.0027,-0.0218,0.0361,0.8823,0.1152,0.4563,-0.4583,0.4305,0.7776,-0.1069,-0.8952,0.4326),
      ["LeftLowerArm"] = CFrame.new(-0.0005,0.0402,0.0084,1.0000,-0.0000,0.0000,0.0000,0.9154,-0.4024,0.0000,0.4024,0.9154),
      ["LeftHand"] = CFrame.new(0.0005,0.0000,0.0000,0.9991,-0.0145,-0.0409,0.0164,0.9988,0.0472,0.0401,-0.0478,0.9980),
      ["Head"] = CFrame.new(1.9899,0.0152,-0.9439,0.6684,0.2357,-0.7054,0.5519,0.4787,0.6829,0.4986,-0.8458,0.1899),
      ["RightUpperArm"] = CFrame.new(-0.0783,-0.0000,0.0493,0.7685,-0.6035,-0.2127,0.4960,0.7718,-0.3977,0.4042,0.2001,0.8925),
      ["RightLowerArm"] = CFrame.new(0.0000,0.0999,0.1035,1.0000,-0.0000,0.0000,0.0000,-0.0363,-0.9993,0.0000,0.9993,-0.0363),
      ["RightHand"] = CFrame.new(-0.0005,0.0000,0.0000,0.9898,-0.0917,0.1091,0.0924,0.9957,-0.0020,-0.1085,0.0121,0.9940),
      ["LeftUpperLeg"] = CFrame.new(0.1549,0.0846,-0.2803,0.8934,0.0799,0.4420,0.2808,0.6687,-0.6885,-0.3506,0.7393,0.5750),
      ["LeftLowerLeg"] = CFrame.new(0.0000,0.0766,-0.0356,1.0000,-0.0000,0.0000,0.0000,0.6444,0.7646,-0.0000,-0.7646,0.6444),
      ["LeftFoot"] = CFrame.new(0.0000,-0.0002,0.0000,0.9996,0.0141,0.0238,-0.0196,0.9682,0.2493,-0.0196,-0.2497,0.9681),
      ["RightUpperLeg"] = CFrame.new(0.0543,0.0419,-0.1196,0.8129,0.3782,-0.4428,-0.4219,0.9066,-0.0001,0.4014,0.1869,0.8966),
      ["RightLowerLeg"] = CFrame.new(0.0000,0.0463,-0.0114,1.0000,-0.0000,0.0000,0.0000,0.8865,0.4627,-0.0000,-0.4627,0.8865),
      ["RightFoot"] = CFrame.new(0.0000,0.0000,-0.0001,0.9995,0.0295,-0.0093,-0.0260,0.9628,0.2688,0.0169,-0.2685,0.9631),
    }},
    {Time = 2.833, Data = {
      ["HumanoidRootPart"] = CFrame.new(0.0000,0.0000,0.0000,1.0000,0.0000,0.0000,0.0000,1.0000,0.0000,0.0000,0.0000,1.0000),
      ["LowerTorso"] = CFrame.new(0.0268,-0.1351,-0.1391,0.9960,-0.0295,0.0840,0.0890,0.3331,-0.9387,-0.0003,0.9424,0.3344),
      ["UpperTorso"] = CFrame.new(0.0000,0.0000,0.0000,0.9841,-0.0148,0.1769,-0.0163,0.9848,0.1730,-0.1768,-0.1731,0.9689),
      ["LeftUpperArm"] = CFrame.new(0.0040,-0.0231,0.0388,0.8832,0.1197,0.4535,-0.4580,0.4281,0.7791,-0.1009,-0.8958,0.4329),
      ["LeftLowerArm"] = CFrame.new(-0.0005,0.0395,0.0081,1.0000,-0.0000,0.0000,0.0000,0.9182,-0.3961,0.0000,0.3961,0.9182),
      ["LeftHand"] = CFrame.new(0.0005,0.0000,0.0000,0.9989,-0.0189,-0.0420,0.0207,0.9988,0.0441,0.0411,-0.0450,0.9981),
      ["Head"] = CFrame.new(1.9779,0.0106,-0.9411,0.7730,0.2412,-0.5868,0.4290,0.4826,0.7636,0.4674,-0.8420,0.2695),
      ["RightUpperArm"] = CFrame.new(-0.0816,0.0035,0.0483,0.7700,-0.5997,-0.2176,0.4924,0.7755,-0.3951,0.4057,0.1971,0.8925),
      ["RightLowerArm"] = CFrame.new(0.0000,0.0999,0.1040,1.0000,-0.0000,0.0000,0.0000,-0.0406,-0.9992,0.0000,0.9992,-0.0406),
      ["RightHand"] = CFrame.new(-0.0005,0.0000,0.0000,0.9891,-0.0945,0.1126,0.0954,0.9954,-0.0019,-0.1119,0.0127,0.9936),
      ["LeftUpperLeg"] = CFrame.new(0.1538,0.0825,-0.2794,0.8927,0.0813,0.4432,0.2792,0.6722,-0.6857,-0.3536,0.7359,0.5774),
      ["LeftLowerLeg"] = CFrame.new(0.0000,0.0769,-0.0360,1.0000,-0.0000,0.0000,0.0000,0.6406,0.7679,-0.0000,-0.7679,0.6406),
      ["LeftFoot"] = CFrame.new(0.0000,-0.0002,0.0000,0.9994,0.0148,0.0299,-0.0218,0.9678,0.2507,-0.0253,-0.2513,0.9676),
      ["RightUpperLeg"] = CFrame.new(0.0539,0.0418,-0.1189,0.8137,0.3785,-0.4411,-0.4199,0.9076,0.0042,0.4019,0.1818,0.8975),
      ["RightLowerLeg"] = CFrame.new(0.0000,0.0468,-0.0117,1.0000,-0.0000,0.0000,0.0000,0.8836,0.4682,-0.0000,-0.4682,0.8836),
      ["RightFoot"] = CFrame.new(0.0000,0.0000,-0.0001,0.9993,0.0342,-0.0124,-0.0295,0.9603,0.2775,0.0214,-0.2770,0.9606),
    }},
    {Time = 2.867, Data = {
      ["HumanoidRootPart"] = CFrame.new(0.0000,0.0000,0.0000,1.0000,0.0000,0.0000,0.0000,1.0000,0.0000,0.0000,0.0000,1.0000),
      ["LowerTorso"] = CFrame.new(0.0274,-0.1375,-0.1377,0.9958,-0.0304,0.0865,0.0917,0.3335,-0.9383,-0.0004,0.9423,0.3348),
      ["UpperTorso"] = CFrame.new(0.0000,0.0000,0.0000,0.9841,-0.0114,0.1771,-0.0200,0.9844,0.1748,-0.1763,-0.1756,0.9686),
      ["LeftUpperArm"] = CFrame.new(0.0055,-0.0244,0.0415,0.8842,0.1239,0.4504,-0.4574,0.4256,0.7808,-0.0950,-0.8964,0.4330),
      ["LeftLowerArm"] = CFrame.new(-0.0005,0.0388,0.0078,1.0000,-0.0000,0.0000,0.0000,0.9211,-0.3893,0.0000,0.3893,0.9211),
      ["LeftHand"] = CFrame.new(0.0005,0.0000,0.0000,0.9988,-0.0225,-0.0429,0.0243,0.9988,0.0416,0.0419,-0.0426,0.9982),
      ["Head"] = CFrame.new(1.9655,0.0070,-0.9372,0.8512,0.2468,-0.4632,0.3047,0.4863,0.8189,0.4274,-0.8382,0.3388),
      ["RightUpperArm"] = CFrame.new(-0.0846,0.0068,0.0470,0.7713,-0.5963,-0.2228,0.4889,0.7791,-0.3924,0.4076,0.1937,0.8924),
      ["RightLowerArm"] = CFrame.new(0.0000,0.0999,0.1044,1.0000,-0.0000,0.0000,0.0000,-0.0452,-0.9990,0.0000,0.9990,-0.0452),
      ["RightHand"] = CFrame.new(-0.0005,0.0000,0.0000,0.9886,-0.0969,0.1154,0.0978,0.9952,-0.0019,-0.1147,0.0131,0.9933),
      ["LeftUpperLeg"] = CFrame.new(0.1527,0.0802,-0.2785,0.8920,0.0827,0.4444,0.2775,0.6760,-0.6827,-0.3569,0.7323,0.5800),
      ["LeftLowerLeg"] = CFrame.new(0.0000,0.0773,-0.0364,1.0000,-0.0000,0.0000,0.0000,0.6364,0.7713,-0.0000,-0.7713,0.6364),
      ["LeftFoot"] = CFrame.new(0.0000,-0.0002,0.0000,0.9992,0.0154,0.0364,-0.0241,0.9674,0.2523,-0.0313,-0.2529,0.9670),
      ["RightUpperLeg"] = CFrame.new(0.0535,0.0417,-0.1182,0.8146,0.3788,-0.4392,-0.4178,0.9085,0.0087,0.4024,0.1764,0.8983),
      ["RightLowerLeg"] = CFrame.new(0.0000,0.0474,-0.0120,1.0000,-0.0000,0.0000,0.0000,0.8806,0.4739,-0.0000,-0.4739,0.8806),
      ["RightFoot"] = CFrame.new(0.0000,0.0000,-0.0001,0.9991,0.0393,-0.0158,-0.0331,0.9574,0.2867,0.0264,-0.2860,0.9579),
    }},
    {Time = 2.900, Data = {
      ["HumanoidRootPart"] = CFrame.new(0.0000,0.0000,0.0000,1.0000,0.0000,0.0000,0.0000,1.0000,0.0000,0.0000,0.0000,1.0000),
      ["LowerTorso"] = CFrame.new(0.0280,-0.1394,-0.1366,0.9956,-0.0311,0.0885,0.0938,0.3338,-0.9380,-0.0004,0.9421,0.3352),
      ["UpperTorso"] = CFrame.new(0.0000,0.0000,0.0000,0.9841,-0.0081,0.1775,-0.0238,0.9840,0.1768,-0.1761,-0.1782,0.9681),
      ["LeftUpperArm"] = CFrame.new(0.0071,-0.0256,0.0441,0.8852,0.1278,0.4472,-0.4565,0.4230,0.7827,-0.0891,-0.8971,0.4328),
      ["LeftLowerArm"] = CFrame.new(-0.0005,0.0381,0.0076,1.0000,-0.0000,0.0000,0.0000,0.9241,-0.3822,0.0000,0.3822,0.9241),
      ["LeftHand"] = CFrame.new(0.0005,0.0000,0.0000,0.9987,-0.0254,-0.0436,0.0272,0.9988,0.0395,0.0426,-0.0407,0.9983),
      ["Head"] = CFrame.new(1.9537,0.0048,-0.9316,0.9066,0.2515,-0.3387,0.1827,0.4897,0.8525,0.3803,-0.8348,0.3981),
      ["RightUpperArm"] = CFrame.new(-0.0874,0.0097,0.0454,0.7721,-0.5931,-0.2284,0.4858,0.7825,-0.3896,0.4097,0.1899,0.8922),
      ["RightLowerArm"] = CFrame.new(0.0000,0.0999,0.1049,1.0000,-0.0000,0.0000,0.0000,-0.0500,-0.9987,0.0000,0.9987,-0.0500),
      ["RightHand"] = CFrame.new(-0.0005,0.0000,0.0000,0.9881,-0.0988,0.1177,0.0997,0.9950,-0.0018,-0.1169,0.0135,0.9931),
      ["LeftUpperLeg"] = CFrame.new(0.1515,0.0778,-0.2776,0.8912,0.0842,0.4458,0.2756,0.6799,-0.6795,-0.3603,0.7284,0.5827),
      ["LeftLowerLeg"] = CFrame.new(0.0000,0.0776,-0.0368,1.0000,-0.0000,0.0000,0.0000,0.6321,0.7749,-0.0000,-0.7749,0.6321),
      ["LeftFoot"] = CFrame.new(0.0000,-0.0002,0.0000,0.9989,0.0162,0.0431,-0.0266,0.9669,0.2538,-0.0376,-0.2547,0.9663),
      ["RightUpperLeg"] = CFrame.new(0.0530,0.0416,-0.1175,0.8155,0.3791,-0.4373,-0.4155,0.9095,0.0135,0.4028,0.1707,0.8992),
      ["RightLowerLeg"] = CFrame.new(0.0000,0.0480,-0.0124,1.0000,-0.0000,0.0000,0.0000,0.8773,0.4799,-0.0000,-0.4799,0.8773),
      ["RightFoot"] = CFrame.new(0.0000,0.0000,-0.0001,0.9988,0.0446,-0.0192,-0.0369,0.9544,0.2964,0.0315,-0.2953,0.9549),
    }},
    {Time = 2.933, Data = {
      ["HumanoidRootPart"] = CFrame.new(0.0000,0.0000,0.0000,1.0000,0.0000,0.0000,0.0000,1.0000,0.0000,0.0000,0.0000,1.0000),
      ["LowerTorso"] = CFrame.new(0.0284,-0.1407,-0.1358,0.9954,-0.0316,0.0899,0.0953,0.3340,-0.9377,-0.0004,0.9420,0.3355),
      ["UpperTorso"] = CFrame.new(0.0000,0.0000,0.0000,0.9840,-0.0047,0.1783,-0.0277,0.9835,0.1788,-0.1762,-0.1809,0.9676),
      ["LeftUpperArm"] = CFrame.new(0.0087,-0.0267,0.0466,0.8864,0.1315,0.4439,-0.4553,0.4204,0.7848,-0.0834,-0.8978,0.4325),
      ["LeftLowerArm"] = CFrame.new(-0.0005,0.0374,0.0073,1.0000,-0.0000,0.0000,0.0000,0.9271,-0.3748,0.0000,0.3748,0.9271),
      ["LeftHand"] = CFrame.new(0.0005,0.0000,0.0000,0.9986,-0.0275,-0.0441,0.0292,0.9988,0.0381,0.0430,-0.0393,0.9983),
      ["Head"] = CFrame.new(1.9436,0.0044,-0.9240,0.9424,0.2546,-0.2169,0.0665,0.4929,0.8676,0.3278,-0.8320,0.4476),
      ["RightUpperArm"] = CFrame.new(-0.0898,0.0124,0.0433,0.7726,-0.5902,-0.2342,0.4829,0.7856,-0.3868,0.4122,0.1857,0.8919),
      ["RightLowerArm"] = CFrame.new(0.0000,0.0999,0.1054,1.0000,-0.0000,0.0000,0.0000,-0.0550,-0.9985,0.0000,0.9985,-0.0550),
      ["RightHand"] = CFrame.new(-0.0005,0.0000,0.0000,0.9878,-0.1001,0.1193,0.1011,0.9949,-0.0017,-0.1185,0.0138,0.9929),
      ["LeftUpperLeg"] = CFrame.new(0.1503,0.0753,-0.2766,0.8903,0.0858,0.4471,0.2737,0.6840,-0.6762,-0.3638,0.7245,0.5855),
      ["LeftLowerLeg"] = CFrame.new(0.0000,0.0780,-0.0373,1.0000,-0.0000,0.0000,0.0000,0.6276,0.7786,-0.0000,-0.7786,0.6276),
      ["LeftFoot"] = CFrame.new(0.0000,-0.0002,0.0000,0.9986,0.0169,0.0501,-0.0291,0.9664,0.2554,-0.0441,-0.2565,0.9655),
      ["RightUpperLeg"] = CFrame.new(0.0525,0.0415,-0.1168,0.8164,0.3794,-0.4353,-0.4132,0.9104,0.0185,0.4033,0.1648,0.9001),
      ["RightLowerLeg"] = CFrame.new(0.0000,0.0486,-0.0127,1.0000,-0.0000,0.0000,0.0000,0.8739,0.4861,-0.0000,-0.4861,0.8739),
      ["RightFoot"] = CFrame.new(0.0000,0.0000,-0.0001,0.9985,0.0501,-0.0227,-0.0408,0.9510,0.3064,0.0369,-0.3050,0.9516),
    }},
    {Time = 2.967, Data = {
      ["HumanoidRootPart"] = CFrame.new(0.0000,0.0000,0.0000,1.0000,0.0000,0.0000,0.0000,1.0000,0.0000,0.0000,0.0000,1.0000),
      ["LowerTorso"] = CFrame.new(0.0286,-0.1416,-0.1354,0.9954,-0.0319,0.0908,0.0962,0.3341,-0.9376,-0.0004,0.9420,0.3356),
      ["UpperTorso"] = CFrame.new(0.0000,0.0000,0.0000,0.9838,-0.0014,0.1794,-0.0315,0.9830,0.1809,-0.1766,-0.1837,0.9670),
      ["LeftUpperArm"] = CFrame.new(0.0105,-0.0277,0.0490,0.8876,0.1347,0.4404,-0.4539,0.4177,0.7871,-0.0779,-0.8986,0.4319),
      ["LeftLowerArm"] = CFrame.new(-0.0005,0.0366,0.0069,1.0000,-0.0000,0.0000,0.0000,0.9301,-0.3672,0.0000,0.3672,0.9301),
      ["LeftHand"] = CFrame.new(0.0005,0.0000,0.0000,0.9986,-0.0288,-0.0444,0.0305,0.9988,0.0372,0.0433,-0.0385,0.9983),
      ["Head"] = CFrame.new(1.9361,0.0060,-0.9139,0.9617,0.2548,-0.1011,-0.0402,0.4959,0.8674,0.2712,-0.8301,0.4872),
      ["RightUpperArm"] = CFrame.new(-0.0918,0.0147,0.0410,0.7727,-0.5876,-0.2402,0.4804,0.7886,-0.3840,0.4150,0.1813,0.8916),
      ["RightLowerArm"] = CFrame.new(0.0000,0.0999,0.1059,1.0000,-0.0000,0.0000,0.0000,-0.0601,-0.9982,0.0000,0.9982,-0.0601),
      ["RightHand"] = CFrame.new(-0.0005,0.0000,0.0000,0.9876,-0.1009,0.1203,0.1019,0.9948,-0.0018,-0.1195,0.0140,0.9927),
      ["LeftUpperLeg"] = CFrame.new(0.1490,0.0728,-0.2756,0.8895,0.0874,0.4485,0.2717,0.6881,-0.6729,-0.3674,0.7204,0.5883),
      ["LeftLowerLeg"] = CFrame.new(0.0000,0.0783,-0.0378,1.0000,-0.0000,0.0000,0.0000,0.6229,0.7823,-0.0000,-0.7823,0.6229),
      ["LeftFoot"] = CFrame.new(0.0000,-0.0002,0.0000,0.9982,0.0176,0.0573,-0.0318,0.9659,0.2571,-0.0508,-0.2584,0.9647),
      ["RightUpperLeg"] = CFrame.new(0.0520,0.0414,-0.1160,0.8174,0.3797,-0.4332,-0.4109,0.9114,0.0235,0.4038,0.1588,0.9010),
      ["RightLowerLeg"] = CFrame.new(0.0000,0.0492,-0.0131,1.0000,-0.0000,0.0000,0.0000,0.8704,0.4924,-0.0000,-0.4924,0.8704),
      ["RightFoot"] = CFrame.new(0.0000,0.0000,-0.0001,0.9981,0.0558,-0.0262,-0.0447,0.9475,0.3165,0.0425,-0.3148,0.9482),
    }},
    {Time = 3.000, Data = {
      ["HumanoidRootPart"] = CFrame.new(0.0000,0.0000,0.0000,1.0000,0.0000,0.0000,0.0000,1.0000,0.0000,0.0000,0.0000,1.0000),
      ["LowerTorso"] = CFrame.new(0.0286,-0.1418,-0.1353,0.9953,-0.0320,0.0910,0.0965,0.3341,-0.9376,-0.0004,0.9420,0.3357),
      ["UpperTorso"] = CFrame.new(0.0000,0.0000,0.0000,0.9835,0.0017,0.1807,-0.0353,0.9825,0.1831,-0.1772,-0.1865,0.9664),
      ["LeftUpperArm"] = CFrame.new(0.0123,-0.0287,0.0513,0.8890,0.1375,0.4369,-0.4522,0.4150,0.7895,-0.0727,-0.8994,0.4311),
      ["LeftLowerArm"] = CFrame.new(-0.0005,0.0359,0.0066,1.0000,-0.0000,0.0000,0.0000,0.9331,-0.3595,0.0000,0.3595,0.9331),
      ["LeftHand"] = CFrame.new(0.0005,0.0000,0.0000,0.9986,-0.0292,-0.0445,0.0309,0.9988,0.0370,0.0434,-0.0383,0.9983),
      ["Head"] = CFrame.new(1.9316,0.0096,-0.9015,0.9676,0.2522,0.0079,-0.1371,0.4992,0.8556,0.2119,-0.8290,0.5176),
      ["RightUpperArm"] = CFrame.new(-0.0935,0.0165,0.0384,0.7724,-0.5855,-0.2463,0.4782,0.7912,-0.3811,0.4180,0.1766,0.8911),
      ["RightLowerArm"] = CFrame.new(0.0000,0.0999,0.1064,1.0000,-0.0000,0.0000,0.0000,-0.0652,-0.9979,0.0000,0.9979,-0.0652),
      ["RightHand"] = CFrame.new(-0.0005,0.0000,0.0000,0.9875,-0.1012,0.1205,0.1021,0.9948,-0.0018,-0.1197,0.0141,0.9927),
      ["LeftUpperLeg"] = CFrame.new(0.1478,0.0703,-0.2745,0.8886,0.0890,0.4500,0.2697,0.6922,-0.6694,-0.3710,0.7162,0.5911),
      ["LeftLowerLeg"] = CFrame.new(0.0000,0.0787,-0.0382,1.0000,-0.0000,0.0000,0.0000,0.6182,0.7860,-0.0000,-0.7860,0.6182),
      ["LeftFoot"] = CFrame.new(0.0000,-0.0002,0.0000,0.9978,0.0183,0.0645,-0.0344,0.9653,0.2587,-0.0575,-0.2603,0.9638),
      ["RightUpperLeg"] = CFrame.new(0.0515,0.0413,-0.1152,0.8184,0.3799,-0.4312,-0.4085,0.9123,0.0287,0.4043,0.1526,0.9018),
      ["RightLowerLeg"] = CFrame.new(0.0000,0.0498,-0.0134,1.0000,-0.0000,0.0000,0.0000,0.8668,0.4987,-0.0000,-0.4987,0.8668),
      ["RightFoot"] = CFrame.new(0.0000,0.0000,-0.0001,0.9977,0.0616,-0.0297,-0.0485,0.9438,0.3268,0.0481,-0.3246,0.9446),
    }},
    {Time = 3.033, Data = {
      ["HumanoidRootPart"] = CFrame.new(0.0000,0.0000,0.0000,1.0000,0.0000,0.0000,0.0000,1.0000,0.0000,0.0000,0.0000,1.0000),
      ["LowerTorso"] = CFrame.new(0.0286,-0.1416,-0.1354,0.9954,-0.0319,0.0908,0.0962,0.3341,-0.9376,-0.0004,0.9420,0.3356),
      ["UpperTorso"] = CFrame.new(0.0000,0.0000,0.0000,0.9832,0.0047,0.1822,-0.0391,0.9819,0.1852,-0.1780,-0.1893,0.9657),
      ["LeftUpperArm"] = CFrame.new(0.0141,-0.0295,0.0534,0.8903,0.1399,0.4333,-0.4503,0.4123,0.7920,-0.0678,-0.9003,0.4300),
      ["LeftLowerArm"] = CFrame.new(-0.0005,0.0351,0.0064,1.0000,-0.0000,0.0000,0.0000,0.9361,-0.3518,0.0000,0.3518,0.9361),
      ["LeftHand"] = CFrame.new(0.0005,0.0000,0.0000,0.9986,-0.0288,-0.0444,0.0305,0.9988,0.0372,0.0433,-0.0385,0.9983),
      ["Head"] = CFrame.new(1.9299,0.0149,-0.8881,0.9623,0.2474,0.1133,-0.2275,0.5028,0.8339,0.1494,-0.8282,0.5401),
      ["RightUpperArm"] = CFrame.new(-0.0948,0.0180,0.0355,0.7717,-0.5837,-0.2524,0.4765,0.7936,-0.3783,0.4212,0.1717,0.8906),
      ["RightLowerArm"] = CFrame.new(0.0000,0.0999,0.1069,1.0000,-0.0000,0.0000,0.0000,-0.0704,-0.9975,0.0000,0.9975,-0.0704),
      ["RightHand"] = CFrame.new(-0.0005,0.0000,0.0000,0.9876,-0.1009,0.1203,0.1019,0.9948,-0.0018,-0.1195,0.0140,0.9927),
      ["LeftUpperLeg"] = CFrame.new(0.1465,0.0677,-0.2735,0.8877,0.0905,0.4514,0.2676,0.6963,-0.6660,-0.3746,0.7120,0.5939),
      ["LeftLowerLeg"] = CFrame.new(0.0000,0.0791,-0.0387,1.0000,-0.0000,0.0000,0.0000,0.6135,0.7897,-0.0000,-0.7897,0.6135),
      ["LeftFoot"] = CFrame.new(0.0000,-0.0002,0.0000,0.9972,0.0190,0.0717,-0.0371,0.9648,0.2603,-0.0642,-0.2622,0.9629),
      ["RightUpperLeg"] = CFrame.new(0.0510,0.0412,-0.1144,0.8194,0.3802,-0.4291,-0.4060,0.9132,0.0338,0.4047,0.1465,0.9026),
      ["RightLowerLeg"] = CFrame.new(0.0000,0.0505,-0.0138,1.0000,-0.0000,0.0000,0.0000,0.8631,0.5050,-0.0000,-0.5050,0.8631),
      ["RightFoot"] = CFrame.new(0.0000,0.0000,-0.0001,0.9972,0.0674,-0.0331,-0.0523,0.9400,0.3370,0.0538,-0.3344,0.9409),
    }},
    {Time = 3.067, Data = {
      ["HumanoidRootPart"] = CFrame.new(0.0000,0.0000,0.0000,1.0000,0.0000,0.0000,0.0000,1.0000,0.0000,0.0000,0.0000,1.0000),
      ["LowerTorso"] = CFrame.new(0.0284,-0.1407,-0.1358,0.9954,-0.0316,0.0899,0.0953,0.3340,-0.9377,-0.0004,0.9420,0.3355),
      ["UpperTorso"] = CFrame.new(0.0000,0.0000,0.0000,0.9829,0.0076,0.1840,-0.0426,0.9814,0.1874,-0.1792,-0.1920,0.9649),
      ["LeftUpperArm"] = CFrame.new(0.0160,-0.0302,0.0554,0.8917,0.1418,0.4298,-0.4481,0.4096,0.7946,-0.0634,-0.9012,0.4288),
      ["LeftLowerArm"] = CFrame.new(-0.0005,0.0343,0.0061,1.0000,-0.0000,0.0000,0.0000,0.9389,-0.3441,0.0000,0.3441,0.9389),
      ["LeftHand"] = CFrame.new(0.0005,0.0000,0.0000,0.9986,-0.0275,-0.0441,0.0292,0.9988,0.0381,0.0430,-0.0393,0.9983),
      ["Head"] = CFrame.new(1.9307,0.0217,-0.8748,0.9453,0.2413,0.2195,-0.3156,0.5069,0.8021,0.0823,-0.8275,0.5554),
      ["RightUpperArm"] = CFrame.new(-0.0957,0.0190,0.0324,0.7707,-0.5824,-0.2586,0.4752,0.7957,-0.3756,0.4245,0.1666,0.8900),
      ["RightLowerArm"] = CFrame.new(0.0000,0.0998,0.1075,1.0000,-0.0000,0.0000,0.0000,-0.0755,-0.9971,0.0000,0.9971,-0.0755),
      ["RightHand"] = CFrame.new(-0.0005,0.0000,0.0000,0.9878,-0.1001,0.1193,0.1011,0.9949,-0.0018,-0.1185,0.0138,0.9929),
      ["LeftUpperLeg"] = CFrame.new(0.1452,0.0652,-0.2725,0.8868,0.0921,0.4528,0.2656,0.7003,-0.6626,-0.3782,0.7078,0.5966),
      ["LeftLowerLeg"] = CFrame.new(0.0000,0.0795,-0.0392,1.0000,-0.0000,0.0000,0.0000,0.6087,0.7934,-0.0000,-0.7934,0.6087),
      ["LeftFoot"] = CFrame.new(0.0000,-0.0002,0.0000,0.9967,0.0197,0.0789,-0.0398,0.9643,0.2619,-0.0709,-0.2641,0.9619),
      ["RightUpperLeg"] = CFrame.new(0.0505,0.0411,-0.1136,0.8203,0.3804,-0.4270,-0.4037,0.9141,0.0389,0.4051,0.1405,0.9034),
      ["RightLowerLeg"] = CFrame.new(0.0000,0.0511,-0.0142,1.0000,-0.0000,0.0000,0.0000,0.8594,0.5113,-0.0000,-0.5113,0.8594),
      ["RightFoot"] = CFrame.new(0.0000,0.0000,-0.0001,0.9967,0.0732,-0.0364,-0.0560,0.9361,0.3472,0.0595,-0.3439,0.9371),
    }},
    {Time = 3.100, Data = {
      ["HumanoidRootPart"] = CFrame.new(0.0000,0.0000,0.0000,1.0000,0.0000,0.0000,0.0000,1.0000,0.0000,0.0000,0.0000,1.0000),
      ["LowerTorso"] = CFrame.new(0.0280,-0.1394,-0.1366,0.9956,-0.0311,0.0885,0.0938,0.3338,-0.9380,-0.0004,0.9421,0.3352),
      ["UpperTorso"] = CFrame.new(0.0000,0.0000,0.0000,0.9825,0.0102,0.1860,-0.0460,0.9808,0.1895,-0.1805,-0.1947,0.9641),
      ["LeftUpperArm"] = CFrame.new(0.0178,-0.0308,0.0571,0.8932,0.1432,0.4263,-0.4458,0.4070,0.7972,-0.0593,-0.9021,0.4274),
      ["LeftLowerArm"] = CFrame.new(-0.0005,0.0336,0.0058,1.0000,-0.0000,0.0000,0.0000,0.9416,-0.3366,0.0000,0.3366,0.9416),
      ["LeftHand"] = CFrame.new(0.0005,0.0000,0.0000,0.9987,-0.0254,-0.0436,0.0272,0.9988,0.0395,0.0426,-0.0407,0.9983),
      ["Head"] = CFrame.new(1.9336,0.0296,-0.8628,0.9140,0.2345,0.3309,-0.4055,0.5115,0.7576,0.0084,-0.8266,0.5627),
      ["RightUpperArm"] = CFrame.new(-0.0962,0.0195,0.0292,0.7693,-0.5814,-0.2647,0.4743,0.7974,-0.3731,0.4280,0.1615,0.8893),
      ["RightLowerArm"] = CFrame.new(0.0000,0.0998,0.1080,1.0000,-0.0000,0.0000,0.0000,-0.0805,-0.9968,0.0000,0.9968,-0.0805),
      ["RightHand"] = CFrame.new(-0.0005,0.0000,0.0000,0.9881,-0.0988,0.1177,0.0997,0.9950,-0.0018,-0.1169,0.0135,0.9931),
      ["LeftUpperLeg"] = CFrame.new(0.1440,0.0627,-0.2715,0.8860,0.0936,0.4542,0.2636,0.7043,-0.6592,-0.3816,0.7037,0.5993),
      ["LeftLowerLeg"] = CFrame.new(0.0000,0.0798,-0.0396,1.0000,-0.0000,0.0000,0.0000,0.6041,0.7969,-0.0000,-0.7969,0.6041),
      ["LeftFoot"] = CFrame.new(0.0000,-0.0002,0.0000,0.9961,0.0203,0.0858,-0.0424,0.9638,0.2634,-0.0774,-0.2660,0.9609),
      ["RightUpperLeg"] = CFrame.new(0.0500,0.0410,-0.1129,0.8213,0.3806,-0.4250,-0.4013,0.9149,0.0439,0.4055,0.1345,0.9041),
      ["RightLowerLeg"] = CFrame.new(0.0000,0.0517,-0.0145,1.0000,-0.0000,0.0000,0.0000,0.8558,0.5173,-0.0000,-0.5173,0.8558),
      ["RightFoot"] = CFrame.new(0.0000,0.0000,-0.0001,0.9961,0.0789,-0.0396,-0.0596,0.9322,0.3570,0.0651,-0.3533,0.9333),
    }},
    {Time = 3.133, Data = {
      ["HumanoidRootPart"] = CFrame.new(0.0000,0.0000,0.0000,1.0000,0.0000,0.0000,0.0000,1.0000,0.0000,0.0000,0.0000,1.0000),
      ["LowerTorso"] = CFrame.new(0.0274,-0.1375,-0.1377,0.9958,-0.0304,0.0865,0.0917,0.3335,-0.9383,-0.0004,0.9423,0.3348),
      ["UpperTorso"] = CFrame.new(0.0000,0.0000,0.0000,0.9821,0.0126,0.1881,-0.0492,0.9802,0.1916,-0.1820,-0.1974,0.9633),
      ["LeftUpperArm"] = CFrame.new(0.0197,-0.0313,0.0585,0.8946,0.1442,0.4229,-0.4433,0.4045,0.7999,-0.0558,-0.9031,0.4258),
      ["LeftLowerArm"] = CFrame.new(-0.0005,0.0328,0.0055,1.0000,-0.0000,0.0000,0.0000,0.9442,-0.3293,0.0000,0.3293,0.9442),
      ["LeftHand"] = CFrame.new(0.0005,0.0000,0.0000,0.9988,-0.0225,-0.0429,0.0243,0.9988,0.0416,0.0419,-0.0426,0.9982),
      ["Head"] = CFrame.new(1.9384,0.0383,-0.8533,0.8628,0.2281,0.4512,-0.5001,0.5165,0.6951,-0.0746,-0.8253,0.5597),
      ["RightUpperArm"] = CFrame.new(-0.0961,0.0195,0.0259,0.7676,-0.5810,-0.2706,0.4739,0.7988,-0.3706,0.4314,0.1562,0.8885),
      ["RightLowerArm"] = CFrame.new(0.0000,0.0997,0.1084,1.0000,-0.0000,0.0000,0.0000,-0.0853,-0.9964,0.0000,0.9964,-0.0853),
      ["RightHand"] = CFrame.new(-0.0005,0.0000,0.0000,0.9886,-0.0969,0.1154,0.0978,0.9952,-0.0019,-0.1147,0.0131,0.9933),
      ["LeftUpperLeg"] = CFrame.new(0.1428,0.0603,-0.2706,0.8851,0.0951,0.4556,0.2616,0.7080,-0.6559,-0.3849,0.6997,0.6018),
      ["LeftLowerLeg"] = CFrame.new(0.0000,0.0801,-0.0401,1.0000,-0.0000,0.0000,0.0000,0.5996,0.8003,-0.0000,-0.8003,0.5996),
      ["LeftFoot"] = CFrame.new(0.0000,-0.0002,0.0000,0.9955,0.0209,0.0926,-0.0449,0.9633,0.2648,-0.0836,-0.2678,0.9598),
      ["RightUpperLeg"] = CFrame.new(0.0495,0.0409,-0.1121,0.8222,0.3808,-0.4231,-0.3991,0.9156,0.0487,0.4059,0.1288,0.9048),
      ["RightLowerLeg"] = CFrame.new(0.0000,0.0523,-0.0149,1.0000,-0.0000,0.0000,0.0000,0.8522,0.5231,-0.0000,-0.5231,0.8522),
      ["RightFoot"] = CFrame.new(0.0000,0.0000,-0.0001,0.9955,0.0844,-0.0427,-0.0630,0.9283,0.3665,0.0705,-0.3622,0.9294),
    }},
    {Time = 3.167, Data = {
      ["HumanoidRootPart"] = CFrame.new(0.0000,0.0000,0.0000,1.0000,0.0000,0.0000,0.0000,1.0000,0.0000,0.0000,0.0000,1.0000),
      ["LowerTorso"] = CFrame.new(0.0268,-0.1351,-0.1391,0.9960,-0.0295,0.0840,0.0890,0.3331,-0.9387,-0.0003,0.9424,0.3344),
      ["UpperTorso"] = CFrame.new(0.0000,0.0000,0.0000,0.9816,0.0147,0.1905,-0.0522,0.9797,0.1935,-0.1838,-0.1999,0.9624),
      ["LeftUpperArm"] = CFrame.new(0.0215,-0.0316,0.0598,0.8961,0.1445,0.4197,-0.4407,0.4022,0.8025,-0.0528,-0.9041,0.4241),
      ["LeftLowerArm"] = CFrame.new(-0.0005,0.0321,0.0053,1.0000,-0.0000,0.0000,0.0000,0.9466,-0.3224,0.0000,0.3224,0.9466),
      ["LeftHand"] = CFrame.new(0.0005,0.0000,0.0000,0.9989,-0.0189,-0.0420,0.0207,0.9988,0.0441,0.0411,-0.0450,0.9981),
      ["Head"] = CFrame.new(1.9447,0.0475,-0.8474,0.7823,0.2227,0.5818,-0.5997,0.5218,0.6066,-0.1685,-0.8235,0.5418),
      ["RightUpperArm"] = CFrame.new(-0.0959,0.0192,0.0224,0.7656,-0.5810,-0.2763,0.4740,0.7998,-0.3683,0.4349,0.1510,0.8877),
      ["RightLowerArm"] = CFrame.new(0.0000,0.0997,0.1089,1.0000,-0.0000,0.0000,0.0000,-0.0900,-0.9959,0.0000,0.9959,-0.0900),
      ["RightHand"] = CFrame.new(-0.0005,0.0000,0.0000,0.9891,-0.0945,0.1126,0.0954,0.9954,-0.0019,-0.1119,0.0127,0.9936),
      ["LeftUpperLeg"] = CFrame.new(0.1417,0.0580,-0.2697,0.8843,0.0964,0.4569,0.2597,0.7116,-0.6528,-0.3881,0.6959,0.6042),
      ["LeftLowerLeg"] = CFrame.new(0.0000,0.0805,-0.0405,1.0000,-0.0000,0.0000,0.0000,0.5953,0.8035,-0.0000,-0.8035,0.5953),
      ["LeftFoot"] = CFrame.new(0.0000,-0.0002,0.0000,0.9949,0.0215,0.0990,-0.0473,0.9628,0.2662,-0.0896,-0.2695,0.9588),
      ["RightUpperLeg"] = CFrame.new(0.0490,0.0408,-0.1114,0.8230,0.3810,-0.4212,-0.3969,0.9163,0.0533,0.4062,0.1233,0.9054),
      ["RightLowerLeg"] = CFrame.new(0.0000,0.0528,-0.0152,1.0000,-0.0000,0.0000,0.0000,0.8488,0.5287,-0.0000,-0.5287,0.8488),
      ["RightFoot"] = CFrame.new(0.0000,0.0000,-0.0001,0.9949,0.0897,-0.0455,-0.0662,0.9244,0.3755,0.0757,-0.3706,0.9257),
    }},
    {Time = 3.200, Data = {
      ["HumanoidRootPart"] = CFrame.new(0.0000,0.0000,0.0000,1.0000,0.0000,0.0000,0.0000,1.0000,0.0000,0.0000,0.0000,1.0000),
      ["LowerTorso"] = CFrame.new(0.0259,-0.1322,-0.1407,0.9963,-0.0284,0.0809,0.0858,0.3326,-0.9392,-0.0003,0.9426,0.3338),
      ["UpperTorso"] = CFrame.new(0.0000,0.0000,0.0000,0.9811,0.0165,0.1929,-0.0549,0.9792,0.1954,-0.1857,-0.2023,0.9616),
      ["LeftUpperArm"] = CFrame.new(0.0232,-0.0318,0.0607,0.8975,0.1445,0.4166,-0.4381,0.3999,0.8051,-0.0502,-0.9051,0.4222),
      ["LeftLowerArm"] = CFrame.new(-0.0005,0.0315,0.0051,1.0000,-0.0000,0.0000,0.0000,0.9488,-0.3158,0.0000,0.3158,0.9488),
      ["LeftHand"] = CFrame.new(0.0005,0.0000,0.0000,0.9991,-0.0145,-0.0409,0.0164,0.9988,0.0472,0.0401,-0.0478,0.9980),
      ["Head"] = CFrame.new(1.9522,0.0569,-0.8461,0.6614,0.2194,0.7172,-0.6989,0.5271,0.4833,-0.2720,-0.8210,0.5020),
      ["RightUpperArm"] = CFrame.new(-0.0951,0.0183,0.0190,0.7633,-0.5814,-0.2817,0.4745,0.8004,-0.3662,0.4384,0.1458,0.8869),
      ["RightLowerArm"] = CFrame.new(0.0000,0.0997,0.1093,1.0000,-0.0000,0.0000,0.0000,-0.0943,-0.9955,0.0000,0.9955,-0.0943),
      ["RightHand"] = CFrame.new(-0.0005,0.0000,0.0000,0.9898,-0.0917,0.1091,0.0924,0.9957,-0.0020,-0.1085,0.0121,0.9940),
      ["LeftUpperLeg"] = CFrame.new(0.1406,0.0559,-0.2688,0.8835,0.0977,0.4581,0.2579,0.7150,-0.6499,-0.3910,0.6923,0.6065),
      ["LeftLowerLeg"] = CFrame.new(0.0000,0.0808,-0.0409,1.0000,-0.0000,0.0000,0.0000,0.5913,0.8065,-0.0000,-0.8065,0.5913),
      ["LeftFoot"] = CFrame.new(0.0000,-0.0002,0.0000,0.9942,0.0221,0.1051,-0.0496,0.9623,0.2674,-0.0952,-0.2711,0.9578),
      ["RightUpperLeg"] = CFrame.new(0.0486,0.0407,-0.1108,0.8239,0.3812,-0.4195,-0.3949,0.9169,0.0576,0.4066,0.1182,0.9059),
      ["RightLowerLeg"] = CFrame.new(0.0000,0.0534,-0.0156,1.0000,-0.0000,0.0000,0.0000,0.8456,0.5339,-0.0000,-0.5339,0.8456),
      ["RightFoot"] = CFrame.new(0.0000,0.0000,-0.0001,0.9943,0.0947,-0.0481,-0.0691,0.9207,0.3840,0.0807,-0.3785,0.9221),
    }},
    {Time = 3.233, Data = {
      ["HumanoidRootPart"] = CFrame.new(0.0000,0.0000,0.0000,1.0000,0.0000,0.0000,0.0000,1.0000,0.0000,0.0000,0.0000,1.0000),
      ["LowerTorso"] = CFrame.new(0.0250,-0.1288,-0.1426,0.9966,-0.0272,0.0774,0.0821,0.3321,-0.9397,-0.0002,0.9429,0.3332),
      ["UpperTorso"] = CFrame.new(0.0000,0.0000,0.0000,0.9805,0.0180,0.1955,-0.0572,0.9787,0.1972,-0.1878,-0.2045,0.9607),
      ["LeftUpperArm"] = CFrame.new(0.0249,-0.0319,0.0614,0.8990,0.1439,0.4137,-0.4353,0.3978,0.8076,-0.0484,-0.9061,0.4203),
      ["LeftLowerArm"] = CFrame.new(-0.0005,0.0309,0.0049,1.0000,-0.0000,0.0000,0.0000,0.9508,-0.3097,0.0000,0.3097,0.9508),
      ["LeftHand"] = CFrame.new(0.0005,0.0000,0.0000,0.9992,-0.0094,-0.0396,0.0114,0.9986,0.0508,0.0390,-0.0512,0.9979),
      ["Head"] = CFrame.new(1.9605,0.0662,-0.8489,0.4965,0.2182,0.8402,-0.7823,0.5320,0.3241,-0.3762,-0.8182,0.4348),
      ["RightUpperArm"] = CFrame.new(-0.0939,0.0169,0.0155,0.7607,-0.5823,-0.2868,0.4755,0.8007,-0.3643,0.4418,0.1408,0.8860),
      ["RightLowerArm"] = CFrame.new(0.0000,0.0996,0.1097,1.0000,-0.0000,0.0000,0.0000,-0.0983,-0.9952,0.0000,0.9952,-0.0983),
      ["RightHand"] = CFrame.new(-0.0005,0.0000,0.0000,0.9905,-0.0884,0.1052,0.0891,0.9960,-0.0021,-0.1046,0.0115,0.9945),
      ["LeftUpperLeg"] = CFrame.new(0.1396,0.0539,-0.2680,0.8828,0.0989,0.4593,0.2562,0.7181,-0.6471,-0.3938,0.6889,0.6086),
      ["LeftLowerLeg"] = CFrame.new(0.0000,0.0810,-0.0413,1.0000,-0.0000,0.0000,0.0000,0.5875,0.8092,-0.0000,-0.8092,0.5875),
      ["LeftFoot"] = CFrame.new(0.0000,-0.0002,0.0000,0.9936,0.0225,0.1107,-0.0517,0.9619,0.2686,-0.1004,-0.2726,0.9569),
      ["RightUpperLeg"] = CFrame.new(0.0482,0.0406,-0.1102,0.8246,0.3813,-0.4178,-0.3930,0.9175,0.0616,0.4068,0.1134,0.9064),
      ["RightLowerLeg"] = CFrame.new(0.0000,0.0538,-0.0159,1.0000,-0.0000,0.0000,0.0000,0.8425,0.5387,-0.0000,-0.5387,0.8425),
      ["RightFoot"] = CFrame.new(0.0000,0.0000,-0.0001,0.9938,0.0994,-0.0505,-0.0718,0.9172,0.3919,0.0852,-0.3858,0.9186),
    }},
    {Time = 3.267, Data = {
      ["HumanoidRootPart"] = CFrame.new(0.0000,0.0000,0.0000,1.0000,0.0000,0.0000,0.0000,1.0000,0.0000,0.0000,0.0000,1.0000),
      ["LowerTorso"] = CFrame.new(0.0239,-0.1251,-0.1448,0.9970,-0.0258,0.0735,0.0779,0.3314,-0.9403,-0.0001,0.9431,0.3324),
      ["UpperTorso"] = CFrame.new(0.0000,0.0000,0.0000,0.9800,0.0191,0.1981,-0.0593,0.9782,0.1988,-0.1900,-0.2066,0.9598),
      ["LeftUpperArm"] = CFrame.new(0.0264,-0.0318,0.0618,0.9004,0.1428,0.4110,-0.4326,0.3959,0.8100,-0.0471,-0.9071,0.4182),
      ["LeftLowerArm"] = CFrame.new(-0.0005,0.0303,0.0047,1.0000,-0.0000,0.0000,0.0000,0.9526,-0.3041,0.0000,0.3041,0.9526),
      ["LeftHand"] = CFrame.new(0.0005,0.0000,0.0000,0.9993,-0.0037,-0.0381,0.0058,0.9985,0.0547,0.0378,-0.0549,0.9978),
      ["Head"] = CFrame.new(1.9692,0.0753,-0.8553,0.2927,0.2191,0.9307,-0.8333,0.5359,0.1359,-0.4690,-0.8153,0.3395),
      ["RightUpperArm"] = CFrame.new(-0.0923,0.0151,0.0121,0.7579,-0.5836,-0.2915,0.4770,0.8006,-0.3627,0.4451,0.1358,0.8851),
      ["RightLowerArm"] = CFrame.new(0.0000,0.0996,0.1101,1.0000,-0.0000,0.0000,0.0000,-0.1020,-0.9948,0.0000,0.9948,-0.1020),
      ["RightHand"] = CFrame.new(-0.0005,0.0000,0.0000,0.9913,-0.0847,0.1007,0.0853,0.9964,-0.0022,-0.1002,0.0108,0.9949),
      ["LeftUpperLeg"] = CFrame.new(0.1387,0.0521,-0.2673,0.8821,0.1000,0.4603,0.2547,0.7209,-0.6446,-0.3963,0.6858,0.6104),
      ["LeftLowerLeg"] = CFrame.new(0.0000,0.0813,-0.0417,1.0000,-0.0000,0.0000,0.0000,0.5840,0.8117,-0.0000,-0.8117,0.5840),
      ["LeftFoot"] = CFrame.new(0.0000,-0.0002,0.0000,0.9930,0.0230,0.1158,-0.0537,0.9615,0.2696,-0.1051,-0.2740,0.9560),
      ["RightUpperLeg"] = CFrame.new(0.0478,0.0406,-0.1096,0.8253,0.3814,-0.4164,-0.3913,0.9179,0.0653,0.4071,0.1091,0.9069),
      ["RightLowerLeg"] = CFrame.new(0.0000,0.0543,-0.0161,1.0000,-0.0000,0.0000,0.0000,0.8397,0.5430,-0.0000,-0.5430,0.8397),
      ["RightFoot"] = CFrame.new(0.0000,0.0000,-0.0001,0.9932,0.1036,-0.0526,-0.0742,0.9140,0.3990,0.0894,-0.3924,0.9155),
    }},
    {Time = 3.300, Data = {
      ["HumanoidRootPart"] = CFrame.new(0.0000,0.0000,0.0000,1.0000,0.0000,0.0000,0.0000,1.0000,0.0000,0.0000,0.0000,1.0000),
      ["LowerTorso"] = CFrame.new(0.0228,-0.1210,-0.1471,0.9973,-0.0242,0.0692,0.0733,0.3308,-0.9409,-0.0001,0.9434,0.3316),
      ["UpperTorso"] = CFrame.new(0.0000,0.0000,0.0000,0.9794,0.0200,0.2007,-0.0610,0.9778,0.2003,-0.1923,-0.2084,0.9590),
      ["LeftUpperArm"] = CFrame.new(0.0279,-0.0316,0.0620,0.9017,0.1411,0.4086,-0.4298,0.3942,0.8123,-0.0464,-0.9081,0.4161),
      ["LeftLowerArm"] = CFrame.new(-0.0005,0.0298,0.0045,1.0000,-0.0000,0.0000,0.0000,0.9542,-0.2992,0.0000,0.2992,0.9542),
      ["LeftHand"] = CFrame.new(0.0005,0.0000,0.0000,0.9993,0.0026,-0.0364,-0.0004,0.9983,0.0591,0.0365,-0.0590,0.9976),
      ["Head"] = CFrame.new(1.9778,0.0839,-0.8645,0.0632,0.2218,0.9730,-0.8399,0.5385,-0.0682,-0.5391,-0.8129,0.2203),
      ["RightUpperArm"] = CFrame.new(-0.0904,0.0129,0.0088,0.7549,-0.5854,-0.2958,0.4788,0.8001,-0.3613,0.4482,0.1311,0.8843),
      ["RightLowerArm"] = CFrame.new(0.0000,0.0996,0.1104,1.0000,-0.0000,0.0000,0.0000,-0.1052,-0.9944,0.0000,0.9944,-0.1052),
      ["RightHand"] = CFrame.new(-0.0005,0.0000,0.0000,0.9921,-0.0806,0.0958,0.0812,0.9967,-0.0023,-0.0953,0.0101,0.9954),
      ["LeftUpperLeg"] = CFrame.new(0.1379,0.0505,-0.2666,0.8815,0.1009,0.4612,0.2533,0.7233,-0.6424,-0.3985,0.6831,0.6121),
      ["LeftLowerLeg"] = CFrame.new(0.0000,0.0815,-0.0420,1.0000,-0.0000,0.0000,0.0000,0.5809,0.8140,-0.0000,-0.8140,0.5809),
      ["LeftFoot"] = CFrame.new(0.0000,-0.0002,0.0000,0.9925,0.0233,0.1203,-0.0554,0.9611,0.2706,-0.1093,-0.2752,0.9552),
      ["RightUpperLeg"] = CFrame.new(0.0475,0.0405,-0.1091,0.8259,0.3815,-0.4150,-0.3898,0.9184,0.0685,0.4073,0.1052,0.9072),
      ["RightLowerLeg"] = CFrame.new(0.0000,0.0547,-0.0164,1.0000,-0.0000,0.0000,0.0000,0.8372,0.5469,-0.0000,-0.5469,0.8372),
      ["RightFoot"] = CFrame.new(0.0000,0.0000,-0.0001,0.9927,0.1074,-0.0545,-0.0763,0.9110,0.4053,0.0932,-0.3982,0.9126),
    }},
    {Time = 3.333, Data = {
      ["HumanoidRootPart"] = CFrame.new(0.0000,0.0000,0.0000,1.0000,0.0000,0.0000,0.0000,1.0000,0.0000,0.0000,0.0000,1.0000),
      ["LowerTorso"] = CFrame.new(0.0215,-0.1165,-0.1497,0.9977,-0.0226,0.0645,0.0684,0.3300,-0.9415,-0.0000,0.9437,0.3308),
      ["UpperTorso"] = CFrame.new(0.0000,0.0000,0.0000,0.9789,0.0204,0.2034,-0.0623,0.9775,0.2016,-0.1947,-0.2100,0.9581),
      ["LeftUpperArm"] = CFrame.new(0.0292,-0.0313,0.0618,0.9030,0.1390,0.4065,-0.4271,0.3927,0.8145,-0.0464,-0.9091,0.4140),
      ["LeftLowerArm"] = CFrame.new(-0.0005,0.0294,0.0044,1.0000,-0.0000,0.0000,0.0000,0.9555,-0.2949,0.0000,0.2949,0.9555),
      ["LeftHand"] = CFrame.new(0.0005,0.0000,0.0000,0.9994,0.0093,-0.0346,-0.0071,0.9979,0.0638,0.0351,-0.0635,0.9974),
      ["Head"] = CFrame.new(1.9858,0.0918,-0.8759,-0.1745,0.2255,0.9585,-0.7969,0.5394,-0.2720,-0.5784,-0.8113,0.0856),
      ["RightUpperArm"] = CFrame.new(-0.0880,0.0102,0.0057,0.7517,-0.5875,-0.2996,0.4811,0.7992,-0.3602,0.4511,0.1267,0.8834),
      ["RightLowerArm"] = CFrame.new(0.0000,0.0995,0.1107,1.0000,-0.0000,0.0000,0.0000,-0.1081,-0.9941,0.0000,0.9941,-0.1081),
      ["RightHand"] = CFrame.new(-0.0005,0.0000,0.0000,0.9930,-0.0762,0.0905,0.0767,0.9971,-0.0024,-0.0901,0.0093,0.9959),
      ["LeftUpperLeg"] = CFrame.new(0.1372,0.0491,-0.2661,0.8810,0.1017,0.4620,0.2521,0.7255,-0.6404,-0.4004,0.6807,0.6135),
      ["LeftLowerLeg"] = CFrame.new(0.0000,0.0817,-0.0422,1.0000,-0.0000,0.0000,0.0000,0.5783,0.8159,-0.0000,-0.8159,0.5783),
      ["LeftFoot"] = CFrame.new(0.0000,-0.0002,0.0000,0.9920,0.0237,0.1242,-0.0569,0.9608,0.2713,-0.1129,-0.2762,0.9544),
      ["RightUpperLeg"] = CFrame.new(0.0472,0.0404,-0.1087,0.8265,0.3816,-0.4139,-0.3885,0.9187,0.0713,0.4075,0.1018,0.9075),
      ["RightLowerLeg"] = CFrame.new(0.0000,0.0550,-0.0166,1.0000,-0.0000,0.0000,0.0000,0.8350,0.5502,-0.0000,-0.5502,0.8350),
      ["RightFoot"] = CFrame.new(0.0000,0.0000,-0.0001,0.9923,0.1107,-0.0561,-0.0781,0.9084,0.4107,0.0964,-0.4032,0.9100),
    }},
    {Time = 3.367, Data = {
      ["HumanoidRootPart"] = CFrame.new(0.0000,0.0000,0.0000,1.0000,0.0000,0.0000,0.0000,1.0000,0.0000,0.0000,0.0000,1.0000),
      ["LowerTorso"] = CFrame.new(0.0202,-0.1118,-0.1524,0.9980,-0.0209,0.0596,0.0631,0.3292,-0.9421,0.0000,0.9440,0.3299),
      ["UpperTorso"] = CFrame.new(0.0000,0.0000,0.0000,0.9783,0.0205,0.2061,-0.0632,0.9772,0.2027,-0.1972,-0.2113,0.9573),
      ["LeftUpperArm"] = CFrame.new(0.0304,-0.0309,0.0613,0.9042,0.1364,0.4047,-0.4245,0.3914,0.8164,-0.0470,-0.9100,0.4118),
      ["LeftLowerArm"] = CFrame.new(-0.0005,0.0290,0.0043,1.0000,-0.0000,0.0000,0.0000,0.9566,-0.2913,0.0000,0.2913,0.9566),
      ["LeftHand"] = CFrame.new(0.0005,0.0000,0.0000,0.9993,0.0165,-0.0327,-0.0142,0.9975,0.0688,0.0337,-0.0682,0.9971),
      ["Head"] = CFrame.new(1.9929,0.0989,-0.8888,-0.4023,0.2297,0.8862,-0.7059,0.5387,-0.4600,-0.5830,-0.8106,-0.0546),
      ["RightUpperArm"] = CFrame.new(-0.0854,0.0072,0.0027,0.7484,-0.5901,-0.3029,0.4837,0.7980,-0.3595,0.4538,0.1225,0.8826),
      ["RightLowerArm"] = CFrame.new(0.0000,0.0995,0.1109,1.0000,-0.0000,0.0000,0.0000,-0.1104,-0.9939,0.0000,0.9939,-0.1104),
      ["RightHand"] = CFrame.new(-0.0005,0.0000,0.0000,0.9938,-0.0715,0.0849,0.0719,0.9974,-0.0024,-0.0845,0.0085,0.9964),
      ["LeftUpperLeg"] = CFrame.new(0.1366,0.0479,-0.2656,0.8806,0.1024,0.4627,0.2511,0.7273,-0.6388,-0.4019,0.6787,0.6147),
      ["LeftLowerLeg"] = CFrame.new(0.0000,0.0819,-0.0425,1.0000,-0.0000,0.0000,0.0000,0.5760,0.8174,-0.0000,-0.8174,0.5760),
      ["LeftFoot"] = CFrame.new(0.0000,-0.0002,0.0000,0.9916,0.0239,0.1275,-0.0582,0.9605,0.2720,-0.1160,-0.2771,0.9538),
      ["RightUpperLeg"] = CFrame.new(0.0470,0.0404,-0.1083,0.8269,0.3817,-0.4129,-0.3874,0.9190,0.0737,0.4076,0.0990,0.9078),
      ["RightLowerLeg"] = CFrame.new(0.0000,0.0553,-0.0168,1.0000,-0.0000,0.0000,0.0000,0.8332,0.5530,-0.0000,-0.5530,0.8332),
      ["RightFoot"] = CFrame.new(0.0000,0.0000,-0.0001,0.9919,0.1134,-0.0574,-0.0796,0.9062,0.4152,0.0991,-0.4073,0.9079),
    }},
    {Time = 3.400, Data = {
      ["HumanoidRootPart"] = CFrame.new(0.0000,0.0000,0.0000,1.0000,0.0000,0.0000,0.0000,1.0000,0.0000,0.0000,0.0000,1.0000),
      ["LowerTorso"] = CFrame.new(0.0188,-0.1068,-0.1552,0.9983,-0.0190,0.0544,0.0576,0.3284,-0.9428,0.0001,0.9444,0.3289),
      ["UpperTorso"] = CFrame.new(0.0000,0.0000,0.0000,0.9778,0.0203,0.2087,-0.0638,0.9770,0.2037,-0.1997,-0.2124,0.9565),
      ["LeftUpperArm"] = CFrame.new(0.0314,-0.0303,0.0606,0.9053,0.1334,0.4033,-0.4220,0.3904,0.8182,-0.0482,-0.9109,0.4097),
      ["LeftLowerArm"] = CFrame.new(-0.0005,0.0287,0.0042,1.0000,-0.0000,0.0000,0.0000,0.9575,-0.2884,0.0000,0.2884,0.9575),
      ["LeftHand"] = CFrame.new(0.0005,0.0000,0.0000,0.9992,0.0240,-0.0306,-0.0217,0.9970,0.0740,0.0322,-0.0732,0.9968),
      ["Head"] = CFrame.new(1.9986,0.1050,-0.9026,-0.6055,0.2336,0.7608,-0.5725,0.5363,-0.6202,-0.5529,-0.8111,-0.1910),
      ["RightUpperArm"] = CFrame.new(-0.0824,0.0038,-0.0002,0.7449,-0.5930,-0.3056,0.4867,0.7964,-0.3591,0.4563,0.1188,0.8819),
      ["RightLowerArm"] = CFrame.new(0.0000,0.0995,0.1111,1.0000,-0.0000,0.0000,0.0000,-0.1123,-0.9937,0.0000,0.9937,-0.1123),
      ["RightHand"] = CFrame.new(-0.0005,0.0000,0.0000,0.9946,-0.0665,0.0790,0.0669,0.9978,-0.0024,-0.0787,0.0077,0.9969),
      ["LeftUpperLeg"] = CFrame.new(0.1362,0.0470,-0.2652,0.8802,0.1030,0.4632,0.2503,0.7287,-0.6375,-0.4032,0.6771,0.6156),
      ["LeftLowerLeg"] = CFrame.new(0.0000,0.0820,-0.0426,1.0000,-0.0000,0.0000,0.0000,0.5743,0.8187,-0.0000,-0.8187,0.5743),
      ["LeftFoot"] = CFrame.new(0.0000,-0.0002,0.0000,0.9912,0.0241,0.1301,-0.0592,0.9603,0.2725,-0.1183,-0.2778,0.9533),
      ["RightUpperLeg"] = CFrame.new(0.0468,0.0404,-0.1081,0.8273,0.3817,-0.4122,-0.3865,0.9192,0.0755,0.4077,0.0968,0.9080),
      ["RightLowerLeg"] = CFrame.new(0.0000,0.0555,-0.0169,1.0000,-0.0000,0.0000,0.0000,0.8317,0.5552,-0.0000,-0.5552,0.8317),
      ["RightFoot"] = CFrame.new(0.0000,0.0000,-0.0001,0.9916,0.1156,-0.0584,-0.0808,0.9045,0.4188,0.1013,-0.4106,0.9062),
    }},
    {Time = 3.433, Data = {
      ["HumanoidRootPart"] = CFrame.new(0.0000,0.0000,0.0000,1.0000,0.0000,0.0000,0.0000,1.0000,0.0000,0.0000,0.0000,1.0000),
      ["LowerTorso"] = CFrame.new(0.0173,-0.1017,-0.1581,0.9987,-0.0171,0.0490,0.0519,0.3275,-0.9434,0.0001,0.9447,0.3279),
      ["UpperTorso"] = CFrame.new(0.0000,0.0000,0.0000,0.9772,0.0197,0.2112,-0.0639,0.9768,0.2044,-0.2023,-0.2132,0.9558),
      ["LeftUpperArm"] = CFrame.new(0.0322,-0.0296,0.0596,0.9063,0.1300,0.4021,-0.4196,0.3896,0.8198,-0.0501,-0.9118,0.4077),
      ["LeftLowerArm"] = CFrame.new(-0.0005,0.0285,0.0042,1.0000,-0.0000,0.0000,0.0000,0.9581,-0.2864,0.0000,0.2864,0.9581),
      ["LeftHand"] = CFrame.new(0.0005,0.0000,0.0000,0.9991,0.0317,-0.0284,-0.0294,0.9964,0.0793,0.0308,-0.0784,0.9964),
      ["Head"] = CFrame.new(2.0024,0.1097,-0.9166,-0.7732,0.2366,0.5883,-0.4032,0.5326,-0.7441,-0.4894,-0.8126,-0.3164),
      ["RightUpperArm"] = CFrame.new(-0.0792,0.0002,-0.0028,0.7414,-0.5963,-0.3077,0.4900,0.7944,-0.3589,0.4584,0.1153,0.8812),
      ["RightLowerArm"] = CFrame.new(0.0000,0.0995,0.1113,1.0000,-0.0000,0.0000,0.0000,-0.1136,-0.9935,0.0000,0.9935,-0.1136),
      ["RightHand"] = CFrame.new(-0.0005,0.0000,0.0000,0.9954,-0.0614,0.0729,0.0618,0.9981,-0.0024,-0.0726,0.0069,0.9973),
      ["LeftUpperLeg"] = CFrame.new(0.1358,0.0463,-0.2650,0.8800,0.1033,0.4636,0.2497,0.7297,-0.6366,-0.4041,0.6759,0.6163),
      ["LeftLowerLeg"] = CFrame.new(0.0000,0.0821,-0.0428,1.0000,-0.0000,0.0000,0.0000,0.5730,0.8196,-0.0000,-0.8196,0.5730),
      ["LeftFoot"] = CFrame.new(0.0000,-0.0002,0.0000,0.9910,0.0243,0.1319,-0.0599,0.9602,0.2729,-0.1201,-0.2783,0.9530),
      ["RightUpperLeg"] = CFrame.new(0.0467,0.0403,-0.1079,0.8275,0.3818,-0.4117,-0.3859,0.9193,0.0769,0.4078,0.0952,0.9081),
      ["RightLowerLeg"] = CFrame.new(0.0000,0.0556,-0.0170,1.0000,-0.0000,0.0000,0.0000,0.8307,0.5567,-0.0000,-0.5567,0.8307),
      ["RightFoot"] = CFrame.new(0.0000,0.0000,-0.0001,0.9913,0.1172,-0.0592,-0.0816,0.9032,0.4214,0.1028,-0.4129,0.9049),
    }},
    {Time = 3.467, Data = {
      ["HumanoidRootPart"] = CFrame.new(0.0000,0.0000,0.0000,1.0000,0.0000,0.0000,0.0000,1.0000,0.0000,0.0000,0.0000,1.0000),
      ["LowerTorso"] = CFrame.new(0.0158,-0.0965,-0.1611,0.9989,-0.0152,0.0435,0.0460,0.3266,-0.9441,0.0002,0.9451,0.3269),
      ["UpperTorso"] = CFrame.new(0.0000,0.0000,0.0000,0.9767,0.0188,0.2136,-0.0636,0.9767,0.2049,-0.2048,-0.2137,0.9552),
      ["LeftUpperArm"] = CFrame.new(0.0328,-0.0288,0.0583,0.9072,0.1262,0.4013,-0.4174,0.3891,0.8212,-0.0525,-0.9125,0.4057),
      ["LeftLowerArm"] = CFrame.new(-0.0005,0.0285,0.0041,1.0000,-0.0000,0.0000,0.0000,0.9585,-0.2851,0.0000,0.2851,0.9585),
      ["LeftHand"] = CFrame.new(0.0005,0.0000,0.0000,0.9989,0.0397,-0.0260,-0.0373,0.9957,0.0848,0.0293,-0.0837,0.9961),
      ["Head"] = CFrame.new(2.0040,0.1130,-0.9302,-0.8966,0.2382,0.3732,-0.2031,0.5278,-0.8247,-0.3935,-0.8153,-0.4249),
      ["RightUpperArm"] = CFrame.new(-0.0757,-0.0037,-0.0052,0.7379,-0.5999,-0.3092,0.4935,0.7922,-0.3590,0.4603,0.1123,0.8806),
      ["RightLowerArm"] = CFrame.new(0.0000,0.0995,0.1113,1.0000,-0.0000,0.0000,0.0000,-0.1144,-0.9934,0.0000,0.9934,-0.1144),
      ["RightHand"] = CFrame.new(-0.0005,0.0000,0.0000,0.9962,-0.0562,0.0667,0.0565,0.9984,-0.0024,-0.0665,0.0062,0.9978),
      ["LeftUpperLeg"] = CFrame.new(0.1357,0.0459,-0.2648,0.8798,0.1036,0.4639,0.2493,0.7303,-0.6360,-0.4046,0.6753,0.6167),
      ["LeftLowerLeg"] = CFrame.new(0.0000,0.0821,-0.0428,1.0000,-0.0000,0.0000,0.0000,0.5722,0.8201,-0.0000,-0.8201,0.5722),
      ["LeftFoot"] = CFrame.new(0.0000,-0.0002,0.0000,0.9908,0.0244,0.1331,-0.0603,0.9601,0.2731,-0.1211,-0.2786,0.9527),
      ["RightUpperLeg"] = CFrame.new(0.0466,0.0403,-0.1078,0.8277,0.3818,-0.4113,-0.3856,0.9194,0.0777,0.4078,0.0943,0.9082),
      ["RightLowerLeg"] = CFrame.new(0.0000,0.0557,-0.0170,1.0000,-0.0000,0.0000,0.0000,0.8301,0.5577,-0.0000,-0.5577,0.8301),
      ["RightFoot"] = CFrame.new(0.0000,0.0000,-0.0001,0.9912,0.1181,-0.0596,-0.0821,0.9024,0.4229,0.1037,-0.4143,0.9042),
    }},
    {Time = 3.500, Data = {
      ["HumanoidRootPart"] = CFrame.new(0.0000,0.0000,0.0000,1.0000,0.0000,0.0000,0.0000,1.0000,0.0000,0.0000,0.0000,1.0000),
      ["LowerTorso"] = CFrame.new(0.0143,-0.0911,-0.1641,0.9992,-0.0133,0.0379,0.0401,0.3256,-0.9446,0.0002,0.9454,0.3259),
      ["UpperTorso"] = CFrame.new(0.0000,0.0000,0.0000,0.9762,0.0175,0.2159,-0.0629,0.9767,0.2052,-0.2073,-0.2139,0.9546),
      ["LeftUpperArm"] = CFrame.new(0.0333,-0.0278,0.0568,0.9080,0.1221,0.4009,-0.4154,0.3889,0.8223,-0.0555,-0.9132,0.4038),
      ["LeftLowerArm"] = CFrame.new(-0.0005,0.0285,0.0041,1.0000,-0.0000,0.0000,0.0000,0.9586,-0.2847,0.0000,0.2847,0.9586),
      ["LeftHand"] = CFrame.new(0.0005,0.0000,0.0000,0.9986,0.0476,-0.0237,-0.0453,0.9949,0.0903,0.0279,-0.0891,0.9956),
      ["Head"] = CFrame.new(2.0034,0.1148,-0.9432,-0.9638,0.2382,0.1201,0.0228,0.5223,-0.8525,-0.2657,-0.8188,-0.5088),
      ["RightUpperArm"] = CFrame.new(-0.0720,-0.0078,-0.0073,0.7344,-0.6037,-0.3101,0.4973,0.7896,-0.3595,0.4619,0.1098,0.8801),
      ["RightLowerArm"] = CFrame.new(0.0000,0.0995,0.1113,1.0000,-0.0000,0.0000,0.0000,-0.1146,-0.9934,0.0000,0.9934,-0.1146),
      ["RightHand"] = CFrame.new(-0.0005,0.0000,0.0000,0.9969,-0.0509,0.0604,0.0511,0.9987,-0.0024,-0.0602,0.0055,0.9982),
      ["LeftUpperLeg"] = CFrame.new(0.1356,0.0458,-0.2648,0.8798,0.1036,0.4639,0.2493,0.7304,-0.6359,-0.4047,0.6751,0.6168),
      ["LeftLowerLeg"] = CFrame.new(0.0000,0.0821,-0.0429,1.0000,-0.0000,0.0000,0.0000,0.5720,0.8202,-0.0000,-0.8202,0.5720),
      ["LeftFoot"] = CFrame.new(0.0000,-0.0002,0.0000,0.9908,0.0244,0.1333,-0.0604,0.9601,0.2731,-0.1214,-0.2786,0.9527),
      ["RightUpperLeg"] = CFrame.new(0.0466,0.0403,-0.1078,0.8277,0.3819,-0.4112,-0.3855,0.9194,0.0779,0.4078,0.0940,0.9082),
      ["RightLowerLeg"] = CFrame.new(0.0000,0.0557,-0.0170,1.0000,-0.0000,0.0000,0.0000,0.8299,0.5579,-0.0000,-0.5579,0.8299),
      ["RightFoot"] = CFrame.new(0.0000,0.0000,-0.0001,0.9912,0.1184,-0.0597,-0.0822,0.9022,0.4235,0.1040,-0.4148,0.9039),
    }},
    {Time = 3.533, Data = {
      ["HumanoidRootPart"] = CFrame.new(0.0000,0.0000,0.0000,1.0000,0.0000,0.0000,0.0000,1.0000,0.0000,0.0000,0.0000,1.0000),
      ["LowerTorso"] = CFrame.new(0.0128,-0.0858,-0.1672,0.9994,-0.0113,0.0323,0.0342,0.3247,-0.9452,0.0002,0.9458,0.3249),
      ["UpperTorso"] = CFrame.new(0.0000,0.0000,0.0000,0.9758,0.0160,0.2181,-0.0618,0.9768,0.2052,-0.2097,-0.2137,0.9541),
      ["LeftUpperArm"] = CFrame.new(0.0335,-0.0268,0.0551,0.9085,0.1177,0.4009,-0.4136,0.3889,0.8232,-0.0591,-0.9137,0.4020),
      ["LeftLowerArm"] = CFrame.new(-0.0005,0.0285,0.0042,1.0000,-0.0000,0.0000,0.0000,0.9585,-0.2851,0.0000,0.2851,0.9585),
      ["LeftHand"] = CFrame.new(0.0005,0.0000,0.0000,0.9982,0.0556,-0.0213,-0.0533,0.9940,0.0957,0.0264,-0.0944,0.9952),
      ["Head"] = CFrame.new(2.0010,0.1155,-0.9556,-0.9587,0.2361,-0.1588,0.2623,0.5165,-0.8151,-0.1104,-0.8231,-0.5571),
      ["RightUpperArm"] = CFrame.new(-0.0682,-0.0120,-0.0092,0.7309,-0.6078,-0.3103,0.5012,0.7867,-0.3604,0.4632,0.1079,0.8797),
      ["RightLowerArm"] = CFrame.new(0.0000,0.0995,0.1113,1.0000,-0.0000,0.0000,0.0000,-0.1144,-0.9934,0.0000,0.9934,-0.1144),
      ["RightHand"] = CFrame.new(-0.0005,0.0000,0.0000,0.9975,-0.0456,0.0541,0.0458,0.9989,-0.0023,-0.0539,0.0047,0.9985),
      ["LeftUpperLeg"] = CFrame.new(0.1357,0.0459,-0.2649,0.8798,0.1036,0.4639,0.2493,0.7303,-0.6360,-0.4046,0.6753,0.6167),
      ["LeftLowerLeg"] = CFrame.new(0.0000,0.0821,-0.0428,1.0000,-0.0000,0.0000,0.0000,0.5722,0.8201,-0.0000,-0.8201,0.5722),
      ["LeftFoot"] = CFrame.new(0.0000,-0.0002,0.0000,0.9908,0.0244,0.1331,-0.0603,0.9601,0.2731,-0.1211,-0.2786,0.9527),
      ["RightUpperLeg"] = CFrame.new(0.0466,0.0403,-0.1078,0.8276,0.3819,-0.4113,-0.3856,0.9194,0.0777,0.4078,0.0943,0.9082),
      ["RightLowerLeg"] = CFrame.new(0.0000,0.0557,-0.0170,1.0000,-0.0000,0.0000,0.0000,0.8301,0.5577,-0.0000,-0.5577,0.8301),
      ["RightFoot"] = CFrame.new(0.0000,0.0000,-0.0001,0.9912,0.1181,-0.0596,-0.0821,0.9024,0.4229,0.1037,-0.4143,0.9042),
    }},
    {Time = 3.567, Data = {
      ["HumanoidRootPart"] = CFrame.new(0.0000,0.0000,0.0000,1.0000,0.0000,0.0000,0.0000,1.0000,0.0000,0.0000,0.0000,1.0000),
      ["LowerTorso"] = CFrame.new(0.0114,-0.0806,-0.1702,0.9996,-0.0094,0.0268,0.0284,0.3237,-0.9457,0.0002,0.9461,0.3239),
      ["UpperTorso"] = CFrame.new(0.0000,0.0000,0.0000,0.9754,0.0141,0.2201,-0.0604,0.9769,0.2051,-0.2121,-0.2133,0.9537),
      ["LeftUpperArm"] = CFrame.new(0.0335,-0.0257,0.0531,0.9090,0.1130,0.4011,-0.4119,0.3893,0.8239,-0.0630,-0.9142,0.4004),
      ["LeftLowerArm"] = CFrame.new(-0.0005,0.0285,0.0042,1.0000,-0.0000,0.0000,0.0000,0.9581,-0.2864,0.0000,0.2864,0.9581),
      ["LeftHand"] = CFrame.new(0.0005,0.0000,0.0000,0.9978,0.0635,-0.0188,-0.0612,0.9930,0.1011,0.0251,-0.0998,0.9947),
      ["Head"] = CFrame.new(1.9974,0.1153,-0.9677,-0.8680,0.2321,-0.4390,0.4929,0.5113,-0.7041,0.0610,-0.8275,-0.5582),
      ["RightUpperArm"] = CFrame.new(-0.0642,-0.0164,-0.0108,0.7275,-0.6120,-0.3100,0.5052,0.7837,-0.3615,0.4642,0.1064,0.8793),
      ["RightLowerArm"] = CFrame.new(0.0000,0.0995,0.1113,1.0000,-0.0000,0.0000,0.0000,-0.1136,-0.9935,0.0000,0.9935,-0.1136),
      ["RightHand"] = CFrame.new(-0.0005,0.0000,0.0000,0.9980,-0.0403,0.0478,0.0405,0.9992,-0.0021,-0.0477,0.0041,0.9989),
      ["LeftUpperLeg"] = CFrame.new(0.1358,0.0463,-0.2650,0.8800,0.1033,0.4636,0.2497,0.7297,-0.6366,-0.4041,0.6759,0.6163),
      ["LeftLowerLeg"] = CFrame.new(0.0000,0.0820,-0.0428,1.0000,-0.0000,0.0000,0.0000,0.5730,0.8196,-0.0000,-0.8196,0.5730),
      ["LeftFoot"] = CFrame.new(0.0000,-0.0002,0.0000,0.9910,0.0243,0.1319,-0.0599,0.9602,0.2729,-0.1201,-0.2783,0.9530),
      ["RightUpperLeg"] = CFrame.new(0.0467,0.0404,-0.1079,0.8275,0.3818,-0.4117,-0.3859,0.9193,0.0769,0.4078,0.0953,0.9081),
      ["RightLowerLeg"] = CFrame.new(0.0000,0.0556,-0.0170,1.0000,-0.0000,0.0000,0.0000,0.8307,0.5567,-0.0000,-0.5567,0.8307),
      ["RightFoot"] = CFrame.new(0.0000,0.0000,-0.0001,0.9913,0.1172,-0.0592,-0.0816,0.9032,0.4214,0.1028,-0.4129,0.9049),
    }},
    {Time = 3.600, Data = {
      ["HumanoidRootPart"] = CFrame.new(0.0000,0.0000,0.0000,1.0000,0.0000,0.0000,0.0000,1.0000,0.0000,0.0000,0.0000,1.0000),
      ["LowerTorso"] = CFrame.new(0.0099,-0.0754,-0.1731,0.9997,-0.0075,0.0214,0.0227,0.3228,-0.9462,0.0002,0.9464,0.3229),
      ["UpperTorso"] = CFrame.new(0.0000,0.0000,0.0000,0.9750,0.0120,0.2218,-0.0586,0.9770,0.2048,-0.2143,-0.2127,0.9533),
      ["LeftUpperArm"] = CFrame.new(0.0334,-0.0245,0.0510,0.9094,0.1082,0.4017,-0.4105,0.3899,0.8243,-0.0675,-0.9145,0.3989),
      ["LeftLowerArm"] = CFrame.new(-0.0005,0.0287,0.0042,1.0000,-0.0000,0.0000,0.0000,0.9575,-0.2884,0.0000,0.2884,0.9575),
      ["LeftHand"] = CFrame.new(0.0005,0.0000,0.0000,0.9973,0.0711,-0.0164,-0.0690,0.9919,0.1064,0.0238,-0.1050,0.9942),
      ["Head"] = CFrame.new(1.9930,0.1146,-0.9796,-0.6914,0.2266,-0.6860,0.6851,0.5071,-0.5230,0.2294,-0.8316,-0.5059),
      ["RightUpperArm"] = CFrame.new(-0.0601,-0.0207,-0.0121,0.7243,-0.6164,-0.3090,0.5093,0.7803,-0.3629,0.4648,0.1055,0.8791),
      ["RightLowerArm"] = CFrame.new(0.0000,0.0995,0.1111,1.0000,-0.0000,0.0000,0.0000,-0.1123,-0.9937,0.0000,0.9937,-0.1123),
      ["RightHand"] = CFrame.new(-0.0005,0.0000,0.0000,0.9985,-0.0352,0.0417,0.0353,0.9994,-0.0020,-0.0416,0.0034,0.9991),
      ["LeftUpperLeg"] = CFrame.new(0.1362,0.0470,-0.2652,0.8802,0.1030,0.4632,0.2503,0.7287,-0.6375,-0.4032,0.6771,0.6156),
      ["LeftLowerLeg"] = CFrame.new(0.0000,0.0820,-0.0426,1.0000,-0.0000,0.0000,0.0000,0.5743,0.8187,-0.0000,-0.8187,0.5743),
      ["LeftFoot"] = CFrame.new(0.0000,-0.0002,0.0000,0.9912,0.0241,0.1301,-0.0592,0.9603,0.2725,-0.1183,-0.2778,0.9533),
      ["RightUpperLeg"] = CFrame.new(0.0468,0.0404,-0.1081,0.8273,0.3817,-0.4122,-0.3865,0.9192,0.0755,0.4077,0.0968,0.9080),
      ["RightLowerLeg"] = CFrame.new(0.0000,0.0555,-0.0169,1.0000,-0.0000,0.0000,0.0000,0.8317,0.5552,-0.0000,-0.5552,0.8317),
      ["RightFoot"] = CFrame.new(0.0000,0.0000,-0.0001,0.9916,0.1156,-0.0584,-0.0808,0.9045,0.4188,0.1013,-0.4106,0.9062),
    }},
    {Time = 3.633, Data = {
      ["HumanoidRootPart"] = CFrame.new(0.0000,0.0000,0.0000,1.0000,0.0000,0.0000,0.0000,1.0000,0.0000,0.0000,0.0000,1.0000),
      ["LowerTorso"] = CFrame.new(0.0085,-0.0705,-0.1759,0.9999,-0.0057,0.0162,0.0171,0.3219,-0.9466,0.0002,0.9468,0.3219),
      ["UpperTorso"] = CFrame.new(0.0000,0.0000,0.0000,0.9747,0.0096,0.2234,-0.0564,0.9773,0.2042,-0.2164,-0.2117,0.9531),
      ["LeftUpperArm"] = CFrame.new(0.0330,-0.0233,0.0487,0.9095,0.1032,0.4027,-0.4094,0.3908,0.8244,-0.0723,-0.9147,0.3977),
      ["LeftLowerArm"] = CFrame.new(-0.0005,0.0290,0.0043,1.0000,-0.0000,0.0000,0.0000,0.9566,-0.2913,0.0000,0.2913,0.9566),
      ["LeftHand"] = CFrame.new(0.0005,0.0000,0.0000,0.9968,0.0785,-0.0140,-0.0765,0.9908,0.1114,0.0226,-0.1100,0.9937),
      ["Head"] = CFrame.new(1.9885,0.1135,-0.9914,-0.4488,0.2205,-0.8660,0.8124,0.5043,-0.2926,0.3722,-0.8349,-0.4055),
      ["RightUpperArm"] = CFrame.new(-0.0560,-0.0251,-0.0131,0.7211,-0.6209,-0.3074,0.5134,0.7768,-0.3646,0.4652,0.1051,0.8790),
      ["RightLowerArm"] = CFrame.new(0.0000,0.0995,0.1109,1.0000,-0.0000,0.0000,0.0000,-0.1104,-0.9939,0.0000,0.9939,-0.1104),
      ["RightHand"] = CFrame.new(-0.0005,0.0000,0.0000,0.9989,-0.0302,0.0358,0.0303,0.9995,-0.0018,-0.0357,0.0029,0.9994),
      ["LeftUpperLeg"] = CFrame.new(0.1366,0.0479,-0.2656,0.8806,0.1024,0.4627,0.2511,0.7273,-0.6388,-0.4019,0.6787,0.6147),
      ["LeftLowerLeg"] = CFrame.new(0.0000,0.0819,-0.0425,1.0000,-0.0000,0.0000,0.0000,0.5760,0.8174,-0.0000,-0.8174,0.5760),
      ["LeftFoot"] = CFrame.new(0.0000,-0.0002,0.0000,0.9916,0.0239,0.1275,-0.0582,0.9605,0.2720,-0.1160,-0.2771,0.9538),
      ["RightUpperLeg"] = CFrame.new(0.0470,0.0404,-0.1083,0.8269,0.3817,-0.4129,-0.3874,0.9190,0.0737,0.4076,0.0990,0.9078),
      ["RightLowerLeg"] = CFrame.new(0.0000,0.0553,-0.0168,1.0000,-0.0000,0.0000,0.0000,0.8332,0.5530,-0.0000,-0.5530,0.8332),
      ["RightFoot"] = CFrame.new(0.0000,0.0000,-0.0001,0.9919,0.1134,-0.0574,-0.0796,0.9062,0.4152,0.0991,-0.4073,0.9079),
    }},
    {Time = 3.667, Data = {
      ["HumanoidRootPart"] = CFrame.new(0.0000,0.0000,0.0000,1.0000,0.0000,0.0000,0.0000,1.0000,0.0000,0.0000,0.0000,1.0000),
      ["LowerTorso"] = CFrame.new(0.0072,-0.0657,-0.1786,0.9999,-0.0040,0.0112,0.0119,0.3210,-0.9470,0.0002,0.9471,0.3210),
      ["UpperTorso"] = CFrame.new(0.0000,0.0000,0.0000,0.9744,0.0070,0.2247,-0.0539,0.9776,0.2034,-0.2183,-0.2104,0.9530),
      ["LeftUpperArm"] = CFrame.new(0.0324,-0.0220,0.0463,0.9095,0.0981,0.4040,-0.4085,0.3920,0.8243,-0.0775,-0.9147,0.3966),
      ["LeftLowerArm"] = CFrame.new(-0.0005,0.0294,0.0044,1.0000,-0.0000,0.0000,0.0000,0.9555,-0.2949,0.0000,0.2949,0.9555),
      ["LeftHand"] = CFrame.new(0.0005,0.0000,0.0000,0.9963,0.0856,-0.0117,-0.0836,0.9897,0.1163,0.0215,-0.1148,0.9932),
      ["Head"] = CFrame.new(1.9842,0.1124,-1.0035,-0.1766,0.2150,-0.9605,0.8632,0.5027,-0.0462,0.4729,-0.8373,-0.2744),
      ["RightUpperArm"] = CFrame.new(-0.0520,-0.0294,-0.0138,0.7182,-0.6254,-0.3052,0.5175,0.7732,-0.3666,0.4652,0.1053,0.8789),
      ["RightLowerArm"] = CFrame.new(0.0000,0.0995,0.1107,1.0000,-0.0000,0.0000,0.0000,-0.1081,-0.9941,0.0000,0.9941,-0.1081),
      ["RightHand"] = CFrame.new(-0.0005,0.0000,0.0000,0.9992,-0.0255,0.0302,0.0255,0.9997,-0.0016,-0.0301,0.0023,0.9995),
      ["LeftUpperLeg"] = CFrame.new(0.1372,0.0491,-0.2661,0.8810,0.1017,0.4620,0.2521,0.7255,-0.6404,-0.4004,0.6807,0.6135),
      ["LeftLowerLeg"] = CFrame.new(0.0000,0.0817,-0.0422,1.0000,-0.0000,0.0000,0.0000,0.5783,0.8159,-0.0000,-0.8159,0.5783),
      ["LeftFoot"] = CFrame.new(0.0000,-0.0002,0.0000,0.9920,0.0237,0.1242,-0.0569,0.9608,0.2713,-0.1129,-0.2762,0.9544),
      ["RightUpperLeg"] = CFrame.new(0.0472,0.0404,-0.1087,0.8265,0.3816,-0.4139,-0.3885,0.9187,0.0713,0.4075,0.1018,0.9075),
      ["RightLowerLeg"] = CFrame.new(0.0000,0.0550,-0.0166,1.0000,-0.0000,0.0000,0.0000,0.8350,0.5502,-0.0000,-0.5502,0.8350),
      ["RightFoot"] = CFrame.new(0.0000,0.0000,-0.0001,0.9923,0.1107,-0.0561,-0.0781,0.9084,0.4107,0.0964,-0.4032,0.9100),
    }},
    {Time = 3.700, Data = {
      ["HumanoidRootPart"] = CFrame.new(0.0000,0.0000,0.0000,1.0000,0.0000,0.0000,0.0000,1.0000,0.0000,0.0000,0.0000,1.0000),
      ["LowerTorso"] = CFrame.new(0.0059,-0.0612,-0.1811,1.0000,-0.0024,0.0065,0.0069,0.3202,-0.9473,0.0002,0.9473,0.3202),
      ["UpperTorso"] = CFrame.new(0.0000,0.0000,0.0000,0.9742,0.0042,0.2258,-0.0511,0.9780,0.2025,-0.2200,-0.2088,0.9529),
      ["LeftUpperArm"] = CFrame.new(0.0317,-0.0207,0.0437,0.9093,0.0930,0.4056,-0.4078,0.3934,0.8240,-0.0829,-0.9146,0.3957),
      ["LeftLowerArm"] = CFrame.new(-0.0005,0.0298,0.0045,1.0000,-0.0000,0.0000,0.0000,0.9542,-0.2992,0.0000,0.2992,0.9542),
      ["LeftHand"] = CFrame.new(0.0005,0.0000,0.0000,0.9957,0.0922,-0.0095,-0.0904,0.9886,0.1208,0.0205,-0.1194,0.9926),
      ["Head"] = CFrame.new(1.9808,0.1116,-1.0159,0.0865,0.2108,-0.9737,0.8454,0.5016,0.1837,0.5271,-0.8390,-0.1348),
      ["RightUpperArm"] = CFrame.new(-0.0479,-0.0336,-0.0143,0.7155,-0.6298,-0.3024,0.5215,0.7694,-0.3688,0.4649,0.1062,0.8790),
      ["RightLowerArm"] = CFrame.new(0.0000,0.0996,0.1104,1.0000,-0.0000,0.0000,0.0000,-0.1052,-0.9944,0.0000,0.9944,-0.1052),
      ["RightHand"] = CFrame.new(-0.0005,0.0000,0.0000,0.9995,-0.0210,0.0249,0.0211,0.9998,-0.0014,-0.0248,0.0019,0.9997),
      ["LeftUpperLeg"] = CFrame.new(0.1379,0.0505,-0.2666,0.8815,0.1009,0.4612,0.2533,0.7233,-0.6424,-0.3985,0.6831,0.6121),
      ["LeftLowerLeg"] = CFrame.new(0.0000,0.0815,-0.0420,1.0000,-0.0000,0.0000,0.0000,0.5809,0.8140,-0.0000,-0.8140,0.5809),
      ["LeftFoot"] = CFrame.new(0.0000,-0.0002,0.0000,0.9925,0.0233,0.1203,-0.0554,0.9611,0.2706,-0.1093,-0.2752,0.9552),
      ["RightUpperLeg"] = CFrame.new(0.0475,0.0405,-0.1091,0.8259,0.3815,-0.4150,-0.3898,0.9184,0.0685,0.4073,0.1052,0.9072),
      ["RightLowerLeg"] = CFrame.new(0.0000,0.0547,-0.0164,1.0000,-0.0000,0.0000,0.0000,0.8372,0.5469,-0.0000,-0.5469,0.8372),
      ["RightFoot"] = CFrame.new(0.0000,0.0000,-0.0001,0.9927,0.1074,-0.0545,-0.0763,0.9110,0.4053,0.0932,-0.3982,0.9126),
    }},
    {Time = 3.733, Data = {
      ["HumanoidRootPart"] = CFrame.new(0.0000,0.0000,0.0000,1.0000,0.0000,0.0000,0.0000,1.0000,0.0000,0.0000,0.0000,1.0000),
      ["LowerTorso"] = CFrame.new(0.0047,-0.0571,-0.1835,1.0000,-0.0009,0.0021,0.0023,0.3194,-0.9476,0.0002,0.9476,0.3194),
      ["UpperTorso"] = CFrame.new(0.0000,0.0000,0.0000,0.9740,0.0012,0.2266,-0.0481,0.9784,0.2013,-0.2215,-0.2069,0.9530),
      ["LeftUpperArm"] = CFrame.new(0.0307,-0.0193,0.0411,0.9089,0.0880,0.4076,-0.4075,0.3951,0.8233,-0.0886,-0.9144,0.3950),
      ["LeftLowerArm"] = CFrame.new(-0.0005,0.0303,0.0047,1.0000,-0.0000,0.0000,0.0000,0.9526,-0.3041,0.0000,0.3041,0.9526),
      ["LeftHand"] = CFrame.new(0.0005,0.0000,0.0000,0.9951,0.0983,-0.0074,-0.0966,0.9875,0.1249,0.0196,-0.1236,0.9921),
      ["Head"] = CFrame.new(1.9786,0.1114,-1.0287,0.3130,0.2086,-0.9266,0.7801,0.4999,0.3761,0.5417,-0.8406,-0.0062),
      ["RightUpperArm"] = CFrame.new(-0.0440,-0.0376,-0.0143,0.7130,-0.6342,-0.2990,0.5254,0.7656,-0.3712,0.4643,0.1076,0.8791),
      ["RightLowerArm"] = CFrame.new(0.0000,0.0996,0.1101,1.0000,-0.0000,0.0000,0.0000,-0.1020,-0.9948,0.0000,0.9948,-0.1020),
      ["RightHand"] = CFrame.new(-0.0005,0.0000,0.0000,0.9997,-0.0169,0.0200,0.0169,0.9999,-0.0011,-0.0199,0.0015,0.9998),
      ["LeftUpperLeg"] = CFrame.new(0.1387,0.0521,-0.2673,0.8821,0.1000,0.4603,0.2547,0.7209,-0.6446,-0.3963,0.6858,0.6104),
      ["LeftLowerLeg"] = CFrame.new(0.0000,0.0813,-0.0417,1.0000,-0.0000,0.0000,0.0000,0.5840,0.8117,-0.0000,-0.8117,0.5840),
      ["LeftFoot"] = CFrame.new(0.0000,-0.0002,0.0000,0.9930,0.0230,0.1158,-0.0537,0.9615,0.2696,-0.1051,-0.2740,0.9560),
      ["RightUpperLeg"] = CFrame.new(0.0478,0.0406,-0.1096,0.8253,0.3814,-0.4164,-0.3913,0.9179,0.0653,0.4071,0.1091,0.9069),
      ["RightLowerLeg"] = CFrame.new(0.0000,0.0543,-0.0161,1.0000,-0.0000,0.0000,0.0000,0.8397,0.5430,-0.0000,-0.5430,0.8397),
      ["RightFoot"] = CFrame.new(0.0000,0.0000,-0.0001,0.9932,0.1036,-0.0526,-0.0742,0.9140,0.3990,0.0894,-0.3924,0.9155),
    }},
    {Time = 3.767, Data = {
      ["HumanoidRootPart"] = CFrame.new(0.0000,0.0000,0.0000,1.0000,0.0000,0.0000,0.0000,1.0000,0.0000,0.0000,0.0000,1.0000),
      ["LowerTorso"] = CFrame.new(0.0037,-0.0533,-0.1856,1.0000,0.0005,-0.0018,-0.0019,0.3187,-0.9479,0.0001,0.9479,0.3187),
      ["UpperTorso"] = CFrame.new(0.0000,0.0000,0.0000,0.9738,-0.0019,0.2272,-0.0448,0.9788,0.1999,-0.2228,-0.2048,0.9531),
      ["LeftUpperArm"] = CFrame.new(0.0296,-0.0179,0.0384,0.9084,0.0830,0.4098,-0.4073,0.3971,0.8224,-0.0944,-0.9140,0.3946),
      ["LeftLowerArm"] = CFrame.new(-0.0005,0.0309,0.0049,1.0000,-0.0000,0.0000,0.0000,0.9508,-0.3097,0.0000,0.3097,0.9508),
      ["LeftHand"] = CFrame.new(0.0005,0.0000,0.0000,0.9946,0.1039,-0.0055,-0.1023,0.9864,0.1287,0.0188,-0.1274,0.9917),
      ["Head"] = CFrame.new(1.9782,0.1120,-1.0423,0.4914,0.2084,-0.8456,0.6915,0.4969,0.5243,0.5295,-0.8424,0.1001),
      ["RightUpperArm"] = CFrame.new(-0.0402,-0.0415,-0.0142,0.7108,-0.6385,-0.2951,0.5292,0.7618,-0.3738,0.4634,0.1095,0.8793),
      ["RightLowerArm"] = CFrame.new(0.0000,0.0996,0.1097,1.0000,-0.0000,0.0000,0.0000,-0.0983,-0.9952,0.0000,0.9952,-0.0983),
      ["RightHand"] = CFrame.new(-0.0005,0.0000,0.0000,0.9998,-0.0131,0.0155,0.0131,0.9999,-0.0009,-0.0155,0.0011,0.9999),
      ["LeftUpperLeg"] = CFrame.new(0.1396,0.0539,-0.2680,0.8828,0.0989,0.4593,0.2562,0.7181,-0.6471,-0.3938,0.6889,0.6086),
      ["LeftLowerLeg"] = CFrame.new(0.0000,0.0810,-0.0413,1.0000,-0.0000,0.0000,0.0000,0.5875,0.8092,-0.0000,-0.8092,0.5875),
      ["LeftFoot"] = CFrame.new(0.0000,-0.0002,0.0000,0.9936,0.0225,0.1107,-0.0517,0.9619,0.2686,-0.1004,-0.2726,0.9569),
      ["RightUpperLeg"] = CFrame.new(0.0482,0.0406,-0.1102,0.8246,0.3813,-0.4178,-0.3930,0.9175,0.0616,0.4068,0.1134,0.9064),
      ["RightLowerLeg"] = CFrame.new(0.0000,0.0538,-0.0159,1.0000,-0.0000,0.0000,0.0000,0.8425,0.5387,-0.0000,-0.5387,0.8425),
      ["RightFoot"] = CFrame.new(0.0000,0.0000,-0.0001,0.9938,0.0994,-0.0505,-0.0718,0.9172,0.3919,0.0852,-0.3858,0.9186),
    }},
    {Time = 3.800, Data = {
      ["HumanoidRootPart"] = CFrame.new(0.0000,0.0000,0.0000,1.0000,0.0000,0.0000,0.0000,1.0000,0.0000,0.0000,0.0000,1.0000),
      ["LowerTorso"] = CFrame.new(0.0027,-0.0500,-0.1875,1.0000,0.0017,-0.0053,-0.0056,0.3181,-0.9481,0.0001,0.9481,0.3181),
      ["UpperTorso"] = CFrame.new(0.0000,0.0000,0.0000,0.9738,-0.0050,0.2275,-0.0413,0.9793,0.1984,-0.2238,-0.2025,0.9534),
      ["LeftUpperArm"] = CFrame.new(0.0283,-0.0165,0.0357,0.9077,0.0782,0.4123,-0.4075,0.3992,0.8213,-0.1003,-0.9135,0.3942),
      ["LeftLowerArm"] = CFrame.new(-0.0005,0.0315,0.0051,1.0000,-0.0000,0.0000,0.0000,0.9488,-0.3158,0.0000,0.3158,0.9488),
      ["LeftHand"] = CFrame.new(0.0005,0.0000,0.0000,0.9941,0.1088,-0.0038,-0.1073,0.9854,0.1320,0.0181,-0.1308,0.9912),
      ["Head"] = CFrame.new(1.9796,0.1134,-1.0562,0.6264,0.2098,-0.7508,0.5959,0.4921,0.6346,0.5026,-0.8449,0.1832),
      ["RightUpperArm"] = CFrame.new(-0.0365,-0.0451,-0.0138,0.7089,-0.6426,-0.2907,0.5327,0.7579,-0.3765,0.4623,0.1120,0.8796),
      ["RightLowerArm"] = CFrame.new(0.0000,0.0997,0.1093,1.0000,-0.0000,0.0000,0.0000,-0.0943,-0.9955,0.0000,0.9955,-0.0943),
      ["RightHand"] = CFrame.new(-0.0005,0.0000,0.0000,0.9999,-0.0097,0.0115,0.0097,1.0000,-0.0007,-0.0115,0.0008,0.9999),
      ["LeftUpperLeg"] = CFrame.new(0.1406,0.0559,-0.2688,0.8835,0.0977,0.4581,0.2579,0.7150,-0.6499,-0.3910,0.6923,0.6065),
      ["LeftLowerLeg"] = CFrame.new(0.0000,0.0808,-0.0409,1.0000,-0.0000,0.0000,0.0000,0.5913,0.8065,-0.0000,-0.8065,0.5913),
      ["LeftFoot"] = CFrame.new(0.0000,-0.0002,0.0000,0.9942,0.0221,0.1051,-0.0496,0.9623,0.2674,-0.0952,-0.2711,0.9578),
      ["RightUpperLeg"] = CFrame.new(0.0486,0.0407,-0.1108,0.8239,0.3812,-0.4195,-0.3949,0.9169,0.0576,0.4066,0.1182,0.9059),
      ["RightLowerLeg"] = CFrame.new(0.0000,0.0534,-0.0155,1.0000,-0.0000,0.0000,0.0000,0.8456,0.5339,-0.0000,-0.5339,0.8456),
      ["RightFoot"] = CFrame.new(0.0000,0.0000,-0.0001,0.9943,0.0947,-0.0481,-0.0691,0.9207,0.3840,0.0807,-0.3785,0.9221),
    }},
    {Time = 3.833, Data = {
      ["HumanoidRootPart"] = CFrame.new(0.0000,0.0000,0.0000,1.0000,0.0000,0.0000,0.0000,1.0000,0.0000,0.0000,0.0000,1.0000),
      ["LowerTorso"] = CFrame.new(0.0019,-0.0471,-0.1892,1.0000,0.0027,-0.0084,-0.0088,0.3175,-0.9482,0.0001,0.9483,0.3175),
      ["UpperTorso"] = CFrame.new(0.0000,0.0000,0.0000,0.9737,-0.0083,0.2275,-0.0376,0.9797,0.1967,-0.2245,-0.2001,0.9537),
      ["LeftUpperArm"] = CFrame.new(0.0268,-0.0152,0.0330,0.9068,0.0736,0.4150,-0.4079,0.4016,0.8200,-0.1063,-0.9129,0.3942),
      ["LeftLowerArm"] = CFrame.new(-0.0005,0.0321,0.0053,1.0000,-0.0000,0.0000,0.0000,0.9466,-0.3224,0.0000,0.3224,0.9466),
      ["LeftHand"] = CFrame.new(0.0005,0.0000,0.0000,0.9936,0.1130,-0.0023,-0.1117,0.9845,0.1349,0.0176,-0.1338,0.9909),
      ["Head"] = CFrame.new(1.9824,0.1153,-1.0700,0.7293,0.2120,-0.6505,0.4990,0.4856,0.7177,0.4680,-0.8481,0.2484),
      ["RightUpperArm"] = CFrame.new(-0.0331,-0.0484,-0.0130,0.7073,-0.6465,-0.2859,0.5360,0.7542,-0.3793,0.4609,0.1150,0.8800),
      ["RightLowerArm"] = CFrame.new(0.0000,0.0997,0.1089,1.0000,-0.0000,0.0000,0.0000,-0.0900,-0.9959,0.0000,0.9959,-0.0900),
      ["RightHand"] = CFrame.new(-0.0005,0.0000,0.0000,0.9999,-0.0068,0.0081,0.0068,1.0000,-0.0005,-0.0081,0.0006,1.0000),
      ["LeftUpperLeg"] = CFrame.new(0.1417,0.0580,-0.2697,0.8843,0.0964,0.4569,0.2597,0.7116,-0.6528,-0.3881,0.6959,0.6042),
      ["LeftLowerLeg"] = CFrame.new(0.0000,0.0805,-0.0405,1.0000,-0.0000,0.0000,0.0000,0.5953,0.8035,-0.0000,-0.8035,0.5953),
      ["LeftFoot"] = CFrame.new(0.0000,-0.0002,0.0000,0.9949,0.0215,0.0990,-0.0473,0.9628,0.2662,-0.0896,-0.2695,0.9588),
      ["RightUpperLeg"] = CFrame.new(0.0490,0.0408,-0.1114,0.8230,0.3810,-0.4212,-0.3969,0.9163,0.0533,0.4062,0.1233,0.9054),
      ["RightLowerLeg"] = CFrame.new(0.0000,0.0528,-0.0152,1.0000,-0.0000,0.0000,0.0000,0.8488,0.5287,-0.0000,-0.5287,0.8488),
      ["RightFoot"] = CFrame.new(0.0000,0.0000,-0.0001,0.9949,0.0897,-0.0455,-0.0662,0.9244,0.3755,0.0757,-0.3706,0.9257),
    }},
    {Time = 3.867, Data = {
      ["HumanoidRootPart"] = CFrame.new(0.0000,0.0000,0.0000,1.0000,0.0000,0.0000,0.0000,1.0000,0.0000,0.0000,0.0000,1.0000),
      ["LowerTorso"] = CFrame.new(0.0012,-0.0446,-0.1905,0.9999,0.0036,-0.0109,-0.0115,0.3170,-0.9483,0.0001,0.9484,0.3171),
      ["UpperTorso"] = CFrame.new(0.0000,0.0000,0.0000,0.9737,-0.0115,0.2273,-0.0339,0.9802,0.1948,-0.2251,-0.1974,0.9541),
      ["LeftUpperArm"] = CFrame.new(0.0253,-0.0139,0.0303,0.9058,0.0693,0.4179,-0.4085,0.4041,0.8184,-0.1122,-0.9121,0.3943),
      ["LeftLowerArm"] = CFrame.new(-0.0005,0.0328,0.0055,1.0000,-0.0000,0.0000,0.0000,0.9442,-0.3293,0.0000,0.3293,0.9442),
      ["LeftHand"] = CFrame.new(0.0005,0.0000,0.0000,0.9932,0.1166,-0.0011,-0.1153,0.9838,0.1373,0.0171,-0.1362,0.9905),
      ["Head"] = CFrame.new(1.9860,0.1174,-1.0830,0.8089,0.2144,-0.5475,0.4020,0.4779,0.7810,0.4291,-0.8519,0.3004),
      ["RightUpperArm"] = CFrame.new(-0.0300,-0.0514,-0.0120,0.7060,-0.6502,-0.2808,0.5391,0.7505,-0.3822,0.4592,0.1185,0.8804),
      ["RightLowerArm"] = CFrame.new(0.0000,0.0997,0.1084,1.0000,-0.0000,0.0000,0.0000,-0.0853,-0.9964,0.0000,0.9964,-0.0853),
      ["RightHand"] = CFrame.new(-0.0005,0.0000,0.0000,1.0000,-0.0044,0.0052,0.0044,1.0000,-0.0003,-0.0052,0.0003,1.0000),
      ["LeftUpperLeg"] = CFrame.new(0.1428,0.0603,-0.2706,0.8851,0.0951,0.4556,0.2616,0.7080,-0.6559,-0.3849,0.6997,0.6018),
      ["LeftLowerLeg"] = CFrame.new(0.0000,0.0801,-0.0401,1.0000,-0.0000,0.0000,0.0000,0.5996,0.8003,-0.0000,-0.8003,0.5996),
      ["LeftFoot"] = CFrame.new(0.0000,-0.0002,0.0000,0.9955,0.0209,0.0926,-0.0449,0.9633,0.2648,-0.0836,-0.2678,0.9598),
      ["RightUpperLeg"] = CFrame.new(0.0495,0.0409,-0.1121,0.8222,0.3808,-0.4231,-0.3991,0.9156,0.0487,0.4059,0.1288,0.9048),
      ["RightLowerLeg"] = CFrame.new(0.0000,0.0523,-0.0149,1.0000,-0.0000,0.0000,0.0000,0.8522,0.5231,-0.0000,-0.5231,0.8522),
      ["RightFoot"] = CFrame.new(0.0000,0.0000,-0.0001,0.9955,0.0844,-0.0427,-0.0630,0.9283,0.3665,0.0705,-0.3622,0.9294),
    }},
    {Time = 3.900, Data = {
      ["HumanoidRootPart"] = CFrame.new(0.0000,0.0000,0.0000,1.0000,0.0000,0.0000,0.0000,1.0000,0.0000,0.0000,0.0000,1.0000),
      ["LowerTorso"] = CFrame.new(0.0007,-0.0427,-0.1916,0.9999,0.0043,-0.0129,-0.0136,0.3167,-0.9484,0.0000,0.9485,0.3167),
      ["UpperTorso"] = CFrame.new(0.0000,0.0000,0.0000,0.9738,-0.0148,0.2268,-0.0301,0.9808,0.1929,-0.2253,-0.1947,0.9546),
      ["LeftUpperArm"] = CFrame.new(0.0236,-0.0126,0.0277,0.9047,0.0652,0.4210,-0.4094,0.4068,0.8167,-0.1180,-0.9112,0.3947),
      ["LeftLowerArm"] = CFrame.new(-0.0005,0.0336,0.0058,1.0000,-0.0000,0.0000,0.0000,0.9416,-0.3366,0.0000,0.3366,0.9416),
      ["LeftHand"] = CFrame.new(0.0005,0.0000,0.0000,0.9928,0.1194,-0.0001,-0.1182,0.9832,0.1392,0.0167,-0.1382,0.9903),
      ["Head"] = CFrame.new(1.9900,0.1193,-1.0947,0.8707,0.2165,-0.4416,0.3039,0.4692,0.8292,0.3868,-0.8561,0.3427),
      ["RightUpperArm"] = CFrame.new(-0.0272,-0.0540,-0.0107,0.7051,-0.6535,-0.2753,0.5419,0.7470,-0.3852,0.4573,0.1224,0.8808),
      ["RightLowerArm"] = CFrame.new(0.0000,0.0998,0.1080,1.0000,-0.0000,0.0000,0.0000,-0.0805,-0.9968,0.0000,0.9968,-0.0805),
      ["RightHand"] = CFrame.new(-0.0005,0.0000,0.0000,1.0000,-0.0025,0.0030,0.0025,1.0000,-0.0002,-0.0030,0.0002,1.0000),
      ["LeftUpperLeg"] = CFrame.new(0.1440,0.0627,-0.2715,0.8860,0.0936,0.4542,0.2636,0.7043,-0.6592,-0.3816,0.7037,0.5993),
      ["LeftLowerLeg"] = CFrame.new(0.0000,0.0798,-0.0396,1.0000,-0.0000,0.0000,0.0000,0.6041,0.7969,-0.0000,-0.7969,0.6041),
      ["LeftFoot"] = CFrame.new(0.0000,-0.0002,0.0000,0.9961,0.0203,0.0858,-0.0424,0.9638,0.2634,-0.0774,-0.2660,0.9609),
      ["RightUpperLeg"] = CFrame.new(0.0500,0.0410,-0.1129,0.8213,0.3806,-0.4250,-0.4013,0.9149,0.0439,0.4055,0.1345,0.9041),
      ["RightLowerLeg"] = CFrame.new(0.0000,0.0517,-0.0145,1.0000,-0.0000,0.0000,0.0000,0.8558,0.5173,-0.0000,-0.5173,0.8558),
      ["RightFoot"] = CFrame.new(0.0000,0.0000,-0.0001,0.9961,0.0789,-0.0396,-0.0596,0.9322,0.3570,0.0651,-0.3533,0.9333),
    }},
    {Time = 3.933, Data = {
      ["HumanoidRootPart"] = CFrame.new(0.0000,0.0000,0.0000,1.0000,0.0000,0.0000,0.0000,1.0000,0.0000,0.0000,0.0000,1.0000),
      ["LowerTorso"] = CFrame.new(0.0003,-0.0413,-0.1924,0.9999,0.0048,-0.0144,-0.0152,0.3164,-0.9485,0.0000,0.9486,0.3164),
      ["UpperTorso"] = CFrame.new(0.0000,0.0000,0.0000,0.9739,-0.0180,0.2261,-0.0262,0.9813,0.1909,-0.2253,-0.1918,0.9552),
      ["LeftUpperArm"] = CFrame.new(0.0218,-0.0114,0.0252,0.9034,0.0616,0.4243,-0.4105,0.4096,0.8147,-0.1236,-0.9102,0.3953),
      ["LeftLowerArm"] = CFrame.new(-0.0005,0.0343,0.0061,1.0000,-0.0000,0.0000,0.0000,0.9389,-0.3441,0.0000,0.3441,0.9389),
      ["LeftHand"] = CFrame.new(0.0005,0.0000,0.0000,0.9926,0.1214,0.0006,-0.1203,0.9827,0.1406,0.0164,-0.1396,0.9901),
      ["Head"] = CFrame.new(1.9938,0.1208,-1.1043,0.9178,0.2180,-0.3319,0.2032,0.4602,0.8643,0.3412,-0.8606,0.3781),
      ["RightUpperArm"] = CFrame.new(-0.0247,-0.0563,-0.0091,0.7046,-0.6565,-0.2695,0.5444,0.7436,-0.3881,0.4552,0.1268,0.8813),
      ["RightLowerArm"] = CFrame.new(0.0000,0.0998,0.1075,1.0000,-0.0000,0.0000,0.0000,-0.0755,-0.9971,0.0000,0.9971,-0.0755),
      ["RightHand"] = CFrame.new(-0.0005,0.0000,0.0000,1.0000,-0.0011,0.0013,0.0011,1.0000,-0.0001,-0.0013,0.0001,1.0000),
      ["LeftUpperLeg"] = CFrame.new(0.1452,0.0652,-0.2725,0.8868,0.0921,0.4528,0.2656,0.7003,-0.6626,-0.3782,0.7078,0.5966),
      ["LeftLowerLeg"] = CFrame.new(0.0000,0.0795,-0.0392,1.0000,-0.0000,0.0000,0.0000,0.6087,0.7934,-0.0000,-0.7934,0.6087),
      ["LeftFoot"] = CFrame.new(0.0000,-0.0002,0.0000,0.9967,0.0197,0.0789,-0.0398,0.9643,0.2619,-0.0709,-0.2641,0.9619),
      ["RightUpperLeg"] = CFrame.new(0.0505,0.0411,-0.1136,0.8203,0.3804,-0.4270,-0.4037,0.9141,0.0389,0.4051,0.1405,0.9034),
      ["RightLowerLeg"] = CFrame.new(0.0000,0.0511,-0.0142,1.0000,-0.0000,0.0000,0.0000,0.8594,0.5113,-0.0000,-0.5113,0.8594),
      ["RightFoot"] = CFrame.new(0.0000,0.0000,-0.0001,0.9967,0.0732,-0.0364,-0.0560,0.9361,0.3472,0.0595,-0.3439,0.9371),
    }},
    {Time = 3.967, Data = {
      ["HumanoidRootPart"] = CFrame.new(0.0000,0.0000,0.0000,1.0000,0.0000,0.0000,0.0000,1.0000,0.0000,0.0000,0.0000,1.0000),
      ["LowerTorso"] = CFrame.new(0.0001,-0.0405,-0.1929,0.9999,0.0051,-0.0153,-0.0161,0.3162,-0.9485,0.0000,0.9487,0.3163),
      ["UpperTorso"] = CFrame.new(0.0000,0.0000,0.0000,0.9741,-0.0211,0.2251,-0.0223,0.9818,0.1887,-0.2250,-0.1889,0.9559),
      ["LeftUpperArm"] = CFrame.new(0.0200,-0.0103,0.0228,0.9021,0.0583,0.4276,-0.4119,0.4124,0.8126,-0.1290,-0.9091,0.3960),
      ["LeftLowerArm"] = CFrame.new(-0.0005,0.0351,0.0064,1.0000,-0.0000,0.0000,0.0000,0.9361,-0.3518,0.0000,0.3518,0.9361),
      ["LeftHand"] = CFrame.new(0.0005,0.0000,0.0000,0.9925,0.1226,0.0011,-0.1215,0.9825,0.1414,0.0163,-0.1404,0.9900),
      ["Head"] = CFrame.new(1.9971,0.1215,-1.1114,0.9514,0.2185,-0.2172,0.0987,0.4516,0.8867,0.2919,-0.8650,0.4081),
      ["RightUpperArm"] = CFrame.new(-0.0225,-0.0582,-0.0073,0.7044,-0.6591,-0.2635,0.5466,0.7405,-0.3911,0.4529,0.1314,0.8818),
      ["RightLowerArm"] = CFrame.new(0.0000,0.0999,0.1069,1.0000,-0.0000,0.0000,0.0000,-0.0704,-0.9975,0.0000,0.9975,-0.0704),
      ["RightHand"] = CFrame.new(-0.0005,0.0000,0.0000,1.0000,-0.0003,0.0003,0.0003,1.0000,-0.0000,-0.0003,0.0000,1.0000),
      ["LeftUpperLeg"] = CFrame.new(0.1465,0.0677,-0.2735,0.8877,0.0905,0.4514,0.2676,0.6963,-0.6660,-0.3746,0.7120,0.5939),
      ["LeftLowerLeg"] = CFrame.new(0.0000,0.0791,-0.0387,1.0000,-0.0000,0.0000,0.0000,0.6135,0.7897,-0.0000,-0.7897,0.6135),
      ["LeftFoot"] = CFrame.new(0.0000,-0.0002,0.0000,0.9972,0.0190,0.0717,-0.0371,0.9648,0.2603,-0.0642,-0.2622,0.9629),
      ["RightUpperLeg"] = CFrame.new(0.0510,0.0412,-0.1144,0.8194,0.3802,-0.4291,-0.4060,0.9132,0.0338,0.4047,0.1465,0.9026),
      ["RightLowerLeg"] = CFrame.new(0.0000,0.0505,-0.0138,1.0000,-0.0000,0.0000,0.0000,0.8631,0.5050,-0.0000,-0.5050,0.8631),
      ["RightFoot"] = CFrame.new(0.0000,0.0000,-0.0001,0.9972,0.0674,-0.0331,-0.0523,0.9400,0.3370,0.0538,-0.3344,0.9409),
    }},
    {Time = 4.000, Data = {
      ["HumanoidRootPart"] = CFrame.new(0.0000,0.0000,0.0000,1.0000,0.0000,0.0000,0.0000,1.0000,0.0000,0.0000,0.0000,1.0000),
      ["LowerTorso"] = CFrame.new(0.0000,-0.0403,-0.1930,0.9999,0.0052,-0.0155,-0.0163,0.3163,-0.9485,-0.0000,0.9487,0.3163),
      ["UpperTorso"] = CFrame.new(0.0000,0.0000,0.0000,0.9743,-0.0241,0.2238,-0.0185,0.9823,0.1866,-0.2244,-0.1859,0.9566),
      ["LeftUpperArm"] = CFrame.new(0.0181,-0.0093,0.0206,0.9006,0.0554,0.4311,-0.4134,0.4153,0.8103,-0.1342,-0.9080,0.3969),
      ["LeftLowerArm"] = CFrame.new(-0.0005,0.0359,0.0066,1.0000,-0.0000,0.0000,0.0000,0.9331,-0.3595,0.0000,0.3595,0.9331),
      ["LeftHand"] = CFrame.new(0.0005,0.0000,0.0000,0.9924,0.1230,0.0012,-0.1220,0.9824,0.1416,0.0163,-0.1406,0.9899),
      ["Head"] = CFrame.new(1.9993,0.1210,-1.1152,0.9711,0.2178,-0.0974,-0.0098,0.4444,0.8958,0.2384,-0.8690,0.4337),
      ["RightUpperArm"] = CFrame.new(-0.0208,-0.0597,-0.0052,0.7046,-0.6613,-0.2574,0.5484,0.7376,-0.3939,0.4504,0.1364,0.8824),
      ["RightLowerArm"] = CFrame.new(0.0000,0.0999,0.1064,1.0000,-0.0000,0.0000,0.0000,-0.0652,-0.9979,0.0000,0.9979,-0.0652),
      ["RightHand"] = CFrame.new(-0.0005,0.0000,0.0000,1.0000,-0.0001,0.0001,0.0001,1.0000,-0.0000,-0.0001,0.0000,1.0000),
      ["LeftUpperLeg"] = CFrame.new(0.1478,0.0703,-0.2745,0.8886,0.0890,0.4500,0.2697,0.6922,-0.6694,-0.3710,0.7162,0.5911),
      ["LeftLowerLeg"] = CFrame.new(0.0000,0.0787,-0.0382,1.0000,-0.0000,0.0000,0.0000,0.6182,0.7860,-0.0000,-0.7860,0.6182),
      ["LeftFoot"] = CFrame.new(0.0000,-0.0002,0.0000,0.9978,0.0183,0.0645,-0.0344,0.9653,0.2587,-0.0575,-0.2603,0.9638),
      ["RightUpperLeg"] = CFrame.new(0.0515,0.0413,-0.1152,0.8184,0.3799,-0.4312,-0.4085,0.9123,0.0287,0.4043,0.1526,0.9018),
      ["RightLowerLeg"] = CFrame.new(0.0000,0.0498,-0.0134,1.0000,-0.0000,0.0000,0.0000,0.8668,0.4987,-0.0000,-0.4987,0.8668),
      ["RightFoot"] = CFrame.new(0.0000,0.0000,-0.0001,0.9977,0.0616,-0.0297,-0.0485,0.9438,0.3268,0.0481,-0.3246,0.9446),
    }},
    {Time = 4.033, Data = {
      ["HumanoidRootPart"] = CFrame.new(0.0000,0.0000,0.0000,1.0000,0.0000,0.0000,0.0000,1.0000,0.0000,0.0000,0.0000,1.0000),
      ["LowerTorso"] = CFrame.new(0.0001,-0.0405,-0.1929,0.9999,0.0051,-0.0153,-0.0161,0.3163,-0.9485,0.0000,0.9486,0.3163),
      ["UpperTorso"] = CFrame.new(0.0000,0.0000,0.0000,0.9746,-0.0270,0.2224,-0.0148,0.9827,0.1844,-0.2235,-0.1830,0.9574),
      ["LeftUpperArm"] = CFrame.new(0.0162,-0.0084,0.0185,0.8991,0.0530,0.4346,-0.4151,0.4182,0.8079,-0.1389,-0.9068,0.3980),
      ["LeftLowerArm"] = CFrame.new(-0.0005,0.0366,0.0069,1.0000,-0.0000,0.0000,0.0000,0.9301,-0.3672,0.0000,0.3672,0.9301),
      ["LeftHand"] = CFrame.new(0.0005,0.0000,0.0000,0.9925,0.1226,0.0011,-0.1215,0.9825,0.1414,0.0163,-0.1404,0.9900),
      ["Head"] = CFrame.new(2.0000,0.1192,-1.1154,0.9761,0.2159,0.0259,-0.1208,0.4393,0.8902,0.1808,-0.8720,0.4549),
      ["RightUpperArm"] = CFrame.new(-0.0195,-0.0608,-0.0029,0.7052,-0.6630,-0.2512,0.5498,0.7351,-0.3967,0.4477,0.1416,0.8829),
      ["RightLowerArm"] = CFrame.new(0.0000,0.0999,0.1059,1.0000,-0.0000,0.0000,0.0000,-0.0601,-0.9982,0.0000,0.9982,-0.0601),
      ["RightHand"] = CFrame.new(-0.0005,0.0000,0.0000,1.0000,-0.0003,0.0003,0.0003,1.0000,-0.0001,-0.0003,0.0001,1.0000),
      ["LeftUpperLeg"] = CFrame.new(0.1490,0.0728,-0.2756,0.8895,0.0874,0.4485,0.2717,0.6881,-0.6729,-0.3674,0.7204,0.5883),
      ["LeftLowerLeg"] = CFrame.new(0.0000,0.0783,-0.0378,1.0000,-0.0000,0.0000,0.0000,0.6229,0.7823,-0.0000,-0.7823,0.6229),
      ["LeftFoot"] = CFrame.new(0.0000,-0.0002,0.0000,0.9982,0.0176,0.0573,-0.0318,0.9659,0.2571,-0.0508,-0.2584,0.9647),
      ["RightUpperLeg"] = CFrame.new(0.0520,0.0414,-0.1160,0.8174,0.3797,-0.4332,-0.4109,0.9114,0.0235,0.4038,0.1588,0.9010),
      ["RightLowerLeg"] = CFrame.new(0.0000,0.0492,-0.0131,1.0000,-0.0000,0.0000,0.0000,0.8704,0.4924,-0.0000,-0.4924,0.8704),
      ["RightFoot"] = CFrame.new(0.0000,0.0000,-0.0001,0.9981,0.0558,-0.0262,-0.0447,0.9475,0.3165,0.0425,-0.3148,0.9482),
    }},
    {Time = 4.067, Data = {
      ["HumanoidRootPart"] = CFrame.new(0.0000,0.0000,0.0000,1.0000,0.0000,0.0000,0.0000,1.0000,0.0000,0.0000,0.0000,1.0000),
      ["LowerTorso"] = CFrame.new(0.0003,-0.0413,-0.1924,0.9999,0.0048,-0.0144,-0.0152,0.3164,-0.9485,0.0000,0.9486,0.3164),
      ["UpperTorso"] = CFrame.new(0.0000,0.0000,0.0000,0.9749,-0.0297,0.2207,-0.0112,0.9832,0.1822,-0.2224,-0.1801,0.9582),
      ["LeftUpperArm"] = CFrame.new(0.0143,-0.0076,0.0167,0.8975,0.0511,0.4380,-0.4170,0.4211,0.8054,-0.1433,-0.9056,0.3993),
      ["LeftLowerArm"] = CFrame.new(-0.0005,0.0374,0.0073,1.0000,-0.0000,0.0000,0.0000,0.9271,-0.3748,0.0000,0.3748,0.9271),
      ["LeftHand"] = CFrame.new(0.0005,0.0000,0.0000,0.9926,0.1214,0.0006,-0.1203,0.9827,0.1406,0.0164,-0.1396,0.9901),
      ["Head"] = CFrame.new(1.9995,0.1162,-1.1123,0.9653,0.2133,0.1505,-0.2319,0.4365,0.8693,0.1197,-0.8741,0.4708),
      ["RightUpperArm"] = CFrame.new(-0.0186,-0.0615,-0.0003,0.7062,-0.6643,-0.2451,0.5508,0.7329,-0.3994,0.4449,0.1470,0.8834),
      ["RightLowerArm"] = CFrame.new(0.0000,0.0999,0.1054,1.0000,-0.0000,0.0000,0.0000,-0.0550,-0.9985,0.0000,0.9985,-0.0550),
      ["RightHand"] = CFrame.new(-0.0005,0.0000,0.0000,1.0000,-0.0011,0.0013,0.0011,1.0000,-0.0001,-0.0013,0.0001,1.0000),
      ["LeftUpperLeg"] = CFrame.new(0.1503,0.0753,-0.2766,0.8903,0.0858,0.4471,0.2737,0.6840,-0.6762,-0.3638,0.7245,0.5855),
      ["LeftLowerLeg"] = CFrame.new(0.0000,0.0780,-0.0373,1.0000,-0.0000,0.0000,0.0000,0.6276,0.7786,-0.0000,-0.7786,0.6276),
      ["LeftFoot"] = CFrame.new(0.0000,-0.0002,0.0000,0.9986,0.0169,0.0501,-0.0291,0.9664,0.2554,-0.0441,-0.2565,0.9655),
      ["RightUpperLeg"] = CFrame.new(0.0525,0.0415,-0.1168,0.8164,0.3794,-0.4353,-0.4132,0.9104,0.0185,0.4033,0.1648,0.9001),
      ["RightLowerLeg"] = CFrame.new(0.0000,0.0486,-0.0127,1.0000,-0.0000,0.0000,0.0000,0.8739,0.4861,-0.0000,-0.4861,0.8739),
      ["RightFoot"] = CFrame.new(0.0000,0.0000,-0.0001,0.9985,0.0501,-0.0227,-0.0408,0.9510,0.3064,0.0369,-0.3050,0.9516),
    }},
    {Time = 4.100, Data = {
      ["HumanoidRootPart"] = CFrame.new(0.0000,0.0000,0.0000,1.0000,0.0000,0.0000,0.0000,1.0000,0.0000,0.0000,0.0000,1.0000),
      ["LowerTorso"] = CFrame.new(0.0007,-0.0427,-0.1916,0.9999,0.0043,-0.0129,-0.0136,0.3167,-0.9484,0.0000,0.9485,0.3167),
      ["UpperTorso"] = CFrame.new(0.0000,0.0000,0.0000,0.9752,-0.0323,0.2188,-0.0078,0.9836,0.1800,-0.2210,-0.1773,0.9590),
      ["LeftUpperArm"] = CFrame.new(0.0124,-0.0069,0.0150,0.8959,0.0497,0.4415,-0.4191,0.4240,0.8029,-0.1473,-0.9043,0.4007),
      ["LeftLowerArm"] = CFrame.new(-0.0005,0.0381,0.0076,1.0000,-0.0000,0.0000,0.0000,0.9241,-0.3822,0.0000,0.3822,0.9241),
      ["LeftHand"] = CFrame.new(0.0005,0.0000,0.0000,0.9928,0.1194,-0.0001,-0.1182,0.9832,0.1392,0.0167,-0.1382,0.9903),
      ["Head"] = CFrame.new(1.9981,0.1122,-1.1065,0.9382,0.2102,0.2750,-0.3417,0.4356,0.8328,0.0552,-0.8752,0.4805),
      ["RightUpperArm"] = CFrame.new(-0.0181,-0.0617,0.0024,0.7074,-0.6652,-0.2390,0.5516,0.7309,-0.4019,0.4420,0.1525,0.8840),
      ["RightLowerArm"] = CFrame.new(0.0000,0.1000,0.1049,1.0000,-0.0000,0.0000,0.0000,-0.0500,-0.9987,0.0000,0.9987,-0.0500),
      ["RightHand"] = CFrame.new(-0.0005,0.0000,0.0000,1.0000,-0.0025,0.0030,0.0025,1.0000,-0.0002,-0.0030,0.0002,1.0000),
      ["LeftUpperLeg"] = CFrame.new(0.1515,0.0778,-0.2776,0.8912,0.0842,0.4458,0.2756,0.6799,-0.6795,-0.3603,0.7284,0.5827),
      ["LeftLowerLeg"] = CFrame.new(0.0000,0.0776,-0.0368,1.0000,-0.0000,0.0000,0.0000,0.6321,0.7749,-0.0000,-0.7749,0.6321),
      ["LeftFoot"] = CFrame.new(0.0000,-0.0002,0.0000,0.9989,0.0162,0.0431,-0.0266,0.9669,0.2538,-0.0376,-0.2547,0.9663),
      ["RightUpperLeg"] = CFrame.new(0.0530,0.0416,-0.1175,0.8155,0.3791,-0.4373,-0.4155,0.9095,0.0135,0.4028,0.1707,0.8992),
      ["RightLowerLeg"] = CFrame.new(0.0000,0.0480,-0.0124,1.0000,-0.0000,0.0000,0.0000,0.8773,0.4799,-0.0000,-0.4799,0.8773),
      ["RightFoot"] = CFrame.new(0.0000,0.0000,-0.0001,0.9988,0.0446,-0.0192,-0.0369,0.9544,0.2964,0.0315,-0.2953,0.9549),
    }},
    {Time = 4.133, Data = {
      ["HumanoidRootPart"] = CFrame.new(0.0000,0.0000,0.0000,1.0000,0.0000,0.0000,0.0000,1.0000,0.0000,0.0000,0.0000,1.0000),
      ["LowerTorso"] = CFrame.new(0.0012,-0.0446,-0.1905,0.9999,0.0036,-0.0109,-0.0115,0.3170,-0.9483,0.0001,0.9484,0.3171),
      ["UpperTorso"] = CFrame.new(0.0000,0.0000,0.0000,0.9756,-0.0346,0.2167,-0.0046,0.9840,0.1779,-0.2194,-0.1746,0.9599),
      ["LeftUpperArm"] = CFrame.new(0.0106,-0.0064,0.0136,0.8943,0.0488,0.4448,-0.4213,0.4267,0.8002,-0.1508,-0.9031,0.4022),
      ["LeftLowerArm"] = CFrame.new(-0.0005,0.0388,0.0078,1.0000,-0.0000,0.0000,0.0000,0.9211,-0.3893,0.0000,0.3893,0.9211),
      ["LeftHand"] = CFrame.new(0.0005,0.0000,0.0000,0.9932,0.1166,-0.0011,-0.1153,0.9838,0.1373,0.0171,-0.1362,0.9905),
      ["Head"] = CFrame.new(1.9961,0.1075,-1.0983,0.8933,0.2069,0.3990,-0.4493,0.4363,0.7796,-0.0128,-0.8757,0.4827),
      ["RightUpperArm"] = CFrame.new(-0.0181,-0.0616,0.0053,0.7090,-0.6656,-0.2330,0.5519,0.7294,-0.4042,0.4390,0.1580,0.8845),
      ["RightLowerArm"] = CFrame.new(0.0000,0.1000,0.1044,1.0000,-0.0000,0.0000,0.0000,-0.0452,-0.9990,0.0000,0.9990,-0.0452),
      ["RightHand"] = CFrame.new(-0.0005,0.0000,0.0000,1.0000,-0.0044,0.0052,0.0044,1.0000,-0.0003,-0.0052,0.0003,1.0000),
      ["LeftUpperLeg"] = CFrame.new(0.1527,0.0802,-0.2785,0.8920,0.0827,0.4444,0.2775,0.6760,-0.6827,-0.3569,0.7323,0.5800),
      ["LeftLowerLeg"] = CFrame.new(0.0000,0.0773,-0.0364,1.0000,-0.0000,0.0000,0.0000,0.6364,0.7713,-0.0000,-0.7713,0.6364),
      ["LeftFoot"] = CFrame.new(0.0000,-0.0002,0.0000,0.9992,0.0154,0.0364,-0.0241,0.9674,0.2523,-0.0313,-0.2529,0.9670),
      ["RightUpperLeg"] = CFrame.new(0.0535,0.0417,-0.1182,0.8146,0.3788,-0.4392,-0.4178,0.9085,0.0087,0.4024,0.1764,0.8983),
      ["RightLowerLeg"] = CFrame.new(0.0000,0.0474,-0.0120,1.0000,-0.0000,0.0000,0.0000,0.8806,0.4739,-0.0000,-0.4739,0.8806),
      ["RightFoot"] = CFrame.new(0.0000,0.0000,-0.0001,0.9991,0.0393,-0.0158,-0.0331,0.9574,0.2867,0.0264,-0.2860,0.9579),
    }},
    {Time = 4.167, Data = {
      ["HumanoidRootPart"] = CFrame.new(0.0000,0.0000,0.0000,1.0000,0.0000,0.0000,0.0000,1.0000,0.0000,0.0000,0.0000,1.0000),
      ["LowerTorso"] = CFrame.new(0.0019,-0.0471,-0.1892,1.0000,0.0027,-0.0084,-0.0088,0.3175,-0.9482,0.0001,0.9483,0.3175),
      ["UpperTorso"] = CFrame.new(0.0000,0.0000,0.0000,0.9760,-0.0366,0.2145,-0.0017,0.9844,0.1759,-0.2176,-0.1720,0.9608),
      ["LeftUpperArm"] = CFrame.new(0.0088,-0.0060,0.0124,0.8927,0.0485,0.4481,-0.4237,0.4293,0.7976,-0.1537,-0.9019,0.4038),
      ["LeftLowerArm"] = CFrame.new(-0.0005,0.0395,0.0081,1.0000,-0.0000,0.0000,0.0000,0.9182,-0.3961,0.0000,0.3961,0.9182),
      ["LeftHand"] = CFrame.new(0.0005,0.0000,0.0000,0.9936,0.1130,-0.0023,-0.1117,0.9845,0.1349,0.0176,-0.1338,0.9909),
      ["Head"] = CFrame.new(1.9939,0.1024,-1.0883,0.8281,0.2036,0.5224,-0.5542,0.4384,0.7076,-0.0849,-0.8754,0.4758),
      ["RightUpperArm"] = CFrame.new(-0.0185,-0.0611,0.0084,0.7110,-0.6655,-0.2272,0.5518,0.7283,-0.4063,0.4359,0.1635,0.8850),
      ["RightLowerArm"] = CFrame.new(0.0000,0.1000,0.1040,1.0000,-0.0000,0.0000,0.0000,-0.0406,-0.9992,0.0000,0.9992,-0.0406),
      ["RightHand"] = CFrame.new(-0.0005,0.0000,0.0000,0.9999,-0.0068,0.0081,0.0068,1.0000,-0.0005,-0.0081,0.0006,1.0000),
      ["LeftUpperLeg"] = CFrame.new(0.1538,0.0825,-0.2794,0.8927,0.0813,0.4432,0.2792,0.6722,-0.6857,-0.3536,0.7359,0.5774),
      ["LeftLowerLeg"] = CFrame.new(0.0000,0.0769,-0.0360,1.0000,-0.0000,0.0000,0.0000,0.6406,0.7679,-0.0000,-0.7679,0.6406),
      ["LeftFoot"] = CFrame.new(0.0000,-0.0002,0.0000,0.9994,0.0148,0.0299,-0.0218,0.9678,0.2507,-0.0253,-0.2513,0.9676),
      ["RightUpperLeg"] = CFrame.new(0.0539,0.0418,-0.1189,0.8137,0.3785,-0.4411,-0.4199,0.9076,0.0042,0.4019,0.1818,0.8975),
      ["RightLowerLeg"] = CFrame.new(0.0000,0.0468,-0.0117,1.0000,-0.0000,0.0000,0.0000,0.8836,0.4682,-0.0000,-0.4682,0.8836),
      ["RightFoot"] = CFrame.new(0.0000,0.0000,-0.0001,0.9993,0.0342,-0.0124,-0.0295,0.9603,0.2775,0.0214,-0.2770,0.9606),
    }},
    {Time = 4.200, Data = {
      ["HumanoidRootPart"] = CFrame.new(0.0000,0.0000,0.0000,1.0000,0.0000,0.0000,0.0000,1.0000,0.0000,0.0000,0.0000,1.0000),
      ["LowerTorso"] = CFrame.new(0.0027,-0.0500,-0.1875,1.0000,0.0017,-0.0053,-0.0056,0.3181,-0.9481,0.0001,0.9481,0.3181),
      ["UpperTorso"] = CFrame.new(0.0000,0.0000,0.0000,0.9765,-0.0384,0.2122,0.0010,0.9848,0.1739,-0.2156,-0.1696,0.9616),
      ["LeftUpperArm"] = CFrame.new(0.0071,-0.0057,0.0114,0.8911,0.0486,0.4512,-0.4261,0.4318,0.7950,-0.1562,-0.9007,0.4055),
      ["LeftLowerArm"] = CFrame.new(-0.0005,0.0402,0.0084,1.0000,-0.0000,0.0000,0.0000,0.9154,-0.4024,0.0000,0.4024,0.9154),
      ["LeftHand"] = CFrame.new(0.0005,0.0000,0.0000,0.9941,0.1088,-0.0038,-0.1073,0.9854,0.1320,0.0181,-0.1308,0.9912),
      ["Head"] = CFrame.new(1.9917,0.0970,-1.0771,0.7379,0.2003,0.6445,-0.6553,0.4414,0.6130,-0.1617,-0.8747,0.4570),
      ["RightUpperArm"] = CFrame.new(-0.0193,-0.0601,0.0115,0.7133,-0.6649,-0.2217,0.5513,0.7276,-0.4082,0.4327,0.1689,0.8856),
      ["RightLowerArm"] = CFrame.new(0.0000,0.1000,0.1035,1.0000,-0.0000,0.0000,0.0000,-0.0363,-0.9993,0.0000,0.9993,-0.0363),
      ["RightHand"] = CFrame.new(-0.0005,0.0000,0.0000,0.9999,-0.0097,0.0115,0.0097,1.0000,-0.0007,-0.0115,0.0008,0.9999),
      ["LeftUpperLeg"] = CFrame.new(0.1549,0.0846,-0.2803,0.8934,0.0799,0.4420,0.2808,0.6687,-0.6885,-0.3506,0.7393,0.5750),
      ["LeftLowerLeg"] = CFrame.new(0.0000,0.0766,-0.0356,1.0000,-0.0000,0.0000,0.0000,0.6444,0.7646,-0.0000,-0.7646,0.6444),
      ["LeftFoot"] = CFrame.new(0.0000,-0.0002,0.0000,0.9996,0.0141,0.0238,-0.0196,0.9682,0.2493,-0.0196,-0.2497,0.9681),
      ["RightUpperLeg"] = CFrame.new(0.0543,0.0419,-0.1196,0.8129,0.3782,-0.4428,-0.4219,0.9066,-0.0001,0.4014,0.1869,0.8966),
      ["RightLowerLeg"] = CFrame.new(0.0000,0.0463,-0.0114,1.0000,-0.0000,0.0000,0.0000,0.8865,0.4627,-0.0000,-0.4627,0.8865),
      ["RightFoot"] = CFrame.new(0.0000,0.0000,-0.0001,0.9995,0.0295,-0.0093,-0.0260,0.9628,0.2688,0.0169,-0.2685,0.9631),
    }},
    {Time = 4.233, Data = {
      ["HumanoidRootPart"] = CFrame.new(0.0000,0.0000,0.0000,1.0000,0.0000,0.0000,0.0000,1.0000,0.0000,0.0000,0.0000,1.0000),
      ["LowerTorso"] = CFrame.new(0.0037,-0.0533,-0.1856,1.0000,0.0005,-0.0018,-0.0019,0.3187,-0.9479,0.0001,0.9479,0.3187),
      ["UpperTorso"] = CFrame.new(0.0000,0.0000,0.0000,0.9769,-0.0399,0.2097,0.0033,0.9851,0.1721,-0.2135,-0.1674,0.9625),
      ["LeftUpperArm"] = CFrame.new(0.0055,-0.0058,0.0107,0.8896,0.0493,0.4541,-0.4286,0.4340,0.7924,-0.1580,-0.8996,0.4072),
      ["LeftLowerArm"] = CFrame.new(-0.0005,0.0407,0.0087,1.0000,-0.0000,0.0000,0.0000,0.9128,-0.4083,0.0000,0.4083,0.9128),
      ["LeftHand"] = CFrame.new(0.0005,0.0000,0.0000,0.9946,0.1039,-0.0055,-0.1023,0.9864,0.1287,0.0188,-0.1274,0.9917),
      ["Head"] = CFrame.new(1.9899,0.0917,-1.0652,0.6157,0.1971,0.7629,-0.7495,0.4454,0.4898,-0.2432,-0.8734,0.4220),
      ["RightUpperArm"] = CFrame.new(-0.0205,-0.0587,0.0148,0.7159,-0.6638,-0.2165,0.5505,0.7273,-0.4099,0.4295,0.1742,0.8861),
      ["RightLowerArm"] = CFrame.new(0.0000,0.1000,0.1031,1.0000,-0.0000,0.0000,0.0000,-0.0323,-0.9995,0.0000,0.9995,-0.0323),
      ["RightHand"] = CFrame.new(-0.0005,0.0000,0.0000,0.9998,-0.0131,0.0155,0.0131,0.9999,-0.0009,-0.0155,0.0011,0.9999),
      ["LeftUpperLeg"] = CFrame.new(0.1559,0.0866,-0.2811,0.8941,0.0786,0.4409,0.2823,0.6653,-0.6911,-0.3477,0.7424,0.5727),
      ["LeftLowerLeg"] = CFrame.new(0.0000,0.0763,-0.0353,1.0000,-0.0000,0.0000,0.0000,0.6480,0.7616,-0.0000,-0.7616,0.6480),
      ["LeftFoot"] = CFrame.new(0.0000,-0.0002,0.0000,0.9997,0.0135,0.0182,-0.0176,0.9686,0.2480,-0.0143,-0.2482,0.9686),
      ["RightUpperLeg"] = CFrame.new(0.0547,0.0420,-0.1202,0.8122,0.3780,-0.4444,-0.4238,0.9058,-0.0041,0.4010,0.1917,0.8958),
      ["RightLowerLeg"] = CFrame.new(0.0000,0.0457,-0.0112,1.0000,-0.0000,0.0000,0.0000,0.8891,0.4577,-0.0000,-0.4577,0.8891),
      ["RightFoot"] = CFrame.new(0.0000,0.0000,-0.0001,0.9997,0.0252,-0.0063,-0.0227,0.9651,0.2608,0.0126,-0.2605,0.9654),
    }},
    {Time = 4.267, Data = {
      ["HumanoidRootPart"] = CFrame.new(0.0000,0.0000,0.0000,1.0000,0.0000,0.0000,0.0000,1.0000,0.0000,0.0000,0.0000,1.0000),
      ["LowerTorso"] = CFrame.new(0.0047,-0.0571,-0.1835,1.0000,-0.0009,0.0021,0.0023,0.3194,-0.9476,0.0002,0.9476,0.3194),
      ["UpperTorso"] = CFrame.new(0.0000,0.0000,0.0000,0.9774,-0.0411,0.2072,0.0054,0.9854,0.1704,-0.2111,-0.1655,0.9633),
      ["LeftUpperArm"] = CFrame.new(0.0040,-0.0058,0.0103,0.8881,0.0506,0.4569,-0.4312,0.4360,0.7899,-0.1593,-0.8985,0.4091),
      ["LeftLowerArm"] = CFrame.new(-0.0005,0.0413,0.0089,1.0000,-0.0000,0.0000,0.0000,0.9104,-0.4136,0.0000,0.4136,0.9104),
      ["LeftHand"] = CFrame.new(0.0005,0.0000,0.0000,0.9951,0.0983,-0.0074,-0.0966,0.9875,0.1249,0.0196,-0.1236,0.9921),
      ["Head"] = CFrame.new(1.9889,0.0866,-1.0530,0.4522,0.1940,0.8706,-0.8295,0.4502,0.3305,-0.3278,-0.8716,0.3645),
      ["RightUpperArm"] = CFrame.new(-0.0222,-0.0570,0.0181,0.7187,-0.6623,-0.2117,0.5493,0.7274,-0.4113,0.4264,0.1793,0.8866),
      ["RightLowerArm"] = CFrame.new(0.0000,0.1000,0.1028,1.0000,-0.0000,0.0000,0.0000,-0.0286,-0.9996,0.0000,0.9996,-0.0286),
      ["RightHand"] = CFrame.new(-0.0005,0.0000,0.0000,0.9997,-0.0169,0.0200,0.0169,0.9999,-0.0011,-0.0199,0.0015,0.9998),
      ["LeftUpperLeg"] = CFrame.new(0.1568,0.0884,-0.2818,0.8947,0.0774,0.4399,0.2837,0.6623,-0.6935,-0.3451,0.7452,0.5706),
      ["LeftLowerLeg"] = CFrame.new(0.0000,0.0760,-0.0349,1.0000,-0.0000,0.0000,0.0000,0.6513,0.7589,-0.0000,-0.7589,0.6513),
      ["LeftFoot"] = CFrame.new(0.0000,-0.0002,0.0000,0.9998,0.0129,0.0131,-0.0158,0.9690,0.2467,-0.0095,-0.2469,0.9690),
      ["RightUpperLeg"] = CFrame.new(0.0551,0.0421,-0.1208,0.8115,0.3777,-0.4459,-0.4255,0.9049,-0.0077,0.4006,0.1959,0.8950),
      ["RightLowerLeg"] = CFrame.new(0.0000,0.0453,-0.0109,1.0000,-0.0000,0.0000,0.0000,0.8915,0.4531,-0.0000,-0.4531,0.8915),
      ["RightFoot"] = CFrame.new(0.0000,0.0000,-0.0001,0.9998,0.0213,-0.0035,-0.0197,0.9672,0.2534,0.0088,-0.2533,0.9673),
    }},
    {Time = 4.300, Data = {
      ["HumanoidRootPart"] = CFrame.new(0.0000,0.0000,0.0000,1.0000,0.0000,0.0000,0.0000,1.0000,0.0000,0.0000,0.0000,1.0000),
      ["LowerTorso"] = CFrame.new(0.0059,-0.0612,-0.1811,1.0000,-0.0024,0.0065,0.0069,0.3202,-0.9473,0.0002,0.9473,0.3202),
      ["UpperTorso"] = CFrame.new(0.0000,0.0000,0.0000,0.9780,-0.0420,0.2046,0.0070,0.9856,0.1689,-0.2087,-0.1637,0.9642),
      ["LeftUpperArm"] = CFrame.new(0.0026,-0.0059,0.0102,0.8867,0.0523,0.4594,-0.4338,0.4378,0.7875,-0.1599,-0.8975,0.4109),
      ["LeftLowerArm"] = CFrame.new(-0.0005,0.0417,0.0091,1.0000,-0.0000,0.0000,0.0000,0.9083,-0.4184,0.0000,0.4184,0.9083),
      ["LeftHand"] = CFrame.new(0.0005,0.0000,0.0000,0.9957,0.0922,-0.0095,-0.0904,0.9886,0.1208,0.0205,-0.1194,0.9926),
      ["Head"] = CFrame.new(1.9887,0.0820,-1.0411,0.2371,0.1912,0.9525,-0.8808,0.4558,0.1278,-0.4097,-0.8693,0.2765),
      ["RightUpperArm"] = CFrame.new(-0.0243,-0.0549,0.0215,0.7217,-0.6604,-0.2074,0.5477,0.7280,-0.4124,0.4233,0.1840,0.8871),
      ["RightLowerArm"] = CFrame.new(0.0000,0.1000,0.1024,1.0000,-0.0000,0.0000,0.0000,-0.0254,-0.9997,0.0000,0.9997,-0.0254),
      ["RightHand"] = CFrame.new(-0.0005,0.0000,0.0000,0.9995,-0.0210,0.0249,0.0211,0.9998,-0.0014,-0.0248,0.0019,0.9997),
      ["LeftUpperLeg"] = CFrame.new(0.1576,0.0901,-0.2824,0.8952,0.0764,0.4391,0.2848,0.6596,-0.6955,-0.3428,0.7477,0.5687),
      ["LeftLowerLeg"] = CFrame.new(0.0000,0.0758,-0.0346,1.0000,-0.0000,0.0000,0.0000,0.6541,0.7564,-0.0000,-0.7564,0.6541),
      ["LeftFoot"] = CFrame.new(0.0000,-0.0002,0.0000,0.9999,0.0124,0.0086,-0.0141,0.9693,0.2456,-0.0052,-0.2457,0.9693),
      ["RightUpperLeg"] = CFrame.new(0.0554,0.0421,-0.1213,0.8109,0.3775,-0.4472,-0.4270,0.9042,-0.0109,0.4003,0.1998,0.8944),
      ["RightLowerLeg"] = CFrame.new(0.0000,0.0449,-0.0107,1.0000,-0.0000,0.0000,0.0000,0.8935,0.4490,-0.0000,-0.4490,0.8935),
      ["RightFoot"] = CFrame.new(0.0000,0.0000,-0.0001,0.9998,0.0178,-0.0011,-0.0170,0.9689,0.2469,0.0054,-0.2468,0.9690),
    }},
    {Time = 4.333, Data = {
      ["HumanoidRootPart"] = CFrame.new(0.0000,0.0000,0.0000,1.0000,0.0000,0.0000,0.0000,1.0000,0.0000,0.0000,0.0000,1.0000),
      ["LowerTorso"] = CFrame.new(0.0072,-0.0657,-0.1786,0.9999,-0.0040,0.0112,0.0119,0.3210,-0.9470,0.0002,0.9471,0.3210),
      ["UpperTorso"] = CFrame.new(0.0000,0.0000,0.0000,0.9785,-0.0426,0.2019,0.0083,0.9858,0.1675,-0.2062,-0.1622,0.9650),
      ["LeftUpperArm"] = CFrame.new(0.0014,-0.0063,0.0104,0.8854,0.0546,0.4616,-0.4364,0.4394,0.7852,-0.1600,-0.8967,0.4128),
      ["LeftLowerArm"] = CFrame.new(-0.0005,0.0422,0.0093,1.0000,-0.0000,0.0000,0.0000,0.9064,-0.4225,0.0000,0.4225,0.9064),
      ["LeftHand"] = CFrame.new(0.0005,0.0000,0.0000,0.9963,0.0856,-0.0117,-0.0836,0.9897,0.1163,0.0215,-0.1148,0.9932),
      ["Head"] = CFrame.new(1.9888,0.0780,-1.0297,-0.0261,0.1891,0.9816,-0.8796,0.4623,-0.1125,-0.4751,-0.8663,0.1543),
      ["RightUpperArm"] = CFrame.new(-0.0267,-0.0525,0.0248,0.7249,-0.6581,-0.2035,0.5457,0.7290,-0.4132,0.4203,0.1885,0.8876),
      ["RightLowerArm"] = CFrame.new(0.0000,0.1000,0.1022,1.0000,-0.0000,0.0000,0.0000,-0.0226,-0.9997,0.0000,0.9997,-0.0226),
      ["RightHand"] = CFrame.new(-0.0005,0.0000,0.0000,0.9992,-0.0255,0.0302,0.0255,0.9997,-0.0016,-0.0301,0.0023,0.9995),
      ["LeftUpperLeg"] = CFrame.new(0.1583,0.0915,-0.2830,0.8956,0.0755,0.4383,0.2859,0.6573,-0.6973,-0.3407,0.7499,0.5671),
      ["LeftLowerLeg"] = CFrame.new(0.0000,0.0755,-0.0344,1.0000,-0.0000,0.0000,0.0000,0.6566,0.7542,-0.0000,-0.7542,0.6566),
      ["LeftFoot"] = CFrame.new(0.0000,-0.0002,0.0000,0.9999,0.0120,0.0046,-0.0127,0.9695,0.2446,-0.0016,-0.2447,0.9696),
      ["RightUpperLeg"] = CFrame.new(0.0557,0.0422,-0.1217,0.8103,0.3773,-0.4483,-0.4282,0.9036,-0.0137,0.3999,0.2031,0.8938),
      ["RightLowerLeg"] = CFrame.new(0.0000,0.0445,-0.0106,1.0000,-0.0000,0.0000,0.0000,0.8953,0.4454,-0.0000,-0.4454,0.8953),
      ["RightFoot"] = CFrame.new(0.0000,0.0000,-0.0001,0.9999,0.0148,0.0011,-0.0146,0.9704,0.2412,0.0025,-0.2412,0.9705),
    }},
    {Time = 4.367, Data = {
      ["HumanoidRootPart"] = CFrame.new(0.0000,0.0000,0.0000,1.0000,0.0000,0.0000,0.0000,1.0000,0.0000,0.0000,0.0000,1.0000),
      ["LowerTorso"] = CFrame.new(0.0085,-0.0705,-0.1759,0.9999,-0.0057,0.0162,0.0171,0.3219,-0.9466,0.0002,0.9468,0.3219),
      ["UpperTorso"] = CFrame.new(0.0000,0.0000,0.0000,0.9790,-0.0427,0.1993,0.0092,0.9860,0.1664,-0.2036,-0.1610,0.9657),
      ["LeftUpperArm"] = CFrame.new(0.0003,-0.0068,0.0108,0.8843,0.0573,0.4635,-0.4390,0.4406,0.7831,-0.1594,-0.8959,0.4147),
      ["LeftLowerArm"] = CFrame.new(-0.0005,0.0425,0.0095,1.0000,-0.0000,0.0000,0.0000,0.9048,-0.4259,0.0000,0.4259,0.9048),
      ["LeftHand"] = CFrame.new(0.0005,0.0000,0.0000,0.9968,0.0785,-0.0140,-0.0765,0.9908,0.1114,0.0226,-0.1100,0.9937),
      ["Head"] = CFrame.new(1.9889,0.0744,-1.0190,-0.3115,0.1887,0.9313,-0.8046,0.4691,-0.3641,-0.5056,-0.8627,0.0057),
      ["RightUpperArm"] = CFrame.new(-0.0294,-0.0497,0.0281,0.7283,-0.6554,-0.2002,0.5435,0.7303,-0.4138,0.4174,0.1926,0.8881),
      ["RightLowerArm"] = CFrame.new(0.0000,0.1000,0.1019,1.0000,-0.0000,0.0000,0.0000,-0.0203,-0.9998,0.0000,0.9998,-0.0203),
      ["RightHand"] = CFrame.new(-0.0005,0.0000,0.0000,0.9989,-0.0302,0.0358,0.0303,0.9995,-0.0018,-0.0357,0.0029,0.9994),
      ["LeftUpperLeg"] = CFrame.new(0.1589,0.0926,-0.2835,0.8960,0.0747,0.4377,0.2867,0.6553,-0.6988,-0.3391,0.7517,0.5657),
      ["LeftLowerLeg"] = CFrame.new(0.0000,0.0754,-0.0342,1.0000,-0.0000,0.0000,0.0000,0.6587,0.7524,-0.0000,-0.7524,0.6587),
      ["LeftFoot"] = CFrame.new(0.0000,-0.0002,0.0000,0.9999,0.0116,0.0013,-0.0116,0.9697,0.2438,0.0015,-0.2438,0.9698),
      ["RightUpperLeg"] = CFrame.new(0.0559,0.0423,-0.1220,0.8099,0.3771,-0.4493,-0.4293,0.9030,-0.0160,0.3997,0.2058,0.8933),
      ["RightLowerLeg"] = CFrame.new(0.0000,0.0442,-0.0104,1.0000,-0.0000,0.0000,0.0000,0.8968,0.4425,-0.0000,-0.4425,0.8968),
      ["RightFoot"] = CFrame.new(0.0000,0.0000,-0.0001,0.9999,0.0123,0.0029,-0.0127,0.9715,0.2365,0.0001,-0.2366,0.9716),
    }},
    {Time = 4.400, Data = {
      ["HumanoidRootPart"] = CFrame.new(0.0000,0.0000,0.0000,1.0000,0.0000,0.0000,0.0000,1.0000,0.0000,0.0000,0.0000,1.0000),
      ["LowerTorso"] = CFrame.new(0.0099,-0.0754,-0.1731,0.9997,-0.0075,0.0214,0.0227,0.3228,-0.9462,0.0002,0.9464,0.3229),
      ["UpperTorso"] = CFrame.new(0.0000,0.0000,0.0000,0.9795,-0.0427,0.1967,0.0098,0.9862,0.1654,-0.2010,-0.1601,0.9664),
      ["LeftUpperArm"] = CFrame.new(-0.0005,-0.0075,0.0115,0.8832,0.0604,0.4651,-0.4415,0.4416,0.7811,-0.1582,-0.8952,0.4166),
      ["LeftLowerArm"] = CFrame.new(-0.0005,0.0428,0.0096,1.0000,-0.0000,0.0000,0.0000,0.9035,-0.4285,0.0000,0.4285,0.9035),
      ["LeftHand"] = CFrame.new(0.0005,0.0000,0.0000,0.9973,0.0711,-0.0164,-0.0690,0.9919,0.1064,0.0238,-0.1050,0.9942),
      ["Head"] = CFrame.new(1.9891,0.0710,-1.0088,-0.5803,0.1904,0.7919,-0.6512,0.4755,-0.5915,-0.4891,-0.8589,-0.1519),
      ["RightUpperArm"] = CFrame.new(-0.0325,-0.0467,0.0313,0.7318,-0.6523,-0.1974,0.5409,0.7321,-0.4141,0.4146,0.1962,0.8886),
      ["RightLowerArm"] = CFrame.new(0.0000,0.1000,0.1017,1.0000,-0.0000,0.0000,0.0000,-0.0184,-0.9998,0.0000,0.9998,-0.0184),
      ["RightHand"] = CFrame.new(-0.0005,0.0000,0.0000,0.9985,-0.0352,0.0417,0.0353,0.9994,-0.0020,-0.0416,0.0034,0.9991),
      ["LeftUpperLeg"] = CFrame.new(0.1593,0.0935,-0.2838,0.8963,0.0741,0.4372,0.2874,0.6538,-0.7000,-0.3377,0.7531,0.5647),
      ["LeftLowerLeg"] = CFrame.new(0.0000,0.0752,-0.0340,1.0000,-0.0000,0.0000,0.0000,0.6603,0.7510,-0.0000,-0.7510,0.6603),
      ["LeftFoot"] = CFrame.new(0.0000,-0.0002,0.0000,0.9999,0.0113,-0.0013,-0.0106,0.9699,0.2432,0.0040,-0.2432,0.9700),
      ["RightUpperLeg"] = CFrame.new(0.0561,0.0423,-0.1223,0.8096,0.3770,-0.4500,-0.4302,0.9026,-0.0178,0.3995,0.2080,0.8928),
      ["RightLowerLeg"] = CFrame.new(0.0000,0.0440,-0.0103,1.0000,-0.0000,0.0000,0.0000,0.8979,0.4401,-0.0000,-0.4401,0.8979),
      ["RightFoot"] = CFrame.new(0.0000,0.0000,-0.0001,0.9999,0.0104,0.0043,-0.0111,0.9725,0.2328,-0.0018,-0.2328,0.9725),
    }},
    {Time = 4.433, Data = {
      ["HumanoidRootPart"] = CFrame.new(0.0000,0.0000,0.0000,1.0000,0.0000,0.0000,0.0000,1.0000,0.0000,0.0000,0.0000,1.0000),
      ["LowerTorso"] = CFrame.new(0.0114,-0.0806,-0.1702,0.9996,-0.0094,0.0268,0.0284,0.3237,-0.9457,0.0002,0.9461,0.3239),
      ["UpperTorso"] = CFrame.new(0.0000,0.0000,0.0000,0.9801,-0.0422,0.1941,0.0099,0.9863,0.1647,-0.1984,-0.1595,0.9671),
      ["LeftUpperArm"] = CFrame.new(-0.0013,-0.0082,0.0125,0.8823,0.0639,0.4663,-0.4439,0.4422,0.7794,-0.1564,-0.8946,0.4185),
      ["LeftLowerArm"] = CFrame.new(-0.0005,0.0430,0.0097,1.0000,-0.0000,0.0000,0.0000,0.9026,-0.4305,0.0000,0.4305,0.9026),
      ["LeftHand"] = CFrame.new(0.0005,0.0000,0.0000,0.9978,0.0635,-0.0188,-0.0612,0.9930,0.1011,0.0251,-0.0998,0.9947),
      ["Head"] = CFrame.new(1.9896,0.0678,-0.9993,-0.7947,0.1941,0.5751,-0.4341,0.4806,-0.7620,-0.4242,-0.8552,-0.2977),
      ["RightUpperArm"] = CFrame.new(-0.0358,-0.0434,0.0344,0.7354,-0.6489,-0.1952,0.5380,0.7342,-0.4141,0.4121,0.1995,0.8890),
      ["RightLowerArm"] = CFrame.new(0.0000,0.1000,0.1016,1.0000,-0.0000,0.0000,0.0000,-0.0171,-0.9999,0.0000,0.9999,-0.0171),
      ["RightHand"] = CFrame.new(-0.0005,0.0000,0.0000,0.9980,-0.0403,0.0478,0.0405,0.9992,-0.0021,-0.0477,0.0041,0.9989),
      ["LeftUpperLeg"] = CFrame.new(0.1597,0.0942,-0.2841,0.8965,0.0737,0.4368,0.2879,0.6526,-0.7009,-0.3368,0.7541,0.5639),
      ["LeftLowerLeg"] = CFrame.new(0.0000,0.0751,-0.0339,1.0000,-0.0000,0.0000,0.0000,0.6615,0.7500,-0.0000,-0.7500,0.6615),
      ["LeftFoot"] = CFrame.new(0.0000,-0.0002,0.0000,0.9999,0.0111,-0.0031,-0.0100,0.9700,0.2427,0.0057,-0.2427,0.9701),
      ["RightUpperLeg"] = CFrame.new(0.0563,0.0423,-0.1225,0.8093,0.3769,-0.4505,-0.4308,0.9023,-0.0191,0.3993,0.2096,0.8925),
      ["RightLowerLeg"] = CFrame.new(0.0000,0.0438,-0.0102,1.0000,-0.0000,0.0000,0.0000,0.8988,0.4384,-0.0000,-0.4384,0.8988),
      ["RightFoot"] = CFrame.new(0.0000,0.0000,-0.0001,0.9999,0.0090,0.0053,-0.0100,0.9731,0.2301,-0.0031,-0.2302,0.9731),
    }},
    {Time = 4.467, Data = {
      ["HumanoidRootPart"] = CFrame.new(0.0000,0.0000,0.0000,1.0000,0.0000,0.0000,0.0000,1.0000,0.0000,0.0000,0.0000,1.0000),
      ["LowerTorso"] = CFrame.new(0.0128,-0.0858,-0.1672,0.9994,-0.0113,0.0323,0.0342,0.3247,-0.9452,0.0002,0.9458,0.3249),
      ["UpperTorso"] = CFrame.new(0.0000,0.0000,0.0000,0.9806,-0.0414,0.1917,0.0096,0.9864,0.1641,-0.1958,-0.1591,0.9676),
      ["LeftUpperArm"] = CFrame.new(-0.0018,-0.0091,0.0137,0.8815,0.0678,0.4672,-0.4463,0.4425,0.7778,-0.1541,-0.8942,0.4204),
      ["LeftLowerArm"] = CFrame.new(-0.0005,0.0430,0.0097,1.0000,-0.0000,0.0000,0.0000,0.9020,-0.4316,0.0000,0.4316,0.9020),
      ["LeftHand"] = CFrame.new(0.0005,0.0000,0.0000,0.9982,0.0556,-0.0213,-0.0533,0.9940,0.0957,0.0264,-0.0944,0.9952),
      ["Head"] = CFrame.new(1.9903,0.0644,-0.9906,-0.9304,0.1992,0.3076,-0.1797,0.4837,-0.8566,-0.3195,-0.8523,-0.4142),
      ["RightUpperArm"] = CFrame.new(-0.0393,-0.0399,0.0373,0.7390,-0.6453,-0.1937,0.5348,0.7367,-0.4139,0.4097,0.2022,0.8895),
      ["RightLowerArm"] = CFrame.new(0.0000,0.1000,0.1015,1.0000,-0.0000,0.0000,0.0000,-0.0163,-0.9999,0.0000,0.9999,-0.0163),
      ["RightHand"] = CFrame.new(-0.0005,0.0000,0.0000,0.9975,-0.0456,0.0541,0.0458,0.9989,-0.0023,-0.0539,0.0047,0.9985),
      ["LeftUpperLeg"] = CFrame.new(0.1599,0.0946,-0.2842,0.8966,0.0734,0.4366,0.2881,0.6520,-0.7014,-0.3362,0.7547,0.5634),
      ["LeftLowerLeg"] = CFrame.new(0.0000,0.0751,-0.0338,1.0000,-0.0000,0.0000,0.0000,0.6622,0.7493,-0.0000,-0.7493,0.6622),
      ["LeftFoot"] = CFrame.new(0.0000,-0.0002,0.0000,0.9999,0.0110,-0.0043,-0.0096,0.9701,0.2424,0.0068,-0.2424,0.9702),
      ["RightUpperLeg"] = CFrame.new(0.0563,0.0423,-0.1226,0.8092,0.3768,-0.4509,-0.4311,0.9021,-0.0199,0.3992,0.2105,0.8924),
      ["RightLowerLeg"] = CFrame.new(0.0000,0.0437,-0.0102,1.0000,-0.0000,0.0000,0.0000,0.8993,0.4374,-0.0000,-0.4374,0.8993),
      ["RightFoot"] = CFrame.new(0.0000,0.0000,-0.0001,0.9999,0.0081,0.0060,-0.0093,0.9735,0.2285,-0.0040,-0.2285,0.9735),
    }},
    {Time = 4.500, Data = {
      ["HumanoidRootPart"] = CFrame.new(0.0000,0.0000,0.0000,1.0000,0.0000,0.0000,0.0000,1.0000,0.0000,0.0000,0.0000,1.0000),
      ["LowerTorso"] = CFrame.new(0.0143,-0.0911,-0.1641,0.9992,-0.0133,0.0379,0.0401,0.3256,-0.9446,0.0002,0.9454,0.3259),
      ["UpperTorso"] = CFrame.new(0.0000,0.0000,0.0000,0.9811,-0.0403,0.1893,0.0089,0.9864,0.1639,-0.1933,-0.1591,0.9682),
      ["LeftUpperArm"] = CFrame.new(-0.0022,-0.0102,0.0152,0.8809,0.0719,0.4677,-0.4485,0.4426,0.7765,-0.1511,-0.8938,0.4221),
      ["LeftLowerArm"] = CFrame.new(-0.0005,0.0430,0.0097,1.0000,-0.0000,0.0000,0.0000,0.9019,-0.4320,0.0000,0.4320,0.9019),
      ["LeftHand"] = CFrame.new(0.0005,0.0000,0.0000,0.9986,0.0476,-0.0237,-0.0453,0.9949,0.0903,0.0279,-0.0891,0.9956),
      ["Head"] = CFrame.new(1.9914,0.0608,-0.9825,-0.9786,0.2051,0.0181,0.0855,0.4845,-0.8706,-0.1874,-0.8504,-0.4917),
      ["RightUpperArm"] = CFrame.new(-0.0431,-0.0362,0.0400,0.7426,-0.6414,-0.1928,0.5314,0.7394,-0.4133,0.4076,0.2045,0.8900),
      ["RightLowerArm"] = CFrame.new(0.0000,0.1000,0.1015,1.0000,-0.0000,0.0000,0.0000,-0.0161,-0.9999,0.0000,0.9999,-0.0161),
      ["RightHand"] = CFrame.new(-0.0005,0.0000,0.0000,0.9969,-0.0509,0.0604,0.0511,0.9987,-0.0024,-0.0602,0.0055,0.9982),
      ["LeftUpperLeg"] = CFrame.new(0.1599,0.0947,-0.2842,0.8967,0.0734,0.4366,0.2882,0.6518,-0.7015,-0.3360,0.7549,0.5633),
      ["LeftLowerLeg"] = CFrame.new(0.0000,0.0751,-0.0339,1.0000,-0.0000,0.0000,0.0000,0.6624,0.7492,-0.0000,-0.7492,0.6624),
      ["LeftFoot"] = CFrame.new(0.0000,-0.0002,0.0000,0.9999,0.0110,-0.0045,-0.0096,0.9701,0.2424,0.0071,-0.2424,0.9702),
      ["RightUpperLeg"] = CFrame.new(0.0563,0.0423,-0.1226,0.8091,0.3768,-0.4510,-0.4312,0.9020,-0.0201,0.3992,0.2107,0.8923),
      ["RightLowerLeg"] = CFrame.new(0.0000,0.0437,-0.0102,1.0000,-0.0000,0.0000,0.0000,0.8994,0.4371,-0.0000,-0.4371,0.8994),
      ["RightFoot"] = CFrame.new(0.0000,0.0000,-0.0001,0.9999,0.0079,0.0061,-0.0091,0.9736,0.2280,-0.0042,-0.2280,0.9737),
    }},
    {Time = 4.533, Data = {
      ["HumanoidRootPart"] = CFrame.new(0.0000,0.0000,0.0000,1.0000,0.0000,0.0000,0.0000,1.0000,0.0000,0.0000,0.0000,1.0000),
      ["LowerTorso"] = CFrame.new(0.0158,-0.0965,-0.1611,0.9989,-0.0152,0.0435,0.0460,0.3266,-0.9441,0.0002,0.9451,0.3269),
      ["UpperTorso"] = CFrame.new(0.0000,0.0000,0.0000,0.9816,-0.0389,0.1871,0.0078,0.9865,0.1638,-0.1909,-0.1593,0.9686),
      ["LeftUpperArm"] = CFrame.new(-0.0023,-0.0113,0.0169,0.8805,0.0764,0.4679,-0.4504,0.4423,0.7755,-0.1477,-0.8936,0.4238),
      ["LeftLowerArm"] = CFrame.new(-0.0005,0.0430,0.0097,1.0000,-0.0000,0.0000,0.0000,0.9020,-0.4316,0.0000,0.4316,0.9020),
      ["LeftHand"] = CFrame.new(0.0005,0.0000,0.0000,0.9989,0.0397,-0.0260,-0.0373,0.9957,0.0848,0.0293,-0.0837,0.9961),
      ["Head"] = CFrame.new(1.9941,0.0569,-0.9752,-0.9393,0.2110,-0.2706,0.3409,0.4832,-0.8064,-0.0394,-0.8497,-0.5258),
      ["RightUpperArm"] = CFrame.new(-0.0470,-0.0323,0.0424,0.7461,-0.6374,-0.1926,0.5278,0.7425,-0.4125,0.4059,0.2061,0.8904),
      ["RightLowerArm"] = CFrame.new(0.0000,0.1000,0.1016,1.0000,-0.0000,0.0000,0.0000,-0.0163,-0.9999,0.0000,0.9999,-0.0163),
      ["RightHand"] = CFrame.new(-0.0005,0.0000,0.0000,0.9962,-0.0562,0.0667,0.0565,0.9984,-0.0024,-0.0665,0.0062,0.9978),
      ["LeftUpperLeg"] = CFrame.new(0.1599,0.0946,-0.2842,0.8966,0.0734,0.4366,0.2881,0.6520,-0.7014,-0.3362,0.7547,0.5634),
      ["LeftLowerLeg"] = CFrame.new(0.0000,0.0752,-0.0339,1.0000,-0.0000,0.0000,0.0000,0.6622,0.7493,-0.0000,-0.7493,0.6622),
      ["LeftFoot"] = CFrame.new(0.0000,-0.0002,0.0000,0.9999,0.0110,-0.0043,-0.0097,0.9701,0.2424,0.0068,-0.2424,0.9702),
      ["RightUpperLeg"] = CFrame.new(0.0563,0.0423,-0.1225,0.8092,0.3768,-0.4509,-0.4311,0.9021,-0.0199,0.3992,0.2105,0.8924),
      ["RightLowerLeg"] = CFrame.new(0.0000,0.0438,-0.0102,1.0000,-0.0000,0.0000,0.0000,0.8993,0.4374,-0.0000,-0.4374,0.8993),
      ["RightFoot"] = CFrame.new(0.0000,0.0000,-0.0001,0.9999,0.0081,0.0060,-0.0093,0.9735,0.2285,-0.0040,-0.2285,0.9735),
    }},
    {Time = 4.567, Data = {
      ["HumanoidRootPart"] = CFrame.new(0.0000,0.0000,0.0000,1.0000,0.0000,0.0000,0.0000,1.0000,0.0000,0.0000,0.0000,1.0000),
      ["LowerTorso"] = CFrame.new(0.0173,-0.1017,-0.1581,0.9987,-0.0171,0.0490,0.0519,0.3275,-0.9434,0.0001,0.9447,0.3279),
      ["UpperTorso"] = CFrame.new(0.0000,0.0000,0.0000,0.9820,-0.0371,0.1850,0.0064,0.9864,0.1640,-0.1886,-0.1599,0.9690),
      ["LeftUpperArm"] = CFrame.new(-0.0023,-0.0124,0.0188,0.8802,0.0810,0.4677,-0.4523,0.4417,0.7748,-0.1438,-0.8935,0.4254),
      ["LeftLowerArm"] = CFrame.new(-0.0005,0.0430,0.0097,1.0000,-0.0000,0.0000,0.0000,0.9026,-0.4305,0.0000,0.4305,0.9026),
      ["LeftHand"] = CFrame.new(0.0005,0.0000,0.0000,0.9991,0.0317,-0.0284,-0.0294,0.9964,0.0793,0.0308,-0.0784,0.9964),
      ["Head"] = CFrame.new(1.9990,0.0526,-0.9687,-0.8155,0.2162,-0.5369,0.5676,0.4801,-0.6688,0.1132,-0.8501,-0.5142),
      ["RightUpperArm"] = CFrame.new(-0.0510,-0.0283,0.0445,0.7496,-0.6332,-0.1929,0.5240,0.7457,-0.4114,0.4043,0.2073,0.8908),
      ["RightLowerArm"] = CFrame.new(0.0000,0.1000,0.1016,1.0000,-0.0000,0.0000,0.0000,-0.0171,-0.9999,0.0000,0.9999,-0.0171),
      ["RightHand"] = CFrame.new(-0.0005,0.0000,0.0000,0.9954,-0.0614,0.0729,0.0618,0.9981,-0.0025,-0.0726,0.0070,0.9973),
      ["LeftUpperLeg"] = CFrame.new(0.1597,0.0942,-0.2841,0.8965,0.0737,0.4368,0.2879,0.6526,-0.7009,-0.3368,0.7541,0.5639),
      ["LeftLowerLeg"] = CFrame.new(0.0000,0.0752,-0.0339,1.0000,-0.0000,0.0000,0.0000,0.6615,0.7500,-0.0000,-0.7500,0.6615),
      ["LeftFoot"] = CFrame.new(0.0000,-0.0002,0.0000,0.9999,0.0111,-0.0031,-0.0100,0.9700,0.2427,0.0057,-0.2427,0.9701),
      ["RightUpperLeg"] = CFrame.new(0.0563,0.0423,-0.1225,0.8093,0.3768,-0.4505,-0.4307,0.9023,-0.0191,0.3993,0.2095,0.8925),
      ["RightLowerLeg"] = CFrame.new(0.0000,0.0438,-0.0102,1.0000,-0.0000,0.0000,0.0000,0.8988,0.4384,-0.0000,-0.4384,0.8988),
      ["RightFoot"] = CFrame.new(0.0000,0.0000,-0.0001,0.9999,0.0090,0.0053,-0.0100,0.9731,0.2301,-0.0031,-0.2302,0.9731),
    }},
    {Time = 4.600, Data = {
      ["HumanoidRootPart"] = CFrame.new(0.0000,0.0000,0.0000,1.0000,0.0000,0.0000,0.0000,1.0000,0.0000,0.0000,0.0000,1.0000),
      ["LowerTorso"] = CFrame.new(0.0188,-0.1068,-0.1552,0.9983,-0.0190,0.0544,0.0576,0.3284,-0.9428,0.0001,0.9444,0.3289),
      ["UpperTorso"] = CFrame.new(0.0000,0.0000,0.0000,0.9825,-0.0351,0.1831,0.0046,0.9864,0.1644,-0.1864,-0.1607,0.9692),
      ["LeftUpperArm"] = CFrame.new(-0.0021,-0.0137,0.0209,0.8800,0.0858,0.4671,-0.4540,0.4408,0.7743,-0.1394,-0.8935,0.4269),
      ["LeftLowerArm"] = CFrame.new(-0.0005,0.0428,0.0096,1.0000,-0.0000,0.0000,0.0000,0.9035,-0.4285,0.0000,0.4285,0.9035),
      ["LeftHand"] = CFrame.new(0.0005,0.0000,0.0000,0.9992,0.0240,-0.0306,-0.0217,0.9970,0.0740,0.0322,-0.0732,0.9968),
      ["Head"] = CFrame.new(2.0046,0.0480,-0.9629,-0.6176,0.2200,-0.7551,0.7435,0.4763,-0.4693,0.2564,-0.8513,-0.4577),
      ["RightUpperArm"] = CFrame.new(-0.0550,-0.0242,0.0463,0.7529,-0.6289,-0.1940,0.5201,0.7492,-0.4101,0.4032,0.2079,0.8912),
      ["RightLowerArm"] = CFrame.new(0.0000,0.1000,0.1017,1.0000,-0.0000,0.0000,0.0000,-0.0184,-0.9998,0.0000,0.9998,-0.0184),
      ["RightHand"] = CFrame.new(-0.0005,0.0000,0.0000,0.9946,-0.0665,0.0790,0.0669,0.9978,-0.0025,-0.0787,0.0077,0.9969),
      ["LeftUpperLeg"] = CFrame.new(0.1593,0.0935,-0.2838,0.8963,0.0741,0.4372,0.2874,0.6538,-0.7000,-0.3377,0.7531,0.5647),
      ["LeftLowerLeg"] = CFrame.new(0.0000,0.0752,-0.0340,1.0000,-0.0000,0.0000,0.0000,0.6603,0.7510,-0.0000,-0.7510,0.6603),
      ["LeftFoot"] = CFrame.new(0.0000,-0.0002,0.0000,0.9999,0.0113,-0.0013,-0.0106,0.9699,0.2432,0.0040,-0.2432,0.9700),
      ["RightUpperLeg"] = CFrame.new(0.0561,0.0423,-0.1223,0.8096,0.3769,-0.4500,-0.4301,0.9026,-0.0178,0.3995,0.2080,0.8928),
      ["RightLowerLeg"] = CFrame.new(0.0000,0.0440,-0.0103,1.0000,-0.0000,0.0000,0.0000,0.8979,0.4401,-0.0000,-0.4401,0.8979),
      ["RightFoot"] = CFrame.new(0.0000,0.0000,-0.0001,0.9999,0.0104,0.0043,-0.0111,0.9725,0.2328,-0.0018,-0.2328,0.9725),
    }},
    {Time = 4.633, Data = {
      ["HumanoidRootPart"] = CFrame.new(0.0000,0.0000,0.0000,1.0000,0.0000,0.0000,0.0000,1.0000,0.0000,0.0000,0.0000,1.0000),
      ["LowerTorso"] = CFrame.new(0.0202,-0.1118,-0.1524,0.9980,-0.0209,0.0596,0.0631,0.3292,-0.9421,0.0000,0.9440,0.3299),
      ["UpperTorso"] = CFrame.new(0.0000,0.0000,0.0000,0.9828,-0.0328,0.1815,0.0024,0.9863,0.1650,-0.1844,-0.1618,0.9694),
      ["LeftUpperArm"] = CFrame.new(-0.0018,-0.0150,0.0232,0.8801,0.0908,0.4661,-0.4554,0.4397,0.7741,-0.1347,-0.8936,0.4283),
      ["LeftLowerArm"] = CFrame.new(-0.0005,0.0425,0.0095,1.0000,-0.0000,0.0000,0.0000,0.9048,-0.4259,0.0000,0.4259,0.9048),
      ["LeftHand"] = CFrame.new(0.0005,0.0000,0.0000,0.9993,0.0165,-0.0327,-0.0142,0.9975,0.0688,0.0337,-0.0682,0.9971),
      ["Head"] = CFrame.new(2.0097,0.0430,-0.9580,-0.3683,0.2223,-0.9027,0.8505,0.4727,-0.2306,0.3755,-0.8527,-0.3632),
      ["RightUpperArm"] = CFrame.new(-0.0591,-0.0200,0.0478,0.7561,-0.6245,-0.1956,0.5161,0.7528,-0.4085,0.4024,0.2079,0.8915),
      ["RightLowerArm"] = CFrame.new(0.0000,0.0999,0.1019,1.0000,-0.0000,0.0000,0.0000,-0.0203,-0.9998,0.0000,0.9998,-0.0203),
      ["RightHand"] = CFrame.new(-0.0005,0.0000,0.0000,0.9938,-0.0715,0.0849,0.0719,0.9974,-0.0024,-0.0845,0.0085,0.9964),
      ["LeftUpperLeg"] = CFrame.new(0.1589,0.0926,-0.2835,0.8960,0.0747,0.4377,0.2867,0.6553,-0.6988,-0.3391,0.7517,0.5657),
      ["LeftLowerLeg"] = CFrame.new(0.0000,0.0754,-0.0342,1.0000,-0.0000,0.0000,0.0000,0.6587,0.7524,-0.0000,-0.7524,0.6587),
      ["LeftFoot"] = CFrame.new(0.0000,-0.0002,0.0000,0.9999,0.0116,0.0013,-0.0116,0.9697,0.2438,0.0015,-0.2438,0.9698),
      ["RightUpperLeg"] = CFrame.new(0.0559,0.0423,-0.1220,0.8099,0.3771,-0.4493,-0.4293,0.9030,-0.0160,0.3997,0.2058,0.8933),
      ["RightLowerLeg"] = CFrame.new(0.0000,0.0442,-0.0104,1.0000,-0.0000,0.0000,0.0000,0.8968,0.4425,-0.0000,-0.4425,0.8968),
      ["RightFoot"] = CFrame.new(0.0000,0.0000,-0.0001,0.9999,0.0123,0.0029,-0.0127,0.9715,0.2365,0.0001,-0.2366,0.9716),
    }},
    {Time = 4.667, Data = {
      ["HumanoidRootPart"] = CFrame.new(0.0000,0.0000,0.0000,1.0000,0.0000,0.0000,0.0000,1.0000,0.0000,0.0000,0.0000,1.0000),
      ["LowerTorso"] = CFrame.new(0.0215,-0.1165,-0.1497,0.9977,-0.0226,0.0645,0.0684,0.3300,-0.9415,-0.0000,0.9437,0.3308),
      ["UpperTorso"] = CFrame.new(0.0000,0.0000,0.0000,0.9832,-0.0302,0.1801,-0.0001,0.9861,0.1659,-0.1826,-0.1631,0.9696),
      ["LeftUpperArm"] = CFrame.new(-0.0012,-0.0164,0.0256,0.8802,0.0957,0.4648,-0.4565,0.4383,0.7743,-0.1296,-0.8937,0.4295),
      ["LeftLowerArm"] = CFrame.new(-0.0005,0.0422,0.0093,1.0000,-0.0000,0.0000,0.0000,0.9064,-0.4225,0.0000,0.4225,0.9064),
      ["LeftHand"] = CFrame.new(0.0005,0.0000,0.0000,0.9994,0.0093,-0.0346,-0.0071,0.9979,0.0638,0.0351,-0.0635,0.9974),
      ["Head"] = CFrame.new(2.0128,0.0377,-0.9539,-0.1011,0.2236,-0.9694,0.8823,0.4704,0.0165,0.4597,-0.8537,-0.2449),
      ["RightUpperArm"] = CFrame.new(-0.0632,-0.0159,0.0489,0.7591,-0.6201,-0.1979,0.5120,0.7566,-0.4067,0.4020,0.2074,0.8918),
      ["RightLowerArm"] = CFrame.new(0.0000,0.0999,0.1022,1.0000,-0.0000,0.0000,0.0000,-0.0226,-0.9997,0.0000,0.9997,-0.0226),
      ["RightHand"] = CFrame.new(-0.0005,0.0000,0.0000,0.9930,-0.0762,0.0905,0.0767,0.9971,-0.0024,-0.0901,0.0093,0.9959),
      ["LeftUpperLeg"] = CFrame.new(0.1583,0.0915,-0.2830,0.8956,0.0755,0.4383,0.2859,0.6573,-0.6973,-0.3407,0.7499,0.5671),
      ["LeftLowerLeg"] = CFrame.new(0.0000,0.0755,-0.0344,1.0000,-0.0000,0.0000,0.0000,0.6566,0.7542,-0.0000,-0.7542,0.6566),
      ["LeftFoot"] = CFrame.new(0.0000,-0.0002,0.0000,0.9999,0.0120,0.0046,-0.0127,0.9695,0.2446,-0.0016,-0.2447,0.9696),
      ["RightUpperLeg"] = CFrame.new(0.0557,0.0422,-0.1217,0.8103,0.3773,-0.4483,-0.4282,0.9036,-0.0137,0.3999,0.2031,0.8938),
      ["RightLowerLeg"] = CFrame.new(0.0000,0.0445,-0.0106,1.0000,-0.0000,0.0000,0.0000,0.8953,0.4454,-0.0000,-0.4454,0.8953),
      ["RightFoot"] = CFrame.new(0.0000,0.0000,-0.0001,0.9999,0.0148,0.0011,-0.0146,0.9704,0.2412,0.0025,-0.2412,0.9705),
    }},
    {Time = 4.700, Data = {
      ["HumanoidRootPart"] = CFrame.new(0.0000,0.0000,0.0000,1.0000,0.0000,0.0000,0.0000,1.0000,0.0000,0.0000,0.0000,1.0000),
      ["LowerTorso"] = CFrame.new(0.0228,-0.1210,-0.1471,0.9973,-0.0242,0.0692,0.0733,0.3308,-0.9409,-0.0001,0.9434,0.3316),
      ["UpperTorso"] = CFrame.new(0.0000,0.0000,0.0000,0.9835,-0.0274,0.1789,-0.0029,0.9860,0.1669,-0.1809,-0.1647,0.9696),
      ["LeftUpperArm"] = CFrame.new(-0.0005,-0.0177,0.0281,0.8805,0.1007,0.4631,-0.4574,0.4366,0.7747,-0.1242,-0.8940,0.4306),
      ["LeftLowerArm"] = CFrame.new(-0.0005,0.0417,0.0091,1.0000,-0.0000,0.0000,0.0000,0.9083,-0.4184,0.0000,0.4184,0.9083),
      ["LeftHand"] = CFrame.new(0.0005,0.0000,0.0000,0.9993,0.0026,-0.0364,-0.0004,0.9983,0.0591,0.0365,-0.0590,0.9976),
      ["Head"] = CFrame.new(2.0127,0.0321,-0.9507,0.1497,0.2249,-0.9628,0.8489,0.4700,0.2418,0.5069,-0.8535,-0.1205),
      ["RightUpperArm"] = CFrame.new(-0.0672,-0.0117,0.0496,0.7619,-0.6158,-0.2008,0.5079,0.7604,-0.4047,0.4019,0.2064,0.8921),
      ["RightLowerArm"] = CFrame.new(0.0000,0.0999,0.1024,1.0000,-0.0000,0.0000,0.0000,-0.0254,-0.9997,0.0000,0.9997,-0.0254),
      ["RightHand"] = CFrame.new(-0.0005,0.0000,0.0000,0.9921,-0.0806,0.0958,0.0812,0.9967,-0.0023,-0.0953,0.0101,0.9954),
      ["LeftUpperLeg"] = CFrame.new(0.1576,0.0901,-0.2824,0.8952,0.0764,0.4391,0.2848,0.6596,-0.6955,-0.3428,0.7477,0.5687),
      ["LeftLowerLeg"] = CFrame.new(0.0000,0.0758,-0.0346,1.0000,-0.0000,0.0000,0.0000,0.6541,0.7564,-0.0000,-0.7564,0.6541),
      ["LeftFoot"] = CFrame.new(0.0000,-0.0002,0.0000,0.9999,0.0124,0.0086,-0.0141,0.9693,0.2456,-0.0052,-0.2457,0.9693),
      ["RightUpperLeg"] = CFrame.new(0.0554,0.0422,-0.1213,0.8109,0.3775,-0.4472,-0.4270,0.9042,-0.0109,0.4003,0.1998,0.8944),
      ["RightLowerLeg"] = CFrame.new(0.0000,0.0449,-0.0107,1.0000,-0.0000,0.0000,0.0000,0.8935,0.4490,-0.0000,-0.4490,0.8935),
      ["RightFoot"] = CFrame.new(0.0000,0.0000,-0.0001,0.9998,0.0178,-0.0011,-0.0170,0.9689,0.2469,0.0054,-0.2468,0.9690),
    }},
    {Time = 4.733, Data = {
      ["HumanoidRootPart"] = CFrame.new(0.0000,0.0000,0.0000,1.0000,0.0000,0.0000,0.0000,1.0000,0.0000,0.0000,0.0000,1.0000),
      ["LowerTorso"] = CFrame.new(0.0239,-0.1251,-0.1448,0.9970,-0.0258,0.0735,0.0779,0.3314,-0.9403,-0.0001,0.9431,0.3324),
      ["UpperTorso"] = CFrame.new(0.0000,0.0000,0.0000,0.9837,-0.0245,0.1779,-0.0059,0.9857,0.1682,-0.1795,-0.1665,0.9696),
      ["LeftUpperArm"] = CFrame.new(0.0004,-0.0191,0.0307,0.8810,0.1057,0.4612,-0.4580,0.4348,0.7754,-0.1186,-0.8943,0.4314),
      ["LeftLowerArm"] = CFrame.new(-0.0005,0.0413,0.0089,1.0000,-0.0000,0.0000,0.0000,0.9104,-0.4136,0.0000,0.4136,0.9104),
      ["LeftHand"] = CFrame.new(0.0005,0.0000,0.0000,0.9993,-0.0037,-0.0381,0.0058,0.9985,0.0547,0.0378,-0.0549,0.9978),
      ["Head"] = CFrame.new(2.0083,0.0263,-0.9482,0.3616,0.2272,-0.9042,0.7714,0.4718,0.4270,0.5236,-0.8519,-0.0046),
      ["RightUpperArm"] = CFrame.new(-0.0710,-0.0077,0.0498,0.7644,-0.6116,-0.2043,0.5039,0.7642,-0.4026,0.4023,0.2048,0.8923),
      ["RightLowerArm"] = CFrame.new(0.0000,0.0999,0.1028,1.0000,-0.0000,0.0000,0.0000,-0.0286,-0.9996,0.0000,0.9996,-0.0286),
      ["RightHand"] = CFrame.new(-0.0005,0.0000,0.0000,0.9913,-0.0847,0.1007,0.0853,0.9964,-0.0022,-0.1002,0.0108,0.9949),
      ["LeftUpperLeg"] = CFrame.new(0.1568,0.0884,-0.2818,0.8947,0.0774,0.4399,0.2837,0.6623,-0.6935,-0.3451,0.7452,0.5706),
      ["LeftLowerLeg"] = CFrame.new(0.0000,0.0760,-0.0349,1.0000,-0.0000,0.0000,0.0000,0.6513,0.7589,-0.0000,-0.7589,0.6513),
      ["LeftFoot"] = CFrame.new(0.0000,-0.0002,0.0000,0.9998,0.0129,0.0131,-0.0158,0.9690,0.2467,-0.0095,-0.2469,0.9690),
      ["RightUpperLeg"] = CFrame.new(0.0551,0.0421,-0.1208,0.8115,0.3777,-0.4459,-0.4255,0.9049,-0.0077,0.4006,0.1959,0.8950),
      ["RightLowerLeg"] = CFrame.new(0.0000,0.0453,-0.0109,1.0000,-0.0000,0.0000,0.0000,0.8915,0.4531,-0.0000,-0.4531,0.8915),
      ["RightFoot"] = CFrame.new(0.0000,0.0000,-0.0001,0.9998,0.0213,-0.0035,-0.0197,0.9672,0.2534,0.0088,-0.2533,0.9673),
    }},
    {Time = 4.767, Data = {
      ["HumanoidRootPart"] = CFrame.new(0.0000,0.0000,0.0000,1.0000,0.0000,0.0000,0.0000,1.0000,0.0000,0.0000,0.0000,1.0000),
      ["LowerTorso"] = CFrame.new(0.0250,-0.1288,-0.1426,0.9966,-0.0272,0.0774,0.0821,0.3321,-0.9397,-0.0002,0.9429,0.3332),
      ["UpperTorso"] = CFrame.new(0.0000,0.0000,0.0000,0.9839,-0.0213,0.1773,-0.0092,0.9855,0.1696,-0.1783,-0.1685,0.9694),
      ["LeftUpperArm"] = CFrame.new(0.0015,-0.0205,0.0334,0.8816,0.1105,0.4589,-0.4583,0.4327,0.7764,-0.1127,-0.8948,0.4321),
      ["LeftLowerArm"] = CFrame.new(-0.0005,0.0407,0.0087,1.0000,-0.0000,0.0000,0.0000,0.9128,-0.4083,0.0000,0.4083,0.9128),
      ["LeftHand"] = CFrame.new(0.0005,0.0000,0.0000,0.9992,-0.0094,-0.0396,0.0114,0.9986,0.0508,0.0390,-0.0512,0.9979),
      ["Head"] = CFrame.new(2.0004,0.0206,-0.9461,0.5328,0.2309,-0.8141,0.6686,0.4749,0.5722,0.5188,-0.8492,0.0987),
      ["RightUpperArm"] = CFrame.new(-0.0748,-0.0038,0.0498,0.7666,-0.6074,-0.2082,0.4999,0.7681,-0.4002,0.4031,0.2027,0.8924),
      ["RightLowerArm"] = CFrame.new(0.0000,0.0999,0.1031,1.0000,-0.0000,0.0000,0.0000,-0.0323,-0.9995,0.0000,0.9995,-0.0323),
      ["RightHand"] = CFrame.new(-0.0005,0.0000,0.0000,0.9905,-0.0884,0.1052,0.0891,0.9960,-0.0021,-0.1046,0.0115,0.9945),
      ["LeftUpperLeg"] = CFrame.new(0.1559,0.0866,-0.2811,0.8941,0.0786,0.4409,0.2823,0.6653,-0.6911,-0.3477,0.7424,0.5727),
      ["LeftLowerLeg"] = CFrame.new(0.0000,0.0763,-0.0353,1.0000,-0.0000,0.0000,0.0000,0.6480,0.7616,-0.0000,-0.7616,0.6480),
      ["LeftFoot"] = CFrame.new(0.0000,-0.0002,0.0000,0.9997,0.0135,0.0182,-0.0176,0.9686,0.2480,-0.0143,-0.2482,0.9686),
      ["RightUpperLeg"] = CFrame.new(0.0547,0.0420,-0.1202,0.8122,0.3780,-0.4444,-0.4238,0.9058,-0.0041,0.4010,0.1917,0.8958),
      ["RightLowerLeg"] = CFrame.new(0.0000,0.0457,-0.0112,1.0000,-0.0000,0.0000,0.0000,0.8891,0.4577,-0.0000,-0.4577,0.8891),
      ["RightFoot"] = CFrame.new(0.0000,0.0000,-0.0001,0.9997,0.0252,-0.0063,-0.0227,0.9651,0.2608,0.0126,-0.2605,0.9654),
    }},
    {Time = 4.800, Data = {
      ["HumanoidRootPart"] = CFrame.new(0.0000,0.0000,0.0000,1.0000,0.0000,0.0000,0.0000,1.0000,0.0000,0.0000,0.0000,1.0000),
      ["LowerTorso"] = CFrame.new(0.0259,-0.1322,-0.1407,0.9963,-0.0284,0.0809,0.0858,0.3326,-0.9392,-0.0003,0.9426,0.3338),
      ["UpperTorso"] = CFrame.new(0.0000,0.0000,0.0000,0.9841,-0.0181,0.1769,-0.0127,0.9852,0.1712,-0.1774,-0.1707,0.9692),
      ["LeftUpperArm"] = CFrame.new(0.0027,-0.0218,0.0361,0.8823,0.1152,0.4563,-0.4583,0.4305,0.7776,-0.1069,-0.8952,0.4326),
      ["LeftLowerArm"] = CFrame.new(-0.0005,0.0402,0.0084,1.0000,-0.0000,0.0000,0.0000,0.9154,-0.4024,0.0000,0.4024,0.9154),
      ["LeftHand"] = CFrame.new(0.0005,0.0000,0.0000,0.9991,-0.0145,-0.0409,0.0164,0.9988,0.0472,0.0401,-0.0478,0.9980),
      ["Head"] = CFrame.new(1.9899,0.0152,-0.9439,0.6680,0.2357,-0.7058,0.5522,0.4787,0.6825,0.4988,-0.8457,0.1896),
      ["RightUpperArm"] = CFrame.new(-0.0783,-0.0000,0.0493,0.7685,-0.6035,-0.2127,0.4960,0.7718,-0.3977,0.4042,0.2001,0.8925),
      ["RightLowerArm"] = CFrame.new(0.0000,0.0999,0.1035,1.0000,-0.0000,0.0000,0.0000,-0.0363,-0.9993,0.0000,0.9993,-0.0363),
      ["RightHand"] = CFrame.new(-0.0005,0.0000,0.0000,0.9898,-0.0917,0.1091,0.0924,0.9957,-0.0020,-0.1085,0.0121,0.9940),
      ["LeftUpperLeg"] = CFrame.new(0.1549,0.0846,-0.2803,0.8934,0.0799,0.4420,0.2808,0.6687,-0.6885,-0.3506,0.7393,0.5750),
      ["LeftLowerLeg"] = CFrame.new(0.0000,0.0766,-0.0356,1.0000,-0.0000,0.0000,0.0000,0.6444,0.7646,-0.0000,-0.7646,0.6444),
      ["LeftFoot"] = CFrame.new(0.0000,-0.0002,0.0000,0.9996,0.0141,0.0238,-0.0196,0.9682,0.2493,-0.0196,-0.2497,0.9681),
      ["RightUpperLeg"] = CFrame.new(0.0543,0.0419,-0.1196,0.8129,0.3782,-0.4428,-0.4219,0.9066,-0.0001,0.4014,0.1869,0.8966),
      ["RightLowerLeg"] = CFrame.new(0.0000,0.0463,-0.0114,1.0000,-0.0000,0.0000,0.0000,0.8865,0.4627,-0.0000,-0.4627,0.8865),
      ["RightFoot"] = CFrame.new(0.0000,0.0000,-0.0001,0.9995,0.0295,-0.0093,-0.0260,0.9628,0.2688,0.0169,-0.2685,0.9631),
    }},
    {Time = 4.833, Data = {
      ["HumanoidRootPart"] = CFrame.new(0.0000,0.0000,0.0000,1.0000,0.0000,0.0000,0.0000,1.0000,0.0000,0.0000,0.0000,1.0000),
      ["LowerTorso"] = CFrame.new(0.0268,-0.1351,-0.1391,0.9960,-0.0295,0.0840,0.0890,0.3331,-0.9387,-0.0003,0.9424,0.3344),
      ["UpperTorso"] = CFrame.new(0.0000,0.0000,0.0000,0.9841,-0.0148,0.1769,-0.0163,0.9848,0.1730,-0.1768,-0.1731,0.9689),
      ["LeftUpperArm"] = CFrame.new(0.0040,-0.0231,0.0388,0.8832,0.1197,0.4535,-0.4580,0.4281,0.7791,-0.1009,-0.8958,0.4329),
      ["LeftLowerArm"] = CFrame.new(-0.0005,0.0395,0.0081,1.0000,-0.0000,0.0000,0.0000,0.9182,-0.3961,0.0000,0.3961,0.9182),
      ["LeftHand"] = CFrame.new(0.0005,0.0000,0.0000,0.9989,-0.0189,-0.0420,0.0207,0.9988,0.0441,0.0411,-0.0450,0.9981),
      ["Head"] = CFrame.new(1.9779,0.0106,-0.9411,0.7726,0.2412,-0.5873,0.4296,0.4826,0.7632,0.4676,-0.8420,0.2693),
      ["RightUpperArm"] = CFrame.new(-0.0816,0.0035,0.0483,0.7700,-0.5997,-0.2176,0.4924,0.7755,-0.3951,0.4057,0.1971,0.8925),
      ["RightLowerArm"] = CFrame.new(0.0000,0.0999,0.1040,1.0000,-0.0000,0.0000,0.0000,-0.0406,-0.9992,0.0000,0.9992,-0.0406),
      ["RightHand"] = CFrame.new(-0.0005,0.0000,0.0000,0.9891,-0.0945,0.1126,0.0954,0.9954,-0.0019,-0.1119,0.0127,0.9936),
      ["LeftUpperLeg"] = CFrame.new(0.1538,0.0825,-0.2794,0.8927,0.0813,0.4432,0.2792,0.6722,-0.6857,-0.3536,0.7359,0.5774),
      ["LeftLowerLeg"] = CFrame.new(0.0000,0.0769,-0.0360,1.0000,-0.0000,0.0000,0.0000,0.6406,0.7679,-0.0000,-0.7679,0.6406),
      ["LeftFoot"] = CFrame.new(0.0000,-0.0002,0.0000,0.9994,0.0148,0.0299,-0.0218,0.9678,0.2507,-0.0253,-0.2513,0.9676),
      ["RightUpperLeg"] = CFrame.new(0.0539,0.0418,-0.1189,0.8137,0.3785,-0.4411,-0.4199,0.9076,0.0042,0.4019,0.1818,0.8975),
      ["RightLowerLeg"] = CFrame.new(0.0000,0.0468,-0.0117,1.0000,-0.0000,0.0000,0.0000,0.8836,0.4682,-0.0000,-0.4682,0.8836),
      ["RightFoot"] = CFrame.new(0.0000,0.0000,-0.0001,0.9993,0.0342,-0.0124,-0.0295,0.9603,0.2775,0.0214,-0.2770,0.9606),
    }},
    {Time = 4.867, Data = {
      ["HumanoidRootPart"] = CFrame.new(0.0000,0.0000,0.0000,1.0000,0.0000,0.0000,0.0000,1.0000,0.0000,0.0000,0.0000,1.0000),
      ["LowerTorso"] = CFrame.new(0.0274,-0.1375,-0.1377,0.9958,-0.0304,0.0865,0.0917,0.3335,-0.9383,-0.0004,0.9423,0.3348),
      ["UpperTorso"] = CFrame.new(0.0000,0.0000,0.0000,0.9841,-0.0114,0.1771,-0.0200,0.9844,0.1748,-0.1763,-0.1756,0.9686),
      ["LeftUpperArm"] = CFrame.new(0.0055,-0.0244,0.0415,0.8842,0.1239,0.4504,-0.4574,0.4256,0.7808,-0.0950,-0.8964,0.4330),
      ["LeftLowerArm"] = CFrame.new(-0.0005,0.0388,0.0078,1.0000,-0.0000,0.0000,0.0000,0.9211,-0.3893,0.0000,0.3893,0.9211),
      ["LeftHand"] = CFrame.new(0.0005,0.0000,0.0000,0.9988,-0.0225,-0.0429,0.0243,0.9988,0.0416,0.0419,-0.0426,0.9982),
      ["Head"] = CFrame.new(1.9655,0.0070,-0.9372,0.8508,0.2468,-0.4639,0.3053,0.4864,0.8187,0.4276,-0.8382,0.3385),
      ["RightUpperArm"] = CFrame.new(-0.0846,0.0068,0.0470,0.7713,-0.5963,-0.2228,0.4889,0.7791,-0.3924,0.4076,0.1937,0.8924),
      ["RightLowerArm"] = CFrame.new(0.0000,0.0999,0.1044,1.0000,-0.0000,0.0000,0.0000,-0.0452,-0.9990,0.0000,0.9990,-0.0452),
      ["RightHand"] = CFrame.new(-0.0005,0.0000,0.0000,0.9886,-0.0969,0.1154,0.0978,0.9952,-0.0019,-0.1147,0.0131,0.9933),
      ["LeftUpperLeg"] = CFrame.new(0.1527,0.0802,-0.2785,0.8920,0.0827,0.4444,0.2775,0.6760,-0.6827,-0.3569,0.7323,0.5800),
      ["LeftLowerLeg"] = CFrame.new(0.0000,0.0773,-0.0364,1.0000,-0.0000,0.0000,0.0000,0.6364,0.7713,-0.0000,-0.7713,0.6364),
      ["LeftFoot"] = CFrame.new(0.0000,-0.0002,0.0000,0.9992,0.0154,0.0364,-0.0241,0.9674,0.2523,-0.0313,-0.2529,0.9670),
      ["RightUpperLeg"] = CFrame.new(0.0535,0.0417,-0.1182,0.8146,0.3788,-0.4392,-0.4178,0.9085,0.0087,0.4024,0.1764,0.8983),
      ["RightLowerLeg"] = CFrame.new(0.0000,0.0474,-0.0120,1.0000,-0.0000,0.0000,0.0000,0.8806,0.4739,-0.0000,-0.4739,0.8806),
      ["RightFoot"] = CFrame.new(0.0000,0.0000,-0.0001,0.9991,0.0393,-0.0158,-0.0331,0.9574,0.2867,0.0264,-0.2860,0.9579),
    }},
    {Time = 4.900, Data = {
      ["HumanoidRootPart"] = CFrame.new(0.0000,0.0000,0.0000,1.0000,0.0000,0.0000,0.0000,1.0000,0.0000,0.0000,0.0000,1.0000),
      ["LowerTorso"] = CFrame.new(0.0280,-0.1394,-0.1366,0.9956,-0.0311,0.0885,0.0938,0.3338,-0.9380,-0.0004,0.9421,0.3352),
      ["UpperTorso"] = CFrame.new(0.0000,0.0000,0.0000,0.9841,-0.0081,0.1775,-0.0238,0.9840,0.1768,-0.1761,-0.1782,0.9681),
      ["LeftUpperArm"] = CFrame.new(0.0071,-0.0256,0.0441,0.8852,0.1278,0.4472,-0.4565,0.4230,0.7827,-0.0891,-0.8971,0.4328),
      ["LeftLowerArm"] = CFrame.new(-0.0005,0.0381,0.0076,1.0000,-0.0000,0.0000,0.0000,0.9241,-0.3822,0.0000,0.3822,0.9241),
      ["LeftHand"] = CFrame.new(0.0005,0.0000,0.0000,0.9987,-0.0254,-0.0436,0.0272,0.9988,0.0395,0.0426,-0.0407,0.9983),
      ["Head"] = CFrame.new(1.9537,0.0048,-0.9316,0.9064,0.2515,-0.3393,0.1832,0.4898,0.8524,0.3806,-0.8348,0.3979),
      ["RightUpperArm"] = CFrame.new(-0.0874,0.0097,0.0454,0.7721,-0.5931,-0.2284,0.4858,0.7825,-0.3896,0.4097,0.1899,0.8922),
      ["RightLowerArm"] = CFrame.new(0.0000,0.0999,0.1049,1.0000,-0.0000,0.0000,0.0000,-0.0500,-0.9987,0.0000,0.9987,-0.0500),
      ["RightHand"] = CFrame.new(-0.0005,0.0000,0.0000,0.9881,-0.0988,0.1177,0.0997,0.9950,-0.0018,-0.1169,0.0135,0.9931),
      ["LeftUpperLeg"] = CFrame.new(0.1515,0.0778,-0.2776,0.8912,0.0842,0.4458,0.2756,0.6799,-0.6795,-0.3603,0.7284,0.5827),
      ["LeftLowerLeg"] = CFrame.new(0.0000,0.0776,-0.0368,1.0000,-0.0000,0.0000,0.0000,0.6321,0.7749,-0.0000,-0.7749,0.6321),
      ["LeftFoot"] = CFrame.new(0.0000,-0.0002,0.0000,0.9989,0.0162,0.0431,-0.0266,0.9669,0.2538,-0.0376,-0.2547,0.9663),
      ["RightUpperLeg"] = CFrame.new(0.0530,0.0416,-0.1175,0.8155,0.3791,-0.4373,-0.4155,0.9095,0.0135,0.4028,0.1707,0.8992),
      ["RightLowerLeg"] = CFrame.new(0.0000,0.0480,-0.0124,1.0000,-0.0000,0.0000,0.0000,0.8773,0.4799,-0.0000,-0.4799,0.8773),
      ["RightFoot"] = CFrame.new(0.0000,0.0000,-0.0001,0.9988,0.0446,-0.0192,-0.0369,0.9544,0.2964,0.0315,-0.2953,0.9549),
    }},
    {Time = 4.933, Data = {
      ["HumanoidRootPart"] = CFrame.new(0.0000,0.0000,0.0000,1.0000,0.0000,0.0000,0.0000,1.0000,0.0000,0.0000,0.0000,1.0000),
      ["LowerTorso"] = CFrame.new(0.0284,-0.1407,-0.1358,0.9954,-0.0316,0.0899,0.0953,0.3340,-0.9377,-0.0004,0.9420,0.3355),
      ["UpperTorso"] = CFrame.new(0.0000,0.0000,0.0000,0.9840,-0.0047,0.1783,-0.0277,0.9835,0.1788,-0.1762,-0.1809,0.9676),
      ["LeftUpperArm"] = CFrame.new(0.0087,-0.0267,0.0466,0.8864,0.1315,0.4439,-0.4553,0.4204,0.7848,-0.0834,-0.8978,0.4325),
      ["LeftLowerArm"] = CFrame.new(-0.0005,0.0374,0.0073,1.0000,-0.0000,0.0000,0.0000,0.9271,-0.3748,0.0000,0.3748,0.9271),
      ["LeftHand"] = CFrame.new(0.0005,0.0000,0.0000,0.9986,-0.0275,-0.0441,0.0292,0.9988,0.0381,0.0430,-0.0393,0.9983),
      ["Head"] = CFrame.new(1.9436,0.0044,-0.9240,0.9424,0.2546,-0.2172,0.0668,0.4929,0.8675,0.3279,-0.8320,0.4475),
      ["RightUpperArm"] = CFrame.new(-0.0898,0.0124,0.0433,0.7726,-0.5902,-0.2342,0.4829,0.7856,-0.3868,0.4122,0.1857,0.8919),
      ["RightLowerArm"] = CFrame.new(0.0000,0.0999,0.1054,1.0000,-0.0000,0.0000,0.0000,-0.0550,-0.9985,0.0000,0.9985,-0.0550),
      ["RightHand"] = CFrame.new(-0.0005,0.0000,0.0000,0.9878,-0.1001,0.1193,0.1011,0.9949,-0.0017,-0.1185,0.0138,0.9929),
      ["LeftUpperLeg"] = CFrame.new(0.1503,0.0753,-0.2766,0.8903,0.0858,0.4471,0.2737,0.6840,-0.6762,-0.3638,0.7245,0.5855),
      ["LeftLowerLeg"] = CFrame.new(0.0000,0.0780,-0.0373,1.0000,-0.0000,0.0000,0.0000,0.6276,0.7786,-0.0000,-0.7786,0.6276),
      ["LeftFoot"] = CFrame.new(0.0000,-0.0002,0.0000,0.9986,0.0169,0.0501,-0.0291,0.9664,0.2554,-0.0441,-0.2565,0.9655),
      ["RightUpperLeg"] = CFrame.new(0.0525,0.0415,-0.1168,0.8164,0.3794,-0.4353,-0.4132,0.9104,0.0185,0.4033,0.1648,0.9001),
      ["RightLowerLeg"] = CFrame.new(0.0000,0.0486,-0.0127,1.0000,-0.0000,0.0000,0.0000,0.8739,0.4861,-0.0000,-0.4861,0.8739),
      ["RightFoot"] = CFrame.new(0.0000,0.0000,-0.0001,0.9985,0.0501,-0.0227,-0.0408,0.9510,0.3064,0.0369,-0.3050,0.9516),
    }},
    {Time = 4.967, Data = {
      ["HumanoidRootPart"] = CFrame.new(0.0000,0.0000,0.0000,1.0000,0.0000,0.0000,0.0000,1.0000,0.0000,0.0000,0.0000,1.0000),
      ["LowerTorso"] = CFrame.new(0.0286,-0.1416,-0.1354,0.9954,-0.0319,0.0908,0.0962,0.3341,-0.9376,-0.0004,0.9420,0.3356),
      ["UpperTorso"] = CFrame.new(0.0000,0.0000,0.0000,0.9838,-0.0014,0.1794,-0.0315,0.9830,0.1809,-0.1766,-0.1837,0.9670),
      ["LeftUpperArm"] = CFrame.new(0.0105,-0.0277,0.0490,0.8876,0.1347,0.4404,-0.4539,0.4177,0.7871,-0.0779,-0.8986,0.4319),
      ["LeftLowerArm"] = CFrame.new(-0.0005,0.0366,0.0069,1.0000,-0.0000,0.0000,0.0000,0.9301,-0.3672,0.0000,0.3672,0.9301),
      ["LeftHand"] = CFrame.new(0.0005,0.0000,0.0000,0.9986,-0.0288,-0.0444,0.0305,0.9988,0.0372,0.0433,-0.0385,0.9983),
      ["Head"] = CFrame.new(1.9361,0.0060,-0.9139,0.9617,0.2549,-0.1008,-0.0405,0.4959,0.8674,0.2711,-0.8301,0.4872),
      ["RightUpperArm"] = CFrame.new(-0.0918,0.0147,0.0410,0.7727,-0.5876,-0.2402,0.4804,0.7886,-0.3840,0.4150,0.1813,0.8916),
      ["RightLowerArm"] = CFrame.new(0.0000,0.0999,0.1059,1.0000,-0.0000,0.0000,0.0000,-0.0601,-0.9982,0.0000,0.9982,-0.0601),
      ["RightHand"] = CFrame.new(-0.0005,0.0000,0.0000,0.9876,-0.1009,0.1203,0.1019,0.9948,-0.0018,-0.1195,0.0140,0.9927),
      ["LeftUpperLeg"] = CFrame.new(0.1490,0.0728,-0.2756,0.8895,0.0874,0.4485,0.2717,0.6881,-0.6729,-0.3674,0.7204,0.5883),
      ["LeftLowerLeg"] = CFrame.new(0.0000,0.0783,-0.0378,1.0000,-0.0000,0.0000,0.0000,0.6229,0.7823,-0.0000,-0.7823,0.6229),
      ["LeftFoot"] = CFrame.new(0.0000,-0.0002,0.0000,0.9982,0.0176,0.0573,-0.0318,0.9659,0.2571,-0.0508,-0.2584,0.9647),
      ["RightUpperLeg"] = CFrame.new(0.0520,0.0414,-0.1160,0.8174,0.3797,-0.4332,-0.4109,0.9114,0.0235,0.4038,0.1588,0.9010),
      ["RightLowerLeg"] = CFrame.new(0.0000,0.0492,-0.0131,1.0000,-0.0000,0.0000,0.0000,0.8704,0.4924,-0.0000,-0.4924,0.8704),
      ["RightFoot"] = CFrame.new(0.0000,0.0000,-0.0001,0.9981,0.0558,-0.0262,-0.0447,0.9475,0.3165,0.0425,-0.3148,0.9482),
    }},
    {Time = 5.000, Data = {
      ["HumanoidRootPart"] = CFrame.new(0.0000,0.0000,0.0000,1.0000,0.0000,0.0000,0.0000,1.0000,0.0000,0.0000,0.0000,1.0000),
      ["LowerTorso"] = CFrame.new(0.0286,-0.1418,-0.1353,0.9953,-0.0320,0.0910,0.0965,0.3341,-0.9376,-0.0004,0.9420,0.3357),
      ["UpperTorso"] = CFrame.new(0.0000,0.0000,0.0000,0.9835,0.0017,0.1807,-0.0353,0.9825,0.1831,-0.1772,-0.1865,0.9664),
      ["LeftUpperArm"] = CFrame.new(0.0123,-0.0287,0.0513,0.8890,0.1375,0.4369,-0.4522,0.4150,0.7895,-0.0727,-0.8994,0.4311),
      ["LeftLowerArm"] = CFrame.new(-0.0005,0.0359,0.0066,1.0000,-0.0000,0.0000,0.0000,0.9331,-0.3595,0.0000,0.3595,0.9331),
      ["LeftHand"] = CFrame.new(0.0005,0.0000,0.0000,0.9986,-0.0292,-0.0445,0.0309,0.9988,0.0370,0.0434,-0.0383,0.9983),
      ["Head"] = CFrame.new(1.9316,0.0096,-0.9015,0.9676,0.2522,0.0090,-0.1380,0.4991,0.8555,0.2113,-0.8290,0.5177),
      ["RightUpperArm"] = CFrame.new(-0.0935,0.0165,0.0384,0.7724,-0.5855,-0.2463,0.4782,0.7912,-0.3811,0.4180,0.1766,0.8911),
      ["RightLowerArm"] = CFrame.new(0.0000,0.0999,0.1064,1.0000,-0.0000,0.0000,0.0000,-0.0652,-0.9979,0.0000,0.9979,-0.0652),
      ["RightHand"] = CFrame.new(-0.0005,0.0000,0.0000,0.9875,-0.1012,0.1205,0.1021,0.9948,-0.0018,-0.1197,0.0141,0.9927),
      ["LeftUpperLeg"] = CFrame.new(0.1478,0.0703,-0.2745,0.8886,0.0890,0.4500,0.2697,0.6922,-0.6694,-0.3710,0.7162,0.5911),
      ["LeftLowerLeg"] = CFrame.new(0.0000,0.0787,-0.0382,1.0000,-0.0000,0.0000,0.0000,0.6182,0.7860,-0.0000,-0.7860,0.6182),
      ["LeftFoot"] = CFrame.new(0.0000,-0.0002,0.0000,0.9978,0.0183,0.0645,-0.0344,0.9653,0.2587,-0.0575,-0.2603,0.9638),
      ["RightUpperLeg"] = CFrame.new(0.0515,0.0413,-0.1152,0.8184,0.3799,-0.4312,-0.4085,0.9123,0.0287,0.4043,0.1526,0.9018),
      ["RightLowerLeg"] = CFrame.new(0.0000,0.0498,-0.0134,1.0000,-0.0000,0.0000,0.0000,0.8668,0.4987,-0.0000,-0.4987,0.8668),
      ["RightFoot"] = CFrame.new(0.0000,0.0000,-0.0001,0.9977,0.0616,-0.0297,-0.0485,0.9438,0.3268,0.0481,-0.3246,0.9446),
    }},
    {Time = 5.033, Data = {
      ["HumanoidRootPart"] = CFrame.new(0.0000,0.0000,0.0000,1.0000,0.0000,0.0000,0.0000,1.0000,0.0000,0.0000,0.0000,1.0000),
      ["LowerTorso"] = CFrame.new(0.0286,-0.1416,-0.1354,0.9954,-0.0319,0.0908,0.0962,0.3341,-0.9376,-0.0004,0.9420,0.3356),
      ["UpperTorso"] = CFrame.new(0.0000,0.0000,0.0000,0.9832,0.0047,0.1822,-0.0391,0.9819,0.1852,-0.1780,-0.1893,0.9657),
      ["LeftUpperArm"] = CFrame.new(0.0141,-0.0295,0.0534,0.8903,0.1399,0.4333,-0.4503,0.4123,0.7920,-0.0678,-0.9003,0.4300),
      ["LeftLowerArm"] = CFrame.new(-0.0005,0.0351,0.0064,1.0000,-0.0000,0.0000,0.0000,0.9361,-0.3518,0.0000,0.3518,0.9361),
      ["LeftHand"] = CFrame.new(0.0005,0.0000,0.0000,0.9986,-0.0288,-0.0444,0.0305,0.9988,0.0372,0.0433,-0.0385,0.9983),
      ["Head"] = CFrame.new(1.9299,0.0150,-0.8881,0.9620,0.2475,0.1151,-0.2291,0.5027,0.8336,0.1484,-0.8283,0.5403),
      ["RightUpperArm"] = CFrame.new(-0.0948,0.0180,0.0355,0.7717,-0.5837,-0.2524,0.4765,0.7936,-0.3783,0.4212,0.1717,0.8906),
      ["RightLowerArm"] = CFrame.new(0.0000,0.0999,0.1069,1.0000,-0.0000,0.0000,0.0000,-0.0704,-0.9975,0.0000,0.9975,-0.0704),
      ["RightHand"] = CFrame.new(-0.0005,0.0000,0.0000,0.9876,-0.1009,0.1203,0.1019,0.9948,-0.0018,-0.1195,0.0140,0.9927),
      ["LeftUpperLeg"] = CFrame.new(0.1465,0.0677,-0.2735,0.8877,0.0905,0.4514,0.2676,0.6963,-0.6660,-0.3746,0.7120,0.5939),
      ["LeftLowerLeg"] = CFrame.new(0.0000,0.0791,-0.0387,1.0000,-0.0000,0.0000,0.0000,0.6135,0.7897,-0.0000,-0.7897,0.6135),
      ["LeftFoot"] = CFrame.new(0.0000,-0.0002,0.0000,0.9972,0.0190,0.0717,-0.0371,0.9648,0.2603,-0.0642,-0.2622,0.9629),
      ["RightUpperLeg"] = CFrame.new(0.0510,0.0412,-0.1144,0.8194,0.3802,-0.4291,-0.4060,0.9132,0.0338,0.4047,0.1465,0.9026),
      ["RightLowerLeg"] = CFrame.new(0.0000,0.0505,-0.0138,1.0000,-0.0000,0.0000,0.0000,0.8631,0.5050,-0.0000,-0.5050,0.8631),
      ["RightFoot"] = CFrame.new(0.0000,0.0000,-0.0001,0.9972,0.0674,-0.0331,-0.0523,0.9400,0.3370,0.0538,-0.3344,0.9409),
    }},
    {Time = 5.067, Data = {
      ["HumanoidRootPart"] = CFrame.new(0.0000,0.0000,0.0000,1.0000,0.0000,0.0000,0.0000,1.0000,0.0000,0.0000,0.0000,1.0000),
      ["LowerTorso"] = CFrame.new(0.0284,-0.1407,-0.1358,0.9954,-0.0316,0.0899,0.0953,0.3340,-0.9377,-0.0004,0.9420,0.3355),
      ["UpperTorso"] = CFrame.new(0.0000,0.0000,0.0000,0.9829,0.0076,0.1840,-0.0426,0.9814,0.1874,-0.1792,-0.1920,0.9649),
      ["LeftUpperArm"] = CFrame.new(0.0160,-0.0302,0.0554,0.8917,0.1418,0.4298,-0.4481,0.4096,0.7946,-0.0634,-0.9012,0.4288),
      ["LeftLowerArm"] = CFrame.new(-0.0005,0.0343,0.0061,1.0000,-0.0000,0.0000,0.0000,0.9389,-0.3441,0.0000,0.3441,0.9389),
      ["LeftHand"] = CFrame.new(0.0005,0.0000,0.0000,0.9986,-0.0275,-0.0441,0.0292,0.9988,0.0381,0.0430,-0.0393,0.9983),
      ["Head"] = CFrame.new(1.9307,0.0217,-0.8748,0.9448,0.2413,0.2217,-0.3175,0.5068,0.8015,0.0810,-0.8276,0.5554),
      ["RightUpperArm"] = CFrame.new(-0.0957,0.0190,0.0324,0.7707,-0.5824,-0.2586,0.4752,0.7957,-0.3756,0.4245,0.1666,0.8900),
      ["RightLowerArm"] = CFrame.new(0.0000,0.0998,0.1075,1.0000,-0.0000,0.0000,0.0000,-0.0755,-0.9971,0.0000,0.9971,-0.0755),
      ["RightHand"] = CFrame.new(-0.0005,0.0000,0.0000,0.9878,-0.1001,0.1193,0.1011,0.9949,-0.0018,-0.1185,0.0138,0.9929),
      ["LeftUpperLeg"] = CFrame.new(0.1452,0.0652,-0.2725,0.8868,0.0921,0.4528,0.2656,0.7003,-0.6626,-0.3782,0.7078,0.5966),
      ["LeftLowerLeg"] = CFrame.new(0.0000,0.0795,-0.0392,1.0000,-0.0000,0.0000,0.0000,0.6087,0.7934,-0.0000,-0.7934,0.6087),
      ["LeftFoot"] = CFrame.new(0.0000,-0.0002,0.0000,0.9967,0.0197,0.0789,-0.0398,0.9643,0.2619,-0.0709,-0.2641,0.9619),
      ["RightUpperLeg"] = CFrame.new(0.0505,0.0411,-0.1136,0.8203,0.3804,-0.4270,-0.4037,0.9141,0.0389,0.4051,0.1405,0.9034),
      ["RightLowerLeg"] = CFrame.new(0.0000,0.0511,-0.0142,1.0000,-0.0000,0.0000,0.0000,0.8594,0.5113,-0.0000,-0.5113,0.8594),
      ["RightFoot"] = CFrame.new(0.0000,0.0000,-0.0001,0.9967,0.0732,-0.0364,-0.0560,0.9361,0.3472,0.0595,-0.3439,0.9371),
    }},
    {Time = 5.100, Data = {
      ["HumanoidRootPart"] = CFrame.new(0.0000,0.0000,0.0000,1.0000,0.0000,0.0000,0.0000,1.0000,0.0000,0.0000,0.0000,1.0000),
      ["LowerTorso"] = CFrame.new(0.0280,-0.1394,-0.1366,0.9956,-0.0311,0.0885,0.0938,0.3338,-0.9380,-0.0004,0.9421,0.3352),
      ["UpperTorso"] = CFrame.new(0.0000,0.0000,0.0000,0.9825,0.0102,0.1860,-0.0460,0.9808,0.1895,-0.1805,-0.1947,0.9641),
      ["LeftUpperArm"] = CFrame.new(0.0178,-0.0308,0.0571,0.8932,0.1432,0.4263,-0.4458,0.4070,0.7972,-0.0593,-0.9021,0.4274),
      ["LeftLowerArm"] = CFrame.new(-0.0005,0.0336,0.0058,1.0000,-0.0000,0.0000,0.0000,0.9416,-0.3366,0.0000,0.3366,0.9416),
      ["LeftHand"] = CFrame.new(0.0005,0.0000,0.0000,0.9987,-0.0254,-0.0436,0.0272,0.9988,0.0395,0.0426,-0.0407,0.9983),
      ["Head"] = CFrame.new(1.9336,0.0296,-0.8628,0.9133,0.2346,0.3330,-0.4073,0.5114,0.7567,0.0072,-0.8267,0.5626),
      ["RightUpperArm"] = CFrame.new(-0.0962,0.0195,0.0292,0.7693,-0.5814,-0.2647,0.4743,0.7974,-0.3731,0.4280,0.1615,0.8893),
      ["RightLowerArm"] = CFrame.new(0.0000,0.0998,0.1080,1.0000,-0.0000,0.0000,0.0000,-0.0805,-0.9968,0.0000,0.9968,-0.0805),
      ["RightHand"] = CFrame.new(-0.0005,0.0000,0.0000,0.9881,-0.0988,0.1177,0.0997,0.9950,-0.0018,-0.1169,0.0135,0.9931),
      ["LeftUpperLeg"] = CFrame.new(0.1440,0.0627,-0.2715,0.8860,0.0936,0.4542,0.2636,0.7043,-0.6592,-0.3816,0.7037,0.5993),
      ["LeftLowerLeg"] = CFrame.new(0.0000,0.0798,-0.0396,1.0000,-0.0000,0.0000,0.0000,0.6041,0.7969,-0.0000,-0.7969,0.6041),
      ["LeftFoot"] = CFrame.new(0.0000,-0.0002,0.0000,0.9961,0.0203,0.0858,-0.0424,0.9638,0.2634,-0.0774,-0.2660,0.9609),
      ["RightUpperLeg"] = CFrame.new(0.0500,0.0410,-0.1129,0.8213,0.3806,-0.4250,-0.4013,0.9149,0.0439,0.4055,0.1345,0.9041),
      ["RightLowerLeg"] = CFrame.new(0.0000,0.0517,-0.0145,1.0000,-0.0000,0.0000,0.0000,0.8558,0.5173,-0.0000,-0.5173,0.8558),
      ["RightFoot"] = CFrame.new(0.0000,0.0000,-0.0001,0.9961,0.0789,-0.0396,-0.0596,0.9322,0.3570,0.0651,-0.3533,0.9333),
    }},
    {Time = 5.133, Data = {
      ["HumanoidRootPart"] = CFrame.new(0.0000,0.0000,0.0000,1.0000,0.0000,0.0000,0.0000,1.0000,0.0000,0.0000,0.0000,1.0000),
      ["LowerTorso"] = CFrame.new(0.0274,-0.1375,-0.1377,0.9958,-0.0304,0.0865,0.0917,0.3335,-0.9383,-0.0004,0.9423,0.3348),
      ["UpperTorso"] = CFrame.new(0.0000,0.0000,0.0000,0.9821,0.0126,0.1881,-0.0492,0.9802,0.1916,-0.1820,-0.1974,0.9633),
      ["LeftUpperArm"] = CFrame.new(0.0197,-0.0313,0.0585,0.8946,0.1442,0.4229,-0.4433,0.4045,0.7999,-0.0558,-0.9031,0.4258),
      ["LeftLowerArm"] = CFrame.new(-0.0005,0.0328,0.0055,1.0000,-0.0000,0.0000,0.0000,0.9442,-0.3293,0.0000,0.3293,0.9442),
      ["LeftHand"] = CFrame.new(0.0005,0.0000,0.0000,0.9988,-0.0225,-0.0429,0.0243,0.9988,0.0416,0.0419,-0.0426,0.9982),
      ["Head"] = CFrame.new(1.9384,0.0383,-0.8533,0.8620,0.2281,0.4526,-0.5012,0.5164,0.6943,-0.0754,-0.8254,0.5595),
      ["RightUpperArm"] = CFrame.new(-0.0961,0.0195,0.0259,0.7676,-0.5810,-0.2706,0.4739,0.7988,-0.3706,0.4314,0.1562,0.8885),
      ["RightLowerArm"] = CFrame.new(0.0000,0.0997,0.1084,1.0000,-0.0000,0.0000,0.0000,-0.0853,-0.9964,0.0000,0.9964,-0.0853),
      ["RightHand"] = CFrame.new(-0.0005,0.0000,0.0000,0.9886,-0.0969,0.1154,0.0978,0.9952,-0.0019,-0.1147,0.0131,0.9933),
      ["LeftUpperLeg"] = CFrame.new(0.1428,0.0603,-0.2706,0.8851,0.0951,0.4556,0.2616,0.7080,-0.6559,-0.3849,0.6997,0.6018),
      ["LeftLowerLeg"] = CFrame.new(0.0000,0.0801,-0.0401,1.0000,-0.0000,0.0000,0.0000,0.5996,0.8003,-0.0000,-0.8003,0.5996),
      ["LeftFoot"] = CFrame.new(0.0000,-0.0002,0.0000,0.9955,0.0209,0.0926,-0.0449,0.9633,0.2648,-0.0836,-0.2678,0.9598),
      ["RightUpperLeg"] = CFrame.new(0.0495,0.0409,-0.1121,0.8222,0.3808,-0.4231,-0.3991,0.9156,0.0487,0.4059,0.1288,0.9048),
      ["RightLowerLeg"] = CFrame.new(0.0000,0.0523,-0.0149,1.0000,-0.0000,0.0000,0.0000,0.8522,0.5231,-0.0000,-0.5231,0.8522),
      ["RightFoot"] = CFrame.new(0.0000,0.0000,-0.0001,0.9955,0.0844,-0.0427,-0.0630,0.9283,0.3665,0.0705,-0.3622,0.9294),
    }},
    {Time = 5.167, Data = {
      ["HumanoidRootPart"] = CFrame.new(0.0000,0.0000,0.0000,1.0000,0.0000,0.0000,0.0000,1.0000,0.0000,0.0000,0.0000,1.0000),
      ["LowerTorso"] = CFrame.new(0.0268,-0.1351,-0.1391,0.9960,-0.0295,0.0840,0.0890,0.3331,-0.9387,-0.0003,0.9424,0.3344),
      ["UpperTorso"] = CFrame.new(0.0000,0.0000,0.0000,0.9816,0.0147,0.1905,-0.0522,0.9797,0.1935,-0.1838,-0.1999,0.9624),
      ["LeftUpperArm"] = CFrame.new(0.0215,-0.0316,0.0598,0.8961,0.1445,0.4197,-0.4407,0.4022,0.8025,-0.0528,-0.9041,0.4241),
      ["LeftLowerArm"] = CFrame.new(-0.0005,0.0321,0.0053,1.0000,-0.0000,0.0000,0.0000,0.9466,-0.3224,0.0000,0.3224,0.9466),
      ["LeftHand"] = CFrame.new(0.0005,0.0000,0.0000,0.9989,-0.0189,-0.0420,0.0207,0.9988,0.0441,0.0411,-0.0450,0.9981),
      ["Head"] = CFrame.new(1.9447,0.0475,-0.8474,0.7823,0.2227,0.5818,-0.5997,0.5218,0.6066,-0.1685,-0.8235,0.5418),
      ["RightUpperArm"] = CFrame.new(-0.0959,0.0192,0.0224,0.7656,-0.5810,-0.2763,0.4740,0.7998,-0.3683,0.4349,0.1510,0.8877),
      ["RightLowerArm"] = CFrame.new(0.0000,0.0997,0.1089,1.0000,-0.0000,0.0000,0.0000,-0.0900,-0.9959,0.0000,0.9959,-0.0900),
      ["RightHand"] = CFrame.new(-0.0005,0.0000,0.0000,0.9891,-0.0945,0.1126,0.0954,0.9954,-0.0019,-0.1119,0.0127,0.9936),
      ["LeftUpperLeg"] = CFrame.new(0.1417,0.0580,-0.2697,0.8843,0.0964,0.4569,0.2597,0.7116,-0.6528,-0.3881,0.6959,0.6042),
      ["LeftLowerLeg"] = CFrame.new(0.0000,0.0805,-0.0405,1.0000,-0.0000,0.0000,0.0000,0.5953,0.8035,-0.0000,-0.8035,0.5953),
      ["LeftFoot"] = CFrame.new(0.0000,-0.0002,0.0000,0.9949,0.0215,0.0990,-0.0473,0.9628,0.2662,-0.0896,-0.2695,0.9588),
      ["RightUpperLeg"] = CFrame.new(0.0490,0.0408,-0.1114,0.8230,0.3810,-0.4212,-0.3969,0.9163,0.0533,0.4062,0.1233,0.9054),
      ["RightLowerLeg"] = CFrame.new(0.0000,0.0528,-0.0152,1.0000,-0.0000,0.0000,0.0000,0.8488,0.5287,-0.0000,-0.5287,0.8488),
      ["RightFoot"] = CFrame.new(0.0000,0.0000,-0.0001,0.9949,0.0897,-0.0455,-0.0662,0.9244,0.3755,0.0757,-0.3706,0.9257),
    }},
    {Time = 5.200, Data = {
      ["HumanoidRootPart"] = CFrame.new(0.0000,0.0000,0.0000,1.0000,0.0000,0.0000,0.0000,1.0000,0.0000,0.0000,0.0000,1.0000),
      ["LowerTorso"] = CFrame.new(0.0259,-0.1322,-0.1407,0.9963,-0.0284,0.0809,0.0858,0.3326,-0.9392,-0.0003,0.9426,0.3338),
      ["UpperTorso"] = CFrame.new(0.0000,0.0000,0.0000,0.9811,0.0165,0.1929,-0.0549,0.9792,0.1954,-0.1857,-0.2023,0.9616),
      ["LeftUpperArm"] = CFrame.new(0.0232,-0.0318,0.0607,0.8975,0.1445,0.4166,-0.4381,0.3999,0.8051,-0.0502,-0.9051,0.4222),
      ["LeftLowerArm"] = CFrame.new(-0.0005,0.0315,0.0051,1.0000,-0.0000,0.0000,0.0000,0.9488,-0.3158,0.0000,0.3158,0.9488),
      ["LeftHand"] = CFrame.new(0.0005,0.0000,0.0000,0.9991,-0.0145,-0.0409,0.0164,0.9988,0.0472,0.0401,-0.0478,0.9980),
      ["Head"] = CFrame.new(1.9523,0.0568,-0.8461,0.6632,0.2193,0.7156,-0.6977,0.5273,0.4850,-0.2710,-0.8209,0.5027),
      ["RightUpperArm"] = CFrame.new(-0.0951,0.0183,0.0190,0.7633,-0.5814,-0.2817,0.4745,0.8004,-0.3662,0.4384,0.1458,0.8869),
      ["RightLowerArm"] = CFrame.new(0.0000,0.0997,0.1093,1.0000,-0.0000,0.0000,0.0000,-0.0943,-0.9955,0.0000,0.9955,-0.0943),
      ["RightHand"] = CFrame.new(-0.0005,0.0000,0.0000,0.9898,-0.0917,0.1091,0.0924,0.9957,-0.0020,-0.1085,0.0121,0.9940),
      ["LeftUpperLeg"] = CFrame.new(0.1406,0.0559,-0.2688,0.8835,0.0977,0.4581,0.2579,0.7150,-0.6499,-0.3910,0.6923,0.6065),
      ["LeftLowerLeg"] = CFrame.new(0.0000,0.0808,-0.0409,1.0000,-0.0000,0.0000,0.0000,0.5913,0.8065,-0.0000,-0.8065,0.5913),
      ["LeftFoot"] = CFrame.new(0.0000,-0.0002,0.0000,0.9942,0.0221,0.1051,-0.0496,0.9623,0.2674,-0.0952,-0.2711,0.9578),
      ["RightUpperLeg"] = CFrame.new(0.0486,0.0407,-0.1108,0.8239,0.3812,-0.4195,-0.3949,0.9169,0.0576,0.4066,0.1182,0.9059),
      ["RightLowerLeg"] = CFrame.new(0.0000,0.0534,-0.0156,1.0000,-0.0000,0.0000,0.0000,0.8456,0.5339,-0.0000,-0.5339,0.8456),
      ["RightFoot"] = CFrame.new(0.0000,0.0000,-0.0001,0.9943,0.0947,-0.0481,-0.0691,0.9207,0.3840,0.0807,-0.3785,0.9221),
    }},
    {Time = 5.233, Data = {
      ["HumanoidRootPart"] = CFrame.new(0.0000,0.0000,0.0000,1.0000,0.0000,0.0000,0.0000,1.0000,0.0000,0.0000,0.0000,1.0000),
      ["LowerTorso"] = CFrame.new(0.0250,-0.1288,-0.1426,0.9966,-0.0272,0.0774,0.0821,0.3321,-0.9397,-0.0002,0.9429,0.3332),
      ["UpperTorso"] = CFrame.new(0.0000,0.0000,0.0000,0.9805,0.0180,0.1955,-0.0572,0.9787,0.1972,-0.1878,-0.2045,0.9607),
      ["LeftUpperArm"] = CFrame.new(0.0249,-0.0319,0.0614,0.8990,0.1439,0.4137,-0.4353,0.3978,0.8076,-0.0484,-0.9061,0.4203),
      ["LeftLowerArm"] = CFrame.new(-0.0005,0.0309,0.0049,1.0000,-0.0000,0.0000,0.0000,0.9508,-0.3097,0.0000,0.3097,0.9508),
      ["LeftHand"] = CFrame.new(0.0005,0.0000,0.0000,0.9992,-0.0094,-0.0396,0.0114,0.9986,0.0508,0.0390,-0.0512,0.9979),
      ["Head"] = CFrame.new(1.9606,0.0661,-0.8490,0.5008,0.2182,0.8376,-0.7804,0.5323,0.3280,-0.3743,-0.8179,0.4369),
      ["RightUpperArm"] = CFrame.new(-0.0939,0.0169,0.0155,0.7607,-0.5823,-0.2868,0.4755,0.8007,-0.3643,0.4418,0.1408,0.8860),
      ["RightLowerArm"] = CFrame.new(0.0000,0.0996,0.1097,1.0000,-0.0000,0.0000,0.0000,-0.0983,-0.9952,0.0000,0.9952,-0.0983),
      ["RightHand"] = CFrame.new(-0.0005,0.0000,0.0000,0.9905,-0.0884,0.1052,0.0891,0.9960,-0.0021,-0.1046,0.0115,0.9945),
      ["LeftUpperLeg"] = CFrame.new(0.1396,0.0539,-0.2680,0.8828,0.0989,0.4593,0.2562,0.7181,-0.6471,-0.3938,0.6889,0.6086),
      ["LeftLowerLeg"] = CFrame.new(0.0000,0.0810,-0.0413,1.0000,-0.0000,0.0000,0.0000,0.5875,0.8092,-0.0000,-0.8092,0.5875),
      ["LeftFoot"] = CFrame.new(0.0000,-0.0002,0.0000,0.9936,0.0225,0.1107,-0.0517,0.9619,0.2686,-0.1004,-0.2726,0.9569),
      ["RightUpperLeg"] = CFrame.new(0.0482,0.0406,-0.1102,0.8246,0.3813,-0.4178,-0.3930,0.9175,0.0616,0.4068,0.1134,0.9064),
      ["RightLowerLeg"] = CFrame.new(0.0000,0.0538,-0.0159,1.0000,-0.0000,0.0000,0.0000,0.8425,0.5387,-0.0000,-0.5387,0.8425),
      ["RightFoot"] = CFrame.new(0.0000,0.0000,-0.0001,0.9938,0.0994,-0.0505,-0.0718,0.9172,0.3919,0.0852,-0.3858,0.9186),
    }},
    {Time = 5.267, Data = {
      ["HumanoidRootPart"] = CFrame.new(0.0000,0.0000,0.0000,1.0000,0.0000,0.0000,0.0000,1.0000,0.0000,0.0000,0.0000,1.0000),
      ["LowerTorso"] = CFrame.new(0.0239,-0.1251,-0.1448,0.9970,-0.0258,0.0735,0.0779,0.3314,-0.9403,-0.0001,0.9431,0.3324),
      ["UpperTorso"] = CFrame.new(0.0000,0.0000,0.0000,0.9800,0.0191,0.1981,-0.0593,0.9782,0.1988,-0.1900,-0.2066,0.9598),
      ["LeftUpperArm"] = CFrame.new(0.0264,-0.0318,0.0618,0.9004,0.1428,0.4110,-0.4326,0.3959,0.8100,-0.0471,-0.9071,0.4182),
      ["LeftLowerArm"] = CFrame.new(-0.0005,0.0303,0.0047,1.0000,-0.0000,0.0000,0.0000,0.9526,-0.3041,0.0000,0.3041,0.9526),
      ["LeftHand"] = CFrame.new(0.0005,0.0000,0.0000,0.9993,-0.0037,-0.0381,0.0058,0.9985,0.0547,0.0378,-0.0549,0.9978),
      ["Head"] = CFrame.new(1.9693,0.0752,-0.8554,0.2996,0.2192,0.9285,-0.8319,0.5365,0.1418,-0.4670,-0.8150,0.3431),
      ["RightUpperArm"] = CFrame.new(-0.0923,0.0151,0.0121,0.7579,-0.5836,-0.2915,0.4770,0.8006,-0.3627,0.4451,0.1358,0.8851),
      ["RightLowerArm"] = CFrame.new(0.0000,0.0996,0.1101,1.0000,-0.0000,0.0000,0.0000,-0.1020,-0.9948,0.0000,0.9948,-0.1020),
      ["RightHand"] = CFrame.new(-0.0005,0.0000,0.0000,0.9913,-0.0847,0.1007,0.0853,0.9964,-0.0022,-0.1002,0.0108,0.9949),
      ["LeftUpperLeg"] = CFrame.new(0.1387,0.0521,-0.2673,0.8821,0.1000,0.4603,0.2547,0.7209,-0.6446,-0.3963,0.6858,0.6104),
      ["LeftLowerLeg"] = CFrame.new(0.0000,0.0813,-0.0417,1.0000,-0.0000,0.0000,0.0000,0.5840,0.8117,-0.0000,-0.8117,0.5840),
      ["LeftFoot"] = CFrame.new(0.0000,-0.0002,0.0000,0.9930,0.0230,0.1158,-0.0537,0.9615,0.2696,-0.1051,-0.2740,0.9560),
      ["RightUpperLeg"] = CFrame.new(0.0478,0.0406,-0.1096,0.8253,0.3814,-0.4164,-0.3913,0.9179,0.0653,0.4071,0.1091,0.9069),
      ["RightLowerLeg"] = CFrame.new(0.0000,0.0543,-0.0161,1.0000,-0.0000,0.0000,0.0000,0.8397,0.5430,-0.0000,-0.5430,0.8397),
      ["RightFoot"] = CFrame.new(0.0000,0.0000,-0.0001,0.9932,0.1036,-0.0526,-0.0742,0.9140,0.3990,0.0894,-0.3924,0.9155),
    }},
    {Time = 5.300, Data = {
      ["HumanoidRootPart"] = CFrame.new(0.0000,0.0000,0.0000,1.0000,0.0000,0.0000,0.0000,1.0000,0.0000,0.0000,0.0000,1.0000),
      ["LowerTorso"] = CFrame.new(0.0228,-0.1210,-0.1471,0.9973,-0.0242,0.0692,0.0733,0.3308,-0.9409,-0.0001,0.9434,0.3316),
      ["UpperTorso"] = CFrame.new(0.0000,0.0000,0.0000,0.9794,0.0200,0.2007,-0.0610,0.9778,0.2003,-0.1923,-0.2084,0.9590),
      ["LeftUpperArm"] = CFrame.new(0.0279,-0.0316,0.0620,0.9017,0.1411,0.4086,-0.4298,0.3942,0.8123,-0.0464,-0.9081,0.4161),
      ["LeftLowerArm"] = CFrame.new(-0.0005,0.0298,0.0045,1.0000,-0.0000,0.0000,0.0000,0.9542,-0.2992,0.0000,0.2992,0.9542),
      ["LeftHand"] = CFrame.new(0.0005,0.0000,0.0000,0.9993,0.0026,-0.0364,-0.0004,0.9983,0.0591,0.0365,-0.0590,0.9976),
      ["Head"] = CFrame.new(1.9779,0.0838,-0.8647,0.0715,0.2219,0.9724,-0.8400,0.5392,-0.0613,-0.5379,-0.8124,0.2250),
      ["RightUpperArm"] = CFrame.new(-0.0904,0.0129,0.0088,0.7549,-0.5854,-0.2958,0.4788,0.8001,-0.3613,0.4482,0.1311,0.8843),
      ["RightLowerArm"] = CFrame.new(0.0000,0.0996,0.1104,1.0000,-0.0000,0.0000,0.0000,-0.1052,-0.9944,0.0000,0.9944,-0.1052),
      ["RightHand"] = CFrame.new(-0.0005,0.0000,0.0000,0.9921,-0.0806,0.0958,0.0812,0.9967,-0.0023,-0.0953,0.0101,0.9954),
      ["LeftUpperLeg"] = CFrame.new(0.1379,0.0505,-0.2666,0.8815,0.1009,0.4612,0.2533,0.7233,-0.6424,-0.3985,0.6831,0.6121),
      ["LeftLowerLeg"] = CFrame.new(0.0000,0.0815,-0.0420,1.0000,-0.0000,0.0000,0.0000,0.5809,0.8140,-0.0000,-0.8140,0.5809),
      ["LeftFoot"] = CFrame.new(0.0000,-0.0002,0.0000,0.9925,0.0233,0.1203,-0.0554,0.9611,0.2706,-0.1093,-0.2752,0.9552),
      ["RightUpperLeg"] = CFrame.new(0.0475,0.0405,-0.1091,0.8259,0.3815,-0.4150,-0.3898,0.9184,0.0685,0.4073,0.1052,0.9072),
      ["RightLowerLeg"] = CFrame.new(0.0000,0.0547,-0.0164,1.0000,-0.0000,0.0000,0.0000,0.8372,0.5469,-0.0000,-0.5469,0.8372),
      ["RightFoot"] = CFrame.new(0.0000,0.0000,-0.0001,0.9927,0.1074,-0.0545,-0.0763,0.9110,0.4053,0.0932,-0.3982,0.9126),
    }},
    {Time = 5.333, Data = {
      ["HumanoidRootPart"] = CFrame.new(0.0000,0.0000,0.0000,1.0000,0.0000,0.0000,0.0000,1.0000,0.0000,0.0000,0.0000,1.0000),
      ["LowerTorso"] = CFrame.new(0.0215,-0.1165,-0.1497,0.9977,-0.0226,0.0645,0.0684,0.3300,-0.9415,-0.0000,0.9437,0.3308),
      ["UpperTorso"] = CFrame.new(0.0000,0.0000,0.0000,0.9789,0.0204,0.2034,-0.0623,0.9775,0.2016,-0.1947,-0.2100,0.9581),
      ["LeftUpperArm"] = CFrame.new(0.0292,-0.0313,0.0618,0.9030,0.1390,0.4065,-0.4271,0.3927,0.8145,-0.0464,-0.9091,0.4140),
      ["LeftLowerArm"] = CFrame.new(-0.0005,0.0294,0.0044,1.0000,-0.0000,0.0000,0.0000,0.9555,-0.2949,0.0000,0.2949,0.9555),
      ["LeftHand"] = CFrame.new(0.0005,0.0000,0.0000,0.9994,0.0093,-0.0346,-0.0071,0.9979,0.0638,0.0351,-0.0635,0.9974),
      ["Head"] = CFrame.new(1.9860,0.0917,-0.8761,-0.1665,0.2258,0.9598,-0.7985,0.5402,-0.2656,-0.5785,-0.8107,0.0904),
      ["RightUpperArm"] = CFrame.new(-0.0880,0.0102,0.0057,0.7517,-0.5875,-0.2996,0.4811,0.7992,-0.3602,0.4511,0.1267,0.8834),
      ["RightLowerArm"] = CFrame.new(0.0000,0.0995,0.1107,1.0000,-0.0000,0.0000,0.0000,-0.1081,-0.9941,0.0000,0.9941,-0.1081),
      ["RightHand"] = CFrame.new(-0.0005,0.0000,0.0000,0.9930,-0.0762,0.0905,0.0767,0.9971,-0.0024,-0.0901,0.0093,0.9959),
      ["LeftUpperLeg"] = CFrame.new(0.1372,0.0491,-0.2661,0.8810,0.1017,0.4620,0.2521,0.7255,-0.6404,-0.4004,0.6807,0.6135),
      ["LeftLowerLeg"] = CFrame.new(0.0000,0.0817,-0.0422,1.0000,-0.0000,0.0000,0.0000,0.5783,0.8159,-0.0000,-0.8159,0.5783),
      ["LeftFoot"] = CFrame.new(0.0000,-0.0002,0.0000,0.9920,0.0237,0.1242,-0.0569,0.9608,0.2713,-0.1129,-0.2762,0.9544),
      ["RightUpperLeg"] = CFrame.new(0.0472,0.0404,-0.1087,0.8265,0.3816,-0.4139,-0.3885,0.9187,0.0713,0.4075,0.1018,0.9075),
      ["RightLowerLeg"] = CFrame.new(0.0000,0.0550,-0.0166,1.0000,-0.0000,0.0000,0.0000,0.8350,0.5502,-0.0000,-0.5502,0.8350),
      ["RightFoot"] = CFrame.new(0.0000,0.0000,-0.0001,0.9923,0.1107,-0.0561,-0.0781,0.9084,0.4107,0.0964,-0.4032,0.9100),
    }},
    {Time = 5.367, Data = {
      ["HumanoidRootPart"] = CFrame.new(0.0000,0.0000,0.0000,1.0000,0.0000,0.0000,0.0000,1.0000,0.0000,0.0000,0.0000,1.0000),
      ["LowerTorso"] = CFrame.new(0.0202,-0.1118,-0.1524,0.9980,-0.0209,0.0596,0.0631,0.3292,-0.9421,0.0000,0.9440,0.3299),
      ["UpperTorso"] = CFrame.new(0.0000,0.0000,0.0000,0.9783,0.0205,0.2061,-0.0632,0.9772,0.2027,-0.1972,-0.2113,0.9573),
      ["LeftUpperArm"] = CFrame.new(0.0304,-0.0309,0.0613,0.9042,0.1364,0.4047,-0.4245,0.3914,0.8164,-0.0470,-0.9100,0.4118),
      ["LeftLowerArm"] = CFrame.new(-0.0005,0.0290,0.0043,1.0000,-0.0000,0.0000,0.0000,0.9566,-0.2913,0.0000,0.2913,0.9566),
      ["LeftHand"] = CFrame.new(0.0005,0.0000,0.0000,0.9993,0.0165,-0.0327,-0.0142,0.9975,0.0688,0.0337,-0.0682,0.9971),
      ["Head"] = CFrame.new(1.9930,0.0988,-0.8890,-0.3962,0.2301,0.8889,-0.7083,0.5394,-0.4554,-0.5842,-0.8100,-0.0507),
      ["RightUpperArm"] = CFrame.new(-0.0854,0.0072,0.0027,0.7484,-0.5901,-0.3029,0.4837,0.7980,-0.3595,0.4538,0.1225,0.8826),
      ["RightLowerArm"] = CFrame.new(0.0000,0.0995,0.1109,1.0000,-0.0000,0.0000,0.0000,-0.1104,-0.9939,0.0000,0.9939,-0.1104),
      ["RightHand"] = CFrame.new(-0.0005,0.0000,0.0000,0.9938,-0.0715,0.0849,0.0719,0.9974,-0.0024,-0.0845,0.0085,0.9964),
      ["LeftUpperLeg"] = CFrame.new(0.1366,0.0479,-0.2656,0.8806,0.1024,0.4627,0.2511,0.7273,-0.6388,-0.4019,0.6787,0.6147),
      ["LeftLowerLeg"] = CFrame.new(0.0000,0.0819,-0.0425,1.0000,-0.0000,0.0000,0.0000,0.5760,0.8174,-0.0000,-0.8174,0.5760),
      ["LeftFoot"] = CFrame.new(0.0000,-0.0002,0.0000,0.9916,0.0239,0.1275,-0.0582,0.9605,0.2720,-0.1160,-0.2771,0.9538),
      ["RightUpperLeg"] = CFrame.new(0.0470,0.0404,-0.1083,0.8269,0.3817,-0.4129,-0.3874,0.9190,0.0737,0.4076,0.0990,0.9078),
      ["RightLowerLeg"] = CFrame.new(0.0000,0.0553,-0.0168,1.0000,-0.0000,0.0000,0.0000,0.8332,0.5530,-0.0000,-0.5530,0.8332),
      ["RightFoot"] = CFrame.new(0.0000,0.0000,-0.0001,0.9919,0.1134,-0.0574,-0.0796,0.9062,0.4152,0.0991,-0.4073,0.9079),
    }},
    {Time = 5.400, Data = {
      ["HumanoidRootPart"] = CFrame.new(0.0000,0.0000,0.0000,1.0000,0.0000,0.0000,0.0000,1.0000,0.0000,0.0000,0.0000,1.0000),
      ["LowerTorso"] = CFrame.new(0.0188,-0.1068,-0.1552,0.9983,-0.0190,0.0544,0.0576,0.3284,-0.9428,0.0001,0.9444,0.3289),
      ["UpperTorso"] = CFrame.new(0.0000,0.0000,0.0000,0.9778,0.0203,0.2087,-0.0638,0.9770,0.2037,-0.1997,-0.2124,0.9565),
      ["LeftUpperArm"] = CFrame.new(0.0314,-0.0303,0.0606,0.9053,0.1334,0.4033,-0.4220,0.3904,0.8182,-0.0482,-0.9109,0.4097),
      ["LeftLowerArm"] = CFrame.new(-0.0005,0.0287,0.0042,1.0000,-0.0000,0.0000,0.0000,0.9575,-0.2884,0.0000,0.2884,0.9575),
      ["LeftHand"] = CFrame.new(0.0005,0.0000,0.0000,0.9992,0.0240,-0.0306,-0.0217,0.9970,0.0740,0.0322,-0.0732,0.9968),
      ["Head"] = CFrame.new(1.9987,0.1049,-0.9028,-0.6022,0.2340,0.7633,-0.5745,0.5368,-0.6179,-0.5543,-0.8106,-0.1889),
      ["RightUpperArm"] = CFrame.new(-0.0824,0.0038,-0.0002,0.7449,-0.5930,-0.3056,0.4867,0.7964,-0.3591,0.4563,0.1188,0.8819),
      ["RightLowerArm"] = CFrame.new(0.0000,0.0995,0.1111,1.0000,-0.0000,0.0000,0.0000,-0.1123,-0.9937,0.0000,0.9937,-0.1123),
      ["RightHand"] = CFrame.new(-0.0005,0.0000,0.0000,0.9946,-0.0665,0.0790,0.0669,0.9978,-0.0024,-0.0787,0.0077,0.9969),
      ["LeftUpperLeg"] = CFrame.new(0.1362,0.0470,-0.2652,0.8802,0.1030,0.4632,0.2503,0.7287,-0.6375,-0.4032,0.6771,0.6156),
      ["LeftLowerLeg"] = CFrame.new(0.0000,0.0820,-0.0426,1.0000,-0.0000,0.0000,0.0000,0.5743,0.8187,-0.0000,-0.8187,0.5743),
      ["LeftFoot"] = CFrame.new(0.0000,-0.0002,0.0000,0.9912,0.0241,0.1301,-0.0592,0.9603,0.2725,-0.1183,-0.2778,0.9533),
      ["RightUpperLeg"] = CFrame.new(0.0468,0.0404,-0.1081,0.8273,0.3817,-0.4122,-0.3865,0.9192,0.0755,0.4077,0.0968,0.9080),
      ["RightLowerLeg"] = CFrame.new(0.0000,0.0555,-0.0169,1.0000,-0.0000,0.0000,0.0000,0.8317,0.5552,-0.0000,-0.5552,0.8317),
      ["RightFoot"] = CFrame.new(0.0000,0.0000,-0.0001,0.9916,0.1156,-0.0584,-0.0808,0.9045,0.4188,0.1013,-0.4106,0.9062),
    }},
    {Time = 5.433, Data = {
      ["HumanoidRootPart"] = CFrame.new(0.0000,0.0000,0.0000,1.0000,0.0000,0.0000,0.0000,1.0000,0.0000,0.0000,0.0000,1.0000),
      ["LowerTorso"] = CFrame.new(0.0173,-0.1017,-0.1581,0.9987,-0.0171,0.0490,0.0519,0.3275,-0.9434,0.0001,0.9447,0.3279),
      ["UpperTorso"] = CFrame.new(0.0000,0.0000,0.0000,0.9772,0.0197,0.2112,-0.0639,0.9768,0.2044,-0.2023,-0.2132,0.9558),
      ["LeftUpperArm"] = CFrame.new(0.0322,-0.0296,0.0596,0.9063,0.1300,0.4021,-0.4196,0.3896,0.8198,-0.0501,-0.9118,0.4077),
      ["LeftLowerArm"] = CFrame.new(-0.0005,0.0285,0.0042,1.0000,-0.0000,0.0000,0.0000,0.9581,-0.2864,0.0000,0.2864,0.9581),
      ["LeftHand"] = CFrame.new(0.0005,0.0000,0.0000,0.9991,0.0317,-0.0284,-0.0294,0.9964,0.0793,0.0308,-0.0784,0.9964),
      ["Head"] = CFrame.new(2.0025,0.1097,-0.9167,-0.7725,0.2368,0.5893,-0.4039,0.5328,-0.7436,-0.4900,-0.8124,-0.3159),
      ["RightUpperArm"] = CFrame.new(-0.0792,0.0002,-0.0028,0.7414,-0.5963,-0.3077,0.4900,0.7944,-0.3589,0.4584,0.1153,0.8812),
      ["RightLowerArm"] = CFrame.new(0.0000,0.0995,0.1113,1.0000,-0.0000,0.0000,0.0000,-0.1136,-0.9935,0.0000,0.9935,-0.1136),
      ["RightHand"] = CFrame.new(-0.0005,0.0000,0.0000,0.9954,-0.0614,0.0729,0.0618,0.9981,-0.0024,-0.0726,0.0069,0.9973),
      ["LeftUpperLeg"] = CFrame.new(0.1358,0.0463,-0.2650,0.8800,0.1033,0.4636,0.2497,0.7297,-0.6366,-0.4041,0.6759,0.6163),
      ["LeftLowerLeg"] = CFrame.new(0.0000,0.0821,-0.0428,1.0000,-0.0000,0.0000,0.0000,0.5730,0.8196,-0.0000,-0.8196,0.5730),
      ["LeftFoot"] = CFrame.new(0.0000,-0.0002,0.0000,0.9910,0.0243,0.1319,-0.0599,0.9602,0.2729,-0.1201,-0.2783,0.9530),
      ["RightUpperLeg"] = CFrame.new(0.0467,0.0403,-0.1079,0.8275,0.3818,-0.4117,-0.3859,0.9193,0.0769,0.4078,0.0952,0.9081),
      ["RightLowerLeg"] = CFrame.new(0.0000,0.0556,-0.0170,1.0000,-0.0000,0.0000,0.0000,0.8307,0.5567,-0.0000,-0.5567,0.8307),
      ["RightFoot"] = CFrame.new(0.0000,0.0000,-0.0001,0.9913,0.1172,-0.0592,-0.0816,0.9032,0.4214,0.1028,-0.4129,0.9049),
    }},
    {Time = 5.467, Data = {
      ["HumanoidRootPart"] = CFrame.new(0.0000,0.0000,0.0000,1.0000,0.0000,0.0000,0.0000,1.0000,0.0000,0.0000,0.0000,1.0000),
      ["LowerTorso"] = CFrame.new(0.0158,-0.0965,-0.1611,0.9989,-0.0152,0.0435,0.0460,0.3266,-0.9441,0.0002,0.9451,0.3269),
      ["UpperTorso"] = CFrame.new(0.0000,0.0000,0.0000,0.9767,0.0188,0.2136,-0.0636,0.9767,0.2049,-0.2048,-0.2137,0.9552),
      ["LeftUpperArm"] = CFrame.new(0.0328,-0.0288,0.0583,0.9072,0.1262,0.4013,-0.4174,0.3891,0.8212,-0.0525,-0.9125,0.4057),
      ["LeftLowerArm"] = CFrame.new(-0.0005,0.0285,0.0041,1.0000,-0.0000,0.0000,0.0000,0.9585,-0.2851,0.0000,0.2851,0.9585),
      ["LeftHand"] = CFrame.new(0.0005,0.0000,0.0000,0.9989,0.0397,-0.0260,-0.0373,0.9957,0.0848,0.0293,-0.0837,0.9961),
      ["Head"] = CFrame.new(2.0039,0.1130,-0.9302,-0.8970,0.2379,0.3725,-0.2026,0.5276,-0.8250,-0.3928,-0.8155,-0.4251),
      ["RightUpperArm"] = CFrame.new(-0.0757,-0.0037,-0.0052,0.7379,-0.5999,-0.3092,0.4935,0.7922,-0.3590,0.4603,0.1123,0.8806),
      ["RightLowerArm"] = CFrame.new(0.0000,0.0995,0.1113,1.0000,-0.0000,0.0000,0.0000,-0.1144,-0.9934,0.0000,0.9934,-0.1144),
      ["RightHand"] = CFrame.new(-0.0005,0.0000,0.0000,0.9962,-0.0562,0.0667,0.0565,0.9984,-0.0024,-0.0665,0.0062,0.9978),
      ["LeftUpperLeg"] = CFrame.new(0.1357,0.0459,-0.2648,0.8798,0.1036,0.4639,0.2493,0.7303,-0.6360,-0.4046,0.6753,0.6167),
      ["LeftLowerLeg"] = CFrame.new(0.0000,0.0821,-0.0428,1.0000,-0.0000,0.0000,0.0000,0.5722,0.8201,-0.0000,-0.8201,0.5722),
      ["LeftFoot"] = CFrame.new(0.0000,-0.0002,0.0000,0.9908,0.0244,0.1331,-0.0603,0.9601,0.2731,-0.1211,-0.2786,0.9527),
      ["RightUpperLeg"] = CFrame.new(0.0466,0.0403,-0.1078,0.8277,0.3818,-0.4113,-0.3856,0.9194,0.0777,0.4078,0.0943,0.9082),
      ["RightLowerLeg"] = CFrame.new(0.0000,0.0557,-0.0170,1.0000,-0.0000,0.0000,0.0000,0.8301,0.5577,-0.0000,-0.5577,0.8301),
      ["RightFoot"] = CFrame.new(0.0000,0.0000,-0.0001,0.9912,0.1181,-0.0596,-0.0821,0.9024,0.4229,0.1037,-0.4143,0.9042),
    }},
    {Time = 5.500, Data = {
      ["HumanoidRootPart"] = CFrame.new(0.0000,0.0000,0.0000,1.0000,0.0000,0.0000,0.0000,1.0000,0.0000,0.0000,0.0000,1.0000),
      ["LowerTorso"] = CFrame.new(0.0143,-0.0911,-0.1641,0.9992,-0.0133,0.0379,0.0401,0.3256,-0.9446,0.0002,0.9454,0.3259),
      ["UpperTorso"] = CFrame.new(0.0000,0.0000,0.0000,0.9762,0.0175,0.2159,-0.0629,0.9767,0.2052,-0.2073,-0.2139,0.9546),
      ["LeftUpperArm"] = CFrame.new(0.0333,-0.0278,0.0568,0.9080,0.1221,0.4009,-0.4154,0.3889,0.8223,-0.0555,-0.9132,0.4038),
      ["LeftLowerArm"] = CFrame.new(-0.0005,0.0285,0.0041,1.0000,-0.0000,0.0000,0.0000,0.9586,-0.2847,0.0000,0.2847,0.9586),
      ["LeftHand"] = CFrame.new(0.0005,0.0000,0.0000,0.9986,0.0476,-0.0237,-0.0453,0.9949,0.0903,0.0279,-0.0891,0.9956),
      ["Head"] = CFrame.new(2.0032,0.1150,-0.9429,-0.9641,0.2370,0.1195,0.0226,0.5219,-0.8527,-0.2645,-0.8194,-0.5085),
      ["RightUpperArm"] = CFrame.new(-0.0720,-0.0078,-0.0073,0.7344,-0.6037,-0.3101,0.4973,0.7896,-0.3595,0.4619,0.1098,0.8801),
      ["RightLowerArm"] = CFrame.new(0.0000,0.0995,0.1113,1.0000,-0.0000,0.0000,0.0000,-0.1146,-0.9934,0.0000,0.9934,-0.1146),
      ["RightHand"] = CFrame.new(-0.0005,0.0000,0.0000,0.9969,-0.0509,0.0604,0.0511,0.9987,-0.0024,-0.0602,0.0055,0.9982),
      ["LeftUpperLeg"] = CFrame.new(0.1356,0.0458,-0.2648,0.8798,0.1036,0.4639,0.2493,0.7304,-0.6359,-0.4047,0.6751,0.6168),
      ["LeftLowerLeg"] = CFrame.new(0.0000,0.0821,-0.0429,1.0000,-0.0000,0.0000,0.0000,0.5720,0.8202,-0.0000,-0.8202,0.5720),
      ["LeftFoot"] = CFrame.new(0.0000,-0.0002,0.0000,0.9908,0.0244,0.1333,-0.0604,0.9601,0.2731,-0.1214,-0.2786,0.9527),
      ["RightUpperLeg"] = CFrame.new(0.0466,0.0403,-0.1078,0.8277,0.3819,-0.4112,-0.3855,0.9194,0.0779,0.4078,0.0940,0.9082),
      ["RightLowerLeg"] = CFrame.new(0.0000,0.0557,-0.0170,1.0000,-0.0000,0.0000,0.0000,0.8299,0.5579,-0.0000,-0.5579,0.8299),
      ["RightFoot"] = CFrame.new(0.0000,0.0000,-0.0001,0.9912,0.1184,-0.0597,-0.0822,0.9022,0.4235,0.1040,-0.4148,0.9039),
    }},
    {Time = 5.533, Data = {
      ["HumanoidRootPart"] = CFrame.new(0.0000,0.0000,0.0000,1.0000,0.0000,0.0000,0.0000,1.0000,0.0000,0.0000,0.0000,1.0000),
      ["LowerTorso"] = CFrame.new(0.0128,-0.0858,-0.1672,0.9994,-0.0113,0.0323,0.0342,0.3247,-0.9452,0.0002,0.9458,0.3249),
      ["UpperTorso"] = CFrame.new(0.0000,0.0000,0.0000,0.9758,0.0160,0.2181,-0.0618,0.9768,0.2052,-0.2097,-0.2137,0.9541),
      ["LeftUpperArm"] = CFrame.new(0.0335,-0.0268,0.0551,0.9085,0.1177,0.4009,-0.4136,0.3889,0.8232,-0.0591,-0.9137,0.4020),
      ["LeftLowerArm"] = CFrame.new(-0.0005,0.0285,0.0042,1.0000,-0.0000,0.0000,0.0000,0.9585,-0.2851,0.0000,0.2851,0.9585),
      ["LeftHand"] = CFrame.new(0.0005,0.0000,0.0000,0.9982,0.0556,-0.0213,-0.0533,0.9940,0.0957,0.0264,-0.0944,0.9952),
      ["Head"] = CFrame.new(2.0006,0.1158,-0.9551,-0.9597,0.2340,-0.1557,0.2583,0.5162,-0.8166,-0.1107,-0.8239,-0.5558),
      ["RightUpperArm"] = CFrame.new(-0.0682,-0.0120,-0.0092,0.7309,-0.6078,-0.3103,0.5012,0.7867,-0.3604,0.4632,0.1079,0.8797),
      ["RightLowerArm"] = CFrame.new(0.0000,0.0995,0.1113,1.0000,-0.0000,0.0000,0.0000,-0.1144,-0.9934,0.0000,0.9934,-0.1144),
      ["RightHand"] = CFrame.new(-0.0005,0.0000,0.0000,0.9975,-0.0456,0.0541,0.0458,0.9989,-0.0023,-0.0539,0.0047,0.9985),
      ["LeftUpperLeg"] = CFrame.new(0.1357,0.0459,-0.2649,0.8798,0.1036,0.4639,0.2493,0.7303,-0.6360,-0.4046,0.6753,0.6167),
      ["LeftLowerLeg"] = CFrame.new(0.0000,0.0821,-0.0428,1.0000,-0.0000,0.0000,0.0000,0.5722,0.8201,-0.0000,-0.8201,0.5722),
      ["LeftFoot"] = CFrame.new(0.0000,-0.0002,0.0000,0.9908,0.0244,0.1331,-0.0603,0.9601,0.2731,-0.1211,-0.2786,0.9527),
      ["RightUpperLeg"] = CFrame.new(0.0466,0.0403,-0.1078,0.8276,0.3819,-0.4113,-0.3856,0.9194,0.0777,0.4078,0.0943,0.9082),
      ["RightLowerLeg"] = CFrame.new(0.0000,0.0557,-0.0170,1.0000,-0.0000,0.0000,0.0000,0.8301,0.5577,-0.0000,-0.5577,0.8301),
      ["RightFoot"] = CFrame.new(0.0000,0.0000,-0.0001,0.9912,0.1181,-0.0596,-0.0821,0.9024,0.4229,0.1037,-0.4143,0.9042),
    }},
    {Time = 5.567, Data = {
      ["HumanoidRootPart"] = CFrame.new(0.0000,0.0000,0.0000,1.0000,0.0000,0.0000,0.0000,1.0000,0.0000,0.0000,0.0000,1.0000),
      ["LowerTorso"] = CFrame.new(0.0114,-0.0806,-0.1702,0.9996,-0.0094,0.0268,0.0284,0.3237,-0.9457,0.0002,0.9461,0.3239),
      ["UpperTorso"] = CFrame.new(0.0000,0.0000,0.0000,0.9754,0.0141,0.2201,-0.0604,0.9769,0.2051,-0.2121,-0.2133,0.9537),
      ["LeftUpperArm"] = CFrame.new(0.0335,-0.0257,0.0531,0.9090,0.1130,0.4011,-0.4119,0.3893,0.8239,-0.0630,-0.9142,0.4004),
      ["LeftLowerArm"] = CFrame.new(-0.0005,0.0285,0.0042,1.0000,-0.0000,0.0000,0.0000,0.9581,-0.2864,0.0000,0.2864,0.9581),
      ["LeftHand"] = CFrame.new(0.0005,0.0000,0.0000,0.9978,0.0635,-0.0188,-0.0612,0.9930,0.1011,0.0251,-0.0998,0.9947),
      ["Head"] = CFrame.new(1.9969,0.1157,-0.9670,-0.8735,0.2292,-0.4294,0.4834,0.5113,-0.7106,0.0567,-0.8283,-0.5574),
      ["RightUpperArm"] = CFrame.new(-0.0642,-0.0164,-0.0108,0.7275,-0.6120,-0.3100,0.5052,0.7837,-0.3615,0.4642,0.1064,0.8793),
      ["RightLowerArm"] = CFrame.new(0.0000,0.0995,0.1113,1.0000,-0.0000,0.0000,0.0000,-0.1136,-0.9935,0.0000,0.9935,-0.1136),
      ["RightHand"] = CFrame.new(-0.0005,0.0000,0.0000,0.9980,-0.0403,0.0478,0.0405,0.9992,-0.0021,-0.0477,0.0041,0.9989),
      ["LeftUpperLeg"] = CFrame.new(0.1358,0.0463,-0.2650,0.8800,0.1033,0.4636,0.2497,0.7297,-0.6366,-0.4041,0.6759,0.6163),
      ["LeftLowerLeg"] = CFrame.new(0.0000,0.0820,-0.0428,1.0000,-0.0000,0.0000,0.0000,0.5730,0.8196,-0.0000,-0.8196,0.5730),
      ["LeftFoot"] = CFrame.new(0.0000,-0.0002,0.0000,0.9910,0.0243,0.1319,-0.0599,0.9602,0.2729,-0.1201,-0.2783,0.9530),
      ["RightUpperLeg"] = CFrame.new(0.0467,0.0404,-0.1079,0.8275,0.3818,-0.4117,-0.3859,0.9193,0.0769,0.4078,0.0953,0.9081),
      ["RightLowerLeg"] = CFrame.new(0.0000,0.0556,-0.0170,1.0000,-0.0000,0.0000,0.0000,0.8307,0.5567,-0.0000,-0.5567,0.8307),
      ["RightFoot"] = CFrame.new(0.0000,0.0000,-0.0001,0.9913,0.1172,-0.0592,-0.0816,0.9032,0.4214,0.1028,-0.4129,0.9049),
    }},
    {Time = 5.600, Data = {
      ["HumanoidRootPart"] = CFrame.new(0.0000,0.0000,0.0000,1.0000,0.0000,0.0000,0.0000,1.0000,0.0000,0.0000,0.0000,1.0000),
      ["LowerTorso"] = CFrame.new(0.0099,-0.0754,-0.1731,0.9997,-0.0075,0.0214,0.0227,0.3228,-0.9462,0.0002,0.9464,0.3229),
      ["UpperTorso"] = CFrame.new(0.0000,0.0000,0.0000,0.9750,0.0120,0.2218,-0.0586,0.9770,0.2048,-0.2143,-0.2127,0.9533),
      ["LeftUpperArm"] = CFrame.new(0.0334,-0.0245,0.0510,0.9094,0.1082,0.4017,-0.4105,0.3899,0.8243,-0.0675,-0.9145,0.3989),
      ["LeftLowerArm"] = CFrame.new(-0.0005,0.0287,0.0042,1.0000,-0.0000,0.0000,0.0000,0.9575,-0.2884,0.0000,0.2884,0.9575),
      ["LeftHand"] = CFrame.new(0.0005,0.0000,0.0000,0.9973,0.0711,-0.0164,-0.0690,0.9919,0.1064,0.0238,-0.1050,0.9942),
      ["Head"] = CFrame.new(1.9924,0.1150,-0.9787,-0.7068,0.2232,-0.6713,0.6722,0.5076,-0.5390,0.2205,-0.8322,-0.5088),
      ["RightUpperArm"] = CFrame.new(-0.0601,-0.0207,-0.0121,0.7243,-0.6164,-0.3090,0.5093,0.7803,-0.3629,0.4648,0.1055,0.8791),
      ["RightLowerArm"] = CFrame.new(0.0000,0.0995,0.1111,1.0000,-0.0000,0.0000,0.0000,-0.1123,-0.9937,0.0000,0.9937,-0.1123),
      ["RightHand"] = CFrame.new(-0.0005,0.0000,0.0000,0.9985,-0.0352,0.0417,0.0353,0.9994,-0.0020,-0.0416,0.0034,0.9991),
      ["LeftUpperLeg"] = CFrame.new(0.1362,0.0470,-0.2652,0.8802,0.1030,0.4632,0.2503,0.7287,-0.6375,-0.4032,0.6771,0.6156),
      ["LeftLowerLeg"] = CFrame.new(0.0000,0.0820,-0.0426,1.0000,-0.0000,0.0000,0.0000,0.5743,0.8187,-0.0000,-0.8187,0.5743),
      ["LeftFoot"] = CFrame.new(0.0000,-0.0002,0.0000,0.9912,0.0241,0.1301,-0.0592,0.9603,0.2725,-0.1183,-0.2778,0.9533),
      ["RightUpperLeg"] = CFrame.new(0.0468,0.0404,-0.1081,0.8273,0.3817,-0.4122,-0.3865,0.9192,0.0755,0.4077,0.0968,0.9080),
      ["RightLowerLeg"] = CFrame.new(0.0000,0.0555,-0.0169,1.0000,-0.0000,0.0000,0.0000,0.8317,0.5552,-0.0000,-0.5552,0.8317),
      ["RightFoot"] = CFrame.new(0.0000,0.0000,-0.0001,0.9916,0.1156,-0.0584,-0.0808,0.9045,0.4188,0.1013,-0.4106,0.9062),
    }},
    {Time = 5.633, Data = {
      ["HumanoidRootPart"] = CFrame.new(0.0000,0.0000,0.0000,1.0000,0.0000,0.0000,0.0000,1.0000,0.0000,0.0000,0.0000,1.0000),
      ["LowerTorso"] = CFrame.new(0.0085,-0.0705,-0.1759,0.9999,-0.0057,0.0162,0.0171,0.3219,-0.9466,0.0002,0.9468,0.3219),
      ["UpperTorso"] = CFrame.new(0.0000,0.0000,0.0000,0.9747,0.0096,0.2234,-0.0564,0.9773,0.2042,-0.2164,-0.2117,0.9531),
      ["LeftUpperArm"] = CFrame.new(0.0330,-0.0233,0.0487,0.9095,0.1032,0.4027,-0.4094,0.3908,0.8244,-0.0723,-0.9147,0.3977),
      ["LeftLowerArm"] = CFrame.new(-0.0005,0.0290,0.0043,1.0000,-0.0000,0.0000,0.0000,0.9566,-0.2913,0.0000,0.2913,0.9566),
      ["LeftHand"] = CFrame.new(0.0005,0.0000,0.0000,0.9968,0.0785,-0.0140,-0.0765,0.9908,0.1114,0.0226,-0.1100,0.9937),
      ["Head"] = CFrame.new(1.9878,0.1140,-0.9905,-0.4761,0.2171,-0.8522,0.8017,0.5053,-0.3192,0.3613,-0.8352,-0.4146),
      ["RightUpperArm"] = CFrame.new(-0.0560,-0.0251,-0.0131,0.7211,-0.6209,-0.3074,0.5134,0.7768,-0.3646,0.4652,0.1051,0.8790),
      ["RightLowerArm"] = CFrame.new(0.0000,0.0995,0.1109,1.0000,-0.0000,0.0000,0.0000,-0.1104,-0.9939,0.0000,0.9939,-0.1104),
      ["RightHand"] = CFrame.new(-0.0005,0.0000,0.0000,0.9989,-0.0302,0.0358,0.0303,0.9995,-0.0018,-0.0357,0.0029,0.9994),
      ["LeftUpperLeg"] = CFrame.new(0.1366,0.0479,-0.2656,0.8806,0.1024,0.4627,0.2511,0.7273,-0.6388,-0.4019,0.6787,0.6147),
      ["LeftLowerLeg"] = CFrame.new(0.0000,0.0819,-0.0425,1.0000,-0.0000,0.0000,0.0000,0.5760,0.8174,-0.0000,-0.8174,0.5760),
      ["LeftFoot"] = CFrame.new(0.0000,-0.0002,0.0000,0.9916,0.0239,0.1275,-0.0582,0.9605,0.2720,-0.1160,-0.2771,0.9538),
      ["RightUpperLeg"] = CFrame.new(0.0470,0.0404,-0.1083,0.8269,0.3817,-0.4129,-0.3874,0.9190,0.0737,0.4076,0.0990,0.9078),
      ["RightLowerLeg"] = CFrame.new(0.0000,0.0553,-0.0168,1.0000,-0.0000,0.0000,0.0000,0.8332,0.5530,-0.0000,-0.5530,0.8332),
      ["RightFoot"] = CFrame.new(0.0000,0.0000,-0.0001,0.9919,0.1134,-0.0574,-0.0796,0.9062,0.4152,0.0991,-0.4073,0.9079),
    }},
    {Time = 5.667, Data = {
      ["HumanoidRootPart"] = CFrame.new(0.0000,0.0000,0.0000,1.0000,0.0000,0.0000,0.0000,1.0000,0.0000,0.0000,0.0000,1.0000),
      ["LowerTorso"] = CFrame.new(0.0072,-0.0657,-0.1786,0.9999,-0.0040,0.0112,0.0119,0.3210,-0.9470,0.0002,0.9471,0.3210),
      ["UpperTorso"] = CFrame.new(0.0000,0.0000,0.0000,0.9744,0.0070,0.2247,-0.0539,0.9776,0.2034,-0.2183,-0.2104,0.9530),
      ["LeftUpperArm"] = CFrame.new(0.0324,-0.0220,0.0463,0.9095,0.0981,0.4040,-0.4085,0.3920,0.8243,-0.0775,-0.9147,0.3966),
      ["LeftLowerArm"] = CFrame.new(-0.0005,0.0294,0.0044,1.0000,-0.0000,0.0000,0.0000,0.9555,-0.2949,0.0000,0.2949,0.9555),
      ["LeftHand"] = CFrame.new(0.0005,0.0000,0.0000,0.9963,0.0856,-0.0117,-0.0836,0.9897,0.1163,0.0215,-0.1148,0.9932),
      ["Head"] = CFrame.new(1.9836,0.1129,-1.0026,-0.2108,0.2120,-0.9542,0.8602,0.5040,-0.0781,0.4643,-0.8373,-0.2887),
      ["RightUpperArm"] = CFrame.new(-0.0520,-0.0294,-0.0138,0.7182,-0.6254,-0.3052,0.5175,0.7732,-0.3666,0.4652,0.1053,0.8789),
      ["RightLowerArm"] = CFrame.new(0.0000,0.0995,0.1107,1.0000,-0.0000,0.0000,0.0000,-0.1081,-0.9941,0.0000,0.9941,-0.1081),
      ["RightHand"] = CFrame.new(-0.0005,0.0000,0.0000,0.9992,-0.0255,0.0302,0.0255,0.9997,-0.0016,-0.0301,0.0023,0.9995),
      ["LeftUpperLeg"] = CFrame.new(0.1372,0.0491,-0.2661,0.8810,0.1017,0.4620,0.2521,0.7255,-0.6404,-0.4004,0.6807,0.6135),
      ["LeftLowerLeg"] = CFrame.new(0.0000,0.0817,-0.0422,1.0000,-0.0000,0.0000,0.0000,0.5783,0.8159,-0.0000,-0.8159,0.5783),
      ["LeftFoot"] = CFrame.new(0.0000,-0.0002,0.0000,0.9920,0.0237,0.1242,-0.0569,0.9608,0.2713,-0.1129,-0.2762,0.9544),
      ["RightUpperLeg"] = CFrame.new(0.0472,0.0404,-0.1087,0.8265,0.3816,-0.4139,-0.3885,0.9187,0.0713,0.4075,0.1018,0.9075),
      ["RightLowerLeg"] = CFrame.new(0.0000,0.0550,-0.0166,1.0000,-0.0000,0.0000,0.0000,0.8350,0.5502,-0.0000,-0.5502,0.8350),
      ["RightFoot"] = CFrame.new(0.0000,0.0000,-0.0001,0.9923,0.1107,-0.0561,-0.0781,0.9084,0.4107,0.0964,-0.4032,0.9100),
    }},
    {Time = 5.700, Data = {
      ["HumanoidRootPart"] = CFrame.new(0.0000,0.0000,0.0000,1.0000,0.0000,0.0000,0.0000,1.0000,0.0000,0.0000,0.0000,1.0000),
      ["LowerTorso"] = CFrame.new(0.0059,-0.0612,-0.1811,1.0000,-0.0024,0.0065,0.0069,0.3202,-0.9473,0.0002,0.9473,0.3202),
      ["UpperTorso"] = CFrame.new(0.0000,0.0000,0.0000,0.9742,0.0042,0.2258,-0.0511,0.9780,0.2025,-0.2200,-0.2088,0.9529),
      ["LeftUpperArm"] = CFrame.new(0.0317,-0.0207,0.0437,0.9093,0.0930,0.4056,-0.4078,0.3934,0.8240,-0.0829,-0.9146,0.3957),
      ["LeftLowerArm"] = CFrame.new(-0.0005,0.0298,0.0045,1.0000,-0.0000,0.0000,0.0000,0.9542,-0.2992,0.0000,0.2992,0.9542),
      ["LeftHand"] = CFrame.new(0.0005,0.0000,0.0000,0.9957,0.0922,-0.0095,-0.0904,0.9886,0.1208,0.0205,-0.1194,0.9926),
      ["Head"] = CFrame.new(1.9803,0.1120,-1.0152,0.0566,0.2088,-0.9763,0.8501,0.5027,0.1568,0.5236,-0.8389,-0.1491),
      ["RightUpperArm"] = CFrame.new(-0.0479,-0.0336,-0.0143,0.7155,-0.6298,-0.3024,0.5215,0.7694,-0.3688,0.4649,0.1062,0.8790),
      ["RightLowerArm"] = CFrame.new(0.0000,0.0996,0.1104,1.0000,-0.0000,0.0000,0.0000,-0.1052,-0.9944,0.0000,0.9944,-0.1052),
      ["RightHand"] = CFrame.new(-0.0005,0.0000,0.0000,0.9995,-0.0210,0.0249,0.0211,0.9998,-0.0014,-0.0248,0.0019,0.9997),
      ["LeftUpperLeg"] = CFrame.new(0.1379,0.0505,-0.2666,0.8815,0.1009,0.4612,0.2533,0.7233,-0.6424,-0.3985,0.6831,0.6121),
      ["LeftLowerLeg"] = CFrame.new(0.0000,0.0815,-0.0420,1.0000,-0.0000,0.0000,0.0000,0.5809,0.8140,-0.0000,-0.8140,0.5809),
      ["LeftFoot"] = CFrame.new(0.0000,-0.0002,0.0000,0.9925,0.0233,0.1203,-0.0554,0.9611,0.2706,-0.1093,-0.2752,0.9552),
      ["RightUpperLeg"] = CFrame.new(0.0475,0.0405,-0.1091,0.8259,0.3815,-0.4150,-0.3898,0.9184,0.0685,0.4073,0.1052,0.9072),
      ["RightLowerLeg"] = CFrame.new(0.0000,0.0547,-0.0164,1.0000,-0.0000,0.0000,0.0000,0.8372,0.5469,-0.0000,-0.5469,0.8372),
      ["RightFoot"] = CFrame.new(0.0000,0.0000,-0.0001,0.9927,0.1074,-0.0545,-0.0763,0.9110,0.4053,0.0932,-0.3982,0.9126),
    }},
    {Time = 5.733, Data = {
      ["HumanoidRootPart"] = CFrame.new(0.0000,0.0000,0.0000,1.0000,0.0000,0.0000,0.0000,1.0000,0.0000,0.0000,0.0000,1.0000),
      ["LowerTorso"] = CFrame.new(0.0047,-0.0571,-0.1835,1.0000,-0.0009,0.0021,0.0023,0.3194,-0.9476,0.0002,0.9476,0.3194),
      ["UpperTorso"] = CFrame.new(0.0000,0.0000,0.0000,0.9740,0.0012,0.2266,-0.0481,0.9784,0.2013,-0.2215,-0.2069,0.9530),
      ["LeftUpperArm"] = CFrame.new(0.0307,-0.0193,0.0411,0.9089,0.0880,0.4076,-0.4075,0.3951,0.8233,-0.0886,-0.9144,0.3950),
      ["LeftLowerArm"] = CFrame.new(-0.0005,0.0303,0.0047,1.0000,-0.0000,0.0000,0.0000,0.9526,-0.3041,0.0000,0.3041,0.9526),
      ["LeftHand"] = CFrame.new(0.0005,0.0000,0.0000,0.9951,0.0983,-0.0074,-0.0966,0.9875,0.1249,0.0196,-0.1236,0.9921),
      ["Head"] = CFrame.new(1.9784,0.1115,-1.0285,0.3004,0.2079,-0.9309,0.7850,0.5005,0.3650,0.5418,-0.8404,-0.0129),
      ["RightUpperArm"] = CFrame.new(-0.0440,-0.0376,-0.0143,0.7130,-0.6342,-0.2990,0.5254,0.7656,-0.3712,0.4643,0.1076,0.8791),
      ["RightLowerArm"] = CFrame.new(0.0000,0.0996,0.1101,1.0000,-0.0000,0.0000,0.0000,-0.1020,-0.9948,0.0000,0.9948,-0.1020),
      ["RightHand"] = CFrame.new(-0.0005,0.0000,0.0000,0.9997,-0.0169,0.0200,0.0169,0.9999,-0.0011,-0.0199,0.0015,0.9998),
      ["LeftUpperLeg"] = CFrame.new(0.1387,0.0521,-0.2673,0.8821,0.1000,0.4603,0.2547,0.7209,-0.6446,-0.3963,0.6858,0.6104),
      ["LeftLowerLeg"] = CFrame.new(0.0000,0.0813,-0.0417,1.0000,-0.0000,0.0000,0.0000,0.5840,0.8117,-0.0000,-0.8117,0.5840),
      ["LeftFoot"] = CFrame.new(0.0000,-0.0002,0.0000,0.9930,0.0230,0.1158,-0.0537,0.9615,0.2696,-0.1051,-0.2740,0.9560),
      ["RightUpperLeg"] = CFrame.new(0.0478,0.0406,-0.1096,0.8253,0.3814,-0.4164,-0.3913,0.9179,0.0653,0.4071,0.1091,0.9069),
      ["RightLowerLeg"] = CFrame.new(0.0000,0.0543,-0.0161,1.0000,-0.0000,0.0000,0.0000,0.8397,0.5430,-0.0000,-0.5430,0.8397),
      ["RightFoot"] = CFrame.new(0.0000,0.0000,-0.0001,0.9932,0.1036,-0.0526,-0.0742,0.9140,0.3990,0.0894,-0.3924,0.9155),
    }},
    {Time = 5.767, Data = {
      ["HumanoidRootPart"] = CFrame.new(0.0000,0.0000,0.0000,1.0000,0.0000,0.0000,0.0000,1.0000,0.0000,0.0000,0.0000,1.0000),
      ["LowerTorso"] = CFrame.new(0.0037,-0.0533,-0.1856,1.0000,0.0005,-0.0018,-0.0019,0.3187,-0.9479,0.0001,0.9479,0.3187),
      ["UpperTorso"] = CFrame.new(0.0000,0.0000,0.0000,0.9738,-0.0019,0.2272,-0.0448,0.9788,0.1999,-0.2228,-0.2048,0.9531),
      ["LeftUpperArm"] = CFrame.new(0.0296,-0.0179,0.0384,0.9084,0.0830,0.4098,-0.4073,0.3971,0.8224,-0.0944,-0.9140,0.3946),
      ["LeftLowerArm"] = CFrame.new(-0.0005,0.0309,0.0049,1.0000,-0.0000,0.0000,0.0000,0.9508,-0.3097,0.0000,0.3097,0.9508),
      ["LeftHand"] = CFrame.new(0.0005,0.0000,0.0000,0.9946,0.1039,-0.0055,-0.1023,0.9864,0.1287,0.0188,-0.1274,0.9917),
      ["Head"] = CFrame.new(1.9784,0.1118,-1.0426,0.5058,0.2092,-0.8369,0.6826,0.4962,0.5365,0.5275,-0.8426,0.1082),
      ["RightUpperArm"] = CFrame.new(-0.0402,-0.0415,-0.0142,0.7108,-0.6385,-0.2951,0.5292,0.7618,-0.3738,0.4634,0.1095,0.8793),
      ["RightLowerArm"] = CFrame.new(0.0000,0.0996,0.1097,1.0000,-0.0000,0.0000,0.0000,-0.0983,-0.9952,0.0000,0.9952,-0.0983),
      ["RightHand"] = CFrame.new(-0.0005,0.0000,0.0000,0.9998,-0.0131,0.0155,0.0131,0.9999,-0.0009,-0.0155,0.0011,0.9999),
      ["LeftUpperLeg"] = CFrame.new(0.1396,0.0539,-0.2680,0.8828,0.0989,0.4593,0.2562,0.7181,-0.6471,-0.3938,0.6889,0.6086),
      ["LeftLowerLeg"] = CFrame.new(0.0000,0.0810,-0.0413,1.0000,-0.0000,0.0000,0.0000,0.5875,0.8092,-0.0000,-0.8092,0.5875),
      ["LeftFoot"] = CFrame.new(0.0000,-0.0002,0.0000,0.9936,0.0225,0.1107,-0.0517,0.9619,0.2686,-0.1004,-0.2726,0.9569),
      ["RightUpperLeg"] = CFrame.new(0.0482,0.0406,-0.1102,0.8246,0.3813,-0.4178,-0.3930,0.9175,0.0616,0.4068,0.1134,0.9064),
      ["RightLowerLeg"] = CFrame.new(0.0000,0.0538,-0.0159,1.0000,-0.0000,0.0000,0.0000,0.8425,0.5387,-0.0000,-0.5387,0.8425),
      ["RightFoot"] = CFrame.new(0.0000,0.0000,-0.0001,0.9938,0.0994,-0.0505,-0.0718,0.9172,0.3919,0.0852,-0.3858,0.9186),
    }},
    {Time = 5.800, Data = {
      ["HumanoidRootPart"] = CFrame.new(0.0000,0.0000,0.0000,1.0000,0.0000,0.0000,0.0000,1.0000,0.0000,0.0000,0.0000,1.0000),
      ["LowerTorso"] = CFrame.new(0.0027,-0.0500,-0.1875,1.0000,0.0017,-0.0053,-0.0056,0.3181,-0.9481,0.0001,0.9481,0.3181),
      ["UpperTorso"] = CFrame.new(0.0000,0.0000,0.0000,0.9738,-0.0050,0.2275,-0.0413,0.9793,0.1984,-0.2238,-0.2025,0.9534),
      ["LeftUpperArm"] = CFrame.new(0.0283,-0.0165,0.0357,0.9077,0.0782,0.4123,-0.4075,0.3992,0.8213,-0.1003,-0.9135,0.3942),
      ["LeftLowerArm"] = CFrame.new(-0.0005,0.0315,0.0051,1.0000,-0.0000,0.0000,0.0000,0.9488,-0.3158,0.0000,0.3158,0.9488),
      ["LeftHand"] = CFrame.new(0.0005,0.0000,0.0000,0.9941,0.1088,-0.0038,-0.1073,0.9854,0.1320,0.0181,-0.1308,0.9912),
      ["Head"] = CFrame.new(1.9804,0.1128,-1.0573,0.6692,0.2118,-0.7122,0.5581,0.4895,0.6700,0.4905,-0.8459,0.2093),
      ["RightUpperArm"] = CFrame.new(-0.0365,-0.0451,-0.0138,0.7089,-0.6426,-0.2907,0.5327,0.7579,-0.3765,0.4623,0.1120,0.8796),
      ["RightLowerArm"] = CFrame.new(0.0000,0.0997,0.1093,1.0000,-0.0000,0.0000,0.0000,-0.0943,-0.9955,0.0000,0.9955,-0.0943),
      ["RightHand"] = CFrame.new(-0.0005,0.0000,0.0000,0.9999,-0.0097,0.0115,0.0097,1.0000,-0.0007,-0.0115,0.0008,0.9999),
      ["LeftUpperLeg"] = CFrame.new(0.1406,0.0559,-0.2688,0.8835,0.0977,0.4581,0.2579,0.7150,-0.6499,-0.3910,0.6923,0.6065),
      ["LeftLowerLeg"] = CFrame.new(0.0000,0.0808,-0.0409,1.0000,-0.0000,0.0000,0.0000,0.5913,0.8065,-0.0000,-0.8065,0.5913),
      ["LeftFoot"] = CFrame.new(0.0000,-0.0002,0.0000,0.9942,0.0221,0.1051,-0.0496,0.9623,0.2674,-0.0952,-0.2711,0.9578),
      ["RightUpperLeg"] = CFrame.new(0.0486,0.0407,-0.1108,0.8239,0.3812,-0.4195,-0.3949,0.9169,0.0576,0.4066,0.1182,0.9059),
      ["RightLowerLeg"] = CFrame.new(0.0000,0.0534,-0.0155,1.0000,-0.0000,0.0000,0.0000,0.8456,0.5339,-0.0000,-0.5339,0.8456),
      ["RightFoot"] = CFrame.new(0.0000,0.0000,-0.0001,0.9943,0.0947,-0.0481,-0.0691,0.9207,0.3840,0.0807,-0.3785,0.9221),
    }},
    {Time = 5.833, Data = {
      ["HumanoidRootPart"] = CFrame.new(0.0000,0.0000,0.0000,1.0000,0.0000,0.0000,0.0000,1.0000,0.0000,0.0000,0.0000,1.0000),
      ["LowerTorso"] = CFrame.new(0.0019,-0.0471,-0.1892,1.0000,0.0027,-0.0084,-0.0088,0.3175,-0.9482,0.0001,0.9483,0.3175),
      ["UpperTorso"] = CFrame.new(0.0000,0.0000,0.0000,0.9737,-0.0083,0.2275,-0.0376,0.9797,0.1967,-0.2245,-0.2001,0.9537),
      ["LeftUpperArm"] = CFrame.new(0.0268,-0.0152,0.0330,0.9068,0.0736,0.4150,-0.4079,0.4016,0.8200,-0.1063,-0.9129,0.3942),
      ["LeftLowerArm"] = CFrame.new(-0.0005,0.0321,0.0053,1.0000,-0.0000,0.0000,0.0000,0.9466,-0.3224,0.0000,0.3224,0.9466),
      ["LeftHand"] = CFrame.new(0.0005,0.0000,0.0000,0.9936,0.1130,-0.0023,-0.1117,0.9845,0.1349,0.0176,-0.1338,0.9909),
      ["Head"] = CFrame.new(1.9837,0.1143,-1.0718,0.7917,0.2147,-0.5719,0.4240,0.4808,0.7675,0.4397,-0.8502,0.2896),
      ["RightUpperArm"] = CFrame.new(-0.0331,-0.0484,-0.0130,0.7073,-0.6465,-0.2859,0.5360,0.7542,-0.3793,0.4609,0.1150,0.8800),
      ["RightLowerArm"] = CFrame.new(0.0000,0.0997,0.1089,1.0000,-0.0000,0.0000,0.0000,-0.0900,-0.9959,0.0000,0.9959,-0.0900),
      ["RightHand"] = CFrame.new(-0.0005,0.0000,0.0000,0.9999,-0.0068,0.0081,0.0068,1.0000,-0.0005,-0.0081,0.0006,1.0000),
      ["LeftUpperLeg"] = CFrame.new(0.1417,0.0580,-0.2697,0.8843,0.0964,0.4569,0.2597,0.7116,-0.6528,-0.3881,0.6959,0.6042),
      ["LeftLowerLeg"] = CFrame.new(0.0000,0.0805,-0.0405,1.0000,-0.0000,0.0000,0.0000,0.5953,0.8035,-0.0000,-0.8035,0.5953),
      ["LeftFoot"] = CFrame.new(0.0000,-0.0002,0.0000,0.9949,0.0215,0.0990,-0.0473,0.9628,0.2662,-0.0896,-0.2695,0.9588),
      ["RightUpperLeg"] = CFrame.new(0.0490,0.0408,-0.1114,0.8230,0.3810,-0.4212,-0.3969,0.9163,0.0533,0.4062,0.1233,0.9054),
      ["RightLowerLeg"] = CFrame.new(0.0000,0.0528,-0.0152,1.0000,-0.0000,0.0000,0.0000,0.8488,0.5287,-0.0000,-0.5287,0.8488),
      ["RightFoot"] = CFrame.new(0.0000,0.0000,-0.0001,0.9949,0.0897,-0.0455,-0.0662,0.9244,0.3755,0.0757,-0.3706,0.9257),
    }},
    {Time = 5.867, Data = {
      ["HumanoidRootPart"] = CFrame.new(0.0000,0.0000,0.0000,1.0000,0.0000,0.0000,0.0000,1.0000,0.0000,0.0000,0.0000,1.0000),
      ["LowerTorso"] = CFrame.new(0.0012,-0.0446,-0.1905,0.9999,0.0036,-0.0109,-0.0115,0.3170,-0.9483,0.0001,0.9484,0.3171),
      ["UpperTorso"] = CFrame.new(0.0000,0.0000,0.0000,0.9737,-0.0115,0.2273,-0.0339,0.9802,0.1948,-0.2251,-0.1974,0.9541),
      ["LeftUpperArm"] = CFrame.new(0.0253,-0.0139,0.0303,0.9058,0.0693,0.4179,-0.4085,0.4041,0.8184,-0.1122,-0.9121,0.3943),
      ["LeftLowerArm"] = CFrame.new(-0.0005,0.0328,0.0055,1.0000,-0.0000,0.0000,0.0000,0.9442,-0.3293,0.0000,0.3293,0.9442),
      ["LeftHand"] = CFrame.new(0.0005,0.0000,0.0000,0.9932,0.1166,-0.0011,-0.1153,0.9838,0.1373,0.0171,-0.1362,0.9905),
      ["Head"] = CFrame.new(1.9877,0.1161,-1.0854,0.8765,0.2168,-0.4299,0.2918,0.4710,0.8325,0.3830,-0.8551,0.3495),
      ["RightUpperArm"] = CFrame.new(-0.0300,-0.0514,-0.0120,0.7060,-0.6502,-0.2808,0.5391,0.7505,-0.3822,0.4592,0.1185,0.8804),
      ["RightLowerArm"] = CFrame.new(0.0000,0.0997,0.1084,1.0000,-0.0000,0.0000,0.0000,-0.0853,-0.9964,0.0000,0.9964,-0.0853),
      ["RightHand"] = CFrame.new(-0.0005,0.0000,0.0000,1.0000,-0.0044,0.0052,0.0044,1.0000,-0.0003,-0.0052,0.0003,1.0000),
      ["LeftUpperLeg"] = CFrame.new(0.1428,0.0603,-0.2706,0.8851,0.0951,0.4556,0.2616,0.7080,-0.6559,-0.3849,0.6997,0.6018),
      ["LeftLowerLeg"] = CFrame.new(0.0000,0.0801,-0.0401,1.0000,-0.0000,0.0000,0.0000,0.5996,0.8003,-0.0000,-0.8003,0.5996),
      ["LeftFoot"] = CFrame.new(0.0000,-0.0002,0.0000,0.9955,0.0209,0.0926,-0.0449,0.9633,0.2648,-0.0836,-0.2678,0.9598),
      ["RightUpperLeg"] = CFrame.new(0.0495,0.0409,-0.1121,0.8222,0.3808,-0.4231,-0.3991,0.9156,0.0487,0.4059,0.1288,0.9048),
      ["RightLowerLeg"] = CFrame.new(0.0000,0.0523,-0.0149,1.0000,-0.0000,0.0000,0.0000,0.8522,0.5231,-0.0000,-0.5231,0.8522),
      ["RightFoot"] = CFrame.new(0.0000,0.0000,-0.0001,0.9955,0.0844,-0.0427,-0.0630,0.9283,0.3665,0.0705,-0.3622,0.9294),
    }},
    {Time = 5.900, Data = {
      ["HumanoidRootPart"] = CFrame.new(0.0000,0.0000,0.0000,1.0000,0.0000,0.0000,0.0000,1.0000,0.0000,0.0000,0.0000,1.0000),
      ["LowerTorso"] = CFrame.new(0.0007,-0.0427,-0.1916,0.9999,0.0043,-0.0129,-0.0136,0.3167,-0.9484,0.0000,0.9485,0.3167),
      ["UpperTorso"] = CFrame.new(0.0000,0.0000,0.0000,0.9738,-0.0148,0.2268,-0.0301,0.9808,0.1929,-0.2253,-0.1947,0.9546),
      ["LeftUpperArm"] = CFrame.new(0.0236,-0.0126,0.0277,0.9047,0.0652,0.4210,-0.4094,0.4068,0.8167,-0.1180,-0.9112,0.3947),
      ["LeftLowerArm"] = CFrame.new(-0.0005,0.0336,0.0058,1.0000,-0.0000,0.0000,0.0000,0.9416,-0.3366,0.0000,0.3366,0.9416),
      ["LeftHand"] = CFrame.new(0.0005,0.0000,0.0000,0.9928,0.1194,-0.0001,-0.1182,0.9832,0.1392,0.0167,-0.1382,0.9903),
      ["Head"] = CFrame.new(1.9919,0.1179,-1.0973,0.9288,0.2179,-0.2997,0.1726,0.4612,0.8703,0.3279,-0.8601,0.3908),
      ["RightUpperArm"] = CFrame.new(-0.0272,-0.0540,-0.0107,0.7051,-0.6535,-0.2753,0.5419,0.7470,-0.3852,0.4573,0.1224,0.8808),
      ["RightLowerArm"] = CFrame.new(0.0000,0.0998,0.1080,1.0000,-0.0000,0.0000,0.0000,-0.0805,-0.9968,0.0000,0.9968,-0.0805),
      ["RightHand"] = CFrame.new(-0.0005,0.0000,0.0000,1.0000,-0.0025,0.0030,0.0025,1.0000,-0.0002,-0.0030,0.0002,1.0000),
      ["LeftUpperLeg"] = CFrame.new(0.1440,0.0627,-0.2715,0.8860,0.0936,0.4542,0.2636,0.7043,-0.6592,-0.3816,0.7037,0.5993),
      ["LeftLowerLeg"] = CFrame.new(0.0000,0.0798,-0.0396,1.0000,-0.0000,0.0000,0.0000,0.6041,0.7969,-0.0000,-0.7969,0.6041),
      ["LeftFoot"] = CFrame.new(0.0000,-0.0002,0.0000,0.9961,0.0203,0.0858,-0.0424,0.9638,0.2634,-0.0774,-0.2660,0.9609),
      ["RightUpperLeg"] = CFrame.new(0.0500,0.0410,-0.1129,0.8213,0.3806,-0.4250,-0.4013,0.9149,0.0439,0.4055,0.1345,0.9041),
      ["RightLowerLeg"] = CFrame.new(0.0000,0.0517,-0.0145,1.0000,-0.0000,0.0000,0.0000,0.8558,0.5173,-0.0000,-0.5173,0.8558),
      ["RightFoot"] = CFrame.new(0.0000,0.0000,-0.0001,0.9961,0.0789,-0.0396,-0.0596,0.9322,0.3570,0.0651,-0.3533,0.9333),
    }},
    {Time = 5.933, Data = {
      ["HumanoidRootPart"] = CFrame.new(0.0000,0.0000,0.0000,1.0000,0.0000,0.0000,0.0000,1.0000,0.0000,0.0000,0.0000,1.0000),
      ["LowerTorso"] = CFrame.new(0.0003,-0.0413,-0.1924,0.9999,0.0048,-0.0144,-0.0152,0.3164,-0.9485,0.0000,0.9486,0.3164),
      ["UpperTorso"] = CFrame.new(0.0000,0.0000,0.0000,0.9739,-0.0180,0.2261,-0.0262,0.9813,0.1909,-0.2253,-0.1918,0.9552),
      ["LeftUpperArm"] = CFrame.new(0.0218,-0.0114,0.0252,0.9034,0.0616,0.4243,-0.4105,0.4096,0.8147,-0.1236,-0.9102,0.3953),
      ["LeftLowerArm"] = CFrame.new(-0.0005,0.0343,0.0061,1.0000,-0.0000,0.0000,0.0000,0.9389,-0.3441,0.0000,0.3441,0.9389),
      ["LeftHand"] = CFrame.new(0.0005,0.0000,0.0000,0.9926,0.1214,0.0006,-0.1203,0.9827,0.1406,0.0164,-0.1396,0.9901),
      ["Head"] = CFrame.new(1.9956,0.1195,-1.1068,0.9565,0.2182,-0.1937,0.0766,0.4527,0.8884,0.2815,-0.8646,0.4163),
      ["RightUpperArm"] = CFrame.new(-0.0247,-0.0563,-0.0091,0.7046,-0.6565,-0.2695,0.5444,0.7436,-0.3881,0.4552,0.1268,0.8813),
      ["RightLowerArm"] = CFrame.new(0.0000,0.0998,0.1075,1.0000,-0.0000,0.0000,0.0000,-0.0755,-0.9971,0.0000,0.9971,-0.0755),
      ["RightHand"] = CFrame.new(-0.0005,0.0000,0.0000,1.0000,-0.0011,0.0013,0.0011,1.0000,-0.0001,-0.0013,0.0001,1.0000),
      ["LeftUpperLeg"] = CFrame.new(0.1452,0.0652,-0.2725,0.8868,0.0921,0.4528,0.2656,0.7003,-0.6626,-0.3782,0.7078,0.5966),
      ["LeftLowerLeg"] = CFrame.new(0.0000,0.0795,-0.0392,1.0000,-0.0000,0.0000,0.0000,0.6087,0.7934,-0.0000,-0.7934,0.6087),
      ["LeftFoot"] = CFrame.new(0.0000,-0.0002,0.0000,0.9967,0.0197,0.0789,-0.0398,0.9643,0.2619,-0.0709,-0.2641,0.9619),
      ["RightUpperLeg"] = CFrame.new(0.0505,0.0411,-0.1136,0.8203,0.3804,-0.4270,-0.4037,0.9141,0.0389,0.4051,0.1405,0.9034),
      ["RightLowerLeg"] = CFrame.new(0.0000,0.0511,-0.0142,1.0000,-0.0000,0.0000,0.0000,0.8594,0.5113,-0.0000,-0.5113,0.8594),
      ["RightFoot"] = CFrame.new(0.0000,0.0000,-0.0001,0.9967,0.0732,-0.0364,-0.0560,0.9361,0.3472,0.0595,-0.3439,0.9371),
    }},
    {Time = 5.967, Data = {
      ["HumanoidRootPart"] = CFrame.new(0.0000,0.0000,0.0000,1.0000,0.0000,0.0000,0.0000,1.0000,0.0000,0.0000,0.0000,1.0000),
      ["LowerTorso"] = CFrame.new(0.0001,-0.0405,-0.1929,0.9999,0.0051,-0.0153,-0.0161,0.3162,-0.9485,0.0000,0.9487,0.3163),
      ["UpperTorso"] = CFrame.new(0.0000,0.0000,0.0000,0.9741,-0.0211,0.2251,-0.0223,0.9818,0.1887,-0.2250,-0.1889,0.9559),
      ["LeftUpperArm"] = CFrame.new(0.0200,-0.0103,0.0228,0.9021,0.0583,0.4276,-0.4119,0.4124,0.8126,-0.1290,-0.9091,0.3960),
      ["LeftLowerArm"] = CFrame.new(-0.0005,0.0351,0.0064,1.0000,-0.0000,0.0000,0.0000,0.9361,-0.3518,0.0000,0.3518,0.9361),
      ["LeftHand"] = CFrame.new(0.0005,0.0000,0.0000,0.9925,0.1226,0.0011,-0.1215,0.9825,0.1414,0.0163,-0.1404,0.9900),
      ["Head"] = CFrame.new(1.9982,0.1206,-1.1130,0.9682,0.2179,-0.1230,0.0131,0.4467,0.8946,0.2499,-0.8678,0.4296),
      ["RightUpperArm"] = CFrame.new(-0.0225,-0.0582,-0.0073,0.7044,-0.6591,-0.2635,0.5466,0.7405,-0.3911,0.4529,0.1314,0.8818),
      ["RightLowerArm"] = CFrame.new(0.0000,0.0999,0.1069,1.0000,-0.0000,0.0000,0.0000,-0.0704,-0.9975,0.0000,0.9975,-0.0704),
      ["RightHand"] = CFrame.new(-0.0005,0.0000,0.0000,1.0000,-0.0003,0.0003,0.0003,1.0000,-0.0000,-0.0003,0.0000,1.0000),
      ["LeftUpperLeg"] = CFrame.new(0.1465,0.0677,-0.2735,0.8877,0.0905,0.4514,0.2676,0.6963,-0.6660,-0.3746,0.7120,0.5939),
      ["LeftLowerLeg"] = CFrame.new(0.0000,0.0791,-0.0387,1.0000,-0.0000,0.0000,0.0000,0.6135,0.7897,-0.0000,-0.7897,0.6135),
      ["LeftFoot"] = CFrame.new(0.0000,-0.0002,0.0000,0.9972,0.0190,0.0717,-0.0371,0.9648,0.2603,-0.0642,-0.2622,0.9629),
      ["RightUpperLeg"] = CFrame.new(0.0510,0.0412,-0.1144,0.8194,0.3802,-0.4291,-0.4060,0.9132,0.0338,0.4047,0.1465,0.9026),
      ["RightLowerLeg"] = CFrame.new(0.0000,0.0505,-0.0138,1.0000,-0.0000,0.0000,0.0000,0.8631,0.5050,-0.0000,-0.5050,0.8631),
      ["RightFoot"] = CFrame.new(0.0000,0.0000,-0.0001,0.9972,0.0674,-0.0331,-0.0523,0.9400,0.3370,0.0538,-0.3344,0.9409),
    }},
    {Time = 6.000, Data = {
      ["HumanoidRootPart"] = CFrame.new(0.0000,0.0000,0.0000,1.0000,0.0000,0.0000,0.0000,1.0000,0.0000,0.0000,0.0000,1.0000),
      ["LowerTorso"] = CFrame.new(0.0000,-0.0402,-0.1930,0.9999,0.0052,-0.0156,-0.0164,0.3162,-0.9486,0.0000,0.9487,0.3162),
      ["UpperTorso"] = CFrame.new(0.0000,0.0000,0.0000,0.9743,-0.0241,0.2238,-0.0185,0.9823,0.1866,-0.2244,-0.1859,0.9566),
      ["LeftUpperArm"] = CFrame.new(0.0181,-0.0093,0.0206,0.9006,0.0554,0.4311,-0.4134,0.4153,0.8103,-0.1342,-0.9080,0.3969),
      ["LeftLowerArm"] = CFrame.new(-0.0005,0.0359,0.0066,1.0000,-0.0000,0.0000,0.0000,0.9331,-0.3595,0.0000,0.3595,0.9331),
      ["LeftHand"] = CFrame.new(0.0005,0.0000,0.0000,0.9924,0.1230,0.0012,-0.1220,0.9824,0.1416,0.0162,-0.1407,0.9899),
      ["Head"] = CFrame.new(1.9993,0.1210,-1.1152,0.9711,0.2178,-0.0974,-0.0098,0.4444,0.8958,0.2384,-0.8690,0.4337),
      ["RightUpperArm"] = CFrame.new(-0.0208,-0.0597,-0.0052,0.7046,-0.6613,-0.2574,0.5484,0.7376,-0.3939,0.4504,0.1364,0.8824),
      ["RightLowerArm"] = CFrame.new(0.0000,0.0999,0.1064,1.0000,-0.0000,0.0000,0.0000,-0.0652,-0.9979,0.0000,0.9979,-0.0652),
      ["RightHand"] = CFrame.new(-0.0005,0.0000,0.0000,1.0000,-0.0000,-0.0000,0.0000,1.0000,0.0000,0.0000,-0.0000,1.0000),
      ["LeftUpperLeg"] = CFrame.new(0.1478,0.0703,-0.2745,0.8886,0.0890,0.4500,0.2697,0.6922,-0.6694,-0.3710,0.7162,0.5911),
      ["LeftLowerLeg"] = CFrame.new(0.0000,0.0787,-0.0382,1.0000,-0.0000,0.0000,0.0000,0.6182,0.7860,-0.0000,-0.7860,0.6182),
      ["LeftFoot"] = CFrame.new(0.0000,-0.0002,0.0000,0.9978,0.0183,0.0645,-0.0344,0.9653,0.2587,-0.0575,-0.2603,0.9638),
      ["RightUpperLeg"] = CFrame.new(0.0515,0.0413,-0.1152,0.8184,0.3799,-0.4312,-0.4085,0.9123,0.0287,0.4043,0.1526,0.9018),
      ["RightLowerLeg"] = CFrame.new(0.0000,0.0498,-0.0134,1.0000,-0.0000,0.0000,0.0000,0.8668,0.4987,-0.0000,-0.4987,0.8668),
      ["RightFoot"] = CFrame.new(0.0000,0.0000,-0.0001,0.9977,0.0616,-0.0297,-0.0485,0.9438,0.3268,0.0481,-0.3246,0.9446),
    }},
  }
}
