return {
  ["109452437067150"] = {
    {Time = 0.000, Data = {
      ["HumanoidRootPart"] = CFrame.new(0.0000,0.0000,0.0000,1.0000,0.0000,0.0000,0.0000,1.0000,0.0000,0.0000,0.0000,1.0000),
      ["LowerTorso"] = CFrame.new(-0.0619,-0.2655,0.0304,-0.1411,0.2923,0.9459,0.2322,0.9385,-0.2554,-0.9624,0.1836,-0.2002),
      ["UpperTorso"] = CFrame.new(0.0000,0.0000,0.0000,0.9788,0.1131,-0.1708,-0.1197,0.9924,-0.0286,0.1663,0.0485,0.9849),
      ["LeftUpperArm"] = CFrame.new(-0.0040,-0.0049,0.0052,0.8451,-0.4637,-0.2662,-0.1675,0.2433,-0.9554,0.5078,0.8519,0.1279),
      ["LeftLowerArm"] = CFrame.new(-0.0005,0.0988,0.0848,1.0000,-0.0000,0.0000,0.0000,0.1505,-0.9886,0.0000,0.9886,0.1505),
      ["LeftHand"] = CFrame.new(0.0005,0.0000,0.0000,0.9990,-0.0383,0.0220,0.0409,0.9897,-0.1370,-0.0166,0.1378,0.9903),
      ["Head"] = CFrame.new(0.0000,0.0000,0.0000,0.8909,-0.1602,0.4249,-0.1091,0.8327,0.5428,-0.4408,-0.5300,0.7244),
      ["RightUpperArm"] = CFrame.new(0.0877,-0.4282,-0.0888,0.3298,-0.9417,-0.0669,0.8111,0.3189,-0.4903,0.4830,0.1074,0.8690),
      ["RightLowerArm"] = CFrame.new(0.0000,0.0741,0.0328,1.0000,-0.0000,0.0000,0.0000,0.6716,-0.7409,0.0000,0.7409,0.6716),
      ["RightHand"] = CFrame.new(-0.0005,0.0000,0.0000,0.9999,-0.0142,0.0091,0.0135,0.9972,0.0734,-0.0101,-0.0733,0.9973),
      ["RightUpperLeg"] = CFrame.new(0.0000,0.0000,0.0000,0.6614,-0.0536,-0.7481,0.4273,0.8467,0.3171,0.6164,-0.5294,0.5829),
      ["RightLowerLeg"] = CFrame.new(0.0000,0.0042,-0.0000,1.0000,-0.0000,0.0000,0.0000,0.9995,0.0308,-0.0000,-0.0308,0.9995),
      ["RightFoot"] = CFrame.new(0.0000,0.0011,-0.0001,0.9165,0.3972,0.0487,-0.3964,0.9177,-0.0248,-0.0546,0.0034,0.9985),
      ["LeftUpperLeg"] = CFrame.new(0.0000,0.0000,-0.0001,0.8678,0.2429,-0.4335,-0.3994,0.8601,-0.3175,0.2957,0.4486,0.8434),
      ["LeftLowerLeg"] = CFrame.new(0.0000,0.1008,-0.0383,1.0000,-0.0000,0.0000,0.0000,0.6050,0.7962,-0.0000,-0.7962,0.6050),
      ["LeftFoot"] = CFrame.new(0.0000,0.0239,0.0000,0.9684,-0.2489,-0.0177,0.2378,0.9421,-0.2366,0.0756,0.2249,0.9714),
    }},
    {Time = 0.033, Data = {
      ["HumanoidRootPart"] = CFrame.new(0.0000,0.0000,0.0000,1.0000,0.0000,0.0000,0.0000,1.0000,0.0000,0.0000,0.0000,1.0000),
      ["LowerTorso"] = CFrame.new(-0.0681,-0.2788,0.0288,-0.1474,0.2731,0.9506,0.2281,0.9446,-0.2360,-0.9624,0.1820,-0.2015),
      ["UpperTorso"] = CFrame.new(0.0000,0.0000,0.0000,0.9830,0.1009,-0.1532,-0.1066,0.9939,-0.0293,0.1493,0.0452,0.9878),
      ["LeftUpperArm"] = CFrame.new(-0.0103,-0.0074,0.0129,0.8212,-0.4989,-0.2770,-0.1756,0.2410,-0.9545,0.5430,0.8325,0.1103),
      ["LeftLowerArm"] = CFrame.new(-0.0005,0.0983,0.0819,1.0000,-0.0000,0.0000,0.0000,0.1803,-0.9836,0.0000,0.9836,0.1803),
      ["LeftHand"] = CFrame.new(0.0005,0.0000,0.0000,0.9993,-0.0322,0.0185,0.0345,0.9891,-0.1434,-0.0136,0.1439,0.9895),
      ["Head"] = CFrame.new(0.0000,0.0000,0.0000,0.8965,-0.1601,0.4132,-0.1141,0.8176,0.5644,-0.4282,-0.5531,0.7147),
      ["RightUpperArm"] = CFrame.new(0.0491,-0.4233,-0.0798,0.3822,-0.9197,-0.0903,0.7927,0.3765,-0.4795,0.4750,0.1117,0.8729),
      ["RightLowerArm"] = CFrame.new(0.0000,0.0814,0.0418,1.0000,-0.0000,0.0000,0.0000,0.5813,-0.8137,0.0000,0.8137,0.5813),
      ["RightHand"] = CFrame.new(-0.0005,0.0000,0.0000,1.0000,-0.0040,0.0031,0.0038,0.9985,0.0547,-0.0033,-0.0547,0.9985),
      ["RightUpperLeg"] = CFrame.new(0.0000,0.0000,0.0000,0.6510,-0.0823,-0.7546,0.4262,0.8622,0.2736,0.6281,-0.4998,0.5964),
      ["RightLowerLeg"] = CFrame.new(0.0000,0.0126,-0.0004,1.0000,-0.0000,0.0000,0.0000,0.9955,0.0950,-0.0000,-0.0950,0.9955),
      ["RightFoot"] = CFrame.new(0.0000,0.0032,-0.0001,0.9136,0.4028,0.0548,-0.3997,0.9147,-0.0597,-0.0742,0.0326,0.9967),
      ["LeftUpperLeg"] = CFrame.new(0.0000,0.0000,-0.0001,0.8678,0.2339,-0.4384,-0.4030,0.8474,-0.3458,0.2906,0.4768,0.8296),
      ["LeftLowerLeg"] = CFrame.new(0.0000,0.1024,-0.0400,1.0000,-0.0000,0.0000,0.0000,0.5873,0.8093,-0.0000,-0.8093,0.5873),
      ["LeftFoot"] = CFrame.new(0.0000,0.0244,0.0000,0.9677,-0.2514,-0.0199,0.2389,0.9391,-0.2471,0.0808,0.2343,0.9688),
    }},
    {Time = 0.067, Data = {
      ["HumanoidRootPart"] = CFrame.new(0.0000,0.0000,0.0000,1.0000,0.0000,0.0000,0.0000,1.0000,0.0000,0.0000,0.0000,1.0000),
      ["LowerTorso"] = CFrame.new(-0.0762,-0.2982,0.0310,-0.1384,0.2552,0.9569,0.2253,0.9490,-0.2205,-0.9644,0.1851,-0.1889),
      ["UpperTorso"] = CFrame.new(0.0000,0.0000,0.0000,0.9801,0.1077,-0.1669,-0.1136,0.9932,-0.0262,0.1630,0.0446,0.9856),
      ["LeftUpperArm"] = CFrame.new(-0.0158,-0.0112,0.0191,0.8094,-0.5118,-0.2880,-0.1862,0.2414,-0.9524,0.5569,0.8245,0.1001),
      ["LeftLowerArm"] = CFrame.new(-0.0005,0.0981,0.0804,1.0000,-0.0000,0.0000,0.0000,0.1951,-0.9808,0.0000,0.9808,0.1951),
      ["LeftHand"] = CFrame.new(0.0005,0.0000,0.0000,0.9996,-0.0260,0.0148,0.0279,0.9880,-0.1522,-0.0107,0.1526,0.9882),
      ["Head"] = CFrame.new(0.0000,0.0000,0.0000,0.8988,-0.1618,0.4074,-0.1160,0.8084,0.5771,-0.4227,-0.5660,0.7078),
      ["RightUpperArm"] = CFrame.new(0.0855,-0.4279,-0.0883,0.3327,-0.9405,-0.0683,0.8100,0.3222,-0.4899,0.4828,0.1077,0.8691),
      ["RightLowerArm"] = CFrame.new(0.0000,0.0745,0.0333,1.0000,-0.0000,0.0000,0.0000,0.6667,-0.7453,0.0000,0.7453,0.6667),
      ["RightHand"] = CFrame.new(-0.0005,0.0000,0.0000,0.9999,-0.0136,0.0087,0.0130,0.9973,0.0724,-0.0097,-0.0723,0.9973),
      ["RightUpperLeg"] = CFrame.new(0.0000,0.0000,0.0000,0.6515,-0.1245,-0.7484,0.4226,0.8788,0.2216,0.6301,-0.4606,0.6251),
      ["RightLowerLeg"] = CFrame.new(0.0000,0.0230,-0.0016,1.0000,-0.0000,0.0000,0.0000,0.9841,0.1774,-0.0000,-0.1774,0.9841),
      ["RightFoot"] = CFrame.new(0.0000,0.0054,-0.0001,0.9105,0.4088,0.0613,-0.4020,0.9102,-0.0999,-0.0966,0.0663,0.9931),
      ["LeftUpperLeg"] = CFrame.new(0.0000,0.0000,-0.0001,0.8706,0.2320,-0.4339,-0.4084,0.8324,-0.3745,0.2743,0.5032,0.8194),
      ["LeftLowerLeg"] = CFrame.new(0.0000,0.1052,-0.0432,1.0000,-0.0000,0.0000,0.0000,0.5546,0.8321,-0.0000,-0.8321,0.5546),
      ["LeftFoot"] = CFrame.new(0.0000,0.0252,0.0000,0.9676,-0.2519,-0.0204,0.2372,0.9330,-0.2706,0.0872,0.2570,0.9625),
    }},
    {Time = 0.100, Data = {
      ["HumanoidRootPart"] = CFrame.new(0.0000,0.0000,0.0000,1.0000,0.0000,0.0000,0.0000,1.0000,0.0000,0.0000,0.0000,1.0000),
      ["LowerTorso"] = CFrame.new(-0.0858,-0.3223,0.0362,-0.1247,0.2375,0.9633,0.2236,0.9527,-0.2059,-0.9667,0.1897,-0.1719),
      ["UpperTorso"] = CFrame.new(0.0000,0.0000,0.0000,0.9733,0.1228,-0.1937,-0.1293,0.9914,-0.0211,0.1895,0.0456,0.9808),
      ["LeftUpperArm"] = CFrame.new(-0.0203,-0.0159,0.0240,0.8076,-0.5073,-0.3006,-0.2003,0.2435,-0.9490,0.5546,0.8267,0.0950),
      ["LeftLowerArm"] = CFrame.new(-0.0005,0.0981,0.0801,1.0000,-0.0000,0.0000,0.0000,0.1980,-0.9802,0.0000,0.9802,0.1980),
      ["LeftHand"] = CFrame.new(0.0005,0.0000,0.0000,0.9998,-0.0194,0.0110,0.0209,0.9864,-0.1628,-0.0077,0.1629,0.9866),
      ["Head"] = CFrame.new(0.0000,0.0000,0.0000,0.8988,-0.1651,0.4062,-0.1155,0.8046,0.5825,-0.4230,-0.5704,0.7041),
      ["RightUpperArm"] = CFrame.new(0.1817,-0.4393,-0.1178,0.1947,-0.9800,0.0419,0.8640,0.1511,-0.4803,0.4644,0.1297,0.8761),
      ["RightLowerArm"] = CFrame.new(0.0000,0.0444,0.0106,1.0000,-0.0000,0.0000,0.0000,0.8957,-0.4447,0.0000,0.4447,0.8957),
      ["RightHand"] = CFrame.new(-0.0005,0.0000,0.0000,0.9994,-0.0300,0.0184,0.0283,0.9958,0.0868,-0.0209,-0.0862,0.9961),
      ["RightUpperLeg"] = CFrame.new(0.0000,0.0000,0.0000,0.6538,-0.1706,-0.7372,0.4199,0.8923,0.1659,0.6295,-0.4180,0.6550),
      ["RightLowerLeg"] = CFrame.new(0.0000,0.0333,-0.0034,1.0000,-0.0000,0.0000,0.0000,0.9650,0.2623,-0.0000,-0.2623,0.9650),
      ["RightFoot"] = CFrame.new(0.0000,0.0074,-0.0001,0.9064,0.4166,0.0697,-0.4046,0.9037,-0.1402,-0.1214,0.0989,0.9877),
      ["LeftUpperLeg"] = CFrame.new(0.0000,0.0000,-0.0001,0.8739,0.2313,-0.4276,-0.4140,0.8152,-0.4050,0.2549,0.5309,0.8082),
      ["LeftLowerLeg"] = CFrame.new(0.0000,0.1088,-0.0473,1.0000,-0.0000,0.0000,0.0000,0.5118,0.8591,-0.0000,-0.8591,0.5118),
      ["LeftFoot"] = CFrame.new(0.0000,0.0264,0.0000,0.9677,-0.2514,-0.0200,0.2340,0.9246,-0.3006,0.0941,0.2862,0.9536),
    }},
    {Time = 0.133, Data = {
      ["HumanoidRootPart"] = CFrame.new(0.0000,0.0000,0.0000,1.0000,0.0000,0.0000,0.0000,1.0000,0.0000,0.0000,0.0000,1.0000),
      ["LowerTorso"] = CFrame.new(-0.0962,-0.3492,0.0436,-0.1151,0.2201,0.9687,0.2227,0.9560,-0.1908,-0.9681,0.1937,-0.1591),
      ["UpperTorso"] = CFrame.new(0.0000,0.0000,0.0000,0.9660,0.1376,-0.2188,-0.1446,0.9894,-0.0161,0.2142,0.0472,0.9756),
      ["LeftUpperArm"] = CFrame.new(-0.0237,-0.0210,0.0276,0.8134,-0.4891,-0.3149,-0.2179,0.2458,-0.9445,0.5394,0.8369,0.0933),
      ["LeftLowerArm"] = CFrame.new(-0.0005,0.0981,0.0808,1.0000,-0.0000,0.0000,0.0000,0.1911,-0.9816,0.0000,0.9816,0.1911),
      ["LeftHand"] = CFrame.new(0.0005,0.0000,0.0000,0.9999,-0.0126,0.0070,0.0137,0.9847,-0.1740,-0.0047,0.1741,0.9847),
      ["Head"] = CFrame.new(0.0000,0.0000,0.0000,0.8968,-0.1696,0.4087,-0.1126,0.8057,0.5815,-0.4280,-0.5675,0.7034),
      ["RightUpperArm"] = CFrame.new(0.2520,-0.4478,-0.1454,0.0928,-0.9744,0.2049,0.8943,-0.0089,-0.4473,0.4377,0.2248,0.8706),
      ["RightLowerArm"] = CFrame.new(0.0000,0.0018,0.0001,1.0000,-0.0000,0.0000,0.0000,0.9998,-0.0182,0.0000,0.0182,0.9998),
      ["RightHand"] = CFrame.new(-0.0005,0.0000,0.0000,0.9992,-0.0342,0.0209,0.0337,0.9992,0.0224,-0.0217,-0.0217,0.9995),
      ["RightUpperLeg"] = CFrame.new(0.0000,0.0000,0.0000,0.6509,-0.2134,-0.7285,0.4210,0.9001,0.1125,0.6317,-0.3799,0.6757),
      ["RightLowerLeg"] = CFrame.new(0.0000,0.0423,-0.0058,1.0000,-0.0000,0.0000,0.0000,0.9413,0.3375,-0.0000,-0.3375,0.9413),
      ["RightFoot"] = CFrame.new(0.0000,0.0091,-0.0001,0.9007,0.4269,0.0809,-0.4085,0.8955,-0.1767,-0.1479,0.1261,0.9809),
      ["LeftUpperLeg"] = CFrame.new(0.0000,0.0000,-0.0001,0.8762,0.2261,-0.4256,-0.4181,0.7959,-0.4379,0.2397,0.5617,0.7919),
      ["LeftLowerLeg"] = CFrame.new(0.0000,0.1121,-0.0520,1.0000,-0.0000,0.0000,0.0000,0.4629,0.8864,-0.0000,-0.8864,0.4629),
      ["LeftFoot"] = CFrame.new(0.0000,0.0273,0.0000,0.9680,-0.2503,-0.0190,0.2301,0.9150,-0.3315,0.1003,0.3165,0.9433),
    }},
    {Time = 0.167, Data = {
      ["HumanoidRootPart"] = CFrame.new(0.0000,0.0000,0.0000,1.0000,0.0000,0.0000,0.0000,1.0000,0.0000,0.0000,0.0000,1.0000),
      ["LowerTorso"] = CFrame.new(-0.1067,-0.3770,0.0524,-0.1242,0.2037,0.9711,0.2217,0.9597,-0.1729,-0.9672,0.1938,-0.1644),
      ["UpperTorso"] = CFrame.new(0.0000,0.0000,0.0000,0.9656,0.1389,-0.2197,-0.1457,0.9892,-0.0149,0.2153,0.0464,0.9755),
      ["LeftUpperArm"] = CFrame.new(-0.0258,-0.0259,0.0301,0.8235,-0.4612,-0.3304,-0.2386,0.2468,-0.9392,0.5147,0.8523,0.0932),
      ["LeftLowerArm"] = CFrame.new(-0.0005,0.0984,0.0821,1.0000,-0.0000,0.0000,0.0000,0.1775,-0.9841,0.0000,0.9841,0.1775),
      ["LeftHand"] = CFrame.new(0.0005,0.0000,0.0000,1.0000,-0.0059,0.0031,0.0063,0.9827,-0.1850,-0.0020,0.1850,0.9827),
      ["Head"] = CFrame.new(0.0000,0.0000,0.0000,0.8933,-0.1748,0.4140,-0.1077,0.8110,0.5750,-0.4363,-0.5583,0.7057),
      ["RightUpperArm"] = CFrame.new(0.2040,-0.4421,-0.1264,0.1729,-0.9795,0.1036,0.8728,0.1036,-0.4770,0.4565,0.1729,0.8728),
      ["RightLowerArm"] = CFrame.new(0.0000,0.0320,0.0064,1.0000,-0.0000,0.0000,0.0000,0.9467,-0.3221,0.0000,0.3221,0.9467),
      ["RightHand"] = CFrame.new(-0.0005,0.0000,0.0000,0.9993,-0.0319,0.0195,0.0305,0.9972,0.0683,-0.0217,-0.0677,0.9975),
      ["RightUpperLeg"] = CFrame.new(0.0000,0.0000,0.0000,0.6301,-0.2475,-0.7360,0.4310,0.8999,0.0663,0.6459,-0.3590,0.6738),
      ["RightLowerLeg"] = CFrame.new(0.0000,0.0491,-0.0080,1.0000,-0.0000,0.0000,0.0000,0.9188,0.3947,-0.0000,-0.3947,0.9188),
      ["RightFoot"] = CFrame.new(0.0000,0.0103,-0.0001,0.8920,0.4415,0.0971,-0.4156,0.8854,-0.2081,-0.1779,0.1453,0.9733),
      ["LeftUpperLeg"] = CFrame.new(0.0000,0.0000,-0.0001,0.8756,0.2055,-0.4372,-0.4187,0.7743,-0.4745,0.2411,0.5985,0.7640),
      ["LeftLowerLeg"] = CFrame.new(0.0000,0.1149,-0.0566,1.0000,-0.0000,0.0000,0.0000,0.4154,0.9096,-0.0000,-0.9096,0.4154),
      ["LeftFoot"] = CFrame.new(0.0000,0.0282,0.0000,0.9682,-0.2494,-0.0181,0.2270,0.9072,-0.3543,0.1048,0.3389,0.9350),
    }},
    {Time = 0.200, Data = {
      ["HumanoidRootPart"] = CFrame.new(0.0000,0.0000,0.0000,1.0000,0.0000,0.0000,0.0000,1.0000,0.0000,0.0000,0.0000,1.0000),
      ["LowerTorso"] = CFrame.new(-0.1169,-0.4045,0.0619,-0.1519,0.1887,0.9702,0.2199,0.9634,-0.1530,-0.9636,0.1902,-0.1878),
      ["UpperTorso"] = CFrame.new(0.0000,0.0000,0.0000,0.9727,0.1256,-0.1950,-0.1316,0.9911,-0.0182,0.1910,0.0434,0.9806),
      ["LeftUpperArm"] = CFrame.new(-0.0265,-0.0300,0.0312,0.8350,-0.4267,-0.3474,-0.2630,0.2451,-0.9332,0.4833,0.8706,0.0924),
      ["LeftLowerArm"] = CFrame.new(-0.0005,0.0987,0.0840,1.0000,-0.0000,0.0000,0.0000,0.1594,-0.9872,0.0000,0.9872,0.1594),
      ["LeftHand"] = CFrame.new(0.0005,0.0000,0.0000,1.0000,0.0008,-0.0007,-0.0009,0.9808,-0.1951,0.0006,0.1951,0.9808),
      ["Head"] = CFrame.new(0.0000,0.0000,0.0000,0.8890,-0.1802,0.4210,-0.1008,0.8198,0.5637,-0.4468,-0.5436,0.7106),
      ["RightUpperArm"] = CFrame.new(0.0962,-0.4292,-0.0913,0.3201,-0.9457,-0.0565,0.8157,0.3055,-0.4913,0.4818,0.1112,0.8692),
      ["RightLowerArm"] = CFrame.new(0.0000,0.0720,0.0308,1.0000,-0.0000,0.0000,0.0000,0.6930,-0.7209,0.0000,0.7209,0.6930),
      ["RightHand"] = CFrame.new(-0.0005,0.0000,0.0000,0.9998,-0.0159,0.0101,0.0151,0.9970,0.0763,-0.0113,-0.0761,0.9970),
      ["RightUpperLeg"] = CFrame.new(0.0000,0.0000,0.0000,0.5907,-0.2738,-0.7591,0.4492,0.8930,0.0274,0.6704,-0.3571,0.6505),
      ["RightLowerLeg"] = CFrame.new(0.0000,0.0540,-0.0099,1.0000,-0.0000,0.0000,0.0000,0.8999,0.4361,-0.0000,-0.4361,0.8999),
      ["RightFoot"] = CFrame.new(0.0000,0.0112,-0.0001,0.8800,0.4601,0.1179,-0.4254,0.8739,-0.2354,-0.2114,0.1569,0.9647),
      ["LeftUpperLeg"] = CFrame.new(0.0000,0.0000,-0.0001,0.8716,0.1685,-0.4603,-0.4161,0.7507,-0.5131,0.2591,0.6388,0.7244),
      ["LeftLowerLeg"] = CFrame.new(0.0000,0.1172,-0.0607,1.0000,-0.0000,0.0000,0.0000,0.3721,0.9282,-0.0000,-0.9282,0.3721),
      ["LeftFoot"] = CFrame.new(0.0000,0.0288,0.0000,0.9684,-0.2489,-0.0177,0.2252,0.9022,-0.3679,0.1075,0.3523,0.9297),
    }},
    {Time = 0.233, Data = {
      ["HumanoidRootPart"] = CFrame.new(0.0000,0.0000,0.0000,1.0000,0.0000,0.0000,0.0000,1.0000,0.0000,0.0000,0.0000,1.0000),
      ["LowerTorso"] = CFrame.new(-0.1261,-0.4297,0.0714,-0.1813,0.1762,0.9675,0.2176,0.9666,-0.1353,-0.9590,0.1860,-0.2136),
      ["UpperTorso"] = CFrame.new(0.0000,0.0000,0.0000,0.9799,0.1100,-0.1666,-0.1154,0.9931,-0.0229,0.1629,0.0417,0.9858),
      ["LeftUpperArm"] = CFrame.new(-0.0260,-0.0325,0.0308,0.8450,-0.3904,-0.3655,-0.2904,0.2391,-0.9266,0.4491,0.8891,0.0886),
      ["LeftLowerArm"] = CFrame.new(-0.0005,0.0990,0.0859,1.0000,-0.0000,0.0000,0.0000,0.1398,-0.9902,0.0000,0.9902,0.1398),
      ["LeftHand"] = CFrame.new(0.0005,0.0000,0.0000,1.0000,0.0068,-0.0043,-0.0075,0.9791,-0.2031,0.0028,0.2031,0.9792),
      ["Head"] = CFrame.new(0.0000,0.0000,0.0000,0.8842,-0.1852,0.4288,-0.0919,0.8311,0.5485,-0.4580,-0.5244,0.7178),
      ["RightUpperArm"] = CFrame.new(0.1223,-0.4301,-0.0941,0.2266,-0.9691,-0.0972,0.8653,0.2461,-0.4366,0.4471,0.0148,0.8944),
      ["RightLowerArm"] = CFrame.new(0.0000,0.0649,0.0240,1.0000,-0.0000,0.0000,0.0000,0.7602,-0.6497,0.0000,0.6497,0.7602),
      ["RightHand"] = CFrame.new(-0.0005,0.0000,0.0000,0.9997,-0.0217,0.0135,0.0204,0.9961,0.0857,-0.0153,-0.0854,0.9962),
      ["RightUpperLeg"] = CFrame.new(0.0000,0.0000,0.0000,0.5482,-0.2952,-0.7825,0.4683,0.8836,-0.0052,0.6929,-0.3636,0.6226),
      ["RightLowerLeg"] = CFrame.new(0.0000,0.0577,-0.0114,1.0000,-0.0000,0.0000,0.0000,0.8840,0.4674,-0.0000,-0.4674,0.8840),
      ["RightFoot"] = CFrame.new(0.0000,0.0118,-0.0001,0.8672,0.4783,0.1387,-0.4348,0.8630,-0.2573,-0.2428,0.1629,0.9563),
      ["LeftUpperLeg"] = CFrame.new(0.0000,0.0000,-0.0001,0.8667,0.1295,-0.4818,-0.4129,0.7281,-0.5471,0.2799,0.6731,0.6845),
      ["LeftLowerLeg"] = CFrame.new(0.0000,0.1189,-0.0644,1.0000,-0.0000,0.0000,0.0000,0.3339,0.9426,-0.0000,-0.9426,0.3339),
      ["LeftFoot"] = CFrame.new(0.0000,0.0294,0.0000,0.9685,-0.2484,-0.0173,0.2237,0.8986,-0.3775,0.1093,0.3618,0.9258),
    }},
    {Time = 0.267, Data = {
      ["HumanoidRootPart"] = CFrame.new(0.0000,0.0000,0.0000,1.0000,0.0000,0.0000,0.0000,1.0000,0.0000,0.0000,0.0000,1.0000),
      ["LowerTorso"] = CFrame.new(-0.1338,-0.4508,0.0799,-0.2077,0.1667,0.9639,0.2150,0.9691,-0.1213,-0.9543,0.1821,-0.2371),
      ["UpperTorso"] = CFrame.new(0.0000,0.0000,0.0000,0.9855,0.0954,-0.1402,-0.1003,0.9945,-0.0288,0.1366,0.0424,0.9897),
      ["LeftUpperArm"] = CFrame.new(-0.0242,-0.0326,0.0289,0.8509,-0.3574,-0.3851,-0.3206,0.2275,-0.9195,0.4162,0.9058,0.0790),
      ["LeftLowerArm"] = CFrame.new(-0.0005,0.0992,0.0878,1.0000,-0.0000,0.0000,0.0000,0.1214,-0.9926,0.0000,0.9926,0.1214),
      ["LeftHand"] = CFrame.new(0.0005,0.0000,0.0000,0.9999,0.0117,-0.0071,-0.0129,0.9781,-0.2079,0.0045,0.2080,0.9781),
      ["Head"] = CFrame.new(0.0000,0.0000,0.0000,0.8796,-0.1893,0.4364,-0.0814,0.8440,0.5302,-0.4686,-0.5019,0.7270),
      ["RightUpperArm"] = CFrame.new(0.2073,-0.4374,-0.1254,0.0189,-0.9981,-0.0582,0.9275,0.0392,-0.3719,0.3734,-0.0470,0.9265),
      ["RightLowerArm"] = CFrame.new(0.0000,0.0226,0.0034,1.0000,-0.0000,0.0000,0.0000,0.9736,-0.2283,0.0000,0.2283,0.9736),
      ["RightHand"] = CFrame.new(-0.0005,0.0000,0.0000,0.9993,-0.0329,0.0201,0.0318,0.9981,0.0537,-0.0219,-0.0530,0.9984),
      ["RightUpperLeg"] = CFrame.new(0.0000,0.0000,0.0000,0.5088,-0.3115,-0.8025,0.4859,0.8735,-0.0310,0.7106,-0.3742,0.5958),
      ["RightLowerLeg"] = CFrame.new(0.0000,0.0603,-0.0126,1.0000,-0.0000,0.0000,0.0000,0.8719,0.4898,-0.0000,-0.4898,0.8719),
      ["RightFoot"] = CFrame.new(0.0000,0.0123,-0.0001,0.8551,0.4941,0.1571,-0.4430,0.8537,-0.2737,-0.2694,0.1645,0.9489),
      ["LeftUpperLeg"] = CFrame.new(0.0000,0.0000,-0.0001,0.8617,0.0938,-0.4986,-0.4095,0.7088,-0.5744,0.2996,0.6991,0.6492),
      ["LeftLowerLeg"] = CFrame.new(0.0000,0.1202,-0.0674,1.0000,-0.0000,0.0000,0.0000,0.3030,0.9530,-0.0000,-0.9530,0.3030),
      ["LeftFoot"] = CFrame.new(0.0000,0.0298,0.0000,0.9686,-0.2479,-0.0168,0.2227,0.8961,-0.3839,0.1102,0.3681,0.9232),
    }},
    {Time = 0.300, Data = {
      ["HumanoidRootPart"] = CFrame.new(0.0000,0.0000,0.0000,1.0000,0.0000,0.0000,0.0000,1.0000,0.0000,0.0000,0.0000,1.0000),
      ["LowerTorso"] = CFrame.new(-0.1393,-0.4664,0.0868,-0.2328,0.1604,0.9592,0.2120,0.9710,-0.1109,-0.9491,0.1775,-0.2601),
      ["UpperTorso"] = CFrame.new(0.0000,0.0000,0.0000,0.9905,0.0794,-0.1119,-0.0840,0.9958,-0.0364,0.1085,0.0455,0.9931),
      ["LeftUpperArm"] = CFrame.new(-0.0211,-0.0294,0.0254,0.8509,-0.3327,-0.4066,-0.3538,0.2091,-0.9116,0.3884,0.9195,0.0602),
      ["LeftLowerArm"] = CFrame.new(-0.0005,0.0994,0.0892,1.0000,-0.0000,0.0000,0.0000,0.1067,-0.9943,0.0000,0.9943,0.1067),
      ["LeftHand"] = CFrame.new(0.0005,0.0000,0.0000,0.9998,0.0150,-0.0090,-0.0165,0.9778,-0.2087,0.0057,0.2088,0.9779),
      ["Head"] = CFrame.new(0.0000,0.0000,0.0000,0.8759,-0.1921,0.4426,-0.0692,0.8578,0.5094,-0.4775,-0.4768,0.7380),
      ["RightUpperArm"] = CFrame.new(0.2072,-0.4409,-0.1288,-0.0550,-0.9895,-0.1336,0.9076,0.0062,-0.4198,0.4163,-0.1443,0.8977),
      ["RightLowerArm"] = CFrame.new(0.0000,0.0183,0.0024,1.0000,-0.0000,0.0000,0.0000,0.9829,-0.1841,0.0000,0.1841,0.9829),
      ["RightHand"] = CFrame.new(-0.0005,0.0000,0.0000,0.9992,-0.0334,0.0204,0.0324,0.9985,0.0446,-0.0219,-0.0440,0.9988),
      ["RightUpperLeg"] = CFrame.new(0.0000,0.0000,0.0000,0.4723,-0.3212,-0.8208,0.5021,0.8634,-0.0490,0.7245,-0.3890,0.5690),
      ["RightLowerLeg"] = CFrame.new(0.0000,0.0618,-0.0133,1.0000,-0.0000,0.0000,0.0000,0.8647,0.5023,-0.0000,-0.5023,0.8647),
      ["RightFoot"] = CFrame.new(0.0000,0.0126,-0.0001,0.8443,0.5072,0.1726,-0.4503,0.8464,-0.2844,-0.2903,0.1624,0.9430),
      ["LeftUpperLeg"] = CFrame.new(0.0000,0.0000,-0.0001,0.8565,0.0612,-0.5124,-0.4055,0.6941,-0.5948,0.3193,0.7172,0.6194),
      ["LeftLowerLeg"] = CFrame.new(0.0000,0.1210,-0.0694,1.0000,-0.0000,0.0000,0.0000,0.2821,0.9594,-0.0000,-0.9594,0.2821),
      ["LeftFoot"] = CFrame.new(0.0000,0.0301,0.0000,0.9687,-0.2476,-0.0165,0.2223,0.8955,-0.3856,0.1102,0.3698,0.9225),
    }},
    {Time = 0.333, Data = {
      ["HumanoidRootPart"] = CFrame.new(0.0000,0.0000,0.0000,1.0000,0.0000,0.0000,0.0000,1.0000,0.0000,0.0000,0.0000,1.0000),
      ["LowerTorso"] = CFrame.new(-0.1425,-0.4756,0.0918,-0.2434,0.1577,0.9570,0.2098,0.9719,-0.1069,-0.9470,0.1748,-0.2696),
      ["UpperTorso"] = CFrame.new(0.0000,0.0000,0.0000,0.9917,0.0750,-0.1043,-0.0799,0.9958,-0.0443,0.1006,0.0523,0.9936),
      ["LeftUpperArm"] = CFrame.new(-0.0166,-0.0225,0.0205,0.8446,-0.3198,-0.4293,-0.3892,0.1838,-0.9026,0.3676,0.9295,0.0308),
      ["LeftLowerArm"] = CFrame.new(-0.0005,0.0995,0.0901,1.0000,-0.0000,0.0000,0.0000,0.0975,-0.9952,0.0000,0.9952,0.0975),
      ["LeftHand"] = CFrame.new(0.0005,0.0000,0.0000,0.9998,0.0161,-0.0097,-0.0178,0.9786,-0.2051,0.0061,0.2052,0.9787),
      ["Head"] = CFrame.new(0.0000,0.0000,0.0000,0.8734,-0.1935,0.4470,-0.0560,0.8718,0.4867,-0.4838,-0.4501,0.7505),
      ["RightUpperArm"] = CFrame.new(0.1178,-0.4336,-0.0902,0.0298,-0.9496,-0.3121,0.8021,0.2090,-0.5593,0.5964,-0.2337,0.7679),
      ["RightLowerArm"] = CFrame.new(0.0000,0.0633,0.0231,1.0000,-0.0000,0.0000,0.0000,0.7722,-0.6354,0.0000,0.6354,0.7722),
      ["RightHand"] = CFrame.new(-0.0005,0.0000,0.0000,0.9997,-0.0222,0.0138,0.0210,0.9961,0.0855,-0.0156,-0.0852,0.9962),
      ["RightUpperLeg"] = CFrame.new(0.0000,0.0000,0.0000,0.4543,-0.3294,-0.8277,0.5114,0.8572,-0.0605,0.7295,-0.3958,0.5579),
      ["RightLowerLeg"] = CFrame.new(0.0000,0.0628,-0.0138,1.0000,-0.0000,0.0000,0.0000,0.8595,0.5111,-0.0000,-0.5111,0.8595),
      ["RightFoot"] = CFrame.new(0.0000,0.0128,-0.0001,0.8383,0.5143,0.1811,-0.4541,0.8423,-0.2902,-0.3018,0.1611,0.9397),
      ["LeftUpperLeg"] = CFrame.new(0.0000,0.0000,-0.0001,0.8548,0.0445,-0.5171,-0.4019,0.6871,-0.6053,0.3284,0.7252,0.6052),
      ["LeftLowerLeg"] = CFrame.new(0.0000,0.1214,-0.0706,1.0000,-0.0000,0.0000,0.0000,0.2689,0.9632,-0.0000,-0.9632,0.2689),
      ["LeftFoot"] = CFrame.new(0.0000,0.0303,0.0000,0.9690,-0.2464,-0.0155,0.2213,0.8946,-0.3882,0.1095,0.3728,0.9214),
    }},
    {Time = 0.367, Data = {
      ["HumanoidRootPart"] = CFrame.new(0.0000,0.0000,0.0000,1.0000,0.0000,0.0000,0.0000,1.0000,0.0000,0.0000,0.0000,1.0000),
      ["LowerTorso"] = CFrame.new(-0.1435,-0.4789,0.0949,-0.2355,0.1586,0.9588,0.2089,0.9718,-0.1094,-0.9492,0.1745,-0.2620),
      ["UpperTorso"] = CFrame.new(0.0000,0.0000,0.0000,0.9884,0.0862,-0.1254,-0.0933,0.9943,-0.0515,0.1202,0.0626,0.9908),
      ["LeftUpperArm"] = CFrame.new(-0.0107,-0.0122,0.0143,0.8335,-0.3175,-0.4521,-0.4261,0.1514,-0.8919,0.3517,0.9361,-0.0091),
      ["LeftLowerArm"] = CFrame.new(-0.0005,0.0995,0.0905,1.0000,-0.0000,0.0000,0.0000,0.0940,-0.9956,0.0000,0.9956,0.0940),
      ["LeftHand"] = CFrame.new(0.0005,0.0000,0.0000,0.9998,0.0153,-0.0092,-0.0168,0.9801,-0.1978,0.0060,0.1979,0.9802),
      ["Head"] = CFrame.new(0.0000,0.0000,0.0000,0.8720,-0.1936,0.4496,-0.0416,0.8858,0.4621,-0.4877,-0.4217,0.7644),
      ["RightUpperArm"] = CFrame.new(0.1004,-0.4305,-0.0867,0.0593,-0.9701,-0.2352,0.7276,0.2033,-0.6552,0.6834,-0.1323,0.7179),
      ["RightLowerArm"] = CFrame.new(0.0000,0.0703,0.0289,1.0000,-0.0000,0.0000,0.0000,0.7108,-0.7034,0.0000,0.7034,0.7108),
      ["RightHand"] = CFrame.new(-0.0005,0.0000,0.0000,0.9998,-0.0177,0.0111,0.0168,0.9967,0.0796,-0.0125,-0.0794,0.9968),
      ["RightUpperLeg"] = CFrame.new(0.0000,0.0000,0.0000,0.4596,-0.3393,-0.8208,0.5127,0.8560,-0.0668,0.7252,-0.3901,0.5673),
      ["RightLowerLeg"] = CFrame.new(0.0000,0.0638,-0.0143,1.0000,-0.0000,0.0000,0.0000,0.8544,0.5196,-0.0000,-0.5196,0.8544),
      ["RightFoot"] = CFrame.new(0.0000,0.0129,-0.0001,0.8378,0.5149,0.1817,-0.4538,0.8417,-0.2926,-0.3036,0.1627,0.9388),
      ["LeftUpperLeg"] = CFrame.new(0.0000,0.0000,-0.0001,0.8579,0.0469,-0.5117,-0.3990,0.6882,-0.6060,0.3237,0.7240,0.6091),
      ["LeftLowerLeg"] = CFrame.new(0.0000,0.1216,-0.0714,1.0000,-0.0000,0.0000,0.0000,0.2611,0.9653,-0.0000,-0.9653,0.2611),
      ["LeftFoot"] = CFrame.new(0.0000,0.0303,0.0000,0.9697,-0.2440,-0.0133,0.2191,0.8924,-0.3944,0.1081,0.3795,0.9189),
    }},
    {Time = 0.400, Data = {
      ["HumanoidRootPart"] = CFrame.new(0.0000,0.0000,0.0000,1.0000,0.0000,0.0000,0.0000,1.0000,0.0000,0.0000,0.0000,1.0000),
      ["LowerTorso"] = CFrame.new(-0.1425,-0.4770,0.0963,-0.2206,0.1624,0.9617,0.2083,0.9711,-0.1162,-0.9529,0.1747,-0.2481),
      ["UpperTorso"] = CFrame.new(0.0000,0.0000,0.0000,0.9826,0.1018,-0.1551,-0.1119,0.9920,-0.0583,0.1479,0.0747,0.9862),
      ["LeftUpperArm"] = CFrame.new(-0.0037,0.0008,0.0072,0.8191,-0.3244,-0.4731,-0.4631,0.1127,-0.8791,0.3385,0.9392,-0.0579),
      ["LeftLowerArm"] = CFrame.new(-0.0005,0.0995,0.0903,1.0000,-0.0000,0.0000,0.0000,0.0961,-0.9954,0.0000,0.9954,0.0961),
      ["LeftHand"] = CFrame.new(0.0005,0.0000,0.0000,0.9999,0.0127,-0.0077,-0.0139,0.9821,-0.1878,0.0052,0.1878,0.9822),
      ["Head"] = CFrame.new(0.0000,0.0000,0.0000,0.8718,-0.1926,0.4504,-0.0266,0.8995,0.4361,-0.4892,-0.3921,0.7791),
      ["RightUpperArm"] = CFrame.new(0.2000,-0.4448,-0.1275,-0.0615,-0.9949,0.0793,0.7831,-0.0974,-0.6142,0.6188,0.0243,0.7852),
      ["RightLowerArm"] = CFrame.new(0.0000,0.0346,0.0073,1.0000,-0.0000,0.0000,0.0000,0.9367,-0.3500,0.0000,0.3500,0.9367),
      ["RightHand"] = CFrame.new(-0.0005,0.0000,0.0000,0.9993,-0.0313,0.0192,0.0299,0.9969,0.0726,-0.0214,-0.0719,0.9972),
      ["RightUpperLeg"] = CFrame.new(0.0000,0.0000,0.0000,0.4754,-0.3464,-0.8087,0.5105,0.8573,-0.0671,0.7165,-0.3809,0.5844),
      ["RightLowerLeg"] = CFrame.new(0.0000,0.0643,-0.0145,1.0000,-0.0000,0.0000,0.0000,0.8518,0.5238,-0.0000,-0.5238,0.8518),
      ["RightFoot"] = CFrame.new(0.0000,0.0130,-0.0001,0.8407,0.5115,0.1777,-0.4516,0.8434,-0.2912,-0.2988,0.1646,0.9400),
      ["LeftUpperLeg"] = CFrame.new(0.0000,0.0000,-0.0001,0.8629,0.0583,-0.5021,-0.3959,0.6955,-0.5997,0.3142,0.7162,0.6232),
      ["LeftLowerLeg"] = CFrame.new(0.0000,0.1216,-0.0714,1.0000,-0.0000,0.0000,0.0000,0.2612,0.9653,-0.0000,-0.9653,0.2612),
      ["LeftFoot"] = CFrame.new(0.0000,0.0302,0.0000,0.9704,-0.2413,-0.0108,0.2170,0.8908,-0.3991,0.1059,0.3850,0.9168),
    }},
    {Time = 0.433, Data = {
      ["HumanoidRootPart"] = CFrame.new(0.0000,0.0000,0.0000,1.0000,0.0000,0.0000,0.0000,1.0000,0.0000,0.0000,0.0000,1.0000),
      ["LowerTorso"] = CFrame.new(-0.1398,-0.4704,0.0961,-0.2056,0.1691,0.9639,0.2076,0.9701,-0.1259,-0.9564,0.1742,-0.2346),
      ["UpperTorso"] = CFrame.new(0.0000,0.0000,0.0000,0.9766,0.1150,-0.1817,-0.1286,0.9896,-0.0650,0.1723,0.0869,0.9812),
      ["LeftUpperArm"] = CFrame.new(0.0042,0.0159,-0.0005,0.8030,-0.3382,-0.4907,-0.4992,0.0680,-0.8638,0.3255,0.9386,-0.1142),
      ["LeftLowerArm"] = CFrame.new(-0.0005,0.0994,0.0895,1.0000,-0.0000,0.0000,0.0000,0.1039,-0.9946,0.0000,0.9946,0.1039),
      ["LeftHand"] = CFrame.new(0.0005,0.0000,0.0000,0.9999,0.0087,-0.0053,-0.0095,0.9843,-0.1760,0.0037,0.1761,0.9844),
      ["Head"] = CFrame.new(0.0000,0.0000,0.0000,0.8725,-0.1908,0.4497,-0.0110,0.9126,0.4086,-0.4884,-0.3615,0.7942),
      ["RightUpperArm"] = CFrame.new(0.2348,-0.4462,-0.1386,-0.0940,-0.9787,0.1827,0.8522,-0.1739,-0.4935,0.5147,0.1093,0.8504),
      ["RightLowerArm"] = CFrame.new(0.0000,0.0116,0.0012,1.0000,-0.0000,0.0000,0.0000,0.9932,-0.1168,0.0000,0.1168,0.9932),
      ["RightHand"] = CFrame.new(-0.0005,0.0000,0.0000,0.9992,-0.0337,0.0206,0.0331,0.9990,0.0293,-0.0216,-0.0286,0.9994),
      ["RightUpperLeg"] = CFrame.new(0.0000,0.0000,0.0000,0.4937,-0.3483,-0.7969,0.5076,0.8594,-0.0612,0.7062,-0.3743,0.6011),
      ["RightLowerLeg"] = CFrame.new(0.0000,0.0640,-0.0144,1.0000,-0.0000,0.0000,0.0000,0.8534,0.5213,-0.0000,-0.5213,0.8534),
      ["RightFoot"] = CFrame.new(0.0000,0.0129,-0.0001,0.8454,0.5060,0.1711,-0.4487,0.8466,-0.2862,-0.2897,0.1652,0.9428),
      ["LeftUpperLeg"] = CFrame.new(0.0000,0.0000,-0.0001,0.8677,0.0721,-0.4919,-0.3922,0.7072,-0.5883,0.3055,0.7034,0.6419),
      ["LeftLowerLeg"] = CFrame.new(0.0000,0.1214,-0.0706,1.0000,-0.0000,0.0000,0.0000,0.2699,0.9629,-0.0000,-0.9629,0.2699),
      ["LeftFoot"] = CFrame.new(0.0000,0.0302,0.0000,0.9710,-0.2389,-0.0087,0.2156,0.8909,-0.3998,0.1033,0.3863,0.9166),
    }},
    {Time = 0.467, Data = {
      ["HumanoidRootPart"] = CFrame.new(0.0000,0.0000,0.0000,1.0000,0.0000,0.0000,0.0000,1.0000,0.0000,0.0000,0.0000,1.0000),
      ["LowerTorso"] = CFrame.new(-0.1355,-0.4596,0.0945,-0.1865,0.1785,0.9661,0.2068,0.9685,-0.1390,-0.9605,0.1738,-0.2175),
      ["UpperTorso"] = CFrame.new(0.0000,0.0000,0.0000,0.9687,0.1298,-0.2118,-0.1476,0.9866,-0.0703,0.1998,0.0994,0.9748),
      ["LeftUpperArm"] = CFrame.new(0.0130,0.0328,-0.0086,0.7866,-0.3567,-0.5040,-0.5338,0.0171,-0.8454,0.3102,0.9341,-0.1769),
      ["LeftLowerArm"] = CFrame.new(-0.0005,0.0993,0.0882,1.0000,-0.0000,0.0000,0.0000,0.1175,-0.9931,0.0000,0.9931,0.1175),
      ["LeftHand"] = CFrame.new(0.0005,0.0000,0.0000,1.0000,0.0035,-0.0023,-0.0038,0.9865,-0.1636,0.0017,0.1636,0.9865),
      ["Head"] = CFrame.new(0.0000,0.0000,0.0000,0.8742,-0.1884,0.4476,0.0049,0.9251,0.3798,-0.4856,-0.3298,0.8096),
      ["RightUpperArm"] = CFrame.new(0.1382,-0.4303,-0.0955,0.0851,-0.9804,-0.1774,0.8916,0.1544,-0.4257,0.4447,-0.1220,0.8873),
      ["RightLowerArm"] = CFrame.new(0.0000,0.0582,0.0193,1.0000,-0.0000,0.0000,0.0000,0.8111,-0.5849,0.0000,0.5849,0.8111),
      ["RightHand"] = CFrame.new(-0.0005,0.0000,0.0000,0.9996,-0.0248,0.0153,0.0234,0.9959,0.0875,-0.0174,-0.0871,0.9960),
      ["RightUpperLeg"] = CFrame.new(0.0000,0.0000,0.0000,0.5181,-0.3471,-0.7817,0.5026,0.8631,-0.0500,0.6920,-0.3670,0.6216),
      ["RightLowerLeg"] = CFrame.new(0.0000,0.0632,-0.0140,1.0000,-0.0000,0.0000,0.0000,0.8575,0.5145,-0.0000,-0.5145,0.8575),
      ["RightFoot"] = CFrame.new(0.0000,0.0128,-0.0001,0.8522,0.4977,0.1613,-0.4446,0.8515,-0.2780,-0.2757,0.1652,0.9469),
      ["LeftUpperLeg"] = CFrame.new(0.0000,0.0000,-0.0001,0.8733,0.0913,-0.4785,-0.3885,0.7233,-0.5709,0.2939,0.6845,0.6671),
      ["LeftLowerLeg"] = CFrame.new(0.0000,0.1209,-0.0691,1.0000,-0.0000,0.0000,0.0000,0.2853,0.9584,-0.0000,-0.9584,0.2853),
      ["LeftFoot"] = CFrame.new(0.0000,0.0301,0.0000,0.9716,-0.2366,-0.0066,0.2144,0.8917,-0.3986,0.1002,0.3858,0.9171),
    }},
    {Time = 0.500, Data = {
      ["HumanoidRootPart"] = CFrame.new(0.0000,0.0000,0.0000,1.0000,0.0000,0.0000,0.0000,1.0000,0.0000,0.0000,0.0000,1.0000),
      ["LowerTorso"] = CFrame.new(-0.1300,-0.4454,0.0917,-0.1757,0.1900,0.9659,0.2053,0.9667,-0.1528,-0.9628,0.1715,-0.2089),
      ["UpperTorso"] = CFrame.new(0.0000,0.0000,0.0000,0.9646,0.1360,-0.2262,-0.1567,0.9847,-0.0762,0.2124,0.1090,0.9711),
      ["LeftUpperArm"] = CFrame.new(0.0223,0.0506,-0.0168,0.7718,-0.3769,-0.5121,-0.5657,-0.0392,-0.8237,0.2904,0.9254,-0.2435),
      ["LeftLowerArm"] = CFrame.new(-0.0005,0.0990,0.0862,1.0000,-0.0000,0.0000,0.0000,0.1366,-0.9906,0.0000,0.9906,0.1366),
      ["LeftHand"] = CFrame.new(0.0005,0.0000,0.0000,1.0000,-0.0026,0.0012,0.0027,0.9884,-0.1516,-0.0008,0.1516,0.9884),
      ["Head"] = CFrame.new(0.0000,0.0000,0.0000,0.8765,-0.1855,0.4442,0.0208,0.9365,0.3501,-0.4810,-0.2976,0.8247),
      ["RightUpperArm"] = CFrame.new(0.0850,-0.4259,-0.0726,0.2278,-0.9119,-0.3415,0.8889,0.3379,-0.3093,0.3974,-0.2331,0.8875),
      ["RightLowerArm"] = CFrame.new(0.0000,0.0728,0.0314,1.0000,-0.0000,0.0000,0.0000,0.6858,-0.7278,0.0000,0.7278,0.6858),
      ["RightHand"] = CFrame.new(-0.0005,0.0000,0.0000,0.9998,-0.0155,0.0098,0.0148,0.9970,0.0758,-0.0110,-0.0757,0.9971),
      ["RightUpperLeg"] = CFrame.new(0.0000,0.0000,0.0000,0.5354,-0.3385,-0.7738,0.5003,0.8653,-0.0324,0.6805,-0.3698,0.6326),
      ["RightLowerLeg"] = CFrame.new(0.0000,0.0613,-0.0131,1.0000,-0.0000,0.0000,0.0000,0.8669,0.4984,-0.0000,-0.4984,0.8669),
      ["RightFoot"] = CFrame.new(0.0000,0.0125,-0.0001,0.8587,0.4895,0.1518,-0.4414,0.8568,-0.2664,-0.2605,0.1618,0.9518),
      ["LeftUpperLeg"] = CFrame.new(0.0000,0.0000,-0.0001,0.8768,0.1049,-0.4693,-0.3837,0.7408,-0.5513,0.2899,0.6635,0.6898),
      ["LeftLowerLeg"] = CFrame.new(0.0000,0.1200,-0.0668,1.0000,-0.0000,0.0000,0.0000,0.3089,0.9511,-0.0000,-0.9511,0.3089),
      ["LeftFoot"] = CFrame.new(0.0000,0.0297,0.0000,0.9719,-0.2353,-0.0054,0.2145,0.8953,-0.3904,0.0967,0.3783,0.9206),
    }},
    {Time = 0.533, Data = {
      ["HumanoidRootPart"] = CFrame.new(0.0000,0.0000,0.0000,1.0000,0.0000,0.0000,0.0000,1.0000,0.0000,0.0000,0.0000,1.0000),
      ["LowerTorso"] = CFrame.new(-0.1234,-0.4283,0.0879,-0.1821,0.2029,0.9621,0.2031,0.9651,-0.1651,-0.9621,0.1653,-0.2170),
      ["UpperTorso"] = CFrame.new(0.0000,0.0000,0.0000,0.9689,0.1272,-0.2123,-0.1479,0.9854,-0.0846,0.1984,0.1133,0.9735),
      ["LeftUpperArm"] = CFrame.new(0.0318,0.0689,-0.0249,0.7601,-0.3958,-0.5154,-0.5940,-0.1015,-0.7980,0.2636,0.9127,-0.3123),
      ["LeftLowerArm"] = CFrame.new(-0.0005,0.0987,0.0838,1.0000,-0.0000,0.0000,0.0000,0.1610,-0.9869,0.0000,0.9869,0.1610),
      ["LeftHand"] = CFrame.new(0.0005,0.0000,0.0000,0.9999,-0.0091,0.0050,0.0097,0.9900,-0.1409,-0.0036,0.1409,0.9900),
      ["Head"] = CFrame.new(0.0000,0.0000,0.0000,0.8794,-0.1824,0.4398,0.0365,0.9468,0.3197,-0.4747,-0.2651,0.8393),
      ["RightUpperArm"] = CFrame.new(0.1531,-0.4312,-0.1007,0.2083,-0.9545,-0.2134,0.9156,0.2670,-0.3006,0.3439,-0.1328,0.9296),
      ["RightLowerArm"] = CFrame.new(0.0000,0.0505,0.0145,1.0000,-0.0000,0.0000,0.0000,0.8609,-0.5087,0.0000,0.5087,0.8609),
      ["RightHand"] = CFrame.new(-0.0005,0.0000,0.0000,0.9995,-0.0278,0.0171,0.0262,0.9958,0.0873,-0.0195,-0.0868,0.9960),
      ["RightUpperLeg"] = CFrame.new(0.0000,0.0000,0.0000,0.5367,-0.3197,-0.7809,0.5038,0.8638,-0.0074,0.6769,-0.3894,0.6247),
      ["RightLowerLeg"] = CFrame.new(0.0000,0.0578,-0.0115,1.0000,-0.0000,0.0000,0.0000,0.8832,0.4690,-0.0000,-0.4690,0.8832),
      ["RightFoot"] = CFrame.new(0.0000,0.0119,-0.0001,0.8633,0.4834,0.1447,-0.4405,0.8619,-0.2513,-0.2462,0.1532,0.9570),
      ["LeftUpperLeg"] = CFrame.new(0.0000,0.0000,-0.0001,0.8762,0.1055,-0.4703,-0.3770,0.7580,-0.5323,0.3003,0.6436,0.7040),
      ["LeftLowerLeg"] = CFrame.new(0.0000,0.1186,-0.0637,1.0000,-0.0000,0.0000,0.0000,0.3415,0.9399,-0.0000,-0.9399,0.3415),
      ["LeftFoot"] = CFrame.new(0.0000,0.0293,0.0000,0.9719,-0.2355,-0.0056,0.2166,0.9027,-0.3717,0.0926,0.3601,0.9283),
    }},
    {Time = 0.567, Data = {
      ["HumanoidRootPart"] = CFrame.new(0.0000,0.0000,0.0000,1.0000,0.0000,0.0000,0.0000,1.0000,0.0000,0.0000,0.0000,1.0000),
      ["LowerTorso"] = CFrame.new(-0.1159,-0.4089,0.0831,-0.1961,0.2170,0.9563,0.2009,0.9634,-0.1775,-0.9598,0.1573,-0.2325),
      ["UpperTorso"] = CFrame.new(0.0000,0.0000,0.0000,0.9764,0.1117,-0.1846,-0.1304,0.9872,-0.0921,0.1719,0.1140,0.9785),
      ["LeftUpperArm"] = CFrame.new(0.0412,0.0871,-0.0329,0.7528,-0.4103,-0.5147,-0.6178,-0.1706,-0.7676,0.2271,0.8958,-0.3819),
      ["LeftLowerArm"] = CFrame.new(-0.0005,0.0981,0.0809,1.0000,-0.0000,0.0000,0.0000,0.1905,-0.9817,0.0000,0.9817,0.1905),
      ["LeftHand"] = CFrame.new(0.0005,0.0000,0.0000,0.9998,-0.0159,0.0089,0.0169,0.9911,-0.1322,-0.0067,0.1324,0.9912),
      ["Head"] = CFrame.new(0.0000,0.0000,0.0000,0.8828,-0.1791,0.4343,0.0519,0.9560,0.2887,-0.4669,-0.2323,0.8533),
      ["RightUpperArm"] = CFrame.new(0.2276,-0.4399,-0.1343,0.1030,-0.9942,0.0318,0.9288,0.0847,-0.3608,0.3560,0.0667,0.9321),
      ["RightLowerArm"] = CFrame.new(0.0000,0.0070,0.0004,1.0000,-0.0000,0.0000,0.0000,0.9975,-0.0705,0.0000,0.0705,0.9975),
      ["RightHand"] = CFrame.new(-0.0005,0.0000,0.0000,0.9992,-0.0340,0.0208,0.0336,0.9993,0.0184,-0.0214,-0.0177,0.9996),
      ["RightUpperLeg"] = CFrame.new(0.0000,0.0000,0.0000,0.5317,-0.2936,-0.7944,0.5096,0.8601,0.0232,0.6765,-0.4172,0.6069),
      ["RightLowerLeg"] = CFrame.new(0.0000,0.0531,-0.0095,1.0000,-0.0000,0.0000,0.0000,0.9032,0.4291,-0.0000,-0.4291,0.9032),
      ["RightFoot"] = CFrame.new(0.0000,0.0110,-0.0001,0.8676,0.4777,0.1380,-0.4405,0.8672,-0.2324,-0.2307,0.1408,0.9628),
      ["LeftUpperLeg"] = CFrame.new(0.0000,0.0000,-0.0001,0.8735,0.1019,-0.4760,-0.3692,0.7758,-0.5116,0.3171,0.6227,0.7153),
      ["LeftLowerLeg"] = CFrame.new(0.0000,0.1168,-0.0599,1.0000,-0.0000,0.0000,0.0000,0.3803,0.9249,-0.0000,-0.9249,0.3803),
      ["LeftFoot"] = CFrame.new(0.0000,0.0287,0.0000,0.9716,-0.2366,-0.0066,0.2196,0.9117,-0.3472,0.0882,0.3359,0.9378),
    }},
    {Time = 0.600, Data = {
      ["HumanoidRootPart"] = CFrame.new(0.0000,0.0000,0.0000,1.0000,0.0000,0.0000,0.0000,1.0000,0.0000,0.0000,0.0000,1.0000),
      ["LowerTorso"] = CFrame.new(-0.1079,-0.3879,0.0776,-0.2057,0.2321,0.9507,0.1992,0.9611,-0.1916,-0.9581,0.1499,-0.2440),
      ["UpperTorso"] = CFrame.new(0.0000,0.0000,0.0000,0.9817,0.0996,-0.1623,-0.1161,0.9887,-0.0954,0.1510,0.1124,0.9821),
      ["LeftUpperArm"] = CFrame.new(0.0500,0.1046,-0.0404,0.7512,-0.4167,-0.5119,-0.6353,-0.2461,-0.7320,0.1790,0.8751,-0.4496),
      ["LeftLowerArm"] = CFrame.new(-0.0005,0.0974,0.0775,1.0000,-0.0000,0.0000,0.0000,0.2240,-0.9746,0.0000,0.9746,0.2240),
      ["LeftHand"] = CFrame.new(0.0005,0.0000,0.0000,0.9997,-0.0226,0.0128,0.0240,0.9917,-0.1264,-0.0098,0.1266,0.9919),
      ["Head"] = CFrame.new(0.0000,0.0000,0.0000,0.8864,-0.1759,0.4282,0.0668,0.9639,0.2578,-0.4581,-0.1999,0.8662),
      ["RightUpperArm"] = CFrame.new(0.1826,-0.4391,-0.1165,0.0374,-0.9909,-0.1293,0.8790,0.0942,-0.4674,0.4754,-0.0962,0.8745),
      ["RightLowerArm"] = CFrame.new(0.0000,0.0376,0.0084,1.0000,-0.0000,0.0000,0.0000,0.9251,-0.3796,0.0000,0.3796,0.9251),
      ["RightHand"] = CFrame.new(-0.0005,0.0000,0.0000,0.9993,-0.0308,0.0189,0.0293,0.9966,0.0766,-0.0212,-0.0760,0.9969),
      ["RightUpperLeg"] = CFrame.new(0.0000,0.0000,0.0000,0.5318,-0.2654,-0.8042,0.5135,0.8562,0.0570,0.6734,-0.4432,0.5916),
      ["RightLowerLeg"] = CFrame.new(0.0000,0.0479,-0.0076,1.0000,-0.0000,0.0000,0.0000,0.9230,0.3847,-0.0000,-0.3847,0.9230),
      ["RightFoot"] = CFrame.new(0.0000,0.0101,-0.0001,0.8729,0.4704,0.1296,-0.4393,0.8733,-0.2107,-0.2123,0.1270,0.9689),
      ["LeftUpperLeg"] = CFrame.new(0.0000,0.0000,-0.0001,0.8716,0.1034,-0.4791,-0.3619,0.7950,-0.4869,0.3306,0.5978,0.7303),
      ["LeftLowerLeg"] = CFrame.new(0.0000,0.1146,-0.0561,1.0000,-0.0000,0.0000,0.0000,0.4208,0.9072,-0.0000,-0.9072,0.4208),
      ["LeftFoot"] = CFrame.new(0.0000,0.0281,0.0000,0.9713,-0.2376,-0.0075,0.2225,0.9199,-0.3229,0.0836,0.3119,0.9464),
    }},
    {Time = 0.633, Data = {
      ["HumanoidRootPart"] = CFrame.new(0.0000,0.0000,0.0000,1.0000,0.0000,0.0000,0.0000,1.0000,0.0000,0.0000,0.0000,1.0000),
      ["LowerTorso"] = CFrame.new(-0.0995,-0.3658,0.0716,-0.2057,0.2488,0.9465,0.1981,0.9577,-0.2087,-0.9584,0.1446,-0.2463),
      ["UpperTorso"] = CFrame.new(0.0000,0.0000,0.0000,0.9832,0.0960,-0.1551,-0.1113,0.9894,-0.0933,0.1445,0.1090,0.9835),
      ["LeftUpperArm"] = CFrame.new(0.0579,0.1211,-0.0476,0.7548,-0.4134,-0.5093,-0.6453,-0.3284,-0.6897,0.1178,0.8493,-0.5147),
      ["LeftLowerArm"] = CFrame.new(-0.0005,0.0965,0.0738,1.0000,-0.0000,0.0000,0.0000,0.2609,-0.9654,0.0000,0.9654,0.2609),
      ["LeftHand"] = CFrame.new(0.0005,0.0000,0.0000,0.9994,-0.0290,0.0165,0.0308,0.9919,-0.1236,-0.0128,0.1240,0.9922),
      ["Head"] = CFrame.new(0.0000,0.0000,0.0000,0.8902,-0.1728,0.4215,0.0810,0.9705,0.2270,-0.4483,-0.1679,0.8780),
      ["RightUpperArm"] = CFrame.new(0.0945,-0.4281,-0.0790,0.0122,-0.9441,-0.3294,0.7878,0.2120,-0.5784,0.6159,-0.2525,0.7463),
      ["RightLowerArm"] = CFrame.new(0.0000,0.0709,0.0295,1.0000,-0.0000,0.0000,0.0000,0.7052,-0.7090,0.0000,0.7090,0.7052),
      ["RightHand"] = CFrame.new(-0.0005,0.0000,0.0000,0.9998,-0.0173,0.0109,0.0164,0.9968,0.0789,-0.0122,-0.0787,0.9968),
      ["RightUpperLeg"] = CFrame.new(0.0000,0.0000,0.0000,0.5422,-0.2387,-0.8056,0.5137,0.8529,0.0930,0.6649,-0.4642,0.5851),
      ["RightLowerLeg"] = CFrame.new(0.0000,0.0425,-0.0059,1.0000,-0.0000,0.0000,0.0000,0.9406,0.3395,-0.0000,-0.3395,0.9406),
      ["RightFoot"] = CFrame.new(0.0000,0.0091,-0.0001,0.8797,0.4605,0.1184,-0.4357,0.8804,-0.1871,-0.1904,0.1130,0.9752),
      ["LeftUpperLeg"] = CFrame.new(0.0000,0.0000,-0.0001,0.8720,0.1139,-0.4760,-0.3556,0.8156,-0.4564,0.3363,0.5673,0.7517),
      ["LeftLowerLeg"] = CFrame.new(0.0000,0.1122,-0.0522,1.0000,-0.0000,0.0000,0.0000,0.4610,0.8874,-0.0000,-0.8874,0.4610),
      ["LeftFoot"] = CFrame.new(0.0000,0.0274,0.0000,0.9712,-0.2381,-0.0080,0.2247,0.9267,-0.3013,0.0791,0.2909,0.9535),
    }},
    {Time = 0.667, Data = {
      ["HumanoidRootPart"] = CFrame.new(0.0000,0.0000,0.0000,1.0000,0.0000,0.0000,0.0000,1.0000,0.0000,0.0000,0.0000,1.0000),
      ["LowerTorso"] = CFrame.new(-0.0908,-0.3431,0.0651,-0.1934,0.2673,0.9440,0.1974,0.9531,-0.2295,-0.9611,0.1420,-0.2371),
      ["UpperTorso"] = CFrame.new(0.0000,0.0000,0.0000,0.9803,0.1036,-0.1681,-0.1193,0.9891,-0.0862,0.1573,0.1045,0.9820),
      ["LeftUpperArm"] = CFrame.new(0.0648,0.1365,-0.0545,0.7610,-0.4017,-0.5094,-0.6471,-0.4148,-0.6397,0.0456,0.8164,-0.5756),
      ["LeftLowerArm"] = CFrame.new(-0.0005,0.0953,0.0699,1.0000,-0.0000,0.0000,0.0000,0.3004,-0.9538,0.0000,0.9538,0.3004),
      ["LeftHand"] = CFrame.new(0.0005,0.0000,0.0000,0.9992,-0.0351,0.0200,0.0373,0.9916,-0.1241,-0.0155,0.1248,0.9921),
      ["Head"] = CFrame.new(0.0000,0.0000,0.0000,0.8940,-0.1701,0.4145,0.0945,0.9759,0.1966,-0.4380,-0.1366,0.8885),
      ["RightUpperArm"] = CFrame.new(0.1251,-0.4352,-0.0950,-0.0102,-0.9702,-0.2420,0.7575,0.1505,-0.6353,0.6528,-0.1898,0.7334),
      ["RightLowerArm"] = CFrame.new(0.0000,0.0620,0.0222,1.0000,-0.0000,0.0000,0.0000,0.7819,-0.6234,0.0000,0.6234,0.7819),
      ["RightHand"] = CFrame.new(-0.0005,0.0000,0.0000,0.9996,-0.0229,0.0142,0.0216,0.9961,0.0861,-0.0161,-0.0858,0.9962),
      ["RightUpperLeg"] = CFrame.new(0.0000,0.0000,0.0000,0.5649,-0.2157,-0.7965,0.5093,0.8506,0.1309,0.6492,-0.4796,0.5904),
      ["RightLowerLeg"] = CFrame.new(0.0000,0.0373,-0.0044,1.0000,-0.0000,0.0000,0.0000,0.9553,0.2956,-0.0000,-0.2956,0.9553),
      ["RightFoot"] = CFrame.new(0.0000,0.0082,-0.0001,0.8880,0.4479,0.1043,-0.4292,0.8886,-0.1621,-0.1652,0.0992,0.9813),
      ["LeftUpperLeg"] = CFrame.new(0.0000,0.0000,-0.0001,0.8755,0.1343,-0.4642,-0.3508,0.8373,-0.4193,0.3323,0.5299,0.7802),
      ["LeftLowerLeg"] = CFrame.new(0.0000,0.1097,-0.0485,1.0000,-0.0000,0.0000,0.0000,0.4995,0.8663,-0.0000,-0.8663,0.4995),
      ["LeftFoot"] = CFrame.new(0.0000,0.0267,0.0000,0.9713,-0.2378,-0.0078,0.2259,0.9318,-0.2841,0.0748,0.2741,0.9588),
    }},
    {Time = 0.700, Data = {
      ["HumanoidRootPart"] = CFrame.new(0.0000,0.0000,0.0000,1.0000,0.0000,0.0000,0.0000,1.0000,0.0000,0.0000,0.0000,1.0000),
      ["LowerTorso"] = CFrame.new(-0.0823,-0.3208,0.0585,-0.1796,0.2865,0.9411,0.1968,0.9478,-0.2510,-0.9639,0.1401,-0.2266),
      ["UpperTorso"] = CFrame.new(0.0000,0.0000,0.0000,0.9765,0.1129,-0.1834,-0.1287,0.9887,-0.0764,0.1727,0.0983,0.9801),
      ["LeftUpperArm"] = CFrame.new(0.0703,0.1504,-0.0609,0.7675,-0.3836,-0.5137,-0.6402,-0.4999,-0.5832,-0.0331,0.7765,-0.6293),
      ["LeftLowerArm"] = CFrame.new(-0.0005,0.0940,0.0659,1.0000,-0.0000,0.0000,0.0000,0.3404,-0.9403,0.0000,0.9403,0.3404),
      ["LeftHand"] = CFrame.new(0.0005,0.0000,0.0000,0.9989,-0.0405,0.0232,0.0431,0.9909,-0.1278,-0.0178,0.1287,0.9915),
      ["Head"] = CFrame.new(0.0000,0.0000,0.0000,0.8977,-0.1676,0.4075,0.1070,0.9801,0.1675,-0.4274,-0.1067,0.8977),
      ["RightUpperArm"] = CFrame.new(0.2221,-0.4533,-0.1401,-0.0393,-0.9977,0.0557,0.7875,-0.0653,-0.6129,0.6151,0.0198,0.7882),
      ["RightLowerArm"] = CFrame.new(0.0000,0.0162,0.0019,1.0000,-0.0000,0.0000,0.0000,0.9866,-0.1631,0.0000,0.1631,0.9866),
      ["RightHand"] = CFrame.new(-0.0005,0.0000,0.0000,0.9992,-0.0335,0.0205,0.0327,0.9986,0.0407,-0.0218,-0.0400,0.9990),
      ["RightUpperLeg"] = CFrame.new(0.0000,0.0000,0.0000,0.5883,-0.1923,-0.7855,0.5045,0.8464,0.1706,0.6320,-0.4966,0.5949),
      ["RightLowerLeg"] = CFrame.new(0.0000,0.0317,-0.0031,1.0000,-0.0000,0.0000,0.0000,0.9686,0.2488,-0.0000,-0.2488,0.9686),
      ["RightFoot"] = CFrame.new(0.0000,0.0071,-0.0001,0.8958,0.4352,0.0901,-0.4219,0.8965,-0.1356,-0.1398,0.0835,0.9867),
      ["LeftUpperLeg"] = CFrame.new(0.0000,0.0000,-0.0001,0.8791,0.1556,-0.4506,-0.3467,0.8575,-0.3802,0.3272,0.4904,0.8077),
      ["LeftLowerLeg"] = CFrame.new(0.0000,0.1068,-0.0449,1.0000,-0.0000,0.0000,0.0000,0.5366,0.8439,-0.0000,-0.8439,0.5366),
      ["LeftFoot"] = CFrame.new(0.0000,0.0257,0.0000,0.9713,-0.2377,-0.0077,0.2271,0.9364,-0.2674,0.0707,0.2580,0.9636),
    }},
    {Time = 0.733, Data = {
      ["HumanoidRootPart"] = CFrame.new(0.0000,0.0000,0.0000,1.0000,0.0000,0.0000,0.0000,1.0000,0.0000,0.0000,0.0000,1.0000),
      ["LowerTorso"] = CFrame.new(-0.0741,-0.2991,0.0517,-0.1773,0.3050,0.9357,0.1966,0.9426,-0.2700,-0.9643,0.1361,-0.2271),
      ["UpperTorso"] = CFrame.new(0.0000,0.0000,0.0000,0.9769,0.1131,-0.1813,-0.1270,0.9896,-0.0672,0.1718,0.0887,0.9811),
      ["LeftUpperArm"] = CFrame.new(0.0744,0.1626,-0.0669,0.7720,-0.3614,-0.5229,-0.6250,-0.5813,-0.5211,-0.1157,0.7291,-0.6746),
      ["LeftLowerArm"] = CFrame.new(-0.0005,0.0924,0.0619,1.0000,-0.0000,0.0000,0.0000,0.3803,-0.9249,0.0000,0.9249,0.3803),
      ["LeftHand"] = CFrame.new(0.0005,0.0000,0.0000,0.9986,-0.0451,0.0259,0.0482,0.9897,-0.1345,-0.0195,0.1356,0.9906),
      ["Head"] = CFrame.new(0.0000,0.0000,0.0000,0.9012,-0.1656,0.4006,0.1187,0.9831,0.1394,-0.4169,-0.0781,0.9056),
      ["RightUpperArm"] = CFrame.new(0.2022,-0.4481,-0.1296,-0.0458,-0.9986,-0.0257,0.8007,-0.0213,-0.5987,0.5973,-0.0479,0.8006),
      ["RightLowerArm"] = CFrame.new(0.0000,0.0289,0.0052,1.0000,-0.0000,0.0000,0.0000,0.9563,-0.2923,0.0000,0.2923,0.9563),
      ["RightHand"] = CFrame.new(-0.0005,0.0000,0.0000,0.9993,-0.0322,0.0197,0.0309,0.9974,0.0651,-0.0218,-0.0645,0.9977),
      ["RightUpperLeg"] = CFrame.new(0.0000,0.0000,0.0000,0.6001,-0.1605,-0.7837,0.5037,0.8369,0.2143,0.6214,-0.5234,0.5830),
      ["RightLowerLeg"] = CFrame.new(0.0000,0.0244,-0.0018,1.0000,-0.0000,0.0000,0.0000,0.9820,0.1891,-0.0000,-0.1891,0.9820),
      ["RightFoot"] = CFrame.new(0.0000,0.0057,-0.0001,0.9018,0.4250,0.0789,-0.4164,0.9030,-0.1055,-0.1161,0.0623,0.9913),
      ["LeftUpperLeg"] = CFrame.new(0.0000,0.0000,-0.0001,0.8795,0.1685,-0.4451,-0.3416,0.8747,-0.3439,0.3314,0.4545,0.8268),
      ["LeftLowerLeg"] = CFrame.new(0.0000,0.1035,-0.0413,1.0000,-0.0000,0.0000,0.0000,0.5744,0.8186,-0.0000,-0.8186,0.5744),
      ["LeftFoot"] = CFrame.new(0.0000,0.0247,0.0000,0.9711,-0.2386,-0.0085,0.2293,0.9418,-0.2459,0.0666,0.2368,0.9693),
    }},
    {Time = 0.767, Data = {
      ["HumanoidRootPart"] = CFrame.new(0.0000,0.0000,0.0000,1.0000,0.0000,0.0000,0.0000,1.0000,0.0000,0.0000,0.0000,1.0000),
      ["LowerTorso"] = CFrame.new(-0.0664,-0.2789,0.0451,-0.1874,0.3218,0.9281,0.1972,0.9379,-0.2854,-0.9623,0.1295,-0.2393),
      ["UpperTorso"] = CFrame.new(0.0000,0.0000,0.0000,0.9815,0.1034,-0.1610,-0.1142,0.9917,-0.0592,0.1536,0.0765,0.9852),
      ["LeftUpperArm"] = CFrame.new(0.0769,0.1728,-0.0724,0.7733,-0.3375,-0.5368,-0.6025,-0.6548,-0.4563,-0.1975,0.6763,-0.7097),
      ["LeftLowerArm"] = CFrame.new(-0.0005,0.0908,0.0581,1.0000,-0.0000,0.0000,0.0000,0.4179,-0.9085,0.0000,0.9085,0.4179),
      ["LeftHand"] = CFrame.new(0.0005,0.0000,0.0000,0.9984,-0.0490,0.0281,0.0525,0.9882,-0.1436,-0.0207,0.1449,0.9892),
      ["Head"] = CFrame.new(0.0000,0.0000,0.0000,0.9043,-0.1640,0.3942,0.1294,0.9851,0.1130,-0.4069,-0.0512,0.9121),
      ["RightUpperArm"] = CFrame.new(0.1053,-0.4273,-0.0834,-0.0434,-0.9641,-0.2621,0.7866,0.1288,-0.6038,0.6159,-0.2324,0.7528),
      ["RightLowerArm"] = CFrame.new(0.0000,0.0686,0.0273,1.0000,-0.0000,0.0000,0.0000,0.7269,-0.6867,0.0000,0.6867,0.7269),
      ["RightHand"] = CFrame.new(-0.0005,0.0000,0.0000,0.9997,-0.0191,0.0120,0.0181,0.9965,0.0820,-0.0135,-0.0817,0.9966),
      ["RightUpperLeg"] = CFrame.new(0.0000,0.0000,0.0000,0.5997,-0.1194,-0.7913,0.5076,0.8212,0.2607,0.6187,-0.5580,0.5531),
      ["RightLowerLeg"] = CFrame.new(0.0000,0.0152,-0.0006,1.0000,-0.0000,0.0000,0.0000,0.9933,0.1151,-0.0000,-0.1151,0.9933),
      ["RightFoot"] = CFrame.new(0.0000,0.0038,-0.0001,0.9058,0.4178,0.0710,-0.4131,0.9079,-0.0714,-0.0943,0.0354,0.9949),
      ["LeftUpperLeg"] = CFrame.new(0.0000,0.0000,-0.0001,0.8764,0.1732,-0.4494,-0.3356,0.8888,-0.3121,0.3453,0.4243,0.8371),
      ["LeftLowerLeg"] = CFrame.new(0.0000,0.1000,-0.0377,1.0000,-0.0000,0.0000,0.0000,0.6118,0.7910,-0.0000,-0.7910,0.6118),
      ["LeftFoot"] = CFrame.new(0.0000,0.0237,0.0000,0.9706,-0.2405,-0.0102,0.2325,0.9474,-0.2199,0.0626,0.2111,0.9755),
    }},
    {Time = 0.800, Data = {
      ["HumanoidRootPart"] = CFrame.new(0.0000,0.0000,0.0000,1.0000,0.0000,0.0000,0.0000,1.0000,0.0000,0.0000,0.0000,1.0000),
      ["LowerTorso"] = CFrame.new(-0.0594,-0.2605,0.0387,-0.1890,0.3394,0.9215,0.1983,0.9322,-0.3027,-0.9618,0.1255,-0.2435),
      ["UpperTorso"] = CFrame.new(0.0000,0.0000,0.0000,0.9823,0.1024,-0.1566,-0.1113,0.9926,-0.0490,0.1504,0.0656,0.9864),
      ["LeftUpperArm"] = CFrame.new(0.0779,0.1810,-0.0774,0.7706,-0.3138,-0.5547,-0.5744,-0.7190,-0.3913,-0.2761,0.6201,-0.7343),
      ["LeftLowerArm"] = CFrame.new(-0.0005,0.0891,0.0547,1.0000,-0.0000,0.0000,0.0000,0.4524,-0.8918,0.0000,0.8918,0.4524),
      ["LeftHand"] = CFrame.new(0.0005,0.0000,0.0000,0.9982,-0.0518,0.0297,0.0558,0.9864,-0.1547,-0.0213,0.1561,0.9875),
      ["Head"] = CFrame.new(0.0000,0.0000,0.0000,0.9070,-0.1629,0.3884,0.1392,0.9863,0.0884,-0.3975,-0.0261,0.9172),
      ["RightUpperArm"] = CFrame.new(0.1125,-0.4241,-0.0876,-0.0671,-0.9888,-0.1331,0.7792,0.0314,-0.6260,0.6232,-0.1457,0.7684),
      ["RightLowerArm"] = CFrame.new(0.0000,0.0680,0.0269,1.0000,-0.0000,0.0000,0.0000,0.7322,-0.6811,0.0000,0.6811,0.7322),
      ["RightHand"] = CFrame.new(-0.0005,0.0000,0.0000,0.9997,-0.0194,0.0121,0.0183,0.9965,0.0820,-0.0136,-0.0817,0.9966),
      ["RightUpperLeg"] = CFrame.new(0.0000,0.0000,0.0000,0.6066,-0.0830,-0.7907,0.5088,0.8048,0.3058,0.6109,-0.5877,0.5304),
      ["RightLowerLeg"] = CFrame.new(0.0000,0.0062,-0.0001,1.0000,-0.0000,0.0000,0.0000,0.9990,0.0456,-0.0000,-0.0456,0.9990),
      ["RightFoot"] = CFrame.new(0.0000,0.0016,-0.0001,0.9102,0.4096,0.0621,-0.4079,0.9122,-0.0382,-0.0723,0.0094,0.9973),
      ["LeftUpperLeg"] = CFrame.new(0.0000,0.0000,-0.0001,0.8753,0.1834,-0.4475,-0.3313,0.9015,-0.2785,0.3524,0.3920,0.8498),
      ["LeftLowerLeg"] = CFrame.new(0.0000,0.0966,-0.0347,1.0000,-0.0000,0.0000,0.0000,0.6432,0.7657,-0.0000,-0.7657,0.6432),
      ["LeftFoot"] = CFrame.new(0.0000,0.0225,0.0000,0.9702,-0.2420,-0.0115,0.2349,0.9513,-0.1997,0.0593,0.1910,0.9798),
    }},
    {Time = 0.833, Data = {
      ["HumanoidRootPart"] = CFrame.new(0.0000,0.0000,0.0000,1.0000,0.0000,0.0000,0.0000,1.0000,0.0000,0.0000,0.0000,1.0000),
      ["LowerTorso"] = CFrame.new(-0.0534,-0.2447,0.0327,-0.1735,0.3590,0.9171,0.1992,0.9247,-0.3243,-0.9645,0.1264,-0.2319),
      ["UpperTorso"] = CFrame.new(0.0000,0.0000,0.0000,0.9762,0.1181,-0.1817,-0.1266,0.9913,-0.0359,0.1759,0.0580,0.9827),
      ["LeftUpperArm"] = CFrame.new(0.0771,0.1868,-0.0819,0.7642,-0.2920,-0.5751,-0.5431,-0.7724,-0.3294,-0.3480,0.5640,-0.7489),
      ["LeftLowerArm"] = CFrame.new(-0.0005,0.0876,0.0517,1.0000,-0.0000,0.0000,0.0000,0.4819,-0.8762,0.0000,0.8762,0.4819),
      ["LeftHand"] = CFrame.new(0.0005,0.0000,0.0000,0.9981,-0.0535,0.0307,0.0579,0.9843,-0.1669,-0.0213,0.1684,0.9855),
      ["Head"] = CFrame.new(0.0000,0.0000,0.0000,0.9092,-0.1622,0.3835,0.1482,0.9868,0.0660,-0.3891,-0.0032,0.9212),
      ["RightUpperArm"] = CFrame.new(0.2196,-0.4431,-0.1346,-0.1061,-0.9612,0.2545,0.7803,-0.2391,-0.5779,0.6163,0.1372,0.7755),
      ["RightLowerArm"] = CFrame.new(0.0000,0.0292,0.0050,1.0000,-0.0000,0.0000,0.0000,0.9559,-0.2937,0.0000,0.2937,0.9559),
      ["RightHand"] = CFrame.new(-0.0005,0.0000,0.0000,0.9993,-0.0324,0.0198,0.0311,0.9973,0.0664,-0.0219,-0.0658,0.9976),
      ["RightUpperLeg"] = CFrame.new(0.0000,0.0000,0.0000,0.6281,-0.0636,-0.7756,0.5042,0.7924,0.3433,0.5927,-0.6067,0.5297),
      ["RightLowerLeg"] = CFrame.new(0.0000,-0.0001,-0.0000,1.0000,-0.0000,0.0000,0.0000,1.0000,0.0012,-0.0000,-0.0012,1.0000),
      ["RightFoot"] = CFrame.new(0.0000,-0.0002,-0.0001,0.9155,0.3991,0.0509,-0.3990,0.9169,-0.0138,-0.0521,-0.0077,0.9986),
      ["LeftUpperLeg"] = CFrame.new(0.0000,0.0000,-0.0001,0.8783,0.2037,-0.4325,-0.3299,0.9130,-0.2400,0.3460,0.3535,0.8691),
      ["LeftLowerLeg"] = CFrame.new(0.0000,0.0939,-0.0324,1.0000,-0.0000,0.0000,0.0000,0.6668,0.7452,-0.0000,-0.7452,0.6668),
      ["LeftFoot"] = CFrame.new(0.0000,0.0216,0.0000,0.9701,-0.2424,-0.0118,0.2359,0.9532,-0.1891,0.0571,0.1806,0.9819),
    }},
    {Time = 0.867, Data = {
      ["HumanoidRootPart"] = CFrame.new(0.0000,0.0000,0.0000,1.0000,0.0000,0.0000,0.0000,1.0000,0.0000,0.0000,0.0000,1.0000),
      ["LowerTorso"] = CFrame.new(-0.0487,-0.2321,0.0273,-0.1613,0.3774,0.9119,0.2008,0.9172,-0.3441,-0.9663,0.1276,-0.2237),
      ["UpperTorso"] = CFrame.new(0.0000,0.0000,0.0000,0.9700,0.1322,-0.2040,-0.1399,0.9899,-0.0240,0.1988,0.0518,0.9787),
      ["LeftUpperArm"] = CFrame.new(0.0746,0.1898,-0.0858,0.7549,-0.2735,-0.5961,-0.5118,-0.8140,-0.2747,-0.4101,0.5124,-0.7544),
      ["LeftLowerArm"] = CFrame.new(-0.0005,0.0863,0.0495,1.0000,-0.0000,0.0000,0.0000,0.5043,-0.8635,0.0000,0.8635,0.5043),
      ["LeftHand"] = CFrame.new(0.0005,0.0000,0.0000,0.9981,-0.0540,0.0309,0.0587,0.9820,-0.1793,-0.0207,0.1808,0.9833),
      ["Head"] = CFrame.new(0.0000,0.0000,0.0000,0.9108,-0.1620,0.3797,0.1562,0.9866,0.0463,-0.3822,0.0171,0.9239),
      ["RightUpperArm"] = CFrame.new(0.2477,-0.4532,-0.1485,-0.0901,-0.9466,0.3095,0.7733,-0.2623,-0.5772,0.6276,0.1874,0.7557),
      ["RightLowerArm"] = CFrame.new(0.0000,0.0044,0.0008,1.0000,-0.0000,0.0000,0.0000,0.9990,-0.0453,0.0000,0.0453,0.9990),
      ["RightHand"] = CFrame.new(-0.0005,0.0000,0.0000,0.9992,-0.0339,0.0207,0.0337,0.9994,0.0078,-0.0210,-0.0071,0.9998),
      ["RightUpperLeg"] = CFrame.new(0.0000,0.0000,0.0000,0.6449,-0.0611,-0.7618,0.5013,0.7863,0.3613,0.5769,-0.6149,0.5377),
      ["RightLowerLeg"] = CFrame.new(0.0000,-0.0038,-0.0000,1.0000,-0.0000,0.0000,0.0000,1.0000,-0.0000,0.0000,0.0000,1.0000),
      ["RightFoot"] = CFrame.new(0.0000,-0.0038,-0.0001,0.9196,0.3907,0.0419,-0.3906,0.9205,-0.0106,-0.0427,-0.0066,0.9991),
      ["LeftUpperLeg"] = CFrame.new(0.0000,0.0000,-0.0001,0.8800,0.2204,-0.4207,-0.3293,0.9214,-0.2062,0.3422,0.3200,0.8834),
      ["LeftLowerLeg"] = CFrame.new(0.0000,0.0916,-0.0307,1.0000,-0.0000,0.0000,0.0000,0.6848,0.7288,-0.0000,-0.7288,0.6848),
      ["LeftFoot"] = CFrame.new(0.0000,0.0208,0.0000,0.9699,-0.2432,-0.0126,0.2370,0.9546,-0.1807,0.0559,0.1723,0.9835),
    }},
    {Time = 0.900, Data = {
      ["HumanoidRootPart"] = CFrame.new(0.0000,0.0000,0.0000,1.0000,0.0000,0.0000,0.0000,1.0000,0.0000,0.0000,0.0000,1.0000),
      ["LowerTorso"] = CFrame.new(-0.0452,-0.2230,0.0227,-0.1721,0.3917,0.9039,0.2044,0.9118,-0.3562,-0.9636,0.1235,-0.2370),
      ["UpperTorso"] = CFrame.new(0.0000,0.0000,0.0000,0.9724,0.1281,-0.1948,-0.1341,0.9908,-0.0176,0.1907,0.0433,0.9807),
      ["LeftUpperArm"] = CFrame.new(0.0703,0.1899,-0.0891,0.7437,-0.2579,-0.6167,-0.4825,-0.8456,-0.2283,-0.4627,0.4674,-0.7533),
      ["LeftLowerArm"] = CFrame.new(-0.0005,0.0854,0.0480,1.0000,-0.0000,0.0000,0.0000,0.5191,-0.8547,0.0000,0.8547,0.5191),
      ["LeftHand"] = CFrame.new(0.0005,0.0000,0.0000,0.9981,-0.0531,0.0305,0.0579,0.9798,-0.1912,-0.0197,0.1926,0.9811),
      ["Head"] = CFrame.new(0.0000,0.0000,0.0000,0.9118,-0.1623,0.3773,0.1635,0.9861,0.0292,-0.3768,0.0350,0.9256),
      ["RightUpperArm"] = CFrame.new(0.1151,-0.4382,-0.0910,-0.0009,-0.9125,-0.4090,0.7574,0.2664,-0.5961,0.6529,-0.3104,0.6909),
      ["RightLowerArm"] = CFrame.new(0.0000,0.0630,0.0224,1.0000,-0.0000,0.0000,0.0000,0.7763,-0.6304,0.0000,0.6304,0.7763),
      ["RightHand"] = CFrame.new(-0.0005,0.0000,0.0000,0.9996,-0.0230,0.0142,0.0216,0.9959,0.0877,-0.0162,-0.0873,0.9960),
      ["RightUpperLeg"] = CFrame.new(0.0000,0.0000,0.0000,0.6403,-0.0506,-0.7664,0.5072,0.7772,0.3725,0.5768,-0.6273,0.5233),
      ["RightLowerLeg"] = CFrame.new(0.0000,-0.0085,-0.0001,1.0000,-0.0000,0.0000,0.0000,1.0000,-0.0000,0.0000,0.0000,1.0000),
      ["RightFoot"] = CFrame.new(0.0000,-0.0086,-0.0001,0.9209,0.3879,0.0389,-0.3878,0.9217,-0.0127,-0.0408,-0.0034,0.9992),
      ["LeftUpperLeg"] = CFrame.new(0.0000,0.0000,-0.0001,0.8754,0.2222,-0.4293,-0.3265,0.9267,-0.1863,0.3564,0.3032,0.8838),
      ["LeftLowerLeg"] = CFrame.new(0.0000,0.0895,-0.0292,1.0000,-0.0000,0.0000,0.0000,0.6999,0.7143,-0.0000,-0.7143,0.6999),
      ["LeftFoot"] = CFrame.new(0.0000,0.0200,0.0000,0.9692,-0.2457,-0.0148,0.2399,0.9564,-0.1669,0.0552,0.1582,0.9859),
    }},
    {Time = 0.933, Data = {
      ["HumanoidRootPart"] = CFrame.new(0.0000,0.0000,0.0000,1.0000,0.0000,0.0000,0.0000,1.0000,0.0000,0.0000,0.0000,1.0000),
      ["LowerTorso"] = CFrame.new(-0.0431,-0.2174,0.0187,-0.2044,0.4011,0.8929,0.2102,0.9089,-0.3601,-0.9560,0.1141,-0.2701),
      ["UpperTorso"] = CFrame.new(0.0000,0.0000,0.0000,0.9822,0.1060,-0.1550,-0.1098,0.9938,-0.0163,0.1523,0.0330,0.9878),
      ["LeftUpperArm"] = CFrame.new(0.0644,0.1873,-0.0919,0.7319,-0.2444,-0.6361,-0.4563,-0.8691,-0.1910,-0.5061,0.4300,-0.7476),
      ["LeftLowerArm"] = CFrame.new(-0.0005,0.0850,0.0473,1.0000,-0.0000,0.0000,0.0000,0.5260,-0.8505,0.0000,0.8505,0.5260),
      ["LeftHand"] = CFrame.new(0.0005,0.0000,0.0000,0.9983,-0.0508,0.0291,0.0556,0.9778,-0.2021,-0.0182,0.2034,0.9789),
      ["Head"] = CFrame.new(0.0000,0.0000,0.0000,0.9121,-0.1630,0.3761,0.1700,0.9853,0.0147,-0.3730,0.0506,0.9265),
      ["RightUpperArm"] = CFrame.new(0.0646,-0.4298,-0.0615,0.0563,-0.7276,-0.6837,0.8401,0.4045,-0.3613,0.5395,-0.5541,0.6340),
      ["RightLowerArm"] = CFrame.new(0.0000,0.0737,0.0323,1.0000,-0.0000,0.0000,0.0000,0.6763,-0.7366,0.0000,0.7366,0.6763),
      ["RightHand"] = CFrame.new(-0.0005,0.0000,0.0000,0.9999,-0.0146,0.0093,0.0138,0.9972,0.0739,-0.0103,-0.0738,0.9972),
      ["RightUpperLeg"] = CFrame.new(0.0000,0.0000,0.0000,0.6153,-0.0318,-0.7876,0.5216,0.7656,0.3766,0.5911,-0.6425,0.4877),
      ["RightLowerLeg"] = CFrame.new(0.0000,-0.0143,-0.0002,1.0000,-0.0000,0.0000,0.0000,1.0000,-0.0000,0.0000,0.0000,1.0000),
      ["RightFoot"] = CFrame.new(0.0000,-0.0143,-0.0001,0.9196,0.3906,0.0417,-0.3901,0.9206,-0.0188,-0.0458,0.0010,0.9990),
      ["LeftUpperLeg"] = CFrame.new(0.0000,0.0000,-0.0001,0.8643,0.2104,-0.4569,-0.3216,0.9296,-0.1802,0.3868,0.3027,0.8711),
      ["LeftLowerLeg"] = CFrame.new(0.0000,0.0877,-0.0280,1.0000,-0.0000,0.0000,0.0000,0.7125,0.7017,-0.0000,-0.7017,0.7125),
      ["LeftFoot"] = CFrame.new(0.0000,0.0194,0.0000,0.9681,-0.2499,-0.0186,0.2445,0.9583,-0.1480,0.0548,0.1387,0.9888),
    }},
    {Time = 0.967, Data = {
      ["HumanoidRootPart"] = CFrame.new(0.0000,0.0000,0.0000,1.0000,0.0000,0.0000,0.0000,1.0000,0.0000,0.0000,0.0000,1.0000),
      ["LowerTorso"] = CFrame.new(-0.0421,-0.2149,0.0153,-0.2349,0.4090,0.8818,0.2165,0.9064,-0.3628,-0.9476,0.1057,-0.3014),
      ["UpperTorso"] = CFrame.new(0.0000,0.0000,0.0000,0.9893,0.0853,-0.1186,-0.0877,0.9960,-0.0152,0.1169,0.0255,0.9928),
      ["LeftUpperArm"] = CFrame.new(0.0572,0.1824,-0.0943,0.7202,-0.2324,-0.6537,-0.4337,-0.8862,-0.1627,-0.5415,0.4007,-0.7391),
      ["LeftLowerArm"] = CFrame.new(-0.0005,0.0850,0.0473,1.0000,-0.0000,0.0000,0.0000,0.5257,-0.8507,0.0000,0.8507,0.5257),
      ["LeftHand"] = CFrame.new(0.0005,0.0000,0.0000,0.9985,-0.0473,0.0271,0.0519,0.9760,-0.2116,-0.0164,0.2127,0.9770),
      ["Head"] = CFrame.new(0.0000,0.0000,0.0000,0.9120,-0.1640,0.3761,0.1759,0.9844,0.0027,-0.3706,0.0637,0.9266),
      ["RightUpperArm"] = CFrame.new(0.1452,-0.4250,-0.0993,0.0708,-0.8677,-0.4921,0.9598,0.1935,-0.2032,0.2716,-0.4579,0.8465),
      ["RightLowerArm"] = CFrame.new(0.0000,0.0473,0.0119,1.0000,-0.0000,0.0000,0.0000,0.8809,-0.4732,0.0000,0.4732,0.8809),
      ["RightHand"] = CFrame.new(-0.0005,0.0000,0.0000,0.9994,-0.0295,0.0181,0.0278,0.9956,0.0892,-0.0207,-0.0887,0.9958),
      ["RightUpperLeg"] = CFrame.new(0.0000,0.0000,0.0000,0.5901,-0.0135,-0.8072,0.5358,0.7545,0.3790,0.6039,-0.6562,0.4524),
      ["RightLowerLeg"] = CFrame.new(0.0000,-0.0188,-0.0002,1.0000,-0.0000,0.0000,0.0000,1.0000,-0.0000,0.0000,0.0000,1.0000),
      ["RightFoot"] = CFrame.new(0.0000,-0.0189,-0.0001,0.9179,0.3943,0.0457,-0.3935,0.9190,-0.0247,-0.0517,0.0047,0.9987),
      ["LeftUpperLeg"] = CFrame.new(0.0000,0.0000,-0.0001,0.8524,0.1986,-0.4836,-0.3180,0.9312,-0.1781,0.4150,0.3057,0.8570),
      ["LeftLowerLeg"] = CFrame.new(0.0000,0.0867,-0.0273,1.0000,-0.0000,0.0000,0.0000,0.7199,0.6941,-0.0000,-0.6941,0.7199),
      ["LeftFoot"] = CFrame.new(0.0000,0.0190,0.0000,0.9669,-0.2543,-0.0226,0.2492,0.9592,-0.1334,0.0556,0.1233,0.9908),
    }},
    {Time = 1.000, Data = {
      ["HumanoidRootPart"] = CFrame.new(0.0000,0.0000,0.0000,1.0000,0.0000,0.0000,0.0000,1.0000,0.0000,0.0000,0.0000,1.0000),
      ["LowerTorso"] = CFrame.new(-0.0422,-0.2151,0.0126,-0.2460,0.4197,0.8737,0.2222,0.9018,-0.3707,-0.9434,0.1030,-0.3151),
      ["UpperTorso"] = CFrame.new(0.0000,0.0000,0.0000,0.9896,0.0843,-0.1163,-0.0863,0.9962,-0.0123,0.1148,0.0222,0.9931),
      ["LeftUpperArm"] = CFrame.new(0.0487,0.1753,-0.0964,0.7089,-0.2209,-0.6698,-0.4143,-0.8990,-0.1420,-0.5708,0.3781,-0.7288),
      ["LeftLowerArm"] = CFrame.new(-0.0005,0.0854,0.0480,1.0000,-0.0000,0.0000,0.0000,0.5188,-0.8549,0.0000,0.8549,0.5188),
      ["LeftHand"] = CFrame.new(0.0005,0.0000,0.0000,0.9988,-0.0424,0.0243,0.0468,0.9744,-0.2197,-0.0143,0.2206,0.9753),
      ["Head"] = CFrame.new(0.0000,0.0000,0.0000,0.9113,-0.1652,0.3770,0.1812,0.9834,-0.0071,-0.3696,0.0748,0.9262),
      ["RightUpperArm"] = CFrame.new(0.2223,-0.4237,-0.1320,-0.0064,-0.9942,-0.1075,0.9932,0.0061,-0.1161,0.1161,-0.1076,0.9874),
      ["RightLowerArm"] = CFrame.new(0.0000,0.0000,0.0000,1.0000,-0.0000,0.0000,0.0000,1.0000,-0.0000,0.0000,0.0000,1.0000),
      ["RightHand"] = CFrame.new(-0.0005,0.0000,0.0000,0.9992,-0.0341,0.0209,0.0342,0.9994,-0.0024,-0.0208,0.0031,0.9998),
      ["RightUpperLeg"] = CFrame.new(0.0000,0.0000,0.0000,0.5817,-0.0025,-0.8134,0.5437,0.7450,0.3865,0.6050,-0.6671,0.4348),
      ["RightLowerLeg"] = CFrame.new(0.0000,-0.0207,-0.0002,1.0000,-0.0000,0.0000,0.0000,1.0000,-0.0000,0.0000,0.0000,1.0000),
      ["RightFoot"] = CFrame.new(0.0000,-0.0208,-0.0001,0.9174,0.3953,0.0468,-0.3944,0.9185,-0.0273,-0.0538,0.0066,0.9985),
      ["LeftUpperLeg"] = CFrame.new(0.0000,0.0000,-0.0001,0.8459,0.1971,-0.4956,-0.3177,0.9325,-0.1715,0.4284,0.3025,0.8514),
      ["LeftLowerLeg"] = CFrame.new(0.0000,0.0868,-0.0274,1.0000,-0.0000,0.0000,0.0000,0.7192,0.6948,-0.0000,-0.6948,0.7192),
      ["LeftFoot"] = CFrame.new(0.0000,0.0191,0.0000,0.9660,-0.2574,-0.0253,0.2521,0.9589,-0.1302,0.0578,0.1194,0.9912),
    }},
    {Time = 1.033, Data = {
      ["HumanoidRootPart"] = CFrame.new(0.0000,0.0000,0.0000,1.0000,0.0000,0.0000,0.0000,1.0000,0.0000,0.0000,0.0000,1.0000),
      ["LowerTorso"] = CFrame.new(-0.0433,-0.2179,0.0104,-0.2405,0.4332,0.8686,0.2276,0.8951,-0.3834,-0.9436,0.1054,-0.3139),
      ["UpperTorso"] = CFrame.new(0.0000,0.0000,0.0000,0.9844,0.1009,-0.1441,-0.1031,0.9946,-0.0079,0.1425,0.0226,0.9895),
      ["LeftUpperArm"] = CFrame.new(0.0391,0.1663,-0.0983,0.6984,-0.2096,-0.6844,-0.3982,-0.9083,-0.1282,-0.5947,0.3621,-0.7178),
      ["LeftLowerArm"] = CFrame.new(-0.0005,0.0862,0.0493,1.0000,-0.0000,0.0000,0.0000,0.5059,-0.8626,0.0000,0.8626,0.5059),
      ["LeftHand"] = CFrame.new(0.0005,0.0000,0.0000,0.9991,-0.0364,0.0208,0.0402,0.9732,-0.2263,-0.0120,0.2270,0.9738),
      ["Head"] = CFrame.new(0.0000,0.0000,0.0000,0.9103,-0.1667,0.3790,0.1861,0.9824,-0.0149,-0.3698,0.0841,0.9253),
      ["RightUpperArm"] = CFrame.new(0.1775,-0.4287,-0.1098,-0.0538,-0.9766,-0.2080,0.9490,0.0148,-0.3149,0.3106,-0.2144,0.9260),
      ["RightLowerArm"] = CFrame.new(0.0000,0.0395,0.0082,1.0000,-0.0000,0.0000,0.0000,0.9186,-0.3953,0.0000,0.3953,0.9186),
      ["RightHand"] = CFrame.new(-0.0005,0.0000,0.0000,0.9993,-0.0312,0.0191,0.0295,0.9961,0.0837,-0.0216,-0.0831,0.9963),
      ["RightUpperLeg"] = CFrame.new(0.0000,0.0000,0.0000,0.5884,0.0018,-0.8085,0.5460,0.7367,0.3990,0.5963,-0.6762,0.4325),
      ["RightLowerLeg"] = CFrame.new(0.0000,-0.0201,-0.0002,1.0000,-0.0000,0.0000,0.0000,1.0000,-0.0000,0.0000,0.0000,1.0000),
      ["RightFoot"] = CFrame.new(0.0000,-0.0202,-0.0001,0.9180,0.3940,0.0454,-0.3931,0.9191,-0.0274,-0.0525,0.0073,0.9986),
      ["LeftUpperLeg"] = CFrame.new(0.0000,0.0000,-0.0001,0.8444,0.2044,-0.4952,-0.3203,0.9336,-0.1608,0.4294,0.2944,0.8538),
      ["LeftLowerLeg"] = CFrame.new(0.0000,0.0880,-0.0281,1.0000,-0.0000,0.0000,0.0000,0.7110,0.7032,-0.0000,-0.7032,0.7110),
      ["LeftFoot"] = CFrame.new(0.0000,0.0195,0.0000,0.9655,-0.2592,-0.0270,0.2532,0.9576,-0.1374,0.0614,0.1258,0.9902),
    }},
    {Time = 1.067, Data = {
      ["HumanoidRootPart"] = CFrame.new(0.0000,0.0000,0.0000,1.0000,0.0000,0.0000,0.0000,1.0000,0.0000,0.0000,0.0000,1.0000),
      ["LowerTorso"] = CFrame.new(-0.0452,-0.2228,0.0087,-0.2383,0.4451,0.8632,0.2333,0.8890,-0.3940,-0.9428,0.1075,-0.3157),
      ["UpperTorso"] = CFrame.new(0.0000,0.0000,0.0000,0.9792,0.1147,-0.1674,-0.1171,0.9931,-0.0046,0.1657,0.0241,0.9859),
      ["LeftUpperArm"] = CFrame.new(0.0288,0.1559,-0.1001,0.6889,-0.1984,-0.6972,-0.3855,-0.9148,-0.1205,-0.6139,0.3518,-0.7067),
      ["LeftLowerArm"] = CFrame.new(-0.0005,0.0872,0.0511,1.0000,-0.0000,0.0000,0.0000,0.4881,-0.8728,0.0000,0.8728,0.4881),
      ["LeftHand"] = CFrame.new(0.0005,0.0000,0.0000,0.9994,-0.0293,0.0166,0.0324,0.9723,-0.2315,-0.0094,0.2320,0.9727),
      ["Head"] = CFrame.new(0.0000,0.0000,0.0000,0.9089,-0.1683,0.3816,0.1904,0.9815,-0.0207,-0.3711,0.0915,0.9241),
      ["RightUpperArm"] = CFrame.new(0.0965,-0.4263,-0.0775,-0.0618,-0.9364,-0.3454,0.8028,0.1590,-0.5747,0.5930,-0.3128,0.7419),
      ["RightLowerArm"] = CFrame.new(0.0000,0.0700,0.0286,1.0000,-0.0000,0.0000,0.0000,0.7136,-0.7006,0.0000,0.7006,0.7136),
      ["RightHand"] = CFrame.new(-0.0005,0.0000,0.0000,0.9998,-0.0180,0.0113,0.0170,0.9966,0.0805,-0.0127,-0.0803,0.9967),
      ["RightUpperLeg"] = CFrame.new(0.0000,0.0000,0.0000,0.5913,0.0072,-0.8064,0.5497,0.7280,0.4096,0.5900,-0.6855,0.4266),
      ["RightLowerLeg"] = CFrame.new(0.0000,-0.0191,-0.0002,1.0000,-0.0000,0.0000,0.0000,1.0000,-0.0000,0.0000,0.0000,1.0000),
      ["RightFoot"] = CFrame.new(0.0000,-0.0191,-0.0001,0.9179,0.3942,0.0456,-0.3933,0.9190,-0.0282,-0.0530,0.0080,0.9986),
      ["LeftUpperLeg"] = CFrame.new(0.0000,0.0000,-0.0001,0.8417,0.2087,-0.4980,-0.3230,0.9337,-0.1546,0.4327,0.2910,0.8533),
      ["LeftLowerLeg"] = CFrame.new(0.0000,0.0895,-0.0292,1.0000,-0.0000,0.0000,0.0000,0.6998,0.7143,-0.0000,-0.7143,0.6998),
      ["LeftFoot"] = CFrame.new(0.0000,0.0200,0.0000,0.9648,-0.2613,-0.0289,0.2546,0.9560,-0.1455,0.0657,0.1330,0.9889),
    }},
    {Time = 1.100, Data = {
      ["HumanoidRootPart"] = CFrame.new(0.0000,0.0000,0.0000,1.0000,0.0000,0.0000,0.0000,1.0000,0.0000,0.0000,0.0000,1.0000),
      ["LowerTorso"] = CFrame.new(-0.0478,-0.2296,0.0075,-0.2558,0.4519,0.8546,0.2404,0.8860,-0.3965,-0.9364,0.1040,-0.3353),
      ["UpperTorso"] = CFrame.new(0.0000,0.0000,0.0000,0.9811,0.1098,-0.1591,-0.1121,0.9937,-0.0056,0.1575,0.0234,0.9872),
      ["LeftUpperArm"] = CFrame.new(0.0177,0.1441,-0.1019,0.6802,-0.1871,-0.7087,-0.3754,-0.9194,-0.1176,-0.6296,0.3460,-0.6956),
      ["LeftLowerArm"] = CFrame.new(-0.0005,0.0885,0.0534,1.0000,-0.0000,0.0000,0.0000,0.4654,-0.8851,0.0000,0.8851,0.4654),
      ["LeftHand"] = CFrame.new(0.0005,0.0000,0.0000,0.9997,-0.0210,0.0118,0.0231,0.9716,-0.2355,-0.0065,0.2357,0.9718),
      ["Head"] = CFrame.new(0.0000,0.0000,0.0000,0.9071,-0.1700,0.3850,0.1944,0.9806,-0.0250,-0.3733,0.0975,0.9226),
      ["RightUpperArm"] = CFrame.new(0.1021,-0.4300,-0.0826,-0.0804,-0.9439,-0.3204,0.7384,0.1596,-0.6552,0.6696,-0.2893,0.6841),
      ["RightLowerArm"] = CFrame.new(0.0000,0.0690,0.0276,1.0000,-0.0000,0.0000,0.0000,0.7236,-0.6902,0.0000,0.6902,0.7236),
      ["RightHand"] = CFrame.new(-0.0005,0.0000,0.0000,0.9997,-0.0190,0.0119,0.0180,0.9965,0.0812,-0.0134,-0.0809,0.9966),
      ["RightUpperLeg"] = CFrame.new(0.0000,0.0000,0.0000,0.5746,0.0204,-0.8182,0.5613,0.7178,0.4121,0.5957,-0.6960,0.4009),
      ["RightLowerLeg"] = CFrame.new(0.0000,-0.0194,-0.0002,1.0000,-0.0000,0.0000,0.0000,1.0000,-0.0000,0.0000,0.0000,1.0000),
      ["RightFoot"] = CFrame.new(0.0000,-0.0195,-0.0001,0.9154,0.3992,0.0509,-0.3980,0.9168,-0.0325,-0.0597,0.0094,0.9982),
      ["LeftUpperLeg"] = CFrame.new(0.0000,0.0000,-0.0001,0.8322,0.1998,-0.5172,-0.3237,0.9324,-0.1607,0.4502,0.3012,0.8406),
      ["LeftLowerLeg"] = CFrame.new(0.0000,0.0910,-0.0302,1.0000,-0.0000,0.0000,0.0000,0.6891,0.7246,-0.0000,-0.7246,0.6891),
      ["LeftFoot"] = CFrame.new(0.0000,0.0205,0.0000,0.9636,-0.2653,-0.0325,0.2579,0.9549,-0.1471,0.0701,0.1334,0.9886),
    }},
    {Time = 1.133, Data = {
      ["HumanoidRootPart"] = CFrame.new(0.0000,0.0000,0.0000,1.0000,0.0000,0.0000,0.0000,1.0000,0.0000,0.0000,0.0000,1.0000),
      ["LowerTorso"] = CFrame.new(-0.0510,-0.2380,0.0066,-0.2856,0.4546,0.8437,0.2480,0.8854,-0.3932,-0.9257,0.0970,-0.3656),
      ["UpperTorso"] = CFrame.new(0.0000,0.0000,0.0000,0.9872,0.0924,-0.1297,-0.0944,0.9955,-0.0094,0.1283,0.0215,0.9915),
      ["LeftUpperArm"] = CFrame.new(0.0060,0.1313,-0.1038,0.6724,-0.1761,-0.7189,-0.3680,-0.9223,-0.1183,-0.6422,0.3442,-0.6850),
      ["LeftLowerArm"] = CFrame.new(-0.0005,0.0898,0.0560,1.0000,-0.0000,0.0000,0.0000,0.4393,-0.8983,0.0000,0.8983,0.4393),
      ["LeftHand"] = CFrame.new(0.0005,0.0000,0.0000,0.9999,-0.0116,0.0063,0.0127,0.9711,-0.2384,-0.0034,0.2384,0.9712),
      ["Head"] = CFrame.new(0.0000,0.0000,0.0000,0.9051,-0.1719,0.3889,0.1980,0.9798,-0.0277,-0.3763,0.1021,0.9209),
      ["RightUpperArm"] = CFrame.new(0.1947,-0.4444,-0.1240,-0.1118,-0.9879,-0.1078,0.8271,-0.0323,-0.5612,0.5509,-0.1519,0.8207),
      ["RightLowerArm"] = CFrame.new(0.0000,0.0329,0.0059,1.0000,-0.0000,0.0000,0.0000,0.9439,-0.3302,0.0000,0.3302,0.9439),
      ["RightHand"] = CFrame.new(-0.0005,0.0000,0.0000,0.9993,-0.0323,0.0198,0.0308,0.9969,0.0722,-0.0220,-0.0715,0.9972),
      ["RightUpperLeg"] = CFrame.new(0.0000,0.0000,0.0000,0.5447,0.0387,-0.8377,0.5776,0.7069,0.4082,0.6080,-0.7062,0.3627),
      ["RightLowerLeg"] = CFrame.new(0.0000,-0.0205,-0.0002,1.0000,-0.0000,0.0000,0.0000,1.0000,-0.0000,0.0000,0.0000,1.0000),
      ["RightFoot"] = CFrame.new(0.0000,-0.0206,-0.0001,0.9112,0.4075,0.0599,-0.4058,0.9131,-0.0387,-0.0704,0.0110,0.9975),
      ["LeftUpperLeg"] = CFrame.new(0.0000,0.0000,-0.0001,0.8180,0.1816,-0.5458,-0.3233,0.9299,-0.1752,0.4757,0.3198,0.8194),
      ["LeftLowerLeg"] = CFrame.new(0.0000,0.0924,-0.0312,1.0000,-0.0000,0.0000,0.0000,0.6790,0.7342,-0.0000,-0.7342,0.6790),
      ["LeftFoot"] = CFrame.new(0.0000,0.0211,0.0000,0.9620,-0.2705,-0.0372,0.2626,0.9540,-0.1446,0.0746,0.1293,0.9888),
    }},
    {Time = 1.167, Data = {
      ["HumanoidRootPart"] = CFrame.new(0.0000,0.0000,0.0000,1.0000,0.0000,0.0000,0.0000,1.0000,0.0000,0.0000,0.0000,1.0000),
      ["LowerTorso"] = CFrame.new(-0.0546,-0.2476,0.0061,-0.3211,0.4544,0.8310,0.2554,0.8864,-0.3860,-0.9120,0.0883,-0.4006),
      ["UpperTorso"] = CFrame.new(0.0000,0.0000,0.0000,0.9939,0.0674,-0.0875,-0.0689,0.9975,-0.0141,0.0863,0.0201,0.9961),
      ["LeftUpperArm"] = CFrame.new(-0.0058,0.1180,-0.1058,0.6655,-0.1654,-0.7278,-0.3629,-0.9238,-0.1219,-0.6522,0.3453,-0.6749),
      ["LeftLowerArm"] = CFrame.new(-0.0005,0.0911,0.0588,1.0000,-0.0000,0.0000,0.0000,0.4106,-0.9118,0.0000,0.9118,0.4106),
      ["LeftHand"] = CFrame.new(0.0005,0.0000,0.0000,1.0000,-0.0012,0.0003,0.0013,0.9707,-0.2402,0.0000,0.2402,0.9707),
      ["Head"] = CFrame.new(0.0000,0.0000,0.0000,0.9029,-0.1738,0.3932,0.2011,0.9791,-0.0291,-0.3799,0.1054,0.9190),
      ["RightUpperArm"] = CFrame.new(0.2322,-0.4477,-0.1410,-0.0991,-0.9948,0.0242,0.8792,-0.0989,-0.4660,0.4660,-0.0249,0.8845),
      ["RightLowerArm"] = CFrame.new(0.0000,0.0000,-0.0000,1.0000,-0.0000,0.0000,0.0000,1.0000,-0.0000,0.0000,0.0000,1.0000),
      ["RightHand"] = CFrame.new(-0.0005,0.0000,0.0000,0.9992,-0.0342,0.0209,0.0343,0.9994,-0.0025,-0.0208,0.0032,0.9998),
      ["RightUpperLeg"] = CFrame.new(0.0000,0.0000,0.0000,0.5072,0.0592,-0.8598,0.5962,0.6963,0.3996,0.6224,-0.7153,0.3179),
      ["RightLowerLeg"] = CFrame.new(0.0000,-0.0219,-0.0002,1.0000,-0.0000,0.0000,0.0000,1.0000,-0.0000,0.0000,0.0000,1.0000),
      ["RightFoot"] = CFrame.new(0.0000,-0.0219,-0.0001,0.9058,0.4178,0.0710,-0.4155,0.9085,-0.0457,-0.0836,0.0119,0.9964),
      ["LeftUpperLeg"] = CFrame.new(0.0000,0.0000,-0.0001,0.8009,0.1576,-0.5777,-0.3229,0.9261,-0.1950,0.5043,0.3427,0.7926),
      ["LeftLowerLeg"] = CFrame.new(0.0000,0.0937,-0.0322,1.0000,-0.0000,0.0000,0.0000,0.6686,0.7436,-0.0000,-0.7436,0.6686),
      ["LeftFoot"] = CFrame.new(0.0000,0.0215,0.0000,0.9601,-0.2764,-0.0427,0.2682,0.9531,-0.1404,0.0795,0.1233,0.9892),
    }},
    {Time = 1.200, Data = {
      ["HumanoidRootPart"] = CFrame.new(0.0000,0.0000,0.0000,1.0000,0.0000,0.0000,0.0000,1.0000,0.0000,0.0000,0.0000,1.0000),
      ["LowerTorso"] = CFrame.new(-0.0587,-0.2582,0.0059,-0.3421,0.4566,0.8212,0.2619,0.8857,-0.3834,-0.9024,0.0839,-0.4226),
      ["UpperTorso"] = CFrame.new(0.0000,0.0000,0.0000,0.9959,0.0570,-0.0701,-0.0584,0.9981,-0.0173,0.0690,0.0213,0.9974),
      ["LeftUpperArm"] = CFrame.new(-0.0180,0.1040,-0.1081,0.6593,-0.1552,-0.7357,-0.3597,-0.9243,-0.1273,-0.6603,0.3486,-0.6652),
      ["LeftLowerArm"] = CFrame.new(-0.0005,0.0925,0.0620,1.0000,-0.0000,0.0000,0.0000,0.3796,-0.9252,0.0000,0.9252,0.3796),
      ["LeftHand"] = CFrame.new(0.0005,0.0000,0.0000,0.9999,0.0101,-0.0063,-0.0113,0.9704,-0.2411,0.0037,0.2412,0.9705),
      ["Head"] = CFrame.new(0.0000,0.0000,0.0000,0.9005,-0.1757,0.3978,0.2040,0.9785,-0.0295,-0.3841,0.1077,0.9170),
      ["RightUpperArm"] = CFrame.new(0.1296,-0.4375,-0.0968,-0.0124,-0.9384,-0.3452,0.8000,0.1978,-0.5665,0.5999,-0.2832,0.7483),
      ["RightLowerArm"] = CFrame.new(0.0000,0.0571,0.0187,1.0000,-0.0000,0.0000,0.0000,0.8185,-0.5745,0.0000,0.5745,0.8185),
      ["RightHand"] = CFrame.new(-0.0005,0.0000,0.0000,0.9996,-0.0249,0.0154,0.0234,0.9956,0.0903,-0.0176,-0.0899,0.9958),
      ["RightUpperLeg"] = CFrame.new(0.0000,0.0000,0.0000,0.4832,0.0735,-0.8724,0.6096,0.6869,0.3956,0.6284,-0.7230,0.2871),
      ["RightLowerLeg"] = CFrame.new(0.0000,-0.0214,-0.0002,1.0000,-0.0000,0.0000,0.0000,1.0000,-0.0000,0.0000,0.0000,1.0000),
      ["RightFoot"] = CFrame.new(0.0000,-0.0215,-0.0001,0.9014,0.4256,0.0795,-0.4228,0.9048,-0.0504,-0.0934,0.0118,0.9956),
      ["LeftUpperLeg"] = CFrame.new(0.0000,0.0000,-0.0001,0.7887,0.1416,-0.5983,-0.3246,0.9223,-0.2095,0.5222,0.3595,0.7734),
      ["LeftLowerLeg"] = CFrame.new(0.0000,0.0954,-0.0337,1.0000,-0.0000,0.0000,0.0000,0.6535,0.7569,-0.0000,-0.7569,0.6535),
      ["LeftFoot"] = CFrame.new(0.0000,0.0221,0.0000,0.9585,-0.2812,-0.0470,0.2721,0.9515,-0.1435,0.0851,0.1247,0.9885),
    }},
    {Time = 1.233, Data = {
      ["HumanoidRootPart"] = CFrame.new(0.0000,0.0000,0.0000,1.0000,0.0000,0.0000,0.0000,1.0000,0.0000,0.0000,0.0000,1.0000),
      ["LowerTorso"] = CFrame.new(-0.0629,-0.2694,0.0059,-0.3393,0.4647,0.8179,0.2677,0.8812,-0.3896,-0.9018,0.0868,-0.4233),
      ["UpperTorso"] = CFrame.new(0.0000,0.0000,0.0000,0.9925,0.0731,-0.0979,-0.0752,0.9970,-0.0182,0.0963,0.0255,0.9950),
      ["LeftUpperArm"] = CFrame.new(-0.0300,0.0900,-0.1106,0.6536,-0.1457,-0.7427,-0.3580,-0.9241,-0.1337,-0.6668,0.3533,-0.6562),
      ["LeftLowerArm"] = CFrame.new(-0.0005,0.0937,0.0652,1.0000,-0.0000,0.0000,0.0000,0.3474,-0.9377,0.0000,0.9377,0.3474),
      ["LeftHand"] = CFrame.new(0.0005,0.0000,0.0000,0.9997,0.0221,-0.0133,-0.0247,0.9702,-0.2412,0.0076,0.2414,0.9704),
      ["Head"] = CFrame.new(0.0000,0.0000,0.0000,0.8979,-0.1777,0.4027,0.2065,0.9780,-0.0289,-0.3887,0.1091,0.9149),
      ["RightUpperArm"] = CFrame.new(0.0845,-0.4337,-0.0787,0.0415,-0.9084,-0.4159,0.6657,0.3355,-0.6665,0.7451,-0.2493,0.6187),
      ["RightLowerArm"] = CFrame.new(0.0000,0.0740,0.0326,1.0000,-0.0000,0.0000,0.0000,0.6730,-0.7396,0.0000,0.7396,0.6730),
      ["RightHand"] = CFrame.new(-0.0005,0.0000,0.0000,0.9998,-0.0149,0.0095,0.0142,0.9977,0.0659,-0.0104,-0.0657,0.9978),
      ["RightUpperLeg"] = CFrame.new(0.0000,0.0000,0.0000,0.4845,0.0774,-0.8714,0.6144,0.6790,0.4019,0.6228,-0.7301,0.2814),
      ["RightLowerLeg"] = CFrame.new(0.0000,-0.0181,-0.0001,1.0000,-0.0000,0.0000,0.0000,1.0000,-0.0000,0.0000,0.0000,1.0000),
      ["RightFoot"] = CFrame.new(0.0000,-0.0182,-0.0001,0.8998,0.4284,0.0827,-0.4255,0.9035,-0.0517,-0.0968,0.0113,0.9952),
      ["LeftUpperLeg"] = CFrame.new(0.0000,0.0000,-0.0001,0.7860,0.1414,-0.6018,-0.3290,0.9199,-0.2136,0.5234,0.3658,0.7695),
      ["LeftLowerLeg"] = CFrame.new(0.0000,0.0980,-0.0358,1.0000,-0.0000,0.0000,0.0000,0.6310,0.7758,-0.0000,-0.7758,0.6310),
      ["LeftFoot"] = CFrame.new(0.0000,0.0230,0.0000,0.9577,-0.2834,-0.0491,0.2728,0.9490,-0.1582,0.0914,0.1381,0.9862),
    }},
    {Time = 1.267, Data = {
      ["HumanoidRootPart"] = CFrame.new(0.0000,0.0000,0.0000,1.0000,0.0000,0.0000,0.0000,1.0000,0.0000,0.0000,0.0000,1.0000),
      ["LowerTorso"] = CFrame.new(-0.0673,-0.2809,0.0062,-0.3249,0.4751,0.8178,0.2729,0.8750,-0.4000,-0.9056,0.0932,-0.4139),
      ["UpperTorso"] = CFrame.new(0.0000,0.0000,0.0000,0.9842,0.1006,-0.1456,-0.1041,0.9944,-0.0172,0.1431,0.0321,0.9892),
      ["LeftUpperArm"] = CFrame.new(-0.0418,0.0763,-0.1134,0.6485,-0.1371,-0.7488,-0.3573,-0.9234,-0.1404,-0.6721,0.3586,-0.6478),
      ["LeftLowerArm"] = CFrame.new(-0.0005,0.0949,0.0684,1.0000,-0.0000,0.0000,0.0000,0.3150,-0.9491,0.0000,0.9491,0.3150),
      ["LeftHand"] = CFrame.new(0.0005,0.0000,0.0000,0.9992,0.0347,-0.0206,-0.0386,0.9699,-0.2404,0.0117,0.2410,0.9704),
      ["Head"] = CFrame.new(0.0000,0.0000,0.0000,0.8954,-0.1796,0.4075,0.2086,0.9776,-0.0276,-0.3934,0.1097,0.9128),
      ["RightUpperArm"] = CFrame.new(0.1780,-0.4500,-0.1253,0.0622,-0.9944,-0.0853,0.6296,0.1054,-0.7697,0.7744,-0.0058,0.6327),
      ["RightLowerArm"] = CFrame.new(0.0000,0.0514,0.0147,1.0000,-0.0000,0.0000,0.0000,0.8564,-0.5163,0.0000,0.5163,0.8564),
      ["RightHand"] = CFrame.new(-0.0005,0.0000,0.0000,0.9993,-0.0312,0.0191,0.0299,0.9974,0.0648,-0.0210,-0.0642,0.9977),
      ["RightUpperLeg"] = CFrame.new(0.0000,0.0000,0.0000,0.4978,0.0759,-0.8640,0.6147,0.6719,0.4132,0.6119,-0.7367,0.2878),
      ["RightLowerLeg"] = CFrame.new(0.0000,-0.0134,-0.0001,1.0000,-0.0000,0.0000,0.0000,1.0000,-0.0000,0.0000,0.0000,1.0000),
      ["RightFoot"] = CFrame.new(0.0000,-0.0135,-0.0001,0.8995,0.4289,0.0832,-0.4260,0.9033,-0.0513,-0.0971,0.0107,0.9952),
      ["LeftUpperLeg"] = CFrame.new(0.0000,0.0000,-0.0001,0.7880,0.1491,-0.5973,-0.3346,0.9181,-0.2123,0.5168,0.3672,0.7734),
      ["LeftLowerLeg"] = CFrame.new(0.0000,0.1007,-0.0383,1.0000,-0.0000,0.0000,0.0000,0.6050,0.7962,-0.0000,-0.7962,0.6050),
      ["LeftFoot"] = CFrame.new(0.0000,0.0239,0.0000,0.9574,-0.2845,-0.0500,0.2717,0.9457,-0.1781,0.0980,0.1570,0.9827),
    }},
    {Time = 1.300, Data = {
      ["HumanoidRootPart"] = CFrame.new(0.0000,0.0000,0.0000,1.0000,0.0000,0.0000,0.0000,1.0000,0.0000,0.0000,0.0000,1.0000),
      ["LowerTorso"] = CFrame.new(-0.0717,-0.2925,0.0066,-0.3132,0.4838,0.8172,0.2776,0.8696,-0.4084,-0.9082,0.0989,-0.4066),
      ["UpperTorso"] = CFrame.new(0.0000,0.0000,0.0000,0.9749,0.1231,-0.1853,-0.1283,0.9916,-0.0159,0.1818,0.0393,0.9826),
      ["LeftUpperArm"] = CFrame.new(-0.0532,0.0630,-0.1165,0.6438,-0.1295,-0.7542,-0.3574,-0.9224,-0.1466,-0.6766,0.3639,-0.6401),
      ["LeftLowerArm"] = CFrame.new(-0.0005,0.0959,0.0717,1.0000,-0.0000,0.0000,0.0000,0.2825,-0.9593,0.0000,0.9593,0.2825),
      ["LeftHand"] = CFrame.new(0.0005,0.0000,0.0000,0.9985,0.0477,-0.0282,-0.0530,0.9696,-0.2388,0.0160,0.2399,0.9707),
      ["Head"] = CFrame.new(0.0000,0.0000,0.0000,0.8928,-0.1814,0.4123,0.2105,0.9773,-0.0258,-0.3983,0.1098,0.9107),
      ["RightUpperArm"] = CFrame.new(0.2514,-0.4640,-0.1615,0.0658,-0.9474,0.3132,0.6417,-0.2002,-0.7403,0.7641,0.2496,0.5948),
      ["RightLowerArm"] = CFrame.new(0.0000,0.0062,0.0006,1.0000,-0.0000,0.0000,0.0000,0.9980,-0.0625,0.0000,0.0625,0.9980),
      ["RightHand"] = CFrame.new(-0.0005,0.0000,0.0000,0.9992,-0.0351,0.0214,0.0349,0.9994,0.0088,-0.0217,-0.0081,0.9997),
      ["RightUpperLeg"] = CFrame.new(0.0000,0.0000,0.0000,0.5077,0.0749,-0.8583,0.6157,0.6652,0.4223,0.6026,-0.7429,0.2916),
      ["RightLowerLeg"] = CFrame.new(0.0000,-0.0089,-0.0001,1.0000,-0.0000,0.0000,0.0000,1.0000,-0.0000,0.0000,0.0000,1.0000),
      ["RightFoot"] = CFrame.new(0.0000,-0.0089,-0.0001,0.8988,0.4302,0.0846,-0.4273,0.9027,-0.0512,-0.0984,0.0099,0.9951),
      ["LeftUpperLeg"] = CFrame.new(0.0000,0.0000,-0.0001,0.7890,0.1546,-0.5946,-0.3401,0.9159,-0.2132,0.5117,0.3704,0.7752),
      ["LeftLowerLeg"] = CFrame.new(0.0000,0.1031,-0.0408,1.0000,-0.0000,0.0000,0.0000,0.5792,0.8152,-0.0000,-0.8152,0.5792),
      ["LeftFoot"] = CFrame.new(0.0000,0.0246,0.0000,0.9569,-0.2857,-0.0512,0.2708,0.9423,-0.1969,0.1045,0.1745,0.9791),
    }},
    {Time = 1.333, Data = {
      ["HumanoidRootPart"] = CFrame.new(0.0000,0.0000,0.0000,1.0000,0.0000,0.0000,0.0000,1.0000,0.0000,0.0000,0.0000,1.0000),
      ["LowerTorso"] = CFrame.new(-0.0760,-0.3037,0.0070,-0.3211,0.4861,0.8127,0.2821,0.8683,-0.4079,-0.9041,0.0982,-0.4160),
      ["UpperTorso"] = CFrame.new(0.0000,0.0000,0.0000,0.9743,0.1241,-0.1878,-0.1299,0.9914,-0.0188,0.1839,0.0427,0.9820),
      ["LeftUpperArm"] = CFrame.new(-0.0639,0.0506,-0.1198,0.6395,-0.1232,-0.7589,-0.3576,-0.9215,-0.1517,-0.6806,0.3683,-0.6333),
      ["LeftLowerArm"] = CFrame.new(-0.0005,0.0968,0.0748,1.0000,-0.0000,0.0000,0.0000,0.2514,-0.9679,0.0000,0.9679,0.2514),
      ["LeftHand"] = CFrame.new(0.0005,0.0000,0.0000,0.9975,0.0607,-0.0358,-0.0675,0.9693,-0.2364,0.0204,0.2383,0.9710),
      ["Head"] = CFrame.new(0.0000,0.0000,0.0000,0.8903,-0.1832,0.4170,0.2121,0.9770,-0.0236,-0.4031,0.1094,0.9086),
      ["RightUpperArm"] = CFrame.new(0.1557,-0.4494,-0.1280,0.0992,-0.9903,0.0976,0.6340,-0.0128,-0.7733,0.7670,0.1386,0.6265),
      ["RightLowerArm"] = CFrame.new(0.0000,0.0327,0.0063,1.0000,-0.0000,0.0000,0.0000,0.9441,-0.3295,0.0000,0.3295,0.9441),
      ["RightHand"] = CFrame.new(-0.0005,0.0000,0.0000,0.9996,-0.0234,0.0145,0.0216,0.9931,0.1149,-0.0171,-0.1145,0.9933),
      ["RightUpperLeg"] = CFrame.new(0.0000,0.0000,0.0000,0.4968,0.0817,-0.8640,0.6239,0.6585,0.4210,0.6033,-0.7482,0.2762),
      ["RightLowerLeg"] = CFrame.new(0.0000,-0.0065,-0.0001,1.0000,-0.0000,0.0000,0.0000,1.0000,-0.0000,0.0000,0.0000,1.0000),
      ["RightFoot"] = CFrame.new(0.0000,-0.0066,-0.0001,0.8955,0.4358,0.0907,-0.4325,0.9000,-0.0540,-0.1052,0.0092,0.9944),
      ["LeftUpperLeg"] = CFrame.new(0.0000,0.0000,-0.0001,0.7829,0.1456,-0.6048,-0.3430,0.9121,-0.2245,0.5190,0.3832,0.7640),
      ["LeftLowerLeg"] = CFrame.new(0.0000,0.1048,-0.0427,1.0000,-0.0000,0.0000,0.0000,0.5597,0.8287,-0.0000,-0.8287,0.5597),
      ["LeftFoot"] = CFrame.new(0.0000,0.0251,0.0000,0.9559,-0.2888,-0.0540,0.2724,0.9400,-0.2056,0.1101,0.1818,0.9772),
    }},
    {Time = 1.367, Data = {
      ["HumanoidRootPart"] = CFrame.new(0.0000,0.0000,0.0000,1.0000,0.0000,0.0000,0.0000,1.0000,0.0000,0.0000,0.0000,1.0000),
      ["LowerTorso"] = CFrame.new(-0.0800,-0.3144,0.0076,-0.3465,0.4824,0.8045,0.2859,0.8712,-0.3992,-0.8934,0.0917,-0.4398),
      ["UpperTorso"] = CFrame.new(0.0000,0.0000,0.0000,0.9822,0.1052,-0.1558,-0.1105,0.9936,-0.0255,0.1521,0.0423,0.9875),
      ["LeftUpperArm"] = CFrame.new(-0.0739,0.0393,-0.1233,0.6355,-0.1181,-0.7630,-0.3574,-0.9210,-0.1551,-0.6844,0.3713,-0.6275),
      ["LeftLowerArm"] = CFrame.new(-0.0005,0.0975,0.0777,1.0000,-0.0000,0.0000,0.0000,0.2218,-0.9751,0.0000,0.9751,0.2218),
      ["LeftHand"] = CFrame.new(0.0005,0.0000,0.0000,0.9963,0.0736,-0.0433,-0.0818,0.9690,-0.2333,0.0248,0.2359,0.9714),
      ["Head"] = CFrame.new(0.0000,0.0000,0.0000,0.8878,-0.1849,0.4214,0.2135,0.9767,-0.0212,-0.4077,0.1088,0.9066),
      ["RightUpperArm"] = CFrame.new(0.0732,-0.4338,-0.0798,0.0320,-0.9061,-0.4219,0.6573,0.3371,-0.6741,0.7530,-0.2557,0.6063),
      ["RightLowerArm"] = CFrame.new(0.0000,0.0696,0.0285,1.0000,-0.0000,0.0000,0.0000,0.7163,-0.6978,0.0000,0.6978,0.7163),
      ["RightHand"] = CFrame.new(-0.0005,0.0000,0.0000,0.9998,-0.0152,0.0097,0.0142,0.9950,0.0992,-0.0111,-0.0990,0.9950),
      ["RightUpperLeg"] = CFrame.new(0.0000,0.0000,0.0000,0.4669,0.0953,-0.8792,0.6382,0.6519,0.4096,0.6121,-0.7523,0.2435),
      ["RightLowerLeg"] = CFrame.new(0.0000,-0.0062,-0.0001,1.0000,-0.0000,0.0000,0.0000,1.0000,-0.0000,0.0000,0.0000,1.0000),
      ["RightFoot"] = CFrame.new(0.0000,-0.0062,-0.0001,0.8897,0.4452,0.1012,-0.4413,0.8954,-0.0594,-0.1170,0.0082,0.9931),
      ["LeftUpperLeg"] = CFrame.new(0.0000,0.0000,-0.0001,0.7704,0.1230,-0.6255,-0.3437,0.9065,-0.2451,0.5369,0.4039,0.7407),
      ["LeftLowerLeg"] = CFrame.new(0.0000,0.1059,-0.0439,1.0000,-0.0000,0.0000,0.0000,0.5468,0.8372,-0.0000,-0.8372,0.5468),
      ["LeftFoot"] = CFrame.new(0.0000,0.0254,0.0000,0.9542,-0.2935,-0.0583,0.2763,0.9390,-0.2049,0.1149,0.1795,0.9770),
    }},
    {Time = 1.400, Data = {
      ["HumanoidRootPart"] = CFrame.new(0.0000,0.0000,0.0000,1.0000,0.0000,0.0000,0.0000,1.0000,0.0000,0.0000,0.0000,1.0000),
      ["LowerTorso"] = CFrame.new(-0.0838,-0.3242,0.0081,-0.3665,0.4788,0.7978,0.2886,0.8737,-0.3917,-0.8845,0.0867,-0.4584),
      ["UpperTorso"] = CFrame.new(0.0000,0.0000,0.0000,0.9876,0.0895,-0.1292,-0.0942,0.9951,-0.0310,0.1258,0.0428,0.9911),
      ["LeftUpperArm"] = CFrame.new(-0.0829,0.0296,-0.1269,0.6319,-0.1145,-0.7665,-0.3565,-0.9211,-0.1563,-0.6882,0.3720,-0.6229),
      ["LeftLowerArm"] = CFrame.new(-0.0005,0.0981,0.0804,1.0000,-0.0000,0.0000,0.0000,0.1948,-0.9808,0.0000,0.9808,0.1948),
      ["LeftHand"] = CFrame.new(0.0005,0.0000,0.0000,0.9950,0.0860,-0.0505,-0.0953,0.9687,-0.2293,0.0292,0.2330,0.9720),
      ["Head"] = CFrame.new(0.0000,0.0000,0.0000,0.8856,-0.1865,0.4254,0.2146,0.9765,-0.0188,-0.4119,0.1080,0.9048),
      ["RightUpperArm"] = CFrame.new(0.1974,-0.4518,-0.0720,-0.1695,-0.7135,-0.6798,0.7849,0.3195,-0.5310,0.5960,-0.6236,0.5059),
      ["RightLowerArm"] = CFrame.new(0.0000,0.0606,0.0214,1.0000,-0.0000,0.0000,0.0000,0.7919,-0.6107,0.0000,0.6107,0.7919),
      ["RightHand"] = CFrame.new(-0.0005,0.0000,0.0000,0.9988,-0.0424,0.0255,0.0470,0.9748,-0.2179,-0.0156,0.2189,0.9756),
      ["RightUpperLeg"] = CFrame.new(0.0000,0.0000,0.0000,0.4421,0.1059,-0.8907,0.6499,0.6466,0.3995,0.6182,-0.7554,0.2171),
      ["RightLowerLeg"] = CFrame.new(0.0000,-0.0054,-0.0000,1.0000,-0.0000,0.0000,0.0000,1.0000,-0.0000,0.0000,0.0000,1.0000),
      ["RightFoot"] = CFrame.new(0.0000,-0.0054,-0.0001,0.8846,0.4532,0.1102,-0.4488,0.8914,-0.0637,-0.1271,0.0069,0.9919),
      ["LeftUpperLeg"] = CFrame.new(0.0000,0.0000,-0.0001,0.7603,0.1039,-0.6412,-0.3447,0.9012,-0.2627,0.5505,0.4208,0.7210),
      ["LeftLowerLeg"] = CFrame.new(0.0000,0.1069,-0.0451,1.0000,-0.0000,0.0000,0.0000,0.5350,0.8448,-0.0000,-0.8448,0.5350),
      ["LeftFoot"] = CFrame.new(0.0000,0.0258,0.0000,0.9527,-0.2974,-0.0619,0.2795,0.9379,-0.2054,0.1192,0.1783,0.9767),
    }},
    {Time = 1.433, Data = {
      ["HumanoidRootPart"] = CFrame.new(0.0000,0.0000,0.0000,1.0000,0.0000,0.0000,0.0000,1.0000,0.0000,0.0000,0.0000,1.0000),
      ["LowerTorso"] = CFrame.new(-0.0870,-0.3328,0.0086,-0.3638,0.4809,0.7977,0.2902,0.8723,-0.3935,-0.8851,0.0884,-0.4569),
      ["UpperTorso"] = CFrame.new(0.0000,0.0000,0.0000,0.9850,0.0969,-0.1426,-0.1025,0.9942,-0.0322,0.1387,0.0464,0.9893),
      ["LeftUpperArm"] = CFrame.new(-0.0907,0.0218,-0.1304,0.6288,-0.1123,-0.7694,-0.3543,-0.9222,-0.1549,-0.6922,0.3700,-0.6197),
      ["LeftLowerArm"] = CFrame.new(-0.0005,0.0985,0.0828,1.0000,-0.0000,0.0000,0.0000,0.1710,-0.9853,0.0000,0.9853,0.1710),
      ["LeftHand"] = CFrame.new(0.0005,0.0000,0.0000,0.9936,0.0973,-0.0572,-0.1078,0.9684,-0.2247,0.0335,0.2294,0.9727),
      ["Head"] = CFrame.new(0.0000,0.0000,0.0000,0.8836,-0.1878,0.4288,0.2156,0.9763,-0.0167,-0.4156,0.1072,0.9032),
      ["RightUpperArm"] = CFrame.new(0.2439,-0.4527,-0.1273,-0.1352,-0.9554,-0.2626,0.8463,0.0265,-0.5321,0.5153,-0.2941,0.8049),
      ["RightLowerArm"] = CFrame.new(0.0000,0.0150,0.0026,1.0000,-0.0000,0.0000,0.0000,0.9883,-0.1524,0.0000,0.1524,0.9883),
      ["RightHand"] = CFrame.new(-0.0005,0.0000,0.0000,0.9984,-0.0490,0.0295,0.0515,0.9944,-0.0928,-0.0248,0.0941,0.9952),
      ["RightUpperLeg"] = CFrame.new(0.0000,0.0000,0.0000,0.4426,0.1056,-0.8905,0.6526,0.6431,0.4006,0.6150,-0.7585,0.2157),
      ["RightLowerLeg"] = CFrame.new(0.0000,-0.0023,-0.0000,1.0000,-0.0000,0.0000,0.0000,1.0000,-0.0000,0.0000,0.0000,1.0000),
      ["RightFoot"] = CFrame.new(0.0000,-0.0023,-0.0001,0.8829,0.4557,0.1130,-0.4511,0.8901,-0.0647,-0.1300,0.0061,0.9915),
      ["LeftUpperLeg"] = CFrame.new(0.0000,0.0000,-0.0001,0.7601,0.1026,-0.6417,-0.3475,0.8986,-0.2679,0.5491,0.4266,0.7187),
      ["LeftLowerLeg"] = CFrame.new(0.0000,0.1082,-0.0466,1.0000,-0.0000,0.0000,0.0000,0.5189,0.8548,-0.0000,-0.8548,0.5189),
      ["LeftFoot"] = CFrame.new(0.0000,0.0263,0.0000,0.9523,-0.2986,-0.0630,0.2792,0.9358,-0.2152,0.1232,0.1873,0.9745),
    }},
    {Time = 1.467, Data = {
      ["HumanoidRootPart"] = CFrame.new(0.0000,0.0000,0.0000,1.0000,0.0000,0.0000,0.0000,1.0000,0.0000,0.0000,0.0000,1.0000),
      ["LowerTorso"] = CFrame.new(-0.0898,-0.3401,0.0090,-0.3422,0.4877,0.8031,0.2909,0.8677,-0.4030,-0.8935,0.0957,-0.4388),
      ["UpperTorso"] = CFrame.new(0.0000,0.0000,0.0000,0.9745,0.1224,-0.1878,-0.1301,0.9911,-0.0294,0.1825,0.0531,0.9818),
      ["LeftUpperArm"] = CFrame.new(-0.0972,0.0161,-0.1337,0.6261,-0.1115,-0.7717,-0.3504,-0.9244,-0.1507,-0.6966,0.3647,-0.6179),
      ["LeftLowerArm"] = CFrame.new(-0.0005,0.0988,0.0849,1.0000,-0.0000,0.0000,0.0000,0.1504,-0.9886,0.0000,0.9886,0.1504),
      ["LeftHand"] = CFrame.new(0.0005,0.0000,0.0000,0.9922,0.1076,-0.0631,-0.1189,0.9684,-0.2194,0.0375,0.2252,0.9736),
      ["Head"] = CFrame.new(0.0000,0.0000,0.0000,0.8820,-0.1889,0.4318,0.2164,0.9762,-0.0149,-0.4187,0.1066,0.9019),
      ["RightUpperArm"] = CFrame.new(0.1366,-0.4349,-0.1243,0.0061,-0.9907,0.1360,0.8650,-0.0630,-0.4977,0.5017,0.1207,0.8566),
      ["RightLowerArm"] = CFrame.new(0.0000,0.0123,0.0014,1.0000,-0.0000,0.0000,0.0000,0.9923,-0.1241,0.0000,0.1241,0.9923),
      ["RightHand"] = CFrame.new(-0.0005,0.0000,0.0000,0.9998,-0.0160,0.0102,0.0146,0.9920,0.1251,-0.0122,-0.1249,0.9921),
      ["RightUpperLeg"] = CFrame.new(0.0000,0.0000,0.0000,0.4641,0.0841,-0.8818,0.6476,0.6470,0.4025,0.6043,-0.7579,0.2458),
      ["RightLowerLeg"] = CFrame.new(0.0000,0.0036,-0.0000,1.0000,-0.0000,0.0000,0.0000,0.9997,0.0261,-0.0000,-0.0261,0.9997),
      ["RightFoot"] = CFrame.new(0.0000,0.0010,-0.0001,0.8844,0.4535,0.1105,-0.4476,0.8911,-0.0750,-0.1325,0.0168,0.9910),
      ["LeftUpperLeg"] = CFrame.new(0.0000,0.0000,-0.0001,0.7681,0.1165,-0.6297,-0.3516,0.8985,-0.2626,0.5352,0.4231,0.7311),
      ["LeftLowerLeg"] = CFrame.new(0.0000,0.1097,-0.0485,1.0000,-0.0000,0.0000,0.0000,0.4996,0.8663,-0.0000,-0.8663,0.4996),
      ["LeftFoot"] = CFrame.new(0.0000,0.0267,0.0000,0.9527,-0.2974,-0.0619,0.2760,0.9326,-0.2326,0.1269,0.2045,0.9706),
    }},
    {Time = 1.500, Data = {
      ["HumanoidRootPart"] = CFrame.new(0.0000,0.0000,0.0000,1.0000,0.0000,0.0000,0.0000,1.0000,0.0000,0.0000,0.0000,1.0000),
      ["LowerTorso"] = CFrame.new(-0.0920,-0.3460,0.0094,-0.3111,0.4959,0.8107,0.2901,0.8619,-0.4159,-0.9050,0.1058,-0.4120),
      ["UpperTorso"] = CFrame.new(0.0000,0.0000,0.0000,0.9576,0.1539,-0.2437,-0.1643,0.9861,-0.0230,0.2367,0.0621,0.9696),
      ["LeftUpperArm"] = CFrame.new(-0.1025,0.0124,-0.1368,0.6240,-0.1120,-0.7733,-0.3450,-0.9275,-0.1440,-0.7011,0.3566,-0.6175),
      ["LeftLowerArm"] = CFrame.new(-0.0005,0.0991,0.0866,1.0000,-0.0000,0.0000,0.0000,0.1333,-0.9911,0.0000,0.9911,0.1333),
      ["LeftHand"] = CFrame.new(0.0005,0.0000,0.0000,0.9909,0.1164,-0.0683,-0.1285,0.9684,-0.2136,0.0412,0.2205,0.9745),
      ["Head"] = CFrame.new(0.0000,0.0000,0.0000,0.8806,-0.1898,0.4342,0.2170,0.9761,-0.0134,-0.4213,0.1060,0.9007),
      ["RightUpperArm"] = CFrame.new(0.0830,-0.4190,-0.0769,-0.0495,-0.9805,-0.1900,0.8593,0.0552,-0.5086,0.5091,-0.1884,0.8398),
      ["RightLowerArm"] = CFrame.new(0.0000,0.0676,0.0268,1.0000,-0.0000,0.0000,0.0000,0.7346,-0.6785,0.0000,0.6785,0.7346),
      ["RightHand"] = CFrame.new(-0.0005,0.0000,0.0000,0.9998,-0.0157,0.0100,0.0146,0.9940,0.1084,-0.0116,-0.1083,0.9941),
      ["RightUpperLeg"] = CFrame.new(0.0000,0.0000,0.0000,0.4954,0.0412,-0.8677,0.6382,0.6604,0.3957,0.5893,-0.7498,0.3008),
      ["RightLowerLeg"] = CFrame.new(0.0000,0.0117,-0.0004,1.0000,-0.0000,0.0000,0.0000,0.9961,0.0878,-0.0000,-0.0878,0.9961),
      ["RightFoot"] = CFrame.new(0.0000,0.0030,-0.0001,0.8874,0.4488,0.1052,-0.4395,0.8926,-0.1001,-0.1389,0.0426,0.9894),
      ["LeftUpperLeg"] = CFrame.new(0.0000,0.0000,-0.0001,0.7799,0.1384,-0.6104,-0.3565,0.8998,-0.2514,0.5145,0.4137,0.7511),
      ["LeftLowerLeg"] = CFrame.new(0.0000,0.1109,-0.0503,1.0000,-0.0000,0.0000,0.0000,0.4808,0.8768,-0.0000,-0.8768,0.4808),
      ["LeftFoot"] = CFrame.new(0.0000,0.0270,0.0000,0.9536,-0.2950,-0.0597,0.2715,0.9286,-0.2529,0.1300,0.2249,0.9657),
    }},
    {Time = 1.533, Data = {
      ["HumanoidRootPart"] = CFrame.new(0.0000,0.0000,0.0000,1.0000,0.0000,0.0000,0.0000,1.0000,0.0000,0.0000,0.0000,1.0000),
      ["LowerTorso"] = CFrame.new(-0.0938,-0.3507,0.0096,-0.2914,0.4995,0.8158,0.2883,0.8591,-0.4230,-0.9121,0.1119,-0.3944),
      ["UpperTorso"] = CFrame.new(0.0000,0.0000,0.0000,0.9463,0.1710,-0.2743,-0.1831,0.9829,-0.0191,0.2663,0.0683,0.9615),
      ["LeftUpperArm"] = CFrame.new(-0.1065,0.0106,-0.1395,0.6226,-0.1137,-0.7742,-0.3381,-0.9313,-0.1352,-0.7057,0.3460,-0.6183),
      ["LeftLowerArm"] = CFrame.new(-0.0005,0.0993,0.0880,1.0000,-0.0000,0.0000,0.0000,0.1192,-0.9929,0.0000,0.9929,0.1192),
      ["LeftHand"] = CFrame.new(0.0005,0.0000,0.0000,0.9896,0.1238,-0.0726,-0.1364,0.9687,-0.2075,0.0446,0.2152,0.9755),
      ["Head"] = CFrame.new(0.0000,0.0000,0.0000,0.8795,-0.1906,0.4361,0.2176,0.9760,-0.0122,-0.4233,0.1056,0.8998),
      ["RightUpperArm"] = CFrame.new(0.1452,-0.4248,-0.0897,-0.1236,-0.9591,-0.2547,0.8684,0.0197,-0.4954,0.4801,-0.2824,0.8305),
      ["RightLowerArm"] = CFrame.new(0.0000,0.0629,0.0229,1.0000,-0.0000,0.0000,0.0000,0.7749,-0.6321,0.0000,0.6321,0.7749),
      ["RightHand"] = CFrame.new(-0.0005,0.0000,0.0000,0.9995,-0.0260,0.0160,0.0251,0.9984,0.0507,-0.0173,-0.0503,0.9986),
      ["RightUpperLeg"] = CFrame.new(0.0000,0.0000,0.0000,0.5138,0.0118,-0.8578,0.6326,0.6703,0.3881,0.5796,-0.7420,0.3369),
      ["RightLowerLeg"] = CFrame.new(0.0000,0.0171,-0.0008,1.0000,-0.0000,0.0000,0.0000,0.9915,0.1300,-0.0000,-0.1300,0.9915),
      ["RightFoot"] = CFrame.new(0.0000,0.0042,-0.0001,0.8890,0.4463,0.1025,-0.4347,0.8928,-0.1177,-0.1440,0.0601,0.9877),
      ["LeftUpperLeg"] = CFrame.new(0.0000,0.0000,-0.0001,0.7876,0.1514,-0.5974,-0.3596,0.9001,-0.2459,0.5005,0.4084,0.7633),
      ["LeftLowerLeg"] = CFrame.new(0.0000,0.1117,-0.0515,1.0000,-0.0000,0.0000,0.0000,0.4684,0.8835,-0.0000,-0.8835,0.4684),
      ["LeftFoot"] = CFrame.new(0.0000,0.0272,0.0000,0.9542,-0.2935,-0.0583,0.2685,0.9258,-0.2661,0.1321,0.2382,0.9622),
    }},
    {Time = 1.567, Data = {
      ["HumanoidRootPart"] = CFrame.new(0.0000,0.0000,0.0000,1.0000,0.0000,0.0000,0.0000,1.0000,0.0000,0.0000,0.0000,1.0000),
      ["LowerTorso"] = CFrame.new(-0.0952,-0.3543,0.0099,-0.3032,0.4938,0.8150,0.2865,0.8630,-0.4162,-0.9088,0.1073,-0.4031),
      ["UpperTorso"] = CFrame.new(0.0000,0.0000,0.0000,0.9552,0.1573,-0.2505,-0.1687,0.9854,-0.0244,0.2430,0.0655,0.9678),
      ["LeftUpperArm"] = CFrame.new(-0.1094,0.0105,-0.1419,0.6219,-0.1163,-0.7744,-0.3299,-0.9358,-0.1245,-0.7102,0.3329,-0.6203),
      ["LeftLowerArm"] = CFrame.new(-0.0005,0.0994,0.0891,1.0000,-0.0000,0.0000,0.0000,0.1078,-0.9942,0.0000,0.9942,0.1078),
      ["LeftHand"] = CFrame.new(0.0005,0.0000,0.0000,0.9886,0.1299,-0.0762,-0.1429,0.9691,-0.2011,0.0477,0.2097,0.9766),
      ["Head"] = CFrame.new(0.0000,0.0000,0.0000,0.8786,-0.1912,0.4375,0.2179,0.9759,-0.0113,-0.4248,0.1053,0.8991),
      ["RightUpperArm"] = CFrame.new(0.2231,-0.4443,-0.1331,-0.1122,-0.9927,-0.0431,0.8816,-0.0795,-0.4652,0.4584,-0.0902,0.8842),
      ["RightLowerArm"] = CFrame.new(0.0000,0.0149,0.0020,1.0000,-0.0000,0.0000,0.0000,0.9886,-0.1504,0.0000,0.1504,0.9886),
      ["RightHand"] = CFrame.new(-0.0005,0.0000,0.0000,0.9991,-0.0352,0.0215,0.0346,0.9990,0.0269,-0.0224,-0.0261,0.9994),
      ["RightUpperLeg"] = CFrame.new(0.0000,0.0000,0.0000,0.4995,0.0117,-0.8662,0.6385,0.6708,0.3772,0.5855,-0.7415,0.3276),
      ["RightLowerLeg"] = CFrame.new(0.0000,0.0177,-0.0009,1.0000,-0.0000,0.0000,0.0000,0.9908,0.1352,-0.0000,-0.1352,0.9908),
      ["RightFoot"] = CFrame.new(0.0000,0.0043,-0.0001,0.8864,0.4504,0.1071,-0.4378,0.8907,-0.1227,-0.1506,0.0619,0.9866),
      ["LeftUpperLeg"] = CFrame.new(0.0000,0.0000,-0.0001,0.7846,0.1395,-0.6041,-0.3579,0.8975,-0.2577,0.5062,0.4184,0.7541),
      ["LeftLowerLeg"] = CFrame.new(0.0000,0.1118,-0.0516,1.0000,-0.0000,0.0000,0.0000,0.4669,0.8843,-0.0000,-0.8843,0.4669),
      ["LeftFoot"] = CFrame.new(0.0000,0.0272,0.0000,0.9537,-0.2948,-0.0595,0.2699,0.9262,-0.2634,0.1328,0.2351,0.9628),
    }},
    {Time = 1.600, Data = {
      ["HumanoidRootPart"] = CFrame.new(0.0000,0.0000,0.0000,1.0000,0.0000,0.0000,0.0000,1.0000,0.0000,0.0000,0.0000,1.0000),
      ["LowerTorso"] = CFrame.new(-0.0962,-0.3568,0.0100,-0.3309,0.4827,0.8108,0.2842,0.8703,-0.4021,-0.8998,0.0974,-0.4252),
      ["UpperTorso"] = CFrame.new(0.0000,0.0000,0.0000,0.9725,0.1261,-0.1957,-0.1351,0.9903,-0.0333,0.1896,0.0588,0.9801),
      ["LeftUpperArm"] = CFrame.new(-0.1112,0.0119,-0.1439,0.6219,-0.1197,-0.7739,-0.3207,-0.9405,-0.1123,-0.7144,0.3180,-0.6233),
      ["LeftLowerArm"] = CFrame.new(-0.0005,0.0995,0.0900,1.0000,-0.0000,0.0000,0.0000,0.0992,-0.9951,0.0000,0.9951,0.0992),
      ["LeftHand"] = CFrame.new(0.0005,0.0000,0.0000,0.9878,0.1346,-0.0789,-0.1477,0.9697,-0.1947,0.0503,0.2039,0.9777),
      ["Head"] = CFrame.new(0.0000,0.0000,0.0000,0.8780,-0.1916,0.4386,0.2182,0.9758,-0.0107,-0.4259,0.1051,0.8986),
      ["RightUpperArm"] = CFrame.new(0.1801,-0.4431,-0.1212,-0.0205,-0.9823,-0.1863,0.8496,0.0812,-0.5212,0.5271,-0.1689,0.8328),
      ["RightLowerArm"] = CFrame.new(0.0000,0.0324,0.0066,1.0000,-0.0000,0.0000,0.0000,0.9448,-0.3277,0.0000,0.3277,0.9448),
      ["RightHand"] = CFrame.new(-0.0005,0.0000,0.0000,0.9994,-0.0302,0.0185,0.0287,0.9967,0.0764,-0.0208,-0.0758,0.9969),
      ["RightUpperLeg"] = CFrame.new(0.0000,0.0000,0.0000,0.4681,0.0269,-0.8833,0.6498,0.6669,0.3647,0.5989,-0.7446,0.2947),
      ["RightLowerLeg"] = CFrame.new(0.0000,0.0159,-0.0007,1.0000,-0.0000,0.0000,0.0000,0.9927,0.1205,-0.0000,-0.1205,0.9927),
      ["RightFoot"] = CFrame.new(0.0000,0.0039,-0.0001,0.8816,0.4577,0.1153,-0.4450,0.8874,-0.1207,-0.1576,0.0551,0.9860),
      ["LeftUpperLeg"] = CFrame.new(0.0000,0.0000,-0.0001,0.7761,0.1149,-0.6201,-0.3541,0.8931,-0.2776,0.5219,0.4350,0.7338),
      ["LeftLowerLeg"] = CFrame.new(0.0000,0.1115,-0.0511,1.0000,-0.0000,0.0000,0.0000,0.4722,0.8815,-0.0000,-0.8815,0.4722),
      ["LeftFoot"] = CFrame.new(0.0000,0.0271,0.0000,0.9527,-0.2975,-0.0620,0.2735,0.9283,-0.2520,0.1325,0.2232,0.9657),
    }},
    {Time = 1.633, Data = {
      ["HumanoidRootPart"] = CFrame.new(0.0000,0.0000,0.0000,1.0000,0.0000,0.0000,0.0000,1.0000,0.0000,0.0000,0.0000,1.0000),
      ["LowerTorso"] = CFrame.new(-0.0968,-0.3585,0.0101,-0.3525,0.4725,0.8078,0.2810,0.8768,-0.3903,-0.8926,0.0894,-0.4418),
      ["UpperTorso"] = CFrame.new(0.0000,0.0000,0.0000,0.9844,0.0979,-0.1461,-0.1047,0.9937,-0.0395,0.1413,0.0542,0.9885),
      ["LeftUpperArm"] = CFrame.new(-0.1120,0.0146,-0.1454,0.6225,-0.1237,-0.7728,-0.3105,-0.9454,-0.0987,-0.7184,0.3014,-0.6270),
      ["LeftLowerArm"] = CFrame.new(-0.0005,0.0995,0.0906,1.0000,-0.0000,0.0000,0.0000,0.0929,-0.9957,0.0000,0.9957,0.0929),
      ["LeftHand"] = CFrame.new(0.0005,0.0000,0.0000,0.9871,0.1380,-0.0809,-0.1511,0.9704,-0.1883,0.0525,0.1981,0.9788),
      ["Head"] = CFrame.new(0.0000,0.0000,0.0000,0.8777,-0.1918,0.4392,0.2184,0.9758,-0.0103,-0.4266,0.1049,0.8983),
      ["RightUpperArm"] = CFrame.new(0.0898,-0.4332,-0.0795,0.0350,-0.9014,-0.4316,0.7478,0.3101,-0.5870,0.6630,-0.3022,0.6849),
      ["RightLowerArm"] = CFrame.new(0.0000,0.0701,0.0287,1.0000,-0.0000,0.0000,0.0000,0.7131,-0.7011,0.0000,0.7011,0.7131),
      ["RightHand"] = CFrame.new(-0.0005,0.0000,0.0000,0.9998,-0.0176,0.0111,0.0166,0.9964,0.0829,-0.0125,-0.0827,0.9965),
      ["RightUpperLeg"] = CFrame.new(0.0000,0.0000,0.0000,0.4426,0.0373,-0.8959,0.6580,0.6653,0.3527,0.6092,-0.7456,0.2700),
      ["RightLowerLeg"] = CFrame.new(0.0000,0.0146,-0.0006,1.0000,-0.0000,0.0000,0.0000,0.9939,0.1105,-0.0000,-0.1105,0.9939),
      ["RightFoot"] = CFrame.new(0.0000,0.0036,-0.0001,0.8777,0.4635,0.1218,-0.4506,0.8847,-0.1197,-0.1632,0.0502,0.9853),
      ["LeftUpperLeg"] = CFrame.new(0.0000,0.0000,-0.0001,0.7698,0.0953,-0.6311,-0.3508,0.8892,-0.2936,0.5333,0.4474,0.7180),
      ["LeftLowerLeg"] = CFrame.new(0.0000,0.1111,-0.0505,1.0000,-0.0000,0.0000,0.0000,0.4782,0.8783,-0.0000,-0.8783,0.4782),
      ["LeftFoot"] = CFrame.new(0.0000,0.0271,0.0000,0.9520,-0.2994,-0.0637,0.2763,0.9300,-0.2423,0.1318,0.2131,0.9681),
    }},
    {Time = 1.667, Data = {
      ["HumanoidRootPart"] = CFrame.new(0.0000,0.0000,0.0000,1.0000,0.0000,0.0000,0.0000,1.0000,0.0000,0.0000,0.0000,1.0000),
      ["LowerTorso"] = CFrame.new(-0.0970,-0.3592,0.0101,-0.3754,0.4612,0.8040,0.2771,0.8836,-0.3775,-0.8845,0.0810,-0.4595),
      ["UpperTorso"] = CFrame.new(0.0000,0.0000,0.0000,0.9939,0.0655,-0.0890,-0.0696,0.9966,-0.0443,0.0858,0.0502,0.9950),
      ["LeftUpperArm"] = CFrame.new(-0.1119,0.0186,-0.1466,0.6238,-0.1283,-0.7710,-0.2994,-0.9504,-0.0841,-0.7219,0.2833,-0.6313),
      ["LeftLowerArm"] = CFrame.new(-0.0005,0.0995,0.0910,1.0000,-0.0000,0.0000,0.0000,0.0889,-0.9960,0.0000,0.9960,0.0889),
      ["LeftHand"] = CFrame.new(0.0005,0.0000,0.0000,0.9867,0.1401,-0.0821,-0.1530,0.9713,-0.1820,0.0542,0.1922,0.9799),
      ["Head"] = CFrame.new(0.0000,0.0000,0.0000,0.8775,-0.1919,0.4395,0.2185,0.9758,-0.0101,-0.4269,0.1048,0.8982),
      ["RightUpperArm"] = CFrame.new(0.1209,-0.4420,-0.0989,-0.0576,-0.9452,-0.3214,0.6228,0.2176,-0.7515,0.7802,-0.2435,0.5762),
      ["RightLowerArm"] = CFrame.new(0.0000,0.0628,0.0227,1.0000,-0.0000,0.0000,0.0000,0.7761,-0.6307,0.0000,0.6307,0.7761),
      ["RightHand"] = CFrame.new(-0.0005,0.0000,0.0000,0.9996,-0.0227,0.0141,0.0215,0.9963,0.0833,-0.0159,-0.0830,0.9964),
      ["RightUpperLeg"] = CFrame.new(0.0000,0.0000,0.0000,0.4152,0.0503,-0.9083,0.6658,0.6636,0.3411,0.6199,-0.7464,0.2420),
      ["RightLowerLeg"] = CFrame.new(0.0000,0.0127,-0.0005,1.0000,-0.0000,0.0000,0.0000,0.9954,0.0959,-0.0000,-0.0959,0.9954),
      ["RightFoot"] = CFrame.new(0.0000,0.0032,-0.0001,0.8736,0.4693,0.1285,-0.4567,0.8820,-0.1165,-0.1680,0.0431,0.9848),
      ["LeftUpperLeg"] = CFrame.new(0.0000,0.0000,-0.0001,0.7629,0.0749,-0.6421,-0.3473,0.8852,-0.3095,0.5453,0.4591,0.7013),
      ["LeftLowerLeg"] = CFrame.new(0.0000,0.1105,-0.0497,1.0000,-0.0000,0.0000,0.0000,0.4868,0.8735,-0.0000,-0.8735,0.4868),
      ["LeftFoot"] = CFrame.new(0.0000,0.0269,0.0000,0.9512,-0.3014,-0.0656,0.2794,0.9320,-0.2309,0.1307,0.2013,0.9708),
    }},
    {Time = 1.700, Data = {
      ["HumanoidRootPart"] = CFrame.new(0.0000,0.0000,0.0000,1.0000,0.0000,0.0000,0.0000,1.0000,0.0000,0.0000,0.0000,1.0000),
      ["LowerTorso"] = CFrame.new(-0.0970,-0.3593,0.0100,-0.3886,0.4523,0.8027,0.2727,0.8886,-0.3687,-0.8801,0.0757,-0.4687),
      ["UpperTorso"] = CFrame.new(0.0000,0.0000,0.0000,0.9980,0.0421,-0.0478,-0.0443,0.9979,-0.0464,0.0457,0.0485,0.9978),
      ["LeftUpperArm"] = CFrame.new(-0.1109,0.0236,-0.1473,0.6258,-0.1333,-0.7686,-0.2878,-0.9552,-0.0686,-0.7250,0.2641,-0.6361),
      ["LeftLowerArm"] = CFrame.new(-0.0005,0.0995,0.0912,1.0000,-0.0000,0.0000,0.0000,0.0870,-0.9962,0.0000,0.9962,0.0870),
      ["LeftHand"] = CFrame.new(0.0005,0.0000,0.0000,0.9866,0.1409,-0.0826,-0.1536,0.9723,-0.1762,0.0554,0.1865,0.9809),
      ["Head"] = CFrame.new(0.0000,0.0000,0.0000,0.8775,-0.1919,0.4395,0.2185,0.9758,-0.0101,-0.4269,0.1049,0.8982),
      ["RightUpperArm"] = CFrame.new(0.2220,-0.4670,-0.1571,-0.2003,-0.9787,0.0459,0.5043,-0.1432,-0.8516,0.8400,-0.1474,0.5222),
      ["RightLowerArm"] = CFrame.new(0.0000,0.0169,0.0020,1.0000,-0.0000,0.0000,0.0000,0.9855,-0.1696,0.0000,0.1696,0.9855),
      ["RightHand"] = CFrame.new(-0.0005,0.0000,0.0000,0.9992,-0.0336,0.0206,0.0328,0.9986,0.0412,-0.0219,-0.0405,0.9989),
      ["RightUpperLeg"] = CFrame.new(0.0000,0.0000,0.0000,0.3985,0.0547,-0.9155,0.6697,0.6647,0.3312,0.6267,-0.7451,0.2283),
      ["RightLowerLeg"] = CFrame.new(0.0000,0.0120,-0.0004,1.0000,-0.0000,0.0000,0.0000,0.9959,0.0905,-0.0000,-0.0905,0.9959),
      ["RightFoot"] = CFrame.new(0.0000,0.0031,-0.0001,0.8712,0.4727,0.1323,-0.4600,0.8803,-0.1161,-0.1714,0.0403,0.9844),
      ["LeftUpperLeg"] = CFrame.new(0.0000,0.0000,-0.0001,0.7600,0.0625,-0.6469,-0.3447,0.8826,-0.3197,0.5510,0.4660,0.6923),
      ["LeftLowerLeg"] = CFrame.new(0.0000,0.1101,-0.0490,1.0000,-0.0000,0.0000,0.0000,0.4941,0.8694,-0.0000,-0.8694,0.4941),
      ["LeftFoot"] = CFrame.new(0.0000,0.0268,0.0000,0.9509,-0.3022,-0.0663,0.2810,0.9334,-0.2233,0.1293,0.1937,0.9725),
    }},
    {Time = 1.733, Data = {
      ["HumanoidRootPart"] = CFrame.new(0.0000,0.0000,0.0000,1.0000,0.0000,0.0000,0.0000,1.0000,0.0000,0.0000,0.0000,1.0000),
      ["LowerTorso"] = CFrame.new(-0.0968,-0.3586,0.0100,-0.3741,0.4515,0.8101,0.2684,0.8888,-0.3715,-0.8877,0.0785,-0.4537),
      ["UpperTorso"] = CFrame.new(0.0000,0.0000,0.0000,0.9968,0.0506,-0.0626,-0.0535,0.9975,-0.0456,0.0602,0.0488,0.9970),
      ["LeftUpperArm"] = CFrame.new(-0.1093,0.0294,-0.1476,0.6282,-0.1385,-0.7656,-0.2756,-0.9598,-0.0525,-0.7276,0.2440,-0.6412),
      ["LeftLowerArm"] = CFrame.new(-0.0005,0.0995,0.0912,1.0000,-0.0000,0.0000,0.0000,0.0869,-0.9962,0.0000,0.9962,0.0869),
      ["LeftHand"] = CFrame.new(0.0005,0.0000,0.0000,0.9866,0.1407,-0.0824,-0.1530,0.9733,-0.1708,0.0562,0.1811,0.9819),
      ["Head"] = CFrame.new(0.0000,0.0000,0.0000,0.8776,-0.1918,0.4393,0.2184,0.9758,-0.0102,-0.4267,0.1049,0.8983),
      ["RightUpperArm"] = CFrame.new(0.1992,-0.4636,-0.1472,-0.2074,-0.9749,-0.0815,0.5006,-0.0341,-0.8650,0.8405,-0.2202,0.4951),
      ["RightLowerArm"] = CFrame.new(0.0000,0.0286,0.0051,1.0000,-0.0000,0.0000,0.0000,0.9575,-0.2885,0.0000,0.2885,0.9575),
      ["RightHand"] = CFrame.new(-0.0005,0.0000,0.0000,0.9993,-0.0321,0.0197,0.0308,0.9974,0.0650,-0.0217,-0.0643,0.9977),
      ["RightUpperLeg"] = CFrame.new(0.0000,0.0000,0.0000,0.4139,0.0319,-0.9098,0.6635,0.6736,0.3255,0.6232,-0.7384,0.2577),
      ["RightLowerLeg"] = CFrame.new(0.0000,0.0153,-0.0006,1.0000,-0.0000,0.0000,0.0000,0.9933,0.1159,-0.0000,-0.1159,0.9933),
      ["RightFoot"] = CFrame.new(0.0000,0.0038,-0.0001,0.8736,0.4694,0.1286,-0.4551,0.8815,-0.1262,-0.1725,0.0517,0.9836),
      ["LeftUpperLeg"] = CFrame.new(0.0000,0.0000,-0.0001,0.7689,0.0725,-0.6352,-0.3442,0.8842,-0.3157,0.5388,0.4614,0.7049),
      ["LeftLowerLeg"] = CFrame.new(0.0000,0.1101,-0.0491,1.0000,-0.0000,0.0000,0.0000,0.4934,0.8698,-0.0000,-0.8698,0.4934),
      ["LeftFoot"] = CFrame.new(0.0000,0.0268,0.0000,0.9519,-0.2997,-0.0640,0.2783,0.9329,-0.2286,0.1282,0.1998,0.9714),
    }},
    {Time = 1.767, Data = {
      ["HumanoidRootPart"] = CFrame.new(0.0000,0.0000,0.0000,1.0000,0.0000,0.0000,0.0000,1.0000,0.0000,0.0000,0.0000,1.0000),
      ["LowerTorso"] = CFrame.new(-0.0964,-0.3574,0.0100,-0.3380,0.4564,0.8231,0.2636,0.8854,-0.3827,-0.9035,0.0876,-0.4196),
      ["UpperTorso"] = CFrame.new(0.0000,0.0000,0.0000,0.9896,0.0822,-0.1183,-0.0876,0.9953,-0.0417,0.1143,0.0516,0.9921),
      ["LeftUpperArm"] = CFrame.new(-0.1069,0.0359,-0.1475,0.6312,-0.1438,-0.7621,-0.2633,-0.9640,-0.0361,-0.7296,0.2234,-0.6464),
      ["LeftLowerArm"] = CFrame.new(-0.0005,0.0995,0.0910,1.0000,-0.0000,0.0000,0.0000,0.0885,-0.9961,0.0000,0.9961,0.0885),
      ["LeftHand"] = CFrame.new(0.0005,0.0000,0.0000,0.9869,0.1394,-0.0817,-0.1513,0.9745,-0.1659,0.0565,0.1761,0.9827),
      ["Head"] = CFrame.new(0.0000,0.0000,0.0000,0.8779,-0.1916,0.4388,0.2183,0.9758,-0.0105,-0.4262,0.1050,0.8985),
      ["RightUpperArm"] = CFrame.new(0.0954,-0.4397,-0.0868,-0.0668,-0.8856,-0.4596,0.6168,0.3254,-0.7167,0.7843,-0.3314,0.5244),
      ["RightLowerArm"] = CFrame.new(0.0000,0.0686,0.0273,1.0000,-0.0000,0.0000,0.0000,0.7274,-0.6862,0.0000,0.6862,0.7274),
      ["RightHand"] = CFrame.new(-0.0005,0.0000,0.0000,0.9997,-0.0191,0.0120,0.0181,0.9964,0.0823,-0.0135,-0.0821,0.9965),
      ["RightUpperLeg"] = CFrame.new(0.0000,0.0000,0.0000,0.4531,-0.0102,-0.8914,0.6496,0.6886,0.3223,0.6105,-0.7251,0.3186),
      ["RightLowerLeg"] = CFrame.new(0.0000,0.0211,-0.0013,1.0000,-0.0000,0.0000,0.0000,0.9868,0.1622,-0.0000,-0.1622,0.9868),
      ["RightFoot"] = CFrame.new(0.0000,0.0050,-0.0001,0.8794,0.4610,0.1190,-0.4443,0.8844,-0.1428,-0.1711,0.0727,0.9826),
      ["LeftUpperLeg"] = CFrame.new(0.0000,0.0000,-0.0001,0.7863,0.0997,-0.6097,-0.3456,0.8890,-0.3004,0.5121,0.4469,0.7335),
      ["LeftLowerLeg"] = CFrame.new(0.0000,0.1105,-0.0496,1.0000,-0.0000,0.0000,0.0000,0.4874,0.8732,-0.0000,-0.8732,0.4874),
      ["LeftFoot"] = CFrame.new(0.0000,0.0269,0.0000,0.9537,-0.2948,-0.0595,0.2725,0.9308,-0.2436,0.1272,0.2161,0.9680),
    }},
    {Time = 1.800, Data = {
      ["HumanoidRootPart"] = CFrame.new(0.0000,0.0000,0.0000,1.0000,0.0000,0.0000,0.0000,1.0000,0.0000,0.0000,0.0000,1.0000),
      ["LowerTorso"] = CFrame.new(-0.0957,-0.3557,0.0099,-0.3011,0.4605,0.8351,0.2580,0.8824,-0.3935,-0.9180,0.0970,-0.3845),
      ["UpperTorso"] = CFrame.new(0.0000,0.0000,0.0000,0.9792,0.1114,-0.1698,-0.1192,0.9922,-0.0362,0.1644,0.0557,0.9848),
      ["LeftUpperArm"] = CFrame.new(-0.1040,0.0429,-0.1471,0.6347,-0.1492,-0.7582,-0.2507,-0.9679,-0.0194,-0.7310,0.2024,-0.6517),
      ["LeftLowerArm"] = CFrame.new(-0.0005,0.0995,0.0907,1.0000,-0.0000,0.0000,0.0000,0.0916,-0.9958,0.0000,0.9958,0.0916),
      ["LeftHand"] = CFrame.new(0.0005,0.0000,0.0000,0.9873,0.1371,-0.0804,-0.1486,0.9756,-0.1616,0.0563,0.1715,0.9836),
      ["Head"] = CFrame.new(0.0000,0.0000,0.0000,0.8783,-0.1914,0.4381,0.2181,0.9759,-0.0110,-0.4254,0.1052,0.8989),
      ["RightUpperArm"] = CFrame.new(0.0997,-0.4345,-0.0830,0.0978,-0.9098,-0.4034,0.7798,0.3219,-0.5369,0.6184,-0.2620,0.7409),
      ["RightLowerArm"] = CFrame.new(0.0000,0.0680,0.0269,1.0000,-0.0000,0.0000,0.0000,0.7324,-0.6809,0.0000,0.6809,0.7324),
      ["RightHand"] = CFrame.new(-0.0005,0.0000,0.0000,0.9997,-0.0194,0.0121,0.0183,0.9965,0.0818,-0.0137,-0.0816,0.9966),
      ["RightUpperLeg"] = CFrame.new(0.0000,0.0000,0.0000,0.4918,-0.0496,-0.8693,0.6347,0.7039,0.3189,0.5961,-0.7086,0.3776),
      ["RightLowerLeg"] = CFrame.new(0.0000,0.0263,-0.0021,1.0000,-0.0000,0.0000,0.0000,0.9789,0.2043,-0.0000,-0.2043,0.9789),
      ["RightFoot"] = CFrame.new(0.0000,0.0061,-0.0001,0.8850,0.4525,0.1094,-0.4341,0.8871,-0.1570,-0.1681,0.0915,0.9815),
      ["LeftUpperLeg"] = CFrame.new(0.0000,0.0000,-0.0001,0.8030,0.1270,-0.5822,-0.3475,0.8936,-0.2842,0.4842,0.4306,0.7617),
      ["LeftLowerLeg"] = CFrame.new(0.0000,0.1107,-0.0500,1.0000,-0.0000,0.0000,0.0000,0.4836,0.8753,-0.0000,-0.8753,0.4836),
      ["LeftFoot"] = CFrame.new(0.0000,0.0270,0.0000,0.9555,-0.2900,-0.0551,0.2669,0.9286,-0.2579,0.1259,0.2317,0.9646),
    }},
    {Time = 1.833, Data = {
      ["HumanoidRootPart"] = CFrame.new(0.0000,0.0000,0.0000,1.0000,0.0000,0.0000,0.0000,1.0000,0.0000,0.0000,0.0000,1.0000),
      ["LowerTorso"] = CFrame.new(-0.0949,-0.3535,0.0098,-0.2597,0.4647,0.8465,0.2515,0.8789,-0.4053,-0.9324,0.1076,-0.3451),
      ["UpperTorso"] = CFrame.new(0.0000,0.0000,0.0000,0.9642,0.1421,-0.2237,-0.1522,0.9879,-0.0284,0.2169,0.0615,0.9743),
      ["LeftUpperArm"] = CFrame.new(-0.1007,0.0504,-0.1463,0.6386,-0.1544,-0.7539,-0.2381,-0.9712,-0.0028,-0.7318,0.1813,-0.6570),
      ["LeftLowerArm"] = CFrame.new(-0.0005,0.0995,0.0903,1.0000,-0.0000,0.0000,0.0000,0.0961,-0.9954,0.0000,0.9954,0.0961),
      ["LeftHand"] = CFrame.new(0.0005,0.0000,0.0000,0.9879,0.1339,-0.0785,-0.1450,0.9767,-0.1580,0.0555,0.1675,0.9843),
      ["Head"] = CFrame.new(0.0000,0.0000,0.0000,0.8788,-0.1910,0.4372,0.2179,0.9759,-0.0115,-0.4245,0.1054,0.8993),
      ["RightUpperArm"] = CFrame.new(0.2067,-0.4381,-0.1241,0.1155,-0.9923,0.0457,0.9137,0.0881,-0.3968,0.3897,0.0876,0.9168),
      ["RightLowerArm"] = CFrame.new(0.0000,0.0289,0.0050,1.0000,-0.0000,0.0000,0.0000,0.9568,-0.2907,0.0000,0.2907,0.9568),
      ["RightHand"] = CFrame.new(-0.0005,0.0000,0.0000,0.9993,-0.0325,0.0199,0.0311,0.9974,0.0657,-0.0220,-0.0651,0.9976),
      ["RightUpperLeg"] = CFrame.new(0.0000,0.0000,0.0000,0.5335,-0.0891,-0.8411,0.6177,0.7203,0.3156,0.5777,-0.6879,0.4393),
      ["RightLowerLeg"] = CFrame.new(0.0000,0.0313,-0.0030,1.0000,-0.0000,0.0000,0.0000,0.9694,0.2456,-0.0000,-0.2456,0.9694),
      ["RightFoot"] = CFrame.new(0.0000,0.0070,-0.0001,0.8910,0.4431,0.0988,-0.4236,0.8898,-0.1700,-0.1632,0.1096,0.9805),
      ["LeftUpperLeg"] = CFrame.new(0.0000,0.0000,-0.0001,0.8201,0.1573,-0.5501,-0.3503,0.8983,-0.2653,0.4524,0.4103,0.7918),
      ["LeftLowerLeg"] = CFrame.new(0.0000,0.1109,-0.0503,1.0000,-0.0000,0.0000,0.0000,0.4807,0.8769,-0.0000,-0.8769,0.4807),
      ["LeftFoot"] = CFrame.new(0.0000,0.0270,0.0000,0.9572,-0.2850,-0.0505,0.2612,0.9258,-0.2733,0.1246,0.2484,0.9606),
    }},
    {Time = 1.867, Data = {
      ["HumanoidRootPart"] = CFrame.new(0.0000,0.0000,0.0000,1.0000,0.0000,0.0000,0.0000,1.0000,0.0000,0.0000,0.0000,1.0000),
      ["LowerTorso"] = CFrame.new(-0.0940,-0.3512,0.0097,-0.2203,0.4676,0.8560,0.2445,0.8761,-0.4156,-0.9443,0.1178,-0.3074),
      ["UpperTorso"] = CFrame.new(0.0000,0.0000,0.0000,0.9481,0.1683,-0.2697,-0.1803,0.9834,-0.0201,0.2618,0.0677,0.9627),
      ["LeftUpperArm"] = CFrame.new(-0.0969,0.0580,-0.1451,0.6428,-0.1591,-0.7493,-0.2258,-0.9741,0.0132,-0.7320,0.1607,-0.6621),
      ["LeftLowerArm"] = CFrame.new(-0.0005,0.0995,0.0898,1.0000,-0.0000,0.0000,0.0000,0.1013,-0.9949,0.0000,0.9949,0.1013),
      ["LeftHand"] = CFrame.new(0.0005,0.0000,0.0000,0.9886,0.1300,-0.0763,-0.1406,0.9779,-0.1550,0.0544,0.1640,0.9850),
      ["Head"] = CFrame.new(0.0000,0.0000,0.0000,0.8794,-0.1907,0.4363,0.2176,0.9760,-0.0121,-0.4235,0.1056,0.8997),
      ["RightUpperArm"] = CFrame.new(0.2430,-0.4384,-0.1369,-0.0151,-0.9686,0.2482,0.9309,-0.1042,-0.3501,0.3650,0.2257,0.9032),
      ["RightLowerArm"] = CFrame.new(0.0000,0.0045,0.0008,1.0000,-0.0000,0.0000,0.0000,0.9989,-0.0459,0.0000,0.0459,0.9989),
      ["RightHand"] = CFrame.new(-0.0005,0.0000,0.0000,0.9992,-0.0339,0.0207,0.0337,0.9994,0.0079,-0.0210,-0.0072,0.9998),
      ["RightUpperLeg"] = CFrame.new(0.0000,0.0000,0.0000,0.5716,-0.1236,-0.8112,0.6011,0.7360,0.3114,0.5586,-0.6656,0.4950),
      ["RightLowerLeg"] = CFrame.new(0.0000,0.0356,-0.0040,1.0000,-0.0000,0.0000,0.0000,0.9596,0.2813,-0.0000,-0.2813,0.9596),
      ["RightFoot"] = CFrame.new(0.0000,0.0078,-0.0001,0.8964,0.4342,0.0890,-0.4143,0.8921,-0.1802,-0.1577,0.1247,0.9796),
      ["LeftUpperLeg"] = CFrame.new(0.0000,0.0000,-0.0001,0.8352,0.1855,-0.5177,-0.3535,0.9023,-0.2470,0.4213,0.3893,0.8191),
      ["LeftLowerLeg"] = CFrame.new(0.0000,0.1109,-0.0503,1.0000,-0.0000,0.0000,0.0000,0.4801,0.8772,-0.0000,-0.8772,0.4801),
      ["LeftFoot"] = CFrame.new(0.0000,0.0270,0.0000,0.9587,-0.2805,-0.0464,0.2562,0.9231,-0.2869,0.1233,0.2632,0.9568),
    }},
    {Time = 1.900, Data = {
      ["HumanoidRootPart"] = CFrame.new(0.0000,0.0000,0.0000,1.0000,0.0000,0.0000,0.0000,1.0000,0.0000,0.0000,0.0000,1.0000),
      ["LowerTorso"] = CFrame.new(-0.0930,-0.3485,0.0095,-0.2124,0.4632,0.8604,0.2395,0.8783,-0.4138,-0.9474,0.1182,-0.2975),
      ["UpperTorso"] = CFrame.new(0.0000,0.0000,0.0000,0.9494,0.1666,-0.2663,-0.1782,0.9838,-0.0199,0.2587,0.0664,0.9637),
      ["LeftUpperArm"] = CFrame.new(-0.0928,0.0657,-0.1437,0.6475,-0.1635,-0.7443,-0.2136,-0.9765,0.0286,-0.7315,0.1405,-0.6672),
      ["LeftLowerArm"] = CFrame.new(-0.0005,0.0994,0.0892,1.0000,-0.0000,0.0000,0.0000,0.1073,-0.9942,0.0000,0.9942,0.1073),
      ["LeftHand"] = CFrame.new(0.0005,0.0000,0.0000,0.9894,0.1253,-0.0735,-0.1354,0.9789,-0.1528,0.0528,0.1611,0.9855),
      ["Head"] = CFrame.new(0.0000,0.0000,0.0000,0.8800,-0.1902,0.4352,0.2173,0.9760,-0.0128,-0.4223,0.1058,0.9002),
      ["RightUpperArm"] = CFrame.new(0.1232,-0.4256,-0.0872,-0.2045,-0.9511,-0.2315,0.8030,-0.0278,-0.5953,0.5598,-0.3077,0.7694),
      ["RightLowerArm"] = CFrame.new(0.0000,0.0633,0.0227,1.0000,-0.0000,0.0000,0.0000,0.7736,-0.6337,0.0000,0.6337,0.7736),
      ["RightHand"] = CFrame.new(-0.0005,0.0000,0.0000,0.9996,-0.0228,0.0141,0.0215,0.9959,0.0875,-0.0161,-0.0871,0.9961),
      ["RightUpperLeg"] = CFrame.new(0.0000,0.0000,0.0000,0.5786,-0.1335,-0.8046,0.5962,0.7424,0.3056,0.5566,-0.6565,0.5091),
      ["RightLowerLeg"] = CFrame.new(0.0000,0.0364,-0.0042,1.0000,-0.0000,0.0000,0.0000,0.9576,0.2881,-0.0000,-0.2881,0.9576),
      ["RightFoot"] = CFrame.new(0.0000,0.0080,-0.0001,0.8978,0.4319,0.0865,-0.4120,0.8928,-0.1820,-0.1558,0.1277,0.9795),
      ["LeftUpperLeg"] = CFrame.new(0.0000,0.0000,-0.0001,0.8402,0.1898,-0.5079,-0.3524,0.9031,-0.2455,0.4121,0.3852,0.8257),
      ["LeftLowerLeg"] = CFrame.new(0.0000,0.1106,-0.0497,1.0000,-0.0000,0.0000,0.0000,0.4863,0.8738,-0.0000,-0.8738,0.4863),
      ["LeftFoot"] = CFrame.new(0.0000,0.0269,0.0000,0.9593,-0.2788,-0.0449,0.2550,0.9235,-0.2865,0.1213,0.2634,0.9570),
    }},
    {Time = 1.933, Data = {
      ["HumanoidRootPart"] = CFrame.new(0.0000,0.0000,0.0000,1.0000,0.0000,0.0000,0.0000,1.0000,0.0000,0.0000,0.0000,1.0000),
      ["LowerTorso"] = CFrame.new(-0.0920,-0.3458,0.0094,-0.2352,0.4523,0.8603,0.2367,0.8851,-0.4006,-0.9427,0.1094,-0.3153),
      ["UpperTorso"] = CFrame.new(0.0000,0.0000,0.0000,0.9666,0.1381,-0.2159,-0.1474,0.9887,-0.0273,0.2097,0.0582,0.9760),
      ["LeftUpperArm"] = CFrame.new(-0.0885,0.0734,-0.1420,0.6525,-0.1672,-0.7391,-0.2019,-0.9785,0.0432,-0.7304,0.1210,-0.6722),
      ["LeftLowerArm"] = CFrame.new(-0.0005,0.0993,0.0885,1.0000,-0.0000,0.0000,0.0000,0.1137,-0.9935,0.0000,0.9935,0.1137),
      ["LeftHand"] = CFrame.new(0.0005,0.0000,0.0000,0.9903,0.1200,-0.0704,-0.1295,0.9800,-0.1512,0.0508,0.1589,0.9860),
      ["Head"] = CFrame.new(0.0000,0.0000,0.0000,0.8806,-0.1898,0.4341,0.2170,0.9761,-0.0134,-0.4212,0.1060,0.9008),
      ["RightUpperArm"] = CFrame.new(0.0827,-0.4201,-0.0665,-0.3132,-0.8631,-0.3963,0.7330,0.0457,-0.6787,0.6038,-0.5030,0.6183),
      ["RightLowerArm"] = CFrame.new(0.0000,0.0728,0.0314,1.0000,-0.0000,0.0000,0.0000,0.6854,-0.7282,0.0000,0.7282,0.6854),
      ["RightHand"] = CFrame.new(-0.0005,0.0000,0.0000,0.9998,-0.0154,0.0098,0.0146,0.9970,0.0755,-0.0109,-0.0753,0.9971),
      ["RightUpperLeg"] = CFrame.new(0.0000,0.0000,0.0000,0.5561,-0.1211,-0.8222,0.6028,0.7399,0.2986,0.5722,-0.6617,0.4845),
      ["RightLowerLeg"] = CFrame.new(0.0000,0.0342,-0.0036,1.0000,-0.0000,0.0000,0.0000,0.9630,0.2696,-0.0000,-0.2696,0.9630),
      ["RightFoot"] = CFrame.new(0.0000,0.0076,-0.0001,0.8954,0.4359,0.0909,-0.4162,0.8919,-0.1768,-0.1581,0.1205,0.9800),
      ["LeftUpperLeg"] = CFrame.new(0.0000,0.0000,-0.0001,0.8359,0.1715,-0.5214,-0.3471,0.9010,-0.2601,0.4252,0.3984,0.8127),
      ["LeftLowerLeg"] = CFrame.new(0.0000,0.1098,-0.0486,1.0000,-0.0000,0.0000,0.0000,0.4983,0.8670,-0.0000,-0.8670,0.4983),
      ["LeftFoot"] = CFrame.new(0.0000,0.0267,0.0000,0.9590,-0.2797,-0.0456,0.2574,0.9270,-0.2728,0.1186,0.2498,0.9610),
    }},
    {Time = 1.967, Data = {
      ["HumanoidRootPart"] = CFrame.new(0.0000,0.0000,0.0000,1.0000,0.0000,0.0000,0.0000,1.0000,0.0000,0.0000,0.0000,1.0000),
      ["LowerTorso"] = CFrame.new(-0.0909,-0.3430,0.0092,-0.2581,0.4416,0.8593,0.2342,0.8915,-0.3878,-0.9373,0.1011,-0.3335),
      ["UpperTorso"] = CFrame.new(0.0000,0.0000,0.0000,0.9806,0.1084,-0.1636,-0.1153,0.9928,-0.0331,0.1588,0.0514,0.9860),
      ["LeftUpperArm"] = CFrame.new(-0.0840,0.0809,-0.1400,0.6577,-0.1702,-0.7338,-0.1908,-0.9800,0.0563,-0.7287,0.1029,-0.6771),
      ["LeftLowerArm"] = CFrame.new(-0.0005,0.0993,0.0879,1.0000,-0.0000,0.0000,0.0000,0.1204,-0.9927,0.0000,0.9927,0.1204),
      ["LeftHand"] = CFrame.new(0.0005,0.0000,0.0000,0.9912,0.1141,-0.0670,-0.1231,0.9809,-0.1504,0.0485,0.1573,0.9864),
      ["Head"] = CFrame.new(0.0000,0.0000,0.0000,0.8813,-0.1894,0.4330,0.2167,0.9761,-0.0141,-0.4200,0.1063,0.9013),
      ["RightUpperArm"] = CFrame.new(0.1695,-0.4387,-0.1117,-0.2357,-0.9414,-0.2413,0.8235,-0.0616,-0.5640,0.5160,-0.3316,0.7898),
      ["RightLowerArm"] = CFrame.new(0.0000,0.0432,0.0099,1.0000,-0.0000,0.0000,0.0000,0.9019,-0.4319,0.0000,0.4319,0.9019),
      ["RightHand"] = CFrame.new(-0.0005,0.0000,0.0000,0.9994,-0.0305,0.0187,0.0288,0.9958,0.0866,-0.0213,-0.0860,0.9961),
      ["RightUpperLeg"] = CFrame.new(0.0000,0.0000,0.0000,0.5331,-0.1070,-0.8393,0.6090,0.7372,0.2928,0.5873,-0.6672,0.4582),
      ["RightLowerLeg"] = CFrame.new(0.0000,0.0317,-0.0031,1.0000,-0.0000,0.0000,0.0000,0.9685,0.2490,-0.0000,-0.2490,0.9685),
      ["RightFoot"] = CFrame.new(0.0000,0.0071,-0.0001,0.8930,0.4399,0.0954,-0.4208,0.8910,-0.1706,-0.1600,0.1122,0.9807),
      ["LeftUpperLeg"] = CFrame.new(0.0000,0.0000,-0.0001,0.8310,0.1535,-0.5347,-0.3424,0.8987,-0.2740,0.4385,0.4108,0.7994),
      ["LeftLowerLeg"] = CFrame.new(0.0000,0.1089,-0.0474,1.0000,-0.0000,0.0000,0.0000,0.5103,0.8600,-0.0000,-0.8600,0.5103),
      ["LeftFoot"] = CFrame.new(0.0000,0.0265,0.0000,0.9587,-0.2807,-0.0466,0.2598,0.9303,-0.2589,0.1160,0.2361,0.9648),
    }},
    {Time = 2.000, Data = {
      ["HumanoidRootPart"] = CFrame.new(0.0000,0.0000,0.0000,1.0000,0.0000,0.0000,0.0000,1.0000,0.0000,0.0000,0.0000,1.0000),
      ["LowerTorso"] = CFrame.new(-0.0899,-0.3403,0.0090,-0.2696,0.4337,0.8598,0.2313,0.8959,-0.3793,-0.9348,0.0966,-0.3418),
      ["UpperTorso"] = CFrame.new(0.0000,0.0000,0.0000,0.9876,0.0890,-0.1292,-0.0943,0.9949,-0.0357,0.1254,0.0475,0.9910),
      ["LeftUpperArm"] = CFrame.new(-0.0793,0.0880,-0.1378,0.6634,-0.1724,-0.7282,-0.1801,-0.9813,0.0682,-0.7263,0.0859,-0.6820),
      ["LeftLowerArm"] = CFrame.new(-0.0005,0.0992,0.0872,1.0000,-0.0000,0.0000,0.0000,0.1270,-0.9919,0.0000,0.9919,0.1270),
      ["LeftHand"] = CFrame.new(0.0005,0.0000,0.0000,0.9922,0.1075,-0.0631,-0.1160,0.9818,-0.1503,0.0458,0.1564,0.9866),
      ["Head"] = CFrame.new(0.0000,0.0000,0.0000,0.8819,-0.1890,0.4319,0.2164,0.9762,-0.0148,-0.4188,0.1065,0.9018),
      ["RightUpperArm"] = CFrame.new(0.2316,-0.4476,-0.1409,-0.0955,-0.9952,0.0198,0.8809,-0.0937,-0.4639,0.4636,-0.0269,0.8857),
      ["RightLowerArm"] = CFrame.new(0.0000,0.0000,0.0000,1.0000,-0.0000,0.0000,0.0000,1.0000,-0.0000,0.0000,0.0000,1.0000),
      ["RightHand"] = CFrame.new(-0.0005,0.0000,0.0000,0.9992,-0.0341,0.0209,0.0342,0.9994,-0.0024,-0.0208,0.0031,0.9998),
      ["RightUpperLeg"] = CFrame.new(0.0000,0.0000,0.0000,0.5212,-0.1003,-0.8475,0.6108,0.7374,0.2883,0.5961,-0.6679,0.4457),
      ["RightLowerLeg"] = CFrame.new(0.0000,0.0303,-0.0029,1.0000,-0.0000,0.0000,0.0000,0.9715,0.2371,-0.0000,-0.2371,0.9715),
      ["RightFoot"] = CFrame.new(0.0000,0.0069,-0.0001,0.8919,0.4416,0.0972,-0.4229,0.8907,-0.1666,-0.1602,0.1074,0.9812),
      ["LeftUpperLeg"] = CFrame.new(0.0000,0.0000,-0.0001,0.8292,0.1441,-0.5401,-0.3395,0.8974,-0.2818,0.4441,0.4170,0.7930),
      ["LeftLowerLeg"] = CFrame.new(0.0000,0.1082,-0.0465,1.0000,-0.0000,0.0000,0.0000,0.5197,0.8543,-0.0000,-0.8543,0.5197),
      ["LeftFoot"] = CFrame.new(0.0000,0.0262,0.0000,0.9586,-0.2809,-0.0467,0.2610,0.9323,-0.2502,0.1139,0.2277,0.9671),
    }},
    {Time = 2.033, Data = {
      ["HumanoidRootPart"] = CFrame.new(0.0000,0.0000,0.0000,1.0000,0.0000,0.0000,0.0000,1.0000,0.0000,0.0000,0.0000,1.0000),
      ["LowerTorso"] = CFrame.new(-0.0889,-0.3378,0.0089,-0.2563,0.4318,0.8648,0.2277,0.8965,-0.3801,-0.9394,0.0995,-0.3281),
      ["UpperTorso"] = CFrame.new(0.0000,0.0000,0.0000,0.9857,0.0947,-0.1392,-0.1004,0.9944,-0.0341,0.1352,0.0476,0.9897),
      ["LeftUpperArm"] = CFrame.new(-0.0746,0.0948,-0.1354,0.6694,-0.1735,-0.7224,-0.1702,-0.9823,0.0782,-0.7232,0.0706,-0.6870),
      ["LeftLowerArm"] = CFrame.new(-0.0005,0.0991,0.0866,1.0000,-0.0000,0.0000,0.0000,0.1334,-0.9911,0.0000,0.9911,0.1334),
      ["LeftHand"] = CFrame.new(0.0005,0.0000,0.0000,0.9932,0.1004,-0.0590,-0.1083,0.9826,-0.1508,0.0428,0.1562,0.9868),
      ["Head"] = CFrame.new(0.0000,0.0000,0.0000,0.8825,-0.1886,0.4309,0.2161,0.9762,-0.0155,-0.4177,0.1068,0.9023),
      ["RightUpperArm"] = CFrame.new(0.1519,-0.4413,-0.1071,0.0162,-0.9632,-0.2685,0.8028,0.1726,-0.5708,0.5961,-0.2063,0.7760),
      ["RightLowerArm"] = CFrame.new(0.0000,0.0512,0.0142,1.0000,-0.0000,0.0000,0.0000,0.8586,-0.5127,0.0000,0.5127,0.8586),
      ["RightHand"] = CFrame.new(-0.0005,0.0000,0.0000,0.9994,-0.0283,0.0174,0.0266,0.9955,0.0907,-0.0199,-0.0902,0.9957),
      ["RightUpperLeg"] = CFrame.new(0.0000,0.0000,0.0000,0.5346,-0.1122,-0.8376,0.6036,0.7444,0.2855,0.5915,-0.6582,0.4657),
      ["RightLowerLeg"] = CFrame.new(0.0000,0.0314,-0.0030,1.0000,-0.0000,0.0000,0.0000,0.9691,0.2468,-0.0000,-0.2468,0.9691),
      ["RightFoot"] = CFrame.new(0.0000,0.0071,-0.0001,0.8941,0.4380,0.0932,-0.4194,0.8920,-0.1688,-0.1571,0.1118,0.9812),
      ["LeftUpperLeg"] = CFrame.new(0.0000,0.0000,-0.0001,0.8352,0.1533,-0.5281,-0.3400,0.8987,-0.2769,0.4322,0.4108,0.8028),
      ["LeftLowerLeg"] = CFrame.new(0.0000,0.1080,-0.0463,1.0000,-0.0000,0.0000,0.0000,0.5231,0.8522,-0.0000,-0.8522,0.5231),
      ["LeftFoot"] = CFrame.new(0.0000,0.0261,0.0000,0.9593,-0.2789,-0.0449,0.2592,0.9322,-0.2528,0.1124,0.2309,0.9665),
    }},
    {Time = 2.067, Data = {
      ["HumanoidRootPart"] = CFrame.new(0.0000,0.0000,0.0000,1.0000,0.0000,0.0000,0.0000,1.0000,0.0000,0.0000,0.0000,1.0000),
      ["LowerTorso"] = CFrame.new(-0.0880,-0.3355,0.0088,-0.2278,0.4336,0.8718,0.2239,0.8947,-0.3865,-0.9476,0.1071,-0.3009),
      ["UpperTorso"] = CFrame.new(0.0000,0.0000,0.0000,0.9776,0.1156,-0.1756,-0.1226,0.9920,-0.0295,0.1708,0.0504,0.9840),
      ["LeftUpperArm"] = CFrame.new(-0.0700,0.1009,-0.1329,0.6756,-0.1735,-0.7165,-0.1612,-0.9832,0.0860,-0.7194,0.0574,-0.6922),
      ["LeftLowerArm"] = CFrame.new(-0.0005,0.0990,0.0860,1.0000,-0.0000,0.0000,0.0000,0.1391,-0.9903,0.0000,0.9903,0.1391),
      ["LeftHand"] = CFrame.new(0.0005,0.0000,0.0000,0.9942,0.0929,-0.0546,-0.1002,0.9833,-0.1521,0.0396,0.1567,0.9869),
      ["Head"] = CFrame.new(0.0000,0.0000,0.0000,0.8830,-0.1882,0.4299,0.2159,0.9763,-0.0160,-0.4167,0.1070,0.9027),
      ["RightUpperArm"] = CFrame.new(0.0785,-0.4322,-0.0746,0.0274,-0.8919,-0.4513,0.7094,0.3355,-0.6198,0.7042,-0.3032,0.6420),
      ["RightLowerArm"] = CFrame.new(0.0000,0.0737,0.0323,1.0000,-0.0000,0.0000,0.0000,0.6761,-0.7369,0.0000,0.7369,0.6761),
      ["RightHand"] = CFrame.new(-0.0005,0.0000,0.0000,0.9999,-0.0146,0.0093,0.0139,0.9972,0.0741,-0.0103,-0.0739,0.9972),
      ["RightUpperLeg"] = CFrame.new(0.0000,0.0000,0.0000,0.5628,-0.1341,-0.8156,0.5909,0.7553,0.2836,0.5780,-0.6416,0.5043),
      ["RightLowerLeg"] = CFrame.new(0.0000,0.0341,-0.0036,1.0000,-0.0000,0.0000,0.0000,0.9632,0.2688,-0.0000,-0.2688,0.9632),
      ["RightFoot"] = CFrame.new(0.0000,0.0076,-0.0001,0.8981,0.4314,0.0859,-0.4128,0.8940,-0.1742,-0.1519,0.1210,0.9810),
      ["LeftUpperLeg"] = CFrame.new(0.0000,0.0000,-0.0001,0.8454,0.1735,-0.5052,-0.3430,0.9014,-0.2643,0.4095,0.3967,0.8216),
      ["LeftLowerLeg"] = CFrame.new(0.0000,0.1079,-0.0462,1.0000,-0.0000,0.0000,0.0000,0.5229,0.8524,-0.0000,-0.8524,0.5229),
      ["LeftFoot"] = CFrame.new(0.0000,0.0261,0.0000,0.9603,-0.2759,-0.0421,0.2558,0.9305,-0.2623,0.1116,0.2411,0.9641),
    }},
    {Time = 2.100, Data = {
      ["HumanoidRootPart"] = CFrame.new(0.0000,0.0000,0.0000,1.0000,0.0000,0.0000,0.0000,1.0000,0.0000,0.0000,0.0000,1.0000),
      ["LowerTorso"] = CFrame.new(-0.0873,-0.3335,0.0087,-0.2100,0.4333,0.8765,0.2211,0.8943,-0.3891,-0.9524,0.1121,-0.2836),
      ["UpperTorso"] = CFrame.new(0.0000,0.0000,0.0000,0.9726,0.1268,-0.1949,-0.1344,0.9906,-0.0266,0.1897,0.0520,0.9805),
      ["LeftUpperArm"] = CFrame.new(-0.0653,0.1065,-0.1301,0.6823,-0.1722,-0.7105,-0.1530,-0.9840,0.0915,-0.7148,0.0462,-0.6978),
      ["LeftLowerArm"] = CFrame.new(-0.0005,0.0989,0.0855,1.0000,-0.0000,0.0000,0.0000,0.1441,-0.9896,0.0000,0.9896,0.1441),
      ["LeftHand"] = CFrame.new(0.0005,0.0000,0.0000,0.9952,0.0848,-0.0499,-0.0915,0.9838,-0.1540,0.0360,0.1578,0.9868),
      ["Head"] = CFrame.new(0.0000,0.0000,0.0000,0.8835,-0.1879,0.4291,0.2157,0.9763,-0.0165,-0.4159,0.1072,0.9031),
      ["RightUpperArm"] = CFrame.new(0.1408,-0.4401,-0.1021,-0.0384,-0.9450,-0.3249,0.7873,0.1717,-0.5922,0.6154,-0.2786,0.7373),
      ["RightLowerArm"] = CFrame.new(0.0000,0.0547,0.0164,1.0000,-0.0000,0.0000,0.0000,0.8365,-0.5479,0.0000,0.5479,0.8365),
      ["RightHand"] = CFrame.new(-0.0005,0.0000,0.0000,0.9995,-0.0269,0.0166,0.0253,0.9956,0.0907,-0.0189,-0.0902,0.9957),
      ["RightUpperLeg"] = CFrame.new(0.0000,0.0000,0.0000,0.5801,-0.1466,-0.8012,0.5820,0.7628,0.2818,0.5698,-0.6298,0.5278),
      ["RightLowerLeg"] = CFrame.new(0.0000,0.0355,-0.0039,1.0000,-0.0000,0.0000,0.0000,0.9598,0.2806,-0.0000,-0.2806,0.9598),
      ["RightFoot"] = CFrame.new(0.0000,0.0078,-0.0001,0.9006,0.4271,0.0811,-0.4087,0.8954,-0.1765,-0.1480,0.1258,0.9810),
      ["LeftUpperLeg"] = CFrame.new(0.0000,0.0000,-0.0001,0.8515,0.1861,-0.4902,-0.3452,0.9027,-0.2570,0.3946,0.3881,0.8329),
      ["LeftLowerLeg"] = CFrame.new(0.0000,0.1078,-0.0461,1.0000,-0.0000,0.0000,0.0000,0.5241,0.8517,-0.0000,-0.8517,0.5241),
      ["LeftFoot"] = CFrame.new(0.0000,0.0261,0.0000,0.9609,-0.2739,-0.0404,0.2538,0.9295,-0.2675,0.1108,0.2468,0.9627),
    }},
    {Time = 2.133, Data = {
      ["HumanoidRootPart"] = CFrame.new(0.0000,0.0000,0.0000,1.0000,0.0000,0.0000,0.0000,1.0000,0.0000,0.0000,0.0000,1.0000),
      ["LowerTorso"] = CFrame.new(-0.0867,-0.3320,0.0086,-0.2209,0.4277,0.8765,0.2210,0.8973,-0.3822,-0.9499,0.1093,-0.2927),
      ["UpperTorso"] = CFrame.new(0.0000,0.0000,0.0000,0.9789,0.1128,-0.1704,-0.1195,0.9924,-0.0291,0.1659,0.0488,0.9849),
      ["LeftUpperArm"] = CFrame.new(-0.0608,0.1112,-0.1271,0.6895,-0.1695,-0.7042,-0.1457,-0.9848,0.0944,-0.7095,0.0375,-0.7037),
      ["LeftLowerArm"] = CFrame.new(-0.0005,0.0989,0.0851,1.0000,-0.0000,0.0000,0.0000,0.1479,-0.9890,0.0000,0.9890,0.1479),
      ["LeftHand"] = CFrame.new(0.0005,0.0000,0.0000,0.9961,0.0762,-0.0448,-0.0823,0.9842,-0.1565,0.0322,0.1596,0.9867),
      ["Head"] = CFrame.new(0.0000,0.0000,0.0000,0.8838,-0.1877,0.4285,0.2155,0.9764,-0.0169,-0.4152,0.1073,0.9034),
      ["RightUpperArm"] = CFrame.new(0.2266,-0.4489,-0.1402,-0.1121,-0.9936,-0.0164,0.8633,-0.0892,-0.4967,0.4920,-0.0699,0.8678),
      ["RightLowerArm"] = CFrame.new(0.0000,0.0034,0.0005,1.0000,-0.0000,0.0000,0.0000,0.9994,-0.0345,0.0000,0.0345,0.9994),
      ["RightHand"] = CFrame.new(-0.0005,0.0000,0.0000,0.9992,-0.0340,0.0208,0.0339,0.9994,0.0062,-0.0210,-0.0055,0.9998),
      ["RightUpperLeg"] = CFrame.new(0.0000,0.0000,0.0000,0.5700,-0.1383,-0.8099,0.5837,0.7619,0.2807,0.5782,-0.6328,0.5150),
      ["RightLowerLeg"] = CFrame.new(0.0000,0.0341,-0.0036,1.0000,-0.0000,0.0000,0.0000,0.9632,0.2688,-0.0000,-0.2688,0.9632),
      ["RightFoot"] = CFrame.new(0.0000,0.0076,-0.0001,0.8996,0.4288,0.0830,-0.4108,0.8953,-0.1725,-0.1483,0.1211,0.9815),
      ["LeftUpperLeg"] = CFrame.new(0.0000,0.0000,-0.0001,0.8489,0.1783,-0.4976,-0.3441,0.9010,-0.2642,0.4012,0.3955,0.8262),
      ["LeftLowerLeg"] = CFrame.new(0.0000,0.1074,-0.0456,1.0000,-0.0000,0.0000,0.0000,0.5291,0.8485,-0.0000,-0.8485,0.5291),
      ["LeftFoot"] = CFrame.new(0.0000,0.0260,0.0000,0.9607,-0.2745,-0.0409,0.2549,0.9310,-0.2612,0.1098,0.2405,0.9644),
    }},
    {Time = 2.167, Data = {
      ["HumanoidRootPart"] = CFrame.new(0.0000,0.0000,0.0000,1.0000,0.0000,0.0000,0.0000,1.0000,0.0000,0.0000,0.0000,1.0000),
      ["LowerTorso"] = CFrame.new(-0.0863,-0.3310,0.0085,-0.2422,0.4207,0.8742,0.2222,0.9012,-0.3721,-0.9444,0.1041,-0.3118),
      ["UpperTorso"] = CFrame.new(0.0000,0.0000,0.0000,0.9874,0.0898,-0.1301,-0.0948,0.9949,-0.0329,0.1265,0.0448,0.9910),
      ["LeftUpperArm"] = CFrame.new(-0.0565,0.1151,-0.1239,0.6970,-0.1653,-0.6978,-0.1394,-0.9857,0.0942,-0.7034,0.0316,-0.7101),
      ["LeftLowerArm"] = CFrame.new(-0.0005,0.0989,0.0849,1.0000,-0.0000,0.0000,0.0000,0.1503,-0.9886,0.0000,0.9886,0.1503),
      ["LeftHand"] = CFrame.new(0.0005,0.0000,0.0000,0.9970,0.0672,-0.0396,-0.0727,0.9845,-0.1597,0.0282,0.1621,0.9864),
      ["Head"] = CFrame.new(0.0000,0.0000,0.0000,0.8841,-0.1875,0.4281,0.2154,0.9764,-0.0172,-0.4148,0.1074,0.9036),
      ["RightUpperArm"] = CFrame.new(0.1898,-0.4445,-0.1228,-0.0880,-0.9892,-0.1176,0.8225,-0.0055,-0.5688,0.5620,-0.1467,0.8140),
      ["RightLowerArm"] = CFrame.new(0.0000,0.0345,0.0067,1.0000,-0.0000,0.0000,0.0000,0.9379,-0.3468,0.0000,0.3468,0.9379),
      ["RightHand"] = CFrame.new(-0.0005,0.0000,0.0000,0.9993,-0.0318,0.0194,0.0302,0.9967,0.0749,-0.0218,-0.0742,0.9970),
      ["RightUpperLeg"] = CFrame.new(0.0000,0.0000,0.0000,0.5495,-0.1214,-0.8266,0.5893,0.7577,0.2804,0.5923,-0.6412,0.4879),
      ["RightLowerLeg"] = CFrame.new(0.0000,0.0316,-0.0031,1.0000,-0.0000,0.0000,0.0000,0.9688,0.2478,-0.0000,-0.2478,0.9688),
      ["RightFoot"] = CFrame.new(0.0000,0.0071,-0.0001,0.8972,0.4328,0.0875,-0.4153,0.8944,-0.1660,-0.1501,0.1126,0.9822),
      ["LeftUpperLeg"] = CFrame.new(0.0000,0.0000,-0.0001,0.8425,0.1633,-0.5134,-0.3424,0.8980,-0.2763,0.4159,0.4086,0.8125),
      ["LeftLowerLeg"] = CFrame.new(0.0000,0.1069,-0.0451,1.0000,-0.0000,0.0000,0.0000,0.5349,0.8449,-0.0000,-0.8449,0.5349),
      ["LeftFoot"] = CFrame.new(0.0000,0.0258,0.0000,0.9602,-0.2761,-0.0424,0.2573,0.9332,-0.2510,0.1088,0.2301,0.9671),
    }},
    {Time = 2.200, Data = {
      ["HumanoidRootPart"] = CFrame.new(0.0000,0.0000,0.0000,1.0000,0.0000,0.0000,0.0000,1.0000,0.0000,0.0000,0.0000,1.0000),
      ["LowerTorso"] = CFrame.new(-0.0862,-0.3307,0.0085,-0.2488,0.4175,0.8740,0.2234,0.9027,-0.3676,-0.9424,0.1038,-0.3179),
      ["UpperTorso"] = CFrame.new(0.0000,0.0000,0.0000,0.9897,0.0823,-0.1169,-0.0867,0.9957,-0.0339,0.1136,0.0437,0.9926),
      ["LeftUpperArm"] = CFrame.new(-0.0524,0.1181,-0.1206,0.7051,-0.1594,-0.6910,-0.1341,-0.9868,0.0907,-0.6963,0.0287,-0.7171),
      ["LeftLowerArm"] = CFrame.new(-0.0005,0.0989,0.0848,1.0000,-0.0000,0.0000,0.0000,0.1511,-0.9885,0.0000,0.9885,0.1511),
      ["LeftHand"] = CFrame.new(0.0005,0.0000,0.0000,0.9978,0.0575,-0.0339,-0.0623,0.9846,-0.1636,0.0240,0.1653,0.9859),
      ["Head"] = CFrame.new(0.0000,0.0000,0.0000,0.8842,-0.1874,0.4279,0.2153,0.9764,-0.0173,-0.4146,0.1074,0.9036),
      ["RightUpperArm"] = CFrame.new(0.0926,-0.4297,-0.0822,0.0158,-0.9549,-0.2966,0.7105,0.2195,-0.6686,0.7035,-0.2002,0.6819),
      ["RightLowerArm"] = CFrame.new(0.0000,0.0715,0.0304,1.0000,-0.0000,0.0000,0.0000,0.6974,-0.7167,0.0000,0.7167,0.6974),
      ["RightHand"] = CFrame.new(-0.0005,0.0000,0.0000,0.9998,-0.0162,0.0102,0.0154,0.9969,0.0766,-0.0114,-0.0764,0.9970),
      ["RightUpperLeg"] = CFrame.new(0.0000,0.0000,0.0000,0.5435,-0.1143,-0.8316,0.5896,0.7572,0.2812,0.5975,-0.6431,0.4789),
      ["RightLowerLeg"] = CFrame.new(0.0000,0.0305,-0.0029,1.0000,-0.0000,0.0000,0.0000,0.9710,0.2392,-0.0000,-0.2392,0.9710),
      ["RightFoot"] = CFrame.new(0.0000,0.0069,-0.0001,0.8965,0.4340,0.0888,-0.4168,0.8943,-0.1629,-0.1501,0.1091,0.9826),
      ["LeftUpperLeg"] = CFrame.new(0.0000,0.0000,-0.0001,0.8400,0.1592,-0.5187,-0.3434,0.8962,-0.2810,0.4202,0.4141,0.8074),
      ["LeftLowerLeg"] = CFrame.new(0.0000,0.1068,-0.0449,1.0000,-0.0000,0.0000,0.0000,0.5362,0.8441,-0.0000,-0.8441,0.5362),
      ["LeftFoot"] = CFrame.new(0.0000,0.0258,0.0000,0.9600,-0.2768,-0.0430,0.2581,0.9337,-0.2480,0.1087,0.2270,0.9678),
    }},
    {Time = 2.233, Data = {
      ["HumanoidRootPart"] = CFrame.new(0.0000,0.0000,0.0000,1.0000,0.0000,0.0000,0.0000,1.0000,0.0000,0.0000,0.0000,1.0000),
      ["LowerTorso"] = CFrame.new(-0.0859,-0.3310,0.0116,-0.2394,0.4186,0.8761,0.2258,0.9016,-0.3690,-0.9443,0.1095,-0.3103),
      ["UpperTorso"] = CFrame.new(0.0000,0.0000,0.0000,0.9861,0.0946,-0.1366,-0.0998,0.9945,-0.0319,0.1329,0.0451,0.9901),
      ["LeftUpperArm"] = CFrame.new(-0.0497,0.1164,-0.1185,0.7153,-0.1291,-0.6868,-0.1345,-0.9898,0.0461,-0.6858,0.0594,-0.7254),
      ["LeftLowerArm"] = CFrame.new(-0.0005,0.0991,0.0866,1.0000,-0.0000,0.0000,0.0000,0.1333,-0.9911,0.0000,0.9911,0.1333),
      ["LeftHand"] = CFrame.new(0.0005,0.0000,0.0000,0.9985,0.0466,-0.0275,-0.0504,0.9857,-0.1610,0.0196,0.1622,0.9866),
      ["Head"] = CFrame.new(0.0000,0.0000,0.0000,0.8817,-0.1860,0.4336,0.2129,0.9770,-0.0140,-0.4210,0.1047,0.9010),
      ["RightUpperArm"] = CFrame.new(0.0462,-0.4224,-0.0663,0.1207,-0.9223,-0.3671,0.6539,0.3521,-0.6696,0.7469,-0.1592,0.6456),
      ["RightLowerArm"] = CFrame.new(0.0000,0.0817,0.0422,1.0000,-0.0000,0.0000,0.0000,0.5769,-0.8168,0.0000,0.8168,0.5769),
      ["RightHand"] = CFrame.new(-0.0005,0.0000,0.0000,1.0000,-0.0034,0.0027,0.0033,0.9986,0.0537,-0.0029,-0.0537,0.9986),
      ["RightUpperLeg"] = CFrame.new(0.0000,0.0000,0.0000,0.5527,-0.1170,-0.8251,0.5848,0.7599,0.2839,0.5938,-0.6394,0.4884),
      ["RightLowerLeg"] = CFrame.new(0.0000,0.0306,-0.0028,1.0000,-0.0000,0.0000,0.0000,0.9708,0.2400,-0.0000,-0.2400,0.9708),
      ["RightFoot"] = CFrame.new(0.0000,0.0069,-0.0001,0.8972,0.4329,0.0876,-0.4162,0.8950,-0.1602,-0.1477,0.1073,0.9832),
      ["LeftUpperLeg"] = CFrame.new(0.0000,0.0000,-0.0001,0.8418,0.1647,-0.5140,-0.3459,0.8957,-0.2793,0.4144,0.4129,0.8110),
      ["LeftLowerLeg"] = CFrame.new(0.0000,0.1073,-0.0455,1.0000,-0.0000,0.0000,0.0000,0.5304,0.8477,-0.0000,-0.8477,0.5304),
      ["LeftFoot"] = CFrame.new(0.0000,0.0259,0.0000,0.9607,-0.2747,-0.0411,0.2559,0.9329,-0.2535,0.1079,0.2330,0.9665),
    }},
    {Time = 2.267, Data = {
      ["HumanoidRootPart"] = CFrame.new(0.0000,0.0000,0.0000,1.0000,0.0000,0.0000,0.0000,1.0000,0.0000,0.0000,0.0000,1.0000),
      ["LowerTorso"] = CFrame.new(-0.0852,-0.3321,0.0206,-0.2316,0.4200,0.8775,0.2310,0.8999,-0.3698,-0.9450,0.1171,-0.3054),
      ["UpperTorso"] = CFrame.new(0.0000,0.0000,0.0000,0.9808,0.1112,-0.1605,-0.1172,0.9927,-0.0287,0.1561,0.0470,0.9866),
      ["LeftUpperArm"] = CFrame.new(-0.0490,0.1070,-0.1186,0.7305,-0.0540,-0.6808,-0.1440,-0.9866,-0.0762,-0.6676,0.1537,-0.7285),
      ["LeftLowerArm"] = CFrame.new(-0.0005,0.0996,0.0916,1.0000,-0.0000,0.0000,0.0000,0.0832,-0.9965,0.0000,0.9965,0.0832),
      ["LeftHand"] = CFrame.new(0.0005,0.0000,0.0000,0.9992,0.0334,-0.0198,-0.0360,0.9885,-0.1467,0.0147,0.1473,0.9890),
      ["Head"] = CFrame.new(0.0000,0.0000,0.0000,0.8744,-0.1818,0.4498,0.2053,0.9787,-0.0037,-0.4396,0.0956,0.8931),
      ["RightUpperArm"] = CFrame.new(0.0739,-0.4305,-0.0780,0.1555,-0.9271,-0.3410,0.6906,0.3489,-0.6336,0.7064,-0.1370,0.6945),
      ["RightLowerArm"] = CFrame.new(0.0000,0.0758,0.0348,1.0000,-0.0000,0.0000,0.0000,0.6523,-0.7580,0.0000,0.7580,0.6523),
      ["RightHand"] = CFrame.new(-0.0005,0.0000,0.0000,0.9999,-0.0120,0.0078,0.0114,0.9975,0.0694,-0.0086,-0.0693,0.9976),
      ["RightUpperLeg"] = CFrame.new(0.0000,0.0000,0.0000,0.5593,-0.1151,-0.8209,0.5814,0.7604,0.2895,0.5909,-0.6392,0.4922),
      ["RightLowerLeg"] = CFrame.new(0.0000,0.0294,-0.0026,1.0000,-0.0000,0.0000,0.0000,0.9732,0.2300,-0.0000,-0.2300,0.9732),
      ["RightFoot"] = CFrame.new(0.0000,0.0067,-0.0001,0.8966,0.4339,0.0887,-0.4186,0.8957,-0.1502,-0.1446,0.0975,0.9847),
      ["LeftUpperLeg"] = CFrame.new(0.0000,0.0000,-0.0001,0.8424,0.1655,-0.5128,-0.3467,0.8949,-0.2809,0.4124,0.4144,0.8113),
      ["LeftLowerLeg"] = CFrame.new(0.0000,0.1082,-0.0465,1.0000,-0.0000,0.0000,0.0000,0.5199,0.8543,-0.0000,-0.8543,0.5199),
      ["LeftFoot"] = CFrame.new(0.0000,0.0262,0.0000,0.9622,-0.2699,-0.0367,0.2516,0.9323,-0.2599,0.1044,0.2408,0.9649),
    }},
    {Time = 2.300, Data = {
      ["HumanoidRootPart"] = CFrame.new(0.0000,0.0000,0.0000,1.0000,0.0000,0.0000,0.0000,1.0000,0.0000,0.0000,0.0000,1.0000),
      ["LowerTorso"] = CFrame.new(-0.0839,-0.3333,0.0338,-0.2435,0.4176,0.8754,0.2390,0.9006,-0.3631,-0.9400,0.1208,-0.3191),
      ["UpperTorso"] = CFrame.new(0.0000,0.0000,0.0000,0.9813,0.1128,-0.1559,-0.1185,0.9926,-0.0281,0.1516,0.0460,0.9874),
      ["LeftUpperArm"] = CFrame.new(-0.0486,0.0919,-0.1195,0.7525,0.0530,-0.6565,-0.1589,-0.9527,-0.2590,-0.6392,0.2992,-0.7085),
      ["LeftLowerArm"] = CFrame.new(-0.0005,0.0999,0.0986,1.0000,-0.0000,0.0000,0.0000,0.0128,-0.9999,0.0000,0.9999,0.0128),
      ["LeftHand"] = CFrame.new(0.0005,0.0000,0.0000,0.9998,0.0182,-0.0109,-0.0194,0.9917,-0.1274,0.0085,0.1276,0.9918),
      ["Head"] = CFrame.new(0.0000,0.0000,0.0000,0.8632,-0.1759,0.4732,0.1925,0.9812,0.0136,-0.4667,0.0794,0.8808),
      ["RightUpperArm"] = CFrame.new(0.1596,-0.4453,-0.1137,0.0713,-0.9720,-0.2239,0.7683,0.1967,-0.6092,0.6361,-0.1286,0.7608),
      ["RightLowerArm"] = CFrame.new(0.0000,0.0478,0.0128,1.0000,-0.0000,0.0000,0.0000,0.8768,-0.4808,0.0000,0.4808,0.8768),
      ["RightHand"] = CFrame.new(-0.0005,0.0000,0.0000,0.9994,-0.0288,0.0177,0.0271,0.9958,0.0870,-0.0201,-0.0865,0.9961),
      ["RightUpperLeg"] = CFrame.new(0.0000,0.0000,0.0000,0.5461,-0.0945,-0.8324,0.5854,0.7538,0.2984,0.5993,-0.6502,0.4669),
      ["RightLowerLeg"] = CFrame.new(0.0000,0.0249,-0.0018,1.0000,-0.0000,0.0000,0.0000,0.9812,0.1928,-0.0000,-0.1928,0.9812),
      ["RightFoot"] = CFrame.new(0.0000,0.0058,-0.0001,0.8929,0.4401,0.0955,-0.4273,0.8949,-0.1287,-0.1421,0.0741,0.9871),
      ["LeftUpperLeg"] = CFrame.new(0.0000,0.0000,-0.0001,0.8365,0.1491,-0.5273,-0.3440,0.8919,-0.2936,0.4265,0.4269,0.7974),
      ["LeftLowerLeg"] = CFrame.new(0.0000,0.1089,-0.0474,1.0000,-0.0000,0.0000,0.0000,0.5105,0.8599,-0.0000,-0.8599,0.5105),
      ["LeftFoot"] = CFrame.new(0.0000,0.0265,0.0000,0.9638,-0.2648,-0.0320,0.2479,0.9337,-0.2583,0.0983,0.2410,0.9655),
    }},
    {Time = 2.333, Data = {
      ["HumanoidRootPart"] = CFrame.new(0.0000,0.0000,0.0000,1.0000,0.0000,0.0000,0.0000,1.0000,0.0000,0.0000,0.0000,1.0000),
      ["LowerTorso"] = CFrame.new(-0.0822,-0.3337,0.0488,-0.2680,0.4123,0.8708,0.2480,0.9029,-0.3512,-0.9310,0.1218,-0.3442),
      ["UpperTorso"] = CFrame.new(0.0000,0.0000,0.0000,0.9859,0.1036,-0.1314,-0.1083,0.9937,-0.0294,0.1275,0.0432,0.9909),
      ["LeftUpperArm"] = CFrame.new(-0.0466,0.0736,-0.1193,0.7820,0.1701,-0.5996,-0.1737,-0.8644,-0.4718,-0.5985,0.4732,-0.6464),
      ["LeftLowerArm"] = CFrame.new(-0.0005,0.0998,0.1062,1.0000,-0.0000,0.0000,0.0000,-0.0634,-0.9980,0.0000,0.9980,-0.0634),
      ["LeftHand"] = CFrame.new(0.0005,0.0000,0.0000,1.0000,0.0015,-0.0011,-0.0016,0.9939,-0.1106,0.0009,0.1106,0.9939),
      ["Head"] = CFrame.new(0.0000,0.0000,0.0000,0.8494,-0.1696,0.4997,0.1746,0.9839,0.0372,-0.4980,0.0556,0.8654),
      ["RightUpperArm"] = CFrame.new(0.2313,-0.4562,-0.1482,-0.0432,-0.9980,-0.0463,0.8123,-0.0081,-0.5832,0.5817,-0.0628,0.8110),
      ["RightLowerArm"] = CFrame.new(0.0000,0.0046,0.0003,1.0000,-0.0000,0.0000,0.0000,0.9989,-0.0466,0.0000,0.0466,0.9989),
      ["RightHand"] = CFrame.new(-0.0005,0.0000,0.0000,0.9992,-0.0341,0.0209,0.0336,0.9991,0.0265,-0.0217,-0.0258,0.9994),
      ["RightUpperLeg"] = CFrame.new(0.0000,0.0000,0.0000,0.5200,-0.0592,-0.8521,0.5933,0.7426,0.3105,0.6144,-0.6671,0.4213),
      ["RightLowerLeg"] = CFrame.new(0.0000,0.0175,-0.0009,1.0000,-0.0000,0.0000,0.0000,0.9910,0.1337,-0.0000,-0.1337,0.9910),
      ["RightFoot"] = CFrame.new(0.0000,0.0043,-0.0001,0.8873,0.4490,0.1054,-0.4400,0.8926,-0.0982,-0.1382,0.0407,0.9896),
      ["LeftUpperLeg"] = CFrame.new(0.0000,0.0000,-0.0001,0.8260,0.1221,-0.5503,-0.3394,0.8872,-0.3126,0.4501,0.4449,0.7742),
      ["LeftLowerLeg"] = CFrame.new(0.0000,0.1094,-0.0480,1.0000,-0.0000,0.0000,0.0000,0.5040,0.8637,-0.0000,-0.8637,0.5040),
      ["LeftFoot"] = CFrame.new(0.0000,0.0266,0.0000,0.9653,-0.2597,-0.0275,0.2449,0.9367,-0.2505,0.0908,0.2350,0.9677),
    }},
    {Time = 2.367, Data = {
      ["HumanoidRootPart"] = CFrame.new(0.0000,0.0000,0.0000,1.0000,0.0000,0.0000,0.0000,1.0000,0.0000,0.0000,0.0000,1.0000),
      ["LowerTorso"] = CFrame.new(-0.0799,-0.3328,0.0640,-0.2763,0.4091,0.8696,0.2563,0.9035,-0.3436,-0.9263,0.1280,-0.3545),
      ["UpperTorso"] = CFrame.new(0.0000,0.0000,0.0000,0.9852,0.1091,-0.1326,-0.1138,0.9931,-0.0281,0.1286,0.0428,0.9908),
      ["LeftUpperArm"] = CFrame.new(-0.0420,0.0547,-0.1169,0.8189,0.2719,-0.5054,-0.1838,-0.7100,-0.6798,-0.5437,0.6496,-0.5315),
      ["LeftLowerArm"] = CFrame.new(-0.0005,0.0991,0.1133,1.0000,-0.0000,0.0000,0.0000,-0.1337,-0.9910,0.0000,0.9910,-0.1337),
      ["LeftHand"] = CFrame.new(0.0005,0.0000,0.0000,0.9998,-0.0162,0.0093,0.0170,0.9947,-0.1018,-0.0076,0.1020,0.9948),
      ["Head"] = CFrame.new(0.0000,0.0000,0.0000,0.8346,-0.1641,0.5258,0.1515,0.9862,0.0672,-0.5295,0.0235,0.8480),
      ["RightUpperArm"] = CFrame.new(0.2001,-0.4507,-0.1319,-0.0427,-0.9943,-0.0981,0.7909,0.0263,-0.6114,0.6105,-0.1037,0.7852),
      ["RightLowerArm"] = CFrame.new(0.0000,0.0245,0.0049,1.0000,-0.0000,0.0000,0.0000,0.9687,-0.2484,0.0000,0.2484,0.9687),
      ["RightHand"] = CFrame.new(-0.0005,0.0000,0.0000,0.9993,-0.0324,0.0199,0.0314,0.9982,0.0517,-0.0215,-0.0511,0.9985),
      ["RightUpperLeg"] = CFrame.new(0.0000,0.0000,0.0000,0.5106,-0.0321,-0.8592,0.5940,0.7357,0.3255,0.6217,-0.6766,0.3947),
      ["RightLowerLeg"] = CFrame.new(0.0000,0.0107,-0.0003,1.0000,-0.0000,0.0000,0.0000,0.9968,0.0802,-0.0000,-0.0802,0.9968),
      ["RightFoot"] = CFrame.new(0.0000,0.0028,-0.0001,0.8841,0.4539,0.1110,-0.4490,0.8910,-0.0674,-0.1295,0.0098,0.9915),
      ["LeftUpperLeg"] = CFrame.new(0.0000,0.0000,-0.0001,0.8205,0.1074,-0.5615,-0.3371,0.8842,-0.3235,0.4617,0.4547,0.7617),
      ["LeftLowerLeg"] = CFrame.new(0.0000,0.1099,-0.0488,1.0000,-0.0000,0.0000,0.0000,0.4965,0.8680,-0.0000,-0.8680,0.4965),
      ["LeftFoot"] = CFrame.new(0.0000,0.0267,0.0000,0.9673,-0.2529,-0.0213,0.2399,0.9385,-0.2483,0.0828,0.2351,0.9684),
    }},
    {Time = 2.400, Data = {
      ["HumanoidRootPart"] = CFrame.new(0.0000,0.0000,0.0000,1.0000,0.0000,0.0000,0.0000,1.0000,0.0000,0.0000,0.0000,1.0000),
      ["LowerTorso"] = CFrame.new(-0.0771,-0.3298,0.0771,-0.2686,0.4075,0.8728,0.2633,0.9027,-0.3404,-0.9266,0.1383,-0.3497),
      ["UpperTorso"] = CFrame.new(0.0000,0.0000,0.0000,0.9796,0.1266,-0.1559,-0.1320,0.9909,-0.0247,0.1514,0.0448,0.9875),
      ["LeftUpperArm"] = CFrame.new(-0.0346,0.0380,-0.1117,0.8603,0.3305,-0.3882,-0.1862,-0.5052,-0.8427,-0.4746,0.7972,-0.3731),
      ["LeftLowerArm"] = CFrame.new(-0.0005,0.0982,0.1186,1.0000,-0.0000,0.0000,0.0000,-0.1870,-0.9824,0.0000,0.9824,-0.1870),
      ["LeftHand"] = CFrame.new(0.0005,0.0000,0.0000,0.9993,-0.0331,0.0193,0.0350,0.9940,-0.1037,-0.0157,0.1043,0.9944),
      ["Head"] = CFrame.new(0.0000,0.0000,0.0000,0.8213,-0.1603,0.5475,0.1240,0.9869,0.1030,-0.5569,-0.0167,0.8304),
      ["RightUpperArm"] = CFrame.new(0.1005,-0.4310,-0.0867,0.0559,-0.9657,-0.2537,0.7288,0.2132,-0.6507,0.6825,-0.1485,0.7157),
      ["RightLowerArm"] = CFrame.new(0.0000,0.0698,0.0286,1.0000,-0.0000,0.0000,0.0000,0.7149,-0.6992,0.0000,0.6992,0.7149),
      ["RightHand"] = CFrame.new(-0.0005,0.0000,0.0000,0.9998,-0.0178,0.0112,0.0168,0.9967,0.0793,-0.0125,-0.0791,0.9968),
      ["RightUpperLeg"] = CFrame.new(0.0000,0.0000,0.0000,0.5185,-0.0158,-0.8550,0.5867,0.7340,0.3422,0.6221,-0.6790,0.3898),
      ["RightLowerLeg"] = CFrame.new(0.0000,0.0051,-0.0001,1.0000,-0.0000,0.0000,0.0000,0.9993,0.0378,-0.0000,-0.0378,0.9993),
      ["RightFoot"] = CFrame.new(0.0000,0.0014,-0.0001,0.8839,0.4543,0.1114,-0.4528,0.8907,-0.0398,-0.1173,-0.0152,0.9930),
      ["LeftUpperLeg"] = CFrame.new(0.0000,0.0000,-0.0001,0.8210,0.1068,-0.5609,-0.3375,0.8831,-0.3259,0.4605,0.4569,0.7610),
      ["LeftLowerLeg"] = CFrame.new(0.0000,0.1103,-0.0494,1.0000,-0.0000,0.0000,0.0000,0.4903,0.8716,-0.0000,-0.8716,0.4903),
      ["LeftFoot"] = CFrame.new(0.0000,0.0268,0.0000,0.9693,-0.2453,-0.0145,0.2340,0.9393,-0.2511,0.0752,0.2400,0.9678),
    }},
    {Time = 2.433, Data = {
      ["HumanoidRootPart"] = CFrame.new(0.0000,0.0000,0.0000,1.0000,0.0000,0.0000,0.0000,1.0000,0.0000,0.0000,0.0000,1.0000),
      ["LowerTorso"] = CFrame.new(-0.0739,-0.3242,0.0860,-0.2633,0.4029,0.8766,0.2681,0.9034,-0.3347,-0.9267,0.1469,-0.3458),
      ["UpperTorso"] = CFrame.new(0.0000,0.0000,0.0000,0.9766,0.1356,-0.1670,-0.1413,0.9897,-0.0230,0.1622,0.0461,0.9857),
      ["LeftUpperArm"] = CFrame.new(-0.0252,0.0245,-0.1042,0.9023,0.3312,-0.2759,-0.1821,-0.2872,-0.9404,-0.3907,0.8988,-0.1988),
      ["LeftLowerArm"] = CFrame.new(-0.0005,0.0977,0.1215,1.0000,-0.0000,0.0000,0.0000,-0.2156,-0.9765,0.0000,0.9765,-0.2156),
      ["LeftHand"] = CFrame.new(0.0005,0.0000,0.0000,0.9985,-0.0475,0.0277,0.0503,0.9922,-0.1138,-0.0221,0.1150,0.9931),
      ["Head"] = CFrame.new(0.0000,0.0000,0.0000,0.8120,-0.1590,0.5615,0.0930,0.9851,0.1445,-0.5762,-0.0651,0.8147),
      ["RightUpperArm"] = CFrame.new(0.1092,-0.4312,-0.0882,0.0257,-0.9673,-0.2523,0.7639,0.1818,-0.6192,0.6449,-0.1768,0.7436),
      ["RightLowerArm"] = CFrame.new(0.0000,0.0673,0.0263,1.0000,-0.0000,0.0000,0.0000,0.7384,-0.6744,0.0000,0.6744,0.7384),
      ["RightHand"] = CFrame.new(-0.0005,0.0000,0.0000,0.9997,-0.0198,0.0124,0.0187,0.9964,0.0828,-0.0140,-0.0825,0.9965),
      ["RightUpperLeg"] = CFrame.new(0.0000,0.0000,0.0000,0.5251,-0.0018,-0.8510,0.5775,0.7352,0.3548,0.6251,-0.6778,0.3871),
      ["RightLowerLeg"] = CFrame.new(0.0000,-0.0004,-0.0000,1.0000,-0.0000,0.0000,0.0000,1.0000,0.0032,-0.0000,-0.0032,1.0000),
      ["RightFoot"] = CFrame.new(0.0000,-0.0007,-0.0001,0.8845,0.4533,0.1103,-0.4543,0.8907,-0.0178,-0.1063,-0.0344,0.9937),
      ["LeftUpperLeg"] = CFrame.new(0.0000,0.0000,-0.0001,0.8214,0.1079,-0.5600,-0.3391,0.8819,-0.3274,0.4585,0.4588,0.7611),
      ["LeftLowerLeg"] = CFrame.new(0.0000,0.1102,-0.0492,1.0000,-0.0000,0.0000,0.0000,0.4923,0.8704,-0.0000,-0.8704,0.4923),
      ["LeftFoot"] = CFrame.new(0.0000,0.0268,0.0000,0.9708,-0.2396,-0.0094,0.2298,0.9407,-0.2495,0.0686,0.2401,0.9683),
    }},
    {Time = 2.467, Data = {
      ["HumanoidRootPart"] = CFrame.new(0.0000,0.0000,0.0000,1.0000,0.0000,0.0000,0.0000,1.0000,0.0000,0.0000,0.0000,1.0000),
      ["LowerTorso"] = CFrame.new(-0.0702,-0.3152,0.0891,-0.2709,0.3930,0.8787,0.2696,0.9073,-0.3226,-0.9241,0.1495,-0.3517),
      ["UpperTorso"] = CFrame.new(0.0000,0.0000,0.0000,0.9815,0.1243,-0.1460,-0.1293,0.9913,-0.0257,0.1415,0.0441,0.9890),
      ["LeftUpperArm"] = CFrame.new(-0.0145,0.0141,-0.0942,0.9410,0.2756,-0.1965,-0.1763,-0.0963,-0.9796,-0.2889,0.9564,-0.0420),
      ["LeftLowerArm"] = CFrame.new(-0.0005,0.0977,0.1215,1.0000,-0.0000,0.0000,0.0000,-0.2163,-0.9763,0.0000,0.9763,-0.2163),
      ["LeftHand"] = CFrame.new(0.0005,0.0000,0.0000,0.9978,-0.0570,0.0333,0.0608,0.9902,-0.1260,-0.0258,0.1278,0.9915),
      ["Head"] = CFrame.new(0.0000,0.0000,0.0000,0.8094,-0.1601,0.5650,0.0596,0.9796,0.1922,-0.5842,-0.1219,0.8024),
      ["RightUpperArm"] = CFrame.new(0.1927,-0.4435,-0.1245,-0.1157,-0.9779,-0.1740,0.8559,-0.0093,-0.5170,0.5039,-0.2088,0.8381),
      ["RightLowerArm"] = CFrame.new(0.0000,0.0286,0.0052,1.0000,-0.0000,0.0000,0.0000,0.9573,-0.2892,0.0000,0.2892,0.9573),
      ["RightHand"] = CFrame.new(-0.0005,0.0000,0.0000,0.9993,-0.0322,0.0197,0.0309,0.9975,0.0637,-0.0217,-0.0631,0.9978),
      ["RightUpperLeg"] = CFrame.new(0.0000,0.0000,0.0000,0.5201,0.0034,-0.8541,0.5703,0.7431,0.3502,0.6358,-0.6692,0.3845),
      ["RightLowerLeg"] = CFrame.new(0.0000,-0.0055,-0.0001,1.0000,-0.0000,0.0000,0.0000,1.0000,-0.0000,0.0000,0.0000,1.0000),
      ["RightFoot"] = CFrame.new(0.0000,-0.0055,-0.0001,0.8850,0.4525,0.1094,-0.4538,0.8910,-0.0147,-0.1041,-0.0366,0.9939),
      ["LeftUpperLeg"] = CFrame.new(0.0000,0.0000,-0.0001,0.8185,0.1040,-0.5650,-0.3407,0.8797,-0.3316,0.4626,0.4639,0.7555),
      ["LeftLowerLeg"] = CFrame.new(0.0000,0.1091,-0.0477,1.0000,-0.0000,0.0000,0.0000,0.5073,0.8617,-0.0000,-0.8617,0.5073),
      ["LeftFoot"] = CFrame.new(0.0000,0.0265,0.0000,0.9713,-0.2376,-0.0076,0.2291,0.9439,-0.2380,0.0637,0.2294,0.9712),
    }},
    {Time = 2.500, Data = {
      ["HumanoidRootPart"] = CFrame.new(0.0000,0.0000,0.0000,1.0000,0.0000,0.0000,0.0000,1.0000,0.0000,0.0000,0.0000,1.0000),
      ["LowerTorso"] = CFrame.new(-0.0664,-0.3039,0.0867,-0.2844,0.3795,0.8804,0.2679,0.9132,-0.3071,-0.9205,0.1485,-0.3614),
      ["UpperTorso"] = CFrame.new(0.0000,0.0000,0.0000,0.9896,0.0993,-0.1044,-0.1030,0.9942,-0.0304,0.1007,0.0409,0.9941),
      ["LeftUpperArm"] = CFrame.new(-0.0044,0.0066,-0.0818,0.9702,0.1820,-0.1599,-0.1709,0.0465,-0.9842,-0.1717,0.9822,0.0762),
      ["LeftLowerArm"] = CFrame.new(-0.0005,0.0981,0.1192,1.0000,-0.0000,0.0000,0.0000,-0.1928,-0.9812,0.0000,0.9812,-0.1928),
      ["LeftHand"] = CFrame.new(0.0005,0.0000,0.0000,0.9975,-0.0614,0.0359,0.0657,0.9887,-0.1350,-0.0272,0.1371,0.9902),
      ["Head"] = CFrame.new(0.0000,0.0000,0.0000,0.8135,-0.1624,0.5584,0.0259,0.9694,0.2442,-0.5809,-0.1842,0.7928),
      ["RightUpperArm"] = CFrame.new(0.2049,-0.4424,-0.1329,-0.2168,-0.9460,-0.2410,0.8956,-0.0945,-0.4347,0.3885,-0.3101,0.8677),
      ["RightLowerArm"] = CFrame.new(0.0000,0.0125,0.0016,1.0000,-0.0000,0.0000,0.0000,0.9920,-0.1259,0.0000,0.1259,0.9920),
      ["RightHand"] = CFrame.new(-0.0005,0.0000,0.0000,0.9992,-0.0336,0.0206,0.0330,0.9990,0.0301,-0.0216,-0.0294,0.9993),
      ["RightUpperLeg"] = CFrame.new(0.0000,0.0000,0.0000,0.5099,0.0094,-0.8602,0.5629,0.7524,0.3420,0.6504,-0.6586,0.3784),
      ["RightLowerLeg"] = CFrame.new(0.0000,-0.0105,-0.0001,1.0000,-0.0000,0.0000,0.0000,1.0000,-0.0000,0.0000,0.0000,1.0000),
      ["RightFoot"] = CFrame.new(0.0000,-0.0105,-0.0001,0.8860,0.4509,0.1076,-0.4520,0.8919,-0.0162,-0.1033,-0.0343,0.9941),
      ["LeftUpperLeg"] = CFrame.new(0.0000,0.0000,-0.0001,0.8146,0.0997,-0.5714,-0.3430,0.8772,-0.3360,0.4677,0.4697,0.7488),
      ["LeftLowerLeg"] = CFrame.new(0.0000,0.1072,-0.0454,1.0000,-0.0000,0.0000,0.0000,0.5316,0.8470,-0.0000,-0.8470,0.5316),
      ["LeftFoot"] = CFrame.new(0.0000,0.0259,0.0000,0.9711,-0.2386,-0.0085,0.2310,0.9476,-0.2206,0.0607,0.2122,0.9753),
    }},
    {Time = 2.533, Data = {
      ["HumanoidRootPart"] = CFrame.new(0.0000,0.0000,0.0000,1.0000,0.0000,0.0000,0.0000,1.0000,0.0000,0.0000,0.0000,1.0000),
      ["LowerTorso"] = CFrame.new(-0.0627,-0.2915,0.0801,-0.2937,0.3648,0.8836,0.2637,0.9194,-0.2919,-0.9188,0.1472,-0.3662),
      ["UpperTorso"] = CFrame.new(0.0000,0.0000,0.0000,0.9955,0.0721,-0.0615,-0.0743,0.9966,-0.0345,0.0588,0.0389,0.9975),
      ["LeftUpperArm"] = CFrame.new(0.0038,0.0015,-0.0673,0.9852,0.0683,-0.1573,-0.1658,0.1443,-0.9756,-0.0439,0.9872,0.1534),
      ["LeftLowerArm"] = CFrame.new(-0.0005,0.0989,0.1150,1.0000,-0.0000,0.0000,0.0000,-0.1512,-0.9885,0.0000,0.9885,-0.1512),
      ["LeftHand"] = CFrame.new(0.0005,0.0000,0.0000,0.9974,-0.0620,0.0362,0.0665,0.9880,-0.1393,-0.0271,0.1414,0.9896),
      ["Head"] = CFrame.new(0.0000,0.0000,0.0000,0.8229,-0.1648,0.5438,-0.0064,0.9543,0.2989,-0.5681,-0.2494,0.7842),
      ["RightUpperArm"] = CFrame.new(0.1168,-0.4258,-0.0840,-0.2414,-0.8250,-0.5110,0.8864,0.0269,-0.4622,0.3951,-0.5645,0.7248),
      ["RightLowerArm"] = CFrame.new(0.0000,0.0591,0.0199,1.0000,-0.0000,0.0000,0.0000,0.8045,-0.5939,0.0000,0.5939,0.8045),
      ["RightHand"] = CFrame.new(-0.0005,0.0000,0.0000,0.9996,-0.0244,0.0151,0.0230,0.9959,0.0877,-0.0172,-0.0873,0.9960),
      ["RightUpperLeg"] = CFrame.new(0.0000,0.0000,0.0000,0.5046,0.0136,-0.8633,0.5525,0.7633,0.3350,0.6635,-0.6459,0.3776),
      ["RightLowerLeg"] = CFrame.new(0.0000,-0.0142,-0.0001,1.0000,-0.0000,0.0000,0.0000,1.0000,-0.0000,0.0000,0.0000,1.0000),
      ["RightFoot"] = CFrame.new(0.0000,-0.0143,-0.0001,0.8884,0.4473,0.1035,-0.4479,0.8939,-0.0186,-0.1009,-0.0299,0.9945),
      ["LeftUpperLeg"] = CFrame.new(0.0000,0.0000,-0.0001,0.8131,0.1014,-0.5733,-0.3469,0.8752,-0.3373,0.4675,0.4731,0.7467),
      ["LeftLowerLeg"] = CFrame.new(0.0000,0.1048,-0.0427,1.0000,-0.0000,0.0000,0.0000,0.5594,0.8289,-0.0000,-0.8289,0.5594),
      ["LeftFoot"] = CFrame.new(0.0000,0.0251,0.0000,0.9705,-0.2411,-0.0107,0.2339,0.9508,-0.2032,0.0591,0.1947,0.9791),
    }},
    {Time = 2.567, Data = {
      ["HumanoidRootPart"] = CFrame.new(0.0000,0.0000,0.0000,1.0000,0.0000,0.0000,0.0000,1.0000,0.0000,0.0000,0.0000,1.0000),
      ["LowerTorso"] = CFrame.new(-0.0596,-0.2793,0.0706,-0.2855,0.3514,0.8916,0.2581,0.9242,-0.2815,-0.9230,0.1498,-0.3545),
      ["UpperTorso"] = CFrame.new(0.0000,0.0000,0.0000,0.9972,0.0590,-0.0451,-0.0607,0.9975,-0.0365,0.0429,0.0391,0.9983),
      ["LeftUpperArm"] = CFrame.new(0.0089,-0.0015,-0.0515,0.9830,-0.0536,-0.1756,-0.1613,0.2049,-0.9654,0.0878,0.9773,0.1928),
      ["LeftLowerArm"] = CFrame.new(-0.0005,0.0995,0.1096,1.0000,-0.0000,0.0000,0.0000,-0.0969,-0.9953,0.0000,0.9953,-0.0969),
      ["LeftHand"] = CFrame.new(0.0005,0.0000,0.0000,0.9976,-0.0600,0.0349,0.0643,0.9881,-0.1394,-0.0261,0.1413,0.9896),
      ["Head"] = CFrame.new(0.0000,0.0000,0.0000,0.8358,-0.1663,0.5232,-0.0359,0.9345,0.3542,-0.5478,-0.3148,0.7751),
      ["RightUpperArm"] = CFrame.new(0.0782,-0.4202,-0.0625,-0.2294,-0.8089,-0.5414,0.8489,0.1058,-0.5178,0.4761,-0.5784,0.6624),
      ["RightLowerArm"] = CFrame.new(0.0000,0.0722,0.0308,1.0000,-0.0000,0.0000,0.0000,0.6919,-0.7220,0.0000,0.7220,0.6919),
      ["RightHand"] = CFrame.new(-0.0005,0.0000,0.0000,0.9998,-0.0161,0.0102,0.0152,0.9969,0.0767,-0.0114,-0.0766,0.9970),
      ["RightUpperLeg"] = CFrame.new(0.0000,0.0000,0.0000,0.5176,0.0111,-0.8556,0.5344,0.7767,0.3334,0.6682,-0.6298,0.3960),
      ["RightLowerLeg"] = CFrame.new(0.0000,-0.0155,-0.0001,1.0000,-0.0000,0.0000,0.0000,1.0000,-0.0000,0.0000,0.0000,1.0000),
      ["RightFoot"] = CFrame.new(0.0000,-0.0155,-0.0001,0.8933,0.4394,0.0948,-0.4397,0.8979,-0.0195,-0.0937,-0.0243,0.9953),
      ["LeftUpperLeg"] = CFrame.new(0.0000,0.0000,-0.0001,0.8184,0.1175,-0.5624,-0.3537,0.8745,-0.3318,0.4529,0.4705,0.7573),
      ["LeftLowerLeg"] = CFrame.new(0.0000,0.1027,-0.0403,1.0000,-0.0000,0.0000,0.0000,0.5842,0.8116,-0.0000,-0.8116,0.5842),
      ["LeftFoot"] = CFrame.new(0.0000,0.0245,0.0000,0.9699,-0.2431,-0.0125,0.2362,0.9523,-0.1934,0.0589,0.1846,0.9810),
    }},
    {Time = 2.600, Data = {
      ["HumanoidRootPart"] = CFrame.new(0.0000,0.0000,0.0000,1.0000,0.0000,0.0000,0.0000,1.0000,0.0000,0.0000,0.0000,1.0000),
      ["LowerTorso"] = CFrame.new(-0.0575,-0.2690,0.0597,-0.2506,0.3407,0.9062,0.2523,0.9267,-0.2786,-0.9346,0.1588,-0.3182),
      ["UpperTorso"] = CFrame.new(0.0000,0.0000,0.0000,0.9946,0.0716,-0.0745,-0.0744,0.9966,-0.0359,0.0717,0.0413,0.9966),
      ["LeftUpperArm"] = CFrame.new(0.0104,-0.0028,-0.0359,0.9641,-0.1724,-0.2018,-0.1583,0.2368,-0.9586,0.2131,0.9561,0.2010),
      ["LeftLowerArm"] = CFrame.new(-0.0005,0.0999,0.1035,1.0000,-0.0000,0.0000,0.0000,-0.0362,-0.9993,0.0000,0.9993,-0.0362),
      ["LeftHand"] = CFrame.new(0.0005,0.0000,0.0000,0.9979,-0.0563,0.0327,0.0603,0.9887,-0.1372,-0.0246,0.1389,0.9900),
      ["Head"] = CFrame.new(0.0000,0.0000,0.0000,0.8503,-0.1663,0.4994,-0.0608,0.9114,0.4071,-0.5228,-0.3765,0.7648),
      ["RightUpperArm"] = CFrame.new(0.1584,-0.4400,-0.1086,-0.1764,-0.9356,-0.3060,0.8141,0.0361,-0.5796,0.5533,-0.3513,0.7553),
      ["RightLowerArm"] = CFrame.new(0.0000,0.0457,0.0120,1.0000,-0.0000,0.0000,0.0000,0.8876,-0.4605,0.0000,0.4605,0.8876),
      ["RightHand"] = CFrame.new(-0.0005,0.0000,0.0000,0.9994,-0.0292,0.0179,0.0275,0.9961,0.0841,-0.0203,-0.0836,0.9963),
      ["RightUpperLeg"] = CFrame.new(0.0000,0.0000,0.0000,0.5568,-0.0010,-0.8306,0.5063,0.7931,0.3385,0.6584,-0.6091,0.4421),
      ["RightLowerLeg"] = CFrame.new(0.0000,-0.0133,-0.0001,1.0000,-0.0000,0.0000,0.0000,1.0000,-0.0000,0.0000,0.0000,1.0000),
      ["RightFoot"] = CFrame.new(0.0000,-0.0134,-0.0001,0.9009,0.4265,0.0805,-0.4266,0.9043,-0.0169,-0.0800,-0.0191,0.9966),
      ["LeftUpperLeg"] = CFrame.new(0.0000,0.0000,-0.0001,0.8326,0.1524,-0.5325,-0.3642,0.8750,-0.3191,0.4173,0.4596,0.7840),
      ["LeftLowerLeg"] = CFrame.new(0.0000,0.1013,-0.0388,1.0000,-0.0000,0.0000,0.0000,0.5999,0.8001,-0.0000,-0.8001,0.5999),
      ["LeftFoot"] = CFrame.new(0.0000,0.0241,0.0000,0.9698,-0.2437,-0.0130,0.2364,0.9514,-0.1972,0.0604,0.1882,0.9803),
    }},
    {Time = 2.633, Data = {
      ["HumanoidRootPart"] = CFrame.new(0.0000,0.0000,0.0000,1.0000,0.0000,0.0000,0.0000,1.0000,0.0000,0.0000,0.0000,1.0000),
      ["LowerTorso"] = CFrame.new(-0.0566,-0.2619,0.0488,-0.2031,0.3295,0.9221,0.2461,0.9286,-0.2777,-0.9477,0.1705,-0.2697),
      ["UpperTorso"] = CFrame.new(0.0000,0.0000,0.0000,0.9877,0.0954,-0.1240,-0.1002,0.9944,-0.0331,0.1202,0.0451,0.9917),
      ["LeftUpperArm"] = CFrame.new(0.0085,-0.0032,-0.0214,0.9323,-0.2814,-0.2273,-0.1578,0.2491,-0.9555,0.3255,0.9267,0.1878),
      ["LeftLowerArm"] = CFrame.new(-0.0005,0.0999,0.0972,1.0000,-0.0000,0.0000,0.0000,0.0265,-0.9996,0.0000,0.9996,0.0265),
      ["LeftHand"] = CFrame.new(0.0005,0.0000,0.0000,0.9982,-0.0516,0.0299,0.0551,0.9893,-0.1348,-0.0226,0.1362,0.9904),
      ["Head"] = CFrame.new(0.0000,0.0000,0.0000,0.8647,-0.1650,0.4744,-0.0810,0.8864,0.4558,-0.4957,-0.4325,0.7531),
      ["RightUpperArm"] = CFrame.new(0.2357,-0.4559,-0.1475,-0.0623,-0.9959,0.0650,0.8058,-0.0886,-0.5856,0.5889,0.0159,0.8080),
      ["RightLowerArm"] = CFrame.new(0.0000,0.0000,-0.0000,1.0000,-0.0000,0.0000,0.0000,1.0000,-0.0000,0.0000,0.0000,1.0000),
      ["RightHand"] = CFrame.new(-0.0005,0.0000,0.0000,0.9992,-0.0342,0.0209,0.0342,0.9994,-0.0002,-0.0209,0.0010,0.9998),
      ["RightUpperLeg"] = CFrame.new(0.0000,0.0000,0.0000,0.6057,-0.0173,-0.7955,0.4741,0.8107,0.3434,0.6390,-0.5852,0.4993),
      ["RightLowerLeg"] = CFrame.new(0.0000,-0.0090,-0.0000,1.0000,-0.0000,0.0000,0.0000,1.0000,-0.0000,0.0000,0.0000,1.0000),
      ["RightFoot"] = CFrame.new(0.0000,-0.0090,-0.0001,0.9088,0.4121,0.0648,-0.4122,0.9110,-0.0123,-0.0641,-0.0155,0.9978),
      ["LeftUpperLeg"] = CFrame.new(0.0000,0.0000,-0.0001,0.8489,0.1938,-0.4917,-0.3769,0.8742,-0.3062,0.3705,0.4453,0.8151),
      ["LeftLowerLeg"] = CFrame.new(0.0000,0.1004,-0.0380,1.0000,-0.0000,0.0000,0.0000,0.6083,0.7937,-0.0000,-0.7937,0.6083),
      ["LeftFoot"] = CFrame.new(0.0000,0.0238,0.0000,0.9697,-0.2441,-0.0134,0.2360,0.9489,-0.2095,0.0638,0.2000,0.9777),
    }},
    {Time = 2.667, Data = {
      ["HumanoidRootPart"] = CFrame.new(0.0000,0.0000,0.0000,1.0000,0.0000,0.0000,0.0000,1.0000,0.0000,0.0000,0.0000,1.0000),
      ["LowerTorso"] = CFrame.new(-0.0575,-0.2593,0.0391,-0.1644,0.3154,0.9346,0.2396,0.9319,-0.2723,-0.9568,0.1792,-0.2288),
      ["UpperTorso"] = CFrame.new(0.0000,0.0000,0.0000,0.9809,0.1113,-0.1594,-0.1175,0.9926,-0.0302,0.1549,0.0483,0.9868),
      ["LeftUpperArm"] = CFrame.new(0.0041,-0.0035,-0.0086,0.8937,-0.3742,-0.2475,-0.1601,0.2494,-0.9551,0.4191,0.8932,0.1630),
      ["LeftLowerArm"] = CFrame.new(-0.0005,0.0996,0.0913,1.0000,-0.0000,0.0000,0.0000,0.0859,-0.9963,0.0000,0.9963,0.0859),
      ["LeftHand"] = CFrame.new(0.0005,0.0000,0.0000,0.9986,-0.0461,0.0267,0.0493,0.9898,-0.1338,-0.0202,0.1350,0.9906),
      ["Head"] = CFrame.new(0.0000,0.0000,0.0000,0.8777,-0.1628,0.4507,-0.0961,0.8616,0.4984,-0.4694,-0.4807,0.7406),
      ["RightUpperArm"] = CFrame.new(0.2050,-0.4478,-0.1306,0.1163,-0.9920,0.0488,0.8208,0.0683,-0.5672,0.5593,0.1060,0.8221),
      ["RightLowerArm"] = CFrame.new(0.0000,0.0300,0.0053,1.0000,-0.0000,0.0000,0.0000,0.9534,-0.3018,0.0000,0.3018,0.9534),
      ["RightHand"] = CFrame.new(-0.0005,0.0000,0.0000,0.9993,-0.0322,0.0197,0.0308,0.9972,0.0675,-0.0218,-0.0668,0.9975),
      ["RightUpperLeg"] = CFrame.new(0.0000,0.0000,0.0000,0.6425,-0.0307,-0.7657,0.4473,0.8263,0.3422,0.6222,-0.5624,0.5447),
      ["RightLowerLeg"] = CFrame.new(0.0000,-0.0040,-0.0000,1.0000,-0.0000,0.0000,0.0000,1.0000,-0.0000,0.0000,0.0000,1.0000),
      ["RightFoot"] = CFrame.new(0.0000,-0.0040,-0.0001,0.9143,0.4015,0.0534,-0.4016,0.9158,-0.0093,-0.0526,-0.0129,0.9985),
      ["LeftUpperLeg"] = CFrame.new(0.0000,0.0000,-0.0001,0.8606,0.2257,-0.4566,-0.3886,0.8704,-0.3022,0.3292,0.4375,0.8368),
      ["LeftLowerLeg"] = CFrame.new(0.0000,0.1001,-0.0377,1.0000,-0.0000,0.0000,0.0000,0.6117,0.7911,-0.0000,-0.7911,0.6117),
      ["LeftFoot"] = CFrame.new(0.0000,0.0238,0.0000,0.9693,-0.2456,-0.0148,0.2363,0.9459,-0.2221,0.0685,0.2118,0.9749),
    }},
    {Time = 2.700, Data = {
      ["HumanoidRootPart"] = CFrame.new(0.0000,0.0000,0.0000,1.0000,0.0000,0.0000,0.0000,1.0000,0.0000,0.0000,0.0000,1.0000),
      ["LowerTorso"] = CFrame.new(-0.0604,-0.2627,0.0321,-0.1300,0.2998,0.9451,0.2339,0.9356,-0.2646,-0.9635,0.1867,-0.1918),
      ["UpperTorso"] = CFrame.new(0.0000,0.0000,0.0000,0.9732,0.1265,-0.1923,-0.1339,0.9906,-0.0262,0.1871,0.0512,0.9810),
      ["LeftUpperArm"] = CFrame.new(-0.0018,-0.0044,0.0019,0.8568,-0.4441,-0.2620,-0.1652,0.2449,-0.9554,0.4885,0.8618,0.1365),
      ["LeftLowerArm"] = CFrame.new(-0.0005,0.0991,0.0863,1.0000,-0.0000,0.0000,0.0000,0.1357,-0.9908,0.0000,0.9908,0.1357),
      ["LeftHand"] = CFrame.new(0.0005,0.0000,0.0000,0.9989,-0.0404,0.0233,0.0432,0.9898,-0.1357,-0.0176,0.1365,0.9905),
      ["Head"] = CFrame.new(0.0000,0.0000,0.0000,0.8880,-0.1607,0.4309,-0.1064,0.8397,0.5326,-0.4474,-0.5187,0.7285),
      ["RightUpperArm"] = CFrame.new(0.1180,-0.4325,-0.0978,0.2844,-0.9576,-0.0461,0.8180,0.2675,-0.5092,0.5000,0.1072,0.8594),
      ["RightLowerArm"] = CFrame.new(0.0000,0.0664,0.0255,1.0000,-0.0000,0.0000,0.0000,0.7466,-0.6653,0.0000,0.6653,0.7466),
      ["RightHand"] = CFrame.new(-0.0005,0.0000,0.0000,0.9997,-0.0205,0.0128,0.0193,0.9963,0.0838,-0.0144,-0.0835,0.9964),
      ["RightUpperLeg"] = CFrame.new(0.0000,0.0000,0.0000,0.6719,-0.0517,-0.7389,0.4251,0.8438,0.3275,0.6065,-0.5342,0.5889),
      ["RightLowerLeg"] = CFrame.new(0.0000,0.0029,-0.0000,1.0000,-0.0000,0.0000,0.0000,0.9998,0.0212,-0.0000,-0.0212,0.9998),
      ["RightFoot"] = CFrame.new(0.0000,0.0008,-0.0001,0.9177,0.3946,0.0460,-0.3942,0.9189,-0.0167,-0.0489,-0.0028,0.9988),
      ["LeftUpperLeg"] = CFrame.new(0.0000,0.0000,-0.0001,0.8694,0.2509,-0.4257,-0.3994,0.8640,-0.3066,0.2909,0.4365,0.8514),
      ["LeftLowerLeg"] = CFrame.new(0.0000,0.1007,-0.0383,1.0000,-0.0000,0.0000,0.0000,0.6057,0.7957,-0.0000,-0.7957,0.6057),
      ["LeftFoot"] = CFrame.new(0.0000,0.0239,0.0000,0.9688,-0.2473,-0.0162,0.2364,0.9418,-0.2389,0.0744,0.2276,0.9709),
    }},
    {Time = 2.712, Data = {
      ["HumanoidRootPart"] = CFrame.new(0.0000,0.0000,0.0000,1.0000,0.0000,0.0000,0.0000,1.0000,0.0000,0.0000,0.0000,1.0000),
      ["LowerTorso"] = CFrame.new(-0.0619,-0.2655,0.0304,-0.1186,0.2938,0.9485,0.2322,0.9369,-0.2612,-0.9654,0.1892,-0.1793),
      ["UpperTorso"] = CFrame.new(0.0000,0.0000,0.0000,0.9700,0.1322,-0.2042,-0.1401,0.9898,-0.0244,0.1989,0.0523,0.9786),
      ["LeftUpperArm"] = CFrame.new(-0.0040,-0.0049,0.0052,0.8451,-0.4637,-0.2662,-0.1675,0.2433,-0.9554,0.5078,0.8519,0.1279),
      ["LeftLowerArm"] = CFrame.new(-0.0005,0.0988,0.0848,1.0000,-0.0000,0.0000,0.0000,0.1505,-0.9886,0.0000,0.9886,0.1505),
      ["LeftHand"] = CFrame.new(0.0005,0.0000,0.0000,0.9990,-0.0383,0.0220,0.0409,0.9897,-0.1370,-0.0166,0.1378,0.9903),
      ["Head"] = CFrame.new(0.0000,0.0000,0.0000,0.8909,-0.1602,0.4249,-0.1091,0.8327,0.5428,-0.4408,-0.5300,0.7244),
      ["RightUpperArm"] = CFrame.new(0.0877,-0.4282,-0.0888,0.3298,-0.9417,-0.0669,0.8111,0.3189,-0.4903,0.4830,0.1074,0.8690),
      ["RightLowerArm"] = CFrame.new(0.0000,0.0741,0.0328,1.0000,-0.0000,0.0000,0.0000,0.6716,-0.7409,0.0000,0.7409,0.6716),
      ["RightHand"] = CFrame.new(-0.0005,0.0000,0.0000,0.9999,-0.0142,0.0091,0.0135,0.9972,0.0734,-0.0101,-0.0733,0.9973),
      ["RightUpperLeg"] = CFrame.new(0.0000,0.0000,0.0000,0.6808,-0.0671,-0.7294,0.4184,0.8530,0.3120,0.6012,-0.5176,0.6088),
      ["RightLowerLeg"] = CFrame.new(0.0000,0.0067,-0.0001,1.0000,-0.0000,0.0000,0.0000,0.9988,0.0491,-0.0000,-0.0491,0.9988),
      ["RightFoot"] = CFrame.new(0.0000,0.0018,-0.0001,0.9185,0.3930,0.0443,-0.3921,0.9195,-0.0289,-0.0521,0.0091,0.9986),
      ["LeftUpperLeg"] = CFrame.new(0.0000,0.0000,-0.0001,0.8720,0.2585,-0.4157,-0.4031,0.8611,-0.3100,0.2778,0.4379,0.8550),
      ["LeftLowerLeg"] = CFrame.new(0.0000,0.1012,-0.0387,1.0000,-0.0000,0.0000,0.0000,0.6009,0.7993,-0.0000,-0.7993,0.6009),
      ["LeftFoot"] = CFrame.new(0.0000,0.0241,0.0000,0.9687,-0.2478,-0.0167,0.2362,0.9400,-0.2462,0.0767,0.2346,0.9691),
    }},
  }
}
